plot,field,year,date,score,flight_date,image_filename
4709,C10,2025,7/20/25,2.0,7/21/25,20250721_C10_04709.jpg
327,C7B,2025,7/4/25,7.5,7/4/25,20250704_C7B_00327.jpg
5797,C10,2025,7/19/25,3.0,7/18/25,20250718_C10_05797.jpg
5389,C10,2025,7/11/25,4.0,7/11/25,20250711_C10_05389.jpg
50,C7B,2025,7/18/25,5.0,7/18/25,20250718_C7B_00050.jpg
6859,C10,2025,7/18/25,5.5,7/18/25,20250718_C10_06859.jpg
4729,C10,2025,7/11/25,6.0,7/11/25,20250711_C10_04729.jpg
2844,C7B,2025,7/13/25,4.0,7/12/25,20250712_C7B_02844.jpg
5314,C10,2025,7/11/25,4.0,7/11/25,20250711_C10_05314.jpg
6046,C10,2025,7/11/25,5.0,7/11/25,20250711_C10_06046.jpg
5500,C10,2025,7/2/25,8.0,7/4/25,20250704_C10_05500.jpg
38,C7B,2025,7/4/25,7.0,7/4/25,20250704_C7B_00038.jpg
2754,C7B,2025,6/30/25,8.5,7/1/25,20250701_C7B_02754.jpg
2752,C7B,2025,7/8/25,8.0,7/7/25,20250707_C7B_02752.jpg
39,C7B,2025,7/4/25,8.0,7/4/25,20250704_C7B_00039.jpg
1206,C7B,2025,7/10/25,6.0,7/10/25,20250710_C7B_01206.jpg
2651,C7B,2025,6/30/25,8.0,7/1/25,20250701_C7B_02651.jpg
5820,C10,2025,7/19/25,4.5,7/18/25,20250718_C10_05820.jpg
5096,C10,2025,7/20/25,2.5,7/21/25,20250721_C10_05096.jpg
4983,C10,2025,7/20/25,1.5,7/21/25,20250721_C10_04983.jpg
1877,C7B,2025,7/10/25,4.5,7/10/25,20250710_C7B_01877.jpg
6677,C10,2025,6/30/25,8.5,6/28/25,20250628_C10_06677.jpg
1794,C7B,2025,7/7/25,5.0,7/7/25,20250707_C7B_01794.jpg
1641,C7B,2025,7/10/25,4.0,7/10/25,20250710_C7B_01641.jpg
848,C7B,2025,7/18/25,2.0,7/18/25,20250718_C7B_00848.jpg
1948,C7B,2025,7/7/25,5.0,7/7/25,20250707_C7B_01948.jpg
5721,C10,2025,7/11/25,4.0,7/11/25,20250711_C10_05721.jpg
5419,C10,2025,7/2/25,6.5,7/4/25,20250704_C10_05419.jpg
7437,G3,2023,7/26/23,7.0,7/27/23,20230727_G3_07437.jpg
4704,C10,2025,7/2/25,6.0,7/4/25,20250704_C10_04704.jpg
5844,C10,2025,7/8/25,7.5,7/7/25,20250707_C10_05844.jpg
4143,C10,2025,6/30/25,5.0,6/28/25,20250628_C10_04143.jpg
1095,C7B,2025,7/1/25,7.5,7/1/25,20250701_C7B_01095.jpg
238,C7B,2025,7/4/25,6.5,7/4/25,20250704_C7B_00238.jpg
740,C7B,2025,7/18/25,4.0,7/18/25,20250718_C7B_00740.jpg
5139,C10,2025,7/2/25,7.0,7/4/25,20250704_C10_05139.jpg
4063,C10,2025,7/11/25,7.0,7/11/25,20250711_C10_04063.jpg
1237,C7B,2025,7/10/25,5.0,7/10/25,20250710_C7B_01237.jpg
4286,C10,2025,7/19/25,4.0,7/18/25,20250718_C10_04286.jpg
4439,C10,2025,7/7/25,5.5,7/7/25,20250707_C10_04439.jpg
10343,I3B,2023,7/25/23,5.5,7/27/23,20230727_I3B_10343.jpg
5388,C10,2025,7/11/25,4.0,7/11/25,20250711_C10_05388.jpg
5933,C10,2025,7/11/25,6.5,7/11/25,20250711_C10_05933.jpg
11136,I3B,2023,7/12/23,7.0,7/13/23,20230713_I3B_11136.jpg
2849,C7B,2025,7/8/25,8.0,7/7/25,20250707_C7B_02849.jpg
4207,C10,2025,7/19/25,2.5,7/18/25,20250718_C10_04207.jpg
1415,C7B,2025,7/1/25,8.0,7/1/25,20250701_C7B_01415.jpg
431,C7B,2025,7/10/25,4.0,7/10/25,20250710_C7B_00431.jpg
3128,G3,2023,7/19/23,5.5,7/20/23,20230720_G3_03128.jpg
7243,G3,2023,7/19/23,7.0,7/20/23,20230720_G3_07243.jpg
5612,C10,2025,7/2/25,6.0,7/4/25,20250704_C10_05612.jpg
4761,C10,2025,7/20/25,2.0,7/21/25,20250721_C10_04761.jpg
4272,C10,2025,6/30/25,7.0,6/28/25,20250628_C10_04272.jpg
574,C7B,2025,6/30/25,6.5,7/1/25,20250701_C7B_00574.jpg
8080,G3,2023,7/20/23,8.0,7/20/23,20230720_G3_08080.jpg
1893,C7B,2025,7/10/25,5.5,7/10/25,20250710_C7B_01893.jpg
570,C7B,2025,7/10/25,8.0,7/10/25,20250710_C7B_00570.jpg
4104,C10,2025,7/11/25,6.0,7/11/25,20250711_C10_04104.jpg
10401,I3B,2023,7/25/23,3.5,7/27/23,20230727_I3B_10401.jpg
23,C7B,2025,7/4/25,7.0,7/4/25,20250704_C7B_00023.jpg
5303,C10,2025,7/2/25,6.5,7/4/25,20250704_C10_05303.jpg
835,C7B,2025,7/10/25,7.0,7/10/25,20250710_C7B_00835.jpg
26,C7B,2025,7/18/25,6.0,7/18/25,20250718_C7B_00026.jpg
5943,C10,2025,7/8/25,3.0,7/7/25,20250707_C10_05943.jpg
14,C7B,2025,7/18/25,5.0,7/18/25,20250718_C7B_00014.jpg
1078,C7B,2025,7/10/25,6.0,7/10/25,20250710_C7B_01078.jpg
6686,C10,2025,7/3/25,8.0,7/4/25,20250704_C10_06686.jpg
2736,C7B,2025,7/8/25,7.5,7/7/25,20250707_C7B_02736.jpg
5014,C10,2025,7/11/25,5.5,7/11/25,20250711_C10_05014.jpg
4424,C10,2025,6/30/25,8.0,6/28/25,20250628_C10_04424.jpg
4048,C10,2025,7/11/25,5.5,7/11/25,20250711_C10_04048.jpg
1921,C7B,2025,7/10/25,5.0,7/10/25,20250710_C7B_01921.jpg
5952,C10,2025,7/19/25,1.5,7/18/25,20250718_C10_05952.jpg
5354,C10,2025,7/2/25,4.0,7/4/25,20250704_C10_05354.jpg
4130,C10,2025,7/11/25,4.0,7/11/25,20250711_C10_04130.jpg
645,C7B,2025,7/10/25,6.0,7/10/25,20250710_C7B_00645.jpg
1537,C7B,2025,7/1/25,5.5,7/1/25,20250701_C7B_01537.jpg
317,C7B,2025,7/10/25,7.5,7/10/25,20250710_C7B_00317.jpg
1290,C7B,2025,7/1/25,7.5,7/1/25,20250701_C7B_01290.jpg
1475,C7B,2025,7/18/25,5.0,7/18/25,20250718_C7B_01475.jpg
1756,C7B,2025,7/1/25,5.0,7/1/25,20250701_C7B_01756.jpg
520,C7B,2025,7/10/25,7.0,7/10/25,20250710_C7B_00520.jpg
2650,C7B,2025,7/18/25,7.0,7/18/25,20250718_C7B_02650.jpg
6649,C10,2025,7/14/25,4.0,7/14/25,20250714_C10_06649.jpg
5724,C10,2025,7/8/25,3.5,7/7/25,20250707_C10_05724.jpg
1655,C7B,2025,7/10/25,6.0,7/10/25,20250710_C7B_01655.jpg
5881,C10,2025,7/11/25,7.0,7/11/25,20250711_C10_05881.jpg
5762,C10,2025,7/8/25,5.5,7/7/25,20250707_C10_05762.jpg
4044,C10,2025,7/11/25,7.0,7/11/25,20250711_C10_04044.jpg
92,C7B,2025,7/18/25,3.0,7/18/25,20250718_C7B_00092.jpg
5592,C10,2025,7/20/25,1.5,7/21/25,20250721_C10_05592.jpg
4219,C10,2025,6/30/25,7.0,6/28/25,20250628_C10_04219.jpg
4163,C10,2025,7/19/25,3.5,7/18/25,20250718_C10_04163.jpg
5887,C10,2025,7/19/25,3.5,7/18/25,20250718_C10_05887.jpg
6048,C10,2025,7/2/25,7.0,7/4/25,20250704_C10_06048.jpg
7292,G3,2023,7/20/23,7.0,7/20/23,20230720_G3_07292.jpg
4292,C10,2025,7/19/25,2.5,7/18/25,20250718_C10_04292.jpg
1805,C7B,2025,7/1/25,8.0,7/1/25,20250701_C7B_01805.jpg
2749,C7B,2025,6/30/25,8.0,7/1/25,20250701_C7B_02749.jpg
4538,C10,2025,7/11/25,3.5,7/11/25,20250711_C10_04538.jpg
1216,C7B,2025,7/18/25,3.0,7/18/25,20250718_C7B_01216.jpg
79,C7B,2025,7/10/25,5.0,7/10/25,20250710_C7B_00079.jpg
9602,I3B,2023,7/12/23,7.0,7/13/23,20230713_I3B_09602.jpg
4787,C10,2025,7/20/25,4.0,7/21/25,20250721_C10_04787.jpg
9649,I3B,2023,7/12/23,5.5,7/13/23,20230713_I3B_09649.jpg
1754,C7B,2025,7/19/25,4.0,7/18/25,20250718_C7B_01754.jpg
5434,C10,2025,7/11/25,4.0,7/11/25,20250711_C10_05434.jpg
4226,C10,2025,6/30/25,7.5,6/28/25,20250628_C10_04226.jpg
550,C7B,2025,7/10/25,4.5,7/10/25,20250710_C7B_00550.jpg
2700,C7B,2025,7/8/25,8.0,7/7/25,20250707_C7B_02700.jpg
5298,C10,2025,7/11/25,4.0,7/11/25,20250711_C10_05298.jpg
7331,G3,2023,7/26/23,5.0,7/27/23,20230727_G3_07331.jpg
413,C7B,2025,6/30/25,6.0,7/1/25,20250701_C7B_00413.jpg
909,C7B,2025,7/1/25,7.0,7/1/25,20250701_C7B_00909.jpg
5712,C10,2025,7/19/25,2.0,7/18/25,20250718_C10_05712.jpg
4289,C10,2025,6/30/25,5.0,6/28/25,20250628_C10_04289.jpg
1784,C7B,2025,7/7/25,6.5,7/7/25,20250707_C7B_01784.jpg
11259,I3B,2023,7/19/23,5.0,7/20/23,20230720_I3B_11259.jpg
5625,C10,2025,7/11/25,7.0,7/11/25,20250711_C10_05625.jpg
5307,C10,2025,7/11/25,7.0,7/11/25,20250711_C10_05307.jpg
1814,C7B,2025,7/10/25,5.0,7/10/25,20250710_C7B_01814.jpg
5490,C10,2025,7/2/25,7.5,7/4/25,20250704_C10_05490.jpg
10886,I3B,2023,7/19/23,6.5,7/20/23,20230720_I3B_10886.jpg
968,C7B,2025,7/1/25,8.0,7/1/25,20250701_C7B_00968.jpg
7333,G3,2023,7/26/23,8.0,7/27/23,20230727_G3_07333.jpg
2765,C7B,2025,6/30/25,8.0,7/1/25,20250701_C7B_02765.jpg
6664,C10,2025,7/3/25,8.0,7/4/25,20250704_C10_06664.jpg
4528,C10,2025,7/2/25,4.0,7/4/25,20250704_C10_04528.jpg
11129,I3B,2023,7/12/23,6.0,7/13/23,20230713_I3B_11129.jpg
10026,I3B,2023,7/12/23,5.5,7/13/23,20230713_I3B_10026.jpg
1414,C7B,2025,7/10/25,5.0,7/10/25,20250710_C7B_01414.jpg
6704,C10,2025,7/14/25,6.5,7/14/25,20250714_C10_06704.jpg
10884,I3B,2023,7/19/23,5.0,7/20/23,20230720_I3B_10884.jpg
167,C7B,2025,6/30/25,7.0,7/1/25,20250701_C7B_00167.jpg
4299,C10,2025,7/19/25,2.0,7/18/25,20250718_C10_04299.jpg
10317,I3B,2023,7/25/23,4.0,7/27/23,20230727_I3B_10317.jpg
808,C7B,2025,7/18/25,4.0,7/18/25,20250718_C7B_00808.jpg
9974,I3B,2023,7/12/23,5.5,7/13/23,20230713_I3B_09974.jpg
11012,I3B,2023,7/19/23,7.5,7/20/23,20230720_I3B_11012.jpg
7342,G3,2023,7/26/23,7.5,7/27/23,20230727_G3_07342.jpg
4855,C10,2025,7/2/25,7.0,7/4/25,20250704_C10_04855.jpg
746,C7B,2025,7/18/25,2.0,7/18/25,20250718_C7B_00746.jpg
5330,C10,2025,7/11/25,6.5,7/11/25,20250711_C10_05330.jpg
4101,C10,2025,7/7/25,8.0,7/7/25,20250707_C10_04101.jpg
1468,C7B,2025,7/1/25,5.0,7/1/25,20250701_C7B_01468.jpg
994,C7B,2025,7/10/25,6.5,7/10/25,20250710_C7B_00994.jpg
5105,C10,2025,7/20/25,2.0,7/21/25,20250721_C10_05105.jpg
5893,C10,2025,7/8/25,5.0,7/7/25,20250707_C10_05893.jpg
4410,C10,2025,6/30/25,5.0,6/28/25,20250628_C10_04410.jpg
11109,I3B,2023,7/12/23,7.5,7/13/23,20230713_I3B_11109.jpg
4416,C10,2025,7/7/25,5.0,7/7/25,20250707_C10_04416.jpg
5819,C10,2025,7/19/25,6.0,7/18/25,20250718_C10_05819.jpg
4581,C10,2025,7/20/25,1.5,7/21/25,20250721_C10_04581.jpg
4239,C10,2025,7/19/25,5.0,7/18/25,20250718_C10_04239.jpg
4927,C10,2025,7/11/25,5.5,7/11/25,20250711_C10_04927.jpg
171,C7B,2025,7/18/25,4.5,7/18/25,20250718_C7B_00171.jpg
7410,G3,2023,7/26/23,7.0,7/27/23,20230727_G3_07410.jpg
4026,C10,2025,7/7/25,6.5,7/7/25,20250707_C10_04026.jpg
5173,C10,2025,7/2/25,4.5,7/4/25,20250704_C10_05173.jpg
3168,G3,2023,7/26/23,6.0,7/27/23,20230727_G3_03168.jpg
6000,C10,2025,7/19/25,4.0,7/18/25,20250718_C10_06000.jpg
1286,C7B,2025,7/18/25,2.0,7/18/25,20250718_C7B_01286.jpg
4103,C10,2025,6/30/25,7.0,6/28/25,20250628_C10_04103.jpg
5830,C10,2025,7/8/25,7.5,7/7/25,20250707_C10_05830.jpg
4094,C10,2025,7/19/25,5.0,7/18/25,20250718_C10_04094.jpg
6828,C10,2025,7/14/25,6.5,7/14/25,20250714_C10_06828.jpg
4532,C10,2025,7/20/25,4.0,7/21/25,20250721_C10_04532.jpg
4897,C10,2025,7/11/25,6.0,7/11/25,20250711_C10_04897.jpg
330,C7B,2025,7/10/25,6.0,7/10/25,20250710_C7B_00330.jpg
4376,C10,2025,7/19/25,2.0,7/18/25,20250718_C10_04376.jpg
130,C7B,2025,7/4/25,7.5,7/4/25,20250704_C7B_00130.jpg
521,C7B,2025,7/10/25,6.0,7/10/25,20250710_C7B_00521.jpg
4178,C10,2025,7/7/25,7.0,7/7/25,20250707_C10_04178.jpg
5392,C10,2025,7/11/25,4.0,7/11/25,20250711_C10_05392.jpg
9887,I3B,2023,7/12/23,4.0,7/13/23,20230713_I3B_09887.jpg
4920,C10,2025,7/11/25,5.5,7/11/25,20250711_C10_04920.jpg
5840,C10,2025,7/11/25,4.0,7/11/25,20250711_C10_05840.jpg
5947,C10,2025,7/8/25,6.0,7/7/25,20250707_C10_05947.jpg
5807,C10,2025,7/11/25,6.0,7/11/25,20250711_C10_05807.jpg
2665,C7B,2025,7/13/25,4.5,7/12/25,20250712_C7B_02665.jpg
469,C7B,2025,7/18/25,5.0,7/18/25,20250718_C7B_00469.jpg
1870,C7B,2025,7/19/25,3.0,7/18/25,20250718_C7B_01870.jpg
959,C7B,2025,7/1/25,6.0,7/1/25,20250701_C7B_00959.jpg
5823,C10,2025,7/19/25,3.0,7/18/25,20250718_C10_05823.jpg
11001,I3B,2023,7/19/23,5.0,7/20/23,20230720_I3B_11001.jpg
6845,C10,2025,7/3/25,7.5,7/4/25,20250704_C10_06845.jpg
1209,C7B,2025,7/18/25,2.0,7/18/25,20250718_C7B_01209.jpg
1333,C7B,2025,7/1/25,5.0,7/1/25,20250701_C7B_01333.jpg
1492,C7B,2025,7/18/25,2.0,7/18/25,20250718_C7B_01492.jpg
5925,C10,2025,7/1/25,5.0,6/28/25,20250628_C10_05925.jpg
2850,C7B,2025,7/18/25,6.0,7/18/25,20250718_C7B_02850.jpg
1575,C7B,2025,7/1/25,6.0,7/1/25,20250701_C7B_01575.jpg
3185,G3,2023,7/19/23,4.0,7/20/23,20230720_G3_03185.jpg
4890,C10,2025,7/11/25,6.0,7/11/25,20250711_C10_04890.jpg
6025,C10,2025,7/19/25,3.0,7/18/25,20250718_C10_06025.jpg
1286,C7B,2025,7/1/25,6.0,7/1/25,20250701_C7B_01286.jpg
139,C7B,2025,7/10/25,8.0,7/10/25,20250710_C7B_00139.jpg
4439,C10,2025,6/30/25,7.0,6/28/25,20250628_C10_04439.jpg
1297,C7B,2025,7/1/25,5.5,7/1/25,20250701_C7B_01297.jpg
1895,C7B,2025,7/7/25,5.0,7/7/25,20250707_C7B_01895.jpg
2788,C7B,2025,7/18/25,7.5,7/18/25,20250718_C7B_02788.jpg
751,C7B,2025,7/10/25,7.5,7/10/25,20250710_C7B_00751.jpg
4661,C10,2025,7/2/25,6.0,7/4/25,20250704_C10_04661.jpg
10421,I3B,2023,7/25/23,4.0,7/27/23,20230727_I3B_10421.jpg
7456,G3,2023,7/20/23,7.5,7/20/23,20230720_G3_07456.jpg
5598,C10,2025,7/11/25,7.0,7/11/25,20250711_C10_05598.jpg
9909,I3B,2023,7/12/23,5.0,7/13/23,20230713_I3B_09909.jpg
4874,C10,2025,7/20/25,2.0,7/21/25,20250721_C10_04874.jpg
4731,C10,2025,7/20/25,3.0,7/21/25,20250721_C10_04731.jpg
5979,C10,2025,7/8/25,7.5,7/7/25,20250707_C10_05979.jpg
1114,C7B,2025,7/18/25,5.0,7/18/25,20250718_C7B_01114.jpg
6632,C10,2025,6/30/25,8.0,6/28/25,20250628_C10_06632.jpg
5910,C10,2025,7/11/25,8.0,7/11/25,20250711_C10_05910.jpg
10417,I3B,2023,7/25/23,3.0,7/27/23,20230727_I3B_10417.jpg
4435,C10,2025,7/7/25,7.0,7/7/25,20250707_C10_04435.jpg
1606,C7B,2025,7/18/25,4.0,7/18/25,20250718_C7B_01606.jpg
5221,C10,2025,7/2/25,5.0,7/4/25,20250704_C10_05221.jpg
308,C7B,2025,7/10/25,4.0,7/10/25,20250710_C7B_00308.jpg
937,C7B,2025,7/1/25,6.5,7/1/25,20250701_C7B_00937.jpg
2850,C7B,2025,7/8/25,7.5,7/7/25,20250707_C7B_02850.jpg
4287,C10,2025,7/11/25,4.5,7/11/25,20250711_C10_04287.jpg
6043,C10,2025,7/19/25,1.0,7/18/25,20250718_C10_06043.jpg
5173,C10,2025,7/11/25,3.5,7/11/25,20250711_C10_05173.jpg
4005,C10,2025,6/30/25,6.0,6/28/25,20250628_C10_04005.jpg
9593,I3B,2023,7/12/23,7.0,7/13/23,20230713_I3B_09593.jpg
4500,C10,2025,7/11/25,4.0,7/11/25,20250711_C10_04500.jpg
7460,G3,2023,7/20/23,8.0,7/20/23,20230720_G3_07460.jpg
817,C7B,2025,7/18/25,3.0,7/18/25,20250718_C7B_00817.jpg
1574,C7B,2025,7/1/25,7.0,7/1/25,20250701_C7B_01574.jpg
853,C7B,2025,7/1/25,7.5,7/1/25,20250701_C7B_00853.jpg
10239,I3B,2023,7/25/23,4.0,7/27/23,20230727_I3B_10239.jpg
715,C7B,2025,7/18/25,4.5,7/18/25,20250718_C7B_00715.jpg
5920,C10,2025,7/1/25,7.0,6/28/25,20250628_C10_05920.jpg
10999,I3B,2023,7/19/23,6.0,7/20/23,20230720_I3B_10999.jpg
5474,C10,2025,7/20/25,2.0,7/21/25,20250721_C10_05474.jpg
4994,C10,2025,7/11/25,4.0,7/11/25,20250711_C10_04994.jpg
1610,C7B,2025,7/1/25,6.0,7/1/25,20250701_C7B_01610.jpg
2723,C7B,2025,7/13/25,8.0,7/12/25,20250712_C7B_02723.jpg
1699,C7B,2025,7/19/25,3.0,7/18/25,20250718_C7B_01699.jpg
2831,C7B,2025,7/13/25,6.5,7/12/25,20250712_C7B_02831.jpg
877,C7B,2025,7/18/25,3.0,7/18/25,20250718_C7B_00877.jpg
5429,C10,2025,7/11/25,5.5,7/11/25,20250711_C10_05429.jpg
9677,I3B,2023,7/12/23,5.0,7/13/23,20230713_I3B_09677.jpg
1952,C7B,2025,7/7/25,5.5,7/7/25,20250707_C7B_01952.jpg
6780,C10,2025,6/30/25,8.0,6/28/25,20250628_C10_06780.jpg
5832,C10,2025,7/11/25,7.5,7/11/25,20250711_C10_05832.jpg
1787,C7B,2025,7/1/25,6.0,7/1/25,20250701_C7B_01787.jpg
1905,C7B,2025,7/10/25,5.0,7/10/25,20250710_C7B_01905.jpg
927,C7B,2025,7/1/25,7.5,7/1/25,20250701_C7B_00927.jpg
8126,G3,2023,7/20/23,7.5,7/20/23,20230720_G3_08126.jpg
5049,C10,2025,7/20/25,1.5,7/21/25,20250721_C10_05049.jpg
7473,G3,2023,7/26/23,4.0,7/27/23,20230727_G3_07473.jpg
254,C7B,2025,7/18/25,4.0,7/18/25,20250718_C7B_00254.jpg
1543,C7B,2025,7/10/25,4.5,7/10/25,20250710_C7B_01543.jpg
6823,C10,2025,7/14/25,7.5,7/14/25,20250714_C10_06823.jpg
5425,C10,2025,7/11/25,3.5,7/11/25,20250711_C10_05425.jpg
5855,C10,2025,7/19/25,5.0,7/18/25,20250718_C10_05855.jpg
1857,C7B,2025,7/1/25,8.0,7/1/25,20250701_C7B_01857.jpg
2013,C7B,2025,7/1/25,8.0,7/1/25,20250701_C7B_02013.jpg
8048,G3,2023,7/19/23,7.5,7/20/23,20230720_G3_08048.jpg
4280,C10,2025,7/7/25,7.0,7/7/25,20250707_C10_04280.jpg
5160,C10,2025,7/11/25,4.0,7/11/25,20250711_C10_05160.jpg
2682,C7B,2025,6/30/25,7.5,7/1/25,20250701_C7B_02682.jpg
5347,C10,2025,7/2/25,7.5,7/4/25,20250704_C10_05347.jpg
7349,G3,2023,7/26/23,6.0,7/27/23,20230727_G3_07349.jpg
756,C7B,2025,6/30/25,7.0,7/1/25,20250701_C7B_00756.jpg
4816,C10,2025,7/2/25,6.0,7/4/25,20250704_C10_04816.jpg
386,C7B,2025,7/10/25,7.0,7/10/25,20250710_C7B_00386.jpg
5438,C10,2025,7/11/25,4.0,7/11/25,20250711_C10_05438.jpg
8167,G3,2023,7/26/23,8.0,7/27/23,20230727_G3_08167.jpg
4935,C10,2025,7/20/25,4.0,7/21/25,20250721_C10_04935.jpg
515,C7B,2025,7/18/25,2.0,7/18/25,20250718_C7B_00515.jpg
6037,C10,2025,7/19/25,1.5,7/18/25,20250718_C10_06037.jpg
4959,C10,2025,7/2/25,6.0,7/4/25,20250704_C10_04959.jpg
5543,C10,2025,7/11/25,5.5,7/11/25,20250711_C10_05543.jpg
5538,C10,2025,7/2/25,5.0,7/4/25,20250704_C10_05538.jpg
1410,C7B,2025,7/18/25,2.5,7/18/25,20250718_C7B_01410.jpg
9971,I3B,2023,7/12/23,5.5,7/13/23,20230713_I3B_09971.jpg
1674,C7B,2025,7/10/25,4.0,7/10/25,20250710_C7B_01674.jpg
882,C7B,2025,7/1/25,6.0,7/1/25,20250701_C7B_00882.jpg
5165,C10,2025,7/11/25,5.0,7/11/25,20250711_C10_05165.jpg
722,C7B,2025,7/10/25,6.5,7/10/25,20250710_C7B_00722.jpg
2670,C7B,2025,7/18/25,8.0,7/18/25,20250718_C7B_02670.jpg
104,C7B,2025,6/30/25,7.5,7/1/25,20250701_C7B_00104.jpg
5759,C10,2025,7/19/25,4.0,7/18/25,20250718_C10_05759.jpg
5122,C10,2025,7/20/25,1.5,7/21/25,20250721_C10_05122.jpg
769,C7B,2025,7/18/25,3.5,7/18/25,20250718_C7B_00769.jpg
7207,G3,2023,7/26/23,6.0,7/27/23,20230727_G3_07207.jpg
1469,C7B,2025,7/18/25,3.0,7/18/25,20250718_C7B_01469.jpg
5661,C10,2025,7/19/25,2.5,7/18/25,20250718_C10_05661.jpg
4078,C10,2025,7/11/25,4.0,7/11/25,20250711_C10_04078.jpg
1743,C7B,2025,7/7/25,6.0,7/7/25,20250707_C7B_01743.jpg
3210,G3,2023,7/19/23,7.5,7/20/23,20230720_G3_03210.jpg
3107,G3,2023,7/26/23,8.0,7/27/23,20230727_G3_03107.jpg
7358,G3,2023,7/26/23,4.0,7/27/23,20230727_G3_07358.jpg
757,C7B,2025,7/18/25,2.0,7/18/25,20250718_C7B_00757.jpg
4010,C10,2025,7/7/25,7.0,7/7/25,20250707_C10_04010.jpg
5890,C10,2025,7/8/25,7.5,7/7/25,20250707_C10_05890.jpg
8042,G3,2023,7/26/23,5.0,7/27/23,20230727_G3_08042.jpg
4982,C10,2025,7/2/25,8.0,7/4/25,20250704_C10_04982.jpg
10324,I3B,2023,7/25/23,5.0,7/27/23,20230727_I3B_10324.jpg
5004,C10,2025,7/11/25,4.0,7/11/25,20250711_C10_05004.jpg
5496,C10,2025,7/11/25,7.0,7/11/25,20250711_C10_05496.jpg
1207,C7B,2025,7/1/25,6.5,7/1/25,20250701_C7B_01207.jpg
206,C7B,2025,7/18/25,3.5,7/18/25,20250718_C7B_00206.jpg
925,C7B,2025,7/1/25,6.0,7/1/25,20250701_C7B_00925.jpg
8096,G3,2023,7/20/23,5.0,7/20/23,20230720_G3_08096.jpg
10966,I3B,2023,7/19/23,6.0,7/20/23,20230720_I3B_10966.jpg
5210,C10,2025,7/11/25,4.0,7/11/25,20250711_C10_05210.jpg
6670,C10,2025,7/14/25,7.0,7/14/25,20250714_C10_06670.jpg
6828,C10,2025,6/30/25,8.0,6/28/25,20250628_C10_06828.jpg
7411,G3,2023,7/20/23,7.5,7/20/23,20230720_G3_07411.jpg
5394,C10,2025,7/20/25,2.5,7/21/25,20250721_C10_05394.jpg
312,C7B,2025,6/30/25,7.0,7/1/25,20250701_C7B_00312.jpg
10395,I3B,2023,7/25/23,5.0,7/27/23,20230727_I3B_10395.jpg
4065,C10,2025,6/30/25,7.5,6/28/25,20250628_C10_04065.jpg
1144,C7B,2025,7/1/25,7.5,7/1/25,20250701_C7B_01144.jpg
863,C7B,2025,7/1/25,6.5,7/1/25,20250701_C7B_00863.jpg
819,C7B,2025,7/10/25,7.0,7/10/25,20250710_C7B_00819.jpg
5240,C10,2025,7/2/25,7.5,7/4/25,20250704_C10_05240.jpg
1330,C7B,2025,7/18/25,2.0,7/18/25,20250718_C7B_01330.jpg
4788,C10,2025,7/2/25,7.0,7/4/25,20250704_C10_04788.jpg
3169,G3,2023,7/26/23,7.0,7/27/23,20230727_G3_03169.jpg
8046,G3,2023,7/19/23,7.5,7/20/23,20230720_G3_08046.jpg
4112,C10,2025,7/7/25,6.0,7/7/25,20250707_C10_04112.jpg
5667,C10,2025,7/8/25,5.5,7/7/25,20250707_C10_05667.jpg
476,C7B,2025,6/30/25,7.5,7/1/25,20250701_C7B_00476.jpg
221,C7B,2025,7/10/25,7.5,7/10/25,20250710_C7B_00221.jpg
6049,C10,2025,7/11/25,5.0,7/11/25,20250711_C10_06049.jpg
776,C7B,2025,7/18/25,4.0,7/18/25,20250718_C7B_00776.jpg
2809,C7B,2025,7/18/25,5.0,7/18/25,20250718_C7B_02809.jpg
5111,C10,2025,7/11/25,5.0,7/11/25,20250711_C10_05111.jpg
935,C7B,2025,7/10/25,8.0,7/10/25,20250710_C7B_00935.jpg
7227,G3,2023,7/26/23,2.0,7/27/23,20230727_G3_07227.jpg
1884,C7B,2025,7/10/25,3.5,7/10/25,20250710_C7B_01884.jpg
1079,C7B,2025,7/18/25,2.5,7/18/25,20250718_C7B_01079.jpg
6642,C10,2025,7/3/25,7.5,7/4/25,20250704_C10_06642.jpg
5430,C10,2025,7/20/25,1.5,7/21/25,20250721_C10_05430.jpg
4046,C10,2025,7/7/25,6.0,7/7/25,20250707_C10_04046.jpg
6790,C10,2025,7/8/25,8.5,7/7/25,20250707_C10_06790.jpg
377,C7B,2025,7/4/25,5.0,7/4/25,20250704_C7B_00377.jpg
5522,C10,2025,7/11/25,4.0,7/11/25,20250711_C10_05522.jpg
1773,C7B,2025,7/1/25,7.5,7/1/25,20250701_C7B_01773.jpg
3075,G3,2023,7/19/23,8.5,7/20/23,20230720_G3_03075.jpg
649,C7B,2025,7/18/25,5.0,7/18/25,20250718_C7B_00649.jpg
5254,C10,2025,7/11/25,5.0,7/11/25,20250711_C10_05254.jpg
5507,C10,2025,7/11/25,7.0,7/11/25,20250711_C10_05507.jpg
4450,C10,2025,7/7/25,7.0,7/7/25,20250707_C10_04450.jpg
196,C7B,2025,7/10/25,7.5,7/10/25,20250710_C7B_00196.jpg
6728,C10,2025,7/14/25,7.5,7/14/25,20250714_C10_06728.jpg
4831,C10,2025,7/2/25,5.0,7/4/25,20250704_C10_04831.jpg
771,C7B,2025,7/18/25,4.0,7/18/25,20250718_C7B_00771.jpg
1976,C7B,2025,7/1/25,4.5,7/1/25,20250701_C7B_01976.jpg
6816,C10,2025,7/18/25,6.0,7/18/25,20250718_C10_06816.jpg
6685,C10,2025,6/30/25,8.0,6/28/25,20250628_C10_06685.jpg
6642,C10,2025,6/30/25,8.0,6/28/25,20250628_C10_06642.jpg
1551,C7B,2025,7/1/25,7.5,7/1/25,20250701_C7B_01551.jpg
1958,C7B,2025,7/10/25,7.5,7/10/25,20250710_C7B_01958.jpg
4552,C10,2025,7/2/25,6.5,7/4/25,20250704_C10_04552.jpg
8154,G3,2023,7/26/23,8.0,7/27/23,20230727_G3_08154.jpg
4429,C10,2025,7/11/25,4.0,7/11/25,20250711_C10_04429.jpg
4344,C10,2025,7/7/25,4.0,7/7/25,20250707_C10_04344.jpg
6780,C10,2025,7/18/25,6.0,7/18/25,20250718_C10_06780.jpg
11016,I3B,2023,7/19/23,6.0,7/20/23,20230720_I3B_11016.jpg
2779,C7B,2025,7/13/25,8.0,7/12/25,20250712_C7B_02779.jpg
42,C7B,2025,7/4/25,6.0,7/4/25,20250704_C7B_00042.jpg
5759,C10,2025,7/11/25,7.0,7/11/25,20250711_C10_05759.jpg
5597,C10,2025,7/2/25,5.0,7/4/25,20250704_C10_05597.jpg
906,C7B,2025,7/1/25,7.0,7/1/25,20250701_C7B_00906.jpg
3164,G3,2023,7/19/23,7.0,7/20/23,20230720_G3_03164.jpg
10950,I3B,2023,7/19/23,5.5,7/20/23,20230720_I3B_10950.jpg
1540,C7B,2025,7/1/25,7.5,7/1/25,20250701_C7B_01540.jpg
4632,C10,2025,7/2/25,7.5,7/4/25,20250704_C10_04632.jpg
6045,C10,2025,7/11/25,5.0,7/11/25,20250711_C10_06045.jpg
6814,C10,2025,7/3/25,8.0,7/4/25,20250704_C10_06814.jpg
7217,G3,2023,7/26/23,4.0,7/27/23,20230727_G3_07217.jpg
1398,C7B,2025,7/1/25,7.0,7/1/25,20250701_C7B_01398.jpg
1473,C7B,2025,7/18/25,2.5,7/18/25,20250718_C7B_01473.jpg
8046,G3,2023,7/26/23,7.5,7/27/23,20230727_G3_08046.jpg
1951,C7B,2025,7/10/25,6.0,7/10/25,20250710_C7B_01951.jpg
5187,C10,2025,7/20/25,2.0,7/21/25,20250721_C10_05187.jpg
6740,C10,2025,7/8/25,7.5,7/7/25,20250707_C10_06740.jpg
488,C7B,2025,7/10/25,5.5,7/10/25,20250710_C7B_00488.jpg
4327,C10,2025,7/19/25,2.0,7/18/25,20250718_C10_04327.jpg
4961,C10,2025,7/20/25,4.0,7/21/25,20250721_C10_04961.jpg
5001,C10,2025,7/20/25,3.0,7/21/25,20250721_C10_05001.jpg
9893,I3B,2023,7/12/23,5.5,7/13/23,20230713_I3B_09893.jpg
313,C7B,2025,7/18/25,1.5,7/18/25,20250718_C7B_00313.jpg
5611,C10,2025,7/2/25,4.0,7/4/25,20250704_C10_05611.jpg
1916,C7B,2025,7/1/25,7.5,7/1/25,20250701_C7B_01916.jpg
5366,C10,2025,7/2/25,7.0,7/4/25,20250704_C10_05366.jpg
5229,C10,2025,7/11/25,4.0,7/11/25,20250711_C10_05229.jpg
5135,C10,2025,7/11/25,3.5,7/11/25,20250711_C10_05135.jpg
349,C7B,2025,7/10/25,5.5,7/10/25,20250710_C7B_00349.jpg
6755,C10,2025,7/3/25,7.0,7/4/25,20250704_C10_06755.jpg
2748,C7B,2025,7/8/25,8.0,7/7/25,20250707_C7B_02748.jpg
5058,C10,2025,7/11/25,5.0,7/11/25,20250711_C10_05058.jpg
1882,C7B,2025,7/19/25,5.0,7/18/25,20250718_C7B_01882.jpg
59,C7B,2025,7/18/25,4.0,7/18/25,20250718_C7B_00059.jpg
768,C7B,2025,7/18/25,2.5,7/18/25,20250718_C7B_00768.jpg
28,C7B,2025,7/4/25,7.5,7/4/25,20250704_C7B_00028.jpg
5097,C10,2025,7/2/25,7.5,7/4/25,20250704_C10_05097.jpg
10276,I3B,2023,7/25/23,3.0,7/27/23,20230727_I3B_10276.jpg
785,C7B,2025,7/18/25,2.0,7/18/25,20250718_C7B_00785.jpg
4902,C10,2025,7/20/25,2.0,7/21/25,20250721_C10_04902.jpg
1123,C7B,2025,7/10/25,4.0,7/10/25,20250710_C7B_01123.jpg
7430,G3,2023,7/26/23,8.0,7/27/23,20230727_G3_07430.jpg
5734,C10,2025,7/19/25,4.0,7/18/25,20250718_C10_05734.jpg
818,C7B,2025,7/1/25,6.5,7/1/25,20250701_C7B_00818.jpg
1501,C7B,2025,7/18/25,5.0,7/18/25,20250718_C7B_01501.jpg
2644,C7B,2025,7/13/25,7.0,7/12/25,20250712_C7B_02644.jpg
62,C7B,2025,7/11/25,7.5,7/10/25,20250710_C7B_00062.jpg
1619,C7B,2025,7/10/25,5.0,7/10/25,20250710_C7B_01619.jpg
7510,G3,2023,7/20/23,7.5,7/20/23,20230720_G3_07510.jpg
5006,C10,2025,7/20/25,2.0,7/21/25,20250721_C10_05006.jpg
11008,I3B,2023,7/19/23,6.0,7/20/23,20230720_I3B_11008.jpg
530,C7B,2025,6/30/25,6.0,7/1/25,20250701_C7B_00530.jpg
5986,C10,2025,7/8/25,4.0,7/7/25,20250707_C10_05986.jpg
1931,C7B,2025,7/1/25,7.5,7/1/25,20250701_C7B_01931.jpg
2016,C7B,2025,7/1/25,7.0,7/1/25,20250701_C7B_02016.jpg
4608,C10,2025,7/11/25,5.0,7/11/25,20250711_C10_04608.jpg
10928,I3B,2023,7/19/23,5.5,7/20/23,20230720_I3B_10928.jpg
1605,C7B,2025,7/18/25,3.0,7/18/25,20250718_C7B_01605.jpg
5872,C10,2025,7/8/25,6.5,7/7/25,20250707_C10_05872.jpg
10964,I3B,2023,7/19/23,7.0,7/20/23,20230720_I3B_10964.jpg
2000,C7B,2025,7/10/25,5.5,7/10/25,20250710_C7B_02000.jpg
4196,C10,2025,7/19/25,2.0,7/18/25,20250718_C10_04196.jpg
1225,C7B,2025,7/10/25,4.0,7/10/25,20250710_C7B_01225.jpg
5452,C10,2025,7/2/25,8.0,7/4/25,20250704_C10_05452.jpg
4103,C10,2025,7/19/25,3.0,7/18/25,20250718_C10_04103.jpg
5486,C10,2025,7/2/25,5.0,7/4/25,20250704_C10_05486.jpg
1918,C7B,2025,7/1/25,5.0,7/1/25,20250701_C7B_01918.jpg
1293,C7B,2025,7/1/25,7.0,7/1/25,20250701_C7B_01293.jpg
11215,I3B,2023,7/19/23,5.0,7/20/23,20230720_I3B_11215.jpg
94,C7B,2025,7/4/25,7.5,7/4/25,20250704_C7B_00094.jpg
244,C7B,2025,7/10/25,8.0,7/10/25,20250710_C7B_00244.jpg
288,C7B,2025,7/18/25,3.0,7/18/25,20250718_C7B_00288.jpg
5917,C10,2025,7/19/25,2.0,7/18/25,20250718_C10_05917.jpg
1259,C7B,2025,7/10/25,5.0,7/10/25,20250710_C7B_01259.jpg
782,C7B,2025,6/30/25,6.0,7/1/25,20250701_C7B_00782.jpg
6670,C10,2025,6/30/25,8.0,6/28/25,20250628_C10_06670.jpg
4125,C10,2025,7/11/25,5.0,7/11/25,20250711_C10_04125.jpg
6826,C10,2025,7/14/25,6.0,7/14/25,20250714_C10_06826.jpg
4012,C10,2025,7/7/25,6.0,7/7/25,20250707_C10_04012.jpg
643,C7B,2025,7/10/25,5.5,7/10/25,20250710_C7B_00643.jpg
4898,C10,2025,7/2/25,7.0,7/4/25,20250704_C10_04898.jpg
6731,C10,2025,7/8/25,8.0,7/7/25,20250707_C10_06731.jpg
4111,C10,2025,7/19/25,3.0,7/18/25,20250718_C10_04111.jpg
2648,C7B,2025,7/8/25,7.0,7/7/25,20250707_C7B_02648.jpg
10030,I3B,2023,7/12/23,5.5,7/13/23,20230713_I3B_10030.jpg
2798,C7B,2025,7/18/25,8.0,7/18/25,20250718_C7B_02798.jpg
1901,C7B,2025,7/10/25,8.0,7/10/25,20250710_C7B_01901.jpg
3143,G3,2023,7/26/23,5.0,7/27/23,20230727_G3_03143.jpg
4142,C10,2025,7/11/25,5.0,7/11/25,20250711_C10_04142.jpg
1019,C7B,2025,7/18/25,4.0,7/18/25,20250718_C7B_01019.jpg
4264,C10,2025,7/7/25,8.0,7/7/25,20250707_C10_04264.jpg
10419,I3B,2023,7/25/23,3.0,7/27/23,20230727_I3B_10419.jpg
5367,C10,2025,7/20/25,4.0,7/21/25,20250721_C10_05367.jpg
6667,C10,2025,7/14/25,6.5,7/14/25,20250714_C10_06667.jpg
4213,C10,2025,6/30/25,6.5,6/28/25,20250628_C10_04213.jpg
5666,C10,2025,7/11/25,4.0,7/11/25,20250711_C10_05666.jpg
1112,C7B,2025,7/1/25,6.0,7/1/25,20250701_C7B_01112.jpg
1687,C7B,2025,7/7/25,5.0,7/7/25,20250707_C7B_01687.jpg
2020,C7B,2025,7/10/25,5.0,7/10/25,20250710_C7B_02020.jpg
355,C7B,2025,6/30/25,6.0,7/1/25,20250701_C7B_00355.jpg
1852,C7B,2025,7/1/25,7.0,7/1/25,20250701_C7B_01852.jpg
1884,C7B,2025,7/7/25,4.0,7/7/25,20250707_C7B_01884.jpg
2814,C7B,2025,7/8/25,7.5,7/7/25,20250707_C7B_02814.jpg
27,C7B,2025,7/11/25,6.5,7/10/25,20250710_C7B_00027.jpg
1603,C7B,2025,7/10/25,6.5,7/10/25,20250710_C7B_01603.jpg
1263,C7B,2025,7/18/25,2.0,7/18/25,20250718_C7B_01263.jpg
427,C7B,2025,7/18/25,2.0,7/18/25,20250718_C7B_00427.jpg
1471,C7B,2025,7/10/25,6.0,7/10/25,20250710_C7B_01471.jpg
404,C7B,2025,7/4/25,5.5,7/4/25,20250704_C7B_00404.jpg
6659,C10,2025,7/3/25,7.5,7/4/25,20250704_C10_06659.jpg
7305,G3,2023,7/26/23,5.0,7/27/23,20230727_G3_07305.jpg
2835,C7B,2025,6/30/25,7.0,7/1/25,20250701_C7B_02835.jpg
4516,C10,2025,7/20/25,2.0,7/21/25,20250721_C10_04516.jpg
2046,C7B,2025,7/10/25,6.5,7/10/25,20250710_C7B_02046.jpg
5934,C10,2025,7/11/25,4.0,7/11/25,20250711_C10_05934.jpg
5175,C10,2025,7/20/25,2.0,7/21/25,20250721_C10_05175.jpg
1166,C7B,2025,7/1/25,7.0,7/1/25,20250701_C7B_01166.jpg
736,C7B,2025,6/30/25,7.0,7/1/25,20250701_C7B_00736.jpg
1333,C7B,2025,7/10/25,3.0,7/10/25,20250710_C7B_01333.jpg
10731,I3B,2023,7/19/23,4.0,7/20/23,20230720_I3B_10731.jpg
617,C7B,2025,6/30/25,6.0,7/1/25,20250701_C7B_00617.jpg
1109,C7B,2025,7/10/25,4.0,7/10/25,20250710_C7B_01109.jpg
500,C7B,2025,7/18/25,4.0,7/18/25,20250718_C7B_00500.jpg
5457,C10,2025,7/20/25,4.5,7/21/25,20250721_C10_05457.jpg
4200,C10,2025,7/11/25,6.5,7/11/25,20250711_C10_04200.jpg
4367,C10,2025,7/11/25,4.0,7/11/25,20250711_C10_04367.jpg
733,C7B,2025,7/18/25,5.0,7/18/25,20250718_C7B_00733.jpg
658,C7B,2025,6/30/25,7.0,7/1/25,20250701_C7B_00658.jpg
4350,C10,2025,6/30/25,5.5,6/28/25,20250628_C10_04350.jpg
5285,C10,2025,7/2/25,6.5,7/4/25,20250704_C10_05285.jpg
350,C7B,2025,6/30/25,7.5,7/1/25,20250701_C7B_00350.jpg
890,C7B,2025,7/18/25,3.0,7/18/25,20250718_C7B_00890.jpg
5938,C10,2025,7/1/25,4.5,6/28/25,20250628_C10_05938.jpg
5715,C10,2025,7/19/25,3.0,7/18/25,20250718_C10_05715.jpg
1478,C7B,2025,7/10/25,5.0,7/10/25,20250710_C7B_01478.jpg
6777,C10,2025,7/8/25,8.0,7/7/25,20250707_C10_06777.jpg
5226,C10,2025,7/20/25,1.5,7/21/25,20250721_C10_05226.jpg
5886,C10,2025,7/11/25,5.5,7/11/25,20250711_C10_05886.jpg
1493,C7B,2025,7/10/25,7.5,7/10/25,20250710_C7B_01493.jpg
5896,C10,2025,7/11/25,5.0,7/11/25,20250711_C10_05896.jpg
2798,C7B,2025,7/13/25,7.5,7/12/25,20250712_C7B_02798.jpg
6704,C10,2025,7/18/25,5.5,7/18/25,20250718_C10_06704.jpg
5554,C10,2025,7/2/25,6.0,7/4/25,20250704_C10_05554.jpg
3133,G3,2023,7/26/23,7.5,7/27/23,20230727_G3_03133.jpg
1657,C7B,2025,7/1/25,7.0,7/1/25,20250701_C7B_01657.jpg
5421,C10,2025,7/20/25,1.5,7/21/25,20250721_C10_05421.jpg
258,C7B,2025,6/30/25,8.0,7/1/25,20250701_C7B_00258.jpg
1812,C7B,2025,7/1/25,6.5,7/1/25,20250701_C7B_01812.jpg
6854,C10,2025,7/18/25,4.5,7/18/25,20250718_C10_06854.jpg
4301,C10,2025,6/30/25,6.0,6/28/25,20250628_C10_04301.jpg
4357,C10,2025,7/11/25,4.0,7/11/25,20250711_C10_04357.jpg
6856,C10,2025,7/18/25,5.5,7/18/25,20250718_C10_06856.jpg
159,C7B,2025,7/18/25,3.0,7/18/25,20250718_C7B_00159.jpg
1871,C7B,2025,7/1/25,8.0,7/1/25,20250701_C7B_01871.jpg
1447,C7B,2025,7/10/25,3.0,7/10/25,20250710_C7B_01447.jpg
5023,C10,2025,7/2/25,6.0,7/4/25,20250704_C10_05023.jpg
1638,C7B,2025,7/18/25,3.0,7/18/25,20250718_C7B_01638.jpg
4484,C10,2025,7/11/25,6.0,7/11/25,20250711_C10_04484.jpg
4717,C10,2025,7/11/25,5.0,7/11/25,20250711_C10_04717.jpg
7502,G3,2023,7/20/23,7.5,7/20/23,20230720_G3_07502.jpg
1428,C7B,2025,7/18/25,5.5,7/18/25,20250718_C7B_01428.jpg
4348,C10,2025,7/7/25,4.0,7/7/25,20250707_C10_04348.jpg
369,C7B,2025,6/30/25,7.0,7/1/25,20250701_C7B_00369.jpg
1751,C7B,2025,7/1/25,7.5,7/1/25,20250701_C7B_01751.jpg
6830,C10,2025,7/14/25,7.0,7/14/25,20250714_C10_06830.jpg
2828,C7B,2025,7/18/25,7.0,7/18/25,20250718_C7B_02828.jpg
1949,C7B,2025,7/1/25,8.0,7/1/25,20250701_C7B_01949.jpg
379,C7B,2025,7/18/25,3.5,7/18/25,20250718_C7B_00379.jpg
44,C7B,2025,7/18/25,4.0,7/18/25,20250718_C7B_00044.jpg
5079,C10,2025,7/11/25,4.0,7/11/25,20250711_C10_05079.jpg
9792,I3B,2023,7/12/23,5.0,7/13/23,20230713_I3B_09792.jpg
4534,C10,2025,7/11/25,3.5,7/11/25,20250711_C10_04534.jpg
4828,C10,2025,7/11/25,5.5,7/11/25,20250711_C10_04828.jpg
10422,I3B,2023,7/25/23,3.5,7/27/23,20230727_I3B_10422.jpg
6688,C10,2025,6/30/25,7.5,6/28/25,20250628_C10_06688.jpg
5391,C10,2025,7/11/25,4.0,7/11/25,20250711_C10_05391.jpg
441,C7B,2025,6/30/25,7.0,7/1/25,20250701_C7B_00441.jpg
1840,C7B,2025,7/1/25,6.0,7/1/25,20250701_C7B_01840.jpg
6855,C10,2025,7/8/25,7.5,7/7/25,20250707_C10_06855.jpg
222,C7B,2025,7/18/25,2.5,7/18/25,20250718_C7B_00222.jpg
4586,C10,2025,7/20/25,2.0,7/21/25,20250721_C10_04586.jpg
1754,C7B,2025,7/1/25,7.5,7/1/25,20250701_C7B_01754.jpg
5086,C10,2025,7/11/25,4.0,7/11/25,20250711_C10_05086.jpg
600,C7B,2025,7/10/25,5.0,7/10/25,20250710_C7B_00600.jpg
1285,C7B,2025,7/10/25,5.0,7/10/25,20250710_C7B_01285.jpg
5479,C10,2025,7/2/25,7.0,7/4/25,20250704_C10_05479.jpg
45,C7B,2025,7/4/25,7.0,7/4/25,20250704_C7B_00045.jpg
620,C7B,2025,7/18/25,5.5,7/18/25,20250718_C7B_00620.jpg
4581,C10,2025,7/2/25,5.0,7/4/25,20250704_C10_04581.jpg
5588,C10,2025,7/20/25,2.0,7/21/25,20250721_C10_05588.jpg
1666,C7B,2025,7/19/25,1.5,7/18/25,20250718_C7B_01666.jpg
4413,C10,2025,7/7/25,6.0,7/7/25,20250707_C10_04413.jpg
272,C7B,2025,7/4/25,6.5,7/4/25,20250704_C7B_00272.jpg
5780,C10,2025,7/1/25,7.0,6/28/25,20250628_C10_05780.jpg
4893,C10,2025,7/20/25,1.5,7/21/25,20250721_C10_04893.jpg
44,C7B,2025,7/11/25,5.0,7/10/25,20250710_C7B_00044.jpg
5163,C10,2025,7/2/25,6.0,7/4/25,20250704_C10_05163.jpg
1496,C7B,2025,7/1/25,6.0,7/1/25,20250701_C7B_01496.jpg
1476,C7B,2025,7/18/25,4.0,7/18/25,20250718_C7B_01476.jpg
7287,G3,2023,7/26/23,5.0,7/27/23,20230727_G3_07287.jpg
1948,C7B,2025,7/1/25,5.0,7/1/25,20250701_C7B_01948.jpg
1372,C7B,2025,7/1/25,6.0,7/1/25,20250701_C7B_01372.jpg
9813,I3B,2023,7/12/23,5.5,7/13/23,20230713_I3B_09813.jpg
379,C7B,2025,7/10/25,5.0,7/10/25,20250710_C7B_00379.jpg
5496,C10,2025,7/20/25,5.5,7/21/25,20250721_C10_05496.jpg
8030,G3,2023,7/26/23,5.5,7/27/23,20230727_G3_08030.jpg
10888,I3B,2023,7/19/23,4.5,7/20/23,20230720_I3B_10888.jpg
11072,I3B,2023,7/12/23,7.0,7/13/23,20230713_I3B_11072.jpg
2015,C7B,2025,7/10/25,7.0,7/10/25,20250710_C7B_02015.jpg
4724,C10,2025,7/20/25,5.5,7/21/25,20250721_C10_04724.jpg
398,C7B,2025,7/10/25,7.0,7/10/25,20250710_C7B_00398.jpg
5476,C10,2025,7/2/25,5.5,7/4/25,20250704_C10_05476.jpg
4645,C10,2025,7/2/25,6.0,7/4/25,20250704_C10_04645.jpg
9606,I3B,2023,7/12/23,5.5,7/13/23,20230713_I3B_09606.jpg
4238,C10,2025,7/7/25,5.0,7/7/25,20250707_C10_04238.jpg
6712,C10,2025,7/3/25,6.0,7/4/25,20250704_C10_06712.jpg
4810,C10,2025,7/2/25,6.0,7/4/25,20250704_C10_04810.jpg
189,C7B,2025,7/18/25,4.5,7/18/25,20250718_C7B_00189.jpg
6681,C10,2025,6/30/25,7.5,6/28/25,20250628_C10_06681.jpg
4191,C10,2025,6/30/25,7.5,6/28/25,20250628_C10_04191.jpg
4468,C10,2025,7/2/25,6.0,7/4/25,20250704_C10_04468.jpg
906,C7B,2025,7/18/25,3.0,7/18/25,20250718_C7B_00906.jpg
7326,G3,2023,7/20/23,8.0,7/20/23,20230720_G3_07326.jpg
371,C7B,2025,7/18/25,1.5,7/18/25,20250718_C7B_00371.jpg
7389,G3,2023,7/26/23,8.0,7/27/23,20230727_G3_07389.jpg
4307,C10,2025,7/7/25,7.0,7/7/25,20250707_C10_04307.jpg
215,C7B,2025,6/30/25,7.0,7/1/25,20250701_C7B_00215.jpg
2711,C7B,2025,6/30/25,7.0,7/1/25,20250701_C7B_02711.jpg
5773,C10,2025,7/11/25,7.5,7/11/25,20250711_C10_05773.jpg
5873,C10,2025,7/19/25,3.0,7/18/25,20250718_C10_05873.jpg
6690,C10,2025,7/8/25,8.0,7/7/25,20250707_C10_06690.jpg
124,C7B,2025,7/18/25,3.0,7/18/25,20250718_C7B_00124.jpg
4137,C10,2025,6/30/25,6.0,6/28/25,20250628_C10_04137.jpg
6869,C10,2025,7/3/25,7.5,7/4/25,20250704_C10_06869.jpg
5054,C10,2025,7/11/25,4.0,7/11/25,20250711_C10_05054.jpg
4772,C10,2025,7/11/25,7.0,7/11/25,20250711_C10_04772.jpg
337,C7B,2025,7/4/25,5.5,7/4/25,20250704_C7B_00337.jpg
7255,G3,2023,7/26/23,6.0,7/27/23,20230727_G3_07255.jpg
4773,C10,2025,7/20/25,2.0,7/21/25,20250721_C10_04773.jpg
43,C7B,2025,7/4/25,6.0,7/4/25,20250704_C7B_00043.jpg
4005,C10,2025,7/7/25,5.0,7/7/25,20250707_C10_04005.jpg
5185,C10,2025,7/2/25,5.0,7/4/25,20250704_C10_05185.jpg
9599,I3B,2023,7/12/23,5.0,7/13/23,20230713_I3B_09599.jpg
936,C7B,2025,7/18/25,3.5,7/18/25,20250718_C7B_00936.jpg
3018,G3,2023,7/19/23,8.0,7/20/23,20230720_G3_03018.jpg
4359,C10,2025,7/19/25,1.5,7/18/25,20250718_C10_04359.jpg
10969,I3B,2023,7/19/23,7.5,7/20/23,20230720_I3B_10969.jpg
11329,I3B,2023,7/19/23,7.0,7/20/23,20230720_I3B_11329.jpg
1134,C7B,2025,7/10/25,4.0,7/10/25,20250710_C7B_01134.jpg
245,C7B,2025,7/18/25,4.0,7/18/25,20250718_C7B_00245.jpg
5702,C10,2025,7/8/25,5.0,7/7/25,20250707_C10_05702.jpg
4444,C10,2025,6/30/25,8.0,6/28/25,20250628_C10_04444.jpg
5139,C10,2025,7/20/25,1.5,7/21/25,20250721_C10_05139.jpg
6819,C10,2025,7/18/25,6.0,7/18/25,20250718_C10_06819.jpg
8138,G3,2023,7/26/23,8.0,7/27/23,20230727_G3_08138.jpg
344,C7B,2025,7/18/25,5.5,7/18/25,20250718_C7B_00344.jpg
4607,C10,2025,7/20/25,2.0,7/21/25,20250721_C10_04607.jpg
6011,C10,2025,7/2/25,4.0,7/4/25,20250704_C10_06011.jpg
6778,C10,2025,7/8/25,8.5,7/7/25,20250707_C10_06778.jpg
10406,I3B,2023,7/25/23,6.0,7/27/23,20230727_I3B_10406.jpg
5859,C10,2025,7/19/25,3.0,7/18/25,20250718_C10_05859.jpg
473,C7B,2025,7/18/25,2.5,7/18/25,20250718_C7B_00473.jpg
296,C7B,2025,7/4/25,6.5,7/4/25,20250704_C7B_00296.jpg
337,C7B,2025,7/18/25,2.5,7/18/25,20250718_C7B_00337.jpg
7530,G3,2023,7/20/23,8.0,7/20/23,20230720_G3_07530.jpg
5554,C10,2025,7/20/25,2.5,7/21/25,20250721_C10_05554.jpg
4484,C10,2025,7/2/25,7.0,7/4/25,20250704_C10_04484.jpg
5361,C10,2025,7/11/25,4.5,7/11/25,20250711_C10_05361.jpg
10895,I3B,2023,7/19/23,7.0,7/20/23,20230720_I3B_10895.jpg
4993,C10,2025,7/11/25,4.0,7/11/25,20250711_C10_04993.jpg
2755,C7B,2025,7/8/25,8.0,7/7/25,20250707_C7B_02755.jpg
5778,C10,2025,7/8/25,4.0,7/7/25,20250707_C10_05778.jpg
5445,C10,2025,7/20/25,1.5,7/21/25,20250721_C10_05445.jpg
589,C7B,2025,7/18/25,4.0,7/18/25,20250718_C7B_00589.jpg
415,C7B,2025,7/10/25,3.0,7/10/25,20250710_C7B_00415.jpg
7354,G3,2023,7/26/23,6.0,7/27/23,20230727_G3_07354.jpg
5682,C10,2025,7/19/25,2.0,7/18/25,20250718_C10_05682.jpg
551,C7B,2025,6/30/25,7.0,7/1/25,20250701_C7B_00551.jpg
5757,C10,2025,7/11/25,4.0,7/11/25,20250711_C10_05757.jpg
1355,C7B,2025,7/18/25,6.0,7/18/25,20250718_C7B_01355.jpg
6811,C10,2025,7/18/25,5.0,7/18/25,20250718_C10_06811.jpg
6013,C10,2025,7/11/25,5.0,7/11/25,20250711_C10_06013.jpg
5920,C10,2025,7/11/25,4.5,7/11/25,20250711_C10_05920.jpg
4572,C10,2025,7/20/25,4.0,7/21/25,20250721_C10_04572.jpg
5277,C10,2025,7/11/25,3.0,7/11/25,20250711_C10_05277.jpg
2696,C7B,2025,7/18/25,7.5,7/18/25,20250718_C7B_02696.jpg
7525,G3,2023,7/20/23,8.0,7/20/23,20230720_G3_07525.jpg
5697,C10,2025,7/19/25,3.5,7/18/25,20250718_C10_05697.jpg
6662,C10,2025,7/18/25,7.0,7/18/25,20250718_C10_06662.jpg
1424,C7B,2025,7/18/25,2.0,7/18/25,20250718_C7B_01424.jpg
980,C7B,2025,7/18/25,2.0,7/18/25,20250718_C7B_00980.jpg
6861,C10,2025,7/18/25,4.5,7/18/25,20250718_C10_06861.jpg
450,C7B,2025,7/4/25,6.0,7/4/25,20250704_C7B_00450.jpg
7525,G3,2023,7/26/23,8.0,7/27/23,20230727_G3_07525.jpg
2680,C7B,2025,6/30/25,7.5,7/1/25,20250701_C7B_02680.jpg
4780,C10,2025,7/20/25,3.0,7/21/25,20250721_C10_04780.jpg
1756,C7B,2025,7/10/25,4.0,7/10/25,20250710_C7B_01756.jpg
1747,C7B,2025,7/7/25,6.0,7/7/25,20250707_C7B_01747.jpg
6645,C10,2025,7/18/25,7.5,7/18/25,20250718_C10_06645.jpg
190,C7B,2025,7/10/25,6.5,7/10/25,20250710_C7B_00190.jpg
1607,C7B,2025,7/18/25,2.0,7/18/25,20250718_C7B_01607.jpg
7279,G3,2023,7/20/23,7.0,7/20/23,20230720_G3_07279.jpg
1156,C7B,2025,7/18/25,4.0,7/18/25,20250718_C7B_01156.jpg
224,C7B,2025,6/30/25,7.5,7/1/25,20250701_C7B_00224.jpg
1748,C7B,2025,7/10/25,8.0,7/10/25,20250710_C7B_01748.jpg
1721,C7B,2025,7/1/25,6.5,7/1/25,20250701_C7B_01721.jpg
4364,C10,2025,7/7/25,5.0,7/7/25,20250707_C10_04364.jpg
4382,C10,2025,6/30/25,6.0,6/28/25,20250628_C10_04382.jpg
2801,C7B,2025,6/30/25,7.5,7/1/25,20250701_C7B_02801.jpg
4811,C10,2025,7/20/25,2.0,7/21/25,20250721_C10_04811.jpg
4800,C10,2025,7/11/25,5.0,7/11/25,20250711_C10_04800.jpg
4668,C10,2025,7/20/25,3.5,7/21/25,20250721_C10_04668.jpg
106,C7B,2025,7/18/25,5.0,7/18/25,20250718_C7B_00106.jpg
4503,C10,2025,7/20/25,3.5,7/21/25,20250721_C10_04503.jpg
5765,C10,2025,7/11/25,4.0,7/11/25,20250711_C10_05765.jpg
6722,C10,2025,7/3/25,8.0,7/4/25,20250704_C10_06722.jpg
1489,C7B,2025,7/18/25,1.5,7/18/25,20250718_C7B_01489.jpg
903,C7B,2025,7/1/25,6.5,7/1/25,20250701_C7B_00903.jpg
5488,C10,2025,7/20/25,2.5,7/21/25,20250721_C10_05488.jpg
353,C7B,2025,6/30/25,8.0,7/1/25,20250701_C7B_00353.jpg
1395,C7B,2025,7/1/25,5.5,7/1/25,20250701_C7B_01395.jpg
4930,C10,2025,7/2/25,6.0,7/4/25,20250704_C10_04930.jpg
1127,C7B,2025,7/18/25,5.0,7/18/25,20250718_C7B_01127.jpg
7439,G3,2023,7/26/23,8.0,7/27/23,20230727_G3_07439.jpg
4267,C10,2025,7/19/25,3.0,7/18/25,20250718_C10_04267.jpg
4854,C10,2025,7/11/25,6.5,7/11/25,20250711_C10_04854.jpg
248,C7B,2025,7/10/25,7.5,7/10/25,20250710_C7B_00248.jpg
300,C7B,2025,6/30/25,6.5,7/1/25,20250701_C7B_00300.jpg
5836,C10,2025,7/1/25,5.0,6/28/25,20250628_C10_05836.jpg
4850,C10,2025,7/20/25,2.5,7/21/25,20250721_C10_04850.jpg
89,C7B,2025,7/4/25,7.5,7/4/25,20250704_C7B_00089.jpg
7421,G3,2023,7/26/23,5.0,7/27/23,20230727_G3_07421.jpg
5819,C10,2025,7/11/25,8.0,7/11/25,20250711_C10_05819.jpg
96,C7B,2025,6/30/25,7.5,7/1/25,20250701_C7B_00096.jpg
5959,C10,2025,7/8/25,5.0,7/7/25,20250707_C10_05959.jpg
5837,C10,2025,7/19/25,3.5,7/18/25,20250718_C10_05837.jpg
4622,C10,2025,7/20/25,3.0,7/21/25,20250721_C10_04622.jpg
255,C7B,2025,6/30/25,7.0,7/1/25,20250701_C7B_00255.jpg
10815,I3B,2023,7/19/23,5.0,7/20/23,20230720_I3B_10815.jpg
6751,C10,2025,7/8/25,8.0,7/7/25,20250707_C10_06751.jpg
1555,C7B,2025,7/1/25,7.0,7/1/25,20250701_C7B_01555.jpg
4398,C10,2025,7/11/25,5.0,7/11/25,20250711_C10_04398.jpg
1978,C7B,2025,7/10/25,6.5,7/10/25,20250710_C7B_01978.jpg
3100,G3,2023,7/26/23,6.5,7/27/23,20230727_G3_03100.jpg
1138,C7B,2025,7/18/25,1.5,7/18/25,20250718_C7B_01138.jpg
1022,C7B,2025,7/1/25,6.5,7/1/25,20250701_C7B_01022.jpg
5047,C10,2025,7/11/25,5.5,7/11/25,20250711_C10_05047.jpg
5072,C10,2025,7/11/25,5.0,7/11/25,20250711_C10_05072.jpg
1560,C7B,2025,7/10/25,4.0,7/10/25,20250710_C7B_01560.jpg
7343,G3,2023,7/20/23,8.0,7/20/23,20230720_G3_07343.jpg
5420,C10,2025,7/2/25,7.0,7/4/25,20250704_C10_05420.jpg
2020,C7B,2025,7/7/25,5.0,7/7/25,20250707_C7B_02020.jpg
4033,C10,2025,7/11/25,4.0,7/11/25,20250711_C10_04033.jpg
201,C7B,2025,7/18/25,5.0,7/18/25,20250718_C7B_00201.jpg
2769,C7B,2025,6/30/25,7.5,7/1/25,20250701_C7B_02769.jpg
4309,C10,2025,7/11/25,6.0,7/11/25,20250711_C10_04309.jpg
1313,C7B,2025,7/10/25,7.0,7/10/25,20250710_C7B_01313.jpg
5113,C10,2025,7/11/25,4.0,7/11/25,20250711_C10_05113.jpg
880,C7B,2025,7/18/25,2.0,7/18/25,20250718_C7B_00880.jpg
4722,C10,2025,7/2/25,5.5,7/4/25,20250704_C10_04722.jpg
668,C7B,2025,7/18/25,3.5,7/18/25,20250718_C7B_00668.jpg
985,C7B,2025,7/1/25,6.5,7/1/25,20250701_C7B_00985.jpg
4143,C10,2025,7/19/25,1.5,7/18/25,20250718_C10_04143.jpg
424,C7B,2025,7/4/25,6.0,7/4/25,20250704_C7B_00424.jpg
10840,I3B,2023,7/19/23,5.5,7/20/23,20230720_I3B_10840.jpg
2876,C7B,2025,7/13/25,7.5,7/12/25,20250712_C7B_02876.jpg
6678,C10,2025,6/30/25,8.5,6/28/25,20250628_C10_06678.jpg
209,C7B,2025,7/10/25,6.0,7/10/25,20250710_C7B_00209.jpg
2021,C7B,2025,7/10/25,5.0,7/10/25,20250710_C7B_02021.jpg
259,C7B,2025,6/30/25,7.5,7/1/25,20250701_C7B_00259.jpg
7536,G3,2023,7/26/23,7.0,7/27/23,20230727_G3_07536.jpg
5782,C10,2025,7/1/25,6.5,6/28/25,20250628_C10_05782.jpg
4089,C10,2025,7/19/25,2.0,7/18/25,20250718_C10_04089.jpg
434,C7B,2025,7/18/25,4.0,7/18/25,20250718_C7B_00434.jpg
5508,C10,2025,7/20/25,2.5,7/21/25,20250721_C10_05508.jpg
5936,C10,2025,7/19/25,2.5,7/18/25,20250718_C10_05936.jpg
2015,C7B,2025,7/19/25,3.0,7/18/25,20250718_C7B_02015.jpg
487,C7B,2025,7/18/25,2.0,7/18/25,20250718_C7B_00487.jpg
4402,C10,2025,7/19/25,3.0,7/18/25,20250718_C10_04402.jpg
298,C7B,2025,6/30/25,7.0,7/1/25,20250701_C7B_00298.jpg
255,C7B,2025,7/18/25,4.0,7/18/25,20250718_C7B_00255.jpg
8170,G3,2023,7/26/23,8.0,7/27/23,20230727_G3_08170.jpg
9565,I3B,2023,7/12/23,6.5,7/13/23,20230713_I3B_09565.jpg
8093,G3,2023,7/20/23,8.0,7/20/23,20230720_G3_08093.jpg
1758,C7B,2025,7/1/25,7.0,7/1/25,20250701_C7B_01758.jpg
5761,C10,2025,7/1/25,6.0,6/28/25,20250628_C10_05761.jpg
2853,C7B,2025,7/13/25,5.0,7/12/25,20250712_C7B_02853.jpg
22,C7B,2025,7/11/25,7.0,7/10/25,20250710_C7B_00022.jpg
5991,C10,2025,7/8/25,7.5,7/7/25,20250707_C10_05991.jpg
4195,C10,2025,7/19/25,2.0,7/18/25,20250718_C10_04195.jpg
1643,C7B,2025,7/10/25,6.0,7/10/25,20250710_C7B_01643.jpg
236,C7B,2025,7/4/25,6.0,7/4/25,20250704_C7B_00236.jpg
1760,C7B,2025,7/7/25,5.5,7/7/25,20250707_C7B_01760.jpg
7531,G3,2023,7/20/23,6.5,7/20/23,20230720_G3_07531.jpg
4749,C10,2025,7/11/25,5.0,7/11/25,20250711_C10_04749.jpg
1213,C7B,2025,7/1/25,5.5,7/1/25,20250701_C7B_01213.jpg
4055,C10,2025,6/30/25,7.5,6/28/25,20250628_C10_04055.jpg
5392,C10,2025,7/20/25,2.0,7/21/25,20250721_C10_05392.jpg
393,C7B,2025,7/4/25,4.5,7/4/25,20250704_C7B_00393.jpg
9958,I3B,2023,7/12/23,4.0,7/13/23,20230713_I3B_09958.jpg
617,C7B,2025,7/18/25,3.0,7/18/25,20250718_C7B_00617.jpg
3055,G3,2023,7/26/23,7.5,7/27/23,20230727_G3_03055.jpg
1990,C7B,2025,7/19/25,4.0,7/18/25,20250718_C7B_01990.jpg
1730,C7B,2025,7/10/25,5.0,7/10/25,20250710_C7B_01730.jpg
4369,C10,2025,7/7/25,7.0,7/7/25,20250707_C10_04369.jpg
5287,C10,2025,7/11/25,4.0,7/11/25,20250711_C10_05287.jpg
1373,C7B,2025,7/1/25,7.5,7/1/25,20250701_C7B_01373.jpg
1799,C7B,2025,7/10/25,7.0,7/10/25,20250710_C7B_01799.jpg
7365,G3,2023,7/26/23,8.0,7/27/23,20230727_G3_07365.jpg
2711,C7B,2025,7/8/25,7.0,7/7/25,20250707_C7B_02711.jpg
340,C7B,2025,7/4/25,6.5,7/4/25,20250704_C7B_00340.jpg
1567,C7B,2025,7/18/25,1.5,7/18/25,20250718_C7B_01567.jpg
4137,C10,2025,7/11/25,5.0,7/11/25,20250711_C10_04137.jpg
6733,C10,2025,7/8/25,8.5,7/7/25,20250707_C10_06733.jpg
5324,C10,2025,7/2/25,5.5,7/4/25,20250704_C10_05324.jpg
2678,C7B,2025,7/18/25,7.5,7/18/25,20250718_C7B_02678.jpg
4311,C10,2025,7/19/25,3.0,7/18/25,20250718_C10_04311.jpg
979,C7B,2025,7/10/25,4.0,7/10/25,20250710_C7B_00979.jpg
1656,C7B,2025,7/18/25,5.0,7/18/25,20250718_C7B_01656.jpg
1831,C7B,2025,7/19/25,3.0,7/18/25,20250718_C7B_01831.jpg
4998,C10,2025,7/11/25,4.5,7/11/25,20250711_C10_04998.jpg
9994,I3B,2023,7/12/23,5.5,7/13/23,20230713_I3B_09994.jpg
6743,C10,2025,7/3/25,8.0,7/4/25,20250704_C10_06743.jpg
1757,C7B,2025,7/7/25,5.5,7/7/25,20250707_C7B_01757.jpg
5413,C10,2025,7/11/25,8.0,7/11/25,20250711_C10_05413.jpg
858,C7B,2025,7/1/25,7.0,7/1/25,20250701_C7B_00858.jpg
5387,C10,2025,7/2/25,6.0,7/4/25,20250704_C10_05387.jpg
2707,C7B,2025,7/18/25,7.0,7/18/25,20250718_C7B_02707.jpg
9596,I3B,2023,7/12/23,7.0,7/13/23,20230713_I3B_09596.jpg
9629,I3B,2023,7/12/23,7.0,7/13/23,20230713_I3B_09629.jpg
224,C7B,2025,7/18/25,5.0,7/18/25,20250718_C7B_00224.jpg
1393,C7B,2025,7/1/25,7.5,7/1/25,20250701_C7B_01393.jpg
5239,C10,2025,7/11/25,5.0,7/11/25,20250711_C10_05239.jpg
1988,C7B,2025,7/19/25,5.0,7/18/25,20250718_C7B_01988.jpg
5551,C10,2025,7/11/25,6.0,7/11/25,20250711_C10_05551.jpg
6840,C10,2025,7/8/25,8.0,7/7/25,20250707_C10_06840.jpg
837,C7B,2025,7/1/25,7.5,7/1/25,20250701_C7B_00837.jpg
1951,C7B,2025,7/7/25,6.0,7/7/25,20250707_C7B_01951.jpg
8051,G3,2023,7/26/23,7.5,7/27/23,20230727_G3_08051.jpg
4803,C10,2025,7/2/25,7.5,7/4/25,20250704_C10_04803.jpg
1672,C7B,2025,7/10/25,6.0,7/10/25,20250710_C7B_01672.jpg
2003,C7B,2025,7/19/25,4.0,7/18/25,20250718_C7B_02003.jpg
5319,C10,2025,7/20/25,1.5,7/21/25,20250721_C10_05319.jpg
1870,C7B,2025,7/7/25,5.0,7/7/25,20250707_C7B_01870.jpg
4088,C10,2025,7/11/25,6.0,7/11/25,20250711_C10_04088.jpg
4365,C10,2025,7/11/25,5.0,7/11/25,20250711_C10_04365.jpg
40,C7B,2025,7/11/25,5.0,7/10/25,20250710_C7B_00040.jpg
1053,C7B,2025,7/10/25,5.0,7/10/25,20250710_C7B_01053.jpg
213,C7B,2025,7/18/25,3.0,7/18/25,20250718_C7B_00213.jpg
5472,C10,2025,7/2/25,6.5,7/4/25,20250704_C10_05472.jpg
4606,C10,2025,7/20/25,3.0,7/21/25,20250721_C10_04606.jpg
6657,C10,2025,6/30/25,7.5,6/28/25,20250628_C10_06657.jpg
8157,G3,2023,7/26/23,6.0,7/27/23,20230727_G3_08157.jpg
5033,C10,2025,7/20/25,1.5,7/21/25,20250721_C10_05033.jpg
4443,C10,2025,7/11/25,3.0,7/11/25,20250711_C10_04443.jpg
6750,C10,2025,7/18/25,7.5,7/18/25,20250718_C10_06750.jpg
1204,C7B,2025,7/18/25,2.0,7/18/25,20250718_C7B_01204.jpg
939,C7B,2025,7/10/25,8.0,7/10/25,20250710_C7B_00939.jpg
5989,C10,2025,7/2/25,5.0,7/4/25,20250704_C10_05989.jpg
1795,C7B,2025,7/1/25,7.5,7/1/25,20250701_C7B_01795.jpg
4797,C10,2025,7/20/25,2.5,7/21/25,20250721_C10_04797.jpg
1629,C7B,2025,7/18/25,2.0,7/18/25,20250718_C7B_01629.jpg
3143,G3,2023,7/19/23,6.5,7/20/23,20230720_G3_03143.jpg
2814,C7B,2025,6/30/25,7.5,7/1/25,20250701_C7B_02814.jpg
11029,I3B,2023,7/12/23,8.0,7/13/23,20230713_I3B_11029.jpg
9805,I3B,2023,7/12/23,5.5,7/13/23,20230713_I3B_09805.jpg
1045,C7B,2025,7/1/25,7.5,7/1/25,20250701_C7B_01045.jpg
7405,G3,2023,7/26/23,7.5,7/27/23,20230727_G3_07405.jpg
5776,C10,2025,7/8/25,5.5,7/7/25,20250707_C10_05776.jpg
4090,C10,2025,7/7/25,5.5,7/7/25,20250707_C10_04090.jpg
4856,C10,2025,7/20/25,2.0,7/21/25,20250721_C10_04856.jpg
7372,G3,2023,7/26/23,8.0,7/27/23,20230727_G3_07372.jpg
8062,G3,2023,7/19/23,8.0,7/20/23,20230720_G3_08062.jpg
4288,C10,2025,7/11/25,7.5,7/11/25,20250711_C10_04288.jpg
995,C7B,2025,7/1/25,7.5,7/1/25,20250701_C7B_00995.jpg
349,C7B,2025,6/30/25,6.0,7/1/25,20250701_C7B_00349.jpg
11093,I3B,2023,7/12/23,7.0,7/13/23,20230713_I3B_11093.jpg
8138,G3,2023,7/20/23,8.0,7/20/23,20230720_G3_08138.jpg
4033,C10,2025,6/30/25,6.0,6/28/25,20250628_C10_04033.jpg
5828,C10,2025,7/11/25,4.5,7/11/25,20250711_C10_05828.jpg
9944,I3B,2023,7/12/23,5.0,7/13/23,20230713_I3B_09944.jpg
4127,C10,2025,7/7/25,8.0,7/7/25,20250707_C10_04127.jpg
5239,C10,2025,7/20/25,3.0,7/21/25,20250721_C10_05239.jpg
619,C7B,2025,7/10/25,4.5,7/10/25,20250710_C7B_00619.jpg
666,C7B,2025,7/18/25,3.0,7/18/25,20250718_C7B_00666.jpg
4062,C10,2025,7/19/25,5.0,7/18/25,20250718_C10_04062.jpg
5645,C10,2025,7/20/25,3.0,7/21/25,20250721_C10_05645.jpg
4807,C10,2025,7/2/25,7.0,7/4/25,20250704_C10_04807.jpg
2737,C7B,2025,7/18/25,7.0,7/18/25,20250718_C7B_02737.jpg
876,C7B,2025,7/1/25,6.5,7/1/25,20250701_C7B_00876.jpg
4368,C10,2025,6/30/25,7.0,6/28/25,20250628_C10_04368.jpg
5533,C10,2025,7/20/25,2.0,7/21/25,20250721_C10_05533.jpg
6850,C10,2025,7/18/25,6.0,7/18/25,20250718_C10_06850.jpg
1116,C7B,2025,7/10/25,5.0,7/10/25,20250710_C7B_01116.jpg
559,C7B,2025,7/18/25,4.0,7/18/25,20250718_C7B_00559.jpg
1229,C7B,2025,7/1/25,6.0,7/1/25,20250701_C7B_01229.jpg
10414,I3B,2023,7/25/23,4.0,7/27/23,20230727_I3B_10414.jpg
2779,C7B,2025,7/8/25,9.0,7/7/25,20250707_C7B_02779.jpg
3184,G3,2023,7/26/23,5.0,7/27/23,20230727_G3_03184.jpg
5339,C10,2025,7/11/25,6.0,7/11/25,20250711_C10_05339.jpg
635,C7B,2025,7/18/25,4.0,7/18/25,20250718_C7B_00635.jpg
4147,C10,2025,7/19/25,1.5,7/18/25,20250718_C10_04147.jpg
229,C7B,2025,6/30/25,7.0,7/1/25,20250701_C7B_00229.jpg
1435,C7B,2025,7/18/25,5.0,7/18/25,20250718_C7B_01435.jpg
5010,C10,2025,7/2/25,5.5,7/4/25,20250704_C10_05010.jpg
5099,C10,2025,7/20/25,3.0,7/21/25,20250721_C10_05099.jpg
4797,C10,2025,7/2/25,5.0,7/4/25,20250704_C10_04797.jpg
4223,C10,2025,7/19/25,4.0,7/18/25,20250718_C10_04223.jpg
1135,C7B,2025,7/18/25,1.5,7/18/25,20250718_C7B_01135.jpg
1498,C7B,2025,7/18/25,4.5,7/18/25,20250718_C7B_01498.jpg
5708,C10,2025,7/8/25,4.5,7/7/25,20250707_C10_05708.jpg
217,C7B,2025,7/10/25,7.0,7/10/25,20250710_C7B_00217.jpg
4268,C10,2025,7/7/25,5.0,7/7/25,20250707_C10_04268.jpg
335,C7B,2025,7/10/25,4.0,7/10/25,20250710_C7B_00335.jpg
4680,C10,2025,7/11/25,6.0,7/11/25,20250711_C10_04680.jpg
11349,I3B,2023,7/19/23,6.5,7/20/23,20230720_I3B_11349.jpg
4929,C10,2025,7/11/25,3.5,7/11/25,20250711_C10_04929.jpg
10358,I3B,2023,7/25/23,6.0,7/27/23,20230727_I3B_10358.jpg
9999,I3B,2023,7/12/23,5.0,7/13/23,20230713_I3B_09999.jpg
87,C7B,2025,6/30/25,7.0,7/1/25,20250701_C7B_00087.jpg
1654,C7B,2025,7/18/25,5.0,7/18/25,20250718_C7B_01654.jpg
245,C7B,2025,6/30/25,8.0,7/1/25,20250701_C7B_00245.jpg
6754,C10,2025,7/18/25,7.5,7/18/25,20250718_C10_06754.jpg
4069,C10,2025,7/7/25,7.5,7/7/25,20250707_C10_04069.jpg
6800,C10,2025,7/18/25,6.0,7/18/25,20250718_C10_06800.jpg
257,C7B,2025,6/30/25,5.5,7/1/25,20250701_C7B_00257.jpg
1625,C7B,2025,7/18/25,2.5,7/18/25,20250718_C7B_01625.jpg
5606,C10,2025,7/2/25,5.5,7/4/25,20250704_C10_05606.jpg
1192,C7B,2025,7/10/25,8.0,7/10/25,20250710_C7B_01192.jpg
716,C7B,2025,6/30/25,7.5,7/1/25,20250701_C7B_00716.jpg
1607,C7B,2025,7/1/25,6.0,7/1/25,20250701_C7B_01607.jpg
362,C7B,2025,7/4/25,5.5,7/4/25,20250704_C7B_00362.jpg
1463,C7B,2025,7/18/25,1.5,7/18/25,20250718_C7B_01463.jpg
6862,C10,2025,7/3/25,6.5,7/4/25,20250704_C10_06862.jpg
6653,C10,2025,6/30/25,7.5,6/28/25,20250628_C10_06653.jpg
6767,C10,2025,6/30/25,8.0,6/28/25,20250628_C10_06767.jpg
8005,G3,2023,7/19/23,7.5,7/20/23,20230720_G3_08005.jpg
788,C7B,2025,6/30/25,6.5,7/1/25,20250701_C7B_00788.jpg
2031,C7B,2025,7/1/25,7.0,7/1/25,20250701_C7B_02031.jpg
1798,C7B,2025,7/1/25,5.5,7/1/25,20250701_C7B_01798.jpg
7452,G3,2023,7/20/23,7.0,7/20/23,20230720_G3_07452.jpg
1625,C7B,2025,7/10/25,4.5,7/10/25,20250710_C7B_01625.jpg
1161,C7B,2025,7/1/25,7.5,7/1/25,20250701_C7B_01161.jpg
842,C7B,2025,7/10/25,7.0,7/10/25,20250710_C7B_00842.jpg
11059,I3B,2023,7/12/23,6.5,7/13/23,20230713_I3B_11059.jpg
6648,C10,2025,7/3/25,7.5,7/4/25,20250704_C10_06648.jpg
2844,C7B,2025,6/30/25,7.5,7/1/25,20250701_C7B_02844.jpg
4392,C10,2025,7/11/25,5.0,7/11/25,20250711_C10_04392.jpg
6761,C10,2025,7/3/25,8.0,7/4/25,20250704_C10_06761.jpg
4284,C10,2025,7/19/25,4.0,7/18/25,20250718_C10_04284.jpg
1825,C7B,2025,7/1/25,7.5,7/1/25,20250701_C7B_01825.jpg
2750,C7B,2025,6/30/25,8.5,7/1/25,20250701_C7B_02750.jpg
518,C7B,2025,6/30/25,7.5,7/1/25,20250701_C7B_00518.jpg
907,C7B,2025,7/10/25,5.0,7/10/25,20250710_C7B_00907.jpg
2663,C7B,2025,6/30/25,8.0,7/1/25,20250701_C7B_02663.jpg
3015,G3,2023,7/19/23,8.0,7/20/23,20230720_G3_03015.jpg
7352,G3,2023,7/20/23,7.0,7/20/23,20230720_G3_07352.jpg
4326,C10,2025,7/11/25,5.0,7/11/25,20250711_C10_04326.jpg
10777,I3B,2023,7/19/23,5.5,7/20/23,20230720_I3B_10777.jpg
2686,C7B,2025,7/18/25,7.5,7/18/25,20250718_C7B_02686.jpg
7533,G3,2023,7/20/23,6.0,7/20/23,20230720_G3_07533.jpg
1076,C7B,2025,7/10/25,7.0,7/10/25,20250710_C7B_01076.jpg
6013,C10,2025,7/2/25,6.0,7/4/25,20250704_C10_06013.jpg
2843,C7B,2025,7/13/25,7.0,7/12/25,20250712_C7B_02843.jpg
1550,C7B,2025,7/10/25,4.0,7/10/25,20250710_C7B_01550.jpg
4431,C10,2025,7/19/25,2.0,7/18/25,20250718_C10_04431.jpg
4536,C10,2025,7/2/25,6.5,7/4/25,20250704_C10_04536.jpg
4707,C10,2025,7/20/25,2.0,7/21/25,20250721_C10_04707.jpg
5670,C10,2025,7/1/25,6.0,6/28/25,20250628_C10_05670.jpg
4206,C10,2025,7/19/25,1.5,7/18/25,20250718_C10_04206.jpg
706,C7B,2025,7/10/25,7.0,7/10/25,20250710_C7B_00706.jpg
4268,C10,2025,7/11/25,5.0,7/11/25,20250711_C10_04268.jpg
1975,C7B,2025,7/1/25,5.0,7/1/25,20250701_C7B_01975.jpg
642,C7B,2025,7/18/25,3.0,7/18/25,20250718_C7B_00642.jpg
5187,C10,2025,7/11/25,6.0,7/11/25,20250711_C10_05187.jpg
227,C7B,2025,6/30/25,6.0,7/1/25,20250701_C7B_00227.jpg
172,C7B,2025,7/18/25,5.0,7/18/25,20250718_C7B_00172.jpg
11342,I3B,2023,7/19/23,7.0,7/20/23,20230720_I3B_11342.jpg
10340,I3B,2023,7/25/23,4.0,7/27/23,20230727_I3B_10340.jpg
5626,C10,2025,7/20/25,1.5,7/21/25,20250721_C10_05626.jpg
10369,I3B,2023,7/25/23,3.0,7/27/23,20230727_I3B_10369.jpg
586,C7B,2025,6/30/25,7.0,7/1/25,20250701_C7B_00586.jpg
4603,C10,2025,7/2/25,5.0,7/4/25,20250704_C10_04603.jpg
366,C7B,2025,7/18/25,4.0,7/18/25,20250718_C7B_00366.jpg
217,C7B,2025,7/18/25,5.0,7/18/25,20250718_C7B_00217.jpg
3103,G3,2023,7/26/23,7.0,7/27/23,20230727_G3_03103.jpg
1194,C7B,2025,7/18/25,2.5,7/18/25,20250718_C7B_01194.jpg
5586,C10,2025,7/11/25,3.0,7/11/25,20250711_C10_05586.jpg
452,C7B,2025,6/30/25,7.5,7/1/25,20250701_C7B_00452.jpg
7209,G3,2023,7/19/23,6.0,7/20/23,20230720_G3_07209.jpg
7351,G3,2023,7/20/23,7.5,7/20/23,20230720_G3_07351.jpg
2675,C7B,2025,7/18/25,6.5,7/18/25,20250718_C7B_02675.jpg
1583,C7B,2025,7/1/25,7.5,7/1/25,20250701_C7B_01583.jpg
6708,C10,2025,6/30/25,8.0,6/28/25,20250628_C10_06708.jpg
1515,C7B,2025,7/1/25,7.0,7/1/25,20250701_C7B_01515.jpg
4944,C10,2025,7/20/25,3.0,7/21/25,20250721_C10_04944.jpg
443,C7B,2025,6/30/25,7.5,7/1/25,20250701_C7B_00443.jpg
7237,G3,2023,7/26/23,3.0,7/27/23,20230727_G3_07237.jpg
1757,C7B,2025,7/19/25,4.0,7/18/25,20250718_C7B_01757.jpg
2797,C7B,2025,6/30/25,8.5,7/1/25,20250701_C7B_02797.jpg
411,C7B,2025,7/4/25,6.5,7/4/25,20250704_C7B_00411.jpg
11101,I3B,2023,7/12/23,6.5,7/13/23,20230713_I3B_11101.jpg
6687,C10,2025,7/14/25,4.0,7/14/25,20250714_C10_06687.jpg
6710,C10,2025,7/3/25,7.5,7/4/25,20250704_C10_06710.jpg
6002,C10,2025,7/19/25,5.0,7/18/25,20250718_C10_06002.jpg
647,C7B,2025,7/10/25,6.5,7/10/25,20250710_C7B_00647.jpg
1070,C7B,2025,7/10/25,5.0,7/10/25,20250710_C7B_01070.jpg
4557,C10,2025,7/2/25,5.0,7/4/25,20250704_C10_04557.jpg
1507,C7B,2025,7/10/25,5.5,7/10/25,20250710_C7B_01507.jpg
1256,C7B,2025,7/18/25,1.5,7/18/25,20250718_C7B_01256.jpg
5295,C10,2025,7/2/25,7.0,7/4/25,20250704_C10_05295.jpg
1631,C7B,2025,7/10/25,5.5,7/10/25,20250710_C7B_01631.jpg
6737,C10,2025,7/3/25,8.0,7/4/25,20250704_C10_06737.jpg
2801,C7B,2025,7/13/25,4.0,7/12/25,20250712_C7B_02801.jpg
4976,C10,2025,7/20/25,3.0,7/21/25,20250721_C10_04976.jpg
483,C7B,2025,7/10/25,4.0,7/10/25,20250710_C7B_00483.jpg
5120,C10,2025,7/11/25,3.0,7/11/25,20250711_C10_05120.jpg
4329,C10,2025,7/7/25,7.5,7/7/25,20250707_C10_04329.jpg
4717,C10,2025,7/20/25,1.5,7/21/25,20250721_C10_04717.jpg
6838,C10,2025,7/14/25,7.0,7/14/25,20250714_C10_06838.jpg
4913,C10,2025,7/20/25,6.0,7/21/25,20250721_C10_04913.jpg
2664,C7B,2025,7/18/25,7.0,7/18/25,20250718_C7B_02664.jpg
6779,C10,2025,7/14/25,6.5,7/14/25,20250714_C10_06779.jpg
6707,C10,2025,7/3/25,7.0,7/4/25,20250704_C10_06707.jpg
5013,C10,2025,7/11/25,3.0,7/11/25,20250711_C10_05013.jpg
3178,G3,2023,7/26/23,3.0,7/27/23,20230727_G3_03178.jpg
4849,C10,2025,7/11/25,4.5,7/11/25,20250711_C10_04849.jpg
466,C7B,2025,6/30/25,7.5,7/1/25,20250701_C7B_00466.jpg
6692,C10,2025,7/8/25,8.0,7/7/25,20250707_C10_06692.jpg
5664,C10,2025,7/19/25,2.5,7/18/25,20250718_C10_05664.jpg
5360,C10,2025,7/11/25,4.0,7/11/25,20250711_C10_05360.jpg
4399,C10,2025,6/30/25,6.0,6/28/25,20250628_C10_04399.jpg
235,C7B,2025,6/30/25,6.5,7/1/25,20250701_C7B_00235.jpg
4553,C10,2025,7/11/25,4.0,7/11/25,20250711_C10_04553.jpg
3115,G3,2023,7/19/23,8.5,7/20/23,20230720_G3_03115.jpg
491,C7B,2025,7/10/25,5.5,7/10/25,20250710_C7B_00491.jpg
1100,C7B,2025,7/1/25,6.5,7/1/25,20250701_C7B_01100.jpg
11166,I3B,2023,7/12/23,6.0,7/13/23,20230713_I3B_11166.jpg
207,C7B,2025,6/30/25,5.5,7/1/25,20250701_C7B_00207.jpg
4742,C10,2025,7/2/25,7.0,7/4/25,20250704_C10_04742.jpg
6668,C10,2025,7/18/25,3.0,7/18/25,20250718_C10_06668.jpg
4224,C10,2025,7/19/25,4.5,7/18/25,20250718_C10_04224.jpg
1898,C7B,2025,7/1/25,5.5,7/1/25,20250701_C7B_01898.jpg
1534,C7B,2025,7/10/25,4.0,7/10/25,20250710_C7B_01534.jpg
5040,C10,2025,7/20/25,3.0,7/21/25,20250721_C10_05040.jpg
1350,C7B,2025,7/18/25,2.0,7/18/25,20250718_C7B_01350.jpg
6846,C10,2025,6/30/25,8.5,6/28/25,20250628_C10_06846.jpg
205,C7B,2025,7/10/25,8.0,7/10/25,20250710_C7B_00205.jpg
4651,C10,2025,7/20/25,2.0,7/21/25,20250721_C10_04651.jpg
174,C7B,2025,7/18/25,4.0,7/18/25,20250718_C7B_00174.jpg
1897,C7B,2025,7/1/25,6.0,7/1/25,20250701_C7B_01897.jpg
2747,C7B,2025,7/13/25,8.0,7/12/25,20250712_C7B_02747.jpg
244,C7B,2025,6/30/25,8.0,7/1/25,20250701_C7B_00244.jpg
6723,C10,2025,7/8/25,8.0,7/7/25,20250707_C10_06723.jpg
5862,C10,2025,7/11/25,7.0,7/11/25,20250711_C10_05862.jpg
3115,G3,2023,7/26/23,8.0,7/27/23,20230727_G3_03115.jpg
579,C7B,2025,7/18/25,4.0,7/18/25,20250718_C7B_00579.jpg
4614,C10,2025,7/20/25,2.0,7/21/25,20250721_C10_04614.jpg
2713,C7B,2025,7/13/25,4.5,7/12/25,20250712_C7B_02713.jpg
99,C7B,2025,7/18/25,4.0,7/18/25,20250718_C7B_00099.jpg
4630,C10,2025,7/2/25,6.5,7/4/25,20250704_C10_04630.jpg
4658,C10,2025,7/11/25,5.0,7/11/25,20250711_C10_04658.jpg
3147,G3,2023,7/26/23,6.0,7/27/23,20230727_G3_03147.jpg
4497,C10,2025,7/11/25,4.0,7/11/25,20250711_C10_04497.jpg
1962,C7B,2025,7/19/25,4.0,7/18/25,20250718_C7B_01962.jpg
1207,C7B,2025,7/18/25,3.0,7/18/25,20250718_C7B_01207.jpg
1885,C7B,2025,7/19/25,2.5,7/18/25,20250718_C7B_01885.jpg
113,C7B,2025,7/10/25,6.0,7/10/25,20250710_C7B_00113.jpg
4144,C10,2025,6/30/25,7.0,6/28/25,20250628_C10_04144.jpg
1480,C7B,2025,7/18/25,3.0,7/18/25,20250718_C7B_01480.jpg
840,C7B,2025,7/18/25,2.0,7/18/25,20250718_C7B_00840.jpg
539,C7B,2025,7/10/25,4.5,7/10/25,20250710_C7B_00539.jpg
2674,C7B,2025,6/30/25,8.0,7/1/25,20250701_C7B_02674.jpg
1932,C7B,2025,7/10/25,6.0,7/10/25,20250710_C7B_01932.jpg
427,C7B,2025,6/30/25,6.0,7/1/25,20250701_C7B_00427.jpg
40,C7B,2025,7/18/25,5.0,7/18/25,20250718_C7B_00040.jpg
4411,C10,2025,7/7/25,6.5,7/7/25,20250707_C10_04411.jpg
891,C7B,2025,7/18/25,2.0,7/18/25,20250718_C7B_00891.jpg
4095,C10,2025,7/7/25,4.0,7/7/25,20250707_C10_04095.jpg
11356,I3B,2023,7/19/23,6.5,7/20/23,20230720_I3B_11356.jpg
7334,G3,2023,7/26/23,5.5,7/27/23,20230727_G3_07334.jpg
4256,C10,2025,7/19/25,1.5,7/18/25,20250718_C10_04256.jpg
6648,C10,2025,6/30/25,8.5,6/28/25,20250628_C10_06648.jpg
4312,C10,2025,6/30/25,6.5,6/28/25,20250628_C10_04312.jpg
4991,C10,2025,7/11/25,6.0,7/11/25,20250711_C10_04991.jpg
325,C7B,2025,7/4/25,5.5,7/4/25,20250704_C7B_00325.jpg
4868,C10,2025,7/2/25,5.0,7/4/25,20250704_C10_04868.jpg
3191,G3,2023,7/19/23,6.0,7/20/23,20230720_G3_03191.jpg
5665,C10,2025,7/11/25,3.5,7/11/25,20250711_C10_05665.jpg
119,C7B,2025,7/18/25,4.0,7/18/25,20250718_C7B_00119.jpg
4229,C10,2025,7/19/25,3.5,7/18/25,20250718_C10_04229.jpg
7357,G3,2023,7/26/23,8.0,7/27/23,20230727_G3_07357.jpg
10247,I3B,2023,7/25/23,3.0,7/27/23,20230727_I3B_10247.jpg
5171,C10,2025,7/2/25,6.0,7/4/25,20250704_C10_05171.jpg
4420,C10,2025,7/11/25,4.0,7/11/25,20250711_C10_04420.jpg
9632,I3B,2023,7/12/23,6.5,7/13/23,20230713_I3B_09632.jpg
2643,C7B,2025,6/30/25,8.5,7/1/25,20250701_C7B_02643.jpg
5025,C10,2025,7/11/25,5.0,7/11/25,20250711_C10_05025.jpg
1881,C7B,2025,7/7/25,5.0,7/7/25,20250707_C7B_01881.jpg
10008,I3B,2023,7/12/23,5.5,7/13/23,20230713_I3B_10008.jpg
999,C7B,2025,7/1/25,6.5,7/1/25,20250701_C7B_00999.jpg
5236,C10,2025,7/11/25,5.5,7/11/25,20250711_C10_05236.jpg
3016,G3,2023,7/26/23,7.5,7/27/23,20230727_G3_03016.jpg
6668,C10,2025,7/3/25,6.0,7/4/25,20250704_C10_06668.jpg
74,C7B,2025,7/18/25,4.5,7/18/25,20250718_C7B_00074.jpg
4804,C10,2025,7/11/25,3.0,7/11/25,20250711_C10_04804.jpg
7500,G3,2023,7/26/23,8.0,7/27/23,20230727_G3_07500.jpg
5551,C10,2025,7/2/25,7.0,7/4/25,20250704_C10_05551.jpg
4090,C10,2025,7/19/25,2.5,7/18/25,20250718_C10_04090.jpg
5768,C10,2025,7/11/25,8.0,7/11/25,20250711_C10_05768.jpg
5533,C10,2025,7/2/25,5.0,7/4/25,20250704_C10_05533.jpg
5809,C10,2025,7/11/25,5.5,7/11/25,20250711_C10_05809.jpg
4526,C10,2025,7/20/25,2.0,7/21/25,20250721_C10_04526.jpg
4192,C10,2025,7/11/25,5.0,7/11/25,20250711_C10_04192.jpg
4141,C10,2025,7/19/25,3.5,7/18/25,20250718_C10_04141.jpg
10810,I3B,2023,7/19/23,5.0,7/20/23,20230720_I3B_10810.jpg
320,C7B,2025,6/30/25,6.5,7/1/25,20250701_C7B_00320.jpg
5763,C10,2025,7/11/25,4.5,7/11/25,20250711_C10_05763.jpg
3145,G3,2023,7/26/23,6.0,7/27/23,20230727_G3_03145.jpg
6749,C10,2025,7/8/25,8.0,7/7/25,20250707_C10_06749.jpg
4997,C10,2025,7/2/25,5.0,7/4/25,20250704_C10_04997.jpg
1587,C7B,2025,7/18/25,5.0,7/18/25,20250718_C7B_01587.jpg
6660,C10,2025,6/30/25,8.0,6/28/25,20250628_C10_06660.jpg
1371,C7B,2025,7/18/25,1.5,7/18/25,20250718_C7B_01371.jpg
9849,I3B,2023,7/12/23,5.0,7/13/23,20230713_I3B_09849.jpg
163,C7B,2025,7/18/25,4.0,7/18/25,20250718_C7B_00163.jpg
5524,C10,2025,7/11/25,4.0,7/11/25,20250711_C10_05524.jpg
1518,C7B,2025,7/18/25,3.0,7/18/25,20250718_C7B_01518.jpg
3018,G3,2023,7/26/23,7.0,7/27/23,20230727_G3_03018.jpg
186,C7B,2025,7/4/25,6.0,7/4/25,20250704_C7B_00186.jpg
942,C7B,2025,7/18/25,2.5,7/18/25,20250718_C7B_00942.jpg
4062,C10,2025,6/30/25,8.0,6/28/25,20250628_C10_04062.jpg
210,C7B,2025,7/4/25,6.0,7/4/25,20250704_C7B_00210.jpg
10365,I3B,2023,7/25/23,3.0,7/27/23,20230727_I3B_10365.jpg
498,C7B,2025,7/18/25,5.0,7/18/25,20250718_C7B_00498.jpg
1270,C7B,2025,7/18/25,2.0,7/18/25,20250718_C7B_01270.jpg
7311,G3,2023,7/20/23,7.0,7/20/23,20230720_G3_07311.jpg
5906,C10,2025,7/19/25,2.0,7/18/25,20250718_C10_05906.jpg
4638,C10,2025,7/20/25,2.0,7/21/25,20250721_C10_04638.jpg
4840,C10,2025,7/11/25,5.0,7/11/25,20250711_C10_04840.jpg
598,C7B,2025,6/30/25,8.0,7/1/25,20250701_C7B_00598.jpg
4310,C10,2025,7/7/25,5.5,7/7/25,20250707_C10_04310.jpg
2762,C7B,2025,7/13/25,8.0,7/12/25,20250712_C7B_02762.jpg
765,C7B,2025,7/10/25,6.0,7/10/25,20250710_C7B_00765.jpg
1627,C7B,2025,7/1/25,6.0,7/1/25,20250701_C7B_01627.jpg
5292,C10,2025,7/2/25,6.0,7/4/25,20250704_C10_05292.jpg
5519,C10,2025,7/11/25,6.5,7/11/25,20250711_C10_05519.jpg
1861,C7B,2025,7/10/25,7.5,7/10/25,20250710_C7B_01861.jpg
2758,C7B,2025,7/13/25,8.0,7/12/25,20250712_C7B_02758.jpg
975,C7B,2025,7/10/25,6.0,7/10/25,20250710_C7B_00975.jpg
4359,C10,2025,7/11/25,4.0,7/11/25,20250711_C10_04359.jpg
774,C7B,2025,7/10/25,7.5,7/10/25,20250710_C7B_00774.jpg
1465,C7B,2025,7/1/25,7.5,7/1/25,20250701_C7B_01465.jpg
8080,G3,2023,7/26/23,8.0,7/27/23,20230727_G3_08080.jpg
6729,C10,2025,7/18/25,6.5,7/18/25,20250718_C10_06729.jpg
5495,C10,2025,7/11/25,4.0,7/11/25,20250711_C10_05495.jpg
4660,C10,2025,7/20/25,3.5,7/21/25,20250721_C10_04660.jpg
7371,G3,2023,7/26/23,8.0,7/27/23,20230727_G3_07371.jpg
5269,C10,2025,7/2/25,5.0,7/4/25,20250704_C10_05269.jpg
5836,C10,2025,7/11/25,4.0,7/11/25,20250711_C10_05836.jpg
5239,C10,2025,7/2/25,7.0,7/4/25,20250704_C10_05239.jpg
9964,I3B,2023,7/12/23,5.0,7/13/23,20230713_I3B_09964.jpg
7293,G3,2023,7/26/23,5.5,7/27/23,20230727_G3_07293.jpg
846,C7B,2025,7/10/25,4.0,7/10/25,20250710_C7B_00846.jpg
4719,C10,2025,7/11/25,4.0,7/11/25,20250711_C10_04719.jpg
9729,I3B,2023,7/12/23,5.0,7/13/23,20230713_I3B_09729.jpg
4548,C10,2025,7/11/25,5.0,7/11/25,20250711_C10_04548.jpg
6840,C10,2025,7/3/25,8.0,7/4/25,20250704_C10_06840.jpg
949,C7B,2025,7/18/25,2.5,7/18/25,20250718_C7B_00949.jpg
5160,C10,2025,7/2/25,5.0,7/4/25,20250704_C10_05160.jpg
5675,C10,2025,7/19/25,4.0,7/18/25,20250718_C10_05675.jpg
8017,G3,2023,7/26/23,4.0,7/27/23,20230727_G3_08017.jpg
1033,C7B,2025,7/1/25,7.5,7/1/25,20250701_C7B_01033.jpg
5250,C10,2025,7/2/25,6.0,7/4/25,20250704_C10_05250.jpg
43,C7B,2025,7/18/25,4.5,7/18/25,20250718_C7B_00043.jpg
7533,G3,2023,7/26/23,5.0,7/27/23,20230727_G3_07533.jpg
5503,C10,2025,7/11/25,4.0,7/11/25,20250711_C10_05503.jpg
5225,C10,2025,7/20/25,3.0,7/21/25,20250721_C10_05225.jpg
1817,C7B,2025,7/7/25,6.0,7/7/25,20250707_C7B_01817.jpg
10296,I3B,2023,7/25/23,6.0,7/27/23,20230727_I3B_10296.jpg
4425,C10,2025,7/11/25,4.0,7/11/25,20250711_C10_04425.jpg
64,C7B,2025,7/11/25,5.5,7/10/25,20250710_C7B_00064.jpg
1408,C7B,2025,7/10/25,6.5,7/10/25,20250710_C7B_01408.jpg
5900,C10,2025,7/8/25,5.0,7/7/25,20250707_C10_05900.jpg
6735,C10,2025,7/18/25,8.0,7/18/25,20250718_C10_06735.jpg
4802,C10,2025,7/11/25,4.0,7/11/25,20250711_C10_04802.jpg
198,C7B,2025,7/10/25,4.5,7/10/25,20250710_C7B_00198.jpg
7438,G3,2023,7/26/23,5.5,7/27/23,20230727_G3_07438.jpg
1436,C7B,2025,7/18/25,3.5,7/18/25,20250718_C7B_01436.jpg
4139,C10,2025,7/11/25,8.0,7/11/25,20250711_C10_04139.jpg
1743,C7B,2025,7/19/25,4.0,7/18/25,20250718_C7B_01743.jpg
1449,C7B,2025,7/18/25,2.0,7/18/25,20250718_C7B_01449.jpg
4836,C10,2025,7/2/25,6.5,7/4/25,20250704_C10_04836.jpg
1833,C7B,2025,7/19/25,2.0,7/18/25,20250718_C7B_01833.jpg
3088,G3,2023,7/19/23,8.5,7/20/23,20230720_G3_03088.jpg
796,C7B,2025,7/10/25,7.5,7/10/25,20250710_C7B_00796.jpg
6829,C10,2025,7/14/25,6.5,7/14/25,20250714_C10_06829.jpg
5636,C10,2025,7/20/25,1.0,7/21/25,20250721_C10_05636.jpg
4717,C10,2025,7/2/25,7.0,7/4/25,20250704_C10_04717.jpg
6695,C10,2025,7/14/25,4.0,7/14/25,20250714_C10_06695.jpg
1819,C7B,2025,7/19/25,3.0,7/18/25,20250718_C7B_01819.jpg
7284,G3,2023,7/26/23,8.0,7/27/23,20230727_G3_07284.jpg
5975,C10,2025,7/8/25,4.0,7/7/25,20250707_C10_05975.jpg
4592,C10,2025,7/20/25,2.5,7/21/25,20250721_C10_04592.jpg
9701,I3B,2023,7/12/23,5.5,7/13/23,20230713_I3B_09701.jpg
654,C7B,2025,6/30/25,6.0,7/1/25,20250701_C7B_00654.jpg
1988,C7B,2025,7/10/25,6.5,7/10/25,20250710_C7B_01988.jpg
1359,C7B,2025,7/1/25,7.5,7/1/25,20250701_C7B_01359.jpg
5769,C10,2025,7/19/25,4.0,7/18/25,20250718_C10_05769.jpg
4976,C10,2025,7/2/25,6.5,7/4/25,20250704_C10_04976.jpg
4184,C10,2025,7/11/25,5.5,7/11/25,20250711_C10_04184.jpg
1289,C7B,2025,7/1/25,6.0,7/1/25,20250701_C7B_01289.jpg
309,C7B,2025,7/4/25,5.0,7/4/25,20250704_C7B_00309.jpg
1647,C7B,2025,7/1/25,7.5,7/1/25,20250701_C7B_01647.jpg
6739,C10,2025,7/14/25,7.5,7/14/25,20250714_C10_06739.jpg
1300,C7B,2025,7/18/25,3.0,7/18/25,20250718_C7B_01300.jpg
8151,G3,2023,7/20/23,6.0,7/20/23,20230720_G3_08151.jpg
1629,C7B,2025,7/10/25,6.0,7/10/25,20250710_C7B_01629.jpg
709,C7B,2025,7/10/25,4.0,7/10/25,20250710_C7B_00709.jpg
4087,C10,2025,7/7/25,7.5,7/7/25,20250707_C10_04087.jpg
1332,C7B,2025,7/18/25,5.0,7/18/25,20250718_C7B_01332.jpg
7304,G3,2023,7/26/23,6.0,7/27/23,20230727_G3_07304.jpg
6646,C10,2025,7/3/25,8.0,7/4/25,20250704_C10_06646.jpg
5411,C10,2025,7/2/25,5.0,7/4/25,20250704_C10_05411.jpg
4727,C10,2025,7/2/25,6.5,7/4/25,20250704_C10_04727.jpg
9723,I3B,2023,7/12/23,5.0,7/13/23,20230713_I3B_09723.jpg
10975,I3B,2023,7/19/23,5.5,7/20/23,20230720_I3B_10975.jpg
5570,C10,2025,7/11/25,4.0,7/11/25,20250711_C10_05570.jpg
8050,G3,2023,7/19/23,5.5,7/20/23,20230720_G3_08050.jpg
5024,C10,2025,7/20/25,2.5,7/21/25,20250721_C10_05024.jpg
829,C7B,2025,7/18/25,2.0,7/18/25,20250718_C7B_00829.jpg
4067,C10,2025,6/30/25,7.5,6/28/25,20250628_C10_04067.jpg
1417,C7B,2025,7/1/25,7.5,7/1/25,20250701_C7B_01417.jpg
7207,G3,2023,7/19/23,7.5,7/20/23,20230720_G3_07207.jpg
6742,C10,2025,7/8/25,7.5,7/7/25,20250707_C10_06742.jpg
5881,C10,2025,7/19/25,4.5,7/18/25,20250718_C10_05881.jpg
1089,C7B,2025,7/1/25,6.5,7/1/25,20250701_C7B_01089.jpg
3014,G3,2023,7/26/23,8.0,7/27/23,20230727_G3_03014.jpg
4443,C10,2025,7/7/25,4.0,7/7/25,20250707_C10_04443.jpg
5207,C10,2025,7/20/25,7.5,7/21/25,20250721_C10_05207.jpg
10325,I3B,2023,7/25/23,2.5,7/27/23,20230727_I3B_10325.jpg
1610,C7B,2025,7/10/25,5.5,7/10/25,20250710_C7B_01610.jpg
126,C7B,2025,6/30/25,7.5,7/1/25,20250701_C7B_00126.jpg
1388,C7B,2025,7/18/25,3.0,7/18/25,20250718_C7B_01388.jpg
2868,C7B,2025,6/30/25,8.5,7/1/25,20250701_C7B_02868.jpg
359,C7B,2025,7/18/25,3.0,7/18/25,20250718_C7B_00359.jpg
4048,C10,2025,7/7/25,7.0,7/7/25,20250707_C10_04048.jpg
4417,C10,2025,7/19/25,2.5,7/18/25,20250718_C10_04417.jpg
1787,C7B,2025,7/19/25,3.0,7/18/25,20250718_C7B_01787.jpg
194,C7B,2025,7/10/25,4.0,7/10/25,20250710_C7B_00194.jpg
738,C7B,2025,6/30/25,7.0,7/1/25,20250701_C7B_00738.jpg
1884,C7B,2025,7/19/25,2.0,7/18/25,20250718_C7B_01884.jpg
1215,C7B,2025,7/18/25,2.0,7/18/25,20250718_C7B_01215.jpg
4351,C10,2025,7/11/25,4.5,7/11/25,20250711_C10_04351.jpg
4652,C10,2025,7/11/25,5.0,7/11/25,20250711_C10_04652.jpg
10372,I3B,2023,7/25/23,5.5,7/27/23,20230727_I3B_10372.jpg
5393,C10,2025,7/20/25,2.5,7/21/25,20250721_C10_05393.jpg
1586,C7B,2025,7/10/25,4.0,7/10/25,20250710_C7B_01586.jpg
7316,G3,2023,7/20/23,6.0,7/20/23,20230720_G3_07316.jpg
2793,C7B,2025,6/30/25,8.0,7/1/25,20250701_C7B_02793.jpg
2643,C7B,2025,7/18/25,7.5,7/18/25,20250718_C7B_02643.jpg
4862,C10,2025,7/20/25,1.5,7/21/25,20250721_C10_04862.jpg
627,C7B,2025,6/30/25,7.0,7/1/25,20250701_C7B_00627.jpg
4438,C10,2025,7/19/25,3.0,7/18/25,20250718_C10_04438.jpg
37,C7B,2025,6/30/25,8.0,7/1/25,20250701_C7B_00037.jpg
1288,C7B,2025,7/1/25,7.0,7/1/25,20250701_C7B_01288.jpg
4400,C10,2025,6/30/25,6.0,6/28/25,20250628_C10_04400.jpg
1804,C7B,2025,7/10/25,4.0,7/10/25,20250710_C7B_01804.jpg
4756,C10,2025,7/2/25,7.0,7/4/25,20250704_C10_04756.jpg
1081,C7B,2025,7/10/25,4.0,7/10/25,20250710_C7B_01081.jpg
10014,I3B,2023,7/12/23,4.0,7/13/23,20230713_I3B_10014.jpg
6002,C10,2025,7/8/25,7.0,7/7/25,20250707_C10_06002.jpg
94,C7B,2025,7/18/25,5.0,7/18/25,20250718_C7B_00094.jpg
1687,C7B,2025,7/10/25,5.0,7/10/25,20250710_C7B_01687.jpg
3071,G3,2023,7/26/23,8.0,7/27/23,20230727_G3_03071.jpg
4711,C10,2025,7/2/25,7.0,7/4/25,20250704_C10_04711.jpg
4911,C10,2025,7/11/25,4.0,7/11/25,20250711_C10_04911.jpg
5788,C10,2025,7/8/25,6.0,7/7/25,20250707_C10_05788.jpg
4355,C10,2025,7/11/25,2.0,7/11/25,20250711_C10_04355.jpg
427,C7B,2025,7/4/25,5.5,7/4/25,20250704_C7B_00427.jpg
1985,C7B,2025,7/19/25,2.0,7/18/25,20250718_C7B_01985.jpg
2751,C7B,2025,7/8/25,7.5,7/7/25,20250707_C7B_02751.jpg
7521,G3,2023,7/20/23,8.0,7/20/23,20230720_G3_07521.jpg
4943,C10,2025,7/11/25,5.0,7/11/25,20250711_C10_04943.jpg
1283,C7B,2025,7/1/25,5.0,7/1/25,20250701_C7B_01283.jpg
1408,C7B,2025,7/1/25,7.0,7/1/25,20250701_C7B_01408.jpg
1458,C7B,2025,7/10/25,5.0,7/10/25,20250710_C7B_01458.jpg
5815,C10,2025,7/11/25,3.0,7/11/25,20250711_C10_05815.jpg
5864,C10,2025,7/1/25,4.0,6/28/25,20250628_C10_05864.jpg
452,C7B,2025,7/10/25,6.5,7/10/25,20250710_C7B_00452.jpg
8035,G3,2023,7/19/23,7.0,7/20/23,20230720_G3_08035.jpg
5179,C10,2025,7/20/25,2.0,7/21/25,20250721_C10_05179.jpg
10963,I3B,2023,7/19/23,5.5,7/20/23,20230720_I3B_10963.jpg
6851,C10,2025,7/18/25,3.5,7/18/25,20250718_C10_06851.jpg
4232,C10,2025,7/11/25,5.5,7/11/25,20250711_C10_04232.jpg
4914,C10,2025,7/20/25,2.0,7/21/25,20250721_C10_04914.jpg
1755,C7B,2025,7/10/25,5.0,7/10/25,20250710_C7B_01755.jpg
4694,C10,2025,7/20/25,2.0,7/21/25,20250721_C10_04694.jpg
6857,C10,2025,7/14/25,8.0,7/14/25,20250714_C10_06857.jpg
9740,I3B,2023,7/12/23,4.0,7/13/23,20230713_I3B_09740.jpg
2692,C7B,2025,7/18/25,7.5,7/18/25,20250718_C7B_02692.jpg
2662,C7B,2025,7/18/25,3.5,7/18/25,20250718_C7B_02662.jpg
4554,C10,2025,7/20/25,2.5,7/21/25,20250721_C10_04554.jpg
11000,I3B,2023,7/19/23,5.5,7/20/23,20230720_I3B_11000.jpg
3191,G3,2023,7/26/23,4.5,7/27/23,20230727_G3_03191.jpg
5066,C10,2025,7/11/25,5.0,7/11/25,20250711_C10_05066.jpg
6742,C10,2025,7/18/25,5.5,7/18/25,20250718_C10_06742.jpg
5291,C10,2025,7/11/25,5.0,7/11/25,20250711_C10_05291.jpg
4656,C10,2025,7/2/25,6.0,7/4/25,20250704_C10_04656.jpg
7534,G3,2023,7/20/23,7.5,7/20/23,20230720_G3_07534.jpg
38,C7B,2025,6/30/25,7.0,7/1/25,20250701_C7B_00038.jpg
1636,C7B,2025,7/10/25,4.0,7/10/25,20250710_C7B_01636.jpg
4518,C10,2025,7/2/25,6.5,7/4/25,20250704_C10_04518.jpg
7315,G3,2023,7/20/23,5.0,7/20/23,20230720_G3_07315.jpg
1902,C7B,2025,7/7/25,5.5,7/7/25,20250707_C7B_01902.jpg
1384,C7B,2025,7/1/25,7.0,7/1/25,20250701_C7B_01384.jpg
5037,C10,2025,7/11/25,4.0,7/11/25,20250711_C10_05037.jpg
1008,C7B,2025,7/18/25,5.0,7/18/25,20250718_C7B_01008.jpg
8142,G3,2023,7/20/23,6.5,7/20/23,20230720_G3_08142.jpg
2865,C7B,2025,7/18/25,5.0,7/18/25,20250718_C7B_02865.jpg
6709,C10,2025,7/14/25,7.5,7/14/25,20250714_C10_06709.jpg
10722,I3B,2023,7/19/23,6.0,7/20/23,20230720_I3B_10722.jpg
1845,C7B,2025,7/19/25,1.5,7/18/25,20250718_C7B_01845.jpg
1406,C7B,2025,7/10/25,4.0,7/10/25,20250710_C7B_01406.jpg
5061,C10,2025,7/2/25,6.0,7/4/25,20250704_C10_05061.jpg
5870,C10,2025,7/11/25,6.0,7/11/25,20250711_C10_05870.jpg
4867,C10,2025,7/20/25,1.5,7/21/25,20250721_C10_04867.jpg
7262,G3,2023,7/26/23,3.0,7/27/23,20230727_G3_07262.jpg
2763,C7B,2025,7/13/25,8.0,7/12/25,20250712_C7B_02763.jpg
11283,I3B,2023,7/19/23,7.5,7/20/23,20230720_I3B_11283.jpg
6773,C10,2025,7/8/25,7.5,7/7/25,20250707_C10_06773.jpg
4718,C10,2025,7/20/25,2.0,7/21/25,20250721_C10_04718.jpg
1466,C7B,2025,7/10/25,8.0,7/10/25,20250710_C7B_01466.jpg
214,C7B,2025,6/30/25,6.0,7/1/25,20250701_C7B_00214.jpg
4716,C10,2025,7/11/25,5.0,7/11/25,20250711_C10_04716.jpg
5394,C10,2025,7/11/25,3.5,7/11/25,20250711_C10_05394.jpg
1155,C7B,2025,7/18/25,4.0,7/18/25,20250718_C7B_01155.jpg
1559,C7B,2025,7/1/25,6.0,7/1/25,20250701_C7B_01559.jpg
654,C7B,2025,7/10/25,6.0,7/10/25,20250710_C7B_00654.jpg
2653,C7B,2025,6/30/25,7.5,7/1/25,20250701_C7B_02653.jpg
231,C7B,2025,7/18/25,3.0,7/18/25,20250718_C7B_00231.jpg
3048,G3,2023,7/26/23,5.0,7/27/23,20230727_G3_03048.jpg
11027,I3B,2023,7/12/23,7.5,7/13/23,20230713_I3B_11027.jpg
1003,C7B,2025,7/10/25,5.0,7/10/25,20250710_C7B_01003.jpg
6686,C10,2025,7/18/25,5.5,7/18/25,20250718_C10_06686.jpg
11347,I3B,2023,7/19/23,7.5,7/20/23,20230720_I3B_11347.jpg
7264,G3,2023,7/19/23,8.0,7/20/23,20230720_G3_07264.jpg
4812,C10,2025,7/2/25,5.0,7/4/25,20250704_C10_04812.jpg
4373,C10,2025,6/30/25,7.0,6/28/25,20250628_C10_04373.jpg
4019,C10,2025,6/30/25,7.5,6/28/25,20250628_C10_04019.jpg
5191,C10,2025,7/20/25,2.0,7/21/25,20250721_C10_05191.jpg
4341,C10,2025,6/30/25,7.5,6/28/25,20250628_C10_04341.jpg
1557,C7B,2025,7/10/25,4.0,7/10/25,20250710_C7B_01557.jpg
16,C7B,2025,6/30/25,7.0,7/1/25,20250701_C7B_00016.jpg
883,C7B,2025,7/10/25,5.0,7/10/25,20250710_C7B_00883.jpg
1275,C7B,2025,7/10/25,6.0,7/10/25,20250710_C7B_01275.jpg
173,C7B,2025,7/10/25,5.0,7/10/25,20250710_C7B_00173.jpg
252,C7B,2025,7/4/25,7.0,7/4/25,20250704_C7B_00252.jpg
65,C7B,2025,6/30/25,6.5,7/1/25,20250701_C7B_00065.jpg
1170,C7B,2025,7/18/25,3.5,7/18/25,20250718_C7B_01170.jpg
5124,C10,2025,7/11/25,4.0,7/11/25,20250711_C10_05124.jpg
5007,C10,2025,7/2/25,7.0,7/4/25,20250704_C10_05007.jpg
1257,C7B,2025,7/18/25,3.0,7/18/25,20250718_C7B_01257.jpg
139,C7B,2025,7/18/25,6.5,7/18/25,20250718_C7B_00139.jpg
10367,I3B,2023,7/25/23,4.0,7/27/23,20230727_I3B_10367.jpg
1616,C7B,2025,7/1/25,7.5,7/1/25,20250701_C7B_01616.jpg
1146,C7B,2025,7/18/25,5.0,7/18/25,20250718_C7B_01146.jpg
4128,C10,2025,6/30/25,7.0,6/28/25,20250628_C10_04128.jpg
6660,C10,2025,7/18/25,6.5,7/18/25,20250718_C10_06660.jpg
1958,C7B,2025,7/19/25,6.0,7/18/25,20250718_C7B_01958.jpg
1817,C7B,2025,7/19/25,4.0,7/18/25,20250718_C7B_01817.jpg
596,C7B,2025,7/10/25,6.0,7/10/25,20250710_C7B_00596.jpg
4063,C10,2025,7/7/25,7.0,7/7/25,20250707_C10_04063.jpg
4784,C10,2025,7/2/25,7.0,7/4/25,20250704_C10_04784.jpg
5465,C10,2025,7/2/25,5.0,7/4/25,20250704_C10_05465.jpg
7433,G3,2023,7/26/23,4.5,7/27/23,20230727_G3_07433.jpg
993,C7B,2025,7/18/25,4.0,7/18/25,20250718_C7B_00993.jpg
6815,C10,2025,7/8/25,6.5,7/7/25,20250707_C10_06815.jpg
1238,C7B,2025,7/10/25,5.0,7/10/25,20250710_C7B_01238.jpg
11061,I3B,2023,7/12/23,7.5,7/13/23,20230713_I3B_11061.jpg
1061,C7B,2025,7/18/25,3.0,7/18/25,20250718_C7B_01061.jpg
8105,G3,2023,7/26/23,5.0,7/27/23,20230727_G3_08105.jpg
1989,C7B,2025,7/7/25,4.0,7/7/25,20250707_C7B_01989.jpg
1548,C7B,2025,7/1/25,7.0,7/1/25,20250701_C7B_01548.jpg
4361,C10,2025,7/11/25,4.0,7/11/25,20250711_C10_04361.jpg
670,C7B,2025,7/10/25,7.0,7/10/25,20250710_C7B_00670.jpg
295,C7B,2025,7/18/25,4.0,7/18/25,20250718_C7B_00295.jpg
5114,C10,2025,7/11/25,5.0,7/11/25,20250711_C10_05114.jpg
5485,C10,2025,7/2/25,6.0,7/4/25,20250704_C10_05485.jpg
4617,C10,2025,7/20/25,2.0,7/21/25,20250721_C10_04617.jpg
954,C7B,2025,7/10/25,6.5,7/10/25,20250710_C7B_00954.jpg
6822,C10,2025,6/30/25,8.5,6/28/25,20250628_C10_06822.jpg
2709,C7B,2025,7/18/25,7.5,7/18/25,20250718_C7B_02709.jpg
5596,C10,2025,7/11/25,6.0,7/11/25,20250711_C10_05596.jpg
5997,C10,2025,7/19/25,4.0,7/18/25,20250718_C10_05997.jpg
24,C7B,2025,7/11/25,5.5,7/10/25,20250710_C7B_00024.jpg
4380,C10,2025,7/19/25,1.5,7/18/25,20250718_C10_04380.jpg
651,C7B,2025,7/18/25,2.5,7/18/25,20250718_C7B_00651.jpg
2757,C7B,2025,7/8/25,8.0,7/7/25,20250707_C7B_02757.jpg
366,C7B,2025,7/10/25,6.0,7/10/25,20250710_C7B_00366.jpg
1728,C7B,2025,7/10/25,7.0,7/10/25,20250710_C7B_01728.jpg
1076,C7B,2025,7/18/25,4.0,7/18/25,20250718_C7B_01076.jpg
9846,I3B,2023,7/12/23,5.5,7/13/23,20230713_I3B_09846.jpg
2050,C7B,2025,7/19/25,5.5,7/18/25,20250718_C7B_02050.jpg
1662,C7B,2025,7/1/25,4.0,7/1/25,20250701_C7B_01662.jpg
3148,G3,2023,7/19/23,5.0,7/20/23,20230720_G3_03148.jpg
294,C7B,2025,6/30/25,7.0,7/1/25,20250701_C7B_00294.jpg
305,C7B,2025,7/10/25,6.0,7/10/25,20250710_C7B_00305.jpg
1145,C7B,2025,7/10/25,4.5,7/10/25,20250710_C7B_01145.jpg
7413,G3,2023,7/20/23,8.0,7/20/23,20230720_G3_07413.jpg
4941,C10,2025,7/20/25,2.0,7/21/25,20250721_C10_04941.jpg
4446,C10,2025,7/19/25,2.0,7/18/25,20250718_C10_04446.jpg
10816,I3B,2023,7/19/23,5.0,7/20/23,20230720_I3B_10816.jpg
1486,C7B,2025,7/10/25,6.5,7/10/25,20250710_C7B_01486.jpg
7513,G3,2023,7/26/23,7.0,7/27/23,20230727_G3_07513.jpg
4837,C10,2025,7/20/25,2.0,7/21/25,20250721_C10_04837.jpg
4327,C10,2025,7/11/25,6.0,7/11/25,20250711_C10_04327.jpg
849,C7B,2025,7/1/25,6.0,7/1/25,20250701_C7B_00849.jpg
5704,C10,2025,7/11/25,5.5,7/11/25,20250711_C10_05704.jpg
1043,C7B,2025,7/1/25,8.0,7/1/25,20250701_C7B_01043.jpg
1850,C7B,2025,7/1/25,7.0,7/1/25,20250701_C7B_01850.jpg
4360,C10,2025,7/11/25,5.0,7/11/25,20250711_C10_04360.jpg
5158,C10,2025,7/11/25,3.5,7/11/25,20250711_C10_05158.jpg
1427,C7B,2025,7/10/25,4.0,7/10/25,20250710_C7B_01427.jpg
605,C7B,2025,6/30/25,7.0,7/1/25,20250701_C7B_00605.jpg
5482,C10,2025,7/11/25,5.5,7/11/25,20250711_C10_05482.jpg
4264,C10,2025,7/11/25,7.0,7/11/25,20250711_C10_04264.jpg
6793,C10,2025,7/14/25,7.5,7/14/25,20250714_C10_06793.jpg
5949,C10,2025,7/2/25,7.0,7/4/25,20250704_C10_05949.jpg
7222,G3,2023,7/26/23,7.5,7/27/23,20230727_G3_07222.jpg
954,C7B,2025,7/18/25,3.0,7/18/25,20250718_C7B_00954.jpg
9741,I3B,2023,7/12/23,5.5,7/13/23,20230713_I3B_09741.jpg
5356,C10,2025,7/20/25,2.0,7/21/25,20250721_C10_05356.jpg
5225,C10,2025,7/2/25,7.0,7/4/25,20250704_C10_05225.jpg
1485,C7B,2025,7/10/25,5.5,7/10/25,20250710_C7B_01485.jpg
1155,C7B,2025,7/10/25,6.0,7/10/25,20250710_C7B_01155.jpg
5896,C10,2025,7/8/25,5.0,7/7/25,20250707_C10_05896.jpg
10732,I3B,2023,7/19/23,6.5,7/20/23,20230720_I3B_10732.jpg
2860,C7B,2025,7/13/25,5.0,7/12/25,20250712_C7B_02860.jpg
5664,C10,2025,7/1/25,6.0,6/28/25,20250628_C10_05664.jpg
4873,C10,2025,7/20/25,2.0,7/21/25,20250721_C10_04873.jpg
86,C7B,2025,7/18/25,3.0,7/18/25,20250718_C7B_00086.jpg
4576,C10,2025,7/11/25,4.0,7/11/25,20250711_C10_04576.jpg
2008,C7B,2025,7/10/25,7.0,7/10/25,20250710_C7B_02008.jpg
4042,C10,2025,7/7/25,8.0,7/7/25,20250707_C10_04042.jpg
4622,C10,2025,7/11/25,4.0,7/11/25,20250711_C10_04622.jpg
7249,G3,2023,7/26/23,4.5,7/27/23,20230727_G3_07249.jpg
4405,C10,2025,7/11/25,5.5,7/11/25,20250711_C10_04405.jpg
5424,C10,2025,7/20/25,2.0,7/21/25,20250721_C10_05424.jpg
6863,C10,2025,6/30/25,8.5,6/28/25,20250628_C10_06863.jpg
5941,C10,2025,7/2/25,7.0,7/4/25,20250704_C10_05941.jpg
6823,C10,2025,7/18/25,6.5,7/18/25,20250718_C10_06823.jpg
10270,I3B,2023,7/25/23,4.5,7/27/23,20230727_I3B_10270.jpg
4824,C10,2025,7/20/25,2.0,7/21/25,20250721_C10_04824.jpg
4036,C10,2025,7/11/25,3.5,7/11/25,20250711_C10_04036.jpg
956,C7B,2025,7/18/25,2.0,7/18/25,20250718_C7B_00956.jpg
5672,C10,2025,7/11/25,7.0,7/11/25,20250711_C10_05672.jpg
10767,I3B,2023,7/19/23,5.0,7/20/23,20230720_I3B_10767.jpg
9788,I3B,2023,7/12/23,4.0,7/13/23,20230713_I3B_09788.jpg
1989,C7B,2025,7/10/25,6.0,7/10/25,20250710_C7B_01989.jpg
1810,C7B,2025,7/7/25,5.0,7/7/25,20250707_C7B_01810.jpg
5725,C10,2025,7/8/25,4.0,7/7/25,20250707_C10_05725.jpg
47,C7B,2025,7/11/25,5.0,7/10/25,20250710_C7B_00047.jpg
5585,C10,2025,7/11/25,4.0,7/11/25,20250711_C10_05585.jpg
10735,I3B,2023,7/19/23,5.0,7/20/23,20230720_I3B_10735.jpg
4915,C10,2025,7/2/25,6.0,7/4/25,20250704_C10_04915.jpg
4189,C10,2025,7/11/25,6.5,7/11/25,20250711_C10_04189.jpg
1274,C7B,2025,7/1/25,7.0,7/1/25,20250701_C7B_01274.jpg
4394,C10,2025,7/19/25,4.0,7/18/25,20250718_C10_04394.jpg
421,C7B,2025,7/4/25,5.0,7/4/25,20250704_C7B_00421.jpg
1876,C7B,2025,7/7/25,5.5,7/7/25,20250707_C7B_01876.jpg
1349,C7B,2025,7/10/25,4.0,7/10/25,20250710_C7B_01349.jpg
4383,C10,2025,7/7/25,5.0,7/7/25,20250707_C10_04383.jpg
4422,C10,2025,6/30/25,7.5,6/28/25,20250628_C10_04422.jpg
5443,C10,2025,7/20/25,2.0,7/21/25,20250721_C10_05443.jpg
4035,C10,2025,7/19/25,3.5,7/18/25,20250718_C10_04035.jpg
3171,G3,2023,7/19/23,5.5,7/20/23,20230720_G3_03171.jpg
5227,C10,2025,7/2/25,6.0,7/4/25,20250704_C10_05227.jpg
1413,C7B,2025,7/18/25,4.0,7/18/25,20250718_C7B_01413.jpg
1024,C7B,2025,7/1/25,7.0,7/1/25,20250701_C7B_01024.jpg
5310,C10,2025,7/20/25,2.0,7/21/25,20250721_C10_05310.jpg
7300,G3,2023,7/20/23,5.0,7/20/23,20230720_G3_07300.jpg
345,C7B,2025,6/30/25,6.0,7/1/25,20250701_C7B_00345.jpg
10979,I3B,2023,7/19/23,7.0,7/20/23,20230720_I3B_10979.jpg
5246,C10,2025,7/11/25,4.0,7/11/25,20250711_C10_05246.jpg
1491,C7B,2025,7/10/25,6.0,7/10/25,20250710_C7B_01491.jpg
5605,C10,2025,7/2/25,5.0,7/4/25,20250704_C10_05605.jpg
4822,C10,2025,7/20/25,5.0,7/21/25,20250721_C10_04822.jpg
424,C7B,2025,7/18/25,3.0,7/18/25,20250718_C7B_00424.jpg
3207,G3,2023,7/26/23,6.0,7/27/23,20230727_G3_03207.jpg
5679,C10,2025,7/11/25,6.0,7/11/25,20250711_C10_05679.jpg
1787,C7B,2025,7/10/25,4.0,7/10/25,20250710_C7B_01787.jpg
5300,C10,2025,7/11/25,5.0,7/11/25,20250711_C10_05300.jpg
9754,I3B,2023,7/12/23,5.0,7/13/23,20230713_I3B_09754.jpg
11032,I3B,2023,7/12/23,6.0,7/13/23,20230713_I3B_11032.jpg
1950,C7B,2025,7/19/25,2.0,7/18/25,20250718_C7B_01950.jpg
1411,C7B,2025,7/1/25,7.0,7/1/25,20250701_C7B_01411.jpg
2652,C7B,2025,7/8/25,7.5,7/7/25,20250707_C7B_02652.jpg
6032,C10,2025,7/2/25,6.0,7/4/25,20250704_C10_06032.jpg
5777,C10,2025,7/8/25,5.0,7/7/25,20250707_C10_05777.jpg
5412,C10,2025,7/11/25,4.0,7/11/25,20250711_C10_05412.jpg
5744,C10,2025,7/19/25,1.5,7/18/25,20250718_C10_05744.jpg
4084,C10,2025,6/30/25,7.0,6/28/25,20250628_C10_04084.jpg
3060,G3,2023,7/19/23,8.0,7/20/23,20230720_G3_03060.jpg
6662,C10,2025,7/3/25,8.0,7/4/25,20250704_C10_06662.jpg
9817,I3B,2023,7/12/23,6.0,7/13/23,20230713_I3B_09817.jpg
4771,C10,2025,7/11/25,4.5,7/11/25,20250711_C10_04771.jpg
171,C7B,2025,6/30/25,7.0,7/1/25,20250701_C7B_00171.jpg
5319,C10,2025,7/11/25,3.5,7/11/25,20250711_C10_05319.jpg
7382,G3,2023,7/20/23,7.0,7/20/23,20230720_G3_07382.jpg
1909,C7B,2025,7/7/25,6.5,7/7/25,20250707_C7B_01909.jpg
1702,C7B,2025,7/1/25,5.0,7/1/25,20250701_C7B_01702.jpg
4200,C10,2025,7/19/25,4.0,7/18/25,20250718_C10_04200.jpg
1492,C7B,2025,7/1/25,5.5,7/1/25,20250701_C7B_01492.jpg
10916,I3B,2023,7/19/23,5.5,7/20/23,20230720_I3B_10916.jpg
2679,C7B,2025,7/8/25,7.5,7/7/25,20250707_C7B_02679.jpg
4302,C10,2025,7/11/25,5.0,7/11/25,20250711_C10_04302.jpg
1173,C7B,2025,7/1/25,7.0,7/1/25,20250701_C7B_01173.jpg
4770,C10,2025,7/20/25,2.0,7/21/25,20250721_C10_04770.jpg
5682,C10,2025,7/11/25,4.0,7/11/25,20250711_C10_05682.jpg
10968,I3B,2023,7/19/23,6.5,7/20/23,20230720_I3B_10968.jpg
6747,C10,2025,7/3/25,8.0,7/4/25,20250704_C10_06747.jpg
4133,C10,2025,7/7/25,4.0,7/7/25,20250707_C10_04133.jpg
4309,C10,2025,7/7/25,6.0,7/7/25,20250707_C10_04309.jpg
4993,C10,2025,7/2/25,6.5,7/4/25,20250704_C10_04993.jpg
5341,C10,2025,7/11/25,4.0,7/11/25,20250711_C10_05341.jpg
5918,C10,2025,7/19/25,1.5,7/18/25,20250718_C10_05918.jpg
4923,C10,2025,7/2/25,8.0,7/4/25,20250704_C10_04923.jpg
871,C7B,2025,7/18/25,2.5,7/18/25,20250718_C7B_00871.jpg
4596,C10,2025,7/11/25,3.5,7/11/25,20250711_C10_04596.jpg
5338,C10,2025,7/11/25,6.0,7/11/25,20250711_C10_05338.jpg
228,C7B,2025,7/18/25,3.0,7/18/25,20250718_C7B_00228.jpg
3044,G3,2023,7/26/23,6.0,7/27/23,20230727_G3_03044.jpg
4056,C10,2025,7/11/25,5.0,7/11/25,20250711_C10_04056.jpg
10721,I3B,2023,7/19/23,5.0,7/20/23,20230720_I3B_10721.jpg
397,C7B,2025,7/10/25,6.0,7/10/25,20250710_C7B_00397.jpg
2046,C7B,2025,7/7/25,7.0,7/7/25,20250707_C7B_02046.jpg
4220,C10,2025,7/19/25,4.0,7/18/25,20250718_C10_04220.jpg
5643,C10,2025,7/20/25,2.5,7/21/25,20250721_C10_05643.jpg
6806,C10,2025,7/14/25,6.0,7/14/25,20250714_C10_06806.jpg
5034,C10,2025,7/20/25,2.0,7/21/25,20250721_C10_05034.jpg
4311,C10,2025,7/11/25,5.5,7/11/25,20250711_C10_04311.jpg
2027,C7B,2025,7/19/25,4.0,7/18/25,20250718_C7B_02027.jpg
5071,C10,2025,7/20/25,2.0,7/21/25,20250721_C10_05071.jpg
4748,C10,2025,7/11/25,4.0,7/11/25,20250711_C10_04748.jpg
5523,C10,2025,7/20/25,2.0,7/21/25,20250721_C10_05523.jpg
609,C7B,2025,7/10/25,4.0,7/10/25,20250710_C7B_00609.jpg
1256,C7B,2025,7/10/25,3.0,7/10/25,20250710_C7B_01256.jpg
4325,C10,2025,7/7/25,5.5,7/7/25,20250707_C10_04325.jpg
1705,C7B,2025,7/1/25,5.0,7/1/25,20250701_C7B_01705.jpg
2706,C7B,2025,6/30/25,8.5,7/1/25,20250701_C7B_02706.jpg
4564,C10,2025,7/11/25,5.0,7/11/25,20250711_C10_04564.jpg
341,C7B,2025,6/30/25,6.0,7/1/25,20250701_C7B_00341.jpg
1801,C7B,2025,7/7/25,6.0,7/7/25,20250707_C7B_01801.jpg
6786,C10,2025,6/30/25,8.5,6/28/25,20250628_C10_06786.jpg
5825,C10,2025,7/11/25,5.0,7/11/25,20250711_C10_05825.jpg
5708,C10,2025,7/19/25,2.5,7/18/25,20250718_C10_05708.jpg
1820,C7B,2025,7/1/25,7.5,7/1/25,20250701_C7B_01820.jpg
5591,C10,2025,7/20/25,1.5,7/21/25,20250721_C10_05591.jpg
4602,C10,2025,7/11/25,4.0,7/11/25,20250711_C10_04602.jpg
1708,C7B,2025,7/10/25,7.5,7/10/25,20250710_C7B_01708.jpg
4778,C10,2025,7/11/25,4.0,7/11/25,20250711_C10_04778.jpg
1921,C7B,2025,7/1/25,6.5,7/1/25,20250701_C7B_01921.jpg
8013,G3,2023,7/19/23,7.0,7/20/23,20230720_G3_08013.jpg
1893,C7B,2025,7/19/25,2.0,7/18/25,20250718_C7B_01893.jpg
376,C7B,2025,7/4/25,7.0,7/4/25,20250704_C7B_00376.jpg
1157,C7B,2025,7/10/25,5.0,7/10/25,20250710_C7B_01157.jpg
5665,C10,2025,7/19/25,2.5,7/18/25,20250718_C10_05665.jpg
4205,C10,2025,7/11/25,6.5,7/11/25,20250711_C10_04205.jpg
1182,C7B,2025,7/10/25,4.0,7/10/25,20250710_C7B_01182.jpg
5812,C10,2025,7/19/25,4.0,7/18/25,20250718_C10_05812.jpg
7537,G3,2023,7/20/23,6.0,7/20/23,20230720_G3_07537.jpg
5807,C10,2025,7/19/25,3.5,7/18/25,20250718_C10_05807.jpg
1372,C7B,2025,7/18/25,1.5,7/18/25,20250718_C7B_01372.jpg
939,C7B,2025,7/18/25,5.0,7/18/25,20250718_C7B_00939.jpg
5644,C10,2025,7/20/25,2.5,7/21/25,20250721_C10_05644.jpg
2049,C7B,2025,7/19/25,3.0,7/18/25,20250718_C7B_02049.jpg
2029,C7B,2025,7/7/25,5.0,7/7/25,20250707_C7B_02029.jpg
4155,C10,2025,7/19/25,3.0,7/18/25,20250718_C10_04155.jpg
6706,C10,2025,6/30/25,8.0,6/28/25,20250628_C10_06706.jpg
4204,C10,2025,7/7/25,5.5,7/7/25,20250707_C10_04204.jpg
7439,G3,2023,7/20/23,7.5,7/20/23,20230720_G3_07439.jpg
5115,C10,2025,7/20/25,2.5,7/21/25,20250721_C10_05115.jpg
218,C7B,2025,7/18/25,3.0,7/18/25,20250718_C7B_00218.jpg
574,C7B,2025,7/10/25,5.0,7/10/25,20250710_C7B_00574.jpg
1776,C7B,2025,7/10/25,6.0,7/10/25,20250710_C7B_01776.jpg
5085,C10,2025,7/2/25,8.0,7/4/25,20250704_C10_05085.jpg
5916,C10,2025,7/19/25,1.5,7/18/25,20250718_C10_05916.jpg
6027,C10,2025,7/11/25,7.0,7/11/25,20250711_C10_06027.jpg
6853,C10,2025,7/18/25,3.0,7/18/25,20250718_C10_06853.jpg
11004,I3B,2023,7/19/23,5.5,7/20/23,20230720_I3B_11004.jpg
1983,C7B,2025,7/1/25,6.0,7/1/25,20250701_C7B_01983.jpg
876,C7B,2025,7/18/25,3.0,7/18/25,20250718_C7B_00876.jpg
5885,C10,2025,7/8/25,4.0,7/7/25,20250707_C10_05885.jpg
6867,C10,2025,7/3/25,6.0,7/4/25,20250704_C10_06867.jpg
1655,C7B,2025,7/18/25,2.0,7/18/25,20250718_C7B_01655.jpg
4083,C10,2025,7/7/25,6.5,7/7/25,20250707_C10_04083.jpg
2755,C7B,2025,6/30/25,8.0,7/1/25,20250701_C7B_02755.jpg
5432,C10,2025,7/11/25,4.0,7/11/25,20250711_C10_05432.jpg
6824,C10,2025,7/14/25,7.0,7/14/25,20250714_C10_06824.jpg
1390,C7B,2025,7/1/25,6.5,7/1/25,20250701_C7B_01390.jpg
11244,I3B,2023,7/19/23,5.5,7/20/23,20230720_I3B_11244.jpg
16,C7B,2025,7/18/25,4.0,7/18/25,20250718_C7B_00016.jpg
7288,G3,2023,7/26/23,8.5,7/27/23,20230727_G3_07288.jpg
4633,C10,2025,7/11/25,4.0,7/11/25,20250711_C10_04633.jpg
9845,I3B,2023,7/12/23,5.0,7/13/23,20230713_I3B_09845.jpg
2848,C7B,2025,7/13/25,8.0,7/12/25,20250712_C7B_02848.jpg
10284,I3B,2023,7/25/23,3.0,7/27/23,20230727_I3B_10284.jpg
544,C7B,2025,6/30/25,6.0,7/1/25,20250701_C7B_00544.jpg
945,C7B,2025,7/18/25,2.5,7/18/25,20250718_C7B_00945.jpg
56,C7B,2025,7/11/25,7.5,7/10/25,20250710_C7B_00056.jpg
6011,C10,2025,7/8/25,2.0,7/7/25,20250707_C10_06011.jpg
259,C7B,2025,7/4/25,7.5,7/4/25,20250704_C7B_00259.jpg
5298,C10,2025,7/2/25,4.0,7/4/25,20250704_C10_05298.jpg
2744,C7B,2025,7/18/25,6.5,7/18/25,20250718_C7B_02744.jpg
892,C7B,2025,7/1/25,7.0,7/1/25,20250701_C7B_00892.jpg
3078,G3,2023,7/19/23,8.5,7/20/23,20230720_G3_03078.jpg
4178,C10,2025,7/19/25,3.0,7/18/25,20250718_C10_04178.jpg
4431,C10,2025,7/7/25,6.0,7/7/25,20250707_C10_04431.jpg
1862,C7B,2025,7/1/25,6.0,7/1/25,20250701_C7B_01862.jpg
5049,C10,2025,7/11/25,4.0,7/11/25,20250711_C10_05049.jpg
5454,C10,2025,7/20/25,1.5,7/21/25,20250721_C10_05454.jpg
1944,C7B,2025,7/10/25,3.0,7/10/25,20250710_C7B_01944.jpg
4174,C10,2025,7/7/25,6.0,7/7/25,20250707_C10_04174.jpg
1309,C7B,2025,7/18/25,1.5,7/18/25,20250718_C7B_01309.jpg
602,C7B,2025,7/10/25,5.0,7/10/25,20250710_C7B_00602.jpg
5474,C10,2025,7/2/25,5.5,7/4/25,20250704_C10_05474.jpg
6706,C10,2025,7/8/25,7.5,7/7/25,20250707_C10_06706.jpg
803,C7B,2025,7/18/25,2.0,7/18/25,20250718_C7B_00803.jpg
10865,I3B,2023,7/19/23,7.0,7/20/23,20230720_I3B_10865.jpg
58,C7B,2025,6/30/25,8.0,7/1/25,20250701_C7B_00058.jpg
4279,C10,2025,6/30/25,7.5,6/28/25,20250628_C10_04279.jpg
7260,G3,2023,7/26/23,3.5,7/27/23,20230727_G3_07260.jpg
5724,C10,2025,7/1/25,4.0,6/28/25,20250628_C10_05724.jpg
2853,C7B,2025,6/30/25,7.5,7/1/25,20250701_C7B_02853.jpg
340,C7B,2025,7/18/25,2.0,7/18/25,20250718_C7B_00340.jpg
8164,G3,2023,7/26/23,5.5,7/27/23,20230727_G3_08164.jpg
4571,C10,2025,7/20/25,3.0,7/21/25,20250721_C10_04571.jpg
8166,G3,2023,7/26/23,6.0,7/27/23,20230727_G3_08166.jpg
1944,C7B,2025,7/19/25,1.5,7/18/25,20250718_C7B_01944.jpg
1929,C7B,2025,7/7/25,8.0,7/7/25,20250707_C7B_01929.jpg
906,C7B,2025,7/10/25,6.0,7/10/25,20250710_C7B_00906.jpg
4403,C10,2025,7/19/25,1.5,7/18/25,20250718_C10_04403.jpg
527,C7B,2025,6/30/25,5.5,7/1/25,20250701_C7B_00527.jpg
4299,C10,2025,7/7/25,5.5,7/7/25,20250707_C10_04299.jpg
6759,C10,2025,7/14/25,7.0,7/14/25,20250714_C10_06759.jpg
10378,I3B,2023,7/25/23,4.0,7/27/23,20230727_I3B_10378.jpg
2834,C7B,2025,6/30/25,8.0,7/1/25,20250701_C7B_02834.jpg
5731,C10,2025,7/11/25,5.0,7/11/25,20250711_C10_05731.jpg
4337,C10,2025,7/19/25,5.0,7/18/25,20250718_C10_04337.jpg
222,C7B,2025,7/10/25,3.5,7/10/25,20250710_C7B_00222.jpg
8030,G3,2023,7/19/23,7.5,7/20/23,20230720_G3_08030.jpg
1531,C7B,2025,7/10/25,4.5,7/10/25,20250710_C7B_01531.jpg
11017,I3B,2023,7/19/23,6.0,7/20/23,20230720_I3B_11017.jpg
1191,C7B,2025,7/1/25,7.0,7/1/25,20250701_C7B_01191.jpg
5036,C10,2025,7/2/25,6.5,7/4/25,20250704_C10_05036.jpg
8109,G3,2023,7/20/23,7.5,7/20/23,20230720_G3_08109.jpg
4398,C10,2025,6/30/25,7.5,6/28/25,20250628_C10_04398.jpg
5919,C10,2025,7/8/25,5.5,7/7/25,20250707_C10_05919.jpg
5962,C10,2025,7/19/25,3.0,7/18/25,20250718_C10_05962.jpg
1628,C7B,2025,7/10/25,4.5,7/10/25,20250710_C7B_01628.jpg
5386,C10,2025,7/11/25,4.0,7/11/25,20250711_C10_05386.jpg
1860,C7B,2025,7/10/25,4.0,7/10/25,20250710_C7B_01860.jpg
173,C7B,2025,7/4/25,6.0,7/4/25,20250704_C7B_00173.jpg
5857,C10,2025,7/19/25,5.0,7/18/25,20250718_C10_05857.jpg
459,C7B,2025,7/18/25,4.0,7/18/25,20250718_C7B_00459.jpg
338,C7B,2025,7/4/25,7.0,7/4/25,20250704_C7B_00338.jpg
2663,C7B,2025,7/18/25,5.5,7/18/25,20250718_C7B_02663.jpg
4253,C10,2025,7/7/25,6.0,7/7/25,20250707_C10_04253.jpg
5119,C10,2025,7/11/25,5.0,7/11/25,20250711_C10_05119.jpg
4977,C10,2025,7/2/25,7.0,7/4/25,20250704_C10_04977.jpg
1912,C7B,2025,7/7/25,5.0,7/7/25,20250707_C7B_01912.jpg
5184,C10,2025,7/20/25,2.0,7/21/25,20250721_C10_05184.jpg
1952,C7B,2025,7/10/25,6.0,7/10/25,20250710_C7B_01952.jpg
96,C7B,2025,7/10/25,7.5,7/10/25,20250710_C7B_00096.jpg
317,C7B,2025,6/30/25,7.0,7/1/25,20250701_C7B_00317.jpg
5951,C10,2025,7/2/25,5.5,7/4/25,20250704_C10_05951.jpg
10866,I3B,2023,7/19/23,5.0,7/20/23,20230720_I3B_10866.jpg
4467,C10,2025,7/11/25,6.0,7/11/25,20250711_C10_04467.jpg
6694,C10,2025,7/14/25,4.0,7/14/25,20250714_C10_06694.jpg
9920,I3B,2023,7/12/23,5.5,7/13/23,20230713_I3B_09920.jpg
5186,C10,2025,7/20/25,2.0,7/21/25,20250721_C10_05186.jpg
1753,C7B,2025,7/19/25,1.5,7/18/25,20250718_C7B_01753.jpg
3006,G3,2023,7/19/23,8.0,7/20/23,20230720_G3_03006.jpg
5116,C10,2025,7/11/25,4.0,7/11/25,20250711_C10_05116.jpg
974,C7B,2025,7/10/25,4.0,7/10/25,20250710_C7B_00974.jpg
48,C7B,2025,6/30/25,7.5,7/1/25,20250701_C7B_00048.jpg
4400,C10,2025,7/19/25,4.0,7/18/25,20250718_C10_04400.jpg
4485,C10,2025,7/11/25,5.0,7/11/25,20250711_C10_04485.jpg
1813,C7B,2025,7/19/25,3.5,7/18/25,20250718_C7B_01813.jpg
322,C7B,2025,7/10/25,3.5,7/10/25,20250710_C7B_00322.jpg
2732,C7B,2025,7/8/25,8.5,7/7/25,20250707_C7B_02732.jpg
5677,C10,2025,7/11/25,5.0,7/11/25,20250711_C10_05677.jpg
5503,C10,2025,7/20/25,2.0,7/21/25,20250721_C10_05503.jpg
6731,C10,2025,7/18/25,7.5,7/18/25,20250718_C10_06731.jpg
489,C7B,2025,7/18/25,2.0,7/18/25,20250718_C7B_00489.jpg
2682,C7B,2025,7/18/25,5.0,7/18/25,20250718_C7B_02682.jpg
297,C7B,2025,7/18/25,4.5,7/18/25,20250718_C7B_00297.jpg
367,C7B,2025,6/30/25,5.5,7/1/25,20250701_C7B_00367.jpg
4524,C10,2025,7/11/25,4.0,7/11/25,20250711_C10_04524.jpg
4790,C10,2025,7/2/25,6.0,7/4/25,20250704_C10_04790.jpg
1606,C7B,2025,7/10/25,6.0,7/10/25,20250710_C7B_01606.jpg
1242,C7B,2025,7/10/25,5.5,7/10/25,20250710_C7B_01242.jpg
6730,C10,2025,7/14/25,6.5,7/14/25,20250714_C10_06730.jpg
5207,C10,2025,7/2/25,8.0,7/4/25,20250704_C10_05207.jpg
1171,C7B,2025,7/18/25,1.0,7/18/25,20250718_C7B_01171.jpg
210,C7B,2025,6/30/25,7.0,7/1/25,20250701_C7B_00210.jpg
5307,C10,2025,7/20/25,5.0,7/21/25,20250721_C10_05307.jpg
2,C7B,2025,7/18/25,7.0,7/18/25,20250718_C7B_00002.jpg
4441,C10,2025,6/30/25,6.0,6/28/25,20250628_C10_04441.jpg
1364,C7B,2025,7/10/25,4.0,7/10/25,20250710_C7B_01364.jpg
9766,I3B,2023,7/12/23,4.5,7/13/23,20230713_I3B_09766.jpg
353,C7B,2025,7/10/25,6.5,7/10/25,20250710_C7B_00353.jpg
1581,C7B,2025,7/10/25,5.0,7/10/25,20250710_C7B_01581.jpg
11227,I3B,2023,7/19/23,5.0,7/20/23,20230720_I3B_11227.jpg
222,C7B,2025,7/4/25,4.5,7/4/25,20250704_C7B_00222.jpg
2715,C7B,2025,7/13/25,7.5,7/12/25,20250712_C7B_02715.jpg
5769,C10,2025,7/8/25,5.0,7/7/25,20250707_C10_05769.jpg
6780,C10,2025,7/14/25,6.5,7/14/25,20250714_C10_06780.jpg
27,C7B,2025,7/18/25,5.0,7/18/25,20250718_C7B_00027.jpg
6035,C10,2025,7/2/25,7.0,7/4/25,20250704_C10_06035.jpg
6645,C10,2025,7/8/25,8.0,7/7/25,20250707_C10_06645.jpg
2789,C7B,2025,6/30/25,8.0,7/1/25,20250701_C7B_02789.jpg
5171,C10,2025,7/20/25,1.5,7/21/25,20250721_C10_05171.jpg
1815,C7B,2025,7/10/25,7.5,7/10/25,20250710_C7B_01815.jpg
1696,C7B,2025,7/1/25,7.5,7/1/25,20250701_C7B_01696.jpg
4901,C10,2025,7/11/25,6.5,7/11/25,20250711_C10_04901.jpg
4603,C10,2025,7/11/25,3.0,7/11/25,20250711_C10_04603.jpg
4569,C10,2025,7/2/25,7.0,7/4/25,20250704_C10_04569.jpg
5505,C10,2025,7/11/25,7.5,7/11/25,20250711_C10_05505.jpg
6669,C10,2025,7/3/25,7.0,7/4/25,20250704_C10_06669.jpg
1230,C7B,2025,7/18/25,2.5,7/18/25,20250718_C7B_01230.jpg
4688,C10,2025,7/2/25,5.0,7/4/25,20250704_C10_04688.jpg
10245,I3B,2023,7/25/23,4.0,7/27/23,20230727_I3B_10245.jpg
1874,C7B,2025,7/7/25,5.0,7/7/25,20250707_C7B_01874.jpg
1835,C7B,2025,7/1/25,6.5,7/1/25,20250701_C7B_01835.jpg
1736,C7B,2025,7/19/25,3.0,7/18/25,20250718_C7B_01736.jpg
1828,C7B,2025,7/1/25,7.0,7/1/25,20250701_C7B_01828.jpg
2040,C7B,2025,7/1/25,5.0,7/1/25,20250701_C7B_02040.jpg
2806,C7B,2025,7/13/25,7.0,7/12/25,20250712_C7B_02806.jpg
5270,C10,2025,7/20/25,4.0,7/21/25,20250721_C10_05270.jpg
5840,C10,2025,7/1/25,5.0,6/28/25,20250628_C10_05840.jpg
4242,C10,2025,7/7/25,3.5,7/7/25,20250707_C10_04242.jpg
872,C7B,2025,7/1/25,6.0,7/1/25,20250701_C7B_00872.jpg
353,C7B,2025,7/18/25,3.0,7/18/25,20250718_C7B_00353.jpg
1480,C7B,2025,7/1/25,7.0,7/1/25,20250701_C7B_01480.jpg
185,C7B,2025,7/4/25,5.0,7/4/25,20250704_C7B_00185.jpg
966,C7B,2025,7/1/25,7.0,7/1/25,20250701_C7B_00966.jpg
4598,C10,2025,7/11/25,4.0,7/11/25,20250711_C10_04598.jpg
4756,C10,2025,7/11/25,4.0,7/11/25,20250711_C10_04756.jpg
6656,C10,2025,7/3/25,7.5,7/4/25,20250704_C10_06656.jpg
5041,C10,2025,7/20/25,1.5,7/21/25,20250721_C10_05041.jpg
1863,C7B,2025,7/1/25,6.0,7/1/25,20250701_C7B_01863.jpg
1415,C7B,2025,7/18/25,5.5,7/18/25,20250718_C7B_01415.jpg
5712,C10,2025,7/11/25,4.0,7/11/25,20250711_C10_05712.jpg
107,C7B,2025,6/30/25,5.5,7/1/25,20250701_C7B_00107.jpg
2028,C7B,2025,7/1/25,7.5,7/1/25,20250701_C7B_02028.jpg
4994,C10,2025,7/2/25,5.0,7/4/25,20250704_C10_04994.jpg
3053,G3,2023,7/19/23,5.0,7/20/23,20230720_G3_03053.jpg
1114,C7B,2025,7/10/25,7.0,7/10/25,20250710_C7B_01114.jpg
4457,C10,2025,6/30/25,6.0,6/28/25,20250628_C10_04457.jpg
5470,C10,2025,7/11/25,5.0,7/11/25,20250711_C10_05470.jpg
5105,C10,2025,7/2/25,5.0,7/4/25,20250704_C10_05105.jpg
7339,G3,2023,7/20/23,7.0,7/20/23,20230720_G3_07339.jpg
125,C7B,2025,7/18/25,4.0,7/18/25,20250718_C7B_00125.jpg
708,C7B,2025,7/18/25,3.0,7/18/25,20250718_C7B_00708.jpg
7276,G3,2023,7/26/23,8.0,7/27/23,20230727_G3_07276.jpg
5939,C10,2025,7/19/25,1.5,7/18/25,20250718_C10_05939.jpg
701,C7B,2025,6/30/25,6.5,7/1/25,20250701_C7B_00701.jpg
5959,C10,2025,7/19/25,3.0,7/18/25,20250718_C10_05959.jpg
277,C7B,2025,7/4/25,7.5,7/4/25,20250704_C7B_00277.jpg
3130,G3,2023,7/26/23,8.0,7/27/23,20230727_G3_03130.jpg
4633,C10,2025,7/20/25,2.5,7/21/25,20250721_C10_04633.jpg
3052,G3,2023,7/19/23,7.5,7/20/23,20230720_G3_03052.jpg
1483,C7B,2025,7/18/25,4.0,7/18/25,20250718_C7B_01483.jpg
2659,C7B,2025,6/30/25,8.5,7/1/25,20250701_C7B_02659.jpg
5869,C10,2025,7/1/25,5.5,6/28/25,20250628_C10_05869.jpg
1004,C7B,2025,7/1/25,7.0,7/1/25,20250701_C7B_01004.jpg
2639,C7B,2025,6/30/25,7.5,7/1/25,20250701_C7B_02639.jpg
2784,C7B,2025,6/30/25,8.0,7/1/25,20250701_C7B_02784.jpg
6753,C10,2025,7/18/25,7.5,7/18/25,20250718_C10_06753.jpg
448,C7B,2025,7/10/25,4.5,7/10/25,20250710_C7B_00448.jpg
4512,C10,2025,7/20/25,2.5,7/21/25,20250721_C10_04512.jpg
4763,C10,2025,7/2/25,5.5,7/4/25,20250704_C10_04763.jpg
5701,C10,2025,7/19/25,4.0,7/18/25,20250718_C10_05701.jpg
9891,I3B,2023,7/12/23,5.0,7/13/23,20230713_I3B_09891.jpg
1900,C7B,2025,7/1/25,7.5,7/1/25,20250701_C7B_01900.jpg
4540,C10,2025,7/2/25,6.5,7/4/25,20250704_C10_04540.jpg
140,C7B,2025,6/30/25,5.0,7/1/25,20250701_C7B_00140.jpg
153,C7B,2025,7/18/25,3.0,7/18/25,20250718_C7B_00153.jpg
4043,C10,2025,7/19/25,5.0,7/18/25,20250718_C10_04043.jpg
6736,C10,2025,7/3/25,8.0,7/4/25,20250704_C10_06736.jpg
7484,G3,2023,7/20/23,7.5,7/20/23,20230720_G3_07484.jpg
6644,C10,2025,6/30/25,8.0,6/28/25,20250628_C10_06644.jpg
2016,C7B,2025,7/10/25,5.0,7/10/25,20250710_C7B_02016.jpg
5763,C10,2025,7/1/25,5.0,6/28/25,20250628_C10_05763.jpg
1267,C7B,2025,7/10/25,4.0,7/10/25,20250710_C7B_01267.jpg
1766,C7B,2025,7/19/25,2.0,7/18/25,20250718_C7B_01766.jpg
121,C7B,2025,7/10/25,6.0,7/10/25,20250710_C7B_00121.jpg
1212,C7B,2025,7/10/25,6.0,7/10/25,20250710_C7B_01212.jpg
9868,I3B,2023,7/12/23,4.5,7/13/23,20230713_I3B_09868.jpg
7244,G3,2023,7/26/23,5.0,7/27/23,20230727_G3_07244.jpg
5174,C10,2025,7/11/25,5.5,7/11/25,20250711_C10_05174.jpg
4985,C10,2025,7/11/25,5.0,7/11/25,20250711_C10_04985.jpg
1372,C7B,2025,7/10/25,5.0,7/10/25,20250710_C7B_01372.jpg
1998,C7B,2025,7/1/25,5.5,7/1/25,20250701_C7B_01998.jpg
6701,C10,2025,7/3/25,7.5,7/4/25,20250704_C10_06701.jpg
7383,G3,2023,7/26/23,8.0,7/27/23,20230727_G3_07383.jpg
6640,C10,2025,6/30/25,8.5,6/28/25,20250628_C10_06640.jpg
4950,C10,2025,7/20/25,3.0,7/21/25,20250721_C10_04950.jpg
7431,G3,2023,7/26/23,4.0,7/27/23,20230727_G3_07431.jpg
1291,C7B,2025,7/10/25,4.5,7/10/25,20250710_C7B_01291.jpg
5820,C10,2025,7/8/25,6.0,7/7/25,20250707_C10_05820.jpg
4793,C10,2025,7/11/25,6.0,7/11/25,20250711_C10_04793.jpg
1536,C7B,2025,7/10/25,5.0,7/10/25,20250710_C7B_01536.jpg
7517,G3,2023,7/20/23,8.0,7/20/23,20230720_G3_07517.jpg
5875,C10,2025,7/1/25,5.0,6/28/25,20250628_C10_05875.jpg
483,C7B,2025,7/18/25,4.0,7/18/25,20250718_C7B_00483.jpg
4323,C10,2025,7/7/25,5.0,7/7/25,20250707_C10_04323.jpg
6695,C10,2025,7/8/25,7.0,7/7/25,20250707_C10_06695.jpg
4875,C10,2025,7/20/25,1.5,7/21/25,20250721_C10_04875.jpg
1452,C7B,2025,7/18/25,2.0,7/18/25,20250718_C7B_01452.jpg
5193,C10,2025,7/11/25,3.0,7/11/25,20250711_C10_05193.jpg
6761,C10,2025,7/8/25,8.0,7/7/25,20250707_C10_06761.jpg
420,C7B,2025,7/18/25,2.0,7/18/25,20250718_C7B_00420.jpg
129,C7B,2025,6/30/25,7.0,7/1/25,20250701_C7B_00129.jpg
5644,C10,2025,7/11/25,5.5,7/11/25,20250711_C10_05644.jpg
1273,C7B,2025,7/1/25,7.0,7/1/25,20250701_C7B_01273.jpg
1439,C7B,2025,7/10/25,5.0,7/10/25,20250710_C7B_01439.jpg
5973,C10,2025,7/11/25,7.5,7/11/25,20250711_C10_05973.jpg
1882,C7B,2025,7/1/25,7.5,7/1/25,20250701_C7B_01882.jpg
483,C7B,2025,6/30/25,6.5,7/1/25,20250701_C7B_00483.jpg
1440,C7B,2025,7/18/25,4.0,7/18/25,20250718_C7B_01440.jpg
1745,C7B,2025,7/10/25,7.5,7/10/25,20250710_C7B_01745.jpg
5967,C10,2025,7/19/25,4.0,7/18/25,20250718_C10_05967.jpg
7328,G3,2023,7/26/23,8.0,7/27/23,20230727_G3_07328.jpg
4375,C10,2025,7/7/25,4.5,7/7/25,20250707_C10_04375.jpg
274,C7B,2025,7/18/25,3.0,7/18/25,20250718_C7B_00274.jpg
6037,C10,2025,7/11/25,5.5,7/11/25,20250711_C10_06037.jpg
7481,G3,2023,7/20/23,8.0,7/20/23,20230720_G3_07481.jpg
4126,C10,2025,7/7/25,4.0,7/7/25,20250707_C10_04126.jpg
4561,C10,2025,7/20/25,4.0,7/21/25,20250721_C10_04561.jpg
1344,C7B,2025,7/1/25,5.0,7/1/25,20250701_C7B_01344.jpg
1892,C7B,2025,7/7/25,7.0,7/7/25,20250707_C7B_01892.jpg
5871,C10,2025,7/11/25,6.5,7/11/25,20250711_C10_05871.jpg
190,C7B,2025,6/30/25,7.5,7/1/25,20250701_C7B_00190.jpg
897,C7B,2025,7/10/25,5.0,7/10/25,20250710_C7B_00897.jpg
1016,C7B,2025,7/18/25,2.0,7/18/25,20250718_C7B_01016.jpg
318,C7B,2025,7/10/25,6.0,7/10/25,20250710_C7B_00318.jpg
5473,C10,2025,7/20/25,1.5,7/21/25,20250721_C10_05473.jpg
4150,C10,2025,7/7/25,5.0,7/7/25,20250707_C10_04150.jpg
5695,C10,2025,7/11/25,4.0,7/11/25,20250711_C10_05695.jpg
1732,C7B,2025,7/10/25,5.0,7/10/25,20250710_C7B_01732.jpg
623,C7B,2025,7/10/25,5.5,7/10/25,20250710_C7B_00623.jpg
10947,I3B,2023,7/19/23,6.0,7/20/23,20230720_I3B_10947.jpg
8070,G3,2023,7/20/23,8.0,7/20/23,20230720_G3_08070.jpg
5583,C10,2025,7/20/25,2.5,7/21/25,20250721_C10_05583.jpg
8168,G3,2023,7/20/23,8.0,7/20/23,20230720_G3_08168.jpg
1801,C7B,2025,7/1/25,7.5,7/1/25,20250701_C7B_01801.jpg
4068,C10,2025,6/30/25,8.0,6/28/25,20250628_C10_04068.jpg
41,C7B,2025,7/4/25,8.5,7/4/25,20250704_C7B_00041.jpg
80,C7B,2025,7/18/25,4.0,7/18/25,20250718_C7B_00080.jpg
870,C7B,2025,7/1/25,7.0,7/1/25,20250701_C7B_00870.jpg
5660,C10,2025,7/11/25,4.0,7/11/25,20250711_C10_05660.jpg
4304,C10,2025,6/30/25,7.0,6/28/25,20250628_C10_04304.jpg
6008,C10,2025,7/11/25,3.5,7/11/25,20250711_C10_06008.jpg
5019,C10,2025,7/11/25,5.0,7/11/25,20250711_C10_05019.jpg
4206,C10,2025,7/11/25,4.0,7/11/25,20250711_C10_04206.jpg
11165,I3B,2023,7/12/23,7.0,7/13/23,20230713_I3B_11165.jpg
4704,C10,2025,7/20/25,2.5,7/21/25,20250721_C10_04704.jpg
175,C7B,2025,7/4/25,5.0,7/4/25,20250704_C7B_00175.jpg
708,C7B,2025,7/10/25,5.0,7/10/25,20250710_C7B_00708.jpg
1651,C7B,2025,7/1/25,5.0,7/1/25,20250701_C7B_01651.jpg
5480,C10,2025,7/20/25,3.0,7/21/25,20250721_C10_05480.jpg
1601,C7B,2025,7/10/25,3.5,7/10/25,20250710_C7B_01601.jpg
7429,G3,2023,7/20/23,8.0,7/20/23,20230720_G3_07429.jpg
176,C7B,2025,7/18/25,6.0,7/18/25,20250718_C7B_00176.jpg
632,C7B,2025,7/10/25,7.0,7/10/25,20250710_C7B_00632.jpg
1649,C7B,2025,7/18/25,4.0,7/18/25,20250718_C7B_01649.jpg
6670,C10,2025,7/18/25,5.0,7/18/25,20250718_C10_06670.jpg
1579,C7B,2025,7/10/25,5.5,7/10/25,20250710_C7B_01579.jpg
423,C7B,2025,6/30/25,6.0,7/1/25,20250701_C7B_00423.jpg
1812,C7B,2025,7/10/25,5.0,7/10/25,20250710_C7B_01812.jpg
6654,C10,2025,7/3/25,7.5,7/4/25,20250704_C10_06654.jpg
15,C7B,2025,7/18/25,3.0,7/18/25,20250718_C7B_00015.jpg
5417,C10,2025,7/11/25,6.0,7/11/25,20250711_C10_05417.jpg
4567,C10,2025,7/2/25,7.0,7/4/25,20250704_C10_04567.jpg
2031,C7B,2025,7/10/25,5.0,7/10/25,20250710_C7B_02031.jpg
1348,C7B,2025,7/1/25,7.0,7/1/25,20250701_C7B_01348.jpg
2007,C7B,2025,7/1/25,7.5,7/1/25,20250701_C7B_02007.jpg
301,C7B,2025,7/10/25,4.0,7/10/25,20250710_C7B_00301.jpg
5879,C10,2025,7/11/25,7.5,7/11/25,20250711_C10_05879.jpg
3104,G3,2023,7/26/23,8.0,7/27/23,20230727_G3_03104.jpg
4404,C10,2025,7/7/25,5.0,7/7/25,20250707_C10_04404.jpg
4757,C10,2025,7/2/25,7.5,7/4/25,20250704_C10_04757.jpg
4335,C10,2025,7/11/25,7.0,7/11/25,20250711_C10_04335.jpg
4245,C10,2025,7/7/25,4.0,7/7/25,20250707_C10_04245.jpg
4236,C10,2025,7/7/25,6.0,7/7/25,20250707_C10_04236.jpg
4710,C10,2025,7/2/25,8.0,7/4/25,20250704_C10_04710.jpg
204,C7B,2025,7/10/25,5.5,7/10/25,20250710_C7B_00204.jpg
5833,C10,2025,7/11/25,7.5,7/11/25,20250711_C10_05833.jpg
4580,C10,2025,7/11/25,6.0,7/11/25,20250711_C10_04580.jpg
10349,I3B,2023,7/25/23,3.0,7/27/23,20230727_I3B_10349.jpg
5730,C10,2025,7/8/25,7.5,7/7/25,20250707_C10_05730.jpg
1596,C7B,2025,7/1/25,7.0,7/1/25,20250701_C7B_01596.jpg
6795,C10,2025,7/8/25,8.5,7/7/25,20250707_C10_06795.jpg
6784,C10,2025,7/3/25,8.0,7/4/25,20250704_C10_06784.jpg
4938,C10,2025,7/2/25,5.5,7/4/25,20250704_C10_04938.jpg
286,C7B,2025,7/18/25,6.0,7/18/25,20250718_C7B_00286.jpg
56,C7B,2025,7/18/25,6.0,7/18/25,20250718_C7B_00056.jpg
490,C7B,2025,7/10/25,5.0,7/10/25,20250710_C7B_00490.jpg
2779,C7B,2025,7/18/25,8.5,7/18/25,20250718_C7B_02779.jpg
1626,C7B,2025,7/10/25,4.0,7/10/25,20250710_C7B_01626.jpg
1172,C7B,2025,7/1/25,6.0,7/1/25,20250701_C7B_01172.jpg
1266,C7B,2025,7/10/25,4.0,7/10/25,20250710_C7B_01266.jpg
4447,C10,2025,6/30/25,7.5,6/28/25,20250628_C10_04447.jpg
4379,C10,2025,7/7/25,4.0,7/7/25,20250707_C10_04379.jpg
4519,C10,2025,7/20/25,2.0,7/21/25,20250721_C10_04519.jpg
9585,I3B,2023,7/12/23,6.0,7/13/23,20230713_I3B_09585.jpg
950,C7B,2025,7/1/25,7.0,7/1/25,20250701_C7B_00950.jpg
5630,C10,2025,7/20/25,1.5,7/21/25,20250721_C10_05630.jpg
1864,C7B,2025,7/10/25,5.0,7/10/25,20250710_C7B_01864.jpg
10796,I3B,2023,7/19/23,6.5,7/20/23,20230720_I3B_10796.jpg
5597,C10,2025,7/20/25,2.0,7/21/25,20250721_C10_05597.jpg
5074,C10,2025,7/11/25,6.5,7/11/25,20250711_C10_05074.jpg
143,C7B,2025,7/18/25,5.0,7/18/25,20250718_C7B_00143.jpg
5399,C10,2025,7/2/25,7.0,7/4/25,20250704_C10_05399.jpg
5333,C10,2025,7/20/25,7.0,7/21/25,20250721_C10_05333.jpg
4811,C10,2025,7/2/25,6.5,7/4/25,20250704_C10_04811.jpg
318,C7B,2025,7/4/25,7.0,7/4/25,20250704_C7B_00318.jpg
5128,C10,2025,7/20/25,2.5,7/21/25,20250721_C10_05128.jpg
10386,I3B,2023,7/25/23,3.0,7/27/23,20230727_I3B_10386.jpg
6667,C10,2025,7/18/25,7.0,7/18/25,20250718_C10_06667.jpg
453,C7B,2025,7/18/25,3.0,7/18/25,20250718_C7B_00453.jpg
1065,C7B,2025,7/1/25,6.0,7/1/25,20250701_C7B_01065.jpg
5578,C10,2025,7/11/25,5.0,7/11/25,20250711_C10_05578.jpg
7409,G3,2023,7/26/23,7.5,7/27/23,20230727_G3_07409.jpg
5317,C10,2025,7/2/25,6.0,7/4/25,20250704_C10_05317.jpg
4208,C10,2025,7/19/25,2.0,7/18/25,20250718_C10_04208.jpg
4189,C10,2025,7/7/25,7.0,7/7/25,20250707_C10_04189.jpg
1538,C7B,2025,7/10/25,4.0,7/10/25,20250710_C7B_01538.jpg
4469,C10,2025,7/20/25,3.5,7/21/25,20250721_C10_04469.jpg
269,C7B,2025,7/18/25,2.0,7/18/25,20250718_C7B_00269.jpg
4931,C10,2025,7/11/25,5.0,7/11/25,20250711_C10_04931.jpg
4368,C10,2025,7/7/25,5.0,7/7/25,20250707_C10_04368.jpg
6763,C10,2025,6/30/25,8.5,6/28/25,20250628_C10_06763.jpg
982,C7B,2025,7/1/25,7.5,7/1/25,20250701_C7B_00982.jpg
10794,I3B,2023,7/19/23,6.0,7/20/23,20230720_I3B_10794.jpg
4343,C10,2025,6/30/25,6.0,6/28/25,20250628_C10_04343.jpg
1731,C7B,2025,7/1/25,6.5,7/1/25,20250701_C7B_01731.jpg
864,C7B,2025,7/10/25,6.0,7/10/25,20250710_C7B_00864.jpg
113,C7B,2025,7/18/25,3.5,7/18/25,20250718_C7B_00113.jpg
11284,I3B,2023,7/19/23,5.0,7/20/23,20230720_I3B_11284.jpg
8139,G3,2023,7/20/23,8.0,7/20/23,20230720_G3_08139.jpg
4017,C10,2025,7/7/25,8.0,7/7/25,20250707_C10_04017.jpg
90,C7B,2025,6/30/25,7.5,7/1/25,20250701_C7B_00090.jpg
6864,C10,2025,7/14/25,7.5,7/14/25,20250714_C10_06864.jpg
9833,I3B,2023,7/12/23,6.0,7/13/23,20230713_I3B_09833.jpg
529,C7B,2025,6/30/25,6.5,7/1/25,20250701_C7B_00529.jpg
4494,C10,2025,7/20/25,2.0,7/21/25,20250721_C10_04494.jpg
4809,C10,2025,7/11/25,4.5,7/11/25,20250711_C10_04809.jpg
9822,I3B,2023,7/12/23,5.5,7/13/23,20230713_I3B_09822.jpg
9803,I3B,2023,7/12/23,6.0,7/13/23,20230713_I3B_09803.jpg
411,C7B,2025,6/30/25,7.0,7/1/25,20250701_C7B_00411.jpg
5276,C10,2025,7/11/25,4.5,7/11/25,20250711_C10_05276.jpg
10769,I3B,2023,7/19/23,5.5,7/20/23,20230720_I3B_10769.jpg
824,C7B,2025,7/10/25,5.5,7/10/25,20250710_C7B_00824.jpg
7418,G3,2023,7/26/23,5.0,7/27/23,20230727_G3_07418.jpg
7468,G3,2023,7/20/23,6.0,7/20/23,20230720_G3_07468.jpg
1463,C7B,2025,7/1/25,4.5,7/1/25,20250701_C7B_01463.jpg
6745,C10,2025,7/18/25,7.0,7/18/25,20250718_C10_06745.jpg
2824,C7B,2025,6/30/25,8.0,7/1/25,20250701_C7B_02824.jpg
10906,I3B,2023,7/19/23,4.5,7/20/23,20230720_I3B_10906.jpg
5195,C10,2025,7/20/25,2.5,7/21/25,20250721_C10_05195.jpg
5794,C10,2025,7/11/25,6.0,7/11/25,20250711_C10_05794.jpg
5294,C10,2025,7/20/25,2.0,7/21/25,20250721_C10_05294.jpg
5362,C10,2025,7/11/25,4.0,7/11/25,20250711_C10_05362.jpg
5021,C10,2025,7/11/25,5.0,7/11/25,20250711_C10_05021.jpg
482,C7B,2025,6/30/25,7.5,7/1/25,20250701_C7B_00482.jpg
6688,C10,2025,7/3/25,7.0,7/4/25,20250704_C10_06688.jpg
4956,C10,2025,7/2/25,7.0,7/4/25,20250704_C10_04956.jpg
7544,G3,2023,7/20/23,6.5,7/20/23,20230720_G3_07544.jpg
5773,C10,2025,7/1/25,7.5,6/28/25,20250628_C10_05773.jpg
1889,C7B,2025,7/10/25,3.0,7/10/25,20250710_C7B_01889.jpg
6872,C10,2025,7/18/25,3.5,7/18/25,20250718_C10_06872.jpg
5100,C10,2025,7/11/25,5.0,7/11/25,20250711_C10_05100.jpg
11034,I3B,2023,7/12/23,8.0,7/13/23,20230713_I3B_11034.jpg
2748,C7B,2025,7/13/25,7.0,7/12/25,20250712_C7B_02748.jpg
5330,C10,2025,7/2/25,6.0,7/4/25,20250704_C10_05330.jpg
4193,C10,2025,7/7/25,4.5,7/7/25,20250707_C10_04193.jpg
8010,G3,2023,7/19/23,7.0,7/20/23,20230720_G3_08010.jpg
797,C7B,2025,6/30/25,7.5,7/1/25,20250701_C7B_00797.jpg
90,C7B,2025,7/4/25,6.0,7/4/25,20250704_C7B_00090.jpg
7304,G3,2023,7/20/23,7.5,7/20/23,20230720_G3_07304.jpg
5147,C10,2025,7/20/25,3.0,7/21/25,20250721_C10_05147.jpg
4922,C10,2025,7/11/25,4.0,7/11/25,20250711_C10_04922.jpg
5987,C10,2025,7/19/25,5.0,7/18/25,20250718_C10_05987.jpg
1465,C7B,2025,7/18/25,4.0,7/18/25,20250718_C7B_01465.jpg
4949,C10,2025,7/2/25,5.0,7/4/25,20250704_C10_04949.jpg
230,C7B,2025,6/30/25,6.5,7/1/25,20250701_C7B_00230.jpg
2009,C7B,2025,7/1/25,7.5,7/1/25,20250701_C7B_02009.jpg
5541,C10,2025,7/20/25,1.5,7/21/25,20250721_C10_05541.jpg
1472,C7B,2025,7/18/25,3.0,7/18/25,20250718_C7B_01472.jpg
3088,G3,2023,7/26/23,8.5,7/27/23,20230727_G3_03088.jpg
5408,C10,2025,7/11/25,6.0,7/11/25,20250711_C10_05408.jpg
484,C7B,2025,6/30/25,7.5,7/1/25,20250701_C7B_00484.jpg
2791,C7B,2025,7/13/25,8.0,7/12/25,20250712_C7B_02791.jpg
4260,C10,2025,7/19/25,1.5,7/18/25,20250718_C10_04260.jpg
4794,C10,2025,7/20/25,3.0,7/21/25,20250721_C10_04794.jpg
4453,C10,2025,6/30/25,7.0,6/28/25,20250628_C10_04453.jpg
5519,C10,2025,7/20/25,4.5,7/21/25,20250721_C10_05519.jpg
1390,C7B,2025,7/18/25,2.5,7/18/25,20250718_C7B_01390.jpg
9935,I3B,2023,7/12/23,4.0,7/13/23,20230713_I3B_09935.jpg
638,C7B,2025,6/30/25,7.5,7/1/25,20250701_C7B_00638.jpg
262,C7B,2025,7/4/25,5.5,7/4/25,20250704_C7B_00262.jpg
7308,G3,2023,7/20/23,7.0,7/20/23,20230720_G3_07308.jpg
1636,C7B,2025,7/1/25,5.5,7/1/25,20250701_C7B_01636.jpg
5110,C10,2025,7/11/25,5.0,7/11/25,20250711_C10_05110.jpg
755,C7B,2025,7/18/25,2.5,7/18/25,20250718_C7B_00755.jpg
1721,C7B,2025,7/19/25,2.0,7/18/25,20250718_C7B_01721.jpg
5808,C10,2025,7/11/25,5.5,7/11/25,20250711_C10_05808.jpg
7238,G3,2023,7/19/23,5.5,7/20/23,20230720_G3_07238.jpg
5971,C10,2025,7/19/25,3.0,7/18/25,20250718_C10_05971.jpg
187,C7B,2025,7/10/25,6.5,7/10/25,20250710_C7B_00187.jpg
9902,I3B,2023,7/12/23,6.5,7/13/23,20230713_I3B_09902.jpg
1429,C7B,2025,7/1/25,7.5,7/1/25,20250701_C7B_01429.jpg
5569,C10,2025,7/2/25,5.0,7/4/25,20250704_C10_05569.jpg
8101,G3,2023,7/20/23,5.5,7/20/23,20230720_G3_08101.jpg
6045,C10,2025,7/8/25,5.0,7/7/25,20250707_C10_06045.jpg
1358,C7B,2025,7/18/25,2.5,7/18/25,20250718_C7B_01358.jpg
6700,C10,2025,7/14/25,6.5,7/14/25,20250714_C10_06700.jpg
3114,G3,2023,7/19/23,8.0,7/20/23,20230720_G3_03114.jpg
2032,C7B,2025,7/1/25,6.0,7/1/25,20250701_C7B_02032.jpg
805,C7B,2025,7/10/25,5.0,7/10/25,20250710_C7B_00805.jpg
6733,C10,2025,7/3/25,8.0,7/4/25,20250704_C10_06733.jpg
8163,G3,2023,7/26/23,7.5,7/27/23,20230727_G3_08163.jpg
401,C7B,2025,6/30/25,7.5,7/1/25,20250701_C7B_00401.jpg
185,C7B,2025,7/18/25,2.0,7/18/25,20250718_C7B_00185.jpg
1712,C7B,2025,7/19/25,2.0,7/18/25,20250718_C7B_01712.jpg
11363,I3B,2023,7/19/23,7.0,7/20/23,20230720_I3B_11363.jpg
780,C7B,2025,7/10/25,7.5,7/10/25,20250710_C7B_00780.jpg
2803,C7B,2025,7/18/25,7.5,7/18/25,20250718_C7B_02803.jpg
270,C7B,2025,7/18/25,4.5,7/18/25,20250718_C7B_00270.jpg
8114,G3,2023,7/26/23,8.0,7/27/23,20230727_G3_08114.jpg
675,C7B,2025,6/30/25,7.5,7/1/25,20250701_C7B_00675.jpg
1361,C7B,2025,7/10/25,5.0,7/10/25,20250710_C7B_01361.jpg
2717,C7B,2025,6/30/25,8.5,7/1/25,20250701_C7B_02717.jpg
4037,C10,2025,7/19/25,5.5,7/18/25,20250718_C10_04037.jpg
11220,I3B,2023,7/19/23,7.5,7/20/23,20230720_I3B_11220.jpg
4429,C10,2025,7/19/25,2.0,7/18/25,20250718_C10_04429.jpg
5204,C10,2025,7/2/25,6.0,7/4/25,20250704_C10_05204.jpg
10924,I3B,2023,7/19/23,6.0,7/20/23,20230720_I3B_10924.jpg
10411,I3B,2023,7/25/23,4.0,7/27/23,20230727_I3B_10411.jpg
5466,C10,2025,7/20/25,3.0,7/21/25,20250721_C10_05466.jpg
4899,C10,2025,7/20/25,3.0,7/21/25,20250721_C10_04899.jpg
7248,G3,2023,7/26/23,4.0,7/27/23,20230727_G3_07248.jpg
5923,C10,2025,7/1/25,8.0,6/28/25,20250628_C10_05923.jpg
6001,C10,2025,7/8/25,6.0,7/7/25,20250707_C10_06001.jpg
8037,G3,2023,7/26/23,4.0,7/27/23,20230727_G3_08037.jpg
1630,C7B,2025,7/18/25,2.0,7/18/25,20250718_C7B_01630.jpg
6033,C10,2025,7/19/25,2.5,7/18/25,20250718_C10_06033.jpg
5078,C10,2025,7/2/25,6.0,7/4/25,20250704_C10_05078.jpg
650,C7B,2025,6/30/25,7.5,7/1/25,20250701_C7B_00650.jpg
4649,C10,2025,7/2/25,6.0,7/4/25,20250704_C10_04649.jpg
4107,C10,2025,7/7/25,7.0,7/7/25,20250707_C10_04107.jpg
4209,C10,2025,7/11/25,4.0,7/11/25,20250711_C10_04209.jpg
5226,C10,2025,7/11/25,4.0,7/11/25,20250711_C10_05226.jpg
132,C7B,2025,7/18/25,4.0,7/18/25,20250718_C7B_00132.jpg
1271,C7B,2025,7/1/25,5.5,7/1/25,20250701_C7B_01271.jpg
4332,C10,2025,7/7/25,7.0,7/7/25,20250707_C10_04332.jpg
763,C7B,2025,6/30/25,6.5,7/1/25,20250701_C7B_00763.jpg
3199,G3,2023,7/26/23,3.0,7/27/23,20230727_G3_03199.jpg
1539,C7B,2025,7/18/25,5.0,7/18/25,20250718_C7B_01539.jpg
143,C7B,2025,6/30/25,7.5,7/1/25,20250701_C7B_00143.jpg
924,C7B,2025,7/10/25,5.0,7/10/25,20250710_C7B_00924.jpg
7298,G3,2023,7/20/23,7.5,7/20/23,20230720_G3_07298.jpg
1991,C7B,2025,7/7/25,6.0,7/7/25,20250707_C7B_01991.jpg
6812,C10,2025,7/8/25,8.0,7/7/25,20250707_C10_06812.jpg
6733,C10,2025,7/18/25,8.5,7/18/25,20250718_C10_06733.jpg
1323,C7B,2025,7/1/25,6.5,7/1/25,20250701_C7B_01323.jpg
2028,C7B,2025,7/19/25,4.0,7/18/25,20250718_C7B_02028.jpg
399,C7B,2025,7/4/25,4.0,7/4/25,20250704_C7B_00399.jpg
5084,C10,2025,7/20/25,1.5,7/21/25,20250721_C10_05084.jpg
2877,C7B,2025,7/8/25,8.0,7/7/25,20250707_C7B_02877.jpg
4029,C10,2025,6/30/25,7.0,6/28/25,20250628_C10_04029.jpg
775,C7B,2025,7/10/25,6.0,7/10/25,20250710_C7B_00775.jpg
5219,C10,2025,7/20/25,2.0,7/21/25,20250721_C10_05219.jpg
2821,C7B,2025,7/8/25,8.0,7/7/25,20250707_C7B_02821.jpg
7394,G3,2023,7/20/23,6.5,7/20/23,20230720_G3_07394.jpg
5049,C10,2025,7/2/25,5.5,7/4/25,20250704_C10_05049.jpg
436,C7B,2025,7/10/25,7.5,7/10/25,20250710_C7B_00436.jpg
216,C7B,2025,6/30/25,6.5,7/1/25,20250701_C7B_00216.jpg
632,C7B,2025,6/30/25,7.0,7/1/25,20250701_C7B_00632.jpg
8014,G3,2023,7/19/23,7.5,7/20/23,20230720_G3_08014.jpg
155,C7B,2025,7/10/25,5.0,7/10/25,20250710_C7B_00155.jpg
5558,C10,2025,7/20/25,2.5,7/21/25,20250721_C10_05558.jpg
11089,I3B,2023,7/12/23,7.0,7/13/23,20230713_I3B_11089.jpg
1221,C7B,2025,7/18/25,2.0,7/18/25,20250718_C7B_01221.jpg
5917,C10,2025,7/11/25,6.0,7/11/25,20250711_C10_05917.jpg
1037,C7B,2025,7/1/25,7.0,7/1/25,20250701_C7B_01037.jpg
629,C7B,2025,6/30/25,7.5,7/1/25,20250701_C7B_00629.jpg
1799,C7B,2025,7/19/25,3.0,7/18/25,20250718_C7B_01799.jpg
834,C7B,2025,7/18/25,2.0,7/18/25,20250718_C7B_00834.jpg
612,C7B,2025,7/10/25,5.0,7/10/25,20250710_C7B_00612.jpg
1523,C7B,2025,7/18/25,2.0,7/18/25,20250718_C7B_01523.jpg
526,C7B,2025,7/10/25,5.0,7/10/25,20250710_C7B_00526.jpg
5577,C10,2025,7/20/25,2.0,7/21/25,20250721_C10_05577.jpg
5585,C10,2025,7/2/25,5.0,7/4/25,20250704_C10_05585.jpg
304,C7B,2025,7/4/25,6.0,7/4/25,20250704_C7B_00304.jpg
1770,C7B,2025,7/1/25,8.0,7/1/25,20250701_C7B_01770.jpg
60,C7B,2025,7/18/25,5.0,7/18/25,20250718_C7B_00060.jpg
437,C7B,2025,7/4/25,5.0,7/4/25,20250704_C7B_00437.jpg
11274,I3B,2023,7/19/23,7.5,7/20/23,20230720_I3B_11274.jpg
5542,C10,2025,7/20/25,3.0,7/21/25,20250721_C10_05542.jpg
159,C7B,2025,7/10/25,3.5,7/10/25,20250710_C7B_00159.jpg
1682,C7B,2025,7/19/25,5.0,7/18/25,20250718_C7B_01682.jpg
6735,C10,2025,6/30/25,8.5,6/28/25,20250628_C10_06735.jpg
5315,C10,2025,7/20/25,2.0,7/21/25,20250721_C10_05315.jpg
2635,C7B,2025,7/13/25,7.5,7/12/25,20250712_C7B_02635.jpg
22,C7B,2025,6/30/25,8.0,7/1/25,20250701_C7B_00022.jpg
3011,G3,2023,7/26/23,7.0,7/27/23,20230727_G3_03011.jpg
5657,C10,2025,7/20/25,2.0,7/21/25,20250721_C10_05657.jpg
785,C7B,2025,6/30/25,7.0,7/1/25,20250701_C7B_00785.jpg
2845,C7B,2025,6/30/25,7.0,7/1/25,20250701_C7B_02845.jpg
981,C7B,2025,7/10/25,7.5,7/10/25,20250710_C7B_00981.jpg
6695,C10,2025,7/18/25,3.0,7/18/25,20250718_C10_06695.jpg
56,C7B,2025,6/30/25,7.5,7/1/25,20250701_C7B_00056.jpg
446,C7B,2025,7/4/25,7.5,7/4/25,20250704_C7B_00446.jpg
7258,G3,2023,7/26/23,6.0,7/27/23,20230727_G3_07258.jpg
5942,C10,2025,7/11/25,5.0,7/11/25,20250711_C10_05942.jpg
2635,C7B,2025,6/30/25,7.5,7/1/25,20250701_C7B_02635.jpg
7392,G3,2023,7/20/23,6.5,7/20/23,20230720_G3_07392.jpg
4796,C10,2025,7/11/25,5.0,7/11/25,20250711_C10_04796.jpg
7522,G3,2023,7/20/23,6.5,7/20/23,20230720_G3_07522.jpg
6777,C10,2025,7/14/25,7.5,7/14/25,20250714_C10_06777.jpg
2816,C7B,2025,6/30/25,7.5,7/1/25,20250701_C7B_02816.jpg
6833,C10,2025,7/14/25,6.0,7/14/25,20250714_C10_06833.jpg
1138,C7B,2025,7/1/25,6.0,7/1/25,20250701_C7B_01138.jpg
137,C7B,2025,7/18/25,4.5,7/18/25,20250718_C7B_00137.jpg
638,C7B,2025,7/10/25,7.5,7/10/25,20250710_C7B_00638.jpg
5523,C10,2025,7/11/25,4.0,7/11/25,20250711_C10_05523.jpg
3181,G3,2023,7/26/23,3.5,7/27/23,20230727_G3_03181.jpg
10733,I3B,2023,7/19/23,6.5,7/20/23,20230720_I3B_10733.jpg
1467,C7B,2025,7/1/25,7.0,7/1/25,20250701_C7B_01467.jpg
510,C7B,2025,7/18/25,4.0,7/18/25,20250718_C7B_00510.jpg
6734,C10,2025,7/3/25,8.0,7/4/25,20250704_C10_06734.jpg
1262,C7B,2025,7/10/25,7.5,7/10/25,20250710_C7B_01262.jpg
3138,G3,2023,7/19/23,8.0,7/20/23,20230720_G3_03138.jpg
4562,C10,2025,7/20/25,5.0,7/21/25,20250721_C10_04562.jpg
4096,C10,2025,6/30/25,6.0,6/28/25,20250628_C10_04096.jpg
4547,C10,2025,7/20/25,1.5,7/21/25,20250721_C10_04547.jpg
4617,C10,2025,7/2/25,5.0,7/4/25,20250704_C10_04617.jpg
297,C7B,2025,7/4/25,6.0,7/4/25,20250704_C7B_00297.jpg
1304,C7B,2025,7/18/25,3.0,7/18/25,20250718_C7B_01304.jpg
5608,C10,2025,7/20/25,2.0,7/21/25,20250721_C10_05608.jpg
2819,C7B,2025,7/8/25,8.0,7/7/25,20250707_C7B_02819.jpg
5383,C10,2025,7/20/25,4.0,7/21/25,20250721_C10_05383.jpg
781,C7B,2025,7/18/25,2.0,7/18/25,20250718_C7B_00781.jpg
1864,C7B,2025,7/19/25,3.0,7/18/25,20250718_C7B_01864.jpg
4195,C10,2025,7/7/25,5.5,7/7/25,20250707_C10_04195.jpg
408,C7B,2025,6/30/25,5.0,7/1/25,20250701_C7B_00408.jpg
2698,C7B,2025,6/30/25,8.5,7/1/25,20250701_C7B_02698.jpg
4643,C10,2025,7/2/25,7.0,7/4/25,20250704_C10_04643.jpg
9566,I3B,2023,7/12/23,6.0,7/13/23,20230713_I3B_09566.jpg
918,C7B,2025,7/18/25,3.0,7/18/25,20250718_C7B_00918.jpg
11064,I3B,2023,7/12/23,7.0,7/13/23,20230713_I3B_11064.jpg
6870,C10,2025,7/14/25,5.0,7/14/25,20250714_C10_06870.jpg
4812,C10,2025,7/20/25,2.5,7/21/25,20250721_C10_04812.jpg
248,C7B,2025,6/30/25,7.5,7/1/25,20250701_C7B_00248.jpg
2045,C7B,2025,7/1/25,6.0,7/1/25,20250701_C7B_02045.jpg
4263,C10,2025,6/30/25,6.0,6/28/25,20250628_C10_04263.jpg
9718,I3B,2023,7/12/23,4.5,7/13/23,20230713_I3B_09718.jpg
277,C7B,2025,6/30/25,7.0,7/1/25,20250701_C7B_00277.jpg
11141,I3B,2023,7/12/23,7.5,7/13/23,20230713_I3B_11141.jpg
6013,C10,2025,7/19/25,2.0,7/18/25,20250718_C10_06013.jpg
1515,C7B,2025,7/18/25,2.0,7/18/25,20250718_C7B_01515.jpg
987,C7B,2025,7/1/25,7.5,7/1/25,20250701_C7B_00987.jpg
1807,C7B,2025,7/19/25,3.0,7/18/25,20250718_C7B_01807.jpg
11198,I3B,2023,7/19/23,5.5,7/20/23,20230720_I3B_11198.jpg
4895,C10,2025,7/11/25,4.0,7/11/25,20250711_C10_04895.jpg
2042,C7B,2025,7/7/25,5.0,7/7/25,20250707_C7B_02042.jpg
1794,C7B,2025,7/10/25,5.0,7/10/25,20250710_C7B_01794.jpg
1470,C7B,2025,7/10/25,5.5,7/10/25,20250710_C7B_01470.jpg
540,C7B,2025,6/30/25,7.5,7/1/25,20250701_C7B_00540.jpg
2778,C7B,2025,7/8/25,7.5,7/7/25,20250707_C7B_02778.jpg
10826,I3B,2023,7/19/23,7.0,7/20/23,20230720_I3B_10826.jpg
5870,C10,2025,7/1/25,7.0,6/28/25,20250628_C10_05870.jpg
5603,C10,2025,7/2/25,6.5,7/4/25,20250704_C10_05603.jpg
5270,C10,2025,7/11/25,5.5,7/11/25,20250711_C10_05270.jpg
2753,C7B,2025,7/13/25,7.0,7/12/25,20250712_C7B_02753.jpg
2047,C7B,2025,7/7/25,6.0,7/7/25,20250707_C7B_02047.jpg
1826,C7B,2025,7/7/25,6.0,7/7/25,20250707_C7B_01826.jpg
4362,C10,2025,7/11/25,4.5,7/11/25,20250711_C10_04362.jpg
355,C7B,2025,7/4/25,6.0,7/4/25,20250704_C7B_00355.jpg
4509,C10,2025,7/11/25,7.5,7/11/25,20250711_C10_04509.jpg
4067,C10,2025,7/11/25,7.5,7/11/25,20250711_C10_04067.jpg
4399,C10,2025,7/7/25,5.5,7/7/25,20250707_C10_04399.jpg
4187,C10,2025,7/7/25,5.5,7/7/25,20250707_C10_04187.jpg
1092,C7B,2025,7/10/25,6.5,7/10/25,20250710_C7B_01092.jpg
693,C7B,2025,7/10/25,6.0,7/10/25,20250710_C7B_00693.jpg
3065,G3,2023,7/26/23,7.5,7/27/23,20230727_G3_03065.jpg
5764,C10,2025,7/1/25,7.0,6/28/25,20250628_C10_05764.jpg
330,C7B,2025,7/18/25,4.0,7/18/25,20250718_C7B_00330.jpg
4153,C10,2025,7/7/25,4.0,7/7/25,20250707_C10_04153.jpg
4895,C10,2025,7/20/25,2.0,7/21/25,20250721_C10_04895.jpg
7541,G3,2023,7/26/23,8.0,7/27/23,20230727_G3_07541.jpg
36,C7B,2025,7/4/25,8.0,7/4/25,20250704_C7B_00036.jpg
1145,C7B,2025,7/1/25,6.0,7/1/25,20250701_C7B_01145.jpg
1693,C7B,2025,7/1/25,8.0,7/1/25,20250701_C7B_01693.jpg
4536,C10,2025,7/20/25,2.0,7/21/25,20250721_C10_04536.jpg
6776,C10,2025,6/30/25,8.0,6/28/25,20250628_C10_06776.jpg
3031,G3,2023,7/26/23,8.0,7/27/23,20230727_G3_03031.jpg
5332,C10,2025,7/20/25,2.0,7/21/25,20250721_C10_05332.jpg
1963,C7B,2025,7/10/25,5.5,7/10/25,20250710_C7B_01963.jpg
2823,C7B,2025,7/18/25,8.0,7/18/25,20250718_C7B_02823.jpg
149,C7B,2025,7/10/25,6.0,7/10/25,20250710_C7B_00149.jpg
4349,C10,2025,7/11/25,3.0,7/11/25,20250711_C10_04349.jpg
4362,C10,2025,6/30/25,6.0,6/28/25,20250628_C10_04362.jpg
206,C7B,2025,7/10/25,4.0,7/10/25,20250710_C7B_00206.jpg
350,C7B,2025,7/18/25,4.0,7/18/25,20250718_C7B_00350.jpg
1561,C7B,2025,7/10/25,5.0,7/10/25,20250710_C7B_01561.jpg
1545,C7B,2025,7/10/25,5.0,7/10/25,20250710_C7B_01545.jpg
6009,C10,2025,7/8/25,4.0,7/7/25,20250707_C10_06009.jpg
2860,C7B,2025,7/8/25,7.5,7/7/25,20250707_C7B_02860.jpg
10908,I3B,2023,7/19/23,5.5,7/20/23,20230720_I3B_10908.jpg
344,C7B,2025,7/4/25,8.0,7/4/25,20250704_C7B_00344.jpg
673,C7B,2025,7/18/25,4.0,7/18/25,20250718_C7B_00673.jpg
9988,I3B,2023,7/12/23,6.0,7/13/23,20230713_I3B_09988.jpg
4146,C10,2025,6/30/25,6.5,6/28/25,20250628_C10_04146.jpg
305,C7B,2025,7/18/25,4.0,7/18/25,20250718_C7B_00305.jpg
666,C7B,2025,6/30/25,7.0,7/1/25,20250701_C7B_00666.jpg
2032,C7B,2025,7/10/25,4.0,7/10/25,20250710_C7B_02032.jpg
9985,I3B,2023,7/12/23,6.0,7/13/23,20230713_I3B_09985.jpg
209,C7B,2025,7/4/25,5.5,7/4/25,20250704_C7B_00209.jpg
1103,C7B,2025,7/1/25,8.0,7/1/25,20250701_C7B_01103.jpg
7250,G3,2023,7/19/23,8.0,7/20/23,20230720_G3_07250.jpg
9802,I3B,2023,7/12/23,4.5,7/13/23,20230713_I3B_09802.jpg
2019,C7B,2025,7/10/25,7.0,7/10/25,20250710_C7B_02019.jpg
1969,C7B,2025,7/10/25,5.0,7/10/25,20250710_C7B_01969.jpg
1163,C7B,2025,7/10/25,6.0,7/10/25,20250710_C7B_01163.jpg
10788,I3B,2023,7/19/23,5.5,7/20/23,20230720_I3B_10788.jpg
2636,C7B,2025,6/30/25,6.5,7/1/25,20250701_C7B_02636.jpg
4171,C10,2025,6/30/25,7.0,6/28/25,20250628_C10_04171.jpg
1325,C7B,2025,7/1/25,5.0,7/1/25,20250701_C7B_01325.jpg
5017,C10,2025,7/2/25,6.0,7/4/25,20250704_C10_05017.jpg
6756,C10,2025,7/8/25,8.5,7/7/25,20250707_C10_06756.jpg
4969,C10,2025,7/20/25,2.5,7/21/25,20250721_C10_04969.jpg
5974,C10,2025,7/2/25,5.5,7/4/25,20250704_C10_05974.jpg
907,C7B,2025,7/1/25,7.0,7/1/25,20250701_C7B_00907.jpg
1409,C7B,2025,7/1/25,7.5,7/1/25,20250701_C7B_01409.jpg
1788,C7B,2025,7/1/25,8.0,7/1/25,20250701_C7B_01788.jpg
11292,I3B,2023,7/19/23,6.0,7/20/23,20230720_I3B_11292.jpg
128,C7B,2025,7/4/25,7.0,7/4/25,20250704_C7B_00128.jpg
5601,C10,2025,7/11/25,5.0,7/11/25,20250711_C10_05601.jpg
5445,C10,2025,7/2/25,4.0,7/4/25,20250704_C10_05445.jpg
4321,C10,2025,7/11/25,4.0,7/11/25,20250711_C10_04321.jpg
9713,I3B,2023,7/12/23,5.0,7/13/23,20230713_I3B_09713.jpg
4294,C10,2025,7/19/25,2.0,7/18/25,20250718_C10_04294.jpg
1925,C7B,2025,7/19/25,3.5,7/18/25,20250718_C7B_01925.jpg
4430,C10,2025,6/30/25,7.0,6/28/25,20250628_C10_04430.jpg
752,C7B,2025,7/10/25,6.0,7/10/25,20250710_C7B_00752.jpg
4826,C10,2025,7/11/25,4.0,7/11/25,20250711_C10_04826.jpg
11183,I3B,2023,7/12/23,7.0,7/13/23,20230713_I3B_11183.jpg
25,C7B,2025,7/11/25,6.0,7/10/25,20250710_C7B_00025.jpg
9618,I3B,2023,7/12/23,7.0,7/13/23,20230713_I3B_09618.jpg
6869,C10,2025,7/8/25,8.0,7/7/25,20250707_C10_06869.jpg
3098,G3,2023,7/19/23,8.0,7/20/23,20230720_G3_03098.jpg
5671,C10,2025,7/1/25,5.5,6/28/25,20250628_C10_05671.jpg
6665,C10,2025,6/30/25,7.5,6/28/25,20250628_C10_06665.jpg
1854,C7B,2025,7/7/25,4.5,7/7/25,20250707_C7B_01854.jpg
5866,C10,2025,7/19/25,2.0,7/18/25,20250718_C10_05866.jpg
223,C7B,2025,7/4/25,6.0,7/4/25,20250704_C7B_00223.jpg
6829,C10,2025,6/30/25,8.0,6/28/25,20250628_C10_06829.jpg
1420,C7B,2025,7/10/25,4.0,7/10/25,20250710_C7B_01420.jpg
467,C7B,2025,7/10/25,4.0,7/10/25,20250710_C7B_00467.jpg
5059,C10,2025,7/2/25,6.0,7/4/25,20250704_C10_05059.jpg
4910,C10,2025,7/20/25,2.0,7/21/25,20250721_C10_04910.jpg
2759,C7B,2025,7/18/25,7.5,7/18/25,20250718_C7B_02759.jpg
4888,C10,2025,7/11/25,5.0,7/11/25,20250711_C10_04888.jpg
4211,C10,2025,6/30/25,6.5,6/28/25,20250628_C10_04211.jpg
4641,C10,2025,7/2/25,7.0,7/4/25,20250704_C10_04641.jpg
644,C7B,2025,7/10/25,5.0,7/10/25,20250710_C7B_00644.jpg
4957,C10,2025,7/2/25,6.0,7/4/25,20250704_C10_04957.jpg
6747,C10,2025,7/14/25,8.0,7/14/25,20250714_C10_06747.jpg
1839,C7B,2025,7/10/25,7.5,7/10/25,20250710_C7B_01839.jpg
212,C7B,2025,7/4/25,5.0,7/4/25,20250704_C7B_00212.jpg
8061,G3,2023,7/19/23,4.0,7/20/23,20230720_G3_08061.jpg
1817,C7B,2025,7/10/25,7.0,7/10/25,20250710_C7B_01817.jpg
2681,C7B,2025,7/8/25,7.5,7/7/25,20250707_C7B_02681.jpg
2766,C7B,2025,7/8/25,8.0,7/7/25,20250707_C7B_02766.jpg
6781,C10,2025,7/18/25,7.0,7/18/25,20250718_C10_06781.jpg
4149,C10,2025,7/11/25,3.0,7/11/25,20250711_C10_04149.jpg
5251,C10,2025,7/2/25,5.0,7/4/25,20250704_C10_05251.jpg
5168,C10,2025,7/2/25,6.5,7/4/25,20250704_C10_05168.jpg
6788,C10,2025,7/3/25,8.0,7/4/25,20250704_C10_06788.jpg
1671,C7B,2025,7/1/25,6.5,7/1/25,20250701_C7B_01671.jpg
4831,C10,2025,7/20/25,2.0,7/21/25,20250721_C10_04831.jpg
5297,C10,2025,7/11/25,5.0,7/11/25,20250711_C10_05297.jpg
438,C7B,2025,6/30/25,8.0,7/1/25,20250701_C7B_00438.jpg
6864,C10,2025,7/3/25,7.5,7/4/25,20250704_C10_06864.jpg
1855,C7B,2025,7/1/25,7.5,7/1/25,20250701_C7B_01855.jpg
365,C7B,2025,7/18/25,2.5,7/18/25,20250718_C7B_00365.jpg
885,C7B,2025,7/1/25,6.0,7/1/25,20250701_C7B_00885.jpg
4217,C10,2025,7/19/25,4.0,7/18/25,20250718_C10_04217.jpg
1816,C7B,2025,7/10/25,5.5,7/10/25,20250710_C7B_01816.jpg
1752,C7B,2025,7/7/25,4.5,7/7/25,20250707_C7B_01752.jpg
1746,C7B,2025,7/1/25,8.0,7/1/25,20250701_C7B_01746.jpg
5814,C10,2025,7/19/25,3.0,7/18/25,20250718_C10_05814.jpg
6697,C10,2025,7/3/25,7.0,7/4/25,20250704_C10_06697.jpg
179,C7B,2025,7/10/25,5.0,7/10/25,20250710_C7B_00179.jpg
5834,C10,2025,7/11/25,8.0,7/11/25,20250711_C10_05834.jpg
1844,C7B,2025,7/7/25,6.5,7/7/25,20250707_C7B_01844.jpg
5209,C10,2025,7/2/25,5.5,7/4/25,20250704_C10_05209.jpg
3029,G3,2023,7/19/23,7.5,7/20/23,20230720_G3_03029.jpg
6768,C10,2025,7/8/25,7.5,7/7/25,20250707_C10_06768.jpg
4261,C10,2025,7/7/25,5.0,7/7/25,20250707_C10_04261.jpg
5602,C10,2025,7/20/25,4.0,7/21/25,20250721_C10_05602.jpg
793,C7B,2025,6/30/25,6.0,7/1/25,20250701_C7B_00793.jpg
4372,C10,2025,6/30/25,6.0,6/28/25,20250628_C10_04372.jpg
5635,C10,2025,7/11/25,4.5,7/11/25,20250711_C10_05635.jpg
1083,C7B,2025,7/1/25,6.0,7/1/25,20250701_C7B_01083.jpg
11018,I3B,2023,7/19/23,5.0,7/20/23,20230720_I3B_11018.jpg
1069,C7B,2025,7/10/25,4.0,7/10/25,20250710_C7B_01069.jpg
5017,C10,2025,7/20/25,2.0,7/21/25,20250721_C10_05017.jpg
744,C7B,2025,7/10/25,5.5,7/10/25,20250710_C7B_00744.jpg
373,C7B,2025,7/10/25,4.0,7/10/25,20250710_C7B_00373.jpg
6723,C10,2025,7/18/25,8.0,7/18/25,20250718_C10_06723.jpg
1528,C7B,2025,7/1/25,7.0,7/1/25,20250701_C7B_01528.jpg
1084,C7B,2025,7/10/25,6.0,7/10/25,20250710_C7B_01084.jpg
4473,C10,2025,7/20/25,3.0,7/21/25,20250721_C10_04473.jpg
5312,C10,2025,7/2/25,6.0,7/4/25,20250704_C10_05312.jpg
7229,G3,2023,7/26/23,5.0,7/27/23,20230727_G3_07229.jpg
5190,C10,2025,7/11/25,4.5,7/11/25,20250711_C10_05190.jpg
1357,C7B,2025,7/18/25,3.0,7/18/25,20250718_C7B_01357.jpg
4782,C10,2025,7/2/25,7.0,7/4/25,20250704_C10_04782.jpg
6663,C10,2025,7/18/25,5.0,7/18/25,20250718_C10_06663.jpg
4318,C10,2025,7/11/25,4.0,7/11/25,20250711_C10_04318.jpg
1226,C7B,2025,7/18/25,1.5,7/18/25,20250718_C7B_01226.jpg
4234,C10,2025,7/19/25,3.0,7/18/25,20250718_C10_04234.jpg
15,C7B,2025,7/4/25,6.0,7/4/25,20250704_C7B_00015.jpg
1365,C7B,2025,7/18/25,4.0,7/18/25,20250718_C7B_01365.jpg
105,C7B,2025,7/18/25,4.0,7/18/25,20250718_C7B_00105.jpg
4361,C10,2025,6/30/25,6.5,6/28/25,20250628_C10_04361.jpg
1930,C7B,2025,7/10/25,4.0,7/10/25,20250710_C7B_01930.jpg
1431,C7B,2025,7/18/25,1.0,7/18/25,20250718_C7B_01431.jpg
9570,I3B,2023,7/12/23,6.5,7/13/23,20230713_I3B_09570.jpg
3109,G3,2023,7/26/23,7.0,7/27/23,20230727_G3_03109.jpg
10314,I3B,2023,7/25/23,3.0,7/27/23,20230727_I3B_10314.jpg
4567,C10,2025,7/11/25,6.0,7/11/25,20250711_C10_04567.jpg
4655,C10,2025,7/11/25,4.0,7/11/25,20250711_C10_04655.jpg
265,C7B,2025,7/4/25,5.5,7/4/25,20250704_C7B_00265.jpg
6014,C10,2025,7/2/25,5.5,7/4/25,20250704_C10_06014.jpg
6689,C10,2025,7/18/25,6.0,7/18/25,20250718_C10_06689.jpg
2863,C7B,2025,6/30/25,7.5,7/1/25,20250701_C7B_02863.jpg
4218,C10,2025,7/11/25,8.0,7/11/25,20250711_C10_04218.jpg
2743,C7B,2025,7/13/25,7.0,7/12/25,20250712_C7B_02743.jpg
5263,C10,2025,7/20/25,2.0,7/21/25,20250721_C10_05263.jpg
6697,C10,2025,7/14/25,4.5,7/14/25,20250714_C10_06697.jpg
5356,C10,2025,7/11/25,3.5,7/11/25,20250711_C10_05356.jpg
7344,G3,2023,7/26/23,4.0,7/27/23,20230727_G3_07344.jpg
4687,C10,2025,7/2/25,6.0,7/4/25,20250704_C10_04687.jpg
4480,C10,2025,7/20/25,4.5,7/21/25,20250721_C10_04480.jpg
589,C7B,2025,6/30/25,6.0,7/1/25,20250701_C7B_00589.jpg
6875,C10,2025,7/8/25,7.5,7/7/25,20250707_C10_06875.jpg
934,C7B,2025,7/10/25,4.0,7/10/25,20250710_C7B_00934.jpg
5776,C10,2025,7/1/25,7.0,6/28/25,20250628_C10_05776.jpg
4546,C10,2025,7/20/25,2.0,7/21/25,20250721_C10_04546.jpg
5403,C10,2025,7/20/25,2.0,7/21/25,20250721_C10_05403.jpg
1122,C7B,2025,7/18/25,4.0,7/18/25,20250718_C7B_01122.jpg
1282,C7B,2025,7/10/25,4.0,7/10/25,20250710_C7B_01282.jpg
1662,C7B,2025,7/10/25,3.0,7/10/25,20250710_C7B_01662.jpg
1367,C7B,2025,7/10/25,4.0,7/10/25,20250710_C7B_01367.jpg
1493,C7B,2025,7/1/25,7.5,7/1/25,20250701_C7B_01493.jpg
582,C7B,2025,6/30/25,7.5,7/1/25,20250701_C7B_00582.jpg
4885,C10,2025,7/2/25,6.0,7/4/25,20250704_C10_04885.jpg
5988,C10,2025,7/19/25,4.5,7/18/25,20250718_C10_05988.jpg
1802,C7B,2025,7/1/25,6.5,7/1/25,20250701_C7B_01802.jpg
4318,C10,2025,7/19/25,1.5,7/18/25,20250718_C10_04318.jpg
8025,G3,2023,7/19/23,7.5,7/20/23,20230720_G3_08025.jpg
1908,C7B,2025,7/7/25,7.0,7/7/25,20250707_C7B_01908.jpg
5039,C10,2025,7/2/25,7.0,7/4/25,20250704_C10_05039.jpg
4199,C10,2025,6/30/25,6.0,6/28/25,20250628_C10_04199.jpg
2829,C7B,2025,7/13/25,7.0,7/12/25,20250712_C7B_02829.jpg
6011,C10,2025,7/11/25,2.0,7/11/25,20250711_C10_06011.jpg
8166,G3,2023,7/20/23,6.5,7/20/23,20230720_G3_08166.jpg
5185,C10,2025,7/20/25,2.0,7/21/25,20250721_C10_05185.jpg
1760,C7B,2025,7/10/25,6.0,7/10/25,20250710_C7B_01760.jpg
1240,C7B,2025,7/1/25,5.5,7/1/25,20250701_C7B_01240.jpg
4905,C10,2025,7/11/25,4.0,7/11/25,20250711_C10_04905.jpg
852,C7B,2025,7/10/25,7.0,7/10/25,20250710_C7B_00852.jpg
1383,C7B,2025,7/18/25,6.0,7/18/25,20250718_C7B_01383.jpg
4139,C10,2025,6/30/25,8.0,6/28/25,20250628_C10_04139.jpg
4045,C10,2025,7/19/25,4.0,7/18/25,20250718_C10_04045.jpg
5931,C10,2025,7/11/25,7.0,7/11/25,20250711_C10_05931.jpg
1891,C7B,2025,7/1/25,7.5,7/1/25,20250701_C7B_01891.jpg
273,C7B,2025,7/18/25,3.0,7/18/25,20250718_C7B_00273.jpg
319,C7B,2025,7/18/25,4.0,7/18/25,20250718_C7B_00319.jpg
762,C7B,2025,6/30/25,7.5,7/1/25,20250701_C7B_00762.jpg
4410,C10,2025,7/7/25,4.5,7/7/25,20250707_C10_04410.jpg
5835,C10,2025,7/1/25,4.5,6/28/25,20250628_C10_05835.jpg
3120,G3,2023,7/19/23,8.0,7/20/23,20230720_G3_03120.jpg
8129,G3,2023,7/20/23,7.5,7/20/23,20230720_G3_08129.jpg
4232,C10,2025,7/19/25,3.0,7/18/25,20250718_C10_04232.jpg
5026,C10,2025,7/20/25,2.5,7/21/25,20250721_C10_05026.jpg
5410,C10,2025,7/11/25,3.5,7/11/25,20250711_C10_05410.jpg
5220,C10,2025,7/11/25,4.0,7/11/25,20250711_C10_05220.jpg
611,C7B,2025,6/30/25,7.0,7/1/25,20250701_C7B_00611.jpg
4436,C10,2025,7/11/25,4.5,7/11/25,20250711_C10_04436.jpg
6758,C10,2025,7/14/25,8.0,7/14/25,20250714_C10_06758.jpg
7408,G3,2023,7/26/23,5.0,7/27/23,20230727_G3_07408.jpg
302,C7B,2025,7/4/25,5.0,7/4/25,20250704_C7B_00302.jpg
4060,C10,2025,6/30/25,7.5,6/28/25,20250628_C10_04060.jpg
10397,I3B,2023,7/25/23,6.0,7/27/23,20230727_I3B_10397.jpg
915,C7B,2025,7/10/25,5.0,7/10/25,20250710_C7B_00915.jpg
5697,C10,2025,7/11/25,5.0,7/11/25,20250711_C10_05697.jpg
4830,C10,2025,7/2/25,7.0,7/4/25,20250704_C10_04830.jpg
1597,C7B,2025,7/10/25,5.0,7/10/25,20250710_C7B_01597.jpg
9646,I3B,2023,7/12/23,5.0,7/13/23,20230713_I3B_09646.jpg
4328,C10,2025,7/19/25,2.0,7/18/25,20250718_C10_04328.jpg
409,C7B,2025,7/4/25,5.0,7/4/25,20250704_C7B_00409.jpg
4360,C10,2025,7/19/25,2.0,7/18/25,20250718_C10_04360.jpg
5872,C10,2025,7/19/25,3.5,7/18/25,20250718_C10_05872.jpg
5329,C10,2025,7/2/25,5.5,7/4/25,20250704_C10_05329.jpg
1178,C7B,2025,7/1/25,7.0,7/1/25,20250701_C7B_01178.jpg
5008,C10,2025,7/2/25,4.5,7/4/25,20250704_C10_05008.jpg
2647,C7B,2025,6/30/25,8.0,7/1/25,20250701_C7B_02647.jpg
1967,C7B,2025,7/7/25,5.0,7/7/25,20250707_C7B_01967.jpg
5522,C10,2025,7/20/25,2.0,7/21/25,20250721_C10_05522.jpg
962,C7B,2025,7/10/25,7.0,7/10/25,20250710_C7B_00962.jpg
11180,I3B,2023,7/12/23,7.0,7/13/23,20230713_I3B_11180.jpg
1871,C7B,2025,7/19/25,6.0,7/18/25,20250718_C7B_01871.jpg
932,C7B,2025,7/1/25,5.5,7/1/25,20250701_C7B_00932.jpg
6737,C10,2025,7/14/25,8.0,7/14/25,20250714_C10_06737.jpg
11193,I3B,2023,7/19/23,5.5,7/20/23,20230720_I3B_11193.jpg
101,C7B,2025,6/30/25,7.5,7/1/25,20250701_C7B_00101.jpg
5126,C10,2025,7/11/25,5.0,7/11/25,20250711_C10_05126.jpg
8044,G3,2023,7/19/23,7.0,7/20/23,20230720_G3_08044.jpg
303,C7B,2025,7/18/25,3.5,7/18/25,20250718_C7B_00303.jpg
10012,I3B,2023,7/12/23,5.0,7/13/23,20230713_I3B_10012.jpg
5868,C10,2025,7/1/25,6.5,6/28/25,20250628_C10_05868.jpg
5453,C10,2025,7/2/25,5.5,7/4/25,20250704_C10_05453.jpg
275,C7B,2025,7/10/25,6.0,7/10/25,20250710_C7B_00275.jpg
1521,C7B,2025,7/1/25,6.5,7/1/25,20250701_C7B_01521.jpg
5565,C10,2025,7/2/25,6.0,7/4/25,20250704_C10_05565.jpg
6869,C10,2025,7/14/25,7.0,7/14/25,20250714_C10_06869.jpg
10248,I3B,2023,7/25/23,6.5,7/27/23,20230727_I3B_10248.jpg
5568,C10,2025,7/11/25,5.5,7/11/25,20250711_C10_05568.jpg
4870,C10,2025,7/11/25,5.5,7/11/25,20250711_C10_04870.jpg
1751,C7B,2025,7/19/25,5.0,7/18/25,20250718_C7B_01751.jpg
10913,I3B,2023,7/19/23,6.0,7/20/23,20230720_I3B_10913.jpg
5451,C10,2025,7/11/25,5.0,7/11/25,20250711_C10_05451.jpg
8035,G3,2023,7/26/23,6.0,7/27/23,20230727_G3_08035.jpg
3042,G3,2023,7/19/23,7.5,7/20/23,20230720_G3_03042.jpg
9612,I3B,2023,7/12/23,6.0,7/13/23,20230713_I3B_09612.jpg
1621,C7B,2025,7/1/25,7.0,7/1/25,20250701_C7B_01621.jpg
6641,C10,2025,7/8/25,6.5,7/7/25,20250707_C10_06641.jpg
3158,G3,2023,7/19/23,5.5,7/20/23,20230720_G3_03158.jpg
1880,C7B,2025,7/10/25,5.5,7/10/25,20250710_C7B_01880.jpg
4304,C10,2025,7/11/25,5.0,7/11/25,20250711_C10_04304.jpg
286,C7B,2025,6/30/25,7.5,7/1/25,20250701_C7B_00286.jpg
118,C7B,2025,7/10/25,7.5,7/10/25,20250710_C7B_00118.jpg
3189,G3,2023,7/19/23,7.0,7/20/23,20230720_G3_03189.jpg
6805,C10,2025,7/3/25,7.5,7/4/25,20250704_C10_06805.jpg
1742,C7B,2025,7/7/25,5.0,7/7/25,20250707_C7B_01742.jpg
4446,C10,2025,7/11/25,4.0,7/11/25,20250711_C10_04446.jpg
8125,G3,2023,7/26/23,4.0,7/27/23,20230727_G3_08125.jpg
1882,C7B,2025,7/10/25,7.0,7/10/25,20250710_C7B_01882.jpg
5210,C10,2025,7/2/25,5.5,7/4/25,20250704_C10_05210.jpg
9987,I3B,2023,7/12/23,6.0,7/13/23,20230713_I3B_09987.jpg
2656,C7B,2025,6/30/25,8.5,7/1/25,20250701_C7B_02656.jpg
4781,C10,2025,7/20/25,2.0,7/21/25,20250721_C10_04781.jpg
1374,C7B,2025,7/1/25,8.0,7/1/25,20250701_C7B_01374.jpg
5214,C10,2025,7/2/25,5.5,7/4/25,20250704_C10_05214.jpg
1908,C7B,2025,7/19/25,5.0,7/18/25,20250718_C7B_01908.jpg
49,C7B,2025,7/4/25,6.5,7/4/25,20250704_C7B_00049.jpg
11169,I3B,2023,7/12/23,7.5,7/13/23,20230713_I3B_11169.jpg
6689,C10,2025,7/14/25,6.5,7/14/25,20250714_C10_06689.jpg
4163,C10,2025,7/7/25,7.0,7/7/25,20250707_C10_04163.jpg
358,C7B,2025,7/4/25,5.0,7/4/25,20250704_C7B_00358.jpg
1254,C7B,2025,7/1/25,6.0,7/1/25,20250701_C7B_01254.jpg
4604,C10,2025,7/11/25,4.0,7/11/25,20250711_C10_04604.jpg
5423,C10,2025,7/2/25,6.0,7/4/25,20250704_C10_05423.jpg
11077,I3B,2023,7/12/23,7.0,7/13/23,20230713_I3B_11077.jpg
4893,C10,2025,7/11/25,3.5,7/11/25,20250711_C10_04893.jpg
4322,C10,2025,7/11/25,6.0,7/11/25,20250711_C10_04322.jpg
9645,I3B,2023,7/12/23,4.5,7/13/23,20230713_I3B_09645.jpg
4578,C10,2025,7/2/25,6.0,7/4/25,20250704_C10_04578.jpg
435,C7B,2025,7/10/25,6.0,7/10/25,20250710_C7B_00435.jpg
11210,I3B,2023,7/19/23,7.0,7/20/23,20230720_I3B_11210.jpg
2657,C7B,2025,7/18/25,7.5,7/18/25,20250718_C7B_02657.jpg
5782,C10,2025,7/19/25,4.0,7/18/25,20250718_C10_05782.jpg
5115,C10,2025,7/2/25,5.5,7/4/25,20250704_C10_05115.jpg
1279,C7B,2025,7/10/25,4.5,7/10/25,20250710_C7B_01279.jpg
6687,C10,2025,7/8/25,7.0,7/7/25,20250707_C10_06687.jpg
7308,G3,2023,7/26/23,6.0,7/27/23,20230727_G3_07308.jpg
4255,C10,2025,7/7/25,5.0,7/7/25,20250707_C10_04255.jpg
51,C7B,2025,7/11/25,6.5,7/10/25,20250710_C7B_00051.jpg
129,C7B,2025,7/18/25,3.5,7/18/25,20250718_C7B_00129.jpg
59,C7B,2025,7/4/25,6.0,7/4/25,20250704_C7B_00059.jpg
5268,C10,2025,7/11/25,4.0,7/11/25,20250711_C10_05268.jpg
1592,C7B,2025,7/18/25,1.5,7/18/25,20250718_C7B_01592.jpg
5795,C10,2025,7/19/25,4.0,7/18/25,20250718_C10_05795.jpg
6727,C10,2025,7/3/25,8.0,7/4/25,20250704_C10_06727.jpg
5222,C10,2025,7/2/25,5.5,7/4/25,20250704_C10_05222.jpg
433,C7B,2025,7/10/25,5.0,7/10/25,20250710_C7B_00433.jpg
1839,C7B,2025,7/7/25,6.0,7/7/25,20250707_C7B_01839.jpg
4851,C10,2025,7/11/25,4.0,7/11/25,20250711_C10_04851.jpg
1317,C7B,2025,7/1/25,5.5,7/1/25,20250701_C7B_01317.jpg
1033,C7B,2025,7/18/25,3.0,7/18/25,20250718_C7B_01033.jpg
330,C7B,2025,7/4/25,6.0,7/4/25,20250704_C7B_00330.jpg
5954,C10,2025,7/2/25,5.0,7/4/25,20250704_C10_05954.jpg
8160,G3,2023,7/26/23,5.0,7/27/23,20230727_G3_08160.jpg
5721,C10,2025,7/1/25,5.0,6/28/25,20250628_C10_05721.jpg
1687,C7B,2025,7/1/25,5.5,7/1/25,20250701_C7B_01687.jpg
4639,C10,2025,7/20/25,2.5,7/21/25,20250721_C10_04639.jpg
1521,C7B,2025,7/10/25,6.5,7/10/25,20250710_C7B_01521.jpg
4478,C10,2025,7/20/25,2.0,7/21/25,20250721_C10_04478.jpg
1604,C7B,2025,7/18/25,5.5,7/18/25,20250718_C7B_01604.jpg
5365,C10,2025,7/2/25,7.0,7/4/25,20250704_C10_05365.jpg
1483,C7B,2025,7/10/25,7.0,7/10/25,20250710_C7B_01483.jpg
3188,G3,2023,7/19/23,7.5,7/20/23,20230720_G3_03188.jpg
915,C7B,2025,7/18/25,2.0,7/18/25,20250718_C7B_00915.jpg
1396,C7B,2025,7/1/25,6.5,7/1/25,20250701_C7B_01396.jpg
5899,C10,2025,7/8/25,4.5,7/7/25,20250707_C10_05899.jpg
4056,C10,2025,7/7/25,6.0,7/7/25,20250707_C10_04056.jpg
5392,C10,2025,7/2/25,6.0,7/4/25,20250704_C10_05392.jpg
6869,C10,2025,7/18/25,6.0,7/18/25,20250718_C10_06869.jpg
313,C7B,2025,6/30/25,4.5,7/1/25,20250701_C7B_00313.jpg
878,C7B,2025,7/1/25,6.5,7/1/25,20250701_C7B_00878.jpg
4953,C10,2025,7/2/25,5.5,7/4/25,20250704_C10_04953.jpg
971,C7B,2025,7/18/25,3.0,7/18/25,20250718_C7B_00971.jpg
9680,I3B,2023,7/12/23,5.0,7/13/23,20230713_I3B_09680.jpg
935,C7B,2025,7/18/25,5.5,7/18/25,20250718_C7B_00935.jpg
4752,C10,2025,7/2/25,6.5,7/4/25,20250704_C10_04752.jpg
4352,C10,2025,7/11/25,5.0,7/11/25,20250711_C10_04352.jpg
6836,C10,2025,7/18/25,6.0,7/18/25,20250718_C10_06836.jpg
6741,C10,2025,7/3/25,8.0,7/4/25,20250704_C10_06741.jpg
5958,C10,2025,7/8/25,5.5,7/7/25,20250707_C10_05958.jpg
7280,G3,2023,7/20/23,8.0,7/20/23,20230720_G3_07280.jpg
5428,C10,2025,7/11/25,6.0,7/11/25,20250711_C10_05428.jpg
1803,C7B,2025,7/7/25,7.5,7/7/25,20250707_C7B_01803.jpg
200,C7B,2025,6/30/25,7.0,7/1/25,20250701_C7B_00200.jpg
990,C7B,2025,7/18/25,2.0,7/18/25,20250718_C7B_00990.jpg
5623,C10,2025,7/11/25,4.0,7/11/25,20250711_C10_05623.jpg
8097,G3,2023,7/26/23,6.0,7/27/23,20230727_G3_08097.jpg
4233,C10,2025,7/7/25,6.0,7/7/25,20250707_C10_04233.jpg
4546,C10,2025,7/11/25,4.0,7/11/25,20250711_C10_04546.jpg
1500,C7B,2025,7/10/25,7.0,7/10/25,20250710_C7B_01500.jpg
4061,C10,2025,6/30/25,8.0,6/28/25,20250628_C10_04061.jpg
1027,C7B,2025,7/1/25,6.0,7/1/25,20250701_C7B_01027.jpg
11019,I3B,2023,7/19/23,4.0,7/20/23,20230720_I3B_11019.jpg
4381,C10,2025,7/7/25,5.0,7/7/25,20250707_C10_04381.jpg
5994,C10,2025,7/2/25,7.0,7/4/25,20250704_C10_05994.jpg
2008,C7B,2025,7/19/25,5.5,7/18/25,20250718_C7B_02008.jpg
4245,C10,2025,6/30/25,6.0,6/28/25,20250628_C10_04245.jpg
792,C7B,2025,6/30/25,7.5,7/1/25,20250701_C7B_00792.jpg
9670,I3B,2023,7/12/23,4.0,7/13/23,20230713_I3B_09670.jpg
4504,C10,2025,7/11/25,5.0,7/11/25,20250711_C10_04504.jpg
3085,G3,2023,7/19/23,6.5,7/20/23,20230720_G3_03085.jpg
11191,I3B,2023,7/19/23,6.0,7/20/23,20230720_I3B_11191.jpg
4584,C10,2025,7/20/25,2.0,7/21/25,20250721_C10_04584.jpg
1962,C7B,2025,7/10/25,7.0,7/10/25,20250710_C7B_01962.jpg
8025,G3,2023,7/26/23,6.0,7/27/23,20230727_G3_08025.jpg
359,C7B,2025,6/30/25,6.5,7/1/25,20250701_C7B_00359.jpg
2011,C7B,2025,7/10/25,5.5,7/10/25,20250710_C7B_02011.jpg
5496,C10,2025,7/2/25,7.5,7/4/25,20250704_C10_05496.jpg
9770,I3B,2023,7/12/23,4.0,7/13/23,20230713_I3B_09770.jpg
4240,C10,2025,7/7/25,4.0,7/7/25,20250707_C10_04240.jpg
1565,C7B,2025,7/1/25,7.5,7/1/25,20250701_C7B_01565.jpg
4261,C10,2025,6/30/25,7.0,6/28/25,20250628_C10_04261.jpg
4303,C10,2025,7/11/25,5.0,7/11/25,20250711_C10_04303.jpg
4846,C10,2025,7/11/25,5.0,7/11/25,20250711_C10_04846.jpg
3196,G3,2023,7/19/23,7.5,7/20/23,20230720_G3_03196.jpg
2029,C7B,2025,7/19/25,3.0,7/18/25,20250718_C7B_02029.jpg
5669,C10,2025,7/8/25,7.0,7/7/25,20250707_C10_05669.jpg
6008,C10,2025,7/2/25,5.0,7/4/25,20250704_C10_06008.jpg
389,C7B,2025,7/18/25,3.0,7/18/25,20250718_C7B_00389.jpg
1198,C7B,2025,7/18/25,2.5,7/18/25,20250718_C7B_01198.jpg
4293,C10,2025,7/7/25,6.0,7/7/25,20250707_C10_04293.jpg
5153,C10,2025,7/2/25,6.0,7/4/25,20250704_C10_05153.jpg
6658,C10,2025,7/8/25,3.0,7/7/25,20250707_C10_06658.jpg
792,C7B,2025,7/10/25,6.5,7/10/25,20250710_C7B_00792.jpg
1370,C7B,2025,7/10/25,4.0,7/10/25,20250710_C7B_01370.jpg
2790,C7B,2025,7/13/25,8.0,7/12/25,20250712_C7B_02790.jpg
4449,C10,2025,6/30/25,7.0,6/28/25,20250628_C10_04449.jpg
2011,C7B,2025,7/19/25,2.5,7/18/25,20250718_C7B_02011.jpg
1809,C7B,2025,7/7/25,5.0,7/7/25,20250707_C7B_01809.jpg
4366,C10,2025,7/19/25,1.5,7/18/25,20250718_C10_04366.jpg
1718,C7B,2025,7/10/25,4.0,7/10/25,20250710_C7B_01718.jpg
781,C7B,2025,7/10/25,6.0,7/10/25,20250710_C7B_00781.jpg
162,C7B,2025,6/30/25,7.0,7/1/25,20250701_C7B_00162.jpg
470,C7B,2025,7/10/25,5.0,7/10/25,20250710_C7B_00470.jpg
7491,G3,2023,7/20/23,8.0,7/20/23,20230720_G3_07491.jpg
4065,C10,2025,7/7/25,5.5,7/7/25,20250707_C10_04065.jpg
2764,C7B,2025,7/8/25,8.0,7/7/25,20250707_C7B_02764.jpg
6831,C10,2025,6/30/25,8.0,6/28/25,20250628_C10_06831.jpg
511,C7B,2025,6/30/25,6.0,7/1/25,20250701_C7B_00511.jpg
6748,C10,2025,7/3/25,8.0,7/4/25,20250704_C10_06748.jpg
4018,C10,2025,6/30/25,7.0,6/28/25,20250628_C10_04018.jpg
177,C7B,2025,7/4/25,7.0,7/4/25,20250704_C7B_00177.jpg
4512,C10,2025,7/11/25,5.0,7/11/25,20250711_C10_04512.jpg
9728,I3B,2023,7/12/23,5.5,7/13/23,20230713_I3B_09728.jpg
1476,C7B,2025,7/1/25,6.0,7/1/25,20250701_C7B_01476.jpg
6850,C10,2025,7/3/25,7.5,7/4/25,20250704_C10_06850.jpg
623,C7B,2025,6/30/25,7.0,7/1/25,20250701_C7B_00623.jpg
4154,C10,2025,7/19/25,2.0,7/18/25,20250718_C10_04154.jpg
4692,C10,2025,7/11/25,5.0,7/11/25,20250711_C10_04692.jpg
3017,G3,2023,7/19/23,8.0,7/20/23,20230720_G3_03017.jpg
4842,C10,2025,7/2/25,7.0,7/4/25,20250704_C10_04842.jpg
5893,C10,2025,7/19/25,2.0,7/18/25,20250718_C10_05893.jpg
1444,C7B,2025,7/18/25,2.0,7/18/25,20250718_C7B_01444.jpg
2780,C7B,2025,7/13/25,8.0,7/12/25,20250712_C7B_02780.jpg
4732,C10,2025,7/20/25,3.5,7/21/25,20250721_C10_04732.jpg
5471,C10,2025,7/2/25,5.5,7/4/25,20250704_C10_05471.jpg
457,C7B,2025,7/4/25,5.5,7/4/25,20250704_C7B_00457.jpg
6817,C10,2025,7/3/25,6.5,7/4/25,20250704_C10_06817.jpg
4002,C10,2025,7/11/25,7.0,7/11/25,20250711_C10_04002.jpg
9955,I3B,2023,7/12/23,4.0,7/13/23,20230713_I3B_09955.jpg
4933,C10,2025,7/2/25,6.0,7/4/25,20250704_C10_04933.jpg
5331,C10,2025,7/11/25,6.5,7/11/25,20250711_C10_05331.jpg
1780,C7B,2025,7/1/25,7.5,7/1/25,20250701_C7B_01780.jpg
2858,C7B,2025,6/30/25,7.5,7/1/25,20250701_C7B_02858.jpg
2786,C7B,2025,6/30/25,7.5,7/1/25,20250701_C7B_02786.jpg
5776,C10,2025,7/11/25,5.5,7/11/25,20250711_C10_05776.jpg
6856,C10,2025,7/14/25,5.0,7/14/25,20250714_C10_06856.jpg
6847,C10,2025,7/8/25,8.0,7/7/25,20250707_C10_06847.jpg
5112,C10,2025,7/11/25,5.0,7/11/25,20250711_C10_05112.jpg
10363,I3B,2023,7/25/23,6.0,7/27/23,20230727_I3B_10363.jpg
11252,I3B,2023,7/19/23,5.0,7/20/23,20230720_I3B_11252.jpg
11353,I3B,2023,7/19/23,7.0,7/20/23,20230720_I3B_11353.jpg
10862,I3B,2023,7/19/23,6.5,7/20/23,20230720_I3B_10862.jpg
5914,C10,2025,7/11/25,3.0,7/11/25,20250711_C10_05914.jpg
6703,C10,2025,7/14/25,8.0,7/14/25,20250714_C10_06703.jpg
5154,C10,2025,7/20/25,2.0,7/21/25,20250721_C10_05154.jpg
1329,C7B,2025,7/10/25,5.0,7/10/25,20250710_C7B_01329.jpg
10380,I3B,2023,7/25/23,3.0,7/27/23,20230727_I3B_10380.jpg
2847,C7B,2025,7/18/25,7.0,7/18/25,20250718_C7B_02847.jpg
1562,C7B,2025,7/10/25,5.5,7/10/25,20250710_C7B_01562.jpg
4325,C10,2025,6/30/25,7.0,6/28/25,20250628_C10_04325.jpg
495,C7B,2025,7/10/25,3.0,7/10/25,20250710_C7B_00495.jpg
5002,C10,2025,7/20/25,3.0,7/21/25,20250721_C10_05002.jpg
5590,C10,2025,7/2/25,5.0,7/4/25,20250704_C10_05590.jpg
823,C7B,2025,7/10/25,7.0,7/10/25,20250710_C7B_00823.jpg
5090,C10,2025,7/20/25,2.0,7/21/25,20250721_C10_05090.jpg
211,C7B,2025,7/18/25,3.0,7/18/25,20250718_C7B_00211.jpg
10028,I3B,2023,7/12/23,6.5,7/13/23,20230713_I3B_10028.jpg
1922,C7B,2025,7/1/25,6.0,7/1/25,20250701_C7B_01922.jpg
4892,C10,2025,7/11/25,7.0,7/11/25,20250711_C10_04892.jpg
4721,C10,2025,7/2/25,6.0,7/4/25,20250704_C10_04721.jpg
6669,C10,2025,7/8/25,5.5,7/7/25,20250707_C10_06669.jpg
2019,C7B,2025,7/7/25,5.5,7/7/25,20250707_C7B_02019.jpg
6698,C10,2025,6/30/25,8.0,6/28/25,20250628_C10_06698.jpg
8075,G3,2023,7/20/23,7.0,7/20/23,20230720_G3_08075.jpg
11251,I3B,2023,7/19/23,7.5,7/20/23,20230720_I3B_11251.jpg
5051,C10,2025,7/11/25,4.0,7/11/25,20250711_C10_05051.jpg
154,C7B,2025,7/10/25,5.5,7/10/25,20250710_C7B_00154.jpg
10255,I3B,2023,7/25/23,3.5,7/27/23,20230727_I3B_10255.jpg
5874,C10,2025,7/1/25,8.0,6/28/25,20250628_C10_05874.jpg
5058,C10,2025,7/20/25,2.0,7/21/25,20250721_C10_05058.jpg
1094,C7B,2025,7/10/25,6.0,7/10/25,20250710_C7B_01094.jpg
10416,I3B,2023,7/25/23,4.0,7/27/23,20230727_I3B_10416.jpg
1694,C7B,2025,7/7/25,5.5,7/7/25,20250707_C7B_01694.jpg
45,C7B,2025,6/30/25,7.5,7/1/25,20250701_C7B_00045.jpg
1143,C7B,2025,7/10/25,5.5,7/10/25,20250710_C7B_01143.jpg
5177,C10,2025,7/11/25,5.0,7/11/25,20250711_C10_05177.jpg
1918,C7B,2025,7/7/25,4.0,7/7/25,20250707_C7B_01918.jpg
4413,C10,2025,6/30/25,6.0,6/28/25,20250628_C10_04413.jpg
7446,G3,2023,7/20/23,7.5,7/20/23,20230720_G3_07446.jpg
745,C7B,2025,7/10/25,5.0,7/10/25,20250710_C7B_00745.jpg
2022,C7B,2025,7/10/25,6.0,7/10/25,20250710_C7B_02022.jpg
1301,C7B,2025,7/1/25,6.5,7/1/25,20250701_C7B_01301.jpg
4748,C10,2025,7/2/25,5.5,7/4/25,20250704_C10_04748.jpg
732,C7B,2025,7/18/25,2.5,7/18/25,20250718_C7B_00732.jpg
6726,C10,2025,7/8/25,8.0,7/7/25,20250707_C10_06726.jpg
2767,C7B,2025,6/30/25,8.5,7/1/25,20250701_C7B_02767.jpg
5994,C10,2025,7/8/25,6.0,7/7/25,20250707_C10_05994.jpg
5520,C10,2025,7/11/25,4.5,7/11/25,20250711_C10_05520.jpg
5588,C10,2025,7/2/25,6.0,7/4/25,20250704_C10_05588.jpg
4392,C10,2025,7/7/25,5.5,7/7/25,20250707_C10_04392.jpg
6652,C10,2025,7/3/25,7.5,7/4/25,20250704_C10_06652.jpg
6850,C10,2025,7/14/25,5.5,7/14/25,20250714_C10_06850.jpg
5068,C10,2025,7/2/25,7.0,7/4/25,20250704_C10_05068.jpg
7542,G3,2023,7/26/23,4.0,7/27/23,20230727_G3_07542.jpg
4253,C10,2025,7/19/25,2.0,7/18/25,20250718_C10_04253.jpg
2823,C7B,2025,7/8/25,8.5,7/7/25,20250707_C7B_02823.jpg
8115,G3,2023,7/26/23,6.0,7/27/23,20230727_G3_08115.jpg
4274,C10,2025,7/11/25,5.0,7/11/25,20250711_C10_04274.jpg
10379,I3B,2023,7/25/23,4.0,7/27/23,20230727_I3B_10379.jpg
5521,C10,2025,7/11/25,4.0,7/11/25,20250711_C10_05521.jpg
832,C7B,2025,7/1/25,6.0,7/1/25,20250701_C7B_00832.jpg
7321,G3,2023,7/26/23,5.5,7/27/23,20230727_G3_07321.jpg
40,C7B,2025,7/4/25,6.0,7/4/25,20250704_C7B_00040.jpg
6804,C10,2025,7/14/25,5.0,7/14/25,20250714_C10_06804.jpg
1624,C7B,2025,7/18/25,3.0,7/18/25,20250718_C7B_01624.jpg
6018,C10,2025,7/19/25,4.0,7/18/25,20250718_C10_06018.jpg
1927,C7B,2025,7/7/25,8.0,7/7/25,20250707_C7B_01927.jpg
46,C7B,2025,7/11/25,3.5,7/10/25,20250710_C7B_00046.jpg
4349,C10,2025,7/7/25,3.0,7/7/25,20250707_C10_04349.jpg
6806,C10,2025,7/8/25,7.5,7/7/25,20250707_C10_06806.jpg
4428,C10,2025,7/7/25,5.5,7/7/25,20250707_C10_04428.jpg
1603,C7B,2025,7/18/25,3.0,7/18/25,20250718_C7B_01603.jpg
5475,C10,2025,7/11/25,6.5,7/11/25,20250711_C10_05475.jpg
1364,C7B,2025,7/18/25,1.5,7/18/25,20250718_C7B_01364.jpg
11262,I3B,2023,7/19/23,5.5,7/20/23,20230720_I3B_11262.jpg
2646,C7B,2025,6/30/25,6.5,7/1/25,20250701_C7B_02646.jpg
1877,C7B,2025,7/7/25,5.5,7/7/25,20250707_C7B_01877.jpg
5768,C10,2025,7/8/25,7.5,7/7/25,20250707_C10_05768.jpg
4489,C10,2025,7/20/25,4.0,7/21/25,20250721_C10_04489.jpg
9664,I3B,2023,7/12/23,5.0,7/13/23,20230713_I3B_09664.jpg
4522,C10,2025,7/20/25,2.0,7/21/25,20250721_C10_04522.jpg
6031,C10,2025,7/19/25,4.5,7/18/25,20250718_C10_06031.jpg
6015,C10,2025,7/11/25,7.5,7/11/25,20250711_C10_06015.jpg
2034,C7B,2025,7/1/25,7.5,7/1/25,20250701_C7B_02034.jpg
4836,C10,2025,7/11/25,5.0,7/11/25,20250711_C10_04836.jpg
2670,C7B,2025,7/8/25,8.5,7/7/25,20250707_C7B_02670.jpg
5729,C10,2025,7/19/25,1.5,7/18/25,20250718_C10_05729.jpg
5448,C10,2025,7/20/25,2.0,7/21/25,20250721_C10_05448.jpg
2035,C7B,2025,7/19/25,3.0,7/18/25,20250718_C7B_02035.jpg
5893,C10,2025,7/11/25,5.0,7/11/25,20250711_C10_05893.jpg
2814,C7B,2025,7/18/25,6.0,7/18/25,20250718_C7B_02814.jpg
1792,C7B,2025,7/10/25,4.5,7/10/25,20250710_C7B_01792.jpg
9858,I3B,2023,7/12/23,6.0,7/13/23,20230713_I3B_09858.jpg
2796,C7B,2025,7/13/25,7.5,7/12/25,20250712_C7B_02796.jpg
5827,C10,2025,7/11/25,5.0,7/11/25,20250711_C10_05827.jpg
562,C7B,2025,7/18/25,4.0,7/18/25,20250718_C7B_00562.jpg
340,C7B,2025,6/30/25,7.0,7/1/25,20250701_C7B_00340.jpg
1677,C7B,2025,7/10/25,5.0,7/10/25,20250710_C7B_01677.jpg
5438,C10,2025,7/20/25,1.0,7/21/25,20250721_C10_05438.jpg
147,C7B,2025,6/30/25,7.0,7/1/25,20250701_C7B_00147.jpg
4207,C10,2025,7/11/25,4.0,7/11/25,20250711_C10_04207.jpg
1205,C7B,2025,7/10/25,6.5,7/10/25,20250710_C7B_01205.jpg
691,C7B,2025,7/18/25,4.5,7/18/25,20250718_C7B_00691.jpg
1089,C7B,2025,7/10/25,5.0,7/10/25,20250710_C7B_01089.jpg
2678,C7B,2025,7/8/25,8.0,7/7/25,20250707_C7B_02678.jpg
538,C7B,2025,7/10/25,6.0,7/10/25,20250710_C7B_00538.jpg
10765,I3B,2023,7/19/23,7.0,7/20/23,20230720_I3B_10765.jpg
5045,C10,2025,7/20/25,1.5,7/21/25,20250721_C10_05045.jpg
397,C7B,2025,6/30/25,7.0,7/1/25,20250701_C7B_00397.jpg
2780,C7B,2025,6/30/25,8.0,7/1/25,20250701_C7B_02780.jpg
4254,C10,2025,7/7/25,4.5,7/7/25,20250707_C10_04254.jpg
4034,C10,2025,6/30/25,7.0,6/28/25,20250628_C10_04034.jpg
4397,C10,2025,7/7/25,7.0,7/7/25,20250707_C10_04397.jpg
3142,G3,2023,7/26/23,7.5,7/27/23,20230727_G3_03142.jpg
4115,C10,2025,7/7/25,8.0,7/7/25,20250707_C10_04115.jpg
4533,C10,2025,7/20/25,2.0,7/21/25,20250721_C10_04533.jpg
4960,C10,2025,7/20/25,2.5,7/21/25,20250721_C10_04960.jpg
1691,C7B,2025,7/1/25,7.0,7/1/25,20250701_C7B_01691.jpg
2857,C7B,2025,7/8/25,7.0,7/7/25,20250707_C7B_02857.jpg
4139,C10,2025,7/7/25,8.0,7/7/25,20250707_C10_04139.jpg
4336,C10,2025,7/19/25,5.0,7/18/25,20250718_C10_04336.jpg
11190,I3B,2023,7/12/23,6.5,7/13/23,20230713_I3B_11190.jpg
8076,G3,2023,7/20/23,8.0,7/20/23,20230720_G3_08076.jpg
25,C7B,2025,6/30/25,7.0,7/1/25,20250701_C7B_00025.jpg
2024,C7B,2025,7/10/25,7.0,7/10/25,20250710_C7B_02024.jpg
7387,G3,2023,7/20/23,6.5,7/20/23,20230720_G3_07387.jpg
6667,C10,2025,7/8/25,7.5,7/7/25,20250707_C10_06667.jpg
4553,C10,2025,7/20/25,2.0,7/21/25,20250721_C10_04553.jpg
9984,I3B,2023,7/12/23,5.0,7/13/23,20230713_I3B_09984.jpg
1632,C7B,2025,7/1/25,5.5,7/1/25,20250701_C7B_01632.jpg
7379,G3,2023,7/20/23,8.0,7/20/23,20230720_G3_07379.jpg
4679,C10,2025,7/2/25,7.0,7/4/25,20250704_C10_04679.jpg
2694,C7B,2025,6/30/25,7.5,7/1/25,20250701_C7B_02694.jpg
4329,C10,2025,6/30/25,7.5,6/28/25,20250628_C10_04329.jpg
29,C7B,2025,7/11/25,7.0,7/10/25,20250710_C7B_00029.jpg
4864,C10,2025,7/11/25,5.0,7/11/25,20250711_C10_04864.jpg
1991,C7B,2025,7/1/25,7.5,7/1/25,20250701_C7B_01991.jpg
311,C7B,2025,7/18/25,2.5,7/18/25,20250718_C7B_00311.jpg
1184,C7B,2025,7/18/25,2.0,7/18/25,20250718_C7B_01184.jpg
4663,C10,2025,7/2/25,7.5,7/4/25,20250704_C10_04663.jpg
5949,C10,2025,7/8/25,5.0,7/7/25,20250707_C10_05949.jpg
1666,C7B,2025,7/10/25,5.0,7/10/25,20250710_C7B_01666.jpg
5793,C10,2025,7/11/25,5.0,7/11/25,20250711_C10_05793.jpg
992,C7B,2025,7/10/25,7.5,7/10/25,20250710_C7B_00992.jpg
1249,C7B,2025,7/1/25,7.0,7/1/25,20250701_C7B_01249.jpg
1032,C7B,2025,7/10/25,4.0,7/10/25,20250710_C7B_01032.jpg
4613,C10,2025,7/2/25,3.0,7/4/25,20250704_C10_04613.jpg
4460,C10,2025,7/11/25,7.5,7/11/25,20250711_C10_04460.jpg
10863,I3B,2023,7/19/23,5.5,7/20/23,20230720_I3B_10863.jpg
5669,C10,2025,7/19/25,4.0,7/18/25,20250718_C10_05669.jpg
1599,C7B,2025,7/10/25,6.0,7/10/25,20250710_C7B_01599.jpg
734,C7B,2025,6/30/25,6.5,7/1/25,20250701_C7B_00734.jpg
1356,C7B,2025,7/18/25,2.0,7/18/25,20250718_C7B_01356.jpg
5461,C10,2025,7/11/25,3.0,7/11/25,20250711_C10_05461.jpg
618,C7B,2025,7/10/25,5.5,7/10/25,20250710_C7B_00618.jpg
6872,C10,2025,6/30/25,8.0,6/28/25,20250628_C10_06872.jpg
8070,G3,2023,7/26/23,8.0,7/27/23,20230727_G3_08070.jpg
548,C7B,2025,6/30/25,6.0,7/1/25,20250701_C7B_00548.jpg
146,C7B,2025,7/4/25,7.5,7/4/25,20250704_C7B_00146.jpg
632,C7B,2025,7/18/25,5.5,7/18/25,20250718_C7B_00632.jpg
7507,G3,2023,7/26/23,6.0,7/27/23,20230727_G3_07507.jpg
1015,C7B,2025,7/10/25,3.5,7/10/25,20250710_C7B_01015.jpg
4213,C10,2025,7/19/25,2.0,7/18/25,20250718_C10_04213.jpg
3086,G3,2023,7/26/23,6.5,7/27/23,20230727_G3_03086.jpg
5539,C10,2025,7/20/25,3.0,7/21/25,20250721_C10_05539.jpg
8079,G3,2023,7/20/23,7.5,7/20/23,20230720_G3_08079.jpg
7256,G3,2023,7/26/23,8.5,7/27/23,20230727_G3_07256.jpg
11300,I3B,2023,7/19/23,6.0,7/20/23,20230720_I3B_11300.jpg
6789,C10,2025,7/18/25,7.0,7/18/25,20250718_C10_06789.jpg
2806,C7B,2025,6/30/25,8.0,7/1/25,20250701_C7B_02806.jpg
4739,C10,2025,7/2/25,6.0,7/4/25,20250704_C10_04739.jpg
6684,C10,2025,7/8/25,1.0,7/7/25,20250707_C10_06684.jpg
1861,C7B,2025,7/1/25,7.5,7/1/25,20250701_C7B_01861.jpg
1157,C7B,2025,7/18/25,2.0,7/18/25,20250718_C7B_01157.jpg
1722,C7B,2025,7/10/25,5.0,7/10/25,20250710_C7B_01722.jpg
5350,C10,2025,7/11/25,5.0,7/11/25,20250711_C10_05350.jpg
151,C7B,2025,6/30/25,7.0,7/1/25,20250701_C7B_00151.jpg
4573,C10,2025,7/20/25,4.0,7/21/25,20250721_C10_04573.jpg
2871,C7B,2025,7/8/25,7.5,7/7/25,20250707_C7B_02871.jpg
5303,C10,2025,7/20/25,3.0,7/21/25,20250721_C10_05303.jpg
162,C7B,2025,7/10/25,6.0,7/10/25,20250710_C7B_00162.jpg
800,C7B,2025,7/18/25,2.0,7/18/25,20250718_C7B_00800.jpg
7534,G3,2023,7/26/23,8.5,7/27/23,20230727_G3_07534.jpg
4279,C10,2025,7/7/25,7.0,7/7/25,20250707_C10_04279.jpg
168,C7B,2025,7/4/25,4.0,7/4/25,20250704_C7B_00168.jpg
4235,C10,2025,7/7/25,5.0,7/7/25,20250707_C10_04235.jpg
5142,C10,2025,7/11/25,5.0,7/11/25,20250711_C10_05142.jpg
2035,C7B,2025,7/7/25,5.0,7/7/25,20250707_C7B_02035.jpg
10973,I3B,2023,7/19/23,7.0,7/20/23,20230720_I3B_10973.jpg
5067,C10,2025,7/2/25,6.0,7/4/25,20250704_C10_05067.jpg
663,C7B,2025,7/10/25,6.5,7/10/25,20250710_C7B_00663.jpg
792,C7B,2025,7/18/25,3.0,7/18/25,20250718_C7B_00792.jpg
1,C7B,2025,7/4/25,7.5,7/4/25,20250704_C7B_00001.jpg
6794,C10,2025,7/3/25,8.0,7/4/25,20250704_C10_06794.jpg
4404,C10,2025,6/30/25,6.5,6/28/25,20250628_C10_04404.jpg
4052,C10,2025,7/19/25,8.0,7/18/25,20250718_C10_04052.jpg
2739,C7B,2025,6/30/25,8.0,7/1/25,20250701_C7B_02739.jpg
5253,C10,2025,7/2/25,6.0,7/4/25,20250704_C10_05253.jpg
1842,C7B,2025,7/19/25,3.0,7/18/25,20250718_C7B_01842.jpg
5869,C10,2025,7/8/25,4.5,7/7/25,20250707_C10_05869.jpg
921,C7B,2025,7/18/25,1.5,7/18/25,20250718_C7B_00921.jpg
5390,C10,2025,7/2/25,6.0,7/4/25,20250704_C10_05390.jpg
2023,C7B,2025,7/1/25,7.5,7/1/25,20250701_C7B_02023.jpg
4421,C10,2025,7/11/25,2.0,7/11/25,20250711_C10_04421.jpg
7282,G3,2023,7/20/23,8.0,7/20/23,20230720_G3_07282.jpg
5279,C10,2025,7/11/25,5.0,7/11/25,20250711_C10_05279.jpg
2669,C7B,2025,7/8/25,4.5,7/7/25,20250707_C7B_02669.jpg
4432,C10,2025,7/19/25,3.0,7/18/25,20250718_C10_04432.jpg
9930,I3B,2023,7/12/23,4.0,7/13/23,20230713_I3B_09930.jpg
2876,C7B,2025,7/8/25,8.0,7/7/25,20250707_C7B_02876.jpg
4849,C10,2025,7/20/25,2.0,7/21/25,20250721_C10_04849.jpg
1216,C7B,2025,7/1/25,7.0,7/1/25,20250701_C7B_01216.jpg
85,C7B,2025,7/18/25,3.0,7/18/25,20250718_C7B_00085.jpg
4743,C10,2025,7/20/25,4.0,7/21/25,20250721_C10_04743.jpg
5292,C10,2025,7/11/25,4.0,7/11/25,20250711_C10_05292.jpg
1997,C7B,2025,7/7/25,5.5,7/7/25,20250707_C7B_01997.jpg
5,C7B,2025,6/30/25,7.5,7/1/25,20250701_C7B_00005.jpg
260,C7B,2025,7/10/25,5.0,7/10/25,20250710_C7B_00260.jpg
1046,C7B,2025,7/1/25,7.0,7/1/25,20250701_C7B_01046.jpg
339,C7B,2025,7/4/25,3.0,7/4/25,20250704_C7B_00339.jpg
477,C7B,2025,6/30/25,7.0,7/1/25,20250701_C7B_00477.jpg
10758,I3B,2023,7/19/23,4.5,7/20/23,20230720_I3B_10758.jpg
10839,I3B,2023,7/19/23,4.5,7/20/23,20230720_I3B_10839.jpg
4751,C10,2025,7/2/25,6.5,7/4/25,20250704_C10_04751.jpg
6827,C10,2025,7/3/25,7.5,7/4/25,20250704_C10_06827.jpg
7424,G3,2023,7/26/23,7.5,7/27/23,20230727_G3_07424.jpg
664,C7B,2025,6/30/25,7.0,7/1/25,20250701_C7B_00664.jpg
6660,C10,2025,7/14/25,7.5,7/14/25,20250714_C10_06660.jpg
4238,C10,2025,7/19/25,2.0,7/18/25,20250718_C10_04238.jpg
374,C7B,2025,6/30/25,6.5,7/1/25,20250701_C7B_00374.jpg
4835,C10,2025,7/20/25,1.5,7/21/25,20250721_C10_04835.jpg
997,C7B,2025,7/18/25,3.0,7/18/25,20250718_C7B_00997.jpg
5571,C10,2025,7/11/25,7.0,7/11/25,20250711_C10_05571.jpg
4091,C10,2025,7/19/25,2.0,7/18/25,20250718_C10_04091.jpg
4663,C10,2025,7/20/25,2.5,7/21/25,20250721_C10_04663.jpg
269,C7B,2025,7/4/25,5.0,7/4/25,20250704_C7B_00269.jpg
5083,C10,2025,7/2/25,5.5,7/4/25,20250704_C10_05083.jpg
5927,C10,2025,7/1/25,6.0,6/28/25,20250628_C10_05927.jpg
4176,C10,2025,7/11/25,6.0,7/11/25,20250711_C10_04176.jpg
949,C7B,2025,7/1/25,6.5,7/1/25,20250701_C7B_00949.jpg
104,C7B,2025,7/4/25,7.0,7/4/25,20250704_C7B_00104.jpg
4942,C10,2025,7/20/25,2.0,7/21/25,20250721_C10_04942.jpg
4978,C10,2025,7/11/25,5.0,7/11/25,20250711_C10_04978.jpg
5559,C10,2025,7/11/25,4.0,7/11/25,20250711_C10_05559.jpg
4352,C10,2025,7/19/25,3.0,7/18/25,20250718_C10_04352.jpg
1447,C7B,2025,7/1/25,4.5,7/1/25,20250701_C7B_01447.jpg
5626,C10,2025,7/11/25,4.0,7/11/25,20250711_C10_05626.jpg
6680,C10,2025,7/14/25,5.0,7/14/25,20250714_C10_06680.jpg
1892,C7B,2025,7/10/25,7.0,7/10/25,20250710_C7B_01892.jpg
5344,C10,2025,7/20/25,2.0,7/21/25,20250721_C10_05344.jpg
1328,C7B,2025,7/10/25,5.0,7/10/25,20250710_C7B_01328.jpg
799,C7B,2025,7/18/25,2.0,7/18/25,20250718_C7B_00799.jpg
8057,G3,2023,7/26/23,4.0,7/27/23,20230727_G3_08057.jpg
5145,C10,2025,7/11/25,4.0,7/11/25,20250711_C10_05145.jpg
6833,C10,2025,6/30/25,8.5,6/28/25,20250628_C10_06833.jpg
4987,C10,2025,7/11/25,4.5,7/11/25,20250711_C10_04987.jpg
10745,I3B,2023,7/19/23,6.0,7/20/23,20230720_I3B_10745.jpg
1956,C7B,2025,7/1/25,6.5,7/1/25,20250701_C7B_01956.jpg
5638,C10,2025,7/11/25,5.0,7/11/25,20250711_C10_05638.jpg
4803,C10,2025,7/20/25,5.0,7/21/25,20250721_C10_04803.jpg
11075,I3B,2023,7/12/23,8.0,7/13/23,20230713_I3B_11075.jpg
1130,C7B,2025,7/1/25,7.5,7/1/25,20250701_C7B_01130.jpg
1499,C7B,2025,7/10/25,5.0,7/10/25,20250710_C7B_01499.jpg
9943,I3B,2023,7/12/23,4.5,7/13/23,20230713_I3B_09943.jpg
7355,G3,2023,7/26/23,8.0,7/27/23,20230727_G3_07355.jpg
5264,C10,2025,7/11/25,4.0,7/11/25,20250711_C10_05264.jpg
263,C7B,2025,7/18/25,3.5,7/18/25,20250718_C7B_00263.jpg
9933,I3B,2023,7/12/23,4.0,7/13/23,20230713_I3B_09933.jpg
1873,C7B,2025,7/7/25,5.5,7/7/25,20250707_C7B_01873.jpg
4259,C10,2025,7/7/25,6.0,7/7/25,20250707_C10_04259.jpg
5086,C10,2025,7/2/25,5.0,7/4/25,20250704_C10_05086.jpg
6758,C10,2025,7/18/25,7.5,7/18/25,20250718_C10_06758.jpg
1621,C7B,2025,7/18/25,3.0,7/18/25,20250718_C7B_01621.jpg
923,C7B,2025,7/18/25,6.0,7/18/25,20250718_C7B_00923.jpg
1899,C7B,2025,7/10/25,5.0,7/10/25,20250710_C7B_01899.jpg
9,C7B,2025,7/18/25,7.0,7/18/25,20250718_C7B_00009.jpg
62,C7B,2025,7/4/25,8.0,7/4/25,20250704_C7B_00062.jpg
6015,C10,2025,7/19/25,7.0,7/18/25,20250718_C10_06015.jpg
4738,C10,2025,7/2/25,7.0,7/4/25,20250704_C10_04738.jpg
9761,I3B,2023,7/12/23,5.5,7/13/23,20230713_I3B_09761.jpg
2719,C7B,2025,7/8/25,7.0,7/7/25,20250707_C7B_02719.jpg
6008,C10,2025,7/19/25,2.0,7/18/25,20250718_C10_06008.jpg
9804,I3B,2023,7/12/23,6.0,7/13/23,20230713_I3B_09804.jpg
773,C7B,2025,7/10/25,8.0,7/10/25,20250710_C7B_00773.jpg
140,C7B,2025,7/18/25,3.0,7/18/25,20250718_C7B_00140.jpg
4866,C10,2025,7/20/25,1.5,7/21/25,20250721_C10_04866.jpg
6826,C10,2025,7/3/25,7.0,7/4/25,20250704_C10_06826.jpg
1979,C7B,2025,7/1/25,6.0,7/1/25,20250701_C7B_01979.jpg
1341,C7B,2025,7/18/25,2.5,7/18/25,20250718_C7B_01341.jpg
7391,G3,2023,7/26/23,7.5,7/27/23,20230727_G3_07391.jpg
4625,C10,2025,7/2/25,4.5,7/4/25,20250704_C10_04625.jpg
613,C7B,2025,6/30/25,7.0,7/1/25,20250701_C7B_00613.jpg
4401,C10,2025,6/30/25,6.5,6/28/25,20250628_C10_04401.jpg
1696,C7B,2025,7/7/25,7.0,7/7/25,20250707_C7B_01696.jpg
7516,G3,2023,7/26/23,5.0,7/27/23,20230727_G3_07516.jpg
4358,C10,2025,7/19/25,1.5,7/18/25,20250718_C10_04358.jpg
10911,I3B,2023,7/19/23,7.0,7/20/23,20230720_I3B_10911.jpg
5616,C10,2025,7/11/25,7.0,7/11/25,20250711_C10_05616.jpg
1190,C7B,2025,7/18/25,3.0,7/18/25,20250718_C7B_01190.jpg
6837,C10,2025,7/3/25,5.5,7/4/25,20250704_C10_06837.jpg
4660,C10,2025,7/2/25,6.5,7/4/25,20250704_C10_04660.jpg
2659,C7B,2025,7/18/25,7.5,7/18/25,20250718_C7B_02659.jpg
11149,I3B,2023,7/12/23,6.5,7/13/23,20230713_I3B_11149.jpg
4360,C10,2025,6/30/25,6.5,6/28/25,20250628_C10_04360.jpg
4004,C10,2025,7/19/25,4.5,7/18/25,20250718_C10_04004.jpg
5428,C10,2025,7/20/25,3.0,7/21/25,20250721_C10_05428.jpg
4368,C10,2025,7/19/25,2.0,7/18/25,20250718_C10_04368.jpg
1034,C7B,2025,7/1/25,6.5,7/1/25,20250701_C7B_01034.jpg
4798,C10,2025,7/11/25,5.0,7/11/25,20250711_C10_04798.jpg
391,C7B,2025,7/10/25,5.5,7/10/25,20250710_C7B_00391.jpg
9959,I3B,2023,7/12/23,5.5,7/13/23,20230713_I3B_09959.jpg
218,C7B,2025,7/10/25,5.0,7/10/25,20250710_C7B_00218.jpg
4392,C10,2025,7/19/25,3.0,7/18/25,20250718_C10_04392.jpg
4424,C10,2025,7/7/25,8.0,7/7/25,20250707_C10_04424.jpg
1802,C7B,2025,7/10/25,7.0,7/10/25,20250710_C7B_01802.jpg
556,C7B,2025,7/10/25,6.0,7/10/25,20250710_C7B_00556.jpg
5531,C10,2025,7/20/25,2.0,7/21/25,20250721_C10_05531.jpg
7469,G3,2023,7/20/23,7.5,7/20/23,20230720_G3_07469.jpg
8139,G3,2023,7/26/23,8.0,7/27/23,20230727_G3_08139.jpg
4153,C10,2025,6/30/25,6.5,6/28/25,20250628_C10_04153.jpg
9921,I3B,2023,7/12/23,6.0,7/13/23,20230713_I3B_09921.jpg
10998,I3B,2023,7/19/23,5.0,7/20/23,20230720_I3B_10998.jpg
1283,C7B,2025,7/10/25,4.0,7/10/25,20250710_C7B_01283.jpg
4042,C10,2025,7/19/25,7.5,7/18/25,20250718_C10_04042.jpg
9992,I3B,2023,7/12/23,6.0,7/13/23,20230713_I3B_09992.jpg
364,C7B,2025,7/10/25,5.0,7/10/25,20250710_C7B_00364.jpg
1808,C7B,2025,7/7/25,5.0,7/7/25,20250707_C7B_01808.jpg
1204,C7B,2025,7/10/25,4.0,7/10/25,20250710_C7B_01204.jpg
4795,C10,2025,7/20/25,3.0,7/21/25,20250721_C10_04795.jpg
6021,C10,2025,7/11/25,6.5,7/11/25,20250711_C10_06021.jpg
6684,C10,2025,7/14/25,2.0,7/14/25,20250714_C10_06684.jpg
3135,G3,2023,7/19/23,8.0,7/20/23,20230720_G3_03135.jpg
805,C7B,2025,7/18/25,3.0,7/18/25,20250718_C7B_00805.jpg
6015,C10,2025,7/2/25,8.0,7/4/25,20250704_C10_06015.jpg
6768,C10,2025,7/18/25,5.5,7/18/25,20250718_C10_06768.jpg
5106,C10,2025,7/2/25,5.5,7/4/25,20250704_C10_05106.jpg
791,C7B,2025,7/10/25,4.0,7/10/25,20250710_C7B_00791.jpg
627,C7B,2025,7/18/25,4.0,7/18/25,20250718_C7B_00627.jpg
741,C7B,2025,7/10/25,7.5,7/10/25,20250710_C7B_00741.jpg
4837,C10,2025,7/2/25,6.5,7/4/25,20250704_C10_04837.jpg
2761,C7B,2025,7/18/25,6.5,7/18/25,20250718_C7B_02761.jpg
5103,C10,2025,7/11/25,5.5,7/11/25,20250711_C10_05103.jpg
5711,C10,2025,7/11/25,4.0,7/11/25,20250711_C10_05711.jpg
5394,C10,2025,7/2/25,6.0,7/4/25,20250704_C10_05394.jpg
4140,C10,2025,7/11/25,6.0,7/11/25,20250711_C10_04140.jpg
11282,I3B,2023,7/19/23,7.0,7/20/23,20230720_I3B_11282.jpg
5498,C10,2025,7/11/25,6.0,7/11/25,20250711_C10_05498.jpg
4712,C10,2025,7/2/25,7.0,7/4/25,20250704_C10_04712.jpg
152,C7B,2025,7/4/25,7.5,7/4/25,20250704_C7B_00152.jpg
4682,C10,2025,7/2/25,6.0,7/4/25,20250704_C10_04682.jpg
1594,C7B,2025,7/1/25,5.5,7/1/25,20250701_C7B_01594.jpg
11157,I3B,2023,7/12/23,6.5,7/13/23,20230713_I3B_11157.jpg
268,C7B,2025,7/10/25,6.0,7/10/25,20250710_C7B_00268.jpg
9812,I3B,2023,7/12/23,5.5,7/13/23,20230713_I3B_09812.jpg
9711,I3B,2023,7/12/23,4.0,7/13/23,20230713_I3B_09711.jpg
413,C7B,2025,7/4/25,5.0,7/4/25,20250704_C7B_00413.jpg
4272,C10,2025,7/11/25,5.0,7/11/25,20250711_C10_04272.jpg
9676,I3B,2023,7/12/23,4.5,7/13/23,20230713_I3B_09676.jpg
359,C7B,2025,7/4/25,6.0,7/4/25,20250704_C7B_00359.jpg
809,C7B,2025,7/18/25,4.0,7/18/25,20250718_C7B_00809.jpg
6843,C10,2025,7/8/25,8.0,7/7/25,20250707_C10_06843.jpg
4880,C10,2025,7/20/25,3.0,7/21/25,20250721_C10_04880.jpg
8122,G3,2023,7/26/23,8.0,7/27/23,20230727_G3_08122.jpg
125,C7B,2025,6/30/25,7.5,7/1/25,20250701_C7B_00125.jpg
5712,C10,2025,7/1/25,6.0,6/28/25,20250628_C10_05712.jpg
4995,C10,2025,7/2/25,6.0,7/4/25,20250704_C10_04995.jpg
1843,C7B,2025,7/7/25,7.0,7/7/25,20250707_C7B_01843.jpg
1789,C7B,2025,7/10/25,7.5,7/10/25,20250710_C7B_01789.jpg
1901,C7B,2025,7/1/25,8.0,7/1/25,20250701_C7B_01901.jpg
7216,G3,2023,7/19/23,7.0,7/20/23,20230720_G3_07216.jpg
1594,C7B,2025,7/10/25,5.0,7/10/25,20250710_C7B_01594.jpg
4695,C10,2025,7/20/25,2.0,7/21/25,20250721_C10_04695.jpg
350,C7B,2025,7/4/25,7.5,7/4/25,20250704_C7B_00350.jpg
6699,C10,2025,6/30/25,8.0,6/28/25,20250628_C10_06699.jpg
532,C7B,2025,6/30/25,6.5,7/1/25,20250701_C7B_00532.jpg
6871,C10,2025,6/30/25,8.5,6/28/25,20250628_C10_06871.jpg
9734,I3B,2023,7/12/23,5.0,7/13/23,20230713_I3B_09734.jpg
1278,C7B,2025,7/1/25,7.0,7/1/25,20250701_C7B_01278.jpg
1889,C7B,2025,7/19/25,1.0,7/18/25,20250718_C7B_01889.jpg
6812,C10,2025,6/30/25,8.5,6/28/25,20250628_C10_06812.jpg
188,C7B,2025,7/18/25,5.0,7/18/25,20250718_C7B_00188.jpg
9603,I3B,2023,7/12/23,5.0,7/13/23,20230713_I3B_09603.jpg
7428,G3,2023,7/20/23,8.0,7/20/23,20230720_G3_07428.jpg
5674,C10,2025,7/8/25,5.5,7/7/25,20250707_C10_05674.jpg
9776,I3B,2023,7/12/23,5.0,7/13/23,20230713_I3B_09776.jpg
4212,C10,2025,7/11/25,5.0,7/11/25,20250711_C10_04212.jpg
4713,C10,2025,7/20/25,1.5,7/21/25,20250721_C10_04713.jpg
5823,C10,2025,7/8/25,5.0,7/7/25,20250707_C10_05823.jpg
462,C7B,2025,7/18/25,3.5,7/18/25,20250718_C7B_00462.jpg
4629,C10,2025,7/2/25,5.5,7/4/25,20250704_C10_04629.jpg
7270,G3,2023,7/26/23,8.0,7/27/23,20230727_G3_07270.jpg
5922,C10,2025,7/11/25,7.0,7/11/25,20250711_C10_05922.jpg
580,C7B,2025,7/10/25,6.5,7/10/25,20250710_C7B_00580.jpg
11293,I3B,2023,7/19/23,5.5,7/20/23,20230720_I3B_11293.jpg
4862,C10,2025,7/11/25,3.5,7/11/25,20250711_C10_04862.jpg
6012,C10,2025,7/11/25,5.5,7/11/25,20250711_C10_06012.jpg
11063,I3B,2023,7/12/23,6.0,7/13/23,20230713_I3B_11063.jpg
9735,I3B,2023,7/12/23,5.0,7/13/23,20230713_I3B_09735.jpg
6819,C10,2025,7/14/25,6.5,7/14/25,20250714_C10_06819.jpg
4073,C10,2025,7/11/25,7.5,7/11/25,20250711_C10_04073.jpg
37,C7B,2025,7/11/25,7.0,7/10/25,20250710_C7B_00037.jpg
453,C7B,2025,7/4/25,6.0,7/4/25,20250704_C7B_00453.jpg
1481,C7B,2025,7/18/25,2.0,7/18/25,20250718_C7B_01481.jpg
5341,C10,2025,7/20/25,2.0,7/21/25,20250721_C10_05341.jpg
7455,G3,2023,7/26/23,6.5,7/27/23,20230727_G3_07455.jpg
5693,C10,2025,7/11/25,7.0,7/11/25,20250711_C10_05693.jpg
5964,C10,2025,7/19/25,4.0,7/18/25,20250718_C10_05964.jpg
2727,C7B,2025,7/13/25,7.0,7/12/25,20250712_C7B_02727.jpg
211,C7B,2025,6/30/25,7.0,7/1/25,20250701_C7B_00211.jpg
1532,C7B,2025,7/18/25,4.0,7/18/25,20250718_C7B_01532.jpg
363,C7B,2025,6/30/25,7.0,7/1/25,20250701_C7B_00363.jpg
5984,C10,2025,7/2/25,6.0,7/4/25,20250704_C10_05984.jpg
219,C7B,2025,7/4/25,5.5,7/4/25,20250704_C7B_00219.jpg
2736,C7B,2025,6/30/25,8.0,7/1/25,20250701_C7B_02736.jpg
5016,C10,2025,7/20/25,2.5,7/21/25,20250721_C10_05016.jpg
4926,C10,2025,7/20/25,1.5,7/21/25,20250721_C10_04926.jpg
7443,G3,2023,7/26/23,8.0,7/27/23,20230727_G3_07443.jpg
4312,C10,2025,7/19/25,2.5,7/18/25,20250718_C10_04312.jpg
1389,C7B,2025,7/10/25,6.0,7/10/25,20250710_C7B_01389.jpg
8147,G3,2023,7/26/23,5.5,7/27/23,20230727_G3_08147.jpg
470,C7B,2025,7/18/25,3.0,7/18/25,20250718_C7B_00470.jpg
7289,G3,2023,7/26/23,5.5,7/27/23,20230727_G3_07289.jpg
2040,C7B,2025,7/19/25,2.0,7/18/25,20250718_C7B_02040.jpg
5035,C10,2025,7/20/25,2.5,7/21/25,20250721_C10_05035.jpg
4952,C10,2025,7/2/25,5.5,7/4/25,20250704_C10_04952.jpg
2671,C7B,2025,6/30/25,8.0,7/1/25,20250701_C7B_02671.jpg
739,C7B,2025,6/30/25,7.5,7/1/25,20250701_C7B_00739.jpg
5731,C10,2025,7/8/25,4.5,7/7/25,20250707_C10_05731.jpg
9662,I3B,2023,7/12/23,5.0,7/13/23,20230713_I3B_09662.jpg
9739,I3B,2023,7/12/23,4.0,7/13/23,20230713_I3B_09739.jpg
496,C7B,2025,7/10/25,8.0,7/10/25,20250710_C7B_00496.jpg
5380,C10,2025,7/20/25,2.5,7/21/25,20250721_C10_05380.jpg
2752,C7B,2025,7/18/25,7.5,7/18/25,20250718_C7B_02752.jpg
485,C7B,2025,6/30/25,8.0,7/1/25,20250701_C7B_00485.jpg
323,C7B,2025,7/4/25,7.5,7/4/25,20250704_C7B_00323.jpg
1497,C7B,2025,7/18/25,2.0,7/18/25,20250718_C7B_01497.jpg
1742,C7B,2025,7/10/25,4.0,7/10/25,20250710_C7B_01742.jpg
1458,C7B,2025,7/18/25,2.5,7/18/25,20250718_C7B_01458.jpg
4741,C10,2025,7/2/25,6.0,7/4/25,20250704_C10_04741.jpg
4254,C10,2025,7/11/25,4.0,7/11/25,20250711_C10_04254.jpg
5740,C10,2025,7/11/25,5.0,7/11/25,20250711_C10_05740.jpg
2772,C7B,2025,7/13/25,8.0,7/12/25,20250712_C7B_02772.jpg
5836,C10,2025,7/8/25,3.0,7/7/25,20250707_C10_05836.jpg
1768,C7B,2025,7/1/25,8.0,7/1/25,20250701_C7B_01768.jpg
913,C7B,2025,7/1/25,7.0,7/1/25,20250701_C7B_00913.jpg
328,C7B,2025,6/30/25,6.0,7/1/25,20250701_C7B_00328.jpg
54,C7B,2025,7/4/25,6.0,7/4/25,20250704_C7B_00054.jpg
1119,C7B,2025,7/10/25,5.0,7/10/25,20250710_C7B_01119.jpg
9696,I3B,2023,7/12/23,5.0,7/13/23,20230713_I3B_09696.jpg
6771,C10,2025,7/8/25,7.5,7/7/25,20250707_C10_06771.jpg
1959,C7B,2025,7/1/25,7.0,7/1/25,20250701_C7B_01959.jpg
10259,I3B,2023,7/25/23,3.0,7/27/23,20230727_I3B_10259.jpg
5111,C10,2025,7/2/25,7.0,7/4/25,20250704_C10_05111.jpg
8173,G3,2023,7/20/23,6.0,7/20/23,20230720_G3_08173.jpg
200,C7B,2025,7/10/25,6.5,7/10/25,20250710_C7B_00200.jpg
4237,C10,2025,7/11/25,5.0,7/11/25,20250711_C10_04237.jpg
5785,C10,2025,7/11/25,4.5,7/11/25,20250711_C10_05785.jpg
4436,C10,2025,7/7/25,5.0,7/7/25,20250707_C10_04436.jpg
10383,I3B,2023,7/25/23,6.0,7/27/23,20230727_I3B_10383.jpg
3102,G3,2023,7/26/23,7.5,7/27/23,20230727_G3_03102.jpg
974,C7B,2025,7/18/25,2.0,7/18/25,20250718_C7B_00974.jpg
11248,I3B,2023,7/19/23,5.0,7/20/23,20230720_I3B_11248.jpg
2783,C7B,2025,7/18/25,7.0,7/18/25,20250718_C7B_02783.jpg
2765,C7B,2025,7/8/25,8.0,7/7/25,20250707_C7B_02765.jpg
5436,C10,2025,7/11/25,6.0,7/11/25,20250711_C10_05436.jpg
178,C7B,2025,7/18/25,3.0,7/18/25,20250718_C7B_00178.jpg
4553,C10,2025,7/2/25,5.5,7/4/25,20250704_C10_04553.jpg
2778,C7B,2025,6/30/25,8.0,7/1/25,20250701_C7B_02778.jpg
7329,G3,2023,7/26/23,4.0,7/27/23,20230727_G3_07329.jpg
1846,C7B,2025,7/10/25,7.0,7/10/25,20250710_C7B_01846.jpg
6033,C10,2025,7/8/25,4.0,7/7/25,20250707_C10_06033.jpg
8027,G3,2023,7/26/23,7.5,7/27/23,20230727_G3_08027.jpg
2667,C7B,2025,7/13/25,8.5,7/12/25,20250712_C7B_02667.jpg
5019,C10,2025,7/20/25,3.0,7/21/25,20250721_C10_05019.jpg
5759,C10,2025,7/1/25,7.5,6/28/25,20250628_C10_05759.jpg
2802,C7B,2025,7/8/25,8.0,7/7/25,20250707_C7B_02802.jpg
4427,C10,2025,7/11/25,4.0,7/11/25,20250711_C10_04427.jpg
9990,I3B,2023,7/12/23,6.5,7/13/23,20230713_I3B_09990.jpg
4673,C10,2025,7/2/25,6.0,7/4/25,20250704_C10_04673.jpg
4190,C10,2025,6/30/25,7.5,6/28/25,20250628_C10_04190.jpg
4035,C10,2025,7/7/25,7.0,7/7/25,20250707_C10_04035.jpg
4556,C10,2025,7/2/25,7.5,7/4/25,20250704_C10_04556.jpg
5211,C10,2025,7/20/25,1.5,7/21/25,20250721_C10_05211.jpg
1678,C7B,2025,7/19/25,4.0,7/18/25,20250718_C7B_01678.jpg
965,C7B,2025,7/10/25,5.0,7/10/25,20250710_C7B_00965.jpg
67,C7B,2025,7/18/25,5.5,7/18/25,20250718_C7B_00067.jpg
1982,C7B,2025,7/7/25,4.0,7/7/25,20250707_C7B_01982.jpg
5468,C10,2025,7/2/25,6.0,7/4/25,20250704_C10_05468.jpg
2784,C7B,2025,7/13/25,7.5,7/12/25,20250712_C7B_02784.jpg
1873,C7B,2025,7/1/25,7.5,7/1/25,20250701_C7B_01873.jpg
6006,C10,2025,7/11/25,7.0,7/11/25,20250711_C10_06006.jpg
178,C7B,2025,6/30/25,6.0,7/1/25,20250701_C7B_00178.jpg
8103,G3,2023,7/20/23,5.5,7/20/23,20230720_G3_08103.jpg
4477,C10,2025,7/20/25,4.0,7/21/25,20250721_C10_04477.jpg
1981,C7B,2025,7/1/25,5.5,7/1/25,20250701_C7B_01981.jpg
1060,C7B,2025,7/1/25,7.0,7/1/25,20250701_C7B_01060.jpg
793,C7B,2025,7/10/25,4.0,7/10/25,20250710_C7B_00793.jpg
194,C7B,2025,7/18/25,3.0,7/18/25,20250718_C7B_00194.jpg
4093,C10,2025,7/7/25,7.0,7/7/25,20250707_C10_04093.jpg
4202,C10,2025,7/11/25,6.0,7/11/25,20250711_C10_04202.jpg
1199,C7B,2025,7/18/25,6.0,7/18/25,20250718_C7B_01199.jpg
2041,C7B,2025,7/10/25,7.0,7/10/25,20250710_C7B_02041.jpg
69,C7B,2025,7/18/25,2.0,7/18/25,20250718_C7B_00069.jpg
7210,G3,2023,7/26/23,7.5,7/27/23,20230727_G3_07210.jpg
4244,C10,2025,6/30/25,5.5,6/28/25,20250628_C10_04244.jpg
10939,I3B,2023,7/19/23,5.0,7/20/23,20230720_I3B_10939.jpg
1841,C7B,2025,7/19/25,3.0,7/18/25,20250718_C7B_01841.jpg
2690,C7B,2025,7/13/25,8.0,7/12/25,20250712_C7B_02690.jpg
509,C7B,2025,7/18/25,3.0,7/18/25,20250718_C7B_00509.jpg
4115,C10,2025,6/30/25,8.0,6/28/25,20250628_C10_04115.jpg
5044,C10,2025,7/20/25,2.0,7/21/25,20250721_C10_05044.jpg
394,C7B,2025,7/18/25,2.0,7/18/25,20250718_C7B_00394.jpg
431,C7B,2025,6/30/25,5.0,7/1/25,20250701_C7B_00431.jpg
5167,C10,2025,7/2/25,7.0,7/4/25,20250704_C10_05167.jpg
1604,C7B,2025,7/10/25,8.0,7/10/25,20250710_C7B_01604.jpg
7328,G3,2023,7/20/23,8.0,7/20/23,20230720_G3_07328.jpg
2643,C7B,2025,7/8/25,7.5,7/7/25,20250707_C7B_02643.jpg
5530,C10,2025,7/11/25,5.0,7/11/25,20250711_C10_05530.jpg
4274,C10,2025,7/19/25,3.0,7/18/25,20250718_C10_04274.jpg
1043,C7B,2025,7/10/25,8.0,7/10/25,20250710_C7B_01043.jpg
9583,I3B,2023,7/12/23,7.0,7/13/23,20230713_I3B_09583.jpg
2004,C7B,2025,7/10/25,7.5,7/10/25,20250710_C7B_02004.jpg
5073,C10,2025,7/2/25,5.5,7/4/25,20250704_C10_05073.jpg
2773,C7B,2025,7/13/25,8.0,7/12/25,20250712_C7B_02773.jpg
1279,C7B,2025,7/1/25,6.0,7/1/25,20250701_C7B_01279.jpg
1269,C7B,2025,7/10/25,3.0,7/10/25,20250710_C7B_01269.jpg
6686,C10,2025,7/14/25,7.0,7/14/25,20250714_C10_06686.jpg
4003,C10,2025,6/30/25,8.0,6/28/25,20250628_C10_04003.jpg
1281,C7B,2025,7/18/25,2.0,7/18/25,20250718_C7B_01281.jpg
940,C7B,2025,7/18/25,2.0,7/18/25,20250718_C7B_00940.jpg
1152,C7B,2025,7/10/25,6.5,7/10/25,20250710_C7B_01152.jpg
647,C7B,2025,7/18/25,3.5,7/18/25,20250718_C7B_00647.jpg
5232,C10,2025,7/2/25,7.5,7/4/25,20250704_C10_05232.jpg
4371,C10,2025,7/11/25,3.5,7/11/25,20250711_C10_04371.jpg
7,C7B,2025,7/4/25,7.5,7/4/25,20250704_C7B_00007.jpg
1233,C7B,2025,7/18/25,4.0,7/18/25,20250718_C7B_01233.jpg
4718,C10,2025,7/11/25,4.0,7/11/25,20250711_C10_04718.jpg
1663,C7B,2025,7/19/25,2.0,7/18/25,20250718_C7B_01663.jpg
1601,C7B,2025,7/1/25,5.0,7/1/25,20250701_C7B_01601.jpg
1552,C7B,2025,7/18/25,3.0,7/18/25,20250718_C7B_01552.jpg
6659,C10,2025,7/14/25,5.5,7/14/25,20250714_C10_06659.jpg
10976,I3B,2023,7/19/23,7.5,7/20/23,20230720_I3B_10976.jpg
2827,C7B,2025,6/30/25,8.5,7/1/25,20250701_C7B_02827.jpg
4615,C10,2025,7/11/25,3.0,7/11/25,20250711_C10_04615.jpg
4839,C10,2025,7/11/25,4.0,7/11/25,20250711_C10_04839.jpg
1481,C7B,2025,7/1/25,6.5,7/1/25,20250701_C7B_01481.jpg
912,C7B,2025,7/1/25,6.0,7/1/25,20250701_C7B_00912.jpg
5907,C10,2025,7/11/25,4.5,7/11/25,20250711_C10_05907.jpg
2861,C7B,2025,7/18/25,6.5,7/18/25,20250718_C7B_02861.jpg
1803,C7B,2025,7/19/25,4.0,7/18/25,20250718_C7B_01803.jpg
659,C7B,2025,6/30/25,6.5,7/1/25,20250701_C7B_00659.jpg
6682,C10,2025,7/8/25,8.0,7/7/25,20250707_C10_06682.jpg
388,C7B,2025,6/30/25,6.0,7/1/25,20250701_C7B_00388.jpg
7319,G3,2023,7/20/23,7.0,7/20/23,20230720_G3_07319.jpg
604,C7B,2025,6/30/25,7.5,7/1/25,20250701_C7B_00604.jpg
5861,C10,2025,7/11/25,5.5,7/11/25,20250711_C10_05861.jpg
6674,C10,2025,6/30/25,8.5,6/28/25,20250628_C10_06674.jpg
4438,C10,2025,7/7/25,5.5,7/7/25,20250707_C10_04438.jpg
5037,C10,2025,7/2/25,6.0,7/4/25,20250704_C10_05037.jpg
747,C7B,2025,6/30/25,6.0,7/1/25,20250701_C7B_00747.jpg
6726,C10,2025,7/18/25,7.0,7/18/25,20250718_C10_06726.jpg
242,C7B,2025,6/30/25,7.0,7/1/25,20250701_C7B_00242.jpg
11187,I3B,2023,7/12/23,7.0,7/13/23,20230713_I3B_11187.jpg
4847,C10,2025,7/11/25,6.5,7/11/25,20250711_C10_04847.jpg
5117,C10,2025,7/2/25,5.0,7/4/25,20250704_C10_05117.jpg
4954,C10,2025,7/11/25,5.0,7/11/25,20250711_C10_04954.jpg
1778,C7B,2025,7/10/25,6.5,7/10/25,20250710_C7B_01778.jpg
4003,C10,2025,7/11/25,7.0,7/11/25,20250711_C10_04003.jpg
4212,C10,2025,6/30/25,7.0,6/28/25,20250628_C10_04212.jpg
539,C7B,2025,6/30/25,7.0,7/1/25,20250701_C7B_00539.jpg
515,C7B,2025,7/10/25,5.0,7/10/25,20250710_C7B_00515.jpg
1382,C7B,2025,7/1/25,5.0,7/1/25,20250701_C7B_01382.jpg
2027,C7B,2025,7/7/25,5.5,7/7/25,20250707_C7B_02027.jpg
4914,C10,2025,7/2/25,7.0,7/4/25,20250704_C10_04914.jpg
7535,G3,2023,7/20/23,6.5,7/20/23,20230720_G3_07535.jpg
2845,C7B,2025,7/8/25,5.0,7/7/25,20250707_C7B_02845.jpg
390,C7B,2025,7/4/25,5.0,7/4/25,20250704_C7B_00390.jpg
10967,I3B,2023,7/19/23,6.0,7/20/23,20230720_I3B_10967.jpg
135,C7B,2025,7/18/25,5.5,7/18/25,20250718_C7B_00135.jpg
5892,C10,2025,7/19/25,2.5,7/18/25,20250718_C10_05892.jpg
5994,C10,2025,7/19/25,3.5,7/18/25,20250718_C10_05994.jpg
568,C7B,2025,7/18/25,3.0,7/18/25,20250718_C7B_00568.jpg
5763,C10,2025,7/19/25,2.0,7/18/25,20250718_C10_05763.jpg
74,C7B,2025,7/10/25,6.0,7/10/25,20250710_C7B_00074.jpg
1551,C7B,2025,7/18/25,3.0,7/18/25,20250718_C7B_01551.jpg
3089,G3,2023,7/19/23,8.5,7/20/23,20230720_G3_03089.jpg
4465,C10,2025,7/11/25,4.0,7/11/25,20250711_C10_04465.jpg
354,C7B,2025,7/4/25,6.0,7/4/25,20250704_C7B_00354.jpg
8003,G3,2023,7/26/23,6.0,7/27/23,20230727_G3_08003.jpg
8048,G3,2023,7/26/23,5.5,7/27/23,20230727_G3_08048.jpg
4831,C10,2025,7/11/25,4.0,7/11/25,20250711_C10_04831.jpg
5765,C10,2025,7/1/25,6.0,6/28/25,20250628_C10_05765.jpg
1941,C7B,2025,7/1/25,7.5,7/1/25,20250701_C7B_01941.jpg
107,C7B,2025,7/4/25,5.0,7/4/25,20250704_C7B_00107.jpg
571,C7B,2025,7/18/25,3.5,7/18/25,20250718_C7B_00571.jpg
5974,C10,2025,7/19/25,1.5,7/18/25,20250718_C10_05974.jpg
4097,C10,2025,7/7/25,6.5,7/7/25,20250707_C10_04097.jpg
1100,C7B,2025,7/10/25,5.0,7/10/25,20250710_C7B_01100.jpg
60,C7B,2025,7/11/25,6.0,7/10/25,20250710_C7B_00060.jpg
4260,C10,2025,7/11/25,3.0,7/11/25,20250711_C10_04260.jpg
5566,C10,2025,7/11/25,6.0,7/11/25,20250711_C10_05566.jpg
839,C7B,2025,7/1/25,6.0,7/1/25,20250701_C7B_00839.jpg
2006,C7B,2025,7/19/25,4.0,7/18/25,20250718_C7B_02006.jpg
1967,C7B,2025,7/10/25,5.0,7/10/25,20250710_C7B_01967.jpg
11015,I3B,2023,7/19/23,5.0,7/20/23,20230720_I3B_11015.jpg
5787,C10,2025,7/1/25,5.0,6/28/25,20250628_C10_05787.jpg
7459,G3,2023,7/26/23,8.0,7/27/23,20230727_G3_07459.jpg
1736,C7B,2025,7/1/25,6.5,7/1/25,20250701_C7B_01736.jpg
9747,I3B,2023,7/12/23,5.0,7/13/23,20230713_I3B_09747.jpg
4479,C10,2025,7/2/25,5.5,7/4/25,20250704_C10_04479.jpg
4517,C10,2025,7/2/25,6.0,7/4/25,20250704_C10_04517.jpg
9714,I3B,2023,7/12/23,5.0,7/13/23,20230713_I3B_09714.jpg
5705,C10,2025,7/8/25,5.5,7/7/25,20250707_C10_05705.jpg
398,C7B,2025,6/30/25,7.5,7/1/25,20250701_C7B_00398.jpg
4097,C10,2025,7/19/25,3.5,7/18/25,20250718_C10_04097.jpg
5043,C10,2025,7/2/25,5.0,7/4/25,20250704_C10_05043.jpg
5872,C10,2025,7/11/25,6.0,7/11/25,20250711_C10_05872.jpg
1062,C7B,2025,7/1/25,7.0,7/1/25,20250701_C7B_01062.jpg
245,C7B,2025,7/10/25,6.0,7/10/25,20250710_C7B_00245.jpg
7384,G3,2023,7/26/23,6.5,7/27/23,20230727_G3_07384.jpg
9989,I3B,2023,7/12/23,5.5,7/13/23,20230713_I3B_09989.jpg
4134,C10,2025,7/7/25,4.5,7/7/25,20250707_C10_04134.jpg
4470,C10,2025,7/20/25,3.5,7/21/25,20250721_C10_04470.jpg
6725,C10,2025,7/8/25,8.0,7/7/25,20250707_C10_06725.jpg
4990,C10,2025,7/20/25,2.0,7/21/25,20250721_C10_04990.jpg
5925,C10,2025,7/19/25,1.5,7/18/25,20250718_C10_05925.jpg
1647,C7B,2025,7/18/25,4.0,7/18/25,20250718_C7B_01647.jpg
6664,C10,2025,6/30/25,8.5,6/28/25,20250628_C10_06664.jpg
2842,C7B,2025,7/18/25,6.0,7/18/25,20250718_C7B_02842.jpg
6715,C10,2025,7/8/25,6.5,7/7/25,20250707_C10_06715.jpg
1140,C7B,2025,7/18/25,3.0,7/18/25,20250718_C7B_01140.jpg
10398,I3B,2023,7/25/23,6.0,7/27/23,20230727_I3B_10398.jpg
1693,C7B,2025,7/19/25,5.5,7/18/25,20250718_C7B_01693.jpg
5323,C10,2025,7/20/25,3.0,7/21/25,20250721_C10_05323.jpg
4857,C10,2025,7/11/25,7.5,7/11/25,20250711_C10_04857.jpg
10842,I3B,2023,7/19/23,6.0,7/20/23,20230720_I3B_10842.jpg
5927,C10,2025,7/19/25,2.0,7/18/25,20250718_C10_05927.jpg
4059,C10,2025,7/19/25,1.5,7/18/25,20250718_C10_04059.jpg
455,C7B,2025,7/10/25,4.0,7/10/25,20250710_C7B_00455.jpg
5430,C10,2025,7/2/25,5.0,7/4/25,20250704_C10_05430.jpg
1832,C7B,2025,7/7/25,5.0,7/7/25,20250707_C7B_01832.jpg
5897,C10,2025,7/19/25,4.0,7/18/25,20250718_C10_05897.jpg
241,C7B,2025,6/30/25,7.0,7/1/25,20250701_C7B_00241.jpg
4312,C10,2025,7/11/25,6.0,7/11/25,20250711_C10_04312.jpg
5325,C10,2025,7/2/25,5.0,7/4/25,20250704_C10_05325.jpg
4414,C10,2025,7/11/25,3.5,7/11/25,20250711_C10_04414.jpg
11,C7B,2025,7/4/25,7.5,7/4/25,20250704_C7B_00011.jpg
8088,G3,2023,7/20/23,6.5,7/20/23,20230720_G3_08088.jpg
697,C7B,2025,6/30/25,6.0,7/1/25,20250701_C7B_00697.jpg
7463,G3,2023,7/20/23,7.0,7/20/23,20230720_G3_07463.jpg
11296,I3B,2023,7/19/23,6.5,7/20/23,20230720_I3B_11296.jpg
4419,C10,2025,6/30/25,7.5,6/28/25,20250628_C10_04419.jpg
972,C7B,2025,7/18/25,3.0,7/18/25,20250718_C7B_00972.jpg
11219,I3B,2023,7/19/23,6.0,7/20/23,20230720_I3B_11219.jpg
5044,C10,2025,7/2/25,5.0,7/4/25,20250704_C10_05044.jpg
192,C7B,2025,7/18/25,3.0,7/18/25,20250718_C7B_00192.jpg
1919,C7B,2025,7/7/25,5.5,7/7/25,20250707_C7B_01919.jpg
3132,G3,2023,7/19/23,7.0,7/20/23,20230720_G3_03132.jpg
10353,I3B,2023,7/25/23,4.0,7/27/23,20230727_I3B_10353.jpg
6690,C10,2025,6/30/25,9.0,6/28/25,20250628_C10_06690.jpg
2034,C7B,2025,7/7/25,7.0,7/7/25,20250707_C7B_02034.jpg
1349,C7B,2025,7/1/25,6.5,7/1/25,20250701_C7B_01349.jpg
5703,C10,2025,7/1/25,5.0,6/28/25,20250628_C10_05703.jpg
1345,C7B,2025,7/1/25,7.5,7/1/25,20250701_C7B_01345.jpg
7406,G3,2023,7/26/23,5.0,7/27/23,20230727_G3_07406.jpg
10278,I3B,2023,7/25/23,4.0,7/27/23,20230727_I3B_10278.jpg
366,C7B,2025,7/4/25,7.0,7/4/25,20250704_C7B_00366.jpg
4461,C10,2025,7/2/25,6.0,7/4/25,20250704_C10_04461.jpg
5831,C10,2025,7/8/25,5.0,7/7/25,20250707_C10_05831.jpg
7349,G3,2023,7/20/23,7.5,7/20/23,20230720_G3_07349.jpg
7542,G3,2023,7/20/23,5.0,7/20/23,20230720_G3_07542.jpg
7213,G3,2023,7/19/23,8.0,7/20/23,20230720_G3_07213.jpg
6654,C10,2025,7/18/25,7.0,7/18/25,20250718_C10_06654.jpg
276,C7B,2025,7/4/25,6.5,7/4/25,20250704_C7B_00276.jpg
5951,C10,2025,7/19/25,2.0,7/18/25,20250718_C10_05951.jpg
4707,C10,2025,7/2/25,5.0,7/4/25,20250704_C10_04707.jpg
5813,C10,2025,7/19/25,3.0,7/18/25,20250718_C10_05813.jpg
6853,C10,2025,6/30/25,7.5,6/28/25,20250628_C10_06853.jpg
1448,C7B,2025,7/1/25,5.0,7/1/25,20250701_C7B_01448.jpg
5553,C10,2025,7/2/25,7.0,7/4/25,20250704_C10_05553.jpg
4089,C10,2025,6/30/25,5.0,6/28/25,20250628_C10_04089.jpg
1300,C7B,2025,7/1/25,6.0,7/1/25,20250701_C7B_01300.jpg
11350,I3B,2023,7/19/23,7.0,7/20/23,20230720_I3B_11350.jpg
316,C7B,2025,7/4/25,5.0,7/4/25,20250704_C7B_00316.jpg
4527,C10,2025,7/20/25,4.0,7/21/25,20250721_C10_04527.jpg
1445,C7B,2025,7/1/25,6.0,7/1/25,20250701_C7B_01445.jpg
2835,C7B,2025,7/8/25,5.0,7/7/25,20250707_C7B_02835.jpg
84,C7B,2025,7/4/25,7.5,7/4/25,20250704_C7B_00084.jpg
1444,C7B,2025,7/1/25,6.0,7/1/25,20250701_C7B_01444.jpg
1046,C7B,2025,7/10/25,6.5,7/10/25,20250710_C7B_01046.jpg
264,C7B,2025,7/10/25,3.5,7/10/25,20250710_C7B_00264.jpg
1973,C7B,2025,7/1/25,7.5,7/1/25,20250701_C7B_01973.jpg
4202,C10,2025,7/7/25,5.5,7/7/25,20250707_C10_04202.jpg
10992,I3B,2023,7/19/23,6.0,7/20/23,20230720_I3B_10992.jpg
5047,C10,2025,7/2/25,7.0,7/4/25,20250704_C10_05047.jpg
865,C7B,2025,7/18/25,1.5,7/18/25,20250718_C7B_00865.jpg
9855,I3B,2023,7/12/23,5.5,7/13/23,20230713_I3B_09855.jpg
961,C7B,2025,7/18/25,7.0,7/18/25,20250718_C7B_00961.jpg
10995,I3B,2023,7/19/23,5.5,7/20/23,20230720_I3B_10995.jpg
349,C7B,2025,7/18/25,2.5,7/18/25,20250718_C7B_00349.jpg
508,C7B,2025,7/18/25,4.0,7/18/25,20250718_C7B_00508.jpg
2770,C7B,2025,7/13/25,7.0,7/12/25,20250712_C7B_02770.jpg
1240,C7B,2025,7/18/25,2.0,7/18/25,20250718_C7B_01240.jpg
7527,G3,2023,7/26/23,4.5,7/27/23,20230727_G3_07527.jpg
6636,C10,2025,7/14/25,6.0,7/14/25,20250714_C10_06636.jpg
5564,C10,2025,7/20/25,1.5,7/21/25,20250721_C10_05564.jpg
769,C7B,2025,6/30/25,6.5,7/1/25,20250701_C7B_00769.jpg
1361,C7B,2025,7/18/25,4.0,7/18/25,20250718_C7B_01361.jpg
9878,I3B,2023,7/12/23,4.5,7/13/23,20230713_I3B_09878.jpg
361,C7B,2025,7/18/25,2.5,7/18/25,20250718_C7B_00361.jpg
7528,G3,2023,7/26/23,8.0,7/27/23,20230727_G3_07528.jpg
166,C7B,2025,7/18/25,4.0,7/18/25,20250718_C7B_00166.jpg
978,C7B,2025,7/1/25,7.0,7/1/25,20250701_C7B_00978.jpg
4372,C10,2025,7/19/25,2.5,7/18/25,20250718_C10_04372.jpg
749,C7B,2025,7/10/25,6.0,7/10/25,20250710_C7B_00749.jpg
1382,C7B,2025,7/10/25,3.5,7/10/25,20250710_C7B_01382.jpg
5680,C10,2025,7/19/25,4.0,7/18/25,20250718_C10_05680.jpg
4957,C10,2025,7/20/25,2.0,7/21/25,20250721_C10_04957.jpg
8024,G3,2023,7/26/23,5.0,7/27/23,20230727_G3_08024.jpg
6737,C10,2025,7/8/25,8.0,7/7/25,20250707_C10_06737.jpg
5208,C10,2025,7/2/25,8.0,7/4/25,20250704_C10_05208.jpg
5871,C10,2025,7/8/25,5.5,7/7/25,20250707_C10_05871.jpg
344,C7B,2025,6/30/25,7.5,7/1/25,20250701_C7B_00344.jpg
2724,C7B,2025,6/30/25,8.5,7/1/25,20250701_C7B_02724.jpg
316,C7B,2025,6/30/25,7.0,7/1/25,20250701_C7B_00316.jpg
1320,C7B,2025,7/1/25,7.0,7/1/25,20250701_C7B_01320.jpg
1007,C7B,2025,7/10/25,6.0,7/10/25,20250710_C7B_01007.jpg
7245,G3,2023,7/26/23,5.0,7/27/23,20230727_G3_07245.jpg
4596,C10,2025,7/20/25,1.5,7/21/25,20250721_C10_04596.jpg
4562,C10,2025,7/2/25,6.5,7/4/25,20250704_C10_04562.jpg
4379,C10,2025,7/11/25,4.0,7/11/25,20250711_C10_04379.jpg
706,C7B,2025,6/30/25,7.5,7/1/25,20250701_C7B_00706.jpg
8021,G3,2023,7/26/23,4.0,7/27/23,20230727_G3_08021.jpg
5693,C10,2025,7/19/25,5.0,7/18/25,20250718_C10_05693.jpg
5102,C10,2025,7/2/25,5.0,7/4/25,20250704_C10_05102.jpg
4323,C10,2025,7/19/25,3.0,7/18/25,20250718_C10_04323.jpg
6645,C10,2025,7/14/25,7.5,7/14/25,20250714_C10_06645.jpg
1681,C7B,2025,7/10/25,4.0,7/10/25,20250710_C7B_01681.jpg
1258,C7B,2025,7/10/25,5.0,7/10/25,20250710_C7B_01258.jpg
4889,C10,2025,7/11/25,5.0,7/11/25,20250711_C10_04889.jpg
1933,C7B,2025,7/7/25,6.0,7/7/25,20250707_C7B_01933.jpg
1657,C7B,2025,7/10/25,6.5,7/10/25,20250710_C7B_01657.jpg
5495,C10,2025,7/2/25,5.0,7/4/25,20250704_C10_05495.jpg
82,C7B,2025,7/18/25,4.5,7/18/25,20250718_C7B_00082.jpg
9908,I3B,2023,7/12/23,5.0,7/13/23,20230713_I3B_09908.jpg
4699,C10,2025,7/2/25,7.0,7/4/25,20250704_C10_04699.jpg
9604,I3B,2023,7/12/23,7.0,7/13/23,20230713_I3B_09604.jpg
1961,C7B,2025,7/10/25,7.0,7/10/25,20250710_C7B_01961.jpg
7342,G3,2023,7/20/23,7.5,7/20/23,20230720_G3_07342.jpg
1161,C7B,2025,7/18/25,2.5,7/18/25,20250718_C7B_01161.jpg
2799,C7B,2025,7/13/25,8.0,7/12/25,20250712_C7B_02799.jpg
6661,C10,2025,6/30/25,8.0,6/28/25,20250628_C10_06661.jpg
934,C7B,2025,7/1/25,5.5,7/1/25,20250701_C7B_00934.jpg
77,C7B,2025,7/10/25,3.0,7/10/25,20250710_C7B_00077.jpg
1400,C7B,2025,7/18/25,3.0,7/18/25,20250718_C7B_01400.jpg
513,C7B,2025,7/10/25,6.0,7/10/25,20250710_C7B_00513.jpg
5418,C10,2025,7/11/25,6.5,7/11/25,20250711_C10_05418.jpg
6779,C10,2025,7/8/25,7.5,7/7/25,20250707_C10_06779.jpg
1105,C7B,2025,7/1/25,5.0,7/1/25,20250701_C7B_01105.jpg
6030,C10,2025,7/8/25,4.0,7/7/25,20250707_C10_06030.jpg
1245,C7B,2025,7/10/25,4.0,7/10/25,20250710_C7B_01245.jpg
829,C7B,2025,7/10/25,6.0,7/10/25,20250710_C7B_00829.jpg
2783,C7B,2025,7/13/25,6.0,7/12/25,20250712_C7B_02783.jpg
4568,C10,2025,7/11/25,5.0,7/11/25,20250711_C10_04568.jpg
64,C7B,2025,7/4/25,6.5,7/4/25,20250704_C7B_00064.jpg
1354,C7B,2025,7/10/25,7.5,7/10/25,20250710_C7B_01354.jpg
5825,C10,2025,7/19/25,2.0,7/18/25,20250718_C10_05825.jpg
519,C7B,2025,7/10/25,7.0,7/10/25,20250710_C7B_00519.jpg
10321,I3B,2023,7/25/23,3.0,7/27/23,20230727_I3B_10321.jpg
5918,C10,2025,7/11/25,4.0,7/11/25,20250711_C10_05918.jpg
4235,C10,2025,7/11/25,4.0,7/11/25,20250711_C10_04235.jpg
720,C7B,2025,6/30/25,5.0,7/1/25,20250701_C7B_00720.jpg
5022,C10,2025,7/20/25,2.0,7/21/25,20250721_C10_05022.jpg
1827,C7B,2025,7/19/25,2.0,7/18/25,20250718_C7B_01827.jpg
4267,C10,2025,7/11/25,5.5,7/11/25,20250711_C10_04267.jpg
1441,C7B,2025,7/18/25,1.5,7/18/25,20250718_C7B_01441.jpg
5248,C10,2025,7/20/25,2.0,7/21/25,20250721_C10_05248.jpg
1450,C7B,2025,7/10/25,6.5,7/10/25,20250710_C7B_01450.jpg
481,C7B,2025,7/18/25,3.0,7/18/25,20250718_C7B_00481.jpg
5576,C10,2025,7/2/25,5.5,7/4/25,20250704_C10_05576.jpg
809,C7B,2025,7/10/25,5.0,7/10/25,20250710_C7B_00809.jpg
6799,C10,2025,7/14/25,5.0,7/14/25,20250714_C10_06799.jpg
7441,G3,2023,7/26/23,7.5,7/27/23,20230727_G3_07441.jpg
4522,C10,2025,7/2/25,6.0,7/4/25,20250704_C10_04522.jpg
860,C7B,2025,7/1/25,7.0,7/1/25,20250701_C7B_00860.jpg
2756,C7B,2025,6/30/25,7.5,7/1/25,20250701_C7B_02756.jpg
3159,G3,2023,7/19/23,7.0,7/20/23,20230720_G3_03159.jpg
5784,C10,2025,7/8/25,5.5,7/7/25,20250707_C10_05784.jpg
4792,C10,2025,7/2/25,7.0,7/4/25,20250704_C10_04792.jpg
5928,C10,2025,7/19/25,3.0,7/18/25,20250718_C10_05928.jpg
4866,C10,2025,7/11/25,4.5,7/11/25,20250711_C10_04866.jpg
6690,C10,2025,7/3/25,8.5,7/4/25,20250704_C10_06690.jpg
4008,C10,2025,7/11/25,5.5,7/11/25,20250711_C10_04008.jpg
927,C7B,2025,7/18/25,4.0,7/18/25,20250718_C7B_00927.jpg
63,C7B,2025,7/18/25,6.0,7/18/25,20250718_C7B_00063.jpg
4291,C10,2025,6/30/25,7.0,6/28/25,20250628_C10_04291.jpg
8093,G3,2023,7/26/23,8.0,7/27/23,20230727_G3_08093.jpg
10307,I3B,2023,7/25/23,6.5,7/27/23,20230727_I3B_10307.jpg
5122,C10,2025,7/11/25,4.0,7/11/25,20250711_C10_05122.jpg
687,C7B,2025,7/18/25,5.0,7/18/25,20250718_C7B_00687.jpg
9667,I3B,2023,7/12/23,4.5,7/13/23,20230713_I3B_09667.jpg
10352,I3B,2023,7/25/23,5.0,7/27/23,20230727_I3B_10352.jpg
6857,C10,2025,7/8/25,8.0,7/7/25,20250707_C10_06857.jpg
5366,C10,2025,7/11/25,6.5,7/11/25,20250711_C10_05366.jpg
6021,C10,2025,7/19/25,3.0,7/18/25,20250718_C10_06021.jpg
5565,C10,2025,7/11/25,5.5,7/11/25,20250711_C10_05565.jpg
744,C7B,2025,7/18/25,3.0,7/18/25,20250718_C7B_00744.jpg
6796,C10,2025,7/8/25,8.0,7/7/25,20250707_C10_06796.jpg
1095,C7B,2025,7/18/25,3.5,7/18/25,20250718_C7B_01095.jpg
1792,C7B,2025,7/19/25,4.0,7/18/25,20250718_C7B_01792.jpg
9687,I3B,2023,7/12/23,5.0,7/13/23,20230713_I3B_09687.jpg
5842,C10,2025,7/11/25,4.0,7/11/25,20250711_C10_05842.jpg
5795,C10,2025,7/11/25,6.5,7/11/25,20250711_C10_05795.jpg
875,C7B,2025,7/1/25,7.0,7/1/25,20250701_C7B_00875.jpg
1998,C7B,2025,7/10/25,6.5,7/10/25,20250710_C7B_01998.jpg
4434,C10,2025,7/7/25,8.0,7/7/25,20250707_C10_04434.jpg
7222,G3,2023,7/19/23,8.0,7/20/23,20230720_G3_07222.jpg
5849,C10,2025,7/11/25,4.5,7/11/25,20250711_C10_05849.jpg
6759,C10,2025,6/30/25,8.5,6/28/25,20250628_C10_06759.jpg
1008,C7B,2025,7/10/25,6.5,7/10/25,20250710_C7B_01008.jpg
9617,I3B,2023,7/12/23,6.5,7/13/23,20230713_I3B_09617.jpg
6869,C10,2025,6/30/25,8.5,6/28/25,20250628_C10_06869.jpg
6813,C10,2025,7/3/25,5.5,7/4/25,20250704_C10_06813.jpg
558,C7B,2025,6/30/25,7.5,7/1/25,20250701_C7B_00558.jpg
488,C7B,2025,6/30/25,7.0,7/1/25,20250701_C7B_00488.jpg
1902,C7B,2025,7/1/25,6.0,7/1/25,20250701_C7B_01902.jpg
4471,C10,2025,7/2/25,6.0,7/4/25,20250704_C10_04471.jpg
10388,I3B,2023,7/25/23,4.0,7/27/23,20230727_I3B_10388.jpg
5886,C10,2025,7/8/25,5.0,7/7/25,20250707_C10_05886.jpg
2041,C7B,2025,7/1/25,7.0,7/1/25,20250701_C7B_02041.jpg
4903,C10,2025,7/11/25,4.0,7/11/25,20250711_C10_04903.jpg
8118,G3,2023,7/26/23,7.5,7/27/23,20230727_G3_08118.jpg
736,C7B,2025,7/10/25,5.0,7/10/25,20250710_C7B_00736.jpg
1808,C7B,2025,7/19/25,2.5,7/18/25,20250718_C7B_01808.jpg
1983,C7B,2025,7/19/25,2.0,7/18/25,20250718_C7B_01983.jpg
4194,C10,2025,7/11/25,5.0,7/11/25,20250711_C10_04194.jpg
687,C7B,2025,6/30/25,7.5,7/1/25,20250701_C7B_00687.jpg
6736,C10,2025,6/30/25,8.5,6/28/25,20250628_C10_06736.jpg
5615,C10,2025,7/11/25,4.5,7/11/25,20250711_C10_05615.jpg
6809,C10,2025,7/3/25,5.0,7/4/25,20250704_C10_06809.jpg
9655,I3B,2023,7/12/23,5.0,7/13/23,20230713_I3B_09655.jpg
3098,G3,2023,7/26/23,7.5,7/27/23,20230727_G3_03098.jpg
4299,C10,2025,7/11/25,5.0,7/11/25,20250711_C10_04299.jpg
4992,C10,2025,7/11/25,5.0,7/11/25,20250711_C10_04992.jpg
6727,C10,2025,7/8/25,8.0,7/7/25,20250707_C10_06727.jpg
4477,C10,2025,7/2/25,7.0,7/4/25,20250704_C10_04477.jpg
5764,C10,2025,7/19/25,5.0,7/18/25,20250718_C10_05764.jpg
227,C7B,2025,7/4/25,5.5,7/4/25,20250704_C7B_00227.jpg
5706,C10,2025,7/19/25,3.5,7/18/25,20250718_C10_05706.jpg
7291,G3,2023,7/20/23,8.0,7/20/23,20230720_G3_07291.jpg
4462,C10,2025,7/20/25,2.0,7/21/25,20250721_C10_04462.jpg
4386,C10,2025,7/11/25,6.0,7/11/25,20250711_C10_04386.jpg
642,C7B,2025,6/30/25,6.5,7/1/25,20250701_C7B_00642.jpg
649,C7B,2025,7/10/25,8.0,7/10/25,20250710_C7B_00649.jpg
1169,C7B,2025,7/10/25,7.0,7/10/25,20250710_C7B_01169.jpg
4015,C10,2025,7/19/25,3.5,7/18/25,20250718_C10_04015.jpg
676,C7B,2025,7/10/25,5.5,7/10/25,20250710_C7B_00676.jpg
1320,C7B,2025,7/10/25,5.5,7/10/25,20250710_C7B_01320.jpg
6788,C10,2025,7/14/25,7.5,7/14/25,20250714_C10_06788.jpg
5933,C10,2025,7/8/25,5.5,7/7/25,20250707_C10_05933.jpg
6809,C10,2025,7/14/25,4.0,7/14/25,20250714_C10_06809.jpg
186,C7B,2025,7/18/25,3.0,7/18/25,20250718_C7B_00186.jpg
3116,G3,2023,7/26/23,8.0,7/27/23,20230727_G3_03116.jpg
4645,C10,2025,7/11/25,5.5,7/11/25,20250711_C10_04645.jpg
6030,C10,2025,7/2/25,4.5,7/4/25,20250704_C10_06030.jpg
6651,C10,2025,7/18/25,6.0,7/18/25,20250718_C10_06651.jpg
5899,C10,2025,7/11/25,4.0,7/11/25,20250711_C10_05899.jpg
4230,C10,2025,7/7/25,6.0,7/7/25,20250707_C10_04230.jpg
4689,C10,2025,7/20/25,3.0,7/21/25,20250721_C10_04689.jpg
4575,C10,2025,7/2/25,7.0,7/4/25,20250704_C10_04575.jpg
1956,C7B,2025,7/19/25,4.0,7/18/25,20250718_C7B_01956.jpg
1587,C7B,2025,7/1/25,8.0,7/1/25,20250701_C7B_01587.jpg
467,C7B,2025,7/18/25,3.0,7/18/25,20250718_C7B_00467.jpg
6834,C10,2025,6/30/25,8.0,6/28/25,20250628_C10_06834.jpg
459,C7B,2025,7/4/25,7.0,7/4/25,20250704_C7B_00459.jpg
1163,C7B,2025,7/1/25,7.0,7/1/25,20250701_C7B_01163.jpg
509,C7B,2025,6/30/25,7.5,7/1/25,20250701_C7B_00509.jpg
123,C7B,2025,6/30/25,5.5,7/1/25,20250701_C7B_00123.jpg
7271,G3,2023,7/26/23,5.5,7/27/23,20230727_G3_07271.jpg
4958,C10,2025,7/20/25,1.5,7/21/25,20250721_C10_04958.jpg
5478,C10,2025,7/2/25,5.5,7/4/25,20250704_C10_05478.jpg
4859,C10,2025,7/11/25,5.5,7/11/25,20250711_C10_04859.jpg
4942,C10,2025,7/2/25,6.5,7/4/25,20250704_C10_04942.jpg
5429,C10,2025,7/20/25,2.0,7/21/25,20250721_C10_05429.jpg
9948,I3B,2023,7/12/23,4.5,7/13/23,20230713_I3B_09948.jpg
4700,C10,2025,7/11/25,4.0,7/11/25,20250711_C10_04700.jpg
5159,C10,2025,7/20/25,2.0,7/21/25,20250721_C10_05159.jpg
8072,G3,2023,7/20/23,8.0,7/20/23,20230720_G3_08072.jpg
4212,C10,2025,7/7/25,5.0,7/7/25,20250707_C10_04212.jpg
1057,C7B,2025,7/10/25,5.0,7/10/25,20250710_C7B_01057.jpg
1899,C7B,2025,7/7/25,5.0,7/7/25,20250707_C7B_01899.jpg
6813,C10,2025,7/8/25,7.5,7/7/25,20250707_C10_06813.jpg
10993,I3B,2023,7/19/23,6.0,7/20/23,20230720_I3B_10993.jpg
9571,I3B,2023,7/12/23,5.5,7/13/23,20230713_I3B_09571.jpg
882,C7B,2025,7/18/25,2.0,7/18/25,20250718_C7B_00882.jpg
6769,C10,2025,6/30/25,8.5,6/28/25,20250628_C10_06769.jpg
1968,C7B,2025,7/19/25,1.5,7/18/25,20250718_C7B_01968.jpg
4310,C10,2025,7/19/25,3.0,7/18/25,20250718_C10_04310.jpg
4876,C10,2025,7/11/25,3.5,7/11/25,20250711_C10_04876.jpg
5417,C10,2025,7/2/25,6.5,7/4/25,20250704_C10_05417.jpg
10420,I3B,2023,7/25/23,3.0,7/27/23,20230727_I3B_10420.jpg
1208,C7B,2025,7/1/25,6.0,7/1/25,20250701_C7B_01208.jpg
5266,C10,2025,7/11/25,4.5,7/11/25,20250711_C10_05266.jpg
5824,C10,2025,7/19/25,4.0,7/18/25,20250718_C10_05824.jpg
5975,C10,2025,7/11/25,4.0,7/11/25,20250711_C10_05975.jpg
2724,C7B,2025,7/8/25,8.0,7/7/25,20250707_C7B_02724.jpg
4071,C10,2025,7/11/25,7.5,7/11/25,20250711_C10_04071.jpg
4216,C10,2025,6/30/25,6.0,6/28/25,20250628_C10_04216.jpg
11257,I3B,2023,7/19/23,4.0,7/20/23,20230720_I3B_11257.jpg
2638,C7B,2025,7/8/25,8.0,7/7/25,20250707_C7B_02638.jpg
4080,C10,2025,7/11/25,6.0,7/11/25,20250711_C10_04080.jpg
1848,C7B,2025,7/1/25,6.0,7/1/25,20250701_C7B_01848.jpg
2767,C7B,2025,7/18/25,8.0,7/18/25,20250718_C7B_02767.jpg
6646,C10,2025,7/14/25,7.5,7/14/25,20250714_C10_06646.jpg
337,C7B,2025,7/10/25,3.5,7/10/25,20250710_C7B_00337.jpg
4505,C10,2025,7/11/25,4.0,7/11/25,20250711_C10_04505.jpg
5938,C10,2025,7/8/25,4.0,7/7/25,20250707_C10_05938.jpg
5169,C10,2025,7/11/25,3.0,7/11/25,20250711_C10_05169.jpg
5127,C10,2025,7/20/25,1.5,7/21/25,20250721_C10_05127.jpg
727,C7B,2025,7/10/25,4.0,7/10/25,20250710_C7B_00727.jpg
5758,C10,2025,7/8/25,7.0,7/7/25,20250707_C10_05758.jpg
6829,C10,2025,7/3/25,7.5,7/4/25,20250704_C10_06829.jpg
1169,C7B,2025,7/18/25,4.0,7/18/25,20250718_C7B_01169.jpg
4796,C10,2025,7/20/25,3.0,7/21/25,20250721_C10_04796.jpg
9914,I3B,2023,7/12/23,4.0,7/13/23,20230713_I3B_09914.jpg
384,C7B,2025,7/10/25,5.0,7/10/25,20250710_C7B_00384.jpg
5789,C10,2025,7/19/25,2.5,7/18/25,20250718_C10_05789.jpg
7526,G3,2023,7/20/23,7.5,7/20/23,20230720_G3_07526.jpg
4611,C10,2025,7/11/25,4.0,7/11/25,20250711_C10_04611.jpg
4185,C10,2025,7/19/25,2.5,7/18/25,20250718_C10_04185.jpg
1456,C7B,2025,7/1/25,6.0,7/1/25,20250701_C7B_01456.jpg
2819,C7B,2025,7/18/25,7.0,7/18/25,20250718_C7B_02819.jpg
8054,G3,2023,7/26/23,4.0,7/27/23,20230727_G3_08054.jpg
1226,C7B,2025,7/1/25,5.5,7/1/25,20250701_C7B_01226.jpg
105,C7B,2025,7/10/25,6.0,7/10/25,20250710_C7B_00105.jpg
2013,C7B,2025,7/10/25,7.5,7/10/25,20250710_C7B_02013.jpg
1559,C7B,2025,7/18/25,2.0,7/18/25,20250718_C7B_01559.jpg
8090,G3,2023,7/20/23,6.5,7/20/23,20230720_G3_08090.jpg
5346,C10,2025,7/20/25,3.0,7/21/25,20250721_C10_05346.jpg
1746,C7B,2025,7/19/25,5.0,7/18/25,20250718_C7B_01746.jpg
5824,C10,2025,7/8/25,6.0,7/7/25,20250707_C10_05824.jpg
1995,C7B,2025,7/19/25,2.0,7/18/25,20250718_C7B_01995.jpg
4039,C10,2025,6/30/25,7.5,6/28/25,20250628_C10_04039.jpg
8019,G3,2023,7/26/23,4.0,7/27/23,20230727_G3_08019.jpg
1148,C7B,2025,7/10/25,5.0,7/10/25,20250710_C7B_01148.jpg
4102,C10,2025,7/7/25,7.5,7/7/25,20250707_C10_04102.jpg
11052,I3B,2023,7/12/23,7.0,7/13/23,20230713_I3B_11052.jpg
4052,C10,2025,6/30/25,8.0,6/28/25,20250628_C10_04052.jpg
10306,I3B,2023,7/25/23,4.0,7/27/23,20230727_I3B_10306.jpg
7486,G3,2023,7/20/23,7.5,7/20/23,20230720_G3_07486.jpg
1133,C7B,2025,7/18/25,4.0,7/18/25,20250718_C7B_01133.jpg
705,C7B,2025,6/30/25,7.0,7/1/25,20250701_C7B_00705.jpg
2817,C7B,2025,6/30/25,7.0,7/1/25,20250701_C7B_02817.jpg
6691,C10,2025,7/3/25,7.0,7/4/25,20250704_C10_06691.jpg
1391,C7B,2025,7/1/25,6.0,7/1/25,20250701_C7B_01391.jpg
6687,C10,2025,6/30/25,7.5,6/28/25,20250628_C10_06687.jpg
4038,C10,2025,7/7/25,4.0,7/7/25,20250707_C10_04038.jpg
10029,I3B,2023,7/12/23,4.5,7/13/23,20230713_I3B_10029.jpg
5995,C10,2025,7/8/25,5.5,7/7/25,20250707_C10_05995.jpg
5953,C10,2025,7/8/25,3.0,7/7/25,20250707_C10_05953.jpg
4928,C10,2025,7/2/25,5.0,7/4/25,20250704_C10_04928.jpg
5109,C10,2025,7/2/25,5.0,7/4/25,20250704_C10_05109.jpg
8149,G3,2023,7/26/23,6.5,7/27/23,20230727_G3_08149.jpg
2739,C7B,2025,7/18/25,7.0,7/18/25,20250718_C7B_02739.jpg
2770,C7B,2025,7/8/25,8.0,7/7/25,20250707_C7B_02770.jpg
10859,I3B,2023,7/19/23,5.5,7/20/23,20230720_I3B_10859.jpg
5585,C10,2025,7/20/25,2.0,7/21/25,20250721_C10_05585.jpg
1811,C7B,2025,7/10/25,7.0,7/10/25,20250710_C7B_01811.jpg
1942,C7B,2025,7/1/25,7.5,7/1/25,20250701_C7B_01942.jpg
5525,C10,2025,7/11/25,5.0,7/11/25,20250711_C10_05525.jpg
10760,I3B,2023,7/19/23,4.5,7/20/23,20230720_I3B_10760.jpg
1418,C7B,2025,7/1/25,7.0,7/1/25,20250701_C7B_01418.jpg
4556,C10,2025,7/11/25,7.0,7/11/25,20250711_C10_04556.jpg
8137,G3,2023,7/20/23,8.0,7/20/23,20230720_G3_08137.jpg
4,C7B,2025,7/11/25,6.0,7/10/25,20250710_C7B_00004.jpg
5880,C10,2025,7/19/25,3.0,7/18/25,20250718_C10_05880.jpg
10953,I3B,2023,7/19/23,5.5,7/20/23,20230720_I3B_10953.jpg
1554,C7B,2025,7/1/25,5.0,7/1/25,20250701_C7B_01554.jpg
240,C7B,2025,7/4/25,7.5,7/4/25,20250704_C7B_00240.jpg
31,C7B,2025,7/4/25,7.5,7/4/25,20250704_C7B_00031.jpg
2854,C7B,2025,7/18/25,4.0,7/18/25,20250718_C7B_02854.jpg
5156,C10,2025,7/11/25,4.0,7/11/25,20250711_C10_05156.jpg
478,C7B,2025,6/30/25,7.0,7/1/25,20250701_C7B_00478.jpg
434,C7B,2025,7/4/25,7.0,7/4/25,20250704_C7B_00434.jpg
5714,C10,2025,7/1/25,7.0,6/28/25,20250628_C10_05714.jpg
6634,C10,2025,6/30/25,8.5,6/28/25,20250628_C10_06634.jpg
6711,C10,2025,7/8/25,7.5,7/7/25,20250707_C10_06711.jpg
3119,G3,2023,7/19/23,8.0,7/20/23,20230720_G3_03119.jpg
450,C7B,2025,7/18/25,3.5,7/18/25,20250718_C7B_00450.jpg
5172,C10,2025,7/2/25,5.0,7/4/25,20250704_C10_05172.jpg
8059,G3,2023,7/26/23,4.0,7/27/23,20230727_G3_08059.jpg
4775,C10,2025,7/20/25,2.0,7/21/25,20250721_C10_04775.jpg
5748,C10,2025,7/19/25,2.0,7/18/25,20250718_C10_05748.jpg
5447,C10,2025,7/2/25,7.0,7/4/25,20250704_C10_05447.jpg
4256,C10,2025,6/30/25,5.0,6/28/25,20250628_C10_04256.jpg
2017,C7B,2025,7/10/25,5.0,7/10/25,20250710_C7B_02017.jpg
5997,C10,2025,7/11/25,5.0,7/11/25,20250711_C10_05997.jpg
4981,C10,2025,7/2/25,7.0,7/4/25,20250704_C10_04981.jpg
7420,G3,2023,7/26/23,7.0,7/27/23,20230727_G3_07420.jpg
11328,I3B,2023,7/19/23,5.0,7/20/23,20230720_I3B_11328.jpg
6000,C10,2025,7/8/25,5.5,7/7/25,20250707_C10_06000.jpg
2704,C7B,2025,6/30/25,8.0,7/1/25,20250701_C7B_02704.jpg
10805,I3B,2023,7/19/23,5.5,7/20/23,20230720_I3B_10805.jpg
357,C7B,2025,6/30/25,8.0,7/1/25,20250701_C7B_00357.jpg
5919,C10,2025,7/11/25,5.0,7/11/25,20250711_C10_05919.jpg
695,C7B,2025,6/30/25,7.5,7/1/25,20250701_C7B_00695.jpg
5269,C10,2025,7/20/25,2.0,7/21/25,20250721_C10_05269.jpg
6849,C10,2025,7/18/25,7.0,7/18/25,20250718_C10_06849.jpg
4950,C10,2025,7/11/25,6.0,7/11/25,20250711_C10_04950.jpg
797,C7B,2025,7/18/25,2.0,7/18/25,20250718_C7B_00797.jpg
5340,C10,2025,7/2/25,5.5,7/4/25,20250704_C10_05340.jpg
1707,C7B,2025,7/1/25,6.5,7/1/25,20250701_C7B_01707.jpg
2019,C7B,2025,7/1/25,7.5,7/1/25,20250701_C7B_02019.jpg
9,C7B,2025,7/4/25,7.5,7/4/25,20250704_C7B_00009.jpg
1863,C7B,2025,7/10/25,6.0,7/10/25,20250710_C7B_01863.jpg
28,C7B,2025,6/30/25,8.0,7/1/25,20250701_C7B_00028.jpg
4760,C10,2025,7/20/25,2.0,7/21/25,20250721_C10_04760.jpg
5337,C10,2025,7/2/25,5.5,7/4/25,20250704_C10_05337.jpg
1772,C7B,2025,7/19/25,1.5,7/18/25,20250718_C7B_01772.jpg
4702,C10,2025,7/2/25,6.5,7/4/25,20250704_C10_04702.jpg
9717,I3B,2023,7/12/23,5.0,7/13/23,20230713_I3B_09717.jpg
7407,G3,2023,7/20/23,7.5,7/20/23,20230720_G3_07407.jpg
1702,C7B,2025,7/19/25,1.5,7/18/25,20250718_C7B_01702.jpg
4074,C10,2025,7/7/25,5.0,7/7/25,20250707_C10_04074.jpg
1575,C7B,2025,7/10/25,4.0,7/10/25,20250710_C7B_01575.jpg
1037,C7B,2025,7/10/25,7.0,7/10/25,20250710_C7B_01037.jpg
5313,C10,2025,7/2/25,6.5,7/4/25,20250704_C10_05313.jpg
5385,C10,2025,7/2/25,4.0,7/4/25,20250704_C10_05385.jpg
862,C7B,2025,7/1/25,6.0,7/1/25,20250701_C7B_00862.jpg
499,C7B,2025,7/10/25,5.0,7/10/25,20250710_C7B_00499.jpg
2693,C7B,2025,7/8/25,8.0,7/7/25,20250707_C7B_02693.jpg
1343,C7B,2025,7/10/25,3.5,7/10/25,20250710_C7B_01343.jpg
1720,C7B,2025,7/10/25,3.5,7/10/25,20250710_C7B_01720.jpg
5025,C10,2025,7/20/25,2.0,7/21/25,20250721_C10_05025.jpg
5312,C10,2025,7/20/25,3.0,7/21/25,20250721_C10_05312.jpg
2755,C7B,2025,7/13/25,7.0,7/12/25,20250712_C7B_02755.jpg
7421,G3,2023,7/20/23,6.5,7/20/23,20230720_G3_07421.jpg
4669,C10,2025,7/11/25,4.0,7/11/25,20250711_C10_04669.jpg
5011,C10,2025,7/11/25,5.5,7/11/25,20250711_C10_05011.jpg
326,C7B,2025,7/18/25,4.0,7/18/25,20250718_C7B_00326.jpg
7334,G3,2023,7/20/23,6.5,7/20/23,20230720_G3_07334.jpg
2846,C7B,2025,7/13/25,4.0,7/12/25,20250712_C7B_02846.jpg
6775,C10,2025,7/8/25,8.5,7/7/25,20250707_C10_06775.jpg
1224,C7B,2025,7/10/25,6.0,7/10/25,20250710_C7B_01224.jpg
6040,C10,2025,7/19/25,2.0,7/18/25,20250718_C10_06040.jpg
10327,I3B,2023,7/25/23,3.0,7/27/23,20230727_I3B_10327.jpg
442,C7B,2025,7/4/25,7.5,7/4/25,20250704_C7B_00442.jpg
1898,C7B,2025,7/19/25,2.0,7/18/25,20250718_C7B_01898.jpg
5200,C10,2025,7/2/25,7.0,7/4/25,20250704_C10_05200.jpg
9671,I3B,2023,7/12/23,5.0,7/13/23,20230713_I3B_09671.jpg
5610,C10,2025,7/20/25,4.0,7/21/25,20250721_C10_05610.jpg
750,C7B,2025,7/10/25,8.0,7/10/25,20250710_C7B_00750.jpg
576,C7B,2025,7/10/25,4.5,7/10/25,20250710_C7B_00576.jpg
1077,C7B,2025,7/1/25,6.0,7/1/25,20250701_C7B_01077.jpg
4137,C10,2025,7/19/25,3.0,7/18/25,20250718_C10_04137.jpg
4173,C10,2025,7/11/25,7.0,7/11/25,20250711_C10_04173.jpg
3183,G3,2023,7/19/23,5.0,7/20/23,20230720_G3_03183.jpg
5511,C10,2025,7/11/25,3.0,7/11/25,20250711_C10_05511.jpg
5873,C10,2025,7/11/25,5.5,7/11/25,20250711_C10_05873.jpg
1728,C7B,2025,7/7/25,6.0,7/7/25,20250707_C7B_01728.jpg
1038,C7B,2025,7/10/25,7.0,7/10/25,20250710_C7B_01038.jpg
11311,I3B,2023,7/19/23,6.0,7/20/23,20230720_I3B_11311.jpg
4090,C10,2025,6/30/25,6.5,6/28/25,20250628_C10_04090.jpg
1747,C7B,2025,7/19/25,4.0,7/18/25,20250718_C7B_01747.jpg
4094,C10,2025,7/11/25,8.0,7/11/25,20250711_C10_04094.jpg
2709,C7B,2025,6/30/25,8.5,7/1/25,20250701_C7B_02709.jpg
144,C7B,2025,7/18/25,5.0,7/18/25,20250718_C7B_00144.jpg
2661,C7B,2025,7/13/25,7.5,7/12/25,20250712_C7B_02661.jpg
1638,C7B,2025,7/1/25,6.5,7/1/25,20250701_C7B_01638.jpg
4440,C10,2025,7/11/25,3.0,7/11/25,20250711_C10_04440.jpg
5835,C10,2025,7/19/25,1.5,7/18/25,20250718_C10_05835.jpg
10298,I3B,2023,7/25/23,3.0,7/27/23,20230727_I3B_10298.jpg
4383,C10,2025,7/11/25,5.0,7/11/25,20250711_C10_04383.jpg
395,C7B,2025,7/4/25,6.0,7/4/25,20250704_C7B_00395.jpg
4179,C10,2025,7/7/25,5.5,7/7/25,20250707_C10_04179.jpg
1255,C7B,2025,7/1/25,6.5,7/1/25,20250701_C7B_01255.jpg
85,C7B,2025,6/30/25,6.0,7/1/25,20250701_C7B_00085.jpg
10988,I3B,2023,7/19/23,6.5,7/20/23,20230720_I3B_10988.jpg
1052,C7B,2025,7/10/25,4.0,7/10/25,20250710_C7B_01052.jpg
4415,C10,2025,7/7/25,4.0,7/7/25,20250707_C10_04415.jpg
187,C7B,2025,6/30/25,7.0,7/1/25,20250701_C7B_00187.jpg
1255,C7B,2025,7/10/25,6.0,7/10/25,20250710_C7B_01255.jpg
570,C7B,2025,7/18/25,6.5,7/18/25,20250718_C7B_00570.jpg
5877,C10,2025,7/19/25,4.0,7/18/25,20250718_C10_05877.jpg
23,C7B,2025,7/18/25,5.0,7/18/25,20250718_C7B_00023.jpg
4501,C10,2025,7/11/25,6.0,7/11/25,20250711_C10_04501.jpg
4342,C10,2025,7/11/25,6.0,7/11/25,20250711_C10_04342.jpg
3126,G3,2023,7/19/23,7.0,7/20/23,20230720_G3_03126.jpg
3167,G3,2023,7/26/23,4.0,7/27/23,20230727_G3_03167.jpg
7448,G3,2023,7/26/23,4.5,7/27/23,20230727_G3_07448.jpg
1461,C7B,2025,7/1/25,7.0,7/1/25,20250701_C7B_01461.jpg
5050,C10,2025,7/20/25,1.5,7/21/25,20250721_C10_05050.jpg
381,C7B,2025,7/18/25,2.0,7/18/25,20250718_C7B_00381.jpg
1942,C7B,2025,7/7/25,7.5,7/7/25,20250707_C7B_01942.jpg
1892,C7B,2025,7/19/25,5.0,7/18/25,20250718_C7B_01892.jpg
356,C7B,2025,7/4/25,5.5,7/4/25,20250704_C7B_00356.jpg
7385,G3,2023,7/20/23,5.0,7/20/23,20230720_G3_07385.jpg
281,C7B,2025,7/10/25,5.0,7/10/25,20250710_C7B_00281.jpg
4716,C10,2025,7/20/25,2.0,7/21/25,20250721_C10_04716.jpg
1759,C7B,2025,7/19/25,1.5,7/18/25,20250718_C7B_01759.jpg
6699,C10,2025,7/14/25,8.0,7/14/25,20250714_C10_06699.jpg
1540,C7B,2025,7/10/25,7.0,7/10/25,20250710_C7B_01540.jpg
5129,C10,2025,7/11/25,5.0,7/11/25,20250711_C10_05129.jpg
1436,C7B,2025,7/10/25,6.0,7/10/25,20250710_C7B_01436.jpg
4022,C10,2025,7/7/25,5.5,7/7/25,20250707_C10_04022.jpg
2696,C7B,2025,7/8/25,8.0,7/7/25,20250707_C7B_02696.jpg
251,C7B,2025,7/18/25,3.5,7/18/25,20250718_C7B_00251.jpg
5643,C10,2025,7/11/25,5.0,7/11/25,20250711_C10_05643.jpg
605,C7B,2025,7/10/25,7.0,7/10/25,20250710_C7B_00605.jpg
1236,C7B,2025,7/1/25,5.5,7/1/25,20250701_C7B_01236.jpg
2736,C7B,2025,7/18/25,6.5,7/18/25,20250718_C7B_02736.jpg
5634,C10,2025,7/20/25,2.5,7/21/25,20250721_C10_05634.jpg
5838,C10,2025,7/19/25,6.5,7/18/25,20250718_C10_05838.jpg
9888,I3B,2023,7/12/23,5.5,7/13/23,20230713_I3B_09888.jpg
2788,C7B,2025,6/30/25,8.5,7/1/25,20250701_C7B_02788.jpg
4549,C10,2025,7/2/25,7.0,7/4/25,20250704_C10_04549.jpg
5099,C10,2025,7/2/25,6.0,7/4/25,20250704_C10_05099.jpg
5012,C10,2025,7/20/25,2.5,7/21/25,20250721_C10_05012.jpg
852,C7B,2025,7/18/25,4.0,7/18/25,20250718_C7B_00852.jpg
10789,I3B,2023,7/19/23,6.0,7/20/23,20230720_I3B_10789.jpg
2757,C7B,2025,7/13/25,7.5,7/12/25,20250712_C7B_02757.jpg
5484,C10,2025,7/2/25,6.0,7/4/25,20250704_C10_05484.jpg
4025,C10,2025,7/7/25,5.5,7/7/25,20250707_C10_04025.jpg
5705,C10,2025,7/11/25,5.5,7/11/25,20250711_C10_05705.jpg
4360,C10,2025,7/7/25,5.5,7/7/25,20250707_C10_04360.jpg
3034,G3,2023,7/26/23,7.0,7/27/23,20230727_G3_03034.jpg
1086,C7B,2025,7/10/25,5.0,7/10/25,20250710_C7B_01086.jpg
5996,C10,2025,7/11/25,6.0,7/11/25,20250711_C10_05996.jpg
7323,G3,2023,7/26/23,6.0,7/27/23,20230727_G3_07323.jpg
866,C7B,2025,7/1/25,6.5,7/1/25,20250701_C7B_00866.jpg
5755,C10,2025,7/8/25,7.5,7/7/25,20250707_C10_05755.jpg
197,C7B,2025,7/18/25,2.5,7/18/25,20250718_C7B_00197.jpg
658,C7B,2025,7/10/25,6.0,7/10/25,20250710_C7B_00658.jpg
929,C7B,2025,7/1/25,7.0,7/1/25,20250701_C7B_00929.jpg
4346,C10,2025,7/11/25,6.0,7/11/25,20250711_C10_04346.jpg
5019,C10,2025,7/2/25,6.0,7/4/25,20250704_C10_05019.jpg
4303,C10,2025,7/19/25,2.0,7/18/25,20250718_C10_04303.jpg
2825,C7B,2025,6/30/25,7.5,7/1/25,20250701_C7B_02825.jpg
2018,C7B,2025,7/7/25,6.0,7/7/25,20250707_C7B_02018.jpg
10858,I3B,2023,7/19/23,7.0,7/20/23,20230720_I3B_10858.jpg
4926,C10,2025,7/11/25,5.5,7/11/25,20250711_C10_04926.jpg
1668,C7B,2025,7/7/25,4.0,7/7/25,20250707_C7B_01668.jpg
1948,C7B,2025,7/10/25,4.0,7/10/25,20250710_C7B_01948.jpg
1598,C7B,2025,7/18/25,2.5,7/18/25,20250718_C7B_01598.jpg
6801,C10,2025,7/8/25,7.5,7/7/25,20250707_C10_06801.jpg
7523,G3,2023,7/20/23,8.0,7/20/23,20230720_G3_07523.jpg
5103,C10,2025,7/20/25,4.0,7/21/25,20250721_C10_05103.jpg
5390,C10,2025,7/11/25,4.0,7/11/25,20250711_C10_05390.jpg
5930,C10,2025,7/1/25,7.0,6/28/25,20250628_C10_05930.jpg
646,C7B,2025,7/10/25,7.0,7/10/25,20250710_C7B_00646.jpg
5285,C10,2025,7/20/25,1.5,7/21/25,20250721_C10_05285.jpg
4316,C10,2025,7/11/25,5.0,7/11/25,20250711_C10_04316.jpg
6866,C10,2025,6/30/25,8.5,6/28/25,20250628_C10_06866.jpg
5870,C10,2025,7/8/25,5.5,7/7/25,20250707_C10_05870.jpg
1590,C7B,2025,7/18/25,2.0,7/18/25,20250718_C7B_01590.jpg
471,C7B,2025,6/30/25,7.0,7/1/25,20250701_C7B_00471.jpg
273,C7B,2025,6/30/25,5.0,7/1/25,20250701_C7B_00273.jpg
10308,I3B,2023,7/25/23,6.0,7/27/23,20230727_I3B_10308.jpg
897,C7B,2025,7/18/25,2.5,7/18/25,20250718_C7B_00897.jpg
5887,C10,2025,7/1/25,6.5,6/28/25,20250628_C10_05887.jpg
5993,C10,2025,7/8/25,4.0,7/7/25,20250707_C10_05993.jpg
4444,C10,2025,7/11/25,6.5,7/11/25,20250711_C10_04444.jpg
4924,C10,2025,7/2/25,5.5,7/4/25,20250704_C10_04924.jpg
454,C7B,2025,7/10/25,6.0,7/10/25,20250710_C7B_00454.jpg
4439,C10,2025,7/11/25,5.0,7/11/25,20250711_C10_04439.jpg
1715,C7B,2025,7/10/25,4.0,7/10/25,20250710_C7B_01715.jpg
77,C7B,2025,6/30/25,6.0,7/1/25,20250701_C7B_00077.jpg
2732,C7B,2025,7/18/25,8.0,7/18/25,20250718_C7B_02732.jpg
5414,C10,2025,7/20/25,2.0,7/21/25,20250721_C10_05414.jpg
556,C7B,2025,6/30/25,7.5,7/1/25,20250701_C7B_00556.jpg
6729,C10,2025,7/14/25,7.0,7/14/25,20250714_C10_06729.jpg
2658,C7B,2025,7/8/25,7.5,7/7/25,20250707_C7B_02658.jpg
5264,C10,2025,7/20/25,2.5,7/21/25,20250721_C10_05264.jpg
6720,C10,2025,7/18/25,8.0,7/18/25,20250718_C10_06720.jpg
5517,C10,2025,7/11/25,4.0,7/11/25,20250711_C10_05517.jpg
5462,C10,2025,7/2/25,6.0,7/4/25,20250704_C10_05462.jpg
606,C7B,2025,6/30/25,7.5,7/1/25,20250701_C7B_00606.jpg
5176,C10,2025,7/2/25,6.0,7/4/25,20250704_C10_05176.jpg
867,C7B,2025,7/18/25,2.0,7/18/25,20250718_C7B_00867.jpg
272,C7B,2025,6/30/25,7.0,7/1/25,20250701_C7B_00272.jpg
5382,C10,2025,7/20/25,3.0,7/21/25,20250721_C10_05382.jpg
3028,G3,2023,7/19/23,7.5,7/20/23,20230720_G3_03028.jpg
1332,C7B,2025,7/10/25,6.0,7/10/25,20250710_C7B_01332.jpg
1058,C7B,2025,7/10/25,8.5,7/10/25,20250710_C7B_01058.jpg
5491,C10,2025,7/2/25,7.0,7/4/25,20250704_C10_05491.jpg
1490,C7B,2025,7/10/25,7.0,7/10/25,20250710_C7B_01490.jpg
495,C7B,2025,6/30/25,5.5,7/1/25,20250701_C7B_00495.jpg
5992,C10,2025,7/11/25,5.0,7/11/25,20250711_C10_05992.jpg
5727,C10,2025,7/11/25,5.5,7/11/25,20250711_C10_05727.jpg
8020,G3,2023,7/19/23,5.5,7/20/23,20230720_G3_08020.jpg
1757,C7B,2025,7/10/25,5.0,7/10/25,20250710_C7B_01757.jpg
4460,C10,2025,7/1/25,7.5,6/28/25,20250628_C10_04460.jpg
4543,C10,2025,7/11/25,5.0,7/11/25,20250711_C10_04543.jpg
10942,I3B,2023,7/19/23,5.5,7/20/23,20230720_I3B_10942.jpg
4182,C10,2025,7/19/25,3.0,7/18/25,20250718_C10_04182.jpg
6733,C10,2025,6/30/25,9.0,6/28/25,20250628_C10_06733.jpg
1449,C7B,2025,7/10/25,5.0,7/10/25,20250710_C7B_01449.jpg
4420,C10,2025,7/19/25,2.0,7/18/25,20250718_C10_04420.jpg
124,C7B,2025,7/10/25,5.0,7/10/25,20250710_C7B_00124.jpg
4490,C10,2025,7/2/25,5.0,7/4/25,20250704_C10_04490.jpg
1546,C7B,2025,7/10/25,6.0,7/10/25,20250710_C7B_01546.jpg
4720,C10,2025,7/11/25,4.0,7/11/25,20250711_C10_04720.jpg
4685,C10,2025,7/2/25,6.0,7/4/25,20250704_C10_04685.jpg
10841,I3B,2023,7/19/23,6.5,7/20/23,20230720_I3B_10841.jpg
4799,C10,2025,7/20/25,2.5,7/21/25,20250721_C10_04799.jpg
4047,C10,2025,7/19/25,7.5,7/18/25,20250718_C10_04047.jpg
5407,C10,2025,7/11/25,3.0,7/11/25,20250711_C10_05407.jpg
99,C7B,2025,7/4/25,6.0,7/4/25,20250704_C7B_00099.jpg
4375,C10,2025,7/11/25,4.0,7/11/25,20250711_C10_04375.jpg
54,C7B,2025,6/30/25,7.0,7/1/25,20250701_C7B_00054.jpg
5628,C10,2025,7/11/25,5.0,7/11/25,20250711_C10_05628.jpg
6795,C10,2025,6/30/25,9.0,6/28/25,20250628_C10_06795.jpg
5358,C10,2025,7/11/25,6.0,7/11/25,20250711_C10_05358.jpg
1041,C7B,2025,7/10/25,6.0,7/10/25,20250710_C7B_01041.jpg
77,C7B,2025,7/4/25,5.0,7/4/25,20250704_C7B_00077.jpg
1296,C7B,2025,7/10/25,4.5,7/10/25,20250710_C7B_01296.jpg
7289,G3,2023,7/20/23,8.0,7/20/23,20230720_G3_07289.jpg
4100,C10,2025,7/19/25,2.0,7/18/25,20250718_C10_04100.jpg
4456,C10,2025,7/7/25,5.0,7/7/25,20250707_C10_04456.jpg
5571,C10,2025,7/2/25,7.5,7/4/25,20250704_C10_05571.jpg
1722,C7B,2025,7/1/25,7.0,7/1/25,20250701_C7B_01722.jpg
846,C7B,2025,7/18/25,1.5,7/18/25,20250718_C7B_00846.jpg
4295,C10,2025,7/11/25,5.0,7/11/25,20250711_C10_04295.jpg
2,C7B,2025,7/4/25,7.5,7/4/25,20250704_C7B_00002.jpg
915,C7B,2025,7/1/25,6.0,7/1/25,20250701_C7B_00915.jpg
1048,C7B,2025,7/1/25,7.0,7/1/25,20250701_C7B_01048.jpg
9981,I3B,2023,7/12/23,5.5,7/13/23,20230713_I3B_09981.jpg
10319,I3B,2023,7/25/23,3.0,7/27/23,20230727_I3B_10319.jpg
296,C7B,2025,6/30/25,7.0,7/1/25,20250701_C7B_00296.jpg
1553,C7B,2025,7/10/25,6.0,7/10/25,20250710_C7B_01553.jpg
581,C7B,2025,7/10/25,7.0,7/10/25,20250710_C7B_00581.jpg
1002,C7B,2025,7/10/25,6.5,7/10/25,20250710_C7B_01002.jpg
4250,C10,2025,7/19/25,2.0,7/18/25,20250718_C10_04250.jpg
1676,C7B,2025,7/19/25,2.5,7/18/25,20250718_C7B_01676.jpg
5963,C10,2025,7/19/25,4.5,7/18/25,20250718_C10_05963.jpg
614,C7B,2025,7/18/25,4.0,7/18/25,20250718_C7B_00614.jpg
6671,C10,2025,6/30/25,6.5,6/28/25,20250628_C10_06671.jpg
1824,C7B,2025,7/1/25,7.5,7/1/25,20250701_C7B_01824.jpg
4819,C10,2025,7/11/25,5.5,7/11/25,20250711_C10_04819.jpg
403,C7B,2025,6/30/25,6.0,7/1/25,20250701_C7B_00403.jpg
1811,C7B,2025,7/1/25,7.5,7/1/25,20250701_C7B_01811.jpg
905,C7B,2025,7/18/25,3.0,7/18/25,20250718_C7B_00905.jpg
4572,C10,2025,7/2/25,8.0,7/4/25,20250704_C10_04572.jpg
1120,C7B,2025,7/18/25,3.0,7/18/25,20250718_C7B_01120.jpg
2659,C7B,2025,7/13/25,7.5,7/12/25,20250712_C7B_02659.jpg
6766,C10,2025,7/3/25,7.0,7/4/25,20250704_C10_06766.jpg
508,C7B,2025,7/10/25,5.5,7/10/25,20250710_C7B_00508.jpg
9851,I3B,2023,7/12/23,6.0,7/13/23,20230713_I3B_09851.jpg
599,C7B,2025,7/10/25,7.5,7/10/25,20250710_C7B_00599.jpg
176,C7B,2025,7/4/25,8.0,7/4/25,20250704_C7B_00176.jpg
1006,C7B,2025,7/10/25,5.0,7/10/25,20250710_C7B_01006.jpg
5603,C10,2025,7/11/25,6.0,7/11/25,20250711_C10_05603.jpg
6853,C10,2025,7/3/25,6.0,7/4/25,20250704_C10_06853.jpg
1379,C7B,2025,7/18/25,2.0,7/18/25,20250718_C7B_01379.jpg
1525,C7B,2025,7/1/25,7.0,7/1/25,20250701_C7B_01525.jpg
5721,C10,2025,7/19/25,2.0,7/18/25,20250718_C10_05721.jpg
4215,C10,2025,7/11/25,6.5,7/11/25,20250711_C10_04215.jpg
922,C7B,2025,7/1/25,6.0,7/1/25,20250701_C7B_00922.jpg
5320,C10,2025,7/20/25,4.0,7/21/25,20250721_C10_05320.jpg
4841,C10,2025,7/2/25,6.5,7/4/25,20250704_C10_04841.jpg
1606,C7B,2025,7/1/25,7.0,7/1/25,20250701_C7B_01606.jpg
810,C7B,2025,7/1/25,7.0,7/1/25,20250701_C7B_00810.jpg
5514,C10,2025,7/20/25,4.0,7/21/25,20250721_C10_05514.jpg
429,C7B,2025,7/18/25,4.5,7/18/25,20250718_C7B_00429.jpg
724,C7B,2025,7/18/25,4.5,7/18/25,20250718_C7B_00724.jpg
28,C7B,2025,7/18/25,7.0,7/18/25,20250718_C7B_00028.jpg
4550,C10,2025,7/2/25,7.0,7/4/25,20250704_C10_04550.jpg
933,C7B,2025,7/1/25,5.0,7/1/25,20250701_C7B_00933.jpg
557,C7B,2025,7/18/25,3.0,7/18/25,20250718_C7B_00557.jpg
1376,C7B,2025,7/1/25,5.0,7/1/25,20250701_C7B_01376.jpg
533,C7B,2025,7/10/25,6.0,7/10/25,20250710_C7B_00533.jpg
1060,C7B,2025,7/18/25,2.0,7/18/25,20250718_C7B_01060.jpg
1443,C7B,2025,7/1/25,6.5,7/1/25,20250701_C7B_01443.jpg
1941,C7B,2025,7/19/25,6.0,7/18/25,20250718_C7B_01941.jpg
9956,I3B,2023,7/12/23,6.5,7/13/23,20230713_I3B_09956.jpg
6870,C10,2025,6/30/25,8.5,6/28/25,20250628_C10_06870.jpg
4363,C10,2025,7/19/25,1.5,7/18/25,20250718_C10_04363.jpg
1026,C7B,2025,7/1/25,7.0,7/1/25,20250701_C7B_01026.jpg
6743,C10,2025,7/8/25,8.0,7/7/25,20250707_C10_06743.jpg
383,C7B,2025,7/10/25,5.0,7/10/25,20250710_C7B_00383.jpg
5332,C10,2025,7/2/25,6.0,7/4/25,20250704_C10_05332.jpg
1464,C7B,2025,7/18/25,1.5,7/18/25,20250718_C7B_01464.jpg
8068,G3,2023,7/26/23,4.0,7/27/23,20230727_G3_08068.jpg
10265,I3B,2023,7/25/23,6.0,7/27/23,20230727_I3B_10265.jpg
5602,C10,2025,7/11/25,5.5,7/11/25,20250711_C10_05602.jpg
4733,C10,2025,7/2/25,7.0,7/4/25,20250704_C10_04733.jpg
5235,C10,2025,7/2/25,7.5,7/4/25,20250704_C10_05235.jpg
5296,C10,2025,7/2/25,7.5,7/4/25,20250704_C10_05296.jpg
2846,C7B,2025,7/18/25,3.0,7/18/25,20250718_C7B_02846.jpg
1841,C7B,2025,7/1/25,6.0,7/1/25,20250701_C7B_01841.jpg
4303,C10,2025,6/30/25,7.0,6/28/25,20250628_C10_04303.jpg
8026,G3,2023,7/19/23,7.5,7/20/23,20230720_G3_08026.jpg
323,C7B,2025,6/30/25,7.5,7/1/25,20250701_C7B_00323.jpg
2716,C7B,2025,7/13/25,7.5,7/12/25,20250712_C7B_02716.jpg
4558,C10,2025,7/11/25,5.0,7/11/25,20250711_C10_04558.jpg
575,C7B,2025,6/30/25,7.0,7/1/25,20250701_C7B_00575.jpg
970,C7B,2025,7/1/25,6.0,7/1/25,20250701_C7B_00970.jpg
5709,C10,2025,7/11/25,5.5,7/11/25,20250711_C10_05709.jpg
5114,C10,2025,7/2/25,7.5,7/4/25,20250704_C10_05114.jpg
1977,C7B,2025,7/19/25,3.0,7/18/25,20250718_C7B_01977.jpg
802,C7B,2025,7/1/25,6.5,7/1/25,20250701_C7B_00802.jpg
674,C7B,2025,7/10/25,6.0,7/10/25,20250710_C7B_00674.jpg
5149,C10,2025,7/2/25,6.0,7/4/25,20250704_C10_05149.jpg
2831,C7B,2025,7/8/25,7.5,7/7/25,20250707_C7B_02831.jpg
8065,G3,2023,7/19/23,5.0,7/20/23,20230720_G3_08065.jpg
1749,C7B,2025,7/19/25,3.0,7/18/25,20250718_C7B_01749.jpg
5605,C10,2025,7/11/25,4.0,7/11/25,20250711_C10_05605.jpg
1162,C7B,2025,7/18/25,2.5,7/18/25,20250718_C7B_01162.jpg
2699,C7B,2025,6/30/25,7.0,7/1/25,20250701_C7B_02699.jpg
5358,C10,2025,7/20/25,4.5,7/21/25,20250721_C10_05358.jpg
5513,C10,2025,7/2/25,7.0,7/4/25,20250704_C10_05513.jpg
775,C7B,2025,6/30/25,7.5,7/1/25,20250701_C7B_00775.jpg
8008,G3,2023,7/26/23,5.0,7/27/23,20230727_G3_08008.jpg
208,C7B,2025,7/4/25,6.5,7/4/25,20250704_C7B_00208.jpg
10879,I3B,2023,7/19/23,6.5,7/20/23,20230720_I3B_10879.jpg
4625,C10,2025,7/20/25,1.5,7/21/25,20250721_C10_04625.jpg
4539,C10,2025,7/11/25,5.0,7/11/25,20250711_C10_04539.jpg
6633,C10,2025,6/30/25,7.0,6/28/25,20250628_C10_06633.jpg
11079,I3B,2023,7/12/23,7.0,7/13/23,20230713_I3B_11079.jpg
1230,C7B,2025,7/1/25,6.0,7/1/25,20250701_C7B_01230.jpg
416,C7B,2025,7/4/25,6.0,7/4/25,20250704_C7B_00416.jpg
1268,C7B,2025,7/1/25,6.5,7/1/25,20250701_C7B_01268.jpg
511,C7B,2025,7/10/25,4.5,7/10/25,20250710_C7B_00511.jpg
7302,G3,2023,7/20/23,6.5,7/20/23,20230720_G3_07302.jpg
2873,C7B,2025,7/13/25,5.0,7/12/25,20250712_C7B_02873.jpg
4943,C10,2025,7/20/25,2.5,7/21/25,20250721_C10_04943.jpg
3085,G3,2023,7/26/23,5.0,7/27/23,20230727_G3_03085.jpg
4289,C10,2025,7/7/25,4.0,7/7/25,20250707_C10_04289.jpg
5348,C10,2025,7/20/25,2.0,7/21/25,20250721_C10_05348.jpg
166,C7B,2025,7/4/25,6.0,7/4/25,20250704_C7B_00166.jpg
5956,C10,2025,7/2/25,5.0,7/4/25,20250704_C10_05956.jpg
233,C7B,2025,6/30/25,7.0,7/1/25,20250701_C7B_00233.jpg
485,C7B,2025,7/18/25,8.0,7/18/25,20250718_C7B_00485.jpg
5889,C10,2025,7/8/25,7.5,7/7/25,20250707_C10_05889.jpg
1241,C7B,2025,7/1/25,4.0,7/1/25,20250701_C7B_01241.jpg
591,C7B,2025,6/30/25,7.0,7/1/25,20250701_C7B_00591.jpg
1819,C7B,2025,7/7/25,5.0,7/7/25,20250707_C7B_01819.jpg
402,C7B,2025,7/10/25,5.5,7/10/25,20250710_C7B_00402.jpg
101,C7B,2025,7/18/25,4.0,7/18/25,20250718_C7B_00101.jpg
204,C7B,2025,7/18/25,4.0,7/18/25,20250718_C7B_00204.jpg
1173,C7B,2025,7/18/25,3.0,7/18/25,20250718_C7B_01173.jpg
4987,C10,2025,7/2/25,6.5,7/4/25,20250704_C10_04987.jpg
5713,C10,2025,7/1/25,5.5,6/28/25,20250628_C10_05713.jpg
1224,C7B,2025,7/1/25,7.0,7/1/25,20250701_C7B_01224.jpg
102,C7B,2025,7/10/25,7.0,7/10/25,20250710_C7B_00102.jpg
2747,C7B,2025,7/18/25,7.5,7/18/25,20250718_C7B_02747.jpg
6861,C10,2025,7/14/25,4.5,7/14/25,20250714_C10_06861.jpg
5071,C10,2025,7/11/25,4.0,7/11/25,20250711_C10_05071.jpg
556,C7B,2025,7/18/25,4.0,7/18/25,20250718_C7B_00556.jpg
6003,C10,2025,7/11/25,4.0,7/11/25,20250711_C10_06003.jpg
4015,C10,2025,7/11/25,4.0,7/11/25,20250711_C10_04015.jpg
4324,C10,2025,7/11/25,5.5,7/11/25,20250711_C10_04324.jpg
1987,C7B,2025,7/1/25,8.0,7/1/25,20250701_C7B_01987.jpg
1933,C7B,2025,7/19/25,4.0,7/18/25,20250718_C7B_01933.jpg
1762,C7B,2025,7/10/25,5.0,7/10/25,20250710_C7B_01762.jpg
2864,C7B,2025,7/13/25,5.5,7/12/25,20250712_C7B_02864.jpg
1911,C7B,2025,7/10/25,4.5,7/10/25,20250710_C7B_01911.jpg
8079,G3,2023,7/26/23,7.5,7/27/23,20230727_G3_08079.jpg
2695,C7B,2025,7/13/25,2.5,7/12/25,20250712_C7B_02695.jpg
3129,G3,2023,7/19/23,6.0,7/20/23,20230720_G3_03129.jpg
1759,C7B,2025,7/1/25,7.5,7/1/25,20250701_C7B_01759.jpg
889,C7B,2025,7/18/25,7.0,7/18/25,20250718_C7B_00889.jpg
875,C7B,2025,7/10/25,6.0,7/10/25,20250710_C7B_00875.jpg
5985,C10,2025,7/8/25,5.0,7/7/25,20250707_C10_05985.jpg
955,C7B,2025,7/18/25,3.0,7/18/25,20250718_C7B_00955.jpg
5517,C10,2025,7/20/25,2.0,7/21/25,20250721_C10_05517.jpg
3049,G3,2023,7/26/23,7.0,7/27/23,20230727_G3_03049.jpg
4760,C10,2025,7/11/25,5.5,7/11/25,20250711_C10_04760.jpg
1721,C7B,2025,7/7/25,5.5,7/7/25,20250707_C7B_01721.jpg
10412,I3B,2023,7/25/23,3.0,7/27/23,20230727_I3B_10412.jpg
310,C7B,2025,6/30/25,7.0,7/1/25,20250701_C7B_00310.jpg
4159,C10,2025,7/11/25,4.0,7/11/25,20250711_C10_04159.jpg
4367,C10,2025,7/19/25,2.0,7/18/25,20250718_C10_04367.jpg
5902,C10,2025,7/11/25,5.0,7/11/25,20250711_C10_05902.jpg
970,C7B,2025,7/18/25,2.0,7/18/25,20250718_C7B_00970.jpg
5299,C10,2025,7/2/25,5.0,7/4/25,20250704_C10_05299.jpg
1991,C7B,2025,7/19/25,2.5,7/18/25,20250718_C7B_01991.jpg
1451,C7B,2025,7/18/25,2.0,7/18/25,20250718_C7B_01451.jpg
4113,C10,2025,7/11/25,6.0,7/11/25,20250711_C10_04113.jpg
5894,C10,2025,7/8/25,5.0,7/7/25,20250707_C10_05894.jpg
4736,C10,2025,7/11/25,4.0,7/11/25,20250711_C10_04736.jpg
2787,C7B,2025,6/30/25,8.5,7/1/25,20250701_C7B_02787.jpg
6826,C10,2025,7/8/25,7.5,7/7/25,20250707_C10_06826.jpg
1139,C7B,2025,7/1/25,6.0,7/1/25,20250701_C7B_01139.jpg
7510,G3,2023,7/26/23,8.0,7/27/23,20230727_G3_07510.jpg
433,C7B,2025,7/4/25,5.5,7/4/25,20250704_C7B_00433.jpg
4966,C10,2025,7/20/25,2.0,7/21/25,20250721_C10_04966.jpg
739,C7B,2025,7/10/25,5.5,7/10/25,20250710_C7B_00739.jpg
3176,G3,2023,7/19/23,8.5,7/20/23,20230720_G3_03176.jpg
6632,C10,2025,7/14/25,7.5,7/14/25,20250714_C10_06632.jpg
4599,C10,2025,7/2/25,6.0,7/4/25,20250704_C10_04599.jpg
119,C7B,2025,6/30/25,6.0,7/1/25,20250701_C7B_00119.jpg
10896,I3B,2023,7/19/23,5.0,7/20/23,20230720_I3B_10896.jpg
791,C7B,2025,7/18/25,2.0,7/18/25,20250718_C7B_00791.jpg
995,C7B,2025,7/18/25,4.0,7/18/25,20250718_C7B_00995.jpg
8115,G3,2023,7/20/23,6.5,7/20/23,20230720_G3_08115.jpg
1439,C7B,2025,7/18/25,3.0,7/18/25,20250718_C7B_01439.jpg
5292,C10,2025,7/20/25,2.0,7/21/25,20250721_C10_05292.jpg
1022,C7B,2025,7/10/25,5.0,7/10/25,20250710_C7B_01022.jpg
4473,C10,2025,7/11/25,5.0,7/11/25,20250711_C10_04473.jpg
4843,C10,2025,7/11/25,7.0,7/11/25,20250711_C10_04843.jpg
5134,C10,2025,7/2/25,6.0,7/4/25,20250704_C10_05134.jpg
4181,C10,2025,7/19/25,3.0,7/18/25,20250718_C10_04181.jpg
4946,C10,2025,7/2/25,7.0,7/4/25,20250704_C10_04946.jpg
2811,C7B,2025,7/18/25,6.0,7/18/25,20250718_C7B_02811.jpg
5684,C10,2025,7/11/25,5.0,7/11/25,20250711_C10_05684.jpg
347,C7B,2025,7/18/25,4.5,7/18/25,20250718_C7B_00347.jpg
6725,C10,2025,7/18/25,7.0,7/18/25,20250718_C10_06725.jpg
6046,C10,2025,7/2/25,6.0,7/4/25,20250704_C10_06046.jpg
1406,C7B,2025,7/1/25,5.0,7/1/25,20250701_C7B_01406.jpg
675,C7B,2025,7/10/25,6.0,7/10/25,20250710_C7B_00675.jpg
801,C7B,2025,7/18/25,4.0,7/18/25,20250718_C7B_00801.jpg
5043,C10,2025,7/20/25,1.5,7/21/25,20250721_C10_05043.jpg
4444,C10,2025,7/19/25,4.5,7/18/25,20250718_C10_04444.jpg
8088,G3,2023,7/26/23,5.0,7/27/23,20230727_G3_08088.jpg
557,C7B,2025,6/30/25,7.0,7/1/25,20250701_C7B_00557.jpg
2648,C7B,2025,6/30/25,7.5,7/1/25,20250701_C7B_02648.jpg
1868,C7B,2025,7/7/25,5.0,7/7/25,20250707_C7B_01868.jpg
9683,I3B,2023,7/12/23,5.5,7/13/23,20230713_I3B_09683.jpg
1592,C7B,2025,7/1/25,5.5,7/1/25,20250701_C7B_01592.jpg
5775,C10,2025,7/11/25,5.0,7/11/25,20250711_C10_05775.jpg
10804,I3B,2023,7/19/23,7.0,7/20/23,20230720_I3B_10804.jpg
5830,C10,2025,7/11/25,7.5,7/11/25,20250711_C10_05830.jpg
4872,C10,2025,7/2/25,7.5,7/4/25,20250704_C10_04872.jpg
1502,C7B,2025,7/10/25,4.0,7/10/25,20250710_C7B_01502.jpg
657,C7B,2025,7/10/25,6.0,7/10/25,20250710_C7B_00657.jpg
4206,C10,2025,7/7/25,4.0,7/7/25,20250707_C10_04206.jpg
1223,C7B,2025,7/10/25,7.5,7/10/25,20250710_C7B_01223.jpg
1990,C7B,2025,7/10/25,7.0,7/10/25,20250710_C7B_01990.jpg
10404,I3B,2023,7/25/23,4.0,7/27/23,20230727_I3B_10404.jpg
5966,C10,2025,7/11/25,4.0,7/11/25,20250711_C10_05966.jpg
4861,C10,2025,7/2/25,5.5,7/4/25,20250704_C10_04861.jpg
814,C7B,2025,7/10/25,4.0,7/10/25,20250710_C7B_00814.jpg
1509,C7B,2025,7/18/25,4.0,7/18/25,20250718_C7B_01509.jpg
9919,I3B,2023,7/12/23,4.0,7/13/23,20230713_I3B_09919.jpg
4475,C10,2025,7/11/25,5.0,7/11/25,20250711_C10_04475.jpg
6866,C10,2025,7/3/25,7.0,7/4/25,20250704_C10_06866.jpg
4073,C10,2025,7/7/25,7.5,7/7/25,20250707_C10_04073.jpg
5003,C10,2025,7/20/25,2.0,7/21/25,20250721_C10_05003.jpg
4202,C10,2025,7/19/25,3.0,7/18/25,20250718_C10_04202.jpg
1052,C7B,2025,7/1/25,5.5,7/1/25,20250701_C7B_01052.jpg
4959,C10,2025,7/11/25,5.0,7/11/25,20250711_C10_04959.jpg
4411,C10,2025,7/19/25,3.0,7/18/25,20250718_C10_04411.jpg
4852,C10,2025,7/11/25,5.5,7/11/25,20250711_C10_04852.jpg
4317,C10,2025,7/7/25,4.5,7/7/25,20250707_C10_04317.jpg
6723,C10,2025,7/14/25,8.0,7/14/25,20250714_C10_06723.jpg
1199,C7B,2025,7/1/25,8.0,7/1/25,20250701_C7B_01199.jpg
5829,C10,2025,7/8/25,4.5,7/7/25,20250707_C10_05829.jpg
611,C7B,2025,7/10/25,6.5,7/10/25,20250710_C7B_00611.jpg
5081,C10,2025,7/20/25,4.0,7/21/25,20250721_C10_05081.jpg
1130,C7B,2025,7/18/25,4.0,7/18/25,20250718_C7B_01130.jpg
624,C7B,2025,7/18/25,4.0,7/18/25,20250718_C7B_00624.jpg
4079,C10,2025,7/11/25,5.0,7/11/25,20250711_C10_04079.jpg
794,C7B,2025,7/18/25,2.0,7/18/25,20250718_C7B_00794.jpg
1525,C7B,2025,7/10/25,6.5,7/10/25,20250710_C7B_01525.jpg
4442,C10,2025,7/7/25,6.5,7/7/25,20250707_C10_04442.jpg
11102,I3B,2023,7/12/23,6.0,7/13/23,20230713_I3B_11102.jpg
9588,I3B,2023,7/12/23,6.0,7/13/23,20230713_I3B_09588.jpg
307,C7B,2025,7/10/25,6.0,7/10/25,20250710_C7B_00307.jpg
4884,C10,2025,7/11/25,5.5,7/11/25,20250711_C10_04884.jpg
5356,C10,2025,7/2/25,5.5,7/4/25,20250704_C10_05356.jpg
73,C7B,2025,6/30/25,6.0,7/1/25,20250701_C7B_00073.jpg
7220,G3,2023,7/19/23,7.5,7/20/23,20230720_G3_07220.jpg
11174,I3B,2023,7/12/23,7.0,7/13/23,20230713_I3B_11174.jpg
6010,C10,2025,7/8/25,6.5,7/7/25,20250707_C10_06010.jpg
160,C7B,2025,7/10/25,8.0,7/10/25,20250710_C7B_00160.jpg
9597,I3B,2023,7/12/23,6.0,7/13/23,20230713_I3B_09597.jpg
825,C7B,2025,7/1/25,7.0,7/1/25,20250701_C7B_00825.jpg
4685,C10,2025,7/11/25,5.0,7/11/25,20250711_C10_04685.jpg
6637,C10,2025,7/18/25,7.5,7/18/25,20250718_C10_06637.jpg
5148,C10,2025,7/20/25,2.0,7/21/25,20250721_C10_05148.jpg
371,C7B,2025,6/30/25,4.0,7/1/25,20250701_C7B_00371.jpg
4210,C10,2025,7/11/25,6.0,7/11/25,20250711_C10_04210.jpg
1126,C7B,2025,7/10/25,4.5,7/10/25,20250710_C7B_01126.jpg
5004,C10,2025,7/20/25,2.0,7/21/25,20250721_C10_05004.jpg
220,C7B,2025,7/10/25,6.0,7/10/25,20250710_C7B_00220.jpg
9821,I3B,2023,7/12/23,5.0,7/13/23,20230713_I3B_09821.jpg
4496,C10,2025,7/2/25,5.0,7/4/25,20250704_C10_04496.jpg
559,C7B,2025,6/30/25,7.5,7/1/25,20250701_C7B_00559.jpg
2848,C7B,2025,7/8/25,8.0,7/7/25,20250707_C7B_02848.jpg
5367,C10,2025,7/11/25,6.5,7/11/25,20250711_C10_05367.jpg
1657,C7B,2025,7/18/25,4.5,7/18/25,20250718_C7B_01657.jpg
2644,C7B,2025,7/18/25,7.0,7/18/25,20250718_C7B_02644.jpg
1021,C7B,2025,7/10/25,5.0,7/10/25,20250710_C7B_01021.jpg
4951,C10,2025,7/20/25,2.0,7/21/25,20250721_C10_04951.jpg
836,C7B,2025,7/18/25,5.0,7/18/25,20250718_C7B_00836.jpg
6854,C10,2025,7/14/25,4.5,7/14/25,20250714_C10_06854.jpg
1725,C7B,2025,7/19/25,1.5,7/18/25,20250718_C7B_01725.jpg
3141,G3,2023,7/26/23,6.0,7/27/23,20230727_G3_03141.jpg
4470,C10,2025,7/1/25,6.5,6/28/25,20250628_C10_04470.jpg
6023,C10,2025,7/19/25,3.0,7/18/25,20250718_C10_06023.jpg
2852,C7B,2025,7/13/25,8.0,7/12/25,20250712_C7B_02852.jpg
5540,C10,2025,7/20/25,1.5,7/21/25,20250721_C10_05540.jpg
1952,C7B,2025,7/19/25,3.5,7/18/25,20250718_C7B_01952.jpg
6728,C10,2025,7/18/25,6.5,7/18/25,20250718_C10_06728.jpg
11205,I3B,2023,7/19/23,5.0,7/20/23,20230720_I3B_11205.jpg
1527,C7B,2025,7/1/25,8.0,7/1/25,20250701_C7B_01527.jpg
361,C7B,2025,6/30/25,5.5,7/1/25,20250701_C7B_00361.jpg
4030,C10,2025,7/7/25,5.5,7/7/25,20250707_C10_04030.jpg
4481,C10,2025,7/20/25,3.0,7/21/25,20250721_C10_04481.jpg
177,C7B,2025,7/10/25,7.0,7/10/25,20250710_C7B_00177.jpg
5006,C10,2025,7/11/25,5.5,7/11/25,20250711_C10_05006.jpg
1468,C7B,2025,7/10/25,4.0,7/10/25,20250710_C7B_01468.jpg
9819,I3B,2023,7/12/23,5.0,7/13/23,20230713_I3B_09819.jpg
4282,C10,2025,7/7/25,5.0,7/7/25,20250707_C10_04282.jpg
5368,C10,2025,7/2/25,6.0,7/4/25,20250704_C10_05368.jpg
2045,C7B,2025,7/7/25,4.0,7/7/25,20250707_C7B_02045.jpg
1073,C7B,2025,7/10/25,5.0,7/10/25,20250710_C7B_01073.jpg
4359,C10,2025,7/7/25,5.0,7/7/25,20250707_C10_04359.jpg
6041,C10,2025,7/11/25,2.5,7/11/25,20250711_C10_06041.jpg
1445,C7B,2025,7/10/25,4.0,7/10/25,20250710_C7B_01445.jpg
5880,C10,2025,7/8/25,5.0,7/7/25,20250707_C10_05880.jpg
5107,C10,2025,7/2/25,4.5,7/4/25,20250704_C10_05107.jpg
11317,I3B,2023,7/19/23,7.5,7/20/23,20230720_I3B_11317.jpg
476,C7B,2025,7/10/25,6.5,7/10/25,20250710_C7B_00476.jpg
4428,C10,2025,7/19/25,2.0,7/18/25,20250718_C10_04428.jpg
2813,C7B,2025,7/8/25,7.5,7/7/25,20250707_C7B_02813.jpg
5502,C10,2025,7/11/25,4.5,7/11/25,20250711_C10_05502.jpg
2686,C7B,2025,7/13/25,7.0,7/12/25,20250712_C7B_02686.jpg
8045,G3,2023,7/26/23,7.5,7/27/23,20230727_G3_08045.jpg
5636,C10,2025,7/11/25,4.0,7/11/25,20250711_C10_05636.jpg
11048,I3B,2023,7/12/23,6.0,7/13/23,20230713_I3B_11048.jpg
6807,C10,2025,7/8/25,7.5,7/7/25,20250707_C10_06807.jpg
596,C7B,2025,6/30/25,7.5,7/1/25,20250701_C7B_00596.jpg
5203,C10,2025,7/2/25,6.5,7/4/25,20250704_C10_05203.jpg
5155,C10,2025,7/2/25,5.5,7/4/25,20250704_C10_05155.jpg
1827,C7B,2025,7/1/25,7.5,7/1/25,20250701_C7B_01827.jpg
5386,C10,2025,7/20/25,1.5,7/21/25,20250721_C10_05386.jpg
9998,I3B,2023,7/12/23,5.0,7/13/23,20230713_I3B_09998.jpg
4577,C10,2025,7/2/25,7.0,7/4/25,20250704_C10_04577.jpg
8064,G3,2023,7/19/23,5.5,7/20/23,20230720_G3_08064.jpg
4183,C10,2025,7/7/25,6.0,7/7/25,20250707_C10_04183.jpg
567,C7B,2025,6/30/25,7.0,7/1/25,20250701_C7B_00567.jpg
3081,G3,2023,7/26/23,8.0,7/27/23,20230727_G3_03081.jpg
525,C7B,2025,7/18/25,4.0,7/18/25,20250718_C7B_00525.jpg
6670,C10,2025,7/8/25,7.5,7/7/25,20250707_C10_06670.jpg
1889,C7B,2025,7/1/25,5.0,7/1/25,20250701_C7B_01889.jpg
6868,C10,2025,7/14/25,7.0,7/14/25,20250714_C10_06868.jpg
686,C7B,2025,6/30/25,7.0,7/1/25,20250701_C7B_00686.jpg
11239,I3B,2023,7/19/23,5.0,7/20/23,20230720_I3B_11239.jpg
1993,C7B,2025,7/19/25,5.0,7/18/25,20250718_C7B_01993.jpg
5674,C10,2025,7/11/25,7.0,7/11/25,20250711_C10_05674.jpg
3152,G3,2023,7/26/23,5.0,7/27/23,20230727_G3_03152.jpg
2738,C7B,2025,7/8/25,7.5,7/7/25,20250707_C7B_02738.jpg
4767,C10,2025,7/11/25,5.0,7/11/25,20250711_C10_04767.jpg
10791,I3B,2023,7/19/23,4.0,7/20/23,20230720_I3B_10791.jpg
1428,C7B,2025,7/1/25,8.0,7/1/25,20250701_C7B_01428.jpg
5596,C10,2025,7/2/25,6.0,7/4/25,20250704_C10_05596.jpg
498,C7B,2025,7/10/25,7.5,7/10/25,20250710_C7B_00498.jpg
898,C7B,2025,7/1/25,6.0,7/1/25,20250701_C7B_00898.jpg
11207,I3B,2023,7/19/23,7.0,7/20/23,20230720_I3B_11207.jpg
1139,C7B,2025,7/18/25,3.0,7/18/25,20250718_C7B_01139.jpg
4376,C10,2025,6/30/25,6.5,6/28/25,20250628_C10_04376.jpg
1407,C7B,2025,7/1/25,6.0,7/1/25,20250701_C7B_01407.jpg
5998,C10,2025,7/19/25,2.0,7/18/25,20250718_C10_05998.jpg
5264,C10,2025,7/2/25,6.0,7/4/25,20250704_C10_05264.jpg
2838,C7B,2025,7/18/25,4.0,7/18/25,20250718_C7B_02838.jpg
4178,C10,2025,7/11/25,4.0,7/11/25,20250711_C10_04178.jpg
102,C7B,2025,7/4/25,7.0,7/4/25,20250704_C7B_00102.jpg
4930,C10,2025,7/11/25,4.0,7/11/25,20250711_C10_04930.jpg
1769,C7B,2025,7/7/25,7.0,7/7/25,20250707_C7B_01769.jpg
5556,C10,2025,7/20/25,1.5,7/21/25,20250721_C10_05556.jpg
4894,C10,2025,7/11/25,6.5,7/11/25,20250711_C10_04894.jpg
6638,C10,2025,6/30/25,8.0,6/28/25,20250628_C10_06638.jpg
5395,C10,2025,7/20/25,2.5,7/21/25,20250721_C10_05395.jpg
4072,C10,2025,7/7/25,8.0,7/7/25,20250707_C10_04072.jpg
6811,C10,2025,6/30/25,8.0,6/28/25,20250628_C10_06811.jpg
5544,C10,2025,7/20/25,5.0,7/21/25,20250721_C10_05544.jpg
572,C7B,2025,7/10/25,4.5,7/10/25,20250710_C7B_00572.jpg
5842,C10,2025,7/8/25,4.0,7/7/25,20250707_C10_05842.jpg
4529,C10,2025,7/2/25,6.0,7/4/25,20250704_C10_04529.jpg
9578,I3B,2023,7/12/23,7.0,7/13/23,20230713_I3B_09578.jpg
376,C7B,2025,6/30/25,7.5,7/1/25,20250701_C7B_00376.jpg
11123,I3B,2023,7/12/23,7.0,7/13/23,20230713_I3B_11123.jpg
4290,C10,2025,7/19/25,4.0,7/18/25,20250718_C10_04290.jpg
943,C7B,2025,7/1/25,7.0,7/1/25,20250701_C7B_00943.jpg
967,C7B,2025,7/18/25,3.5,7/18/25,20250718_C7B_00967.jpg
6793,C10,2025,7/18/25,7.5,7/18/25,20250718_C10_06793.jpg
5874,C10,2025,7/11/25,8.0,7/11/25,20250711_C10_05874.jpg
7411,G3,2023,7/26/23,7.0,7/27/23,20230727_G3_07411.jpg
4368,C10,2025,7/11/25,4.0,7/11/25,20250711_C10_04368.jpg
6711,C10,2025,7/14/25,7.5,7/14/25,20250714_C10_06711.jpg
7300,G3,2023,7/26/23,4.0,7/27/23,20230727_G3_07300.jpg
5498,C10,2025,7/2/25,7.0,7/4/25,20250704_C10_05498.jpg
405,C7B,2025,7/18/25,2.5,7/18/25,20250718_C7B_00405.jpg
6676,C10,2025,7/18/25,7.0,7/18/25,20250718_C10_06676.jpg
4035,C10,2025,6/30/25,7.5,6/28/25,20250628_C10_04035.jpg
621,C7B,2025,7/18/25,5.0,7/18/25,20250718_C7B_00621.jpg
5077,C10,2025,7/20/25,1.5,7/21/25,20250721_C10_05077.jpg
4490,C10,2025,7/20/25,1.5,7/21/25,20250721_C10_04490.jpg
319,C7B,2025,7/4/25,7.0,7/4/25,20250704_C7B_00319.jpg
6761,C10,2025,6/30/25,8.5,6/28/25,20250628_C10_06761.jpg
1150,C7B,2025,7/10/25,5.5,7/10/25,20250710_C7B_01150.jpg
5848,C10,2025,7/11/25,7.5,7/11/25,20250711_C10_05848.jpg
6702,C10,2025,7/8/25,7.5,7/7/25,20250707_C10_06702.jpg
1516,C7B,2025,7/1/25,6.0,7/1/25,20250701_C7B_01516.jpg
2836,C7B,2025,6/30/25,8.0,7/1/25,20250701_C7B_02836.jpg
5524,C10,2025,7/2/25,7.0,7/4/25,20250704_C10_05524.jpg
573,C7B,2025,7/18/25,2.5,7/18/25,20250718_C7B_00573.jpg
4821,C10,2025,7/20/25,2.0,7/21/25,20250721_C10_04821.jpg
1970,C7B,2025,7/19/25,2.5,7/18/25,20250718_C7B_01970.jpg
2690,C7B,2025,7/8/25,8.5,7/7/25,20250707_C7B_02690.jpg
4053,C10,2025,7/7/25,7.5,7/7/25,20250707_C10_04053.jpg
5726,C10,2025,7/8/25,7.5,7/7/25,20250707_C10_05726.jpg
11120,I3B,2023,7/12/23,7.5,7/13/23,20230713_I3B_11120.jpg
4570,C10,2025,7/2/25,7.5,7/4/25,20250704_C10_04570.jpg
4453,C10,2025,7/19/25,3.5,7/18/25,20250718_C10_04453.jpg
6804,C10,2025,7/8/25,7.0,7/7/25,20250707_C10_06804.jpg
5056,C10,2025,7/2/25,6.5,7/4/25,20250704_C10_05056.jpg
1140,C7B,2025,7/10/25,5.5,7/10/25,20250710_C7B_01140.jpg
6857,C10,2025,7/18/25,8.0,7/18/25,20250718_C10_06857.jpg
948,C7B,2025,7/1/25,7.0,7/1/25,20250701_C7B_00948.jpg
1099,C7B,2025,7/1/25,6.0,7/1/25,20250701_C7B_01099.jpg
5312,C10,2025,7/11/25,5.0,7/11/25,20250711_C10_05312.jpg
339,C7B,2025,7/10/25,3.0,7/10/25,20250710_C7B_00339.jpg
6854,C10,2025,7/8/25,7.5,7/7/25,20250707_C10_06854.jpg
2831,C7B,2025,7/18/25,7.0,7/18/25,20250718_C7B_02831.jpg
2743,C7B,2025,6/30/25,8.5,7/1/25,20250701_C7B_02743.jpg
4585,C10,2025,7/2/25,5.5,7/4/25,20250704_C10_04585.jpg
3016,G3,2023,7/19/23,8.0,7/20/23,20230720_G3_03016.jpg
5993,C10,2025,7/11/25,3.5,7/11/25,20250711_C10_05993.jpg
4138,C10,2025,7/7/25,5.0,7/7/25,20250707_C10_04138.jpg
2750,C7B,2025,7/13/25,7.0,7/12/25,20250712_C7B_02750.jpg
2667,C7B,2025,7/8/25,8.5,7/7/25,20250707_C7B_02667.jpg
6789,C10,2025,7/3/25,8.0,7/4/25,20250704_C10_06789.jpg
4871,C10,2025,7/20/25,1.0,7/21/25,20250721_C10_04871.jpg
78,C7B,2025,7/4/25,5.5,7/4/25,20250704_C7B_00078.jpg
4219,C10,2025,7/7/25,6.0,7/7/25,20250707_C10_04219.jpg
5965,C10,2025,7/11/25,5.0,7/11/25,20250711_C10_05965.jpg
6045,C10,2025,7/2/25,7.0,7/4/25,20250704_C10_06045.jpg
5096,C10,2025,7/2/25,7.0,7/4/25,20250704_C10_05096.jpg
8071,G3,2023,7/20/23,6.0,7/20/23,20230720_G3_08071.jpg
4904,C10,2025,7/20/25,3.0,7/21/25,20250721_C10_04904.jpg
4686,C10,2025,7/20/25,2.5,7/21/25,20250721_C10_04686.jpg
1322,C7B,2025,7/10/25,3.0,7/10/25,20250710_C7B_01322.jpg
2874,C7B,2025,7/13/25,5.5,7/12/25,20250712_C7B_02874.jpg
4484,C10,2025,7/20/25,3.0,7/21/25,20250721_C10_04484.jpg
5662,C10,2025,7/19/25,2.0,7/18/25,20250718_C10_05662.jpg
4813,C10,2025,7/2/25,6.0,7/4/25,20250704_C10_04813.jpg
5421,C10,2025,7/2/25,4.5,7/4/25,20250704_C10_05421.jpg
5191,C10,2025,7/2/25,5.5,7/4/25,20250704_C10_05191.jpg
3039,G3,2023,7/19/23,8.0,7/20/23,20230720_G3_03039.jpg
3124,G3,2023,7/19/23,8.0,7/20/23,20230720_G3_03124.jpg
2,C7B,2025,7/11/25,7.5,7/10/25,20250710_C7B_00002.jpg
5858,C10,2025,7/11/25,4.0,7/11/25,20250711_C10_05858.jpg
5104,C10,2025,7/20/25,2.5,7/21/25,20250721_C10_05104.jpg
1101,C7B,2025,7/18/25,2.0,7/18/25,20250718_C7B_01101.jpg
1308,C7B,2025,7/18/25,1.0,7/18/25,20250718_C7B_01308.jpg
1961,C7B,2025,7/7/25,5.0,7/7/25,20250707_C7B_01961.jpg
5094,C10,2025,7/11/25,5.0,7/11/25,20250711_C10_05094.jpg
6691,C10,2025,7/18/25,6.5,7/18/25,20250718_C10_06691.jpg
7444,G3,2023,7/26/23,8.0,7/27/23,20230727_G3_07444.jpg
223,C7B,2025,7/18/25,3.0,7/18/25,20250718_C7B_00223.jpg
1623,C7B,2025,7/10/25,4.0,7/10/25,20250710_C7B_01623.jpg
95,C7B,2025,7/10/25,4.0,7/10/25,20250710_C7B_00095.jpg
1183,C7B,2025,7/18/25,2.0,7/18/25,20250718_C7B_01183.jpg
912,C7B,2025,7/18/25,2.0,7/18/25,20250718_C7B_00912.jpg
4076,C10,2025,7/7/25,4.0,7/7/25,20250707_C10_04076.jpg
5009,C10,2025,7/20/25,2.0,7/21/25,20250721_C10_05009.jpg
6640,C10,2025,7/8/25,7.5,7/7/25,20250707_C10_06640.jpg
5401,C10,2025,7/2/25,6.5,7/4/25,20250704_C10_05401.jpg
1940,C7B,2025,7/7/25,7.5,7/7/25,20250707_C7B_01940.jpg
1953,C7B,2025,7/10/25,5.0,7/10/25,20250710_C7B_01953.jpg
2734,C7B,2025,7/18/25,7.0,7/18/25,20250718_C7B_02734.jpg
5198,C10,2025,7/20/25,1.5,7/21/25,20250721_C10_05198.jpg
10262,I3B,2023,7/25/23,3.5,7/27/23,20230727_I3B_10262.jpg
2785,C7B,2025,7/13/25,6.5,7/12/25,20250712_C7B_02785.jpg
700,C7B,2025,6/30/25,7.0,7/1/25,20250701_C7B_00700.jpg
294,C7B,2025,7/10/25,5.0,7/10/25,20250710_C7B_00294.jpg
4229,C10,2025,6/30/25,7.0,6/28/25,20250628_C10_04229.jpg
4103,C10,2025,7/11/25,5.5,7/11/25,20250711_C10_04103.jpg
1066,C7B,2025,7/18/25,3.0,7/18/25,20250718_C7B_01066.jpg
1380,C7B,2025,7/18/25,2.0,7/18/25,20250718_C7B_01380.jpg
4415,C10,2025,7/19/25,1.5,7/18/25,20250718_C10_04415.jpg
4883,C10,2025,7/2/25,5.0,7/4/25,20250704_C10_04883.jpg
4644,C10,2025,7/20/25,2.0,7/21/25,20250721_C10_04644.jpg
4914,C10,2025,7/11/25,6.0,7/11/25,20250711_C10_04914.jpg
4267,C10,2025,7/7/25,5.5,7/7/25,20250707_C10_04267.jpg
4551,C10,2025,7/20/25,4.0,7/21/25,20250721_C10_04551.jpg
4697,C10,2025,7/20/25,3.0,7/21/25,20250721_C10_04697.jpg
5176,C10,2025,7/20/25,2.0,7/21/25,20250721_C10_05176.jpg
6641,C10,2025,7/14/25,3.0,7/14/25,20250714_C10_06641.jpg
5253,C10,2025,7/20/25,2.0,7/21/25,20250721_C10_05253.jpg
877,C7B,2025,7/1/25,7.0,7/1/25,20250701_C7B_00877.jpg
2646,C7B,2025,7/8/25,7.0,7/7/25,20250707_C7B_02646.jpg
6645,C10,2025,7/3/25,8.0,7/4/25,20250704_C10_06645.jpg
1137,C7B,2025,7/18/25,2.0,7/18/25,20250718_C7B_01137.jpg
5840,C10,2025,7/8/25,4.0,7/7/25,20250707_C10_05840.jpg
6847,C10,2025,6/30/25,8.5,6/28/25,20250628_C10_06847.jpg
18,C7B,2025,7/11/25,6.0,7/10/25,20250710_C7B_00018.jpg
6698,C10,2025,7/14/25,7.5,7/14/25,20250714_C10_06698.jpg
6679,C10,2025,7/3/25,6.0,7/4/25,20250704_C10_06679.jpg
282,C7B,2025,6/30/25,5.0,7/1/25,20250701_C7B_00282.jpg
6779,C10,2025,7/18/25,6.5,7/18/25,20250718_C10_06779.jpg
308,C7B,2025,6/30/25,6.0,7/1/25,20250701_C7B_00308.jpg
5230,C10,2025,7/11/25,5.0,7/11/25,20250711_C10_05230.jpg
5227,C10,2025,7/11/25,4.0,7/11/25,20250711_C10_05227.jpg
9976,I3B,2023,7/12/23,5.5,7/13/23,20230713_I3B_09976.jpg
1267,C7B,2025,7/1/25,6.0,7/1/25,20250701_C7B_01267.jpg
700,C7B,2025,7/10/25,6.0,7/10/25,20250710_C7B_00700.jpg
4366,C10,2025,6/30/25,6.5,6/28/25,20250628_C10_04366.jpg
4351,C10,2025,6/30/25,6.0,6/28/25,20250628_C10_04351.jpg
9778,I3B,2023,7/12/23,4.0,7/13/23,20230713_I3B_09778.jpg
6708,C10,2025,7/3/25,8.0,7/4/25,20250704_C10_06708.jpg
1169,C7B,2025,7/1/25,7.5,7/1/25,20250701_C7B_01169.jpg
1733,C7B,2025,7/10/25,7.5,7/10/25,20250710_C7B_01733.jpg
1279,C7B,2025,7/18/25,2.0,7/18/25,20250718_C7B_01279.jpg
546,C7B,2025,6/30/25,7.0,7/1/25,20250701_C7B_00546.jpg
1202,C7B,2025,7/1/25,5.0,7/1/25,20250701_C7B_01202.jpg
5497,C10,2025,7/20/25,2.5,7/21/25,20250721_C10_05497.jpg
4946,C10,2025,7/11/25,5.5,7/11/25,20250711_C10_04946.jpg
1876,C7B,2025,7/10/25,5.5,7/10/25,20250710_C7B_01876.jpg
2804,C7B,2025,7/18/25,6.5,7/18/25,20250718_C7B_02804.jpg
585,C7B,2025,7/10/25,6.0,7/10/25,20250710_C7B_00585.jpg
7322,G3,2023,7/20/23,8.0,7/20/23,20230720_G3_07322.jpg
520,C7B,2025,6/30/25,7.0,7/1/25,20250701_C7B_00520.jpg
4632,C10,2025,7/20/25,3.0,7/21/25,20250721_C10_04632.jpg
5835,C10,2025,7/8/25,4.0,7/7/25,20250707_C10_05835.jpg
1032,C7B,2025,7/18/25,3.0,7/18/25,20250718_C7B_01032.jpg
24,C7B,2025,7/4/25,7.0,7/4/25,20250704_C7B_00024.jpg
84,C7B,2025,6/30/25,7.5,7/1/25,20250701_C7B_00084.jpg
2691,C7B,2025,6/30/25,7.5,7/1/25,20250701_C7B_02691.jpg
719,C7B,2025,7/18/25,4.0,7/18/25,20250718_C7B_00719.jpg
1751,C7B,2025,7/7/25,6.0,7/7/25,20250707_C7B_01751.jpg
1634,C7B,2025,7/10/25,6.5,7/10/25,20250710_C7B_01634.jpg
6708,C10,2025,7/8/25,7.5,7/7/25,20250707_C10_06708.jpg
4617,C10,2025,7/11/25,4.0,7/11/25,20250711_C10_04617.jpg
5099,C10,2025,7/11/25,5.0,7/11/25,20250711_C10_05099.jpg
8055,G3,2023,7/19/23,8.0,7/20/23,20230720_G3_08055.jpg
5502,C10,2025,7/20/25,2.5,7/21/25,20250721_C10_05502.jpg
1239,C7B,2025,7/10/25,7.0,7/10/25,20250710_C7B_01239.jpg
1804,C7B,2025,7/7/25,4.0,7/7/25,20250707_C7B_01804.jpg
7206,G3,2023,7/19/23,8.5,7/20/23,20230720_G3_07206.jpg
3056,G3,2023,7/19/23,7.5,7/20/23,20230720_G3_03056.jpg
1665,C7B,2025,7/19/25,2.0,7/18/25,20250718_C7B_01665.jpg
138,C7B,2025,7/18/25,5.0,7/18/25,20250718_C7B_00138.jpg
1811,C7B,2025,7/19/25,5.0,7/18/25,20250718_C7B_01811.jpg
6033,C10,2025,7/2/25,5.5,7/4/25,20250704_C10_06033.jpg
7396,G3,2023,7/20/23,7.0,7/20/23,20230720_G3_07396.jpg
5216,C10,2025,7/11/25,4.0,7/11/25,20250711_C10_05216.jpg
10868,I3B,2023,7/19/23,7.5,7/20/23,20230720_I3B_10868.jpg
3177,G3,2023,7/19/23,7.0,7/20/23,20230720_G3_03177.jpg
2023,C7B,2025,7/7/25,7.5,7/7/25,20250707_C7B_02023.jpg
9880,I3B,2023,7/12/23,4.0,7/13/23,20230713_I3B_09880.jpg
6048,C10,2025,7/11/25,4.0,7/11/25,20250711_C10_06048.jpg
4137,C10,2025,7/7/25,4.0,7/7/25,20250707_C10_04137.jpg
2032,C7B,2025,7/19/25,2.0,7/18/25,20250718_C7B_02032.jpg
566,C7B,2025,7/18/25,3.5,7/18/25,20250718_C7B_00566.jpg
5926,C10,2025,7/11/25,5.0,7/11/25,20250711_C10_05926.jpg
4285,C10,2025,7/11/25,5.5,7/11/25,20250711_C10_04285.jpg
1701,C7B,2025,7/7/25,3.5,7/7/25,20250707_C7B_01701.jpg
163,C7B,2025,7/4/25,5.5,7/4/25,20250704_C7B_00163.jpg
5567,C10,2025,7/11/25,4.5,7/11/25,20250711_C10_05567.jpg
5888,C10,2025,7/8/25,4.0,7/7/25,20250707_C10_05888.jpg
571,C7B,2025,6/30/25,7.0,7/1/25,20250701_C7B_00571.jpg
4463,C10,2025,7/2/25,6.0,7/4/25,20250704_C10_04463.jpg
784,C7B,2025,7/18/25,3.0,7/18/25,20250718_C7B_00784.jpg
383,C7B,2025,7/4/25,5.0,7/4/25,20250704_C7B_00383.jpg
8022,G3,2023,7/19/23,4.0,7/20/23,20230720_G3_08022.jpg
4015,C10,2025,7/7/25,5.5,7/7/25,20250707_C10_04015.jpg
5786,C10,2025,7/8/25,4.0,7/7/25,20250707_C10_05786.jpg
5647,C10,2025,7/20/25,4.0,7/21/25,20250721_C10_05647.jpg
5410,C10,2025,7/20/25,1.5,7/21/25,20250721_C10_05410.jpg
1206,C7B,2025,7/18/25,3.5,7/18/25,20250718_C7B_01206.jpg
904,C7B,2025,7/1/25,7.5,7/1/25,20250701_C7B_00904.jpg
4119,C10,2025,7/7/25,5.0,7/7/25,20250707_C10_04119.jpg
690,C7B,2025,7/18/25,3.5,7/18/25,20250718_C7B_00690.jpg
5260,C10,2025,7/11/25,3.0,7/11/25,20250711_C10_05260.jpg
4569,C10,2025,7/11/25,5.0,7/11/25,20250711_C10_04569.jpg
11242,I3B,2023,7/19/23,4.0,7/20/23,20230720_I3B_11242.jpg
3125,G3,2023,7/19/23,7.5,7/20/23,20230720_G3_03125.jpg
7210,G3,2023,7/19/23,7.5,7/20/23,20230720_G3_07210.jpg
1144,C7B,2025,7/10/25,7.0,7/10/25,20250710_C7B_01144.jpg
7412,G3,2023,7/20/23,7.0,7/20/23,20230720_G3_07412.jpg
5784,C10,2025,7/1/25,7.0,6/28/25,20250628_C10_05784.jpg
871,C7B,2025,7/1/25,6.0,7/1/25,20250701_C7B_00871.jpg
11043,I3B,2023,7/12/23,6.0,7/13/23,20230713_I3B_11043.jpg
4024,C10,2025,7/7/25,5.0,7/7/25,20250707_C10_04024.jpg
4005,C10,2025,7/11/25,4.0,7/11/25,20250711_C10_04005.jpg
1054,C7B,2025,7/10/25,4.0,7/10/25,20250710_C7B_01054.jpg
4965,C10,2025,7/11/25,4.0,7/11/25,20250711_C10_04965.jpg
91,C7B,2025,6/30/25,6.0,7/1/25,20250701_C7B_00091.jpg
51,C7B,2025,6/30/25,7.5,7/1/25,20250701_C7B_00051.jpg
4248,C10,2025,7/19/25,2.0,7/18/25,20250718_C10_04248.jpg
4469,C10,2025,7/1/25,6.5,6/28/25,20250628_C10_04469.jpg
393,C7B,2025,6/30/25,5.0,7/1/25,20250701_C7B_00393.jpg
6852,C10,2025,7/14/25,5.0,7/14/25,20250714_C10_06852.jpg
10773,I3B,2023,7/19/23,5.5,7/20/23,20230720_I3B_10773.jpg
4476,C10,2025,7/1/25,6.5,6/28/25,20250628_C10_04476.jpg
5113,C10,2025,7/20/25,1.5,7/21/25,20250721_C10_05113.jpg
7294,G3,2023,7/26/23,8.5,7/27/23,20230727_G3_07294.jpg
837,C7B,2025,7/10/25,5.0,7/10/25,20250710_C7B_00837.jpg
10387,I3B,2023,7/25/23,6.0,7/27/23,20230727_I3B_10387.jpg
1905,C7B,2025,7/1/25,7.0,7/1/25,20250701_C7B_01905.jpg
4366,C10,2025,7/7/25,4.5,7/7/25,20250707_C10_04366.jpg
8053,G3,2023,7/19/23,7.5,7/20/23,20230720_G3_08053.jpg
5864,C10,2025,7/19/25,2.0,7/18/25,20250718_C10_05864.jpg
663,C7B,2025,7/18/25,3.5,7/18/25,20250718_C7B_00663.jpg
680,C7B,2025,7/10/25,4.0,7/10/25,20250710_C7B_00680.jpg
136,C7B,2025,6/30/25,7.5,7/1/25,20250701_C7B_00136.jpg
2685,C7B,2025,7/8/25,8.0,7/7/25,20250707_C7B_02685.jpg
5775,C10,2025,7/1/25,7.0,6/28/25,20250628_C10_05775.jpg
6699,C10,2025,7/8/25,8.0,7/7/25,20250707_C10_06699.jpg
2773,C7B,2025,6/30/25,8.0,7/1/25,20250701_C7B_02773.jpg
5079,C10,2025,7/2/25,5.5,7/4/25,20250704_C10_05079.jpg
1385,C7B,2025,7/10/25,4.0,7/10/25,20250710_C7B_01385.jpg
4909,C10,2025,7/20/25,4.0,7/21/25,20250721_C10_04909.jpg
517,C7B,2025,7/18/25,3.5,7/18/25,20250718_C7B_00517.jpg
7269,G3,2023,7/26/23,4.0,7/27/23,20230727_G3_07269.jpg
5171,C10,2025,7/11/25,4.5,7/11/25,20250711_C10_05171.jpg
10031,I3B,2023,7/12/23,5.0,7/13/23,20230713_I3B_10031.jpg
9769,I3B,2023,7/12/23,5.5,7/13/23,20230713_I3B_09769.jpg
5406,C10,2025,7/20/25,4.0,7/21/25,20250721_C10_05406.jpg
2739,C7B,2025,7/8/25,7.5,7/7/25,20250707_C7B_02739.jpg
1304,C7B,2025,7/10/25,6.0,7/10/25,20250710_C7B_01304.jpg
5203,C10,2025,7/11/25,4.0,7/11/25,20250711_C10_05203.jpg
10934,I3B,2023,7/19/23,5.0,7/20/23,20230720_I3B_10934.jpg
2802,C7B,2025,6/30/25,8.0,7/1/25,20250701_C7B_02802.jpg
5864,C10,2025,7/8/25,4.0,7/7/25,20250707_C10_05864.jpg
4409,C10,2025,7/11/25,4.5,7/11/25,20250711_C10_04409.jpg
1511,C7B,2025,7/1/25,7.0,7/1/25,20250701_C7B_01511.jpg
5349,C10,2025,7/20/25,2.0,7/21/25,20250721_C10_05349.jpg
5702,C10,2025,7/11/25,4.0,7/11/25,20250711_C10_05702.jpg
2648,C7B,2025,7/13/25,7.5,7/12/25,20250712_C7B_02648.jpg
133,C7B,2025,6/30/25,8.0,7/1/25,20250701_C7B_00133.jpg
7306,G3,2023,7/20/23,7.0,7/20/23,20230720_G3_07306.jpg
10289,I3B,2023,7/25/23,6.0,7/27/23,20230727_I3B_10289.jpg
1589,C7B,2025,7/18/25,5.0,7/18/25,20250718_C7B_01589.jpg
813,C7B,2025,7/10/25,5.0,7/10/25,20250710_C7B_00813.jpg
6873,C10,2025,7/14/25,7.5,7/14/25,20250714_C10_06873.jpg
1705,C7B,2025,7/19/25,2.0,7/18/25,20250718_C7B_01705.jpg
5283,C10,2025,7/2/25,7.0,7/4/25,20250704_C10_05283.jpg
4534,C10,2025,7/20/25,2.0,7/21/25,20250721_C10_04534.jpg
6662,C10,2025,7/14/25,8.0,7/14/25,20250714_C10_06662.jpg
1229,C7B,2025,7/18/25,2.0,7/18/25,20250718_C7B_01229.jpg
5593,C10,2025,7/20/25,2.0,7/21/25,20250721_C10_05593.jpg
551,C7B,2025,7/10/25,5.0,7/10/25,20250710_C7B_00551.jpg
277,C7B,2025,7/18/25,4.0,7/18/25,20250718_C7B_00277.jpg
5942,C10,2025,7/8/25,5.5,7/7/25,20250707_C10_05942.jpg
11069,I3B,2023,7/12/23,6.0,7/13/23,20230713_I3B_11069.jpg
6730,C10,2025,7/3/25,7.5,7/4/25,20250704_C10_06730.jpg
5475,C10,2025,7/2/25,7.5,7/4/25,20250704_C10_05475.jpg
532,C7B,2025,7/10/25,5.0,7/10/25,20250710_C7B_00532.jpg
1799,C7B,2025,7/7/25,5.5,7/7/25,20250707_C7B_01799.jpg
2044,C7B,2025,7/19/25,5.5,7/18/25,20250718_C7B_02044.jpg
659,C7B,2025,7/10/25,5.0,7/10/25,20250710_C7B_00659.jpg
4163,C10,2025,7/11/25,6.0,7/11/25,20250711_C10_04163.jpg
5930,C10,2025,7/11/25,5.0,7/11/25,20250711_C10_05930.jpg
1910,C7B,2025,7/1/25,7.0,7/1/25,20250701_C7B_01910.jpg
772,C7B,2025,7/10/25,4.0,7/10/25,20250710_C7B_00772.jpg
4978,C10,2025,7/2/25,5.5,7/4/25,20250704_C10_04978.jpg
842,C7B,2025,7/18/25,3.0,7/18/25,20250718_C7B_00842.jpg
465,C7B,2025,7/18/25,3.5,7/18/25,20250718_C7B_00465.jpg
4621,C10,2025,7/11/25,7.0,7/11/25,20250711_C10_04621.jpg
4939,C10,2025,7/2/25,7.0,7/4/25,20250704_C10_04939.jpg
4531,C10,2025,7/20/25,3.5,7/21/25,20250721_C10_04531.jpg
2704,C7B,2025,7/13/25,8.0,7/12/25,20250712_C7B_02704.jpg
4282,C10,2025,7/11/25,4.0,7/11/25,20250711_C10_04282.jpg
5672,C10,2025,7/1/25,6.5,6/28/25,20250628_C10_05672.jpg
291,C7B,2025,7/10/25,6.5,7/10/25,20250710_C7B_00291.jpg
7341,G3,2023,7/20/23,8.0,7/20/23,20230720_G3_07341.jpg
6734,C10,2025,7/14/25,8.0,7/14/25,20250714_C10_06734.jpg
6019,C10,2025,7/11/25,6.0,7/11/25,20250711_C10_06019.jpg
1618,C7B,2025,7/18/25,2.0,7/18/25,20250718_C7B_01618.jpg
7372,G3,2023,7/20/23,8.0,7/20/23,20230720_G3_07372.jpg
952,C7B,2025,7/18/25,2.0,7/18/25,20250718_C7B_00952.jpg
4676,C10,2025,7/2/25,5.5,7/4/25,20250704_C10_04676.jpg
3105,G3,2023,7/26/23,7.5,7/27/23,20230727_G3_03105.jpg
4867,C10,2025,7/2/25,7.0,7/4/25,20250704_C10_04867.jpg
6790,C10,2025,7/18/25,7.5,7/18/25,20250718_C10_06790.jpg
411,C7B,2025,7/18/25,3.0,7/18/25,20250718_C7B_00411.jpg
5472,C10,2025,7/11/25,5.0,7/11/25,20250711_C10_05472.jpg
7236,G3,2023,7/26/23,5.0,7/27/23,20230727_G3_07236.jpg
1210,C7B,2025,7/18/25,2.5,7/18/25,20250718_C7B_01210.jpg
1874,C7B,2025,7/1/25,5.5,7/1/25,20250701_C7B_01874.jpg
10921,I3B,2023,7/19/23,4.5,7/20/23,20230720_I3B_10921.jpg
2774,C7B,2025,6/30/25,7.5,7/1/25,20250701_C7B_02774.jpg
2010,C7B,2025,7/10/25,6.0,7/10/25,20250710_C7B_02010.jpg
1440,C7B,2025,7/1/25,6.0,7/1/25,20250701_C7B_01440.jpg
957,C7B,2025,7/1/25,7.0,7/1/25,20250701_C7B_00957.jpg
6803,C10,2025,7/14/25,7.5,7/14/25,20250714_C10_06803.jpg
9684,I3B,2023,7/12/23,5.5,7/13/23,20230713_I3B_09684.jpg
7336,G3,2023,7/26/23,7.0,7/27/23,20230727_G3_07336.jpg
4415,C10,2025,6/30/25,5.5,6/28/25,20250628_C10_04415.jpg
4844,C10,2025,7/11/25,5.0,7/11/25,20250711_C10_04844.jpg
1777,C7B,2025,7/10/25,5.0,7/10/25,20250710_C7B_01777.jpg
2026,C7B,2025,7/1/25,6.5,7/1/25,20250701_C7B_02026.jpg
6683,C10,2025,7/8/25,7.5,7/7/25,20250707_C10_06683.jpg
5967,C10,2025,7/11/25,6.5,7/11/25,20250711_C10_05967.jpg
496,C7B,2025,7/18/25,5.5,7/18/25,20250718_C7B_00496.jpg
4101,C10,2025,7/11/25,7.0,7/11/25,20250711_C10_04101.jpg
5977,C10,2025,7/11/25,5.0,7/11/25,20250711_C10_05977.jpg
4004,C10,2025,7/7/25,7.0,7/7/25,20250707_C10_04004.jpg
1010,C7B,2025,7/10/25,6.0,7/10/25,20250710_C7B_01010.jpg
7336,G3,2023,7/20/23,7.0,7/20/23,20230720_G3_07336.jpg
5288,C10,2025,7/2/25,7.5,7/4/25,20250704_C10_05288.jpg
11337,I3B,2023,7/19/23,6.5,7/20/23,20230720_I3B_11337.jpg
47,C7B,2025,7/4/25,6.5,7/4/25,20250704_C7B_00047.jpg
913,C7B,2025,7/18/25,3.0,7/18/25,20250718_C7B_00913.jpg
630,C7B,2025,7/10/25,5.0,7/10/25,20250710_C7B_00630.jpg
2752,C7B,2025,6/30/25,8.5,7/1/25,20250701_C7B_02752.jpg
4143,C10,2025,7/7/25,4.0,7/7/25,20250707_C10_04143.jpg
5570,C10,2025,7/20/25,3.0,7/21/25,20250721_C10_05570.jpg
8082,G3,2023,7/20/23,7.5,7/20/23,20230720_G3_08082.jpg
215,C7B,2025,7/4/25,6.5,7/4/25,20250704_C7B_00215.jpg
9669,I3B,2023,7/12/23,5.5,7/13/23,20230713_I3B_09669.jpg
4483,C10,2025,7/20/25,2.0,7/21/25,20250721_C10_04483.jpg
1786,C7B,2025,7/7/25,6.0,7/7/25,20250707_C7B_01786.jpg
30,C7B,2025,7/4/25,7.5,7/4/25,20250704_C7B_00030.jpg
8155,G3,2023,7/20/23,8.0,7/20/23,20230720_G3_08155.jpg
6665,C10,2025,7/18/25,5.0,7/18/25,20250718_C10_06665.jpg
4955,C10,2025,7/20/25,2.0,7/21/25,20250721_C10_04955.jpg
1466,C7B,2025,7/18/25,5.5,7/18/25,20250718_C7B_01466.jpg
5521,C10,2025,7/2/25,6.0,7/4/25,20250704_C10_05521.jpg
1388,C7B,2025,7/10/25,6.0,7/10/25,20250710_C7B_01388.jpg
4956,C10,2025,7/11/25,5.0,7/11/25,20250711_C10_04956.jpg
416,C7B,2025,7/18/25,2.0,7/18/25,20250718_C7B_00416.jpg
10418,I3B,2023,7/25/23,4.0,7/27/23,20230727_I3B_10418.jpg
8034,G3,2023,7/26/23,5.5,7/27/23,20230727_G3_08034.jpg
5811,C10,2025,7/1/25,5.0,6/28/25,20250628_C10_05811.jpg
3062,G3,2023,7/26/23,8.0,7/27/23,20230727_G3_03062.jpg
4007,C10,2025,7/7/25,6.0,7/7/25,20250707_C10_04007.jpg
4440,C10,2025,7/19/25,2.5,7/18/25,20250718_C10_04440.jpg
1786,C7B,2025,7/1/25,8.0,7/1/25,20250701_C7B_01786.jpg
7345,G3,2023,7/26/23,5.0,7/27/23,20230727_G3_07345.jpg
662,C7B,2025,7/10/25,7.0,7/10/25,20250710_C7B_00662.jpg
279,C7B,2025,6/30/25,8.0,7/1/25,20250701_C7B_00279.jpg
6651,C10,2025,7/3/25,7.5,7/4/25,20250704_C10_06651.jpg
11214,I3B,2023,7/19/23,7.5,7/20/23,20230720_I3B_11214.jpg
1133,C7B,2025,7/1/25,8.0,7/1/25,20250701_C7B_01133.jpg
571,C7B,2025,7/10/25,5.5,7/10/25,20250710_C7B_00571.jpg
11357,I3B,2023,7/19/23,6.5,7/20/23,20230720_I3B_11357.jpg
1196,C7B,2025,7/1/25,7.0,7/1/25,20250701_C7B_01196.jpg
1867,C7B,2025,7/7/25,5.5,7/7/25,20250707_C7B_01867.jpg
5361,C10,2025,7/2/25,6.0,7/4/25,20250704_C10_05361.jpg
338,C7B,2025,6/30/25,7.5,7/1/25,20250701_C7B_00338.jpg
720,C7B,2025,7/10/25,4.0,7/10/25,20250710_C7B_00720.jpg
1963,C7B,2025,7/1/25,6.5,7/1/25,20250701_C7B_01963.jpg
6844,C10,2025,7/3/25,8.0,7/4/25,20250704_C10_06844.jpg
1907,C7B,2025,7/1/25,7.5,7/1/25,20250701_C7B_01907.jpg
5331,C10,2025,7/2/25,6.0,7/4/25,20250704_C10_05331.jpg
156,C7B,2025,7/10/25,5.0,7/10/25,20250710_C7B_00156.jpg
5428,C10,2025,7/2/25,7.0,7/4/25,20250704_C10_05428.jpg
966,C7B,2025,7/18/25,5.0,7/18/25,20250718_C7B_00966.jpg
5701,C10,2025,7/11/25,6.5,7/11/25,20250711_C10_05701.jpg
165,C7B,2025,7/18/25,4.0,7/18/25,20250718_C7B_00165.jpg
7296,G3,2023,7/26/23,5.5,7/27/23,20230727_G3_07296.jpg
11313,I3B,2023,7/19/23,5.0,7/20/23,20230720_I3B_11313.jpg
8161,G3,2023,7/20/23,8.0,7/20/23,20230720_G3_08161.jpg
4049,C10,2025,6/30/25,9.0,6/28/25,20250628_C10_04049.jpg
5297,C10,2025,7/20/25,3.0,7/21/25,20250721_C10_05297.jpg
1429,C7B,2025,7/18/25,3.0,7/18/25,20250718_C7B_01429.jpg
1951,C7B,2025,7/1/25,7.0,7/1/25,20250701_C7B_01951.jpg
5993,C10,2025,7/19/25,2.0,7/18/25,20250718_C10_05993.jpg
4469,C10,2025,7/11/25,5.0,7/11/25,20250711_C10_04469.jpg
5924,C10,2025,7/1/25,8.0,6/28/25,20250628_C10_05924.jpg
339,C7B,2025,6/30/25,5.0,7/1/25,20250701_C7B_00339.jpg
3007,G3,2023,7/26/23,8.0,7/27/23,20230727_G3_03007.jpg
4359,C10,2025,6/30/25,6.0,6/28/25,20250628_C10_04359.jpg
603,C7B,2025,7/18/25,2.5,7/18/25,20250718_C7B_00603.jpg
5150,C10,2025,7/11/25,5.5,7/11/25,20250711_C10_05150.jpg
1120,C7B,2025,7/1/25,7.0,7/1/25,20250701_C7B_01120.jpg
5821,C10,2025,7/11/25,8.5,7/11/25,20250711_C10_05821.jpg
4103,C10,2025,7/7/25,5.5,7/7/25,20250707_C10_04103.jpg
5123,C10,2025,7/11/25,4.0,7/11/25,20250711_C10_05123.jpg
4628,C10,2025,7/20/25,3.0,7/21/25,20250721_C10_04628.jpg
4452,C10,2025,7/7/25,6.5,7/7/25,20250707_C10_04452.jpg
395,C7B,2025,7/10/25,6.0,7/10/25,20250710_C7B_00395.jpg
4922,C10,2025,7/2/25,6.0,7/4/25,20250704_C10_04922.jpg
4025,C10,2025,6/30/25,7.0,6/28/25,20250628_C10_04025.jpg
5388,C10,2025,7/20/25,3.0,7/21/25,20250721_C10_05388.jpg
2723,C7B,2025,7/8/25,8.5,7/7/25,20250707_C7B_02723.jpg
3175,G3,2023,7/19/23,4.0,7/20/23,20230720_G3_03175.jpg
1290,C7B,2025,7/18/25,4.0,7/18/25,20250718_C7B_01290.jpg
4445,C10,2025,7/11/25,6.0,7/11/25,20250711_C10_04445.jpg
3083,G3,2023,7/19/23,5.5,7/20/23,20230720_G3_03083.jpg
5851,C10,2025,7/19/25,3.0,7/18/25,20250718_C10_05851.jpg
2719,C7B,2025,7/13/25,6.0,7/12/25,20250712_C7B_02719.jpg
10927,I3B,2023,7/19/23,5.0,7/20/23,20230720_I3B_10927.jpg
4531,C10,2025,7/11/25,6.0,7/11/25,20250711_C10_04531.jpg
4862,C10,2025,7/2/25,5.5,7/4/25,20250704_C10_04862.jpg
5760,C10,2025,7/8/25,5.0,7/7/25,20250707_C10_05760.jpg
4247,C10,2025,7/19/25,2.5,7/18/25,20250718_C10_04247.jpg
4404,C10,2025,7/19/25,3.0,7/18/25,20250718_C10_04404.jpg
5939,C10,2025,7/1/25,4.0,6/28/25,20250628_C10_05939.jpg
4501,C10,2025,7/20/25,4.0,7/21/25,20250721_C10_04501.jpg
7400,G3,2023,7/20/23,8.0,7/20/23,20230720_G3_07400.jpg
5065,C10,2025,7/2/25,5.0,7/4/25,20250704_C10_05065.jpg
1659,C7B,2025,7/1/25,5.5,7/1/25,20250701_C7B_01659.jpg
5095,C10,2025,7/11/25,4.0,7/11/25,20250711_C10_05095.jpg
5522,C10,2025,7/2/25,5.0,7/4/25,20250704_C10_05522.jpg
5713,C10,2025,7/8/25,5.0,7/7/25,20250707_C10_05713.jpg
812,C7B,2025,7/10/25,5.0,7/10/25,20250710_C7B_00812.jpg
6644,C10,2025,7/18/25,8.0,7/18/25,20250718_C10_06644.jpg
3156,G3,2023,7/26/23,6.0,7/27/23,20230727_G3_03156.jpg
2837,C7B,2025,7/8/25,7.0,7/7/25,20250707_C7B_02837.jpg
4382,C10,2025,7/19/25,2.0,7/18/25,20250718_C10_04382.jpg
5148,C10,2025,7/11/25,4.0,7/11/25,20250711_C10_05148.jpg
6747,C10,2025,7/18/25,7.5,7/18/25,20250718_C10_06747.jpg
6726,C10,2025,7/3/25,8.0,7/4/25,20250704_C10_06726.jpg
63,C7B,2025,7/4/25,7.5,7/4/25,20250704_C7B_00063.jpg
9781,I3B,2023,7/12/23,5.5,7/13/23,20230713_I3B_09781.jpg
3161,G3,2023,7/26/23,5.0,7/27/23,20230727_G3_03161.jpg
5894,C10,2025,7/11/25,5.0,7/11/25,20250711_C10_05894.jpg
2732,C7B,2025,7/13/25,8.0,7/12/25,20250712_C7B_02732.jpg
2848,C7B,2025,6/30/25,9.0,7/1/25,20250701_C7B_02848.jpg
7516,G3,2023,7/20/23,7.0,7/20/23,20230720_G3_07516.jpg
6855,C10,2025,7/18/25,6.0,7/18/25,20250718_C10_06855.jpg
690,C7B,2025,6/30/25,6.0,7/1/25,20250701_C7B_00690.jpg
5278,C10,2025,7/11/25,6.5,7/11/25,20250711_C10_05278.jpg
9587,I3B,2023,7/12/23,6.5,7/13/23,20230713_I3B_09587.jpg
7265,G3,2023,7/19/23,8.0,7/20/23,20230720_G3_07265.jpg
1800,C7B,2025,7/1/25,6.0,7/1/25,20250701_C7B_01800.jpg
9995,I3B,2023,7/12/23,5.5,7/13/23,20230713_I3B_09995.jpg
4184,C10,2025,7/19/25,5.0,7/18/25,20250718_C10_04184.jpg
4658,C10,2025,7/2/25,5.0,7/4/25,20250704_C10_04658.jpg
5853,C10,2025,7/11/25,4.5,7/11/25,20250711_C10_05853.jpg
1410,C7B,2025,7/1/25,6.0,7/1/25,20250701_C7B_01410.jpg
6766,C10,2025,6/30/25,8.0,6/28/25,20250628_C10_06766.jpg
4955,C10,2025,7/11/25,4.0,7/11/25,20250711_C10_04955.jpg
1244,C7B,2025,7/18/25,2.0,7/18/25,20250718_C7B_01244.jpg
504,C7B,2025,6/30/25,6.0,7/1/25,20250701_C7B_00504.jpg
232,C7B,2025,7/4/25,5.5,7/4/25,20250704_C7B_00232.jpg
11211,I3B,2023,7/19/23,5.0,7/20/23,20230720_I3B_11211.jpg
6781,C10,2025,7/3/25,7.5,7/4/25,20250704_C10_06781.jpg
5209,C10,2025,7/11/25,4.0,7/11/25,20250711_C10_05209.jpg
333,C7B,2025,7/4/25,5.5,7/4/25,20250704_C7B_00333.jpg
420,C7B,2025,6/30/25,6.0,7/1/25,20250701_C7B_00420.jpg
1285,C7B,2025,7/1/25,6.0,7/1/25,20250701_C7B_01285.jpg
661,C7B,2025,7/10/25,5.5,7/10/25,20250710_C7B_00661.jpg
4935,C10,2025,7/11/25,6.0,7/11/25,20250711_C10_04935.jpg
11041,I3B,2023,7/12/23,7.0,7/13/23,20230713_I3B_11041.jpg
1771,C7B,2025,7/7/25,4.0,7/7/25,20250707_C7B_01771.jpg
5288,C10,2025,7/11/25,6.0,7/11/25,20250711_C10_05288.jpg
5027,C10,2025,7/11/25,5.5,7/11/25,20250711_C10_05027.jpg
5230,C10,2025,7/20/25,2.5,7/21/25,20250721_C10_05230.jpg
2676,C7B,2025,6/30/25,7.0,7/1/25,20250701_C7B_02676.jpg
1665,C7B,2025,7/1/25,7.5,7/1/25,20250701_C7B_01665.jpg
1136,C7B,2025,7/10/25,7.5,7/10/25,20250710_C7B_01136.jpg
4833,C10,2025,7/20/25,3.0,7/21/25,20250721_C10_04833.jpg
1920,C7B,2025,7/7/25,6.0,7/7/25,20250707_C7B_01920.jpg
712,C7B,2025,6/30/25,7.0,7/1/25,20250701_C7B_00712.jpg
4491,C10,2025,7/11/25,5.0,7/11/25,20250711_C10_04491.jpg
2821,C7B,2025,7/18/25,7.5,7/18/25,20250718_C7B_02821.jpg
5855,C10,2025,7/11/25,7.5,7/11/25,20250711_C10_05855.jpg
239,C7B,2025,7/10/25,6.0,7/10/25,20250710_C7B_00239.jpg
6754,C10,2025,7/8/25,7.5,7/7/25,20250707_C10_06754.jpg
372,C7B,2025,6/30/25,7.5,7/1/25,20250701_C7B_00372.jpg
2695,C7B,2025,7/8/25,2.0,7/7/25,20250707_C7B_02695.jpg
4144,C10,2025,7/11/25,6.0,7/11/25,20250711_C10_04144.jpg
5250,C10,2025,7/11/25,5.0,7/11/25,20250711_C10_05250.jpg
3186,G3,2023,7/26/23,7.5,7/27/23,20230727_G3_03186.jpg
1673,C7B,2025,7/10/25,7.5,7/10/25,20250710_C7B_01673.jpg
2028,C7B,2025,7/10/25,5.5,7/10/25,20250710_C7B_02028.jpg
4773,C10,2025,7/2/25,7.0,7/4/25,20250704_C10_04773.jpg
4008,C10,2025,7/7/25,7.5,7/7/25,20250707_C10_04008.jpg
5610,C10,2025,7/2/25,7.0,7/4/25,20250704_C10_05610.jpg
211,C7B,2025,7/4/25,6.0,7/4/25,20250704_C7B_00211.jpg
1362,C7B,2025,7/10/25,5.0,7/10/25,20250710_C7B_01362.jpg
11143,I3B,2023,7/12/23,8.0,7/13/23,20230713_I3B_11143.jpg
1704,C7B,2025,7/19/25,3.0,7/18/25,20250718_C7B_01704.jpg
1482,C7B,2025,7/1/25,6.0,7/1/25,20250701_C7B_01482.jpg
1686,C7B,2025,7/7/25,6.0,7/7/25,20250707_C7B_01686.jpg
824,C7B,2025,7/1/25,6.0,7/1/25,20250701_C7B_00824.jpg
10786,I3B,2023,7/19/23,5.5,7/20/23,20230720_I3B_10786.jpg
4931,C10,2025,7/2/25,6.0,7/4/25,20250704_C10_04931.jpg
10994,I3B,2023,7/19/23,6.0,7/20/23,20230720_I3B_10994.jpg
2674,C7B,2025,7/18/25,7.0,7/18/25,20250718_C7B_02674.jpg
1409,C7B,2025,7/18/25,4.0,7/18/25,20250718_C7B_01409.jpg
2736,C7B,2025,7/13/25,6.0,7/12/25,20250712_C7B_02736.jpg
4377,C10,2025,7/19/25,2.0,7/18/25,20250718_C10_04377.jpg
2827,C7B,2025,7/8/25,8.0,7/7/25,20250707_C7B_02827.jpg
4995,C10,2025,7/11/25,4.5,7/11/25,20250711_C10_04995.jpg
6001,C10,2025,7/19/25,3.0,7/18/25,20250718_C10_06001.jpg
2853,C7B,2025,7/18/25,4.0,7/18/25,20250718_C7B_02853.jpg
3146,G3,2023,7/26/23,7.0,7/27/23,20230727_G3_03146.jpg
728,C7B,2025,6/30/25,7.5,7/1/25,20250701_C7B_00728.jpg
4506,C10,2025,7/20/25,1.0,7/21/25,20250721_C10_04506.jpg
4429,C10,2025,6/30/25,6.0,6/28/25,20250628_C10_04429.jpg
11268,I3B,2023,7/19/23,5.0,7/20/23,20230720_I3B_11268.jpg
6643,C10,2025,7/14/25,7.5,7/14/25,20250714_C10_06643.jpg
474,C7B,2025,7/18/25,3.0,7/18/25,20250718_C7B_00474.jpg
396,C7B,2025,6/30/25,6.5,7/1/25,20250701_C7B_00396.jpg
1291,C7B,2025,7/1/25,6.0,7/1/25,20250701_C7B_01291.jpg
4322,C10,2025,7/19/25,3.0,7/18/25,20250718_C10_04322.jpg
834,C7B,2025,7/10/25,5.5,7/10/25,20250710_C7B_00834.jpg
5680,C10,2025,7/11/25,6.0,7/11/25,20250711_C10_05680.jpg
7319,G3,2023,7/26/23,5.5,7/27/23,20230727_G3_07319.jpg
4325,C10,2025,7/11/25,5.0,7/11/25,20250711_C10_04325.jpg
1049,C7B,2025,7/10/25,3.0,7/10/25,20250710_C7B_01049.jpg
7264,G3,2023,7/26/23,7.0,7/27/23,20230727_G3_07264.jpg
4328,C10,2025,7/7/25,5.0,7/7/25,20250707_C10_04328.jpg
2802,C7B,2025,7/13/25,6.0,7/12/25,20250712_C7B_02802.jpg
7429,G3,2023,7/26/23,8.0,7/27/23,20230727_G3_07429.jpg
1926,C7B,2025,7/19/25,3.5,7/18/25,20250718_C7B_01926.jpg
5590,C10,2025,7/20/25,2.0,7/21/25,20250721_C10_05590.jpg
5144,C10,2025,7/11/25,6.0,7/11/25,20250711_C10_05144.jpg
4596,C10,2025,7/2/25,5.0,7/4/25,20250704_C10_04596.jpg
2852,C7B,2025,7/18/25,8.0,7/18/25,20250718_C7B_02852.jpg
795,C7B,2025,6/30/25,7.0,7/1/25,20250701_C7B_00795.jpg
11099,I3B,2023,7/12/23,7.5,7/13/23,20230713_I3B_11099.jpg
2712,C7B,2025,7/8/25,7.5,7/7/25,20250707_C7B_02712.jpg
179,C7B,2025,7/18/25,3.5,7/18/25,20250718_C7B_00179.jpg
3012,G3,2023,7/19/23,7.5,7/20/23,20230720_G3_03012.jpg
4882,C10,2025,7/20/25,1.5,7/21/25,20250721_C10_04882.jpg
1779,C7B,2025,7/10/25,5.0,7/10/25,20250710_C7B_01779.jpg
5375,C10,2025,7/20/25,2.0,7/21/25,20250721_C10_05375.jpg
6791,C10,2025,7/18/25,6.5,7/18/25,20250718_C10_06791.jpg
489,C7B,2025,7/10/25,4.0,7/10/25,20250710_C7B_00489.jpg
4093,C10,2025,7/19/25,4.0,7/18/25,20250718_C10_04093.jpg
1376,C7B,2025,7/18/25,1.5,7/18/25,20250718_C7B_01376.jpg
1268,C7B,2025,7/18/25,2.0,7/18/25,20250718_C7B_01268.jpg
5730,C10,2025,7/1/25,7.5,6/28/25,20250628_C10_05730.jpg
5067,C10,2025,7/20/25,2.0,7/21/25,20250721_C10_05067.jpg
221,C7B,2025,7/18/25,6.5,7/18/25,20250718_C7B_00221.jpg
1476,C7B,2025,7/10/25,6.5,7/10/25,20250710_C7B_01476.jpg
533,C7B,2025,6/30/25,6.5,7/1/25,20250701_C7B_00533.jpg
8020,G3,2023,7/26/23,5.0,7/27/23,20230727_G3_08020.jpg
525,C7B,2025,7/10/25,5.5,7/10/25,20250710_C7B_00525.jpg
947,C7B,2025,7/10/25,5.0,7/10/25,20250710_C7B_00947.jpg
4755,C10,2025,7/2/25,5.5,7/4/25,20250704_C10_04755.jpg
1704,C7B,2025,7/1/25,6.5,7/1/25,20250701_C7B_01704.jpg
1108,C7B,2025,7/1/25,7.5,7/1/25,20250701_C7B_01108.jpg
1769,C7B,2025,7/19/25,5.0,7/18/25,20250718_C7B_01769.jpg
4856,C10,2025,7/2/25,6.0,7/4/25,20250704_C10_04856.jpg
1051,C7B,2025,7/18/25,3.0,7/18/25,20250718_C7B_01051.jpg
1903,C7B,2025,7/19/25,3.0,7/18/25,20250718_C7B_01903.jpg
5129,C10,2025,7/20/25,2.0,7/21/25,20250721_C10_05129.jpg
4393,C10,2025,7/7/25,7.0,7/7/25,20250707_C10_04393.jpg
5942,C10,2025,7/2/25,6.0,7/4/25,20250704_C10_05942.jpg
1215,C7B,2025,7/1/25,5.5,7/1/25,20250701_C7B_01215.jpg
4605,C10,2025,7/20/25,1.5,7/21/25,20250721_C10_04605.jpg
7412,G3,2023,7/26/23,6.0,7/27/23,20230727_G3_07412.jpg
6000,C10,2025,7/2/25,7.5,7/4/25,20250704_C10_06000.jpg
8078,G3,2023,7/20/23,8.0,7/20/23,20230720_G3_08078.jpg
419,C7B,2025,7/18/25,4.0,7/18/25,20250718_C7B_00419.jpg
127,C7B,2025,7/18/25,3.5,7/18/25,20250718_C7B_00127.jpg
136,C7B,2025,7/18/25,4.0,7/18/25,20250718_C7B_00136.jpg
9678,I3B,2023,7/12/23,4.5,7/13/23,20230713_I3B_09678.jpg
1214,C7B,2025,7/1/25,5.0,7/1/25,20250701_C7B_01214.jpg
138,C7B,2025,7/10/25,7.0,7/10/25,20250710_C7B_00138.jpg
5074,C10,2025,7/20/25,2.0,7/21/25,20250721_C10_05074.jpg
451,C7B,2025,7/18/25,2.5,7/18/25,20250718_C7B_00451.jpg
4280,C10,2025,7/11/25,6.0,7/11/25,20250711_C10_04280.jpg
2037,C7B,2025,7/19/25,3.5,7/18/25,20250718_C7B_02037.jpg
4651,C10,2025,7/11/25,5.0,7/11/25,20250711_C10_04651.jpg
4510,C10,2025,7/2/25,6.0,7/4/25,20250704_C10_04510.jpg
4378,C10,2025,6/30/25,6.0,6/28/25,20250628_C10_04378.jpg
1196,C7B,2025,7/18/25,5.0,7/18/25,20250718_C7B_01196.jpg
6799,C10,2025,6/30/25,7.5,6/28/25,20250628_C10_06799.jpg
5237,C10,2025,7/2/25,5.0,7/4/25,20250704_C10_05237.jpg
2698,C7B,2025,7/13/25,7.5,7/12/25,20250712_C7B_02698.jpg
8109,G3,2023,7/26/23,8.0,7/27/23,20230727_G3_08109.jpg
901,C7B,2025,7/1/25,7.5,7/1/25,20250701_C7B_00901.jpg
1860,C7B,2025,7/7/25,4.5,7/7/25,20250707_C7B_01860.jpg
7205,G3,2023,7/26/23,5.5,7/27/23,20230727_G3_07205.jpg
4620,C10,2025,7/20/25,5.5,7/21/25,20250721_C10_04620.jpg
852,C7B,2025,7/1/25,7.5,7/1/25,20250701_C7B_00852.jpg
4044,C10,2025,6/30/25,7.5,6/28/25,20250628_C10_04044.jpg
5029,C10,2025,7/20/25,2.0,7/21/25,20250721_C10_05029.jpg
3209,G3,2023,7/26/23,6.0,7/27/23,20230727_G3_03209.jpg
251,C7B,2025,7/10/25,5.0,7/10/25,20250710_C7B_00251.jpg
5379,C10,2025,7/11/25,4.0,7/11/25,20250711_C10_05379.jpg
8150,G3,2023,7/26/23,7.0,7/27/23,20230727_G3_08150.jpg
3025,G3,2023,7/26/23,8.0,7/27/23,20230727_G3_03025.jpg
397,C7B,2025,7/18/25,4.0,7/18/25,20250718_C7B_00397.jpg
5244,C10,2025,7/20/25,2.5,7/21/25,20250721_C10_05244.jpg
5660,C10,2025,7/19/25,2.0,7/18/25,20250718_C10_05660.jpg
531,C7B,2025,7/18/25,3.0,7/18/25,20250718_C7B_00531.jpg
487,C7B,2025,7/10/25,4.5,7/10/25,20250710_C7B_00487.jpg
4804,C10,2025,7/20/25,2.0,7/21/25,20250721_C10_04804.jpg
7227,G3,2023,7/19/23,3.0,7/20/23,20230720_G3_07227.jpg
1278,C7B,2025,7/18/25,2.5,7/18/25,20250718_C7B_01278.jpg
2804,C7B,2025,7/13/25,6.5,7/12/25,20250712_C7B_02804.jpg
4926,C10,2025,7/2/25,5.5,7/4/25,20250704_C10_04926.jpg
6042,C10,2025,7/19/25,4.0,7/18/25,20250718_C10_06042.jpg
5841,C10,2025,7/19/25,2.0,7/18/25,20250718_C10_05841.jpg
4174,C10,2025,6/30/25,7.0,6/28/25,20250628_C10_04174.jpg
2046,C7B,2025,7/1/25,7.5,7/1/25,20250701_C7B_02046.jpg
1216,C7B,2025,7/10/25,6.5,7/10/25,20250710_C7B_01216.jpg
6768,C10,2025,7/3/25,7.0,7/4/25,20250704_C10_06768.jpg
9674,I3B,2023,7/12/23,4.5,7/13/23,20230713_I3B_09674.jpg
6864,C10,2025,7/8/25,8.0,7/7/25,20250707_C10_06864.jpg
7257,G3,2023,7/26/23,7.5,7/27/23,20230727_G3_07257.jpg
419,C7B,2025,7/10/25,6.0,7/10/25,20250710_C7B_00419.jpg
1954,C7B,2025,7/19/25,4.0,7/18/25,20250718_C7B_01954.jpg
6666,C10,2025,7/14/25,8.5,7/14/25,20250714_C10_06666.jpg
587,C7B,2025,7/18/25,3.0,7/18/25,20250718_C7B_00587.jpg
4209,C10,2025,7/7/25,5.5,7/7/25,20250707_C10_04209.jpg
1777,C7B,2025,7/19/25,3.0,7/18/25,20250718_C7B_01777.jpg
5464,C10,2025,7/20/25,4.5,7/21/25,20250721_C10_05464.jpg
5402,C10,2025,7/11/25,7.0,7/11/25,20250711_C10_05402.jpg
4542,C10,2025,7/20/25,3.0,7/21/25,20250721_C10_04542.jpg
618,C7B,2025,6/30/25,6.5,7/1/25,20250701_C7B_00618.jpg
56,C7B,2025,7/4/25,7.5,7/4/25,20250704_C7B_00056.jpg
1150,C7B,2025,7/18/25,3.0,7/18/25,20250718_C7B_01150.jpg
4912,C10,2025,7/20/25,2.0,7/21/25,20250721_C10_04912.jpg
7456,G3,2023,7/26/23,7.5,7/27/23,20230727_G3_07456.jpg
4075,C10,2025,7/7/25,3.5,7/7/25,20250707_C10_04075.jpg
5867,C10,2025,7/8/25,6.0,7/7/25,20250707_C10_05867.jpg
4615,C10,2025,7/20/25,1.5,7/21/25,20250721_C10_04615.jpg
98,C7B,2025,7/18/25,4.0,7/18/25,20250718_C7B_00098.jpg
1316,C7B,2025,7/1/25,7.0,7/1/25,20250701_C7B_01316.jpg
1700,C7B,2025,7/7/25,3.5,7/7/25,20250707_C7B_01700.jpg
1920,C7B,2025,7/10/25,5.0,7/10/25,20250710_C7B_01920.jpg
5621,C10,2025,7/20/25,2.0,7/21/25,20250721_C10_05621.jpg
1101,C7B,2025,7/1/25,7.0,7/1/25,20250701_C7B_01101.jpg
80,C7B,2025,7/10/25,5.0,7/10/25,20250710_C7B_00080.jpg
848,C7B,2025,7/1/25,6.0,7/1/25,20250701_C7B_00848.jpg
5325,C10,2025,7/11/25,3.5,7/11/25,20250711_C10_05325.jpg
4081,C10,2025,7/11/25,5.0,7/11/25,20250711_C10_04081.jpg
4055,C10,2025,7/7/25,7.5,7/7/25,20250707_C10_04055.jpg
5986,C10,2025,7/19/25,2.5,7/18/25,20250718_C10_05986.jpg
1844,C7B,2025,7/1/25,7.5,7/1/25,20250701_C7B_01844.jpg
2783,C7B,2025,6/30/25,8.0,7/1/25,20250701_C7B_02783.jpg
11050,I3B,2023,7/12/23,7.5,7/13/23,20230713_I3B_11050.jpg
135,C7B,2025,7/10/25,7.5,7/10/25,20250710_C7B_00135.jpg
793,C7B,2025,7/18/25,3.5,7/18/25,20250718_C7B_00793.jpg
4012,C10,2025,6/30/25,7.0,6/28/25,20250628_C10_04012.jpg
4247,C10,2025,6/30/25,7.0,6/28/25,20250628_C10_04247.jpg
6756,C10,2025,6/30/25,8.5,6/28/25,20250628_C10_06756.jpg
4644,C10,2025,7/2/25,6.0,7/4/25,20250704_C10_04644.jpg
5165,C10,2025,7/20/25,2.0,7/21/25,20250721_C10_05165.jpg
4395,C10,2025,7/11/25,6.0,7/11/25,20250711_C10_04395.jpg
4345,C10,2025,7/11/25,5.5,7/11/25,20250711_C10_04345.jpg
6756,C10,2025,7/18/25,8.0,7/18/25,20250718_C10_06756.jpg
6772,C10,2025,7/14/25,7.5,7/14/25,20250714_C10_06772.jpg
5141,C10,2025,7/2/25,7.0,7/4/25,20250704_C10_05141.jpg
6757,C10,2025,7/3/25,8.0,7/4/25,20250704_C10_06757.jpg
2769,C7B,2025,7/13/25,6.5,7/12/25,20250712_C7B_02769.jpg
1837,C7B,2025,7/19/25,2.0,7/18/25,20250718_C7B_01837.jpg
5291,C10,2025,7/20/25,2.0,7/21/25,20250721_C10_05291.jpg
162,C7B,2025,7/4/25,6.5,7/4/25,20250704_C7B_00162.jpg
4583,C10,2025,7/2/25,6.0,7/4/25,20250704_C10_04583.jpg
1632,C7B,2025,7/18/25,3.0,7/18/25,20250718_C7B_01632.jpg
6873,C10,2025,7/18/25,7.0,7/18/25,20250718_C10_06873.jpg
104,C7B,2025,7/18/25,4.5,7/18/25,20250718_C7B_00104.jpg
82,C7B,2025,7/4/25,7.0,7/4/25,20250704_C7B_00082.jpg
1523,C7B,2025,7/1/25,7.0,7/1/25,20250701_C7B_01523.jpg
11240,I3B,2023,7/19/23,5.5,7/20/23,20230720_I3B_11240.jpg
3173,G3,2023,7/19/23,5.5,7/20/23,20230720_G3_03173.jpg
390,C7B,2025,7/10/25,4.0,7/10/25,20250710_C7B_00390.jpg
1352,C7B,2025,7/1/25,5.5,7/1/25,20250701_C7B_01352.jpg
2668,C7B,2025,6/30/25,8.5,7/1/25,20250701_C7B_02668.jpg
1881,C7B,2025,7/19/25,2.0,7/18/25,20250718_C7B_01881.jpg
5504,C10,2025,7/20/25,3.0,7/21/25,20250721_C10_05504.jpg
7482,G3,2023,7/20/23,7.0,7/20/23,20230720_G3_07482.jpg
2030,C7B,2025,7/10/25,5.0,7/10/25,20250710_C7B_02030.jpg
94,C7B,2025,6/30/25,7.5,7/1/25,20250701_C7B_00094.jpg
10034,I3B,2023,7/12/23,4.5,7/13/23,20230713_I3B_10034.jpg
2745,C7B,2025,7/18/25,8.0,7/18/25,20250718_C7B_02745.jpg
4519,C10,2025,7/2/25,5.0,7/4/25,20250704_C10_04519.jpg
1582,C7B,2025,7/10/25,6.0,7/10/25,20250710_C7B_01582.jpg
1206,C7B,2025,7/1/25,6.5,7/1/25,20250701_C7B_01206.jpg
5818,C10,2025,7/1/25,8.0,6/28/25,20250628_C10_05818.jpg
719,C7B,2025,7/10/25,5.5,7/10/25,20250710_C7B_00719.jpg
1193,C7B,2025,7/18/25,3.0,7/18/25,20250718_C7B_01193.jpg
5945,C10,2025,7/8/25,4.5,7/7/25,20250707_C10_05945.jpg
10425,I3B,2023,7/25/23,3.0,7/27/23,20230727_I3B_10425.jpg
4186,C10,2025,7/7/25,5.0,7/7/25,20250707_C10_04186.jpg
1569,C7B,2025,7/10/25,7.0,7/10/25,20250710_C7B_01569.jpg
10793,I3B,2023,7/19/23,6.0,7/20/23,20230720_I3B_10793.jpg
1917,C7B,2025,7/10/25,7.0,7/10/25,20250710_C7B_01917.jpg
1794,C7B,2025,7/1/25,7.5,7/1/25,20250701_C7B_01794.jpg
4804,C10,2025,7/2/25,4.0,7/4/25,20250704_C10_04804.jpg
20,C7B,2025,7/11/25,3.5,7/10/25,20250710_C7B_00020.jpg
4684,C10,2025,7/2/25,7.0,7/4/25,20250704_C10_04684.jpg
10266,I3B,2023,7/25/23,6.0,7/27/23,20230727_I3B_10266.jpg
11190,I3B,2023,7/19/23,5.0,7/20/23,20230720_I3B_11190.jpg
5415,C10,2025,7/20/25,3.0,7/21/25,20250721_C10_05415.jpg
268,C7B,2025,7/18/25,4.0,7/18/25,20250718_C7B_00268.jpg
4198,C10,2025,7/7/25,4.0,7/7/25,20250707_C10_04198.jpg
2841,C7B,2025,6/30/25,8.0,7/1/25,20250701_C7B_02841.jpg
1782,C7B,2025,7/19/25,7.0,7/18/25,20250718_C7B_01782.jpg
3210,G3,2023,7/26/23,7.0,7/27/23,20230727_G3_03210.jpg
12,C7B,2025,7/18/25,3.0,7/18/25,20250718_C7B_00012.jpg
1398,C7B,2025,7/10/25,6.0,7/10/25,20250710_C7B_01398.jpg
65,C7B,2025,7/11/25,5.0,7/10/25,20250710_C7B_00065.jpg
5617,C10,2025,7/11/25,2.5,7/11/25,20250711_C10_05617.jpg
5310,C10,2025,7/11/25,4.0,7/11/25,20250711_C10_05310.jpg
4087,C10,2025,7/11/25,5.5,7/11/25,20250711_C10_04087.jpg
4748,C10,2025,7/20/25,2.0,7/21/25,20250721_C10_04748.jpg
4214,C10,2025,6/30/25,6.0,6/28/25,20250628_C10_04214.jpg
8069,G3,2023,7/26/23,8.5,7/27/23,20230727_G3_08069.jpg
1966,C7B,2025,7/1/25,7.0,7/1/25,20250701_C7B_01966.jpg
2862,C7B,2025,7/18/25,6.0,7/18/25,20250718_C7B_02862.jpg
1569,C7B,2025,7/18/25,3.0,7/18/25,20250718_C7B_01569.jpg
1826,C7B,2025,7/19/25,3.0,7/18/25,20250718_C7B_01826.jpg
339,C7B,2025,7/18/25,2.0,7/18/25,20250718_C7B_00339.jpg
1168,C7B,2025,7/18/25,2.0,7/18/25,20250718_C7B_01168.jpg
4434,C10,2025,7/11/25,6.5,7/11/25,20250711_C10_04434.jpg
180,C7B,2025,7/18/25,5.0,7/18/25,20250718_C7B_00180.jpg
348,C7B,2025,7/10/25,6.0,7/10/25,20250710_C7B_00348.jpg
1686,C7B,2025,7/1/25,7.5,7/1/25,20250701_C7B_01686.jpg
2671,C7B,2025,7/13/25,7.5,7/12/25,20250712_C7B_02671.jpg
4471,C10,2025,7/1/25,6.0,6/28/25,20250628_C10_04471.jpg
1862,C7B,2025,7/19/25,3.0,7/18/25,20250718_C7B_01862.jpg
4657,C10,2025,7/11/25,4.0,7/11/25,20250711_C10_04657.jpg
109,C7B,2025,7/4/25,6.5,7/4/25,20250704_C7B_00109.jpg
139,C7B,2025,6/30/25,8.0,7/1/25,20250701_C7B_00139.jpg
8110,G3,2023,7/26/23,8.0,7/27/23,20230727_G3_08110.jpg
5013,C10,2025,7/20/25,2.0,7/21/25,20250721_C10_05013.jpg
5100,C10,2025,7/2/25,6.5,7/4/25,20250704_C10_05100.jpg
5753,C10,2025,7/11/25,3.0,7/11/25,20250711_C10_05753.jpg
6792,C10,2025,7/8/25,8.0,7/7/25,20250707_C10_06792.jpg
11332,I3B,2023,7/19/23,7.5,7/20/23,20230720_I3B_11332.jpg
455,C7B,2025,7/18/25,2.0,7/18/25,20250718_C7B_00455.jpg
1779,C7B,2025,7/1/25,7.5,7/1/25,20250701_C7B_01779.jpg
5972,C10,2025,7/11/25,5.0,7/11/25,20250711_C10_05972.jpg
3020,G3,2023,7/26/23,7.5,7/27/23,20230727_G3_03020.jpg
981,C7B,2025,7/1/25,7.5,7/1/25,20250701_C7B_00981.jpg
10330,I3B,2023,7/25/23,3.0,7/27/23,20230727_I3B_10330.jpg
1580,C7B,2025,7/10/25,3.5,7/10/25,20250710_C7B_01580.jpg
3193,G3,2023,7/26/23,2.5,7/27/23,20230727_G3_03193.jpg
6023,C10,2025,7/11/25,4.0,7/11/25,20250711_C10_06023.jpg
5614,C10,2025,7/11/25,5.0,7/11/25,20250711_C10_05614.jpg
5272,C10,2025,7/2/25,6.0,7/4/25,20250704_C10_05272.jpg
4670,C10,2025,7/2/25,6.0,7/4/25,20250704_C10_04670.jpg
6798,C10,2025,7/18/25,5.0,7/18/25,20250718_C10_06798.jpg
1969,C7B,2025,7/1/25,6.0,7/1/25,20250701_C7B_01969.jpg
821,C7B,2025,7/1/25,6.5,7/1/25,20250701_C7B_00821.jpg
4967,C10,2025,7/2/25,7.5,7/4/25,20250704_C10_04967.jpg
1231,C7B,2025,7/18/25,3.0,7/18/25,20250718_C7B_01231.jpg
2688,C7B,2025,6/30/25,8.0,7/1/25,20250701_C7B_02688.jpg
4656,C10,2025,7/11/25,5.0,7/11/25,20250711_C10_04656.jpg
2781,C7B,2025,7/8/25,8.0,7/7/25,20250707_C7B_02781.jpg
1951,C7B,2025,7/19/25,4.0,7/18/25,20250718_C7B_01951.jpg
4011,C10,2025,7/7/25,6.5,7/7/25,20250707_C10_04011.jpg
4095,C10,2025,7/11/25,3.0,7/11/25,20250711_C10_04095.jpg
352,C7B,2025,7/10/25,3.0,7/10/25,20250710_C7B_00352.jpg
9584,I3B,2023,7/12/23,6.0,7/13/23,20230713_I3B_09584.jpg
2004,C7B,2025,7/19/25,4.0,7/18/25,20250718_C7B_02004.jpg
5143,C10,2025,7/2/25,5.5,7/4/25,20250704_C10_05143.jpg
6035,C10,2025,7/19/25,5.0,7/18/25,20250718_C10_06035.jpg
5899,C10,2025,7/19/25,2.0,7/18/25,20250718_C10_05899.jpg
3179,G3,2023,7/26/23,6.0,7/27/23,20230727_G3_03179.jpg
4735,C10,2025,7/2/25,7.0,7/4/25,20250704_C10_04735.jpg
1920,C7B,2025,7/19/25,3.0,7/18/25,20250718_C7B_01920.jpg
622,C7B,2025,7/10/25,6.0,7/10/25,20250710_C7B_00622.jpg
4138,C10,2025,6/30/25,6.5,6/28/25,20250628_C10_04138.jpg
588,C7B,2025,7/10/25,6.5,7/10/25,20250710_C7B_00588.jpg
6811,C10,2025,7/3/25,6.0,7/4/25,20250704_C10_06811.jpg
190,C7B,2025,7/4/25,7.5,7/4/25,20250704_C7B_00190.jpg
4159,C10,2025,6/30/25,7.0,6/28/25,20250628_C10_04159.jpg
921,C7B,2025,7/1/25,5.0,7/1/25,20250701_C7B_00921.jpg
5497,C10,2025,7/2/25,6.0,7/4/25,20250704_C10_05497.jpg
7470,G3,2023,7/26/23,6.0,7/27/23,20230727_G3_07470.jpg
4224,C10,2025,7/11/25,7.0,7/11/25,20250711_C10_04224.jpg
1002,C7B,2025,7/18/25,3.0,7/18/25,20250718_C7B_01002.jpg
5648,C10,2025,7/20/25,4.5,7/21/25,20250721_C10_05648.jpg
10346,I3B,2023,7/25/23,5.0,7/27/23,20230727_I3B_10346.jpg
10771,I3B,2023,7/19/23,4.5,7/20/23,20230720_I3B_10771.jpg
11209,I3B,2023,7/19/23,6.5,7/20/23,20230720_I3B_11209.jpg
519,C7B,2025,7/18/25,5.0,7/18/25,20250718_C7B_00519.jpg
678,C7B,2025,7/10/25,4.0,7/10/25,20250710_C7B_00678.jpg
1958,C7B,2025,7/7/25,7.5,7/7/25,20250707_C7B_01958.jpg
1226,C7B,2025,7/10/25,4.0,7/10/25,20250710_C7B_01226.jpg
1756,C7B,2025,7/7/25,4.5,7/7/25,20250707_C7B_01756.jpg
1765,C7B,2025,7/10/25,4.0,7/10/25,20250710_C7B_01765.jpg
4520,C10,2025,7/11/25,4.0,7/11/25,20250711_C10_04520.jpg
5368,C10,2025,7/11/25,5.0,7/11/25,20250711_C10_05368.jpg
5789,C10,2025,7/11/25,5.0,7/11/25,20250711_C10_05789.jpg
11224,I3B,2023,7/19/23,6.0,7/20/23,20230720_I3B_11224.jpg
5559,C10,2025,7/20/25,2.0,7/21/25,20250721_C10_05559.jpg
9945,I3B,2023,7/12/23,5.5,7/13/23,20230713_I3B_09945.jpg
4381,C10,2025,7/11/25,5.0,7/11/25,20250711_C10_04381.jpg
7503,G3,2023,7/20/23,7.0,7/20/23,20230720_G3_07503.jpg
246,C7B,2025,7/10/25,5.5,7/10/25,20250710_C7B_00246.jpg
5092,C10,2025,7/20/25,2.0,7/21/25,20250721_C10_05092.jpg
1568,C7B,2025,7/18/25,2.0,7/18/25,20250718_C7B_01568.jpg
7246,G3,2023,7/19/23,7.0,7/20/23,20230720_G3_07246.jpg
3162,G3,2023,7/26/23,6.5,7/27/23,20230727_G3_03162.jpg
2708,C7B,2025,6/30/25,7.5,7/1/25,20250701_C7B_02708.jpg
1983,C7B,2025,7/10/25,4.0,7/10/25,20250710_C7B_01983.jpg
8156,G3,2023,7/26/23,4.0,7/27/23,20230727_G3_08156.jpg
11039,I3B,2023,7/12/23,6.5,7/13/23,20230713_I3B_11039.jpg
5950,C10,2025,7/2/25,5.0,7/4/25,20250704_C10_05950.jpg
7216,G3,2023,7/26/23,5.0,7/27/23,20230727_G3_07216.jpg
653,C7B,2025,7/18/25,5.0,7/18/25,20250718_C7B_00653.jpg
4615,C10,2025,7/2/25,4.5,7/4/25,20250704_C10_04615.jpg
4822,C10,2025,7/2/25,7.5,7/4/25,20250704_C10_04822.jpg
1903,C7B,2025,7/1/25,6.5,7/1/25,20250701_C7B_01903.jpg
4409,C10,2025,7/7/25,5.0,7/7/25,20250707_C10_04409.jpg
5046,C10,2025,7/20/25,3.0,7/21/25,20250721_C10_05046.jpg
7389,G3,2023,7/20/23,8.0,7/20/23,20230720_G3_07389.jpg
364,C7B,2025,7/18/25,3.0,7/18/25,20250718_C7B_00364.jpg
2014,C7B,2025,7/10/25,7.5,7/10/25,20250710_C7B_02014.jpg
2685,C7B,2025,7/13/25,7.5,7/12/25,20250712_C7B_02685.jpg
8120,G3,2023,7/26/23,7.5,7/27/23,20230727_G3_08120.jpg
10747,I3B,2023,7/19/23,5.0,7/20/23,20230720_I3B_10747.jpg
8009,G3,2023,7/19/23,8.0,7/20/23,20230720_G3_08009.jpg
4714,C10,2025,7/2/25,6.0,7/4/25,20250704_C10_04714.jpg
6652,C10,2025,7/18/25,7.0,7/18/25,20250718_C10_06652.jpg
5839,C10,2025,7/8/25,3.0,7/7/25,20250707_C10_05839.jpg
772,C7B,2025,7/18/25,5.0,7/18/25,20250718_C7B_00772.jpg
721,C7B,2025,7/10/25,3.5,7/10/25,20250710_C7B_00721.jpg
255,C7B,2025,7/4/25,7.0,7/4/25,20250704_C7B_00255.jpg
9866,I3B,2023,7/12/23,5.5,7/13/23,20230713_I3B_09866.jpg
862,C7B,2025,7/10/25,6.0,7/10/25,20250710_C7B_00862.jpg
4224,C10,2025,7/7/25,7.0,7/7/25,20250707_C10_04224.jpg
9881,I3B,2023,7/12/23,4.0,7/13/23,20230713_I3B_09881.jpg
4009,C10,2025,7/7/25,6.5,7/7/25,20250707_C10_04009.jpg
269,C7B,2025,7/10/25,3.5,7/10/25,20250710_C7B_00269.jpg
947,C7B,2025,7/1/25,7.0,7/1/25,20250701_C7B_00947.jpg
1384,C7B,2025,7/10/25,6.5,7/10/25,20250710_C7B_01384.jpg
4979,C10,2025,7/20/25,1.5,7/21/25,20250721_C10_04979.jpg
4442,C10,2025,7/11/25,6.0,7/11/25,20250711_C10_04442.jpg
4608,C10,2025,7/20/25,3.0,7/21/25,20250721_C10_04608.jpg
83,C7B,2025,7/18/25,6.5,7/18/25,20250718_C7B_00083.jpg
1816,C7B,2025,7/1/25,8.0,7/1/25,20250701_C7B_01816.jpg
33,C7B,2025,7/18/25,3.0,7/18/25,20250718_C7B_00033.jpg
749,C7B,2025,6/30/25,7.0,7/1/25,20250701_C7B_00749.jpg
4771,C10,2025,7/20/25,2.5,7/21/25,20250721_C10_04771.jpg
4783,C10,2025,7/20/25,3.0,7/21/25,20250721_C10_04783.jpg
4619,C10,2025,7/20/25,2.5,7/21/25,20250721_C10_04619.jpg
5560,C10,2025,7/11/25,4.0,7/11/25,20250711_C10_05560.jpg
6673,C10,2025,7/8/25,7.5,7/7/25,20250707_C10_06673.jpg
5335,C10,2025,7/20/25,2.0,7/21/25,20250721_C10_05335.jpg
195,C7B,2025,7/4/25,4.0,7/4/25,20250704_C7B_00195.jpg
5816,C10,2025,7/19/25,1.5,7/18/25,20250718_C10_05816.jpg
4666,C10,2025,7/11/25,4.5,7/11/25,20250711_C10_04666.jpg
2636,C7B,2025,7/13/25,5.5,7/12/25,20250712_C7B_02636.jpg
4276,C10,2025,6/30/25,8.0,6/28/25,20250628_C10_04276.jpg
583,C7B,2025,7/18/25,4.0,7/18/25,20250718_C7B_00583.jpg
4837,C10,2025,7/11/25,5.0,7/11/25,20250711_C10_04837.jpg
5767,C10,2025,7/1/25,5.0,6/28/25,20250628_C10_05767.jpg
7495,G3,2023,7/20/23,8.0,7/20/23,20230720_G3_07495.jpg
5511,C10,2025,7/2/25,4.0,7/4/25,20250704_C10_05511.jpg
2771,C7B,2025,7/8/25,8.0,7/7/25,20250707_C7B_02771.jpg
4081,C10,2025,7/19/25,2.0,7/18/25,20250718_C10_04081.jpg
7261,G3,2023,7/19/23,6.5,7/20/23,20230720_G3_07261.jpg
1906,C7B,2025,7/10/25,8.5,7/10/25,20250710_C7B_01906.jpg
8014,G3,2023,7/26/23,5.0,7/27/23,20230727_G3_08014.jpg
1624,C7B,2025,7/10/25,5.0,7/10/25,20250710_C7B_01624.jpg
864,C7B,2025,7/18/25,2.0,7/18/25,20250718_C7B_00864.jpg
1529,C7B,2025,7/10/25,5.5,7/10/25,20250710_C7B_01529.jpg
6678,C10,2025,7/18/25,5.0,7/18/25,20250718_C10_06678.jpg
2790,C7B,2025,7/8/25,8.0,7/7/25,20250707_C7B_02790.jpg
438,C7B,2025,7/10/25,7.0,7/10/25,20250710_C7B_00438.jpg
2734,C7B,2025,6/30/25,8.0,7/1/25,20250701_C7B_02734.jpg
2039,C7B,2025,7/1/25,8.0,7/1/25,20250701_C7B_02039.jpg
1728,C7B,2025,7/19/25,4.5,7/18/25,20250718_C7B_01728.jpg
5822,C10,2025,7/19/25,1.5,7/18/25,20250718_C10_05822.jpg
994,C7B,2025,7/18/25,4.0,7/18/25,20250718_C7B_00994.jpg
1363,C7B,2025,7/1/25,7.0,7/1/25,20250701_C7B_01363.jpg
6793,C10,2025,6/30/25,8.5,6/28/25,20250628_C10_06793.jpg
941,C7B,2025,7/10/25,7.5,7/10/25,20250710_C7B_00941.jpg
1959,C7B,2025,7/10/25,4.0,7/10/25,20250710_C7B_01959.jpg
6871,C10,2025,7/14/25,6.5,7/14/25,20250714_C10_06871.jpg
10334,I3B,2023,7/25/23,3.0,7/27/23,20230727_I3B_10334.jpg
7338,G3,2023,7/20/23,6.5,7/20/23,20230720_G3_07338.jpg
4627,C10,2025,7/2/25,5.5,7/4/25,20250704_C10_04627.jpg
4775,C10,2025,7/2/25,6.0,7/4/25,20250704_C10_04775.jpg
241,C7B,2025,7/10/25,5.0,7/10/25,20250710_C7B_00241.jpg
9611,I3B,2023,7/12/23,6.5,7/13/23,20230713_I3B_09611.jpg
5940,C10,2025,7/11/25,4.5,7/11/25,20250711_C10_05940.jpg
947,C7B,2025,7/18/25,3.5,7/18/25,20250718_C7B_00947.jpg
7432,G3,2023,7/26/23,5.0,7/27/23,20230727_G3_07432.jpg
4061,C10,2025,7/11/25,7.5,7/11/25,20250711_C10_04061.jpg
4697,C10,2025,7/2/25,6.0,7/4/25,20250704_C10_04697.jpg
4715,C10,2025,7/2/25,5.5,7/4/25,20250704_C10_04715.jpg
5741,C10,2025,7/19/25,2.0,7/18/25,20250718_C10_05741.jpg
1890,C7B,2025,7/7/25,6.0,7/7/25,20250707_C7B_01890.jpg
4230,C10,2025,6/30/25,7.0,6/28/25,20250628_C10_04230.jpg
1110,C7B,2025,7/18/25,2.0,7/18/25,20250718_C7B_01110.jpg
4395,C10,2025,7/7/25,6.5,7/7/25,20250707_C10_04395.jpg
5559,C10,2025,7/2/25,5.0,7/4/25,20250704_C10_05559.jpg
4341,C10,2025,7/11/25,6.0,7/11/25,20250711_C10_04341.jpg
6709,C10,2025,6/30/25,8.0,6/28/25,20250628_C10_06709.jpg
7368,G3,2023,7/26/23,6.0,7/27/23,20230727_G3_07368.jpg
7403,G3,2023,7/26/23,4.0,7/27/23,20230727_G3_07403.jpg
1541,C7B,2025,7/1/25,7.5,7/1/25,20250701_C7B_01541.jpg
4227,C10,2025,7/7/25,7.0,7/7/25,20250707_C10_04227.jpg
5945,C10,2025,7/2/25,6.5,7/4/25,20250704_C10_05945.jpg
7285,G3,2023,7/20/23,5.0,7/20/23,20230720_G3_07285.jpg
5501,C10,2025,7/2/25,6.0,7/4/25,20250704_C10_05501.jpg
172,C7B,2025,6/30/25,7.0,7/1/25,20250701_C7B_00172.jpg
136,C7B,2025,7/4/25,6.5,7/4/25,20250704_C7B_00136.jpg
11277,I3B,2023,7/19/23,6.5,7/20/23,20230720_I3B_11277.jpg
5406,C10,2025,7/2/25,7.0,7/4/25,20250704_C10_05406.jpg
5904,C10,2025,7/19/25,4.0,7/18/25,20250718_C10_05904.jpg
249,C7B,2025,7/10/25,5.0,7/10/25,20250710_C7B_00249.jpg
7244,G3,2023,7/19/23,7.0,7/20/23,20230720_G3_07244.jpg
7479,G3,2023,7/20/23,8.0,7/20/23,20230720_G3_07479.jpg
10293,I3B,2023,7/25/23,4.0,7/27/23,20230727_I3B_10293.jpg
2757,C7B,2025,6/30/25,8.0,7/1/25,20250701_C7B_02757.jpg
8131,G3,2023,7/20/23,7.5,7/20/23,20230720_G3_08131.jpg
1953,C7B,2025,7/1/25,7.5,7/1/25,20250701_C7B_01953.jpg
5979,C10,2025,7/19/25,7.5,7/18/25,20250718_C10_05979.jpg
10403,I3B,2023,7/25/23,3.5,7/27/23,20230727_I3B_10403.jpg
7218,G3,2023,7/19/23,7.5,7/20/23,20230720_G3_07218.jpg
5677,C10,2025,7/19/25,3.0,7/18/25,20250718_C10_05677.jpg
2049,C7B,2025,7/10/25,6.5,7/10/25,20250710_C7B_02049.jpg
253,C7B,2025,7/10/25,6.0,7/10/25,20250710_C7B_00253.jpg
7234,G3,2023,7/26/23,5.5,7/27/23,20230727_G3_07234.jpg
3102,G3,2023,7/19/23,8.0,7/20/23,20230720_G3_03102.jpg
2669,C7B,2025,7/13/25,4.0,7/12/25,20250712_C7B_02669.jpg
1597,C7B,2025,7/18/25,2.5,7/18/25,20250718_C7B_01597.jpg
1785,C7B,2025,7/10/25,6.0,7/10/25,20250710_C7B_01785.jpg
9957,I3B,2023,7/12/23,5.5,7/13/23,20230713_I3B_09957.jpg
9748,I3B,2023,7/12/23,6.0,7/13/23,20230713_I3B_09748.jpg
4463,C10,2025,7/11/25,5.0,7/11/25,20250711_C10_04463.jpg
1618,C7B,2025,7/10/25,4.0,7/10/25,20250710_C7B_01618.jpg
1732,C7B,2025,7/7/25,5.0,7/7/25,20250707_C7B_01732.jpg
1127,C7B,2025,7/10/25,6.5,7/10/25,20250710_C7B_01127.jpg
5336,C10,2025,7/11/25,5.0,7/11/25,20250711_C10_05336.jpg
4633,C10,2025,7/2/25,6.0,7/4/25,20250704_C10_04633.jpg
5574,C10,2025,7/20/25,2.0,7/21/25,20250721_C10_05574.jpg
5001,C10,2025,7/2/25,6.5,7/4/25,20250704_C10_05001.jpg
5738,C10,2025,7/11/25,5.0,7/11/25,20250711_C10_05738.jpg
6794,C10,2025,6/30/25,9.0,6/28/25,20250628_C10_06794.jpg
1107,C7B,2025,7/10/25,6.0,7/10/25,20250710_C7B_01107.jpg
1321,C7B,2025,7/10/25,5.0,7/10/25,20250710_C7B_01321.jpg
5620,C10,2025,7/2/25,7.5,7/4/25,20250704_C10_05620.jpg
75,C7B,2025,6/30/25,7.0,7/1/25,20250701_C7B_00075.jpg
1683,C7B,2025,7/1/25,6.5,7/1/25,20250701_C7B_01683.jpg
103,C7B,2025,7/10/25,5.5,7/10/25,20250710_C7B_00103.jpg
9626,I3B,2023,7/12/23,5.5,7/13/23,20230713_I3B_09626.jpg
4367,C10,2025,6/30/25,5.5,6/28/25,20250628_C10_04367.jpg
2641,C7B,2025,7/13/25,6.5,7/12/25,20250712_C7B_02641.jpg
5189,C10,2025,7/11/25,5.0,7/11/25,20250711_C10_05189.jpg
2693,C7B,2025,7/13/25,7.5,7/12/25,20250712_C7B_02693.jpg
2640,C7B,2025,7/8/25,8.0,7/7/25,20250707_C7B_02640.jpg
4728,C10,2025,7/11/25,6.5,7/11/25,20250711_C10_04728.jpg
1655,C7B,2025,7/1/25,6.0,7/1/25,20250701_C7B_01655.jpg
9725,I3B,2023,7/12/23,5.0,7/13/23,20230713_I3B_09725.jpg
767,C7B,2025,7/10/25,6.5,7/10/25,20250710_C7B_00767.jpg
2803,C7B,2025,6/30/25,9.0,7/1/25,20250701_C7B_02803.jpg
5194,C10,2025,7/11/25,4.0,7/11/25,20250711_C10_05194.jpg
5420,C10,2025,7/11/25,6.0,7/11/25,20250711_C10_05420.jpg
6041,C10,2025,7/8/25,3.0,7/7/25,20250707_C10_06041.jpg
1964,C7B,2025,7/7/25,5.0,7/7/25,20250707_C7B_01964.jpg
969,C7B,2025,7/18/25,4.0,7/18/25,20250718_C7B_00969.jpg
6837,C10,2025,7/14/25,5.0,7/14/25,20250714_C10_06837.jpg
7472,G3,2023,7/26/23,5.5,7/27/23,20230727_G3_07472.jpg
6676,C10,2025,6/30/25,8.5,6/28/25,20250628_C10_06676.jpg
10889,I3B,2023,7/19/23,6.5,7/20/23,20230720_I3B_10889.jpg
4168,C10,2025,6/30/25,7.5,6/28/25,20250628_C10_04168.jpg
1758,C7B,2025,7/19/25,3.0,7/18/25,20250718_C7B_01758.jpg
756,C7B,2025,7/10/25,5.0,7/10/25,20250710_C7B_00756.jpg
5722,C10,2025,7/1/25,6.5,6/28/25,20250628_C10_05722.jpg
5954,C10,2025,7/8/25,4.0,7/7/25,20250707_C10_05954.jpg
4883,C10,2025,7/11/25,4.0,7/11/25,20250711_C10_04883.jpg
948,C7B,2025,7/10/25,5.0,7/10/25,20250710_C7B_00948.jpg
1911,C7B,2025,7/7/25,5.5,7/7/25,20250707_C7B_01911.jpg
6822,C10,2025,7/14/25,8.0,7/14/25,20250714_C10_06822.jpg
4082,C10,2025,6/30/25,6.0,6/28/25,20250628_C10_04082.jpg
4964,C10,2025,7/11/25,5.0,7/11/25,20250711_C10_04964.jpg
5379,C10,2025,7/2/25,5.5,7/4/25,20250704_C10_05379.jpg
5499,C10,2025,7/11/25,5.0,7/11/25,20250711_C10_05499.jpg
50,C7B,2025,7/11/25,6.0,7/10/25,20250710_C7B_00050.jpg
1540,C7B,2025,7/18/25,5.0,7/18/25,20250718_C7B_01540.jpg
6755,C10,2025,7/18/25,6.0,7/18/25,20250718_C10_06755.jpg
352,C7B,2025,7/4/25,4.0,7/4/25,20250704_C7B_00352.jpg
2820,C7B,2025,6/30/25,7.0,7/1/25,20250701_C7B_02820.jpg
1734,C7B,2025,7/7/25,8.0,7/7/25,20250707_C7B_01734.jpg
604,C7B,2025,7/10/25,7.5,7/10/25,20250710_C7B_00604.jpg
2855,C7B,2025,7/18/25,7.5,7/18/25,20250718_C7B_02855.jpg
5100,C10,2025,7/20/25,1.5,7/21/25,20250721_C10_05100.jpg
4388,C10,2025,7/11/25,3.5,7/11/25,20250711_C10_04388.jpg
4455,C10,2025,7/7/25,6.0,7/7/25,20250707_C10_04455.jpg
5761,C10,2025,7/11/25,5.0,7/11/25,20250711_C10_05761.jpg
3137,G3,2023,7/19/23,7.5,7/20/23,20230720_G3_03137.jpg
6757,C10,2025,7/8/25,8.5,7/7/25,20250707_C10_06757.jpg
4817,C10,2025,7/11/25,3.0,7/11/25,20250711_C10_04817.jpg
3064,G3,2023,7/19/23,8.5,7/20/23,20230720_G3_03064.jpg
766,C7B,2025,7/10/25,6.5,7/10/25,20250710_C7B_00766.jpg
5878,C10,2025,7/1/25,7.0,6/28/25,20250628_C10_05878.jpg
4848,C10,2025,7/20/25,2.0,7/21/25,20250721_C10_04848.jpg
5156,C10,2025,7/2/25,5.0,7/4/25,20250704_C10_05156.jpg
1666,C7B,2025,7/7/25,5.0,7/7/25,20250707_C7B_01666.jpg
6787,C10,2025,7/14/25,6.0,7/14/25,20250714_C10_06787.jpg
6736,C10,2025,7/18/25,7.5,7/18/25,20250718_C10_06736.jpg
9765,I3B,2023,7/12/23,5.5,7/13/23,20230713_I3B_09765.jpg
2835,C7B,2025,7/13/25,4.5,7/12/25,20250712_C7B_02835.jpg
4607,C10,2025,7/11/25,3.5,7/11/25,20250711_C10_04607.jpg
5152,C10,2025,7/2/25,7.5,7/4/25,20250704_C10_05152.jpg
8087,G3,2023,7/26/23,8.0,7/27/23,20230727_G3_08087.jpg
2806,C7B,2025,7/18/25,7.0,7/18/25,20250718_C7B_02806.jpg
246,C7B,2025,7/4/25,6.5,7/4/25,20250704_C7B_00246.jpg
5063,C10,2025,7/11/25,3.0,7/11/25,20250711_C10_05063.jpg
40,C7B,2025,6/30/25,7.5,7/1/25,20250701_C7B_00040.jpg
4515,C10,2025,7/20/25,2.5,7/21/25,20250721_C10_04515.jpg
6742,C10,2025,6/30/25,8.0,6/28/25,20250628_C10_06742.jpg
4876,C10,2025,7/20/25,1.5,7/21/25,20250721_C10_04876.jpg
4826,C10,2025,7/2/25,5.0,7/4/25,20250704_C10_04826.jpg
745,C7B,2025,7/18/25,2.0,7/18/25,20250718_C7B_00745.jpg
478,C7B,2025,7/18/25,4.0,7/18/25,20250718_C7B_00478.jpg
4086,C10,2025,6/30/25,7.0,6/28/25,20250628_C10_04086.jpg
2859,C7B,2025,7/18/25,7.0,7/18/25,20250718_C7B_02859.jpg
4424,C10,2025,7/11/25,8.0,7/11/25,20250711_C10_04424.jpg
5328,C10,2025,7/2/25,5.0,7/4/25,20250704_C10_05328.jpg
1219,C7B,2025,7/1/25,7.0,7/1/25,20250701_C7B_01219.jpg
5942,C10,2025,7/19/25,2.0,7/18/25,20250718_C10_05942.jpg
154,C7B,2025,7/18/25,3.5,7/18/25,20250718_C7B_00154.jpg
226,C7B,2025,7/18/25,4.0,7/18/25,20250718_C7B_00226.jpg
4320,C10,2025,7/11/25,6.0,7/11/25,20250711_C10_04320.jpg
169,C7B,2025,7/4/25,7.0,7/4/25,20250704_C7B_00169.jpg
4742,C10,2025,7/20/25,3.0,7/21/25,20250721_C10_04742.jpg
1524,C7B,2025,7/10/25,6.5,7/10/25,20250710_C7B_01524.jpg
1831,C7B,2025,7/1/25,8.0,7/1/25,20250701_C7B_01831.jpg
4868,C10,2025,7/11/25,4.5,7/11/25,20250711_C10_04868.jpg
1959,C7B,2025,7/19/25,3.0,7/18/25,20250718_C7B_01959.jpg
4008,C10,2025,6/30/25,7.5,6/28/25,20250628_C10_04008.jpg
5441,C10,2025,7/11/25,5.0,7/11/25,20250711_C10_05441.jpg
1879,C7B,2025,7/10/25,8.0,7/10/25,20250710_C7B_01879.jpg
4986,C10,2025,7/20/25,2.0,7/21/25,20250721_C10_04986.jpg
702,C7B,2025,7/10/25,5.5,7/10/25,20250710_C7B_00702.jpg
1105,C7B,2025,7/18/25,2.0,7/18/25,20250718_C7B_01105.jpg
5170,C10,2025,7/20/25,3.0,7/21/25,20250721_C10_05170.jpg
2668,C7B,2025,7/18/25,7.0,7/18/25,20250718_C7B_02668.jpg
5301,C10,2025,7/2/25,5.0,7/4/25,20250704_C10_05301.jpg
1712,C7B,2025,7/10/25,3.0,7/10/25,20250710_C7B_01712.jpg
590,C7B,2025,6/30/25,8.0,7/1/25,20250701_C7B_00590.jpg
576,C7B,2025,7/18/25,2.5,7/18/25,20250718_C7B_00576.jpg
5076,C10,2025,7/11/25,4.0,7/11/25,20250711_C10_05076.jpg
4975,C10,2025,7/11/25,6.5,7/11/25,20250711_C10_04975.jpg
5346,C10,2025,7/2/25,6.5,7/4/25,20250704_C10_05346.jpg
4823,C10,2025,7/2/25,7.0,7/4/25,20250704_C10_04823.jpg
5573,C10,2025,7/2/25,6.5,7/4/25,20250704_C10_05573.jpg
454,C7B,2025,7/4/25,6.5,7/4/25,20250704_C7B_00454.jpg
1567,C7B,2025,7/10/25,4.0,7/10/25,20250710_C7B_01567.jpg
5189,C10,2025,7/20/25,2.0,7/21/25,20250721_C10_05189.jpg
4730,C10,2025,7/2/25,7.0,7/4/25,20250704_C10_04730.jpg
5238,C10,2025,7/20/25,2.0,7/21/25,20250721_C10_05238.jpg
10780,I3B,2023,7/19/23,4.0,7/20/23,20230720_I3B_10780.jpg
5889,C10,2025,7/19/25,5.5,7/18/25,20250718_C10_05889.jpg
5627,C10,2025,7/11/25,4.0,7/11/25,20250711_C10_05627.jpg
1233,C7B,2025,7/10/25,7.0,7/10/25,20250710_C7B_01233.jpg
4100,C10,2025,6/30/25,7.0,6/28/25,20250628_C10_04100.jpg
6666,C10,2025,7/3/25,8.0,7/4/25,20250704_C10_06666.jpg
5550,C10,2025,7/11/25,5.0,7/11/25,20250711_C10_05550.jpg
2863,C7B,2025,7/8/25,7.5,7/7/25,20250707_C7B_02863.jpg
5433,C10,2025,7/20/25,2.0,7/21/25,20250721_C10_05433.jpg
4587,C10,2025,7/2/25,5.5,7/4/25,20250704_C10_04587.jpg
1520,C7B,2025,7/18/25,1.5,7/18/25,20250718_C7B_01520.jpg
1167,C7B,2025,7/1/25,7.0,7/1/25,20250701_C7B_01167.jpg
5377,C10,2025,7/2/25,7.0,7/4/25,20250704_C10_05377.jpg
1223,C7B,2025,7/18/25,2.0,7/18/25,20250718_C7B_01223.jpg
4865,C10,2025,7/11/25,5.0,7/11/25,20250711_C10_04865.jpg
3010,G3,2023,7/26/23,1.5,7/27/23,20230727_G3_03010.jpg
8104,G3,2023,7/26/23,5.5,7/27/23,20230727_G3_08104.jpg
5252,C10,2025,7/2/25,6.0,7/4/25,20250704_C10_05252.jpg
5796,C10,2025,7/19/25,2.0,7/18/25,20250718_C10_05796.jpg
4552,C10,2025,7/20/25,2.5,7/21/25,20250721_C10_04552.jpg
5348,C10,2025,7/11/25,5.0,7/11/25,20250711_C10_05348.jpg
1765,C7B,2025,7/19/25,2.5,7/18/25,20250718_C7B_01765.jpg
3038,G3,2023,7/19/23,7.5,7/20/23,20230720_G3_03038.jpg
4908,C10,2025,7/20/25,3.0,7/21/25,20250721_C10_04908.jpg
5434,C10,2025,7/20/25,1.0,7/21/25,20250721_C10_05434.jpg
8009,G3,2023,7/26/23,7.5,7/27/23,20230727_G3_08009.jpg
7431,G3,2023,7/20/23,5.0,7/20/23,20230720_G3_07431.jpg
4418,C10,2025,7/7/25,6.5,7/7/25,20250707_C10_04418.jpg
5342,C10,2025,7/2/25,4.0,7/4/25,20250704_C10_05342.jpg
1669,C7B,2025,7/19/25,3.0,7/18/25,20250718_C7B_01669.jpg
5003,C10,2025,7/2/25,4.5,7/4/25,20250704_C10_05003.jpg
1803,C7B,2025,7/10/25,7.5,7/10/25,20250710_C7B_01803.jpg
9600,I3B,2023,7/12/23,6.5,7/13/23,20230713_I3B_09600.jpg
6778,C10,2025,7/3/25,8.0,7/4/25,20250704_C10_06778.jpg
5921,C10,2025,7/11/25,6.0,7/11/25,20250711_C10_05921.jpg
6632,C10,2025,7/18/25,7.5,7/18/25,20250718_C10_06632.jpg
4560,C10,2025,7/2/25,6.0,7/4/25,20250704_C10_04560.jpg
1698,C7B,2025,7/10/25,7.5,7/10/25,20250710_C7B_01698.jpg
888,C7B,2025,7/18/25,2.0,7/18/25,20250718_C7B_00888.jpg
10974,I3B,2023,7/19/23,6.5,7/20/23,20230720_I3B_10974.jpg
7253,G3,2023,7/26/23,7.0,7/27/23,20230727_G3_07253.jpg
1209,C7B,2025,7/1/25,5.5,7/1/25,20250701_C7B_01209.jpg
1378,C7B,2025,7/1/25,7.0,7/1/25,20250701_C7B_01378.jpg
4687,C10,2025,7/20/25,3.0,7/21/25,20250721_C10_04687.jpg
14,C7B,2025,7/4/25,7.5,7/4/25,20250704_C7B_00014.jpg
321,C7B,2025,7/18/25,3.0,7/18/25,20250718_C7B_00321.jpg
4746,C10,2025,7/11/25,5.0,7/11/25,20250711_C10_04746.jpg
6042,C10,2025,7/8/25,6.0,7/7/25,20250707_C10_06042.jpg
6003,C10,2025,7/8/25,5.0,7/7/25,20250707_C10_06003.jpg
4258,C10,2025,7/19/25,6.0,7/18/25,20250718_C10_04258.jpg
4508,C10,2025,7/20/25,3.5,7/21/25,20250721_C10_04508.jpg
1280,C7B,2025,7/10/25,4.5,7/10/25,20250710_C7B_01280.jpg
1670,C7B,2025,7/19/25,3.0,7/18/25,20250718_C7B_01670.jpg
5143,C10,2025,7/20/25,2.0,7/21/25,20250721_C10_05143.jpg
4712,C10,2025,7/20/25,3.0,7/21/25,20250721_C10_04712.jpg
4844,C10,2025,7/20/25,4.0,7/21/25,20250721_C10_04844.jpg
231,C7B,2025,6/30/25,7.0,7/1/25,20250701_C7B_00231.jpg
3076,G3,2023,7/26/23,8.5,7/27/23,20230727_G3_03076.jpg
4733,C10,2025,7/20/25,4.0,7/21/25,20250721_C10_04733.jpg
900,C7B,2025,7/10/25,5.5,7/10/25,20250710_C7B_00900.jpg
1360,C7B,2025,7/10/25,8.0,7/10/25,20250710_C7B_01360.jpg
1580,C7B,2025,7/18/25,2.5,7/18/25,20250718_C7B_01580.jpg
1475,C7B,2025,7/10/25,7.0,7/10/25,20250710_C7B_01475.jpg
5628,C10,2025,7/20/25,3.5,7/21/25,20250721_C10_05628.jpg
584,C7B,2025,7/10/25,4.0,7/10/25,20250710_C7B_00584.jpg
598,C7B,2025,7/18/25,5.0,7/18/25,20250718_C7B_00598.jpg
714,C7B,2025,7/10/25,7.5,7/10/25,20250710_C7B_00714.jpg
5905,C10,2025,7/19/25,4.0,7/18/25,20250718_C10_05905.jpg
5088,C10,2025,7/2/25,5.5,7/4/25,20250704_C10_05088.jpg
4203,C10,2025,7/7/25,6.0,7/7/25,20250707_C10_04203.jpg
2742,C7B,2025,7/18/25,7.5,7/18/25,20250718_C7B_02742.jpg
1979,C7B,2025,7/19/25,3.0,7/18/25,20250718_C7B_01979.jpg
3142,G3,2023,7/19/23,8.0,7/20/23,20230720_G3_03142.jpg
925,C7B,2025,7/10/25,5.0,7/10/25,20250710_C7B_00925.jpg
456,C7B,2025,7/18/25,2.5,7/18/25,20250718_C7B_00456.jpg
4023,C10,2025,7/11/25,4.5,7/11/25,20250711_C10_04023.jpg
533,C7B,2025,7/18/25,3.5,7/18/25,20250718_C7B_00533.jpg
6029,C10,2025,7/2/25,6.0,7/4/25,20250704_C10_06029.jpg
824,C7B,2025,7/18/25,3.5,7/18/25,20250718_C7B_00824.jpg
1303,C7B,2025,7/18/25,4.0,7/18/25,20250718_C7B_01303.jpg
4370,C10,2025,7/19/25,1.5,7/18/25,20250718_C10_04370.jpg
4361,C10,2025,7/7/25,4.5,7/7/25,20250707_C10_04361.jpg
4884,C10,2025,7/2/25,7.0,7/4/25,20250704_C10_04884.jpg
4991,C10,2025,7/20/25,4.0,7/21/25,20250721_C10_04991.jpg
4924,C10,2025,7/11/25,4.0,7/11/25,20250711_C10_04924.jpg
6705,C10,2025,7/3/25,8.0,7/4/25,20250704_C10_06705.jpg
521,C7B,2025,7/18/25,4.0,7/18/25,20250718_C7B_00521.jpg
471,C7B,2025,7/10/25,6.0,7/10/25,20250710_C7B_00471.jpg
1260,C7B,2025,7/10/25,3.5,7/10/25,20250710_C7B_01260.jpg
2851,C7B,2025,7/13/25,7.5,7/12/25,20250712_C7B_02851.jpg
1641,C7B,2025,7/1/25,5.5,7/1/25,20250701_C7B_01641.jpg
5490,C10,2025,7/11/25,6.0,7/11/25,20250711_C10_05490.jpg
413,C7B,2025,7/10/25,4.0,7/10/25,20250710_C7B_00413.jpg
4558,C10,2025,7/2/25,7.0,7/4/25,20250704_C10_04558.jpg
869,C7B,2025,7/10/25,6.5,7/10/25,20250710_C7B_00869.jpg
6680,C10,2025,7/3/25,6.5,7/4/25,20250704_C10_06680.jpg
8060,G3,2023,7/19/23,5.5,7/20/23,20230720_G3_08060.jpg
4751,C10,2025,7/20/25,3.0,7/21/25,20250721_C10_04751.jpg
442,C7B,2025,6/30/25,7.5,7/1/25,20250701_C7B_00442.jpg
4011,C10,2025,7/19/25,5.0,7/18/25,20250718_C10_04011.jpg
2651,C7B,2025,7/8/25,7.5,7/7/25,20250707_C7B_02651.jpg
2021,C7B,2025,7/7/25,4.5,7/7/25,20250707_C7B_02021.jpg
1421,C7B,2025,7/18/25,2.5,7/18/25,20250718_C7B_01421.jpg
128,C7B,2025,6/30/25,7.5,7/1/25,20250701_C7B_00128.jpg
1141,C7B,2025,7/1/25,4.0,7/1/25,20250701_C7B_01141.jpg
3073,G3,2023,7/19/23,7.5,7/20/23,20230720_G3_03073.jpg
1314,C7B,2025,7/10/25,5.0,7/10/25,20250710_C7B_01314.jpg
1513,C7B,2025,7/1/25,7.0,7/1/25,20250701_C7B_01513.jpg
182,C7B,2025,7/10/25,7.0,7/10/25,20250710_C7B_00182.jpg
1605,C7B,2025,7/1/25,7.0,7/1/25,20250701_C7B_01605.jpg
5879,C10,2025,7/8/25,7.0,7/7/25,20250707_C10_05879.jpg
1082,C7B,2025,7/10/25,3.5,7/10/25,20250710_C7B_01082.jpg
11175,I3B,2023,7/12/23,7.0,7/13/23,20230713_I3B_11175.jpg
2771,C7B,2025,7/18/25,7.5,7/18/25,20250718_C7B_02771.jpg
5221,C10,2025,7/11/25,4.0,7/11/25,20250711_C10_05221.jpg
261,C7B,2025,7/4/25,5.0,7/4/25,20250704_C7B_00261.jpg
9827,I3B,2023,7/12/23,4.5,7/13/23,20230713_I3B_09827.jpg
5837,C10,2025,7/8/25,5.0,7/7/25,20250707_C10_05837.jpg
10726,I3B,2023,7/19/23,5.5,7/20/23,20230720_I3B_10726.jpg
284,C7B,2025,7/18/25,4.0,7/18/25,20250718_C7B_00284.jpg
4851,C10,2025,7/20/25,2.0,7/21/25,20250721_C10_04851.jpg
1489,C7B,2025,7/1/25,5.5,7/1/25,20250701_C7B_01489.jpg
1600,C7B,2025,7/10/25,5.0,7/10/25,20250710_C7B_01600.jpg
6653,C10,2025,7/8/25,6.5,7/7/25,20250707_C10_06653.jpg
4900,C10,2025,7/20/25,4.0,7/21/25,20250721_C10_04900.jpg
4266,C10,2025,7/11/25,5.0,7/11/25,20250711_C10_04266.jpg
1080,C7B,2025,7/1/25,7.0,7/1/25,20250701_C7B_01080.jpg
6727,C10,2025,6/30/25,8.5,6/28/25,20250628_C10_06727.jpg
5816,C10,2025,7/8/25,2.0,7/7/25,20250707_C10_05816.jpg
1680,C7B,2025,7/10/25,4.0,7/10/25,20250710_C7B_01680.jpg
803,C7B,2025,7/1/25,6.0,7/1/25,20250701_C7B_00803.jpg
4500,C10,2025,7/2/25,5.0,7/4/25,20250704_C10_04500.jpg
4151,C10,2025,7/7/25,4.0,7/7/25,20250707_C10_04151.jpg
1810,C7B,2025,7/10/25,4.0,7/10/25,20250710_C7B_01810.jpg
1400,C7B,2025,7/1/25,6.0,7/1/25,20250701_C7B_01400.jpg
721,C7B,2025,6/30/25,5.0,7/1/25,20250701_C7B_00721.jpg
5507,C10,2025,7/2/25,7.0,7/4/25,20250704_C10_05507.jpg
2740,C7B,2025,7/18/25,6.0,7/18/25,20250718_C7B_02740.jpg
1102,C7B,2025,7/10/25,5.0,7/10/25,20250710_C7B_01102.jpg
523,C7B,2025,7/18/25,2.5,7/18/25,20250718_C7B_00523.jpg
4674,C10,2025,7/2/25,5.5,7/4/25,20250704_C10_04674.jpg
2715,C7B,2025,6/30/25,7.5,7/1/25,20250701_C7B_02715.jpg
5601,C10,2025,7/2/25,7.0,7/4/25,20250704_C10_05601.jpg
1695,C7B,2025,7/10/25,7.5,7/10/25,20250710_C7B_01695.jpg
5606,C10,2025,7/20/25,1.5,7/21/25,20250721_C10_05606.jpg
10891,I3B,2023,7/19/23,5.0,7/20/23,20230720_I3B_10891.jpg
5359,C10,2025,7/20/25,2.0,7/21/25,20250721_C10_05359.jpg
4708,C10,2025,7/20/25,2.0,7/21/25,20250721_C10_04708.jpg
391,C7B,2025,6/30/25,7.0,7/1/25,20250701_C7B_00391.jpg
2699,C7B,2025,7/18/25,3.0,7/18/25,20250718_C7B_02699.jpg
326,C7B,2025,7/4/25,7.0,7/4/25,20250704_C7B_00326.jpg
4945,C10,2025,7/2/25,7.0,7/4/25,20250704_C10_04945.jpg
447,C7B,2025,7/10/25,7.0,7/10/25,20250710_C7B_00447.jpg
8062,G3,2023,7/26/23,7.5,7/27/23,20230727_G3_08062.jpg
902,C7B,2025,7/18/25,3.0,7/18/25,20250718_C7B_00902.jpg
4065,C10,2025,7/19/25,4.0,7/18/25,20250718_C10_04065.jpg
5705,C10,2025,7/1/25,6.5,6/28/25,20250628_C10_05705.jpg
1793,C7B,2025,7/1/25,8.0,7/1/25,20250701_C7B_01793.jpg
7240,G3,2023,7/19/23,7.5,7/20/23,20230720_G3_07240.jpg
5006,C10,2025,7/2/25,7.0,7/4/25,20250704_C10_05006.jpg
6803,C10,2025,6/30/25,8.0,6/28/25,20250628_C10_06803.jpg
6763,C10,2025,7/14/25,7.5,7/14/25,20250714_C10_06763.jpg
528,C7B,2025,6/30/25,7.5,7/1/25,20250701_C7B_00528.jpg
1525,C7B,2025,7/18/25,5.0,7/18/25,20250718_C7B_01525.jpg
4283,C10,2025,6/30/25,6.0,6/28/25,20250628_C10_04283.jpg
2014,C7B,2025,7/1/25,7.5,7/1/25,20250701_C7B_02014.jpg
10894,I3B,2023,7/19/23,5.5,7/20/23,20230720_I3B_10894.jpg
641,C7B,2025,7/18/25,4.0,7/18/25,20250718_C7B_00641.jpg
1151,C7B,2025,7/10/25,6.5,7/10/25,20250710_C7B_01151.jpg
1731,C7B,2025,7/7/25,5.5,7/7/25,20250707_C7B_01731.jpg
4298,C10,2025,7/19/25,2.0,7/18/25,20250718_C10_04298.jpg
4445,C10,2025,7/19/25,4.0,7/18/25,20250718_C10_04445.jpg
4217,C10,2025,7/11/25,6.0,7/11/25,20250711_C10_04217.jpg
1526,C7B,2025,7/1/25,7.5,7/1/25,20250701_C7B_01526.jpg
8,C7B,2025,6/30/25,6.5,7/1/25,20250701_C7B_00008.jpg
5933,C10,2025,7/1/25,6.5,6/28/25,20250628_C10_05933.jpg
11352,I3B,2023,7/19/23,6.0,7/20/23,20230720_I3B_11352.jpg
1195,C7B,2025,7/10/25,5.0,7/10/25,20250710_C7B_01195.jpg
804,C7B,2025,7/18/25,1.5,7/18/25,20250718_C7B_00804.jpg
688,C7B,2025,7/18/25,3.0,7/18/25,20250718_C7B_00688.jpg
1153,C7B,2025,7/10/25,5.0,7/10/25,20250710_C7B_01153.jpg
4425,C10,2025,7/7/25,3.0,7/7/25,20250707_C10_04425.jpg
363,C7B,2025,7/18/25,3.5,7/18/25,20250718_C7B_00363.jpg
5525,C10,2025,7/20/25,3.0,7/21/25,20250721_C10_05525.jpg
1856,C7B,2025,7/1/25,7.0,7/1/25,20250701_C7B_01856.jpg
1612,C7B,2025,7/10/25,3.0,7/10/25,20250710_C7B_01612.jpg
2774,C7B,2025,7/18/25,6.5,7/18/25,20250718_C7B_02774.jpg
9848,I3B,2023,7/12/23,4.0,7/13/23,20230713_I3B_09848.jpg
1439,C7B,2025,7/1/25,7.0,7/1/25,20250701_C7B_01439.jpg
2785,C7B,2025,7/18/25,7.0,7/18/25,20250718_C7B_02785.jpg
4448,C10,2025,7/7/25,4.5,7/7/25,20250707_C10_04448.jpg
1232,C7B,2025,7/1/25,6.5,7/1/25,20250701_C7B_01232.jpg
4732,C10,2025,7/2/25,6.0,7/4/25,20250704_C10_04732.jpg
5669,C10,2025,7/1/25,5.5,6/28/25,20250628_C10_05669.jpg
4193,C10,2025,7/19/25,2.0,7/18/25,20250718_C10_04193.jpg
1419,C7B,2025,7/10/25,6.5,7/10/25,20250710_C7B_01419.jpg
6007,C10,2025,7/8/25,3.0,7/7/25,20250707_C10_06007.jpg
3075,G3,2023,7/26/23,8.5,7/27/23,20230727_G3_03075.jpg
1433,C7B,2025,7/18/25,2.0,7/18/25,20250718_C7B_01433.jpg
8150,G3,2023,7/20/23,6.5,7/20/23,20230720_G3_08150.jpg
2827,C7B,2025,7/18/25,7.0,7/18/25,20250718_C7B_02827.jpg
1791,C7B,2025,7/1/25,8.0,7/1/25,20250701_C7B_01791.jpg
5821,C10,2025,7/1/25,7.0,6/28/25,20250628_C10_05821.jpg
914,C7B,2025,7/10/25,7.5,7/10/25,20250710_C7B_00914.jpg
7369,G3,2023,7/20/23,8.0,7/20/23,20230720_G3_07369.jpg
5192,C10,2025,7/11/25,5.0,7/11/25,20250711_C10_05192.jpg
1799,C7B,2025,7/1/25,7.0,7/1/25,20250701_C7B_01799.jpg
1007,C7B,2025,7/18/25,1.5,7/18/25,20250718_C7B_01007.jpg
5936,C10,2025,7/11/25,4.0,7/11/25,20250711_C10_05936.jpg
6865,C10,2025,7/14/25,7.5,7/14/25,20250714_C10_06865.jpg
1020,C7B,2025,7/10/25,5.5,7/10/25,20250710_C7B_01020.jpg
11308,I3B,2023,7/19/23,7.5,7/20/23,20230720_I3B_11308.jpg
6043,C10,2025,7/2/25,5.0,7/4/25,20250704_C10_06043.jpg
4475,C10,2025,7/20/25,2.0,7/21/25,20250721_C10_04475.jpg
68,C7B,2025,7/18/25,3.0,7/18/25,20250718_C7B_00068.jpg
5085,C10,2025,7/20/25,5.0,7/21/25,20250721_C10_05085.jpg
5219,C10,2025,7/2/25,6.0,7/4/25,20250704_C10_05219.jpg
4998,C10,2025,7/20/25,3.5,7/21/25,20250721_C10_04998.jpg
1579,C7B,2025,7/18/25,3.0,7/18/25,20250718_C7B_01579.jpg
1926,C7B,2025,7/10/25,6.0,7/10/25,20250710_C7B_01926.jpg
11338,I3B,2023,7/19/23,7.0,7/20/23,20230720_I3B_11338.jpg
860,C7B,2025,7/10/25,4.0,7/10/25,20250710_C7B_00860.jpg
4963,C10,2025,7/20/25,2.0,7/21/25,20250721_C10_04963.jpg
5457,C10,2025,7/11/25,7.0,7/11/25,20250711_C10_05457.jpg
1819,C7B,2025,7/10/25,5.5,7/10/25,20250710_C7B_01819.jpg
847,C7B,2025,7/1/25,5.5,7/1/25,20250701_C7B_00847.jpg
4992,C10,2025,7/20/25,2.5,7/21/25,20250721_C10_04992.jpg
447,C7B,2025,7/4/25,7.5,7/4/25,20250704_C7B_00447.jpg
5652,C10,2025,7/20/25,1.5,7/21/25,20250721_C10_05652.jpg
555,C7B,2025,6/30/25,6.0,7/1/25,20250701_C7B_00555.jpg
8095,G3,2023,7/20/23,8.0,7/20/23,20230720_G3_08095.jpg
11026,I3B,2023,7/12/23,7.5,7/13/23,20230713_I3B_11026.jpg
5132,C10,2025,7/2/25,7.0,7/4/25,20250704_C10_05132.jpg
8028,G3,2023,7/26/23,4.5,7/27/23,20230727_G3_08028.jpg
5506,C10,2025,7/20/25,2.0,7/21/25,20250721_C10_05506.jpg
4232,C10,2025,6/30/25,6.5,6/28/25,20250628_C10_04232.jpg
138,C7B,2025,6/30/25,7.5,7/1/25,20250701_C7B_00138.jpg
4579,C10,2025,7/11/25,6.0,7/11/25,20250711_C10_04579.jpg
1087,C7B,2025,7/1/25,6.0,7/1/25,20250701_C7B_01087.jpg
1828,C7B,2025,7/19/25,2.5,7/18/25,20250718_C7B_01828.jpg
1930,C7B,2025,7/1/25,6.5,7/1/25,20250701_C7B_01930.jpg
7367,G3,2023,7/20/23,7.5,7/20/23,20230720_G3_07367.jpg
5334,C10,2025,7/20/25,2.5,7/21/25,20250721_C10_05334.jpg
6741,C10,2025,7/18/25,7.5,7/18/25,20250718_C10_06741.jpg
423,C7B,2025,7/18/25,3.0,7/18/25,20250718_C7B_00423.jpg
6693,C10,2025,7/18/25,7.0,7/18/25,20250718_C10_06693.jpg
4021,C10,2025,7/11/25,6.0,7/11/25,20250711_C10_04021.jpg
1046,C7B,2025,7/18/25,3.0,7/18/25,20250718_C7B_01046.jpg
522,C7B,2025,7/18/25,3.5,7/18/25,20250718_C7B_00522.jpg
213,C7B,2025,7/10/25,6.0,7/10/25,20250710_C7B_00213.jpg
867,C7B,2025,7/10/25,4.0,7/10/25,20250710_C7B_00867.jpg
1241,C7B,2025,7/10/25,3.5,7/10/25,20250710_C7B_01241.jpg
268,C7B,2025,6/30/25,7.0,7/1/25,20250701_C7B_00268.jpg
5987,C10,2025,7/8/25,7.5,7/7/25,20250707_C10_05987.jpg
2698,C7B,2025,7/18/25,7.5,7/18/25,20250718_C7B_02698.jpg
2641,C7B,2025,7/18/25,6.0,7/18/25,20250718_C7B_02641.jpg
912,C7B,2025,7/10/25,4.0,7/10/25,20250710_C7B_00912.jpg
5857,C10,2025,7/11/25,6.5,7/11/25,20250711_C10_05857.jpg
1873,C7B,2025,7/10/25,7.5,7/10/25,20250710_C7B_01873.jpg
487,C7B,2025,6/30/25,5.0,7/1/25,20250701_C7B_00487.jpg
591,C7B,2025,7/10/25,6.0,7/10/25,20250710_C7B_00591.jpg
5393,C10,2025,7/11/25,4.0,7/11/25,20250711_C10_05393.jpg
4464,C10,2025,7/11/25,4.0,7/11/25,20250711_C10_04464.jpg
10018,I3B,2023,7/12/23,5.0,7/13/23,20230713_I3B_10018.jpg
5220,C10,2025,7/20/25,2.0,7/21/25,20250721_C10_05220.jpg
4019,C10,2025,7/7/25,7.5,7/7/25,20250707_C10_04019.jpg
6766,C10,2025,7/14/25,5.5,7/14/25,20250714_C10_06766.jpg
2746,C7B,2025,7/8/25,8.5,7/7/25,20250707_C7B_02746.jpg
1186,C7B,2025,7/18/25,3.0,7/18/25,20250718_C7B_01186.jpg
3065,G3,2023,7/19/23,8.0,7/20/23,20230720_G3_03065.jpg
6724,C10,2025,7/18/25,6.0,7/18/25,20250718_C10_06724.jpg
5286,C10,2025,7/11/25,5.5,7/11/25,20250711_C10_05286.jpg
1095,C7B,2025,7/10/25,5.5,7/10/25,20250710_C7B_01095.jpg
74,C7B,2025,6/30/25,7.0,7/1/25,20250701_C7B_00074.jpg
2811,C7B,2025,6/30/25,7.5,7/1/25,20250701_C7B_02811.jpg
4242,C10,2025,7/11/25,3.0,7/11/25,20250711_C10_04242.jpg
6774,C10,2025,6/30/25,8.5,6/28/25,20250628_C10_06774.jpg
5305,C10,2025,7/2/25,7.0,7/4/25,20250704_C10_05305.jpg
5726,C10,2025,7/19/25,7.0,7/18/25,20250718_C10_05726.jpg
1262,C7B,2025,7/1/25,7.0,7/1/25,20250701_C7B_01262.jpg
4251,C10,2025,7/19/25,1.5,7/18/25,20250718_C10_04251.jpg
458,C7B,2025,6/30/25,7.0,7/1/25,20250701_C7B_00458.jpg
1533,C7B,2025,7/1/25,5.5,7/1/25,20250701_C7B_01533.jpg
5869,C10,2025,7/11/25,4.0,7/11/25,20250711_C10_05869.jpg
7371,G3,2023,7/20/23,8.0,7/20/23,20230720_G3_07371.jpg
5309,C10,2025,7/20/25,3.0,7/21/25,20250721_C10_05309.jpg
4858,C10,2025,7/2/25,5.0,7/4/25,20250704_C10_04858.jpg
636,C7B,2025,7/18/25,3.5,7/18/25,20250718_C7B_00636.jpg
8,C7B,2025,7/18/25,3.5,7/18/25,20250718_C7B_00008.jpg
1530,C7B,2025,7/10/25,6.0,7/10/25,20250710_C7B_01530.jpg
5876,C10,2025,7/11/25,4.0,7/11/25,20250711_C10_05876.jpg
1364,C7B,2025,7/1/25,6.0,7/1/25,20250701_C7B_01364.jpg
5280,C10,2025,7/11/25,4.5,7/11/25,20250711_C10_05280.jpg
5604,C10,2025,7/20/25,1.5,7/21/25,20250721_C10_05604.jpg
4892,C10,2025,7/2/25,7.5,7/4/25,20250704_C10_04892.jpg
4300,C10,2025,7/11/25,5.0,7/11/25,20250711_C10_04300.jpg
4854,C10,2025,7/20/25,2.5,7/21/25,20250721_C10_04854.jpg
5922,C10,2025,7/8/25,5.5,7/7/25,20250707_C10_05922.jpg
624,C7B,2025,7/10/25,6.5,7/10/25,20250710_C7B_00624.jpg
4205,C10,2025,7/7/25,6.0,7/7/25,20250707_C10_04205.jpg
2789,C7B,2025,7/13/25,6.0,7/12/25,20250712_C7B_02789.jpg
7487,G3,2023,7/20/23,6.5,7/20/23,20230720_G3_07487.jpg
5547,C10,2025,7/20/25,3.0,7/21/25,20250721_C10_05547.jpg
421,C7B,2025,6/30/25,6.0,7/1/25,20250701_C7B_00421.jpg
1039,C7B,2025,7/18/25,3.0,7/18/25,20250718_C7B_01039.jpg
1301,C7B,2025,7/18/25,2.0,7/18/25,20250718_C7B_01301.jpg
4788,C10,2025,7/20/25,3.0,7/21/25,20250721_C10_04788.jpg
2014,C7B,2025,7/19/25,4.0,7/18/25,20250718_C7B_02014.jpg
6663,C10,2025,6/30/25,8.0,6/28/25,20250628_C10_06663.jpg
289,C7B,2025,7/4/25,5.0,7/4/25,20250704_C7B_00289.jpg
6732,C10,2025,6/30/25,9.0,6/28/25,20250628_C10_06732.jpg
6696,C10,2025,7/14/25,8.0,7/14/25,20250714_C10_06696.jpg
283,C7B,2025,7/10/25,5.0,7/10/25,20250710_C7B_00283.jpg
4805,C10,2025,7/11/25,5.0,7/11/25,20250711_C10_04805.jpg
4512,C10,2025,7/2/25,5.5,7/4/25,20250704_C10_04512.jpg
11161,I3B,2023,7/12/23,7.0,7/13/23,20230713_I3B_11161.jpg
4497,C10,2025,7/20/25,2.0,7/21/25,20250721_C10_04497.jpg
282,C7B,2025,7/18/25,2.0,7/18/25,20250718_C7B_00282.jpg
7423,G3,2023,7/20/23,6.0,7/20/23,20230720_G3_07423.jpg
6834,C10,2025,7/3/25,7.0,7/4/25,20250704_C10_06834.jpg
5009,C10,2025,7/2/25,5.0,7/4/25,20250704_C10_05009.jpg
4980,C10,2025,7/11/25,4.0,7/11/25,20250711_C10_04980.jpg
7441,G3,2023,7/20/23,7.5,7/20/23,20230720_G3_07441.jpg
2001,C7B,2025,7/1/25,6.0,7/1/25,20250701_C7B_02001.jpg
737,C7B,2025,7/18/25,4.0,7/18/25,20250718_C7B_00737.jpg
5768,C10,2025,7/1/25,8.0,6/28/25,20250628_C10_05768.jpg
537,C7B,2025,7/18/25,2.0,7/18/25,20250718_C7B_00537.jpg
774,C7B,2025,6/30/25,7.5,7/1/25,20250701_C7B_00774.jpg
4327,C10,2025,6/30/25,5.0,6/28/25,20250628_C10_04327.jpg
1986,C7B,2025,7/7/25,5.5,7/7/25,20250707_C7B_01986.jpg
1651,C7B,2025,7/18/25,2.0,7/18/25,20250718_C7B_01651.jpg
1847,C7B,2025,7/19/25,3.0,7/18/25,20250718_C7B_01847.jpg
4220,C10,2025,7/7/25,7.0,7/7/25,20250707_C10_04220.jpg
7350,G3,2023,7/26/23,5.0,7/27/23,20230727_G3_07350.jpg
1695,C7B,2025,7/1/25,8.0,7/1/25,20250701_C7B_01695.jpg
4408,C10,2025,6/30/25,5.5,6/28/25,20250628_C10_04408.jpg
4082,C10,2025,7/11/25,5.0,7/11/25,20250711_C10_04082.jpg
4272,C10,2025,7/19/25,2.0,7/18/25,20250718_C10_04272.jpg
8098,G3,2023,7/26/23,5.0,7/27/23,20230727_G3_08098.jpg
3004,G3,2023,7/26/23,7.5,7/27/23,20230727_G3_03004.jpg
4205,C10,2025,7/19/25,4.0,7/18/25,20250718_C10_04205.jpg
5900,C10,2025,7/11/25,6.0,7/11/25,20250711_C10_05900.jpg
5176,C10,2025,7/11/25,4.0,7/11/25,20250711_C10_05176.jpg
5319,C10,2025,7/2/25,4.5,7/4/25,20250704_C10_05319.jpg
4753,C10,2025,7/20/25,3.0,7/21/25,20250721_C10_04753.jpg
10267,I3B,2023,7/25/23,5.0,7/27/23,20230727_I3B_10267.jpg
4593,C10,2025,7/2/25,6.5,7/4/25,20250704_C10_04593.jpg
684,C7B,2025,7/10/25,6.5,7/10/25,20250710_C7B_00684.jpg
6691,C10,2025,7/14/25,7.5,7/14/25,20250714_C10_06691.jpg
5378,C10,2025,7/11/25,5.0,7/11/25,20250711_C10_05378.jpg
5947,C10,2025,7/11/25,7.0,7/11/25,20250711_C10_05947.jpg
432,C7B,2025,7/4/25,7.5,7/4/25,20250704_C7B_00432.jpg
965,C7B,2025,7/1/25,7.0,7/1/25,20250701_C7B_00965.jpg
387,C7B,2025,7/4/25,6.5,7/4/25,20250704_C7B_00387.jpg
9870,I3B,2023,7/12/23,5.5,7/13/23,20230713_I3B_09870.jpg
6788,C10,2025,7/18/25,7.5,7/18/25,20250718_C10_06788.jpg
771,C7B,2025,7/10/25,5.0,7/10/25,20250710_C7B_00771.jpg
5461,C10,2025,7/20/25,1.0,7/21/25,20250721_C10_05461.jpg
5703,C10,2025,7/11/25,4.0,7/11/25,20250711_C10_05703.jpg
6831,C10,2025,7/18/25,5.5,7/18/25,20250718_C10_06831.jpg
7512,G3,2023,7/20/23,5.0,7/20/23,20230720_G3_07512.jpg
9824,I3B,2023,7/12/23,5.5,7/13/23,20230713_I3B_09824.jpg
4117,C10,2025,7/7/25,6.0,7/7/25,20250707_C10_04117.jpg
1896,C7B,2025,7/10/25,5.0,7/10/25,20250710_C7B_01896.jpg
4635,C10,2025,7/20/25,1.5,7/21/25,20250721_C10_04635.jpg
5396,C10,2025,7/2/25,6.5,7/4/25,20250704_C10_05396.jpg
1170,C7B,2025,7/10/25,6.0,7/10/25,20250710_C7B_01170.jpg
834,C7B,2025,7/1/25,5.5,7/1/25,20250701_C7B_00834.jpg
5360,C10,2025,7/20/25,2.0,7/21/25,20250721_C10_05360.jpg
5944,C10,2025,7/11/25,6.0,7/11/25,20250711_C10_05944.jpg
5389,C10,2025,7/2/25,5.5,7/4/25,20250704_C10_05389.jpg
4249,C10,2025,7/11/25,5.0,7/11/25,20250711_C10_04249.jpg
158,C7B,2025,7/4/25,5.0,7/4/25,20250704_C7B_00158.jpg
10,C7B,2025,7/18/25,5.5,7/18/25,20250718_C7B_00010.jpg
432,C7B,2025,7/10/25,7.0,7/10/25,20250710_C7B_00432.jpg
4868,C10,2025,7/20/25,2.0,7/21/25,20250721_C10_04868.jpg
4762,C10,2025,7/20/25,1.5,7/21/25,20250721_C10_04762.jpg
3039,G3,2023,7/26/23,7.0,7/27/23,20230727_G3_03039.jpg
2044,C7B,2025,7/7/25,7.5,7/7/25,20250707_C7B_02044.jpg
1244,C7B,2025,7/10/25,5.0,7/10/25,20250710_C7B_01244.jpg
5509,C10,2025,7/11/25,5.0,7/11/25,20250711_C10_05509.jpg
1760,C7B,2025,7/1/25,7.0,7/1/25,20250701_C7B_01760.jpg
17,C7B,2025,6/30/25,7.5,7/1/25,20250701_C7B_00017.jpg
4493,C10,2025,7/2/25,6.5,7/4/25,20250704_C10_04493.jpg
1189,C7B,2025,7/10/25,5.5,7/10/25,20250710_C7B_01189.jpg
7,C7B,2025,6/30/25,8.0,7/1/25,20250701_C7B_00007.jpg
4240,C10,2025,7/11/25,4.0,7/11/25,20250711_C10_04240.jpg
4389,C10,2025,7/7/25,5.5,7/7/25,20250707_C10_04389.jpg
2801,C7B,2025,7/18/25,5.0,7/18/25,20250718_C7B_02801.jpg
4261,C10,2025,7/11/25,5.0,7/11/25,20250711_C10_04261.jpg
4078,C10,2025,7/7/25,5.0,7/7/25,20250707_C10_04078.jpg
4474,C10,2025,7/1/25,6.5,6/28/25,20250628_C10_04474.jpg
2656,C7B,2025,7/18/25,7.5,7/18/25,20250718_C7B_02656.jpg
4524,C10,2025,7/20/25,2.0,7/21/25,20250721_C10_04524.jpg
11202,I3B,2023,7/19/23,6.5,7/20/23,20230720_I3B_11202.jpg
1011,C7B,2025,7/10/25,6.5,7/10/25,20250710_C7B_01011.jpg
5663,C10,2025,7/11/25,4.0,7/11/25,20250711_C10_05663.jpg
1493,C7B,2025,7/18/25,4.0,7/18/25,20250718_C7B_01493.jpg
666,C7B,2025,7/10/25,5.0,7/10/25,20250710_C7B_00666.jpg
5416,C10,2025,7/20/25,4.0,7/21/25,20250721_C10_05416.jpg
1047,C7B,2025,7/10/25,7.0,7/10/25,20250710_C7B_01047.jpg
1354,C7B,2025,7/1/25,8.0,7/1/25,20250701_C7B_01354.jpg
6703,C10,2025,7/8/25,8.5,7/7/25,20250707_C10_06703.jpg
5244,C10,2025,7/2/25,6.0,7/4/25,20250704_C10_05244.jpg
1504,C7B,2025,7/18/25,5.5,7/18/25,20250718_C7B_01504.jpg
2746,C7B,2025,6/30/25,9.0,7/1/25,20250701_C7B_02746.jpg
10261,I3B,2023,7/25/23,5.0,7/27/23,20230727_I3B_10261.jpg
1078,C7B,2025,7/1/25,7.0,7/1/25,20250701_C7B_01078.jpg
1915,C7B,2025,7/1/25,6.0,7/1/25,20250701_C7B_01915.jpg
4108,C10,2025,7/19/25,4.5,7/18/25,20250718_C10_04108.jpg
4848,C10,2025,7/11/25,5.0,7/11/25,20250711_C10_04848.jpg
4616,C10,2025,7/11/25,3.5,7/11/25,20250711_C10_04616.jpg
638,C7B,2025,7/18/25,5.5,7/18/25,20250718_C7B_00638.jpg
2772,C7B,2025,7/8/25,8.0,7/7/25,20250707_C7B_02772.jpg
4020,C10,2025,7/7/25,7.5,7/7/25,20250707_C10_04020.jpg
5195,C10,2025,7/11/25,5.0,7/11/25,20250711_C10_05195.jpg
4730,C10,2025,7/11/25,5.0,7/11/25,20250711_C10_04730.jpg
643,C7B,2025,7/18/25,4.0,7/18/25,20250718_C7B_00643.jpg
1072,C7B,2025,7/18/25,3.0,7/18/25,20250718_C7B_01072.jpg
6802,C10,2025,7/18/25,5.0,7/18/25,20250718_C10_06802.jpg
4639,C10,2025,7/2/25,5.0,7/4/25,20250704_C10_04639.jpg
1700,C7B,2025,7/10/25,3.5,7/10/25,20250710_C7B_01700.jpg
1988,C7B,2025,7/1/25,8.0,7/1/25,20250701_C7B_01988.jpg
11290,I3B,2023,7/19/23,7.5,7/20/23,20230720_I3B_11290.jpg
5228,C10,2025,7/11/25,4.0,7/11/25,20250711_C10_05228.jpg
11098,I3B,2023,7/12/23,7.5,7/13/23,20230713_I3B_11098.jpg
1599,C7B,2025,7/1/25,7.5,7/1/25,20250701_C7B_01599.jpg
222,C7B,2025,6/30/25,5.0,7/1/25,20250701_C7B_00222.jpg
1031,C7B,2025,7/18/25,1.5,7/18/25,20250718_C7B_01031.jpg
4815,C10,2025,7/2/25,7.5,7/4/25,20250704_C10_04815.jpg
1250,C7B,2025,7/1/25,7.0,7/1/25,20250701_C7B_01250.jpg
5315,C10,2025,7/11/25,4.0,7/11/25,20250711_C10_05315.jpg
146,C7B,2025,6/30/25,8.0,7/1/25,20250701_C7B_00146.jpg
7248,G3,2023,7/19/23,5.5,7/20/23,20230720_G3_07248.jpg
1026,C7B,2025,7/10/25,5.0,7/10/25,20250710_C7B_01026.jpg
4108,C10,2025,7/7/25,7.0,7/7/25,20250707_C10_04108.jpg
5721,C10,2025,7/8/25,4.0,7/7/25,20250707_C10_05721.jpg
5192,C10,2025,7/2/25,7.0,7/4/25,20250704_C10_05192.jpg
4541,C10,2025,7/20/25,3.0,7/21/25,20250721_C10_04541.jpg
2857,C7B,2025,7/18/25,5.0,7/18/25,20250718_C7B_02857.jpg
5666,C10,2025,7/1/25,5.0,6/28/25,20250628_C10_05666.jpg
1730,C7B,2025,7/7/25,5.0,7/7/25,20250707_C7B_01730.jpg
5367,C10,2025,7/2/25,7.0,7/4/25,20250704_C10_05367.jpg
6818,C10,2025,6/30/25,8.0,6/28/25,20250628_C10_06818.jpg
4167,C10,2025,7/19/25,3.0,7/18/25,20250718_C10_04167.jpg
5081,C10,2025,7/2/25,6.5,7/4/25,20250704_C10_05081.jpg
1831,C7B,2025,7/10/25,7.5,7/10/25,20250710_C7B_01831.jpg
5062,C10,2025,7/2/25,6.0,7/4/25,20250704_C10_05062.jpg
5777,C10,2025,7/1/25,5.5,6/28/25,20250628_C10_05777.jpg
4451,C10,2025,6/30/25,7.5,6/28/25,20250628_C10_04451.jpg
6746,C10,2025,7/3/25,7.5,7/4/25,20250704_C10_06746.jpg
8053,G3,2023,7/26/23,6.0,7/27/23,20230727_G3_08053.jpg
1323,C7B,2025,7/10/25,4.0,7/10/25,20250710_C7B_01323.jpg
342,C7B,2025,7/10/25,4.0,7/10/25,20250710_C7B_00342.jpg
565,C7B,2025,7/10/25,6.5,7/10/25,20250710_C7B_00565.jpg
1417,C7B,2025,7/18/25,4.0,7/18/25,20250718_C7B_01417.jpg
4775,C10,2025,7/11/25,4.0,7/11/25,20250711_C10_04775.jpg
9786,I3B,2023,7/12/23,5.5,7/13/23,20230713_I3B_09786.jpg
377,C7B,2025,7/10/25,4.0,7/10/25,20250710_C7B_00377.jpg
7250,G3,2023,7/26/23,7.5,7/27/23,20230727_G3_07250.jpg
10860,I3B,2023,7/19/23,7.5,7/20/23,20230720_I3B_10860.jpg
145,C7B,2025,6/30/25,8.0,7/1/25,20250701_C7B_00145.jpg
401,C7B,2025,7/4/25,7.0,7/4/25,20250704_C7B_00401.jpg
402,C7B,2025,7/18/25,3.5,7/18/25,20250718_C7B_00402.jpg
106,C7B,2025,7/4/25,7.0,7/4/25,20250704_C7B_00106.jpg
2727,C7B,2025,7/8/25,8.0,7/7/25,20250707_C7B_02727.jpg
4291,C10,2025,7/7/25,6.0,7/7/25,20250707_C10_04291.jpg
1710,C7B,2025,7/7/25,5.0,7/7/25,20250707_C7B_01710.jpg
6868,C10,2025,7/18/25,7.0,7/18/25,20250718_C10_06868.jpg
55,C7B,2025,7/11/25,5.5,7/10/25,20250710_C7B_00055.jpg
5529,C10,2025,7/20/25,2.5,7/21/25,20250721_C10_05529.jpg
4133,C10,2025,7/11/25,4.0,7/11/25,20250711_C10_04133.jpg
1991,C7B,2025,7/10/25,7.0,7/10/25,20250710_C7B_01991.jpg
4518,C10,2025,7/20/25,4.0,7/21/25,20250721_C10_04518.jpg
7,C7B,2025,7/11/25,7.0,7/10/25,20250710_C7B_00007.jpg
165,C7B,2025,7/4/25,6.5,7/4/25,20250704_C7B_00165.jpg
5344,C10,2025,7/2/25,6.0,7/4/25,20250704_C10_05344.jpg
1791,C7B,2025,7/7/25,6.0,7/7/25,20250707_C7B_01791.jpg
4241,C10,2025,6/30/25,5.5,6/28/25,20250628_C10_04241.jpg
4107,C10,2025,7/19/25,4.0,7/18/25,20250718_C10_04107.jpg
1399,C7B,2025,7/10/25,5.0,7/10/25,20250710_C7B_01399.jpg
5706,C10,2025,7/8/25,6.0,7/7/25,20250707_C10_05706.jpg
1519,C7B,2025,7/18/25,2.0,7/18/25,20250718_C7B_01519.jpg
5575,C10,2025,7/2/25,6.5,7/4/25,20250704_C10_05575.jpg
5696,C10,2025,7/11/25,7.0,7/11/25,20250711_C10_05696.jpg
4968,C10,2025,7/11/25,5.5,7/11/25,20250711_C10_04968.jpg
1498,C7B,2025,7/1/25,7.5,7/1/25,20250701_C7B_01498.jpg
5136,C10,2025,7/20/25,5.5,7/21/25,20250721_C10_05136.jpg
1751,C7B,2025,7/10/25,7.0,7/10/25,20250710_C7B_01751.jpg
203,C7B,2025,7/4/25,5.0,7/4/25,20250704_C7B_00203.jpg
11260,I3B,2023,7/19/23,4.5,7/20/23,20230720_I3B_11260.jpg
635,C7B,2025,7/10/25,7.0,7/10/25,20250710_C7B_00635.jpg
1408,C7B,2025,7/18/25,3.0,7/18/25,20250718_C7B_01408.jpg
1503,C7B,2025,7/1/25,5.5,7/1/25,20250701_C7B_01503.jpg
2673,C7B,2025,6/30/25,8.0,7/1/25,20250701_C7B_02673.jpg
1387,C7B,2025,7/10/25,5.0,7/10/25,20250710_C7B_01387.jpg
1118,C7B,2025,7/1/25,7.0,7/1/25,20250701_C7B_01118.jpg
8133,G3,2023,7/26/23,7.5,7/27/23,20230727_G3_08133.jpg
4414,C10,2025,7/19/25,2.0,7/18/25,20250718_C10_04414.jpg
1173,C7B,2025,7/10/25,7.0,7/10/25,20250710_C7B_01173.jpg
5557,C10,2025,7/20/25,2.5,7/21/25,20250721_C10_05557.jpg
235,C7B,2025,7/18/25,3.5,7/18/25,20250718_C7B_00235.jpg
10342,I3B,2023,7/25/23,3.0,7/27/23,20230727_I3B_10342.jpg
4107,C10,2025,7/11/25,6.5,7/11/25,20250711_C10_04107.jpg
1208,C7B,2025,7/10/25,5.0,7/10/25,20250710_C7B_01208.jpg
1619,C7B,2025,7/18/25,2.0,7/18/25,20250718_C7B_01619.jpg
5717,C10,2025,7/1/25,5.0,6/28/25,20250628_C10_05717.jpg
1232,C7B,2025,7/18/25,2.0,7/18/25,20250718_C7B_01232.jpg
1670,C7B,2025,7/7/25,5.0,7/7/25,20250707_C7B_01670.jpg
5181,C10,2025,7/2/25,7.5,7/4/25,20250704_C10_05181.jpg
6696,C10,2025,7/3/25,8.0,7/4/25,20250704_C10_06696.jpg
11046,I3B,2023,7/12/23,6.5,7/13/23,20230713_I3B_11046.jpg
6805,C10,2025,7/18/25,7.5,7/18/25,20250718_C10_06805.jpg
478,C7B,2025,7/10/25,5.0,7/10/25,20250710_C7B_00478.jpg
5905,C10,2025,7/11/25,6.0,7/11/25,20250711_C10_05905.jpg
4722,C10,2025,7/11/25,5.0,7/11/25,20250711_C10_04722.jpg
2793,C7B,2025,7/8/25,8.0,7/7/25,20250707_C7B_02793.jpg
4929,C10,2025,7/2/25,7.0,7/4/25,20250704_C10_04929.jpg
463,C7B,2025,7/10/25,5.5,7/10/25,20250710_C7B_00463.jpg
814,C7B,2025,7/1/25,6.5,7/1/25,20250701_C7B_00814.jpg
1716,C7B,2025,7/10/25,6.0,7/10/25,20250710_C7B_01716.jpg
1461,C7B,2025,7/18/25,3.5,7/18/25,20250718_C7B_01461.jpg
4968,C10,2025,7/2/25,6.0,7/4/25,20250704_C10_04968.jpg
3118,G3,2023,7/19/23,8.0,7/20/23,20230720_G3_03118.jpg
4967,C10,2025,7/20/25,4.5,7/21/25,20250721_C10_04967.jpg
5607,C10,2025,7/2/25,6.0,7/4/25,20250704_C10_05607.jpg
1314,C7B,2025,7/18/25,2.0,7/18/25,20250718_C7B_01314.jpg
1508,C7B,2025,7/18/25,3.0,7/18/25,20250718_C7B_01508.jpg
6840,C10,2025,6/30/25,9.0,6/28/25,20250628_C10_06840.jpg
7448,G3,2023,7/20/23,7.5,7/20/23,20230720_G3_07448.jpg
6847,C10,2025,7/3/25,8.0,7/4/25,20250704_C10_06847.jpg
5946,C10,2025,7/8/25,5.5,7/7/25,20250707_C10_05946.jpg
855,C7B,2025,7/10/25,6.0,7/10/25,20250710_C7B_00855.jpg
6751,C10,2025,6/30/25,8.5,6/28/25,20250628_C10_06751.jpg
2784,C7B,2025,7/8/25,8.0,7/7/25,20250707_C7B_02784.jpg
5302,C10,2025,7/2/25,6.0,7/4/25,20250704_C10_05302.jpg
2691,C7B,2025,7/13/25,5.5,7/12/25,20250712_C7B_02691.jpg
4282,C10,2025,7/19/25,3.0,7/18/25,20250718_C10_04282.jpg
1086,C7B,2025,7/1/25,6.0,7/1/25,20250701_C7B_01086.jpg
4916,C10,2025,7/2/25,5.0,7/4/25,20250704_C10_04916.jpg
4092,C10,2025,6/30/25,7.0,6/28/25,20250628_C10_04092.jpg
535,C7B,2025,7/18/25,3.0,7/18/25,20250718_C7B_00535.jpg
4973,C10,2025,7/11/25,5.0,7/11/25,20250711_C10_04973.jpg
8124,G3,2023,7/26/23,8.0,7/27/23,20230727_G3_08124.jpg
4216,C10,2025,7/19/25,2.5,7/18/25,20250718_C10_04216.jpg
1750,C7B,2025,7/19/25,1.5,7/18/25,20250718_C7B_01750.jpg
11221,I3B,2023,7/19/23,6.0,7/20/23,20230720_I3B_11221.jpg
7395,G3,2023,7/20/23,7.5,7/20/23,20230720_G3_07395.jpg
6634,C10,2025,7/3/25,8.0,7/4/25,20250704_C10_06634.jpg
10333,I3B,2023,7/25/23,4.0,7/27/23,20230727_I3B_10333.jpg
3035,G3,2023,7/19/23,7.0,7/20/23,20230720_G3_03035.jpg
292,C7B,2025,7/4/25,5.5,7/4/25,20250704_C7B_00292.jpg
6704,C10,2025,6/30/25,8.0,6/28/25,20250628_C10_06704.jpg
1542,C7B,2025,7/10/25,5.5,7/10/25,20250710_C7B_01542.jpg
6707,C10,2025,7/14/25,5.5,7/14/25,20250714_C10_06707.jpg
5424,C10,2025,7/11/25,5.0,7/11/25,20250711_C10_05424.jpg
414,C7B,2025,7/18/25,2.5,7/18/25,20250718_C7B_00414.jpg
733,C7B,2025,7/10/25,5.5,7/10/25,20250710_C7B_00733.jpg
4095,C10,2025,7/19/25,1.5,7/18/25,20250718_C10_04095.jpg
4889,C10,2025,7/20/25,2.0,7/21/25,20250721_C10_04889.jpg
5900,C10,2025,7/1/25,5.5,6/28/25,20250628_C10_05900.jpg
6791,C10,2025,7/14/25,6.0,7/14/25,20250714_C10_06791.jpg
11133,I3B,2023,7/12/23,8.0,7/13/23,20230713_I3B_11133.jpg
2695,C7B,2025,6/30/25,4.0,7/1/25,20250701_C7B_02695.jpg
1585,C7B,2025,7/18/25,2.5,7/18/25,20250718_C7B_01585.jpg
4514,C10,2025,7/11/25,4.0,7/11/25,20250711_C10_04514.jpg
5580,C10,2025,7/20/25,2.0,7/21/25,20250721_C10_05580.jpg
4384,C10,2025,6/30/25,7.0,6/28/25,20250628_C10_04384.jpg
5016,C10,2025,7/2/25,7.0,7/4/25,20250704_C10_05016.jpg
1697,C7B,2025,7/7/25,8.0,7/7/25,20250707_C7B_01697.jpg
597,C7B,2025,6/30/25,7.0,7/1/25,20250701_C7B_00597.jpg
4780,C10,2025,7/11/25,5.0,7/11/25,20250711_C10_04780.jpg
4680,C10,2025,7/2/25,7.5,7/4/25,20250704_C10_04680.jpg
2024,C7B,2025,7/7/25,7.0,7/7/25,20250707_C7B_02024.jpg
4265,C10,2025,7/11/25,5.0,7/11/25,20250711_C10_04265.jpg
4921,C10,2025,7/20/25,5.0,7/21/25,20250721_C10_04921.jpg
4606,C10,2025,7/2/25,7.0,7/4/25,20250704_C10_04606.jpg
4168,C10,2025,7/7/25,7.0,7/7/25,20250707_C10_04168.jpg
5125,C10,2025,7/2/25,6.0,7/4/25,20250704_C10_05125.jpg
2767,C7B,2025,7/13/25,8.0,7/12/25,20250712_C7B_02767.jpg
2655,C7B,2025,7/18/25,5.5,7/18/25,20250718_C7B_02655.jpg
6801,C10,2025,7/14/25,6.0,7/14/25,20250714_C10_06801.jpg
371,C7B,2025,7/10/25,3.5,7/10/25,20250710_C7B_00371.jpg
1421,C7B,2025,7/10/25,7.5,7/10/25,20250710_C7B_01421.jpg
4747,C10,2025,7/2/25,7.5,7/4/25,20250704_C10_04747.jpg
156,C7B,2025,7/4/25,5.0,7/4/25,20250704_C7B_00156.jpg
1762,C7B,2025,7/19/25,3.0,7/18/25,20250718_C7B_01762.jpg
2847,C7B,2025,7/13/25,7.0,7/12/25,20250712_C7B_02847.jpg
5328,C10,2025,7/20/25,2.0,7/21/25,20250721_C10_05328.jpg
2011,C7B,2025,7/7/25,5.5,7/7/25,20250707_C7B_02011.jpg
5863,C10,2025,7/11/25,4.0,7/11/25,20250711_C10_05863.jpg
16,C7B,2025,7/11/25,5.0,7/10/25,20250710_C7B_00016.jpg
7333,G3,2023,7/20/23,7.5,7/20/23,20230720_G3_07333.jpg
4247,C10,2025,7/11/25,4.0,7/11/25,20250711_C10_04247.jpg
6025,C10,2025,7/11/25,4.0,7/11/25,20250711_C10_06025.jpg
200,C7B,2025,7/4/25,7.5,7/4/25,20250704_C7B_00200.jpg
955,C7B,2025,7/1/25,8.0,7/1/25,20250701_C7B_00955.jpg
621,C7B,2025,6/30/25,7.5,7/1/25,20250701_C7B_00621.jpg
1924,C7B,2025,7/1/25,6.0,7/1/25,20250701_C7B_01924.jpg
2829,C7B,2025,7/8/25,7.5,7/7/25,20250707_C7B_02829.jpg
9791,I3B,2023,7/12/23,5.0,7/13/23,20230713_I3B_09791.jpg
1576,C7B,2025,7/18/25,3.0,7/18/25,20250718_C7B_01576.jpg
891,C7B,2025,7/10/25,4.0,7/10/25,20250710_C7B_00891.jpg
5568,C10,2025,7/20/25,3.5,7/21/25,20250721_C10_05568.jpg
2876,C7B,2025,6/30/25,8.0,7/1/25,20250701_C7B_02876.jpg
148,C7B,2025,6/30/25,6.0,7/1/25,20250701_C7B_00148.jpg
2714,C7B,2025,7/18/25,4.5,7/18/25,20250718_C7B_02714.jpg
4825,C10,2025,7/11/25,4.0,7/11/25,20250711_C10_04825.jpg
2027,C7B,2025,7/10/25,5.5,7/10/25,20250710_C7B_02027.jpg
601,C7B,2025,7/18/25,6.0,7/18/25,20250718_C7B_00601.jpg
1562,C7B,2025,7/18/25,2.0,7/18/25,20250718_C7B_01562.jpg
1869,C7B,2025,7/7/25,5.5,7/7/25,20250707_C7B_01869.jpg
4080,C10,2025,6/30/25,7.0,6/28/25,20250628_C10_04080.jpg
5719,C10,2025,7/11/25,4.0,7/11/25,20250711_C10_05719.jpg
1705,C7B,2025,7/7/25,6.0,7/7/25,20250707_C7B_01705.jpg
778,C7B,2025,6/30/25,6.0,7/1/25,20250701_C7B_00778.jpg
108,C7B,2025,6/30/25,6.5,7/1/25,20250701_C7B_00108.jpg
308,C7B,2025,7/18/25,2.5,7/18/25,20250718_C7B_00308.jpg
2700,C7B,2025,7/13/25,8.0,7/12/25,20250712_C7B_02700.jpg
802,C7B,2025,7/18/25,3.5,7/18/25,20250718_C7B_00802.jpg
279,C7B,2025,7/18/25,7.0,7/18/25,20250718_C7B_00279.jpg
806,C7B,2025,7/1/25,7.0,7/1/25,20250701_C7B_00806.jpg
1904,C7B,2025,7/19/25,2.0,7/18/25,20250718_C7B_01904.jpg
1534,C7B,2025,7/18/25,2.0,7/18/25,20250718_C7B_01534.jpg
5465,C10,2025,7/20/25,2.0,7/21/25,20250721_C10_05465.jpg
5248,C10,2025,7/11/25,4.0,7/11/25,20250711_C10_05248.jpg
7506,G3,2023,7/20/23,7.5,7/20/23,20230720_G3_07506.jpg
5921,C10,2025,7/19/25,3.0,7/18/25,20250718_C10_05921.jpg
3144,G3,2023,7/19/23,4.5,7/20/23,20230720_G3_03144.jpg
1707,C7B,2025,7/10/25,5.0,7/10/25,20250710_C7B_01707.jpg
5995,C10,2025,7/19/25,3.0,7/18/25,20250718_C10_05995.jpg
5513,C10,2025,7/20/25,4.5,7/21/25,20250721_C10_05513.jpg
1580,C7B,2025,7/1/25,7.0,7/1/25,20250701_C7B_01580.jpg
6739,C10,2025,7/8/25,8.0,7/7/25,20250707_C10_06739.jpg
430,C7B,2025,7/10/25,5.5,7/10/25,20250710_C7B_00430.jpg
5843,C10,2025,7/8/25,7.5,7/7/25,20250707_C10_05843.jpg
189,C7B,2025,7/10/25,7.0,7/10/25,20250710_C7B_00189.jpg
5241,C10,2025,7/11/25,5.0,7/11/25,20250711_C10_05241.jpg
2740,C7B,2025,7/8/25,7.0,7/7/25,20250707_C7B_02740.jpg
10852,I3B,2023,7/19/23,6.5,7/20/23,20230720_I3B_10852.jpg
5747,C10,2025,7/19/25,7.5,7/18/25,20250718_C10_05747.jpg
3082,G3,2023,7/19/23,5.0,7/20/23,20230720_G3_03082.jpg
4037,C10,2025,7/11/25,8.0,7/11/25,20250711_C10_04037.jpg
4959,C10,2025,7/20/25,3.0,7/21/25,20250721_C10_04959.jpg
7258,G3,2023,7/19/23,7.0,7/20/23,20230720_G3_07258.jpg
4025,C10,2025,7/19/25,4.5,7/18/25,20250718_C10_04025.jpg
137,C7B,2025,7/4/25,7.0,7/4/25,20250704_C7B_00137.jpg
6672,C10,2025,7/18/25,7.5,7/18/25,20250718_C10_06672.jpg
267,C7B,2025,6/30/25,6.0,7/1/25,20250701_C7B_00267.jpg
4261,C10,2025,7/19/25,3.0,7/18/25,20250718_C10_04261.jpg
4966,C10,2025,7/11/25,4.0,7/11/25,20250711_C10_04966.jpg
2808,C7B,2025,7/13/25,6.0,7/12/25,20250712_C7B_02808.jpg
3046,G3,2023,7/26/23,8.0,7/27/23,20230727_G3_03046.jpg
848,C7B,2025,7/10/25,4.0,7/10/25,20250710_C7B_00848.jpg
10823,I3B,2023,7/19/23,6.0,7/20/23,20230720_I3B_10823.jpg
679,C7B,2025,7/10/25,4.0,7/10/25,20250710_C7B_00679.jpg
1567,C7B,2025,7/1/25,5.0,7/1/25,20250701_C7B_01567.jpg
5048,C10,2025,7/20/25,3.0,7/21/25,20250721_C10_05048.jpg
9973,I3B,2023,7/12/23,6.0,7/13/23,20230713_I3B_09973.jpg
1395,C7B,2025,7/10/25,4.0,7/10/25,20250710_C7B_01395.jpg
6009,C10,2025,7/11/25,4.0,7/11/25,20250711_C10_06009.jpg
1134,C7B,2025,7/1/25,5.5,7/1/25,20250701_C7B_01134.jpg
5262,C10,2025,7/20/25,2.0,7/21/25,20250721_C10_05262.jpg
1006,C7B,2025,7/18/25,3.0,7/18/25,20250718_C7B_01006.jpg
5412,C10,2025,7/20/25,2.0,7/21/25,20250721_C10_05412.jpg
7367,G3,2023,7/26/23,7.0,7/27/23,20230727_G3_07367.jpg
8039,G3,2023,7/19/23,5.5,7/20/23,20230720_G3_08039.jpg
9689,I3B,2023,7/12/23,5.5,7/13/23,20230713_I3B_09689.jpg
5116,C10,2025,7/2/25,5.0,7/4/25,20250704_C10_05116.jpg
4612,C10,2025,7/11/25,4.0,7/11/25,20250711_C10_04612.jpg
4373,C10,2025,7/19/25,3.0,7/18/25,20250718_C10_04373.jpg
1305,C7B,2025,7/18/25,2.5,7/18/25,20250718_C7B_01305.jpg
5476,C10,2025,7/11/25,5.0,7/11/25,20250711_C10_05476.jpg
10288,I3B,2023,7/25/23,4.0,7/27/23,20230727_I3B_10288.jpg
3068,G3,2023,7/19/23,8.0,7/20/23,20230720_G3_03068.jpg
4975,C10,2025,7/20/25,4.0,7/21/25,20250721_C10_04975.jpg
452,C7B,2025,7/4/25,7.0,7/4/25,20250704_C7B_00452.jpg
551,C7B,2025,7/18/25,3.0,7/18/25,20250718_C7B_00551.jpg
1694,C7B,2025,7/10/25,6.0,7/10/25,20250710_C7B_01694.jpg
8055,G3,2023,7/26/23,8.0,7/27/23,20230727_G3_08055.jpg
1053,C7B,2025,7/18/25,4.0,7/18/25,20250718_C7B_01053.jpg
1813,C7B,2025,7/7/25,5.5,7/7/25,20250707_C7B_01813.jpg
9942,I3B,2023,7/12/23,5.5,7/13/23,20230713_I3B_09942.jpg
5692,C10,2025,7/19/25,3.5,7/18/25,20250718_C10_05692.jpg
2852,C7B,2025,7/8/25,8.0,7/7/25,20250707_C7B_02852.jpg
5150,C10,2025,7/2/25,7.0,7/4/25,20250704_C10_05150.jpg
6677,C10,2025,7/8/25,8.0,7/7/25,20250707_C10_06677.jpg
4904,C10,2025,7/11/25,5.5,7/11/25,20250711_C10_04904.jpg
6786,C10,2025,7/18/25,7.5,7/18/25,20250718_C10_06786.jpg
5423,C10,2025,7/11/25,5.0,7/11/25,20250711_C10_05423.jpg
2766,C7B,2025,7/18/25,7.5,7/18/25,20250718_C7B_02766.jpg
327,C7B,2025,6/30/25,8.0,7/1/25,20250701_C7B_00327.jpg
6735,C10,2025,7/14/25,7.5,7/14/25,20250714_C10_06735.jpg
225,C7B,2025,7/4/25,3.0,7/4/25,20250704_C7B_00225.jpg
4251,C10,2025,7/11/25,4.5,7/11/25,20250711_C10_04251.jpg
5128,C10,2025,7/2/25,7.0,7/4/25,20250704_C10_05128.jpg
1941,C7B,2025,7/10/25,8.0,7/10/25,20250710_C7B_01941.jpg
11285,I3B,2023,7/19/23,4.0,7/20/23,20230720_I3B_11285.jpg
6633,C10,2025,7/18/25,1.0,7/18/25,20250718_C10_06633.jpg
7399,G3,2023,7/26/23,8.0,7/27/23,20230727_G3_07399.jpg
1414,C7B,2025,7/18/25,3.0,7/18/25,20250718_C7B_01414.jpg
1855,C7B,2025,7/7/25,5.0,7/7/25,20250707_C7B_01855.jpg
9742,I3B,2023,7/12/23,5.0,7/13/23,20230713_I3B_09742.jpg
10990,I3B,2023,7/19/23,5.5,7/20/23,20230720_I3B_10990.jpg
900,C7B,2025,7/1/25,7.0,7/1/25,20250701_C7B_00900.jpg
944,C7B,2025,7/10/25,5.5,7/10/25,20250710_C7B_00944.jpg
5143,C10,2025,7/11/25,4.0,7/11/25,20250711_C10_05143.jpg
2033,C7B,2025,7/7/25,5.0,7/7/25,20250707_C7B_02033.jpg
5573,C10,2025,7/11/25,4.5,7/11/25,20250711_C10_05573.jpg
6868,C10,2025,7/3/25,7.5,7/4/25,20250704_C10_06868.jpg
5172,C10,2025,7/20/25,1.5,7/21/25,20250721_C10_05172.jpg
4215,C10,2025,7/19/25,4.0,7/18/25,20250718_C10_04215.jpg
879,C7B,2025,7/1/25,7.0,7/1/25,20250701_C7B_00879.jpg
4883,C10,2025,7/20/25,1.5,7/21/25,20250721_C10_04883.jpg
4061,C10,2025,7/7/25,7.5,7/7/25,20250707_C10_04061.jpg
1654,C7B,2025,7/1/25,8.0,7/1/25,20250701_C7B_01654.jpg
5524,C10,2025,7/20/25,3.0,7/21/25,20250721_C10_05524.jpg
5540,C10,2025,7/2/25,4.5,7/4/25,20250704_C10_05540.jpg
10890,I3B,2023,7/19/23,5.0,7/20/23,20230720_I3B_10890.jpg
1729,C7B,2025,7/1/25,7.5,7/1/25,20250701_C7B_01729.jpg
5202,C10,2025,7/11/25,5.5,7/11/25,20250711_C10_05202.jpg
1348,C7B,2025,7/10/25,3.0,7/10/25,20250710_C7B_01348.jpg
6781,C10,2025,6/30/25,8.0,6/28/25,20250628_C10_06781.jpg
249,C7B,2025,6/30/25,7.0,7/1/25,20250701_C7B_00249.jpg
1512,C7B,2025,7/18/25,2.0,7/18/25,20250718_C7B_01512.jpg
8049,G3,2023,7/26/23,3.0,7/27/23,20230727_G3_08049.jpg
8094,G3,2023,7/26/23,7.0,7/27/23,20230727_G3_08094.jpg
11237,I3B,2023,7/19/23,6.0,7/20/23,20230720_I3B_11237.jpg
4076,C10,2025,6/30/25,5.0,6/28/25,20250628_C10_04076.jpg
79,C7B,2025,7/18/25,4.0,7/18/25,20250718_C7B_00079.jpg
350,C7B,2025,7/10/25,6.5,7/10/25,20250710_C7B_00350.jpg
6722,C10,2025,6/30/25,9.0,6/28/25,20250628_C10_06722.jpg
7444,G3,2023,7/20/23,7.5,7/20/23,20230720_G3_07444.jpg
1464,C7B,2025,7/10/25,3.0,7/10/25,20250710_C7B_01464.jpg
5976,C10,2025,7/8/25,6.5,7/7/25,20250707_C10_05976.jpg
6673,C10,2025,7/3/25,7.5,7/4/25,20250704_C10_06673.jpg
4254,C10,2025,7/19/25,1.5,7/18/25,20250718_C10_04254.jpg
1198,C7B,2025,7/10/25,5.0,7/10/25,20250710_C7B_01198.jpg
1900,C7B,2025,7/7/25,6.0,7/7/25,20250707_C7B_01900.jpg
7461,G3,2023,7/26/23,8.0,7/27/23,20230727_G3_07461.jpg
7508,G3,2023,7/26/23,8.0,7/27/23,20230727_G3_07508.jpg
5886,C10,2025,7/19/25,3.0,7/18/25,20250718_C10_05886.jpg
5599,C10,2025,7/11/25,6.0,7/11/25,20250711_C10_05599.jpg
1834,C7B,2025,7/19/25,4.0,7/18/25,20250718_C7B_01834.jpg
2872,C7B,2025,6/30/25,7.5,7/1/25,20250701_C7B_02872.jpg
4832,C10,2025,7/11/25,4.5,7/11/25,20250711_C10_04832.jpg
230,C7B,2025,7/4/25,6.0,7/4/25,20250704_C7B_00230.jpg
5010,C10,2025,7/20/25,2.0,7/21/25,20250721_C10_05010.jpg
7375,G3,2023,7/20/23,7.5,7/20/23,20230720_G3_07375.jpg
844,C7B,2025,7/18/25,2.5,7/18/25,20250718_C7B_00844.jpg
18,C7B,2025,7/18/25,5.5,7/18/25,20250718_C7B_00018.jpg
642,C7B,2025,7/10/25,5.5,7/10/25,20250710_C7B_00642.jpg
6760,C10,2025,7/8/25,8.0,7/7/25,20250707_C10_06760.jpg
5827,C10,2025,7/1/25,6.0,6/28/25,20250628_C10_05827.jpg
6699,C10,2025,7/18/25,7.5,7/18/25,20250718_C10_06699.jpg
5090,C10,2025,7/2/25,5.5,7/4/25,20250704_C10_05090.jpg
5064,C10,2025,7/20/25,2.0,7/21/25,20250721_C10_05064.jpg
142,C7B,2025,7/18/25,3.0,7/18/25,20250718_C7B_00142.jpg
1865,C7B,2025,7/10/25,5.5,7/10/25,20250710_C7B_01865.jpg
4136,C10,2025,6/30/25,7.5,6/28/25,20250628_C10_04136.jpg
1331,C7B,2025,7/1/25,6.0,7/1/25,20250701_C7B_01331.jpg
5,C7B,2025,7/4/25,7.5,7/4/25,20250704_C7B_00005.jpg
4192,C10,2025,7/7/25,4.5,7/7/25,20250707_C10_04192.jpg
3045,G3,2023,7/26/23,8.0,7/27/23,20230727_G3_03045.jpg
332,C7B,2025,7/18/25,2.0,7/18/25,20250718_C7B_00332.jpg
1399,C7B,2025,7/18/25,2.5,7/18/25,20250718_C7B_01399.jpg
541,C7B,2025,6/30/25,6.0,7/1/25,20250701_C7B_00541.jpg
7432,G3,2023,7/20/23,7.5,7/20/23,20230720_G3_07432.jpg
6803,C10,2025,7/18/25,7.0,7/18/25,20250718_C10_06803.jpg
4505,C10,2025,7/2/25,5.5,7/4/25,20250704_C10_04505.jpg
16,C7B,2025,7/4/25,6.5,7/4/25,20250704_C7B_00016.jpg
4737,C10,2025,7/2/25,7.5,7/4/25,20250704_C10_04737.jpg
3057,G3,2023,7/19/23,7.5,7/20/23,20230720_G3_03057.jpg
983,C7B,2025,7/1/25,7.5,7/1/25,20250701_C7B_00983.jpg
1392,C7B,2025,7/18/25,5.5,7/18/25,20250718_C7B_01392.jpg
1846,C7B,2025,7/7/25,4.0,7/7/25,20250707_C7B_01846.jpg
1359,C7B,2025,7/18/25,4.0,7/18/25,20250718_C7B_01359.jpg
416,C7B,2025,6/30/25,7.0,7/1/25,20250701_C7B_00416.jpg
4347,C10,2025,6/30/25,6.5,6/28/25,20250628_C10_04347.jpg
796,C7B,2025,7/18/25,3.5,7/18/25,20250718_C7B_00796.jpg
367,C7B,2025,7/10/25,4.0,7/10/25,20250710_C7B_00367.jpg
11045,I3B,2023,7/12/23,7.5,7/13/23,20230713_I3B_11045.jpg
2666,C7B,2025,6/30/25,8.0,7/1/25,20250701_C7B_02666.jpg
2728,C7B,2025,7/18/25,7.5,7/18/25,20250718_C7B_02728.jpg
2870,C7B,2025,6/30/25,8.0,7/1/25,20250701_C7B_02870.jpg
410,C7B,2025,7/4/25,6.0,7/4/25,20250704_C7B_00410.jpg
1938,C7B,2025,7/10/25,6.5,7/10/25,20250710_C7B_01938.jpg
8116,G3,2023,7/20/23,7.5,7/20/23,20230720_G3_08116.jpg
5421,C10,2025,7/11/25,3.0,7/11/25,20250711_C10_05421.jpg
412,C7B,2025,7/4/25,5.5,7/4/25,20250704_C7B_00412.jpg
7302,G3,2023,7/26/23,4.0,7/27/23,20230727_G3_07302.jpg
114,C7B,2025,7/4/25,5.5,7/4/25,20250704_C7B_00114.jpg
4779,C10,2025,7/2/25,5.5,7/4/25,20250704_C10_04779.jpg
3050,G3,2023,7/26/23,6.5,7/27/23,20230727_G3_03050.jpg
4155,C10,2025,6/30/25,6.0,6/28/25,20250628_C10_04155.jpg
325,C7B,2025,7/18/25,4.5,7/18/25,20250718_C7B_00325.jpg
7230,G3,2023,7/26/23,5.5,7/27/23,20230727_G3_07230.jpg
329,C7B,2025,6/30/25,6.0,7/1/25,20250701_C7B_00329.jpg
1875,C7B,2025,7/19/25,2.0,7/18/25,20250718_C7B_01875.jpg
7368,G3,2023,7/20/23,7.0,7/20/23,20230720_G3_07368.jpg
2043,C7B,2025,7/7/25,5.0,7/7/25,20250707_C7B_02043.jpg
1704,C7B,2025,7/7/25,5.5,7/7/25,20250707_C7B_01704.jpg
464,C7B,2025,7/18/25,3.0,7/18/25,20250718_C7B_00464.jpg
2009,C7B,2025,7/19/25,5.0,7/18/25,20250718_C7B_02009.jpg
10347,I3B,2023,7/25/23,3.5,7/27/23,20230727_I3B_10347.jpg
120,C7B,2025,7/18/25,5.5,7/18/25,20250718_C7B_00120.jpg
4501,C10,2025,7/2/25,6.5,7/4/25,20250704_C10_04501.jpg
1477,C7B,2025,7/1/25,6.0,7/1/25,20250701_C7B_01477.jpg
2713,C7B,2025,7/8/25,7.0,7/7/25,20250707_C7B_02713.jpg
2005,C7B,2025,7/19/25,3.0,7/18/25,20250718_C7B_02005.jpg
7361,G3,2023,7/26/23,8.0,7/27/23,20230727_G3_07361.jpg
1337,C7B,2025,7/10/25,5.0,7/10/25,20250710_C7B_01337.jpg
10400,I3B,2023,7/25/23,3.5,7/27/23,20230727_I3B_10400.jpg
5710,C10,2025,7/1/25,7.0,6/28/25,20250628_C10_05710.jpg
6751,C10,2025,7/3/25,8.0,7/4/25,20250704_C10_06751.jpg
1133,C7B,2025,7/10/25,7.5,7/10/25,20250710_C7B_01133.jpg
6817,C10,2025,7/14/25,5.5,7/14/25,20250714_C10_06817.jpg
5731,C10,2025,7/1/25,5.0,6/28/25,20250628_C10_05731.jpg
2735,C7B,2025,7/13/25,8.0,7/12/25,20250712_C7B_02735.jpg
6681,C10,2025,7/8/25,7.0,7/7/25,20250707_C10_06681.jpg
11081,I3B,2023,7/12/23,6.5,7/13/23,20230713_I3B_11081.jpg
1642,C7B,2025,7/18/25,2.0,7/18/25,20250718_C7B_01642.jpg
1637,C7B,2025,7/10/25,4.0,7/10/25,20250710_C7B_01637.jpg
2840,C7B,2025,6/30/25,8.0,7/1/25,20250701_C7B_02840.jpg
516,C7B,2025,7/10/25,7.5,7/10/25,20250710_C7B_00516.jpg
4663,C10,2025,7/11/25,3.0,7/11/25,20250711_C10_04663.jpg
913,C7B,2025,7/10/25,6.5,7/10/25,20250710_C7B_00913.jpg
6710,C10,2025,7/8/25,7.5,7/7/25,20250707_C10_06710.jpg
5617,C10,2025,7/20/25,1.0,7/21/25,20250721_C10_05617.jpg
6851,C10,2025,7/14/25,4.0,7/14/25,20250714_C10_06851.jpg
1956,C7B,2025,7/10/25,6.0,7/10/25,20250710_C7B_01956.jpg
2675,C7B,2025,7/8/25,7.5,7/7/25,20250707_C7B_02675.jpg
4479,C10,2025,7/11/25,5.0,7/11/25,20250711_C10_04479.jpg
6706,C10,2025,7/3/25,7.5,7/4/25,20250704_C10_06706.jpg
6736,C10,2025,7/14/25,7.0,7/14/25,20250714_C10_06736.jpg
5517,C10,2025,7/2/25,6.5,7/4/25,20250704_C10_05517.jpg
6732,C10,2025,7/18/25,7.0,7/18/25,20250718_C10_06732.jpg
4634,C10,2025,7/2/25,7.0,7/4/25,20250704_C10_04634.jpg
1179,C7B,2025,7/18/25,6.0,7/18/25,20250718_C7B_01179.jpg
4541,C10,2025,7/11/25,5.0,7/11/25,20250711_C10_04541.jpg
1143,C7B,2025,7/1/25,7.5,7/1/25,20250701_C7B_01143.jpg
1856,C7B,2025,7/10/25,4.0,7/10/25,20250710_C7B_01856.jpg
2704,C7B,2025,7/18/25,7.5,7/18/25,20250718_C7B_02704.jpg
407,C7B,2025,7/4/25,7.5,7/4/25,20250704_C7B_00407.jpg
7318,G3,2023,7/26/23,7.0,7/27/23,20230727_G3_07318.jpg
5422,C10,2025,7/20/25,1.5,7/21/25,20250721_C10_05422.jpg
11331,I3B,2023,7/19/23,7.0,7/20/23,20230720_I3B_11331.jpg
7408,G3,2023,7/20/23,6.5,7/20/23,20230720_G3_07408.jpg
4539,C10,2025,7/2/25,6.5,7/4/25,20250704_C10_04539.jpg
1135,C7B,2025,7/10/25,4.5,7/10/25,20250710_C7B_01135.jpg
6762,C10,2025,7/14/25,7.5,7/14/25,20250714_C10_06762.jpg
6703,C10,2025,6/30/25,8.5,6/28/25,20250628_C10_06703.jpg
325,C7B,2025,6/30/25,6.0,7/1/25,20250701_C7B_00325.jpg
4613,C10,2025,7/11/25,3.5,7/11/25,20250711_C10_04613.jpg
2788,C7B,2025,7/8/25,8.0,7/7/25,20250707_C7B_02788.jpg
5434,C10,2025,7/2/25,5.0,7/4/25,20250704_C10_05434.jpg
3058,G3,2023,7/26/23,8.5,7/27/23,20230727_G3_03058.jpg
4175,C10,2025,7/19/25,2.5,7/18/25,20250718_C10_04175.jpg
880,C7B,2025,7/1/25,5.5,7/1/25,20250701_C7B_00880.jpg
726,C7B,2025,6/30/25,6.5,7/1/25,20250701_C7B_00726.jpg
5229,C10,2025,7/20/25,2.0,7/21/25,20250721_C10_05229.jpg
5959,C10,2025,7/2/25,6.0,7/4/25,20250704_C10_05959.jpg
207,C7B,2025,7/10/25,4.0,7/10/25,20250710_C7B_00207.jpg
258,C7B,2025,7/4/25,7.5,7/4/25,20250704_C7B_00258.jpg
7338,G3,2023,7/26/23,6.0,7/27/23,20230727_G3_07338.jpg
5849,C10,2025,7/19/25,1.0,7/18/25,20250718_C10_05849.jpg
2669,C7B,2025,6/30/25,5.0,7/1/25,20250701_C7B_02669.jpg
2050,C7B,2025,7/1/25,7.5,7/1/25,20250701_C7B_02050.jpg
3174,G3,2023,7/26/23,4.0,7/27/23,20230727_G3_03174.jpg
4201,C10,2025,7/19/25,1.5,7/18/25,20250718_C10_04201.jpg
2854,C7B,2025,7/8/25,7.5,7/7/25,20250707_C7B_02854.jpg
5518,C10,2025,7/20/25,4.0,7/21/25,20250721_C10_05518.jpg
6780,C10,2025,7/8/25,7.5,7/7/25,20250707_C10_06780.jpg
969,C7B,2025,7/10/25,4.0,7/10/25,20250710_C7B_00969.jpg
4576,C10,2025,7/2/25,5.5,7/4/25,20250704_C10_04576.jpg
1813,C7B,2025,7/10/25,7.0,7/10/25,20250710_C7B_01813.jpg
8092,G3,2023,7/26/23,6.0,7/27/23,20230727_G3_08092.jpg
1357,C7B,2025,7/1/25,7.5,7/1/25,20250701_C7B_01357.jpg
97,C7B,2025,6/30/25,7.5,7/1/25,20250701_C7B_00097.jpg
1347,C7B,2025,7/18/25,3.0,7/18/25,20250718_C7B_01347.jpg
6846,C10,2025,7/3/25,8.0,7/4/25,20250704_C10_06846.jpg
1785,C7B,2025,7/1/25,8.0,7/1/25,20250701_C7B_01785.jpg
49,C7B,2025,6/30/25,7.0,7/1/25,20250701_C7B_00049.jpg
4567,C10,2025,7/20/25,2.0,7/21/25,20250721_C10_04567.jpg
8074,G3,2023,7/20/23,8.0,7/20/23,20230720_G3_08074.jpg
5875,C10,2025,7/19/25,2.0,7/18/25,20250718_C10_05875.jpg
2863,C7B,2025,7/13/25,5.0,7/12/25,20250712_C7B_02863.jpg
4111,C10,2025,7/11/25,4.0,7/11/25,20250711_C10_04111.jpg
5937,C10,2025,7/8/25,7.0,7/7/25,20250707_C10_05937.jpg
4356,C10,2025,7/11/25,5.5,7/11/25,20250711_C10_04356.jpg
941,C7B,2025,7/1/25,7.0,7/1/25,20250701_C7B_00941.jpg
1125,C7B,2025,7/10/25,4.0,7/10/25,20250710_C7B_01125.jpg
6707,C10,2025,7/8/25,7.5,7/7/25,20250707_C10_06707.jpg
263,C7B,2025,6/30/25,6.0,7/1/25,20250701_C7B_00263.jpg
1251,C7B,2025,7/1/25,6.0,7/1/25,20250701_C7B_01251.jpg
351,C7B,2025,6/30/25,6.0,7/1/25,20250701_C7B_00351.jpg
6674,C10,2025,7/14/25,8.0,7/14/25,20250714_C10_06674.jpg
4260,C10,2025,7/7/25,3.0,7/7/25,20250707_C10_04260.jpg
4246,C10,2025,6/30/25,7.0,6/28/25,20250628_C10_04246.jpg
5027,C10,2025,7/20/25,2.0,7/21/25,20250721_C10_05027.jpg
522,C7B,2025,6/30/25,7.5,7/1/25,20250701_C7B_00522.jpg
1778,C7B,2025,7/19/25,3.0,7/18/25,20250718_C7B_01778.jpg
1763,C7B,2025,7/10/25,4.0,7/10/25,20250710_C7B_01763.jpg
7457,G3,2023,7/20/23,7.0,7/20/23,20230720_G3_07457.jpg
505,C7B,2025,6/30/25,6.5,7/1/25,20250701_C7B_00505.jpg
1479,C7B,2025,7/10/25,6.0,7/10/25,20250710_C7B_01479.jpg
1373,C7B,2025,7/10/25,7.5,7/10/25,20250710_C7B_01373.jpg
170,C7B,2025,7/4/25,6.0,7/4/25,20250704_C7B_00170.jpg
1927,C7B,2025,7/1/25,8.5,7/1/25,20250701_C7B_01927.jpg
6677,C10,2025,7/14/25,8.0,7/14/25,20250714_C10_06677.jpg
1377,C7B,2025,7/1/25,6.0,7/1/25,20250701_C7B_01377.jpg
5535,C10,2025,7/11/25,5.0,7/11/25,20250711_C10_05535.jpg
840,C7B,2025,7/10/25,5.0,7/10/25,20250710_C7B_00840.jpg
6823,C10,2025,7/8/25,8.0,7/7/25,20250707_C10_06823.jpg
141,C7B,2025,7/4/25,6.5,7/4/25,20250704_C7B_00141.jpg
6815,C10,2025,6/30/25,7.5,6/28/25,20250628_C10_06815.jpg
2806,C7B,2025,7/8/25,7.5,7/7/25,20250707_C7B_02806.jpg
1735,C7B,2025,7/1/25,8.0,7/1/25,20250701_C7B_01735.jpg
636,C7B,2025,6/30/25,6.0,7/1/25,20250701_C7B_00636.jpg
3187,G3,2023,7/26/23,7.0,7/27/23,20230727_G3_03187.jpg
7307,G3,2023,7/26/23,5.0,7/27/23,20230727_G3_07307.jpg
7370,G3,2023,7/26/23,8.0,7/27/23,20230727_G3_07370.jpg
1040,C7B,2025,7/18/25,4.0,7/18/25,20250718_C7B_01040.jpg
5338,C10,2025,7/2/25,6.0,7/4/25,20250704_C10_05338.jpg
7290,G3,2023,7/20/23,7.0,7/20/23,20230720_G3_07290.jpg
4467,C10,2025,7/20/25,3.0,7/21/25,20250721_C10_04467.jpg
101,C7B,2025,7/4/25,7.0,7/4/25,20250704_C7B_00101.jpg
1823,C7B,2025,7/10/25,8.5,7/10/25,20250710_C7B_01823.jpg
42,C7B,2025,6/30/25,6.5,7/1/25,20250701_C7B_00042.jpg
406,C7B,2025,6/30/25,6.5,7/1/25,20250701_C7B_00406.jpg
1729,C7B,2025,7/10/25,5.0,7/10/25,20250710_C7B_01729.jpg
1322,C7B,2025,7/1/25,5.0,7/1/25,20250701_C7B_01322.jpg
1545,C7B,2025,7/18/25,2.0,7/18/25,20250718_C7B_01545.jpg
1937,C7B,2025,7/19/25,5.0,7/18/25,20250718_C7B_01937.jpg
5772,C10,2025,7/11/25,5.0,7/11/25,20250711_C10_05772.jpg
1667,C7B,2025,7/1/25,6.0,7/1/25,20250701_C7B_01667.jpg
1426,C7B,2025,7/10/25,4.0,7/10/25,20250710_C7B_01426.jpg
1294,C7B,2025,7/1/25,6.0,7/1/25,20250701_C7B_01294.jpg
96,C7B,2025,7/18/25,5.5,7/18/25,20250718_C7B_00096.jpg
2043,C7B,2025,7/10/25,5.0,7/10/25,20250710_C7B_02043.jpg
4653,C10,2025,7/2/25,5.0,7/4/25,20250704_C10_04653.jpg
4326,C10,2025,7/19/25,1.5,7/18/25,20250718_C10_04326.jpg
6638,C10,2025,7/18/25,6.5,7/18/25,20250718_C10_06638.jpg
4013,C10,2025,7/19/25,5.0,7/18/25,20250718_C10_04013.jpg
4938,C10,2025,7/11/25,4.0,7/11/25,20250711_C10_04938.jpg
5162,C10,2025,7/20/25,2.0,7/21/25,20250721_C10_05162.jpg
509,C7B,2025,7/10/25,5.5,7/10/25,20250710_C7B_00509.jpg
5069,C10,2025,7/11/25,4.0,7/11/25,20250711_C10_05069.jpg
254,C7B,2025,7/4/25,6.0,7/4/25,20250704_C7B_00254.jpg
4817,C10,2025,7/2/25,6.0,7/4/25,20250704_C10_04817.jpg
3077,G3,2023,7/26/23,8.0,7/27/23,20230727_G3_03077.jpg
1753,C7B,2025,7/1/25,5.5,7/1/25,20250701_C7B_01753.jpg
4936,C10,2025,7/20/25,3.0,7/21/25,20250721_C10_04936.jpg
1830,C7B,2025,7/19/25,2.0,7/18/25,20250718_C7B_01830.jpg
950,C7B,2025,7/10/25,4.0,7/10/25,20250710_C7B_00950.jpg
1122,C7B,2025,7/1/25,7.0,7/1/25,20250701_C7B_01122.jpg
1035,C7B,2025,7/10/25,6.5,7/10/25,20250710_C7B_01035.jpg
4322,C10,2025,6/30/25,7.5,6/28/25,20250628_C10_04322.jpg
6004,C10,2025,7/8/25,5.0,7/7/25,20250707_C10_06004.jpg
282,C7B,2025,7/10/25,3.0,7/10/25,20250710_C7B_00282.jpg
1558,C7B,2025,7/18/25,2.0,7/18/25,20250718_C7B_01558.jpg
4130,C10,2025,7/7/25,5.0,7/7/25,20250707_C10_04130.jpg
1558,C7B,2025,7/1/25,7.0,7/1/25,20250701_C7B_01558.jpg
7203,G3,2023,7/19/23,5.5,7/20/23,20230720_G3_07203.jpg
5771,C10,2025,7/11/25,5.5,7/11/25,20250711_C10_05771.jpg
4981,C10,2025,7/20/25,3.5,7/21/25,20250721_C10_04981.jpg
168,C7B,2025,7/10/25,4.0,7/10/25,20250710_C7B_00168.jpg
5926,C10,2025,7/8/25,5.0,7/7/25,20250707_C10_05926.jpg
1684,C7B,2025,7/1/25,8.0,7/1/25,20250701_C7B_01684.jpg
813,C7B,2025,7/1/25,7.0,7/1/25,20250701_C7B_00813.jpg
307,C7B,2025,7/18/25,5.0,7/18/25,20250718_C7B_00307.jpg
380,C7B,2025,7/4/25,7.0,7/4/25,20250704_C7B_00380.jpg
1975,C7B,2025,7/7/25,4.5,7/7/25,20250707_C7B_01975.jpg
5833,C10,2025,7/8/25,7.0,7/7/25,20250707_C10_05833.jpg
917,C7B,2025,7/18/25,4.0,7/18/25,20250718_C7B_00917.jpg
1495,C7B,2025,7/1/25,7.0,7/1/25,20250701_C7B_01495.jpg
5460,C10,2025,7/2/25,7.0,7/4/25,20250704_C10_05460.jpg
6805,C10,2025,7/8/25,8.0,7/7/25,20250707_C10_06805.jpg
5333,C10,2025,7/2/25,8.0,7/4/25,20250704_C10_05333.jpg
5197,C10,2025,7/2/25,6.0,7/4/25,20250704_C10_05197.jpg
4336,C10,2025,7/11/25,7.0,7/11/25,20250711_C10_04336.jpg
4790,C10,2025,7/11/25,4.0,7/11/25,20250711_C10_04790.jpg
10754,I3B,2023,7/19/23,5.0,7/20/23,20230720_I3B_10754.jpg
6003,C10,2025,7/2/25,5.5,7/4/25,20250704_C10_06003.jpg
110,C7B,2025,6/30/25,7.0,7/1/25,20250701_C7B_00110.jpg
2810,C7B,2025,7/8/25,8.0,7/7/25,20250707_C7B_02810.jpg
5739,C10,2025,7/19/25,2.0,7/18/25,20250718_C10_05739.jpg
5005,C10,2025,7/2/25,6.0,7/4/25,20250704_C10_05005.jpg
458,C7B,2025,7/18/25,4.0,7/18/25,20250718_C7B_00458.jpg
336,C7B,2025,7/4/25,7.0,7/4/25,20250704_C7B_00336.jpg
7457,G3,2023,7/26/23,6.5,7/27/23,20230727_G3_07457.jpg
8110,G3,2023,7/20/23,7.5,7/20/23,20230720_G3_08110.jpg
1090,C7B,2025,7/1/25,7.0,7/1/25,20250701_C7B_01090.jpg
11031,I3B,2023,7/12/23,6.5,7/13/23,20230713_I3B_11031.jpg
4130,C10,2025,7/19/25,2.5,7/18/25,20250718_C10_04130.jpg
9753,I3B,2023,7/12/23,6.0,7/13/23,20230713_I3B_09753.jpg
4462,C10,2025,7/1/25,5.5,6/28/25,20250628_C10_04462.jpg
10305,I3B,2023,7/25/23,6.5,7/27/23,20230727_I3B_10305.jpg
1758,C7B,2025,7/7/25,5.0,7/7/25,20250707_C7B_01758.jpg
11021,I3B,2023,7/12/23,6.5,7/13/23,20230713_I3B_11021.jpg
1399,C7B,2025,7/1/25,6.5,7/1/25,20250701_C7B_01399.jpg
9847,I3B,2023,7/12/23,5.0,7/13/23,20230713_I3B_09847.jpg
1954,C7B,2025,7/10/25,5.5,7/10/25,20250710_C7B_01954.jpg
635,C7B,2025,6/30/25,7.0,7/1/25,20250701_C7B_00635.jpg
186,C7B,2025,6/30/25,7.0,7/1/25,20250701_C7B_00186.jpg
9710,I3B,2023,7/12/23,6.5,7/13/23,20230713_I3B_09710.jpg
4494,C10,2025,7/2/25,6.0,7/4/25,20250704_C10_04494.jpg
1394,C7B,2025,7/18/25,2.0,7/18/25,20250718_C7B_01394.jpg
595,C7B,2025,7/10/25,5.0,7/10/25,20250710_C7B_00595.jpg
11245,I3B,2023,7/19/23,7.5,7/20/23,20230720_I3B_11245.jpg
2814,C7B,2025,7/13/25,7.0,7/12/25,20250712_C7B_02814.jpg
1693,C7B,2025,7/7/25,7.5,7/7/25,20250707_C7B_01693.jpg
5359,C10,2025,7/11/25,4.0,7/11/25,20250711_C10_05359.jpg
10847,I3B,2023,7/19/23,5.0,7/20/23,20230720_I3B_10847.jpg
9733,I3B,2023,7/12/23,5.0,7/13/23,20230713_I3B_09733.jpg
6697,C10,2025,7/18/25,4.0,7/18/25,20250718_C10_06697.jpg
281,C7B,2025,7/4/25,7.0,7/4/25,20250704_C7B_00281.jpg
1918,C7B,2025,7/10/25,4.0,7/10/25,20250710_C7B_01918.jpg
581,C7B,2025,7/18/25,5.0,7/18/25,20250718_C7B_00581.jpg
9768,I3B,2023,7/12/23,6.0,7/13/23,20230713_I3B_09768.jpg
4654,C10,2025,7/20/25,2.0,7/21/25,20250721_C10_04654.jpg
1846,C7B,2025,7/19/25,3.0,7/18/25,20250718_C7B_01846.jpg
5054,C10,2025,7/2/25,6.0,7/4/25,20250704_C10_05054.jpg
5797,C10,2025,7/11/25,4.0,7/11/25,20250711_C10_05797.jpg
2031,C7B,2025,7/7/25,5.0,7/7/25,20250707_C7B_02031.jpg
5134,C10,2025,7/11/25,4.0,7/11/25,20250711_C10_05134.jpg
298,C7B,2025,7/4/25,6.0,7/4/25,20250704_C7B_00298.jpg
6766,C10,2025,7/8/25,7.5,7/7/25,20250707_C10_06766.jpg
5707,C10,2025,7/11/25,5.0,7/11/25,20250711_C10_05707.jpg
3067,G3,2023,7/26/23,8.0,7/27/23,20230727_G3_03067.jpg
278,C7B,2025,6/30/25,6.5,7/1/25,20250701_C7B_00278.jpg
312,C7B,2025,7/10/25,4.0,7/10/25,20250710_C7B_00312.jpg
7492,G3,2023,7/20/23,6.5,7/20/23,20230720_G3_07492.jpg
9619,I3B,2023,7/12/23,6.0,7/13/23,20230713_I3B_09619.jpg
615,C7B,2025,7/18/25,2.0,7/18/25,20250718_C7B_00615.jpg
260,C7B,2025,7/18/25,4.5,7/18/25,20250718_C7B_00260.jpg
8040,G3,2023,7/19/23,3.0,7/20/23,20230720_G3_08040.jpg
9967,I3B,2023,7/12/23,6.0,7/13/23,20230713_I3B_09967.jpg
323,C7B,2025,7/18/25,4.5,7/18/25,20250718_C7B_00323.jpg
1071,C7B,2025,7/10/25,5.0,7/10/25,20250710_C7B_01071.jpg
10281,I3B,2023,7/25/23,5.0,7/27/23,20230727_I3B_10281.jpg
4726,C10,2025,7/11/25,5.0,7/11/25,20250711_C10_04726.jpg
8123,G3,2023,7/26/23,8.0,7/27/23,20230727_G3_08123.jpg
1468,C7B,2025,7/18/25,2.0,7/18/25,20250718_C7B_01468.jpg
279,C7B,2025,7/4/25,8.0,7/4/25,20250704_C7B_00279.jpg
2010,C7B,2025,7/1/25,6.5,7/1/25,20250701_C7B_02010.jpg
30,C7B,2025,7/11/25,6.5,7/10/25,20250710_C7B_00030.jpg
5145,C10,2025,7/2/25,5.5,7/4/25,20250704_C10_05145.jpg
1396,C7B,2025,7/10/25,4.0,7/10/25,20250710_C7B_01396.jpg
1019,C7B,2025,7/1/25,7.0,7/1/25,20250701_C7B_01019.jpg
672,C7B,2025,7/18/25,4.0,7/18/25,20250718_C7B_00672.jpg
5947,C10,2025,7/19/25,4.0,7/18/25,20250718_C10_05947.jpg
5231,C10,2025,7/20/25,3.0,7/21/25,20250721_C10_05231.jpg
2790,C7B,2025,7/18/25,8.0,7/18/25,20250718_C7B_02790.jpg
256,C7B,2025,7/10/25,6.0,7/10/25,20250710_C7B_00256.jpg
144,C7B,2025,6/30/25,7.5,7/1/25,20250701_C7B_00144.jpg
647,C7B,2025,6/30/25,6.5,7/1/25,20250701_C7B_00647.jpg
5931,C10,2025,7/8/25,6.0,7/7/25,20250707_C10_05931.jpg
5098,C10,2025,7/20/25,2.0,7/21/25,20250721_C10_05098.jpg
4840,C10,2025,7/2/25,7.0,7/4/25,20250704_C10_04840.jpg
1055,C7B,2025,7/18/25,2.0,7/18/25,20250718_C7B_01055.jpg
1908,C7B,2025,7/10/25,7.0,7/10/25,20250710_C7B_01908.jpg
326,C7B,2025,7/10/25,6.0,7/10/25,20250710_C7B_00326.jpg
724,C7B,2025,7/10/25,7.5,7/10/25,20250710_C7B_00724.jpg
978,C7B,2025,7/18/25,4.0,7/18/25,20250718_C7B_00978.jpg
65,C7B,2025,7/18/25,4.0,7/18/25,20250718_C7B_00065.jpg
1590,C7B,2025,7/10/25,6.0,7/10/25,20250710_C7B_01590.jpg
1674,C7B,2025,7/19/25,2.0,7/18/25,20250718_C7B_01674.jpg
4674,C10,2025,7/11/25,4.0,7/11/25,20250711_C10_04674.jpg
8119,G3,2023,7/20/23,7.0,7/20/23,20230720_G3_08119.jpg
83,C7B,2025,6/30/25,7.5,7/1/25,20250701_C7B_00083.jpg
1931,C7B,2025,7/7/25,6.0,7/7/25,20250707_C7B_01931.jpg
5506,C10,2025,7/2/25,6.0,7/4/25,20250704_C10_05506.jpg
879,C7B,2025,7/10/25,6.0,7/10/25,20250710_C7B_00879.jpg
10929,I3B,2023,7/19/23,5.5,7/20/23,20230720_I3B_10929.jpg
784,C7B,2025,6/30/25,6.5,7/1/25,20250701_C7B_00784.jpg
6716,C10,2025,7/18/25,7.0,7/18/25,20250718_C10_06716.jpg
1063,C7B,2025,7/18/25,5.0,7/18/25,20250718_C7B_01063.jpg
2657,C7B,2025,7/8/25,8.0,7/7/25,20250707_C7B_02657.jpg
4954,C10,2025,7/2/25,7.0,7/4/25,20250704_C10_04954.jpg
4234,C10,2025,7/7/25,6.0,7/7/25,20250707_C10_04234.jpg
4004,C10,2025,6/30/25,7.5,6/28/25,20250628_C10_04004.jpg
6820,C10,2025,7/14/25,6.0,7/14/25,20250714_C10_06820.jpg
1733,C7B,2025,7/7/25,7.5,7/7/25,20250707_C7B_01733.jpg
5222,C10,2025,7/11/25,4.0,7/11/25,20250711_C10_05222.jpg
10801,I3B,2023,7/19/23,5.0,7/20/23,20230720_I3B_10801.jpg
2809,C7B,2025,6/30/25,8.0,7/1/25,20250701_C7B_02809.jpg
3074,G3,2023,7/19/23,8.0,7/20/23,20230720_G3_03074.jpg
11256,I3B,2023,7/19/23,7.5,7/20/23,20230720_I3B_11256.jpg
885,C7B,2025,7/18/25,2.5,7/18/25,20250718_C7B_00885.jpg
4797,C10,2025,7/11/25,4.5,7/11/25,20250711_C10_04797.jpg
4654,C10,2025,7/11/25,4.0,7/11/25,20250711_C10_04654.jpg
2878,C7B,2025,6/30/25,8.0,7/1/25,20250701_C7B_02878.jpg
6672,C10,2025,7/8/25,8.0,7/7/25,20250707_C10_06672.jpg
11186,I3B,2023,7/12/23,6.5,7/13/23,20230713_I3B_11186.jpg
4511,C10,2025,7/11/25,5.0,7/11/25,20250711_C10_04511.jpg
4129,C10,2025,7/11/25,4.0,7/11/25,20250711_C10_04129.jpg
4259,C10,2025,7/11/25,6.0,7/11/25,20250711_C10_04259.jpg
453,C7B,2025,6/30/25,7.0,7/1/25,20250701_C7B_00453.jpg
2866,C7B,2025,7/18/25,5.0,7/18/25,20250718_C7B_02866.jpg
857,C7B,2025,7/10/25,5.0,7/10/25,20250710_C7B_00857.jpg
619,C7B,2025,7/18/25,3.0,7/18/25,20250718_C7B_00619.jpg
5451,C10,2025,7/20/25,4.0,7/21/25,20250721_C10_05451.jpg
6792,C10,2025,7/14/25,7.5,7/14/25,20250714_C10_06792.jpg
7212,G3,2023,7/26/23,5.0,7/27/23,20230727_G3_07212.jpg
406,C7B,2025,7/4/25,6.0,7/4/25,20250704_C7B_00406.jpg
2727,C7B,2025,6/30/25,8.0,7/1/25,20250701_C7B_02727.jpg
6681,C10,2025,7/3/25,6.5,7/4/25,20250704_C10_06681.jpg
2741,C7B,2025,7/8/25,8.0,7/7/25,20250707_C7B_02741.jpg
4063,C10,2025,6/30/25,8.0,6/28/25,20250628_C10_04063.jpg
6748,C10,2025,6/30/25,8.0,6/28/25,20250628_C10_06748.jpg
1134,C7B,2025,7/18/25,1.5,7/18/25,20250718_C7B_01134.jpg
4141,C10,2025,7/11/25,7.0,7/11/25,20250711_C10_04141.jpg
11009,I3B,2023,7/19/23,7.0,7/20/23,20230720_I3B_11009.jpg
4377,C10,2025,7/7/25,5.5,7/7/25,20250707_C10_04377.jpg
6802,C10,2025,7/3/25,7.0,7/4/25,20250704_C10_06802.jpg
6728,C10,2025,7/8/25,8.0,7/7/25,20250707_C10_06728.jpg
5632,C10,2025,7/20/25,3.0,7/21/25,20250721_C10_05632.jpg
10764,I3B,2023,7/19/23,5.0,7/20/23,20230720_I3B_10764.jpg
5612,C10,2025,7/11/25,4.0,7/11/25,20250711_C10_05612.jpg
1596,C7B,2025,7/10/25,5.0,7/10/25,20250710_C7B_01596.jpg
6806,C10,2025,7/3/25,7.0,7/4/25,20250704_C10_06806.jpg
4515,C10,2025,7/2/25,6.0,7/4/25,20250704_C10_04515.jpg
1740,C7B,2025,7/10/25,5.0,7/10/25,20250710_C7B_01740.jpg
1692,C7B,2025,7/10/25,5.0,7/10/25,20250710_C7B_01692.jpg
8105,G3,2023,7/20/23,6.0,7/20/23,20230720_G3_08105.jpg
6753,C10,2025,7/3/25,8.0,7/4/25,20250704_C10_06753.jpg
9947,I3B,2023,7/12/23,4.0,7/13/23,20230713_I3B_09947.jpg
9752,I3B,2023,7/12/23,4.5,7/13/23,20230713_I3B_09752.jpg
4370,C10,2025,7/11/25,4.0,7/11/25,20250711_C10_04370.jpg
6783,C10,2025,6/30/25,8.5,6/28/25,20250628_C10_06783.jpg
776,C7B,2025,6/30/25,7.5,7/1/25,20250701_C7B_00776.jpg
4026,C10,2025,6/30/25,7.5,6/28/25,20250628_C10_04026.jpg
2777,C7B,2025,7/13/25,7.0,7/12/25,20250712_C7B_02777.jpg
5630,C10,2025,7/2/25,5.5,7/4/25,20250704_C10_05630.jpg
5158,C10,2025,7/20/25,1.0,7/21/25,20250721_C10_05158.jpg
198,C7B,2025,7/18/25,2.0,7/18/25,20250718_C7B_00198.jpg
920,C7B,2025,7/10/25,5.5,7/10/25,20250710_C7B_00920.jpg
4791,C10,2025,7/2/25,7.0,7/4/25,20250704_C10_04791.jpg
6035,C10,2025,7/11/25,5.0,7/11/25,20250711_C10_06035.jpg
6010,C10,2025,7/11/25,6.5,7/11/25,20250711_C10_06010.jpg
6746,C10,2025,7/8/25,7.5,7/7/25,20250707_C10_06746.jpg
742,C7B,2025,6/30/25,7.0,7/1/25,20250701_C7B_00742.jpg
4974,C10,2025,7/20/25,2.0,7/21/25,20250721_C10_04974.jpg
9915,I3B,2023,7/12/23,4.5,7/13/23,20230713_I3B_09915.jpg
2874,C7B,2025,7/8/25,7.0,7/7/25,20250707_C7B_02874.jpg
6044,C10,2025,7/11/25,7.0,7/11/25,20250711_C10_06044.jpg
4152,C10,2025,6/30/25,7.0,6/28/25,20250628_C10_04152.jpg
2849,C7B,2025,7/18/25,7.0,7/18/25,20250718_C7B_02849.jpg
2818,C7B,2025,7/13/25,6.0,7/12/25,20250712_C7B_02818.jpg
1832,C7B,2025,7/10/25,4.5,7/10/25,20250710_C7B_01832.jpg
5105,C10,2025,7/11/25,4.0,7/11/25,20250711_C10_05105.jpg
11100,I3B,2023,7/12/23,8.0,7/13/23,20230713_I3B_11100.jpg
228,C7B,2025,6/30/25,7.0,7/1/25,20250701_C7B_00228.jpg
4237,C10,2025,7/19/25,3.5,7/18/25,20250718_C10_04237.jpg
2797,C7B,2025,7/8/25,8.0,7/7/25,20250707_C7B_02797.jpg
1214,C7B,2025,7/10/25,5.0,7/10/25,20250710_C7B_01214.jpg
232,C7B,2025,6/30/25,6.0,7/1/25,20250701_C7B_00232.jpg
5861,C10,2025,7/19/25,3.5,7/18/25,20250718_C10_05861.jpg
6859,C10,2025,7/3/25,7.0,7/4/25,20250704_C10_06859.jpg
1028,C7B,2025,7/18/25,2.0,7/18/25,20250718_C7B_01028.jpg
1622,C7B,2025,7/18/25,3.0,7/18/25,20250718_C7B_01622.jpg
202,C7B,2025,7/10/25,4.0,7/10/25,20250710_C7B_00202.jpg
1678,C7B,2025,7/7/25,5.5,7/7/25,20250707_C7B_01678.jpg
5535,C10,2025,7/20/25,3.0,7/21/25,20250721_C10_05535.jpg
1923,C7B,2025,7/19/25,1.5,7/18/25,20250718_C7B_01923.jpg
9823,I3B,2023,7/12/23,6.0,7/13/23,20230713_I3B_09823.jpg
62,C7B,2025,7/18/25,7.5,7/18/25,20250718_C7B_00062.jpg
1315,C7B,2025,7/10/25,6.0,7/10/25,20250710_C7B_01315.jpg
4233,C10,2025,6/30/25,7.0,6/28/25,20250628_C10_04233.jpg
5256,C10,2025,7/20/25,1.5,7/21/25,20250721_C10_05256.jpg
1868,C7B,2025,7/19/25,3.0,7/18/25,20250718_C7B_01868.jpg
9872,I3B,2023,7/12/23,5.5,7/13/23,20230713_I3B_09872.jpg
3063,G3,2023,7/26/23,8.0,7/27/23,20230727_G3_03063.jpg
1967,C7B,2025,7/1/25,6.0,7/1/25,20250701_C7B_01967.jpg
11271,I3B,2023,7/19/23,4.5,7/20/23,20230720_I3B_11271.jpg
1382,C7B,2025,7/18/25,2.0,7/18/25,20250718_C7B_01382.jpg
1208,C7B,2025,7/18/25,2.0,7/18/25,20250718_C7B_01208.jpg
1315,C7B,2025,7/1/25,7.5,7/1/25,20250701_C7B_01315.jpg
4455,C10,2025,6/30/25,7.5,6/28/25,20250628_C10_04455.jpg
5107,C10,2025,7/20/25,1.5,7/21/25,20250721_C10_05107.jpg
1867,C7B,2025,7/19/25,3.5,7/18/25,20250718_C7B_01867.jpg
5304,C10,2025,7/20/25,3.0,7/21/25,20250721_C10_05304.jpg
10375,I3B,2023,7/25/23,4.0,7/27/23,20230727_I3B_10375.jpg
6714,C10,2025,6/30/25,8.0,6/28/25,20250628_C10_06714.jpg
4815,C10,2025,7/20/25,4.0,7/21/25,20250721_C10_04815.jpg
1174,C7B,2025,7/10/25,4.0,7/10/25,20250710_C7B_01174.jpg
131,C7B,2025,7/18/25,5.0,7/18/25,20250718_C7B_00131.jpg
6735,C10,2025,7/3/25,8.0,7/4/25,20250704_C10_06735.jpg
409,C7B,2025,7/10/25,4.0,7/10/25,20250710_C7B_00409.jpg
6029,C10,2025,7/11/25,5.0,7/11/25,20250711_C10_06029.jpg
5450,C10,2025,7/2/25,6.0,7/4/25,20250704_C10_05450.jpg
2786,C7B,2025,7/8/25,7.0,7/7/25,20250707_C7B_02786.jpg
5247,C10,2025,7/2/25,6.0,7/4/25,20250704_C10_05247.jpg
290,C7B,2025,7/4/25,7.0,7/4/25,20250704_C7B_00290.jpg
5773,C10,2025,7/8/25,6.5,7/7/25,20250707_C10_05773.jpg
5079,C10,2025,7/20/25,2.0,7/21/25,20250721_C10_05079.jpg
253,C7B,2025,7/4/25,6.0,7/4/25,20250704_C7B_00253.jpg
3113,G3,2023,7/26/23,4.0,7/27/23,20230727_G3_03113.jpg
5573,C10,2025,7/20/25,2.5,7/21/25,20250721_C10_05573.jpg
2833,C7B,2025,7/8/25,7.5,7/7/25,20250707_C7B_02833.jpg
6770,C10,2025,7/3/25,8.0,7/4/25,20250704_C10_06770.jpg
183,C7B,2025,7/4/25,7.0,7/4/25,20250704_C7B_00183.jpg
4702,C10,2025,7/20/25,2.0,7/21/25,20250721_C10_04702.jpg
4417,C10,2025,6/30/25,7.0,6/28/25,20250628_C10_04417.jpg
1494,C7B,2025,7/10/25,3.5,7/10/25,20250710_C7B_01494.jpg
5350,C10,2025,7/2/25,6.5,7/4/25,20250704_C10_05350.jpg
10985,I3B,2023,7/19/23,6.0,7/20/23,20230720_I3B_10985.jpg
7324,G3,2023,7/26/23,7.5,7/27/23,20230727_G3_07324.jpg
5309,C10,2025,7/2/25,6.5,7/4/25,20250704_C10_05309.jpg
4937,C10,2025,7/11/25,3.0,7/11/25,20250711_C10_04937.jpg
6730,C10,2025,7/18/25,6.5,7/18/25,20250718_C10_06730.jpg
7320,G3,2023,7/26/23,8.0,7/27/23,20230727_G3_07320.jpg
956,C7B,2025,7/10/25,7.0,7/10/25,20250710_C7B_00956.jpg
1703,C7B,2025,7/10/25,6.0,7/10/25,20250710_C7B_01703.jpg
8081,G3,2023,7/20/23,5.0,7/20/23,20230720_G3_08081.jpg
2808,C7B,2025,7/18/25,6.0,7/18/25,20250718_C7B_02808.jpg
1876,C7B,2025,7/19/25,3.0,7/18/25,20250718_C7B_01876.jpg
639,C7B,2025,7/18/25,4.5,7/18/25,20250718_C7B_00639.jpg
4927,C10,2025,7/20/25,3.0,7/21/25,20250721_C10_04927.jpg
870,C7B,2025,7/18/25,1.5,7/18/25,20250718_C7B_00870.jpg
9712,I3B,2023,7/12/23,5.0,7/13/23,20230713_I3B_09712.jpg
328,C7B,2025,7/18/25,2.5,7/18/25,20250718_C7B_00328.jpg
178,C7B,2025,7/10/25,4.0,7/10/25,20250710_C7B_00178.jpg
2837,C7B,2025,7/13/25,4.0,7/12/25,20250712_C7B_02837.jpg
5117,C10,2025,7/11/25,4.0,7/11/25,20250711_C10_05117.jpg
5283,C10,2025,7/20/25,2.5,7/21/25,20250721_C10_05283.jpg
4197,C10,2025,7/19/25,2.0,7/18/25,20250718_C10_04197.jpg
7390,G3,2023,7/26/23,5.5,7/27/23,20230727_G3_07390.jpg
7362,G3,2023,7/26/23,5.0,7/27/23,20230727_G3_07362.jpg
753,C7B,2025,6/30/25,7.0,7/1/25,20250701_C7B_00753.jpg
677,C7B,2025,7/10/25,4.5,7/10/25,20250710_C7B_00677.jpg
1529,C7B,2025,7/1/25,6.0,7/1/25,20250701_C7B_01529.jpg
4506,C10,2025,7/2/25,5.5,7/4/25,20250704_C10_04506.jpg
5458,C10,2025,7/11/25,7.0,7/11/25,20250711_C10_05458.jpg
4930,C10,2025,7/20/25,2.0,7/21/25,20250721_C10_04930.jpg
6772,C10,2025,6/30/25,8.5,6/28/25,20250628_C10_06772.jpg
1929,C7B,2025,7/1/25,8.0,7/1/25,20250701_C7B_01929.jpg
5223,C10,2025,7/20/25,2.5,7/21/25,20250721_C10_05223.jpg
567,C7B,2025,7/10/25,6.0,7/10/25,20250710_C7B_00567.jpg
5853,C10,2025,7/19/25,1.5,7/18/25,20250718_C10_05853.jpg
9954,I3B,2023,7/12/23,4.0,7/13/23,20230713_I3B_09954.jpg
8091,G3,2023,7/20/23,8.0,7/20/23,20230720_G3_08091.jpg
5034,C10,2025,7/2/25,5.0,7/4/25,20250704_C10_05034.jpg
5753,C10,2025,7/19/25,1.5,7/18/25,20250718_C10_05753.jpg
1717,C7B,2025,7/19/25,4.5,7/18/25,20250718_C7B_01717.jpg
2002,C7B,2025,7/1/25,7.5,7/1/25,20250701_C7B_02002.jpg
5623,C10,2025,7/20/25,2.0,7/21/25,20250721_C10_05623.jpg
143,C7B,2025,7/10/25,7.0,7/10/25,20250710_C7B_00143.jpg
9576,I3B,2023,7/12/23,5.0,7/13/23,20230713_I3B_09576.jpg
4420,C10,2025,7/7/25,4.0,7/7/25,20250707_C10_04420.jpg
6745,C10,2025,6/30/25,8.0,6/28/25,20250628_C10_06745.jpg
1245,C7B,2025,7/1/25,7.0,7/1/25,20250701_C7B_01245.jpg
407,C7B,2025,6/30/25,8.0,7/1/25,20250701_C7B_00407.jpg
1838,C7B,2025,7/1/25,7.5,7/1/25,20250701_C7B_01838.jpg
218,C7B,2025,7/4/25,5.5,7/4/25,20250704_C7B_00218.jpg
8171,G3,2023,7/26/23,3.5,7/27/23,20230727_G3_08171.jpg
2796,C7B,2025,7/18/25,7.5,7/18/25,20250718_C7B_02796.jpg
731,C7B,2025,7/10/25,4.0,7/10/25,20250710_C7B_00731.jpg
678,C7B,2025,6/30/25,6.0,7/1/25,20250701_C7B_00678.jpg
5018,C10,2025,7/2/25,6.0,7/4/25,20250704_C10_05018.jpg
7531,G3,2023,7/26/23,6.0,7/27/23,20230727_G3_07531.jpg
1079,C7B,2025,7/1/25,6.0,7/1/25,20250701_C7B_01079.jpg
5345,C10,2025,7/20/25,2.5,7/21/25,20250721_C10_05345.jpg
682,C7B,2025,7/18/25,4.0,7/18/25,20250718_C7B_00682.jpg
11216,I3B,2023,7/19/23,5.5,7/20/23,20230720_I3B_11216.jpg
1307,C7B,2025,7/1/25,7.5,7/1/25,20250701_C7B_01307.jpg
1697,C7B,2025,7/19/25,6.0,7/18/25,20250718_C7B_01697.jpg
6655,C10,2025,7/3/25,7.0,7/4/25,20250704_C10_06655.jpg
4206,C10,2025,6/30/25,5.0,6/28/25,20250628_C10_04206.jpg
210,C7B,2025,7/10/25,6.0,7/10/25,20250710_C7B_00210.jpg
547,C7B,2025,7/18/25,3.5,7/18/25,20250718_C7B_00547.jpg
1946,C7B,2025,7/10/25,4.0,7/10/25,20250710_C7B_01946.jpg
10941,I3B,2023,7/19/23,6.0,7/20/23,20230720_I3B_10941.jpg
4714,C10,2025,7/11/25,5.0,7/11/25,20250711_C10_04714.jpg
1908,C7B,2025,7/1/25,8.0,7/1/25,20250701_C7B_01908.jpg
4246,C10,2025,7/7/25,7.0,7/7/25,20250707_C10_04246.jpg
5261,C10,2025,7/11/25,3.5,7/11/25,20250711_C10_05261.jpg
11119,I3B,2023,7/12/23,6.5,7/13/23,20230713_I3B_11119.jpg
4348,C10,2025,7/19/25,2.0,7/18/25,20250718_C10_04348.jpg
1683,C7B,2025,7/10/25,7.0,7/10/25,20250710_C7B_01683.jpg
314,C7B,2025,7/18/25,4.0,7/18/25,20250718_C7B_00314.jpg
2644,C7B,2025,7/8/25,7.0,7/7/25,20250707_C7B_02644.jpg
1157,C7B,2025,7/1/25,6.0,7/1/25,20250701_C7B_01157.jpg
1050,C7B,2025,7/1/25,6.5,7/1/25,20250701_C7B_01050.jpg
6799,C10,2025,7/3/25,6.0,7/4/25,20250704_C10_06799.jpg
11309,I3B,2023,7/19/23,7.5,7/20/23,20230720_I3B_11309.jpg
5447,C10,2025,7/20/25,3.0,7/21/25,20250721_C10_05447.jpg
7359,G3,2023,7/26/23,7.0,7/27/23,20230727_G3_07359.jpg
2804,C7B,2025,6/30/25,8.0,7/1/25,20250701_C7B_02804.jpg
5935,C10,2025,7/11/25,6.0,7/11/25,20250711_C10_05935.jpg
79,C7B,2025,6/30/25,6.0,7/1/25,20250701_C7B_00079.jpg
10792,I3B,2023,7/19/23,5.0,7/20/23,20230720_I3B_10792.jpg
1852,C7B,2025,7/19/25,4.0,7/18/25,20250718_C7B_01852.jpg
329,C7B,2025,7/10/25,5.0,7/10/25,20250710_C7B_00329.jpg
1025,C7B,2025,7/10/25,5.5,7/10/25,20250710_C7B_01025.jpg
1213,C7B,2025,7/10/25,4.5,7/10/25,20250710_C7B_01213.jpg
6790,C10,2025,7/14/25,8.0,7/14/25,20250714_C10_06790.jpg
4891,C10,2025,7/20/25,2.5,7/21/25,20250721_C10_04891.jpg
280,C7B,2025,7/4/25,5.5,7/4/25,20250704_C7B_00280.jpg
4213,C10,2025,7/7/25,5.0,7/7/25,20250707_C10_04213.jpg
4064,C10,2025,7/19/25,5.5,7/18/25,20250718_C10_04064.jpg
968,C7B,2025,7/18/25,7.0,7/18/25,20250718_C7B_00968.jpg
4604,C10,2025,7/20/25,3.0,7/21/25,20250721_C10_04604.jpg
2701,C7B,2025,7/13/25,7.0,7/12/25,20250712_C7B_02701.jpg
11107,I3B,2023,7/12/23,7.5,7/13/23,20230713_I3B_11107.jpg
9929,I3B,2023,7/12/23,5.5,7/13/23,20230713_I3B_09929.jpg
4149,C10,2025,7/7/25,3.0,7/7/25,20250707_C10_04149.jpg
341,C7B,2025,7/18/25,1.5,7/18/25,20250718_C7B_00341.jpg
6844,C10,2025,7/18/25,8.0,7/18/25,20250718_C10_06844.jpg
7495,G3,2023,7/26/23,8.0,7/27/23,20230727_G3_07495.jpg
5593,C10,2025,7/2/25,5.5,7/4/25,20250704_C10_05593.jpg
1543,C7B,2025,7/1/25,6.0,7/1/25,20250701_C7B_01543.jpg
57,C7B,2025,7/11/25,7.0,7/10/25,20250710_C7B_00057.jpg
1142,C7B,2025,7/1/25,5.0,7/1/25,20250701_C7B_01142.jpg
2671,C7B,2025,7/18/25,7.5,7/18/25,20250718_C7B_02671.jpg
1879,C7B,2025,7/1/25,8.0,7/1/25,20250701_C7B_01879.jpg
9897,I3B,2023,7/12/23,5.0,7/13/23,20230713_I3B_09897.jpg
2043,C7B,2025,7/19/25,3.0,7/18/25,20250718_C7B_02043.jpg
1978,C7B,2025,7/19/25,3.0,7/18/25,20250718_C7B_01978.jpg
4483,C10,2025,7/11/25,5.5,7/11/25,20250711_C10_04483.jpg
5385,C10,2025,7/11/25,3.0,7/11/25,20250711_C10_05385.jpg
5050,C10,2025,7/11/25,6.0,7/11/25,20250711_C10_05050.jpg
4292,C10,2025,7/11/25,3.5,7/11/25,20250711_C10_04292.jpg
5996,C10,2025,7/8/25,5.5,7/7/25,20250707_C10_05996.jpg
2695,C7B,2025,7/18/25,1.0,7/18/25,20250718_C7B_02695.jpg
5839,C10,2025,7/1/25,3.5,6/28/25,20250628_C10_05839.jpg
1189,C7B,2025,7/18/25,3.0,7/18/25,20250718_C7B_01189.jpg
5399,C10,2025,7/11/25,6.0,7/11/25,20250711_C10_05399.jpg
11188,I3B,2023,7/12/23,7.0,7/13/23,20230713_I3B_11188.jpg
5607,C10,2025,7/11/25,5.0,7/11/25,20250711_C10_05607.jpg
5973,C10,2025,7/19/25,5.0,7/18/25,20250718_C10_05973.jpg
7286,G3,2023,7/20/23,7.5,7/20/23,20230720_G3_07286.jpg
6673,C10,2025,7/14/25,7.5,7/14/25,20250714_C10_06673.jpg
5950,C10,2025,7/8/25,4.0,7/7/25,20250707_C10_05950.jpg
5952,C10,2025,7/2/25,5.0,7/4/25,20250704_C10_05952.jpg
458,C7B,2025,7/4/25,7.0,7/4/25,20250704_C7B_00458.jpg
5090,C10,2025,7/11/25,5.0,7/11/25,20250711_C10_05090.jpg
7320,G3,2023,7/20/23,7.5,7/20/23,20230720_G3_07320.jpg
6032,C10,2025,7/8/25,5.0,7/7/25,20250707_C10_06032.jpg
4047,C10,2025,7/7/25,7.5,7/7/25,20250707_C10_04047.jpg
5726,C10,2025,7/11/25,7.5,7/11/25,20250711_C10_05726.jpg
6822,C10,2025,7/18/25,7.5,7/18/25,20250718_C10_06822.jpg
1855,C7B,2025,7/19/25,2.0,7/18/25,20250718_C7B_01855.jpg
5393,C10,2025,7/2/25,6.5,7/4/25,20250704_C10_05393.jpg
10024,I3B,2023,7/12/23,5.5,7/13/23,20230713_I3B_10024.jpg
5761,C10,2025,7/8/25,5.5,7/7/25,20250707_C10_05761.jpg
818,C7B,2025,7/10/25,5.5,7/10/25,20250710_C7B_00818.jpg
5383,C10,2025,7/2/25,7.5,7/4/25,20250704_C10_05383.jpg
1207,C7B,2025,7/10/25,6.5,7/10/25,20250710_C7B_01207.jpg
5547,C10,2025,7/11/25,6.0,7/11/25,20250711_C10_05547.jpg
4550,C10,2025,7/11/25,5.5,7/11/25,20250711_C10_04550.jpg
5710,C10,2025,7/19/25,5.5,7/18/25,20250718_C10_05710.jpg
13,C7B,2025,6/30/25,8.0,7/1/25,20250701_C7B_00013.jpg
4304,C10,2025,7/19/25,2.5,7/18/25,20250718_C10_04304.jpg
8019,G3,2023,7/19/23,5.0,7/20/23,20230720_G3_08019.jpg
1168,C7B,2025,7/1/25,5.0,7/1/25,20250701_C7B_01168.jpg
893,C7B,2025,7/1/25,6.0,7/1/25,20250701_C7B_00893.jpg
4834,C10,2025,7/11/25,5.0,7/11/25,20250711_C10_04834.jpg
4566,C10,2025,7/20/25,2.0,7/21/25,20250721_C10_04566.jpg
501,C7B,2025,7/18/25,4.0,7/18/25,20250718_C7B_00501.jpg
1073,C7B,2025,7/1/25,6.5,7/1/25,20250701_C7B_01073.jpg
81,C7B,2025,7/18/25,4.0,7/18/25,20250718_C7B_00081.jpg
4326,C10,2025,6/30/25,7.0,6/28/25,20250628_C10_04326.jpg
239,C7B,2025,7/4/25,7.5,7/4/25,20250704_C7B_00239.jpg
1679,C7B,2025,7/10/25,8.0,7/10/25,20250710_C7B_01679.jpg
211,C7B,2025,7/10/25,5.0,7/10/25,20250710_C7B_00211.jpg
249,C7B,2025,7/4/25,5.5,7/4/25,20250704_C7B_00249.jpg
175,C7B,2025,7/10/25,5.5,7/10/25,20250710_C7B_00175.jpg
610,C7B,2025,7/18/25,3.0,7/18/25,20250718_C7B_00610.jpg
4175,C10,2025,7/11/25,6.0,7/11/25,20250711_C10_04175.jpg
1827,C7B,2025,7/7/25,6.0,7/7/25,20250707_C7B_01827.jpg
5297,C10,2025,7/2/25,7.0,7/4/25,20250704_C10_05297.jpg
6027,C10,2025,7/19/25,4.0,7/18/25,20250718_C10_06027.jpg
1683,C7B,2025,7/19/25,3.0,7/18/25,20250718_C7B_01683.jpg
671,C7B,2025,7/10/25,6.0,7/10/25,20250710_C7B_00671.jpg
856,C7B,2025,7/18/25,4.0,7/18/25,20250718_C7B_00856.jpg
524,C7B,2025,7/10/25,4.0,7/10/25,20250710_C7B_00524.jpg
4614,C10,2025,7/2/25,6.0,7/4/25,20250704_C10_04614.jpg
1506,C7B,2025,7/1/25,5.5,7/1/25,20250701_C7B_01506.jpg
151,C7B,2025,7/4/25,6.0,7/4/25,20250704_C7B_00151.jpg
115,C7B,2025,6/30/25,7.0,7/1/25,20250701_C7B_00115.jpg
10984,I3B,2023,7/19/23,5.0,7/20/23,20230720_I3B_10984.jpg
4150,C10,2025,6/30/25,6.0,6/28/25,20250628_C10_04150.jpg
1843,C7B,2025,7/19/25,2.5,7/18/25,20250718_C7B_01843.jpg
5872,C10,2025,7/1/25,7.5,6/28/25,20250628_C10_05872.jpg
5695,C10,2025,7/19/25,4.0,7/18/25,20250718_C10_05695.jpg
3070,G3,2023,7/26/23,4.0,7/27/23,20230727_G3_03070.jpg
4290,C10,2025,7/7/25,6.0,7/7/25,20250707_C10_04290.jpg
5901,C10,2025,7/8/25,7.0,7/7/25,20250707_C10_05901.jpg
4584,C10,2025,7/11/25,4.5,7/11/25,20250711_C10_04584.jpg
1997,C7B,2025,7/19/25,3.0,7/18/25,20250718_C7B_01997.jpg
2710,C7B,2025,7/8/25,7.5,7/7/25,20250707_C7B_02710.jpg
5361,C10,2025,7/20/25,2.0,7/21/25,20250721_C10_05361.jpg
2694,C7B,2025,7/8/25,7.5,7/7/25,20250707_C7B_02694.jpg
1396,C7B,2025,7/18/25,4.5,7/18/25,20250718_C7B_01396.jpg
8041,G3,2023,7/26/23,5.5,7/27/23,20230727_G3_08041.jpg
740,C7B,2025,7/10/25,6.5,7/10/25,20250710_C7B_00740.jpg
6717,C10,2025,7/3/25,8.0,7/4/25,20250704_C10_06717.jpg
5808,C10,2025,7/19/25,3.0,7/18/25,20250718_C10_05808.jpg
5043,C10,2025,7/11/25,4.0,7/11/25,20250711_C10_05043.jpg
713,C7B,2025,7/18/25,4.0,7/18/25,20250718_C7B_00713.jpg
429,C7B,2025,7/10/25,6.5,7/10/25,20250710_C7B_00429.jpg
4700,C10,2025,7/20/25,2.0,7/21/25,20250721_C10_04700.jpg
10800,I3B,2023,7/19/23,6.0,7/20/23,20230720_I3B_10800.jpg
6860,C10,2025,7/3/25,4.5,7/4/25,20250704_C10_06860.jpg
5082,C10,2025,7/2/25,5.0,7/4/25,20250704_C10_05082.jpg
5234,C10,2025,7/11/25,5.0,7/11/25,20250711_C10_05234.jpg
905,C7B,2025,7/1/25,7.5,7/1/25,20250701_C7B_00905.jpg
5670,C10,2025,7/19/25,3.0,7/18/25,20250718_C10_05670.jpg
5289,C10,2025,7/11/25,4.0,7/11/25,20250711_C10_05289.jpg
2764,C7B,2025,6/30/25,8.5,7/1/25,20250701_C7B_02764.jpg
5370,C10,2025,7/11/25,5.0,7/11/25,20250711_C10_05370.jpg
1187,C7B,2025,7/18/25,2.0,7/18/25,20250718_C7B_01187.jpg
1895,C7B,2025,7/1/25,5.5,7/1/25,20250701_C7B_01895.jpg
1555,C7B,2025,7/10/25,5.0,7/10/25,20250710_C7B_01555.jpg
5617,C10,2025,7/2/25,4.0,7/4/25,20250704_C10_05617.jpg
4257,C10,2025,7/7/25,5.5,7/7/25,20250707_C10_04257.jpg
10782,I3B,2023,7/19/23,5.5,7/20/23,20230720_I3B_10782.jpg
4142,C10,2025,7/19/25,3.0,7/18/25,20250718_C10_04142.jpg
665,C7B,2025,6/30/25,6.5,7/1/25,20250701_C7B_00665.jpg
131,C7B,2025,6/30/25,7.5,7/1/25,20250701_C7B_00131.jpg
266,C7B,2025,7/4/25,8.5,7/4/25,20250704_C7B_00266.jpg
1303,C7B,2025,7/10/25,4.0,7/10/25,20250710_C7B_01303.jpg
1099,C7B,2025,7/18/25,2.5,7/18/25,20250718_C7B_01099.jpg
5119,C10,2025,7/2/25,6.5,7/4/25,20250704_C10_05119.jpg
6002,C10,2025,7/2/25,7.5,7/4/25,20250704_C10_06002.jpg
4339,C10,2025,7/11/25,5.0,7/11/25,20250711_C10_04339.jpg
4363,C10,2025,7/11/25,3.0,7/11/25,20250711_C10_04363.jpg
756,C7B,2025,7/18/25,2.0,7/18/25,20250718_C7B_00756.jpg
7220,G3,2023,7/26/23,5.0,7/27/23,20230727_G3_07220.jpg
7497,G3,2023,7/26/23,4.0,7/27/23,20230727_G3_07497.jpg
7284,G3,2023,7/20/23,8.0,7/20/23,20230720_G3_07284.jpg
1311,C7B,2025,7/10/25,5.0,7/10/25,20250710_C7B_01311.jpg
6729,C10,2025,6/30/25,8.0,6/28/25,20250628_C10_06729.jpg
4196,C10,2025,7/7/25,4.0,7/7/25,20250707_C10_04196.jpg
4354,C10,2025,7/7/25,6.0,7/7/25,20250707_C10_04354.jpg
5609,C10,2025,7/20/25,3.5,7/21/25,20250721_C10_05609.jpg
8134,G3,2023,7/26/23,7.5,7/27/23,20230727_G3_08134.jpg
1520,C7B,2025,7/10/25,3.0,7/10/25,20250710_C7B_01520.jpg
953,C7B,2025,7/1/25,6.0,7/1/25,20250701_C7B_00953.jpg
4312,C10,2025,7/7/25,5.0,7/7/25,20250707_C10_04312.jpg
385,C7B,2025,7/10/25,4.5,7/10/25,20250710_C7B_00385.jpg
8032,G3,2023,7/19/23,6.5,7/20/23,20230720_G3_08032.jpg
5282,C10,2025,7/2/25,5.0,7/4/25,20250704_C10_05282.jpg
281,C7B,2025,7/18/25,4.0,7/18/25,20250718_C7B_00281.jpg
5674,C10,2025,7/1/25,6.5,6/28/25,20250628_C10_05674.jpg
712,C7B,2025,7/10/25,6.0,7/10/25,20250710_C7B_00712.jpg
6848,C10,2025,7/8/25,8.0,7/7/25,20250707_C10_06848.jpg
6744,C10,2025,7/14/25,6.5,7/14/25,20250714_C10_06744.jpg
5924,C10,2025,7/8/25,8.0,7/7/25,20250707_C10_05924.jpg
1737,C7B,2025,7/10/25,7.0,7/10/25,20250710_C7B_01737.jpg
1714,C7B,2025,7/10/25,5.0,7/10/25,20250710_C7B_01714.jpg
444,C7B,2025,7/4/25,7.5,7/4/25,20250704_C7B_00444.jpg
1397,C7B,2025,7/10/25,5.0,7/10/25,20250710_C7B_01397.jpg
6785,C10,2025,7/8/25,8.0,7/7/25,20250707_C10_06785.jpg
1919,C7B,2025,7/10/25,5.0,7/10/25,20250710_C7B_01919.jpg
4601,C10,2025,7/11/25,4.0,7/11/25,20250711_C10_04601.jpg
5558,C10,2025,7/2/25,5.0,7/4/25,20250704_C10_05558.jpg
5929,C10,2025,7/11/25,4.0,7/11/25,20250711_C10_05929.jpg
4925,C10,2025,7/2/25,7.0,7/4/25,20250704_C10_04925.jpg
410,C7B,2025,7/10/25,5.0,7/10/25,20250710_C7B_00410.jpg
6812,C10,2025,7/14/25,8.0,7/14/25,20250714_C10_06812.jpg
4421,C10,2025,7/19/25,1.5,7/18/25,20250718_C10_04421.jpg
394,C7B,2025,7/4/25,5.5,7/4/25,20250704_C7B_00394.jpg
5837,C10,2025,7/1/25,6.5,6/28/25,20250628_C10_05837.jpg
1248,C7B,2025,7/10/25,4.0,7/10/25,20250710_C7B_01248.jpg
5988,C10,2025,7/2/25,6.5,7/4/25,20250704_C10_05988.jpg
760,C7B,2025,7/10/25,5.5,7/10/25,20250710_C7B_00760.jpg
5495,C10,2025,7/20/25,2.5,7/21/25,20250721_C10_05495.jpg
242,C7B,2025,7/4/25,6.5,7/4/25,20250704_C7B_00242.jpg
7206,G3,2023,7/26/23,8.5,7/27/23,20230727_G3_07206.jpg
10887,I3B,2023,7/19/23,7.0,7/20/23,20230720_I3B_10887.jpg
5609,C10,2025,7/2/25,6.0,7/4/25,20250704_C10_05609.jpg
855,C7B,2025,7/18/25,3.5,7/18/25,20250718_C7B_00855.jpg
5756,C10,2025,7/11/25,4.0,7/11/25,20250711_C10_05756.jpg
6720,C10,2025,7/8/25,8.5,7/7/25,20250707_C10_06720.jpg
8012,G3,2023,7/26/23,6.0,7/27/23,20230727_G3_08012.jpg
1605,C7B,2025,7/10/25,5.0,7/10/25,20250710_C7B_01605.jpg
5415,C10,2025,7/11/25,5.0,7/11/25,20250711_C10_05415.jpg
8148,G3,2023,7/26/23,6.5,7/27/23,20230727_G3_08148.jpg
6046,C10,2025,7/19/25,2.0,7/18/25,20250718_C10_06046.jpg
10981,I3B,2023,7/19/23,6.0,7/20/23,20230720_I3B_10981.jpg
6022,C10,2025,7/11/25,4.5,7/11/25,20250711_C10_06022.jpg
11106,I3B,2023,7/12/23,7.5,7/13/23,20230713_I3B_11106.jpg
704,C7B,2025,7/10/25,7.5,7/10/25,20250710_C7B_00704.jpg
9573,I3B,2023,7/12/23,6.5,7/13/23,20230713_I3B_09573.jpg
5364,C10,2025,7/11/25,4.0,7/11/25,20250711_C10_05364.jpg
4880,C10,2025,7/11/25,5.0,7/11/25,20250711_C10_04880.jpg
495,C7B,2025,7/18/25,1.5,7/18/25,20250718_C7B_00495.jpg
955,C7B,2025,7/10/25,5.5,7/10/25,20250710_C7B_00955.jpg
2666,C7B,2025,7/8/25,7.5,7/7/25,20250707_C7B_02666.jpg
5403,C10,2025,7/2/25,5.5,7/4/25,20250704_C10_05403.jpg
126,C7B,2025,7/4/25,7.5,7/4/25,20250704_C7B_00126.jpg
4226,C10,2025,7/19/25,3.5,7/18/25,20250718_C10_04226.jpg
5076,C10,2025,7/20/25,2.5,7/21/25,20250721_C10_05076.jpg
6698,C10,2025,7/18/25,7.0,7/18/25,20250718_C10_06698.jpg
5597,C10,2025,7/11/25,4.0,7/11/25,20250711_C10_05597.jpg
5640,C10,2025,7/20/25,1.5,7/21/25,20250721_C10_05640.jpg
6787,C10,2025,6/30/25,8.0,6/28/25,20250628_C10_06787.jpg
5279,C10,2025,7/2/25,6.5,7/4/25,20250704_C10_05279.jpg
8003,G3,2023,7/19/23,7.5,7/20/23,20230720_G3_08003.jpg
2719,C7B,2025,7/18/25,4.0,7/18/25,20250718_C7B_02719.jpg
8078,G3,2023,7/26/23,8.0,7/27/23,20230727_G3_08078.jpg
1709,C7B,2025,7/1/25,8.0,7/1/25,20250701_C7B_01709.jpg
5574,C10,2025,7/11/25,3.5,7/11/25,20250711_C10_05574.jpg
7436,G3,2023,7/26/23,5.0,7/27/23,20230727_G3_07436.jpg
4865,C10,2025,7/20/25,3.0,7/21/25,20250721_C10_04865.jpg
2696,C7B,2025,6/30/25,8.5,7/1/25,20250701_C7B_02696.jpg
4032,C10,2025,7/7/25,5.0,7/7/25,20250707_C10_04032.jpg
309,C7B,2025,6/30/25,5.5,7/1/25,20250701_C7B_00309.jpg
6772,C10,2025,7/8/25,8.0,7/7/25,20250707_C10_06772.jpg
549,C7B,2025,6/30/25,6.0,7/1/25,20250701_C7B_00549.jpg
1583,C7B,2025,7/18/25,5.0,7/18/25,20250718_C7B_01583.jpg
1184,C7B,2025,7/1/25,5.0,7/1/25,20250701_C7B_01184.jpg
4834,C10,2025,7/2/25,6.0,7/4/25,20250704_C10_04834.jpg
7413,G3,2023,7/26/23,8.0,7/27/23,20230727_G3_07413.jpg
8130,G3,2023,7/20/23,6.0,7/20/23,20230720_G3_08130.jpg
653,C7B,2025,6/30/25,7.0,7/1/25,20250701_C7B_00653.jpg
261,C7B,2025,7/18/25,3.5,7/18/25,20250718_C7B_00261.jpg
4426,C10,2025,6/30/25,7.0,6/28/25,20250628_C10_04426.jpg
832,C7B,2025,7/18/25,4.0,7/18/25,20250718_C7B_00832.jpg
2859,C7B,2025,7/8/25,7.5,7/7/25,20250707_C7B_02859.jpg
1165,C7B,2025,7/10/25,6.0,7/10/25,20250710_C7B_01165.jpg
1090,C7B,2025,7/18/25,3.5,7/18/25,20250718_C7B_01090.jpg
2867,C7B,2025,6/30/25,8.5,7/1/25,20250701_C7B_02867.jpg
283,C7B,2025,7/4/25,6.5,7/4/25,20250704_C7B_00283.jpg
114,C7B,2025,7/18/25,3.5,7/18/25,20250718_C7B_00114.jpg
7501,G3,2023,7/20/23,5.5,7/20/23,20230720_G3_07501.jpg
5622,C10,2025,7/11/25,4.5,7/11/25,20250711_C10_05622.jpg
9818,I3B,2023,7/12/23,5.0,7/13/23,20230713_I3B_09818.jpg
4286,C10,2025,6/30/25,7.5,6/28/25,20250628_C10_04286.jpg
4880,C10,2025,7/2/25,7.0,7/4/25,20250704_C10_04880.jpg
3072,G3,2023,7/19/23,8.0,7/20/23,20230720_G3_03072.jpg
10935,I3B,2023,7/19/23,6.0,7/20/23,20230720_I3B_10935.jpg
608,C7B,2025,6/30/25,7.0,7/1/25,20250701_C7B_00608.jpg
1064,C7B,2025,7/1/25,7.5,7/1/25,20250701_C7B_01064.jpg
4676,C10,2025,7/20/25,3.0,7/21/25,20250721_C10_04676.jpg
7269,G3,2023,7/19/23,6.0,7/20/23,20230720_G3_07269.jpg
5611,C10,2025,7/20/25,1.5,7/21/25,20250721_C10_05611.jpg
415,C7B,2025,6/30/25,6.0,7/1/25,20250701_C7B_00415.jpg
7348,G3,2023,7/20/23,7.0,7/20/23,20230720_G3_07348.jpg
5589,C10,2025,7/2/25,6.0,7/4/25,20250704_C10_05589.jpg
224,C7B,2025,7/4/25,7.0,7/4/25,20250704_C7B_00224.jpg
4117,C10,2025,7/11/25,6.5,7/11/25,20250711_C10_04117.jpg
1957,C7B,2025,7/19/25,4.5,7/18/25,20250718_C7B_01957.jpg
4028,C10,2025,7/11/25,7.0,7/11/25,20250711_C10_04028.jpg
5523,C10,2025,7/2/25,5.0,7/4/25,20250704_C10_05523.jpg
8040,G3,2023,7/26/23,3.0,7/27/23,20230727_G3_08040.jpg
514,C7B,2025,7/10/25,4.0,7/10/25,20250710_C7B_00514.jpg
11243,I3B,2023,7/19/23,5.5,7/20/23,20230720_I3B_11243.jpg
531,C7B,2025,7/10/25,4.5,7/10/25,20250710_C7B_00531.jpg
4675,C10,2025,7/11/25,4.0,7/11/25,20250711_C10_04675.jpg
2642,C7B,2025,7/13/25,5.0,7/12/25,20250712_C7B_02642.jpg
9690,I3B,2023,7/12/23,5.0,7/13/23,20230713_I3B_09690.jpg
4131,C10,2025,7/11/25,4.0,7/11/25,20250711_C10_04131.jpg
4013,C10,2025,7/7/25,7.0,7/7/25,20250707_C10_04013.jpg
83,C7B,2025,7/10/25,7.5,7/10/25,20250710_C7B_00083.jpg
2793,C7B,2025,7/18/25,7.5,7/18/25,20250718_C7B_02793.jpg
5184,C10,2025,7/2/25,5.0,7/4/25,20250704_C10_05184.jpg
1015,C7B,2025,7/18/25,1.5,7/18/25,20250718_C7B_01015.jpg
5784,C10,2025,7/11/25,6.5,7/11/25,20250711_C10_05784.jpg
681,C7B,2025,6/30/25,8.0,7/1/25,20250701_C7B_00681.jpg
1183,C7B,2025,7/10/25,3.0,7/10/25,20250710_C7B_01183.jpg
1772,C7B,2025,7/10/25,3.5,7/10/25,20250710_C7B_01772.jpg
4465,C10,2025,7/20/25,2.0,7/21/25,20250721_C10_04465.jpg
5673,C10,2025,7/19/25,4.5,7/18/25,20250718_C10_05673.jpg
10907,I3B,2023,7/19/23,4.5,7/20/23,20230720_I3B_10907.jpg
37,C7B,2025,7/18/25,6.5,7/18/25,20250718_C7B_00037.jpg
6741,C10,2025,7/8/25,8.0,7/7/25,20250707_C10_06741.jpg
2813,C7B,2025,6/30/25,8.0,7/1/25,20250701_C7B_02813.jpg
5583,C10,2025,7/2/25,4.0,7/4/25,20250704_C10_05583.jpg
52,C7B,2025,7/18/25,3.5,7/18/25,20250718_C7B_00052.jpg
1448,C7B,2025,7/10/25,3.0,7/10/25,20250710_C7B_01448.jpg
1369,C7B,2025,7/1/25,7.0,7/1/25,20250701_C7B_01369.jpg
4104,C10,2025,7/19/25,4.0,7/18/25,20250718_C10_04104.jpg
1706,C7B,2025,7/19/25,3.0,7/18/25,20250718_C7B_01706.jpg
426,C7B,2025,6/30/25,7.0,7/1/25,20250701_C7B_00426.jpg
475,C7B,2025,6/30/25,7.5,7/1/25,20250701_C7B_00475.jpg
4198,C10,2025,7/11/25,4.5,7/11/25,20250711_C10_04198.jpg
6731,C10,2025,7/14/25,7.5,7/14/25,20250714_C10_06731.jpg
4099,C10,2025,6/30/25,8.0,6/28/25,20250628_C10_04099.jpg
782,C7B,2025,7/18/25,3.0,7/18/25,20250718_C7B_00782.jpg
5878,C10,2025,7/11/25,4.0,7/11/25,20250711_C10_05878.jpg
1680,C7B,2025,7/7/25,5.0,7/7/25,20250707_C7B_01680.jpg
1851,C7B,2025,7/19/25,3.5,7/18/25,20250718_C7B_01851.jpg
722,C7B,2025,7/18/25,5.0,7/18/25,20250718_C7B_00722.jpg
4056,C10,2025,6/30/25,7.0,6/28/25,20250628_C10_04056.jpg
2720,C7B,2025,7/18/25,4.0,7/18/25,20250718_C7B_02720.jpg
1392,C7B,2025,7/10/25,6.5,7/10/25,20250710_C7B_01392.jpg
1050,C7B,2025,7/10/25,6.0,7/10/25,20250710_C7B_01050.jpg
5345,C10,2025,7/2/25,6.0,7/4/25,20250704_C10_05345.jpg
10749,I3B,2023,7/19/23,5.5,7/20/23,20230720_I3B_10749.jpg
5068,C10,2025,7/11/25,5.0,7/11/25,20250711_C10_05068.jpg
390,C7B,2025,7/18/25,2.0,7/18/25,20250718_C7B_00390.jpg
5546,C10,2025,7/20/25,3.0,7/21/25,20250721_C10_05546.jpg
1896,C7B,2025,7/19/25,3.0,7/18/25,20250718_C7B_01896.jpg
8102,G3,2023,7/20/23,6.5,7/20/23,20230720_G3_08102.jpg
1072,C7B,2025,7/1/25,5.5,7/1/25,20250701_C7B_01072.jpg
1916,C7B,2025,7/19/25,5.5,7/18/25,20250718_C7B_01916.jpg
5986,C10,2025,7/11/25,4.5,7/11/25,20250711_C10_05986.jpg
311,C7B,2025,6/30/25,6.5,7/1/25,20250701_C7B_00311.jpg
343,C7B,2025,6/30/25,7.5,7/1/25,20250701_C7B_00343.jpg
216,C7B,2025,7/4/25,6.0,7/4/25,20250704_C7B_00216.jpg
1847,C7B,2025,7/7/25,5.0,7/7/25,20250707_C7B_01847.jpg
2825,C7B,2025,7/8/25,7.0,7/7/25,20250707_C7B_02825.jpg
6001,C10,2025,7/11/25,5.0,7/11/25,20250711_C10_06001.jpg
636,C7B,2025,7/10/25,4.5,7/10/25,20250710_C7B_00636.jpg
859,C7B,2025,7/10/25,5.0,7/10/25,20250710_C7B_00859.jpg
6857,C10,2025,7/3/25,8.0,7/4/25,20250704_C10_06857.jpg
4986,C10,2025,7/2/25,6.0,7/4/25,20250704_C10_04986.jpg
1735,C7B,2025,7/19/25,4.0,7/18/25,20250718_C7B_01735.jpg
1684,C7B,2025,7/7/25,7.5,7/7/25,20250707_C7B_01684.jpg
7362,G3,2023,7/20/23,6.5,7/20/23,20230720_G3_07362.jpg
10311,I3B,2023,7/25/23,3.0,7/27/23,20230727_I3B_10311.jpg
5051,C10,2025,7/2/25,5.5,7/4/25,20250704_C10_05051.jpg
324,C7B,2025,7/4/25,7.0,7/4/25,20250704_C7B_00324.jpg
4519,C10,2025,7/11/25,3.5,7/11/25,20250711_C10_04519.jpg
4917,C10,2025,7/11/25,4.0,7/11/25,20250711_C10_04917.jpg
3139,G3,2023,7/19/23,7.5,7/20/23,20230720_G3_03139.jpg
710,C7B,2025,6/30/25,7.5,7/1/25,20250701_C7B_00710.jpg
7385,G3,2023,7/26/23,4.0,7/27/23,20230727_G3_07385.jpg
4316,C10,2025,6/30/25,5.5,6/28/25,20250628_C10_04316.jpg
396,C7B,2025,7/4/25,6.0,7/4/25,20250704_C7B_00396.jpg
10987,I3B,2023,7/19/23,7.5,7/20/23,20230720_I3B_10987.jpg
677,C7B,2025,6/30/25,5.0,7/1/25,20250701_C7B_00677.jpg
5219,C10,2025,7/11/25,4.0,7/11/25,20250711_C10_05219.jpg
6692,C10,2025,7/14/25,8.0,7/14/25,20250714_C10_06692.jpg
10835,I3B,2023,7/19/23,6.5,7/20/23,20230720_I3B_10835.jpg
1056,C7B,2025,7/1/25,7.0,7/1/25,20250701_C7B_01056.jpg
7223,G3,2023,7/26/23,5.0,7/27/23,20230727_G3_07223.jpg
5792,C10,2025,7/11/25,5.0,7/11/25,20250711_C10_05792.jpg
4141,C10,2025,7/7/25,7.0,7/7/25,20250707_C10_04141.jpg
932,C7B,2025,7/18/25,3.0,7/18/25,20250718_C7B_00932.jpg
10013,I3B,2023,7/12/23,5.0,7/13/23,20230713_I3B_10013.jpg
7352,G3,2023,7/26/23,6.0,7/27/23,20230727_G3_07352.jpg
4357,C10,2025,6/30/25,6.0,6/28/25,20250628_C10_04357.jpg
4415,C10,2025,7/11/25,4.0,7/11/25,20250711_C10_04415.jpg
2037,C7B,2025,7/7/25,5.5,7/7/25,20250707_C7B_02037.jpg
584,C7B,2025,6/30/25,6.0,7/1/25,20250701_C7B_00584.jpg
754,C7B,2025,6/30/25,6.5,7/1/25,20250701_C7B_00754.jpg
1828,C7B,2025,7/7/25,5.5,7/7/25,20250707_C7B_01828.jpg
1034,C7B,2025,7/10/25,6.0,7/10/25,20250710_C7B_01034.jpg
7415,G3,2023,7/26/23,8.0,7/27/23,20230727_G3_07415.jpg
777,C7B,2025,7/10/25,6.0,7/10/25,20250710_C7B_00777.jpg
10023,I3B,2023,7/12/23,4.5,7/13/23,20230713_I3B_10023.jpg
8073,G3,2023,7/20/23,6.5,7/20/23,20230720_G3_08073.jpg
4808,C10,2025,7/11/25,5.5,7/11/25,20250711_C10_04808.jpg
4647,C10,2025,7/11/25,3.0,7/11/25,20250711_C10_04647.jpg
4122,C10,2025,7/7/25,6.0,7/7/25,20250707_C10_04122.jpg
5531,C10,2025,7/2/25,5.5,7/4/25,20250704_C10_05531.jpg
1251,C7B,2025,7/10/25,4.5,7/10/25,20250710_C7B_01251.jpg
335,C7B,2025,7/4/25,6.0,7/4/25,20250704_C7B_00335.jpg
2005,C7B,2025,7/7/25,5.5,7/7/25,20250707_C7B_02005.jpg
696,C7B,2025,6/30/25,7.5,7/1/25,20250701_C7B_00696.jpg
6687,C10,2025,7/3/25,7.0,7/4/25,20250704_C10_06687.jpg
102,C7B,2025,6/30/25,7.5,7/1/25,20250701_C7B_00102.jpg
4210,C10,2025,6/30/25,7.0,6/28/25,20250628_C10_04210.jpg
2033,C7B,2025,7/19/25,3.0,7/18/25,20250718_C7B_02033.jpg
4818,C10,2025,7/20/25,1.5,7/21/25,20250721_C10_04818.jpg
197,C7B,2025,6/30/25,5.5,7/1/25,20250701_C7B_00197.jpg
9829,I3B,2023,7/12/23,6.0,7/13/23,20230713_I3B_09829.jpg
4034,C10,2025,7/19/25,3.0,7/18/25,20250718_C10_04034.jpg
161,C7B,2025,7/4/25,5.0,7/4/25,20250704_C7B_00161.jpg
120,C7B,2025,7/4/25,7.5,7/4/25,20250704_C7B_00120.jpg
1160,C7B,2025,7/18/25,4.0,7/18/25,20250718_C7B_01160.jpg
6016,C10,2025,7/2/25,7.5,7/4/25,20250704_C10_06016.jpg
6776,C10,2025,7/3/25,7.5,7/4/25,20250704_C10_06776.jpg
7340,G3,2023,7/20/23,6.0,7/20/23,20230720_G3_07340.jpg
5928,C10,2025,7/8/25,5.5,7/7/25,20250707_C10_05928.jpg
4386,C10,2025,7/7/25,7.0,7/7/25,20250707_C10_04386.jpg
5188,C10,2025,7/20/25,2.0,7/21/25,20250721_C10_05188.jpg
7235,G3,2023,7/26/23,3.0,7/27/23,20230727_G3_07235.jpg
5351,C10,2025,7/11/25,4.5,7/11/25,20250711_C10_05351.jpg
4863,C10,2025,7/11/25,5.0,7/11/25,20250711_C10_04863.jpg
184,C7B,2025,7/4/25,5.5,7/4/25,20250704_C7B_00184.jpg
5944,C10,2025,7/2/25,7.5,7/4/25,20250704_C10_05944.jpg
400,C7B,2025,7/10/25,4.0,7/10/25,20250710_C7B_00400.jpg
1659,C7B,2025,7/10/25,5.0,7/10/25,20250710_C7B_01659.jpg
5714,C10,2025,7/19/25,4.0,7/18/25,20250718_C10_05714.jpg
1781,C7B,2025,7/7/25,6.0,7/7/25,20250707_C7B_01781.jpg
5764,C10,2025,7/11/25,6.5,7/11/25,20250711_C10_05764.jpg
4972,C10,2025,7/2/25,6.5,7/4/25,20250704_C10_04972.jpg
428,C7B,2025,7/4/25,5.5,7/4/25,20250704_C7B_00428.jpg
4303,C10,2025,7/7/25,5.0,7/7/25,20250707_C10_04303.jpg
9658,I3B,2023,7/12/23,5.0,7/13/23,20230713_I3B_09658.jpg
11199,I3B,2023,7/19/23,4.5,7/20/23,20230720_I3B_11199.jpg
3208,G3,2023,7/26/23,5.5,7/27/23,20230727_G3_03208.jpg
5704,C10,2025,7/19/25,2.0,7/18/25,20250718_C10_05704.jpg
4135,C10,2025,7/19/25,1.5,7/18/25,20250718_C10_04135.jpg
5075,C10,2025,7/2/25,6.5,7/4/25,20250704_C10_05075.jpg
7540,G3,2023,7/20/23,8.0,7/20/23,20230720_G3_07540.jpg
1535,C7B,2025,7/1/25,7.5,7/1/25,20250701_C7B_01535.jpg
800,C7B,2025,7/10/25,6.0,7/10/25,20250710_C7B_00800.jpg
6769,C10,2025,7/3/25,8.0,7/4/25,20250704_C10_06769.jpg
4154,C10,2025,6/30/25,6.5,6/28/25,20250628_C10_04154.jpg
1390,C7B,2025,7/10/25,6.0,7/10/25,20250710_C7B_01390.jpg
11236,I3B,2023,7/19/23,7.5,7/20/23,20230720_I3B_11236.jpg
1986,C7B,2025,7/19/25,4.0,7/18/25,20250718_C7B_01986.jpg
11118,I3B,2023,7/12/23,7.0,7/13/23,20230713_I3B_11118.jpg
1450,C7B,2025,7/1/25,6.5,7/1/25,20250701_C7B_01450.jpg
4835,C10,2025,7/11/25,4.0,7/11/25,20250711_C10_04835.jpg
1044,C7B,2025,7/10/25,5.0,7/10/25,20250710_C7B_01044.jpg
5166,C10,2025,7/20/25,2.0,7/21/25,20250721_C10_05166.jpg
5722,C10,2025,7/11/25,7.5,7/11/25,20250711_C10_05722.jpg
570,C7B,2025,6/30/25,7.5,7/1/25,20250701_C7B_00570.jpg
219,C7B,2025,7/10/25,5.0,7/10/25,20250710_C7B_00219.jpg
1771,C7B,2025,7/10/25,3.5,7/10/25,20250710_C7B_01771.jpg
3004,G3,2023,7/19/23,8.0,7/20/23,20230720_G3_03004.jpg
1255,C7B,2025,7/18/25,2.0,7/18/25,20250718_C7B_01255.jpg
5712,C10,2025,7/8/25,4.0,7/7/25,20250707_C10_05712.jpg
3077,G3,2023,7/19/23,8.5,7/20/23,20230720_G3_03077.jpg
5182,C10,2025,7/11/25,7.0,7/11/25,20250711_C10_05182.jpg
2016,C7B,2025,7/19/25,3.0,7/18/25,20250718_C7B_02016.jpg
2861,C7B,2025,7/8/25,7.5,7/7/25,20250707_C7B_02861.jpg
6688,C10,2025,7/14/25,6.0,7/14/25,20250714_C10_06688.jpg
125,C7B,2025,7/4/25,7.5,7/4/25,20250704_C7B_00125.jpg
5265,C10,2025,7/11/25,5.0,7/11/25,20250711_C10_05265.jpg
10846,I3B,2023,7/19/23,5.0,7/20/23,20230720_I3B_10846.jpg
1878,C7B,2025,7/10/25,7.5,7/10/25,20250710_C7B_01878.jpg
5424,C10,2025,7/2/25,5.5,7/4/25,20250704_C10_05424.jpg
6654,C10,2025,7/14/25,7.5,7/14/25,20250714_C10_06654.jpg
2871,C7B,2025,6/30/25,8.0,7/1/25,20250701_C7B_02871.jpg
1347,C7B,2025,7/10/25,5.0,7/10/25,20250710_C7B_01347.jpg
3201,G3,2023,7/26/23,4.0,7/27/23,20230727_G3_03201.jpg
5033,C10,2025,7/2/25,6.0,7/4/25,20250704_C10_05033.jpg
1905,C7B,2025,7/19/25,3.0,7/18/25,20250718_C7B_01905.jpg
4014,C10,2025,7/7/25,6.0,7/7/25,20250707_C10_04014.jpg
1572,C7B,2025,7/10/25,5.5,7/10/25,20250710_C7B_01572.jpg
6018,C10,2025,7/2/25,7.0,7/4/25,20250704_C10_06018.jpg
5247,C10,2025,7/11/25,5.0,7/11/25,20250711_C10_05247.jpg
5141,C10,2025,7/11/25,6.0,7/11/25,20250711_C10_05141.jpg
6779,C10,2025,6/30/25,8.0,6/28/25,20250628_C10_06779.jpg
6873,C10,2025,7/3/25,8.0,7/4/25,20250704_C10_06873.jpg
2692,C7B,2025,7/13/25,7.0,7/12/25,20250712_C7B_02692.jpg
1534,C7B,2025,7/1/25,5.0,7/1/25,20250701_C7B_01534.jpg
45,C7B,2025,7/18/25,5.5,7/18/25,20250718_C7B_00045.jpg
6642,C10,2025,7/18/25,7.0,7/18/25,20250718_C10_06642.jpg
10912,I3B,2023,7/19/23,4.5,7/20/23,20230720_I3B_10912.jpg
5998,C10,2025,7/11/25,4.5,7/11/25,20250711_C10_05998.jpg
5983,C10,2025,7/8/25,4.5,7/7/25,20250707_C10_05983.jpg
1909,C7B,2025,7/10/25,6.0,7/10/25,20250710_C7B_01909.jpg
233,C7B,2025,7/4/25,7.0,7/4/25,20250704_C7B_00233.jpg
219,C7B,2025,6/30/25,6.0,7/1/25,20250701_C7B_00219.jpg
4475,C10,2025,7/1/25,6.0,6/28/25,20250628_C10_04475.jpg
4428,C10,2025,7/11/25,6.0,7/11/25,20250711_C10_04428.jpg
887,C7B,2025,7/18/25,4.0,7/18/25,20250718_C7B_00887.jpg
9640,I3B,2023,7/12/23,6.0,7/13/23,20230713_I3B_09640.jpg
9793,I3B,2023,7/12/23,6.0,7/13/23,20230713_I3B_09793.jpg
4083,C10,2025,7/11/25,6.0,7/11/25,20250711_C10_04083.jpg
201,C7B,2025,6/30/25,7.0,7/1/25,20250701_C7B_00201.jpg
4220,C10,2025,7/11/25,7.0,7/11/25,20250711_C10_04220.jpg
10962,I3B,2023,7/19/23,5.5,7/20/23,20230720_I3B_10962.jpg
541,C7B,2025,7/10/25,4.5,7/10/25,20250710_C7B_00541.jpg
8045,G3,2023,7/19/23,8.5,7/20/23,20230720_G3_08045.jpg
405,C7B,2025,7/10/25,6.0,7/10/25,20250710_C7B_00405.jpg
572,C7B,2025,7/18/25,2.0,7/18/25,20250718_C7B_00572.jpg
266,C7B,2025,6/30/25,8.0,7/1/25,20250701_C7B_00266.jpg
1664,C7B,2025,7/19/25,1.5,7/18/25,20250718_C7B_01664.jpg
5868,C10,2025,7/11/25,7.0,7/11/25,20250711_C10_05868.jpg
6712,C10,2025,6/30/25,6.5,6/28/25,20250628_C10_06712.jpg
2865,C7B,2025,7/8/25,7.5,7/7/25,20250707_C7B_02865.jpg
179,C7B,2025,7/4/25,5.0,7/4/25,20250704_C7B_00179.jpg
1484,C7B,2025,7/1/25,7.0,7/1/25,20250701_C7B_01484.jpg
167,C7B,2025,7/18/25,4.0,7/18/25,20250718_C7B_00167.jpg
4858,C10,2025,7/11/25,3.0,7/11/25,20250711_C10_04858.jpg
9755,I3B,2023,7/12/23,5.0,7/13/23,20230713_I3B_09755.jpg
4271,C10,2025,7/11/25,6.0,7/11/25,20250711_C10_04271.jpg
1600,C7B,2025,7/18/25,4.0,7/18/25,20250718_C7B_01600.jpg
34,C7B,2025,7/11/25,6.0,7/10/25,20250710_C7B_00034.jpg
2826,C7B,2025,7/13/25,4.0,7/12/25,20250712_C7B_02826.jpg
699,C7B,2025,7/10/25,4.0,7/10/25,20250710_C7B_00699.jpg
4040,C10,2025,7/7/25,8.0,7/7/25,20250707_C10_04040.jpg
2037,C7B,2025,7/1/25,7.0,7/1/25,20250701_C7B_02037.jpg
2014,C7B,2025,7/7/25,7.0,7/7/25,20250707_C7B_02014.jpg
199,C7B,2025,7/18/25,4.0,7/18/25,20250718_C7B_00199.jpg
11171,I3B,2023,7/12/23,6.5,7/13/23,20230713_I3B_11171.jpg
4328,C10,2025,7/11/25,5.5,7/11/25,20250711_C10_04328.jpg
2841,C7B,2025,7/8/25,8.0,7/7/25,20250707_C7B_02841.jpg
1743,C7B,2025,7/1/25,7.5,7/1/25,20250701_C7B_01743.jpg
1328,C7B,2025,7/18/25,2.5,7/18/25,20250718_C7B_01328.jpg
5088,C10,2025,7/20/25,2.0,7/21/25,20250721_C10_05088.jpg
5666,C10,2025,7/8/25,5.0,7/7/25,20250707_C10_05666.jpg
6737,C10,2025,7/18/25,7.5,7/18/25,20250718_C10_06737.jpg
10250,I3B,2023,7/25/23,4.5,7/27/23,20230727_I3B_10250.jpg
3165,G3,2023,7/26/23,4.0,7/27/23,20230727_G3_03165.jpg
4984,C10,2025,7/20/25,4.0,7/21/25,20250721_C10_04984.jpg
553,C7B,2025,7/10/25,5.5,7/10/25,20250710_C7B_00553.jpg
4670,C10,2025,7/20/25,1.5,7/21/25,20250721_C10_04670.jpg
3096,G3,2023,7/19/23,8.5,7/20/23,20230720_G3_03096.jpg
1201,C7B,2025,7/18/25,2.5,7/18/25,20250718_C7B_01201.jpg
6775,C10,2025,7/18/25,8.0,7/18/25,20250718_C10_06775.jpg
4052,C10,2025,7/11/25,8.5,7/11/25,20250711_C10_04052.jpg
2742,C7B,2025,7/8/25,8.0,7/7/25,20250707_C7B_02742.jpg
576,C7B,2025,6/30/25,6.0,7/1/25,20250701_C7B_00576.jpg
6827,C10,2025,7/18/25,6.0,7/18/25,20250718_C10_06827.jpg
1379,C7B,2025,7/1/25,6.5,7/1/25,20250701_C7B_01379.jpg
2649,C7B,2025,6/30/25,5.5,7/1/25,20250701_C7B_02649.jpg
688,C7B,2025,6/30/25,5.0,7/1/25,20250701_C7B_00688.jpg
315,C7B,2025,6/30/25,7.5,7/1/25,20250701_C7B_00315.jpg
1265,C7B,2025,7/18/25,2.0,7/18/25,20250718_C7B_01265.jpg
2025,C7B,2025,7/19/25,3.0,7/18/25,20250718_C7B_02025.jpg
5196,C10,2025,7/20/25,5.0,7/21/25,20250721_C10_05196.jpg
894,C7B,2025,7/10/25,6.0,7/10/25,20250710_C7B_00894.jpg
240,C7B,2025,7/18/25,5.5,7/18/25,20250718_C7B_00240.jpg
2862,C7B,2025,7/13/25,5.5,7/12/25,20250712_C7B_02862.jpg
10277,I3B,2023,7/25/23,4.0,7/27/23,20230727_I3B_10277.jpg
2732,C7B,2025,6/30/25,9.0,7/1/25,20250701_C7B_02732.jpg
1932,C7B,2025,7/19/25,4.0,7/18/25,20250718_C7B_01932.jpg
4084,C10,2025,7/7/25,5.0,7/7/25,20250707_C10_04084.jpg
2867,C7B,2025,7/18/25,8.0,7/18/25,20250718_C7B_02867.jpg
3128,G3,2023,7/26/23,3.5,7/27/23,20230727_G3_03128.jpg
2795,C7B,2025,7/8/25,8.5,7/7/25,20250707_C7B_02795.jpg
95,C7B,2025,7/4/25,5.0,7/4/25,20250704_C7B_00095.jpg
5718,C10,2025,7/19/25,2.0,7/18/25,20250718_C10_05718.jpg
1174,C7B,2025,7/1/25,6.0,7/1/25,20250701_C7B_01174.jpg
78,C7B,2025,7/10/25,4.0,7/10/25,20250710_C7B_00078.jpg
2865,C7B,2025,6/30/25,7.5,7/1/25,20250701_C7B_02865.jpg
5608,C10,2025,7/2/25,5.5,7/4/25,20250704_C10_05608.jpg
2741,C7B,2025,7/18/25,8.0,7/18/25,20250718_C7B_02741.jpg
4985,C10,2025,7/2/25,7.0,7/4/25,20250704_C10_04985.jpg
5810,C10,2025,7/8/25,6.0,7/7/25,20250707_C10_05810.jpg
9856,I3B,2023,7/12/23,4.5,7/13/23,20230713_I3B_09856.jpg
1938,C7B,2025,7/7/25,7.0,7/7/25,20250707_C7B_01938.jpg
7435,G3,2023,7/26/23,7.5,7/27/23,20230727_G3_07435.jpg
1985,C7B,2025,7/1/25,5.5,7/1/25,20250701_C7B_01985.jpg
1995,C7B,2025,7/7/25,5.0,7/7/25,20250707_C7B_01995.jpg
4373,C10,2025,7/7/25,5.5,7/7/25,20250707_C10_04373.jpg
1707,C7B,2025,7/7/25,5.0,7/7/25,20250707_C7B_01707.jpg
4129,C10,2025,7/19/25,2.0,7/18/25,20250718_C10_04129.jpg
2686,C7B,2025,7/8/25,8.0,7/7/25,20250707_C7B_02686.jpg
5379,C10,2025,7/20/25,1.5,7/21/25,20250721_C10_05379.jpg
1706,C7B,2025,7/10/25,5.5,7/10/25,20250710_C7B_01706.jpg
2836,C7B,2025,7/18/25,4.0,7/18/25,20250718_C7B_02836.jpg
5279,C10,2025,7/20/25,2.0,7/21/25,20250721_C10_05279.jpg
4473,C10,2025,7/1/25,6.0,6/28/25,20250628_C10_04473.jpg
5630,C10,2025,7/11/25,5.0,7/11/25,20250711_C10_05630.jpg
10903,I3B,2023,7/19/23,5.0,7/20/23,20230720_I3B_10903.jpg
1874,C7B,2025,7/19/25,2.0,7/18/25,20250718_C7B_01874.jpg
1698,C7B,2025,7/7/25,7.0,7/7/25,20250707_C7B_01698.jpg
5303,C10,2025,7/11/25,5.0,7/11/25,20250711_C10_05303.jpg
5992,C10,2025,7/2/25,7.0,7/4/25,20250704_C10_05992.jpg
62,C7B,2025,6/30/25,8.0,7/1/25,20250701_C7B_00062.jpg
1841,C7B,2025,7/10/25,5.5,7/10/25,20250710_C7B_01841.jpg
1668,C7B,2025,7/1/25,5.0,7/1/25,20250701_C7B_01668.jpg
1611,C7B,2025,7/1/25,7.5,7/1/25,20250701_C7B_01611.jpg
2714,C7B,2025,7/8/25,6.5,7/7/25,20250707_C7B_02714.jpg
4006,C10,2025,7/11/25,5.0,7/11/25,20250711_C10_04006.jpg
7287,G3,2023,7/20/23,7.0,7/20/23,20230720_G3_07287.jpg
622,C7B,2025,6/30/25,7.0,7/1/25,20250701_C7B_00622.jpg
6016,C10,2025,7/8/25,5.0,7/7/25,20250707_C10_06016.jpg
5936,C10,2025,7/8/25,4.5,7/7/25,20250707_C10_05936.jpg
1893,C7B,2025,7/7/25,6.5,7/7/25,20250707_C7B_01893.jpg
4824,C10,2025,7/11/25,3.0,7/11/25,20250711_C10_04824.jpg
4293,C10,2025,7/19/25,5.0,7/18/25,20250718_C10_04293.jpg
5584,C10,2025,7/2/25,6.0,7/4/25,20250704_C10_05584.jpg
923,C7B,2025,7/1/25,8.0,7/1/25,20250701_C7B_00923.jpg
5877,C10,2025,7/11/25,7.5,7/11/25,20250711_C10_05877.jpg
7229,G3,2023,7/19/23,7.0,7/20/23,20230720_G3_07229.jpg
4134,C10,2025,7/11/25,5.0,7/11/25,20250711_C10_04134.jpg
5626,C10,2025,7/2/25,6.0,7/4/25,20250704_C10_05626.jpg
10408,I3B,2023,7/25/23,3.5,7/27/23,20230727_I3B_10408.jpg
9970,I3B,2023,7/12/23,5.0,7/13/23,20230713_I3B_09970.jpg
4253,C10,2025,6/30/25,7.0,6/28/25,20250628_C10_04253.jpg
1515,C7B,2025,7/10/25,5.5,7/10/25,20250710_C7B_01515.jpg
9907,I3B,2023,7/12/23,5.5,7/13/23,20230713_I3B_09907.jpg
732,C7B,2025,7/10/25,5.0,7/10/25,20250710_C7B_00732.jpg
1230,C7B,2025,7/10/25,5.0,7/10/25,20250710_C7B_01230.jpg
1563,C7B,2025,7/1/25,5.5,7/1/25,20250701_C7B_01563.jpg
9643,I3B,2023,7/12/23,4.0,7/13/23,20230713_I3B_09643.jpg
4333,C10,2025,7/11/25,7.5,7/11/25,20250711_C10_04333.jpg
5395,C10,2025,7/2/25,5.0,7/4/25,20250704_C10_05395.jpg
4541,C10,2025,7/2/25,6.0,7/4/25,20250704_C10_04541.jpg
6775,C10,2025,6/30/25,9.0,6/28/25,20250628_C10_06775.jpg
5125,C10,2025,7/20/25,3.0,7/21/25,20250721_C10_05125.jpg
7526,G3,2023,7/26/23,7.5,7/27/23,20230727_G3_07526.jpg
1712,C7B,2025,7/7/25,4.0,7/7/25,20250707_C7B_01712.jpg
1451,C7B,2025,7/1/25,5.5,7/1/25,20250701_C7B_01451.jpg
3107,G3,2023,7/19/23,8.0,7/20/23,20230720_G3_03107.jpg
1391,C7B,2025,7/18/25,2.0,7/18/25,20250718_C7B_01391.jpg
1922,C7B,2025,7/10/25,4.0,7/10/25,20250710_C7B_01922.jpg
3022,G3,2023,7/26/23,7.5,7/27/23,20230727_G3_03022.jpg
78,C7B,2025,7/18/25,3.0,7/18/25,20250718_C7B_00078.jpg
5754,C10,2025,7/11/25,6.0,7/11/25,20250711_C10_05754.jpg
4219,C10,2025,7/19/25,3.5,7/18/25,20250718_C10_04219.jpg
4534,C10,2025,7/2/25,5.0,7/4/25,20250704_C10_04534.jpg
734,C7B,2025,7/10/25,5.0,7/10/25,20250710_C7B_00734.jpg
423,C7B,2025,7/10/25,5.0,7/10/25,20250710_C7B_00423.jpg
5988,C10,2025,7/8/25,5.5,7/7/25,20250707_C10_05988.jpg
1866,C7B,2025,7/7/25,5.0,7/7/25,20250707_C7B_01866.jpg
129,C7B,2025,7/10/25,5.0,7/10/25,20250710_C7B_00129.jpg
4491,C10,2025,7/2/25,6.5,7/4/25,20250704_C10_04491.jpg
5725,C10,2025,7/19/25,3.0,7/18/25,20250718_C10_05725.jpg
5263,C10,2025,7/2/25,6.5,7/4/25,20250704_C10_05263.jpg
114,C7B,2025,7/10/25,4.0,7/10/25,20250710_C7B_00114.jpg
1189,C7B,2025,7/1/25,6.5,7/1/25,20250701_C7B_01189.jpg
11261,I3B,2023,7/19/23,5.5,7/20/23,20230720_I3B_11261.jpg
11230,I3B,2023,7/19/23,5.0,7/20/23,20230720_I3B_11230.jpg
5276,C10,2025,7/20/25,2.0,7/21/25,20250721_C10_05276.jpg
80,C7B,2025,6/30/25,6.0,7/1/25,20250701_C7B_00080.jpg
10982,I3B,2023,7/19/23,6.5,7/20/23,20230720_I3B_10982.jpg
321,C7B,2025,6/30/25,6.0,7/1/25,20250701_C7B_00321.jpg
5825,C10,2025,7/1/25,5.0,6/28/25,20250628_C10_05825.jpg
5865,C10,2025,7/11/25,3.0,7/11/25,20250711_C10_05865.jpg
5150,C10,2025,7/20/25,3.0,7/21/25,20250721_C10_05150.jpg
4189,C10,2025,6/30/25,7.5,6/28/25,20250628_C10_04189.jpg
73,C7B,2025,7/18/25,3.5,7/18/25,20250718_C7B_00073.jpg
435,C7B,2025,6/30/25,7.5,7/1/25,20250701_C7B_00435.jpg
981,C7B,2025,7/18/25,2.0,7/18/25,20250718_C7B_00981.jpg
4300,C10,2025,6/30/25,6.5,6/28/25,20250628_C10_04300.jpg
4288,C10,2025,7/7/25,7.5,7/7/25,20250707_C10_04288.jpg
572,C7B,2025,6/30/25,6.0,7/1/25,20250701_C7B_00572.jpg
223,C7B,2025,6/30/25,6.5,7/1/25,20250701_C7B_00223.jpg
530,C7B,2025,7/10/25,3.0,7/10/25,20250710_C7B_00530.jpg
712,C7B,2025,7/18/25,3.5,7/18/25,20250718_C7B_00712.jpg
5532,C10,2025,7/20/25,3.0,7/21/25,20250721_C10_05532.jpg
5229,C10,2025,7/2/25,6.0,7/4/25,20250704_C10_05229.jpg
6047,C10,2025,7/2/25,7.5,7/4/25,20250704_C10_06047.jpg
1477,C7B,2025,7/10/25,5.0,7/10/25,20250710_C7B_01477.jpg
1378,C7B,2025,7/18/25,2.5,7/18/25,20250718_C7B_01378.jpg
1963,C7B,2025,7/7/25,5.5,7/7/25,20250707_C7B_01963.jpg
5980,C10,2025,7/19/25,2.5,7/18/25,20250718_C10_05980.jpg
55,C7B,2025,7/18/25,4.0,7/18/25,20250718_C7B_00055.jpg
1973,C7B,2025,7/10/25,6.5,7/10/25,20250710_C7B_01973.jpg
1210,C7B,2025,7/10/25,5.0,7/10/25,20250710_C7B_01210.jpg
4890,C10,2025,7/2/25,7.0,7/4/25,20250704_C10_04890.jpg
11140,I3B,2023,7/12/23,7.5,7/13/23,20230713_I3B_11140.jpg
4464,C10,2025,7/1/25,5.0,6/28/25,20250628_C10_04464.jpg
11341,I3B,2023,7/19/23,7.0,7/20/23,20230720_I3B_11341.jpg
4428,C10,2025,6/30/25,7.0,6/28/25,20250628_C10_04428.jpg
8007,G3,2023,7/26/23,3.0,7/27/23,20230727_G3_08007.jpg
7436,G3,2023,7/20/23,7.0,7/20/23,20230720_G3_07436.jpg
5377,C10,2025,7/11/25,5.0,7/11/25,20250711_C10_05377.jpg
5843,C10,2025,7/1/25,7.5,6/28/25,20250628_C10_05843.jpg
6678,C10,2025,7/8/25,8.0,7/7/25,20250707_C10_06678.jpg
1270,C7B,2025,7/1/25,5.0,7/1/25,20250701_C7B_01270.jpg
6042,C10,2025,7/2/25,7.5,7/4/25,20250704_C10_06042.jpg
1692,C7B,2025,7/7/25,4.0,7/7/25,20250707_C7B_01692.jpg
1260,C7B,2025,7/1/25,5.0,7/1/25,20250701_C7B_01260.jpg
746,C7B,2025,7/10/25,8.0,7/10/25,20250710_C7B_00746.jpg
1403,C7B,2025,7/18/25,3.0,7/18/25,20250718_C7B_01403.jpg
6656,C10,2025,6/30/25,8.0,6/28/25,20250628_C10_06656.jpg
4635,C10,2025,7/11/25,4.0,7/11/25,20250711_C10_04635.jpg
1989,C7B,2025,7/19/25,2.0,7/18/25,20250718_C7B_01989.jpg
5925,C10,2025,7/8/25,3.5,7/7/25,20250707_C10_05925.jpg
4629,C10,2025,7/20/25,2.5,7/21/25,20250721_C10_04629.jpg
5555,C10,2025,7/20/25,3.0,7/21/25,20250721_C10_05555.jpg
312,C7B,2025,7/4/25,5.5,7/4/25,20250704_C7B_00312.jpg
5399,C10,2025,7/20/25,3.5,7/21/25,20250721_C10_05399.jpg
7211,G3,2023,7/19/23,5.5,7/20/23,20230720_G3_07211.jpg
878,C7B,2025,7/10/25,5.5,7/10/25,20250710_C7B_00878.jpg
11258,I3B,2023,7/19/23,7.0,7/20/23,20230720_I3B_11258.jpg
4872,C10,2025,7/20/25,4.5,7/21/25,20250721_C10_04872.jpg
11272,I3B,2023,7/19/23,5.0,7/20/23,20230720_I3B_11272.jpg
2832,C7B,2025,7/13/25,7.5,7/12/25,20250712_C7B_02832.jpg
5416,C10,2025,7/11/25,6.0,7/11/25,20250711_C10_05416.jpg
858,C7B,2025,7/10/25,6.0,7/10/25,20250710_C7B_00858.jpg
93,C7B,2025,7/18/25,5.5,7/18/25,20250718_C7B_00093.jpg
5415,C10,2025,7/2/25,6.0,7/4/25,20250704_C10_05415.jpg
7469,G3,2023,7/26/23,7.0,7/27/23,20230727_G3_07469.jpg
79,C7B,2025,7/4/25,6.0,7/4/25,20250704_C7B_00079.jpg
504,C7B,2025,7/10/25,5.0,7/10/25,20250710_C7B_00504.jpg
1469,C7B,2025,7/10/25,5.0,7/10/25,20250710_C7B_01469.jpg
2763,C7B,2025,6/30/25,8.0,7/1/25,20250701_C7B_02763.jpg
95,C7B,2025,7/18/25,3.0,7/18/25,20250718_C7B_00095.jpg
5184,C10,2025,7/11/25,4.0,7/11/25,20250711_C10_05184.jpg
152,C7B,2025,7/18/25,3.0,7/18/25,20250718_C7B_00152.jpg
1068,C7B,2025,7/1/25,7.0,7/1/25,20250701_C7B_01068.jpg
5841,C10,2025,7/1/25,5.5,6/28/25,20250628_C10_05841.jpg
10048,I3B,2023,7/12/23,5.5,7/13/23,20230713_I3B_10048.jpg
5883,C10,2025,7/11/25,5.5,7/11/25,20250711_C10_05883.jpg
11058,I3B,2023,7/12/23,8.0,7/13/23,20230713_I3B_11058.jpg
4936,C10,2025,7/2/25,7.5,7/4/25,20250704_C10_04936.jpg
1433,C7B,2025,7/1/25,5.5,7/1/25,20250701_C7B_01433.jpg
2030,C7B,2025,7/1/25,6.0,7/1/25,20250701_C7B_02030.jpg
10822,I3B,2023,7/19/23,6.0,7/20/23,20230720_I3B_10822.jpg
4313,C10,2025,7/11/25,4.0,7/11/25,20250711_C10_04313.jpg
6824,C10,2025,7/3/25,8.0,7/4/25,20250704_C10_06824.jpg
4394,C10,2025,6/30/25,7.5,6/28/25,20250628_C10_04394.jpg
7301,G3,2023,7/26/23,6.5,7/27/23,20230727_G3_07301.jpg
4698,C10,2025,7/11/25,6.0,7/11/25,20250711_C10_04698.jpg
10900,I3B,2023,7/19/23,5.0,7/20/23,20230720_I3B_10900.jpg
5259,C10,2025,7/11/25,5.0,7/11/25,20250711_C10_05259.jpg
10355,I3B,2023,7/25/23,3.0,7/27/23,20230727_I3B_10355.jpg
4624,C10,2025,7/11/25,5.0,7/11/25,20250711_C10_04624.jpg
2018,C7B,2025,7/1/25,8.0,7/1/25,20250701_C7B_02018.jpg
6685,C10,2025,7/3/25,8.0,7/4/25,20250704_C10_06685.jpg
1093,C7B,2025,7/1/25,7.5,7/1/25,20250701_C7B_01093.jpg
1768,C7B,2025,7/7/25,6.0,7/7/25,20250707_C7B_01768.jpg
1599,C7B,2025,7/18/25,4.0,7/18/25,20250718_C7B_01599.jpg
4445,C10,2025,7/7/25,7.0,7/7/25,20250707_C10_04445.jpg
728,C7B,2025,7/18/25,4.0,7/18/25,20250718_C7B_00728.jpg
8038,G3,2023,7/19/23,7.0,7/20/23,20230720_G3_08038.jpg
10755,I3B,2023,7/19/23,4.0,7/20/23,20230720_I3B_10755.jpg
2811,C7B,2025,7/13/25,6.0,7/12/25,20250712_C7B_02811.jpg
5854,C10,2025,7/11/25,5.0,7/11/25,20250711_C10_05854.jpg
5042,C10,2025,7/2/25,4.0,7/4/25,20250704_C10_05042.jpg
2866,C7B,2025,6/30/25,7.5,7/1/25,20250701_C7B_02866.jpg
976,C7B,2025,7/1/25,6.5,7/1/25,20250701_C7B_00976.jpg
4350,C10,2025,7/11/25,4.0,7/11/25,20250711_C10_04350.jpg
1247,C7B,2025,7/18/25,1.5,7/18/25,20250718_C7B_01247.jpg
9628,I3B,2023,7/12/23,5.0,7/13/23,20230713_I3B_09628.jpg
5304,C10,2025,7/11/25,4.0,7/11/25,20250711_C10_05304.jpg
689,C7B,2025,7/10/25,5.5,7/10/25,20250710_C7B_00689.jpg
1764,C7B,2025,7/1/25,8.0,7/1/25,20250701_C7B_01764.jpg
3024,G3,2023,7/26/23,8.0,7/27/23,20230727_G3_03024.jpg
450,C7B,2025,7/10/25,4.5,7/10/25,20250710_C7B_00450.jpg
6852,C10,2025,7/8/25,7.0,7/7/25,20250707_C10_06852.jpg
4927,C10,2025,7/2/25,7.5,7/4/25,20250704_C10_04927.jpg
620,C7B,2025,7/10/25,7.5,7/10/25,20250710_C7B_00620.jpg
6646,C10,2025,6/30/25,8.0,6/28/25,20250628_C10_06646.jpg
1733,C7B,2025,7/19/25,6.0,7/18/25,20250718_C7B_01733.jpg
525,C7B,2025,6/30/25,7.5,7/1/25,20250701_C7B_00525.jpg
6787,C10,2025,7/18/25,6.0,7/18/25,20250718_C10_06787.jpg
11096,I3B,2023,7/12/23,7.5,7/13/23,20230713_I3B_11096.jpg
2741,C7B,2025,6/30/25,8.5,7/1/25,20250701_C7B_02741.jpg
11267,I3B,2023,7/19/23,6.0,7/20/23,20230720_I3B_11267.jpg
5881,C10,2025,7/8/25,6.5,7/7/25,20250707_C10_05881.jpg
51,C7B,2025,7/18/25,5.5,7/18/25,20250718_C7B_00051.jpg
4832,C10,2025,7/2/25,5.5,7/4/25,20250704_C10_04832.jpg
6668,C10,2025,7/8/25,7.0,7/7/25,20250707_C10_06668.jpg
3123,G3,2023,7/19/23,7.5,7/20/23,20230720_G3_03123.jpg
4414,C10,2025,7/7/25,4.0,7/7/25,20250707_C10_04414.jpg
5322,C10,2025,7/2/25,7.0,7/4/25,20250704_C10_05322.jpg
1075,C7B,2025,7/1/25,7.0,7/1/25,20250701_C7B_01075.jpg
5815,C10,2025,7/8/25,3.5,7/7/25,20250707_C10_05815.jpg
6726,C10,2025,7/14/25,7.5,7/14/25,20250714_C10_06726.jpg
4508,C10,2025,7/2/25,6.5,7/4/25,20250704_C10_04508.jpg
5646,C10,2025,7/20/25,3.0,7/21/25,20250721_C10_05646.jpg
5186,C10,2025,7/11/25,6.0,7/11/25,20250711_C10_05186.jpg
1460,C7B,2025,7/18/25,3.0,7/18/25,20250718_C7B_01460.jpg
113,C7B,2025,7/4/25,6.0,7/4/25,20250704_C7B_00113.jpg
6749,C10,2025,7/14/25,8.0,7/14/25,20250714_C10_06749.jpg
6776,C10,2025,7/14/25,8.0,7/14/25,20250714_C10_06776.jpg
156,C7B,2025,7/18/25,3.0,7/18/25,20250718_C7B_00156.jpg
1147,C7B,2025,7/1/25,8.0,7/1/25,20250701_C7B_01147.jpg
789,C7B,2025,6/30/25,6.5,7/1/25,20250701_C7B_00789.jpg
6647,C10,2025,6/30/25,8.0,6/28/25,20250628_C10_06647.jpg
9722,I3B,2023,7/12/23,5.5,7/13/23,20230713_I3B_09722.jpg
7314,G3,2023,7/26/23,8.0,7/27/23,20230727_G3_07314.jpg
1237,C7B,2025,7/1/25,6.0,7/1/25,20250701_C7B_01237.jpg
10770,I3B,2023,7/19/23,5.5,7/20/23,20230720_I3B_10770.jpg
1501,C7B,2025,7/1/25,7.5,7/1/25,20250701_C7B_01501.jpg
2838,C7B,2025,7/8/25,7.0,7/7/25,20250707_C7B_02838.jpg
6784,C10,2025,7/14/25,8.0,7/14/25,20250714_C10_06784.jpg
5266,C10,2025,7/20/25,3.0,7/21/25,20250721_C10_05266.jpg
4933,C10,2025,7/20/25,2.0,7/21/25,20250721_C10_04933.jpg
2836,C7B,2025,7/8/25,7.0,7/7/25,20250707_C7B_02836.jpg
4613,C10,2025,7/20/25,1.0,7/21/25,20250721_C10_04613.jpg
2692,C7B,2025,6/30/25,8.5,7/1/25,20250701_C7B_02692.jpg
6010,C10,2025,7/19/25,4.5,7/18/25,20250718_C10_06010.jpg
9708,I3B,2023,7/12/23,5.5,7/13/23,20230713_I3B_09708.jpg
313,C7B,2025,7/10/25,2.0,7/10/25,20250710_C7B_00313.jpg
1943,C7B,2025,7/10/25,6.5,7/10/25,20250710_C7B_01943.jpg
10775,I3B,2023,7/19/23,6.0,7/20/23,20230720_I3B_10775.jpg
5345,C10,2025,7/11/25,5.0,7/11/25,20250711_C10_05345.jpg
680,C7B,2025,7/18/25,2.0,7/18/25,20250718_C7B_00680.jpg
1451,C7B,2025,7/10/25,5.0,7/10/25,20250710_C7B_01451.jpg
4105,C10,2025,7/7/25,7.5,7/7/25,20250707_C10_04105.jpg
1914,C7B,2025,7/10/25,6.5,7/10/25,20250710_C7B_01914.jpg
5073,C10,2025,7/20/25,1.5,7/21/25,20250721_C10_05073.jpg
4953,C10,2025,7/11/25,4.5,7/11/25,20250711_C10_04953.jpg
4642,C10,2025,7/20/25,1.5,7/21/25,20250721_C10_04642.jpg
4765,C10,2025,7/11/25,5.0,7/11/25,20250711_C10_04765.jpg
489,C7B,2025,6/30/25,5.0,7/1/25,20250701_C7B_00489.jpg
773,C7B,2025,7/18/25,4.0,7/18/25,20250718_C7B_00773.jpg
486,C7B,2025,7/10/25,6.0,7/10/25,20250710_C7B_00486.jpg
499,C7B,2025,7/18/25,3.0,7/18/25,20250718_C7B_00499.jpg
6702,C10,2025,7/14/25,6.5,7/14/25,20250714_C10_06702.jpg
9589,I3B,2023,7/12/23,5.5,7/13/23,20230713_I3B_09589.jpg
1773,C7B,2025,7/19/25,3.5,7/18/25,20250718_C7B_01773.jpg
928,C7B,2025,7/1/25,6.5,7/1/25,20250701_C7B_00928.jpg
5638,C10,2025,7/20/25,2.0,7/21/25,20250721_C10_05638.jpg
3133,G3,2023,7/19/23,8.5,7/20/23,20230720_G3_03133.jpg
9650,I3B,2023,7/12/23,4.0,7/13/23,20230713_I3B_09650.jpg
1927,C7B,2025,7/10/25,9.0,7/10/25,20250710_C7B_01927.jpg
7262,G3,2023,7/19/23,4.0,7/20/23,20230720_G3_07262.jpg
770,C7B,2025,7/10/25,5.5,7/10/25,20250710_C7B_00770.jpg
1724,C7B,2025,7/7/25,3.0,7/7/25,20250707_C7B_01724.jpg
2841,C7B,2025,7/18/25,7.5,7/18/25,20250718_C7B_02841.jpg
99,C7B,2025,6/30/25,7.0,7/1/25,20250701_C7B_00099.jpg
500,C7B,2025,7/10/25,6.0,7/10/25,20250710_C7B_00500.jpg
7490,G3,2023,7/20/23,6.0,7/20/23,20230720_G3_07490.jpg
883,C7B,2025,7/1/25,7.0,7/1/25,20250701_C7B_00883.jpg
2781,C7B,2025,7/18/25,7.0,7/18/25,20250718_C7B_02781.jpg
5242,C10,2025,7/2/25,7.0,7/4/25,20250704_C10_05242.jpg
3129,G3,2023,7/26/23,4.0,7/27/23,20230727_G3_03129.jpg
11273,I3B,2023,7/19/23,7.0,7/20/23,20230720_I3B_11273.jpg
5316,C10,2025,7/2/25,6.0,7/4/25,20250704_C10_05316.jpg
9842,I3B,2023,7/12/23,5.0,7/13/23,20230713_I3B_09842.jpg
630,C7B,2025,6/30/25,6.0,7/1/25,20250701_C7B_00630.jpg
4047,C10,2025,6/30/25,8.0,6/28/25,20250628_C10_04047.jpg
373,C7B,2025,6/30/25,6.0,7/1/25,20250701_C7B_00373.jpg
5373,C10,2025,7/2/25,5.5,7/4/25,20250704_C10_05373.jpg
151,C7B,2025,7/10/25,4.0,7/10/25,20250710_C7B_00151.jpg
182,C7B,2025,6/30/25,7.0,7/1/25,20250701_C7B_00182.jpg
2705,C7B,2025,7/13/25,8.0,7/12/25,20250712_C7B_02705.jpg
6757,C10,2025,7/18/25,8.0,7/18/25,20250718_C10_06757.jpg
1886,C7B,2025,7/1/25,7.0,7/1/25,20250701_C7B_01886.jpg
7253,G3,2023,7/19/23,8.0,7/20/23,20230720_G3_07253.jpg
4419,C10,2025,7/11/25,7.0,7/11/25,20250711_C10_04419.jpg
1566,C7B,2025,7/10/25,5.0,7/10/25,20250710_C7B_01566.jpg
7281,G3,2023,7/26/23,6.0,7/27/23,20230727_G3_07281.jpg
800,C7B,2025,6/30/25,6.5,7/1/25,20250701_C7B_00800.jpg
5146,C10,2025,7/11/25,5.0,7/11/25,20250711_C10_05146.jpg
9703,I3B,2023,7/12/23,4.5,7/13/23,20230713_I3B_09703.jpg
5575,C10,2025,7/11/25,4.5,7/11/25,20250711_C10_05575.jpg
58,C7B,2025,7/18/25,6.5,7/18/25,20250718_C7B_00058.jpg
1861,C7B,2025,7/19/25,5.0,7/18/25,20250718_C7B_01861.jpg
374,C7B,2025,7/4/25,5.5,7/4/25,20250704_C7B_00374.jpg
5521,C10,2025,7/20/25,2.0,7/21/25,20250721_C10_05521.jpg
1966,C7B,2025,7/10/25,5.5,7/10/25,20250710_C7B_01966.jpg
5569,C10,2025,7/20/25,2.0,7/21/25,20250721_C10_05569.jpg
2877,C7B,2025,7/18/25,7.5,7/18/25,20250718_C7B_02877.jpg
1990,C7B,2025,7/7/25,6.0,7/7/25,20250707_C7B_01990.jpg
1774,C7B,2025,7/10/25,4.0,7/10/25,20250710_C7B_01774.jpg
529,C7B,2025,7/10/25,3.5,7/10/25,20250710_C7B_00529.jpg
5372,C10,2025,7/20/25,2.0,7/21/25,20250721_C10_05372.jpg
4119,C10,2025,7/19/25,2.0,7/18/25,20250718_C10_04119.jpg
6695,C10,2025,6/30/25,7.5,6/28/25,20250628_C10_06695.jpg
32,C7B,2025,6/30/25,7.5,7/1/25,20250701_C7B_00032.jpg
7520,G3,2023,7/20/23,7.0,7/20/23,20230720_G3_07520.jpg
836,C7B,2025,7/1/25,7.5,7/1/25,20250701_C7B_00836.jpg
7493,G3,2023,7/26/23,7.5,7/27/23,20230727_G3_07493.jpg
5202,C10,2025,7/20/25,3.0,7/21/25,20250721_C10_05202.jpg
11125,I3B,2023,7/12/23,7.5,7/13/23,20230713_I3B_11125.jpg
4296,C10,2025,7/7/25,4.5,7/7/25,20250707_C10_04296.jpg
209,C7B,2025,7/18/25,4.0,7/18/25,20250718_C7B_00209.jpg
9790,I3B,2023,7/12/23,4.5,7/13/23,20230713_I3B_09790.jpg
5572,C10,2025,7/20/25,3.5,7/21/25,20250721_C10_05572.jpg
1338,C7B,2025,7/1/25,6.0,7/1/25,20250701_C7B_01338.jpg
5101,C10,2025,7/11/25,4.0,7/11/25,20250711_C10_05101.jpg
6,C7B,2025,7/11/25,7.0,7/10/25,20250710_C7B_00006.jpg
6637,C10,2025,6/30/25,8.0,6/28/25,20250628_C10_06637.jpg
5053,C10,2025,7/11/25,4.0,7/11/25,20250711_C10_05053.jpg
10003,I3B,2023,7/12/23,5.5,7/13/23,20230713_I3B_10003.jpg
4966,C10,2025,7/2/25,6.0,7/4/25,20250704_C10_04966.jpg
4743,C10,2025,7/11/25,6.0,7/11/25,20250711_C10_04743.jpg
7282,G3,2023,7/26/23,7.5,7/27/23,20230727_G3_07282.jpg
4151,C10,2025,7/19/25,1.0,7/18/25,20250718_C10_04151.jpg
1141,C7B,2025,7/18/25,2.0,7/18/25,20250718_C7B_01141.jpg
2647,C7B,2025,7/8/25,8.0,7/7/25,20250707_C7B_02647.jpg
548,C7B,2025,7/18/25,2.0,7/18/25,20250718_C7B_00548.jpg
2713,C7B,2025,6/30/25,7.5,7/1/25,20250701_C7B_02713.jpg
5245,C10,2025,7/11/25,5.0,7/11/25,20250711_C10_05245.jpg
4324,C10,2025,6/30/25,7.0,6/28/25,20250628_C10_04324.jpg
1996,C7B,2025,7/7/25,5.0,7/7/25,20250707_C7B_01996.jpg
4540,C10,2025,7/20/25,3.0,7/21/25,20250721_C10_04540.jpg
998,C7B,2025,7/18/25,1.5,7/18/25,20250718_C7B_00998.jpg
4150,C10,2025,7/19/25,1.5,7/18/25,20250718_C10_04150.jpg
1620,C7B,2025,7/18/25,2.0,7/18/25,20250718_C7B_01620.jpg
1324,C7B,2025,7/1/25,6.0,7/1/25,20250701_C7B_01324.jpg
4473,C10,2025,7/2/25,6.0,7/4/25,20250704_C10_04473.jpg
6653,C10,2025,7/18/25,4.0,7/18/25,20250718_C10_06653.jpg
863,C7B,2025,7/18/25,2.0,7/18/25,20250718_C7B_00863.jpg
5935,C10,2025,7/19/25,3.0,7/18/25,20250718_C10_05935.jpg
1985,C7B,2025,7/10/25,4.5,7/10/25,20250710_C7B_01985.jpg
4363,C10,2025,7/7/25,3.5,7/7/25,20250707_C10_04363.jpg
6840,C10,2025,7/18/25,7.0,7/18/25,20250718_C10_06840.jpg
7519,G3,2023,7/26/23,7.5,7/27/23,20230727_G3_07519.jpg
1403,C7B,2025,7/10/25,5.0,7/10/25,20250710_C7B_01403.jpg
743,C7B,2025,7/18/25,2.0,7/18/25,20250718_C7B_00743.jpg
6676,C10,2025,7/3/25,8.0,7/4/25,20250704_C10_06676.jpg
5131,C10,2025,7/20/25,2.5,7/21/25,20250721_C10_05131.jpg
5306,C10,2025,7/11/25,5.0,7/11/25,20250711_C10_05306.jpg
88,C7B,2025,7/4/25,6.0,7/4/25,20250704_C7B_00088.jpg
1588,C7B,2025,7/1/25,6.0,7/1/25,20250701_C7B_01588.jpg
416,C7B,2025,7/10/25,4.0,7/10/25,20250710_C7B_00416.jpg
363,C7B,2025,7/4/25,6.5,7/4/25,20250704_C7B_00363.jpg
4693,C10,2025,7/2/25,5.5,7/4/25,20250704_C10_04693.jpg
15,C7B,2025,7/11/25,4.5,7/10/25,20250710_C7B_00015.jpg
920,C7B,2025,7/1/25,6.0,7/1/25,20250701_C7B_00920.jpg
7500,G3,2023,7/20/23,8.0,7/20/23,20230720_G3_07500.jpg
3006,G3,2023,7/26/23,8.0,7/27/23,20230727_G3_03006.jpg
767,C7B,2025,7/18/25,2.0,7/18/25,20250718_C7B_00767.jpg
4373,C10,2025,7/11/25,5.0,7/11/25,20250711_C10_04373.jpg
1957,C7B,2025,7/7/25,5.5,7/7/25,20250707_C7B_01957.jpg
1689,C7B,2025,7/19/25,2.0,7/18/25,20250718_C7B_01689.jpg
604,C7B,2025,7/18/25,5.0,7/18/25,20250718_C7B_00604.jpg
6836,C10,2025,7/8/25,7.5,7/7/25,20250707_C10_06836.jpg
1663,C7B,2025,7/7/25,5.0,7/7/25,20250707_C7B_01663.jpg
2869,C7B,2025,6/30/25,8.0,7/1/25,20250701_C7B_02869.jpg
3067,G3,2023,7/19/23,8.0,7/20/23,20230720_G3_03067.jpg
4579,C10,2025,7/2/25,6.0,7/4/25,20250704_C10_04579.jpg
790,C7B,2025,7/18/25,3.0,7/18/25,20250718_C7B_00790.jpg
1236,C7B,2025,7/18/25,2.0,7/18/25,20250718_C7B_01236.jpg
10734,I3B,2023,7/19/23,7.5,7/20/23,20230720_I3B_10734.jpg
4307,C10,2025,7/19/25,5.0,7/18/25,20250718_C10_04307.jpg
2738,C7B,2025,7/13/25,7.0,7/12/25,20250712_C7B_02738.jpg
213,C7B,2025,7/4/25,6.0,7/4/25,20250704_C7B_00213.jpg
18,C7B,2025,6/30/25,7.0,7/1/25,20250701_C7B_00018.jpg
4401,C10,2025,7/7/25,5.0,7/7/25,20250707_C10_04401.jpg
4917,C10,2025,7/2/25,6.0,7/4/25,20250704_C10_04917.jpg
1419,C7B,2025,7/1/25,7.5,7/1/25,20250701_C7B_01419.jpg
1484,C7B,2025,7/10/25,5.0,7/10/25,20250710_C7B_01484.jpg
5357,C10,2025,7/11/25,5.0,7/11/25,20250711_C10_05357.jpg
9975,I3B,2023,7/12/23,5.0,7/13/23,20230713_I3B_09975.jpg
377,C7B,2025,6/30/25,6.0,7/1/25,20250701_C7B_00377.jpg
1720,C7B,2025,7/1/25,7.5,7/1/25,20250701_C7B_01720.jpg
4111,C10,2025,6/30/25,6.0,6/28/25,20250628_C10_04111.jpg
6728,C10,2025,6/30/25,8.5,6/28/25,20250628_C10_06728.jpg
60,C7B,2025,6/30/25,7.5,7/1/25,20250701_C7B_00060.jpg
1740,C7B,2025,7/1/25,8.0,7/1/25,20250701_C7B_01740.jpg
6022,C10,2025,7/19/25,2.0,7/18/25,20250718_C10_06022.jpg
4296,C10,2025,7/19/25,2.0,7/18/25,20250718_C10_04296.jpg
1775,C7B,2025,7/7/25,5.0,7/7/25,20250707_C7B_01775.jpg
615,C7B,2025,6/30/25,7.0,7/1/25,20250701_C7B_00615.jpg
1200,C7B,2025,7/18/25,1.5,7/18/25,20250718_C7B_01200.jpg
6813,C10,2025,6/30/25,7.5,6/28/25,20250628_C10_06813.jpg
8004,G3,2023,7/26/23,6.0,7/27/23,20230727_G3_08004.jpg
7313,G3,2023,7/26/23,8.0,7/27/23,20230727_G3_07313.jpg
5901,C10,2025,7/19/25,5.0,7/18/25,20250718_C10_05901.jpg
5383,C10,2025,7/11/25,7.0,7/11/25,20250711_C10_05383.jpg
295,C7B,2025,7/10/25,6.0,7/10/25,20250710_C7B_00295.jpg
1344,C7B,2025,7/18/25,2.0,7/18/25,20250718_C7B_01344.jpg
10997,I3B,2023,7/19/23,5.0,7/20/23,20230720_I3B_10997.jpg
8108,G3,2023,7/26/23,7.5,7/27/23,20230727_G3_08108.jpg
1432,C7B,2025,7/1/25,5.0,7/1/25,20250701_C7B_01432.jpg
1221,C7B,2025,7/10/25,5.0,7/10/25,20250710_C7B_01221.jpg
11057,I3B,2023,7/12/23,8.0,7/13/23,20230713_I3B_11057.jpg
4590,C10,2025,7/11/25,5.5,7/11/25,20250711_C10_04590.jpg
4182,C10,2025,7/11/25,4.0,7/11/25,20250711_C10_04182.jpg
297,C7B,2025,6/30/25,7.5,7/1/25,20250701_C7B_00297.jpg
4695,C10,2025,7/2/25,5.0,7/4/25,20250704_C10_04695.jpg
203,C7B,2025,7/10/25,4.5,7/10/25,20250710_C7B_00203.jpg
2005,C7B,2025,7/1/25,7.0,7/1/25,20250701_C7B_02005.jpg
4307,C10,2025,6/30/25,7.5,6/28/25,20250628_C10_04307.jpg
3167,G3,2023,7/19/23,5.5,7/20/23,20230720_G3_03167.jpg
1797,C7B,2025,7/10/25,4.0,7/10/25,20250710_C7B_01797.jpg
99,C7B,2025,7/10/25,6.5,7/10/25,20250710_C7B_00099.jpg
1793,C7B,2025,7/10/25,8.5,7/10/25,20250710_C7B_01793.jpg
5846,C10,2025,7/8/25,6.5,7/7/25,20250707_C10_05846.jpg
4315,C10,2025,7/19/25,2.0,7/18/25,20250718_C10_04315.jpg
582,C7B,2025,7/18/25,5.5,7/18/25,20250718_C7B_00582.jpg
11340,I3B,2023,7/19/23,5.0,7/20/23,20230720_I3B_11340.jpg
4010,C10,2025,7/11/25,6.5,7/11/25,20250711_C10_04010.jpg
7266,G3,2023,7/26/23,6.0,7/27/23,20230727_G3_07266.jpg
2775,C7B,2025,7/8/25,8.0,7/7/25,20250707_C7B_02775.jpg
1784,C7B,2025,7/1/25,8.0,7/1/25,20250701_C7B_01784.jpg
7466,G3,2023,7/26/23,5.5,7/27/23,20230727_G3_07466.jpg
54,C7B,2025,7/11/25,5.5,7/10/25,20250710_C7B_00054.jpg
208,C7B,2025,6/30/25,7.0,7/1/25,20250701_C7B_00208.jpg
180,C7B,2025,7/10/25,5.0,7/10/25,20250710_C7B_00180.jpg
10268,I3B,2023,7/25/23,3.5,7/27/23,20230727_I3B_10268.jpg
1017,C7B,2025,7/10/25,5.0,7/10/25,20250710_C7B_01017.jpg
10803,I3B,2023,7/19/23,7.0,7/20/23,20230720_I3B_10803.jpg
2802,C7B,2025,7/18/25,7.0,7/18/25,20250718_C7B_02802.jpg
4408,C10,2025,7/19/25,2.0,7/18/25,20250718_C10_04408.jpg
5334,C10,2025,7/11/25,5.0,7/11/25,20250711_C10_05334.jpg
2856,C7B,2025,7/18/25,7.0,7/18/25,20250718_C7B_02856.jpg
5536,C10,2025,7/11/25,4.5,7/11/25,20250711_C10_05536.jpg
328,C7B,2025,7/4/25,5.0,7/4/25,20250704_C7B_00328.jpg
1287,C7B,2025,7/1/25,7.0,7/1/25,20250701_C7B_01287.jpg
4550,C10,2025,7/20/25,2.5,7/21/25,20250721_C10_04550.jpg
5002,C10,2025,7/11/25,6.0,7/11/25,20250711_C10_05002.jpg
5998,C10,2025,7/2/25,5.5,7/4/25,20250704_C10_05998.jpg
4493,C10,2025,7/11/25,5.5,7/11/25,20250711_C10_04493.jpg
2826,C7B,2025,6/30/25,7.5,7/1/25,20250701_C7B_02826.jpg
4269,C10,2025,7/11/25,5.0,7/11/25,20250711_C10_04269.jpg
4921,C10,2025,7/11/25,6.0,7/11/25,20250711_C10_04921.jpg
4074,C10,2025,7/11/25,6.0,7/11/25,20250711_C10_04074.jpg
1613,C7B,2025,7/10/25,6.0,7/10/25,20250710_C7B_01613.jpg
157,C7B,2025,7/10/25,5.5,7/10/25,20250710_C7B_00157.jpg
1353,C7B,2025,7/10/25,6.5,7/10/25,20250710_C7B_01353.jpg
2025,C7B,2025,7/10/25,4.0,7/10/25,20250710_C7B_02025.jpg
4947,C10,2025,7/11/25,6.5,7/11/25,20250711_C10_04947.jpg
424,C7B,2025,7/10/25,5.0,7/10/25,20250710_C7B_00424.jpg
561,C7B,2025,7/18/25,5.0,7/18/25,20250718_C7B_00561.jpg
1848,C7B,2025,7/10/25,5.0,7/10/25,20250710_C7B_01848.jpg
1338,C7B,2025,7/10/25,5.0,7/10/25,20250710_C7B_01338.jpg
6714,C10,2025,7/8/25,7.5,7/7/25,20250707_C10_06714.jpg
4331,C10,2025,7/11/25,6.0,7/11/25,20250711_C10_04331.jpg
1500,C7B,2025,7/18/25,4.0,7/18/25,20250718_C7B_01500.jpg
1749,C7B,2025,7/7/25,6.0,7/7/25,20250707_C7B_01749.jpg
1815,C7B,2025,7/7/25,7.5,7/7/25,20250707_C7B_01815.jpg
296,C7B,2025,7/10/25,5.0,7/10/25,20250710_C7B_00296.jpg
5903,C10,2025,7/19/25,3.0,7/18/25,20250718_C10_05903.jpg
4701,C10,2025,7/2/25,4.0,7/4/25,20250704_C10_04701.jpg
6650,C10,2025,6/30/25,7.5,6/28/25,20250628_C10_06650.jpg
5956,C10,2025,7/19/25,1.5,7/18/25,20250718_C10_05956.jpg
1556,C7B,2025,7/10/25,5.5,7/10/25,20250710_C7B_01556.jpg
2749,C7B,2025,7/13/25,7.5,7/12/25,20250712_C7B_02749.jpg
4583,C10,2025,7/20/25,3.0,7/21/25,20250721_C10_04583.jpg
4447,C10,2025,7/19/25,5.0,7/18/25,20250718_C10_04447.jpg
1115,C7B,2025,7/1/25,5.0,7/1/25,20250701_C7B_01115.jpg
544,C7B,2025,7/10/25,5.5,7/10/25,20250710_C7B_00544.jpg
547,C7B,2025,6/30/25,7.0,7/1/25,20250701_C7B_00547.jpg
153,C7B,2025,7/10/25,4.0,7/10/25,20250710_C7B_00153.jpg
2022,C7B,2025,7/7/25,7.0,7/7/25,20250707_C7B_02022.jpg
6686,C10,2025,7/8/25,7.5,7/7/25,20250707_C10_06686.jpg
1777,C7B,2025,7/1/25,7.0,7/1/25,20250701_C7B_01777.jpg
2036,C7B,2025,7/7/25,4.5,7/7/25,20250707_C7B_02036.jpg
1797,C7B,2025,7/7/25,6.0,7/7/25,20250707_C7B_01797.jpg
3174,G3,2023,7/19/23,5.5,7/20/23,20230720_G3_03174.jpg
9647,I3B,2023,7/12/23,5.0,7/13/23,20230713_I3B_09647.jpg
1970,C7B,2025,7/7/25,6.0,7/7/25,20250707_C7B_01970.jpg
5566,C10,2025,7/20/25,3.0,7/21/25,20250721_C10_05566.jpg
5794,C10,2025,7/19/25,3.0,7/18/25,20250718_C10_05794.jpg
229,C7B,2025,7/18/25,3.5,7/18/25,20250718_C7B_00229.jpg
1288,C7B,2025,7/10/25,5.5,7/10/25,20250710_C7B_01288.jpg
10783,I3B,2023,7/19/23,5.5,7/20/23,20230720_I3B_10783.jpg
5888,C10,2025,7/11/25,4.5,7/11/25,20250711_C10_05888.jpg
6803,C10,2025,7/3/25,8.0,7/4/25,20250704_C10_06803.jpg
1745,C7B,2025,7/19/25,4.0,7/18/25,20250718_C7B_01745.jpg
5563,C10,2025,7/20/25,4.0,7/21/25,20250721_C10_05563.jpg
1888,C7B,2025,7/10/25,4.0,7/10/25,20250710_C7B_01888.jpg
421,C7B,2025,7/18/25,3.0,7/18/25,20250718_C7B_00421.jpg
731,C7B,2025,6/30/25,5.5,7/1/25,20250701_C7B_00731.jpg
4659,C10,2025,7/11/25,4.0,7/11/25,20250711_C10_04659.jpg
379,C7B,2025,7/4/25,6.0,7/4/25,20250704_C7B_00379.jpg
2839,C7B,2025,7/13/25,5.0,7/12/25,20250712_C7B_02839.jpg
5011,C10,2025,7/20/25,2.0,7/21/25,20250721_C10_05011.jpg
5492,C10,2025,7/11/25,5.0,7/11/25,20250711_C10_05492.jpg
4402,C10,2025,7/11/25,5.0,7/11/25,20250711_C10_04402.jpg
736,C7B,2025,7/18/25,4.0,7/18/25,20250718_C7B_00736.jpg
2829,C7B,2025,7/18/25,6.0,7/18/25,20250718_C7B_02829.jpg
6851,C10,2025,7/8/25,7.0,7/7/25,20250707_C10_06851.jpg
22,C7B,2025,7/4/25,7.5,7/4/25,20250704_C7B_00022.jpg
5791,C10,2025,7/11/25,5.0,7/11/25,20250711_C10_05791.jpg
9940,I3B,2023,7/12/23,5.5,7/13/23,20230713_I3B_09940.jpg
1987,C7B,2025,7/19/25,5.0,7/18/25,20250718_C7B_01987.jpg
1781,C7B,2025,7/1/25,8.0,7/1/25,20250701_C7B_01781.jpg
958,C7B,2025,7/1/25,7.0,7/1/25,20250701_C7B_00958.jpg
6014,C10,2025,7/11/25,4.0,7/11/25,20250711_C10_06014.jpg
5291,C10,2025,7/2/25,6.0,7/4/25,20250704_C10_05291.jpg
4654,C10,2025,7/2/25,5.0,7/4/25,20250704_C10_04654.jpg
729,C7B,2025,7/10/25,4.0,7/10/25,20250710_C7B_00729.jpg
1682,C7B,2025,7/10/25,7.5,7/10/25,20250710_C7B_01682.jpg
1734,C7B,2025,7/10/25,7.5,7/10/25,20250710_C7B_01734.jpg
5943,C10,2025,7/2/25,5.0,7/4/25,20250704_C10_05943.jpg
5736,C10,2025,7/11/25,5.0,7/11/25,20250711_C10_05736.jpg
4470,C10,2025,7/11/25,5.0,7/11/25,20250711_C10_04470.jpg
6832,C10,2025,6/30/25,8.0,6/28/25,20250628_C10_06832.jpg
5938,C10,2025,7/19/25,2.0,7/18/25,20250718_C10_05938.jpg
6640,C10,2025,7/3/25,8.0,7/4/25,20250704_C10_06640.jpg
8089,G3,2023,7/26/23,8.0,7/27/23,20230727_G3_08089.jpg
109,C7B,2025,7/10/25,6.0,7/10/25,20250710_C7B_00109.jpg
4199,C10,2025,7/19/25,2.0,7/18/25,20250718_C10_04199.jpg
5252,C10,2025,7/20/25,2.0,7/21/25,20250721_C10_05252.jpg
389,C7B,2025,7/4/25,5.5,7/4/25,20250704_C7B_00389.jpg
5955,C10,2025,7/2/25,6.5,7/4/25,20250704_C10_05955.jpg
996,C7B,2025,7/10/25,5.5,7/10/25,20250710_C7B_00996.jpg
5726,C10,2025,7/1/25,8.0,6/28/25,20250628_C10_05726.jpg
1516,C7B,2025,7/10/25,5.0,7/10/25,20250710_C7B_01516.jpg
1904,C7B,2025,7/7/25,5.5,7/7/25,20250707_C7B_01904.jpg
5479,C10,2025,7/11/25,6.0,7/11/25,20250711_C10_05479.jpg
5775,C10,2025,7/19/25,3.0,7/18/25,20250718_C10_05775.jpg
1669,C7B,2025,7/10/25,5.0,7/10/25,20250710_C7B_01669.jpg
383,C7B,2025,6/30/25,5.5,7/1/25,20250701_C7B_00383.jpg
4886,C10,2025,7/20/25,2.0,7/21/25,20250721_C10_04886.jpg
4279,C10,2025,7/11/25,6.0,7/11/25,20250711_C10_04279.jpg
4145,C10,2025,7/7/25,6.0,7/7/25,20250707_C10_04145.jpg
2696,C7B,2025,7/13/25,8.0,7/12/25,20250712_C7B_02696.jpg
6801,C10,2025,6/30/25,8.0,6/28/25,20250628_C10_06801.jpg
3021,G3,2023,7/26/23,7.5,7/27/23,20230727_G3_03021.jpg
6743,C10,2025,7/14/25,7.5,7/14/25,20250714_C10_06743.jpg
2735,C7B,2025,6/30/25,8.0,7/1/25,20250701_C7B_02735.jpg
5145,C10,2025,7/20/25,2.0,7/21/25,20250721_C10_05145.jpg
4270,C10,2025,7/11/25,4.0,7/11/25,20250711_C10_04270.jpg
4152,C10,2025,7/7/25,5.0,7/7/25,20250707_C10_04152.jpg
5080,C10,2025,7/11/25,4.0,7/11/25,20250711_C10_05080.jpg
4647,C10,2025,7/2/25,4.0,7/4/25,20250704_C10_04647.jpg
381,C7B,2025,7/4/25,5.0,7/4/25,20250704_C7B_00381.jpg
4271,C10,2025,7/19/25,3.0,7/18/25,20250718_C10_04271.jpg
5549,C10,2025,7/2/25,6.0,7/4/25,20250704_C10_05549.jpg
563,C7B,2025,6/30/25,7.5,7/1/25,20250701_C7B_00563.jpg
1581,C7B,2025,7/1/25,6.5,7/1/25,20250701_C7B_01581.jpg
2726,C7B,2025,7/8/25,7.0,7/7/25,20250707_C7B_02726.jpg
5433,C10,2025,7/11/25,5.0,7/11/25,20250711_C10_05433.jpg
6798,C10,2025,7/8/25,7.0,7/7/25,20250707_C10_06798.jpg
10038,I3B,2023,7/12/23,3.5,7/13/23,20230713_I3B_10038.jpg
1824,C7B,2025,7/19/25,3.0,7/18/25,20250718_C7B_01824.jpg
4916,C10,2025,7/20/25,2.5,7/21/25,20250721_C10_04916.jpg
6637,C10,2025,7/14/25,7.5,7/14/25,20250714_C10_06637.jpg
4068,C10,2025,7/19/25,6.0,7/18/25,20250718_C10_04068.jpg
10359,I3B,2023,7/25/23,6.5,7/27/23,20230727_I3B_10359.jpg
1826,C7B,2025,7/1/25,7.5,7/1/25,20250701_C7B_01826.jpg
4787,C10,2025,7/11/25,6.5,7/11/25,20250711_C10_04787.jpg
1118,C7B,2025,7/10/25,5.0,7/10/25,20250710_C7B_01118.jpg
4252,C10,2025,6/30/25,6.5,6/28/25,20250628_C10_04252.jpg
374,C7B,2025,7/10/25,6.0,7/10/25,20250710_C7B_00374.jpg
5038,C10,2025,7/2/25,7.5,7/4/25,20250704_C10_05038.jpg
7477,G3,2023,7/26/23,8.5,7/27/23,20230727_G3_07477.jpg
4670,C10,2025,7/11/25,4.0,7/11/25,20250711_C10_04670.jpg
4345,C10,2025,7/7/25,6.0,7/7/25,20250707_C10_04345.jpg
4375,C10,2025,7/19/25,1.5,7/18/25,20250718_C10_04375.jpg
845,C7B,2025,7/18/25,2.5,7/18/25,20250718_C7B_00845.jpg
156,C7B,2025,6/30/25,5.0,7/1/25,20250701_C7B_00156.jpg
1932,C7B,2025,7/1/25,7.0,7/1/25,20250701_C7B_01932.jpg
4081,C10,2025,6/30/25,7.0,6/28/25,20250628_C10_04081.jpg
1154,C7B,2025,7/18/25,3.0,7/18/25,20250718_C7B_01154.jpg
92,C7B,2025,7/10/25,5.0,7/10/25,20250710_C7B_00092.jpg
1792,C7B,2025,7/7/25,5.0,7/7/25,20250707_C7B_01792.jpg
490,C7B,2025,6/30/25,7.0,7/1/25,20250701_C7B_00490.jpg
2705,C7B,2025,6/30/25,8.5,7/1/25,20250701_C7B_02705.jpg
2796,C7B,2025,7/8/25,8.0,7/7/25,20250707_C7B_02796.jpg
271,C7B,2025,7/4/25,7.0,7/4/25,20250704_C7B_00271.jpg
601,C7B,2025,6/30/25,7.5,7/1/25,20250701_C7B_00601.jpg
9582,I3B,2023,7/12/23,5.5,7/13/23,20230713_I3B_09582.jpg
1911,C7B,2025,7/19/25,3.0,7/18/25,20250718_C7B_01911.jpg
910,C7B,2025,7/10/25,5.0,7/10/25,20250710_C7B_00910.jpg
9608,I3B,2023,7/12/23,6.0,7/13/23,20230713_I3B_09608.jpg
433,C7B,2025,7/18/25,2.5,7/18/25,20250718_C7B_00433.jpg
1191,C7B,2025,7/18/25,3.0,7/18/25,20250718_C7B_01191.jpg
6637,C10,2025,7/3/25,7.5,7/4/25,20250704_C10_06637.jpg
4680,C10,2025,7/20/25,3.5,7/21/25,20250721_C10_04680.jpg
9798,I3B,2023,7/12/23,5.5,7/13/23,20230713_I3B_09798.jpg
4915,C10,2025,7/11/25,5.0,7/11/25,20250711_C10_04915.jpg
8011,G3,2023,7/26/23,4.0,7/27/23,20230727_G3_08011.jpg
1127,C7B,2025,7/1/25,7.5,7/1/25,20250701_C7B_01127.jpg
318,C7B,2025,7/18/25,4.0,7/18/25,20250718_C7B_00318.jpg
4305,C10,2025,6/30/25,7.5,6/28/25,20250628_C10_04305.jpg
815,C7B,2025,7/10/25,5.0,7/10/25,20250710_C7B_00815.jpg
5451,C10,2025,7/2/25,7.5,7/4/25,20250704_C10_05451.jpg
4877,C10,2025,7/2/25,7.0,7/4/25,20250704_C10_04877.jpg
1125,C7B,2025,7/18/25,2.0,7/18/25,20250718_C7B_01125.jpg
3126,G3,2023,7/26/23,5.0,7/27/23,20230727_G3_03126.jpg
4784,C10,2025,7/11/25,4.0,7/11/25,20250711_C10_04784.jpg
6654,C10,2025,6/30/25,8.0,6/28/25,20250628_C10_06654.jpg
1318,C7B,2025,7/1/25,7.5,7/1/25,20250701_C7B_01318.jpg
6701,C10,2025,7/14/25,7.5,7/14/25,20250714_C10_06701.jpg
4681,C10,2025,7/2/25,5.5,7/4/25,20250704_C10_04681.jpg
787,C7B,2025,7/10/25,6.0,7/10/25,20250710_C7B_00787.jpg
257,C7B,2025,7/18/25,3.0,7/18/25,20250718_C7B_00257.jpg
2826,C7B,2025,7/18/25,5.0,7/18/25,20250718_C7B_02826.jpg
5108,C10,2025,7/20/25,2.0,7/21/25,20250721_C10_05108.jpg
6682,C10,2025,6/30/25,8.0,6/28/25,20250628_C10_06682.jpg
5135,C10,2025,7/2/25,5.0,7/4/25,20250704_C10_05135.jpg
89,C7B,2025,7/10/25,7.0,7/10/25,20250710_C7B_00089.jpg
4457,C10,2025,7/7/25,5.0,7/7/25,20250707_C10_04457.jpg
1432,C7B,2025,7/18/25,2.0,7/18/25,20250718_C7B_01432.jpg
6720,C10,2025,6/30/25,9.0,6/28/25,20250628_C10_06720.jpg
10943,I3B,2023,7/19/23,5.0,7/20/23,20230720_I3B_10943.jpg
10238,I3B,2023,7/25/23,3.0,7/27/23,20230727_I3B_10238.jpg
10827,I3B,2023,7/19/23,6.0,7/20/23,20230720_I3B_10827.jpg
4476,C10,2025,7/2/25,6.0,7/4/25,20250704_C10_04476.jpg
4451,C10,2025,7/7/25,7.0,7/7/25,20250707_C10_04451.jpg
1015,C7B,2025,7/1/25,5.0,7/1/25,20250701_C7B_01015.jpg
5999,C10,2025,7/2/25,6.5,7/4/25,20250704_C10_05999.jpg
6634,C10,2025,7/14/25,8.0,7/14/25,20250714_C10_06634.jpg
4144,C10,2025,7/7/25,5.5,7/7/25,20250707_C10_04144.jpg
8087,G3,2023,7/20/23,8.0,7/20/23,20230720_G3_08087.jpg
6826,C10,2025,6/30/25,8.0,6/28/25,20250628_C10_06826.jpg
8142,G3,2023,7/26/23,5.0,7/27/23,20230727_G3_08142.jpg
8026,G3,2023,7/26/23,5.5,7/27/23,20230727_G3_08026.jpg
2038,C7B,2025,7/10/25,5.0,7/10/25,20250710_C7B_02038.jpg
4153,C10,2025,7/11/25,4.0,7/11/25,20250711_C10_04153.jpg
206,C7B,2025,7/4/25,5.0,7/4/25,20250704_C7B_00206.jpg
5202,C10,2025,7/2/25,7.0,7/4/25,20250704_C10_05202.jpg
4834,C10,2025,7/20/25,2.0,7/21/25,20250721_C10_04834.jpg
2006,C7B,2025,7/1/25,7.5,7/1/25,20250701_C7B_02006.jpg
1025,C7B,2025,7/1/25,7.0,7/1/25,20250701_C7B_01025.jpg
4527,C10,2025,7/2/25,7.5,7/4/25,20250704_C10_04527.jpg
1201,C7B,2025,7/10/25,5.0,7/10/25,20250710_C7B_01201.jpg
691,C7B,2025,7/10/25,7.0,7/10/25,20250710_C7B_00691.jpg
1159,C7B,2025,7/18/25,4.0,7/18/25,20250718_C7B_01159.jpg
270,C7B,2025,7/10/25,4.0,7/10/25,20250710_C7B_00270.jpg
4167,C10,2025,6/30/25,8.0,6/28/25,20250628_C10_04167.jpg
127,C7B,2025,7/4/25,4.0,7/4/25,20250704_C7B_00127.jpg
5444,C10,2025,7/20/25,2.0,7/21/25,20250721_C10_05444.jpg
2725,C7B,2025,6/30/25,8.5,7/1/25,20250701_C7B_02725.jpg
1602,C7B,2025,7/1/25,7.0,7/1/25,20250701_C7B_01602.jpg
2028,C7B,2025,7/7/25,7.0,7/7/25,20250707_C7B_02028.jpg
4740,C10,2025,7/11/25,5.5,7/11/25,20250711_C10_04740.jpg
4897,C10,2025,7/2/25,7.0,7/4/25,20250704_C10_04897.jpg
3086,G3,2023,7/19/23,7.5,7/20/23,20230720_G3_03086.jpg
7212,G3,2023,7/19/23,7.0,7/20/23,20230720_G3_07212.jpg
1821,C7B,2025,7/10/25,5.0,7/10/25,20250710_C7B_01821.jpg
7293,G3,2023,7/20/23,8.0,7/20/23,20230720_G3_07293.jpg
1849,C7B,2025,7/1/25,4.0,7/1/25,20250701_C7B_01849.jpg
2705,C7B,2025,7/18/25,7.5,7/18/25,20250718_C7B_02705.jpg
4859,C10,2025,7/2/25,5.5,7/4/25,20250704_C10_04859.jpg
6743,C10,2025,7/18/25,7.5,7/18/25,20250718_C10_06743.jpg
6006,C10,2025,7/2/25,8.0,7/4/25,20250704_C10_06006.jpg
7524,G3,2023,7/20/23,7.5,7/20/23,20230720_G3_07524.jpg
6683,C10,2025,7/18/25,7.5,7/18/25,20250718_C10_06683.jpg
1668,C7B,2025,7/10/25,5.0,7/10/25,20250710_C7B_01668.jpg
1306,C7B,2025,7/10/25,6.5,7/10/25,20250710_C7B_01306.jpg
537,C7B,2025,7/10/25,4.5,7/10/25,20250710_C7B_00537.jpg
5969,C10,2025,7/19/25,2.0,7/18/25,20250718_C10_05969.jpg
1844,C7B,2025,7/19/25,4.0,7/18/25,20250718_C7B_01844.jpg
11306,I3B,2023,7/19/23,5.0,7/20/23,20230720_I3B_11306.jpg
3158,G3,2023,7/26/23,4.0,7/27/23,20230727_G3_03158.jpg
1363,C7B,2025,7/10/25,6.0,7/10/25,20250710_C7B_01363.jpg
7271,G3,2023,7/19/23,7.5,7/20/23,20230720_G3_07271.jpg
7242,G3,2023,7/19/23,7.0,7/20/23,20230720_G3_07242.jpg
9572,I3B,2023,7/12/23,5.5,7/13/23,20230713_I3B_09572.jpg
6748,C10,2025,7/18/25,8.0,7/18/25,20250718_C10_06748.jpg
1191,C7B,2025,7/10/25,6.0,7/10/25,20250710_C7B_01191.jpg
2718,C7B,2025,6/30/25,8.0,7/1/25,20250701_C7B_02718.jpg
1103,C7B,2025,7/10/25,7.0,7/10/25,20250710_C7B_01103.jpg
7259,G3,2023,7/19/23,5.0,7/20/23,20230720_G3_07259.jpg
690,C7B,2025,7/10/25,6.0,7/10/25,20250710_C7B_00690.jpg
9780,I3B,2023,7/12/23,6.0,7/13/23,20230713_I3B_09780.jpg
1527,C7B,2025,7/18/25,4.5,7/18/25,20250718_C7B_01527.jpg
1056,C7B,2025,7/18/25,3.0,7/18/25,20250718_C7B_01056.jpg
2718,C7B,2025,7/8/25,8.0,7/7/25,20250707_C7B_02718.jpg
183,C7B,2025,7/10/25,5.0,7/10/25,20250710_C7B_00183.jpg
5957,C10,2025,7/11/25,4.5,7/11/25,20250711_C10_05957.jpg
21,C7B,2025,7/11/25,7.5,7/10/25,20250710_C7B_00021.jpg
7539,G3,2023,7/20/23,7.5,7/20/23,20230720_G3_07539.jpg
4298,C10,2025,7/11/25,5.0,7/11/25,20250711_C10_04298.jpg
7267,G3,2023,7/19/23,5.5,7/20/23,20230720_G3_07267.jpg
454,C7B,2025,7/18/25,3.5,7/18/25,20250718_C7B_00454.jpg
2676,C7B,2025,7/8/25,6.5,7/7/25,20250707_C7B_02676.jpg
2716,C7B,2025,7/8/25,8.0,7/7/25,20250707_C7B_02716.jpg
1716,C7B,2025,7/19/25,5.0,7/18/25,20250718_C7B_01716.jpg
303,C7B,2025,7/4/25,5.0,7/4/25,20250704_C7B_00303.jpg
5227,C10,2025,7/20/25,2.0,7/21/25,20250721_C10_05227.jpg
5838,C10,2025,7/8/25,8.0,7/7/25,20250707_C10_05838.jpg
10991,I3B,2023,7/19/23,5.5,7/20/23,20230720_I3B_10991.jpg
5032,C10,2025,7/2/25,5.0,7/4/25,20250704_C10_05032.jpg
4035,C10,2025,7/11/25,6.0,7/11/25,20250711_C10_04035.jpg
5213,C10,2025,7/20/25,1.5,7/21/25,20250721_C10_05213.jpg
1228,C7B,2025,7/1/25,6.5,7/1/25,20250701_C7B_01228.jpg
5975,C10,2025,7/19/25,1.0,7/18/25,20250718_C10_05975.jpg
5463,C10,2025,7/2/25,7.0,7/4/25,20250704_C10_05463.jpg
65,C7B,2025,7/4/25,6.0,7/4/25,20250704_C7B_00065.jpg
4811,C10,2025,7/11/25,5.5,7/11/25,20250711_C10_04811.jpg
4354,C10,2025,7/19/25,4.0,7/18/25,20250718_C10_04354.jpg
831,C7B,2025,7/18/25,2.0,7/18/25,20250718_C7B_00831.jpg
5215,C10,2025,7/2/25,6.5,7/4/25,20250704_C10_05215.jpg
10256,I3B,2023,7/25/23,3.0,7/27/23,20230727_I3B_10256.jpg
5727,C10,2025,7/8/25,4.5,7/7/25,20250707_C10_05727.jpg
7458,G3,2023,7/20/23,8.0,7/20/23,20230720_G3_07458.jpg
5694,C10,2025,7/19/25,4.0,7/18/25,20250718_C10_05694.jpg
6753,C10,2025,7/14/25,8.0,7/14/25,20250714_C10_06753.jpg
8047,G3,2023,7/19/23,4.5,7/20/23,20230720_G3_08047.jpg
4106,C10,2025,7/7/25,7.0,7/7/25,20250707_C10_04106.jpg
5357,C10,2025,7/20/25,3.5,7/21/25,20250721_C10_05357.jpg
565,C7B,2025,7/18/25,4.0,7/18/25,20250718_C7B_00565.jpg
9660,I3B,2023,7/12/23,4.5,7/13/23,20230713_I3B_09660.jpg
1996,C7B,2025,7/19/25,2.0,7/18/25,20250718_C7B_01996.jpg
4495,C10,2025,7/2/25,5.0,7/4/25,20250704_C10_04495.jpg
1896,C7B,2025,7/1/25,6.0,7/1/25,20250701_C7B_01896.jpg
1522,C7B,2025,7/1/25,7.0,7/1/25,20250701_C7B_01522.jpg
4051,C10,2025,7/7/25,7.0,7/7/25,20250707_C10_04051.jpg
2845,C7B,2025,7/13/25,3.0,7/12/25,20250712_C7B_02845.jpg
5534,C10,2025,7/11/25,5.0,7/11/25,20250711_C10_05534.jpg
208,C7B,2025,7/10/25,5.5,7/10/25,20250710_C7B_00208.jpg
5520,C10,2025,7/20/25,2.0,7/21/25,20250721_C10_05520.jpg
2040,C7B,2025,7/7/25,4.0,7/7/25,20250707_C7B_02040.jpg
387,C7B,2025,6/30/25,7.5,7/1/25,20250701_C7B_00387.jpg
66,C7B,2025,7/4/25,8.0,7/4/25,20250704_C7B_00066.jpg
285,C7B,2025,7/4/25,5.0,7/4/25,20250704_C7B_00285.jpg
46,C7B,2025,7/4/25,4.5,7/4/25,20250704_C7B_00046.jpg
5094,C10,2025,7/20/25,3.5,7/21/25,20250721_C10_05094.jpg
6698,C10,2025,7/8/25,7.5,7/7/25,20250707_C10_06698.jpg
4259,C10,2025,6/30/25,7.5,6/28/25,20250628_C10_04259.jpg
1024,C7B,2025,7/18/25,3.5,7/18/25,20250718_C7B_01024.jpg
4937,C10,2025,7/20/25,1.5,7/21/25,20250721_C10_04937.jpg
486,C7B,2025,7/18/25,4.0,7/18/25,20250718_C7B_00486.jpg
4319,C10,2025,7/19/25,2.0,7/18/25,20250718_C10_04319.jpg
11023,I3B,2023,7/12/23,6.5,7/13/23,20230713_I3B_11023.jpg
4939,C10,2025,7/11/25,6.0,7/11/25,20250711_C10_04939.jpg
3195,G3,2023,7/26/23,6.0,7/27/23,20230727_G3_03195.jpg
320,C7B,2025,7/4/25,5.5,7/4/25,20250704_C7B_00320.jpg
4801,C10,2025,7/20/25,2.5,7/21/25,20250721_C10_04801.jpg
96,C7B,2025,7/4/25,7.0,7/4/25,20250704_C7B_00096.jpg
935,C7B,2025,7/1/25,7.5,7/1/25,20250701_C7B_00935.jpg
6762,C10,2025,7/8/25,8.0,7/7/25,20250707_C10_06762.jpg
629,C7B,2025,7/10/25,7.0,7/10/25,20250710_C7B_00629.jpg
8163,G3,2023,7/20/23,7.5,7/20/23,20230720_G3_08163.jpg
1429,C7B,2025,7/10/25,4.0,7/10/25,20250710_C7B_01429.jpg
5826,C10,2025,7/19/25,2.0,7/18/25,20250718_C10_05826.jpg
1696,C7B,2025,7/19/25,3.0,7/18/25,20250718_C7B_01696.jpg
6674,C10,2025,7/8/25,8.5,7/7/25,20250707_C10_06674.jpg
9924,I3B,2023,7/12/23,5.0,7/13/23,20230713_I3B_09924.jpg
7471,G3,2023,7/26/23,6.0,7/27/23,20230727_G3_07471.jpg
445,C7B,2025,6/30/25,8.0,7/1/25,20250701_C7B_00445.jpg
1895,C7B,2025,7/10/25,4.0,7/10/25,20250710_C7B_01895.jpg
6785,C10,2025,7/3/25,8.0,7/4/25,20250704_C10_06785.jpg
4142,C10,2025,6/30/25,6.0,6/28/25,20250628_C10_04142.jpg
1801,C7B,2025,7/19/25,4.0,7/18/25,20250718_C7B_01801.jpg
5596,C10,2025,7/20/25,3.0,7/21/25,20250721_C10_05596.jpg
738,C7B,2025,7/10/25,5.5,7/10/25,20250710_C7B_00738.jpg
4116,C10,2025,6/30/25,7.0,6/28/25,20250628_C10_04116.jpg
6836,C10,2025,7/14/25,7.0,7/14/25,20250714_C10_06836.jpg
4038,C10,2025,7/11/25,3.0,7/11/25,20250711_C10_04038.jpg
5854,C10,2025,7/19/25,3.5,7/18/25,20250718_C10_05854.jpg
6767,C10,2025,7/18/25,7.5,7/18/25,20250718_C10_06767.jpg
2022,C7B,2025,7/1/25,7.5,7/1/25,20250701_C7B_02022.jpg
8112,G3,2023,7/20/23,5.0,7/20/23,20230720_G3_08112.jpg
1966,C7B,2025,7/7/25,5.5,7/7/25,20250707_C7B_01966.jpg
1986,C7B,2025,7/10/25,5.5,7/10/25,20250710_C7B_01986.jpg
3012,G3,2023,7/26/23,7.5,7/27/23,20230727_G3_03012.jpg
4162,C10,2025,7/19/25,3.0,7/18/25,20250718_C10_04162.jpg
7263,G3,2023,7/26/23,5.0,7/27/23,20230727_G3_07263.jpg
4227,C10,2025,7/11/25,7.0,7/11/25,20250711_C10_04227.jpg
861,C7B,2025,7/1/25,5.0,7/1/25,20250701_C7B_00861.jpg
877,C7B,2025,7/10/25,7.5,7/10/25,20250710_C7B_00877.jpg
169,C7B,2025,7/18/25,4.0,7/18/25,20250718_C7B_00169.jpg
1384,C7B,2025,7/18/25,4.0,7/18/25,20250718_C7B_01384.jpg
4199,C10,2025,7/11/25,4.0,7/11/25,20250711_C10_04199.jpg
5321,C10,2025,7/2/25,7.5,7/4/25,20250704_C10_05321.jpg
5555,C10,2025,7/11/25,5.0,7/11/25,20250711_C10_05555.jpg
1709,C7B,2025,7/19/25,3.0,7/18/25,20250718_C7B_01709.jpg
4603,C10,2025,7/20/25,1.5,7/21/25,20250721_C10_04603.jpg
11170,I3B,2023,7/12/23,7.0,7/13/23,20230713_I3B_11170.jpg
2664,C7B,2025,7/8/25,8.0,7/7/25,20250707_C7B_02664.jpg
354,C7B,2025,6/30/25,7.0,7/1/25,20250701_C7B_00354.jpg
4754,C10,2025,7/2/25,6.5,7/4/25,20250704_C10_04754.jpg
4004,C10,2025,7/11/25,6.5,7/11/25,20250711_C10_04004.jpg
908,C7B,2025,7/10/25,5.0,7/10/25,20250710_C7B_00908.jpg
999,C7B,2025,7/18/25,2.5,7/18/25,20250718_C7B_00999.jpg
4171,C10,2025,7/19/25,3.0,7/18/25,20250718_C10_04171.jpg
1586,C7B,2025,7/1/25,7.0,7/1/25,20250701_C7B_01586.jpg
6847,C10,2025,7/18/25,8.0,7/18/25,20250718_C10_06847.jpg
5327,C10,2025,7/20/25,2.0,7/21/25,20250721_C10_05327.jpg
7403,G3,2023,7/20/23,6.0,7/20/23,20230720_G3_07403.jpg
4326,C10,2025,7/7/25,5.0,7/7/25,20250707_C10_04326.jpg
10043,I3B,2023,7/12/23,5.0,7/13/23,20230713_I3B_10043.jpg
5108,C10,2025,7/2/25,7.0,7/4/25,20250704_C10_05108.jpg
1724,C7B,2025,7/19/25,1.5,7/18/25,20250718_C7B_01724.jpg
1938,C7B,2025,7/1/25,7.5,7/1/25,20250701_C7B_01938.jpg
1104,C7B,2025,7/10/25,4.0,7/10/25,20250710_C7B_01104.jpg
34,C7B,2025,7/4/25,6.5,7/4/25,20250704_C7B_00034.jpg
2733,C7B,2025,7/18/25,8.0,7/18/25,20250718_C7B_02733.jpg
4366,C10,2025,7/11/25,3.5,7/11/25,20250711_C10_04366.jpg
6028,C10,2025,7/8/25,5.0,7/7/25,20250707_C10_06028.jpg
206,C7B,2025,6/30/25,6.0,7/1/25,20250701_C7B_00206.jpg
4902,C10,2025,7/11/25,4.0,7/11/25,20250711_C10_04902.jpg
4071,C10,2025,7/19/25,5.0,7/18/25,20250718_C10_04071.jpg
6002,C10,2025,7/11/25,8.0,7/11/25,20250711_C10_06002.jpg
6791,C10,2025,6/30/25,8.0,6/28/25,20250628_C10_06791.jpg
1653,C7B,2025,7/1/25,6.5,7/1/25,20250701_C7B_01653.jpg
5539,C10,2025,7/11/25,6.0,7/11/25,20250711_C10_05539.jpg
1755,C7B,2025,7/1/25,5.0,7/1/25,20250701_C7B_01755.jpg
5446,C10,2025,7/11/25,5.5,7/11/25,20250711_C10_05446.jpg
5591,C10,2025,7/2/25,5.0,7/4/25,20250704_C10_05591.jpg
193,C7B,2025,6/30/25,6.0,7/1/25,20250701_C7B_00193.jpg
7481,G3,2023,7/26/23,8.0,7/27/23,20230727_G3_07481.jpg
1795,C7B,2025,7/7/25,5.0,7/7/25,20250707_C7B_01795.jpg
389,C7B,2025,6/30/25,6.0,7/1/25,20250701_C7B_00389.jpg
5768,C10,2025,7/19/25,5.0,7/18/25,20250718_C10_05768.jpg
8121,G3,2023,7/26/23,8.0,7/27/23,20230727_G3_08121.jpg
984,C7B,2025,7/10/25,4.0,7/10/25,20250710_C7B_00984.jpg
1507,C7B,2025,7/1/25,6.0,7/1/25,20250701_C7B_01507.jpg
1849,C7B,2025,7/19/25,1.0,7/18/25,20250718_C7B_01849.jpg
2799,C7B,2025,6/30/25,9.0,7/1/25,20250701_C7B_02799.jpg
5709,C10,2025,7/1/25,7.0,6/28/25,20250628_C10_05709.jpg
634,C7B,2025,7/10/25,4.0,7/10/25,20250710_C7B_00634.jpg
1563,C7B,2025,7/10/25,5.0,7/10/25,20250710_C7B_01563.jpg
73,C7B,2025,7/4/25,5.5,7/4/25,20250704_C7B_00073.jpg
5081,C10,2025,7/11/25,6.0,7/11/25,20250711_C10_05081.jpg
5996,C10,2025,7/2/25,7.0,7/4/25,20250704_C10_05996.jpg
4072,C10,2025,6/30/25,8.0,6/28/25,20250628_C10_04072.jpg
7490,G3,2023,7/26/23,5.0,7/27/23,20230727_G3_07490.jpg
7344,G3,2023,7/20/23,5.0,7/20/23,20230720_G3_07344.jpg
6632,C10,2025,7/8/25,7.5,7/7/25,20250707_C10_06632.jpg
5549,C10,2025,7/11/25,5.0,7/11/25,20250711_C10_05549.jpg
6639,C10,2025,7/8/25,5.0,7/7/25,20250707_C10_06639.jpg
7482,G3,2023,7/26/23,5.5,7/27/23,20230727_G3_07482.jpg
4273,C10,2025,6/30/25,7.5,6/28/25,20250628_C10_04273.jpg
214,C7B,2025,7/10/25,5.0,7/10/25,20250710_C7B_00214.jpg
231,C7B,2025,7/4/25,7.0,7/4/25,20250704_C7B_00231.jpg
4970,C10,2025,7/2/25,7.0,7/4/25,20250704_C10_04970.jpg
1611,C7B,2025,7/10/25,7.0,7/10/25,20250710_C7B_01611.jpg
5192,C10,2025,7/20/25,3.0,7/21/25,20250721_C10_05192.jpg
5761,C10,2025,7/19/25,3.0,7/18/25,20250718_C10_05761.jpg
8033,G3,2023,7/26/23,5.0,7/27/23,20230727_G3_08033.jpg
158,C7B,2025,6/30/25,4.0,7/1/25,20250701_C7B_00158.jpg
5993,C10,2025,7/2/25,5.0,7/4/25,20250704_C10_05993.jpg
1639,C7B,2025,7/18/25,2.0,7/18/25,20250718_C7B_01639.jpg
2810,C7B,2025,7/18/25,7.5,7/18/25,20250718_C7B_02810.jpg
457,C7B,2025,6/30/25,6.0,7/1/25,20250701_C7B_00457.jpg
486,C7B,2025,6/30/25,7.5,7/1/25,20250701_C7B_00486.jpg
1088,C7B,2025,7/1/25,7.0,7/1/25,20250701_C7B_01088.jpg
7406,G3,2023,7/20/23,6.5,7/20/23,20230720_G3_07406.jpg
475,C7B,2025,7/18/25,4.0,7/18/25,20250718_C7B_00475.jpg
2832,C7B,2025,7/18/25,7.5,7/18/25,20250718_C7B_02832.jpg
1717,C7B,2025,7/1/25,8.0,7/1/25,20250701_C7B_01717.jpg
5607,C10,2025,7/20/25,2.0,7/21/25,20250721_C10_05607.jpg
2854,C7B,2025,6/30/25,7.5,7/1/25,20250701_C7B_02854.jpg
7505,G3,2023,7/26/23,6.0,7/27/23,20230727_G3_07505.jpg
889,C7B,2025,7/1/25,7.5,7/1/25,20250701_C7B_00889.jpg
4250,C10,2025,6/30/25,6.0,6/28/25,20250628_C10_04250.jpg
1331,C7B,2025,7/18/25,2.0,7/18/25,20250718_C7B_01331.jpg
4810,C10,2025,7/11/25,6.0,7/11/25,20250711_C10_04810.jpg
4457,C10,2025,7/11/25,5.5,7/11/25,20250711_C10_04457.jpg
7321,G3,2023,7/20/23,7.0,7/20/23,20230720_G3_07321.jpg
4129,C10,2025,6/30/25,5.5,6/28/25,20250628_C10_04129.jpg
226,C7B,2025,7/4/25,7.5,7/4/25,20250704_C7B_00226.jpg
4830,C10,2025,7/11/25,6.0,7/11/25,20250711_C10_04830.jpg
8101,G3,2023,7/26/23,4.5,7/27/23,20230727_G3_08101.jpg
5634,C10,2025,7/11/25,5.0,7/11/25,20250711_C10_05634.jpg
5052,C10,2025,7/11/25,5.0,7/11/25,20250711_C10_05052.jpg
1454,C7B,2025,7/1/25,5.0,7/1/25,20250701_C7B_01454.jpg
1164,C7B,2025,7/1/25,6.5,7/1/25,20250701_C7B_01164.jpg
1977,C7B,2025,7/1/25,7.0,7/1/25,20250701_C7B_01977.jpg
7325,G3,2023,7/26/23,7.0,7/27/23,20230727_G3_07325.jpg
983,C7B,2025,7/10/25,7.0,7/10/25,20250710_C7B_00983.jpg
9864,I3B,2023,7/12/23,5.0,7/13/23,20230713_I3B_09864.jpg
4467,C10,2025,7/1/25,6.5,6/28/25,20250628_C10_04467.jpg
5095,C10,2025,7/2/25,6.0,7/4/25,20250704_C10_05095.jpg
1529,C7B,2025,7/18/25,3.0,7/18/25,20250718_C7B_01529.jpg
5073,C10,2025,7/11/25,5.0,7/11/25,20250711_C10_05073.jpg
7402,G3,2023,7/20/23,7.0,7/20/23,20230720_G3_07402.jpg
6778,C10,2025,7/14/25,8.0,7/14/25,20250714_C10_06778.jpg
7480,G3,2023,7/26/23,5.0,7/27/23,20230727_G3_07480.jpg
4675,C10,2025,7/20/25,2.5,7/21/25,20250721_C10_04675.jpg
9968,I3B,2023,7/12/23,5.0,7/13/23,20230713_I3B_09968.jpg
5056,C10,2025,7/11/25,6.0,7/11/25,20250711_C10_05056.jpg
7393,G3,2023,7/20/23,7.5,7/20/23,20230720_G3_07393.jpg
7511,G3,2023,7/26/23,8.0,7/27/23,20230727_G3_07511.jpg
1211,C7B,2025,7/18/25,3.0,7/18/25,20250718_C7B_01211.jpg
1077,C7B,2025,7/18/25,2.0,7/18/25,20250718_C7B_01077.jpg
3101,G3,2023,7/19/23,8.0,7/20/23,20230720_G3_03101.jpg
10042,I3B,2023,7/12/23,5.0,7/13/23,20230713_I3B_10042.jpg
5965,C10,2025,7/19/25,2.5,7/18/25,20250718_C10_05965.jpg
1818,C7B,2025,7/19/25,2.0,7/18/25,20250718_C7B_01818.jpg
1363,C7B,2025,7/18/25,4.0,7/18/25,20250718_C7B_01363.jpg
106,C7B,2025,6/30/25,7.5,7/1/25,20250701_C7B_00106.jpg
11280,I3B,2023,7/19/23,6.0,7/20/23,20230720_I3B_11280.jpg
4807,C10,2025,7/11/25,5.0,7/11/25,20250711_C10_04807.jpg
2868,C7B,2025,7/8/25,8.0,7/7/25,20250707_C7B_02868.jpg
5822,C10,2025,7/11/25,4.0,7/11/25,20250711_C10_05822.jpg
6758,C10,2025,7/3/25,7.5,7/4/25,20250704_C10_06758.jpg
579,C7B,2025,6/30/25,7.5,7/1/25,20250701_C7B_00579.jpg
595,C7B,2025,7/18/25,3.0,7/18/25,20250718_C7B_00595.jpg
5267,C10,2025,7/20/25,2.0,7/21/25,20250721_C10_05267.jpg
5757,C10,2025,7/19/25,2.0,7/18/25,20250718_C10_05757.jpg
811,C7B,2025,7/10/25,6.0,7/10/25,20250710_C7B_00811.jpg
5062,C10,2025,7/11/25,6.0,7/11/25,20250711_C10_05062.jpg
4282,C10,2025,6/30/25,7.0,6/28/25,20250628_C10_04282.jpg
4580,C10,2025,7/2/25,7.5,7/4/25,20250704_C10_04580.jpg
146,C7B,2025,7/10/25,5.5,7/10/25,20250710_C7B_00146.jpg
4413,C10,2025,7/11/25,4.0,7/11/25,20250711_C10_04413.jpg
1847,C7B,2025,7/10/25,5.5,7/10/25,20250710_C7B_01847.jpg
5572,C10,2025,7/2/25,7.0,7/4/25,20250704_C10_05572.jpg
1802,C7B,2025,7/7/25,6.0,7/7/25,20250707_C7B_01802.jpg
9875,I3B,2023,7/12/23,5.0,7/13/23,20230713_I3B_09875.jpg
4284,C10,2025,6/30/25,7.0,6/28/25,20250628_C10_04284.jpg
11181,I3B,2023,7/12/23,6.5,7/13/23,20230713_I3B_11181.jpg
8141,G3,2023,7/20/23,5.0,7/20/23,20230720_G3_08141.jpg
5136,C10,2025,7/2/25,7.5,7/4/25,20250704_C10_05136.jpg
4252,C10,2025,7/11/25,5.0,7/11/25,20250711_C10_04252.jpg
5293,C10,2025,7/11/25,5.5,7/11/25,20250711_C10_05293.jpg
4236,C10,2025,7/19/25,3.0,7/18/25,20250718_C10_04236.jpg
1436,C7B,2025,7/1/25,7.5,7/1/25,20250701_C7B_01436.jpg
1068,C7B,2025,7/18/25,4.0,7/18/25,20250718_C7B_01068.jpg
5000,C10,2025,7/2/25,6.0,7/4/25,20250704_C10_05000.jpg
2856,C7B,2025,7/13/25,7.5,7/12/25,20250712_C7B_02856.jpg
3056,G3,2023,7/26/23,7.0,7/27/23,20230727_G3_03056.jpg
1505,C7B,2025,7/18/25,5.0,7/18/25,20250718_C7B_01505.jpg
5963,C10,2025,7/11/25,6.5,7/11/25,20250711_C10_05963.jpg
5747,C10,2025,7/11/25,8.0,7/11/25,20250711_C10_05747.jpg
1419,C7B,2025,7/18/25,3.0,7/18/25,20250718_C7B_01419.jpg
4171,C10,2025,7/7/25,6.0,7/7/25,20250707_C10_04171.jpg
1949,C7B,2025,7/10/25,8.0,7/10/25,20250710_C7B_01949.jpg
1260,C7B,2025,7/18/25,1.5,7/18/25,20250718_C7B_01260.jpg
1860,C7B,2025,7/19/25,2.0,7/18/25,20250718_C7B_01860.jpg
4477,C10,2025,7/1/25,7.0,6/28/25,20250628_C10_04477.jpg
4683,C10,2025,7/11/25,6.0,7/11/25,20250711_C10_04683.jpg
4559,C10,2025,7/11/25,5.5,7/11/25,20250711_C10_04559.jpg
5826,C10,2025,7/1/25,6.0,6/28/25,20250628_C10_05826.jpg
5941,C10,2025,7/19/25,3.0,7/18/25,20250718_C10_05941.jpg
9574,I3B,2023,7/12/23,6.5,7/13/23,20230713_I3B_09574.jpg
5537,C10,2025,7/11/25,3.5,7/11/25,20250711_C10_05537.jpg
6026,C10,2025,7/19/25,2.0,7/18/25,20250718_C10_06026.jpg
705,C7B,2025,7/10/25,3.5,7/10/25,20250710_C7B_00705.jpg
13,C7B,2025,7/4/25,8.0,7/4/25,20250704_C7B_00013.jpg
1265,C7B,2025,7/1/25,5.5,7/1/25,20250701_C7B_01265.jpg
1379,C7B,2025,7/10/25,5.0,7/10/25,20250710_C7B_01379.jpg
345,C7B,2025,7/10/25,4.5,7/10/25,20250710_C7B_00345.jpg
5004,C10,2025,7/2/25,5.5,7/4/25,20250704_C10_05004.jpg
5764,C10,2025,7/8/25,7.0,7/7/25,20250707_C10_05764.jpg
651,C7B,2025,7/10/25,5.0,7/10/25,20250710_C7B_00651.jpg
27,C7B,2025,6/30/25,8.0,7/1/25,20250701_C7B_00027.jpg
5939,C10,2025,7/8/25,4.0,7/7/25,20250707_C10_05939.jpg
1200,C7B,2025,7/1/25,6.0,7/1/25,20250701_C7B_01200.jpg
4356,C10,2025,7/19/25,4.0,7/18/25,20250718_C10_04356.jpg
4452,C10,2025,6/30/25,7.0,6/28/25,20250628_C10_04452.jpg
1059,C7B,2025,7/18/25,2.0,7/18/25,20250718_C7B_01059.jpg
4820,C10,2025,7/2/25,7.5,7/4/25,20250704_C10_04820.jpg
510,C7B,2025,7/10/25,5.5,7/10/25,20250710_C7B_00510.jpg
4728,C10,2025,7/20/25,5.0,7/21/25,20250721_C10_04728.jpg
4746,C10,2025,7/2/25,7.0,7/4/25,20250704_C10_04746.jpg
4818,C10,2025,7/11/25,4.0,7/11/25,20250711_C10_04818.jpg
4888,C10,2025,7/20/25,2.5,7/21/25,20250721_C10_04888.jpg
4600,C10,2025,7/20/25,2.5,7/21/25,20250721_C10_04600.jpg
8152,G3,2023,7/20/23,8.0,7/20/23,20230720_G3_08152.jpg
4434,C10,2025,7/19/25,5.0,7/18/25,20250718_C10_04434.jpg
174,C7B,2025,7/10/25,4.5,7/10/25,20250710_C7B_00174.jpg
6849,C10,2025,7/3/25,7.5,7/4/25,20250704_C10_06849.jpg
93,C7B,2025,7/10/25,7.0,7/10/25,20250710_C7B_00093.jpg
7211,G3,2023,7/26/23,4.0,7/27/23,20230727_G3_07211.jpg
5373,C10,2025,7/20/25,1.5,7/21/25,20250721_C10_05373.jpg
4472,C10,2025,7/1/25,6.0,6/28/25,20250628_C10_04472.jpg
5398,C10,2025,7/11/25,5.0,7/11/25,20250711_C10_05398.jpg
7540,G3,2023,7/26/23,8.0,7/27/23,20230727_G3_07540.jpg
4017,C10,2025,7/19/25,8.0,7/18/25,20250718_C10_04017.jpg
4299,C10,2025,6/30/25,7.0,6/28/25,20250628_C10_04299.jpg
3096,G3,2023,7/26/23,8.0,7/27/23,20230727_G3_03096.jpg
2760,C7B,2025,7/8/25,8.5,7/7/25,20250707_C7B_02760.jpg
1842,C7B,2025,7/1/25,6.0,7/1/25,20250701_C7B_01842.jpg
4073,C10,2025,7/19/25,5.5,7/18/25,20250718_C10_04073.jpg
6852,C10,2025,7/18/25,5.0,7/18/25,20250718_C10_06852.jpg
10977,I3B,2023,7/19/23,7.5,7/20/23,20230720_I3B_10977.jpg
6650,C10,2025,7/8/25,7.5,7/7/25,20250707_C10_06650.jpg
4779,C10,2025,7/11/25,4.0,7/11/25,20250711_C10_04779.jpg
5008,C10,2025,7/11/25,3.0,7/11/25,20250711_C10_05008.jpg
4022,C10,2025,7/11/25,5.5,7/11/25,20250711_C10_04022.jpg
832,C7B,2025,7/10/25,5.0,7/10/25,20250710_C7B_00832.jpg
10724,I3B,2023,7/19/23,4.5,7/20/23,20230720_I3B_10724.jpg
5665,C10,2025,7/8/25,4.0,7/7/25,20250707_C10_05665.jpg
4790,C10,2025,7/20/25,2.0,7/21/25,20250721_C10_04790.jpg
5613,C10,2025,7/11/25,7.0,7/11/25,20250711_C10_05613.jpg
1319,C7B,2025,7/10/25,6.0,7/10/25,20250710_C7B_01319.jpg
5715,C10,2025,7/8/25,5.0,7/7/25,20250707_C10_05715.jpg
2860,C7B,2025,6/30/25,7.5,7/1/25,20250701_C7B_02860.jpg
1116,C7B,2025,7/1/25,7.0,7/1/25,20250701_C7B_01116.jpg
1021,C7B,2025,7/1/25,7.0,7/1/25,20250701_C7B_01021.jpg
820,C7B,2025,7/10/25,7.5,7/10/25,20250710_C7B_00820.jpg
524,C7B,2025,6/30/25,6.0,7/1/25,20250701_C7B_00524.jpg
1960,C7B,2025,7/19/25,2.5,7/18/25,20250718_C7B_01960.jpg
11163,I3B,2023,7/12/23,6.5,7/13/23,20230713_I3B_11163.jpg
941,C7B,2025,7/18/25,3.0,7/18/25,20250718_C7B_00941.jpg
10971,I3B,2023,7/19/23,5.5,7/20/23,20230720_I3B_10971.jpg
10980,I3B,2023,7/19/23,7.0,7/20/23,20230720_I3B_10980.jpg
987,C7B,2025,7/18/25,2.0,7/18/25,20250718_C7B_00987.jpg
4827,C10,2025,7/20/25,3.0,7/21/25,20250721_C10_04827.jpg
2786,C7B,2025,7/13/25,6.0,7/12/25,20250712_C7B_02786.jpg
543,C7B,2025,6/30/25,7.5,7/1/25,20250701_C7B_00543.jpg
5175,C10,2025,7/11/25,4.0,7/11/25,20250711_C10_05175.jpg
91,C7B,2025,7/4/25,5.5,7/4/25,20250704_C7B_00091.jpg
5914,C10,2025,7/19/25,1.0,7/18/25,20250718_C10_05914.jpg
5166,C10,2025,7/2/25,6.5,7/4/25,20250704_C10_05166.jpg
1630,C7B,2025,7/10/25,5.0,7/10/25,20250710_C7B_01630.jpg
1510,C7B,2025,7/18/25,4.0,7/18/25,20250718_C7B_01510.jpg
3134,G3,2023,7/19/23,8.0,7/20/23,20230720_G3_03134.jpg
6727,C10,2025,7/18/25,7.0,7/18/25,20250718_C10_06727.jpg
314,C7B,2025,7/4/25,7.5,7/4/25,20250704_C7B_00314.jpg
4441,C10,2025,7/11/25,4.0,7/11/25,20250711_C10_04441.jpg
7278,G3,2023,7/20/23,7.5,7/20/23,20230720_G3_07278.jpg
1318,C7B,2025,7/18/25,4.0,7/18/25,20250718_C7B_01318.jpg
11003,I3B,2023,7/19/23,5.5,7/20/23,20230720_I3B_11003.jpg
928,C7B,2025,7/18/25,3.0,7/18/25,20250718_C7B_00928.jpg
1878,C7B,2025,7/1/25,8.0,7/1/25,20250701_C7B_01878.jpg
5214,C10,2025,7/11/25,4.0,7/11/25,20250711_C10_05214.jpg
4088,C10,2025,7/19/25,4.0,7/18/25,20250718_C10_04088.jpg
363,C7B,2025,7/10/25,5.5,7/10/25,20250710_C7B_00363.jpg
7359,G3,2023,7/20/23,7.5,7/20/23,20230720_G3_07359.jpg
6759,C10,2025,7/18/25,6.0,7/18/25,20250718_C10_06759.jpg
4564,C10,2025,7/20/25,3.5,7/21/25,20250721_C10_04564.jpg
98,C7B,2025,7/4/25,7.0,7/4/25,20250704_C7B_00098.jpg
5553,C10,2025,7/11/25,7.0,7/11/25,20250711_C10_05553.jpg
5403,C10,2025,7/11/25,4.0,7/11/25,20250711_C10_05403.jpg
10873,I3B,2023,7/19/23,7.0,7/20/23,20230720_I3B_10873.jpg
9852,I3B,2023,7/12/23,5.5,7/13/23,20230713_I3B_09852.jpg
1548,C7B,2025,7/10/25,5.5,7/10/25,20250710_C7B_01548.jpg
1412,C7B,2025,7/1/25,7.5,7/1/25,20250701_C7B_01412.jpg
1924,C7B,2025,7/19/25,2.0,7/18/25,20250718_C7B_01924.jpg
3032,G3,2023,7/26/23,7.5,7/27/23,20230727_G3_03032.jpg
6657,C10,2025,7/14/25,3.5,7/14/25,20250714_C10_06657.jpg
1581,C7B,2025,7/18/25,2.0,7/18/25,20250718_C7B_01581.jpg
7219,G3,2023,7/26/23,5.0,7/27/23,20230727_G3_07219.jpg
4322,C10,2025,7/7/25,6.0,7/7/25,20250707_C10_04322.jpg
9575,I3B,2023,7/12/23,7.0,7/13/23,20230713_I3B_09575.jpg
1786,C7B,2025,7/10/25,7.0,7/10/25,20250710_C7B_01786.jpg
10356,I3B,2023,7/25/23,3.5,7/27/23,20230727_I3B_10356.jpg
6669,C10,2025,7/14/25,5.0,7/14/25,20250714_C10_06669.jpg
605,C7B,2025,7/18/25,3.0,7/18/25,20250718_C7B_00605.jpg
5995,C10,2025,7/11/25,5.5,7/11/25,20250711_C10_05995.jpg
1595,C7B,2025,7/10/25,7.5,7/10/25,20250710_C7B_01595.jpg
6029,C10,2025,7/8/25,5.0,7/7/25,20250707_C10_06029.jpg
2049,C7B,2025,7/7/25,7.0,7/7/25,20250707_C7B_02049.jpg
914,C7B,2025,7/18/25,4.5,7/18/25,20250718_C7B_00914.jpg
5839,C10,2025,7/11/25,2.5,7/11/25,20250711_C10_05839.jpg
5431,C10,2025,7/2/25,7.0,7/4/25,20250704_C10_05431.jpg
318,C7B,2025,6/30/25,7.5,7/1/25,20250701_C7B_00318.jpg
501,C7B,2025,7/10/25,5.5,7/10/25,20250710_C7B_00501.jpg
6715,C10,2025,7/18/25,5.0,7/18/25,20250718_C10_06715.jpg
1299,C7B,2025,7/18/25,3.0,7/18/25,20250718_C7B_01299.jpg
11322,I3B,2023,7/19/23,5.5,7/20/23,20230720_I3B_11322.jpg
5713,C10,2025,7/11/25,4.0,7/11/25,20250711_C10_05713.jpg
3069,G3,2023,7/19/23,7.5,7/20/23,20230720_G3_03069.jpg
13,C7B,2025,7/18/25,7.0,7/18/25,20250718_C7B_00013.jpg
4043,C10,2025,7/11/25,5.5,7/11/25,20250711_C10_04043.jpg
4098,C10,2025,7/7/25,6.0,7/7/25,20250707_C10_04098.jpg
4009,C10,2025,7/19/25,4.0,7/18/25,20250718_C10_04009.jpg
884,C7B,2025,7/10/25,7.5,7/10/25,20250710_C7B_00884.jpg
7223,G3,2023,7/19/23,7.5,7/20/23,20230720_G3_07223.jpg
5885,C10,2025,7/1/25,5.0,6/28/25,20250628_C10_05885.jpg
5765,C10,2025,7/8/25,4.0,7/7/25,20250707_C10_05765.jpg
5737,C10,2025,7/11/25,5.0,7/11/25,20250711_C10_05737.jpg
4696,C10,2025,7/11/25,4.5,7/11/25,20250711_C10_04696.jpg
426,C7B,2025,7/18/25,3.5,7/18/25,20250718_C7B_00426.jpg
1009,C7B,2025,7/18/25,5.5,7/18/25,20250718_C7B_01009.jpg
810,C7B,2025,7/18/25,4.0,7/18/25,20250718_C7B_00810.jpg
631,C7B,2025,7/18/25,4.0,7/18/25,20250718_C7B_00631.jpg
150,C7B,2025,7/10/25,4.0,7/10/25,20250710_C7B_00150.jpg
6018,C10,2025,7/11/25,6.0,7/11/25,20250711_C10_06018.jpg
6709,C10,2025,7/3/25,7.5,7/4/25,20250704_C10_06709.jpg
7538,G3,2023,7/26/23,8.0,7/27/23,20230727_G3_07538.jpg
5716,C10,2025,7/19/25,4.0,7/18/25,20250718_C10_05716.jpg
6849,C10,2025,7/8/25,7.5,7/7/25,20250707_C10_06849.jpg
561,C7B,2025,7/10/25,6.5,7/10/25,20250710_C7B_00561.jpg
294,C7B,2025,7/4/25,5.5,7/4/25,20250704_C7B_00294.jpg
1866,C7B,2025,7/10/25,4.5,7/10/25,20250710_C7B_01866.jpg
2638,C7B,2025,7/13/25,7.5,7/12/25,20250712_C7B_02638.jpg
4682,C10,2025,7/11/25,4.5,7/11/25,20250711_C10_04682.jpg
1357,C7B,2025,7/10/25,7.0,7/10/25,20250710_C7B_01357.jpg
17,C7B,2025,7/18/25,5.5,7/18/25,20250718_C7B_00017.jpg
626,C7B,2025,7/18/25,4.5,7/18/25,20250718_C7B_00626.jpg
1054,C7B,2025,7/18/25,2.0,7/18/25,20250718_C7B_01054.jpg
5572,C10,2025,7/11/25,6.0,7/11/25,20250711_C10_05572.jpg
4803,C10,2025,7/11/25,7.5,7/11/25,20250711_C10_04803.jpg
390,C7B,2025,6/30/25,5.5,7/1/25,20250701_C7B_00390.jpg
2858,C7B,2025,7/8/25,6.5,7/7/25,20250707_C7B_02858.jpg
2821,C7B,2025,7/13/25,7.5,7/12/25,20250712_C7B_02821.jpg
1561,C7B,2025,7/18/25,2.0,7/18/25,20250718_C7B_01561.jpg
4150,C10,2025,7/11/25,4.0,7/11/25,20250711_C10_04150.jpg
4698,C10,2025,7/2/25,7.0,7/4/25,20250704_C10_04698.jpg
4284,C10,2025,7/7/25,6.0,7/7/25,20250707_C10_04284.jpg
6710,C10,2025,7/14/25,7.0,7/14/25,20250714_C10_06710.jpg
5440,C10,2025,7/20/25,2.0,7/21/25,20250721_C10_05440.jpg
1323,C7B,2025,7/18/25,2.0,7/18/25,20250718_C7B_01323.jpg
1956,C7B,2025,7/7/25,5.5,7/7/25,20250707_C7B_01956.jpg
9636,I3B,2023,7/12/23,6.0,7/13/23,20230713_I3B_09636.jpg
4081,C10,2025,7/7/25,5.0,7/7/25,20250707_C10_04081.jpg
6684,C10,2025,6/30/25,3.0,6/28/25,20250628_C10_06684.jpg
3090,G3,2023,7/26/23,4.0,7/27/23,20230727_G3_03090.jpg
5510,C10,2025,7/11/25,3.5,7/11/25,20250711_C10_05510.jpg
5668,C10,2025,7/11/25,8.0,7/11/25,20250711_C10_05668.jpg
573,C7B,2025,7/10/25,4.0,7/10/25,20250710_C7B_00573.jpg
9738,I3B,2023,7/12/23,4.5,7/13/23,20230713_I3B_09738.jpg
6722,C10,2025,7/18/25,8.0,7/18/25,20250718_C10_06722.jpg
646,C7B,2025,6/30/25,7.0,7/1/25,20250701_C7B_00646.jpg
4870,C10,2025,7/2/25,7.5,7/4/25,20250704_C10_04870.jpg
1488,C7B,2025,7/10/25,4.0,7/10/25,20250710_C7B_01488.jpg
1931,C7B,2025,7/19/25,4.0,7/18/25,20250718_C7B_01931.jpg
7378,G3,2023,7/20/23,7.0,7/20/23,20230720_G3_07378.jpg
3127,G3,2023,7/26/23,7.5,7/27/23,20230727_G3_03127.jpg
11286,I3B,2023,7/19/23,7.5,7/20/23,20230720_I3B_11286.jpg
4351,C10,2025,7/7/25,4.5,7/7/25,20250707_C10_04351.jpg
5622,C10,2025,7/2/25,5.5,7/4/25,20250704_C10_05622.jpg
326,C7B,2025,6/30/25,7.0,7/1/25,20250701_C7B_00326.jpg
6832,C10,2025,7/14/25,7.5,7/14/25,20250714_C10_06832.jpg
4240,C10,2025,6/30/25,5.0,6/28/25,20250628_C10_04240.jpg
979,C7B,2025,7/18/25,2.0,7/18/25,20250718_C7B_00979.jpg
9904,I3B,2023,7/12/23,6.0,7/13/23,20230713_I3B_09904.jpg
790,C7B,2025,7/10/25,5.0,7/10/25,20250710_C7B_00790.jpg
4164,C10,2025,7/19/25,4.5,7/18/25,20250718_C10_04164.jpg
568,C7B,2025,7/10/25,5.5,7/10/25,20250710_C7B_00568.jpg
1785,C7B,2025,7/19/25,4.0,7/18/25,20250718_C7B_01785.jpg
5180,C10,2025,7/2/25,7.5,7/4/25,20250704_C10_05180.jpg
6708,C10,2025,7/14/25,7.5,7/14/25,20250714_C10_06708.jpg
11110,I3B,2023,7/12/23,7.0,7/13/23,20230713_I3B_11110.jpg
4853,C10,2025,7/2/25,5.5,7/4/25,20250704_C10_04853.jpg
1864,C7B,2025,7/7/25,5.5,7/7/25,20250707_C7B_01864.jpg
7466,G3,2023,7/20/23,7.0,7/20/23,20230720_G3_07466.jpg
1124,C7B,2025,7/1/25,6.0,7/1/25,20250701_C7B_01124.jpg
319,C7B,2025,6/30/25,7.0,7/1/25,20250701_C7B_00319.jpg
4524,C10,2025,7/2/25,5.5,7/4/25,20250704_C10_04524.jpg
29,C7B,2025,7/4/25,7.5,7/4/25,20250704_C7B_00029.jpg
8100,G3,2023,7/26/23,5.5,7/27/23,20230727_G3_08100.jpg
6804,C10,2025,7/18/25,5.0,7/18/25,20250718_C10_06804.jpg
4634,C10,2025,7/11/25,4.0,7/11/25,20250711_C10_04634.jpg
4672,C10,2025,7/11/25,6.0,7/11/25,20250711_C10_04672.jpg
4996,C10,2025,7/11/25,3.0,7/11/25,20250711_C10_04996.jpg
7361,G3,2023,7/20/23,7.5,7/20/23,20230720_G3_07361.jpg
4600,C10,2025,7/11/25,4.0,7/11/25,20250711_C10_04600.jpg
1745,C7B,2025,7/7/25,8.0,7/7/25,20250707_C7B_01745.jpg
5233,C10,2025,7/2/25,8.0,7/4/25,20250704_C10_05233.jpg
1501,C7B,2025,7/10/25,7.0,7/10/25,20250710_C7B_01501.jpg
5258,C10,2025,7/2/25,6.0,7/4/25,20250704_C10_05258.jpg
5561,C10,2025,7/2/25,6.0,7/4/25,20250704_C10_05561.jpg
15,C7B,2025,6/30/25,6.0,7/1/25,20250701_C7B_00015.jpg
9850,I3B,2023,7/12/23,6.0,7/13/23,20230713_I3B_09850.jpg
5021,C10,2025,7/2/25,6.0,7/4/25,20250704_C10_05021.jpg
4193,C10,2025,7/11/25,4.0,7/11/25,20250711_C10_04193.jpg
11359,I3B,2023,7/19/23,6.5,7/20/23,20230720_I3B_11359.jpg
1718,C7B,2025,7/7/25,5.5,7/7/25,20250707_C7B_01718.jpg
6807,C10,2025,7/3/25,7.5,7/4/25,20250704_C10_06807.jpg
4502,C10,2025,7/11/25,7.0,7/11/25,20250711_C10_04502.jpg
5266,C10,2025,7/2/25,6.5,7/4/25,20250704_C10_05266.jpg
4609,C10,2025,7/2/25,5.5,7/4/25,20250704_C10_04609.jpg
784,C7B,2025,7/10/25,6.0,7/10/25,20250710_C7B_00784.jpg
6705,C10,2025,6/30/25,8.0,6/28/25,20250628_C10_06705.jpg
6671,C10,2025,7/3/25,5.0,7/4/25,20250704_C10_06671.jpg
196,C7B,2025,7/4/25,7.0,7/4/25,20250704_C7B_00196.jpg
812,C7B,2025,7/1/25,6.5,7/1/25,20250701_C7B_00812.jpg
4363,C10,2025,6/30/25,5.0,6/28/25,20250628_C10_04363.jpg
1094,C7B,2025,7/18/25,2.5,7/18/25,20250718_C7B_01094.jpg
10750,I3B,2023,7/19/23,5.0,7/20/23,20230720_I3B_10750.jpg
8033,G3,2023,7/19/23,7.0,7/20/23,20230720_G3_08033.jpg
833,C7B,2025,7/10/25,7.0,7/10/25,20250710_C7B_00833.jpg
5126,C10,2025,7/20/25,2.0,7/21/25,20250721_C10_05126.jpg
10723,I3B,2023,7/19/23,5.0,7/20/23,20230720_I3B_10723.jpg
4636,C10,2025,7/2/25,5.0,7/4/25,20250704_C10_04636.jpg
243,C7B,2025,6/30/25,7.0,7/1/25,20250701_C7B_00243.jpg
594,C7B,2025,7/10/25,5.0,7/10/25,20250710_C7B_00594.jpg
2725,C7B,2025,7/8/25,8.0,7/7/25,20250707_C7B_02725.jpg
683,C7B,2025,7/18/25,3.0,7/18/25,20250718_C7B_00683.jpg
4332,C10,2025,7/11/25,7.0,7/11/25,20250711_C10_04332.jpg
348,C7B,2025,7/4/25,7.0,7/4/25,20250704_C7B_00348.jpg
1997,C7B,2025,7/10/25,4.0,7/10/25,20250710_C7B_01997.jpg
1617,C7B,2025,7/10/25,5.0,7/10/25,20250710_C7B_01617.jpg
6669,C10,2025,6/30/25,7.0,6/28/25,20250628_C10_06669.jpg
4700,C10,2025,7/2/25,5.0,7/4/25,20250704_C10_04700.jpg
1524,C7B,2025,7/1/25,7.0,7/1/25,20250701_C7B_01524.jpg
4099,C10,2025,7/11/25,5.0,7/11/25,20250711_C10_04099.jpg
1294,C7B,2025,7/10/25,3.5,7/10/25,20250710_C7B_01294.jpg
6838,C10,2025,7/8/25,7.5,7/7/25,20250707_C10_06838.jpg
4407,C10,2025,7/11/25,7.0,7/11/25,20250711_C10_04407.jpg
4121,C10,2025,7/7/25,6.5,7/7/25,20250707_C10_04121.jpg
1923,C7B,2025,7/1/25,4.0,7/1/25,20250701_C7B_01923.jpg
22,C7B,2025,7/18/25,5.5,7/18/25,20250718_C7B_00022.jpg
480,C7B,2025,7/10/25,5.0,7/10/25,20250710_C7B_00480.jpg
5153,C10,2025,7/20/25,2.0,7/21/25,20250721_C10_05153.jpg
6698,C10,2025,7/3/25,8.0,7/4/25,20250704_C10_06698.jpg
4609,C10,2025,7/11/25,5.0,7/11/25,20250711_C10_04609.jpg
1557,C7B,2025,7/1/25,5.0,7/1/25,20250701_C7B_01557.jpg
1453,C7B,2025,7/18/25,2.0,7/18/25,20250718_C7B_01453.jpg
9673,I3B,2023,7/12/23,5.0,7/13/23,20230713_I3B_09673.jpg
1689,C7B,2025,7/1/25,5.0,7/1/25,20250701_C7B_01689.jpg
2038,C7B,2025,7/7/25,4.5,7/7/25,20250707_C7B_02038.jpg
2775,C7B,2025,7/13/25,7.5,7/12/25,20250712_C7B_02775.jpg
1374,C7B,2025,7/10/25,7.5,7/10/25,20250710_C7B_01374.jpg
1307,C7B,2025,7/10/25,6.5,7/10/25,20250710_C7B_01307.jpg
8005,G3,2023,7/26/23,6.0,7/27/23,20230727_G3_08005.jpg
412,C7B,2025,7/10/25,4.5,7/10/25,20250710_C7B_00412.jpg
1960,C7B,2025,7/1/25,7.0,7/1/25,20250701_C7B_01960.jpg
2050,C7B,2025,7/7/25,7.0,7/7/25,20250707_C7B_02050.jpg
830,C7B,2025,7/18/25,2.0,7/18/25,20250718_C7B_00830.jpg
4002,C10,2025,7/7/25,7.5,7/7/25,20250707_C10_04002.jpg
2872,C7B,2025,7/18/25,2.0,7/18/25,20250718_C7B_02872.jpg
2856,C7B,2025,6/30/25,8.0,7/1/25,20250701_C7B_02856.jpg
412,C7B,2025,6/30/25,5.5,7/1/25,20250701_C7B_00412.jpg
4899,C10,2025,7/11/25,4.5,7/11/25,20250711_C10_04899.jpg
5629,C10,2025,7/2/25,6.0,7/4/25,20250704_C10_05629.jpg
1722,C7B,2025,7/7/25,5.5,7/7/25,20250707_C7B_01722.jpg
4806,C10,2025,7/2/25,6.5,7/4/25,20250704_C10_04806.jpg
1213,C7B,2025,7/18/25,2.0,7/18/25,20250718_C7B_01213.jpg
6744,C10,2025,7/18/25,4.0,7/18/25,20250718_C10_06744.jpg
4783,C10,2025,7/11/25,6.5,7/11/25,20250711_C10_04783.jpg
7535,G3,2023,7/26/23,6.0,7/27/23,20230727_G3_07535.jpg
4302,C10,2025,7/7/25,5.5,7/7/25,20250707_C10_04302.jpg
6810,C10,2025,7/3/25,6.5,7/4/25,20250704_C10_06810.jpg
144,C7B,2025,7/4/25,7.0,7/4/25,20250704_C7B_00144.jpg
4126,C10,2025,7/11/25,4.0,7/11/25,20250711_C10_04126.jpg
4816,C10,2025,7/20/25,2.0,7/21/25,20250721_C10_04816.jpg
4972,C10,2025,7/20/25,3.0,7/21/25,20250721_C10_04972.jpg
583,C7B,2025,6/30/25,7.0,7/1/25,20250701_C7B_00583.jpg
2672,C7B,2025,6/30/25,8.5,7/1/25,20250701_C7B_02672.jpg
6754,C10,2025,7/14/25,7.0,7/14/25,20250714_C10_06754.jpg
1126,C7B,2025,7/1/25,6.0,7/1/25,20250701_C7B_01126.jpg
6682,C10,2025,7/3/25,8.0,7/4/25,20250704_C10_06682.jpg
5841,C10,2025,7/8/25,4.0,7/7/25,20250707_C10_05841.jpg
7386,G3,2023,7/26/23,5.0,7/27/23,20230727_G3_07386.jpg
5932,C10,2025,7/8/25,7.0,7/7/25,20250707_C10_05932.jpg
5051,C10,2025,7/20/25,1.5,7/21/25,20250721_C10_05051.jpg
1441,C7B,2025,7/1/25,7.5,7/1/25,20250701_C7B_01441.jpg
4393,C10,2025,7/19/25,4.0,7/18/25,20250718_C10_04393.jpg
7468,G3,2023,7/26/23,5.0,7/27/23,20230727_G3_07468.jpg
5667,C10,2025,7/19/25,5.0,7/18/25,20250718_C10_05667.jpg
6871,C10,2025,7/3/25,7.0,7/4/25,20250704_C10_06871.jpg
291,C7B,2025,6/30/25,7.5,7/1/25,20250701_C7B_00291.jpg
5020,C10,2025,7/2/25,7.5,7/4/25,20250704_C10_05020.jpg
558,C7B,2025,7/18/25,5.0,7/18/25,20250718_C7B_00558.jpg
4655,C10,2025,7/2/25,5.0,7/4/25,20250704_C10_04655.jpg
6040,C10,2025,7/8/25,3.0,7/7/25,20250707_C10_06040.jpg
1302,C7B,2025,7/18/25,4.0,7/18/25,20250718_C7B_01302.jpg
4388,C10,2025,7/7/25,5.5,7/7/25,20250707_C10_04388.jpg
4453,C10,2025,7/7/25,6.0,7/7/25,20250707_C10_04453.jpg
755,C7B,2025,7/10/25,7.0,7/10/25,20250710_C7B_00755.jpg
1954,C7B,2025,7/7/25,6.0,7/7/25,20250707_C7B_01954.jpg
1267,C7B,2025,7/18/25,2.5,7/18/25,20250718_C7B_01267.jpg
3127,G3,2023,7/19/23,7.5,7/20/23,20230720_G3_03127.jpg
4227,C10,2025,7/19/25,5.5,7/18/25,20250718_C10_04227.jpg
207,C7B,2025,7/18/25,2.5,7/18/25,20250718_C7B_00207.jpg
8077,G3,2023,7/20/23,7.0,7/20/23,20230720_G3_08077.jpg
4881,C10,2025,7/2/25,6.5,7/4/25,20250704_C10_04881.jpg
4867,C10,2025,7/11/25,4.0,7/11/25,20250711_C10_04867.jpg
1327,C7B,2025,7/18/25,1.5,7/18/25,20250718_C7B_01327.jpg
567,C7B,2025,7/18/25,4.0,7/18/25,20250718_C7B_00567.jpg
6837,C10,2025,7/18/25,4.0,7/18/25,20250718_C10_06837.jpg
1003,C7B,2025,7/18/25,3.0,7/18/25,20250718_C7B_01003.jpg
2753,C7B,2025,7/18/25,6.5,7/18/25,20250718_C7B_02753.jpg
5538,C10,2025,7/11/25,3.5,7/11/25,20250711_C10_05538.jpg
5575,C10,2025,7/20/25,2.0,7/21/25,20250721_C10_05575.jpg
5078,C10,2025,7/11/25,6.0,7/11/25,20250711_C10_05078.jpg
5923,C10,2025,7/8/25,8.0,7/7/25,20250707_C10_05923.jpg
4022,C10,2025,6/30/25,7.0,6/28/25,20250628_C10_04022.jpg
5048,C10,2025,7/11/25,5.0,7/11/25,20250711_C10_05048.jpg
1070,C7B,2025,7/1/25,5.5,7/1/25,20250701_C7B_01070.jpg
680,C7B,2025,6/30/25,5.5,7/1/25,20250701_C7B_00680.jpg
6663,C10,2025,7/3/25,7.5,7/4/25,20250704_C10_06663.jpg
4597,C10,2025,7/20/25,2.0,7/21/25,20250721_C10_04597.jpg
5592,C10,2025,7/2/25,5.5,7/4/25,20250704_C10_05592.jpg
4101,C10,2025,7/19/25,7.5,7/18/25,20250718_C10_04101.jpg
6742,C10,2025,7/14/25,6.0,7/14/25,20250714_C10_06742.jpg
241,C7B,2025,7/18/25,3.0,7/18/25,20250718_C7B_00241.jpg
420,C7B,2025,7/10/25,4.0,7/10/25,20250710_C7B_00420.jpg
1848,C7B,2025,7/7/25,5.0,7/7/25,20250707_C7B_01848.jpg
4900,C10,2025,7/2/25,7.5,7/4/25,20250704_C10_04900.jpg
41,C7B,2025,6/30/25,9.0,7/1/25,20250701_C7B_00041.jpg
5359,C10,2025,7/2/25,5.5,7/4/25,20250704_C10_05359.jpg
2021,C7B,2025,7/1/25,5.5,7/1/25,20250701_C7B_02021.jpg
667,C7B,2025,7/18/25,3.0,7/18/25,20250718_C7B_00667.jpg
309,C7B,2025,7/18/25,2.5,7/18/25,20250718_C7B_00309.jpg
2638,C7B,2025,6/30/25,8.0,7/1/25,20250701_C7B_02638.jpg
1827,C7B,2025,7/10/25,6.5,7/10/25,20250710_C7B_01827.jpg
9937,I3B,2023,7/12/23,5.5,7/13/23,20230713_I3B_09937.jpg
4126,C10,2025,6/30/25,5.5,6/28/25,20250628_C10_04126.jpg
665,C7B,2025,7/10/25,5.0,7/10/25,20250710_C7B_00665.jpg
1898,C7B,2025,7/10/25,4.0,7/10/25,20250710_C7B_01898.jpg
4503,C10,2025,7/2/25,6.5,7/4/25,20250704_C10_04503.jpg
10931,I3B,2023,7/19/23,6.5,7/20/23,20230720_I3B_10931.jpg
4168,C10,2025,7/19/25,4.0,7/18/25,20250718_C10_04168.jpg
1888,C7B,2025,7/1/25,6.0,7/1/25,20250701_C7B_01888.jpg
6695,C10,2025,7/3/25,6.0,7/4/25,20250704_C10_06695.jpg
90,C7B,2025,7/18/25,4.0,7/18/25,20250718_C7B_00090.jpg
5204,C10,2025,7/20/25,2.5,7/21/25,20250721_C10_05204.jpg
435,C7B,2025,7/4/25,7.0,7/4/25,20250704_C7B_00435.jpg
5190,C10,2025,7/2/25,5.5,7/4/25,20250704_C10_05190.jpg
1280,C7B,2025,7/18/25,3.0,7/18/25,20250718_C7B_01280.jpg
2707,C7B,2025,7/13/25,7.5,7/12/25,20250712_C7B_02707.jpg
3181,G3,2023,7/19/23,4.0,7/20/23,20230720_G3_03181.jpg
10850,I3B,2023,7/19/23,5.0,7/20/23,20230720_I3B_10850.jpg
4857,C10,2025,7/2/25,8.0,7/4/25,20250704_C10_04857.jpg
366,C7B,2025,6/30/25,7.5,7/1/25,20250701_C7B_00366.jpg
4225,C10,2025,7/11/25,5.0,7/11/25,20250711_C10_04225.jpg
4332,C10,2025,6/30/25,7.5,6/28/25,20250628_C10_04332.jpg
214,C7B,2025,7/4/25,5.5,7/4/25,20250704_C7B_00214.jpg
10925,I3B,2023,7/19/23,6.0,7/20/23,20230720_I3B_10925.jpg
287,C7B,2025,7/18/25,5.5,7/18/25,20250718_C7B_00287.jpg
2753,C7B,2025,7/8/25,7.5,7/7/25,20250707_C7B_02753.jpg
4637,C10,2025,7/11/25,4.0,7/11/25,20250711_C10_04637.jpg
250,C7B,2025,7/4/25,7.5,7/4/25,20250704_C7B_00250.jpg
4996,C10,2025,7/2/25,4.0,7/4/25,20250704_C10_04996.jpg
1286,C7B,2025,7/10/25,4.0,7/10/25,20250710_C7B_01286.jpg
4468,C10,2025,7/1/25,5.5,6/28/25,20250628_C10_04468.jpg
1738,C7B,2025,7/19/25,4.0,7/18/25,20250718_C7B_01738.jpg
1716,C7B,2025,7/1/25,7.0,7/1/25,20250701_C7B_01716.jpg
1502,C7B,2025,7/18/25,2.0,7/18/25,20250718_C7B_01502.jpg
2657,C7B,2025,7/13/25,8.0,7/12/25,20250712_C7B_02657.jpg
6815,C10,2025,7/3/25,5.0,7/4/25,20250704_C10_06815.jpg
5850,C10,2025,7/11/25,5.0,7/11/25,20250711_C10_05850.jpg
5976,C10,2025,7/11/25,7.0,7/11/25,20250711_C10_05976.jpg
2009,C7B,2025,7/10/25,6.5,7/10/25,20250710_C7B_02009.jpg
1819,C7B,2025,7/1/25,6.5,7/1/25,20250701_C7B_01819.jpg
4611,C10,2025,7/2/25,5.5,7/4/25,20250704_C10_04611.jpg
4671,C10,2025,7/11/25,4.0,7/11/25,20250711_C10_04671.jpg
2680,C7B,2025,7/13/25,4.0,7/12/25,20250712_C7B_02680.jpg
1150,C7B,2025,7/1/25,6.0,7/1/25,20250701_C7B_01150.jpg
55,C7B,2025,6/30/25,7.0,7/1/25,20250701_C7B_00055.jpg
12,C7B,2025,7/11/25,4.5,7/10/25,20250710_C7B_00012.jpg
1110,C7B,2025,7/1/25,7.0,7/1/25,20250701_C7B_01110.jpg
9639,I3B,2023,7/12/23,6.0,7/13/23,20230713_I3B_09639.jpg
5031,C10,2025,7/2/25,7.0,7/4/25,20250704_C10_05031.jpg
5057,C10,2025,7/2/25,7.0,7/4/25,20250704_C10_05057.jpg
8031,G3,2023,7/19/23,8.0,7/20/23,20230720_G3_08031.jpg
243,C7B,2025,7/4/25,6.0,7/4/25,20250704_C7B_00243.jpg
804,C7B,2025,7/1/25,6.0,7/1/25,20250701_C7B_00804.jpg
4336,C10,2025,7/7/25,7.5,7/7/25,20250707_C10_04336.jpg
4119,C10,2025,6/30/25,7.0,6/28/25,20250628_C10_04119.jpg
5856,C10,2025,7/11/25,8.0,7/11/25,20250711_C10_05856.jpg
676,C7B,2025,7/18/25,4.0,7/18/25,20250718_C7B_00676.jpg
5293,C10,2025,7/20/25,2.0,7/21/25,20250721_C10_05293.jpg
4029,C10,2025,7/19/25,5.5,7/18/25,20250718_C10_04029.jpg
9980,I3B,2023,7/12/23,6.5,7/13/23,20230713_I3B_09980.jpg
5059,C10,2025,7/11/25,4.0,7/11/25,20250711_C10_05059.jpg
180,C7B,2025,7/4/25,7.0,7/4/25,20250704_C7B_00180.jpg
2687,C7B,2025,7/18/25,7.5,7/18/25,20250718_C7B_02687.jpg
3120,G3,2023,7/26/23,8.0,7/27/23,20230727_G3_03120.jpg
4427,C10,2025,7/19/25,2.0,7/18/25,20250718_C10_04427.jpg
5450,C10,2025,7/11/25,5.0,7/11/25,20250711_C10_05450.jpg
280,C7B,2025,7/10/25,5.0,7/10/25,20250710_C7B_00280.jpg
4430,C10,2025,7/7/25,5.5,7/7/25,20250707_C10_04430.jpg
1537,C7B,2025,7/10/25,5.5,7/10/25,20250710_C7B_01537.jpg
9815,I3B,2023,7/12/23,5.0,7/13/23,20230713_I3B_09815.jpg
1653,C7B,2025,7/10/25,5.5,7/10/25,20250710_C7B_01653.jpg
1794,C7B,2025,7/19/25,4.0,7/18/25,20250718_C7B_01794.jpg
5492,C10,2025,7/20/25,2.0,7/21/25,20250721_C10_05492.jpg
7263,G3,2023,7/19/23,7.0,7/20/23,20230720_G3_07263.jpg
1673,C7B,2025,7/7/25,7.5,7/7/25,20250707_C7B_01673.jpg
5123,C10,2025,7/2/25,5.0,7/4/25,20250704_C10_05123.jpg
4688,C10,2025,7/11/25,5.0,7/11/25,20250711_C10_04688.jpg
5044,C10,2025,7/11/25,3.5,7/11/25,20250711_C10_05044.jpg
6715,C10,2025,7/14/25,5.5,7/14/25,20250714_C10_06715.jpg
11345,I3B,2023,7/19/23,6.0,7/20/23,20230720_I3B_11345.jpg
225,C7B,2025,7/10/25,2.5,7/10/25,20250710_C7B_00225.jpg
5137,C10,2025,7/2/25,7.5,7/4/25,20250704_C10_05137.jpg
370,C7B,2025,7/18/25,3.0,7/18/25,20250718_C7B_00370.jpg
8058,G3,2023,7/19/23,7.0,7/20/23,20230720_G3_08058.jpg
1034,C7B,2025,7/18/25,2.0,7/18/25,20250718_C7B_01034.jpg
5070,C10,2025,7/2/25,7.0,7/4/25,20250704_C10_05070.jpg
1905,C7B,2025,7/7/25,5.5,7/7/25,20250707_C7B_01905.jpg
4444,C10,2025,7/7/25,7.0,7/7/25,20250707_C10_04444.jpg
4784,C10,2025,7/20/25,3.0,7/21/25,20250721_C10_04784.jpg
1766,C7B,2025,7/7/25,5.5,7/7/25,20250707_C7B_01766.jpg
9901,I3B,2023,7/12/23,5.5,7/13/23,20230713_I3B_09901.jpg
1713,C7B,2025,7/19/25,4.0,7/18/25,20250718_C7B_01713.jpg
4576,C10,2025,7/20/25,2.5,7/21/25,20250721_C10_04576.jpg
5364,C10,2025,7/2/25,6.0,7/4/25,20250704_C10_05364.jpg
308,C7B,2025,7/4/25,5.0,7/4/25,20250704_C7B_00308.jpg
5331,C10,2025,7/20/25,2.0,7/21/25,20250721_C10_05331.jpg
5346,C10,2025,7/11/25,6.5,7/11/25,20250711_C10_05346.jpg
5991,C10,2025,7/11/25,8.0,7/11/25,20250711_C10_05991.jpg
2668,C7B,2025,7/8/25,8.0,7/7/25,20250707_C7B_02668.jpg
5618,C10,2025,7/20/25,4.0,7/21/25,20250721_C10_05618.jpg
6855,C10,2025,7/3/25,7.0,7/4/25,20250704_C10_06855.jpg
4796,C10,2025,7/2/25,6.0,7/4/25,20250704_C10_04796.jpg
212,C7B,2025,7/18/25,2.5,7/18/25,20250718_C7B_00212.jpg
1146,C7B,2025,7/1/25,8.0,7/1/25,20250701_C7B_01146.jpg
4691,C10,2025,7/11/25,5.0,7/11/25,20250711_C10_04691.jpg
7454,G3,2023,7/20/23,7.5,7/20/23,20230720_G3_07454.jpg
5776,C10,2025,7/19/25,4.0,7/18/25,20250718_C10_05776.jpg
1790,C7B,2025,7/7/25,7.0,7/7/25,20250707_C7B_01790.jpg
4160,C10,2025,7/19/25,3.0,7/18/25,20250718_C10_04160.jpg
6851,C10,2025,6/30/25,8.0,6/28/25,20250628_C10_06851.jpg
288,C7B,2025,7/4/25,6.0,7/4/25,20250704_C7B_00288.jpg
5409,C10,2025,7/11/25,4.5,7/11/25,20250711_C10_05409.jpg
2767,C7B,2025,7/8/25,8.5,7/7/25,20250707_C7B_02767.jpg
704,C7B,2025,6/30/25,7.5,7/1/25,20250701_C7B_00704.jpg
3189,G3,2023,7/26/23,6.0,7/27/23,20230727_G3_03189.jpg
45,C7B,2025,7/11/25,6.0,7/10/25,20250710_C7B_00045.jpg
2742,C7B,2025,7/13/25,8.0,7/12/25,20250712_C7B_02742.jpg
6827,C10,2025,7/14/25,7.0,7/14/25,20250714_C10_06827.jpg
6716,C10,2025,7/3/25,7.5,7/4/25,20250704_C10_06716.jpg
5866,C10,2025,7/11/25,4.5,7/11/25,20250711_C10_05866.jpg
11182,I3B,2023,7/12/23,6.5,7/13/23,20230713_I3B_11182.jpg
4175,C10,2025,6/30/25,7.0,6/28/25,20250628_C10_04175.jpg
11217,I3B,2023,7/19/23,5.0,7/20/23,20230720_I3B_11217.jpg
1547,C7B,2025,7/1/25,7.5,7/1/25,20250701_C7B_01547.jpg
6729,C10,2025,7/3/25,8.0,7/4/25,20250704_C10_06729.jpg
4313,C10,2025,7/19/25,2.0,7/18/25,20250718_C10_04313.jpg
1498,C7B,2025,7/10/25,7.0,7/10/25,20250710_C7B_01498.jpg
5919,C10,2025,7/1/25,7.0,6/28/25,20250628_C10_05919.jpg
11197,I3B,2023,7/19/23,6.5,7/20/23,20230720_I3B_11197.jpg
2845,C7B,2025,7/18/25,2.0,7/18/25,20250718_C7B_02845.jpg
2816,C7B,2025,7/8/25,6.5,7/7/25,20250707_C7B_02816.jpg
4933,C10,2025,7/11/25,5.0,7/11/25,20250711_C10_04933.jpg
4659,C10,2025,7/2/25,5.0,7/4/25,20250704_C10_04659.jpg
1890,C7B,2025,7/1/25,8.0,7/1/25,20250701_C7B_01890.jpg
1239,C7B,2025,7/1/25,7.0,7/1/25,20250701_C7B_01239.jpg
185,C7B,2025,6/30/25,5.5,7/1/25,20250701_C7B_00185.jpg
5447,C10,2025,7/11/25,5.0,7/11/25,20250711_C10_05447.jpg
2699,C7B,2025,7/13/25,3.0,7/12/25,20250712_C7B_02699.jpg
2672,C7B,2025,7/18/25,7.0,7/18/25,20250718_C7B_02672.jpg
4749,C10,2025,7/2/25,5.5,7/4/25,20250704_C10_04749.jpg
6814,C10,2025,6/30/25,8.5,6/28/25,20250628_C10_06814.jpg
4530,C10,2025,7/2/25,6.0,7/4/25,20250704_C10_04530.jpg
7254,G3,2023,7/26/23,6.0,7/27/23,20230727_G3_07254.jpg
131,C7B,2025,7/10/25,6.5,7/10/25,20250710_C7B_00131.jpg
926,C7B,2025,7/1/25,7.0,7/1/25,20250701_C7B_00926.jpg
1433,C7B,2025,7/10/25,3.5,7/10/25,20250710_C7B_01433.jpg
479,C7B,2025,7/10/25,5.0,7/10/25,20250710_C7B_00479.jpg
1109,C7B,2025,7/1/25,5.5,7/1/25,20250701_C7B_01109.jpg
4759,C10,2025,7/2/25,7.0,7/4/25,20250704_C10_04759.jpg
5005,C10,2025,7/20/25,2.0,7/21/25,20250721_C10_05005.jpg
516,C7B,2025,6/30/25,7.5,7/1/25,20250701_C7B_00516.jpg
5147,C10,2025,7/11/25,6.0,7/11/25,20250711_C10_05147.jpg
822,C7B,2025,7/1/25,6.0,7/1/25,20250701_C7B_00822.jpg
9885,I3B,2023,7/12/23,5.0,7/13/23,20230713_I3B_09885.jpg
2020,C7B,2025,7/1/25,6.5,7/1/25,20250701_C7B_02020.jpg
813,C7B,2025,7/18/25,3.0,7/18/25,20250718_C7B_00813.jpg
10282,I3B,2023,7/25/23,5.0,7/27/23,20230727_I3B_10282.jpg
4027,C10,2025,7/11/25,5.5,7/11/25,20250711_C10_04027.jpg
5033,C10,2025,7/11/25,5.0,7/11/25,20250711_C10_05033.jpg
5959,C10,2025,7/11/25,4.0,7/11/25,20250711_C10_05959.jpg
1271,C7B,2025,7/10/25,4.0,7/10/25,20250710_C7B_01271.jpg
1612,C7B,2025,7/18/25,2.0,7/18/25,20250718_C7B_01612.jpg
831,C7B,2025,7/1/25,5.0,7/1/25,20250701_C7B_00831.jpg
1504,C7B,2025,7/10/25,7.5,7/10/25,20250710_C7B_01504.jpg
5020,C10,2025,7/11/25,8.0,7/11/25,20250711_C10_05020.jpg
145,C7B,2025,7/18/25,6.0,7/18/25,20250718_C7B_00145.jpg
5766,C10,2025,7/11/25,5.0,7/11/25,20250711_C10_05766.jpg
6831,C10,2025,7/14/25,6.0,7/14/25,20250714_C10_06831.jpg
6867,C10,2025,6/30/25,8.0,6/28/25,20250628_C10_06867.jpg
4774,C10,2025,7/2/25,6.0,7/4/25,20250704_C10_04774.jpg
2637,C7B,2025,7/18/25,4.0,7/18/25,20250718_C7B_02637.jpg
856,C7B,2025,7/1/25,7.0,7/1/25,20250701_C7B_00856.jpg
4397,C10,2025,6/30/25,7.0,6/28/25,20250628_C10_04397.jpg
1126,C7B,2025,7/18/25,2.0,7/18/25,20250718_C7B_01126.jpg
8086,G3,2023,7/20/23,6.0,7/20/23,20230720_G3_08086.jpg
1407,C7B,2025,7/10/25,5.0,7/10/25,20250710_C7B_01407.jpg
1888,C7B,2025,7/19/25,1.0,7/18/25,20250718_C7B_01888.jpg
4657,C10,2025,7/2/25,4.0,7/4/25,20250704_C10_04657.jpg
10260,I3B,2023,7/25/23,5.5,7/27/23,20230727_I3B_10260.jpg
121,C7B,2025,7/18/25,4.0,7/18/25,20250718_C7B_00121.jpg
4489,C10,2025,7/11/25,6.5,7/11/25,20250711_C10_04489.jpg
8066,G3,2023,7/19/23,5.0,7/20/23,20230720_G3_08066.jpg
5615,C10,2025,7/20/25,2.5,7/21/25,20250721_C10_05615.jpg
5025,C10,2025,7/2/25,6.0,7/4/25,20250704_C10_05025.jpg
4679,C10,2025,7/11/25,5.0,7/11/25,20250711_C10_04679.jpg
1762,C7B,2025,7/7/25,5.0,7/7/25,20250707_C7B_01762.jpg
1834,C7B,2025,7/1/25,7.5,7/1/25,20250701_C7B_01834.jpg
6873,C10,2025,7/8/25,7.5,7/7/25,20250707_C10_06873.jpg
11006,I3B,2023,7/19/23,6.5,7/20/23,20230720_I3B_11006.jpg
771,C7B,2025,6/30/25,7.5,7/1/25,20250701_C7B_00771.jpg
5588,C10,2025,7/11/25,5.0,7/11/25,20250711_C10_05588.jpg
985,C7B,2025,7/18/25,1.0,7/18/25,20250718_C7B_00985.jpg
84,C7B,2025,7/18/25,4.5,7/18/25,20250718_C7B_00084.jpg
5999,C10,2025,7/8/25,5.0,7/7/25,20250707_C10_05999.jpg
9591,I3B,2023,7/12/23,6.5,7/13/23,20230713_I3B_09591.jpg
6038,C10,2025,7/2/25,5.0,7/4/25,20250704_C10_06038.jpg
9756,I3B,2023,7/12/23,5.5,7/13/23,20230713_I3B_09756.jpg
5342,C10,2025,7/11/25,4.0,7/11/25,20250711_C10_05342.jpg
1916,C7B,2025,7/10/25,7.5,7/10/25,20250710_C7B_01916.jpg
4432,C10,2025,7/7/25,7.0,7/7/25,20250707_C10_04432.jpg
5549,C10,2025,7/20/25,2.5,7/21/25,20250721_C10_05549.jpg
2685,C7B,2025,6/30/25,8.5,7/1/25,20250701_C7B_02685.jpg
4216,C10,2025,7/11/25,4.5,7/11/25,20250711_C10_04216.jpg
11108,I3B,2023,7/12/23,7.0,7/13/23,20230713_I3B_11108.jpg
4224,C10,2025,6/30/25,7.5,6/28/25,20250628_C10_04224.jpg
360,C7B,2025,7/4/25,5.5,7/4/25,20250704_C7B_00360.jpg
7398,G3,2023,7/20/23,8.0,7/20/23,20230720_G3_07398.jpg
10280,I3B,2023,7/25/23,6.0,7/27/23,20230727_I3B_10280.jpg
4860,C10,2025,7/20/25,2.0,7/21/25,20250721_C10_04860.jpg
5894,C10,2025,7/1/25,6.0,6/28/25,20250628_C10_05894.jpg
1750,C7B,2025,7/10/25,4.0,7/10/25,20250710_C7B_01750.jpg
1964,C7B,2025,7/1/25,7.0,7/1/25,20250701_C7B_01964.jpg
1333,C7B,2025,7/18/25,1.0,7/18/25,20250718_C7B_01333.jpg
1734,C7B,2025,7/19/25,5.0,7/18/25,20250718_C7B_01734.jpg
7377,G3,2023,7/20/23,8.0,7/20/23,20230720_G3_07377.jpg
534,C7B,2025,7/10/25,6.0,7/10/25,20250710_C7B_00534.jpg
172,C7B,2025,7/4/25,7.5,7/4/25,20250704_C7B_00172.jpg
130,C7B,2025,6/30/25,7.5,7/1/25,20250701_C7B_00130.jpg
785,C7B,2025,7/10/25,4.0,7/10/25,20250710_C7B_00785.jpg
8108,G3,2023,7/20/23,7.5,7/20/23,20230720_G3_08108.jpg
6683,C10,2025,6/30/25,8.5,6/28/25,20250628_C10_06683.jpg
4856,C10,2025,7/11/25,5.0,7/11/25,20250711_C10_04856.jpg
395,C7B,2025,7/18/25,3.0,7/18/25,20250718_C7B_00395.jpg
5720,C10,2025,7/8/25,5.0,7/7/25,20250707_C10_05720.jpg
1427,C7B,2025,7/1/25,5.5,7/1/25,20250701_C7B_01427.jpg
1798,C7B,2025,7/7/25,5.0,7/7/25,20250707_C7B_01798.jpg
1447,C7B,2025,7/18/25,1.5,7/18/25,20250718_C7B_01447.jpg
4800,C10,2025,7/20/25,2.0,7/21/25,20250721_C10_04800.jpg
1713,C7B,2025,7/7/25,7.0,7/7/25,20250707_C7B_01713.jpg
9882,I3B,2023,7/12/23,5.0,7/13/23,20230713_I3B_09882.jpg
430,C7B,2025,6/30/25,7.0,7/1/25,20250701_C7B_00430.jpg
5463,C10,2025,7/20/25,5.0,7/21/25,20250721_C10_05463.jpg
5852,C10,2025,7/11/25,6.5,7/11/25,20250711_C10_05852.jpg
11033,I3B,2023,7/12/23,6.0,7/13/23,20230713_I3B_11033.jpg
7467,G3,2023,7/20/23,7.0,7/20/23,20230720_G3_07467.jpg
2689,C7B,2025,7/18/25,7.5,7/18/25,20250718_C7B_02689.jpg
5552,C10,2025,7/20/25,3.0,7/21/25,20250721_C10_05552.jpg
4513,C10,2025,7/2/25,6.0,7/4/25,20250704_C10_04513.jpg
5008,C10,2025,7/20/25,2.0,7/21/25,20250721_C10_05008.jpg
715,C7B,2025,7/10/25,6.5,7/10/25,20250710_C7B_00715.jpg
631,C7B,2025,7/10/25,6.0,7/10/25,20250710_C7B_00631.jpg
4162,C10,2025,7/11/25,4.5,7/11/25,20250711_C10_04162.jpg
502,C7B,2025,6/30/25,7.5,7/1/25,20250701_C7B_00502.jpg
3109,G3,2023,7/19/23,7.5,7/20/23,20230720_G3_03109.jpg
6697,C10,2025,7/8/25,7.0,7/7/25,20250707_C10_06697.jpg
7407,G3,2023,7/26/23,7.5,7/27/23,20230727_G3_07407.jpg
11176,I3B,2023,7/12/23,7.0,7/13/23,20230713_I3B_11176.jpg
1741,C7B,2025,7/10/25,8.0,7/10/25,20250710_C7B_01741.jpg
6807,C10,2025,6/30/25,7.5,6/28/25,20250628_C10_06807.jpg
1690,C7B,2025,7/19/25,6.0,7/18/25,20250718_C7B_01690.jpg
5420,C10,2025,7/20/25,3.0,7/21/25,20250721_C10_05420.jpg
623,C7B,2025,7/18/25,4.0,7/18/25,20250718_C7B_00623.jpg
1919,C7B,2025,7/19/25,1.5,7/18/25,20250718_C7B_01919.jpg
2820,C7B,2025,7/8/25,7.0,7/7/25,20250707_C7B_02820.jpg
2839,C7B,2025,7/18/25,5.5,7/18/25,20250718_C7B_02839.jpg
1738,C7B,2025,7/10/25,6.5,7/10/25,20250710_C7B_01738.jpg
783,C7B,2025,7/18/25,3.0,7/18/25,20250718_C7B_00783.jpg
4971,C10,2025,7/11/25,4.0,7/11/25,20250711_C10_04971.jpg
2004,C7B,2025,7/1/25,7.5,7/1/25,20250701_C7B_02004.jpg
578,C7B,2025,6/30/25,7.5,7/1/25,20250701_C7B_00578.jpg
10316,I3B,2023,7/25/23,4.0,7/27/23,20230727_I3B_10316.jpg
4185,C10,2025,7/11/25,6.0,7/11/25,20250711_C10_04185.jpg
4421,C10,2025,7/7/25,3.0,7/7/25,20250707_C10_04421.jpg
11225,I3B,2023,7/19/23,5.0,7/20/23,20230720_I3B_11225.jpg
1417,C7B,2025,7/10/25,6.5,7/10/25,20250710_C7B_01417.jpg
4821,C10,2025,7/11/25,5.0,7/11/25,20250711_C10_04821.jpg
194,C7B,2025,6/30/25,6.0,7/1/25,20250701_C7B_00194.jpg
9627,I3B,2023,7/12/23,5.0,7/13/23,20230713_I3B_09627.jpg
1425,C7B,2025,7/1/25,7.0,7/1/25,20250701_C7B_01425.jpg
5561,C10,2025,7/20/25,2.5,7/21/25,20250721_C10_05561.jpg
1167,C7B,2025,7/18/25,3.0,7/18/25,20250718_C7B_01167.jpg
4145,C10,2025,7/19/25,4.5,7/18/25,20250718_C10_04145.jpg
4055,C10,2025,7/19/25,5.5,7/18/25,20250718_C10_04055.jpg
4560,C10,2025,7/11/25,5.0,7/11/25,20250711_C10_04560.jpg
6685,C10,2025,7/8/25,8.0,7/7/25,20250707_C10_06685.jpg
264,C7B,2025,7/18/25,2.0,7/18/25,20250718_C7B_00264.jpg
4525,C10,2025,7/11/25,5.0,7/11/25,20250711_C10_04525.jpg
5089,C10,2025,7/11/25,6.0,7/11/25,20250711_C10_05089.jpg
1445,C7B,2025,7/18/25,3.0,7/18/25,20250718_C7B_01445.jpg
7386,G3,2023,7/20/23,7.5,7/20/23,20230720_G3_07386.jpg
1536,C7B,2025,7/1/25,6.0,7/1/25,20250701_C7B_01536.jpg
6783,C10,2025,7/14/25,7.5,7/14/25,20250714_C10_06783.jpg
5132,C10,2025,7/11/25,5.0,7/11/25,20250711_C10_05132.jpg
693,C7B,2025,6/30/25,7.0,7/1/25,20250701_C7B_00693.jpg
4053,C10,2025,7/19/25,6.0,7/18/25,20250718_C10_04053.jpg
6717,C10,2025,6/30/25,8.0,6/28/25,20250628_C10_06717.jpg
790,C7B,2025,6/30/25,6.0,7/1/25,20250701_C7B_00790.jpg
4346,C10,2025,6/30/25,6.5,6/28/25,20250628_C10_04346.jpg
845,C7B,2025,7/10/25,5.0,7/10/25,20250710_C7B_00845.jpg
2038,C7B,2025,7/1/25,5.5,7/1/25,20250701_C7B_02038.jpg
2008,C7B,2025,7/7/25,7.0,7/7/25,20250707_C7B_02008.jpg
4579,C10,2025,7/20/25,2.5,7/21/25,20250721_C10_04579.jpg
4897,C10,2025,7/20/25,2.0,7/21/25,20250721_C10_04897.jpg
4010,C10,2025,6/30/25,7.5,6/28/25,20250628_C10_04010.jpg
1937,C7B,2025,7/7/25,5.5,7/7/25,20250707_C7B_01937.jpg
6004,C10,2025,7/2/25,6.5,7/4/25,20250704_C10_06004.jpg
10829,I3B,2023,7/19/23,6.0,7/20/23,20230720_I3B_10829.jpg
1051,C7B,2025,7/10/25,5.0,7/10/25,20250710_C7B_01051.jpg
4637,C10,2025,7/20/25,2.0,7/21/25,20250721_C10_04637.jpg
5544,C10,2025,7/11/25,7.0,7/11/25,20250711_C10_05544.jpg
553,C7B,2025,6/30/25,6.0,7/1/25,20250701_C7B_00553.jpg
9779,I3B,2023,7/12/23,5.5,7/13/23,20230713_I3B_09779.jpg
4338,C10,2025,7/7/25,7.0,7/7/25,20250707_C10_04338.jpg
964,C7B,2025,7/1/25,7.5,7/1/25,20250701_C7B_00964.jpg
5863,C10,2025,7/19/25,2.0,7/18/25,20250718_C10_05863.jpg
6693,C10,2025,7/8/25,7.5,7/7/25,20250707_C10_06693.jpg
6811,C10,2025,7/8/25,7.5,7/7/25,20250707_C10_06811.jpg
2740,C7B,2025,6/30/25,8.0,7/1/25,20250701_C7B_02740.jpg
4442,C10,2025,6/30/25,7.0,6/28/25,20250628_C10_04442.jpg
611,C7B,2025,7/18/25,3.0,7/18/25,20250718_C7B_00611.jpg
2803,C7B,2025,7/8/25,8.0,7/7/25,20250707_C7B_02803.jpg
6712,C10,2025,7/18/25,3.0,7/18/25,20250718_C10_06712.jpg
6770,C10,2025,7/8/25,8.0,7/7/25,20250707_C10_06770.jpg
4649,C10,2025,7/11/25,4.0,7/11/25,20250711_C10_04649.jpg
4197,C10,2025,7/7/25,4.5,7/7/25,20250707_C10_04197.jpg
5839,C10,2025,7/19/25,1.5,7/18/25,20250718_C10_05839.jpg
5662,C10,2025,7/8/25,5.0,7/7/25,20250707_C10_05662.jpg
4436,C10,2025,6/30/25,7.0,6/28/25,20250628_C10_04436.jpg
4430,C10,2025,7/19/25,3.0,7/18/25,20250718_C10_04430.jpg
10390,I3B,2023,7/25/23,5.5,7/27/23,20230727_I3B_10390.jpg
2697,C7B,2025,7/13/25,7.0,7/12/25,20250712_C7B_02697.jpg
422,C7B,2025,6/30/25,7.5,7/1/25,20250701_C7B_00422.jpg
1679,C7B,2025,7/7/25,7.5,7/7/25,20250707_C7B_01679.jpg
4551,C10,2025,7/11/25,5.5,7/11/25,20250711_C10_04551.jpg
1997,C7B,2025,7/1/25,6.0,7/1/25,20250701_C7B_01997.jpg
1519,C7B,2025,7/1/25,6.0,7/1/25,20250701_C7B_01519.jpg
11007,I3B,2023,7/19/23,7.0,7/20/23,20230720_I3B_11007.jpg
1741,C7B,2025,7/1/25,8.0,7/1/25,20250701_C7B_01741.jpg
4174,C10,2025,7/19/25,4.0,7/18/25,20250718_C10_04174.jpg
5453,C10,2025,7/20/25,2.0,7/21/25,20250721_C10_05453.jpg
1233,C7B,2025,7/1/25,7.5,7/1/25,20250701_C7B_01233.jpg
1744,C7B,2025,7/7/25,5.5,7/7/25,20250707_C7B_01744.jpg
1083,C7B,2025,7/10/25,5.0,7/10/25,20250710_C7B_01083.jpg
5962,C10,2025,7/11/25,6.5,7/11/25,20250711_C10_05962.jpg
5235,C10,2025,7/11/25,5.0,7/11/25,20250711_C10_05235.jpg
4217,C10,2025,6/30/25,7.5,6/28/25,20250628_C10_04217.jpg
4963,C10,2025,7/11/25,4.0,7/11/25,20250711_C10_04963.jpg
6784,C10,2025,6/30/25,9.0,6/28/25,20250628_C10_06784.jpg
794,C7B,2025,6/30/25,7.0,7/1/25,20250701_C7B_00794.jpg
7416,G3,2023,7/20/23,8.0,7/20/23,20230720_G3_07416.jpg
11168,I3B,2023,7/12/23,8.0,7/13/23,20230713_I3B_11168.jpg
299,C7B,2025,7/10/25,6.0,7/10/25,20250710_C7B_00299.jpg
5091,C10,2025,7/2/25,7.5,7/4/25,20250704_C10_05091.jpg
444,C7B,2025,7/18/25,5.0,7/18/25,20250718_C7B_00444.jpg
4339,C10,2025,7/7/25,6.0,7/7/25,20250707_C10_04339.jpg
6723,C10,2025,6/30/25,9.0,6/28/25,20250628_C10_06723.jpg
4962,C10,2025,7/11/25,4.0,7/11/25,20250711_C10_04962.jpg
1948,C7B,2025,7/19/25,2.0,7/18/25,20250718_C7B_01948.jpg
1105,C7B,2025,7/10/25,4.0,7/10/25,20250710_C7B_01105.jpg
5838,C10,2025,7/11/25,8.0,7/11/25,20250711_C10_05838.jpg
1843,C7B,2025,7/1/25,7.5,7/1/25,20250701_C7B_01843.jpg
594,C7B,2025,6/30/25,7.0,7/1/25,20250701_C7B_00594.jpg
5700,C10,2025,7/11/25,3.0,7/11/25,20250711_C10_05700.jpg
5779,C10,2025,7/19/25,1.5,7/18/25,20250718_C10_05779.jpg
7215,G3,2023,7/26/23,5.5,7/27/23,20230727_G3_07215.jpg
6739,C10,2025,6/30/25,9.0,6/28/25,20250628_C10_06739.jpg
620,C7B,2025,6/30/25,7.0,7/1/25,20250701_C7B_00620.jpg
4243,C10,2025,7/19/25,3.0,7/18/25,20250718_C10_04243.jpg
4200,C10,2025,7/7/25,7.0,7/7/25,20250707_C10_04200.jpg
1887,C7B,2025,7/10/25,8.0,7/10/25,20250710_C7B_01887.jpg
831,C7B,2025,7/10/25,4.0,7/10/25,20250710_C7B_00831.jpg
1713,C7B,2025,7/10/25,7.0,7/10/25,20250710_C7B_01713.jpg
1411,C7B,2025,7/18/25,3.0,7/18/25,20250718_C7B_01411.jpg
903,C7B,2025,7/18/25,3.0,7/18/25,20250718_C7B_00903.jpg
11201,I3B,2023,7/19/23,7.0,7/20/23,20230720_I3B_11201.jpg
322,C7B,2025,6/30/25,6.0,7/1/25,20250701_C7B_00322.jpg
315,C7B,2025,7/4/25,7.5,7/4/25,20250704_C7B_00315.jpg
4513,C10,2025,7/20/25,2.5,7/21/25,20250721_C10_04513.jpg
1018,C7B,2025,7/18/25,3.0,7/18/25,20250718_C7B_01018.jpg
3060,G3,2023,7/26/23,7.5,7/27/23,20230727_G3_03060.jpg
1960,C7B,2025,7/7/25,5.5,7/7/25,20250707_C7B_01960.jpg
5224,C10,2025,7/20/25,2.0,7/21/25,20250721_C10_05224.jpg
31,C7B,2025,7/18/25,5.0,7/18/25,20250718_C7B_00031.jpg
5247,C10,2025,7/20/25,2.0,7/21/25,20250721_C10_05247.jpg
1736,C7B,2025,7/7/25,5.0,7/7/25,20250707_C7B_01736.jpg
513,C7B,2025,7/18/25,3.0,7/18/25,20250718_C7B_00513.jpg
382,C7B,2025,6/30/25,6.0,7/1/25,20250701_C7B_00382.jpg
6844,C10,2025,6/30/25,9.0,6/28/25,20250628_C10_06844.jpg
4591,C10,2025,7/20/25,3.0,7/21/25,20250721_C10_04591.jpg
2762,C7B,2025,7/18/25,7.5,7/18/25,20250718_C7B_02762.jpg
3165,G3,2023,7/19/23,6.0,7/20/23,20230720_G3_03165.jpg
6816,C10,2025,7/8/25,7.5,7/7/25,20250707_C10_06816.jpg
2791,C7B,2025,7/18/25,8.0,7/18/25,20250718_C7B_02791.jpg
8059,G3,2023,7/19/23,6.5,7/20/23,20230720_G3_08059.jpg
1957,C7B,2025,7/1/25,7.0,7/1/25,20250701_C7B_01957.jpg
8023,G3,2023,7/26/23,3.0,7/27/23,20230727_G3_08023.jpg
474,C7B,2025,6/30/25,7.0,7/1/25,20250701_C7B_00474.jpg
4555,C10,2025,7/11/25,6.0,7/11/25,20250711_C10_04555.jpg
11226,I3B,2023,7/19/23,5.0,7/20/23,20230720_I3B_11226.jpg
10402,I3B,2023,7/25/23,3.0,7/27/23,20230727_I3B_10402.jpg
4066,C10,2025,6/30/25,7.0,6/28/25,20250628_C10_04066.jpg
4635,C10,2025,7/2/25,5.5,7/4/25,20250704_C10_04635.jpg
4671,C10,2025,7/2/25,6.5,7/4/25,20250704_C10_04671.jpg
267,C7B,2025,7/4/25,6.0,7/4/25,20250704_C7B_00267.jpg
5943,C10,2025,7/19/25,1.5,7/18/25,20250718_C10_05943.jpg
700,C7B,2025,7/18/25,2.0,7/18/25,20250718_C7B_00700.jpg
7379,G3,2023,7/26/23,8.0,7/27/23,20230727_G3_07379.jpg
1946,C7B,2025,7/1/25,7.0,7/1/25,20250701_C7B_01946.jpg
1478,C7B,2025,7/18/25,2.0,7/18/25,20250718_C7B_01478.jpg
1527,C7B,2025,7/10/25,6.5,7/10/25,20250710_C7B_01527.jpg
4098,C10,2025,7/11/25,5.0,7/11/25,20250711_C10_04098.jpg
5557,C10,2025,7/2/25,5.5,7/4/25,20250704_C10_05557.jpg
4679,C10,2025,7/20/25,2.5,7/21/25,20250721_C10_04679.jpg
11054,I3B,2023,7/12/23,7.0,7/13/23,20230713_I3B_11054.jpg
9892,I3B,2023,7/12/23,5.0,7/13/23,20230713_I3B_09892.jpg
5258,C10,2025,7/20/25,2.0,7/21/25,20250721_C10_05258.jpg
4911,C10,2025,7/2/25,5.0,7/4/25,20250704_C10_04911.jpg
6862,C10,2025,7/18/25,6.0,7/18/25,20250718_C10_06862.jpg
3188,G3,2023,7/26/23,7.5,7/27/23,20230727_G3_03188.jpg
246,C7B,2025,7/18/25,3.5,7/18/25,20250718_C7B_00246.jpg
5035,C10,2025,7/2/25,6.0,7/4/25,20250704_C10_05035.jpg
5961,C10,2025,7/2/25,5.0,7/4/25,20250704_C10_05961.jpg
825,C7B,2025,7/10/25,6.0,7/10/25,20250710_C7B_00825.jpg
4333,C10,2025,7/7/25,7.5,7/7/25,20250707_C10_04333.jpg
3059,G3,2023,7/26/23,8.0,7/27/23,20230727_G3_03059.jpg
5172,C10,2025,7/11/25,4.0,7/11/25,20250711_C10_05172.jpg
7451,G3,2023,7/20/23,7.0,7/20/23,20230720_G3_07451.jpg
2020,C7B,2025,7/19/25,2.0,7/18/25,20250718_C7B_02020.jpg
5512,C10,2025,7/11/25,4.0,7/11/25,20250711_C10_05512.jpg
7354,G3,2023,7/20/23,7.0,7/20/23,20230720_G3_07354.jpg
7410,G3,2023,7/20/23,7.0,7/20/23,20230720_G3_07410.jpg
614,C7B,2025,7/10/25,6.0,7/10/25,20250710_C7B_00614.jpg
5000,C10,2025,7/20/25,3.0,7/21/25,20250721_C10_05000.jpg
5462,C10,2025,7/11/25,4.0,7/11/25,20250711_C10_05462.jpg
244,C7B,2025,7/18/25,7.0,7/18/25,20250718_C7B_00244.jpg
150,C7B,2025,6/30/25,7.0,7/1/25,20250701_C7B_00150.jpg
4885,C10,2025,7/11/25,4.0,7/11/25,20250711_C10_04885.jpg
5805,C10,2025,7/11/25,4.0,7/11/25,20250711_C10_05805.jpg
5018,C10,2025,7/11/25,4.0,7/11/25,20250711_C10_05018.jpg
1670,C7B,2025,7/10/25,5.5,7/10/25,20250710_C7B_01670.jpg
5301,C10,2025,7/20/25,2.0,7/21/25,20250721_C10_05301.jpg
9688,I3B,2023,7/12/23,4.5,7/13/23,20230713_I3B_09688.jpg
1869,C7B,2025,7/10/25,6.0,7/10/25,20250710_C7B_01869.jpg
5561,C10,2025,7/11/25,6.5,7/11/25,20250711_C10_05561.jpg
1242,C7B,2025,7/18/25,4.0,7/18/25,20250718_C7B_01242.jpg
1869,C7B,2025,7/1/25,7.0,7/1/25,20250701_C7B_01869.jpg
7318,G3,2023,7/20/23,7.5,7/20/23,20230720_G3_07318.jpg
760,C7B,2025,6/30/25,7.5,7/1/25,20250701_C7B_00760.jpg
3116,G3,2023,7/19/23,8.0,7/20/23,20230720_G3_03116.jpg
4007,C10,2025,7/19/25,4.0,7/18/25,20250718_C10_04007.jpg
358,C7B,2025,6/30/25,6.0,7/1/25,20250701_C7B_00358.jpg
602,C7B,2025,6/30/25,6.0,7/1/25,20250701_C7B_00602.jpg
362,C7B,2025,7/10/25,4.0,7/10/25,20250710_C7B_00362.jpg
157,C7B,2025,7/18/25,4.5,7/18/25,20250718_C7B_00157.jpg
5407,C10,2025,7/20/25,2.0,7/21/25,20250721_C10_05407.jpg
3147,G3,2023,7/19/23,7.0,7/20/23,20230720_G3_03147.jpg
10727,I3B,2023,7/19/23,6.0,7/20/23,20230720_I3B_10727.jpg
11266,I3B,2023,7/19/23,5.0,7/20/23,20230720_I3B_11266.jpg
459,C7B,2025,6/30/25,7.0,7/1/25,20250701_C7B_00459.jpg
5419,C10,2025,7/20/25,3.0,7/21/25,20250721_C10_05419.jpg
8029,G3,2023,7/26/23,5.0,7/27/23,20230727_G3_08029.jpg
707,C7B,2025,6/30/25,7.0,7/1/25,20250701_C7B_00707.jpg
4128,C10,2025,7/19/25,2.5,7/18/25,20250718_C10_04128.jpg
7393,G3,2023,7/26/23,7.0,7/27/23,20230727_G3_07393.jpg
17,C7B,2025,7/4/25,7.5,7/4/25,20250704_C7B_00017.jpg
4028,C10,2025,6/30/25,7.5,6/28/25,20250628_C10_04028.jpg
4039,C10,2025,7/19/25,5.0,7/18/25,20250718_C10_04039.jpg
1631,C7B,2025,7/18/25,2.5,7/18/25,20250718_C7B_01631.jpg
4231,C10,2025,7/7/25,4.0,7/7/25,20250707_C10_04231.jpg
5468,C10,2025,7/20/25,2.5,7/21/25,20250721_C10_05468.jpg
5486,C10,2025,7/20/25,1.0,7/21/25,20250721_C10_05486.jpg
4758,C10,2025,7/2/25,6.0,7/4/25,20250704_C10_04758.jpg
367,C7B,2025,7/18/25,2.0,7/18/25,20250718_C7B_00367.jpg
10381,I3B,2023,7/25/23,6.5,7/27/23,20230727_I3B_10381.jpg
1441,C7B,2025,7/10/25,4.0,7/10/25,20250710_C7B_01441.jpg
4188,C10,2025,7/11/25,5.0,7/11/25,20250711_C10_04188.jpg
5501,C10,2025,7/20/25,2.5,7/21/25,20250721_C10_05501.jpg
6794,C10,2025,7/18/25,7.5,7/18/25,20250718_C10_06794.jpg
8081,G3,2023,7/26/23,4.0,7/27/23,20230727_G3_08081.jpg
1422,C7B,2025,7/18/25,4.0,7/18/25,20250718_C7B_01422.jpg
10819,I3B,2023,7/19/23,4.0,7/20/23,20230720_I3B_10819.jpg
6766,C10,2025,7/18/25,5.0,7/18/25,20250718_C10_06766.jpg
1850,C7B,2025,7/7/25,6.0,7/7/25,20250707_C7B_01850.jpg
926,C7B,2025,7/10/25,5.0,7/10/25,20250710_C7B_00926.jpg
1564,C7B,2025,7/18/25,2.0,7/18/25,20250718_C7B_01564.jpg
865,C7B,2025,7/1/25,6.0,7/1/25,20250701_C7B_00865.jpg
7326,G3,2023,7/26/23,8.0,7/27/23,20230727_G3_07326.jpg
2760,C7B,2025,7/13/25,7.5,7/12/25,20250712_C7B_02760.jpg
9773,I3B,2023,7/12/23,4.5,7/13/23,20230713_I3B_09773.jpg
1847,C7B,2025,7/1/25,7.5,7/1/25,20250701_C7B_01847.jpg
410,C7B,2025,7/18/25,3.0,7/18/25,20250718_C7B_00410.jpg
595,C7B,2025,6/30/25,6.5,7/1/25,20250701_C7B_00595.jpg
5098,C10,2025,7/11/25,4.0,7/11/25,20250711_C10_05098.jpg
4258,C10,2025,7/11/25,8.0,7/11/25,20250711_C10_04258.jpg
6,C7B,2025,7/18/25,5.5,7/18/25,20250718_C7B_00006.jpg
5161,C10,2025,7/2/25,6.0,7/4/25,20250704_C10_05161.jpg
4668,C10,2025,7/11/25,6.0,7/11/25,20250711_C10_04668.jpg
2015,C7B,2025,7/7/25,7.0,7/7/25,20250707_C7B_02015.jpg
324,C7B,2025,6/30/25,7.5,7/1/25,20250701_C7B_00324.jpg
5378,C10,2025,7/2/25,5.5,7/4/25,20250704_C10_05378.jpg
4125,C10,2025,6/30/25,6.5,6/28/25,20250628_C10_04125.jpg
6646,C10,2025,7/8/25,8.0,7/7/25,20250707_C10_06646.jpg
626,C7B,2025,7/10/25,6.0,7/10/25,20250710_C7B_00626.jpg
11234,I3B,2023,7/19/23,5.0,7/20/23,20230720_I3B_11234.jpg
285,C7B,2025,7/10/25,5.0,7/10/25,20250710_C7B_00285.jpg
4394,C10,2025,7/7/25,6.0,7/7/25,20250707_C10_04394.jpg
7369,G3,2023,7/26/23,8.0,7/27/23,20230727_G3_07369.jpg
5867,C10,2025,7/11/25,6.0,7/11/25,20250711_C10_05867.jpg
4689,C10,2025,7/2/25,6.0,7/4/25,20250704_C10_04689.jpg
403,C7B,2025,7/10/25,4.0,7/10/25,20250710_C7B_00403.jpg
7364,G3,2023,7/26/23,5.0,7/27/23,20230727_G3_07364.jpg
5651,C10,2025,7/11/25,4.0,7/11/25,20250711_C10_05651.jpg
5922,C10,2025,7/1/25,7.0,6/28/25,20250628_C10_05922.jpg
4417,C10,2025,7/7/25,5.0,7/7/25,20250707_C10_04417.jpg
9939,I3B,2023,7/12/23,4.5,7/13/23,20230713_I3B_09939.jpg
4376,C10,2025,7/11/25,5.0,7/11/25,20250711_C10_04376.jpg
5694,C10,2025,7/11/25,7.0,7/11/25,20250711_C10_05694.jpg
428,C7B,2025,7/18/25,2.5,7/18/25,20250718_C7B_00428.jpg
698,C7B,2025,7/10/25,5.0,7/10/25,20250710_C7B_00698.jpg
5429,C10,2025,7/2/25,6.0,7/4/25,20250704_C10_05429.jpg
5445,C10,2025,7/11/25,3.0,7/11/25,20250711_C10_05445.jpg
5934,C10,2025,7/1/25,5.0,6/28/25,20250628_C10_05934.jpg
7417,G3,2023,7/26/23,4.5,7/27/23,20230727_G3_07417.jpg
1912,C7B,2025,7/10/25,5.0,7/10/25,20250710_C7B_01912.jpg
1536,C7B,2025,7/18/25,2.0,7/18/25,20250718_C7B_01536.jpg
4273,C10,2025,7/11/25,6.0,7/11/25,20250711_C10_04273.jpg
897,C7B,2025,7/1/25,7.0,7/1/25,20250701_C7B_00897.jpg
1778,C7B,2025,7/1/25,7.0,7/1/25,20250701_C7B_01778.jpg
2687,C7B,2025,7/13/25,8.0,7/12/25,20250712_C7B_02687.jpg
11212,I3B,2023,7/19/23,5.0,7/20/23,20230720_I3B_11212.jpg
6861,C10,2025,7/8/25,7.5,7/7/25,20250707_C10_06861.jpg
816,C7B,2025,7/1/25,6.0,7/1/25,20250701_C7B_00816.jpg
6800,C10,2025,7/14/25,6.0,7/14/25,20250714_C10_06800.jpg
10806,I3B,2023,7/19/23,6.0,7/20/23,20230720_I3B_10806.jpg
4017,C10,2025,6/30/25,8.0,6/28/25,20250628_C10_04017.jpg
3164,G3,2023,7/26/23,6.0,7/27/23,20230727_G3_03164.jpg
4410,C10,2025,7/11/25,3.5,7/11/25,20250711_C10_04410.jpg
1482,C7B,2025,7/10/25,5.0,7/10/25,20250710_C7B_01482.jpg
5437,C10,2025,7/2/25,5.5,7/4/25,20250704_C10_05437.jpg
6830,C10,2025,6/30/25,8.0,6/28/25,20250628_C10_06830.jpg
9675,I3B,2023,7/12/23,5.0,7/13/23,20230713_I3B_09675.jpg
26,C7B,2025,6/30/25,8.0,7/1/25,20250701_C7B_00026.jpg
4059,C10,2025,7/11/25,4.5,7/11/25,20250711_C10_04059.jpg
4513,C10,2025,7/11/25,4.0,7/11/25,20250711_C10_04513.jpg
1273,C7B,2025,7/10/25,6.5,7/10/25,20250710_C7B_01273.jpg
493,C7B,2025,7/18/25,2.5,7/18/25,20250718_C7B_00493.jpg
794,C7B,2025,7/10/25,4.0,7/10/25,20250710_C7B_00794.jpg
396,C7B,2025,7/10/25,6.0,7/10/25,20250710_C7B_00396.jpg
4801,C10,2025,7/11/25,5.0,7/11/25,20250711_C10_04801.jpg
4785,C10,2025,7/20/25,2.5,7/21/25,20250721_C10_04785.jpg
768,C7B,2025,6/30/25,7.5,7/1/25,20250701_C7B_00768.jpg
1091,C7B,2025,7/18/25,2.0,7/18/25,20250718_C7B_01091.jpg
4356,C10,2025,6/30/25,7.0,6/28/25,20250628_C10_04356.jpg
5467,C10,2025,7/20/25,2.5,7/21/25,20250721_C10_05467.jpg
5459,C10,2025,7/11/25,4.0,7/11/25,20250711_C10_05459.jpg
1340,C7B,2025,7/1/25,6.5,7/1/25,20250701_C7B_01340.jpg
7455,G3,2023,7/20/23,7.0,7/20/23,20230720_G3_07455.jpg
7299,G3,2023,7/20/23,8.0,7/20/23,20230720_G3_07299.jpg
2007,C7B,2025,7/7/25,7.0,7/7/25,20250707_C7B_02007.jpg
1822,C7B,2025,7/10/25,6.5,7/10/25,20250710_C7B_01822.jpg
5955,C10,2025,7/11/25,5.0,7/11/25,20250711_C10_05955.jpg
1783,C7B,2025,7/7/25,4.0,7/7/25,20250707_C7B_01783.jpg
1760,C7B,2025,7/19/25,2.0,7/18/25,20250718_C7B_01760.jpg
4243,C10,2025,7/11/25,6.5,7/11/25,20250711_C10_04243.jpg
3162,G3,2023,7/19/23,7.0,7/20/23,20230720_G3_03162.jpg
6850,C10,2025,7/8/25,7.5,7/7/25,20250707_C10_06850.jpg
9832,I3B,2023,7/12/23,5.0,7/13/23,20230713_I3B_09832.jpg
110,C7B,2025,7/18/25,4.0,7/18/25,20250718_C7B_00110.jpg
1964,C7B,2025,7/19/25,3.0,7/18/25,20250718_C7B_01964.jpg
5,C7B,2025,7/18/25,5.5,7/18/25,20250718_C7B_00005.jpg
20,C7B,2025,7/18/25,2.5,7/18/25,20250718_C7B_00020.jpg
5880,C10,2025,7/11/25,5.0,7/11/25,20250711_C10_05880.jpg
1535,C7B,2025,7/10/25,6.0,7/10/25,20250710_C7B_01535.jpg
711,C7B,2025,7/18/25,3.0,7/18/25,20250718_C7B_00711.jpg
9709,I3B,2023,7/12/23,6.0,7/13/23,20230713_I3B_09709.jpg
5134,C10,2025,7/20/25,2.0,7/21/25,20250721_C10_05134.jpg
6811,C10,2025,7/14/25,5.0,7/14/25,20250714_C10_06811.jpg
430,C7B,2025,7/18/25,4.0,7/18/25,20250718_C7B_00430.jpg
6713,C10,2025,7/14/25,6.5,7/14/25,20250714_C10_06713.jpg
3208,G3,2023,7/19/23,7.0,7/20/23,20230720_G3_03208.jpg
5940,C10,2025,7/8/25,5.5,7/7/25,20250707_C10_05940.jpg
4022,C10,2025,7/19/25,4.0,7/18/25,20250718_C10_04022.jpg
5819,C10,2025,7/8/25,7.5,7/7/25,20250707_C10_05819.jpg
4907,C10,2025,7/20/25,4.0,7/21/25,20250721_C10_04907.jpg
5064,C10,2025,7/2/25,7.0,7/4/25,20250704_C10_05064.jpg
629,C7B,2025,7/18/25,4.0,7/18/25,20250718_C7B_00629.jpg
1162,C7B,2025,7/1/25,7.5,7/1/25,20250701_C7B_01162.jpg
4258,C10,2025,6/30/25,8.0,6/28/25,20250628_C10_04258.jpg
2703,C7B,2025,7/18/25,7.5,7/18/25,20250718_C7B_02703.jpg
5414,C10,2025,7/2/25,5.5,7/4/25,20250704_C10_05414.jpg
5405,C10,2025,7/2/25,7.0,7/4/25,20250704_C10_05405.jpg
5245,C10,2025,7/20/25,2.0,7/21/25,20250721_C10_05245.jpg
6015,C10,2025,7/8/25,7.5,7/7/25,20250707_C10_06015.jpg
6732,C10,2025,7/8/25,8.0,7/7/25,20250707_C10_06732.jpg
9806,I3B,2023,7/12/23,7.0,7/13/23,20230713_I3B_09806.jpg
2855,C7B,2025,7/13/25,8.0,7/12/25,20250712_C7B_02855.jpg
957,C7B,2025,7/18/25,4.0,7/18/25,20250718_C7B_00957.jpg
6752,C10,2025,6/30/25,8.5,6/28/25,20250628_C10_06752.jpg
145,C7B,2025,7/4/25,8.0,7/4/25,20250704_C7B_00145.jpg
1782,C7B,2025,7/1/25,8.0,7/1/25,20250701_C7B_01782.jpg
4197,C10,2025,7/11/25,4.0,7/11/25,20250711_C10_04197.jpg
530,C7B,2025,7/18/25,1.5,7/18/25,20250718_C7B_00530.jpg
5604,C10,2025,7/2/25,7.0,7/4/25,20250704_C10_05604.jpg
5261,C10,2025,7/2/25,5.0,7/4/25,20250704_C10_05261.jpg
3103,G3,2023,7/19/23,7.5,7/20/23,20230720_G3_03103.jpg
4374,C10,2025,7/7/25,5.5,7/7/25,20250707_C10_04374.jpg
5592,C10,2025,7/11/25,5.0,7/11/25,20250711_C10_05592.jpg
742,C7B,2025,7/10/25,6.0,7/10/25,20250710_C7B_00742.jpg
1047,C7B,2025,7/18/25,4.0,7/18/25,20250718_C7B_01047.jpg
5370,C10,2025,7/20/25,2.0,7/21/25,20250721_C10_05370.jpg
5804,C10,2025,7/11/25,4.0,7/11/25,20250711_C10_05804.jpg
6870,C10,2025,7/18/25,4.5,7/18/25,20250718_C10_06870.jpg
4433,C10,2025,6/30/25,5.5,6/28/25,20250628_C10_04433.jpg
1975,C7B,2025,7/10/25,4.5,7/10/25,20250710_C7B_01975.jpg
5866,C10,2025,7/8/25,4.5,7/7/25,20250707_C10_05866.jpg
4521,C10,2025,7/11/25,3.5,7/11/25,20250711_C10_04521.jpg
5594,C10,2025,7/2/25,7.0,7/4/25,20250704_C10_05594.jpg
4047,C10,2025,7/11/25,7.5,7/11/25,20250711_C10_04047.jpg
1910,C7B,2025,7/19/25,4.0,7/18/25,20250718_C7B_01910.jpg
5760,C10,2025,7/11/25,5.0,7/11/25,20250711_C10_05760.jpg
1622,C7B,2025,7/10/25,6.0,7/10/25,20250710_C7B_01622.jpg
1731,C7B,2025,7/10/25,5.0,7/10/25,20250710_C7B_01731.jpg
6778,C10,2025,7/18/25,8.0,7/18/25,20250718_C10_06778.jpg
4379,C10,2025,7/19/25,2.0,7/18/25,20250718_C10_04379.jpg
4584,C10,2025,7/2/25,5.5,7/4/25,20250704_C10_04584.jpg
1232,C7B,2025,7/10/25,5.0,7/10/25,20250710_C7B_01232.jpg
1900,C7B,2025,7/10/25,7.0,7/10/25,20250710_C7B_01900.jpg
1717,C7B,2025,7/7/25,7.0,7/7/25,20250707_C7B_01717.jpg
1838,C7B,2025,7/10/25,7.5,7/10/25,20250710_C7B_01838.jpg
6747,C10,2025,6/30/25,8.0,6/28/25,20250628_C10_06747.jpg
2862,C7B,2025,7/8/25,7.5,7/7/25,20250707_C7B_02862.jpg
5378,C10,2025,7/20/25,2.0,7/21/25,20250721_C10_05378.jpg
5489,C10,2025,7/2/25,6.0,7/4/25,20250704_C10_05489.jpg
7266,G3,2023,7/19/23,7.0,7/20/23,20230720_G3_07266.jpg
181,C7B,2025,7/18/25,5.0,7/18/25,20250718_C7B_00181.jpg
989,C7B,2025,7/1/25,6.0,7/1/25,20250701_C7B_00989.jpg
5514,C10,2025,7/11/25,8.0,7/11/25,20250711_C10_05514.jpg
670,C7B,2025,6/30/25,7.0,7/1/25,20250701_C7B_00670.jpg
5966,C10,2025,7/19/25,2.5,7/18/25,20250718_C10_05966.jpg
1484,C7B,2025,7/18/25,2.0,7/18/25,20250718_C7B_01484.jpg
4762,C10,2025,7/2/25,6.0,7/4/25,20250704_C10_04762.jpg
4244,C10,2025,7/7/25,5.0,7/7/25,20250707_C10_04244.jpg
787,C7B,2025,6/30/25,6.5,7/1/25,20250701_C7B_00787.jpg
6714,C10,2025,7/14/25,7.0,7/14/25,20250714_C10_06714.jpg
382,C7B,2025,7/4/25,5.5,7/4/25,20250704_C7B_00382.jpg
11343,I3B,2023,7/19/23,5.0,7/20/23,20230720_I3B_11343.jpg
2734,C7B,2025,7/8/25,8.0,7/7/25,20250707_C7B_02734.jpg
5822,C10,2025,7/1/25,6.0,6/28/25,20250628_C10_05822.jpg
2842,C7B,2025,7/13/25,6.0,7/12/25,20250712_C7B_02842.jpg
4888,C10,2025,7/2/25,7.0,7/4/25,20250704_C10_04888.jpg
5984,C10,2025,7/8/25,5.0,7/7/25,20250707_C10_05984.jpg
1879,C7B,2025,7/19/25,5.5,7/18/25,20250718_C7B_01879.jpg
6763,C10,2025,7/3/25,7.5,7/4/25,20250704_C10_06763.jpg
9900,I3B,2023,7/12/23,6.0,7/13/23,20230713_I3B_09900.jpg
1195,C7B,2025,7/18/25,2.0,7/18/25,20250718_C7B_01195.jpg
660,C7B,2025,7/10/25,7.0,7/10/25,20250710_C7B_00660.jpg
4565,C10,2025,7/20/25,1.5,7/21/25,20250721_C10_04565.jpg
6666,C10,2025,7/18/25,7.0,7/18/25,20250718_C10_06666.jpg
1329,C7B,2025,7/18/25,2.0,7/18/25,20250718_C7B_01329.jpg
1645,C7B,2025,7/10/25,6.0,7/10/25,20250710_C7B_01645.jpg
514,C7B,2025,7/18/25,1.5,7/18/25,20250718_C7B_00514.jpg
4203,C10,2025,7/11/25,6.0,7/11/25,20250711_C10_04203.jpg
343,C7B,2025,7/18/25,4.5,7/18/25,20250718_C7B_00343.jpg
11080,I3B,2023,7/12/23,7.5,7/13/23,20230713_I3B_11080.jpg
4614,C10,2025,7/11/25,4.0,7/11/25,20250711_C10_04614.jpg
2712,C7B,2025,6/30/25,8.0,7/1/25,20250701_C7B_02712.jpg
1566,C7B,2025,7/1/25,6.0,7/1/25,20250701_C7B_01566.jpg
4589,C10,2025,7/2/25,5.5,7/4/25,20250704_C10_04589.jpg
5543,C10,2025,7/20/25,3.0,7/21/25,20250721_C10_05543.jpg
4026,C10,2025,7/11/25,6.5,7/11/25,20250711_C10_04026.jpg
1161,C7B,2025,7/10/25,6.0,7/10/25,20250710_C7B_01161.jpg
1797,C7B,2025,7/1/25,6.0,7/1/25,20250701_C7B_01797.jpg
982,C7B,2025,7/18/25,3.0,7/18/25,20250718_C7B_00982.jpg
9961,I3B,2023,7/12/23,5.0,7/13/23,20230713_I3B_09961.jpg
4813,C10,2025,7/11/25,5.0,7/11/25,20250711_C10_04813.jpg
10253,I3B,2023,7/25/23,3.0,7/27/23,20230727_I3B_10253.jpg
6759,C10,2025,7/8/25,7.5,7/7/25,20250707_C10_06759.jpg
344,C7B,2025,7/10/25,4.5,7/10/25,20250710_C7B_00344.jpg
4270,C10,2025,7/7/25,5.5,7/7/25,20250707_C10_04270.jpg
5544,C10,2025,7/2/25,7.5,7/4/25,20250704_C10_05544.jpg
6820,C10,2025,6/30/25,8.0,6/28/25,20250628_C10_06820.jpg
4324,C10,2025,7/7/25,5.5,7/7/25,20250707_C10_04324.jpg
5417,C10,2025,7/20/25,2.5,7/21/25,20250721_C10_05417.jpg
4499,C10,2025,7/11/25,3.5,7/11/25,20250711_C10_04499.jpg
6672,C10,2025,6/30/25,8.5,6/28/25,20250628_C10_06672.jpg
1719,C7B,2025,7/7/25,4.0,7/7/25,20250707_C7B_01719.jpg
5160,C10,2025,7/20/25,2.0,7/21/25,20250721_C10_05160.jpg
2761,C7B,2025,7/8/25,7.5,7/7/25,20250707_C7B_02761.jpg
5137,C10,2025,7/11/25,7.0,7/11/25,20250711_C10_05137.jpg
7401,G3,2023,7/20/23,5.5,7/20/23,20230720_G3_07401.jpg
5767,C10,2025,7/8/25,4.0,7/7/25,20250707_C10_05767.jpg
993,C7B,2025,7/10/25,7.0,7/10/25,20250710_C7B_00993.jpg
1123,C7B,2025,7/1/25,5.0,7/1/25,20250701_C7B_01123.jpg
757,C7B,2025,7/10/25,5.0,7/10/25,20250710_C7B_00757.jpg
1841,C7B,2025,7/7/25,5.5,7/7/25,20250707_C7B_01841.jpg
11351,I3B,2023,7/19/23,7.5,7/20/23,20230720_I3B_11351.jpg
5584,C10,2025,7/11/25,4.5,7/11/25,20250711_C10_05584.jpg
4122,C10,2025,7/11/25,5.5,7/11/25,20250711_C10_04122.jpg
4905,C10,2025,7/20/25,2.5,7/21/25,20250721_C10_04905.jpg
1972,C7B,2025,7/19/25,5.0,7/18/25,20250718_C7B_01972.jpg
2025,C7B,2025,7/1/25,5.5,7/1/25,20250701_C7B_02025.jpg
343,C7B,2025,7/4/25,7.0,7/4/25,20250704_C7B_00343.jpg
4264,C10,2025,6/30/25,8.0,6/28/25,20250628_C10_04264.jpg
671,C7B,2025,6/30/25,7.0,7/1/25,20250701_C7B_00671.jpg
4294,C10,2025,7/11/25,5.0,7/11/25,20250711_C10_04294.jpg
391,C7B,2025,7/18/25,3.0,7/18/25,20250718_C7B_00391.jpg
6038,C10,2025,7/8/25,5.0,7/7/25,20250707_C10_06038.jpg
5673,C10,2025,7/8/25,5.5,7/7/25,20250707_C10_05673.jpg
4937,C10,2025,7/2/25,4.5,7/4/25,20250704_C10_04937.jpg
7460,G3,2023,7/26/23,8.0,7/27/23,20230727_G3_07460.jpg
313,C7B,2025,7/4/25,4.0,7/4/25,20250704_C7B_00313.jpg
2697,C7B,2025,6/30/25,8.0,7/1/25,20250701_C7B_02697.jpg
4898,C10,2025,7/11/25,6.0,7/11/25,20250711_C10_04898.jpg
1750,C7B,2025,7/7/25,3.0,7/7/25,20250707_C7B_01750.jpg
4604,C10,2025,7/2/25,5.0,7/4/25,20250704_C10_04604.jpg
1273,C7B,2025,7/18/25,3.0,7/18/25,20250718_C7B_01273.jpg
3136,G3,2023,7/26/23,4.0,7/27/23,20230727_G3_03136.jpg
559,C7B,2025,7/10/25,6.5,7/10/25,20250710_C7B_00559.jpg
11053,I3B,2023,7/12/23,7.5,7/13/23,20230713_I3B_11053.jpg
7259,G3,2023,7/26/23,4.0,7/27/23,20230727_G3_07259.jpg
100,C7B,2025,7/18/25,5.5,7/18/25,20250718_C7B_00100.jpg
4640,C10,2025,7/2/25,6.0,7/4/25,20250704_C10_04640.jpg
1556,C7B,2025,7/1/25,7.0,7/1/25,20250701_C7B_01556.jpg
1703,C7B,2025,7/19/25,3.0,7/18/25,20250718_C7B_01703.jpg
5717,C10,2025,7/19/25,2.5,7/18/25,20250718_C10_05717.jpg
4895,C10,2025,7/2/25,6.0,7/4/25,20250704_C10_04895.jpg
5467,C10,2025,7/2/25,6.5,7/4/25,20250704_C10_05467.jpg
8021,G3,2023,7/19/23,5.5,7/20/23,20230720_G3_08021.jpg
851,C7B,2025,7/10/25,3.0,7/10/25,20250710_C7B_00851.jpg
5683,C10,2025,7/19/25,2.0,7/18/25,20250718_C10_05683.jpg
1730,C7B,2025,7/1/25,7.5,7/1/25,20250701_C7B_01730.jpg
1571,C7B,2025,7/1/25,5.5,7/1/25,20250701_C7B_01571.jpg
4964,C10,2025,7/20/25,3.0,7/21/25,20250721_C10_04964.jpg
5678,C10,2025,7/11/25,5.0,7/11/25,20250711_C10_05678.jpg
6767,C10,2025,7/8/25,7.5,7/7/25,20250707_C10_06767.jpg
5648,C10,2025,7/11/25,7.0,7/11/25,20250711_C10_05648.jpg
1604,C7B,2025,7/1/25,7.5,7/1/25,20250701_C7B_01604.jpg
5865,C10,2025,7/1/25,3.0,6/28/25,20250628_C10_05865.jpg
7400,G3,2023,7/26/23,8.0,7/27/23,20230727_G3_07400.jpg
4518,C10,2025,7/11/25,6.5,7/11/25,20250711_C10_04518.jpg
4582,C10,2025,7/2/25,5.0,7/4/25,20250704_C10_04582.jpg
6801,C10,2025,7/3/25,7.0,7/4/25,20250704_C10_06801.jpg
10869,I3B,2023,7/19/23,7.0,7/20/23,20230720_I3B_10869.jpg
6750,C10,2025,6/30/25,8.5,6/28/25,20250628_C10_06750.jpg
10874,I3B,2023,7/19/23,6.0,7/20/23,20230720_I3B_10874.jpg
4452,C10,2025,7/19/25,5.0,7/18/25,20250718_C10_04452.jpg
4127,C10,2025,7/11/25,7.5,7/11/25,20250711_C10_04127.jpg
1745,C7B,2025,7/1/25,8.0,7/1/25,20250701_C7B_01745.jpg
1031,C7B,2025,7/10/25,4.0,7/10/25,20250710_C7B_01031.jpg
2838,C7B,2025,7/13/25,4.0,7/12/25,20250712_C7B_02838.jpg
2847,C7B,2025,6/30/25,8.0,7/1/25,20250701_C7B_02847.jpg
4478,C10,2025,7/1/25,6.5,6/28/25,20250628_C10_04478.jpg
6828,C10,2025,7/18/25,6.0,7/18/25,20250718_C10_06828.jpg
3131,G3,2023,7/26/23,7.0,7/27/23,20230727_G3_03131.jpg
10730,I3B,2023,7/19/23,4.5,7/20/23,20230720_I3B_10730.jpg
4984,C10,2025,7/2/25,7.0,7/4/25,20250704_C10_04984.jpg
512,C7B,2025,6/30/25,5.5,7/1/25,20250701_C7B_00512.jpg
5326,C10,2025,7/11/25,4.0,7/11/25,20250711_C10_05326.jpg
5069,C10,2025,7/20/25,2.0,7/21/25,20250721_C10_05069.jpg
2869,C7B,2025,7/18/25,6.0,7/18/25,20250718_C7B_02869.jpg
5398,C10,2025,7/2/25,6.0,7/4/25,20250704_C10_05398.jpg
5357,C10,2025,7/2/25,6.0,7/4/25,20250704_C10_05357.jpg
4377,C10,2025,7/11/25,5.0,7/11/25,20250711_C10_04377.jpg
9838,I3B,2023,7/12/23,5.0,7/13/23,20230713_I3B_09838.jpg
10269,I3B,2023,7/25/23,3.5,7/27/23,20230727_I3B_10269.jpg
5206,C10,2025,7/2/25,5.5,7/4/25,20250704_C10_05206.jpg
4263,C10,2025,7/11/25,5.0,7/11/25,20250711_C10_04263.jpg
4715,C10,2025,7/11/25,4.0,7/11/25,20250711_C10_04715.jpg
1553,C7B,2025,7/1/25,7.0,7/1/25,20250701_C7B_01553.jpg
329,C7B,2025,7/18/25,2.0,7/18/25,20250718_C7B_00329.jpg
1652,C7B,2025,7/18/25,3.0,7/18/25,20250718_C7B_01652.jpg
1699,C7B,2025,7/7/25,4.5,7/7/25,20250707_C7B_01699.jpg
5534,C10,2025,7/2/25,6.5,7/4/25,20250704_C10_05534.jpg
4726,C10,2025,7/2/25,5.5,7/4/25,20250704_C10_04726.jpg
446,C7B,2025,7/18/25,4.0,7/18/25,20250718_C7B_00446.jpg
1422,C7B,2025,7/10/25,7.0,7/10/25,20250710_C7B_01422.jpg
4339,C10,2025,6/30/25,7.0,6/28/25,20250628_C10_04339.jpg
517,C7B,2025,7/10/25,6.5,7/10/25,20250710_C7B_00517.jpg
6868,C10,2025,6/30/25,8.0,6/28/25,20250628_C10_06868.jpg
6852,C10,2025,7/3/25,6.0,7/4/25,20250704_C10_06852.jpg
4731,C10,2025,7/11/25,5.0,7/11/25,20250711_C10_04731.jpg
1593,C7B,2025,7/1/25,5.5,7/1/25,20250701_C7B_01593.jpg
6638,C10,2025,7/8/25,7.5,7/7/25,20250707_C10_06638.jpg
4597,C10,2025,7/11/25,5.0,7/11/25,20250711_C10_04597.jpg
4195,C10,2025,6/30/25,6.5,6/28/25,20250628_C10_04195.jpg
382,C7B,2025,7/10/25,5.0,7/10/25,20250710_C7B_00382.jpg
668,C7B,2025,6/30/25,6.0,7/1/25,20250701_C7B_00668.jpg
160,C7B,2025,6/30/25,8.0,7/1/25,20250701_C7B_00160.jpg
2715,C7B,2025,7/18/25,7.0,7/18/25,20250718_C7B_02715.jpg
4739,C10,2025,7/11/25,5.0,7/11/25,20250711_C10_04739.jpg
9918,I3B,2023,7/12/23,5.0,7/13/23,20230713_I3B_09918.jpg
10291,I3B,2023,7/25/23,3.0,7/27/23,20230727_I3B_10291.jpg
2707,C7B,2025,7/8/25,7.5,7/7/25,20250707_C7B_02707.jpg
10948,I3B,2023,7/19/23,6.5,7/20/23,20230720_I3B_10948.jpg
317,C7B,2025,7/4/25,7.5,7/4/25,20250704_C7B_00317.jpg
849,C7B,2025,7/10/25,5.0,7/10/25,20250710_C7B_00849.jpg
5182,C10,2025,7/2/25,7.5,7/4/25,20250704_C10_05182.jpg
2794,C7B,2025,7/8/25,8.0,7/7/25,20250707_C7B_02794.jpg
4728,C10,2025,7/2/25,8.0,7/4/25,20250704_C10_04728.jpg
888,C7B,2025,7/10/25,5.0,7/10/25,20250710_C7B_00888.jpg
783,C7B,2025,7/10/25,4.5,7/10/25,20250710_C7B_00783.jpg
5259,C10,2025,7/2/25,6.0,7/4/25,20250704_C10_05259.jpg
1809,C7B,2025,7/10/25,4.0,7/10/25,20250710_C7B_01809.jpg
511,C7B,2025,7/18/25,2.5,7/18/25,20250718_C7B_00511.jpg
1106,C7B,2025,7/1/25,7.0,7/1/25,20250701_C7B_01106.jpg
1740,C7B,2025,7/19/25,4.0,7/18/25,20250718_C7B_01740.jpg
5728,C10,2025,7/11/25,4.0,7/11/25,20250711_C10_05728.jpg
4230,C10,2025,7/19/25,4.0,7/18/25,20250718_C10_04230.jpg
5220,C10,2025,7/2/25,5.5,7/4/25,20250704_C10_05220.jpg
827,C7B,2025,7/10/25,6.0,7/10/25,20250710_C7B_00827.jpg
4441,C10,2025,7/7/25,5.0,7/7/25,20250707_C10_04441.jpg
5126,C10,2025,7/2/25,6.0,7/4/25,20250704_C10_05126.jpg
5683,C10,2025,7/11/25,4.0,7/11/25,20250711_C10_05683.jpg
2044,C7B,2025,7/1/25,8.0,7/1/25,20250701_C7B_02044.jpg
4647,C10,2025,7/20/25,1.5,7/21/25,20250721_C10_04647.jpg
4136,C10,2025,7/7/25,6.5,7/7/25,20250707_C10_04136.jpg
1217,C7B,2025,7/10/25,5.0,7/10/25,20250710_C7B_01217.jpg
10242,I3B,2023,7/25/23,3.5,7/27/23,20230727_I3B_10242.jpg
1939,C7B,2025,7/10/25,7.0,7/10/25,20250710_C7B_01939.jpg
5223,C10,2025,7/11/25,4.0,7/11/25,20250711_C10_05223.jpg
1480,C7B,2025,7/10/25,4.0,7/10/25,20250710_C7B_01480.jpg
425,C7B,2025,7/10/25,5.0,7/10/25,20250710_C7B_00425.jpg
4892,C10,2025,7/20/25,6.0,7/21/25,20250721_C10_04892.jpg
409,C7B,2025,7/18/25,3.0,7/18/25,20250718_C7B_00409.jpg
1743,C7B,2025,7/10/25,7.0,7/10/25,20250710_C7B_01743.jpg
1245,C7B,2025,7/18/25,2.5,7/18/25,20250718_C7B_01245.jpg
677,C7B,2025,7/18/25,3.0,7/18/25,20250718_C7B_00677.jpg
5075,C10,2025,7/20/25,3.5,7/21/25,20250721_C10_05075.jpg
827,C7B,2025,7/1/25,6.0,7/1/25,20250701_C7B_00827.jpg
1336,C7B,2025,7/1/25,7.0,7/1/25,20250701_C7B_01336.jpg
5945,C10,2025,7/19/25,2.0,7/18/25,20250718_C10_05945.jpg
1397,C7B,2025,7/1/25,6.0,7/1/25,20250701_C7B_01397.jpg
5911,C10,2025,7/19/25,3.0,7/18/25,20250718_C10_05911.jpg
997,C7B,2025,7/1/25,6.0,7/1/25,20250701_C7B_00997.jpg
1222,C7B,2025,7/10/25,5.0,7/10/25,20250710_C7B_01222.jpg
685,C7B,2025,7/18/25,5.5,7/18/25,20250718_C7B_00685.jpg
1335,C7B,2025,7/1/25,8.0,7/1/25,20250701_C7B_01335.jpg
885,C7B,2025,7/10/25,6.5,7/10/25,20250710_C7B_00885.jpg
2687,C7B,2025,7/8/25,7.5,7/7/25,20250707_C7B_02687.jpg
3117,G3,2023,7/26/23,8.0,7/27/23,20230727_G3_03117.jpg
1122,C7B,2025,7/10/25,4.5,7/10/25,20250710_C7B_01122.jpg
10955,I3B,2023,7/19/23,5.5,7/20/23,20230720_I3B_10955.jpg
7475,G3,2023,7/20/23,5.5,7/20/23,20230720_G3_07475.jpg
5632,C10,2025,7/11/25,5.5,7/11/25,20250711_C10_05632.jpg
4043,C10,2025,7/7/25,6.0,7/7/25,20250707_C10_04043.jpg
1149,C7B,2025,7/1/25,7.5,7/1/25,20250701_C7B_01149.jpg
5784,C10,2025,7/19/25,4.0,7/18/25,20250718_C10_05784.jpg
4307,C10,2025,7/11/25,6.0,7/11/25,20250711_C10_04307.jpg
5159,C10,2025,7/11/25,5.0,7/11/25,20250711_C10_05159.jpg
5546,C10,2025,7/2/25,6.0,7/4/25,20250704_C10_05546.jpg
4335,C10,2025,6/30/25,8.0,6/28/25,20250628_C10_04335.jpg
512,C7B,2025,7/18/25,2.0,7/18/25,20250718_C7B_00512.jpg
3166,G3,2023,7/19/23,7.5,7/20/23,20230720_G3_03166.jpg
1473,C7B,2025,7/1/25,6.0,7/1/25,20250701_C7B_01473.jpg
5818,C10,2025,7/11/25,8.0,7/11/25,20250711_C10_05818.jpg
5669,C10,2025,7/11/25,6.5,7/11/25,20250711_C10_05669.jpg
2036,C7B,2025,7/19/25,2.0,7/18/25,20250718_C7B_02036.jpg
11062,I3B,2023,7/12/23,7.0,7/13/23,20230713_I3B_11062.jpg
2658,C7B,2025,7/18/25,7.0,7/18/25,20250718_C7B_02658.jpg
6686,C10,2025,6/30/25,8.0,6/28/25,20250628_C10_06686.jpg
1171,C7B,2025,7/1/25,7.0,7/1/25,20250701_C7B_01171.jpg
1843,C7B,2025,7/10/25,7.0,7/10/25,20250710_C7B_01843.jpg
10399,I3B,2023,7/25/23,4.0,7/27/23,20230727_I3B_10399.jpg
1113,C7B,2025,7/1/25,6.0,7/1/25,20250701_C7B_01113.jpg
5026,C10,2025,7/11/25,5.0,7/11/25,20250711_C10_05026.jpg
3155,G3,2023,7/26/23,4.0,7/27/23,20230727_G3_03155.jpg
1804,C7B,2025,7/1/25,5.0,7/1/25,20250701_C7B_01804.jpg
5978,C10,2025,7/11/25,7.5,7/11/25,20250711_C10_05978.jpg
5868,C10,2025,7/19/25,4.0,7/18/25,20250718_C10_05868.jpg
5296,C10,2025,7/20/25,4.0,7/21/25,20250721_C10_05296.jpg
5381,C10,2025,7/11/25,5.0,7/11/25,20250711_C10_05381.jpg
6848,C10,2025,6/30/25,8.5,6/28/25,20250628_C10_06848.jpg
7270,G3,2023,7/19/23,8.5,7/20/23,20230720_G3_07270.jpg
7462,G3,2023,7/20/23,5.5,7/20/23,20230720_G3_07462.jpg
1798,C7B,2025,7/10/25,4.0,7/10/25,20250710_C7B_01798.jpg
2763,C7B,2025,7/8/25,8.0,7/7/25,20250707_C7B_02763.jpg
971,C7B,2025,7/10/25,4.0,7/10/25,20250710_C7B_00971.jpg
4295,C10,2025,7/19/25,2.5,7/18/25,20250718_C10_04295.jpg
1886,C7B,2025,7/10/25,5.0,7/10/25,20250710_C7B_01886.jpg
271,C7B,2025,7/10/25,6.0,7/10/25,20250710_C7B_00271.jpg
11152,I3B,2023,7/12/23,7.0,7/13/23,20230713_I3B_11152.jpg
4071,C10,2025,7/7/25,7.0,7/7/25,20250707_C10_04071.jpg
6863,C10,2025,7/18/25,5.5,7/18/25,20250718_C10_06863.jpg
8072,G3,2023,7/26/23,8.0,7/27/23,20230727_G3_08072.jpg
5765,C10,2025,7/19/25,2.5,7/18/25,20250718_C10_05765.jpg
5624,C10,2025,7/20/25,2.0,7/21/25,20250721_C10_05624.jpg
5627,C10,2025,7/20/25,2.0,7/21/25,20250721_C10_05627.jpg
6838,C10,2025,6/30/25,8.5,6/28/25,20250628_C10_06838.jpg
6712,C10,2025,7/8/25,6.0,7/7/25,20250707_C10_06712.jpg
5376,C10,2025,7/11/25,5.0,7/11/25,20250711_C10_05376.jpg
4379,C10,2025,6/30/25,5.5,6/28/25,20250628_C10_04379.jpg
4514,C10,2025,7/20/25,2.0,7/21/25,20250721_C10_04514.jpg
564,C7B,2025,7/18/25,3.5,7/18/25,20250718_C7B_00564.jpg
7445,G3,2023,7/20/23,7.5,7/20/23,20230720_G3_07445.jpg
5416,C10,2025,7/2/25,6.5,7/4/25,20250704_C10_05416.jpg
7504,G3,2023,7/26/23,8.0,7/27/23,20230727_G3_07504.jpg
5896,C10,2025,7/19/25,4.0,7/18/25,20250718_C10_05896.jpg
7387,G3,2023,7/26/23,4.5,7/27/23,20230727_G3_07387.jpg
11148,I3B,2023,7/12/23,7.5,7/13/23,20230713_I3B_11148.jpg
4776,C10,2025,7/2/25,5.5,7/4/25,20250704_C10_04776.jpg
5711,C10,2025,7/1/25,5.0,6/28/25,20250628_C10_05711.jpg
5407,C10,2025,7/2/25,4.5,7/4/25,20250704_C10_05407.jpg
385,C7B,2025,7/18/25,2.0,7/18/25,20250718_C7B_00385.jpg
1028,C7B,2025,7/1/25,5.5,7/1/25,20250701_C7B_01028.jpg
1430,C7B,2025,7/18/25,3.0,7/18/25,20250718_C7B_01430.jpg
3151,G3,2023,7/19/23,3.0,7/20/23,20230720_G3_03151.jpg
1106,C7B,2025,7/10/25,6.0,7/10/25,20250710_C7B_01106.jpg
1576,C7B,2025,7/10/25,5.0,7/10/25,20250710_C7B_01576.jpg
5129,C10,2025,7/2/25,5.5,7/4/25,20250704_C10_05129.jpg
5921,C10,2025,7/8/25,5.5,7/7/25,20250707_C10_05921.jpg
2662,C7B,2025,7/13/25,4.0,7/12/25,20250712_C7B_02662.jpg
8136,G3,2023,7/26/23,6.5,7/27/23,20230727_G3_08136.jpg
2013,C7B,2025,7/19/25,5.0,7/18/25,20250718_C7B_02013.jpg
804,C7B,2025,7/10/25,4.0,7/10/25,20250710_C7B_00804.jpg
5930,C10,2025,7/19/25,3.5,7/18/25,20250718_C10_05930.jpg
4208,C10,2025,6/30/25,7.0,6/28/25,20250628_C10_04208.jpg
1585,C7B,2025,7/1/25,6.5,7/1/25,20250701_C7B_01585.jpg
594,C7B,2025,7/18/25,3.0,7/18/25,20250718_C7B_00594.jpg
4874,C10,2025,7/2/25,5.5,7/4/25,20250704_C10_04874.jpg
4403,C10,2025,7/7/25,5.0,7/7/25,20250707_C10_04403.jpg
4225,C10,2025,7/7/25,6.0,7/7/25,20250707_C10_04225.jpg
8172,G3,2023,7/26/23,4.5,7/27/23,20230727_G3_08172.jpg
4757,C10,2025,7/20/25,5.0,7/21/25,20250721_C10_04757.jpg
259,C7B,2025,7/18/25,4.0,7/18/25,20250718_C7B_00259.jpg
465,C7B,2025,6/30/25,7.5,7/1/25,20250701_C7B_00465.jpg
5431,C10,2025,7/20/25,3.5,7/21/25,20250721_C10_05431.jpg
6770,C10,2025,7/18/25,8.0,7/18/25,20250718_C10_06770.jpg
2701,C7B,2025,6/30/25,8.5,7/1/25,20250701_C7B_02701.jpg
1459,C7B,2025,7/10/25,5.0,7/10/25,20250710_C7B_01459.jpg
5847,C10,2025,7/19/25,6.5,7/18/25,20250718_C10_05847.jpg
1018,C7B,2025,7/1/25,7.0,7/1/25,20250701_C7B_01018.jpg
4969,C10,2025,7/2/25,6.0,7/4/25,20250704_C10_04969.jpg
1211,C7B,2025,7/1/25,7.5,7/1/25,20250701_C7B_01211.jpg
5066,C10,2025,7/20/25,2.0,7/21/25,20250721_C10_05066.jpg
4098,C10,2025,7/19/25,3.0,7/18/25,20250718_C10_04098.jpg
4746,C10,2025,7/20/25,2.0,7/21/25,20250721_C10_04746.jpg
2828,C7B,2025,7/8/25,8.0,7/7/25,20250707_C7B_02828.jpg
17,C7B,2025,7/11/25,7.0,7/10/25,20250710_C7B_00017.jpg
5228,C10,2025,7/2/25,5.5,7/4/25,20250704_C10_05228.jpg
437,C7B,2025,7/18/25,3.5,7/18/25,20250718_C7B_00437.jpg
4938,C10,2025,7/20/25,1.5,7/21/25,20250721_C10_04938.jpg
1352,C7B,2025,7/18/25,1.5,7/18/25,20250718_C7B_01352.jpg
3091,G3,2023,7/26/23,7.5,7/27/23,20230727_G3_03091.jpg
293,C7B,2025,6/30/25,7.0,7/1/25,20250701_C7B_00293.jpg
1741,C7B,2025,7/7/25,7.5,7/7/25,20250707_C7B_01741.jpg
1926,C7B,2025,7/1/25,7.0,7/1/25,20250701_C7B_01926.jpg
1662,C7B,2025,7/19/25,1.5,7/18/25,20250718_C7B_01662.jpg
5301,C10,2025,7/11/25,4.0,7/11/25,20250711_C10_05301.jpg
5121,C10,2025,7/2/25,6.0,7/4/25,20250704_C10_05121.jpg
5787,C10,2025,7/8/25,4.5,7/7/25,20250707_C10_05787.jpg
4397,C10,2025,7/19/25,2.0,7/18/25,20250718_C10_04397.jpg
4161,C10,2025,7/11/25,6.0,7/11/25,20250711_C10_04161.jpg
844,C7B,2025,7/10/25,5.0,7/10/25,20250710_C7B_00844.jpg
2639,C7B,2025,7/8/25,7.0,7/7/25,20250707_C7B_02639.jpg
6860,C10,2025,6/30/25,7.5,6/28/25,20250628_C10_06860.jpg
4156,C10,2025,7/19/25,5.0,7/18/25,20250718_C10_04156.jpg
5581,C10,2025,7/2/25,5.5,7/4/25,20250704_C10_05581.jpg
1337,C7B,2025,7/1/25,6.5,7/1/25,20250701_C7B_01337.jpg
4231,C10,2025,6/30/25,5.0,6/28/25,20250628_C10_04231.jpg
1936,C7B,2025,7/10/25,5.0,7/10/25,20250710_C7B_01936.jpg
904,C7B,2025,7/10/25,7.5,7/10/25,20250710_C7B_00904.jpg
9863,I3B,2023,7/12/23,4.0,7/13/23,20230713_I3B_09863.jpg
26,C7B,2025,7/11/25,7.5,7/10/25,20250710_C7B_00026.jpg
4333,C10,2025,6/30/25,8.0,6/28/25,20250628_C10_04333.jpg
466,C7B,2025,7/10/25,5.0,7/10/25,20250710_C7B_00466.jpg
1653,C7B,2025,7/18/25,2.5,7/18/25,20250718_C7B_01653.jpg
5787,C10,2025,7/19/25,2.5,7/18/25,20250718_C10_05787.jpg
11346,I3B,2023,7/19/23,6.0,7/20/23,20230720_I3B_11346.jpg
278,C7B,2025,7/18/25,4.0,7/18/25,20250718_C7B_00278.jpg
843,C7B,2025,7/1/25,7.5,7/1/25,20250701_C7B_00843.jpg
5449,C10,2025,7/11/25,3.5,7/11/25,20250711_C10_05449.jpg
675,C7B,2025,7/18/25,5.0,7/18/25,20250718_C7B_00675.jpg
776,C7B,2025,7/10/25,6.0,7/10/25,20250710_C7B_00776.jpg
5999,C10,2025,7/19/25,4.0,7/18/25,20250718_C10_05999.jpg
4485,C10,2025,7/2/25,6.0,7/4/25,20250704_C10_04485.jpg
8,C7B,2025,7/4/25,6.0,7/4/25,20250704_C7B_00008.jpg
9634,I3B,2023,7/12/23,5.5,7/13/23,20230713_I3B_09634.jpg
4243,C10,2025,7/7/25,7.0,7/7/25,20250707_C10_04243.jpg
1616,C7B,2025,7/10/25,7.0,7/10/25,20250710_C7B_01616.jpg
2704,C7B,2025,7/8/25,8.0,7/7/25,20250707_C7B_02704.jpg
1048,C7B,2025,7/18/25,3.0,7/18/25,20250718_C7B_01048.jpg
6862,C10,2025,7/8/25,7.5,7/7/25,20250707_C10_06862.jpg
1370,C7B,2025,7/1/25,6.0,7/1/25,20250701_C7B_01370.jpg
152,C7B,2025,6/30/25,7.0,7/1/25,20250701_C7B_00152.jpg
4200,C10,2025,6/30/25,7.0,6/28/25,20250628_C10_04200.jpg
1833,C7B,2025,7/1/25,6.5,7/1/25,20250701_C7B_01833.jpg
1388,C7B,2025,7/1/25,7.0,7/1/25,20250701_C7B_01388.jpg
4582,C10,2025,7/20/25,2.0,7/21/25,20250721_C10_04582.jpg
5012,C10,2025,7/2/25,7.0,7/4/25,20250704_C10_05012.jpg
11068,I3B,2023,7/12/23,6.0,7/13/23,20230713_I3B_11068.jpg
770,C7B,2025,7/18/25,4.0,7/18/25,20250718_C7B_00770.jpg
1912,C7B,2025,7/1/25,4.0,7/1/25,20250701_C7B_01912.jpg
4016,C10,2025,6/30/25,7.5,6/28/25,20250628_C10_04016.jpg
2667,C7B,2025,7/18/25,8.0,7/18/25,20250718_C7B_02667.jpg
2840,C7B,2025,7/13/25,5.5,7/12/25,20250712_C7B_02840.jpg
789,C7B,2025,7/10/25,6.0,7/10/25,20250710_C7B_00789.jpg
1571,C7B,2025,7/10/25,4.0,7/10/25,20250710_C7B_01571.jpg
477,C7B,2025,7/18/25,3.0,7/18/25,20250718_C7B_00477.jpg
8162,G3,2023,7/20/23,6.0,7/20/23,20230720_G3_08162.jpg
689,C7B,2025,7/18/25,3.0,7/18/25,20250718_C7B_00689.jpg
1446,C7B,2025,7/10/25,5.0,7/10/25,20250710_C7B_01446.jpg
1763,C7B,2025,7/7/25,4.5,7/7/25,20250707_C7B_01763.jpg
1808,C7B,2025,7/1/25,5.5,7/1/25,20250701_C7B_01808.jpg
120,C7B,2025,6/30/25,7.5,7/1/25,20250701_C7B_00120.jpg
1676,C7B,2025,7/7/25,5.0,7/7/25,20250707_C7B_01676.jpg
5036,C10,2025,7/11/25,5.0,7/11/25,20250711_C10_05036.jpg
9682,I3B,2023,7/12/23,5.5,7/13/23,20230713_I3B_09682.jpg
5425,C10,2025,7/20/25,1.5,7/21/25,20250721_C10_05425.jpg
984,C7B,2025,7/1/25,4.0,7/1/25,20250701_C7B_00984.jpg
652,C7B,2025,6/30/25,7.5,7/1/25,20250701_C7B_00652.jpg
1555,C7B,2025,7/18/25,2.5,7/18/25,20250718_C7B_01555.jpg
57,C7B,2025,6/30/25,7.5,7/1/25,20250701_C7B_00057.jpg
1309,C7B,2025,7/10/25,4.0,7/10/25,20250710_C7B_01309.jpg
1971,C7B,2025,7/19/25,3.0,7/18/25,20250718_C7B_01971.jpg
4020,C10,2025,6/30/25,8.0,6/28/25,20250628_C10_04020.jpg
392,C7B,2025,7/4/25,5.0,7/4/25,20250704_C7B_00392.jpg
7519,G3,2023,7/20/23,7.5,7/20/23,20230720_G3_07519.jpg
407,C7B,2025,7/18/25,5.0,7/18/25,20250718_C7B_00407.jpg
2810,C7B,2025,6/30/25,8.0,7/1/25,20250701_C7B_02810.jpg
4487,C10,2025,7/2/25,5.5,7/4/25,20250704_C10_04487.jpg
5884,C10,2025,7/8/25,4.0,7/7/25,20250707_C10_05884.jpg
1936,C7B,2025,7/19/25,3.0,7/18/25,20250718_C7B_01936.jpg
4965,C10,2025,7/20/25,2.0,7/21/25,20250721_C10_04965.jpg
1866,C7B,2025,7/1/25,6.0,7/1/25,20250701_C7B_01866.jpg
1062,C7B,2025,7/18/25,4.0,7/18/25,20250718_C7B_01062.jpg
2022,C7B,2025,7/19/25,4.0,7/18/25,20250718_C7B_02022.jpg
5154,C10,2025,7/11/25,5.0,7/11/25,20250711_C10_05154.jpg
715,C7B,2025,6/30/25,7.5,7/1/25,20250701_C7B_00715.jpg
154,C7B,2025,7/4/25,5.5,7/4/25,20250704_C7B_00154.jpg
4283,C10,2025,7/19/25,2.0,7/18/25,20250718_C10_04283.jpg
5108,C10,2025,7/11/25,4.0,7/11/25,20250711_C10_05108.jpg
5758,C10,2025,7/19/25,6.0,7/18/25,20250718_C10_05758.jpg
1516,C7B,2025,7/18/25,2.0,7/18/25,20250718_C7B_01516.jpg
1342,C7B,2025,7/1/25,6.5,7/1/25,20250701_C7B_01342.jpg
7214,G3,2023,7/19/23,7.0,7/20/23,20230720_G3_07214.jpg
5157,C10,2025,7/20/25,2.0,7/21/25,20250721_C10_05157.jpg
2832,C7B,2025,7/8/25,8.0,7/7/25,20250707_C7B_02832.jpg
4449,C10,2025,7/19/25,4.0,7/18/25,20250718_C10_04449.jpg
5877,C10,2025,7/1/25,7.5,6/28/25,20250628_C10_05877.jpg
6656,C10,2025,7/8/25,7.5,7/7/25,20250707_C10_06656.jpg
5274,C10,2025,7/2/25,5.5,7/4/25,20250704_C10_05274.jpg
161,C7B,2025,7/10/25,5.0,7/10/25,20250710_C7B_00161.jpg
8028,G3,2023,7/19/23,6.0,7/20/23,20230720_G3_08028.jpg
345,C7B,2025,7/4/25,5.0,7/4/25,20250704_C7B_00345.jpg
1393,C7B,2025,7/18/25,2.0,7/18/25,20250718_C7B_01393.jpg
8036,G3,2023,7/26/23,4.5,7/27/23,20230727_G3_08036.jpg
5944,C10,2025,7/19/25,3.0,7/18/25,20250718_C10_05944.jpg
5178,C10,2025,7/20/25,2.5,7/21/25,20250721_C10_05178.jpg
64,C7B,2025,7/18/25,4.0,7/18/25,20250718_C7B_00064.jpg
146,C7B,2025,7/18/25,4.0,7/18/25,20250718_C7B_00146.jpg
337,C7B,2025,6/30/25,7.0,7/1/25,20250701_C7B_00337.jpg
4094,C10,2025,6/30/25,7.5,6/28/25,20250628_C10_04094.jpg
9672,I3B,2023,7/12/23,5.5,7/13/23,20230713_I3B_09672.jpg
129,C7B,2025,7/4/25,7.5,7/4/25,20250704_C7B_00129.jpg
6725,C10,2025,7/3/25,8.0,7/4/25,20250704_C10_06725.jpg
4863,C10,2025,7/2/25,6.0,7/4/25,20250704_C10_04863.jpg
2835,C7B,2025,7/18/25,4.0,7/18/25,20250718_C7B_02835.jpg
9903,I3B,2023,7/12/23,4.0,7/13/23,20230713_I3B_09903.jpg
1059,C7B,2025,7/1/25,7.0,7/1/25,20250701_C7B_01059.jpg
215,C7B,2025,7/18/25,4.0,7/18/25,20250718_C7B_00215.jpg
1006,C7B,2025,7/1/25,7.0,7/1/25,20250701_C7B_01006.jpg
4967,C10,2025,7/11/25,6.0,7/11/25,20250711_C10_04967.jpg
2747,C7B,2025,7/8/25,8.5,7/7/25,20250707_C7B_02747.jpg
5885,C10,2025,7/11/25,5.0,7/11/25,20250711_C10_05885.jpg
4233,C10,2025,7/19/25,3.0,7/18/25,20250718_C10_04233.jpg
5927,C10,2025,7/8/25,4.5,7/7/25,20250707_C10_05927.jpg
7345,G3,2023,7/20/23,7.0,7/20/23,20230720_G3_07345.jpg
4084,C10,2025,7/11/25,5.5,7/11/25,20250711_C10_04084.jpg
5323,C10,2025,7/11/25,7.0,7/11/25,20250711_C10_05323.jpg
10364,I3B,2023,7/25/23,6.0,7/27/23,20230727_I3B_10364.jpg
4563,C10,2025,7/2/25,7.5,7/4/25,20250704_C10_04563.jpg
1714,C7B,2025,7/19/25,2.0,7/18/25,20250718_C7B_01714.jpg
4476,C10,2025,7/20/25,3.0,7/21/25,20250721_C10_04476.jpg
5419,C10,2025,7/11/25,5.5,7/11/25,20250711_C10_05419.jpg
1275,C7B,2025,7/1/25,7.0,7/1/25,20250701_C7B_01275.jpg
1659,C7B,2025,7/18/25,2.0,7/18/25,20250718_C7B_01659.jpg
1495,C7B,2025,7/18/25,2.0,7/18/25,20250718_C7B_01495.jpg
2853,C7B,2025,7/8/25,7.5,7/7/25,20250707_C7B_02853.jpg
4548,C10,2025,7/20/25,3.0,7/21/25,20250721_C10_04548.jpg
584,C7B,2025,7/18/25,2.0,7/18/25,20250718_C7B_00584.jpg
7327,G3,2023,7/20/23,7.5,7/20/23,20230720_G3_07327.jpg
1458,C7B,2025,7/1/25,6.0,7/1/25,20250701_C7B_01458.jpg
1863,C7B,2025,7/7/25,5.5,7/7/25,20250707_C7B_01863.jpg
7286,G3,2023,7/26/23,7.5,7/27/23,20230727_G3_07286.jpg
4274,C10,2025,6/30/25,6.5,6/28/25,20250628_C10_04274.jpg
108,C7B,2025,7/4/25,5.5,7/4/25,20250704_C7B_00108.jpg
602,C7B,2025,7/18/25,3.5,7/18/25,20250718_C7B_00602.jpg
1564,C7B,2025,7/1/25,6.5,7/1/25,20250701_C7B_01564.jpg
9835,I3B,2023,7/12/23,5.5,7/13/23,20230713_I3B_09835.jpg
1053,C7B,2025,7/1/25,6.0,7/1/25,20250701_C7B_01053.jpg
651,C7B,2025,6/30/25,6.0,7/1/25,20250701_C7B_00651.jpg
164,C7B,2025,7/10/25,4.0,7/10/25,20250710_C7B_00164.jpg
2666,C7B,2025,7/13/25,8.0,7/12/25,20250712_C7B_02666.jpg
2048,C7B,2025,7/1/25,7.5,7/1/25,20250701_C7B_02048.jpg
4456,C10,2025,6/30/25,7.0,6/28/25,20250628_C10_04456.jpg
492,C7B,2025,6/30/25,6.5,7/1/25,20250701_C7B_00492.jpg
1922,C7B,2025,7/7/25,4.0,7/7/25,20250707_C7B_01922.jpg
5705,C10,2025,7/19/25,3.0,7/18/25,20250718_C10_05705.jpg
5979,C10,2025,7/2/25,8.0,7/4/25,20250704_C10_05979.jpg
288,C7B,2025,6/30/25,7.0,7/1/25,20250701_C7B_00288.jpg
4072,C10,2025,7/11/25,8.0,7/11/25,20250711_C10_04072.jpg
7493,G3,2023,7/20/23,8.0,7/20/23,20230720_G3_07493.jpg
5931,C10,2025,7/19/25,3.0,7/18/25,20250718_C10_05931.jpg
762,C7B,2025,7/18/25,3.0,7/18/25,20250718_C7B_00762.jpg
5507,C10,2025,7/20/25,2.0,7/21/25,20250721_C10_05507.jpg
5709,C10,2025,7/8/25,6.0,7/7/25,20250707_C10_05709.jpg
5828,C10,2025,7/1/25,7.0,6/28/25,20250628_C10_05828.jpg
11279,I3B,2023,7/19/23,5.0,7/20/23,20230720_I3B_11279.jpg
6692,C10,2025,7/18/25,7.5,7/18/25,20250718_C10_06692.jpg
5900,C10,2025,7/19/25,3.0,7/18/25,20250718_C10_05900.jpg
5014,C10,2025,7/2/25,7.0,7/4/25,20250704_C10_05014.jpg
4949,C10,2025,7/11/25,4.0,7/11/25,20250711_C10_04949.jpg
10853,I3B,2023,7/19/23,6.0,7/20/23,20230720_I3B_10853.jpg
5703,C10,2025,7/8/25,4.0,7/7/25,20250707_C10_05703.jpg
3055,G3,2023,7/19/23,8.0,7/20/23,20230720_G3_03055.jpg
854,C7B,2025,7/18/25,1.5,7/18/25,20250718_C7B_00854.jpg
6834,C10,2025,7/14/25,6.0,7/14/25,20250714_C10_06834.jpg
4091,C10,2025,7/11/25,5.0,7/11/25,20250711_C10_04091.jpg
10326,I3B,2023,7/25/23,3.0,7/27/23,20230727_I3B_10326.jpg
2015,C7B,2025,7/1/25,7.0,7/1/25,20250701_C7B_02015.jpg
828,C7B,2025,7/1/25,6.0,7/1/25,20250701_C7B_00828.jpg
4492,C10,2025,7/2/25,7.0,7/4/25,20250704_C10_04492.jpg
6030,C10,2025,7/19/25,1.5,7/18/25,20250718_C10_06030.jpg
1800,C7B,2025,7/7/25,5.0,7/7/25,20250707_C7B_01800.jpg
4996,C10,2025,7/20/25,2.0,7/21/25,20250721_C10_04996.jpg
11314,I3B,2023,7/19/23,7.0,7/20/23,20230720_I3B_11314.jpg
94,C7B,2025,7/10/25,6.0,7/10/25,20250710_C7B_00094.jpg
4696,C10,2025,7/2/25,5.5,7/4/25,20250704_C10_04696.jpg
4542,C10,2025,7/11/25,4.0,7/11/25,20250711_C10_04542.jpg
937,C7B,2025,7/18/25,3.5,7/18/25,20250718_C7B_00937.jpg
1218,C7B,2025,7/10/25,6.0,7/10/25,20250710_C7B_01218.jpg
4018,C10,2025,7/11/25,4.5,7/11/25,20250711_C10_04018.jpg
2819,C7B,2025,7/13/25,7.5,7/12/25,20250712_C7B_02819.jpg
4993,C10,2025,7/20/25,2.5,7/21/25,20250721_C10_04993.jpg
2660,C7B,2025,6/30/25,7.5,7/1/25,20250701_C7B_02660.jpg
8140,G3,2023,7/20/23,7.5,7/20/23,20230720_G3_08140.jpg
4075,C10,2025,6/30/25,5.0,6/28/25,20250628_C10_04075.jpg
4557,C10,2025,7/11/25,4.0,7/11/25,20250711_C10_04557.jpg
4480,C10,2025,7/11/25,6.0,7/11/25,20250711_C10_04480.jpg
782,C7B,2025,7/10/25,4.0,7/10/25,20250710_C7B_00782.jpg
4245,C10,2025,7/19/25,2.0,7/18/25,20250718_C10_04245.jpg
5050,C10,2025,7/2/25,5.5,7/4/25,20250704_C10_05050.jpg
4510,C10,2025,7/20/25,3.0,7/21/25,20250721_C10_04510.jpg
5639,C10,2025,7/11/25,5.0,7/11/25,20250711_C10_05639.jpg
1779,C7B,2025,7/19/25,4.5,7/18/25,20250718_C7B_01779.jpg
4656,C10,2025,7/20/25,2.5,7/21/25,20250721_C10_04656.jpg
5711,C10,2025,7/19/25,2.0,7/18/25,20250718_C10_05711.jpg
2830,C7B,2025,6/30/25,8.0,7/1/25,20250701_C7B_02830.jpg
4857,C10,2025,7/20/25,5.5,7/21/25,20250721_C10_04857.jpg
9590,I3B,2023,7/12/23,5.0,7/13/23,20230713_I3B_09590.jpg
8127,G3,2023,7/20/23,6.5,7/20/23,20230720_G3_08127.jpg
9946,I3B,2023,7/12/23,4.0,7/13/23,20230713_I3B_09946.jpg
4683,C10,2025,7/2/25,7.5,7/4/25,20250704_C10_04683.jpg
5318,C10,2025,7/11/25,5.5,7/11/25,20250711_C10_05318.jpg
1715,C7B,2025,7/19/25,3.0,7/18/25,20250718_C7B_01715.jpg
4910,C10,2025,7/11/25,5.0,7/11/25,20250711_C10_04910.jpg
9579,I3B,2023,7/12/23,6.0,7/13/23,20230713_I3B_09579.jpg
10878,I3B,2023,7/19/23,6.0,7/20/23,20230720_I3B_10878.jpg
5838,C10,2025,7/1/25,8.0,6/28/25,20250628_C10_05838.jpg
5397,C10,2025,7/2/25,6.5,7/4/25,20250704_C10_05397.jpg
964,C7B,2025,7/18/25,4.0,7/18/25,20250718_C7B_00964.jpg
7492,G3,2023,7/26/23,5.5,7/27/23,20230727_G3_07492.jpg
5845,C10,2025,7/19/25,5.5,7/18/25,20250718_C10_05845.jpg
5955,C10,2025,7/8/25,4.0,7/7/25,20250707_C10_05955.jpg
4401,C10,2025,7/19/25,3.0,7/18/25,20250718_C10_04401.jpg
2656,C7B,2025,7/8/25,8.0,7/7/25,20250707_C7B_02656.jpg
11005,I3B,2023,7/19/23,4.0,7/20/23,20230720_I3B_11005.jpg
2855,C7B,2025,6/30/25,8.5,7/1/25,20250701_C7B_02855.jpg
4554,C10,2025,7/2/25,5.0,7/4/25,20250704_C10_04554.jpg
5213,C10,2025,7/2/25,5.5,7/4/25,20250704_C10_05213.jpg
5816,C10,2025,7/1/25,4.0,6/28/25,20250628_C10_05816.jpg
5326,C10,2025,7/20/25,2.0,7/21/25,20250721_C10_05326.jpg
1411,C7B,2025,7/10/25,5.0,7/10/25,20250710_C7B_01411.jpg
1394,C7B,2025,7/1/25,5.5,7/1/25,20250701_C7B_01394.jpg
4820,C10,2025,7/11/25,5.0,7/11/25,20250711_C10_04820.jpg
3194,G3,2023,7/19/23,7.0,7/20/23,20230720_G3_03194.jpg
1597,C7B,2025,7/1/25,7.0,7/1/25,20250701_C7B_01597.jpg
5806,C10,2025,7/11/25,5.0,7/11/25,20250711_C10_05806.jpg
5976,C10,2025,7/2/25,7.0,7/4/25,20250704_C10_05976.jpg
5930,C10,2025,7/8/25,6.0,7/7/25,20250707_C10_05930.jpg
4374,C10,2025,7/19/25,2.0,7/18/25,20250718_C10_04374.jpg
6638,C10,2025,7/14/25,6.0,7/14/25,20250714_C10_06638.jpg
5115,C10,2025,7/11/25,4.0,7/11/25,20250711_C10_05115.jpg
325,C7B,2025,7/10/25,4.0,7/10/25,20250710_C7B_00325.jpg
11002,I3B,2023,7/19/23,5.5,7/20/23,20230720_I3B_11002.jpg
6652,C10,2025,7/14/25,7.0,7/14/25,20250714_C10_06652.jpg
6779,C10,2025,7/3/25,7.0,7/4/25,20250704_C10_06779.jpg
4248,C10,2025,6/30/25,6.5,6/28/25,20250628_C10_04248.jpg
5369,C10,2025,7/11/25,5.0,7/11/25,20250711_C10_05369.jpg
317,C7B,2025,7/18/25,5.5,7/18/25,20250718_C7B_00317.jpg
10035,I3B,2023,7/12/23,6.0,7/13/23,20230713_I3B_10035.jpg
5740,C10,2025,7/19/25,3.0,7/18/25,20250718_C10_05740.jpg
1186,C7B,2025,7/10/25,6.5,7/10/25,20250710_C7B_01186.jpg
2639,C7B,2025,7/13/25,6.5,7/12/25,20250712_C7B_02639.jpg
3194,G3,2023,7/26/23,7.0,7/27/23,20230727_G3_03194.jpg
2796,C7B,2025,6/30/25,8.5,7/1/25,20250701_C7B_02796.jpg
4871,C10,2025,7/2/25,4.0,7/4/25,20250704_C10_04871.jpg
2720,C7B,2025,6/30/25,7.0,7/1/25,20250701_C7B_02720.jpg
5889,C10,2025,7/1/25,8.0,6/28/25,20250628_C10_05889.jpg
6636,C10,2025,7/8/25,7.0,7/7/25,20250707_C10_06636.jpg
1855,C7B,2025,7/10/25,6.0,7/10/25,20250710_C7B_01855.jpg
4638,C10,2025,7/2/25,5.5,7/4/25,20250704_C10_04638.jpg
5887,C10,2025,7/11/25,4.0,7/11/25,20250711_C10_05887.jpg
1,C7B,2025,7/11/25,7.0,7/10/25,20250710_C7B_00001.jpg
2794,C7B,2025,6/30/25,9.0,7/1/25,20250701_C7B_02794.jpg
31,C7B,2025,6/30/25,7.5,7/1/25,20250701_C7B_00031.jpg
417,C7B,2025,7/4/25,5.0,7/4/25,20250704_C7B_00417.jpg
546,C7B,2025,7/18/25,4.0,7/18/25,20250718_C7B_00546.jpg
11094,I3B,2023,7/12/23,6.5,7/13/23,20230713_I3B_11094.jpg
8168,G3,2023,7/26/23,8.0,7/27/23,20230727_G3_08168.jpg
1965,C7B,2025,7/10/25,6.5,7/10/25,20250710_C7B_01965.jpg
4498,C10,2025,7/20/25,1.5,7/21/25,20250721_C10_04498.jpg
5469,C10,2025,7/20/25,2.0,7/21/25,20250721_C10_05469.jpg
1630,C7B,2025,7/1/25,6.5,7/1/25,20250701_C7B_01630.jpg
11117,I3B,2023,7/12/23,6.5,7/13/23,20230713_I3B_11117.jpg
5696,C10,2025,7/19/25,4.5,7/18/25,20250718_C10_05696.jpg
1570,C7B,2025,7/18/25,2.0,7/18/25,20250718_C7B_01570.jpg
808,C7B,2025,7/10/25,7.0,7/10/25,20250710_C7B_00808.jpg
876,C7B,2025,7/10/25,5.0,7/10/25,20250710_C7B_00876.jpg
33,C7B,2025,7/11/25,4.0,7/10/25,20250710_C7B_00033.jpg
2864,C7B,2025,7/8/25,7.5,7/7/25,20250707_C7B_02864.jpg
5619,C10,2025,7/2/25,7.0,7/4/25,20250704_C10_05619.jpg
4641,C10,2025,7/11/25,5.0,7/11/25,20250711_C10_04641.jpg
698,C7B,2025,6/30/25,7.0,7/1/25,20250701_C7B_00698.jpg
1918,C7B,2025,7/19/25,2.0,7/18/25,20250718_C7B_01918.jpg
5590,C10,2025,7/11/25,4.0,7/11/25,20250711_C10_05590.jpg
5408,C10,2025,7/2/25,6.5,7/4/25,20250704_C10_05408.jpg
11318,I3B,2023,7/19/23,5.5,7/20/23,20230720_I3B_11318.jpg
534,C7B,2025,7/18/25,3.0,7/18/25,20250718_C7B_00534.jpg
2858,C7B,2025,7/18/25,4.5,7/18/25,20250718_C7B_02858.jpg
5305,C10,2025,7/11/25,6.5,7/11/25,20250711_C10_05305.jpg
1552,C7B,2025,7/10/25,5.0,7/10/25,20250710_C7B_01552.jpg
5924,C10,2025,7/11/25,8.0,7/11/25,20250711_C10_05924.jpg
5553,C10,2025,7/20/25,5.0,7/21/25,20250721_C10_05553.jpg
6740,C10,2025,7/14/25,7.0,7/14/25,20250714_C10_06740.jpg
4692,C10,2025,7/20/25,3.0,7/21/25,20250721_C10_04692.jpg
4795,C10,2025,7/11/25,5.0,7/11/25,20250711_C10_04795.jpg
1921,C7B,2025,7/7/25,4.5,7/7/25,20250707_C7B_01921.jpg
185,C7B,2025,7/10/25,4.0,7/10/25,20250710_C7B_00185.jpg
4676,C10,2025,7/11/25,4.0,7/11/25,20250711_C10_04676.jpg
4778,C10,2025,7/2/25,6.5,7/4/25,20250704_C10_04778.jpg
4239,C10,2025,7/7/25,7.5,7/7/25,20250707_C10_04239.jpg
1595,C7B,2025,7/18/25,3.0,7/18/25,20250718_C7B_01595.jpg
1335,C7B,2025,7/18/25,3.0,7/18/25,20250718_C7B_01335.jpg
5281,C10,2025,7/11/25,6.0,7/11/25,20250711_C10_05281.jpg
6771,C10,2025,6/30/25,8.0,6/28/25,20250628_C10_06771.jpg
2771,C7B,2025,7/13/25,7.5,7/12/25,20250712_C7B_02771.jpg
9653,I3B,2023,7/12/23,5.0,7/13/23,20230713_I3B_09653.jpg
5613,C10,2025,7/20/25,2.5,7/21/25,20250721_C10_05613.jpg
5142,C10,2025,7/2/25,6.5,7/4/25,20250704_C10_05142.jpg
4306,C10,2025,7/19/25,2.0,7/18/25,20250718_C10_04306.jpg
787,C7B,2025,7/18/25,3.0,7/18/25,20250718_C7B_00787.jpg
1418,C7B,2025,7/18/25,3.0,7/18/25,20250718_C7B_01418.jpg
557,C7B,2025,7/10/25,5.5,7/10/25,20250710_C7B_00557.jpg
10813,I3B,2023,7/19/23,5.5,7/20/23,20230720_I3B_10813.jpg
6667,C10,2025,7/3/25,8.0,7/4/25,20250704_C10_06667.jpg
5613,C10,2025,7/2/25,7.0,7/4/25,20250704_C10_05613.jpg
5174,C10,2025,7/20/25,2.0,7/21/25,20250721_C10_05174.jpg
2855,C7B,2025,7/8/25,7.5,7/7/25,20250707_C7B_02855.jpg
2734,C7B,2025,7/13/25,6.5,7/12/25,20250712_C7B_02734.jpg
5233,C10,2025,7/20/25,5.0,7/21/25,20250721_C10_05233.jpg
5672,C10,2025,7/19/25,3.5,7/18/25,20250718_C10_05672.jpg
4349,C10,2025,6/30/25,4.5,6/28/25,20250628_C10_04349.jpg
9991,I3B,2023,7/12/23,5.5,7/13/23,20230713_I3B_09991.jpg
4075,C10,2025,7/19/25,2.0,7/18/25,20250718_C10_04075.jpg
4237,C10,2025,7/7/25,6.0,7/7/25,20250707_C10_04237.jpg
4033,C10,2025,7/19/25,2.0,7/18/25,20250718_C10_04033.jpg
4207,C10,2025,7/7/25,5.0,7/7/25,20250707_C10_04207.jpg
4246,C10,2025,7/19/25,5.0,7/18/25,20250718_C10_04246.jpg
2850,C7B,2025,7/13/25,6.0,7/12/25,20250712_C7B_02850.jpg
9665,I3B,2023,7/12/23,4.0,7/13/23,20230713_I3B_09665.jpg
5431,C10,2025,7/11/25,5.0,7/11/25,20250711_C10_05431.jpg
2716,C7B,2025,7/18/25,6.5,7/18/25,20250718_C7B_02716.jpg
4385,C10,2025,7/19/25,2.5,7/18/25,20250718_C10_04385.jpg
4062,C10,2025,7/7/25,7.0,7/7/25,20250707_C10_04062.jpg
1865,C7B,2025,7/19/25,3.5,7/18/25,20250718_C7B_01865.jpg
2840,C7B,2025,7/8/25,7.5,7/7/25,20250707_C7B_02840.jpg
4792,C10,2025,7/20/25,4.0,7/21/25,20250721_C10_04792.jpg
353,C7B,2025,7/4/25,7.5,7/4/25,20250704_C7B_00353.jpg
1923,C7B,2025,7/7/25,3.0,7/7/25,20250707_C7B_01923.jpg
425,C7B,2025,7/18/25,3.5,7/18/25,20250718_C7B_00425.jpg
4846,C10,2025,7/2/25,7.0,7/4/25,20250704_C10_04846.jpg
6732,C10,2025,7/14/25,7.5,7/14/25,20250714_C10_06732.jpg
4690,C10,2025,7/2/25,7.0,7/4/25,20250704_C10_04690.jpg
273,C7B,2025,7/10/25,4.5,7/10/25,20250710_C7B_00273.jpg
1639,C7B,2025,7/1/25,6.0,7/1/25,20250701_C7B_01639.jpg
1412,C7B,2025,7/18/25,3.0,7/18/25,20250718_C7B_01412.jpg
4447,C10,2025,7/7/25,7.0,7/7/25,20250707_C10_04447.jpg
5897,C10,2025,7/8/25,6.0,7/7/25,20250707_C10_05897.jpg
5057,C10,2025,7/11/25,5.0,7/11/25,20250711_C10_05057.jpg
581,C7B,2025,6/30/25,7.5,7/1/25,20250701_C7B_00581.jpg
5499,C10,2025,7/2/25,5.0,7/4/25,20250704_C10_05499.jpg
4659,C10,2025,7/20/25,2.0,7/21/25,20250721_C10_04659.jpg
7252,G3,2023,7/26/23,7.5,7/27/23,20230727_G3_07252.jpg
546,C7B,2025,7/10/25,5.5,7/10/25,20250710_C7B_00546.jpg
2744,C7B,2025,7/13/25,6.0,7/12/25,20250712_C7B_02744.jpg
4172,C10,2025,7/7/25,6.0,7/7/25,20250707_C10_04172.jpg
5061,C10,2025,7/20/25,2.0,7/21/25,20250721_C10_05061.jpg
1253,C7B,2025,7/10/25,6.0,7/10/25,20250710_C7B_01253.jpg
10044,I3B,2023,7/12/23,6.0,7/13/23,20230713_I3B_10044.jpg
693,C7B,2025,7/18/25,3.5,7/18/25,20250718_C7B_00693.jpg
9969,I3B,2023,7/12/23,5.0,7/13/23,20230713_I3B_09969.jpg
1339,C7B,2025,7/10/25,6.0,7/10/25,20250710_C7B_01339.jpg
4160,C10,2025,7/11/25,6.0,7/11/25,20250711_C10_04160.jpg
5013,C10,2025,7/2/25,4.0,7/4/25,20250704_C10_05013.jpg
1672,C7B,2025,7/7/25,5.5,7/7/25,20250707_C7B_01672.jpg
4074,C10,2025,6/30/25,7.0,6/28/25,20250628_C10_04074.jpg
2660,C7B,2025,7/8/25,7.5,7/7/25,20250707_C7B_02660.jpg
1962,C7B,2025,7/1/25,7.5,7/1/25,20250701_C7B_01962.jpg
1435,C7B,2025,7/1/25,7.0,7/1/25,20250701_C7B_01435.jpg
175,C7B,2025,7/18/25,4.5,7/18/25,20250718_C7B_00175.jpg
4495,C10,2025,7/11/25,4.0,7/11/25,20250711_C10_04495.jpg
4630,C10,2025,7/11/25,5.0,7/11/25,20250711_C10_04630.jpg
7428,G3,2023,7/26/23,8.0,7/27/23,20230727_G3_07428.jpg
113,C7B,2025,6/30/25,7.0,7/1/25,20250701_C7B_00113.jpg
5867,C10,2025,7/1/25,6.5,6/28/25,20250628_C10_05867.jpg
464,C7B,2025,6/30/25,7.0,7/1/25,20250701_C7B_00464.jpg
4881,C10,2025,7/11/25,4.0,7/11/25,20250711_C10_04881.jpg
5890,C10,2025,7/1/25,6.5,6/28/25,20250628_C10_05890.jpg
6841,C10,2025,6/30/25,8.0,6/28/25,20250628_C10_06841.jpg
5709,C10,2025,7/19/25,4.0,7/18/25,20250718_C10_05709.jpg
1310,C7B,2025,7/18/25,4.0,7/18/25,20250718_C7B_01310.jpg
4241,C10,2025,7/7/25,4.0,7/7/25,20250707_C10_04241.jpg
5719,C10,2025,7/8/25,5.5,7/7/25,20250707_C10_05719.jpg
4997,C10,2025,7/20/25,2.0,7/21/25,20250721_C10_04997.jpg
10902,I3B,2023,7/19/23,6.5,7/20/23,20230720_I3B_10902.jpg
4595,C10,2025,7/2/25,5.5,7/4/25,20250704_C10_04595.jpg
6841,C10,2025,7/8/25,7.5,7/7/25,20250707_C10_06841.jpg
726,C7B,2025,7/10/25,4.0,7/10/25,20250710_C7B_00726.jpg
5533,C10,2025,7/11/25,4.0,7/11/25,20250711_C10_05533.jpg
1355,C7B,2025,7/10/25,7.0,7/10/25,20250710_C7B_01355.jpg
5272,C10,2025,7/11/25,5.0,7/11/25,20250711_C10_05272.jpg
334,C7B,2025,6/30/25,6.0,7/1/25,20250701_C7B_00334.jpg
640,C7B,2025,6/30/25,7.5,7/1/25,20250701_C7B_00640.jpg
4960,C10,2025,7/11/25,4.0,7/11/25,20250711_C10_04960.jpg
5661,C10,2025,7/8/25,5.5,7/7/25,20250707_C10_05661.jpg
6853,C10,2025,7/8/25,7.5,7/7/25,20250707_C10_06853.jpg
103,C7B,2025,7/4/25,6.5,7/4/25,20250704_C7B_00103.jpg
125,C7B,2025,7/10/25,5.0,7/10/25,20250710_C7B_00125.jpg
4019,C10,2025,7/19/25,7.0,7/18/25,20250718_C10_04019.jpg
5351,C10,2025,7/20/25,1.5,7/21/25,20250721_C10_05351.jpg
1508,C7B,2025,7/1/25,7.0,7/1/25,20250701_C7B_01508.jpg
11355,I3B,2023,7/19/23,7.5,7/20/23,20230720_I3B_11355.jpg
275,C7B,2025,6/30/25,7.5,7/1/25,20250701_C7B_00275.jpg
4561,C10,2025,7/11/25,6.0,7/11/25,20250711_C10_04561.jpg
3057,G3,2023,7/26/23,7.0,7/27/23,20230727_G3_03057.jpg
5666,C10,2025,7/19/25,2.5,7/18/25,20250718_C10_05666.jpg
4386,C10,2025,7/19/25,4.0,7/18/25,20250718_C10_04386.jpg
4616,C10,2025,7/2/25,5.5,7/4/25,20250704_C10_04616.jpg
52,C7B,2025,7/4/25,6.5,7/4/25,20250704_C7B_00052.jpg
7467,G3,2023,7/26/23,5.5,7/27/23,20230727_G3_07467.jpg
2636,C7B,2025,7/8/25,6.5,7/7/25,20250707_C7B_02636.jpg
4626,C10,2025,7/11/25,4.0,7/11/25,20250711_C10_04626.jpg
5527,C10,2025,7/11/25,5.0,7/11/25,20250711_C10_05527.jpg
1880,C7B,2025,7/7/25,5.5,7/7/25,20250707_C7B_01880.jpg
5275,C10,2025,7/20/25,2.0,7/21/25,20250721_C10_05275.jpg
10926,I3B,2023,7/19/23,5.5,7/20/23,20230720_I3B_10926.jpg
1702,C7B,2025,7/10/25,4.0,7/10/25,20250710_C7B_01702.jpg
4554,C10,2025,7/11/25,4.0,7/11/25,20250711_C10_04554.jpg
4369,C10,2025,7/11/25,6.0,7/11/25,20250711_C10_04369.jpg
977,C7B,2025,7/10/25,5.5,7/10/25,20250710_C7B_00977.jpg
5287,C10,2025,7/20/25,1.5,7/21/25,20250721_C10_05287.jpg
451,C7B,2025,7/4/25,5.5,7/4/25,20250704_C7B_00451.jpg
2039,C7B,2025,7/19/25,6.5,7/18/25,20250718_C7B_02039.jpg
1381,C7B,2025,7/18/25,2.0,7/18/25,20250718_C7B_01381.jpg
846,C7B,2025,7/1/25,5.0,7/1/25,20250701_C7B_00846.jpg
1984,C7B,2025,7/7/25,4.0,7/7/25,20250707_C7B_01984.jpg
7532,G3,2023,7/26/23,8.0,7/27/23,20230727_G3_07532.jpg
4431,C10,2025,7/11/25,6.0,7/11/25,20250711_C10_04431.jpg
5536,C10,2025,7/2/25,6.5,7/4/25,20250704_C10_05536.jpg
357,C7B,2025,7/18/25,6.0,7/18/25,20250718_C7B_00357.jpg
5566,C10,2025,7/2/25,6.5,7/4/25,20250704_C10_05566.jpg
4176,C10,2025,6/30/25,7.5,6/28/25,20250628_C10_04176.jpg
4173,C10,2025,7/19/25,4.0,7/18/25,20250718_C10_04173.jpg
320,C7B,2025,7/10/25,5.0,7/10/25,20250710_C7B_00320.jpg
1430,C7B,2025,7/1/25,6.0,7/1/25,20250701_C7B_01430.jpg
346,C7B,2025,7/10/25,5.0,7/10/25,20250710_C7B_00346.jpg
4365,C10,2025,7/19/25,2.0,7/18/25,20250718_C10_04365.jpg
384,C7B,2025,6/30/25,6.0,7/1/25,20250701_C7B_00384.jpg
938,C7B,2025,7/1/25,7.5,7/1/25,20250701_C7B_00938.jpg
4198,C10,2025,6/30/25,5.5,6/28/25,20250628_C10_04198.jpg
1017,C7B,2025,7/1/25,6.0,7/1/25,20250701_C7B_01017.jpg
1899,C7B,2025,7/19/25,2.5,7/18/25,20250718_C7B_01899.jpg
4242,C10,2025,6/30/25,5.0,6/28/25,20250628_C10_04242.jpg
2809,C7B,2025,7/8/25,7.5,7/7/25,20250707_C7B_02809.jpg
6639,C10,2025,6/30/25,7.0,6/28/25,20250628_C10_06639.jpg
63,C7B,2025,7/11/25,7.5,7/10/25,20250710_C7B_00063.jpg
5846,C10,2025,7/11/25,7.0,7/11/25,20250711_C10_05846.jpg
4481,C10,2025,7/2/25,5.5,7/4/25,20250704_C10_04481.jpg
9931,I3B,2023,7/12/23,4.5,7/13/23,20230713_I3B_09931.jpg
1897,C7B,2025,7/10/25,4.0,7/10/25,20250710_C7B_01897.jpg
423,C7B,2025,7/4/25,5.5,7/4/25,20250704_C7B_00423.jpg
4569,C10,2025,7/20/25,4.0,7/21/25,20250721_C10_04569.jpg
4747,C10,2025,7/11/25,6.0,7/11/25,20250711_C10_04747.jpg
1710,C7B,2025,7/10/25,7.0,7/10/25,20250710_C7B_01710.jpg
5723,C10,2025,7/11/25,5.0,7/11/25,20250711_C10_05723.jpg
6760,C10,2025,7/18/25,7.5,7/18/25,20250718_C10_06760.jpg
6740,C10,2025,7/18/25,6.5,7/18/25,20250718_C10_06740.jpg
6649,C10,2025,6/30/25,4.0,6/28/25,20250628_C10_06649.jpg
1020,C7B,2025,7/1/25,7.0,7/1/25,20250701_C7B_01020.jpg
4052,C10,2025,7/7/25,8.0,7/7/25,20250707_C10_04052.jpg
372,C7B,2025,7/4/25,6.5,7/4/25,20250704_C7B_00372.jpg
6667,C10,2025,6/30/25,8.0,6/28/25,20250628_C10_06667.jpg
4078,C10,2025,6/30/25,7.0,6/28/25,20250628_C10_04078.jpg
6785,C10,2025,7/14/25,7.5,7/14/25,20250714_C10_06785.jpg
1243,C7B,2025,7/10/25,7.5,7/10/25,20250710_C7B_01243.jpg
6703,C10,2025,7/3/25,8.0,7/4/25,20250704_C10_06703.jpg
6725,C10,2025,6/30/25,8.5,6/28/25,20250628_C10_06725.jpg
7454,G3,2023,7/26/23,6.5,7/27/23,20230727_G3_07454.jpg
1713,C7B,2025,7/1/25,8.0,7/1/25,20250701_C7B_01713.jpg
1938,C7B,2025,7/19/25,5.0,7/18/25,20250718_C7B_01938.jpg
2728,C7B,2025,7/13/25,7.5,7/12/25,20250712_C7B_02728.jpg
7309,G3,2023,7/20/23,7.0,7/20/23,20230720_G3_07309.jpg
4405,C10,2025,6/30/25,6.5,6/28/25,20250628_C10_04405.jpg
372,C7B,2025,7/18/25,3.5,7/18/25,20250718_C7B_00372.jpg
5018,C10,2025,7/20/25,2.0,7/21/25,20250721_C10_05018.jpg
10933,I3B,2023,7/19/23,7.0,7/20/23,20230720_I3B_10933.jpg
3054,G3,2023,7/26/23,6.0,7/27/23,20230727_G3_03054.jpg
2708,C7B,2025,7/8/25,7.5,7/7/25,20250707_C7B_02708.jpg
4207,C10,2025,6/30/25,6.5,6/28/25,20250628_C10_04207.jpg
8154,G3,2023,7/20/23,8.0,7/20/23,20230720_G3_08154.jpg
4069,C10,2025,6/30/25,8.0,6/28/25,20250628_C10_04069.jpg
4988,C10,2025,7/20/25,2.0,7/21/25,20250721_C10_04988.jpg
1665,C7B,2025,7/10/25,4.0,7/10/25,20250710_C7B_01665.jpg
6802,C10,2025,6/30/25,8.0,6/28/25,20250628_C10_06802.jpg
817,C7B,2025,7/10/25,6.5,7/10/25,20250710_C7B_00817.jpg
8015,G3,2023,7/19/23,7.5,7/20/23,20230720_G3_08015.jpg
4015,C10,2025,6/30/25,6.5,6/28/25,20250628_C10_04015.jpg
5879,C10,2025,7/1/25,8.0,6/28/25,20250628_C10_05879.jpg
5738,C10,2025,7/19/25,2.0,7/18/25,20250718_C10_05738.jpg
884,C7B,2025,7/1/25,7.5,7/1/25,20250701_C7B_00884.jpg
2712,C7B,2025,7/18/25,7.0,7/18/25,20250718_C7B_02712.jpg
9977,I3B,2023,7/12/23,6.0,7/13/23,20230713_I3B_09977.jpg
5842,C10,2025,7/19/25,2.0,7/18/25,20250718_C10_05842.jpg
4801,C10,2025,7/2/25,5.5,7/4/25,20250704_C10_04801.jpg
7313,G3,2023,7/20/23,7.5,7/20/23,20230720_G3_07313.jpg
1435,C7B,2025,7/10/25,6.0,7/10/25,20250710_C7B_01435.jpg
1203,C7B,2025,7/18/25,1.5,7/18/25,20250718_C7B_01203.jpg
1362,C7B,2025,7/1/25,6.0,7/1/25,20250701_C7B_01362.jpg
465,C7B,2025,7/10/25,6.0,7/10/25,20250710_C7B_00465.jpg
1764,C7B,2025,7/19/25,7.0,7/18/25,20250718_C7B_01764.jpg
11281,I3B,2023,7/19/23,5.5,7/20/23,20230720_I3B_11281.jpg
1917,C7B,2025,7/19/25,5.0,7/18/25,20250718_C7B_01917.jpg
2689,C7B,2025,6/30/25,8.5,7/1/25,20250701_C7B_02689.jpg
972,C7B,2025,7/10/25,5.0,7/10/25,20250710_C7B_00972.jpg
9691,I3B,2023,7/12/23,5.0,7/13/23,20230713_I3B_09691.jpg
6018,C10,2025,7/8/25,6.5,7/7/25,20250707_C10_06018.jpg
3008,G3,2023,7/26/23,8.0,7/27/23,20230727_G3_03008.jpg
2665,C7B,2025,7/8/25,7.0,7/7/25,20250707_C7B_02665.jpg
4921,C10,2025,7/2/25,7.5,7/4/25,20250704_C10_04921.jpg
855,C7B,2025,7/1/25,7.0,7/1/25,20250701_C7B_00855.jpg
1098,C7B,2025,7/18/25,3.0,7/18/25,20250718_C7B_01098.jpg
1993,C7B,2025,7/1/25,7.5,7/1/25,20250701_C7B_01993.jpg
4378,C10,2025,7/11/25,5.0,7/11/25,20250711_C10_04378.jpg
2041,C7B,2025,7/19/25,2.5,7/18/25,20250718_C7B_02041.jpg
258,C7B,2025,7/10/25,7.5,7/10/25,20250710_C7B_00258.jpg
5509,C10,2025,7/2/25,6.0,7/4/25,20250704_C10_05509.jpg
4408,C10,2025,7/7/25,4.0,7/7/25,20250707_C10_04408.jpg
5486,C10,2025,7/11/25,3.0,7/11/25,20250711_C10_05486.jpg
3148,G3,2023,7/26/23,3.5,7/27/23,20230727_G3_03148.jpg
4636,C10,2025,7/11/25,4.0,7/11/25,20250711_C10_04636.jpg
5480,C10,2025,7/2/25,6.0,7/4/25,20250704_C10_05480.jpg
5355,C10,2025,7/20/25,2.0,7/21/25,20250721_C10_05355.jpg
959,C7B,2025,7/10/25,4.0,7/10/25,20250710_C7B_00959.jpg
5515,C10,2025,7/20/25,2.5,7/21/25,20250721_C10_05515.jpg
610,C7B,2025,7/10/25,6.5,7/10/25,20250710_C7B_00610.jpg
4042,C10,2025,7/11/25,8.5,7/11/25,20250711_C10_04042.jpg
228,C7B,2025,7/4/25,6.0,7/4/25,20250704_C7B_00228.jpg
5284,C10,2025,7/11/25,4.0,7/11/25,20250711_C10_05284.jpg
6860,C10,2025,7/14/25,4.0,7/14/25,20250714_C10_06860.jpg
7494,G3,2023,7/26/23,6.5,7/27/23,20230727_G3_07494.jpg
299,C7B,2025,6/30/25,7.5,7/1/25,20250701_C7B_00299.jpg
10831,I3B,2023,7/19/23,7.0,7/20/23,20230720_I3B_10831.jpg
4988,C10,2025,7/11/25,5.5,7/11/25,20250711_C10_04988.jpg
2643,C7B,2025,7/13/25,8.0,7/12/25,20250712_C7B_02643.jpg
5812,C10,2025,7/11/25,7.0,7/11/25,20250711_C10_05812.jpg
4677,C10,2025,7/11/25,5.0,7/11/25,20250711_C10_04677.jpg
11036,I3B,2023,7/12/23,7.5,7/13/23,20230713_I3B_11036.jpg
5739,C10,2025,7/11/25,4.0,7/11/25,20250711_C10_05739.jpg
1825,C7B,2025,7/7/25,7.0,7/7/25,20250707_C7B_01825.jpg
549,C7B,2025,7/10/25,5.5,7/10/25,20250710_C7B_00549.jpg
1298,C7B,2025,7/10/25,4.0,7/10/25,20250710_C7B_01298.jpg
5045,C10,2025,7/11/25,4.0,7/11/25,20250711_C10_05045.jpg
7430,G3,2023,7/20/23,8.0,7/20/23,20230720_G3_07430.jpg
8004,G3,2023,7/19/23,7.5,7/20/23,20230720_G3_08004.jpg
1343,C7B,2025,7/1/25,6.0,7/1/25,20250701_C7B_01343.jpg
11231,I3B,2023,7/19/23,7.5,7/20/23,20230720_I3B_11231.jpg
5015,C10,2025,7/20/25,4.0,7/21/25,20250721_C10_05015.jpg
272,C7B,2025,7/10/25,6.0,7/10/25,20250710_C7B_00272.jpg
6849,C10,2025,7/14/25,7.0,7/14/25,20250714_C10_06849.jpg
39,C7B,2025,7/18/25,7.5,7/18/25,20250718_C7B_00039.jpg
141,C7B,2025,7/18/25,4.0,7/18/25,20250718_C7B_00141.jpg
10817,I3B,2023,7/19/23,7.5,7/20/23,20230720_I3B_10817.jpg
8082,G3,2023,7/26/23,7.0,7/27/23,20230727_G3_08082.jpg
6705,C10,2025,7/18/25,6.0,7/18/25,20250718_C10_06705.jpg
5732,C10,2025,7/11/25,5.0,7/11/25,20250711_C10_05732.jpg
456,C7B,2025,6/30/25,5.5,7/1/25,20250701_C7B_00456.jpg
5569,C10,2025,7/11/25,4.0,7/11/25,20250711_C10_05569.jpg
11047,I3B,2023,7/12/23,8.0,7/13/23,20230713_I3B_11047.jpg
5327,C10,2025,7/11/25,4.5,7/11/25,20250711_C10_05327.jpg
6862,C10,2025,7/14/25,6.0,7/14/25,20250714_C10_06862.jpg
944,C7B,2025,7/1/25,6.5,7/1/25,20250701_C7B_00944.jpg
135,C7B,2025,6/30/25,7.5,7/1/25,20250701_C7B_00135.jpg
4980,C10,2025,7/20/25,2.0,7/21/25,20250721_C10_04980.jpg
4674,C10,2025,7/20/25,2.0,7/21/25,20250721_C10_04674.jpg
469,C7B,2025,6/30/25,7.5,7/1/25,20250701_C7B_00469.jpg
57,C7B,2025,7/4/25,7.5,7/4/25,20250704_C7B_00057.jpg
8,C7B,2025,7/11/25,4.5,7/10/25,20250710_C7B_00008.jpg
1582,C7B,2025,7/1/25,7.0,7/1/25,20250701_C7B_01582.jpg
4370,C10,2025,7/7/25,5.0,7/7/25,20250707_C10_04370.jpg
1352,C7B,2025,7/10/25,4.0,7/10/25,20250710_C7B_01352.jpg
5499,C10,2025,7/20/25,1.5,7/21/25,20250721_C10_05499.jpg
4820,C10,2025,7/20/25,2.5,7/21/25,20250721_C10_04820.jpg
1162,C7B,2025,7/10/25,6.0,7/10/25,20250710_C7B_01162.jpg
5442,C10,2025,7/11/25,5.0,7/11/25,20250711_C10_05442.jpg
542,C7B,2025,7/18/25,6.0,7/18/25,20250718_C7B_00542.jpg
1371,C7B,2025,7/1/25,6.5,7/1/25,20250701_C7B_01371.jpg
2805,C7B,2025,7/18/25,6.5,7/18/25,20250718_C7B_02805.jpg
7451,G3,2023,7/26/23,5.0,7/27/23,20230727_G3_07451.jpg
1369,C7B,2025,7/10/25,5.0,7/10/25,20250710_C7B_01369.jpg
1222,C7B,2025,7/18/25,3.0,7/18/25,20250718_C7B_01222.jpg
5526,C10,2025,7/20/25,5.0,7/21/25,20250721_C10_05526.jpg
4977,C10,2025,7/11/25,4.0,7/11/25,20250711_C10_04977.jpg
1618,C7B,2025,7/1/25,5.5,7/1/25,20250701_C7B_01618.jpg
6034,C10,2025,7/11/25,6.5,7/11/25,20250711_C10_06034.jpg
11121,I3B,2023,7/12/23,8.0,7/13/23,20230713_I3B_11121.jpg
2679,C7B,2025,7/18/25,7.0,7/18/25,20250718_C7B_02679.jpg
4195,C10,2025,7/11/25,5.0,7/11/25,20250711_C10_04195.jpg
554,C7B,2025,6/30/25,6.0,7/1/25,20250701_C7B_00554.jpg
3063,G3,2023,7/19/23,8.0,7/20/23,20230720_G3_03063.jpg
5411,C10,2025,7/20/25,2.0,7/21/25,20250721_C10_05411.jpg
1722,C7B,2025,7/19/25,2.0,7/18/25,20250718_C7B_01722.jpg
2737,C7B,2025,6/30/25,8.0,7/1/25,20250701_C7B_02737.jpg
6034,C10,2025,7/2/25,6.5,7/4/25,20250704_C10_06034.jpg
2843,C7B,2025,7/18/25,7.0,7/18/25,20250718_C7B_02843.jpg
5182,C10,2025,7/20/25,3.0,7/21/25,20250721_C10_05182.jpg
5152,C10,2025,7/11/25,6.5,7/11/25,20250711_C10_05152.jpg
5850,C10,2025,7/19/25,1.5,7/18/25,20250718_C10_05850.jpg
10946,I3B,2023,7/19/23,7.0,7/20/23,20230720_I3B_10946.jpg
6640,C10,2025,7/14/25,8.0,7/14/25,20250714_C10_06640.jpg
10746,I3B,2023,7/19/23,5.0,7/20/23,20230720_I3B_10746.jpg
4903,C10,2025,7/2/25,6.0,7/4/25,20250704_C10_04903.jpg
4037,C10,2025,7/7/25,7.5,7/7/25,20250707_C10_04037.jpg
1937,C7B,2025,7/10/25,7.0,7/10/25,20250710_C7B_01937.jpg
5787,C10,2025,7/11/25,5.0,7/11/25,20250711_C10_05787.jpg
5706,C10,2025,7/1/25,7.0,6/28/25,20250628_C10_05706.jpg
9638,I3B,2023,7/12/23,7.0,7/13/23,20230713_I3B_09638.jpg
5306,C10,2025,7/2/25,6.0,7/4/25,20250704_C10_05306.jpg
2036,C7B,2025,7/1/25,5.5,7/1/25,20250701_C7B_02036.jpg
4653,C10,2025,7/20/25,2.0,7/21/25,20250721_C10_04653.jpg
123,C7B,2025,7/18/25,2.5,7/18/25,20250718_C7B_00123.jpg
9746,I3B,2023,7/12/23,4.5,7/13/23,20230713_I3B_09746.jpg
11139,I3B,2023,7/12/23,7.5,7/13/23,20230713_I3B_11139.jpg
1033,C7B,2025,7/10/25,6.0,7/10/25,20250710_C7B_01033.jpg
763,C7B,2025,7/18/25,3.5,7/18/25,20250718_C7B_00763.jpg
5491,C10,2025,7/11/25,6.0,7/11/25,20250711_C10_05491.jpg
5896,C10,2025,7/1/25,5.0,6/28/25,20250628_C10_05896.jpg
1669,C7B,2025,7/1/25,7.5,7/1/25,20250701_C7B_01669.jpg
4023,C10,2025,7/7/25,5.0,7/7/25,20250707_C10_04023.jpg
2024,C7B,2025,7/1/25,7.5,7/1/25,20250701_C7B_02024.jpg
1299,C7B,2025,7/1/25,7.0,7/1/25,20250701_C7B_01299.jpg
4953,C10,2025,7/20/25,2.0,7/21/25,20250721_C10_04953.jpg
2797,C7B,2025,7/13/25,8.0,7/12/25,20250712_C7B_02797.jpg
6702,C10,2025,6/30/25,8.0,6/28/25,20250628_C10_06702.jpg
1235,C7B,2025,7/1/25,7.0,7/1/25,20250701_C7B_01235.jpg
637,C7B,2025,7/10/25,7.5,7/10/25,20250710_C7B_00637.jpg
1649,C7B,2025,7/1/25,7.0,7/1/25,20250701_C7B_01649.jpg
4765,C10,2025,7/20/25,2.0,7/21/25,20250721_C10_04765.jpg
4053,C10,2025,7/11/25,7.5,7/11/25,20250711_C10_04053.jpg
3135,G3,2023,7/26/23,7.0,7/27/23,20230727_G3_03135.jpg
4727,C10,2025,7/11/25,4.0,7/11/25,20250711_C10_04727.jpg
1879,C7B,2025,7/7/25,7.5,7/7/25,20250707_C7B_01879.jpg
1915,C7B,2025,7/19/25,1.5,7/18/25,20250718_C7B_01915.jpg
48,C7B,2025,7/18/25,6.0,7/18/25,20250718_C7B_00048.jpg
3124,G3,2023,7/26/23,8.0,7/27/23,20230727_G3_03124.jpg
1491,C7B,2025,7/1/25,7.5,7/1/25,20250701_C7B_01491.jpg
1755,C7B,2025,7/7/25,4.0,7/7/25,20250707_C7B_01755.jpg
293,C7B,2025,7/10/25,6.0,7/10/25,20250710_C7B_00293.jpg
7306,G3,2023,7/26/23,5.0,7/27/23,20230727_G3_07306.jpg
7226,G3,2023,7/19/23,4.0,7/20/23,20230720_G3_07226.jpg
43,C7B,2025,6/30/25,7.0,7/1/25,20250701_C7B_00043.jpg
453,C7B,2025,7/10/25,6.0,7/10/25,20250710_C7B_00453.jpg
5892,C10,2025,7/11/25,5.0,7/11/25,20250711_C10_05892.jpg
1897,C7B,2025,7/19/25,3.0,7/18/25,20250718_C7B_01897.jpg
10885,I3B,2023,7/19/23,6.5,7/20/23,20230720_I3B_10885.jpg
178,C7B,2025,7/4/25,6.0,7/4/25,20250704_C7B_00178.jpg
2000,C7B,2025,7/7/25,5.5,7/7/25,20250707_C7B_02000.jpg
4391,C10,2025,7/11/25,4.0,7/11/25,20250711_C10_04391.jpg
5463,C10,2025,7/11/25,7.0,7/11/25,20250711_C10_05463.jpg
5335,C10,2025,7/11/25,5.0,7/11/25,20250711_C10_05335.jpg
2816,C7B,2025,7/13/25,3.5,7/12/25,20250712_C7B_02816.jpg
10880,I3B,2023,7/19/23,6.5,7/20/23,20230720_I3B_10880.jpg
1,C7B,2025,7/18/25,5.5,7/18/25,20250718_C7B_00001.jpg
5537,C10,2025,7/2/25,6.0,7/4/25,20250704_C10_05537.jpg
4029,C10,2025,7/7/25,7.0,7/7/25,20250707_C10_04029.jpg
1330,C7B,2025,7/10/25,5.5,7/10/25,20250710_C7B_01330.jpg
6845,C10,2025,7/8/25,8.0,7/7/25,20250707_C10_06845.jpg
4662,C10,2025,7/2/25,6.0,7/4/25,20250704_C10_04662.jpg
173,C7B,2025,6/30/25,7.0,7/1/25,20250701_C7B_00173.jpg
2667,C7B,2025,6/30/25,9.0,7/1/25,20250701_C7B_02667.jpg
10812,I3B,2023,7/19/23,5.5,7/20/23,20230720_I3B_10812.jpg
1392,C7B,2025,7/1/25,7.5,7/1/25,20250701_C7B_01392.jpg
4093,C10,2025,6/30/25,7.5,6/28/25,20250628_C10_04093.jpg
5039,C10,2025,7/11/25,8.0,7/11/25,20250711_C10_05039.jpg
5302,C10,2025,7/11/25,5.5,7/11/25,20250711_C10_05302.jpg
208,C7B,2025,7/18/25,4.0,7/18/25,20250718_C7B_00208.jpg
1701,C7B,2025,7/1/25,5.0,7/1/25,20250701_C7B_01701.jpg
499,C7B,2025,6/30/25,7.5,7/1/25,20250701_C7B_00499.jpg
1913,C7B,2025,7/1/25,6.0,7/1/25,20250701_C7B_01913.jpg
5102,C10,2025,7/20/25,1.5,7/21/25,20250721_C10_05102.jpg
5151,C10,2025,7/20/25,3.0,7/21/25,20250721_C10_05151.jpg
262,C7B,2025,7/10/25,5.0,7/10/25,20250710_C7B_00262.jpg
5661,C10,2025,7/11/25,4.0,7/11/25,20250711_C10_05661.jpg
70,C7B,2025,7/4/25,6.5,7/4/25,20250704_C7B_00070.jpg
3193,G3,2023,7/19/23,4.0,7/20/23,20230720_G3_03193.jpg
1650,C7B,2025,7/1/25,6.0,7/1/25,20250701_C7B_01650.jpg
1243,C7B,2025,7/18/25,5.5,7/18/25,20250718_C7B_01243.jpg
6824,C10,2025,6/30/25,8.0,6/28/25,20250628_C10_06824.jpg
4125,C10,2025,7/19/25,1.5,7/18/25,20250718_C10_04125.jpg
4916,C10,2025,7/11/25,4.0,7/11/25,20250711_C10_04916.jpg
7347,G3,2023,7/20/23,7.5,7/20/23,20230720_G3_07347.jpg
4742,C10,2025,7/11/25,6.0,7/11/25,20250711_C10_04742.jpg
182,C7B,2025,7/18/25,4.0,7/18/25,20250718_C7B_00182.jpg
5886,C10,2025,7/1/25,6.0,6/28/25,20250628_C10_05886.jpg
5698,C10,2025,7/19/25,3.0,7/18/25,20250718_C10_05698.jpg
21,C7B,2025,6/30/25,7.5,7/1/25,20250701_C7B_00021.jpg
1030,C7B,2025,7/1/25,6.5,7/1/25,20250701_C7B_01030.jpg
6694,C10,2025,7/18/25,3.0,7/18/25,20250718_C10_06694.jpg
1496,C7B,2025,7/18/25,3.0,7/18/25,20250718_C7B_01496.jpg
5752,C10,2025,7/19/25,2.0,7/18/25,20250718_C10_05752.jpg
5365,C10,2025,7/11/25,5.5,7/11/25,20250711_C10_05365.jpg
4413,C10,2025,7/19/25,2.0,7/18/25,20250718_C10_04413.jpg
4292,C10,2025,7/7/25,4.0,7/7/25,20250707_C10_04292.jpg
4891,C10,2025,7/11/25,4.0,7/11/25,20250711_C10_04891.jpg
803,C7B,2025,7/10/25,4.5,7/10/25,20250710_C7B_00803.jpg
6673,C10,2025,6/30/25,7.5,6/28/25,20250628_C10_06673.jpg
2651,C7B,2025,7/18/25,7.0,7/18/25,20250718_C7B_02651.jpg
1762,C7B,2025,7/1/25,6.0,7/1/25,20250701_C7B_01762.jpg
4623,C10,2025,7/2/25,6.5,7/4/25,20250704_C10_04623.jpg
6694,C10,2025,6/30/25,7.5,6/28/25,20250628_C10_06694.jpg
8149,G3,2023,7/20/23,6.5,7/20/23,20230720_G3_08149.jpg
201,C7B,2025,7/4/25,7.0,7/4/25,20250704_C7B_00201.jpg
1212,C7B,2025,7/18/25,1.5,7/18/25,20250718_C7B_01212.jpg
2848,C7B,2025,7/18/25,8.0,7/18/25,20250718_C7B_02848.jpg
6774,C10,2025,7/8/25,7.5,7/7/25,20250707_C10_06774.jpg
6661,C10,2025,7/3/25,8.0,7/4/25,20250704_C10_06661.jpg
7247,G3,2023,7/19/23,6.0,7/20/23,20230720_G3_07247.jpg
3175,G3,2023,7/26/23,3.0,7/27/23,20230727_G3_03175.jpg
5505,C10,2025,7/2/25,7.5,7/4/25,20250704_C10_05505.jpg
861,C7B,2025,7/18/25,2.0,7/18/25,20250718_C7B_00861.jpg
1035,C7B,2025,7/1/25,6.5,7/1/25,20250701_C7B_01035.jpg
5720,C10,2025,7/1/25,6.0,6/28/25,20250628_C10_05720.jpg
902,C7B,2025,7/1/25,7.0,7/1/25,20250701_C7B_00902.jpg
1274,C7B,2025,7/10/25,7.0,7/10/25,20250710_C7B_01274.jpg
5980,C10,2025,7/8/25,5.5,7/7/25,20250707_C10_05980.jpg
4344,C10,2025,6/30/25,6.0,6/28/25,20250628_C10_04344.jpg
5255,C10,2025,7/2/25,5.5,7/4/25,20250704_C10_05255.jpg
5364,C10,2025,7/20/25,3.0,7/21/25,20250721_C10_05364.jpg
4853,C10,2025,7/20/25,2.0,7/21/25,20250721_C10_04853.jpg
82,C7B,2025,6/30/25,7.5,7/1/25,20250701_C7B_00082.jpg
5919,C10,2025,7/19/25,3.5,7/18/25,20250718_C10_05919.jpg
5156,C10,2025,7/20/25,2.0,7/21/25,20250721_C10_05156.jpg
1803,C7B,2025,7/1/25,8.0,7/1/25,20250701_C7B_01803.jpg
3187,G3,2023,7/19/23,7.5,7/20/23,20230720_G3_03187.jpg
4824,C10,2025,7/2/25,4.0,7/4/25,20250704_C10_04824.jpg
5465,C10,2025,7/11/25,3.0,7/11/25,20250711_C10_05465.jpg
2775,C7B,2025,6/30/25,8.5,7/1/25,20250701_C7B_02775.jpg
32,C7B,2025,7/18/25,5.5,7/18/25,20250718_C7B_00032.jpg
753,C7B,2025,7/18/25,4.0,7/18/25,20250718_C7B_00753.jpg
1620,C7B,2025,7/10/25,5.5,7/10/25,20250710_C7B_01620.jpg
811,C7B,2025,7/1/25,5.5,7/1/25,20250701_C7B_00811.jpg
1913,C7B,2025,7/19/25,2.0,7/18/25,20250718_C7B_01913.jpg
4133,C10,2025,6/30/25,5.0,6/28/25,20250628_C10_04133.jpg
5026,C10,2025,7/2/25,6.0,7/4/25,20250704_C10_05026.jpg
6817,C10,2025,7/18/25,5.5,7/18/25,20250718_C10_06817.jpg
538,C7B,2025,6/30/25,7.0,7/1/25,20250701_C7B_00538.jpg
104,C7B,2025,7/10/25,5.5,7/10/25,20250710_C7B_00104.jpg
4321,C10,2025,7/19/25,1.5,7/18/25,20250718_C10_04321.jpg
633,C7B,2025,7/18/25,5.0,7/18/25,20250718_C7B_00633.jpg
3082,G3,2023,7/26/23,3.5,7/27/23,20230727_G3_03082.jpg
6754,C10,2025,6/30/25,8.5,6/28/25,20250628_C10_06754.jpg
5870,C10,2025,7/19/25,3.0,7/18/25,20250718_C10_05870.jpg
7373,G3,2023,7/20/23,5.0,7/20/23,20230720_G3_07373.jpg
2639,C7B,2025,7/18/25,6.5,7/18/25,20250718_C7B_02639.jpg
9702,I3B,2023,7/12/23,4.5,7/13/23,20230713_I3B_09702.jpg
10848,I3B,2023,7/19/23,6.0,7/20/23,20230720_I3B_10848.jpg
4123,C10,2025,7/7/25,6.0,7/7/25,20250707_C10_04123.jpg
775,C7B,2025,7/18/25,4.0,7/18/25,20250718_C7B_00775.jpg
4773,C10,2025,7/11/25,4.0,7/11/25,20250711_C10_04773.jpg
6679,C10,2025,7/18/25,5.0,7/18/25,20250718_C10_06679.jpg
3108,G3,2023,7/19/23,8.0,7/20/23,20230720_G3_03108.jpg
1081,C7B,2025,7/1/25,6.0,7/1/25,20250701_C7B_01081.jpg
1131,C7B,2025,7/18/25,2.0,7/18/25,20250718_C7B_01131.jpg
4045,C10,2025,7/11/25,5.0,7/11/25,20250711_C10_04045.jpg
949,C7B,2025,7/10/25,5.5,7/10/25,20250710_C7B_00949.jpg
1744,C7B,2025,7/19/25,3.0,7/18/25,20250718_C7B_01744.jpg
4515,C10,2025,7/11/25,4.0,7/11/25,20250711_C10_04515.jpg
7453,G3,2023,7/20/23,6.5,7/20/23,20230720_G3_07453.jpg
4588,C10,2025,7/11/25,5.0,7/11/25,20250711_C10_04588.jpg
5482,C10,2025,7/20/25,2.5,7/21/25,20250721_C10_05482.jpg
4620,C10,2025,7/2/25,8.0,7/4/25,20250704_C10_04620.jpg
4978,C10,2025,7/20/25,3.0,7/21/25,20250721_C10_04978.jpg
1545,C7B,2025,7/1/25,5.5,7/1/25,20250701_C7B_01545.jpg
5255,C10,2025,7/20/25,2.0,7/21/25,20250721_C10_05255.jpg
1402,C7B,2025,7/18/25,1.0,7/18/25,20250718_C7B_01402.jpg
5396,C10,2025,7/20/25,2.0,7/21/25,20250721_C10_05396.jpg
5783,C10,2025,7/19/25,5.0,7/18/25,20250718_C10_05783.jpg
9580,I3B,2023,7/12/23,6.5,7/13/23,20230713_I3B_09580.jpg
545,C7B,2025,7/18/25,4.0,7/18/25,20250718_C7B_00545.jpg
5974,C10,2025,7/8/25,5.5,7/7/25,20250707_C10_05974.jpg
5786,C10,2025,7/1/25,5.5,6/28/25,20250628_C10_05786.jpg
5645,C10,2025,7/11/25,5.5,7/11/25,20250711_C10_05645.jpg
11025,I3B,2023,7/12/23,7.5,7/13/23,20230713_I3B_11025.jpg
2857,C7B,2025,7/13/25,6.0,7/12/25,20250712_C7B_02857.jpg
11013,I3B,2023,7/19/23,7.5,7/20/23,20230720_I3B_11013.jpg
5562,C10,2025,7/20/25,2.0,7/21/25,20250721_C10_05562.jpg
5706,C10,2025,7/11/25,6.5,7/11/25,20250711_C10_05706.jpg
5083,C10,2025,7/20/25,1.5,7/21/25,20250721_C10_05083.jpg
9952,I3B,2023,7/12/23,5.5,7/13/23,20230713_I3B_09952.jpg
1061,C7B,2025,7/10/25,5.0,7/10/25,20250710_C7B_01061.jpg
5130,C10,2025,7/11/25,4.0,7/11/25,20250711_C10_05130.jpg
250,C7B,2025,6/30/25,7.5,7/1/25,20250701_C7B_00250.jpg
841,C7B,2025,7/18/25,3.0,7/18/25,20250718_C7B_00841.jpg
4198,C10,2025,7/19/25,2.0,7/18/25,20250718_C10_04198.jpg
683,C7B,2025,6/30/25,6.5,7/1/25,20250701_C7B_00683.jpg
8153,G3,2023,7/20/23,8.0,7/20/23,20230720_G3_08153.jpg
3114,G3,2023,7/26/23,8.0,7/27/23,20230727_G3_03114.jpg
1642,C7B,2025,7/10/25,5.5,7/10/25,20250710_C7B_01642.jpg
543,C7B,2025,7/18/25,5.5,7/18/25,20250718_C7B_00543.jpg
10748,I3B,2023,7/19/23,6.0,7/20/23,20230720_I3B_10748.jpg
1985,C7B,2025,7/7/25,5.0,7/7/25,20250707_C7B_01985.jpg
6647,C10,2025,7/3/25,8.0,7/4/25,20250704_C10_06647.jpg
975,C7B,2025,7/18/25,4.0,7/18/25,20250718_C7B_00975.jpg
4219,C10,2025,7/11/25,5.5,7/11/25,20250711_C10_04219.jpg
10825,I3B,2023,7/19/23,5.5,7/20/23,20230720_I3B_10825.jpg
1645,C7B,2025,7/1/25,7.0,7/1/25,20250701_C7B_01645.jpg
1725,C7B,2025,7/1/25,7.0,7/1/25,20250701_C7B_01725.jpg
952,C7B,2025,7/1/25,6.5,7/1/25,20250701_C7B_00952.jpg
4199,C10,2025,7/7/25,5.0,7/7/25,20250707_C10_04199.jpg
1136,C7B,2025,7/18/25,3.5,7/18/25,20250718_C7B_01136.jpg
4060,C10,2025,7/11/25,6.5,7/11/25,20250711_C10_04060.jpg
5458,C10,2025,7/20/25,3.0,7/21/25,20250721_C10_05458.jpg
1254,C7B,2025,7/18/25,2.0,7/18/25,20250718_C7B_01254.jpg
11070,I3B,2023,7/12/23,7.0,7/13/23,20230713_I3B_11070.jpg
4384,C10,2025,7/19/25,3.0,7/18/25,20250718_C10_04384.jpg
5946,C10,2025,7/19/25,2.0,7/18/25,20250718_C10_05946.jpg
107,C7B,2025,7/10/25,4.0,7/10/25,20250710_C7B_00107.jpg
6848,C10,2025,7/18/25,7.5,7/18/25,20250718_C10_06848.jpg
4556,C10,2025,7/20/25,4.0,7/21/25,20250721_C10_04556.jpg
101,C7B,2025,7/10/25,7.0,7/10/25,20250710_C7B_00101.jpg
1702,C7B,2025,7/7/25,4.0,7/7/25,20250707_C7B_01702.jpg
10954,I3B,2023,7/19/23,5.0,7/20/23,20230720_I3B_10954.jpg
11116,I3B,2023,7/12/23,7.0,7/13/23,20230713_I3B_11116.jpg
117,C7B,2025,7/10/25,6.0,7/10/25,20250710_C7B_00117.jpg
4016,C10,2025,7/19/25,4.0,7/18/25,20250718_C10_04016.jpg
6812,C10,2025,7/3/25,8.0,7/4/25,20250704_C10_06812.jpg
9861,I3B,2023,7/12/23,5.5,7/13/23,20230713_I3B_09861.jpg
9727,I3B,2023,7/12/23,5.5,7/13/23,20230713_I3B_09727.jpg
1058,C7B,2025,7/18/25,7.0,7/18/25,20250718_C7B_01058.jpg
4460,C10,2025,7/2/25,7.5,7/4/25,20250704_C10_04460.jpg
5904,C10,2025,7/11/25,6.0,7/11/25,20250711_C10_05904.jpg
5548,C10,2025,7/20/25,2.0,7/21/25,20250721_C10_05548.jpg
2745,C7B,2025,7/8/25,8.0,7/7/25,20250707_C7B_02745.jpg
5961,C10,2025,7/8/25,4.0,7/7/25,20250707_C10_05961.jpg
1810,C7B,2025,7/1/25,6.5,7/1/25,20250701_C7B_01810.jpg
11158,I3B,2023,7/12/23,7.0,7/13/23,20230713_I3B_11158.jpg
4381,C10,2025,7/19/25,3.0,7/18/25,20250718_C10_04381.jpg
4425,C10,2025,7/19/25,1.5,7/18/25,20250718_C10_04425.jpg
1249,C7B,2025,7/10/25,5.5,7/10/25,20250710_C7B_01249.jpg
8167,G3,2023,7/20/23,8.0,7/20/23,20230720_G3_08167.jpg
237,C7B,2025,7/18/25,4.0,7/18/25,20250718_C7B_00237.jpg
1092,C7B,2025,7/18/25,4.0,7/18/25,20250718_C7B_01092.jpg
5355,C10,2025,7/11/25,4.5,7/11/25,20250711_C10_05355.jpg
1823,C7B,2025,7/1/25,8.0,7/1/25,20250701_C7B_01823.jpg
6664,C10,2025,7/14/25,8.0,7/14/25,20250714_C10_06664.jpg
1311,C7B,2025,7/18/25,2.5,7/18/25,20250718_C7B_01311.jpg
345,C7B,2025,7/18/25,2.5,7/18/25,20250718_C7B_00345.jpg
4693,C10,2025,7/11/25,4.0,7/11/25,20250711_C10_04693.jpg
9706,I3B,2023,7/12/23,4.5,7/13/23,20230713_I3B_09706.jpg
1368,C7B,2025,7/10/25,3.0,7/10/25,20250710_C7B_01368.jpg
1503,C7B,2025,7/10/25,4.0,7/10/25,20250710_C7B_01503.jpg
4256,C10,2025,7/7/25,4.0,7/7/25,20250707_C10_04256.jpg
5028,C10,2025,7/11/25,5.5,7/11/25,20250711_C10_05028.jpg
4665,C10,2025,7/20/25,3.0,7/21/25,20250721_C10_04665.jpg
2680,C7B,2025,7/8/25,7.0,7/7/25,20250707_C7B_02680.jpg
8132,G3,2023,7/20/23,7.0,7/20/23,20230720_G3_08132.jpg
9749,I3B,2023,7/12/23,6.0,7/13/23,20230713_I3B_09749.jpg
4423,C10,2025,7/7/25,5.5,7/7/25,20250707_C10_04423.jpg
5928,C10,2025,7/11/25,5.0,7/11/25,20250711_C10_05928.jpg
1325,C7B,2025,7/18/25,1.5,7/18/25,20250718_C7B_01325.jpg
1614,C7B,2025,7/10/25,4.5,7/10/25,20250710_C7B_01614.jpg
2863,C7B,2025,7/18/25,4.5,7/18/25,20250718_C7B_02863.jpg
1901,C7B,2025,7/19/25,7.0,7/18/25,20250718_C7B_01901.jpg
1346,C7B,2025,7/18/25,2.0,7/18/25,20250718_C7B_01346.jpg
4673,C10,2025,7/11/25,5.0,7/11/25,20250711_C10_04673.jpg
5443,C10,2025,7/11/25,4.0,7/11/25,20250711_C10_05443.jpg
7247,G3,2023,7/26/23,5.0,7/27/23,20230727_G3_07247.jpg
426,C7B,2025,7/4/25,7.0,7/4/25,20250704_C7B_00426.jpg
5054,C10,2025,7/20/25,1.5,7/21/25,20250721_C10_05054.jpg
111,C7B,2025,7/4/25,6.5,7/4/25,20250704_C7B_00111.jpg
4747,C10,2025,7/20/25,3.0,7/21/25,20250721_C10_04747.jpg
1423,C7B,2025,7/18/25,2.0,7/18/25,20250718_C7B_01423.jpg
5028,C10,2025,7/2/25,6.0,7/4/25,20250704_C10_05028.jpg
1328,C7B,2025,7/1/25,6.0,7/1/25,20250701_C7B_01328.jpg
445,C7B,2025,7/10/25,7.0,7/10/25,20250710_C7B_00445.jpg
1848,C7B,2025,7/19/25,2.0,7/18/25,20250718_C7B_01848.jpg
10251,I3B,2023,7/25/23,4.0,7/27/23,20230727_I3B_10251.jpg
8089,G3,2023,7/20/23,8.0,7/20/23,20230720_G3_08089.jpg
1852,C7B,2025,7/10/25,7.0,7/10/25,20250710_C7B_01852.jpg
9997,I3B,2023,7/12/23,6.0,7/13/23,20230713_I3B_09997.jpg
4971,C10,2025,7/20/25,3.0,7/21/25,20250721_C10_04971.jpg
2834,C7B,2025,7/18/25,6.0,7/18/25,20250718_C7B_02834.jpg
6722,C10,2025,7/8/25,8.5,7/7/25,20250707_C10_06722.jpg
5781,C10,2025,7/1/25,5.5,6/28/25,20250628_C10_05781.jpg
1837,C7B,2025,7/10/25,4.0,7/10/25,20250710_C7B_01837.jpg
893,C7B,2025,7/18/25,3.0,7/18/25,20250718_C7B_00893.jpg
507,C7B,2025,7/18/25,4.0,7/18/25,20250718_C7B_00507.jpg
5981,C10,2025,7/8/25,4.5,7/7/25,20250707_C10_05981.jpg
365,C7B,2025,7/4/25,5.5,7/4/25,20250704_C7B_00365.jpg
583,C7B,2025,7/10/25,6.0,7/10/25,20250710_C7B_00583.jpg
6641,C10,2025,6/30/25,7.0,6/28/25,20250628_C10_06641.jpg
6647,C10,2025,7/18/25,8.0,7/18/25,20250718_C10_06647.jpg
4315,C10,2025,7/11/25,3.5,7/11/25,20250711_C10_04315.jpg
5925,C10,2025,7/11/25,4.0,7/11/25,20250711_C10_05925.jpg
4618,C10,2025,7/2/25,5.0,7/4/25,20250704_C10_04618.jpg
5125,C10,2025,7/11/25,5.0,7/11/25,20250711_C10_05125.jpg
2018,C7B,2025,7/19/25,4.0,7/18/25,20250718_C7B_02018.jpg
1268,C7B,2025,7/10/25,6.0,7/10/25,20250710_C7B_01268.jpg
5205,C10,2025,7/20/25,1.5,7/21/25,20250721_C10_05205.jpg
730,C7B,2025,6/30/25,6.0,7/1/25,20250701_C7B_00730.jpg
30,C7B,2025,7/18/25,5.0,7/18/25,20250718_C7B_00030.jpg
4523,C10,2025,7/11/25,5.0,7/11/25,20250711_C10_04523.jpg
6676,C10,2025,7/14/25,8.0,7/14/25,20250714_C10_06676.jpg
393,C7B,2025,7/10/25,4.0,7/10/25,20250710_C7B_00393.jpg
4311,C10,2025,6/30/25,7.5,6/28/25,20250628_C10_04311.jpg
8094,G3,2023,7/20/23,7.5,7/20/23,20230720_G3_08094.jpg
4160,C10,2025,7/7/25,5.5,7/7/25,20250707_C10_04160.jpg
5258,C10,2025,7/11/25,5.0,7/11/25,20250711_C10_05258.jpg
1650,C7B,2025,7/10/25,4.0,7/10/25,20250710_C7B_01650.jpg
193,C7B,2025,7/18/25,3.0,7/18/25,20250718_C7B_00193.jpg
36,C7B,2025,7/11/25,7.5,7/10/25,20250710_C7B_00036.jpg
1755,C7B,2025,7/19/25,2.0,7/18/25,20250718_C7B_01755.jpg
5946,C10,2025,7/2/25,6.0,7/4/25,20250704_C10_05946.jpg
7310,G3,2023,7/20/23,7.0,7/20/23,20230720_G3_07310.jpg
4308,C10,2025,6/30/25,7.5,6/28/25,20250628_C10_04308.jpg
1090,C7B,2025,7/10/25,6.0,7/10/25,20250710_C7B_01090.jpg
1649,C7B,2025,7/10/25,6.0,7/10/25,20250710_C7B_01649.jpg
5323,C10,2025,7/2/25,8.0,7/4/25,20250704_C10_05323.jpg
874,C7B,2025,7/18/25,3.0,7/18/25,20250718_C7B_00874.jpg
1004,C7B,2025,7/18/25,2.0,7/18/25,20250718_C7B_01004.jpg
5109,C10,2025,7/20/25,2.0,7/21/25,20250721_C10_05109.jpg
5783,C10,2025,7/8/25,7.0,7/7/25,20250707_C10_05783.jpg
688,C7B,2025,7/10/25,6.0,7/10/25,20250710_C7B_00688.jpg
5479,C10,2025,7/20/25,3.0,7/21/25,20250721_C10_05479.jpg
907,C7B,2025,7/18/25,2.5,7/18/25,20250718_C7B_00907.jpg
5139,C10,2025,7/11/25,5.0,7/11/25,20250711_C10_05139.jpg
256,C7B,2025,7/18/25,4.0,7/18/25,20250718_C7B_00256.jpg
1039,C7B,2025,7/10/25,6.0,7/10/25,20250710_C7B_01039.jpg
2871,C7B,2025,7/18/25,6.0,7/18/25,20250718_C7B_02871.jpg
644,C7B,2025,7/18/25,3.0,7/18/25,20250718_C7B_00644.jpg
1106,C7B,2025,7/18/25,2.0,7/18/25,20250718_C7B_01106.jpg
4665,C10,2025,7/2/25,7.0,7/4/25,20250704_C10_04665.jpg
668,C7B,2025,7/10/25,5.0,7/10/25,20250710_C7B_00668.jpg
1235,C7B,2025,7/10/25,6.0,7/10/25,20250710_C7B_01235.jpg
244,C7B,2025,7/4/25,8.0,7/4/25,20250704_C7B_00244.jpg
4608,C10,2025,7/2/25,6.0,7/4/25,20250704_C10_04608.jpg
4952,C10,2025,7/11/25,4.0,7/11/25,20250711_C10_04952.jpg
463,C7B,2025,7/18/25,3.0,7/18/25,20250718_C7B_00463.jpg
4806,C10,2025,7/11/25,6.0,7/11/25,20250711_C10_04806.jpg
573,C7B,2025,6/30/25,6.0,7/1/25,20250701_C7B_00573.jpg
2660,C7B,2025,7/18/25,7.5,7/18/25,20250718_C7B_02660.jpg
340,C7B,2025,7/10/25,4.0,7/10/25,20250710_C7B_00340.jpg
739,C7B,2025,7/18/25,4.5,7/18/25,20250718_C7B_00739.jpg
5185,C10,2025,7/11/25,4.0,7/11/25,20250711_C10_05185.jpg
10022,I3B,2023,7/12/23,5.5,7/13/23,20230713_I3B_10022.jpg
234,C7B,2025,7/4/25,5.0,7/4/25,20250704_C7B_00234.jpg
4369,C10,2025,6/30/25,7.5,6/28/25,20250628_C10_04369.jpg
4250,C10,2025,7/11/25,5.0,7/11/25,20250711_C10_04250.jpg
1404,C7B,2025,7/1/25,7.5,7/1/25,20250701_C7B_01404.jpg
4725,C10,2025,7/2/25,5.0,7/4/25,20250704_C10_04725.jpg
2720,C7B,2025,7/8/25,6.0,7/7/25,20250707_C7B_02720.jpg
6830,C10,2025,7/3/25,7.5,7/4/25,20250704_C10_06830.jpg
11247,I3B,2023,7/19/23,7.5,7/20/23,20230720_I3B_11247.jpg
5621,C10,2025,7/2/25,5.0,7/4/25,20250704_C10_05621.jpg
4645,C10,2025,7/20/25,2.0,7/21/25,20250721_C10_04645.jpg
6837,C10,2025,6/30/25,7.5,6/28/25,20250628_C10_06837.jpg
4507,C10,2025,7/20/25,2.5,7/21/25,20250721_C10_04507.jpg
1923,C7B,2025,7/10/25,3.0,7/10/25,20250710_C7B_01923.jpg
7243,G3,2023,7/26/23,4.0,7/27/23,20230727_G3_07243.jpg
348,C7B,2025,7/18/25,3.0,7/18/25,20250718_C7B_00348.jpg
4753,C10,2025,7/2/25,6.5,7/4/25,20250704_C10_04753.jpg
1865,C7B,2025,7/1/25,6.5,7/1/25,20250701_C7B_01865.jpg
447,C7B,2025,7/18/25,5.5,7/18/25,20250718_C7B_00447.jpg
445,C7B,2025,7/4/25,7.5,7/4/25,20250704_C7B_00445.jpg
4793,C10,2025,7/2/25,7.0,7/4/25,20250704_C10_04793.jpg
1593,C7B,2025,7/18/25,1.5,7/18/25,20250718_C7B_01593.jpg
5654,C10,2025,7/11/25,6.0,7/11/25,20250711_C10_05654.jpg
5255,C10,2025,7/11/25,5.0,7/11/25,20250711_C10_05255.jpg
286,C7B,2025,7/4/25,7.5,7/4/25,20250704_C7B_00286.jpg
716,C7B,2025,7/18/25,3.5,7/18/25,20250718_C7B_00716.jpg
550,C7B,2025,6/30/25,6.5,7/1/25,20250701_C7B_00550.jpg
1176,C7B,2025,7/18/25,3.0,7/18/25,20250718_C7B_01176.jpg
8023,G3,2023,7/19/23,4.5,7/20/23,20230720_G3_08023.jpg
10312,I3B,2023,7/25/23,3.0,7/27/23,20230727_I3B_10312.jpg
1499,C7B,2025,7/18/25,3.0,7/18/25,20250718_C7B_01499.jpg
6792,C10,2025,6/30/25,8.5,6/28/25,20250628_C10_06792.jpg
399,C7B,2025,7/10/25,3.5,7/10/25,20250710_C7B_00399.jpg
503,C7B,2025,7/10/25,5.5,7/10/25,20250710_C7B_00503.jpg
996,C7B,2025,7/18/25,3.0,7/18/25,20250718_C7B_00996.jpg
645,C7B,2025,6/30/25,7.0,7/1/25,20250701_C7B_00645.jpg
2775,C7B,2025,7/18/25,7.5,7/18/25,20250718_C7B_02775.jpg
503,C7B,2025,7/18/25,3.0,7/18/25,20250718_C7B_00503.jpg
25,C7B,2025,7/4/25,7.0,7/4/25,20250704_C7B_00025.jpg
10377,I3B,2023,7/25/23,4.0,7/27/23,20230727_I3B_10377.jpg
4598,C10,2025,7/2/25,6.0,7/4/25,20250704_C10_04598.jpg
650,C7B,2025,7/18/25,5.0,7/18/25,20250718_C7B_00650.jpg
475,C7B,2025,7/10/25,5.5,7/10/25,20250710_C7B_00475.jpg
5240,C10,2025,7/20/25,3.0,7/21/25,20250721_C10_05240.jpg
9966,I3B,2023,7/12/23,4.0,7/13/23,20230713_I3B_09966.jpg
5500,C10,2025,7/11/25,8.0,7/11/25,20250711_C10_05500.jpg
4121,C10,2025,7/11/25,6.0,7/11/25,20250711_C10_04121.jpg
4147,C10,2025,6/30/25,6.0,6/28/25,20250628_C10_04147.jpg
2674,C7B,2025,7/13/25,7.0,7/12/25,20250712_C7B_02674.jpg
4308,C10,2025,7/19/25,4.0,7/18/25,20250718_C10_04308.jpg
6663,C10,2025,7/8/25,7.5,7/7/25,20250707_C10_06663.jpg
4087,C10,2025,7/19/25,6.0,7/18/25,20250718_C10_04087.jpg
2795,C7B,2025,7/13/25,8.0,7/12/25,20250712_C7B_02795.jpg
1909,C7B,2025,7/19/25,4.0,7/18/25,20250718_C7B_01909.jpg
6758,C10,2025,6/30/25,8.5,6/28/25,20250628_C10_06758.jpg
4469,C10,2025,7/2/25,7.0,7/4/25,20250704_C10_04469.jpg
4529,C10,2025,7/20/25,1.5,7/21/25,20250721_C10_04529.jpg
2676,C7B,2025,7/13/25,4.0,7/12/25,20250712_C7B_02676.jpg
1796,C7B,2025,7/7/25,6.0,7/7/25,20250707_C7B_01796.jpg
2778,C7B,2025,7/18/25,7.0,7/18/25,20250718_C7B_02778.jpg
8132,G3,2023,7/26/23,6.0,7/27/23,20230727_G3_08132.jpg
7214,G3,2023,7/26/23,6.0,7/27/23,20230727_G3_07214.jpg
11307,I3B,2023,7/19/23,5.5,7/20/23,20230720_I3B_11307.jpg
1101,C7B,2025,7/10/25,5.0,7/10/25,20250710_C7B_01101.jpg
873,C7B,2025,7/1/25,6.5,7/1/25,20250701_C7B_00873.jpg
1815,C7B,2025,7/19/25,4.0,7/18/25,20250718_C7B_01815.jpg
616,C7B,2025,7/10/25,4.5,7/10/25,20250710_C7B_00616.jpg
2011,C7B,2025,7/1/25,6.0,7/1/25,20250701_C7B_02011.jpg
11172,I3B,2023,7/12/23,7.5,7/13/23,20230713_I3B_11172.jpg
443,C7B,2025,7/10/25,6.5,7/10/25,20250710_C7B_00443.jpg
4678,C10,2025,7/11/25,4.0,7/11/25,20250711_C10_04678.jpg
5830,C10,2025,7/1/25,7.5,6/28/25,20250628_C10_05830.jpg
5256,C10,2025,7/11/25,4.0,7/11/25,20250711_C10_05256.jpg
643,C7B,2025,6/30/25,7.0,7/1/25,20250701_C7B_00643.jpg
1648,C7B,2025,7/10/25,4.5,7/10/25,20250710_C7B_01648.jpg
10877,I3B,2023,7/19/23,5.0,7/20/23,20230720_I3B_10877.jpg
4851,C10,2025,7/2/25,5.0,7/4/25,20250704_C10_04851.jpg
6802,C10,2025,7/14/25,5.5,7/14/25,20250714_C10_06802.jpg
4255,C10,2025,6/30/25,7.0,6/28/25,20250628_C10_04255.jpg
1596,C7B,2025,7/18/25,3.0,7/18/25,20250718_C7B_01596.jpg
580,C7B,2025,6/30/25,7.5,7/1/25,20250701_C7B_00580.jpg
9963,I3B,2023,7/12/23,5.5,7/13/23,20230713_I3B_09963.jpg
4051,C10,2025,7/11/25,7.0,7/11/25,20250711_C10_04051.jpg
9595,I3B,2023,7/12/23,6.5,7/13/23,20230713_I3B_09595.jpg
462,C7B,2025,6/30/25,6.5,7/1/25,20250701_C7B_00462.jpg
10756,I3B,2023,7/19/23,6.0,7/20/23,20230720_I3B_10756.jpg
11195,I3B,2023,7/19/23,5.0,7/20/23,20230720_I3B_11195.jpg
5072,C10,2025,7/20/25,2.0,7/21/25,20250721_C10_05072.jpg
237,C7B,2025,6/30/25,7.0,7/1/25,20250701_C7B_00237.jpg
47,C7B,2025,7/18/25,4.0,7/18/25,20250718_C7B_00047.jpg
4686,C10,2025,7/2/25,6.0,7/4/25,20250704_C10_04686.jpg
5388,C10,2025,7/2/25,7.0,7/4/25,20250704_C10_05388.jpg
5376,C10,2025,7/20/25,3.0,7/21/25,20250721_C10_05376.jpg
7433,G3,2023,7/20/23,6.5,7/20/23,20230720_G3_07433.jpg
6709,C10,2025,7/18/25,7.0,7/18/25,20250718_C10_06709.jpg
9912,I3B,2023,7/12/23,5.0,7/13/23,20230713_I3B_09912.jpg
656,C7B,2025,7/18/25,4.0,7/18/25,20250718_C7B_00656.jpg
1598,C7B,2025,7/10/25,5.0,7/10/25,20250710_C7B_01598.jpg
5218,C10,2025,7/20/25,2.0,7/21/25,20250721_C10_05218.jpg
3157,G3,2023,7/26/23,5.0,7/27/23,20230727_G3_03157.jpg
1036,C7B,2025,7/10/25,5.0,7/10/25,20250710_C7B_01036.jpg
1344,C7B,2025,7/10/25,4.0,7/10/25,20250710_C7B_01344.jpg
42,C7B,2025,7/11/25,4.5,7/10/25,20250710_C7B_00042.jpg
2742,C7B,2025,6/30/25,8.5,7/1/25,20250701_C7B_02742.jpg
4594,C10,2025,7/2/25,6.5,7/4/25,20250704_C10_04594.jpg
467,C7B,2025,6/30/25,6.5,7/1/25,20250701_C7B_00467.jpg
1844,C7B,2025,7/10/25,7.5,7/10/25,20250710_C7B_01844.jpg
4716,C10,2025,7/2/25,5.5,7/4/25,20250704_C10_04716.jpg
212,C7B,2025,6/30/25,6.0,7/1/25,20250701_C7B_00212.jpg
1174,C7B,2025,7/18/25,2.0,7/18/25,20250718_C7B_01174.jpg
11315,I3B,2023,7/19/23,6.0,7/20/23,20230720_I3B_11315.jpg
5946,C10,2025,7/11/25,5.0,7/11/25,20250711_C10_05946.jpg
11086,I3B,2023,7/12/23,6.0,7/13/23,20230713_I3B_11086.jpg
4279,C10,2025,7/19/25,4.0,7/18/25,20250718_C10_04279.jpg
6870,C10,2025,7/8/25,7.5,7/7/25,20250707_C10_06870.jpg
4575,C10,2025,7/20/25,3.0,7/21/25,20250721_C10_04575.jpg
5526,C10,2025,7/2/25,8.0,7/4/25,20250704_C10_05526.jpg
830,C7B,2025,7/1/25,5.5,7/1/25,20250701_C7B_00830.jpg
4816,C10,2025,7/11/25,4.0,7/11/25,20250711_C10_04816.jpg
613,C7B,2025,7/18/25,4.0,7/18/25,20250718_C7B_00613.jpg
418,C7B,2025,7/18/25,4.0,7/18/25,20250718_C7B_00418.jpg
5201,C10,2025,7/20/25,2.0,7/21/25,20250721_C10_05201.jpg
765,C7B,2025,7/18/25,2.0,7/18/25,20250718_C7B_00765.jpg
4348,C10,2025,6/30/25,5.5,6/28/25,20250628_C10_04348.jpg
1010,C7B,2025,7/18/25,1.5,7/18/25,20250718_C7B_01010.jpg
1482,C7B,2025,7/18/25,3.0,7/18/25,20250718_C7B_01482.jpg
11112,I3B,2023,7/12/23,6.5,7/13/23,20230713_I3B_11112.jpg
4006,C10,2025,7/7/25,5.5,7/7/25,20250707_C10_04006.jpg
2807,C7B,2025,7/8/25,6.5,7/7/25,20250707_C7B_02807.jpg
1796,C7B,2025,7/19/25,3.0,7/18/25,20250718_C7B_01796.jpg
1833,C7B,2025,7/10/25,5.0,7/10/25,20250710_C7B_01833.jpg
4733,C10,2025,7/11/25,6.0,7/11/25,20250711_C10_04733.jpg
5226,C10,2025,7/2/25,5.5,7/4/25,20250704_C10_05226.jpg
5314,C10,2025,7/20/25,2.0,7/21/25,20250721_C10_05314.jpg
1071,C7B,2025,7/18/25,3.0,7/18/25,20250718_C7B_01071.jpg
5527,C10,2025,7/2/25,6.5,7/4/25,20250704_C10_05527.jpg
1532,C7B,2025,7/10/25,5.0,7/10/25,20250710_C7B_01532.jpg
4250,C10,2025,7/7/25,5.0,7/7/25,20250707_C10_04250.jpg
970,C7B,2025,7/10/25,4.5,7/10/25,20250710_C7B_00970.jpg
7205,G3,2023,7/19/23,7.0,7/20/23,20230720_G3_07205.jpg
6761,C10,2025,7/14/25,8.0,7/14/25,20250714_C10_06761.jpg
6700,C10,2025,7/3/25,7.5,7/4/25,20250704_C10_06700.jpg
2783,C7B,2025,7/8/25,7.5,7/7/25,20250707_C7B_02783.jpg
4314,C10,2025,7/19/25,1.5,7/18/25,20250718_C10_04314.jpg
5551,C10,2025,7/20/25,3.0,7/21/25,20250721_C10_05551.jpg
1342,C7B,2025,7/18/25,2.0,7/18/25,20250718_C7B_01342.jpg
5460,C10,2025,7/20/25,2.0,7/21/25,20250721_C10_05460.jpg
1783,C7B,2025,7/1/25,5.5,7/1/25,20250701_C7B_01783.jpg
4414,C10,2025,6/30/25,6.0,6/28/25,20250628_C10_04414.jpg
4260,C10,2025,6/30/25,6.0,6/28/25,20250628_C10_04260.jpg
11164,I3B,2023,7/12/23,6.5,7/13/23,20230713_I3B_11164.jpg
1009,C7B,2025,7/10/25,7.5,7/10/25,20250710_C7B_01009.jpg
1401,C7B,2025,7/10/25,7.0,7/10/25,20250710_C7B_01401.jpg
4879,C10,2025,7/2/25,5.5,7/4/25,20250704_C10_04879.jpg
115,C7B,2025,7/4/25,6.0,7/4/25,20250704_C7B_00115.jpg
737,C7B,2025,6/30/25,7.5,7/1/25,20250701_C7B_00737.jpg
6800,C10,2025,6/30/25,8.0,6/28/25,20250628_C10_06800.jpg
225,C7B,2025,7/18/25,1.5,7/18/25,20250718_C7B_00225.jpg
5374,C10,2025,7/20/25,2.0,7/21/25,20250721_C10_05374.jpg
5978,C10,2025,7/2/25,7.5,7/4/25,20250704_C10_05978.jpg
6014,C10,2025,7/8/25,3.5,7/7/25,20250707_C10_06014.jpg
9820,I3B,2023,7/12/23,6.5,7/13/23,20230713_I3B_09820.jpg
2677,C7B,2025,7/8/25,7.5,7/7/25,20250707_C7B_02677.jpg
4886,C10,2025,7/11/25,4.0,7/11/25,20250711_C10_04886.jpg
5284,C10,2025,7/20/25,3.0,7/21/25,20250721_C10_05284.jpg
4454,C10,2025,7/11/25,3.0,7/11/25,20250711_C10_04454.jpg
9906,I3B,2023,7/12/23,5.5,7/13/23,20230713_I3B_09906.jpg
558,C7B,2025,7/10/25,6.0,7/10/25,20250710_C7B_00558.jpg
6814,C10,2025,7/14/25,7.5,7/14/25,20250714_C10_06814.jpg
7485,G3,2023,7/20/23,5.0,7/20/23,20230720_G3_07485.jpg
5022,C10,2025,7/11/25,5.0,7/11/25,20250711_C10_05022.jpg
5488,C10,2025,7/2/25,5.0,7/4/25,20250704_C10_05488.jpg
5271,C10,2025,7/11/25,4.0,7/11/25,20250711_C10_05271.jpg
1961,C7B,2025,7/1/25,7.5,7/1/25,20250701_C7B_01961.jpg
2832,C7B,2025,6/30/25,8.5,7/1/25,20250701_C7B_02832.jpg
1646,C7B,2025,7/1/25,7.0,7/1/25,20250701_C7B_01646.jpg
5927,C10,2025,7/11/25,4.0,7/11/25,20250711_C10_05927.jpg
5070,C10,2025,7/20/25,2.0,7/21/25,20250721_C10_05070.jpg
1746,C7B,2025,7/7/25,7.0,7/7/25,20250707_C7B_01746.jpg
4470,C10,2025,7/2/25,6.5,7/4/25,20250704_C10_04470.jpg
5848,C10,2025,7/19/25,4.0,7/18/25,20250718_C10_05848.jpg
4091,C10,2025,6/30/25,5.5,6/28/25,20250628_C10_04091.jpg
5846,C10,2025,7/1/25,7.5,6/28/25,20250628_C10_05846.jpg
1224,C7B,2025,7/18/25,2.5,7/18/25,20250718_C7B_01224.jpg
4601,C10,2025,7/2/25,5.0,7/4/25,20250704_C10_04601.jpg
7402,G3,2023,7/26/23,5.0,7/27/23,20230727_G3_07402.jpg
5203,C10,2025,7/20/25,2.0,7/21/25,20250721_C10_05203.jpg
4182,C10,2025,6/30/25,7.5,6/28/25,20250628_C10_04182.jpg
2824,C7B,2025,7/13/25,5.5,7/12/25,20250712_C7B_02824.jpg
7231,G3,2023,7/26/23,3.0,7/27/23,20230727_G3_07231.jpg
1135,C7B,2025,7/1/25,7.5,7/1/25,20250701_C7B_01135.jpg
2029,C7B,2025,7/10/25,5.0,7/10/25,20250710_C7B_02029.jpg
9661,I3B,2023,7/12/23,4.5,7/13/23,20230713_I3B_09661.jpg
409,C7B,2025,6/30/25,5.0,7/1/25,20250701_C7B_00409.jpg
1287,C7B,2025,7/18/25,2.5,7/18/25,20250718_C7B_01287.jpg
1172,C7B,2025,7/10/25,5.0,7/10/25,20250710_C7B_01172.jpg
456,C7B,2025,7/10/25,5.0,7/10/25,20250710_C7B_00456.jpg
7218,G3,2023,7/26/23,6.0,7/27/23,20230727_G3_07218.jpg
4549,C10,2025,7/20/25,3.0,7/21/25,20250721_C10_04549.jpg
1113,C7B,2025,7/10/25,5.5,7/10/25,20250710_C7B_01113.jpg
4744,C10,2025,7/20/25,4.0,7/21/25,20250721_C10_04744.jpg
1182,C7B,2025,7/18/25,1.5,7/18/25,20250718_C7B_01182.jpg
1565,C7B,2025,7/18/25,5.0,7/18/25,20250718_C7B_01565.jpg
7277,G3,2023,7/26/23,6.0,7/27/23,20230727_G3_07277.jpg
361,C7B,2025,7/10/25,4.0,7/10/25,20250710_C7B_00361.jpg
577,C7B,2025,7/18/25,3.0,7/18/25,20250718_C7B_00577.jpg
1310,C7B,2025,7/10/25,5.0,7/10/25,20250710_C7B_01310.jpg
1582,C7B,2025,7/18/25,3.0,7/18/25,20250718_C7B_01582.jpg
7281,G3,2023,7/20/23,7.0,7/20/23,20230720_G3_07281.jpg
3101,G3,2023,7/26/23,8.0,7/27/23,20230727_G3_03101.jpg
11333,I3B,2023,7/19/23,5.5,7/20/23,20230720_I3B_11333.jpg
5362,C10,2025,7/2/25,5.5,7/4/25,20250704_C10_05362.jpg
373,C7B,2025,7/18/25,3.0,7/18/25,20250718_C7B_00373.jpg
2789,C7B,2025,7/18/25,6.5,7/18/25,20250718_C7B_02789.jpg
5418,C10,2025,7/20/25,3.5,7/21/25,20250721_C10_05418.jpg
4940,C10,2025,7/11/25,4.5,7/11/25,20250711_C10_04940.jpg
5812,C10,2025,7/1/25,7.0,6/28/25,20250628_C10_05812.jpg
1151,C7B,2025,7/1/25,7.0,7/1/25,20250701_C7B_01151.jpg
5316,C10,2025,7/11/25,5.0,7/11/25,20250711_C10_05316.jpg
1117,C7B,2025,7/18/25,1.5,7/18/25,20250718_C7B_01117.jpg
2019,C7B,2025,7/19/25,4.0,7/18/25,20250718_C7B_02019.jpg
10876,I3B,2023,7/19/23,5.0,7/20/23,20230720_I3B_10876.jpg
4902,C10,2025,7/2/25,6.0,7/4/25,20250704_C10_04902.jpg
5110,C10,2025,7/20/25,3.5,7/21/25,20250721_C10_05110.jpg
139,C7B,2025,7/4/25,8.0,7/4/25,20250704_C7B_00139.jpg
7275,G3,2023,7/20/23,7.0,7/20/23,20230720_G3_07275.jpg
5558,C10,2025,7/11/25,4.0,7/11/25,20250711_C10_05558.jpg
1416,C7B,2025,7/1/25,8.0,7/1/25,20250701_C7B_01416.jpg
795,C7B,2025,7/18/25,4.0,7/18/25,20250718_C7B_00795.jpg
496,C7B,2025,6/30/25,7.5,7/1/25,20250701_C7B_00496.jpg
5244,C10,2025,7/11/25,6.0,7/11/25,20250711_C10_05244.jpg
1594,C7B,2025,7/18/25,2.0,7/18/25,20250718_C7B_01594.jpg
726,C7B,2025,7/18/25,3.0,7/18/25,20250718_C7B_00726.jpg
7502,G3,2023,7/26/23,8.0,7/27/23,20230727_G3_07502.jpg
5550,C10,2025,7/2/25,5.5,7/4/25,20250704_C10_05550.jpg
4,C7B,2025,6/30/25,7.5,7/1/25,20250701_C7B_00004.jpg
6704,C10,2025,7/3/25,7.0,7/4/25,20250704_C10_06704.jpg
75,C7B,2025,7/18/25,4.0,7/18/25,20250718_C7B_00075.jpg
7422,G3,2023,7/26/23,6.0,7/27/23,20230727_G3_07422.jpg
4021,C10,2025,7/7/25,7.0,7/7/25,20250707_C10_04021.jpg
5612,C10,2025,7/20/25,2.0,7/21/25,20250721_C10_05612.jpg
5211,C10,2025,7/11/25,3.0,7/11/25,20250711_C10_05211.jpg
5763,C10,2025,7/8/25,4.5,7/7/25,20250707_C10_05763.jpg
378,C7B,2025,7/18/25,3.5,7/18/25,20250718_C7B_00378.jpg
5727,C10,2025,7/19/25,3.5,7/18/25,20250718_C10_05727.jpg
9614,I3B,2023,7/12/23,6.5,7/13/23,20230713_I3B_09614.jpg
5929,C10,2025,7/19/25,3.0,7/18/25,20250718_C10_05929.jpg
7316,G3,2023,7/26/23,4.0,7/27/23,20230727_G3_07316.jpg
6772,C10,2025,7/18/25,8.0,7/18/25,20250718_C10_06772.jpg
5480,C10,2025,7/11/25,5.0,7/11/25,20250711_C10_05480.jpg
5977,C10,2025,7/19/25,2.0,7/18/25,20250718_C10_05977.jpg
1085,C7B,2025,7/1/25,6.0,7/1/25,20250701_C7B_01085.jpg
291,C7B,2025,7/4/25,7.5,7/4/25,20250704_C7B_00291.jpg
2638,C7B,2025,7/18/25,8.0,7/18/25,20250718_C7B_02638.jpg
7252,G3,2023,7/19/23,8.0,7/20/23,20230720_G3_07252.jpg
7474,G3,2023,7/20/23,7.5,7/20/23,20230720_G3_07474.jpg
311,C7B,2025,7/10/25,4.0,7/10/25,20250710_C7B_00311.jpg
123,C7B,2025,7/4/25,5.0,7/4/25,20250704_C7B_00123.jpg
5746,C10,2025,7/11/25,3.0,7/11/25,20250711_C10_05746.jpg
355,C7B,2025,7/18/25,3.0,7/18/25,20250718_C7B_00355.jpg
6773,C10,2025,6/30/25,8.0,6/28/25,20250628_C10_06773.jpg
4532,C10,2025,7/2/25,7.0,7/4/25,20250704_C10_04532.jpg
1700,C7B,2025,7/19/25,3.0,7/18/25,20250718_C7B_01700.jpg
8141,G3,2023,7/26/23,4.0,7/27/23,20230727_G3_08141.jpg
76,C7B,2025,6/30/25,7.0,7/1/25,20250701_C7B_00076.jpg
1214,C7B,2025,7/18/25,2.0,7/18/25,20250718_C7B_01214.jpg
1939,C7B,2025,7/1/25,8.0,7/1/25,20250701_C7B_01939.jpg
1818,C7B,2025,7/1/25,6.0,7/1/25,20250701_C7B_01818.jpg
378,C7B,2025,7/10/25,6.0,7/10/25,20250710_C7B_00378.jpg
5370,C10,2025,7/2/25,6.0,7/4/25,20250704_C10_05370.jpg
3097,G3,2023,7/26/23,6.5,7/27/23,20230727_G3_03097.jpg
7415,G3,2023,7/20/23,8.0,7/20/23,20230720_G3_07415.jpg
6730,C10,2025,7/8/25,7.5,7/7/25,20250707_C10_06730.jpg
1043,C7B,2025,7/18/25,6.5,7/18/25,20250718_C7B_01043.jpg
4245,C10,2025,7/11/25,4.0,7/11/25,20250711_C10_04245.jpg
4979,C10,2025,7/2/25,5.5,7/4/25,20250704_C10_04979.jpg
1140,C7B,2025,7/1/25,7.0,7/1/25,20250701_C7B_01140.jpg
1192,C7B,2025,7/1/25,7.5,7/1/25,20250701_C7B_01192.jpg
3131,G3,2023,7/19/23,7.5,7/20/23,20230720_G3_03131.jpg
4468,C10,2025,7/11/25,4.0,7/11/25,20250711_C10_04468.jpg
1981,C7B,2025,7/7/25,4.5,7/7/25,20250707_C7B_01981.jpg
4471,C10,2025,7/20/25,2.0,7/21/25,20250721_C10_04471.jpg
6844,C10,2025,7/14/25,8.0,7/14/25,20250714_C10_06844.jpg
1312,C7B,2025,7/18/25,3.5,7/18/25,20250718_C7B_01312.jpg
5660,C10,2025,7/8/25,4.5,7/7/25,20250707_C10_05660.jpg
4881,C10,2025,7/20/25,2.0,7/21/25,20250721_C10_04881.jpg
872,C7B,2025,7/10/25,6.0,7/10/25,20250710_C7B_00872.jpg
3042,G3,2023,7/26/23,8.0,7/27/23,20230727_G3_03042.jpg
8130,G3,2023,7/26/23,5.5,7/27/23,20230727_G3_08130.jpg
5440,C10,2025,7/11/25,5.0,7/11/25,20250711_C10_05440.jpg
4416,C10,2025,6/30/25,6.0,6/28/25,20250628_C10_04416.jpg
5427,C10,2025,7/2/25,7.0,7/4/25,20250704_C10_05427.jpg
11055,I3B,2023,7/12/23,7.0,7/13/23,20230713_I3B_11055.jpg
4361,C10,2025,7/19/25,2.5,7/18/25,20250718_C10_04361.jpg
493,C7B,2025,7/10/25,4.5,7/10/25,20250710_C7B_00493.jpg
4362,C10,2025,7/19/25,2.0,7/18/25,20250718_C10_04362.jpg
8002,G3,2023,7/26/23,2.0,7/27/23,20230727_G3_08002.jpg
5750,C10,2025,7/19/25,3.0,7/18/25,20250718_C10_05750.jpg
1431,C7B,2025,7/10/25,3.0,7/10/25,20250710_C7B_01431.jpg
4768,C10,2025,7/2/25,6.0,7/4/25,20250704_C10_04768.jpg
459,C7B,2025,7/10/25,5.5,7/10/25,20250710_C7B_00459.jpg
1648,C7B,2025,7/18/25,2.5,7/18/25,20250718_C7B_01648.jpg
1373,C7B,2025,7/18/25,6.0,7/18/25,20250718_C7B_01373.jpg
1270,C7B,2025,7/10/25,3.0,7/10/25,20250710_C7B_01270.jpg
7307,G3,2023,7/20/23,7.0,7/20/23,20230720_G3_07307.jpg
9797,I3B,2023,7/12/23,5.5,7/13/23,20230713_I3B_09797.jpg
1715,C7B,2025,7/7/25,5.0,7/7/25,20250707_C7B_01715.jpg
1246,C7B,2025,7/1/25,6.5,7/1/25,20250701_C7B_01246.jpg
7224,G3,2023,7/19/23,5.5,7/20/23,20230720_G3_07224.jpg
5955,C10,2025,7/19/25,3.0,7/18/25,20250718_C10_05955.jpg
392,C7B,2025,7/18/25,2.0,7/18/25,20250718_C7B_00392.jpg
4120,C10,2025,7/11/25,5.0,7/11/25,20250711_C10_04120.jpg
5336,C10,2025,7/2/25,6.5,7/4/25,20250704_C10_05336.jpg
2870,C7B,2025,7/13/25,7.0,7/12/25,20250712_C7B_02870.jpg
4691,C10,2025,7/2/25,7.0,7/4/25,20250704_C10_04691.jpg
1125,C7B,2025,7/1/25,6.0,7/1/25,20250701_C7B_01125.jpg
4048,C10,2025,6/30/25,8.0,6/28/25,20250628_C10_04048.jpg
1709,C7B,2025,7/10/25,7.5,7/10/25,20250710_C7B_01709.jpg
4145,C10,2025,6/30/25,7.5,6/28/25,20250628_C10_04145.jpg
1623,C7B,2025,7/18/25,3.0,7/18/25,20250718_C7B_01623.jpg
5602,C10,2025,7/2/25,6.5,7/4/25,20250704_C10_05602.jpg
262,C7B,2025,7/18/25,2.0,7/18/25,20250718_C7B_00262.jpg
1885,C7B,2025,7/7/25,5.0,7/7/25,20250707_C7B_01885.jpg
4599,C10,2025,7/11/25,5.0,7/11/25,20250711_C10_04599.jpg
2038,C7B,2025,7/19/25,2.5,7/18/25,20250718_C7B_02038.jpg
105,C7B,2025,7/4/25,6.5,7/4/25,20250704_C7B_00105.jpg
4066,C10,2025,7/11/25,5.0,7/11/25,20250711_C10_04066.jpg
4416,C10,2025,7/19/25,2.0,7/18/25,20250718_C10_04416.jpg
124,C7B,2025,7/4/25,6.5,7/4/25,20250704_C7B_00124.jpg
4735,C10,2025,7/20/25,3.0,7/21/25,20250721_C10_04735.jpg
3100,G3,2023,7/19/23,7.5,7/20/23,20230720_G3_03100.jpg
5901,C10,2025,7/11/25,7.5,7/11/25,20250711_C10_05901.jpg
11241,I3B,2023,7/19/23,5.0,7/20/23,20230720_I3B_11241.jpg
5720,C10,2025,7/19/25,3.0,7/18/25,20250718_C10_05720.jpg
7381,G3,2023,7/26/23,8.0,7/27/23,20230727_G3_07381.jpg
2808,C7B,2025,7/8/25,7.5,7/7/25,20250707_C7B_02808.jpg
1443,C7B,2025,7/18/25,6.0,7/18/25,20250718_C7B_01443.jpg
1488,C7B,2025,7/1/25,5.5,7/1/25,20250701_C7B_01488.jpg
238,C7B,2025,7/18/25,4.0,7/18/25,20250718_C7B_00238.jpg
1563,C7B,2025,7/18/25,2.0,7/18/25,20250718_C7B_01563.jpg
287,C7B,2025,7/10/25,7.5,7/10/25,20250710_C7B_00287.jpg
2717,C7B,2025,7/13/25,8.0,7/12/25,20250712_C7B_02717.jpg
2048,C7B,2025,7/7/25,7.0,7/7/25,20250707_C7B_02048.jpg
103,C7B,2025,6/30/25,7.0,7/1/25,20250701_C7B_00103.jpg
501,C7B,2025,6/30/25,7.0,7/1/25,20250701_C7B_00501.jpg
1874,C7B,2025,7/10/25,4.5,7/10/25,20250710_C7B_01874.jpg
945,C7B,2025,7/1/25,7.5,7/1/25,20250701_C7B_00945.jpg
1620,C7B,2025,7/1/25,5.5,7/1/25,20250701_C7B_01620.jpg
5777,C10,2025,7/19/25,3.0,7/18/25,20250718_C10_05777.jpg
5798,C10,2025,7/19/25,4.0,7/18/25,20250718_C10_05798.jpg
274,C7B,2025,7/10/25,5.0,7/10/25,20250710_C7B_00274.jpg
236,C7B,2025,7/10/25,6.0,7/10/25,20250710_C7B_00236.jpg
5217,C10,2025,7/2/25,6.0,7/4/25,20250704_C10_05217.jpg
204,C7B,2025,6/30/25,6.0,7/1/25,20250701_C7B_00204.jpg
1494,C7B,2025,7/18/25,2.5,7/18/25,20250718_C7B_01494.jpg
5197,C10,2025,7/11/25,5.0,7/11/25,20250711_C10_05197.jpg
3024,G3,2023,7/19/23,8.0,7/20/23,20230720_G3_03024.jpg
2723,C7B,2025,7/18/25,8.0,7/18/25,20250718_C7B_02723.jpg
6011,C10,2025,7/19/25,1.0,7/18/25,20250718_C10_06011.jpg
2750,C7B,2025,7/18/25,7.0,7/18/25,20250718_C7B_02750.jpg
5805,C10,2025,7/19/25,1.5,7/18/25,20250718_C10_05805.jpg
1560,C7B,2025,7/1/25,5.5,7/1/25,20250701_C7B_01560.jpg
5354,C10,2025,7/11/25,4.0,7/11/25,20250711_C10_05354.jpg
6856,C10,2025,6/30/25,8.0,6/28/25,20250628_C10_06856.jpg
8103,G3,2023,7/26/23,5.0,7/27/23,20230727_G3_08103.jpg
6858,C10,2025,7/8/25,7.5,7/7/25,20250707_C10_06858.jpg
5232,C10,2025,7/11/25,5.5,7/11/25,20250711_C10_05232.jpg
2766,C7B,2025,6/30/25,8.0,7/1/25,20250701_C7B_02766.jpg
1818,C7B,2025,7/7/25,5.5,7/7/25,20250707_C7B_01818.jpg
8052,G3,2023,7/19/23,8.0,7/20/23,20230720_G3_08052.jpg
5070,C10,2025,7/11/25,5.0,7/11/25,20250711_C10_05070.jpg
1111,C7B,2025,7/1/25,7.0,7/1/25,20250701_C7B_01111.jpg
4389,C10,2025,7/19/25,3.0,7/18/25,20250718_C10_04389.jpg
4263,C10,2025,7/19/25,2.0,7/18/25,20250718_C10_04263.jpg
5411,C10,2025,7/11/25,3.5,7/11/25,20250711_C10_05411.jpg
11028,I3B,2023,7/12/23,7.0,7/13/23,20230713_I3B_11028.jpg
1175,C7B,2025,7/10/25,5.0,7/10/25,20250710_C7B_01175.jpg
1646,C7B,2025,7/10/25,5.5,7/10/25,20250710_C7B_01646.jpg
1147,C7B,2025,7/18/25,5.0,7/18/25,20250718_C7B_01147.jpg
1051,C7B,2025,7/1/25,7.5,7/1/25,20250701_C7B_01051.jpg
5074,C10,2025,7/2/25,6.0,7/4/25,20250704_C10_05074.jpg
448,C7B,2025,7/4/25,5.5,7/4/25,20250704_C7B_00448.jpg
9916,I3B,2023,7/12/23,4.5,7/13/23,20230713_I3B_09916.jpg
406,C7B,2025,7/10/25,5.0,7/10/25,20250710_C7B_00406.jpg
1422,C7B,2025,7/1/25,8.0,7/1/25,20250701_C7B_01422.jpg
5448,C10,2025,7/11/25,5.0,7/11/25,20250711_C10_05448.jpg
1483,C7B,2025,7/1/25,6.5,7/1/25,20250701_C7B_01483.jpg
3157,G3,2023,7/19/23,6.5,7/20/23,20230720_G3_03157.jpg
1387,C7B,2025,7/1/25,6.0,7/1/25,20250701_C7B_01387.jpg
188,C7B,2025,7/4/25,7.0,7/4/25,20250704_C7B_00188.jpg
10344,I3B,2023,7/25/23,5.5,7/27/23,20230727_I3B_10344.jpg
3076,G3,2023,7/19/23,8.5,7/20/23,20230720_G3_03076.jpg
5555,C10,2025,7/2/25,5.5,7/4/25,20250704_C10_05555.jpg
816,C7B,2025,7/18/25,2.0,7/18/25,20250718_C7B_00816.jpg
5922,C10,2025,7/19/25,4.0,7/18/25,20250718_C10_05922.jpg
6755,C10,2025,6/30/25,8.0,6/28/25,20250628_C10_06755.jpg
4309,C10,2025,7/19/25,4.0,7/18/25,20250718_C10_04309.jpg
11254,I3B,2023,7/19/23,6.0,7/20/23,20230720_I3B_11254.jpg
238,C7B,2025,6/30/25,7.0,7/1/25,20250701_C7B_00238.jpg
6845,C10,2025,7/18/25,6.5,7/18/25,20250718_C10_06845.jpg
4354,C10,2025,6/30/25,7.5,6/28/25,20250628_C10_04354.jpg
4639,C10,2025,7/11/25,6.0,7/11/25,20250711_C10_04639.jpg
1768,C7B,2025,7/19/25,4.0,7/18/25,20250718_C7B_01768.jpg
5888,C10,2025,7/1/25,6.0,6/28/25,20250628_C10_05888.jpg
11344,I3B,2023,7/19/23,7.5,7/20/23,20230720_I3B_11344.jpg
5961,C10,2025,7/11/25,4.0,7/11/25,20250711_C10_05961.jpg
5812,C10,2025,7/8/25,6.0,7/7/25,20250707_C10_05812.jpg
507,C7B,2025,6/30/25,7.0,7/1/25,20250701_C7B_00507.jpg
657,C7B,2025,6/30/25,7.0,7/1/25,20250701_C7B_00657.jpg
697,C7B,2025,7/18/25,3.0,7/18/25,20250718_C7B_00697.jpg
4644,C10,2025,7/11/25,4.0,7/11/25,20250711_C10_04644.jpg
6714,C10,2025,7/3/25,7.5,7/4/25,20250704_C10_06714.jpg
2724,C7B,2025,7/18/25,8.0,7/18/25,20250718_C7B_02724.jpg
9771,I3B,2023,7/12/23,6.0,7/13/23,20230713_I3B_09771.jpg
5107,C10,2025,7/11/25,4.0,7/11/25,20250711_C10_05107.jpg
4919,C10,2025,7/2/25,6.0,7/4/25,20250704_C10_04919.jpg
52,C7B,2025,7/11/25,5.0,7/10/25,20250710_C7B_00052.jpg
6717,C10,2025,7/18/25,6.5,7/18/25,20250718_C10_06717.jpg
2810,C7B,2025,7/13/25,8.0,7/12/25,20250712_C7B_02810.jpg
4089,C10,2025,7/11/25,4.0,7/11/25,20250711_C10_04089.jpg
11238,I3B,2023,7/19/23,5.0,7/20/23,20230720_I3B_11238.jpg
1795,C7B,2025,7/19/25,2.0,7/18/25,20250718_C7B_01795.jpg
284,C7B,2025,7/10/25,5.0,7/10/25,20250710_C7B_00284.jpg
5243,C10,2025,7/2/25,6.5,7/4/25,20250704_C10_05243.jpg
6729,C10,2025,7/8/25,7.5,7/7/25,20250707_C10_06729.jpg
976,C7B,2025,7/18/25,3.0,7/18/25,20250718_C7B_00976.jpg
4194,C10,2025,7/19/25,2.0,7/18/25,20250718_C10_04194.jpg
5330,C10,2025,7/20/25,2.0,7/21/25,20250721_C10_05330.jpg
4380,C10,2025,6/30/25,5.5,6/28/25,20250628_C10_04380.jpg
4346,C10,2025,7/7/25,7.0,7/7/25,20250707_C10_04346.jpg
7314,G3,2023,7/20/23,7.5,7/20/23,20230720_G3_07314.jpg
1187,C7B,2025,7/1/25,5.0,7/1/25,20250701_C7B_01187.jpg
4370,C10,2025,6/30/25,7.0,6/28/25,20250628_C10_04370.jpg
9843,I3B,2023,7/12/23,5.0,7/13/23,20230713_I3B_09843.jpg
2803,C7B,2025,7/13/25,7.5,7/12/25,20250712_C7B_02803.jpg
239,C7B,2025,7/18/25,5.0,7/18/25,20250718_C7B_00239.jpg
5206,C10,2025,7/20/25,2.5,7/21/25,20250721_C10_05206.jpg
10753,I3B,2023,7/19/23,5.5,7/20/23,20230720_I3B_10753.jpg
4407,C10,2025,6/30/25,7.0,6/28/25,20250628_C10_04407.jpg
5243,C10,2025,7/20/25,2.0,7/21/25,20250721_C10_05243.jpg
5382,C10,2025,7/11/25,5.0,7/11/25,20250711_C10_05382.jpg
4068,C10,2025,7/7/25,7.0,7/7/25,20250707_C10_04068.jpg
4291,C10,2025,7/11/25,6.0,7/11/25,20250711_C10_04291.jpg
351,C7B,2025,7/4/25,6.5,7/4/25,20250704_C7B_00351.jpg
1682,C7B,2025,7/7/25,7.5,7/7/25,20250707_C7B_01682.jpg
4488,C10,2025,7/20/25,3.0,7/21/25,20250721_C10_04488.jpg
1312,C7B,2025,7/1/25,7.5,7/1/25,20250701_C7B_01312.jpg
660,C7B,2025,7/18/25,5.0,7/18/25,20250718_C7B_00660.jpg
6854,C10,2025,6/30/25,8.0,6/28/25,20250628_C10_06854.jpg
722,C7B,2025,6/30/25,7.0,7/1/25,20250701_C7B_00722.jpg
4095,C10,2025,6/30/25,6.0,6/28/25,20250628_C10_04095.jpg
4079,C10,2025,7/7/25,8.0,7/7/25,20250707_C10_04079.jpg
710,C7B,2025,7/10/25,7.5,7/10/25,20250710_C7B_00710.jpg
779,C7B,2025,7/10/25,4.0,7/10/25,20250710_C7B_00779.jpg
3084,G3,2023,7/19/23,8.0,7/20/23,20230720_G3_03084.jpg
4072,C10,2025,7/19/25,6.0,7/18/25,20250718_C10_04072.jpg
6768,C10,2025,6/30/25,8.0,6/28/25,20250628_C10_06768.jpg
5268,C10,2025,7/2/25,6.0,7/4/25,20250704_C10_05268.jpg
347,C7B,2025,7/4/25,7.0,7/4/25,20250704_C7B_00347.jpg
4772,C10,2025,7/20/25,4.0,7/21/25,20250721_C10_04772.jpg
2706,C7B,2025,7/13/25,7.5,7/12/25,20250712_C7B_02706.jpg
10015,I3B,2023,7/12/23,4.5,7/13/23,20230713_I3B_10015.jpg
588,C7B,2025,6/30/25,7.0,7/1/25,20250701_C7B_00588.jpg
5810,C10,2025,7/19/25,3.0,7/18/25,20250718_C10_05810.jpg
7450,G3,2023,7/26/23,6.0,7/27/23,20230727_G3_07450.jpg
7515,G3,2023,7/20/23,8.0,7/20/23,20230720_G3_07515.jpg
1078,C7B,2025,7/18/25,3.0,7/18/25,20250718_C7B_01078.jpg
1772,C7B,2025,7/1/25,6.5,7/1/25,20250701_C7B_01772.jpg
10004,I3B,2023,7/12/23,4.0,7/13/23,20230713_I3B_10004.jpg
6865,C10,2025,6/30/25,8.5,6/28/25,20250628_C10_06865.jpg
5760,C10,2025,7/1/25,5.5,6/28/25,20250628_C10_05760.jpg
5903,C10,2025,7/8/25,5.0,7/7/25,20250707_C10_05903.jpg
942,C7B,2025,7/10/25,6.5,7/10/25,20250710_C7B_00942.jpg
158,C7B,2025,7/10/25,4.0,7/10/25,20250710_C7B_00158.jpg
3113,G3,2023,7/19/23,5.0,7/20/23,20230720_G3_03113.jpg
2878,C7B,2025,7/13/25,7.5,7/12/25,20250712_C7B_02878.jpg
10241,I3B,2023,7/25/23,5.0,7/27/23,20230727_I3B_10241.jpg
973,C7B,2025,7/18/25,3.0,7/18/25,20250718_C7B_00973.jpg
4672,C10,2025,7/20/25,4.0,7/21/25,20250721_C10_04672.jpg
5831,C10,2025,7/19/25,2.0,7/18/25,20250718_C10_05831.jpg
2682,C7B,2025,7/8/25,7.5,7/7/25,20250707_C7B_02682.jpg
1305,C7B,2025,7/10/25,4.0,7/10/25,20250710_C7B_01305.jpg
1466,C7B,2025,7/1/25,8.0,7/1/25,20250701_C7B_01466.jpg
4400,C10,2025,7/11/25,5.0,7/11/25,20250711_C10_04400.jpg
1752,C7B,2025,7/1/25,7.0,7/1/25,20250701_C7B_01752.jpg
396,C7B,2025,7/18/25,3.0,7/18/25,20250718_C7B_00396.jpg
8146,G3,2023,7/26/23,7.5,7/27/23,20230727_G3_08146.jpg
69,C7B,2025,6/30/25,6.0,7/1/25,20250701_C7B_00069.jpg
11150,I3B,2023,7/12/23,6.0,7/13/23,20230713_I3B_11150.jpg
6717,C10,2025,7/8/25,7.5,7/7/25,20250707_C10_06717.jpg
6817,C10,2025,6/30/25,8.0,6/28/25,20250628_C10_06817.jpg
4213,C10,2025,7/11/25,5.0,7/11/25,20250711_C10_04213.jpg
2772,C7B,2025,6/30/25,8.0,7/1/25,20250701_C7B_02772.jpg
1218,C7B,2025,7/18/25,1.5,7/18/25,20250718_C7B_01218.jpg
4211,C10,2025,7/19/25,2.0,7/18/25,20250718_C10_04211.jpg
6783,C10,2025,7/3/25,8.0,7/4/25,20250704_C10_06783.jpg
5846,C10,2025,7/19/25,4.0,7/18/25,20250718_C10_05846.jpg
1952,C7B,2025,7/1/25,7.5,7/1/25,20250701_C7B_01952.jpg
5091,C10,2025,7/11/25,7.0,7/11/25,20250711_C10_05091.jpg
4472,C10,2025,7/2/25,6.5,7/4/25,20250704_C10_04472.jpg
1890,C7B,2025,7/19/25,5.0,7/18/25,20250718_C7B_01890.jpg
2042,C7B,2025,7/1/25,5.5,7/1/25,20250701_C7B_02042.jpg
1294,C7B,2025,7/18/25,2.0,7/18/25,20250718_C7B_01294.jpg
7363,G3,2023,7/26/23,7.5,7/27/23,20230727_G3_07363.jpg
6720,C10,2025,7/3/25,8.0,7/4/25,20250704_C10_06720.jpg
8106,G3,2023,7/26/23,4.5,7/27/23,20230727_G3_08106.jpg
7491,G3,2023,7/26/23,8.0,7/27/23,20230727_G3_07491.jpg
4488,C10,2025,7/11/25,5.0,7/11/25,20250711_C10_04488.jpg
1496,C7B,2025,7/10/25,5.0,7/10/25,20250710_C7B_01496.jpg
986,C7B,2025,7/10/25,6.0,7/10/25,20250710_C7B_00986.jpg
1867,C7B,2025,7/10/25,5.5,7/10/25,20250710_C7B_01867.jpg
2689,C7B,2025,7/8/25,8.0,7/7/25,20250707_C7B_02689.jpg
1865,C7B,2025,7/7/25,5.5,7/7/25,20250707_C7B_01865.jpg
672,C7B,2025,6/30/25,7.0,7/1/25,20250701_C7B_00672.jpg
494,C7B,2025,7/18/25,2.5,7/18/25,20250718_C7B_00494.jpg
1709,C7B,2025,7/7/25,7.0,7/7/25,20250707_C7B_01709.jpg
11145,I3B,2023,7/12/23,7.5,7/13/23,20230713_I3B_11145.jpg
5032,C10,2025,7/20/25,2.0,7/21/25,20250721_C10_05032.jpg
5163,C10,2025,7/20/25,1.0,7/21/25,20250721_C10_05163.jpg
5267,C10,2025,7/11/25,4.0,7/11/25,20250711_C10_05267.jpg
4055,C10,2025,7/11/25,7.5,7/11/25,20250711_C10_04055.jpg
481,C7B,2025,7/10/25,4.0,7/10/25,20250710_C7B_00481.jpg
4961,C10,2025,7/2/25,7.5,7/4/25,20250704_C10_04961.jpg
7,C7B,2025,7/18/25,6.0,7/18/25,20250718_C7B_00007.jpg
375,C7B,2025,6/30/25,6.0,7/1/25,20250701_C7B_00375.jpg
560,C7B,2025,6/30/25,6.5,7/1/25,20250701_C7B_00560.jpg
51,C7B,2025,7/4/25,7.5,7/4/25,20250704_C7B_00051.jpg
1023,C7B,2025,7/10/25,6.5,7/10/25,20250710_C7B_01023.jpg
917,C7B,2025,7/1/25,6.0,7/1/25,20250701_C7B_00917.jpg
1254,C7B,2025,7/10/25,4.5,7/10/25,20250710_C7B_01254.jpg
4214,C10,2025,7/7/25,5.0,7/7/25,20250707_C10_04214.jpg
2777,C7B,2025,7/18/25,7.0,7/18/25,20250718_C7B_02777.jpg
4558,C10,2025,7/20/25,2.0,7/21/25,20250721_C10_04558.jpg
4568,C10,2025,7/20/25,1.5,7/21/25,20250721_C10_04568.jpg
292,C7B,2025,7/10/25,5.0,7/10/25,20250710_C7B_00292.jpg
1120,C7B,2025,7/10/25,6.0,7/10/25,20250710_C7B_01120.jpg
1325,C7B,2025,7/10/25,3.0,7/10/25,20250710_C7B_01325.jpg
5663,C10,2025,7/8/25,4.5,7/7/25,20250707_C10_05663.jpg
13,C7B,2025,7/11/25,8.0,7/10/25,20250710_C7B_00013.jpg
5980,C10,2025,7/11/25,5.0,7/11/25,20250711_C10_05980.jpg
4918,C10,2025,7/20/25,6.0,7/21/25,20250721_C10_04918.jpg
4533,C10,2025,7/11/25,5.5,7/11/25,20250711_C10_04533.jpg
1149,C7B,2025,7/10/25,7.0,7/10/25,20250710_C7B_01149.jpg
5089,C10,2025,7/2/25,6.0,7/4/25,20250704_C10_05089.jpg
4972,C10,2025,7/11/25,4.5,7/11/25,20250711_C10_04972.jpg
10741,I3B,2023,7/19/23,7.0,7/20/23,20230720_I3B_10741.jpg
5422,C10,2025,7/11/25,3.0,7/11/25,20250711_C10_05422.jpg
4357,C10,2025,7/7/25,4.0,7/7/25,20250707_C10_04357.jpg
1492,C7B,2025,7/10/25,5.0,7/10/25,20250710_C7B_01492.jpg
5767,C10,2025,7/11/25,3.0,7/11/25,20250711_C10_05767.jpg
400,C7B,2025,6/30/25,7.0,7/1/25,20250701_C7B_00400.jpg
5042,C10,2025,7/20/25,1.0,7/21/25,20250721_C10_05042.jpg
4958,C10,2025,7/2/25,6.0,7/4/25,20250704_C10_04958.jpg
5518,C10,2025,7/2/25,7.5,7/4/25,20250704_C10_05518.jpg
1643,C7B,2025,7/1/25,7.5,7/1/25,20250701_C7B_01643.jpg
5908,C10,2025,7/11/25,4.0,7/11/25,20250711_C10_05908.jpg
4028,C10,2025,7/19/25,5.5,7/18/25,20250718_C10_04028.jpg
1901,C7B,2025,7/7/25,8.0,7/7/25,20250707_C7B_01901.jpg
4511,C10,2025,7/2/25,6.5,7/4/25,20250704_C10_04511.jpg
6822,C10,2025,7/3/25,8.0,7/4/25,20250704_C10_06822.jpg
5916,C10,2025,7/11/25,7.0,7/11/25,20250711_C10_05916.jpg
4985,C10,2025,7/20/25,3.0,7/21/25,20250721_C10_04985.jpg
2856,C7B,2025,7/8/25,8.0,7/7/25,20250707_C7B_02856.jpg
4306,C10,2025,6/30/25,6.0,6/28/25,20250628_C10_04306.jpg
6634,C10,2025,7/8/25,8.0,7/7/25,20250707_C10_06634.jpg
1066,C7B,2025,7/1/25,7.5,7/1/25,20250701_C7B_01066.jpg
4265,C10,2025,6/30/25,7.5,6/28/25,20250628_C10_04265.jpg
5725,C10,2025,7/11/25,3.0,7/11/25,20250711_C10_05725.jpg
4030,C10,2025,6/30/25,7.0,6/28/25,20250628_C10_04030.jpg
24,C7B,2025,6/30/25,7.0,7/1/25,20250701_C7B_00024.jpg
279,C7B,2025,7/10/25,8.5,7/10/25,20250710_C7B_00279.jpg
1434,C7B,2025,7/18/25,4.0,7/18/25,20250718_C7B_01434.jpg
1759,C7B,2025,7/7/25,7.0,7/7/25,20250707_C7B_01759.jpg
5494,C10,2025,7/2/25,6.5,7/4/25,20250704_C10_05494.jpg
716,C7B,2025,7/10/25,5.5,7/10/25,20250710_C7B_00716.jpg
2653,C7B,2025,7/18/25,6.5,7/18/25,20250718_C7B_02653.jpg
5934,C10,2025,7/8/25,4.5,7/7/25,20250707_C10_05934.jpg
780,C7B,2025,7/18/25,5.5,7/18/25,20250718_C7B_00780.jpg
6036,C10,2025,7/11/25,5.0,7/11/25,20250711_C10_06036.jpg
1652,C7B,2025,7/1/25,5.5,7/1/25,20250701_C7B_01652.jpg
1615,C7B,2025,7/1/25,7.5,7/1/25,20250701_C7B_01615.jpg
2805,C7B,2025,6/30/25,8.0,7/1/25,20250701_C7B_02805.jpg
3078,G3,2023,7/26/23,8.0,7/27/23,20230727_G3_03078.jpg
1560,C7B,2025,7/18/25,2.0,7/18/25,20250718_C7B_01560.jpg
1511,C7B,2025,7/18/25,3.0,7/18/25,20250718_C7B_01511.jpg
807,C7B,2025,7/1/25,7.0,7/1/25,20250701_C7B_00807.jpg
889,C7B,2025,7/10/25,7.5,7/10/25,20250710_C7B_00889.jpg
392,C7B,2025,7/10/25,4.0,7/10/25,20250710_C7B_00392.jpg
692,C7B,2025,7/10/25,6.0,7/10/25,20250710_C7B_00692.jpg
6643,C10,2025,7/8/25,7.5,7/7/25,20250707_C10_06643.jpg
7521,G3,2023,7/26/23,8.0,7/27/23,20230727_G3_07521.jpg
1386,C7B,2025,7/18/25,3.0,7/18/25,20250718_C7B_01386.jpg
322,C7B,2025,7/18/25,4.0,7/18/25,20250718_C7B_00322.jpg
7274,G3,2023,7/20/23,7.5,7/20/23,20230720_G3_07274.jpg
10961,I3B,2023,7/19/23,5.5,7/20/23,20230720_I3B_10961.jpg
2834,C7B,2025,7/13/25,5.5,7/12/25,20250712_C7B_02834.jpg
5662,C10,2025,7/11/25,5.0,7/11/25,20250711_C10_05662.jpg
4060,C10,2025,7/19/25,5.0,7/18/25,20250718_C10_04060.jpg
2850,C7B,2025,6/30/25,8.0,7/1/25,20250701_C7B_02850.jpg
7532,G3,2023,7/20/23,8.0,7/20/23,20230720_G3_07532.jpg
5832,C10,2025,7/19/25,5.0,7/18/25,20250718_C10_05832.jpg
233,C7B,2025,7/10/25,5.5,7/10/25,20250710_C7B_00233.jpg
4861,C10,2025,7/20/25,2.0,7/21/25,20250721_C10_04861.jpg
630,C7B,2025,7/18/25,3.0,7/18/25,20250718_C7B_00630.jpg
4325,C10,2025,7/19/25,2.5,7/18/25,20250718_C10_04325.jpg
6016,C10,2025,7/19/25,4.0,7/18/25,20250718_C10_06016.jpg
1375,C7B,2025,7/1/25,7.0,7/1/25,20250701_C7B_01375.jpg
4225,C10,2025,7/19/25,3.0,7/18/25,20250718_C10_04225.jpg
5700,C10,2025,7/19/25,1.5,7/18/25,20250718_C10_05700.jpg
894,C7B,2025,7/1/25,7.0,7/1/25,20250701_C7B_00894.jpg
6830,C10,2025,7/8/25,7.5,7/7/25,20250707_C10_06830.jpg
5240,C10,2025,7/11/25,5.0,7/11/25,20250711_C10_05240.jpg
5146,C10,2025,7/20/25,2.0,7/21/25,20250721_C10_05146.jpg
4204,C10,2025,7/11/25,5.0,7/11/25,20250711_C10_04204.jpg
8006,G3,2023,7/19/23,7.0,7/20/23,20230720_G3_08006.jpg
4487,C10,2025,7/20/25,2.0,7/21/25,20250721_C10_04487.jpg
4564,C10,2025,7/2/25,8.0,7/4/25,20250704_C10_04564.jpg
4130,C10,2025,6/30/25,6.0,6/28/25,20250628_C10_04130.jpg
4489,C10,2025,7/2/25,7.0,7/4/25,20250704_C10_04489.jpg
4944,C10,2025,7/2/25,7.0,7/4/25,20250704_C10_04944.jpg
9732,I3B,2023,7/12/23,6.0,7/13/23,20230713_I3B_09732.jpg
5801,C10,2025,7/11/25,5.0,7/11/25,20250711_C10_05801.jpg
111,C7B,2025,6/30/25,7.5,7/1/25,20250701_C7B_00111.jpg
6658,C10,2025,7/3/25,5.0,7/4/25,20250704_C10_06658.jpg
9795,I3B,2023,7/12/23,5.0,7/13/23,20230713_I3B_09795.jpg
399,C7B,2025,7/18/25,2.0,7/18/25,20250718_C7B_00399.jpg
1774,C7B,2025,7/19/25,3.0,7/18/25,20250718_C7B_01774.jpg
764,C7B,2025,7/18/25,3.0,7/18/25,20250718_C7B_00764.jpg
4308,C10,2025,7/7/25,5.5,7/7/25,20250707_C10_04308.jpg
843,C7B,2025,7/10/25,8.0,7/10/25,20250710_C7B_00843.jpg
1262,C7B,2025,7/18/25,2.0,7/18/25,20250718_C7B_01262.jpg
4456,C10,2025,7/19/25,3.0,7/18/25,20250718_C10_04456.jpg
6010,C10,2025,7/2/25,7.0,7/4/25,20250704_C10_06010.jpg
406,C7B,2025,7/18/25,3.0,7/18/25,20250718_C7B_00406.jpg
150,C7B,2025,7/4/25,5.5,7/4/25,20250704_C7B_00150.jpg
5593,C10,2025,7/11/25,5.0,7/11/25,20250711_C10_05593.jpg
235,C7B,2025,7/10/25,5.5,7/10/25,20250710_C7B_00235.jpg
6810,C10,2025,7/8/25,7.5,7/7/25,20250707_C10_06810.jpg
2640,C7B,2025,7/13/25,8.0,7/12/25,20250712_C7B_02640.jpg
5723,C10,2025,7/19/25,1.5,7/18/25,20250718_C10_05723.jpg
171,C7B,2025,7/4/25,6.0,7/4/25,20250704_C7B_00171.jpg
5459,C10,2025,7/20/25,2.0,7/21/25,20250721_C10_05459.jpg
6038,C10,2025,7/11/25,4.5,7/11/25,20250711_C10_06038.jpg
999,C7B,2025,7/10/25,5.0,7/10/25,20250710_C7B_00999.jpg
5257,C10,2025,7/11/25,5.0,7/11/25,20250711_C10_05257.jpg
2741,C7B,2025,7/13/25,7.5,7/12/25,20250712_C7B_02741.jpg
622,C7B,2025,7/18/25,3.5,7/18/25,20250718_C7B_00622.jpg
6689,C10,2025,7/3/25,8.0,7/4/25,20250704_C10_06689.jpg
10845,I3B,2023,7/19/23,6.0,7/20/23,20230720_I3B_10845.jpg
5985,C10,2025,7/2/25,6.0,7/4/25,20250704_C10_05985.jpg
5979,C10,2025,7/11/25,8.0,7/11/25,20250711_C10_05979.jpg
1663,C7B,2025,7/1/25,6.5,7/1/25,20250701_C7B_01663.jpg
4176,C10,2025,7/19/25,4.0,7/18/25,20250718_C10_04176.jpg
2874,C7B,2025,7/18/25,6.0,7/18/25,20250718_C7B_02874.jpg
473,C7B,2025,6/30/25,7.0,7/1/25,20250701_C7B_00473.jpg
1172,C7B,2025,7/18/25,2.5,7/18/25,20250718_C7B_01172.jpg
5876,C10,2025,7/8/25,5.0,7/7/25,20250707_C10_05876.jpg
261,C7B,2025,6/30/25,5.0,7/1/25,20250701_C7B_00261.jpg
5767,C10,2025,7/19/25,1.5,7/18/25,20250718_C10_05767.jpg
5803,C10,2025,7/19/25,4.5,7/18/25,20250718_C10_05803.jpg
6834,C10,2025,7/18/25,5.5,7/18/25,20250718_C10_06834.jpg
9622,I3B,2023,7/12/23,5.0,7/13/23,20230713_I3B_09622.jpg
1023,C7B,2025,7/1/25,7.5,7/1/25,20250701_C7B_01023.jpg
5637,C10,2025,7/20/25,2.0,7/21/25,20250721_C10_05637.jpg
5755,C10,2025,7/11/25,8.0,7/11/25,20250711_C10_05755.jpg
4288,C10,2025,7/19/25,5.5,7/18/25,20250718_C10_04288.jpg
10930,I3B,2023,7/19/23,6.0,7/20/23,20230720_I3B_10930.jpg
11264,I3B,2023,7/19/23,5.0,7/20/23,20230720_I3B_11264.jpg
2718,C7B,2025,7/13/25,8.0,7/12/25,20250712_C7B_02718.jpg
3152,G3,2023,7/19/23,7.0,7/20/23,20230720_G3_03152.jpg
5469,C10,2025,7/2/25,6.0,7/4/25,20250704_C10_05469.jpg
4864,C10,2025,7/2/25,7.0,7/4/25,20250704_C10_04864.jpg
6007,C10,2025,7/19/25,2.0,7/18/25,20250718_C10_06007.jpg
4753,C10,2025,7/11/25,5.0,7/11/25,20250711_C10_04753.jpg
6634,C10,2025,7/18/25,7.5,7/18/25,20250718_C10_06634.jpg
1703,C7B,2025,7/1/25,6.5,7/1/25,20250701_C7B_01703.jpg
4707,C10,2025,7/11/25,4.0,7/11/25,20250711_C10_04707.jpg
11137,I3B,2023,7/12/23,7.5,7/13/23,20230713_I3B_11137.jpg
5782,C10,2025,7/11/25,6.0,7/11/25,20250711_C10_05782.jpg
5842,C10,2025,7/1/25,5.5,6/28/25,20250628_C10_05842.jpg
4434,C10,2025,6/30/25,8.0,6/28/25,20250628_C10_04434.jpg
4886,C10,2025,7/2/25,5.5,7/4/25,20250704_C10_04886.jpg
7261,G3,2023,7/26/23,4.0,7/27/23,20230727_G3_07261.jpg
10728,I3B,2023,7/19/23,5.5,7/20/23,20230720_I3B_10728.jpg
1059,C7B,2025,7/10/25,5.0,7/10/25,20250710_C7B_01059.jpg
890,C7B,2025,7/10/25,4.0,7/10/25,20250710_C7B_00890.jpg
163,C7B,2025,7/10/25,5.0,7/10/25,20250710_C7B_00163.jpg
1842,C7B,2025,7/7/25,5.0,7/7/25,20250707_C7B_01842.jpg
2828,C7B,2025,7/13/25,7.0,7/12/25,20250712_C7B_02828.jpg
1326,C7B,2025,7/18/25,3.0,7/18/25,20250718_C7B_01326.jpg
755,C7B,2025,6/30/25,7.5,7/1/25,20250701_C7B_00755.jpg
10027,I3B,2023,7/12/23,4.5,7/13/23,20230713_I3B_10027.jpg
6791,C10,2025,7/8/25,7.0,7/7/25,20250707_C10_06791.jpg
284,C7B,2025,7/4/25,7.0,7/4/25,20250704_C7B_00284.jpg
524,C7B,2025,7/18/25,3.0,7/18/25,20250718_C7B_00524.jpg
89,C7B,2025,7/18/25,5.0,7/18/25,20250718_C7B_00089.jpg
10254,I3B,2023,7/25/23,4.0,7/27/23,20230727_I3B_10254.jpg
1438,C7B,2025,7/10/25,6.5,7/10/25,20250710_C7B_01438.jpg
2756,C7B,2025,7/13/25,7.0,7/12/25,20250712_C7B_02756.jpg
286,C7B,2025,7/10/25,8.0,7/10/25,20250710_C7B_00286.jpg
2710,C7B,2025,7/13/25,7.0,7/12/25,20250712_C7B_02710.jpg
1524,C7B,2025,7/18/25,4.0,7/18/25,20250718_C7B_01524.jpg
327,C7B,2025,7/18/25,6.0,7/18/25,20250718_C7B_00327.jpg
6809,C10,2025,7/18/25,3.0,7/18/25,20250718_C10_06809.jpg
2047,C7B,2025,7/19/25,4.0,7/18/25,20250718_C7B_02047.jpg
4865,C10,2025,7/2/25,6.0,7/4/25,20250704_C10_04865.jpg
10837,I3B,2023,7/19/23,6.5,7/20/23,20230720_I3B_10837.jpg
5954,C10,2025,7/19/25,1.5,7/18/25,20250718_C10_05954.jpg
370,C7B,2025,7/10/25,6.0,7/10/25,20250710_C7B_00370.jpg
6871,C10,2025,7/18/25,5.5,7/18/25,20250718_C10_06871.jpg
4827,C10,2025,7/11/25,4.0,7/11/25,20250711_C10_04827.jpg
6644,C10,2025,7/14/25,7.5,7/14/25,20250714_C10_06644.jpg
3121,G3,2023,7/19/23,8.5,7/20/23,20230720_G3_03121.jpg
1962,C7B,2025,7/7/25,7.0,7/7/25,20250707_C7B_01962.jpg
1463,C7B,2025,7/10/25,4.0,7/10/25,20250710_C7B_01463.jpg
4769,C10,2025,7/20/25,2.5,7/21/25,20250721_C10_04769.jpg
11301,I3B,2023,7/19/23,6.5,7/20/23,20230720_I3B_11301.jpg
5173,C10,2025,7/20/25,1.5,7/21/25,20250721_C10_05173.jpg
5606,C10,2025,7/11/25,3.5,7/11/25,20250711_C10_05606.jpg
10807,I3B,2023,7/19/23,5.5,7/20/23,20230720_I3B_10807.jpg
9764,I3B,2023,7/12/23,5.0,7/13/23,20230713_I3B_09764.jpg
968,C7B,2025,7/10/25,8.0,7/10/25,20250710_C7B_00968.jpg
6044,C10,2025,7/8/25,7.0,7/7/25,20250707_C10_06044.jpg
5731,C10,2025,7/19/25,2.0,7/18/25,20250718_C10_05731.jpg
5426,C10,2025,7/20/25,2.0,7/21/25,20250721_C10_05426.jpg
10303,I3B,2023,7/25/23,3.5,7/27/23,20230727_I3B_10303.jpg
6650,C10,2025,7/3/25,7.5,7/4/25,20250704_C10_06650.jpg
1119,C7B,2025,7/1/25,7.0,7/1/25,20250701_C7B_01119.jpg
91,C7B,2025,7/18/25,2.5,7/18/25,20250718_C7B_00091.jpg
4006,C10,2025,7/19/25,2.5,7/18/25,20250718_C10_04006.jpg
9801,I3B,2023,7/12/23,5.0,7/13/23,20230713_I3B_09801.jpg
1831,C7B,2025,7/7/25,7.0,7/7/25,20250707_C7B_01831.jpg
184,C7B,2025,7/10/25,4.0,7/10/25,20250710_C7B_00184.jpg
5151,C10,2025,7/2/25,6.0,7/4/25,20250704_C10_05151.jpg
6679,C10,2025,6/30/25,7.5,6/28/25,20250628_C10_06679.jpg
612,C7B,2025,6/30/25,7.0,7/1/25,20250701_C7B_00612.jpg
1113,C7B,2025,7/18/25,2.0,7/18/25,20250718_C7B_01113.jpg
1395,C7B,2025,7/18/25,2.0,7/18/25,20250718_C7B_01395.jpg
1400,C7B,2025,7/10/25,7.5,7/10/25,20250710_C7B_01400.jpg
1780,C7B,2025,7/7/25,6.0,7/7/25,20250707_C7B_01780.jpg
6848,C10,2025,7/14/25,8.0,7/14/25,20250714_C10_06848.jpg
11090,I3B,2023,7/12/23,7.5,7/13/23,20230713_I3B_11090.jpg
6798,C10,2025,7/14/25,5.0,7/14/25,20250714_C10_06798.jpg
7298,G3,2023,7/26/23,7.0,7/27/23,20230727_G3_07298.jpg
8151,G3,2023,7/26/23,6.0,7/27/23,20230727_G3_08151.jpg
962,C7B,2025,7/1/25,6.5,7/1/25,20250701_C7B_00962.jpg
4468,C10,2025,7/20/25,1.5,7/21/25,20250721_C10_04468.jpg
258,C7B,2025,7/18/25,5.5,7/18/25,20250718_C7B_00258.jpg
748,C7B,2025,7/10/25,5.0,7/10/25,20250710_C7B_00748.jpg
10901,I3B,2023,7/19/23,6.0,7/20/23,20230720_I3B_10901.jpg
296,C7B,2025,7/18/25,3.5,7/18/25,20250718_C7B_00296.jpg
10808,I3B,2023,7/19/23,5.5,7/20/23,20230720_I3B_10808.jpg
6653,C10,2025,7/3/25,5.0,7/4/25,20250704_C10_06653.jpg
1774,C7B,2025,7/1/25,7.0,7/1/25,20250701_C7B_01774.jpg
5410,C10,2025,7/2/25,5.0,7/4/25,20250704_C10_05410.jpg
963,C7B,2025,7/1/25,7.0,7/1/25,20250701_C7B_00963.jpg
8018,G3,2023,7/26/23,8.0,7/27/23,20230727_G3_08018.jpg
5616,C10,2025,7/20/25,4.0,7/21/25,20250721_C10_05616.jpg
10032,I3B,2023,7/12/23,5.0,7/13/23,20230713_I3B_10032.jpg
4149,C10,2025,6/30/25,4.0,6/28/25,20250628_C10_04149.jpg
950,C7B,2025,7/18/25,3.0,7/18/25,20250718_C7B_00950.jpg
5164,C10,2025,7/11/25,5.0,7/11/25,20250711_C10_05164.jpg
1080,C7B,2025,7/18/25,2.0,7/18/25,20250718_C7B_01080.jpg
5338,C10,2025,7/20/25,2.0,7/21/25,20250721_C10_05338.jpg
9681,I3B,2023,7/12/23,4.5,7/13/23,20230713_I3B_09681.jpg
745,C7B,2025,6/30/25,5.5,7/1/25,20250701_C7B_00745.jpg
9657,I3B,2023,7/12/23,5.0,7/13/23,20230713_I3B_09657.jpg
4320,C10,2025,7/19/25,3.0,7/18/25,20250718_C10_04320.jpg
1714,C7B,2025,7/7/25,4.0,7/7/25,20250707_C7B_01714.jpg
10972,I3B,2023,7/19/23,6.0,7/20/23,20230720_I3B_10972.jpg
5542,C10,2025,7/11/25,7.0,7/11/25,20250711_C10_05542.jpg
1523,C7B,2025,7/10/25,5.5,7/10/25,20250710_C7B_01523.jpg
9978,I3B,2023,7/12/23,5.0,7/13/23,20230713_I3B_09978.jpg
986,C7B,2025,7/1/25,8.0,7/1/25,20250701_C7B_00986.jpg
1644,C7B,2025,7/18/25,3.5,7/18/25,20250718_C7B_01644.jpg
8097,G3,2023,7/20/23,7.0,7/20/23,20230720_G3_08097.jpg
6842,C10,2025,7/14/25,6.0,7/14/25,20250714_C10_06842.jpg
10320,I3B,2023,7/25/23,3.0,7/27/23,20230727_I3B_10320.jpg
5620,C10,2025,7/11/25,7.0,7/11/25,20250711_C10_05620.jpg
5635,C10,2025,7/20/25,2.5,7/21/25,20250721_C10_05635.jpg
1252,C7B,2025,7/10/25,5.0,7/10/25,20250710_C7B_01252.jpg
153,C7B,2025,6/30/25,5.0,7/1/25,20250701_C7B_00153.jpg
492,C7B,2025,7/18/25,3.0,7/18/25,20250718_C7B_00492.jpg
408,C7B,2025,7/18/25,2.5,7/18/25,20250718_C7B_00408.jpg
7373,G3,2023,7/26/23,4.0,7/27/23,20230727_G3_07373.jpg
5423,C10,2025,7/20/25,3.0,7/21/25,20250721_C10_05423.jpg
425,C7B,2025,6/30/25,6.5,7/1/25,20250701_C7B_00425.jpg
6853,C10,2025,7/14/25,4.0,7/14/25,20250714_C10_06853.jpg
5650,C10,2025,7/11/25,7.0,7/11/25,20250711_C10_05650.jpg
820,C7B,2025,7/18/25,4.0,7/18/25,20250718_C7B_00820.jpg
6789,C10,2025,7/14/25,7.0,7/14/25,20250714_C10_06789.jpg
1276,C7B,2025,7/1/25,7.0,7/1/25,20250701_C7B_01276.jpg
4006,C10,2025,6/30/25,6.5,6/28/25,20250628_C10_04006.jpg
481,C7B,2025,6/30/25,6.5,7/1/25,20250701_C7B_00481.jpg
868,C7B,2025,7/1/25,7.0,7/1/25,20250701_C7B_00868.jpg
1518,C7B,2025,7/10/25,6.0,7/10/25,20250710_C7B_01518.jpg
5703,C10,2025,7/19/25,2.0,7/18/25,20250718_C10_05703.jpg
11200,I3B,2023,7/19/23,5.5,7/20/23,20230720_I3B_11200.jpg
2826,C7B,2025,7/8/25,7.0,7/7/25,20250707_C7B_02826.jpg
625,C7B,2025,7/18/25,5.0,7/18/25,20250718_C7B_00625.jpg
5583,C10,2025,7/11/25,4.0,7/11/25,20250711_C10_05583.jpg
1891,C7B,2025,7/10/25,5.0,7/10/25,20250710_C7B_01891.jpg
1505,C7B,2025,7/10/25,7.0,7/10/25,20250710_C7B_01505.jpg
5957,C10,2025,7/2/25,5.0,7/4/25,20250704_C10_05957.jpg
1381,C7B,2025,7/1/25,7.0,7/1/25,20250701_C7B_01381.jpg
4754,C10,2025,7/20/25,1.5,7/21/25,20250721_C10_04754.jpg
5288,C10,2025,7/20/25,2.0,7/21/25,20250721_C10_05288.jpg
7504,G3,2023,7/20/23,7.5,7/20/23,20230720_G3_07504.jpg
1227,C7B,2025,7/1/25,6.0,7/1/25,20250701_C7B_01227.jpg
4347,C10,2025,7/19/25,3.0,7/18/25,20250718_C10_04347.jpg
6863,C10,2025,7/3/25,7.5,7/4/25,20250704_C10_06863.jpg
220,C7B,2025,7/18/25,4.0,7/18/25,20250718_C7B_00220.jpg
1840,C7B,2025,7/7/25,5.5,7/7/25,20250707_C7B_01840.jpg
1822,C7B,2025,7/7/25,6.0,7/7/25,20250707_C7B_01822.jpg
197,C7B,2025,7/10/25,4.0,7/10/25,20250710_C7B_00197.jpg
182,C7B,2025,7/4/25,7.0,7/4/25,20250704_C7B_00182.jpg
4461,C10,2025,7/11/25,4.0,7/11/25,20250711_C10_04461.jpg
1284,C7B,2025,7/1/25,7.5,7/1/25,20250701_C7B_01284.jpg
1334,C7B,2025,7/10/25,5.5,7/10/25,20250710_C7B_01334.jpg
4490,C10,2025,7/11/25,4.0,7/11/25,20250711_C10_04490.jpg
365,C7B,2025,6/30/25,6.5,7/1/25,20250701_C7B_00365.jpg
575,C7B,2025,7/10/25,5.0,7/10/25,20250710_C7B_00575.jpg
4287,C10,2025,6/30/25,6.0,6/28/25,20250628_C10_04287.jpg
181,C7B,2025,6/30/25,7.5,7/1/25,20250701_C7B_00181.jpg
375,C7B,2025,7/10/25,4.0,7/10/25,20250710_C7B_00375.jpg
4637,C10,2025,7/2/25,6.5,7/4/25,20250704_C10_04637.jpg
1824,C7B,2025,7/7/25,5.0,7/7/25,20250707_C7B_01824.jpg
7474,G3,2023,7/26/23,6.0,7/27/23,20230727_G3_07474.jpg
268,C7B,2025,7/4/25,7.0,7/4/25,20250704_C7B_00268.jpg
300,C7B,2025,7/4/25,6.0,7/4/25,20250704_C7B_00300.jpg
5444,C10,2025,7/11/25,6.0,7/11/25,20250711_C10_05444.jpg
5314,C10,2025,7/2/25,5.0,7/4/25,20250704_C10_05314.jpg
4491,C10,2025,7/20/25,2.0,7/21/25,20250721_C10_04491.jpg
1003,C7B,2025,7/1/25,6.5,7/1/25,20250701_C7B_01003.jpg
1402,C7B,2025,7/10/25,3.0,7/10/25,20250710_C7B_01402.jpg
2637,C7B,2025,7/8/25,7.0,7/7/25,20250707_C7B_02637.jpg
4466,C10,2025,7/20/25,5.5,7/21/25,20250721_C10_04466.jpg
841,C7B,2025,7/1/25,7.0,7/1/25,20250701_C7B_00841.jpg
328,C7B,2025,7/10/25,5.0,7/10/25,20250710_C7B_00328.jpg
2798,C7B,2025,7/8/25,8.5,7/7/25,20250707_C7B_02798.jpg
1640,C7B,2025,7/18/25,4.0,7/18/25,20250718_C7B_01640.jpg
4991,C10,2025,7/2/25,7.0,7/4/25,20250704_C10_04991.jpg
4720,C10,2025,7/20/25,3.5,7/21/25,20250721_C10_04720.jpg
1038,C7B,2025,7/1/25,7.0,7/1/25,20250701_C7B_01038.jpg
1999,C7B,2025,7/7/25,7.0,7/7/25,20250707_C7B_01999.jpg
1853,C7B,2025,7/10/25,7.5,7/10/25,20250710_C7B_01853.jpg
4308,C10,2025,7/11/25,5.0,7/11/25,20250711_C10_04308.jpg
4745,C10,2025,7/11/25,6.0,7/11/25,20250711_C10_04745.jpg
1979,C7B,2025,7/10/25,6.5,7/10/25,20250710_C7B_01979.jpg
5675,C10,2025,7/11/25,7.0,7/11/25,20250711_C10_05675.jpg
3111,G3,2023,7/19/23,5.0,7/20/23,20230720_G3_03111.jpg
631,C7B,2025,6/30/25,7.0,7/1/25,20250701_C7B_00631.jpg
4226,C10,2025,7/7/25,5.5,7/7/25,20250707_C10_04226.jpg
6632,C10,2025,7/3/25,8.0,7/4/25,20250704_C10_06632.jpg
4218,C10,2025,6/30/25,8.0,6/28/25,20250628_C10_04218.jpg
8052,G3,2023,7/26/23,7.5,7/27/23,20230727_G3_08052.jpg
858,C7B,2025,7/18/25,4.0,7/18/25,20250718_C7B_00858.jpg
2724,C7B,2025,7/13/25,7.5,7/12/25,20250712_C7B_02724.jpg
750,C7B,2025,7/18/25,3.0,7/18/25,20250718_C7B_00750.jpg
10883,I3B,2023,7/19/23,5.5,7/20/23,20230720_I3B_10883.jpg
6675,C10,2025,7/14/25,4.0,7/14/25,20250714_C10_06675.jpg
7425,G3,2023,7/26/23,6.0,7/27/23,20230727_G3_07425.jpg
1556,C7B,2025,7/18/25,3.0,7/18/25,20250718_C7B_01556.jpg
234,C7B,2025,7/10/25,4.5,7/10/25,20250710_C7B_00234.jpg
11269,I3B,2023,7/19/23,7.5,7/20/23,20230720_I3B_11269.jpg
3041,G3,2023,7/19/23,8.0,7/20/23,20230720_G3_03041.jpg
1272,C7B,2025,7/1/25,5.5,7/1/25,20250701_C7B_01272.jpg
4024,C10,2025,7/19/25,3.5,7/18/25,20250718_C10_04024.jpg
6703,C10,2025,7/18/25,7.5,7/18/25,20250718_C10_06703.jpg
1009,C7B,2025,7/1/25,7.0,7/1/25,20250701_C7B_01009.jpg
403,C7B,2025,7/4/25,4.0,7/4/25,20250704_C7B_00403.jpg
5511,C10,2025,7/20/25,1.5,7/21/25,20250721_C10_05511.jpg
5477,C10,2025,7/11/25,3.0,7/11/25,20250711_C10_05477.jpg
857,C7B,2025,7/1/25,5.5,7/1/25,20250701_C7B_00857.jpg
4290,C10,2025,7/11/25,6.5,7/11/25,20250711_C10_04290.jpg
449,C7B,2025,7/10/25,6.0,7/10/25,20250710_C7B_00449.jpg
7423,G3,2023,7/26/23,4.5,7/27/23,20230727_G3_07423.jpg
1965,C7B,2025,7/19/25,4.0,7/18/25,20250718_C7B_01965.jpg
1671,C7B,2025,7/7/25,6.0,7/7/25,20250707_C7B_01671.jpg
11131,I3B,2023,7/12/23,7.0,7/13/23,20230713_I3B_11131.jpg
5280,C10,2025,7/20/25,2.5,7/21/25,20250721_C10_05280.jpg
4411,C10,2025,7/11/25,6.0,7/11/25,20250711_C10_04411.jpg
4768,C10,2025,7/20/25,2.5,7/21/25,20250721_C10_04768.jpg
5168,C10,2025,7/11/25,4.0,7/11/25,20250711_C10_05168.jpg
1732,C7B,2025,7/1/25,6.0,7/1/25,20250701_C7B_01732.jpg
1045,C7B,2025,7/10/25,7.0,7/10/25,20250710_C7B_01045.jpg
6673,C10,2025,7/18/25,6.5,7/18/25,20250718_C10_06673.jpg
2698,C7B,2025,7/8/25,8.0,7/7/25,20250707_C7B_02698.jpg
10011,I3B,2023,7/12/23,5.5,7/13/23,20230713_I3B_10011.jpg
5036,C10,2025,7/20/25,2.0,7/21/25,20250721_C10_05036.jpg
2785,C7B,2025,7/8/25,7.5,7/7/25,20250707_C7B_02785.jpg
5546,C10,2025,7/11/25,5.0,7/11/25,20250711_C10_05546.jpg
7242,G3,2023,7/26/23,4.5,7/27/23,20230727_G3_07242.jpg
4123,C10,2025,7/19/25,4.0,7/18/25,20250718_C10_04123.jpg
1104,C7B,2025,7/18/25,1.5,7/18/25,20250718_C7B_01104.jpg
1971,C7B,2025,7/10/25,5.0,7/10/25,20250710_C7B_01971.jpg
1067,C7B,2025,7/1/25,6.0,7/1/25,20250701_C7B_01067.jpg
6875,C10,2025,7/18/25,6.0,7/18/25,20250718_C10_06875.jpg
1425,C7B,2025,7/10/25,5.0,7/10/25,20250710_C7B_01425.jpg
5053,C10,2025,7/20/25,1.5,7/21/25,20250721_C10_05053.jpg
6780,C10,2025,7/3/25,7.5,7/4/25,20250704_C10_06780.jpg
1672,C7B,2025,7/1/25,7.0,7/1/25,20250701_C7B_01672.jpg
356,C7B,2025,6/30/25,7.0,7/1/25,20250701_C7B_00356.jpg
4507,C10,2025,7/2/25,6.0,7/4/25,20250704_C10_04507.jpg
4190,C10,2025,7/7/25,6.0,7/7/25,20250707_C10_04190.jpg
1584,C7B,2025,7/10/25,6.0,7/10/25,20250710_C7B_01584.jpg
4157,C10,2025,7/19/25,5.0,7/18/25,20250718_C10_04157.jpg
979,C7B,2025,7/1/25,6.0,7/1/25,20250701_C7B_00979.jpg
301,C7B,2025,7/18/25,2.5,7/18/25,20250718_C7B_00301.jpg
963,C7B,2025,7/10/25,4.0,7/10/25,20250710_C7B_00963.jpg
338,C7B,2025,7/10/25,7.0,7/10/25,20250710_C7B_00338.jpg
599,C7B,2025,7/18/25,5.0,7/18/25,20250718_C7B_00599.jpg
4138,C10,2025,7/19/25,3.0,7/18/25,20250718_C10_04138.jpg
5278,C10,2025,7/20/25,2.0,7/21/25,20250721_C10_05278.jpg
2868,C7B,2025,7/13/25,7.5,7/12/25,20250712_C7B_02868.jpg
5815,C10,2025,7/1/25,4.5,6/28/25,20250628_C10_05815.jpg
5532,C10,2025,7/2/25,5.5,7/4/25,20250704_C10_05532.jpg
1929,C7B,2025,7/19/25,5.5,7/18/25,20250718_C7B_01929.jpg
7355,G3,2023,7/20/23,8.0,7/20/23,20230720_G3_07355.jpg
4009,C10,2025,6/30/25,8.0,6/28/25,20250628_C10_04009.jpg
31,C7B,2025,7/11/25,7.0,7/10/25,20250710_C7B_00031.jpg
818,C7B,2025,7/18/25,3.0,7/18/25,20250718_C7B_00818.jpg
1512,C7B,2025,7/1/25,5.5,7/1/25,20250701_C7B_01512.jpg
5455,C10,2025,7/2/25,5.5,7/4/25,20250704_C10_05455.jpg
2681,C7B,2025,6/30/25,8.5,7/1/25,20250701_C7B_02681.jpg
1195,C7B,2025,7/1/25,5.5,7/1/25,20250701_C7B_01195.jpg
6749,C10,2025,7/3/25,8.0,7/4/25,20250704_C10_06749.jpg
7363,G3,2023,7/20/23,7.5,7/20/23,20230720_G3_07363.jpg
723,C7B,2025,6/30/25,7.0,7/1/25,20250701_C7B_00723.jpg
441,C7B,2025,7/4/25,5.0,7/4/25,20250704_C7B_00441.jpg
2689,C7B,2025,7/13/25,8.0,7/12/25,20250712_C7B_02689.jpg
994,C7B,2025,7/1/25,7.0,7/1/25,20250701_C7B_00994.jpg
6688,C10,2025,7/8/25,7.5,7/7/25,20250707_C10_06688.jpg
171,C7B,2025,7/10/25,6.0,7/10/25,20250710_C7B_00171.jpg
5778,C10,2025,7/1/25,5.5,6/28/25,20250628_C10_05778.jpg
4104,C10,2025,7/7/25,8.0,7/7/25,20250707_C10_04104.jpg
4318,C10,2025,7/7/25,5.0,7/7/25,20250707_C10_04318.jpg
4678,C10,2025,7/2/25,7.0,7/4/25,20250704_C10_04678.jpg
5608,C10,2025,7/11/25,4.0,7/11/25,20250711_C10_05608.jpg
7224,G3,2023,7/26/23,3.0,7/27/23,20230727_G3_07224.jpg
3125,G3,2023,7/26/23,5.0,7/27/23,20230727_G3_03125.jpg
11361,I3B,2023,7/19/23,7.0,7/20/23,20230720_I3B_11361.jpg
6661,C10,2025,7/14/25,7.5,7/14/25,20250714_C10_06661.jpg
5714,C10,2025,7/8/25,6.0,7/7/25,20250707_C10_05714.jpg
6675,C10,2025,7/8/25,6.5,7/7/25,20250707_C10_06675.jpg
6019,C10,2025,7/19/25,4.0,7/18/25,20250718_C10_06019.jpg
4770,C10,2025,7/2/25,5.5,7/4/25,20250704_C10_04770.jpg
4215,C10,2025,7/7/25,6.0,7/7/25,20250707_C10_04215.jpg
5337,C10,2025,7/11/25,4.5,7/11/25,20250711_C10_05337.jpg
5921,C10,2025,7/1/25,7.5,6/28/25,20250628_C10_05921.jpg
899,C7B,2025,7/1/25,6.5,7/1/25,20250701_C7B_00899.jpg
5819,C10,2025,7/1/25,8.0,6/28/25,20250628_C10_05819.jpg
1221,C7B,2025,7/1/25,6.0,7/1/25,20250701_C7B_01221.jpg
8111,G3,2023,7/20/23,5.0,7/20/23,20230720_G3_08111.jpg
5483,C10,2025,7/2/25,7.5,7/4/25,20250704_C10_05483.jpg
4100,C10,2025,7/11/25,6.0,7/11/25,20250711_C10_04100.jpg
4381,C10,2025,6/30/25,5.5,6/28/25,20250628_C10_04381.jpg
2799,C7B,2025,7/8/25,8.0,7/7/25,20250707_C7B_02799.jpg
4306,C10,2025,7/11/25,4.0,7/11/25,20250711_C10_04306.jpg
1642,C7B,2025,7/1/25,5.5,7/1/25,20250701_C7B_01642.jpg
1123,C7B,2025,7/18/25,1.5,7/18/25,20250718_C7B_01123.jpg
4324,C10,2025,7/19/25,2.0,7/18/25,20250718_C10_04324.jpg
5067,C10,2025,7/11/25,5.0,7/11/25,20250711_C10_05067.jpg
456,C7B,2025,7/4/25,5.0,7/4/25,20250704_C7B_00456.jpg
4005,C10,2025,7/19/25,2.0,7/18/25,20250718_C10_04005.jpg
7301,G3,2023,7/20/23,7.5,7/20/23,20230720_G3_07301.jpg
4033,C10,2025,7/7/25,4.0,7/7/25,20250707_C10_04033.jpg
276,C7B,2025,7/10/25,5.0,7/10/25,20250710_C7B_00276.jpg
5730,C10,2025,7/19/25,6.0,7/18/25,20250718_C10_05730.jpg
335,C7B,2025,7/18/25,3.0,7/18/25,20250718_C7B_00335.jpg
315,C7B,2025,7/18/25,4.5,7/18/25,20250718_C7B_00315.jpg
822,C7B,2025,7/18/25,2.0,7/18/25,20250718_C7B_00822.jpg
938,C7B,2025,7/18/25,4.5,7/18/25,20250718_C7B_00938.jpg
5885,C10,2025,7/19/25,3.0,7/18/25,20250718_C10_05885.jpg
1130,C7B,2025,7/10/25,6.0,7/10/25,20250710_C7B_01130.jpg
4595,C10,2025,7/20/25,2.0,7/21/25,20250721_C10_04595.jpg
11144,I3B,2023,7/12/23,8.0,7/13/23,20230713_I3B_11144.jpg
3155,G3,2023,7/19/23,5.0,7/20/23,20230720_G3_03155.jpg
1096,C7B,2025,7/18/25,3.0,7/18/25,20250718_C7B_01096.jpg
4535,C10,2025,7/20/25,3.5,7/21/25,20250721_C10_04535.jpg
4036,C10,2025,6/30/25,6.0,6/28/25,20250628_C10_04036.jpg
5161,C10,2025,7/11/25,4.0,7/11/25,20250711_C10_05161.jpg
506,C7B,2025,7/18/25,4.0,7/18/25,20250718_C7B_00506.jpg
4786,C10,2025,7/20/25,3.0,7/21/25,20250721_C10_04786.jpg
10394,I3B,2023,7/25/23,6.0,7/27/23,20230727_I3B_10394.jpg
2878,C7B,2025,7/8/25,8.0,7/7/25,20250707_C7B_02878.jpg
4338,C10,2025,7/19/25,4.5,7/18/25,20250718_C10_04338.jpg
5222,C10,2025,7/20/25,2.0,7/21/25,20250721_C10_05222.jpg
10897,I3B,2023,7/19/23,7.5,7/20/23,20230720_I3B_10897.jpg
1675,C7B,2025,7/10/25,5.0,7/10/25,20250710_C7B_01675.jpg
6817,C10,2025,7/8/25,7.5,7/7/25,20250707_C10_06817.jpg
4701,C10,2025,7/20/25,1.0,7/21/25,20250721_C10_04701.jpg
6859,C10,2025,7/14/25,6.0,7/14/25,20250714_C10_06859.jpg
4100,C10,2025,7/7/25,6.0,7/7/25,20250707_C10_04100.jpg
1784,C7B,2025,7/19/25,4.5,7/18/25,20250718_C7B_01784.jpg
347,C7B,2025,6/30/25,7.0,7/1/25,20250701_C7B_00347.jpg
5140,C10,2025,7/2/25,5.5,7/4/25,20250704_C10_05140.jpg
151,C7B,2025,7/18/25,4.0,7/18/25,20250718_C7B_00151.jpg
9716,I3B,2023,7/12/23,5.0,7/13/23,20230713_I3B_09716.jpg
898,C7B,2025,7/18/25,2.0,7/18/25,20250718_C7B_00898.jpg
4384,C10,2025,7/7/25,6.0,7/7/25,20250707_C10_04384.jpg
5494,C10,2025,7/11/25,6.0,7/11/25,20250711_C10_05494.jpg
14,C7B,2025,6/30/25,7.5,7/1/25,20250701_C7B_00014.jpg
597,C7B,2025,7/10/25,4.0,7/10/25,20250710_C7B_00597.jpg
6752,C10,2025,7/3/25,8.0,7/4/25,20250704_C10_06752.jpg
6770,C10,2025,7/14/25,8.0,7/14/25,20250714_C10_06770.jpg
9886,I3B,2023,7/12/23,5.0,7/13/23,20230713_I3B_09886.jpg
1896,C7B,2025,7/7/25,5.5,7/7/25,20250707_C7B_01896.jpg
5328,C10,2025,7/11/25,4.5,7/11/25,20250711_C10_05328.jpg
4688,C10,2025,7/20/25,2.0,7/21/25,20250721_C10_04688.jpg
1412,C7B,2025,7/10/25,5.5,7/10/25,20250710_C7B_01412.jpg
5380,C10,2025,7/11/25,4.0,7/11/25,20250711_C10_05380.jpg
1593,C7B,2025,7/10/25,4.0,7/10/25,20250710_C7B_01593.jpg
1132,C7B,2025,7/1/25,7.5,7/1/25,20250701_C7B_01132.jpg
8135,G3,2023,7/26/23,7.5,7/27/23,20230727_G3_08135.jpg
2795,C7B,2025,6/30/25,9.0,7/1/25,20250701_C7B_02795.jpg
5197,C10,2025,7/20/25,2.0,7/21/25,20250721_C10_05197.jpg
5432,C10,2025,7/2/25,5.5,7/4/25,20250704_C10_05432.jpg
411,C7B,2025,7/10/25,6.0,7/10/25,20250710_C7B_00411.jpg
8164,G3,2023,7/20/23,6.0,7/20/23,20230720_G3_08164.jpg
4236,C10,2025,7/11/25,5.5,7/11/25,20250711_C10_04236.jpg
990,C7B,2025,7/1/25,6.5,7/1/25,20250701_C7B_00990.jpg
2777,C7B,2025,6/30/25,8.5,7/1/25,20250701_C7B_02777.jpg
5548,C10,2025,7/11/25,6.5,7/11/25,20250711_C10_05548.jpg
4852,C10,2025,7/2/25,7.0,7/4/25,20250704_C10_04852.jpg
4503,C10,2025,7/11/25,5.0,7/11/25,20250711_C10_04503.jpg
4809,C10,2025,7/2/25,5.0,7/4/25,20250704_C10_04809.jpg
4066,C10,2025,7/7/25,6.0,7/7/25,20250707_C10_04066.jpg
5820,C10,2025,7/11/25,6.0,7/11/25,20250711_C10_05820.jpg
986,C7B,2025,7/18/25,4.0,7/18/25,20250718_C7B_00986.jpg
2654,C7B,2025,6/30/25,7.5,7/1/25,20250701_C7B_02654.jpg
1635,C7B,2025,7/1/25,8.0,7/1/25,20250701_C7B_01635.jpg
9965,I3B,2023,7/12/23,5.5,7/13/23,20230713_I3B_09965.jpg
536,C7B,2025,7/10/25,7.0,7/10/25,20250710_C7B_00536.jpg
1857,C7B,2025,7/19/25,6.0,7/18/25,20250718_C7B_01857.jpg
5718,C10,2025,7/1/25,6.0,6/28/25,20250628_C10_05718.jpg
1404,C7B,2025,7/18/25,2.0,7/18/25,20250718_C7B_01404.jpg
6031,C10,2025,7/8/25,4.5,7/7/25,20250707_C10_06031.jpg
4030,C10,2025,7/11/25,5.0,7/11/25,20250711_C10_04030.jpg
4832,C10,2025,7/20/25,2.0,7/21/25,20250721_C10_04832.jpg
5092,C10,2025,7/11/25,4.0,7/11/25,20250711_C10_05092.jpg
1730,C7B,2025,7/19/25,3.0,7/18/25,20250718_C7B_01730.jpg
1797,C7B,2025,7/19/25,3.0,7/18/25,20250718_C7B_01797.jpg
2645,C7B,2025,6/30/25,8.5,7/1/25,20250701_C7B_02645.jpg
7380,G3,2023,7/26/23,5.5,7/27/23,20230727_G3_07380.jpg
5567,C10,2025,7/20/25,3.0,7/21/25,20250721_C10_05567.jpg
6771,C10,2025,7/14/25,5.0,7/14/25,20250714_C10_06771.jpg
6794,C10,2025,7/14/25,8.0,7/14/25,20250714_C10_06794.jpg
975,C7B,2025,7/1/25,7.0,7/1/25,20250701_C7B_00975.jpg
11303,I3B,2023,7/19/23,7.0,7/20/23,20230720_I3B_11303.jpg
1409,C7B,2025,7/10/25,6.5,7/10/25,20250710_C7B_01409.jpg
10945,I3B,2023,7/19/23,7.0,7/20/23,20230720_I3B_10945.jpg
4439,C10,2025,7/19/25,4.0,7/18/25,20250718_C10_04439.jpg
3168,G3,2023,7/19/23,7.0,7/20/23,20230720_G3_03168.jpg
194,C7B,2025,7/4/25,5.0,7/4/25,20250704_C7B_00194.jpg
5991,C10,2025,7/19/25,6.5,7/18/25,20250718_C10_05991.jpg
1640,C7B,2025,7/1/25,7.5,7/1/25,20250701_C7B_01640.jpg
4610,C10,2025,7/20/25,3.0,7/21/25,20250721_C10_04610.jpg
4179,C10,2025,6/30/25,7.0,6/28/25,20250628_C10_04179.jpg
4462,C10,2025,7/11/25,4.0,7/11/25,20250711_C10_04462.jpg
448,C7B,2025,6/30/25,6.0,7/1/25,20250701_C7B_00448.jpg
236,C7B,2025,7/18/25,4.0,7/18/25,20250718_C7B_00236.jpg
4634,C10,2025,7/20/25,1.5,7/21/25,20250721_C10_04634.jpg
1165,C7B,2025,7/18/25,3.0,7/18/25,20250718_C7B_01165.jpg
5020,C10,2025,7/20/25,5.5,7/21/25,20250721_C10_05020.jpg
37,C7B,2025,7/4/25,7.5,7/4/25,20250704_C7B_00037.jpg
54,C7B,2025,7/18/25,4.5,7/18/25,20250718_C7B_00054.jpg
4522,C10,2025,7/11/25,4.5,7/11/25,20250711_C10_04522.jpg
1219,C7B,2025,7/10/25,6.0,7/10/25,20250710_C7B_01219.jpg
6677,C10,2025,7/3/25,8.0,7/4/25,20250704_C10_06677.jpg
3087,G3,2023,7/26/23,8.5,7/27/23,20230727_G3_03087.jpg
1592,C7B,2025,7/10/25,4.0,7/10/25,20250710_C7B_01592.jpg
1521,C7B,2025,7/18/25,2.5,7/18/25,20250718_C7B_01521.jpg
7312,G3,2023,7/20/23,7.5,7/20/23,20230720_G3_07312.jpg
562,C7B,2025,6/30/25,6.5,7/1/25,20250701_C7B_00562.jpg
5485,C10,2025,7/20/25,2.0,7/21/25,20250721_C10_05485.jpg
5811,C10,2025,7/8/25,3.5,7/7/25,20250707_C10_05811.jpg
4941,C10,2025,7/11/25,4.0,7/11/25,20250711_C10_04941.jpg
6637,C10,2025,7/8/25,8.0,7/7/25,20250707_C10_06637.jpg
5530,C10,2025,7/20/25,2.0,7/21/25,20250721_C10_05530.jpg
5454,C10,2025,7/11/25,4.0,7/11/25,20250711_C10_05454.jpg
10776,I3B,2023,7/19/23,5.5,7/20/23,20230720_I3B_10776.jpg
5912,C10,2025,7/11/25,6.0,7/11/25,20250711_C10_05912.jpg
4248,C10,2025,7/11/25,4.5,7/11/25,20250711_C10_04248.jpg
2817,C7B,2025,7/13/25,5.0,7/12/25,20250712_C7B_02817.jpg
8085,G3,2023,7/20/23,8.0,7/20/23,20230720_G3_08085.jpg
4690,C10,2025,7/20/25,3.0,7/21/25,20250721_C10_04690.jpg
973,C7B,2025,7/10/25,4.0,7/10/25,20250710_C7B_00973.jpg
5779,C10,2025,7/8/25,6.0,7/7/25,20250707_C10_05779.jpg
4925,C10,2025,7/20/25,3.0,7/21/25,20250721_C10_04925.jpg
5320,C10,2025,7/2/25,7.0,7/4/25,20250704_C10_05320.jpg
4602,C10,2025,7/2/25,6.0,7/4/25,20250704_C10_04602.jpg
1833,C7B,2025,7/7/25,5.5,7/7/25,20250707_C7B_01833.jpg
5719,C10,2025,7/19/25,3.0,7/18/25,20250718_C10_05719.jpg
331,C7B,2025,6/30/25,7.5,7/1/25,20250701_C7B_00331.jpg
2843,C7B,2025,7/8/25,7.0,7/7/25,20250707_C7B_02843.jpg
4014,C10,2025,7/19/25,3.5,7/18/25,20250718_C10_04014.jpg
2727,C7B,2025,7/18/25,7.0,7/18/25,20250718_C7B_02727.jpg
6805,C10,2025,6/30/25,8.5,6/28/25,20250628_C10_06805.jpg
8031,G3,2023,7/26/23,7.0,7/27/23,20230727_G3_08031.jpg
4977,C10,2025,7/20/25,3.0,7/21/25,20250721_C10_04977.jpg
1773,C7B,2025,7/10/25,5.0,7/10/25,20250710_C7B_01773.jpg
2738,C7B,2025,6/30/25,8.0,7/1/25,20250701_C7B_02738.jpg
2792,C7B,2025,7/13/25,8.0,7/12/25,20250712_C7B_02792.jpg
5296,C10,2025,7/11/25,7.0,7/11/25,20250711_C10_05296.jpg
1406,C7B,2025,7/18/25,1.5,7/18/25,20250718_C7B_01406.jpg
4266,C10,2025,7/7/25,5.0,7/7/25,20250707_C10_04266.jpg
4852,C10,2025,7/20/25,3.5,7/21/25,20250721_C10_04852.jpg
10833,I3B,2023,7/19/23,5.0,7/20/23,20230720_I3B_10833.jpg
5212,C10,2025,7/2/25,5.0,7/4/25,20250704_C10_05212.jpg
5986,C10,2025,7/2/25,5.0,7/4/25,20250704_C10_05986.jpg
4909,C10,2025,7/2/25,7.0,7/4/25,20250704_C10_04909.jpg
10762,I3B,2023,7/19/23,5.5,7/20/23,20230720_I3B_10762.jpg
4440,C10,2025,7/7/25,3.0,7/7/25,20250707_C10_04440.jpg
7397,G3,2023,7/20/23,8.0,7/20/23,20230720_G3_07397.jpg
2045,C7B,2025,7/19/25,2.0,7/18/25,20250718_C7B_02045.jpg
11160,I3B,2023,7/12/23,8.0,7/13/23,20230713_I3B_11160.jpg
256,C7B,2025,6/30/25,7.5,7/1/25,20250701_C7B_00256.jpg
1394,C7B,2025,7/10/25,4.0,7/10/25,20250710_C7B_01394.jpg
8126,G3,2023,7/26/23,6.0,7/27/23,20230727_G3_08126.jpg
1248,C7B,2025,7/1/25,5.5,7/1/25,20250701_C7B_01248.jpg
5875,C10,2025,7/8/25,4.0,7/7/25,20250707_C10_05875.jpg
4976,C10,2025,7/11/25,6.5,7/11/25,20250711_C10_04976.jpg
861,C7B,2025,7/10/25,4.0,7/10/25,20250710_C7B_00861.jpg
10041,I3B,2023,7/12/23,4.5,7/13/23,20230713_I3B_10041.jpg
2766,C7B,2025,7/13/25,7.0,7/12/25,20250712_C7B_02766.jpg
4392,C10,2025,6/30/25,7.0,6/28/25,20250628_C10_04392.jpg
4877,C10,2025,7/11/25,6.5,7/11/25,20250711_C10_04877.jpg
4731,C10,2025,7/2/25,6.5,7/4/25,20250704_C10_04731.jpg
5333,C10,2025,7/11/25,8.0,7/11/25,20250711_C10_05333.jpg
4196,C10,2025,7/11/25,4.0,7/11/25,20250711_C10_04196.jpg
4339,C10,2025,7/19/25,4.0,7/18/25,20250718_C10_04339.jpg
3013,G3,2023,7/19/23,8.0,7/20/23,20230720_G3_03013.jpg
10384,I3B,2023,7/25/23,3.0,7/27/23,20230727_I3B_10384.jpg
847,C7B,2025,7/10/25,4.0,7/10/25,20250710_C7B_00847.jpg
9876,I3B,2023,7/12/23,4.5,7/13/23,20230713_I3B_09876.jpg
10797,I3B,2023,7/19/23,5.5,7/20/23,20230720_I3B_10797.jpg
5053,C10,2025,7/2/25,5.0,7/4/25,20250704_C10_05053.jpg
3202,G3,2023,7/19/23,4.0,7/20/23,20230720_G3_03202.jpg
9568,I3B,2023,7/12/23,7.0,7/13/23,20230713_I3B_09568.jpg
5254,C10,2025,7/2/25,5.5,7/4/25,20250704_C10_05254.jpg
4449,C10,2025,7/7/25,7.0,7/7/25,20250707_C10_04449.jpg
4974,C10,2025,7/11/25,4.0,7/11/25,20250711_C10_04974.jpg
159,C7B,2025,7/4/25,4.0,7/4/25,20250704_C7B_00159.jpg
11364,I3B,2023,7/19/23,6.0,7/20/23,20230720_I3B_11364.jpg
5876,C10,2025,7/1/25,5.0,6/28/25,20250628_C10_05876.jpg
4493,C10,2025,7/20/25,2.0,7/21/25,20250721_C10_04493.jpg
7325,G3,2023,7/20/23,7.0,7/20/23,20230720_G3_07325.jpg
4448,C10,2025,7/19/25,2.0,7/18/25,20250718_C10_04448.jpg
5625,C10,2025,7/2/25,7.0,7/4/25,20250704_C10_05625.jpg
1842,C7B,2025,7/10/25,5.0,7/10/25,20250710_C7B_01842.jpg
1237,C7B,2025,7/18/25,2.5,7/18/25,20250718_C7B_01237.jpg
1586,C7B,2025,7/18/25,3.0,7/18/25,20250718_C7B_01586.jpg
2715,C7B,2025,7/8/25,7.5,7/7/25,20250707_C7B_02715.jpg
5405,C10,2025,7/20/25,3.5,7/21/25,20250721_C10_05405.jpg
706,C7B,2025,7/18/25,4.0,7/18/25,20250718_C7B_00706.jpg
821,C7B,2025,7/18/25,4.0,7/18/25,20250718_C7B_00821.jpg
4135,C10,2025,7/11/25,4.0,7/11/25,20250711_C10_04135.jpg
662,C7B,2025,6/30/25,7.5,7/1/25,20250701_C7B_00662.jpg
292,C7B,2025,6/30/25,6.0,7/1/25,20250701_C7B_00292.jpg
7383,G3,2023,7/20/23,8.0,7/20/23,20230720_G3_07383.jpg
1738,C7B,2025,7/7/25,7.5,7/7/25,20250707_C7B_01738.jpg
4000,C10,2025,7/7/25,7.0,7/7/25,20250707_C10_04000.jpg
3090,G3,2023,7/19/23,4.5,7/20/23,20230720_G3_03090.jpg
518,C7B,2025,7/10/25,7.0,7/10/25,20250710_C7B_00518.jpg
9569,I3B,2023,7/12/23,6.0,7/13/23,20230713_I3B_09569.jpg
331,C7B,2025,7/10/25,7.0,7/10/25,20250710_C7B_00331.jpg
4598,C10,2025,7/20/25,2.0,7/21/25,20250721_C10_04598.jpg
6769,C10,2025,7/8/25,7.5,7/7/25,20250707_C10_06769.jpg
2866,C7B,2025,7/8/25,7.0,7/7/25,20250707_C7B_02866.jpg
4046,C10,2025,6/30/25,7.5,6/28/25,20250628_C10_04046.jpg
5631,C10,2025,7/20/25,3.0,7/21/25,20250721_C10_05631.jpg
5577,C10,2025,7/11/25,4.5,7/11/25,20250711_C10_05577.jpg
4695,C10,2025,7/11/25,4.0,7/11/25,20250711_C10_04695.jpg
2838,C7B,2025,6/30/25,7.5,7/1/25,20250701_C7B_02838.jpg
11275,I3B,2023,7/19/23,7.0,7/20/23,20230720_I3B_11275.jpg
5501,C10,2025,7/11/25,5.0,7/11/25,20250711_C10_05501.jpg
1889,C7B,2025,7/7/25,4.0,7/7/25,20250707_C7B_01889.jpg
11082,I3B,2023,7/12/23,7.0,7/13/23,20230713_I3B_11082.jpg
1047,C7B,2025,7/1/25,7.5,7/1/25,20250701_C7B_01047.jpg
5941,C10,2025,7/8/25,5.5,7/7/25,20250707_C10_05941.jpg
1321,C7B,2025,7/18/25,2.0,7/18/25,20250718_C7B_01321.jpg
532,C7B,2025,7/18/25,3.0,7/18/25,20250718_C7B_00532.jpg
11146,I3B,2023,7/12/23,6.0,7/13/23,20230713_I3B_11146.jpg
4689,C10,2025,7/11/25,5.0,7/11/25,20250711_C10_04689.jpg
4212,C10,2025,7/19/25,1.5,7/18/25,20250718_C10_04212.jpg
5646,C10,2025,7/11/25,5.0,7/11/25,20250711_C10_05646.jpg
212,C7B,2025,7/10/25,3.5,7/10/25,20250710_C7B_00212.jpg
1000,C7B,2025,7/10/25,5.0,7/10/25,20250710_C7B_01000.jpg
1181,C7B,2025,7/10/25,5.0,7/10/25,20250710_C7B_01181.jpg
1695,C7B,2025,7/19/25,6.5,7/18/25,20250718_C7B_01695.jpg
1001,C7B,2025,7/18/25,2.5,7/18/25,20250718_C7B_01001.jpg
5845,C10,2025,7/8/25,7.0,7/7/25,20250707_C10_05845.jpg
248,C7B,2025,7/18/25,5.5,7/18/25,20250718_C7B_00248.jpg
4276,C10,2025,7/11/25,7.5,7/11/25,20250711_C10_04276.jpg
2717,C7B,2025,7/8/25,8.0,7/7/25,20250707_C7B_02717.jpg
9982,I3B,2023,7/12/23,5.0,7/13/23,20230713_I3B_09982.jpg
4891,C10,2025,7/2/25,6.0,7/4/25,20250704_C10_04891.jpg
10898,I3B,2023,7/19/23,5.0,7/20/23,20230720_I3B_10898.jpg
4585,C10,2025,7/11/25,5.0,7/11/25,20250711_C10_04585.jpg
1885,C7B,2025,7/1/25,6.0,7/1/25,20250701_C7B_01885.jpg
10814,I3B,2023,7/19/23,4.0,7/20/23,20230720_I3B_10814.jpg
5811,C10,2025,7/19/25,2.0,7/18/25,20250718_C10_05811.jpg
3064,G3,2023,7/26/23,8.0,7/27/23,20230727_G3_03064.jpg
4094,C10,2025,7/7/25,7.5,7/7/25,20250707_C10_04094.jpg
681,C7B,2025,7/10/25,7.5,7/10/25,20250710_C7B_00681.jpg
5912,C10,2025,7/19/25,3.0,7/18/25,20250718_C10_05912.jpg
80,C7B,2025,7/4/25,5.5,7/4/25,20250704_C7B_00080.jpg
5001,C10,2025,7/11/25,5.0,7/11/25,20250711_C10_05001.jpg
4272,C10,2025,7/7/25,6.0,7/7/25,20250707_C10_04272.jpg
2860,C7B,2025,7/18/25,5.0,7/18/25,20250718_C7B_02860.jpg
6777,C10,2025,7/18/25,7.5,7/18/25,20250718_C10_06777.jpg
946,C7B,2025,7/10/25,8.0,7/10/25,20250710_C7B_00946.jpg
64,C7B,2025,6/30/25,7.0,7/1/25,20250701_C7B_00064.jpg
7395,G3,2023,7/26/23,6.5,7/27/23,20230727_G3_07395.jpg
5653,C10,2025,7/20/25,2.0,7/21/25,20250721_C10_05653.jpg
1506,C7B,2025,7/10/25,5.0,7/10/25,20250710_C7B_01506.jpg
891,C7B,2025,7/1/25,6.0,7/1/25,20250701_C7B_00891.jpg
11265,I3B,2023,7/19/23,6.5,7/20/23,20230720_I3B_11265.jpg
5983,C10,2025,7/11/25,4.0,7/11/25,20250711_C10_05983.jpg
9828,I3B,2023,7/12/23,5.5,7/13/23,20230713_I3B_09828.jpg
4188,C10,2025,6/30/25,6.5,6/28/25,20250628_C10_04188.jpg
5032,C10,2025,7/11/25,4.0,7/11/25,20250711_C10_05032.jpg
4296,C10,2025,7/11/25,4.5,7/11/25,20250711_C10_04296.jpg
1454,C7B,2025,7/10/25,4.0,7/10/25,20250710_C7B_01454.jpg
264,C7B,2025,6/30/25,5.5,7/1/25,20250701_C7B_00264.jpg
6850,C10,2025,6/30/25,8.0,6/28/25,20250628_C10_06850.jpg
6028,C10,2025,7/19/25,4.0,7/18/25,20250718_C10_06028.jpg
697,C7B,2025,7/10/25,4.0,7/10/25,20250710_C7B_00697.jpg
298,C7B,2025,7/18/25,4.0,7/18/25,20250718_C7B_00298.jpg
908,C7B,2025,7/18/25,4.5,7/18/25,20250718_C7B_00908.jpg
5650,C10,2025,7/20/25,4.0,7/21/25,20250721_C10_05650.jpg
10338,I3B,2023,7/25/23,3.5,7/27/23,20230727_I3B_10338.jpg
1820,C7B,2025,7/7/25,5.5,7/7/25,20250707_C7B_01820.jpg
5196,C10,2025,7/11/25,6.5,7/11/25,20250711_C10_05196.jpg
1667,C7B,2025,7/19/25,4.5,7/18/25,20250718_C7B_01667.jpg
4791,C10,2025,7/20/25,3.0,7/21/25,20250721_C10_04791.jpg
4495,C10,2025,7/20/25,2.0,7/21/25,20250721_C10_04495.jpg
394,C7B,2025,6/30/25,6.0,7/1/25,20250701_C7B_00394.jpg
1048,C7B,2025,7/10/25,6.0,7/10/25,20250710_C7B_01048.jpg
10294,I3B,2023,7/25/23,4.5,7/27/23,20230727_I3B_10294.jpg
4538,C10,2025,7/20/25,2.0,7/21/25,20250721_C10_04538.jpg
1575,C7B,2025,7/18/25,2.0,7/18/25,20250718_C7B_01575.jpg
255,C7B,2025,7/10/25,6.0,7/10/25,20250710_C7B_00255.jpg
5060,C10,2025,7/2/25,7.0,7/4/25,20250704_C10_05060.jpg
5957,C10,2025,7/8/25,4.0,7/7/25,20250707_C10_05957.jpg
10785,I3B,2023,7/19/23,5.5,7/20/23,20230720_I3B_10785.jpg
5144,C10,2025,7/20/25,3.0,7/21/25,20250721_C10_05144.jpg
4808,C10,2025,7/20/25,3.0,7/21/25,20250721_C10_04808.jpg
11223,I3B,2023,7/19/23,6.0,7/20/23,20230720_I3B_11223.jpg
1978,C7B,2025,7/1/25,7.0,7/1/25,20250701_C7B_01978.jpg
4203,C10,2025,6/30/25,7.5,6/28/25,20250628_C10_04203.jpg
4761,C10,2025,7/11/25,5.0,7/11/25,20250711_C10_04761.jpg
1083,C7B,2025,7/18/25,3.0,7/18/25,20250718_C7B_01083.jpg
2731,C7B,2025,7/18/25,6.0,7/18/25,20250718_C7B_02731.jpg
472,C7B,2025,7/18/25,5.0,7/18/25,20250718_C7B_00472.jpg
436,C7B,2025,7/18/25,6.0,7/18/25,20250718_C7B_00436.jpg
4565,C10,2025,7/2/25,5.5,7/4/25,20250704_C10_04565.jpg
1289,C7B,2025,7/10/25,4.0,7/10/25,20250710_C7B_01289.jpg
1247,C7B,2025,7/10/25,3.0,7/10/25,20250710_C7B_01247.jpg
4509,C10,2025,7/20/25,4.0,7/21/25,20250721_C10_04509.jpg
713,C7B,2025,6/30/25,7.0,7/1/25,20250701_C7B_00713.jpg
1932,C7B,2025,7/7/25,6.0,7/7/25,20250707_C7B_01932.jpg
4800,C10,2025,7/2/25,7.0,7/4/25,20250704_C10_04800.jpg
5030,C10,2025,7/2/25,5.5,7/4/25,20250704_C10_05030.jpg
4331,C10,2025,7/19/25,3.5,7/18/25,20250718_C10_04331.jpg
1753,C7B,2025,7/7/25,4.5,7/7/25,20250707_C7B_01753.jpg
5786,C10,2025,7/19/25,2.0,7/18/25,20250718_C10_05786.jpg
5672,C10,2025,7/8/25,5.5,7/7/25,20250707_C10_05672.jpg
5324,C10,2025,7/20/25,2.5,7/21/25,20250721_C10_05324.jpg
4825,C10,2025,7/20/25,2.0,7/21/25,20250721_C10_04825.jpg
381,C7B,2025,6/30/25,5.5,7/1/25,20250701_C7B_00381.jpg
4407,C10,2025,7/7/25,7.0,7/7/25,20250707_C10_04407.jpg
1746,C7B,2025,7/10/25,6.5,7/10/25,20250710_C7B_01746.jpg
462,C7B,2025,7/10/25,5.0,7/10/25,20250710_C7B_00462.jpg
5820,C10,2025,7/1/25,7.0,6/28/25,20250628_C10_05820.jpg
11255,I3B,2023,7/19/23,5.5,7/20/23,20230720_I3B_11255.jpg
10283,I3B,2023,7/25/23,3.0,7/27/23,20230727_I3B_10283.jpg
1542,C7B,2025,7/18/25,3.0,7/18/25,20250718_C7B_01542.jpg
819,C7B,2025,7/1/25,7.0,7/1/25,20250701_C7B_00819.jpg
4729,C10,2025,7/20/25,2.5,7/21/25,20250721_C10_04729.jpg
4194,C10,2025,7/7/25,5.0,7/7/25,20250707_C10_04194.jpg
2670,C7B,2025,6/30/25,9.0,7/1/25,20250701_C7B_02670.jpg
4257,C10,2025,7/19/25,3.0,7/18/25,20250718_C10_04257.jpg
1014,C7B,2025,7/1/25,6.0,7/1/25,20250701_C7B_01014.jpg
5360,C10,2025,7/2/25,5.5,7/4/25,20250704_C10_05360.jpg
1088,C7B,2025,7/10/25,5.0,7/10/25,20250710_C7B_01088.jpg
10037,I3B,2023,7/12/23,4.5,7/13/23,20230713_I3B_10037.jpg
1937,C7B,2025,7/1/25,6.0,7/1/25,20250701_C7B_01937.jpg
5788,C10,2025,7/19/25,3.0,7/18/25,20250718_C10_05788.jpg
6717,C10,2025,7/14/25,7.5,7/14/25,20250714_C10_06717.jpg
4433,C10,2025,7/7/25,5.0,7/7/25,20250707_C10_04433.jpg
5565,C10,2025,7/20/25,3.0,7/21/25,20250721_C10_05565.jpg
4228,C10,2025,7/19/25,3.5,7/18/25,20250718_C10_04228.jpg
6001,C10,2025,7/2/25,7.5,7/4/25,20250704_C10_06001.jpg
2834,C7B,2025,7/8/25,7.5,7/7/25,20250707_C7B_02834.jpg
890,C7B,2025,7/1/25,7.0,7/1/25,20250701_C7B_00890.jpg
1802,C7B,2025,7/19/25,3.0,7/18/25,20250718_C7B_01802.jpg
6843,C10,2025,7/3/25,7.5,7/4/25,20250704_C10_06843.jpg
2773,C7B,2025,7/8/25,8.0,7/7/25,20250707_C7B_02773.jpg
5261,C10,2025,7/20/25,1.5,7/21/25,20250721_C10_05261.jpg
7418,G3,2023,7/20/23,7.0,7/20/23,20230720_G3_07418.jpg
4464,C10,2025,7/20/25,2.0,7/21/25,20250721_C10_04464.jpg
1963,C7B,2025,7/19/25,3.0,7/18/25,20250718_C7B_01963.jpg
1788,C7B,2025,7/10/25,7.5,7/10/25,20250710_C7B_01788.jpg
4127,C10,2025,7/19/25,6.0,7/18/25,20250718_C10_04127.jpg
835,C7B,2025,7/18/25,3.0,7/18/25,20250718_C7B_00835.jpg
7470,G3,2023,7/20/23,6.5,7/20/23,20230720_G3_07470.jpg
87,C7B,2025,7/4/25,6.0,7/4/25,20250704_C7B_00087.jpg
777,C7B,2025,6/30/25,7.0,7/1/25,20250701_C7B_00777.jpg
5106,C10,2025,7/20/25,3.0,7/21/25,20250721_C10_05106.jpg
9737,I3B,2023,7/12/23,4.5,7/13/23,20230713_I3B_09737.jpg
5157,C10,2025,7/11/25,4.0,7/11/25,20250711_C10_05157.jpg
4655,C10,2025,7/20/25,2.0,7/21/25,20250721_C10_04655.jpg
5629,C10,2025,7/11/25,4.0,7/11/25,20250711_C10_05629.jpg
5785,C10,2025,7/19/25,2.0,7/18/25,20250718_C10_05785.jpg
1227,C7B,2025,7/10/25,4.0,7/10/25,20250710_C7B_01227.jpg
6875,C10,2025,7/3/25,7.5,7/4/25,20250704_C10_06875.jpg
1972,C7B,2025,7/10/25,7.0,7/10/25,20250710_C7B_01972.jpg
4759,C10,2025,7/11/25,5.0,7/11/25,20250711_C10_04759.jpg
6866,C10,2025,7/8/25,7.5,7/7/25,20250707_C10_06866.jpg
1486,C7B,2025,7/1/25,7.0,7/1/25,20250701_C7B_01486.jpg
5707,C10,2025,7/8/25,4.5,7/7/25,20250707_C10_05707.jpg
188,C7B,2025,6/30/25,7.5,7/1/25,20250701_C7B_00188.jpg
5343,C10,2025,7/20/25,2.5,7/21/25,20250721_C10_05343.jpg
2774,C7B,2025,7/8/25,7.5,7/7/25,20250707_C7B_02774.jpg
6808,C10,2025,7/3/25,7.5,7/4/25,20250704_C10_06808.jpg
1993,C7B,2025,7/7/25,7.0,7/7/25,20250707_C7B_01993.jpg
4570,C10,2025,7/20/25,2.5,7/21/25,20250721_C10_04570.jpg
7527,G3,2023,7/20/23,5.5,7/20/23,20230720_G3_07527.jpg
1886,C7B,2025,7/19/25,3.0,7/18/25,20250718_C7B_01886.jpg
4365,C10,2025,7/7/25,5.0,7/7/25,20250707_C10_04365.jpg
4805,C10,2025,7/20/25,2.0,7/21/25,20250721_C10_04805.jpg
1530,C7B,2025,7/1/25,7.0,7/1/25,20250701_C7B_01530.jpg
8001,G3,2023,7/26/23,5.0,7/27/23,20230727_G3_08001.jpg
1919,C7B,2025,7/1/25,6.5,7/1/25,20250701_C7B_01919.jpg
98,C7B,2025,6/30/25,7.0,7/1/25,20250701_C7B_00098.jpg
3169,G3,2023,7/19/23,7.5,7/20/23,20230720_G3_03169.jpg
4627,C10,2025,7/20/25,2.0,7/21/25,20250721_C10_04627.jpg
5437,C10,2025,7/11/25,4.0,7/11/25,20250711_C10_05437.jpg
5954,C10,2025,7/11/25,3.5,7/11/25,20250711_C10_05954.jpg
4292,C10,2025,6/30/25,6.0,6/28/25,20250628_C10_04292.jpg
5097,C10,2025,7/20/25,3.0,7/21/25,20250721_C10_05097.jpg
555,C7B,2025,7/10/25,4.0,7/10/25,20250710_C7B_00555.jpg
239,C7B,2025,6/30/25,7.0,7/1/25,20250701_C7B_00239.jpg
5578,C10,2025,7/20/25,2.5,7/21/25,20250721_C10_05578.jpg
471,C7B,2025,7/18/25,3.5,7/18/25,20250718_C7B_00471.jpg
640,C7B,2025,7/18/25,6.0,7/18/25,20250718_C7B_00640.jpg
1720,C7B,2025,7/7/25,5.0,7/7/25,20250707_C7B_01720.jpg
535,C7B,2025,6/30/25,6.5,7/1/25,20250701_C7B_00535.jpg
2637,C7B,2025,6/30/25,7.0,7/1/25,20250701_C7B_02637.jpg
1074,C7B,2025,7/18/25,5.0,7/18/25,20250718_C7B_01074.jpg
2039,C7B,2025,7/7/25,7.5,7/7/25,20250707_C7B_02039.jpg
445,C7B,2025,7/18/25,4.5,7/18/25,20250718_C7B_00445.jpg
2686,C7B,2025,6/30/25,8.5,7/1/25,20250701_C7B_02686.jpg
4187,C10,2025,7/11/25,5.5,7/11/25,20250711_C10_04187.jpg
4924,C10,2025,7/20/25,2.0,7/21/25,20250721_C10_04924.jpg
6742,C10,2025,7/3/25,6.5,7/4/25,20250704_C10_06742.jpg
11040,I3B,2023,7/12/23,7.5,7/13/23,20230713_I3B_11040.jpg
5311,C10,2025,7/20/25,4.0,7/21/25,20250721_C10_05311.jpg
1602,C7B,2025,7/10/25,5.0,7/10/25,20250710_C7B_01602.jpg
2703,C7B,2025,7/8/25,8.0,7/7/25,20250707_C7B_02703.jpg
1075,C7B,2025,7/18/25,5.0,7/18/25,20250718_C7B_01075.jpg
1564,C7B,2025,7/10/25,5.5,7/10/25,20250710_C7B_01564.jpg
4079,C10,2025,7/19/25,4.0,7/18/25,20250718_C10_04079.jpg
1152,C7B,2025,7/18/25,4.5,7/18/25,20250718_C7B_01152.jpg
5241,C10,2025,7/20/25,3.0,7/21/25,20250721_C10_05241.jpg
4650,C10,2025,7/11/25,5.0,7/11/25,20250711_C10_04650.jpg
2693,C7B,2025,7/18/25,8.0,7/18/25,20250718_C7B_02693.jpg
5112,C10,2025,7/2/25,6.5,7/4/25,20250704_C10_05112.jpg
5903,C10,2025,7/1/25,6.5,6/28/25,20250628_C10_05903.jpg
4763,C10,2025,7/11/25,5.0,7/11/25,20250711_C10_04763.jpg
9926,I3B,2023,7/12/23,5.0,7/13/23,20230713_I3B_09926.jpg
991,C7B,2025,7/1/25,6.0,7/1/25,20250701_C7B_00991.jpg
494,C7B,2025,6/30/25,6.5,7/1/25,20250701_C7B_00494.jpg
1297,C7B,2025,7/10/25,4.0,7/10/25,20250710_C7B_01297.jpg
951,C7B,2025,7/1/25,7.0,7/1/25,20250701_C7B_00951.jpg
4297,C10,2025,7/11/25,5.5,7/11/25,20250711_C10_04297.jpg
5277,C10,2025,7/2/25,4.5,7/4/25,20250704_C10_05277.jpg
1296,C7B,2025,7/18/25,2.0,7/18/25,20250718_C7B_01296.jpg
1764,C7B,2025,7/7/25,7.5,7/7/25,20250707_C7B_01764.jpg
1121,C7B,2025,7/1/25,7.5,7/1/25,20250701_C7B_01121.jpg
5491,C10,2025,7/20/25,3.0,7/21/25,20250721_C10_05491.jpg
6737,C10,2025,6/30/25,8.5,6/28/25,20250628_C10_06737.jpg
4609,C10,2025,7/20/25,2.0,7/21/25,20250721_C10_04609.jpg
5528,C10,2025,7/20/25,3.5,7/21/25,20250721_C10_05528.jpg
4587,C10,2025,7/20/25,1.5,7/21/25,20250721_C10_04587.jpg
911,C7B,2025,7/1/25,7.5,7/1/25,20250701_C7B_00911.jpg
1309,C7B,2025,7/1/25,5.5,7/1/25,20250701_C7B_01309.jpg
5670,C10,2025,7/8/25,6.0,7/7/25,20250707_C10_05670.jpg
334,C7B,2025,7/4/25,5.0,7/4/25,20250704_C7B_00334.jpg
5964,C10,2025,7/11/25,6.5,7/11/25,20250711_C10_05964.jpg
5994,C10,2025,7/11/25,6.5,7/11/25,20250711_C10_05994.jpg
5791,C10,2025,7/19/25,2.5,7/18/25,20250718_C10_05791.jpg
4317,C10,2025,7/19/25,3.0,7/18/25,20250718_C10_04317.jpg
6794,C10,2025,7/8/25,8.0,7/7/25,20250707_C10_06794.jpg
2769,C7B,2025,7/18/25,7.0,7/18/25,20250718_C7B_02769.jpg
7230,G3,2023,7/19/23,7.5,7/20/23,20230720_G3_07230.jpg
414,C7B,2025,7/4/25,5.0,7/4/25,20250704_C7B_00414.jpg
4025,C10,2025,7/11/25,5.0,7/11/25,20250711_C10_04025.jpg
3011,G3,2023,7/19/23,7.0,7/20/23,20230720_G3_03011.jpg
5138,C10,2025,7/2/25,5.0,7/4/25,20250704_C10_05138.jpg
4075,C10,2025,7/11/25,3.5,7/11/25,20250711_C10_04075.jpg
5029,C10,2025,7/2/25,7.0,7/4/25,20250704_C10_05029.jpg
2666,C7B,2025,7/18/25,7.5,7/18/25,20250718_C7B_02666.jpg
624,C7B,2025,6/30/25,6.5,7/1/25,20250701_C7B_00624.jpg
8061,G3,2023,7/26/23,3.0,7/27/23,20230727_G3_08061.jpg
5813,C10,2025,7/8/25,5.5,7/7/25,20250707_C10_05813.jpg
4565,C10,2025,7/11/25,5.0,7/11/25,20250711_C10_04565.jpg
358,C7B,2025,7/10/25,4.0,7/10/25,20250710_C7B_00358.jpg
3087,G3,2023,7/19/23,8.5,7/20/23,20230720_G3_03087.jpg
304,C7B,2025,6/30/25,6.5,7/1/25,20250701_C7B_00304.jpg
4356,C10,2025,7/7/25,5.0,7/7/25,20250707_C10_04356.jpg
3117,G3,2023,7/19/23,8.0,7/20/23,20230720_G3_03117.jpg
1202,C7B,2025,7/10/25,4.0,7/10/25,20250710_C7B_01202.jpg
5599,C10,2025,7/2/25,7.0,7/4/25,20250704_C10_05599.jpg
370,C7B,2025,6/30/25,6.0,7/1/25,20250701_C7B_00370.jpg
4847,C10,2025,7/20/25,4.0,7/21/25,20250721_C10_04847.jpg
4187,C10,2025,7/19/25,2.0,7/18/25,20250718_C10_04187.jpg
10264,I3B,2023,7/25/23,6.0,7/27/23,20230727_I3B_10264.jpg
1160,C7B,2025,7/1/25,7.5,7/1/25,20250701_C7B_01160.jpg
10940,I3B,2023,7/19/23,5.5,7/20/23,20230720_I3B_10940.jpg
4243,C10,2025,6/30/25,8.0,6/28/25,20250628_C10_04243.jpg
1984,C7B,2025,7/1/25,5.0,7/1/25,20250701_C7B_01984.jpg
1796,C7B,2025,7/10/25,5.5,7/10/25,20250710_C7B_01796.jpg
1477,C7B,2025,7/18/25,2.0,7/18/25,20250718_C7B_01477.jpg
4586,C10,2025,7/2/25,5.5,7/4/25,20250704_C10_04586.jpg
166,C7B,2025,7/10/25,6.0,7/10/25,20250710_C7B_00166.jpg
4060,C10,2025,7/7/25,6.0,7/7/25,20250707_C10_04060.jpg
5813,C10,2025,7/11/25,5.5,7/11/25,20250711_C10_05813.jpg
8067,G3,2023,7/19/23,6.0,7/20/23,20230720_G3_08067.jpg
6799,C10,2025,7/18/25,5.0,7/18/25,20250718_C10_06799.jpg
11354,I3B,2023,7/19/23,5.5,7/20/23,20230720_I3B_11354.jpg
1875,C7B,2025,7/10/25,6.0,7/10/25,20250710_C7B_01875.jpg
4298,C10,2025,6/30/25,7.0,6/28/25,20250628_C10_04298.jpg
4343,C10,2025,7/7/25,5.5,7/7/25,20250707_C10_04343.jpg
6785,C10,2025,7/18/25,7.5,7/18/25,20250718_C10_06785.jpg
609,C7B,2025,6/30/25,5.0,7/1/25,20250701_C7B_00609.jpg
4353,C10,2025,7/7/25,7.0,7/7/25,20250707_C10_04353.jpg
2733,C7B,2025,7/8/25,8.5,7/7/25,20250707_C7B_02733.jpg
253,C7B,2025,7/18/25,4.0,7/18/25,20250718_C7B_00253.jpg
9630,I3B,2023,7/12/23,7.0,7/13/23,20230713_I3B_09630.jpg
4643,C10,2025,7/20/25,3.0,7/21/25,20250721_C10_04643.jpg
6012,C10,2025,7/19/25,3.0,7/18/25,20250718_C10_06012.jpg
696,C7B,2025,7/10/25,3.5,7/10/25,20250710_C7B_00696.jpg
6832,C10,2025,7/18/25,8.0,7/18/25,20250718_C10_06832.jpg
5435,C10,2025,7/11/25,5.0,7/11/25,20250711_C10_05435.jpg
1370,C7B,2025,7/18/25,2.5,7/18/25,20250718_C7B_01370.jpg
1628,C7B,2025,7/1/25,6.0,7/1/25,20250701_C7B_01628.jpg
1676,C7B,2025,7/10/25,4.0,7/10/25,20250710_C7B_01676.jpg
424,C7B,2025,6/30/25,6.0,7/1/25,20250701_C7B_00424.jpg
2001,C7B,2025,7/19/25,3.0,7/18/25,20250718_C7B_02001.jpg
654,C7B,2025,7/18/25,4.0,7/18/25,20250718_C7B_00654.jpg
5485,C10,2025,7/11/25,4.0,7/11/25,20250711_C10_05485.jpg
5821,C10,2025,7/8/25,7.5,7/7/25,20250707_C10_05821.jpg
11194,I3B,2023,7/19/23,5.5,7/20/23,20230720_I3B_11194.jpg
9785,I3B,2023,7/12/23,5.0,7/13/23,20230713_I3B_09785.jpg
11291,I3B,2023,7/19/23,6.5,7/20/23,20230720_I3B_11291.jpg
1886,C7B,2025,7/7/25,6.0,7/7/25,20250707_C7B_01886.jpg
9,C7B,2025,6/30/25,8.0,7/1/25,20250701_C7B_00009.jpg
1574,C7B,2025,7/10/25,6.5,7/10/25,20250710_C7B_01574.jpg
723,C7B,2025,7/18/25,3.0,7/18/25,20250718_C7B_00723.jpg
8064,G3,2023,7/26/23,5.0,7/27/23,20230727_G3_08064.jpg
1984,C7B,2025,7/10/25,5.5,7/10/25,20250710_C7B_01984.jpg
4983,C10,2025,7/11/25,4.0,7/11/25,20250711_C10_04983.jpg
375,C7B,2025,7/4/25,5.0,7/4/25,20250704_C7B_00375.jpg
1641,C7B,2025,7/18/25,3.0,7/18/25,20250718_C7B_01641.jpg
1731,C7B,2025,7/19/25,3.5,7/18/25,20250718_C7B_01731.jpg
4769,C10,2025,7/2/25,5.0,7/4/25,20250704_C10_04769.jpg
4341,C10,2025,7/7/25,7.0,7/7/25,20250707_C10_04341.jpg
4102,C10,2025,7/19/25,4.5,7/18/25,20250718_C10_04102.jpg
449,C7B,2025,7/18/25,3.5,7/18/25,20250718_C7B_00449.jpg
4709,C10,2025,7/2/25,5.5,7/4/25,20250704_C10_04709.jpg
2661,C7B,2025,7/8/25,7.5,7/7/25,20250707_C7B_02661.jpg
272,C7B,2025,7/18/25,3.5,7/18/25,20250718_C7B_00272.jpg
1812,C7B,2025,7/19/25,3.0,7/18/25,20250718_C7B_01812.jpg
2761,C7B,2025,6/30/25,8.0,7/1/25,20250701_C7B_02761.jpg
2021,C7B,2025,7/19/25,2.0,7/18/25,20250718_C7B_02021.jpg
404,C7B,2025,6/30/25,7.0,7/1/25,20250701_C7B_00404.jpg
6809,C10,2025,7/8/25,6.5,7/7/25,20250707_C10_06809.jpg
2662,C7B,2025,7/8/25,5.0,7/7/25,20250707_C7B_02662.jpg
879,C7B,2025,7/18/25,2.5,7/18/25,20250718_C7B_00879.jpg
4097,C10,2025,6/30/25,7.0,6/28/25,20250628_C10_04097.jpg
4589,C10,2025,7/11/25,4.0,7/11/25,20250711_C10_04589.jpg
479,C7B,2025,6/30/25,7.0,7/1/25,20250701_C7B_00479.jpg
3048,G3,2023,7/19/23,5.5,7/20/23,20230720_G3_03048.jpg
9745,I3B,2023,7/12/23,5.0,7/13/23,20230713_I3B_09745.jpg
2690,C7B,2025,6/30/25,8.5,7/1/25,20250701_C7B_02690.jpg
761,C7B,2025,6/30/25,7.5,7/1/25,20250701_C7B_00761.jpg
1027,C7B,2025,7/10/25,4.0,7/10/25,20250710_C7B_01027.jpg
5935,C10,2025,7/8/25,5.0,7/7/25,20250707_C10_05935.jpg
1164,C7B,2025,7/10/25,6.0,7/10/25,20250710_C7B_01164.jpg
4067,C10,2025,7/7/25,7.5,7/7/25,20250707_C10_04067.jpg
155,C7B,2025,6/30/25,6.0,7/1/25,20250701_C7B_00155.jpg
4016,C10,2025,7/7/25,6.5,7/7/25,20250707_C10_04016.jpg
663,C7B,2025,6/30/25,7.0,7/1/25,20250701_C7B_00663.jpg
5956,C10,2025,7/8/25,4.0,7/7/25,20250707_C10_05956.jpg
4573,C10,2025,7/11/25,4.0,7/11/25,20250711_C10_04573.jpg
1,C7B,2025,6/30/25,7.5,7/1/25,20250701_C7B_00001.jpg
138,C7B,2025,7/4/25,7.5,7/4/25,20250704_C7B_00138.jpg
4910,C10,2025,7/2/25,6.0,7/4/25,20250704_C10_04910.jpg
5929,C10,2025,7/8/25,5.0,7/7/25,20250707_C10_05929.jpg
1895,C7B,2025,7/19/25,4.0,7/18/25,20250718_C7B_01895.jpg
6013,C10,2025,7/8/25,5.0,7/7/25,20250707_C10_06013.jpg
5665,C10,2025,7/1/25,5.5,6/28/25,20250628_C10_05665.jpg
4818,C10,2025,7/2/25,6.0,7/4/25,20250704_C10_04818.jpg
4557,C10,2025,7/20/25,2.0,7/21/25,20250721_C10_04557.jpg
4044,C10,2025,7/19/25,5.5,7/18/25,20250718_C10_04044.jpg
896,C7B,2025,7/1/25,7.0,7/1/25,20250701_C7B_00896.jpg
1117,C7B,2025,7/1/25,7.0,7/1/25,20250701_C7B_01117.jpg
6826,C10,2025,7/18/25,6.0,7/18/25,20250718_C10_06826.jpg
5668,C10,2025,7/8/25,7.0,7/7/25,20250707_C10_05668.jpg
799,C7B,2025,6/30/25,7.0,7/1/25,20250701_C7B_00799.jpg
814,C7B,2025,7/18/25,2.0,7/18/25,20250718_C7B_00814.jpg
4086,C10,2025,7/11/25,6.5,7/11/25,20250711_C10_04086.jpg
7237,G3,2023,7/19/23,5.0,7/20/23,20230720_G3_07237.jpg
290,C7B,2025,6/30/25,6.0,7/1/25,20250701_C7B_00290.jpg
5941,C10,2025,7/11/25,6.0,7/11/25,20250711_C10_05941.jpg
5629,C10,2025,7/20/25,2.0,7/21/25,20250721_C10_05629.jpg
9685,I3B,2023,7/12/23,5.5,7/13/23,20230713_I3B_09685.jpg
1042,C7B,2025,7/10/25,8.0,7/10/25,20250710_C7B_01042.jpg
5334,C10,2025,7/2/25,7.0,7/4/25,20250704_C10_05334.jpg
7512,G3,2023,7/26/23,4.5,7/27/23,20230727_G3_07512.jpg
1506,C7B,2025,7/18/25,3.0,7/18/25,20250718_C7B_01506.jpg
1982,C7B,2025,7/1/25,5.0,7/1/25,20250701_C7B_01982.jpg
4778,C10,2025,7/20/25,2.0,7/21/25,20250721_C10_04778.jpg
815,C7B,2025,7/1/25,7.5,7/1/25,20250701_C7B_00815.jpg
257,C7B,2025,7/10/25,3.5,7/10/25,20250710_C7B_00257.jpg
5581,C10,2025,7/11/25,3.5,7/11/25,20250711_C10_05581.jpg
1890,C7B,2025,7/10/25,7.0,7/10/25,20250710_C7B_01890.jpg
899,C7B,2025,7/10/25,5.0,7/10/25,20250710_C7B_00899.jpg
5988,C10,2025,7/11/25,5.5,7/11/25,20250711_C10_05988.jpg
2672,C7B,2025,7/13/25,6.5,7/12/25,20250712_C7B_02672.jpg
8073,G3,2023,7/26/23,6.0,7/27/23,20230727_G3_08073.jpg
5510,C10,2025,7/2/25,5.5,7/4/25,20250704_C10_05510.jpg
14,C7B,2025,7/11/25,6.5,7/10/25,20250710_C7B_00014.jpg
1619,C7B,2025,7/1/25,6.0,7/1/25,20250701_C7B_01619.jpg
4344,C10,2025,7/11/25,3.5,7/11/25,20250711_C10_04344.jpg
2047,C7B,2025,7/10/25,6.5,7/10/25,20250710_C7B_02047.jpg
1096,C7B,2025,7/1/25,6.0,7/1/25,20250701_C7B_01096.jpg
1854,C7B,2025,7/1/25,5.5,7/1/25,20250701_C7B_01854.jpg
2805,C7B,2025,7/8/25,7.0,7/7/25,20250707_C7B_02805.jpg
4525,C10,2025,7/20/25,1.5,7/21/25,20250721_C10_04525.jpg
300,C7B,2025,7/18/25,4.0,7/18/25,20250718_C7B_00300.jpg
5094,C10,2025,7/2/25,7.0,7/4/25,20250704_C10_05094.jpg
2871,C7B,2025,7/13/25,6.0,7/12/25,20250712_C7B_02871.jpg
11335,I3B,2023,7/19/23,7.5,7/20/23,20230720_I3B_11335.jpg
1793,C7B,2025,7/7/25,7.5,7/7/25,20250707_C7B_01793.jpg
8153,G3,2023,7/26/23,8.0,7/27/23,20230727_G3_08153.jpg
4984,C10,2025,7/11/25,5.0,7/11/25,20250711_C10_04984.jpg
6709,C10,2025,7/8/25,7.5,7/7/25,20250707_C10_06709.jpg
4255,C10,2025,7/11/25,5.0,7/11/25,20250711_C10_04255.jpg
9789,I3B,2023,7/12/23,5.0,7/13/23,20230713_I3B_09789.jpg
463,C7B,2025,6/30/25,6.0,7/1/25,20250701_C7B_00463.jpg
10957,I3B,2023,7/19/23,7.5,7/20/23,20230720_I3B_10957.jpg
2658,C7B,2025,7/13/25,7.5,7/12/25,20250712_C7B_02658.jpg
9624,I3B,2023,7/12/23,6.5,7/13/23,20230713_I3B_09624.jpg
4764,C10,2025,7/20/25,2.0,7/21/25,20250721_C10_04764.jpg
5440,C10,2025,7/2/25,6.0,7/4/25,20250704_C10_05440.jpg
5476,C10,2025,7/20/25,2.5,7/21/25,20250721_C10_05476.jpg
431,C7B,2025,7/18/25,2.0,7/18/25,20250718_C7B_00431.jpg
2032,C7B,2025,7/7/25,5.0,7/7/25,20250707_C7B_02032.jpg
44,C7B,2025,7/4/25,6.0,7/4/25,20250704_C7B_00044.jpg
2652,C7B,2025,6/30/25,8.0,7/1/25,20250701_C7B_02652.jpg
5064,C10,2025,7/11/25,4.5,7/11/25,20250711_C10_05064.jpg
6670,C10,2025,7/3/25,7.5,7/4/25,20250704_C10_06670.jpg
1708,C7B,2025,7/1/25,8.0,7/1/25,20250701_C7B_01708.jpg
526,C7B,2025,6/30/25,7.0,7/1/25,20250701_C7B_00526.jpg
1805,C7B,2025,7/7/25,8.0,7/7/25,20250707_C7B_01805.jpg
717,C7B,2025,7/10/25,7.0,7/10/25,20250710_C7B_00717.jpg
5957,C10,2025,7/19/25,2.0,7/18/25,20250718_C10_05957.jpg
5024,C10,2025,7/2/25,7.0,7/4/25,20250704_C10_05024.jpg
491,C7B,2025,7/18/25,3.5,7/18/25,20250718_C7B_00491.jpg
2862,C7B,2025,6/30/25,8.0,7/1/25,20250701_C7B_02862.jpg
5466,C10,2025,7/2/25,7.0,7/4/25,20250704_C10_05466.jpg
786,C7B,2025,7/10/25,5.0,7/10/25,20250710_C7B_00786.jpg
8114,G3,2023,7/20/23,8.0,7/20/23,20230720_G3_08114.jpg
2846,C7B,2025,6/30/25,7.5,7/1/25,20250701_C7B_02846.jpg
1193,C7B,2025,7/10/25,7.5,7/10/25,20250710_C7B_01193.jpg
2003,C7B,2025,7/10/25,6.5,7/10/25,20250710_C7B_02003.jpg
4713,C10,2025,7/2/25,6.0,7/4/25,20250704_C10_04713.jpg
1313,C7B,2025,7/18/25,3.5,7/18/25,20250718_C7B_01313.jpg
48,C7B,2025,7/4/25,8.0,7/4/25,20250704_C7B_00048.jpg
7246,G3,2023,7/26/23,5.0,7/27/23,20230727_G3_07246.jpg
7505,G3,2023,7/20/23,7.0,7/20/23,20230720_G3_07505.jpg
10904,I3B,2023,7/19/23,5.5,7/20/23,20230720_I3B_10904.jpg
3093,G3,2023,7/19/23,7.5,7/20/23,20230720_G3_03093.jpg
1107,C7B,2025,7/1/25,6.5,7/1/25,20250701_C7B_01107.jpg
4229,C10,2025,7/11/25,5.5,7/11/25,20250711_C10_04229.jpg
4125,C10,2025,7/7/25,5.0,7/7/25,20250707_C10_04125.jpg
9577,I3B,2023,7/12/23,7.0,7/13/23,20230713_I3B_09577.jpg
4008,C10,2025,7/19/25,5.0,7/18/25,20250718_C10_04008.jpg
4112,C10,2025,6/30/25,7.5,6/28/25,20250628_C10_04112.jpg
1112,C7B,2025,7/18/25,1.5,7/18/25,20250718_C7B_01112.jpg
4265,C10,2025,7/7/25,5.0,7/7/25,20250707_C10_04265.jpg
4624,C10,2025,7/20/25,2.5,7/21/25,20250721_C10_04624.jpg
10318,I3B,2023,7/25/23,6.0,7/27/23,20230727_I3B_10318.jpg
1554,C7B,2025,7/18/25,2.0,7/18/25,20250718_C7B_01554.jpg
5701,C10,2025,7/8/25,6.0,7/7/25,20250707_C10_05701.jpg
4709,C10,2025,7/11/25,4.0,7/11/25,20250711_C10_04709.jpg
1489,C7B,2025,7/10/25,4.0,7/10/25,20250710_C7B_01489.jpg
3025,G3,2023,7/19/23,8.0,7/20/23,20230720_G3_03025.jpg
5471,C10,2025,7/20/25,2.5,7/21/25,20250721_C10_05471.jpg
1259,C7B,2025,7/18/25,3.0,7/18/25,20250718_C7B_01259.jpg
1546,C7B,2025,7/18/25,4.0,7/18/25,20250718_C7B_01546.jpg
778,C7B,2025,7/10/25,5.0,7/10/25,20250710_C7B_00778.jpg
6660,C10,2025,7/3/25,8.0,7/4/25,20250704_C10_06660.jpg
5678,C10,2025,7/19/25,3.0,7/18/25,20250718_C10_05678.jpg
1317,C7B,2025,7/18/25,4.0,7/18/25,20250718_C7B_01317.jpg
4191,C10,2025,7/19/25,2.0,7/18/25,20250718_C10_04191.jpg
8083,G3,2023,7/20/23,6.5,7/20/23,20230720_G3_08083.jpg
2872,C7B,2025,7/13/25,4.0,7/12/25,20250712_C7B_02872.jpg
458,C7B,2025,7/10/25,5.5,7/10/25,20250710_C7B_00458.jpg
4506,C10,2025,7/11/25,4.0,7/11/25,20250711_C10_04506.jpg
11232,I3B,2023,7/19/23,6.0,7/20/23,20230720_I3B_11232.jpg
7480,G3,2023,7/20/23,7.0,7/20/23,20230720_G3_07480.jpg
901,C7B,2025,7/10/25,8.0,7/10/25,20250710_C7B_00901.jpg
1038,C7B,2025,7/18/25,4.0,7/18/25,20250718_C7B_01038.jpg
6665,C10,2025,7/3/25,8.0,7/4/25,20250704_C10_06665.jpg
6855,C10,2025,7/14/25,6.0,7/14/25,20250714_C10_06855.jpg
1836,C7B,2025,7/10/25,7.5,7/10/25,20250710_C7B_01836.jpg
336,C7B,2025,7/18/25,5.0,7/18/25,20250718_C7B_00336.jpg
349,C7B,2025,7/4/25,5.5,7/4/25,20250704_C7B_00349.jpg
10871,I3B,2023,7/19/23,5.5,7/20/23,20230720_I3B_10871.jpg
563,C7B,2025,7/18/25,4.0,7/18/25,20250718_C7B_00563.jpg
5391,C10,2025,7/2/25,7.0,7/4/25,20250704_C10_05391.jpg
1269,C7B,2025,7/18/25,2.0,7/18/25,20250718_C7B_01269.jpg
687,C7B,2025,7/10/25,7.5,7/10/25,20250710_C7B_00687.jpg
2697,C7B,2025,7/18/25,6.0,7/18/25,20250718_C7B_02697.jpg
1958,C7B,2025,7/1/25,8.0,7/1/25,20250701_C7B_01958.jpg
4059,C10,2025,6/30/25,6.5,6/28/25,20250628_C10_04059.jpg
2012,C7B,2025,7/10/25,3.5,7/10/25,20250710_C7B_02012.jpg
1925,C7B,2025,7/10/25,6.0,7/10/25,20250710_C7B_01925.jpg
5594,C10,2025,7/20/25,3.0,7/21/25,20250721_C10_05594.jpg
4779,C10,2025,7/20/25,2.0,7/21/25,20250721_C10_04779.jpg
4478,C10,2025,7/11/25,5.0,7/11/25,20250711_C10_04478.jpg
4619,C10,2025,7/2/25,6.0,7/4/25,20250704_C10_04619.jpg
5448,C10,2025,7/2/25,6.0,7/4/25,20250704_C10_05448.jpg
4540,C10,2025,7/11/25,5.0,7/11/25,20250711_C10_04540.jpg
6788,C10,2025,7/8/25,8.0,7/7/25,20250707_C10_06788.jpg
4917,C10,2025,7/20/25,2.0,7/21/25,20250721_C10_04917.jpg
251,C7B,2025,7/4/25,6.0,7/4/25,20250704_C7B_00251.jpg
582,C7B,2025,7/10/25,7.5,7/10/25,20250710_C7B_00582.jpg
5294,C10,2025,7/2/25,6.0,7/4/25,20250704_C10_05294.jpg
4010,C10,2025,7/19/25,5.0,7/18/25,20250718_C10_04010.jpg
4974,C10,2025,7/2/25,5.5,7/4/25,20250704_C10_04974.jpg
2749,C7B,2025,7/8/25,8.0,7/7/25,20250707_C7B_02749.jpg
369,C7B,2025,7/4/25,7.5,7/4/25,20250704_C7B_00369.jpg
3130,G3,2023,7/19/23,7.5,7/20/23,20230720_G3_03130.jpg
198,C7B,2025,7/4/25,5.0,7/4/25,20250704_C7B_00198.jpg
5487,C10,2025,7/2/25,5.5,7/4/25,20250704_C10_05487.jpg
1437,C7B,2025,7/18/25,2.0,7/18/25,20250718_C7B_01437.jpg
4618,C10,2025,7/11/25,4.0,7/11/25,20250711_C10_04618.jpg
7392,G3,2023,7/26/23,5.0,7/27/23,20230727_G3_07392.jpg
11060,I3B,2023,7/12/23,7.0,7/13/23,20230713_I3B_11060.jpg
4397,C10,2025,7/11/25,5.5,7/11/25,20250711_C10_04397.jpg
9879,I3B,2023,7/12/23,5.0,7/13/23,20230713_I3B_09879.jpg
34,C7B,2025,6/30/25,7.0,7/1/25,20250701_C7B_00034.jpg
2007,C7B,2025,7/19/25,4.0,7/18/25,20250718_C7B_02007.jpg
529,C7B,2025,7/18/25,3.0,7/18/25,20250718_C7B_00529.jpg
1826,C7B,2025,7/10/25,5.0,7/10/25,20250710_C7B_01826.jpg
5699,C10,2025,7/11/25,7.0,7/11/25,20250711_C10_05699.jpg
2825,C7B,2025,7/13/25,5.0,7/12/25,20250712_C7B_02825.jpg
7276,G3,2023,7/20/23,8.0,7/20/23,20230720_G3_07276.jpg
3001,G3,2023,7/19/23,8.0,7/20/23,20230720_G3_03001.jpg
5933,C10,2025,7/19/25,3.0,7/18/25,20250718_C10_05933.jpg
5068,C10,2025,7/20/25,2.0,7/21/25,20250721_C10_05068.jpg
5781,C10,2025,7/8/25,4.5,7/7/25,20250707_C10_05781.jpg
3014,G3,2023,7/19/23,8.0,7/20/23,20230720_G3_03014.jpg
940,C7B,2025,7/1/25,5.5,7/1/25,20250701_C7B_00940.jpg
1837,C7B,2025,7/1/25,7.0,7/1/25,20250701_C7B_01837.jpg
2846,C7B,2025,7/8/25,6.5,7/7/25,20250707_C7B_02846.jpg
1712,C7B,2025,7/1/25,5.0,7/1/25,20250701_C7B_01712.jpg
2827,C7B,2025,7/13/25,7.5,7/12/25,20250712_C7B_02827.jpg
4371,C10,2025,7/7/25,4.5,7/7/25,20250707_C10_04371.jpg
4353,C10,2025,7/11/25,6.5,7/11/25,20250711_C10_04353.jpg
270,C7B,2025,7/4/25,7.0,7/4/25,20250704_C7B_00270.jpg
5929,C10,2025,7/1/25,6.5,6/28/25,20250628_C10_05929.jpg
117,C7B,2025,7/4/25,6.0,7/4/25,20250704_C7B_00117.jpg
1752,C7B,2025,7/19/25,3.0,7/18/25,20250718_C7B_01752.jpg
764,C7B,2025,6/30/25,7.0,7/1/25,20250701_C7B_00764.jpg
436,C7B,2025,7/4/25,7.5,7/4/25,20250704_C7B_00436.jpg
4954,C10,2025,7/20/25,3.0,7/21/25,20250721_C10_04954.jpg
4064,C10,2025,6/30/25,7.5,6/28/25,20250628_C10_04064.jpg
260,C7B,2025,7/4/25,7.0,7/4/25,20250704_C7B_00260.jpg
1678,C7B,2025,7/10/25,6.0,7/10/25,20250710_C7B_01678.jpg
1574,C7B,2025,7/18/25,3.0,7/18/25,20250718_C7B_01574.jpg
361,C7B,2025,7/4/25,5.0,7/4/25,20250704_C7B_00361.jpg
494,C7B,2025,7/10/25,5.0,7/10/25,20250710_C7B_00494.jpg
4254,C10,2025,6/30/25,6.0,6/28/25,20250628_C10_04254.jpg
11327,I3B,2023,7/19/23,5.0,7/20/23,20230720_I3B_11327.jpg
4216,C10,2025,7/7/25,4.0,7/7/25,20250707_C10_04216.jpg
4203,C10,2025,7/19/25,3.5,7/18/25,20250718_C10_04203.jpg
1340,C7B,2025,7/10/25,4.0,7/10/25,20250710_C7B_01340.jpg
4427,C10,2025,6/30/25,5.0,6/28/25,20250628_C10_04427.jpg
4799,C10,2025,7/2/25,6.0,7/4/25,20250704_C10_04799.jpg
1910,C7B,2025,7/7/25,6.0,7/7/25,20250707_C7B_01910.jpg
5250,C10,2025,7/20/25,2.5,7/21/25,20250721_C10_05250.jpg
5913,C10,2025,7/11/25,5.0,7/11/25,20250711_C10_05913.jpg
1520,C7B,2025,7/1/25,5.0,7/1/25,20250701_C7B_01520.jpg
4719,C10,2025,7/20/25,2.5,7/21/25,20250721_C10_04719.jpg
4343,C10,2025,7/19/25,2.5,7/18/25,20250718_C10_04343.jpg
5200,C10,2025,7/11/25,5.0,7/11/25,20250711_C10_05200.jpg
904,C7B,2025,7/18/25,5.0,7/18/25,20250718_C7B_00904.jpg
4112,C10,2025,7/19/25,3.0,7/18/25,20250718_C10_04112.jpg
10958,I3B,2023,7/19/23,6.0,7/20/23,20230720_I3B_10958.jpg
5847,C10,2025,7/8/25,8.0,7/7/25,20250707_C10_05847.jpg
2790,C7B,2025,6/30/25,9.0,7/1/25,20250701_C7B_02790.jpg
1587,C7B,2025,7/10/25,6.0,7/10/25,20250710_C7B_01587.jpg
5457,C10,2025,7/2/25,7.0,7/4/25,20250704_C10_05457.jpg
5489,C10,2025,7/20/25,2.0,7/21/25,20250721_C10_05489.jpg
5398,C10,2025,7/20/25,2.5,7/21/25,20250721_C10_05398.jpg
6658,C10,2025,6/30/25,7.5,6/28/25,20250628_C10_06658.jpg
4940,C10,2025,7/2/25,5.5,7/4/25,20250704_C10_04940.jpg
7347,G3,2023,7/26/23,7.5,7/27/23,20230727_G3_07347.jpg
169,C7B,2025,6/30/25,7.0,7/1/25,20250701_C7B_00169.jpg
237,C7B,2025,7/10/25,6.0,7/10/25,20250710_C7B_00237.jpg
1228,C7B,2025,7/18/25,1.5,7/18/25,20250718_C7B_01228.jpg
4889,C10,2025,7/2/25,6.5,7/4/25,20250704_C10_04889.jpg
4638,C10,2025,7/11/25,4.0,7/11/25,20250711_C10_04638.jpg
4618,C10,2025,7/20/25,2.0,7/21/25,20250721_C10_04618.jpg
488,C7B,2025,7/18/25,3.0,7/18/25,20250718_C7B_00488.jpg
5347,C10,2025,7/11/25,6.5,7/11/25,20250711_C10_05347.jpg
766,C7B,2025,6/30/25,6.5,7/1/25,20250701_C7B_00766.jpg
5060,C10,2025,7/11/25,7.0,7/11/25,20250711_C10_05060.jpg
2010,C7B,2025,7/7/25,5.5,7/7/25,20250707_C7B_02010.jpg
6707,C10,2025,7/18/25,4.0,7/18/25,20250718_C10_06707.jpg
503,C7B,2025,6/30/25,7.0,7/1/25,20250701_C7B_00503.jpg
5908,C10,2025,7/19/25,3.0,7/18/25,20250718_C10_05908.jpg
1777,C7B,2025,7/7/25,5.0,7/7/25,20250707_C7B_01777.jpg
701,C7B,2025,7/18/25,2.0,7/18/25,20250718_C7B_00701.jpg
4273,C10,2025,7/19/25,3.0,7/18/25,20250718_C10_04273.jpg
4744,C10,2025,7/2/25,7.0,7/4/25,20250704_C10_04744.jpg
1788,C7B,2025,7/19/25,5.5,7/18/25,20250718_C7B_01788.jpg
6868,C10,2025,7/8/25,7.5,7/7/25,20250707_C10_06868.jpg
10243,I3B,2023,7/25/23,4.0,7/27/23,20230727_I3B_10243.jpg
5474,C10,2025,7/11/25,4.0,7/11/25,20250711_C10_05474.jpg
5720,C10,2025,7/11/25,4.0,7/11/25,20250711_C10_05720.jpg
5564,C10,2025,7/11/25,4.0,7/11/25,20250711_C10_05564.jpg
4465,C10,2025,7/2/25,6.5,7/4/25,20250704_C10_04465.jpg
5170,C10,2025,7/11/25,5.5,7/11/25,20250711_C10_05170.jpg
11128,I3B,2023,7/12/23,8.0,7/13/23,20230713_I3B_11128.jpg
1227,C7B,2025,7/18/25,2.0,7/18/25,20250718_C7B_01227.jpg
4000,C10,2025,7/11/25,7.0,7/11/25,20250711_C10_04000.jpg
170,C7B,2025,7/18/25,3.5,7/18/25,20250718_C7B_00170.jpg
383,C7B,2025,7/18/25,2.5,7/18/25,20250718_C7B_00383.jpg
4126,C10,2025,7/19/25,1.5,7/18/25,20250718_C10_04126.jpg
4144,C10,2025,7/19/25,4.0,7/18/25,20250718_C10_04144.jpg
658,C7B,2025,7/18/25,5.0,7/18/25,20250718_C7B_00658.jpg
2787,C7B,2025,7/13/25,7.0,7/12/25,20250712_C7B_02787.jpg
10045,I3B,2023,7/12/23,5.0,7/13/23,20230713_I3B_10045.jpg
4899,C10,2025,7/2/25,6.0,7/4/25,20250704_C10_04899.jpg
26,C7B,2025,7/4/25,7.5,7/4/25,20250704_C7B_00026.jpg
3139,G3,2023,7/26/23,7.0,7/27/23,20230727_G3_03139.jpg
1954,C7B,2025,7/1/25,7.0,7/1/25,20250701_C7B_01954.jpg
4208,C10,2025,7/11/25,4.0,7/11/25,20250711_C10_04208.jpg
5329,C10,2025,7/20/25,2.0,7/21/25,20250721_C10_05329.jpg
4344,C10,2025,7/19/25,2.0,7/18/25,20250718_C10_04344.jpg
1353,C7B,2025,7/18/25,3.0,7/18/25,20250718_C7B_01353.jpg
5493,C10,2025,7/20/25,1.5,7/21/25,20250721_C10_05493.jpg
7426,G3,2023,7/20/23,7.5,7/20/23,20230720_G3_07426.jpg
1526,C7B,2025,7/10/25,7.0,7/10/25,20250710_C7B_01526.jpg
9867,I3B,2023,7/12/23,6.0,7/13/23,20230713_I3B_09867.jpg
6633,C10,2025,7/3/25,5.0,7/4/25,20250704_C10_06633.jpg
2012,C7B,2025,7/19/25,2.5,7/18/25,20250718_C7B_02012.jpg
5663,C10,2025,7/19/25,1.5,7/18/25,20250718_C10_05663.jpg
1537,C7B,2025,7/18/25,3.0,7/18/25,20250718_C7B_01537.jpg
5987,C10,2025,7/2/25,8.0,7/4/25,20250704_C10_05987.jpg
385,C7B,2025,7/4/25,5.0,7/4/25,20250704_C7B_00385.jpg
1509,C7B,2025,7/1/25,7.5,7/1/25,20250701_C7B_01509.jpg
7337,G3,2023,7/26/23,6.0,7/27/23,20230727_G3_07337.jpg
5071,C10,2025,7/2/25,6.0,7/4/25,20250704_C10_05071.jpg
7255,G3,2023,7/19/23,7.5,7/20/23,20230720_G3_07255.jpg
9592,I3B,2023,7/12/23,6.5,7/13/23,20230713_I3B_09592.jpg
6700,C10,2025,7/8/25,7.5,7/7/25,20250707_C10_06700.jpg
2033,C7B,2025,7/10/25,5.0,7/10/25,20250710_C7B_02033.jpg
5618,C10,2025,7/11/25,7.0,7/11/25,20250711_C10_05618.jpg
7260,G3,2023,7/19/23,5.5,7/20/23,20230720_G3_07260.jpg
1383,C7B,2025,7/1/25,8.0,7/1/25,20250701_C7B_01383.jpg
6665,C10,2025,7/8/25,7.5,7/7/25,20250707_C10_06665.jpg
6778,C10,2025,6/30/25,9.0,6/28/25,20250628_C10_06778.jpg
1667,C7B,2025,7/7/25,5.5,7/7/25,20250707_C7B_01667.jpg
4310,C10,2025,7/11/25,5.0,7/11/25,20250711_C10_04310.jpg
4782,C10,2025,7/20/25,3.0,7/21/25,20250721_C10_04782.jpg
10292,I3B,2023,7/25/23,6.0,7/27/23,20230727_I3B_10292.jpg
8085,G3,2023,7/26/23,8.0,7/27/23,20230727_G3_08085.jpg
2859,C7B,2025,7/13/25,7.5,7/12/25,20250712_C7B_02859.jpg
5169,C10,2025,7/2/25,4.0,7/4/25,20250704_C10_05169.jpg
3106,G3,2023,7/19/23,7.5,7/20/23,20230720_G3_03106.jpg
5730,C10,2025,7/11/25,7.5,7/11/25,20250711_C10_05730.jpg
6745,C10,2025,7/3/25,7.5,7/4/25,20250704_C10_06745.jpg
10007,I3B,2023,7/12/23,5.0,7/13/23,20230713_I3B_10007.jpg
6813,C10,2025,7/14/25,5.0,7/14/25,20250714_C10_06813.jpg
4626,C10,2025,7/2/25,5.0,7/4/25,20250704_C10_04626.jpg
263,C7B,2025,7/10/25,5.0,7/10/25,20250710_C7B_00263.jpg
998,C7B,2025,7/1/25,6.5,7/1/25,20250701_C7B_00998.jpg
543,C7B,2025,7/10/25,6.5,7/10/25,20250710_C7B_00543.jpg
119,C7B,2025,7/10/25,5.0,7/10/25,20250710_C7B_00119.jpg
545,C7B,2025,7/10/25,6.5,7/10/25,20250710_C7B_00545.jpg
1726,C7B,2025,7/7/25,5.0,7/7/25,20250707_C7B_01726.jpg
2031,C7B,2025,7/19/25,3.5,7/18/25,20250718_C7B_02031.jpg
1816,C7B,2025,7/19/25,5.5,7/18/25,20250718_C7B_01816.jpg
1010,C7B,2025,7/1/25,7.0,7/1/25,20250701_C7B_01010.jpg
4171,C10,2025,7/11/25,5.5,7/11/25,20250711_C10_04171.jpg
5237,C10,2025,7/20/25,1.5,7/21/25,20250721_C10_05237.jpg
4770,C10,2025,7/11/25,5.0,7/11/25,20250711_C10_04770.jpg
5444,C10,2025,7/2/25,7.5,7/4/25,20250704_C10_05444.jpg
8127,G3,2023,7/26/23,5.0,7/27/23,20230727_G3_08127.jpg
4029,C10,2025,7/11/25,6.0,7/11/25,20250711_C10_04029.jpg
4774,C10,2025,7/11/25,4.0,7/11/25,20250711_C10_04774.jpg
1920,C7B,2025,7/1/25,7.0,7/1/25,20250701_C7B_01920.jpg
29,C7B,2025,6/30/25,7.5,7/1/25,20250701_C7B_00029.jpg
4087,C10,2025,6/30/25,7.5,6/28/25,20250628_C10_04087.jpg
4767,C10,2025,7/20/25,2.0,7/21/25,20250721_C10_04767.jpg
183,C7B,2025,7/18/25,4.0,7/18/25,20250718_C7B_00183.jpg
6810,C10,2025,7/14/25,5.0,7/14/25,20250714_C10_06810.jpg
1505,C7B,2025,7/1/25,8.0,7/1/25,20250701_C7B_01505.jpg
5140,C10,2025,7/20/25,1.5,7/21/25,20250721_C10_05140.jpg
11330,I3B,2023,7/19/23,7.0,7/20/23,20230720_I3B_11330.jpg
6750,C10,2025,7/14/25,8.0,7/14/25,20250714_C10_06750.jpg
5952,C10,2025,7/11/25,3.0,7/11/25,20250711_C10_05952.jpg
4346,C10,2025,7/19/25,4.0,7/18/25,20250718_C10_04346.jpg
6765,C10,2025,7/18/25,6.0,7/18/25,20250718_C10_06765.jpg
118,C7B,2025,7/18/25,6.0,7/18/25,20250718_C7B_00118.jpg
75,C7B,2025,7/10/25,5.0,7/10/25,20250710_C7B_00075.jpg
10244,I3B,2023,7/25/23,4.0,7/27/23,20230727_I3B_10244.jpg
1577,C7B,2025,7/18/25,3.0,7/18/25,20250718_C7B_01577.jpg
1970,C7B,2025,7/10/25,5.0,7/10/25,20250710_C7B_01970.jpg
5799,C10,2025,7/19/25,2.0,7/18/25,20250718_C10_05799.jpg
5365,C10,2025,7/20/25,2.0,7/21/25,20250721_C10_05365.jpg
5679,C10,2025,7/19/25,3.0,7/18/25,20250718_C10_05679.jpg
324,C7B,2025,7/18/25,4.0,7/18/25,20250718_C7B_00324.jpg
1481,C7B,2025,7/10/25,4.0,7/10/25,20250710_C7B_01481.jpg
1749,C7B,2025,7/1/25,7.0,7/1/25,20250701_C7B_01749.jpg
346,C7B,2025,6/30/25,7.5,7/1/25,20250701_C7B_00346.jpg
181,C7B,2025,7/4/25,6.5,7/4/25,20250704_C7B_00181.jpg
87,C7B,2025,7/18/25,4.0,7/18/25,20250718_C7B_00087.jpg
4755,C10,2025,7/11/25,3.5,7/11/25,20250711_C10_04755.jpg
4376,C10,2025,7/7/25,6.0,7/7/25,20250707_C10_04376.jpg
1307,C7B,2025,7/18/25,2.0,7/18/25,20250718_C7B_01307.jpg
1957,C7B,2025,7/10/25,7.5,7/10/25,20250710_C7B_01957.jpg
685,C7B,2025,7/10/25,8.0,7/10/25,20250710_C7B_00685.jpg
10001,I3B,2023,7/12/23,6.0,7/13/23,20230713_I3B_10001.jpg
5453,C10,2025,7/11/25,4.0,7/11/25,20250711_C10_05453.jpg
4345,C10,2025,6/30/25,6.0,6/28/25,20250628_C10_04345.jpg
1243,C7B,2025,7/1/25,7.5,7/1/25,20250701_C7B_01243.jpg
6005,C10,2025,7/19/25,3.0,7/18/25,20250718_C10_06005.jpg
8007,G3,2023,7/19/23,4.5,7/20/23,20230720_G3_08007.jpg
5012,C10,2025,7/11/25,4.0,7/11/25,20250711_C10_05012.jpg
5755,C10,2025,7/1/25,8.0,6/28/25,20250628_C10_05755.jpg
9869,I3B,2023,7/12/23,5.5,7/13/23,20230713_I3B_09869.jpg
4724,C10,2025,7/11/25,7.0,7/11/25,20250711_C10_04724.jpg
4077,C10,2025,6/30/25,7.0,6/28/25,20250628_C10_04077.jpg
4396,C10,2025,7/7/25,6.5,7/7/25,20250707_C10_04396.jpg
767,C7B,2025,6/30/25,7.0,7/1/25,20250701_C7B_00767.jpg
310,C7B,2025,7/4/25,7.0,7/4/25,20250704_C7B_00310.jpg
10872,I3B,2023,7/19/23,6.0,7/20/23,20230720_I3B_10872.jpg
3198,G3,2023,7/26/23,6.0,7/27/23,20230727_G3_03198.jpg
414,C7B,2025,6/30/25,6.0,7/1/25,20250701_C7B_00414.jpg
5446,C10,2025,7/2/25,7.0,7/4/25,20250704_C10_05446.jpg
5214,C10,2025,7/20/25,2.0,7/21/25,20250721_C10_05214.jpg
10,C7B,2025,6/30/25,8.0,7/1/25,20250701_C7B_00010.jpg
1727,C7B,2025,7/19/25,1.0,7/18/25,20250718_C7B_01727.jpg
11185,I3B,2023,7/12/23,7.0,7/13/23,20230713_I3B_11185.jpg
2650,C7B,2025,7/8/25,7.5,7/7/25,20250707_C7B_02650.jpg
415,C7B,2025,7/4/25,5.0,7/4/25,20250704_C7B_00415.jpg
6032,C10,2025,7/11/25,5.0,7/11/25,20250711_C10_06032.jpg
10302,I3B,2023,7/25/23,4.0,7/27/23,20230727_I3B_10302.jpg
11087,I3B,2023,7/12/23,6.5,7/13/23,20230713_I3B_11087.jpg
5396,C10,2025,7/11/25,4.5,7/11/25,20250711_C10_05396.jpg
5041,C10,2025,7/2/25,6.5,7/4/25,20250704_C10_05041.jpg
7465,G3,2023,7/20/23,7.0,7/20/23,20230720_G3_07465.jpg
39,C7B,2025,6/30/25,8.0,7/1/25,20250701_C7B_00039.jpg
1238,C7B,2025,7/1/25,6.0,7/1/25,20250701_C7B_01238.jpg
10257,I3B,2023,7/25/23,6.0,7/27/23,20230727_I3B_10257.jpg
4027,C10,2025,6/30/25,7.5,6/28/25,20250628_C10_04027.jpg
1747,C7B,2025,7/10/25,5.0,7/10/25,20250710_C7B_01747.jpg
4134,C10,2025,6/30/25,6.0,6/28/25,20250628_C10_04134.jpg
1474,C7B,2025,7/10/25,6.0,7/10/25,20250710_C7B_01474.jpg
1836,C7B,2025,7/1/25,8.0,7/1/25,20250701_C7B_01836.jpg
8119,G3,2023,7/26/23,7.0,7/27/23,20230727_G3_08119.jpg
8047,G3,2023,7/26/23,4.0,7/27/23,20230727_G3_08047.jpg
5422,C10,2025,7/2/25,5.0,7/4/25,20250704_C10_05422.jpg
5387,C10,2025,7/11/25,4.0,7/11/25,20250711_C10_05387.jpg
7506,G3,2023,7/26/23,8.0,7/27/23,20230727_G3_07506.jpg
4627,C10,2025,7/11/25,4.0,7/11/25,20250711_C10_04627.jpg
5534,C10,2025,7/20/25,3.0,7/21/25,20250721_C10_05534.jpg
2025,C7B,2025,7/7/25,4.0,7/7/25,20250707_C7B_02025.jpg
4828,C10,2025,7/2/25,7.0,7/4/25,20250704_C10_04828.jpg
1981,C7B,2025,7/10/25,5.0,7/10/25,20250710_C7B_01981.jpg
466,C7B,2025,7/18/25,3.5,7/18/25,20250718_C7B_00466.jpg
7254,G3,2023,7/19/23,7.5,7/20/23,20230720_G3_07254.jpg
5488,C10,2025,7/11/25,3.5,7/11/25,20250711_C10_05488.jpg
6838,C10,2025,7/3/25,7.5,7/4/25,20250704_C10_06838.jpg
676,C7B,2025,6/30/25,7.5,7/1/25,20250701_C7B_00676.jpg
1838,C7B,2025,7/7/25,6.5,7/7/25,20250707_C7B_01838.jpg
590,C7B,2025,7/18/25,5.5,7/18/25,20250718_C7B_00590.jpg
653,C7B,2025,7/10/25,6.0,7/10/25,20250710_C7B_00653.jpg
5023,C10,2025,7/20/25,2.0,7/21/25,20250721_C10_05023.jpg
4622,C10,2025,7/2/25,6.0,7/4/25,20250704_C10_04622.jpg
1132,C7B,2025,7/18/25,4.0,7/18/25,20250718_C7B_01132.jpg
1397,C7B,2025,7/18/25,2.5,7/18/25,20250718_C7B_01397.jpg
1622,C7B,2025,7/1/25,7.0,7/1/25,20250701_C7B_01622.jpg
5667,C10,2025,7/11/25,5.0,7/11/25,20250711_C10_05667.jpg
2831,C7B,2025,6/30/25,8.5,7/1/25,20250701_C7B_02831.jpg
5131,C10,2025,7/11/25,5.0,7/11/25,20250711_C10_05131.jpg
209,C7B,2025,6/30/25,6.0,7/1/25,20250701_C7B_00209.jpg
4727,C10,2025,7/20/25,1.5,7/21/25,20250721_C10_04727.jpg
2670,C7B,2025,7/13/25,7.5,7/12/25,20250712_C7B_02670.jpg
6816,C10,2025,6/30/25,8.0,6/28/25,20250628_C10_06816.jpg
4436,C10,2025,7/19/25,2.0,7/18/25,20250718_C10_04436.jpg
2854,C7B,2025,7/13/25,5.5,7/12/25,20250712_C7B_02854.jpg
6809,C10,2025,6/30/25,7.0,6/28/25,20250628_C10_06809.jpg
2816,C7B,2025,7/18/25,1.5,7/18/25,20250718_C7B_02816.jpg
7442,G3,2023,7/20/23,7.0,7/20/23,20230720_G3_07442.jpg
6773,C10,2025,7/14/25,7.5,7/14/25,20250714_C10_06773.jpg
5412,C10,2025,7/2/25,5.0,7/4/25,20250704_C10_05412.jpg
4807,C10,2025,7/20/25,2.0,7/21/25,20250721_C10_04807.jpg
4350,C10,2025,7/19/25,2.0,7/18/25,20250718_C10_04350.jpg
4764,C10,2025,7/2/25,6.0,7/4/25,20250704_C10_04764.jpg
5397,C10,2025,7/11/25,5.0,7/11/25,20250711_C10_05397.jpg
7424,G3,2023,7/20/23,7.5,7/20/23,20230720_G3_07424.jpg
11127,I3B,2023,7/12/23,7.5,7/13/23,20230713_I3B_11127.jpg
4547,C10,2025,7/2/25,4.0,7/4/25,20250704_C10_04547.jpg
5091,C10,2025,7/20/25,4.0,7/21/25,20250721_C10_05091.jpg
480,C7B,2025,6/30/25,7.5,7/1/25,20250701_C7B_00480.jpg
1950,C7B,2025,7/1/25,6.5,7/1/25,20250701_C7B_01950.jpg
1591,C7B,2025,7/10/25,6.0,7/10/25,20250710_C7B_01591.jpg
7416,G3,2023,7/26/23,8.0,7/27/23,20230727_G3_07416.jpg
5707,C10,2025,7/19/25,2.5,7/18/25,20250718_C10_05707.jpg
5191,C10,2025,7/11/25,4.0,7/11/25,20250711_C10_05191.jpg
5725,C10,2025,7/1/25,4.0,6/28/25,20250628_C10_05725.jpg
6819,C10,2025,6/30/25,8.0,6/28/25,20250628_C10_06819.jpg
11066,I3B,2023,7/12/23,6.5,7/13/23,20230713_I3B_11066.jpg
6752,C10,2025,7/8/25,8.0,7/7/25,20250707_C10_06752.jpg
1248,C7B,2025,7/18/25,1.5,7/18/25,20250718_C7B_01248.jpg
2757,C7B,2025,7/18/25,7.0,7/18/25,20250718_C7B_02757.jpg
1674,C7B,2025,7/7/25,5.0,7/7/25,20250707_C7B_01674.jpg
1459,C7B,2025,7/1/25,7.0,7/1/25,20250701_C7B_01459.jpg
616,C7B,2025,6/30/25,6.0,7/1/25,20250701_C7B_00616.jpg
6858,C10,2025,7/18/25,5.0,7/18/25,20250718_C10_06858.jpg
6864,C10,2025,6/30/25,8.5,6/28/25,20250628_C10_06864.jpg
2780,C7B,2025,7/8/25,8.5,7/7/25,20250707_C7B_02780.jpg
5771,C10,2025,7/1/25,7.0,6/28/25,20250628_C10_05771.jpg
7397,G3,2023,7/26/23,8.0,7/27/23,20230727_G3_07397.jpg
6770,C10,2025,6/30/25,9.0,6/28/25,20250628_C10_06770.jpg
168,C7B,2025,6/30/25,5.0,7/1/25,20250701_C7B_00168.jpg
5949,C10,2025,7/11/25,5.0,7/11/25,20250711_C10_05949.jpg
3066,G3,2023,7/26/23,7.5,7/27/23,20230727_G3_03066.jpg
4306,C10,2025,7/7/25,5.5,7/7/25,20250707_C10_04306.jpg
4945,C10,2025,7/11/25,6.0,7/11/25,20250711_C10_04945.jpg
4646,C10,2025,7/20/25,2.0,7/21/25,20250721_C10_04646.jpg
1834,C7B,2025,7/10/25,5.0,7/10/25,20250710_C7B_01834.jpg
1968,C7B,2025,7/7/25,3.0,7/7/25,20250707_C7B_01968.jpg
5554,C10,2025,7/11/25,5.0,7/11/25,20250711_C10_05554.jpg
2642,C7B,2025,7/8/25,6.5,7/7/25,20250707_C7B_02642.jpg
1532,C7B,2025,7/1/25,6.5,7/1/25,20250701_C7B_01532.jpg
152,C7B,2025,7/10/25,6.0,7/10/25,20250710_C7B_00152.jpg
1892,C7B,2025,7/1/25,7.5,7/1/25,20250701_C7B_01892.jpg
6657,C10,2025,7/8/25,5.0,7/7/25,20250707_C10_06657.jpg
6017,C10,2025,7/19/25,4.0,7/18/25,20250718_C10_06017.jpg
10909,I3B,2023,7/19/23,4.5,7/20/23,20230720_I3B_10909.jpg
6784,C10,2025,7/8/25,8.5,7/7/25,20250707_C10_06784.jpg
5133,C10,2025,7/11/25,5.0,7/11/25,20250711_C10_05133.jpg
5762,C10,2025,7/11/25,5.0,7/11/25,20250711_C10_05762.jpg
931,C7B,2025,7/18/25,3.0,7/18/25,20250718_C7B_00931.jpg
1871,C7B,2025,7/7/25,8.0,7/7/25,20250707_C7B_01871.jpg
600,C7B,2025,7/18/25,3.0,7/18/25,20250718_C7B_00600.jpg
1769,C7B,2025,7/1/25,8.0,7/1/25,20250701_C7B_01769.jpg
6734,C10,2025,6/30/25,8.5,6/28/25,20250628_C10_06734.jpg
1664,C7B,2025,7/1/25,4.5,7/1/25,20250701_C7B_01664.jpg
1683,C7B,2025,7/7/25,5.5,7/7/25,20250707_C7B_01683.jpg
2001,C7B,2025,7/7/25,5.5,7/7/25,20250707_C7B_02001.jpg
83,C7B,2025,7/4/25,7.5,7/4/25,20250704_C7B_00083.jpg
1640,C7B,2025,7/10/25,5.5,7/10/25,20250710_C7B_01640.jpg
4453,C10,2025,7/11/25,6.0,7/11/25,20250711_C10_04453.jpg
678,C7B,2025,7/18/25,4.0,7/18/25,20250718_C7B_00678.jpg
4850,C10,2025,7/11/25,4.0,7/11/25,20250711_C10_04850.jpg
4624,C10,2025,7/2/25,6.0,7/4/25,20250704_C10_04624.jpg
5454,C10,2025,7/2/25,5.5,7/4/25,20250704_C10_05454.jpg
534,C7B,2025,6/30/25,6.5,7/1/25,20250701_C7B_00534.jpg
9865,I3B,2023,7/12/23,4.5,7/13/23,20230713_I3B_09865.jpg
4115,C10,2025,7/19/25,6.0,7/18/25,20250718_C10_04115.jpg
542,C7B,2025,7/10/25,8.0,7/10/25,20250710_C7B_00542.jpg
10246,I3B,2023,7/25/23,5.0,7/27/23,20230727_I3B_10246.jpg
1354,C7B,2025,7/18/25,5.0,7/18/25,20250718_C7B_01354.jpg
444,C7B,2025,6/30/25,8.0,7/1/25,20250701_C7B_00444.jpg
747,C7B,2025,7/10/25,4.0,7/10/25,20250710_C7B_00747.jpg
425,C7B,2025,7/4/25,6.5,7/4/25,20250704_C7B_00425.jpg
7420,G3,2023,7/20/23,7.0,7/20/23,20230720_G3_07420.jpg
1571,C7B,2025,7/18/25,2.0,7/18/25,20250718_C7B_01571.jpg
6781,C10,2025,7/8/25,7.5,7/7/25,20250707_C10_06781.jpg
436,C7B,2025,6/30/25,8.0,7/1/25,20250701_C7B_00436.jpg
1836,C7B,2025,7/19/25,6.0,7/18/25,20250718_C7B_01836.jpg
4140,C10,2025,7/7/25,6.0,7/7/25,20250707_C10_04140.jpg
5540,C10,2025,7/11/25,4.0,7/11/25,20250711_C10_05540.jpg
4096,C10,2025,7/7/25,5.5,7/7/25,20250707_C10_04096.jpg
7265,G3,2023,7/26/23,7.0,7/27/23,20230727_G3_07265.jpg
4786,C10,2025,7/2/25,7.0,7/4/25,20250704_C10_04786.jpg
2002,C7B,2025,7/7/25,7.5,7/7/25,20250707_C7B_02002.jpg
5649,C10,2025,7/11/25,5.0,7/11/25,20250711_C10_05649.jpg
4523,C10,2025,7/2/25,6.0,7/4/25,20250704_C10_04523.jpg
4932,C10,2025,7/11/25,5.0,7/11/25,20250711_C10_04932.jpg
7257,G3,2023,7/19/23,8.0,7/20/23,20230720_G3_07257.jpg
19,C7B,2025,6/30/25,7.5,7/1/25,20250701_C7B_00019.jpg
5082,C10,2025,7/11/25,4.0,7/11/25,20250711_C10_05082.jpg
1607,C7B,2025,7/10/25,4.0,7/10/25,20250710_C7B_01607.jpg
4963,C10,2025,7/2/25,6.0,7/4/25,20250704_C10_04963.jpg
5435,C10,2025,7/20/25,1.5,7/21/25,20250721_C10_05435.jpg
4962,C10,2025,7/2/25,6.0,7/4/25,20250704_C10_04962.jpg
9707,I3B,2023,7/12/23,5.0,7/13/23,20230713_I3B_09707.jpg
592,C7B,2025,6/30/25,7.0,7/1/25,20250701_C7B_00592.jpg
10919,I3B,2023,7/19/23,6.0,7/20/23,20230720_I3B_10919.jpg
1264,C7B,2025,7/10/25,4.0,7/10/25,20250710_C7B_01264.jpg
6690,C10,2025,7/18/25,8.0,7/18/25,20250718_C10_06690.jpg
748,C7B,2025,6/30/25,7.0,7/1/25,20250701_C7B_00748.jpg
4393,C10,2025,6/30/25,7.5,6/28/25,20250628_C10_04393.jpg
1528,C7B,2025,7/10/25,6.0,7/10/25,20250710_C7B_01528.jpg
4269,C10,2025,7/7/25,5.5,7/7/25,20250707_C10_04269.jpg
5123,C10,2025,7/20/25,2.5,7/21/25,20250721_C10_05123.jpg
3081,G3,2023,7/19/23,8.0,7/20/23,20230720_G3_03081.jpg
2792,C7B,2025,7/18/25,8.0,7/18/25,20250718_C7B_02792.jpg
505,C7B,2025,7/18/25,4.0,7/18/25,20250718_C7B_00505.jpg
1181,C7B,2025,7/18/25,3.0,7/18/25,20250718_C7B_01181.jpg
4191,C10,2025,7/7/25,5.5,7/7/25,20250707_C10_04191.jpg
681,C7B,2025,7/18/25,5.0,7/18/25,20250718_C7B_00681.jpg
2691,C7B,2025,7/8/25,7.5,7/7/25,20250707_C7B_02691.jpg
432,C7B,2025,6/30/25,7.5,7/1/25,20250701_C7B_00432.jpg
4187,C10,2025,6/30/25,6.5,6/28/25,20250628_C10_04187.jpg
1646,C7B,2025,7/18/25,4.0,7/18/25,20250718_C7B_01646.jpg
293,C7B,2025,7/4/25,6.5,7/4/25,20250704_C7B_00293.jpg
1263,C7B,2025,7/10/25,5.0,7/10/25,20250710_C7B_01263.jpg
1737,C7B,2025,7/7/25,7.5,7/7/25,20250707_C7B_01737.jpg
6659,C10,2025,7/8/25,7.5,7/7/25,20250707_C10_06659.jpg
2000,C7B,2025,7/19/25,2.5,7/18/25,20250718_C7B_02000.jpg
5907,C10,2025,7/19/25,2.0,7/18/25,20250718_C10_05907.jpg
4474,C10,2025,7/20/25,4.0,7/21/25,20250721_C10_04474.jpg
5831,C10,2025,7/11/25,4.0,7/11/25,20250711_C10_05831.jpg
1912,C7B,2025,7/19/25,3.0,7/18/25,20250718_C7B_01912.jpg
4537,C10,2025,7/2/25,6.0,7/4/25,20250704_C10_04537.jpg
6752,C10,2025,7/18/25,7.5,7/18/25,20250718_C10_06752.jpg
6711,C10,2025,6/30/25,8.0,6/28/25,20250628_C10_06711.jpg
3146,G3,2023,7/19/23,7.5,7/20/23,20230720_G3_03146.jpg
2818,C7B,2025,6/30/25,7.5,7/1/25,20250701_C7B_02818.jpg
1595,C7B,2025,7/1/25,7.0,7/1/25,20250701_C7B_01595.jpg
342,C7B,2025,6/30/25,5.5,7/1/25,20250701_C7B_00342.jpg
5902,C10,2025,7/8/25,5.0,7/7/25,20250707_C10_05902.jpg
9811,I3B,2023,7/12/23,5.5,7/13/23,20230713_I3B_09811.jpg
8034,G3,2023,7/19/23,7.0,7/20/23,20230720_G3_08034.jpg
5708,C10,2025,7/11/25,5.0,7/11/25,20250711_C10_05708.jpg
2784,C7B,2025,7/18/25,7.5,7/18/25,20250718_C7B_02784.jpg
5803,C10,2025,7/11/25,8.5,7/11/25,20250711_C10_05803.jpg
5992,C10,2025,7/8/25,5.0,7/7/25,20250707_C10_05992.jpg
1634,C7B,2025,7/18/25,3.0,7/18/25,20250718_C7B_01634.jpg
7501,G3,2023,7/26/23,5.0,7/27/23,20230727_G3_07501.jpg
6644,C10,2025,7/8/25,8.0,7/7/25,20250707_C10_06644.jpg
297,C7B,2025,7/10/25,5.5,7/10/25,20250710_C7B_00297.jpg
7291,G3,2023,7/26/23,5.0,7/27/23,20230727_G3_07291.jpg
560,C7B,2025,7/10/25,5.5,7/10/25,20250710_C7B_00560.jpg
5339,C10,2025,7/2/25,6.0,7/4/25,20250704_C10_05339.jpg
6704,C10,2025,7/8/25,7.5,7/7/25,20250707_C10_06704.jpg
977,C7B,2025,7/1/25,5.5,7/1/25,20250701_C7B_00977.jpg
9,C7B,2025,7/11/25,7.5,7/10/25,20250710_C7B_00009.jpg
290,C7B,2025,7/18/25,4.0,7/18/25,20250718_C7B_00290.jpg
10938,I3B,2023,7/19/23,5.0,7/20/23,20230720_I3B_10938.jpg
24,C7B,2025,7/18/25,4.0,7/18/25,20250718_C7B_00024.jpg
6795,C10,2025,7/14/25,8.0,7/14/25,20250714_C10_06795.jpg
274,C7B,2025,7/4/25,6.0,7/4/25,20250704_C7B_00274.jpg
3160,G3,2023,7/26/23,8.5,7/27/23,20230727_G3_03160.jpg
5865,C10,2025,7/19/25,2.0,7/18/25,20250718_C10_05865.jpg
1573,C7B,2025,7/10/25,5.5,7/10/25,20250710_C7B_01573.jpg
854,C7B,2025,7/10/25,4.0,7/10/25,20250710_C7B_00854.jpg
10332,I3B,2023,7/25/23,3.0,7/27/23,20230727_I3B_10332.jpg
1076,C7B,2025,7/1/25,7.0,7/1/25,20250701_C7B_01076.jpg
4875,C10,2025,7/11/25,4.0,7/11/25,20250711_C10_04875.jpg
4174,C10,2025,7/11/25,6.0,7/11/25,20250711_C10_04174.jpg
587,C7B,2025,6/30/25,6.5,7/1/25,20250701_C7B_00587.jpg
282,C7B,2025,7/4/25,4.0,7/4/25,20250704_C7B_00282.jpg
2764,C7B,2025,7/13/25,7.5,7/12/25,20250712_C7B_02764.jpg
102,C7B,2025,7/18/25,4.0,7/18/25,20250718_C7B_00102.jpg
3209,G3,2023,7/19/23,7.0,7/20/23,20230720_G3_03209.jpg
9625,I3B,2023,7/12/23,6.0,7/13/23,20230713_I3B_09625.jpg
2711,C7B,2025,7/18/25,2.0,7/18/25,20250718_C7B_02711.jpg
5478,C10,2025,7/11/25,5.0,7/11/25,20250711_C10_05478.jpg
9760,I3B,2023,7/12/23,5.0,7/13/23,20230713_I3B_09760.jpg
711,C7B,2025,6/30/25,7.0,7/1/25,20250701_C7B_00711.jpg
4287,C10,2025,7/19/25,2.0,7/18/25,20250718_C10_04287.jpg
11179,I3B,2023,7/12/23,7.5,7/13/23,20230713_I3B_11179.jpg
4398,C10,2025,7/7/25,7.5,7/7/25,20250707_C10_04398.jpg
3051,G3,2023,7/19/23,7.5,7/20/23,20230720_G3_03051.jpg
4179,C10,2025,7/19/25,3.0,7/18/25,20250718_C10_04179.jpg
5096,C10,2025,7/11/25,6.5,7/11/25,20250711_C10_05096.jpg
5548,C10,2025,7/2/25,6.5,7/4/25,20250704_C10_05548.jpg
1868,C7B,2025,7/10/25,5.0,7/10/25,20250710_C7B_01868.jpg
5949,C10,2025,7/19/25,2.0,7/18/25,20250718_C10_05949.jpg
357,C7B,2025,7/4/25,8.0,7/4/25,20250704_C7B_00357.jpg
10811,I3B,2023,7/19/23,7.0,7/20/23,20230720_I3B_10811.jpg
6760,C10,2025,7/14/25,8.0,7/14/25,20250714_C10_06760.jpg
1650,C7B,2025,7/18/25,2.0,7/18/25,20250718_C7B_01650.jpg
418,C7B,2025,7/4/25,7.5,7/4/25,20250704_C7B_00418.jpg
8011,G3,2023,7/19/23,5.5,7/20/23,20230720_G3_08011.jpg
1757,C7B,2025,7/1/25,5.0,7/1/25,20250701_C7B_01757.jpg
356,C7B,2025,7/10/25,5.0,7/10/25,20250710_C7B_00356.jpg
4007,C10,2025,6/30/25,7.0,6/28/25,20250628_C10_04007.jpg
5151,C10,2025,7/11/25,5.0,7/11/25,20250711_C10_05151.jpg
1359,C7B,2025,7/10/25,6.5,7/10/25,20250710_C7B_01359.jpg
516,C7B,2025,7/18/25,5.5,7/18/25,20250718_C7B_00516.jpg
694,C7B,2025,7/10/25,6.0,7/10/25,20250710_C7B_00694.jpg
305,C7B,2025,6/30/25,7.0,7/1/25,20250701_C7B_00305.jpg
11,C7B,2025,7/18/25,5.5,7/18/25,20250718_C7B_00011.jpg
1016,C7B,2025,7/10/25,4.0,7/10/25,20250710_C7B_01016.jpg
10799,I3B,2023,7/19/23,7.0,7/20/23,20230720_I3B_10799.jpg
6713,C10,2025,6/30/25,8.5,6/28/25,20250628_C10_06713.jpg
8100,G3,2023,7/20/23,7.0,7/20/23,20230720_G3_08100.jpg
4401,C10,2025,7/11/25,5.5,7/11/25,20250711_C10_04401.jpg
6829,C10,2025,7/8/25,7.5,7/7/25,20250707_C10_06829.jpg
468,C7B,2025,7/18/25,3.0,7/18/25,20250718_C7B_00468.jpg
1603,C7B,2025,7/1/25,7.5,7/1/25,20250701_C7B_01603.jpg
2870,C7B,2025,7/8/25,7.5,7/7/25,20250707_C7B_02870.jpg
1764,C7B,2025,7/10/25,7.0,7/10/25,20250710_C7B_01764.jpg
7251,G3,2023,7/19/23,8.0,7/20/23,20230720_G3_07251.jpg
4486,C10,2025,7/2/25,5.5,7/4/25,20250704_C10_04486.jpg
9896,I3B,2023,7/12/23,5.0,7/13/23,20230713_I3B_09896.jpg
2878,C7B,2025,7/18/25,7.0,7/18/25,20250718_C7B_02878.jpg
5983,C10,2025,7/19/25,2.5,7/18/25,20250718_C10_05983.jpg
2027,C7B,2025,7/1/25,6.0,7/1/25,20250701_C7B_02027.jpg
9993,I3B,2023,7/12/23,6.5,7/13/23,20230713_I3B_09993.jpg
1316,C7B,2025,7/10/25,6.0,7/10/25,20250710_C7B_01316.jpg
10790,I3B,2023,7/19/23,5.5,7/20/23,20230720_I3B_10790.jpg
951,C7B,2025,7/18/25,5.0,7/18/25,20250718_C7B_00951.jpg
5968,C10,2025,7/11/25,2.5,7/11/25,20250711_C10_05968.jpg
754,C7B,2025,7/18/25,3.5,7/18/25,20250718_C7B_00754.jpg
5953,C10,2025,7/2/25,4.5,7/4/25,20250704_C10_05953.jpg
2685,C7B,2025,7/18/25,7.5,7/18/25,20250718_C7B_02685.jpg
38,C7B,2025,7/18/25,5.0,7/18/25,20250718_C7B_00038.jpg
6798,C10,2025,7/3/25,6.0,7/4/25,20250704_C10_06798.jpg
1894,C7B,2025,7/1/25,7.5,7/1/25,20250701_C7B_01894.jpg
4737,C10,2025,7/20/25,2.5,7/21/25,20250721_C10_04737.jpg
1502,C7B,2025,7/1/25,7.0,7/1/25,20250701_C7B_01502.jpg
607,C7B,2025,6/30/25,7.5,7/1/25,20250701_C7B_00607.jpg
2843,C7B,2025,6/30/25,7.5,7/1/25,20250701_C7B_02843.jpg
8118,G3,2023,7/20/23,8.0,7/20/23,20230720_G3_08118.jpg
5128,C10,2025,7/11/25,5.0,7/11/25,20250711_C10_05128.jpg
5778,C10,2025,7/11/25,4.5,7/11/25,20250711_C10_05778.jpg
1632,C7B,2025,7/10/25,4.5,7/10/25,20250710_C7B_01632.jpg
5769,C10,2025,7/11/25,5.0,7/11/25,20250711_C10_05769.jpg
7517,G3,2023,7/26/23,8.0,7/27/23,20230727_G3_07517.jpg
6006,C10,2025,7/19/25,4.0,7/18/25,20250718_C10_06006.jpg
5570,C10,2025,7/2/25,6.0,7/4/25,20250704_C10_05570.jpg
4349,C10,2025,7/19/25,1.5,7/18/25,20250718_C10_04349.jpg
3095,G3,2023,7/26/23,8.0,7/27/23,20230727_G3_03095.jpg
4238,C10,2025,7/11/25,5.5,7/11/25,20250711_C10_04238.jpg
5715,C10,2025,7/11/25,4.0,7/11/25,20250711_C10_05715.jpg
426,C7B,2025,7/10/25,6.0,7/10/25,20250710_C7B_00426.jpg
7343,G3,2023,7/26/23,7.5,7/27/23,20230727_G3_07343.jpg
6836,C10,2025,6/30/25,8.0,6/28/25,20250628_C10_06836.jpg
5040,C10,2025,7/2/25,7.0,7/4/25,20250704_C10_05040.jpg
6645,C10,2025,6/30/25,8.0,6/28/25,20250628_C10_06645.jpg
234,C7B,2025,7/18/25,2.0,7/18/25,20250718_C7B_00234.jpg
2849,C7B,2025,7/13/25,7.0,7/12/25,20250712_C7B_02849.jpg
10039,I3B,2023,7/12/23,5.0,7/13/23,20230713_I3B_10039.jpg
8043,G3,2023,7/19/23,7.5,7/20/23,20230720_G3_08043.jpg
669,C7B,2025,7/10/25,5.0,7/10/25,20250710_C7B_00669.jpg
302,C7B,2025,6/30/25,6.0,7/1/25,20250701_C7B_00302.jpg
6048,C10,2025,7/19/25,2.5,7/18/25,20250718_C10_06048.jpg
1687,C7B,2025,7/19/25,4.0,7/18/25,20250718_C7B_01687.jpg
6867,C10,2025,7/18/25,4.0,7/18/25,20250718_C10_06867.jpg
11218,I3B,2023,7/19/23,5.0,7/20/23,20230720_I3B_11218.jpg
5348,C10,2025,7/2/25,5.5,7/4/25,20250704_C10_05348.jpg
5801,C10,2025,7/19/25,3.0,7/18/25,20250718_C10_05801.jpg
4234,C10,2025,6/30/25,7.0,6/28/25,20250628_C10_04234.jpg
5063,C10,2025,7/2/25,4.0,7/4/25,20250704_C10_05063.jpg
4623,C10,2025,7/11/25,5.0,7/11/25,20250711_C10_04623.jpg
5600,C10,2025,7/11/25,4.0,7/11/25,20250711_C10_05600.jpg
903,C7B,2025,7/10/25,6.0,7/10/25,20250710_C7B_00903.jpg
7228,G3,2023,7/26/23,5.0,7/27/23,20230727_G3_07228.jpg
1658,C7B,2025,7/1/25,5.0,7/1/25,20250701_C7B_01658.jpg
1578,C7B,2025,7/10/25,5.0,7/10/25,20250710_C7B_01578.jpg
9983,I3B,2023,7/12/23,5.0,7/13/23,20230713_I3B_09983.jpg
4024,C10,2025,6/30/25,6.5,6/28/25,20250628_C10_04024.jpg
2858,C7B,2025,7/13/25,4.0,7/12/25,20250712_C7B_02858.jpg
5387,C10,2025,7/20/25,3.0,7/21/25,20250721_C10_05387.jpg
2759,C7B,2025,7/8/25,8.5,7/7/25,20250707_C7B_02759.jpg
1507,C7B,2025,7/18/25,2.0,7/18/25,20250718_C7B_01507.jpg
9607,I3B,2023,7/12/23,7.0,7/13/23,20230713_I3B_09607.jpg
5133,C10,2025,7/20/25,1.5,7/21/25,20250721_C10_05133.jpg
3058,G3,2023,7/19/23,8.5,7/20/23,20230720_G3_03058.jpg
6712,C10,2025,7/14/25,4.5,7/14/25,20250714_C10_06712.jpg
8058,G3,2023,7/26/23,5.0,7/27/23,20230727_G3_08058.jpg
701,C7B,2025,7/10/25,5.5,7/10/25,20250710_C7B_00701.jpg
5093,C10,2025,7/2/25,5.5,7/4/25,20250704_C10_05093.jpg
9784,I3B,2023,7/12/23,4.5,7/13/23,20230713_I3B_09784.jpg
9694,I3B,2023,7/12/23,5.5,7/13/23,20230713_I3B_09694.jpg
3040,G3,2023,7/19/23,7.5,7/20/23,20230720_G3_03040.jpg
4044,C10,2025,7/7/25,7.0,7/7/25,20250707_C10_04044.jpg
1670,C7B,2025,7/1/25,6.0,7/1/25,20250701_C7B_01670.jpg
7409,G3,2023,7/20/23,7.5,7/20/23,20230720_G3_07409.jpg
1608,C7B,2025,7/10/25,4.0,7/10/25,20250710_C7B_01608.jpg
1281,C7B,2025,7/1/25,5.0,7/1/25,20250701_C7B_01281.jpg
6875,C10,2025,7/14/25,6.0,7/14/25,20250714_C10_06875.jpg
241,C7B,2025,7/4/25,6.0,7/4/25,20250704_C7B_00241.jpg
9644,I3B,2023,7/12/23,5.0,7/13/23,20230713_I3B_09644.jpg
5157,C10,2025,7/2/25,5.0,7/4/25,20250704_C10_05157.jpg
1401,C7B,2025,7/1/25,7.0,7/1/25,20250701_C7B_01401.jpg
850,C7B,2025,7/1/25,7.5,7/1/25,20250701_C7B_00850.jpg
4026,C10,2025,7/19/25,5.0,7/18/25,20250718_C10_04026.jpg
4887,C10,2025,7/20/25,2.5,7/21/25,20250721_C10_04887.jpg
5810,C10,2025,7/11/25,6.5,7/11/25,20250711_C10_05810.jpg
4321,C10,2025,6/30/25,6.0,6/28/25,20250628_C10_04321.jpg
278,C7B,2025,7/10/25,5.0,7/10/25,20250710_C7B_00278.jpg
4148,C10,2025,7/19/25,2.0,7/18/25,20250718_C10_04148.jpg
288,C7B,2025,7/10/25,6.0,7/10/25,20250710_C7B_00288.jpg
4578,C10,2025,7/11/25,5.0,7/11/25,20250711_C10_04578.jpg
356,C7B,2025,7/18/25,4.0,7/18/25,20250718_C7B_00356.jpg
5809,C10,2025,7/8/25,6.0,7/7/25,20250707_C10_05809.jpg
4365,C10,2025,6/30/25,6.5,6/28/25,20250628_C10_04365.jpg
4148,C10,2025,6/30/25,6.0,6/28/25,20250628_C10_04148.jpg
4607,C10,2025,7/2/25,5.0,7/4/25,20250704_C10_04607.jpg
980,C7B,2025,7/1/25,7.0,7/1/25,20250701_C7B_00980.jpg
1588,C7B,2025,7/18/25,2.0,7/18/25,20250718_C7B_01588.jpg
4154,C10,2025,7/11/25,5.0,7/11/25,20250711_C10_04154.jpg
1808,C7B,2025,7/10/25,4.0,7/10/25,20250710_C7B_01808.jpg
4023,C10,2025,7/19/25,3.0,7/18/25,20250718_C10_04023.jpg
797,C7B,2025,7/10/25,5.0,7/10/25,20250710_C7B_00797.jpg
63,C7B,2025,6/30/25,8.0,7/1/25,20250701_C7B_00063.jpg
931,C7B,2025,7/10/25,4.0,7/10/25,20250710_C7B_00931.jpg
749,C7B,2025,7/18/25,2.0,7/18/25,20250718_C7B_00749.jpg
5327,C10,2025,7/2/25,5.5,7/4/25,20250704_C10_05327.jpg
7240,G3,2023,7/26/23,5.0,7/27/23,20230727_G3_07240.jpg
5366,C10,2025,7/20/25,5.0,7/21/25,20250721_C10_05366.jpg
6636,C10,2025,7/18/25,6.0,7/18/25,20250718_C10_06636.jpg
9705,I3B,2023,7/12/23,5.0,7/13/23,20230713_I3B_09705.jpg
1491,C7B,2025,7/18/25,3.0,7/18/25,20250718_C7B_01491.jpg
5673,C10,2025,7/1/25,6.5,6/28/25,20250628_C10_05673.jpg
422,C7B,2025,7/10/25,7.0,7/10/25,20250710_C7B_00422.jpg
9951,I3B,2023,7/12/23,6.0,7/13/23,20230713_I3B_09951.jpg
127,C7B,2025,6/30/25,4.0,7/1/25,20250701_C7B_00127.jpg
9631,I3B,2023,7/12/23,6.5,7/13/23,20230713_I3B_09631.jpg
7536,G3,2023,7/20/23,7.0,7/20/23,20230720_G3_07536.jpg
4951,C10,2025,7/2/25,6.5,7/4/25,20250704_C10_04951.jpg
4594,C10,2025,7/11/25,5.0,7/11/25,20250711_C10_04594.jpg
9787,I3B,2023,7/12/23,4.5,7/13/23,20230713_I3B_09787.jpg
2873,C7B,2025,6/30/25,7.5,7/1/25,20250701_C7B_02873.jpg
1887,C7B,2025,7/7/25,8.0,7/7/25,20250707_C7B_01887.jpg
1144,C7B,2025,7/18/25,4.0,7/18/25,20250718_C7B_01144.jpg
4526,C10,2025,7/11/25,5.0,7/11/25,20250711_C10_04526.jpg
148,C7B,2025,7/4/25,6.0,7/4/25,20250704_C7B_00148.jpg
2046,C7B,2025,7/19/25,4.0,7/18/25,20250718_C7B_02046.jpg
10295,I3B,2023,7/25/23,3.0,7/27/23,20230727_I3B_10295.jpg
1303,C7B,2025,7/1/25,6.0,7/1/25,20250701_C7B_01303.jpg
1946,C7B,2025,7/19/25,2.0,7/18/25,20250718_C7B_01946.jpg
2676,C7B,2025,7/18/25,2.0,7/18/25,20250718_C7B_02676.jpg
320,C7B,2025,7/18/25,3.0,7/18/25,20250718_C7B_00320.jpg
4736,C10,2025,7/2/25,5.5,7/4/25,20250704_C10_04736.jpg
4640,C10,2025,7/20/25,3.5,7/21/25,20250721_C10_04640.jpg
4535,C10,2025,7/11/25,5.0,7/11/25,20250711_C10_04535.jpg
4329,C10,2025,7/19/25,3.0,7/18/25,20250718_C10_04329.jpg
6008,C10,2025,7/8/25,3.0,7/7/25,20250707_C10_06008.jpg
1305,C7B,2025,7/1/25,5.5,7/1/25,20250701_C7B_01305.jpg
723,C7B,2025,7/10/25,6.5,7/10/25,20250710_C7B_00723.jpg
5477,C10,2025,7/20/25,1.5,7/21/25,20250721_C10_05477.jpg
5278,C10,2025,7/2/25,7.0,7/4/25,20250704_C10_05278.jpg
657,C7B,2025,7/18/25,4.0,7/18/25,20250718_C7B_00657.jpg
1759,C7B,2025,7/10/25,7.0,7/10/25,20250710_C7B_01759.jpg
9810,I3B,2023,7/12/23,6.0,7/13/23,20230713_I3B_09810.jpg
4990,C10,2025,7/11/25,5.0,7/11/25,20250711_C10_04990.jpg
4929,C10,2025,7/20/25,2.5,7/21/25,20250721_C10_04929.jpg
402,C7B,2025,7/4/25,6.0,7/4/25,20250704_C7B_00402.jpg
260,C7B,2025,6/30/25,7.0,7/1/25,20250701_C7B_00260.jpg
2700,C7B,2025,7/18/25,7.5,7/18/25,20250718_C7B_02700.jpg
1877,C7B,2025,7/19/25,2.5,7/18/25,20250718_C7B_01877.jpg
2036,C7B,2025,7/10/25,5.0,7/10/25,20250710_C7B_02036.jpg
5702,C10,2025,7/1/25,7.0,6/28/25,20250628_C10_05702.jpg
10918,I3B,2023,7/19/23,5.5,7/20/23,20230720_I3B_10918.jpg
6740,C10,2025,6/30/25,8.5,6/28/25,20250628_C10_06740.jpg
1517,C7B,2025,7/10/25,6.5,7/10/25,20250710_C7B_01517.jpg
1184,C7B,2025,7/10/25,4.0,7/10/25,20250710_C7B_01184.jpg
68,C7B,2025,6/30/25,6.0,7/1/25,20250701_C7B_00068.jpg
4041,C10,2025,7/7/25,6.0,7/7/25,20250707_C10_04041.jpg
4882,C10,2025,7/2/25,4.5,7/4/25,20250704_C10_04882.jpg
1310,C7B,2025,7/1/25,7.5,7/1/25,20250701_C7B_01310.jpg
7399,G3,2023,7/20/23,8.0,7/20/23,20230720_G3_07399.jpg
5775,C10,2025,7/8/25,5.5,7/7/25,20250707_C10_05775.jpg
673,C7B,2025,7/10/25,7.5,7/10/25,20250710_C7B_00673.jpg
10290,I3B,2023,7/25/23,6.0,7/27/23,20230727_I3B_10290.jpg
7440,G3,2023,7/26/23,7.0,7/27/23,20230727_G3_07440.jpg
7443,G3,2023,7/20/23,8.0,7/20/23,20230720_G3_07443.jpg
170,C7B,2025,7/10/25,5.0,7/10/25,20250710_C7B_00170.jpg
1780,C7B,2025,7/19/25,4.0,7/18/25,20250718_C7B_01780.jpg
4446,C10,2025,6/30/25,6.0,6/28/25,20250628_C10_04446.jpg
5952,C10,2025,7/8/25,4.0,7/7/25,20250707_C10_05952.jpg
639,C7B,2025,7/10/25,6.0,7/10/25,20250710_C7B_00639.jpg
1598,C7B,2025,7/1/25,7.0,7/1/25,20250701_C7B_01598.jpg
5481,C10,2025,7/20/25,5.0,7/21/25,20250721_C10_05481.jpg
1964,C7B,2025,7/10/25,5.0,7/10/25,20250710_C7B_01964.jpg
253,C7B,2025,6/30/25,7.0,7/1/25,20250701_C7B_00253.jpg
1953,C7B,2025,7/19/25,4.0,7/18/25,20250718_C7B_01953.jpg
2039,C7B,2025,7/10/25,7.5,7/10/25,20250710_C7B_02039.jpg
1308,C7B,2025,7/10/25,3.0,7/10/25,20250710_C7B_01308.jpg
4202,C10,2025,6/30/25,8.0,6/28/25,20250628_C10_04202.jpg
1635,C7B,2025,7/10/25,7.5,7/10/25,20250710_C7B_01635.jpg
789,C7B,2025,7/18/25,3.0,7/18/25,20250718_C7B_00789.jpg
566,C7B,2025,7/10/25,6.5,7/10/25,20250710_C7B_00566.jpg
1013,C7B,2025,7/10/25,4.0,7/10/25,20250710_C7B_01013.jpg
111,C7B,2025,7/10/25,6.0,7/10/25,20250710_C7B_00111.jpg
3112,G3,2023,7/19/23,5.5,7/20/23,20230720_G3_03112.jpg
2690,C7B,2025,7/18/25,8.0,7/18/25,20250718_C7B_02690.jpg
515,C7B,2025,6/30/25,6.5,7/1/25,20250701_C7B_00515.jpg
5897,C10,2025,7/11/25,6.5,7/11/25,20250711_C10_05897.jpg
7544,G3,2023,7/26/23,4.5,7/27/23,20230727_G3_07544.jpg
4088,C10,2025,7/7/25,7.0,7/7/25,20250707_C10_04088.jpg
788,C7B,2025,7/10/25,5.5,7/10/25,20250710_C7B_00788.jpg
19,C7B,2025,7/11/25,7.5,7/10/25,20250710_C7B_00019.jpg
6004,C10,2025,7/19/25,3.0,7/18/25,20250718_C10_06004.jpg
11113,I3B,2023,7/12/23,7.5,7/13/23,20230713_I3B_11113.jpg
6647,C10,2025,7/14/25,8.0,7/14/25,20250714_C10_06647.jpg
1089,C7B,2025,7/18/25,3.0,7/18/25,20250718_C7B_01089.jpg
1023,C7B,2025,7/18/25,5.0,7/18/25,20250718_C7B_01023.jpg
1099,C7B,2025,7/10/25,5.0,7/10/25,20250710_C7B_01099.jpg
874,C7B,2025,7/10/25,6.0,7/10/25,20250710_C7B_00874.jpg
1315,C7B,2025,7/18/25,3.0,7/18/25,20250718_C7B_01315.jpg
4085,C10,2025,7/7/25,4.5,7/7/25,20250707_C10_04085.jpg
449,C7B,2025,6/30/25,7.0,7/1/25,20250701_C7B_00449.jpg
5728,C10,2025,7/1/25,5.0,6/28/25,20250628_C10_05728.jpg
959,C7B,2025,7/18/25,1.5,7/18/25,20250718_C7B_00959.jpg
6702,C10,2025,7/3/25,7.5,7/4/25,20250704_C10_06702.jpg
41,C7B,2025,7/11/25,8.5,7/10/25,20250710_C7B_00041.jpg
5875,C10,2025,7/11/25,4.0,7/11/25,20250711_C10_05875.jpg
4840,C10,2025,7/20/25,3.0,7/21/25,20250721_C10_04840.jpg
4750,C10,2025,7/2/25,5.0,7/4/25,20250704_C10_04750.jpg
4789,C10,2025,7/2/25,6.5,7/4/25,20250704_C10_04789.jpg
4483,C10,2025,7/2/25,6.0,7/4/25,20250704_C10_04483.jpg
1119,C7B,2025,7/18/25,3.0,7/18/25,20250718_C7B_01119.jpg
1351,C7B,2025,7/10/25,4.0,7/10/25,20250710_C7B_01351.jpg
5619,C10,2025,7/20/25,5.0,7/21/25,20250721_C10_05619.jpg
3151,G3,2023,7/26/23,3.0,7/27/23,20230727_G3_03151.jpg
5684,C10,2025,7/19/25,3.0,7/18/25,20250718_C10_05684.jpg
329,C7B,2025,7/4/25,5.5,7/4/25,20250704_C7B_00329.jpg
655,C7B,2025,7/10/25,5.0,7/10/25,20250710_C7B_00655.jpg
4806,C10,2025,7/20/25,2.0,7/21/25,20250721_C10_04806.jpg
8010,G3,2023,7/26/23,6.0,7/27/23,20230727_G3_08010.jpg
3104,G3,2023,7/19/23,8.0,7/20/23,20230720_G3_03104.jpg
4118,C10,2025,7/19/25,5.0,7/18/25,20250718_C10_04118.jpg
1252,C7B,2025,7/1/25,6.0,7/1/25,20250701_C7B_01252.jpg
9699,I3B,2023,7/12/23,5.0,7/13/23,20230713_I3B_09699.jpg
2824,C7B,2025,7/18/25,6.0,7/18/25,20250718_C7B_02824.jpg
354,C7B,2025,7/10/25,6.0,7/10/25,20250710_C7B_00354.jpg
2017,C7B,2025,7/1/25,7.0,7/1/25,20250701_C7B_02017.jpg
10768,I3B,2023,7/19/23,5.5,7/20/23,20230720_I3B_10768.jpg
4378,C10,2025,7/19/25,2.0,7/18/25,20250718_C10_04378.jpg
1729,C7B,2025,7/7/25,6.0,7/7/25,20250707_C7B_01729.jpg
186,C7B,2025,7/10/25,5.0,7/10/25,20250710_C7B_00186.jpg
3153,G3,2023,7/26/23,5.5,7/27/23,20230727_G3_03153.jpg
11104,I3B,2023,7/12/23,6.0,7/13/23,20230713_I3B_11104.jpg
1295,C7B,2025,7/1/25,5.0,7/1/25,20250701_C7B_01295.jpg
6783,C10,2025,7/18/25,8.0,7/18/25,20250718_C10_06783.jpg
319,C7B,2025,7/10/25,6.0,7/10/25,20250710_C7B_00319.jpg
8018,G3,2023,7/19/23,8.5,7/20/23,20230720_G3_08018.jpg
586,C7B,2025,7/10/25,4.5,7/10/25,20250710_C7B_00586.jpg
11184,I3B,2023,7/12/23,7.0,7/13/23,20230713_I3B_11184.jpg
1299,C7B,2025,7/10/25,7.0,7/10/25,20250710_C7B_01299.jpg
1118,C7B,2025,7/18/25,2.5,7/18/25,20250718_C7B_01118.jpg
4258,C10,2025,7/7/25,8.0,7/7/25,20250707_C10_04258.jpg
6045,C10,2025,7/19/25,3.0,7/18/25,20250718_C10_06045.jpg
5744,C10,2025,7/11/25,7.0,7/11/25,20250711_C10_05744.jpg
11192,I3B,2023,7/19/23,5.5,7/20/23,20230720_I3B_11192.jpg
6739,C10,2025,7/18/25,7.5,7/18/25,20250718_C10_06739.jpg
713,C7B,2025,7/10/25,7.0,7/10/25,20250710_C7B_00713.jpg
5449,C10,2025,7/20/25,2.0,7/21/25,20250721_C10_05449.jpg
7292,G3,2023,7/26/23,8.0,7/27/23,20230727_G3_07292.jpg
1393,C7B,2025,7/10/25,4.0,7/10/25,20250710_C7B_01393.jpg
6689,C10,2025,7/8/25,7.5,7/7/25,20250707_C10_06689.jpg
4297,C10,2025,7/7/25,5.5,7/7/25,20250707_C10_04297.jpg
2737,C7B,2025,7/8/25,7.5,7/7/25,20250707_C7B_02737.jpg
4737,C10,2025,7/11/25,6.0,7/11/25,20250711_C10_04737.jpg
7375,G3,2023,7/26/23,5.0,7/27/23,20230727_G3_07375.jpg
5430,C10,2025,7/11/25,4.0,7/11/25,20250711_C10_05430.jpg
4751,C10,2025,7/11/25,5.0,7/11/25,20250711_C10_04751.jpg
9830,I3B,2023,7/12/23,4.5,7/13/23,20230713_I3B_09830.jpg
126,C7B,2025,7/18/25,6.0,7/18/25,20250718_C7B_00126.jpg
4235,C10,2025,6/30/25,5.0,6/28/25,20250628_C10_04235.jpg
4823,C10,2025,7/11/25,4.0,7/11/25,20250711_C10_04823.jpg
6753,C10,2025,7/8/25,8.0,7/7/25,20250707_C10_06753.jpg
1111,C7B,2025,7/18/25,4.0,7/18/25,20250718_C7B_01111.jpg
166,C7B,2025,6/30/25,7.0,7/1/25,20250701_C7B_00166.jpg
1749,C7B,2025,7/10/25,4.0,7/10/25,20250710_C7B_01749.jpg
11206,I3B,2023,7/19/23,6.5,7/20/23,20230720_I3B_11206.jpg
795,C7B,2025,7/10/25,7.0,7/10/25,20250710_C7B_00795.jpg
336,C7B,2025,7/10/25,7.5,7/10/25,20250710_C7B_00336.jpg
11011,I3B,2023,7/19/23,5.0,7/20/23,20230720_I3B_11011.jpg
1763,C7B,2025,7/1/25,5.5,7/1/25,20250701_C7B_01763.jpg
380,C7B,2025,6/30/25,6.5,7/1/25,20250701_C7B_00380.jpg
11325,I3B,2023,7/19/23,7.0,7/20/23,20230720_I3B_11325.jpg
1858,C7B,2025,7/7/25,6.0,7/7/25,20250707_C7B_01858.jpg
6644,C10,2025,7/3/25,8.0,7/4/25,20250704_C10_06644.jpg
8145,G3,2023,7/26/23,5.5,7/27/23,20230727_G3_08145.jpg
1915,C7B,2025,7/10/25,3.0,7/10/25,20250710_C7B_01915.jpg
5938,C10,2025,7/11/25,3.0,7/11/25,20250711_C10_05938.jpg
9936,I3B,2023,7/12/23,5.5,7/13/23,20230713_I3B_09936.jpg
1164,C7B,2025,7/18/25,3.0,7/18/25,20250718_C7B_01164.jpg
5911,C10,2025,7/11/25,5.0,7/11/25,20250711_C10_05911.jpg
7378,G3,2023,7/26/23,5.5,7/27/23,20230727_G3_07378.jpg
5179,C10,2025,7/11/25,4.0,7/11/25,20250711_C10_05179.jpg
2781,C7B,2025,7/13/25,7.5,7/12/25,20250712_C7B_02781.jpg
1894,C7B,2025,7/10/25,4.0,7/10/25,20250710_C7B_01894.jpg
1057,C7B,2025,7/1/25,6.5,7/1/25,20250701_C7B_01057.jpg
1124,C7B,2025,7/10/25,4.0,7/10/25,20250710_C7B_01124.jpg
9704,I3B,2023,7/12/23,5.5,7/13/23,20230713_I3B_09704.jpg
53,C7B,2025,7/18/25,2.5,7/18/25,20250718_C7B_00053.jpg
4355,C10,2025,7/7/25,3.0,7/7/25,20250707_C10_04355.jpg
6858,C10,2025,7/14/25,5.0,7/14/25,20250714_C10_06858.jpg
67,C7B,2025,7/4/25,7.5,7/4/25,20250704_C7B_00067.jpg
6639,C10,2025,7/14/25,3.5,7/14/25,20250714_C10_06639.jpg
6786,C10,2025,7/8/25,8.0,7/7/25,20250707_C10_06786.jpg
11132,I3B,2023,7/12/23,7.5,7/13/23,20230713_I3B_11132.jpg
111,C7B,2025,7/18/25,4.0,7/18/25,20250718_C7B_00111.jpg
4781,C10,2025,7/11/25,4.0,7/11/25,20250711_C10_04781.jpg
5038,C10,2025,7/20/25,2.0,7/21/25,20250721_C10_05038.jpg
5932,C10,2025,7/1/25,8.0,6/28/25,20250628_C10_05932.jpg
984,C7B,2025,7/18/25,1.5,7/18/25,20250718_C7B_00984.jpg
3123,G3,2023,7/26/23,7.5,7/27/23,20230727_G3_03123.jpg
7366,G3,2023,7/20/23,7.0,7/20/23,20230720_G3_07366.jpg
257,C7B,2025,7/4/25,4.0,7/4/25,20250704_C7B_00257.jpg
694,C7B,2025,7/18/25,5.0,7/18/25,20250718_C7B_00694.jpg
1685,C7B,2025,7/10/25,5.0,7/10/25,20250710_C7B_01685.jpg
5236,C10,2025,7/2/25,6.0,7/4/25,20250704_C10_05236.jpg
5446,C10,2025,7/20/25,2.0,7/21/25,20250721_C10_05446.jpg
5958,C10,2025,7/19/25,3.0,7/18/25,20250718_C10_05958.jpg
442,C7B,2025,7/10/25,6.5,7/10/25,20250710_C7B_00442.jpg
6852,C10,2025,6/30/25,8.0,6/28/25,20250628_C10_06852.jpg
4774,C10,2025,7/20/25,2.0,7/21/25,20250721_C10_04774.jpg
685,C7B,2025,6/30/25,7.5,7/1/25,20250701_C7B_00685.jpg
4343,C10,2025,7/11/25,4.5,7/11/25,20250711_C10_04343.jpg
5215,C10,2025,7/20/25,2.0,7/21/25,20250721_C10_05215.jpg
192,C7B,2025,6/30/25,6.0,7/1/25,20250701_C7B_00192.jpg
5827,C10,2025,7/19/25,3.0,7/18/25,20250718_C10_05827.jpg
1583,C7B,2025,7/10/25,6.5,7/10/25,20250710_C7B_01583.jpg
6705,C10,2025,7/14/25,6.5,7/14/25,20250714_C10_06705.jpg
4290,C10,2025,6/30/25,7.5,6/28/25,20250628_C10_04290.jpg
6683,C10,2025,7/3/25,8.0,7/4/25,20250704_C10_06683.jpg
6795,C10,2025,7/3/25,8.0,7/4/25,20250704_C10_06795.jpg
1904,C7B,2025,7/1/25,7.0,7/1/25,20250701_C7B_01904.jpg
5286,C10,2025,7/2/25,6.5,7/4/25,20250704_C10_05286.jpg
4710,C10,2025,7/11/25,7.5,7/11/25,20250711_C10_04710.jpg
3036,G3,2023,7/19/23,7.0,7/20/23,20230720_G3_03036.jpg
4133,C10,2025,7/19/25,2.0,7/18/25,20250718_C10_04133.jpg
4375,C10,2025,6/30/25,6.0,6/28/25,20250628_C10_04375.jpg
11288,I3B,2023,7/19/23,7.0,7/20/23,20230720_I3B_11288.jpg
886,C7B,2025,7/10/25,6.0,7/10/25,20250710_C7B_00886.jpg
76,C7B,2025,7/18/25,4.0,7/18/25,20250718_C7B_00076.jpg
229,C7B,2025,7/4/25,6.0,7/4/25,20250704_C7B_00229.jpg
1608,C7B,2025,7/1/25,6.5,7/1/25,20250701_C7B_01608.jpg
2002,C7B,2025,7/19/25,6.0,7/18/25,20250718_C7B_02002.jpg
4989,C10,2025,7/20/25,1.5,7/21/25,20250721_C10_04989.jpg
4211,C10,2025,7/7/25,5.0,7/7/25,20250707_C10_04211.jpg
4131,C10,2025,6/30/25,6.0,6/28/25,20250628_C10_04131.jpg
9651,I3B,2023,7/12/23,4.5,7/13/23,20230713_I3B_09651.jpg
4581,C10,2025,7/11/25,4.0,7/11/25,20250711_C10_04581.jpg
5976,C10,2025,7/19/25,4.0,7/18/25,20250718_C10_05976.jpg
1973,C7B,2025,7/19/25,4.5,7/18/25,20250718_C7B_01973.jpg
6796,C10,2025,7/14/25,7.5,7/14/25,20250714_C10_06796.jpg
7394,G3,2023,7/26/23,5.0,7/27/23,20230727_G3_07394.jpg
10345,I3B,2023,7/25/23,6.5,7/27/23,20230727_I3B_10345.jpg
46,C7B,2025,7/18/25,2.0,7/18/25,20250718_C7B_00046.jpg
4295,C10,2025,6/30/25,7.0,6/28/25,20250628_C10_04295.jpg
2812,C7B,2025,7/13/25,6.0,7/12/25,20250712_C7B_02812.jpg
1783,C7B,2025,7/10/25,4.0,7/10/25,20250710_C7B_01783.jpg
774,C7B,2025,7/18/25,5.0,7/18/25,20250718_C7B_00774.jpg
6669,C10,2025,7/18/25,4.0,7/18/25,20250718_C10_06669.jpg
1444,C7B,2025,7/10/25,4.0,7/10/25,20250710_C7B_01444.jpg
1933,C7B,2025,7/1/25,7.5,7/1/25,20250701_C7B_01933.jpg
5061,C10,2025,7/11/25,4.0,7/11/25,20250711_C10_05061.jpg
6767,C10,2025,7/3/25,8.0,7/4/25,20250704_C10_06767.jpg
5317,C10,2025,7/11/25,6.0,7/11/25,20250711_C10_05317.jpg
6776,C10,2025,7/8/25,7.5,7/7/25,20250707_C10_06776.jpg
10960,I3B,2023,7/19/23,6.5,7/20/23,20230720_I3B_10960.jpg
6818,C10,2025,7/3/25,7.0,7/4/25,20250704_C10_06818.jpg
1371,C7B,2025,7/10/25,4.0,7/10/25,20250710_C7B_01371.jpg
1282,C7B,2025,7/18/25,3.0,7/18/25,20250718_C7B_01282.jpg
132,C7B,2025,7/10/25,5.5,7/10/25,20250710_C7B_00132.jpg
4023,C10,2025,6/30/25,7.0,6/28/25,20250628_C10_04023.jpg
5498,C10,2025,7/20/25,2.0,7/21/25,20250721_C10_05498.jpg
2754,C7B,2025,7/18/25,8.0,7/18/25,20250718_C7B_02754.jpg
2745,C7B,2025,7/13/25,8.0,7/12/25,20250712_C7B_02745.jpg
1906,C7B,2025,7/19/25,8.0,7/18/25,20250718_C7B_01906.jpg
4037,C10,2025,6/30/25,8.0,6/28/25,20250628_C10_04037.jpg
1437,C7B,2025,7/1/25,7.5,7/1/25,20250701_C7B_01437.jpg
1911,C7B,2025,7/1/25,7.0,7/1/25,20250701_C7B_01911.jpg
566,C7B,2025,6/30/25,7.5,7/1/25,20250701_C7B_00566.jpg
4313,C10,2025,7/7/25,5.0,7/7/25,20250707_C10_04313.jpg
346,C7B,2025,7/4/25,6.0,7/4/25,20250704_C7B_00346.jpg
4661,C10,2025,7/20/25,2.0,7/21/25,20250721_C10_04661.jpg
880,C7B,2025,7/10/25,4.5,7/10/25,20250710_C7B_00880.jpg
6693,C10,2025,7/14/25,7.0,7/14/25,20250714_C10_06693.jpg
1302,C7B,2025,7/1/25,7.5,7/1/25,20250701_C7B_01302.jpg
4201,C10,2025,7/11/25,5.0,7/11/25,20250711_C10_04201.jpg
1654,C7B,2025,7/10/25,6.5,7/10/25,20250710_C7B_01654.jpg
1876,C7B,2025,7/1/25,7.5,7/1/25,20250701_C7B_01876.jpg
1250,C7B,2025,7/10/25,6.0,7/10/25,20250710_C7B_01250.jpg
710,C7B,2025,7/18/25,5.0,7/18/25,20250718_C7B_00710.jpg
373,C7B,2025,7/4/25,5.0,7/4/25,20250704_C7B_00373.jpg
1077,C7B,2025,7/10/25,5.0,7/10/25,20250710_C7B_01077.jpg
4106,C10,2025,7/19/25,4.0,7/18/25,20250718_C10_04106.jpg
4056,C10,2025,7/19/25,3.5,7/18/25,20250718_C10_04056.jpg
1719,C7B,2025,7/1/25,5.0,7/1/25,20250701_C7B_01719.jpg
1925,C7B,2025,7/1/25,7.0,7/1/25,20250701_C7B_01925.jpg
6017,C10,2025,7/2/25,7.5,7/4/25,20250704_C10_06017.jpg
1289,C7B,2025,7/18/25,2.0,7/18/25,20250718_C7B_01289.jpg
50,C7B,2025,6/30/25,7.5,7/1/25,20250701_C7B_00050.jpg
11362,I3B,2023,7/19/23,5.5,7/20/23,20230720_I3B_11362.jpg
1407,C7B,2025,7/18/25,2.5,7/18/25,20250718_C7B_01407.jpg
1775,C7B,2025,7/10/25,5.0,7/10/25,20250710_C7B_01775.jpg
472,C7B,2025,7/10/25,6.0,7/10/25,20250710_C7B_00472.jpg
964,C7B,2025,7/10/25,7.5,7/10/25,20250710_C7B_00964.jpg
11323,I3B,2023,7/19/23,5.0,7/20/23,20230720_I3B_11323.jpg
2869,C7B,2025,7/8/25,7.5,7/7/25,20250707_C7B_02869.jpg
4082,C10,2025,7/19/25,2.0,7/18/25,20250718_C10_04082.jpg
310,C7B,2025,7/10/25,7.0,7/10/25,20250710_C7B_00310.jpg
134,C7B,2025,7/10/25,7.0,7/10/25,20250710_C7B_00134.jpg
238,C7B,2025,7/10/25,5.5,7/10/25,20250710_C7B_00238.jpg
1805,C7B,2025,7/19/25,4.5,7/18/25,20250718_C7B_01805.jpg
1850,C7B,2025,7/19/25,4.0,7/18/25,20250718_C7B_01850.jpg
1967,C7B,2025,7/19/25,3.0,7/18/25,20250718_C7B_01967.jpg
4521,C10,2025,7/2/25,5.5,7/4/25,20250704_C10_04521.jpg
4642,C10,2025,7/2/25,5.0,7/4/25,20250704_C10_04642.jpg
7471,G3,2023,7/20/23,7.5,7/20/23,20230720_G3_07471.jpg
10392,I3B,2023,7/25/23,4.0,7/27/23,20230727_I3B_10392.jpg
204,C7B,2025,7/4/25,5.5,7/4/25,20250704_C7B_00204.jpg
766,C7B,2025,7/18/25,4.5,7/18/25,20250718_C7B_00766.jpg
5647,C10,2025,7/11/25,6.0,7/11/25,20250711_C10_05647.jpg
7309,G3,2023,7/26/23,6.5,7/27/23,20230727_G3_07309.jpg
6007,C10,2025,7/2/25,5.5,7/4/25,20250704_C10_06007.jpg
11336,I3B,2023,7/19/23,7.0,7/20/23,20230720_I3B_11336.jpg
195,C7B,2025,7/18/25,1.5,7/18/25,20250718_C7B_00195.jpg
1726,C7B,2025,7/1/25,7.0,7/1/25,20250701_C7B_01726.jpg
2720,C7B,2025,7/13/25,4.0,7/12/25,20250712_C7B_02720.jpg
4228,C10,2025,7/11/25,4.0,7/11/25,20250711_C10_04228.jpg
3091,G3,2023,7/19/23,7.5,7/20/23,20230720_G3_03091.jpg
3017,G3,2023,7/26/23,7.5,7/27/23,20230727_G3_03017.jpg
6680,C10,2025,6/30/25,7.5,6/28/25,20250628_C10_06680.jpg
1982,C7B,2025,7/19/25,2.0,7/18/25,20250718_C7B_01982.jpg
5332,C10,2025,7/11/25,5.0,7/11/25,20250711_C10_05332.jpg
7203,G3,2023,7/26/23,4.0,7/27/23,20230727_G3_07203.jpg
4740,C10,2025,7/20/25,3.0,7/21/25,20250721_C10_04740.jpg
5984,C10,2025,7/19/25,3.0,7/18/25,20250718_C10_05984.jpg
4066,C10,2025,7/19/25,4.0,7/18/25,20250718_C10_04066.jpg
169,C7B,2025,7/10/25,5.0,7/10/25,20250710_C7B_00169.jpg
5774,C10,2025,7/11/25,7.5,7/11/25,20250711_C10_05774.jpg
1229,C7B,2025,7/10/25,5.0,7/10/25,20250710_C7B_01229.jpg
6660,C10,2025,7/8/25,7.5,7/7/25,20250707_C10_06660.jpg
2748,C7B,2025,6/30/25,8.0,7/1/25,20250701_C7B_02748.jpg
2673,C7B,2025,7/13/25,6.0,7/12/25,20250712_C7B_02673.jpg
4591,C10,2025,7/2/25,6.0,7/4/25,20250704_C10_04591.jpg
1836,C7B,2025,7/7/25,7.0,7/7/25,20250707_C7B_01836.jpg
5822,C10,2025,7/8/25,4.0,7/7/25,20250707_C10_05822.jpg
2877,C7B,2025,6/30/25,8.0,7/1/25,20250701_C7B_02877.jpg
1972,C7B,2025,7/7/25,7.0,7/7/25,20250707_C7B_01972.jpg
2677,C7B,2025,6/30/25,7.5,7/1/25,20250701_C7B_02677.jpg
1453,C7B,2025,7/1/25,5.0,7/1/25,20250701_C7B_01453.jpg
4461,C10,2025,7/20/25,2.0,7/21/25,20250721_C10_04461.jpg
4387,C10,2025,7/7/25,7.5,7/7/25,20250707_C10_04387.jpg
5299,C10,2025,7/20/25,2.5,7/21/25,20250721_C10_05299.jpg
380,C7B,2025,7/10/25,6.0,7/10/25,20250710_C7B_00380.jpg
5022,C10,2025,7/2/25,5.0,7/4/25,20250704_C10_05022.jpg
7414,G3,2023,7/26/23,8.0,7/27/23,20230727_G3_07414.jpg
4421,C10,2025,6/30/25,4.5,6/28/25,20250628_C10_04421.jpg
4318,C10,2025,6/30/25,6.0,6/28/25,20250628_C10_04318.jpg
5271,C10,2025,7/20/25,1.0,7/21/25,20250721_C10_05271.jpg
10322,I3B,2023,7/25/23,4.0,7/27/23,20230727_I3B_10322.jpg
247,C7B,2025,7/10/25,4.5,7/10/25,20250710_C7B_00247.jpg
2005,C7B,2025,7/10/25,4.5,7/10/25,20250710_C7B_02005.jpg
1185,C7B,2025,7/10/25,5.0,7/10/25,20250710_C7B_01185.jpg
2809,C7B,2025,7/13/25,5.5,7/12/25,20250712_C7B_02809.jpg
1748,C7B,2025,7/19/25,5.0,7/18/25,20250718_C7B_01748.jpg
822,C7B,2025,7/10/25,5.0,7/10/25,20250710_C7B_00822.jpg
1788,C7B,2025,7/7/25,7.0,7/7/25,20250707_C7B_01788.jpg
1196,C7B,2025,7/10/25,7.0,7/10/25,20250710_C7B_01196.jpg
565,C7B,2025,6/30/25,7.5,7/1/25,20250701_C7B_00565.jpg
6771,C10,2025,7/3/25,7.0,7/4/25,20250704_C10_06771.jpg
4342,C10,2025,7/19/25,4.0,7/18/25,20250718_C10_04342.jpg
2851,C7B,2025,7/18/25,7.5,7/18/25,20250718_C7B_02851.jpg
147,C7B,2025,7/18/25,4.0,7/18/25,20250718_C7B_00147.jpg
1568,C7B,2025,7/10/25,3.0,7/10/25,20250710_C7B_01568.jpg
4197,C10,2025,6/30/25,5.5,6/28/25,20250628_C10_04197.jpg
4986,C10,2025,7/11/25,4.0,7/11/25,20250711_C10_04986.jpg
836,C7B,2025,7/10/25,7.0,7/10/25,20250710_C7B_00836.jpg
1882,C7B,2025,7/7/25,6.0,7/7/25,20250707_C7B_01882.jpg
1588,C7B,2025,7/10/25,4.0,7/10/25,20250710_C7B_01588.jpg
10376,I3B,2023,7/25/23,4.0,7/27/23,20230727_I3B_10376.jpg
6722,C10,2025,7/14/25,7.5,7/14/25,20250714_C10_06722.jpg
1385,C7B,2025,7/18/25,3.0,7/18/25,20250718_C7B_01385.jpg
4734,C10,2025,7/20/25,2.5,7/21/25,20250721_C10_04734.jpg
4426,C10,2025,7/19/25,3.0,7/18/25,20250718_C10_04426.jpg
8057,G3,2023,7/19/23,6.5,7/20/23,20230720_G3_08057.jpg
11213,I3B,2023,7/19/23,5.5,7/20/23,20230720_I3B_11213.jpg
10870,I3B,2023,7/19/23,5.0,7/20/23,20230720_I3B_10870.jpg
6659,C10,2025,7/18/25,4.5,7/18/25,20250718_C10_06659.jpg
4252,C10,2025,7/7/25,5.0,7/7/25,20250707_C10_04252.jpg
4424,C10,2025,7/19/25,5.5,7/18/25,20250718_C10_04424.jpg
2760,C7B,2025,7/18/25,7.5,7/18/25,20250718_C7B_02760.jpg
10882,I3B,2023,7/19/23,5.0,7/20/23,20230720_I3B_10882.jpg
285,C7B,2025,7/18/25,3.0,7/18/25,20250718_C7B_00285.jpg
6007,C10,2025,7/11/25,3.0,7/11/25,20250711_C10_06007.jpg
2041,C7B,2025,7/7/25,7.0,7/7/25,20250707_C7B_02041.jpg
1989,C7B,2025,7/1/25,5.5,7/1/25,20250701_C7B_01989.jpg
962,C7B,2025,7/18/25,4.0,7/18/25,20250718_C7B_00962.jpg
1490,C7B,2025,7/18/25,5.0,7/18/25,20250718_C7B_01490.jpg
7530,G3,2023,7/26/23,8.0,7/27/23,20230727_G3_07530.jpg
4756,C10,2025,7/20/25,3.0,7/21/25,20250721_C10_04756.jpg
11085,I3B,2023,7/12/23,6.5,7/13/23,20230713_I3B_11085.jpg
1036,C7B,2025,7/18/25,1.5,7/18/25,20250718_C7B_01036.jpg
5116,C10,2025,7/20/25,2.0,7/21/25,20250721_C10_05116.jpg
1945,C7B,2025,7/19/25,3.5,7/18/25,20250718_C7B_01945.jpg
505,C7B,2025,7/10/25,5.0,7/10/25,20250710_C7B_00505.jpg
5298,C10,2025,7/20/25,1.5,7/21/25,20250721_C10_05298.jpg
4181,C10,2025,7/11/25,5.5,7/11/25,20250711_C10_04181.jpg
4703,C10,2025,7/2/25,7.0,7/4/25,20250704_C10_04703.jpg
1907,C7B,2025,7/19/25,4.0,7/18/25,20250718_C7B_01907.jpg
4073,C10,2025,6/30/25,8.0,6/28/25,20250628_C10_04073.jpg
4241,C10,2025,7/19/25,1.5,7/18/25,20250718_C10_04241.jpg
4795,C10,2025,7/2/25,7.5,7/4/25,20250704_C10_04795.jpg
11203,I3B,2023,7/19/23,5.5,7/20/23,20230720_I3B_11203.jpg
57,C7B,2025,7/18/25,5.5,7/18/25,20250718_C7B_00057.jpg
252,C7B,2025,7/18/25,3.5,7/18/25,20250718_C7B_00252.jpg
4426,C10,2025,7/7/25,6.0,7/7/25,20250707_C10_04426.jpg
562,C7B,2025,7/10/25,4.5,7/10/25,20250710_C7B_00562.jpg
4943,C10,2025,7/2/25,6.0,7/4/25,20250704_C10_04943.jpg
1550,C7B,2025,7/18/25,2.0,7/18/25,20250718_C7B_01550.jpg
1187,C7B,2025,7/10/25,5.0,7/10/25,20250710_C7B_01187.jpg
918,C7B,2025,7/1/25,7.0,7/1/25,20250701_C7B_00918.jpg
4836,C10,2025,7/20/25,2.0,7/21/25,20250721_C10_04836.jpg
2017,C7B,2025,7/19/25,4.0,7/18/25,20250718_C7B_02017.jpg
4330,C10,2025,7/7/25,6.0,7/7/25,20250707_C10_04330.jpg
4149,C10,2025,7/19/25,1.0,7/18/25,20250718_C10_04149.jpg
6655,C10,2025,6/30/25,7.5,6/28/25,20250628_C10_06655.jpg
6649,C10,2025,7/3/25,6.0,7/4/25,20250704_C10_06649.jpg
6713,C10,2025,7/3/25,7.5,7/4/25,20250704_C10_06713.jpg
4643,C10,2025,7/11/25,5.5,7/11/25,20250711_C10_04643.jpg
10795,I3B,2023,7/19/23,5.5,7/20/23,20230720_I3B_10795.jpg
718,C7B,2025,6/30/25,7.5,7/1/25,20250701_C7B_00718.jpg
6032,C10,2025,7/19/25,3.0,7/18/25,20250718_C10_06032.jpg
5809,C10,2025,7/19/25,4.0,7/18/25,20250718_C10_05809.jpg
1856,C7B,2025,7/19/25,3.0,7/18/25,20250718_C7B_01856.jpg
1467,C7B,2025,7/18/25,4.0,7/18/25,20250718_C7B_01467.jpg
6843,C10,2025,7/14/25,7.5,7/14/25,20250714_C10_06843.jpg
6714,C10,2025,7/18/25,7.0,7/18/25,20250718_C10_06714.jpg
5034,C10,2025,7/11/25,5.0,7/11/25,20250711_C10_05034.jpg
5865,C10,2025,7/8/25,4.0,7/7/25,20250707_C10_05865.jpg
1878,C7B,2025,7/7/25,7.5,7/7/25,20250707_C7B_01878.jpg
4922,C10,2025,7/20/25,1.5,7/21/25,20250721_C10_04922.jpg
626,C7B,2025,6/30/25,7.0,7/1/25,20250701_C7B_00626.jpg
2647,C7B,2025,7/13/25,8.0,7/12/25,20250712_C7B_02647.jpg
160,C7B,2025,7/18/25,7.0,7/18/25,20250718_C7B_00160.jpg
4702,C10,2025,7/11/25,7.0,7/11/25,20250711_C10_04702.jpg
6833,C10,2025,7/8/25,7.5,7/7/25,20250707_C10_06833.jpg
6724,C10,2025,7/8/25,7.5,7/7/25,20250707_C10_06724.jpg
6005,C10,2025,7/8/25,5.0,7/7/25,20250707_C10_06005.jpg
4134,C10,2025,7/19/25,1.0,7/18/25,20250718_C10_04134.jpg
4735,C10,2025,7/11/25,5.0,7/11/25,20250711_C10_04735.jpg
4699,C10,2025,7/11/25,5.0,7/11/25,20250711_C10_04699.jpg
450,C7B,2025,6/30/25,6.5,7/1/25,20250701_C7B_00450.jpg
8066,G3,2023,7/26/23,3.0,7/27/23,20230727_G3_08066.jpg
5577,C10,2025,7/2/25,5.0,7/4/25,20250704_C10_05577.jpg
673,C7B,2025,6/30/25,7.5,7/1/25,20250701_C7B_00673.jpg
5169,C10,2025,7/20/25,1.5,7/21/25,20250721_C10_05169.jpg
830,C7B,2025,7/10/25,4.0,7/10/25,20250710_C7B_00830.jpg
1823,C7B,2025,7/7/25,8.0,7/7/25,20250707_C7B_01823.jpg
578,C7B,2025,7/10/25,5.5,7/10/25,20250710_C7B_00578.jpg
4190,C10,2025,7/19/25,4.0,7/18/25,20250718_C10_04190.jpg
1706,C7B,2025,7/1/25,7.0,7/1/25,20250701_C7B_01706.jpg
992,C7B,2025,7/18/25,5.0,7/18/25,20250718_C7B_00992.jpg
6701,C10,2025,6/30/25,7.5,6/28/25,20250628_C10_06701.jpg
575,C7B,2025,7/18/25,3.0,7/18/25,20250718_C7B_00575.jpg
271,C7B,2025,6/30/25,7.5,7/1/25,20250701_C7B_00271.jpg
6837,C10,2025,7/8/25,7.0,7/7/25,20250707_C10_06837.jpg
1452,C7B,2025,7/10/25,6.0,7/10/25,20250710_C7B_01452.jpg
1691,C7B,2025,7/7/25,6.0,7/7/25,20250707_C7B_01691.jpg
535,C7B,2025,7/10/25,6.0,7/10/25,20250710_C7B_00535.jpg
5502,C10,2025,7/2/25,6.0,7/4/25,20250704_C10_05502.jpg
5305,C10,2025,7/20/25,3.0,7/21/25,20250721_C10_05305.jpg
4925,C10,2025,7/11/25,6.5,7/11/25,20250711_C10_04925.jpg
379,C7B,2025,6/30/25,7.0,7/1/25,20250701_C7B_00379.jpg
2701,C7B,2025,7/8/25,8.0,7/7/25,20250707_C7B_02701.jpg
5923,C10,2025,7/11/25,8.5,7/11/25,20250711_C10_05923.jpg
6752,C10,2025,7/14/25,8.0,7/14/25,20250714_C10_06752.jpg
4019,C10,2025,7/11/25,7.5,7/11/25,20250711_C10_04019.jpg
1910,C7B,2025,7/10/25,7.0,7/10/25,20250710_C7B_01910.jpg
5772,C10,2025,7/19/25,3.0,7/18/25,20250718_C10_05772.jpg
1278,C7B,2025,7/10/25,5.0,7/10/25,20250710_C7B_01278.jpg
759,C7B,2025,7/18/25,3.0,7/18/25,20250718_C7B_00759.jpg
5772,C10,2025,7/8/25,5.5,7/7/25,20250707_C10_05772.jpg
5165,C10,2025,7/2/25,6.0,7/4/25,20250704_C10_05165.jpg
5972,C10,2025,7/19/25,4.5,7/18/25,20250718_C10_05972.jpg
4571,C10,2025,7/2/25,6.5,7/4/25,20250704_C10_04571.jpg
9775,I3B,2023,7/12/23,5.0,7/13/23,20230713_I3B_09775.jpg
2770,C7B,2025,7/18/25,7.0,7/18/25,20250718_C7B_02770.jpg
5321,C10,2025,7/11/25,7.0,7/11/25,20250711_C10_05321.jpg
7494,G3,2023,7/20/23,7.0,7/20/23,20230720_G3_07494.jpg
7295,G3,2023,7/26/23,8.0,7/27/23,20230727_G3_07295.jpg
5052,C10,2025,7/2/25,5.0,7/4/25,20250704_C10_05052.jpg
4164,C10,2025,7/7/25,7.0,7/7/25,20250707_C10_04164.jpg
1789,C7B,2025,7/19/25,5.0,7/18/25,20250718_C7B_01789.jpg
4041,C10,2025,7/19/25,4.0,7/18/25,20250718_C10_04041.jpg
1776,C7B,2025,7/7/25,6.0,7/7/25,20250707_C7B_01776.jpg
6775,C10,2025,7/3/25,8.0,7/4/25,20250704_C10_06775.jpg
1091,C7B,2025,7/1/25,7.0,7/1/25,20250701_C7B_01091.jpg
764,C7B,2025,7/10/25,7.5,7/10/25,20250710_C7B_00764.jpg
5112,C10,2025,7/20/25,2.5,7/21/25,20250721_C10_05112.jpg
164,C7B,2025,6/30/25,6.0,7/1/25,20250701_C7B_00164.jpg
910,C7B,2025,7/1/25,6.5,7/1/25,20250701_C7B_00910.jpg
4270,C10,2025,7/19/25,2.0,7/18/25,20250718_C10_04270.jpg
264,C7B,2025,7/4/25,5.0,7/4/25,20250704_C7B_00264.jpg
393,C7B,2025,7/18/25,1.0,7/18/25,20250718_C7B_00393.jpg
2829,C7B,2025,6/30/25,7.5,7/1/25,20250701_C7B_02829.jpg
1913,C7B,2025,7/10/25,4.0,7/10/25,20250710_C7B_01913.jpg
2030,C7B,2025,7/7/25,5.5,7/7/25,20250707_C7B_02030.jpg
2824,C7B,2025,7/8/25,7.5,7/7/25,20250707_C7B_02824.jpg
1012,C7B,2025,7/1/25,6.0,7/1/25,20250701_C7B_01012.jpg
523,C7B,2025,6/30/25,6.0,7/1/25,20250701_C7B_00523.jpg
4805,C10,2025,7/2/25,5.5,7/4/25,20250704_C10_04805.jpg
4426,C10,2025,7/11/25,6.0,7/11/25,20250711_C10_04426.jpg
4792,C10,2025,7/11/25,6.0,7/11/25,20250711_C10_04792.jpg
7539,G3,2023,7/26/23,6.0,7/27/23,20230727_G3_07539.jpg
2677,C7B,2025,7/18/25,6.5,7/18/25,20250718_C7B_02677.jpg
233,C7B,2025,7/18/25,3.0,7/18/25,20250718_C7B_00233.jpg
4549,C10,2025,7/11/25,6.0,7/11/25,20250711_C10_04549.jpg
2874,C7B,2025,6/30/25,7.5,7/1/25,20250701_C7B_02874.jpg
10920,I3B,2023,7/19/23,6.0,7/20/23,20230720_I3B_10920.jpg
8049,G3,2023,7/19/23,4.0,7/20/23,20230720_G3_08049.jpg
4186,C10,2025,7/11/25,6.0,7/11/25,20250711_C10_04186.jpg
4480,C10,2025,7/2/25,7.5,7/4/25,20250704_C10_04480.jpg
5481,C10,2025,7/11/25,7.0,7/11/25,20250711_C10_05481.jpg
4177,C10,2025,7/11/25,7.0,7/11/25,20250711_C10_04177.jpg
435,C7B,2025,7/18/25,4.0,7/18/25,20250718_C7B_00435.jpg
5589,C10,2025,7/20/25,2.0,7/21/25,20250721_C10_05589.jpg
11073,I3B,2023,7/12/23,7.5,7/13/23,20230713_I3B_11073.jpg
2636,C7B,2025,7/18/25,6.5,7/18/25,20250718_C7B_02636.jpg
1973,C7B,2025,7/7/25,6.0,7/7/25,20250707_C7B_01973.jpg
5603,C10,2025,7/20/25,5.0,7/21/25,20250721_C10_05603.jpg
1235,C7B,2025,7/18/25,3.0,7/18/25,20250718_C7B_01235.jpg
802,C7B,2025,7/10/25,7.0,7/10/25,20250710_C7B_00802.jpg
4264,C10,2025,7/19/25,5.0,7/18/25,20250718_C10_04264.jpg
4882,C10,2025,7/11/25,3.5,7/11/25,20250711_C10_04882.jpg
9834,I3B,2023,7/12/23,5.5,7/13/23,20230713_I3B_09834.jpg
4395,C10,2025,7/19/25,4.0,7/18/25,20250718_C10_04395.jpg
5824,C10,2025,7/11/25,6.0,7/11/25,20250711_C10_05824.jpg
2714,C7B,2025,7/13/25,4.0,7/12/25,20250712_C7B_02714.jpg
5224,C10,2025,7/11/25,5.0,7/11/25,20250711_C10_05224.jpg
5342,C10,2025,7/20/25,1.5,7/21/25,20250721_C10_05342.jpg
4749,C10,2025,7/20/25,2.0,7/21/25,20250721_C10_04749.jpg
5402,C10,2025,7/2/25,6.5,7/4/25,20250704_C10_05402.jpg
280,C7B,2025,6/30/25,6.5,7/1/25,20250701_C7B_00280.jpg
1970,C7B,2025,7/1/25,6.5,7/1/25,20250701_C7B_01970.jpg
3199,G3,2023,7/19/23,4.5,7/20/23,20230720_G3_03199.jpg
1098,C7B,2025,7/1/25,6.5,7/1/25,20250701_C7B_01098.jpg
4710,C10,2025,7/20/25,5.0,7/21/25,20250721_C10_04710.jpg
484,C7B,2025,7/10/25,6.0,7/10/25,20250710_C7B_00484.jpg
4864,C10,2025,7/20/25,2.5,7/21/25,20250721_C10_04864.jpg
10834,I3B,2023,7/19/23,5.0,7/20/23,20230720_I3B_10834.jpg
1885,C7B,2025,7/10/25,5.0,7/10/25,20250710_C7B_01885.jpg
84,C7B,2025,7/10/25,7.0,7/10/25,20250710_C7B_00084.jpg
1677,C7B,2025,7/7/25,4.0,7/7/25,20250707_C7B_01677.jpg
4893,C10,2025,7/2/25,5.0,7/4/25,20250704_C10_04893.jpg
5978,C10,2025,7/8/25,6.0,7/7/25,20250707_C10_05978.jpg
5729,C10,2025,7/11/25,3.0,7/11/25,20250711_C10_05729.jpg
6762,C10,2025,6/30/25,8.5,6/28/25,20250628_C10_06762.jpg
184,C7B,2025,7/18/25,3.0,7/18/25,20250718_C7B_00184.jpg
967,C7B,2025,7/1/25,7.5,7/1/25,20250701_C7B_00967.jpg
1771,C7B,2025,7/19/25,1.0,7/18/25,20250718_C7B_01771.jpg
1156,C7B,2025,7/10/25,7.0,7/10/25,20250710_C7B_01156.jpg
10751,I3B,2023,7/19/23,7.5,7/20/23,20230720_I3B_10751.jpg
2655,C7B,2025,7/13/25,4.0,7/12/25,20250712_C7B_02655.jpg
4085,C10,2025,7/11/25,4.0,7/11/25,20250711_C10_04085.jpg
4516,C10,2025,7/11/25,5.0,7/11/25,20250711_C10_04516.jpg
4531,C10,2025,7/2/25,6.5,7/4/25,20250704_C10_04531.jpg
5055,C10,2025,7/11/25,5.0,7/11/25,20250711_C10_05055.jpg
414,C7B,2025,7/10/25,4.0,7/10/25,20250710_C7B_00414.jpg
1568,C7B,2025,7/1/25,5.0,7/1/25,20250701_C7B_01568.jpg
2649,C7B,2025,7/18/25,3.5,7/18/25,20250718_C7B_02649.jpg
6650,C10,2025,7/14/25,7.0,7/14/25,20250714_C10_06650.jpg
405,C7B,2025,7/4/25,6.0,7/4/25,20250704_C7B_00405.jpg
4777,C10,2025,7/11/25,3.0,7/11/25,20250711_C10_04777.jpg
5834,C10,2025,7/19/25,5.0,7/18/25,20250718_C10_05834.jpg
147,C7B,2025,7/4/25,6.0,7/4/25,20250704_C7B_00147.jpg
5902,C10,2025,7/1/25,6.0,6/28/25,20250628_C10_05902.jpg
492,C7B,2025,7/10/25,4.0,7/10/25,20250710_C7B_00492.jpg
364,C7B,2025,6/30/25,6.5,7/1/25,20250701_C7B_00364.jpg
4555,C10,2025,7/20/25,4.0,7/21/25,20250721_C10_04555.jpg
1256,C7B,2025,7/1/25,4.0,7/1/25,20250701_C7B_01256.jpg
1072,C7B,2025,7/10/25,5.0,7/10/25,20250710_C7B_01072.jpg
10742,I3B,2023,7/19/23,6.0,7/20/23,20230720_I3B_10742.jpg
4591,C10,2025,7/11/25,5.0,7/11/25,20250711_C10_04591.jpg
8131,G3,2023,7/26/23,7.5,7/27/23,20230727_G3_08131.jpg
2817,C7B,2025,7/18/25,4.0,7/18/25,20250718_C7B_02817.jpg
3105,G3,2023,7/19/23,8.0,7/20/23,20230720_G3_03105.jpg
4525,C10,2025,7/2/25,6.0,7/4/25,20250704_C10_04525.jpg
4947,C10,2025,7/20/25,2.5,7/21/25,20250721_C10_04947.jpg
5469,C10,2025,7/11/25,4.0,7/11/25,20250711_C10_05469.jpg
4908,C10,2025,7/2/25,7.0,7/4/25,20250704_C10_04908.jpg
5263,C10,2025,7/11/25,3.5,7/11/25,20250711_C10_05263.jpg
3111,G3,2023,7/26/23,3.0,7/27/23,20230727_G3_03111.jpg
5858,C10,2025,7/19/25,2.0,7/18/25,20250718_C10_05858.jpg
1163,C7B,2025,7/18/25,2.5,7/18/25,20250718_C7B_01163.jpg
5231,C10,2025,7/2/25,7.0,7/4/25,20250704_C10_05231.jpg
1643,C7B,2025,7/18/25,3.0,7/18/25,20250718_C7B_01643.jpg
5358,C10,2025,7/2/25,7.0,7/4/25,20250704_C10_05358.jpg
5449,C10,2025,7/2/25,5.5,7/4/25,20250704_C10_05449.jpg
5209,C10,2025,7/20/25,2.0,7/21/25,20250721_C10_05209.jpg
347,C7B,2025,7/10/25,6.0,7/10/25,20250710_C7B_00347.jpg
5992,C10,2025,7/19/25,2.0,7/18/25,20250718_C10_05992.jpg
9758,I3B,2023,7/12/23,6.0,7/13/23,20230713_I3B_09758.jpg
5621,C10,2025,7/11/25,4.0,7/11/25,20250711_C10_05621.jpg
7278,G3,2023,7/26/23,8.0,7/27/23,20230727_G3_07278.jpg
1460,C7B,2025,7/10/25,5.0,7/10/25,20250710_C7B_01460.jpg
2714,C7B,2025,6/30/25,7.0,7/1/25,20250701_C7B_02714.jpg
5295,C10,2025,7/11/25,5.0,7/11/25,20250711_C10_05295.jpg
10983,I3B,2023,7/19/23,5.5,7/20/23,20230720_I3B_10983.jpg
2792,C7B,2025,6/30/25,8.0,7/1/25,20250701_C7B_02792.jpg
1644,C7B,2025,7/1/25,6.5,7/1/25,20250701_C7B_01644.jpg
10867,I3B,2023,7/19/23,7.5,7/20/23,20230720_I3B_10867.jpg
5322,C10,2025,7/20/25,3.0,7/21/25,20250721_C10_05322.jpg
10914,I3B,2023,7/19/23,5.5,7/20/23,20230720_I3B_10914.jpg
4140,C10,2025,6/30/25,7.0,6/28/25,20250628_C10_04140.jpg
1292,C7B,2025,7/10/25,3.5,7/10/25,20250710_C7B_01292.jpg
1553,C7B,2025,7/18/25,3.5,7/18/25,20250718_C7B_01553.jpg
10965,I3B,2023,7/19/23,5.5,7/20/23,20230720_I3B_10965.jpg
1950,C7B,2025,7/10/25,4.5,7/10/25,20250710_C7B_01950.jpg
4578,C10,2025,7/20/25,2.0,7/21/25,20250721_C10_04578.jpg
3201,G3,2023,7/19/23,5.0,7/20/23,20230720_G3_03201.jpg
2733,C7B,2025,6/30/25,9.0,7/1/25,20250701_C7B_02733.jpg
4718,C10,2025,7/2/25,5.5,7/4/25,20250704_C10_04718.jpg
4479,C10,2025,7/20/25,2.0,7/21/25,20250721_C10_04479.jpg
4201,C10,2025,7/7/25,4.0,7/7/25,20250707_C10_04201.jpg
4450,C10,2025,7/11/25,6.5,7/11/25,20250711_C10_04450.jpg
628,C7B,2025,7/18/25,4.0,7/18/25,20250718_C7B_00628.jpg
4399,C10,2025,7/19/25,2.0,7/18/25,20250718_C10_04399.jpg
1153,C7B,2025,7/18/25,1.5,7/18/25,20250718_C7B_01153.jpg
1225,C7B,2025,7/1/25,6.5,7/1/25,20250701_C7B_01225.jpg
1000,C7B,2025,7/1/25,6.5,7/1/25,20250701_C7B_01000.jpg
6664,C10,2025,7/8/25,8.0,7/7/25,20250707_C10_06664.jpg
1857,C7B,2025,7/10/25,7.5,7/10/25,20250710_C7B_01857.jpg
10006,I3B,2023,7/12/23,5.0,7/13/23,20230713_I3B_10006.jpg
4545,C10,2025,7/2/25,4.0,7/4/25,20250704_C10_04545.jpg
275,C7B,2025,7/18/25,3.0,7/18/25,20250718_C7B_00275.jpg
5624,C10,2025,7/11/25,4.5,7/11/25,20250711_C10_05624.jpg
4046,C10,2025,7/11/25,7.0,7/11/25,20250711_C10_04046.jpg
6829,C10,2025,7/18/25,6.0,7/18/25,20250718_C10_06829.jpg
4146,C10,2025,7/19/25,2.0,7/18/25,20250718_C10_04146.jpg
269,C7B,2025,6/30/25,5.5,7/1/25,20250701_C7B_00269.jpg
1499,C7B,2025,7/1/25,7.5,7/1/25,20250701_C7B_01499.jpg
1929,C7B,2025,7/10/25,7.0,7/10/25,20250710_C7B_01929.jpg
1726,C7B,2025,7/19/25,4.0,7/18/25,20250718_C7B_01726.jpg
5711,C10,2025,7/8/25,3.5,7/7/25,20250707_C10_05711.jpg
1234,C7B,2025,7/1/25,5.5,7/1/25,20250701_C7B_01234.jpg
6646,C10,2025,7/18/25,7.5,7/18/25,20250718_C10_06646.jpg
4757,C10,2025,7/11/25,7.0,7/11/25,20250711_C10_04757.jpg
11071,I3B,2023,7/12/23,7.5,7/13/23,20230713_I3B_11071.jpg
4283,C10,2025,7/11/25,5.0,7/11/25,20250711_C10_04283.jpg
2844,C7B,2025,7/8/25,7.0,7/7/25,20250707_C7B_02844.jpg
3033,G3,2023,7/26/23,8.0,7/27/23,20230727_G3_03033.jpg
561,C7B,2025,6/30/25,7.0,7/1/25,20250701_C7B_00561.jpg
5676,C10,2025,7/11/25,8.0,7/11/25,20250711_C10_05676.jpg
762,C7B,2025,7/10/25,6.5,7/10/25,20250710_C7B_00762.jpg
721,C7B,2025,7/18/25,2.5,7/18/25,20250718_C7B_00721.jpg
5777,C10,2025,7/11/25,5.0,7/11/25,20250711_C10_05777.jpg
6831,C10,2025,7/3/25,7.0,7/4/25,20250704_C10_06831.jpg
480,C7B,2025,7/18/25,4.0,7/18/25,20250718_C7B_00480.jpg
5198,C10,2025,7/11/25,4.0,7/11/25,20250711_C10_05198.jpg
421,C7B,2025,7/10/25,4.0,7/10/25,20250710_C7B_00421.jpg
1531,C7B,2025,7/1/25,6.0,7/1/25,20250701_C7B_01531.jpg
5374,C10,2025,7/11/25,5.0,7/11/25,20250711_C10_05374.jpg
155,C7B,2025,7/4/25,6.0,7/4/25,20250704_C7B_00155.jpg
5944,C10,2025,7/8/25,6.0,7/7/25,20250707_C10_05944.jpg
729,C7B,2025,6/30/25,6.0,7/1/25,20250701_C7B_00729.jpg
4646,C10,2025,7/2/25,6.0,7/4/25,20250704_C10_04646.jpg
49,C7B,2025,7/18/25,4.0,7/18/25,20250718_C7B_00049.jpg
1673,C7B,2025,7/1/25,8.0,7/1/25,20250701_C7B_01673.jpg
5085,C10,2025,7/11/25,7.0,7/11/25,20250711_C10_05085.jpg
924,C7B,2025,7/18/25,3.0,7/18/25,20250718_C7B_00924.jpg
4300,C10,2025,7/7/25,5.0,7/7/25,20250707_C10_04300.jpg
3095,G3,2023,7/19/23,8.0,7/20/23,20230720_G3_03095.jpg
1478,C7B,2025,7/1/25,7.5,7/1/25,20250701_C7B_01478.jpg
2669,C7B,2025,7/18/25,2.0,7/18/25,20250718_C7B_02669.jpg
958,C7B,2025,7/18/25,4.0,7/18/25,20250718_C7B_00958.jpg
1676,C7B,2025,7/1/25,6.5,7/1/25,20250701_C7B_01676.jpg
914,C7B,2025,7/1/25,7.5,7/1/25,20250701_C7B_00914.jpg
613,C7B,2025,7/10/25,6.0,7/10/25,20250710_C7B_00613.jpg
4394,C10,2025,7/11/25,5.5,7/11/25,20250711_C10_04394.jpg
5494,C10,2025,7/20/25,2.0,7/21/25,20250721_C10_05494.jpg
750,C7B,2025,6/30/25,8.0,7/1/25,20250701_C7B_00750.jpg
579,C7B,2025,7/10/25,6.5,7/10/25,20250710_C7B_00579.jpg
97,C7B,2025,7/4/25,7.5,7/4/25,20250704_C7B_00097.jpg
3027,G3,2023,7/19/23,7.0,7/20/23,20230720_G3_03027.jpg
5460,C10,2025,7/11/25,5.0,7/11/25,20250711_C10_05460.jpg
6681,C10,2025,7/18/25,5.0,7/18/25,20250718_C10_06681.jpg
6824,C10,2025,7/18/25,6.5,7/18/25,20250718_C10_06824.jpg
1960,C7B,2025,7/10/25,5.0,7/10/25,20250710_C7B_01960.jpg
6791,C10,2025,7/3/25,7.5,7/4/25,20250704_C10_06791.jpg
6006,C10,2025,7/8/25,7.5,7/7/25,20250707_C10_06006.jpg
10854,I3B,2023,7/19/23,6.0,7/20/23,20230720_I3B_10854.jpg
245,C7B,2025,7/4/25,7.0,7/4/25,20250704_C7B_00245.jpg
1155,C7B,2025,7/1/25,7.5,7/1/25,20250701_C7B_01155.jpg
6734,C10,2025,7/18/25,8.0,7/18/25,20250718_C10_06734.jpg
11159,I3B,2023,7/12/23,7.5,7/13/23,20230713_I3B_11159.jpg
4725,C10,2025,7/20/25,1.5,7/21/25,20250721_C10_04725.jpg
5831,C10,2025,7/1/25,5.5,6/28/25,20250628_C10_05831.jpg
1637,C7B,2025,7/18/25,2.0,7/18/25,20250718_C7B_01637.jpg
4351,C10,2025,7/19/25,1.5,7/18/25,20250718_C10_04351.jpg
1862,C7B,2025,7/10/25,5.0,7/10/25,20250710_C7B_01862.jpg
183,C7B,2025,6/30/25,7.5,7/1/25,20250701_C7B_00183.jpg
1386,C7B,2025,7/10/25,5.0,7/10/25,20250710_C7B_01386.jpg
10766,I3B,2023,7/19/23,4.5,7/20/23,20230720_I3B_10766.jpg
4330,C10,2025,7/11/25,4.0,7/11/25,20250711_C10_04330.jpg
946,C7B,2025,7/1/25,8.0,7/1/25,20250701_C7B_00946.jpg
4115,C10,2025,7/11/25,8.0,7/11/25,20250711_C10_04115.jpg
5066,C10,2025,7/2/25,5.5,7/4/25,20250704_C10_05066.jpg
6756,C10,2025,7/14/25,8.0,7/14/25,20250714_C10_06756.jpg
324,C7B,2025,7/10/25,5.0,7/10/25,20250710_C7B_00324.jpg
862,C7B,2025,7/18/25,1.5,7/18/25,20250718_C7B_00862.jpg
9679,I3B,2023,7/12/23,5.0,7/13/23,20230713_I3B_09679.jpg
5887,C10,2025,7/8/25,5.5,7/7/25,20250707_C10_05887.jpg
2010,C7B,2025,7/19/25,2.0,7/18/25,20250718_C7B_02010.jpg
5425,C10,2025,7/2/25,5.5,7/4/25,20250704_C10_05425.jpg
6831,C10,2025,7/8/25,7.5,7/7/25,20250707_C10_06831.jpg
6046,C10,2025,7/8/25,5.0,7/7/25,20250707_C10_06046.jpg
7283,G3,2023,7/26/23,7.5,7/27/23,20230727_G3_07283.jpg
6741,C10,2025,7/14/25,7.5,7/14/25,20250714_C10_06741.jpg
47,C7B,2025,6/30/25,7.0,7/1/25,20250701_C7B_00047.jpg
1680,C7B,2025,7/1/25,5.5,7/1/25,20250701_C7B_01680.jpg
4685,C10,2025,7/20/25,3.0,7/21/25,20250721_C10_04685.jpg
1306,C7B,2025,7/1/25,7.5,7/1/25,20250701_C7B_01306.jpg
1681,C7B,2025,7/1/25,5.5,7/1/25,20250701_C7B_01681.jpg
1839,C7B,2025,7/19/25,3.5,7/18/25,20250718_C7B_01839.jpg
1148,C7B,2025,7/18/25,2.0,7/18/25,20250718_C7B_01148.jpg
10864,I3B,2023,7/19/23,5.5,7/20/23,20230720_I3B_10864.jpg
1082,C7B,2025,7/1/25,5.5,7/1/25,20250701_C7B_01082.jpg
5289,C10,2025,7/2/25,5.0,7/4/25,20250704_C10_05289.jpg
173,C7B,2025,7/18/25,3.5,7/18/25,20250718_C7B_00173.jpg
1324,C7B,2025,7/18/25,2.0,7/18/25,20250718_C7B_01324.jpg
5374,C10,2025,7/2/25,7.0,7/4/25,20250704_C10_05374.jpg
4949,C10,2025,7/20/25,2.0,7/21/25,20250721_C10_04949.jpg
4982,C10,2025,7/11/25,6.5,7/11/25,20250711_C10_04982.jpg
469,C7B,2025,7/10/25,7.0,7/10/25,20250710_C7B_00469.jpg
5030,C10,2025,7/20/25,2.0,7/21/25,20250721_C10_05030.jpg
5127,C10,2025,7/2/25,5.5,7/4/25,20250704_C10_05127.jpg
6842,C10,2025,7/8/25,7.5,7/7/25,20250707_C10_06842.jpg
689,C7B,2025,6/30/25,7.5,7/1/25,20250701_C7B_00689.jpg
2722,C7B,2025,6/30/25,8.5,7/1/25,20250701_C7B_02722.jpg
5811,C10,2025,7/11/25,3.5,7/11/25,20250711_C10_05811.jpg
21,C7B,2025,7/4/25,7.5,7/4/25,20250704_C7B_00021.jpg
796,C7B,2025,6/30/25,7.0,7/1/25,20250701_C7B_00796.jpg
2712,C7B,2025,7/13/25,7.0,7/12/25,20250712_C7B_02712.jpg
1939,C7B,2025,7/7/25,7.5,7/7/25,20250707_C7B_01939.jpg
6828,C10,2025,7/8/25,7.5,7/7/25,20250707_C10_06828.jpg
3106,G3,2023,7/26/23,7.5,7/27/23,20230727_G3_03106.jpg
5903,C10,2025,7/11/25,5.5,7/11/25,20250711_C10_05903.jpg
5377,C10,2025,7/20/25,3.5,7/21/25,20250721_C10_05377.jpg
3092,G3,2023,7/19/23,8.0,7/20/23,20230720_G3_03092.jpg
4420,C10,2025,6/30/25,5.5,6/28/25,20250628_C10_04420.jpg
4248,C10,2025,7/7/25,5.0,7/7/25,20250707_C10_04248.jpg
1782,C7B,2025,7/7/25,7.5,7/7/25,20250707_C7B_01782.jpg
11360,I3B,2023,7/19/23,7.0,7/20/23,20230720_I3B_11360.jpg
4998,C10,2025,7/2/25,7.0,7/4/25,20250704_C10_04998.jpg
1684,C7B,2025,7/19/25,4.0,7/18/25,20250718_C7B_01684.jpg
8137,G3,2023,7/26/23,8.0,7/27/23,20230727_G3_08137.jpg
10881,I3B,2023,7/19/23,6.0,7/20/23,20230720_I3B_10881.jpg
1462,C7B,2025,7/10/25,4.0,7/10/25,20250710_C7B_01462.jpg
5245,C10,2025,7/2/25,5.5,7/4/25,20250704_C10_05245.jpg
6012,C10,2025,7/8/25,5.5,7/7/25,20250707_C10_06012.jpg
4472,C10,2025,7/11/25,6.5,7/11/25,20250711_C10_04472.jpg
3145,G3,2023,7/19/23,7.5,7/20/23,20230720_G3_03145.jpg
769,C7B,2025,7/10/25,5.0,7/10/25,20250710_C7B_00769.jpg
5582,C10,2025,7/11/25,4.0,7/11/25,20250711_C10_05582.jpg
899,C7B,2025,7/18/25,2.5,7/18/25,20250718_C7B_00899.jpg
3144,G3,2023,7/26/23,3.5,7/27/23,20230727_G3_03144.jpg
5758,C10,2025,7/11/25,8.0,7/11/25,20250711_C10_05758.jpg
5943,C10,2025,7/11/25,4.0,7/11/25,20250711_C10_05943.jpg
5762,C10,2025,7/19/25,2.0,7/18/25,20250718_C10_05762.jpg
321,C7B,2025,7/4/25,6.0,7/4/25,20250704_C7B_00321.jpg
351,C7B,2025,7/18/25,3.0,7/18/25,20250718_C7B_00351.jpg
8091,G3,2023,7/26/23,8.0,7/27/23,20230727_G3_08091.jpg
4698,C10,2025,7/20/25,3.0,7/21/25,20250721_C10_04698.jpg
989,C7B,2025,7/10/25,3.5,7/10/25,20250710_C7B_00989.jpg
10366,I3B,2023,7/25/23,3.0,7/27/23,20230727_I3B_10366.jpg
4543,C10,2025,7/20/25,3.0,7/21/25,20250721_C10_04543.jpg
4285,C10,2025,7/7/25,5.5,7/7/25,20250707_C10_04285.jpg
5826,C10,2025,7/11/25,5.0,7/11/25,20250711_C10_05826.jpg
1907,C7B,2025,7/7/25,7.0,7/7/25,20250707_C7B_01907.jpg
11162,I3B,2023,7/12/23,7.5,7/13/23,20230713_I3B_11162.jpg
1637,C7B,2025,7/1/25,5.0,7/1/25,20250701_C7B_01637.jpg
6716,C10,2025,6/30/25,8.0,6/28/25,20250628_C10_06716.jpg
207,C7B,2025,7/4/25,5.0,7/4/25,20250704_C7B_00207.jpg
1739,C7B,2025,7/10/25,4.0,7/10/25,20250710_C7B_01739.jpg
10922,I3B,2023,7/19/23,5.5,7/20/23,20230720_I3B_10922.jpg
11233,I3B,2023,7/19/23,7.0,7/20/23,20230720_I3B_11233.jpg
2026,C7B,2025,7/19/25,2.0,7/18/25,20250718_C7B_02026.jpg
506,C7B,2025,7/10/25,5.0,7/10/25,20250710_C7B_00506.jpg
85,C7B,2025,7/10/25,5.0,7/10/25,20250710_C7B_00085.jpg
306,C7B,2025,7/4/25,7.0,7/4/25,20250704_C7B_00306.jpg
5910,C10,2025,7/19/25,4.5,7/18/25,20250718_C10_05910.jpg
8050,G3,2023,7/26/23,4.0,7/27/23,20230727_G3_08050.jpg
4510,C10,2025,7/11/25,4.0,7/11/25,20250711_C10_04510.jpg
1519,C7B,2025,7/10/25,4.0,7/10/25,20250710_C7B_01519.jpg
1779,C7B,2025,7/7/25,6.0,7/7/25,20250707_C7B_01779.jpg
982,C7B,2025,7/10/25,6.0,7/10/25,20250710_C7B_00982.jpg
5552,C10,2025,7/2/25,7.0,7/4/25,20250704_C10_05552.jpg
66,C7B,2025,7/18/25,7.5,7/18/25,20250718_C7B_00066.jpg
1249,C7B,2025,7/18/25,3.0,7/18/25,20250718_C7B_01249.jpg
2772,C7B,2025,7/18/25,7.5,7/18/25,20250718_C7B_02772.jpg
7483,G3,2023,7/20/23,8.0,7/20/23,20230720_G3_07483.jpg
1018,C7B,2025,7/10/25,5.0,7/10/25,20250710_C7B_01018.jpg
9623,I3B,2023,7/12/23,6.5,7/13/23,20230713_I3B_09623.jpg
490,C7B,2025,7/18/25,2.5,7/18/25,20250718_C7B_00490.jpg
5529,C10,2025,7/11/25,5.0,7/11/25,20250711_C10_05529.jpg
9925,I3B,2023,7/12/23,6.0,7/13/23,20230713_I3B_09925.jpg
1389,C7B,2025,7/18/25,2.5,7/18/25,20250718_C7B_01389.jpg
11114,I3B,2023,7/12/23,7.5,7/13/23,20230713_I3B_11114.jpg
498,C7B,2025,6/30/25,7.5,7/1/25,20250701_C7B_00498.jpg
5455,C10,2025,7/11/25,4.0,7/11/25,20250711_C10_05455.jpg
1856,C7B,2025,7/7/25,4.5,7/7/25,20250707_C7B_01856.jpg
3121,G3,2023,7/26/23,8.5,7/27/23,20230727_G3_03121.jpg
5077,C10,2025,7/11/25,4.0,7/11/25,20250711_C10_05077.jpg
5080,C10,2025,7/2/25,5.0,7/4/25,20250704_C10_05080.jpg
9666,I3B,2023,7/12/23,5.0,7/13/23,20230713_I3B_09666.jpg
2645,C7B,2025,7/8/25,7.5,7/7/25,20250707_C7B_02645.jpg
1906,C7B,2025,7/7/25,8.0,7/7/25,20250707_C7B_01906.jpg
4407,C10,2025,7/19/25,4.0,7/18/25,20250718_C10_04407.jpg
1217,C7B,2025,7/1/25,7.0,7/1/25,20250701_C7B_01217.jpg
452,C7B,2025,7/18/25,4.0,7/18/25,20250718_C7B_00452.jpg
4887,C10,2025,7/2/25,7.0,7/4/25,20250704_C10_04887.jpg
1067,C7B,2025,7/18/25,3.0,7/18/25,20250718_C7B_01067.jpg
2797,C7B,2025,7/18/25,8.0,7/18/25,20250718_C7B_02797.jpg
145,C7B,2025,7/10/25,8.0,7/10/25,20250710_C7B_00145.jpg
1153,C7B,2025,7/1/25,7.0,7/1/25,20250701_C7B_01153.jpg
671,C7B,2025,7/18/25,2.0,7/18/25,20250718_C7B_00671.jpg
451,C7B,2025,6/30/25,6.5,7/1/25,20250701_C7B_00451.jpg
2654,C7B,2025,7/18/25,3.0,7/18/25,20250718_C7B_02654.jpg
11358,I3B,2023,7/19/23,7.0,7/20/23,20230720_I3B_11358.jpg
4682,C10,2025,7/20/25,2.5,7/21/25,20250721_C10_04682.jpg
5984,C10,2025,7/11/25,5.0,7/11/25,20250711_C10_05984.jpg
4387,C10,2025,6/30/25,7.5,6/28/25,20250628_C10_04387.jpg
1936,C7B,2025,7/1/25,6.0,7/1/25,20250701_C7B_01936.jpg
400,C7B,2025,7/18/25,3.0,7/18/25,20250718_C7B_00400.jpg
11320,I3B,2023,7/19/23,7.0,7/20/23,20230720_I3B_11320.jpg
5121,C10,2025,7/11/25,5.0,7/11/25,20250711_C10_05121.jpg
1903,C7B,2025,7/10/25,5.5,7/10/25,20250710_C7B_01903.jpg
6789,C10,2025,7/8/25,7.5,7/7/25,20250707_C10_06789.jpg
5282,C10,2025,7/11/25,3.0,7/11/25,20250711_C10_05282.jpg
9633,I3B,2023,7/12/23,6.5,7/13/23,20230713_I3B_09633.jpg
4621,C10,2025,7/20/25,4.0,7/21/25,20250721_C10_04621.jpg
4944,C10,2025,7/11/25,6.0,7/11/25,20250711_C10_04944.jpg
4429,C10,2025,7/7/25,5.0,7/7/25,20250707_C10_04429.jpg
1721,C7B,2025,7/10/25,5.5,7/10/25,20250710_C7B_01721.jpg
4516,C10,2025,7/2/25,6.0,7/4/25,20250704_C10_04516.jpg
11151,I3B,2023,7/12/23,6.5,7/13/23,20230713_I3B_11151.jpg
7438,G3,2023,7/20/23,7.0,7/20/23,20230720_G3_07438.jpg
4410,C10,2025,7/19/25,2.5,7/18/25,20250718_C10_04410.jpg
2679,C7B,2025,6/30/25,7.5,7/1/25,20250701_C7B_02679.jpg
3196,G3,2023,7/26/23,5.0,7/27/23,20230727_G3_03196.jpg
1825,C7B,2025,7/10/25,6.5,7/10/25,20250710_C7B_01825.jpg
4188,C10,2025,7/7/25,4.0,7/7/25,20250707_C10_04188.jpg
9763,I3B,2023,7/12/23,5.5,7/13/23,20230713_I3B_09763.jpg
378,C7B,2025,6/30/25,7.0,7/1/25,20250701_C7B_00378.jpg
9692,I3B,2023,7/12/23,5.5,7/13/23,20230713_I3B_09692.jpg
4683,C10,2025,7/20/25,3.0,7/21/25,20250721_C10_04683.jpg
2811,C7B,2025,7/8/25,7.5,7/7/25,20250707_C7B_02811.jpg
6653,C10,2025,7/14/25,3.0,7/14/25,20250714_C10_06653.jpg
811,C7B,2025,7/18/25,3.0,7/18/25,20250718_C7B_00811.jpg
5124,C10,2025,7/2/25,5.0,7/4/25,20250704_C10_05124.jpg
9917,I3B,2023,7/12/23,4.5,7/13/23,20230713_I3B_09917.jpg
11138,I3B,2023,7/12/23,7.5,7/13/23,20230713_I3B_11138.jpg
4038,C10,2025,6/30/25,5.0,6/28/25,20250628_C10_04038.jpg
5147,C10,2025,7/2/25,7.0,7/4/25,20250704_C10_05147.jpg
1626,C7B,2025,7/1/25,7.0,7/1/25,20250701_C7B_01626.jpg
4597,C10,2025,7/2/25,5.5,7/4/25,20250704_C10_04597.jpg
5238,C10,2025,7/11/25,4.0,7/11/25,20250711_C10_05238.jpg
1627,C7B,2025,7/18/25,2.0,7/18/25,20250718_C7B_01627.jpg
4074,C10,2025,7/19/25,3.0,7/18/25,20250718_C10_04074.jpg
6688,C10,2025,7/18/25,5.5,7/18/25,20250718_C10_06688.jpg
1413,C7B,2025,7/10/25,6.5,7/10/25,20250710_C7B_01413.jpg
1096,C7B,2025,7/10/25,5.0,7/10/25,20250710_C7B_01096.jpg
7417,G3,2023,7/20/23,5.5,7/20/23,20230720_G3_07417.jpg
6746,C10,2025,6/30/25,8.5,6/28/25,20250628_C10_06746.jpg
1434,C7B,2025,7/1/25,7.0,7/1/25,20250701_C7B_01434.jpg
5506,C10,2025,7/11/25,5.0,7/11/25,20250711_C10_05506.jpg
3030,G3,2023,7/26/23,7.5,7/27/23,20230727_G3_03030.jpg
330,C7B,2025,6/30/25,7.0,7/1/25,20250701_C7B_00330.jpg
843,C7B,2025,7/18/25,5.0,7/18/25,20250718_C7B_00843.jpg
9663,I3B,2023,7/12/23,4.5,7/13/23,20230713_I3B_09663.jpg
5897,C10,2025,7/1/25,7.0,6/28/25,20250628_C10_05897.jpg
4752,C10,2025,7/20/25,3.5,7/21/25,20250721_C10_04752.jpg
5267,C10,2025,7/2/25,5.5,7/4/25,20250704_C10_05267.jpg
4870,C10,2025,7/20/25,5.0,7/21/25,20250721_C10_04870.jpg
2694,C7B,2025,7/13/25,6.5,7/12/25,20250712_C7B_02694.jpg
545,C7B,2025,6/30/25,7.0,7/1/25,20250701_C7B_00545.jpg
4559,C10,2025,7/20/25,2.0,7/21/25,20250721_C10_04559.jpg
5120,C10,2025,7/2/25,4.5,7/4/25,20250704_C10_05120.jpg
4077,C10,2025,7/11/25,4.0,7/11/25,20250711_C10_04077.jpg
868,C7B,2025,7/10/25,6.0,7/10/25,20250710_C7B_00868.jpg
8043,G3,2023,7/26/23,6.0,7/27/23,20230727_G3_08043.jpg
4913,C10,2025,7/11/25,7.0,7/11/25,20250711_C10_04913.jpg
4703,C10,2025,7/20/25,3.0,7/21/25,20250721_C10_04703.jpg
1675,C7B,2025,7/1/25,6.5,7/1/25,20250701_C7B_01675.jpg
4482,C10,2025,7/2/25,7.0,7/4/25,20250704_C10_04482.jpg
867,C7B,2025,7/1/25,5.5,7/1/25,20250701_C7B_00867.jpg
4419,C10,2025,7/7/25,7.0,7/7/25,20250707_C10_04419.jpg
4266,C10,2025,6/30/25,6.5,6/28/25,20250628_C10_04266.jpg
1539,C7B,2025,7/1/25,7.0,7/1/25,20250701_C7B_01539.jpg
6,C7B,2025,7/4/25,7.5,7/4/25,20250704_C7B_00006.jpg
4234,C10,2025,7/11/25,4.0,7/11/25,20250711_C10_04234.jpg
563,C7B,2025,7/10/25,7.0,7/10/25,20250710_C7B_00563.jpg
9642,I3B,2023,7/12/23,4.5,7/13/23,20230713_I3B_09642.jpg
1639,C7B,2025,7/10/25,5.0,7/10/25,20250710_C7B_01639.jpg
2664,C7B,2025,6/30/25,9.0,7/1/25,20250701_C7B_02664.jpg
1834,C7B,2025,7/7/25,6.0,7/7/25,20250707_C7B_01834.jpg
410,C7B,2025,6/30/25,6.0,7/1/25,20250701_C7B_00410.jpg
5928,C10,2025,7/1/25,7.0,6/28/25,20250628_C10_05928.jpg
5196,C10,2025,7/2/25,8.0,7/4/25,20250704_C10_05196.jpg
732,C7B,2025,6/30/25,7.0,7/1/25,20250701_C7B_00732.jpg
92,C7B,2025,7/4/25,5.0,7/4/25,20250704_C7B_00092.jpg
1276,C7B,2025,7/10/25,6.0,7/10/25,20250710_C7B_01276.jpg
5471,C10,2025,7/11/25,4.0,7/11/25,20250711_C10_05471.jpg
5625,C10,2025,7/20/25,4.5,7/21/25,20250721_C10_05625.jpg
4561,C10,2025,7/2/25,6.5,7/4/25,20250704_C10_04561.jpg
6843,C10,2025,6/30/25,8.5,6/28/25,20250628_C10_06843.jpg
6757,C10,2025,7/14/25,8.0,7/14/25,20250714_C10_06757.jpg
4463,C10,2025,7/20/25,2.5,7/21/25,20250721_C10_04463.jpg
5155,C10,2025,7/20/25,2.0,7/21/25,20250721_C10_05155.jpg
6654,C10,2025,7/8/25,8.0,7/7/25,20250707_C10_06654.jpg
5729,C10,2025,7/8/25,3.0,7/7/25,20250707_C10_05729.jpg
4754,C10,2025,7/11/25,6.0,7/11/25,20250711_C10_04754.jpg
105,C7B,2025,6/30/25,7.0,7/1/25,20250701_C7B_00105.jpg
11142,I3B,2023,7/12/23,8.0,7/13/23,20230713_I3B_11142.jpg
747,C7B,2025,7/18/25,2.0,7/18/25,20250718_C7B_00747.jpg
4446,C10,2025,7/7/25,5.0,7/7/25,20250707_C10_04446.jpg
4151,C10,2025,6/30/25,5.0,6/28/25,20250628_C10_04151.jpg
4316,C10,2025,7/19/25,1.5,7/18/25,20250718_C10_04316.jpg
1513,C7B,2025,7/18/25,2.0,7/18/25,20250718_C7B_01513.jpg
5771,C10,2025,7/19/25,4.0,7/18/25,20250718_C10_05771.jpg
197,C7B,2025,7/4/25,5.0,7/4/25,20250704_C7B_00197.jpg
43,C7B,2025,7/11/25,5.0,7/10/25,20250710_C7B_00043.jpg
6675,C10,2025,6/30/25,6.5,6/28/25,20250628_C10_06675.jpg
10910,I3B,2023,7/19/23,5.5,7/20/23,20230720_I3B_10910.jpg
2683,C7B,2025,7/13/25,7.0,7/12/25,20250712_C7B_02683.jpg
5137,C10,2025,7/20/25,5.0,7/21/25,20250721_C10_05137.jpg
1511,C7B,2025,7/10/25,6.0,7/10/25,20250710_C7B_01511.jpg
470,C7B,2025,6/30/25,6.0,7/1/25,20250701_C7B_00470.jpg
4485,C10,2025,7/20/25,2.0,7/21/25,20250721_C10_04485.jpg
1629,C7B,2025,7/1/25,6.5,7/1/25,20250701_C7B_01629.jpg
922,C7B,2025,7/10/25,7.0,7/10/25,20250710_C7B_00922.jpg
5662,C10,2025,7/1/25,5.0,6/28/25,20250628_C10_05662.jpg
109,C7B,2025,6/30/25,6.5,7/1/25,20250701_C7B_00109.jpg
11298,I3B,2023,7/19/23,7.0,7/20/23,20230720_I3B_11298.jpg
357,C7B,2025,7/10/25,7.0,7/10/25,20250710_C7B_00357.jpg
1160,C7B,2025,7/10/25,7.5,7/10/25,20250710_C7B_01160.jpg
1736,C7B,2025,7/10/25,4.5,7/10/25,20250710_C7B_01736.jpg
2777,C7B,2025,7/8/25,8.0,7/7/25,20250707_C7B_02777.jpg
577,C7B,2025,7/10/25,5.0,7/10/25,20250710_C7B_00577.jpg
5467,C10,2025,7/11/25,6.0,7/11/25,20250711_C10_05467.jpg
11010,I3B,2023,7/19/23,5.5,7/20/23,20230720_I3B_11010.jpg
3176,G3,2023,7/26/23,8.0,7/27/23,20230727_G3_03176.jpg
7524,G3,2023,7/26/23,7.5,7/27/23,20230727_G3_07524.jpg
4813,C10,2025,7/20/25,3.0,7/21/25,20250721_C10_04813.jpg
276,C7B,2025,6/30/25,6.5,7/1/25,20250701_C7B_00276.jpg
6048,C10,2025,7/8/25,5.0,7/7/25,20250707_C10_06048.jpg
5998,C10,2025,7/8/25,4.5,7/7/25,20250707_C10_05998.jpg
1040,C7B,2025,7/10/25,5.5,7/10/25,20250710_C7B_01040.jpg
6687,C10,2025,7/18/25,3.0,7/18/25,20250718_C10_06687.jpg
7381,G3,2023,7/20/23,8.0,7/20/23,20230720_G3_07381.jpg
1748,C7B,2025,7/7/25,7.5,7/7/25,20250707_C7B_01748.jpg
77,C7B,2025,7/18/25,2.0,7/18/25,20250718_C7B_00077.jpg
1428,C7B,2025,7/10/25,6.0,7/10/25,20250710_C7B_01428.jpg
195,C7B,2025,6/30/25,4.0,7/1/25,20250701_C7B_00195.jpg
1982,C7B,2025,7/10/25,3.0,7/10/25,20250710_C7B_01982.jpg
6723,C10,2025,7/3/25,8.0,7/4/25,20250704_C10_06723.jpg
5218,C10,2025,7/11/25,4.0,7/11/25,20250711_C10_05218.jpg
4640,C10,2025,7/11/25,5.0,7/11/25,20250711_C10_04640.jpg
5989,C10,2025,7/19/25,1.5,7/18/25,20250718_C10_05989.jpg
5655,C10,2025,7/20/25,3.0,7/21/25,20250721_C10_05655.jpg
8125,G3,2023,7/20/23,5.0,7/20/23,20230720_G3_08125.jpg
372,C7B,2025,7/10/25,6.0,7/10/25,20250710_C7B_00372.jpg
4186,C10,2025,6/30/25,6.5,6/28/25,20250628_C10_04186.jpg
5086,C10,2025,7/20/25,2.0,7/21/25,20250721_C10_05086.jpg
4387,C10,2025,7/19/25,6.0,7/18/25,20250718_C10_04387.jpg
5826,C10,2025,7/8/25,5.0,7/7/25,20250707_C10_05826.jpg
1031,C7B,2025,7/1/25,6.0,7/1/25,20250701_C7B_01031.jpg
4471,C10,2025,7/11/25,5.0,7/11/25,20250711_C10_04471.jpg
5375,C10,2025,7/2/25,6.5,7/4/25,20250704_C10_05375.jpg
10415,I3B,2023,7/25/23,6.0,7/27/23,20230727_I3B_10415.jpg
331,C7B,2025,7/4/25,7.5,7/4/25,20250704_C7B_00331.jpg
1986,C7B,2025,7/1/25,6.5,7/1/25,20250701_C7B_01986.jpg
1190,C7B,2025,7/10/25,5.0,7/10/25,20250710_C7B_01190.jpg
6833,C10,2025,7/3/25,6.5,7/4/25,20250704_C10_06833.jpg
5774,C10,2025,7/1/25,8.0,6/28/25,20250628_C10_05774.jpg
1707,C7B,2025,7/19/25,3.0,7/18/25,20250718_C7B_01707.jpg
1990,C7B,2025,7/1/25,7.0,7/1/25,20250701_C7B_01990.jpg
1251,C7B,2025,7/18/25,2.0,7/18/25,20250718_C7B_01251.jpg
4592,C10,2025,7/2/25,5.5,7/4/25,20250704_C10_04592.jpg
1617,C7B,2025,7/18/25,2.0,7/18/25,20250718_C7B_01617.jpg
7405,G3,2023,7/20/23,7.5,7/20/23,20230720_G3_07405.jpg
4300,C10,2025,7/19/25,2.0,7/18/25,20250718_C10_04300.jpg
116,C7B,2025,7/10/25,6.0,7/10/25,20250710_C7B_00116.jpg
4952,C10,2025,7/20/25,2.0,7/21/25,20250721_C10_04952.jpg
1677,C7B,2025,7/1/25,6.5,7/1/25,20250701_C7B_01677.jpg
11084,I3B,2023,7/12/23,7.5,7/13/23,20230713_I3B_11084.jpg
6702,C10,2025,7/18/25,6.0,7/18/25,20250718_C10_06702.jpg
1091,C7B,2025,7/10/25,5.0,7/10/25,20250710_C7B_01091.jpg
7370,G3,2023,7/20/23,8.0,7/20/23,20230720_G3_07370.jpg
404,C7B,2025,7/18/25,3.0,7/18/25,20250718_C7B_00404.jpg
4907,C10,2025,7/11/25,6.5,7/11/25,20250711_C10_04907.jpg
727,C7B,2025,6/30/25,7.0,7/1/25,20250701_C7B_00727.jpg
386,C7B,2025,7/4/25,6.0,7/4/25,20250704_C7B_00386.jpg
1030,C7B,2025,7/10/25,3.5,7/10/25,20250710_C7B_01030.jpg
944,C7B,2025,7/18/25,2.0,7/18/25,20250718_C7B_00944.jpg
388,C7B,2025,7/10/25,5.0,7/10/25,20250710_C7B_00388.jpg
10857,I3B,2023,7/19/23,5.0,7/20/23,20230720_I3B_10857.jpg
9894,I3B,2023,7/12/23,5.0,7/13/23,20230713_I3B_09894.jpg
9911,I3B,2023,7/12/23,4.5,7/13/23,20230713_I3B_09911.jpg
5723,C10,2025,7/8/25,4.0,7/7/25,20250707_C10_05723.jpg
10025,I3B,2023,7/12/23,5.0,7/13/23,20230713_I3B_10025.jpg
7358,G3,2023,7/20/23,5.0,7/20/23,20230720_G3_07358.jpg
41,C7B,2025,7/18/25,8.5,7/18/25,20250718_C7B_00041.jpg
538,C7B,2025,7/18/25,3.5,7/18/25,20250718_C7B_00538.jpg
1001,C7B,2025,7/10/25,6.5,7/10/25,20250710_C7B_01001.jpg
921,C7B,2025,7/10/25,3.5,7/10/25,20250710_C7B_00921.jpg
385,C7B,2025,6/30/25,5.5,7/1/25,20250701_C7B_00385.jpg
5206,C10,2025,7/11/25,5.0,7/11/25,20250711_C10_05206.jpg
4809,C10,2025,7/20/25,2.0,7/21/25,20250721_C10_04809.jpg
3073,G3,2023,7/26/23,7.0,7/27/23,20230727_G3_03073.jpg
2830,C7B,2025,7/8/25,7.5,7/7/25,20250707_C7B_02830.jpg
4736,C10,2025,7/20/25,2.0,7/21/25,20250721_C10_04736.jpg
5975,C10,2025,7/2/25,6.0,7/4/25,20250704_C10_05975.jpg
1182,C7B,2025,7/1/25,4.0,7/1/25,20250701_C7B_01182.jpg
11196,I3B,2023,7/19/23,6.0,7/20/23,20230720_I3B_11196.jpg
7274,G3,2023,7/26/23,8.0,7/27/23,20230727_G3_07274.jpg
4839,C10,2025,7/20/25,2.0,7/21/25,20250721_C10_04839.jpg
4563,C10,2025,7/20/25,4.0,7/21/25,20250721_C10_04563.jpg
237,C7B,2025,7/4/25,6.0,7/4/25,20250704_C7B_00237.jpg
10778,I3B,2023,7/19/23,5.0,7/20/23,20230720_I3B_10778.jpg
7518,G3,2023,7/26/23,5.0,7/27/23,20230727_G3_07518.jpg
6823,C10,2025,6/30/25,9.0,6/28/25,20250628_C10_06823.jpg
5508,C10,2025,7/11/25,5.0,7/11/25,20250711_C10_05508.jpg
10849,I3B,2023,7/19/23,6.0,7/20/23,20230720_I3B_10849.jpg
1771,C7B,2025,7/1/25,5.0,7/1/25,20250701_C7B_01771.jpg
4787,C10,2025,7/2/25,7.5,7/4/25,20250704_C10_04787.jpg
1351,C7B,2025,7/1/25,6.0,7/1/25,20250701_C7B_01351.jpg
4948,C10,2025,7/11/25,5.0,7/11/25,20250711_C10_04948.jpg
4592,C10,2025,7/11/25,4.0,7/11/25,20250711_C10_04592.jpg
4729,C10,2025,7/2/25,7.0,7/4/25,20250704_C10_04729.jpg
6827,C10,2025,7/8/25,7.5,7/7/25,20250707_C10_06827.jpg
1634,C7B,2025,7/1/25,7.0,7/1/25,20250701_C7B_01634.jpg
9715,I3B,2023,7/12/23,5.5,7/13/23,20230713_I3B_09715.jpg
1469,C7B,2025,7/1/25,6.5,7/1/25,20250701_C7B_01469.jpg
1673,C7B,2025,7/19/25,5.5,7/18/25,20250718_C7B_01673.jpg
4223,C10,2025,6/30/25,8.0,6/28/25,20250628_C10_04223.jpg
4186,C10,2025,7/19/25,2.5,7/18/25,20250718_C10_04186.jpg
1550,C7B,2025,7/1/25,5.0,7/1/25,20250701_C7B_01550.jpg
11147,I3B,2023,7/12/23,7.0,7/13/23,20230713_I3B_11147.jpg
6731,C10,2025,7/3/25,8.0,7/4/25,20250704_C10_06731.jpg
2743,C7B,2025,7/8/25,8.0,7/7/25,20250707_C7B_02743.jpg
429,C7B,2025,7/4/25,7.0,7/4/25,20250704_C7B_00429.jpg
6706,C10,2025,7/18/25,5.5,7/18/25,20250718_C10_06706.jpg
4080,C10,2025,7/7/25,6.0,7/7/25,20250707_C10_04080.jpg
1158,C7B,2025,7/10/25,5.0,7/10/25,20250710_C7B_01158.jpg
419,C7B,2025,6/30/25,7.0,7/1/25,20250701_C7B_00419.jpg
6808,C10,2025,7/18/25,7.0,7/18/25,20250718_C10_06808.jpg
4232,C10,2025,7/7/25,6.0,7/7/25,20250707_C10_04232.jpg
4664,C10,2025,7/11/25,4.5,7/11/25,20250711_C10_04664.jpg
4563,C10,2025,7/11/25,5.0,7/11/25,20250711_C10_04563.jpg
4590,C10,2025,7/20/25,2.5,7/21/25,20250721_C10_04590.jpg
958,C7B,2025,7/10/25,7.5,7/10/25,20250710_C7B_00958.jpg
4156,C10,2025,7/7/25,7.0,7/7/25,20250707_C10_04156.jpg
2805,C7B,2025,7/13/25,5.5,7/12/25,20250712_C7B_02805.jpg
864,C7B,2025,7/1/25,7.0,7/1/25,20250701_C7B_00864.jpg
1032,C7B,2025,7/1/25,6.5,7/1/25,20250701_C7B_01032.jpg
6762,C10,2025,7/3/25,8.0,7/4/25,20250704_C10_06762.jpg
549,C7B,2025,7/18/25,4.0,7/18/25,20250718_C7B_00549.jpg
1324,C7B,2025,7/10/25,4.5,7/10/25,20250710_C7B_01324.jpg
4860,C10,2025,7/2/25,5.0,7/4/25,20250704_C10_04860.jpg
2674,C7B,2025,7/8/25,7.5,7/7/25,20250707_C7B_02674.jpg
75,C7B,2025,7/4/25,5.5,7/4/25,20250704_C7B_00075.jpg
925,C7B,2025,7/18/25,2.0,7/18/25,20250718_C7B_00925.jpg
2662,C7B,2025,6/30/25,5.0,7/1/25,20250701_C7B_02662.jpg
1514,C7B,2025,7/18/25,2.0,7/18/25,20250718_C7B_01514.jpg
1085,C7B,2025,7/18/25,2.0,7/18/25,20250718_C7B_01085.jpg
1121,C7B,2025,7/10/25,6.0,7/10/25,20250710_C7B_01121.jpg
89,C7B,2025,6/30/25,7.5,7/1/25,20250701_C7B_00089.jpg
192,C7B,2025,7/4/25,4.5,7/4/25,20250704_C7B_00192.jpg
6036,C10,2025,7/19/25,2.0,7/18/25,20250718_C10_06036.jpg
6694,C10,2025,7/8/25,5.5,7/7/25,20250707_C10_06694.jpg
2756,C7B,2025,7/8/25,7.5,7/7/25,20250707_C7B_02756.jpg
1898,C7B,2025,7/7/25,5.0,7/7/25,20250707_C7B_01898.jpg
4438,C10,2025,6/30/25,7.0,6/28/25,20250628_C10_04438.jpg
4364,C10,2025,7/11/25,5.0,7/11/25,20250711_C10_04364.jpg
5233,C10,2025,7/11/25,7.0,7/11/25,20250711_C10_05233.jpg
228,C7B,2025,7/10/25,6.0,7/10/25,20250710_C7B_00228.jpg
6641,C10,2025,7/3/25,5.5,7/4/25,20250704_C10_06641.jpg
4315,C10,2025,7/7/25,5.0,7/7/25,20250707_C10_04315.jpg
7450,G3,2023,7/20/23,7.5,7/20/23,20230720_G3_07450.jpg
5778,C10,2025,7/19/25,1.5,7/18/25,20250718_C10_05778.jpg
2864,C7B,2025,6/30/25,8.0,7/1/25,20250701_C7B_02864.jpg
779,C7B,2025,6/30/25,6.5,7/1/25,20250701_C7B_00779.jpg
7396,G3,2023,7/26/23,5.5,7/27/23,20230727_G3_07396.jpg
5401,C10,2025,7/20/25,3.0,7/21/25,20250721_C10_05401.jpg
2707,C7B,2025,6/30/25,7.5,7/1/25,20250701_C7B_02707.jpg
6736,C10,2025,7/8/25,8.0,7/7/25,20250707_C10_06736.jpg
3040,G3,2023,7/26/23,7.5,7/27/23,20230727_G3_03040.jpg
1854,C7B,2025,7/10/25,3.5,7/10/25,20250710_C7B_01854.jpg
757,C7B,2025,6/30/25,6.5,7/1/25,20250701_C7B_00757.jpg
402,C7B,2025,6/30/25,6.0,7/1/25,20250701_C7B_00402.jpg
5168,C10,2025,7/20/25,2.0,7/21/25,20250721_C10_05168.jpg
1979,C7B,2025,7/7/25,5.5,7/7/25,20250707_C7B_01979.jpg
5306,C10,2025,7/20/25,2.0,7/21/25,20250721_C10_05306.jpg
1720,C7B,2025,7/19/25,2.0,7/18/25,20250718_C7B_01720.jpg
5271,C10,2025,7/2/25,5.0,7/4/25,20250704_C10_05271.jpg
887,C7B,2025,7/10/25,6.0,7/10/25,20250710_C7B_00887.jpg
699,C7B,2025,6/30/25,6.0,7/1/25,20250701_C7B_00699.jpg
8015,G3,2023,7/26/23,6.0,7/27/23,20230727_G3_08015.jpg
1671,C7B,2025,7/10/25,7.5,7/10/25,20250710_C7B_01671.jpg
214,C7B,2025,7/18/25,4.0,7/18/25,20250718_C7B_00214.jpg
4314,C10,2025,7/7/25,4.5,7/7/25,20250707_C10_04314.jpg
4465,C10,2025,7/1/25,5.0,6/28/25,20250628_C10_04465.jpg
1614,C7B,2025,7/1/25,6.0,7/1/25,20250701_C7B_01614.jpg
5313,C10,2025,7/20/25,3.0,7/21/25,20250721_C10_05313.jpg
1891,C7B,2025,7/7/25,6.0,7/7/25,20250707_C7B_01891.jpg
176,C7B,2025,7/10/25,7.0,7/10/25,20250710_C7B_00176.jpg
4467,C10,2025,7/2/25,6.0,7/4/25,20250704_C10_04467.jpg
6651,C10,2025,7/14/25,6.0,7/14/25,20250714_C10_06651.jpg
4372,C10,2025,7/11/25,4.0,7/11/25,20250711_C10_04372.jpg
1042,C7B,2025,7/1/25,7.0,7/1/25,20250701_C7B_01042.jpg
5205,C10,2025,7/2/25,4.0,7/4/25,20250704_C10_05205.jpg
1467,C7B,2025,7/10/25,6.0,7/10/25,20250710_C7B_01467.jpg
143,C7B,2025,7/4/25,7.5,7/4/25,20250704_C7B_00143.jpg
6030,C10,2025,7/11/25,3.0,7/11/25,20250711_C10_06030.jpg
1236,C7B,2025,7/10/25,6.0,7/10/25,20250710_C7B_01236.jpg
3186,G3,2023,7/19/23,7.5,7/20/23,20230720_G3_03186.jpg
2012,C7B,2025,7/7/25,4.5,7/7/25,20250707_C7B_02012.jpg
922,C7B,2025,7/18/25,4.0,7/18/25,20250718_C7B_00922.jpg
7249,G3,2023,7/19/23,6.5,7/20/23,20230720_G3_07249.jpg
4498,C10,2025,7/2/25,5.0,7/4/25,20250704_C10_04498.jpg
5349,C10,2025,7/2/25,6.0,7/4/25,20250704_C10_05349.jpg
254,C7B,2025,7/10/25,6.0,7/10/25,20250710_C7B_00254.jpg
4632,C10,2025,7/11/25,4.0,7/11/25,20250711_C10_04632.jpg
61,C7B,2025,7/18/25,4.5,7/18/25,20250718_C7B_00061.jpg
1485,C7B,2025,7/1/25,7.0,7/1/25,20250701_C7B_01485.jpg
6708,C10,2025,7/18/25,6.5,7/18/25,20250718_C10_06708.jpg
275,C7B,2025,7/4/25,7.0,7/4/25,20250704_C7B_00275.jpg
7511,G3,2023,7/20/23,7.5,7/20/23,20230720_G3_07511.jpg
6773,C10,2025,7/3/25,8.0,7/4/25,20250704_C10_06773.jpg
786,C7B,2025,6/30/25,7.0,7/1/25,20250701_C7B_00786.jpg
5681,C10,2025,7/19/25,3.0,7/18/25,20250718_C10_05681.jpg
5906,C10,2025,7/11/25,4.0,7/11/25,20250711_C10_05906.jpg
6856,C10,2025,7/3/25,6.0,7/4/25,20250704_C10_06856.jpg
6783,C10,2025,7/8/25,8.0,7/7/25,20250707_C10_06783.jpg
5528,C10,2025,7/2/25,6.5,7/4/25,20250704_C10_05528.jpg
5821,C10,2025,7/19/25,5.5,7/18/25,20250718_C10_05821.jpg
1810,C7B,2025,7/19/25,1.5,7/18/25,20250718_C7B_01810.jpg
1971,C7B,2025,7/7/25,5.5,7/7/25,20250707_C7B_01971.jpg
4970,C10,2025,7/11/25,6.0,7/11/25,20250711_C10_04970.jpg
343,C7B,2025,7/10/25,6.5,7/10/25,20250710_C7B_00343.jpg
5007,C10,2025,7/11/25,5.0,7/11/25,20250711_C10_05007.jpg
9700,I3B,2023,7/12/23,5.0,7/13/23,20230713_I3B_09700.jpg
5995,C10,2025,7/2/25,7.0,7/4/25,20250704_C10_05995.jpg
5958,C10,2025,7/11/25,5.5,7/11/25,20250711_C10_05958.jpg
4482,C10,2025,7/11/25,6.5,7/11/25,20250711_C10_04482.jpg
1691,C7B,2025,7/10/25,6.5,7/10/25,20250710_C7B_01691.jpg
482,C7B,2025,7/10/25,7.0,7/10/25,20250710_C7B_00482.jpg
4463,C10,2025,7/1/25,6.0,6/28/25,20250628_C10_04463.jpg
1672,C7B,2025,7/19/25,5.0,7/18/25,20250718_C7B_01672.jpg
9800,I3B,2023,7/12/23,5.5,7/13/23,20230713_I3B_09800.jpg
5920,C10,2025,7/19/25,3.0,7/18/25,20250718_C10_05920.jpg
4041,C10,2025,6/30/25,7.5,6/28/25,20250628_C10_04041.jpg
4677,C10,2025,7/2/25,7.0,7/4/25,20250704_C10_04677.jpg
8036,G3,2023,7/19/23,7.0,7/20/23,20230720_G3_08036.jpg
252,C7B,2025,7/10/25,5.5,7/10/25,20250710_C7B_00252.jpg
4273,C10,2025,7/7/25,6.0,7/7/25,20250707_C10_04273.jpg
1288,C7B,2025,7/18/25,3.5,7/18/25,20250718_C7B_01288.jpg
2710,C7B,2025,6/30/25,7.5,7/1/25,20250701_C7B_02710.jpg
10361,I3B,2023,7/25/23,4.0,7/27/23,20230727_I3B_10361.jpg
2731,C7B,2025,7/8/25,7.0,7/7/25,20250707_C7B_02731.jpg
1570,C7B,2025,7/1/25,5.5,7/1/25,20250701_C7B_01570.jpg
1530,C7B,2025,7/18/25,3.0,7/18/25,20250718_C7B_01530.jpg
192,C7B,2025,7/10/25,3.0,7/10/25,20250710_C7B_00192.jpg
8102,G3,2023,7/26/23,5.5,7/27/23,20230727_G3_08102.jpg
5404,C10,2025,7/2/25,5.0,7/4/25,20250704_C10_05404.jpg
291,C7B,2025,7/18/25,5.0,7/18/25,20250718_C7B_00291.jpg
5562,C10,2025,7/11/25,5.0,7/11/25,20250711_C10_05562.jpg
1287,C7B,2025,7/10/25,5.5,7/10/25,20250710_C7B_01287.jpg
404,C7B,2025,7/10/25,5.0,7/10/25,20250710_C7B_00404.jpg
1257,C7B,2025,7/1/25,6.0,7/1/25,20250701_C7B_01257.jpg
254,C7B,2025,6/30/25,6.0,7/1/25,20250701_C7B_00254.jpg
10275,I3B,2023,7/25/23,3.0,7/27/23,20230727_I3B_10275.jpg
11038,I3B,2023,7/12/23,6.5,7/13/23,20230713_I3B_11038.jpg
1801,C7B,2025,7/10/25,7.0,7/10/25,20250710_C7B_01801.jpg
147,C7B,2025,7/10/25,5.0,7/10/25,20250710_C7B_00147.jpg
1902,C7B,2025,7/10/25,4.0,7/10/25,20250710_C7B_01902.jpg
1282,C7B,2025,7/1/25,7.0,7/1/25,20250701_C7B_01282.jpg
6701,C10,2025,7/18/25,7.0,7/18/25,20250718_C10_06701.jpg
5851,C10,2025,7/11/25,6.0,7/11/25,20250711_C10_05851.jpg
1547,C7B,2025,7/10/25,6.5,7/10/25,20250710_C7B_01547.jpg
2760,C7B,2025,6/30/25,8.5,7/1/25,20250701_C7B_02760.jpg
5426,C10,2025,7/2/25,6.0,7/4/25,20250704_C10_05426.jpg
451,C7B,2025,7/10/25,4.0,7/10/25,20250710_C7B_00451.jpg
193,C7B,2025,7/4/25,5.5,7/4/25,20250704_C7B_00193.jpg
540,C7B,2025,7/10/25,7.0,7/10/25,20250710_C7B_00540.jpg
910,C7B,2025,7/18/25,2.0,7/18/25,20250718_C7B_00910.jpg
1558,C7B,2025,7/10/25,6.5,7/10/25,20250710_C7B_01558.jpg
10740,I3B,2023,7/19/23,7.0,7/20/23,20230720_I3B_10740.jpg
1465,C7B,2025,7/10/25,7.5,7/10/25,20250710_C7B_01465.jpg
221,C7B,2025,7/4/25,7.5,7/4/25,20250704_C7B_00221.jpg
4451,C10,2025,7/11/25,6.0,7/11/25,20250711_C10_04451.jpg
1185,C7B,2025,7/1/25,7.0,7/1/25,20250701_C7B_01185.jpg
751,C7B,2025,6/30/25,7.5,7/1/25,20250701_C7B_00751.jpg
6763,C10,2025,7/18/25,7.0,7/18/25,20250718_C10_06763.jpg
265,C7B,2025,6/30/25,7.0,7/1/25,20250701_C7B_00265.jpg
4036,C10,2025,7/7/25,4.0,7/7/25,20250707_C10_04036.jpg
2672,C7B,2025,7/8/25,8.0,7/7/25,20250707_C7B_02672.jpg
7543,G3,2023,7/20/23,8.0,7/20/23,20230720_G3_07543.jpg
167,C7B,2025,7/4/25,6.5,7/4/25,20250704_C7B_00167.jpg
8095,G3,2023,7/26/23,8.0,7/27/23,20230727_G3_08095.jpg
993,C7B,2025,7/1/25,7.5,7/1/25,20250701_C7B_00993.jpg
6842,C10,2025,7/18/25,6.5,7/18/25,20250718_C10_06842.jpg
4668,C10,2025,7/2/25,7.0,7/4/25,20250704_C10_04668.jpg
2682,C7B,2025,7/13/25,5.5,7/12/25,20250712_C7B_02682.jpg
20,C7B,2025,6/30/25,6.0,7/1/25,20250701_C7B_00020.jpg
1375,C7B,2025,7/10/25,5.0,7/10/25,20250710_C7B_01375.jpg
5937,C10,2025,7/19/25,5.0,7/18/25,20250718_C10_05937.jpg
73,C7B,2025,7/10/25,5.0,7/10/25,20250710_C7B_00073.jpg
5980,C10,2025,7/2/25,5.5,7/4/25,20250704_C10_05980.jpg
4587,C10,2025,7/11/25,3.5,7/11/25,20250711_C10_04587.jpg
5873,C10,2025,7/1/25,6.0,6/28/25,20250628_C10_05873.jpg
6047,C10,2025,7/11/25,6.5,7/11/25,20250711_C10_06047.jpg
299,C7B,2025,7/18/25,4.0,7/18/25,20250718_C7B_00299.jpg
6657,C10,2025,7/18/25,3.0,7/18/25,20250718_C10_06657.jpg
4335,C10,2025,7/19/25,5.0,7/18/25,20250718_C10_04335.jpg
177,C7B,2025,6/30/25,7.5,7/1/25,20250701_C7B_00177.jpg
1487,C7B,2025,7/18/25,3.0,7/18/25,20250718_C7B_01487.jpg
6773,C10,2025,7/18/25,8.0,7/18/25,20250718_C10_06773.jpg
1045,C7B,2025,7/18/25,3.0,7/18/25,20250718_C7B_01045.jpg
5920,C10,2025,7/8/25,5.0,7/7/25,20250707_C10_05920.jpg
5641,C10,2025,7/11/25,5.0,7/11/25,20250711_C10_05641.jpg
4610,C10,2025,7/11/25,4.0,7/11/25,20250711_C10_04610.jpg
1455,C7B,2025,7/10/25,7.0,7/10/25,20250710_C7B_01455.jpg
4185,C10,2025,6/30/25,6.0,6/28/25,20250628_C10_04185.jpg
6799,C10,2025,7/8/25,7.0,7/7/25,20250707_C10_06799.jpg
5000,C10,2025,7/11/25,5.5,7/11/25,20250711_C10_05000.jpg
1231,C7B,2025,7/10/25,6.0,7/10/25,20250710_C7B_01231.jpg
1039,C7B,2025,7/1/25,6.5,7/1/25,20250701_C7B_01039.jpg
6753,C10,2025,6/30/25,9.0,6/28/25,20250628_C10_06753.jpg
1112,C7B,2025,7/10/25,4.0,7/10/25,20250710_C7B_01112.jpg
4528,C10,2025,7/20/25,1.5,7/21/25,20250721_C10_04528.jpg
5484,C10,2025,7/20/25,2.0,7/21/25,20250721_C10_05484.jpg
5983,C10,2025,7/2/25,6.0,7/4/25,20250704_C10_05983.jpg
765,C7B,2025,6/30/25,7.0,7/1/25,20250701_C7B_00765.jpg
4854,C10,2025,7/2/25,6.0,7/4/25,20250704_C10_04854.jpg
5478,C10,2025,7/20/25,3.0,7/21/25,20250721_C10_05478.jpg
10272,I3B,2023,7/25/23,4.5,7/27/23,20230727_I3B_10272.jpg
974,C7B,2025,7/1/25,7.0,7/1/25,20250701_C7B_00974.jpg
5528,C10,2025,7/11/25,5.5,7/11/25,20250711_C10_05528.jpg
5704,C10,2025,7/8/25,4.0,7/7/25,20250707_C10_05704.jpg
5567,C10,2025,7/2/25,7.0,7/4/25,20250704_C10_05567.jpg
10409,I3B,2023,7/25/23,5.0,7/27/23,20230727_I3B_10409.jpg
5343,C10,2025,7/11/25,5.0,7/11/25,20250711_C10_05343.jpg
4829,C10,2025,7/11/25,5.5,7/11/25,20250711_C10_04829.jpg
11302,I3B,2023,7/19/23,5.0,7/20/23,20230720_I3B_11302.jpg
522,C7B,2025,7/10/25,5.5,7/10/25,20250710_C7B_00522.jpg
1281,C7B,2025,7/10/25,4.0,7/10/25,20250710_C7B_01281.jpg
10956,I3B,2023,7/19/23,5.5,7/20/23,20230720_I3B_10956.jpg
7221,G3,2023,7/26/23,5.0,7/27/23,20230727_G3_07221.jpg
5253,C10,2025,7/11/25,4.5,7/11/25,20250711_C10_05253.jpg
1231,C7B,2025,7/1/25,7.0,7/1/25,20250701_C7B_01231.jpg
10016,I3B,2023,7/12/23,5.0,7/13/23,20230713_I3B_10016.jpg
3185,G3,2023,7/26/23,3.0,7/27/23,20230727_G3_03185.jpg
4997,C10,2025,7/11/25,4.0,7/11/25,20250711_C10_04997.jpg
1686,C7B,2025,7/19/25,2.5,7/18/25,20250718_C7B_01686.jpg
1772,C7B,2025,7/7/25,5.0,7/7/25,20250707_C7B_01772.jpg
4780,C10,2025,7/2/25,7.5,7/4/25,20250704_C10_04780.jpg
4105,C10,2025,7/11/25,6.5,7/11/25,20250711_C10_04105.jpg
4764,C10,2025,7/11/25,5.0,7/11/25,20250711_C10_04764.jpg
4574,C10,2025,7/11/25,5.0,7/11/25,20250711_C10_04574.jpg
2702,C7B,2025,7/18/25,7.5,7/18/25,20250718_C7B_02702.jpg
5353,C10,2025,7/20/25,1.5,7/21/25,20250721_C10_05353.jpg
7357,G3,2023,7/20/23,8.0,7/20/23,20230720_G3_07357.jpg
11,C7B,2025,7/11/25,7.0,7/10/25,20250710_C7B_00011.jpg
4347,C10,2025,7/11/25,5.0,7/11/25,20250711_C10_04347.jpg
4159,C10,2025,7/19/25,3.0,7/18/25,20250718_C10_04159.jpg
10040,I3B,2023,7/12/23,4.0,7/13/23,20230713_I3B_10040.jpg
4257,C10,2025,6/30/25,7.0,6/28/25,20250628_C10_04257.jpg
6823,C10,2025,7/3/25,7.5,7/4/25,20250704_C10_06823.jpg
188,C7B,2025,7/10/25,5.5,7/10/25,20250710_C7B_00188.jpg
2793,C7B,2025,7/13/25,7.5,7/12/25,20250712_C7B_02793.jpg
4432,C10,2025,7/11/25,5.0,7/11/25,20250711_C10_04432.jpg
953,C7B,2025,7/10/25,5.0,7/10/25,20250710_C7B_00953.jpg
5783,C10,2025,7/1/25,8.0,6/28/25,20250628_C10_05783.jpg
799,C7B,2025,7/10/25,4.0,7/10/25,20250710_C7B_00799.jpg
4665,C10,2025,7/11/25,5.0,7/11/25,20250711_C10_04665.jpg
1200,C7B,2025,7/10/25,4.0,7/10/25,20250710_C7B_01200.jpg
1754,C7B,2025,7/7/25,7.5,7/7/25,20250707_C7B_01754.jpg
386,C7B,2025,6/30/25,7.0,7/1/25,20250701_C7B_00386.jpg
4705,C10,2025,7/11/25,3.0,7/11/25,20250711_C10_04705.jpg
6855,C10,2025,6/30/25,8.0,6/28/25,20250628_C10_06855.jpg
161,C7B,2025,7/18/25,3.0,7/18/25,20250718_C7B_00161.jpg
10736,I3B,2023,7/19/23,6.0,7/20/23,20230720_I3B_10736.jpg
5339,C10,2025,7/20/25,2.5,7/21/25,20250721_C10_05339.jpg
6016,C10,2025,7/11/25,7.5,7/11/25,20250711_C10_06016.jpg
1166,C7B,2025,7/10/25,6.0,7/10/25,20250710_C7B_01166.jpg
1591,C7B,2025,7/1/25,7.5,7/1/25,20250701_C7B_01591.jpg
4711,C10,2025,7/11/25,5.5,7/11/25,20250711_C10_04711.jpg
8017,G3,2023,7/19/23,5.5,7/20/23,20230720_G3_08017.jpg
10892,I3B,2023,7/19/23,6.0,7/20/23,20230720_I3B_10892.jpg
2655,C7B,2025,7/8/25,5.0,7/7/25,20250707_C7B_02655.jpg
5062,C10,2025,7/20/25,2.5,7/21/25,20250721_C10_05062.jpg
1852,C7B,2025,7/7/25,5.0,7/7/25,20250707_C7B_01852.jpg
3080,G3,2023,7/19/23,7.5,7/20/23,20230720_G3_03080.jpg
1179,C7B,2025,7/10/25,7.5,7/10/25,20250710_C7B_01179.jpg
4799,C10,2025,7/11/25,4.0,7/11/25,20250711_C10_04799.jpg
2818,C7B,2025,7/8/25,7.5,7/7/25,20250707_C7B_02818.jpg
2830,C7B,2025,7/18/25,6.0,7/18/25,20250718_C7B_02830.jpg
829,C7B,2025,7/1/25,6.0,7/1/25,20250701_C7B_00829.jpg
7446,G3,2023,7/26/23,8.0,7/27/23,20230727_G3_07446.jpg
5913,C10,2025,7/19/25,3.0,7/18/25,20250718_C10_05913.jpg
3170,G3,2023,7/26/23,7.5,7/27/23,20230727_G3_03170.jpg
4400,C10,2025,7/7/25,5.0,7/7/25,20250707_C10_04400.jpg
4032,C10,2025,6/30/25,6.5,6/28/25,20250628_C10_04032.jpg
6756,C10,2025,7/3/25,8.0,7/4/25,20250704_C10_06756.jpg
1900,C7B,2025,7/19/25,4.0,7/18/25,20250718_C7B_01900.jpg
4499,C10,2025,7/2/25,4.5,7/4/25,20250704_C10_04499.jpg
500,C7B,2025,6/30/25,7.0,7/1/25,20250701_C7B_00500.jpg
5587,C10,2025,7/20/25,2.5,7/21/25,20250721_C10_05587.jpg
6810,C10,2025,6/30/25,8.0,6/28/25,20250628_C10_06810.jpg
5055,C10,2025,7/2/25,5.5,7/4/25,20250704_C10_05055.jpg
1675,C7B,2025,7/19/25,2.5,7/18/25,20250718_C7B_01675.jpg
1664,C7B,2025,7/7/25,3.5,7/7/25,20250707_C7B_01664.jpg
11095,I3B,2023,7/12/23,7.0,7/13/23,20230713_I3B_11095.jpg
117,C7B,2025,7/18/25,4.0,7/18/25,20250718_C7B_00117.jpg
217,C7B,2025,6/30/25,7.5,7/1/25,20250701_C7B_00217.jpg
1004,C7B,2025,7/10/25,5.5,7/10/25,20250710_C7B_01004.jpg
2758,C7B,2025,7/18/25,7.5,7/18/25,20250718_C7B_02758.jpg
3173,G3,2023,7/26/23,4.0,7/27/23,20230727_G3_03173.jpg
820,C7B,2025,7/1/25,7.0,7/1/25,20250701_C7B_00820.jpg
761,C7B,2025,7/10/25,6.5,7/10/25,20250710_C7B_00761.jpg
5284,C10,2025,7/2/25,7.0,7/4/25,20250704_C10_05284.jpg
5873,C10,2025,7/8/25,5.0,7/7/25,20250707_C10_05873.jpg
1241,C7B,2025,7/18/25,2.0,7/18/25,20250718_C7B_01241.jpg
4745,C10,2025,7/2/25,7.0,7/4/25,20250704_C10_04745.jpg
4027,C10,2025,7/19/25,4.0,7/18/25,20250718_C10_04027.jpg
3069,G3,2023,7/26/23,7.0,7/27/23,20230727_G3_03069.jpg
1244,C7B,2025,7/1/25,6.0,7/1/25,20250701_C7B_01244.jpg
4715,C10,2025,7/20/25,2.0,7/21/25,20250721_C10_04715.jpg
6668,C10,2025,7/14/25,3.5,7/14/25,20250714_C10_06668.jpg
307,C7B,2025,7/4/25,7.0,7/4/25,20250704_C7B_00307.jpg
5224,C10,2025,7/2/25,6.0,7/4/25,20250704_C10_05224.jpg
5816,C10,2025,7/11/25,2.5,7/11/25,20250711_C10_05816.jpg
5186,C10,2025,7/2/25,6.5,7/4/25,20250704_C10_05186.jpg
4815,C10,2025,7/11/25,6.5,7/11/25,20250711_C10_04815.jpg
3156,G3,2023,7/19/23,7.5,7/20/23,20230720_G3_03156.jpg
4012,C10,2025,7/19/25,4.0,7/18/25,20250718_C10_04012.jpg
2645,C7B,2025,7/13/25,7.5,7/12/25,20250712_C7B_02645.jpg
199,C7B,2025,6/30/25,7.0,7/1/25,20250701_C7B_00199.jpg
4175,C10,2025,7/7/25,6.0,7/7/25,20250707_C10_04175.jpg
88,C7B,2025,7/18/25,5.0,7/18/25,20250718_C7B_00088.jpg
6777,C10,2025,7/3/25,7.5,7/4/25,20250704_C10_06777.jpg
6675,C10,2025,7/18/25,3.5,7/18/25,20250718_C10_06675.jpg
2701,C7B,2025,7/18/25,7.0,7/18/25,20250718_C7B_02701.jpg
6787,C10,2025,7/8/25,7.0,7/7/25,20250707_C10_06787.jpg
220,C7B,2025,7/4/25,6.5,7/4/25,20250704_C7B_00220.jpg
4535,C10,2025,7/2/25,7.0,7/4/25,20250704_C10_04535.jpg
8152,G3,2023,7/26/23,8.0,7/27/23,20230727_G3_08152.jpg
1220,C7B,2025,7/18/25,3.0,7/18/25,20250718_C7B_01220.jpg
4201,C10,2025,6/30/25,5.0,6/28/25,20250628_C10_04201.jpg
6818,C10,2025,7/14/25,6.0,7/14/25,20250714_C10_06818.jpg
5580,C10,2025,7/11/25,4.0,7/11/25,20250711_C10_05580.jpg
2794,C7B,2025,7/18/25,7.5,7/18/25,20250718_C7B_02794.jpg
8129,G3,2023,7/26/23,7.5,7/27/23,20230727_G3_08129.jpg
49,C7B,2025,7/11/25,5.5,7/10/25,20250710_C7B_00049.jpg
2840,C7B,2025,7/18/25,6.0,7/18/25,20250718_C7B_02840.jpg
1347,C7B,2025,7/1/25,7.5,7/1/25,20250701_C7B_01347.jpg
6872,C10,2025,7/14/25,4.0,7/14/25,20250714_C10_06872.jpg
2675,C7B,2025,7/13/25,6.0,7/12/25,20250712_C7B_02675.jpg
1999,C7B,2025,7/19/25,4.0,7/18/25,20250718_C7B_01999.jpg
5487,C10,2025,7/11/25,4.5,7/11/25,20250711_C10_05487.jpg
5884,C10,2025,7/19/25,2.5,7/18/25,20250718_C10_05884.jpg
4411,C10,2025,6/30/25,8.0,6/28/25,20250628_C10_04411.jpg
32,C7B,2025,7/11/25,7.0,7/10/25,20250710_C7B_00032.jpg
865,C7B,2025,7/10/25,5.0,7/10/25,20250710_C7B_00865.jpg
5194,C10,2025,7/20/25,1.5,7/21/25,20250721_C10_05194.jpg
1117,C7B,2025,7/10/25,5.0,7/10/25,20250710_C7B_01117.jpg
8083,G3,2023,7/26/23,5.0,7/27/23,20230727_G3_08083.jpg
967,C7B,2025,7/10/25,8.0,7/10/25,20250710_C7B_00967.jpg
6789,C10,2025,6/30/25,8.5,6/28/25,20250628_C10_06789.jpg
1917,C7B,2025,7/7/25,7.0,7/7/25,20250707_C7B_01917.jpg
1500,C7B,2025,7/1/25,7.0,7/1/25,20250701_C7B_01500.jpg
1512,C7B,2025,7/10/25,5.0,7/10/25,20250710_C7B_01512.jpg
4950,C10,2025,7/2/25,7.0,7/4/25,20250704_C10_04950.jpg
4885,C10,2025,7/20/25,2.5,7/21/25,20250721_C10_04885.jpg
4460,C10,2025,7/20/25,4.0,7/21/25,20250721_C10_04460.jpg
5733,C10,2025,7/11/25,5.0,7/11/25,20250711_C10_05733.jpg
23,C7B,2025,6/30/25,7.5,7/1/25,20250701_C7B_00023.jpg
7483,G3,2023,7/26/23,8.0,7/27/23,20230727_G3_07483.jpg
7231,G3,2023,7/19/23,4.5,7/20/23,20230720_G3_07231.jpg
5615,C10,2025,7/2/25,6.5,7/4/25,20250704_C10_05615.jpg
6866,C10,2025,7/18/25,6.5,7/18/25,20250718_C10_06866.jpg
4085,C10,2025,6/30/25,6.0,6/28/25,20250628_C10_04085.jpg
4616,C10,2025,7/20/25,1.5,7/21/25,20250721_C10_04616.jpg
4257,C10,2025,7/11/25,5.0,7/11/25,20250711_C10_04257.jpg
10809,I3B,2023,7/19/23,5.0,7/20/23,20230720_I3B_10809.jpg
11088,I3B,2023,7/12/23,7.0,7/13/23,20230713_I3B_11088.jpg
7382,G3,2023,7/26/23,5.5,7/27/23,20230727_G3_07382.jpg
4848,C10,2025,7/2/25,7.0,7/4/25,20250704_C10_04848.jpg
10763,I3B,2023,7/19/23,5.5,7/20/23,20230720_I3B_10763.jpg
4193,C10,2025,6/30/25,5.0,6/28/25,20250628_C10_04193.jpg
477,C7B,2025,7/10/25,5.0,7/10/25,20250710_C7B_00477.jpg
932,C7B,2025,7/10/25,3.0,7/10/25,20250710_C7B_00932.jpg
4251,C10,2025,6/30/25,6.5,6/28/25,20250628_C10_04251.jpg
4333,C10,2025,7/19/25,4.5,7/18/25,20250718_C10_04333.jpg
1215,C7B,2025,7/10/25,5.0,7/10/25,20250710_C7B_01215.jpg
6815,C10,2025,7/18/25,4.0,7/18/25,20250718_C10_06815.jpg
4462,C10,2025,7/2/25,6.0,7/4/25,20250704_C10_04462.jpg
4194,C10,2025,6/30/25,6.0,6/28/25,20250628_C10_04194.jpg
8001,G3,2023,7/19/23,7.0,7/20/23,20230720_G3_08001.jpg
6746,C10,2025,7/18/25,7.0,7/18/25,20250718_C10_06746.jpg
4092,C10,2025,7/11/25,5.0,7/11/25,20250711_C10_04092.jpg
1977,C7B,2025,7/7/25,5.5,7/7/25,20250707_C7B_01977.jpg
7296,G3,2023,7/20/23,7.0,7/20/23,20230720_G3_07296.jpg
7225,G3,2023,7/19/23,4.5,7/20/23,20230720_G3_07225.jpg
4766,C10,2025,7/20/25,2.0,7/21/25,20250721_C10_04766.jpg
271,C7B,2025,7/18/25,5.0,7/18/25,20250718_C7B_00271.jpg
360,C7B,2025,6/30/25,7.0,7/1/25,20250701_C7B_00360.jpg
1822,C7B,2025,7/1/25,7.0,7/1/25,20250701_C7B_01822.jpg
302,C7B,2025,7/18/25,3.0,7/18/25,20250718_C7B_00302.jpg
4527,C10,2025,7/11/25,5.0,7/11/25,20250711_C10_04527.jpg
5503,C10,2025,7/2/25,5.5,7/4/25,20250704_C10_05503.jpg
3118,G3,2023,7/26/23,8.5,7/27/23,20230727_G3_03118.jpg
1052,C7B,2025,7/18/25,3.0,7/18/25,20250718_C7B_01052.jpg
4301,C10,2025,7/11/25,6.5,7/11/25,20250711_C10_04301.jpg
4662,C10,2025,7/20/25,2.5,7/21/25,20250721_C10_04662.jpg
4989,C10,2025,7/11/25,4.0,7/11/25,20250711_C10_04989.jpg
4828,C10,2025,7/20/25,2.0,7/21/25,20250721_C10_04828.jpg
4021,C10,2025,7/19/25,4.0,7/18/25,20250718_C10_04021.jpg
6662,C10,2025,7/8/25,8.0,7/7/25,20250707_C10_06662.jpg
4086,C10,2025,7/19/25,3.5,7/18/25,20250718_C10_04086.jpg
531,C7B,2025,6/30/25,6.0,7/1/25,20250701_C7B_00531.jpg
1850,C7B,2025,7/10/25,6.5,7/10/25,20250710_C7B_01850.jpg
2807,C7B,2025,7/18/25,5.5,7/18/25,20250718_C7B_02807.jpg
408,C7B,2025,7/4/25,4.5,7/4/25,20250704_C7B_00408.jpg
7437,G3,2023,7/20/23,7.5,7/20/23,20230720_G3_07437.jpg
5218,C10,2025,7/2/25,6.0,7/4/25,20250704_C10_05218.jpg
9695,I3B,2023,7/12/23,4.5,7/13/23,20230713_I3B_09695.jpg
1094,C7B,2025,7/1/25,7.0,7/1/25,20250701_C7B_01094.jpg
837,C7B,2025,7/18/25,3.0,7/18/25,20250718_C7B_00837.jpg
74,C7B,2025,7/4/25,6.0,7/4/25,20250704_C7B_00074.jpg
4441,C10,2025,7/19/25,1.5,7/18/25,20250718_C10_04441.jpg
5699,C10,2025,7/19/25,3.5,7/18/25,20250718_C10_05699.jpg
110,C7B,2025,7/10/25,6.0,7/10/25,20250710_C7B_00110.jpg
164,C7B,2025,7/4/25,5.0,7/4/25,20250704_C7B_00164.jpg
50,C7B,2025,7/4/25,7.0,7/4/25,20250704_C7B_00050.jpg
5135,C10,2025,7/20/25,1.5,7/21/25,20250721_C10_05135.jpg
520,C7B,2025,7/18/25,4.5,7/18/25,20250718_C7B_00520.jpg
4210,C10,2025,7/7/25,7.0,7/7/25,20250707_C10_04210.jpg
7538,G3,2023,7/20/23,8.0,7/20/23,20230720_G3_07538.jpg
1857,C7B,2025,7/7/25,7.5,7/7/25,20250707_C7B_01857.jpg
2868,C7B,2025,7/18/25,7.0,7/18/25,20250718_C7B_02868.jpg
2642,C7B,2025,6/30/25,7.5,7/1/25,20250701_C7B_02642.jpg
1438,C7B,2025,7/18/25,4.0,7/18/25,20250718_C7B_01438.jpg
10252,I3B,2023,7/25/23,6.0,7/27/23,20230727_I3B_10252.jpg
1442,C7B,2025,7/1/25,8.0,7/1/25,20250701_C7B_01442.jpg
5599,C10,2025,7/20/25,4.0,7/21/25,20250721_C10_05599.jpg
117,C7B,2025,6/30/25,7.0,7/1/25,20250701_C7B_00117.jpg
1887,C7B,2025,7/19/25,6.0,7/18/25,20250718_C7B_01887.jpg
6680,C10,2025,7/8/25,7.5,7/7/25,20250707_C10_06680.jpg
4211,C10,2025,7/11/25,4.0,7/11/25,20250711_C10_04211.jpg
5750,C10,2025,7/11/25,5.5,7/11/25,20250711_C10_05750.jpg
1220,C7B,2025,7/10/25,5.0,7/10/25,20250710_C7B_01220.jpg
1514,C7B,2025,7/10/25,5.5,7/10/25,20250710_C7B_01514.jpg
4383,C10,2025,7/19/25,2.0,7/18/25,20250718_C10_04383.jpg
1807,C7B,2025,7/1/25,7.0,7/1/25,20250701_C7B_01807.jpg
5800,C10,2025,7/11/25,4.0,7/11/25,20250711_C10_05800.jpg
6641,C10,2025,7/18/25,1.0,7/18/25,20250718_C10_06641.jpg
4076,C10,2025,7/11/25,4.0,7/11/25,20250711_C10_04076.jpg
6691,C10,2025,7/8/25,7.5,7/7/25,20250707_C10_06691.jpg
6824,C10,2025,7/8/25,7.5,7/7/25,20250707_C10_06824.jpg
4177,C10,2025,7/7/25,7.0,7/7/25,20250707_C10_04177.jpg
358,C7B,2025,7/18/25,2.5,7/18/25,20250718_C7B_00358.jpg
256,C7B,2025,7/4/25,7.5,7/4/25,20250704_C7B_00256.jpg
4236,C10,2025,6/30/25,7.0,6/28/25,20250628_C10_04236.jpg
1609,C7B,2025,7/10/25,4.0,7/10/25,20250710_C7B_01609.jpg
6751,C10,2025,7/18/25,7.5,7/18/25,20250718_C10_06751.jpg
66,C7B,2025,7/11/25,8.0,7/10/25,20250710_C7B_00066.jpg
4601,C10,2025,7/20/25,3.5,7/21/25,20250721_C10_04601.jpg
3093,G3,2023,7/26/23,7.0,7/27/23,20230727_G3_03093.jpg
331,C7B,2025,7/18/25,4.5,7/18/25,20250718_C7B_00331.jpg
5340,C10,2025,7/11/25,4.0,7/11/25,20250711_C10_05340.jpg
8092,G3,2023,7/20/23,6.0,7/20/23,20230720_G3_08092.jpg
5792,C10,2025,7/19/25,2.0,7/18/25,20250718_C10_05792.jpg
5701,C10,2025,7/1/25,7.5,6/28/25,20250628_C10_05701.jpg
2735,C7B,2025,7/8/25,8.0,7/7/25,20250707_C7B_02735.jpg
1809,C7B,2025,7/19/25,3.0,7/18/25,20250718_C7B_01809.jpg
1786,C7B,2025,7/19/25,4.0,7/18/25,20250718_C7B_01786.jpg
6755,C10,2025,7/8/25,7.5,7/7/25,20250707_C10_06755.jpg
4316,C10,2025,7/7/25,4.5,7/7/25,20250707_C10_04316.jpg
4252,C10,2025,7/19/25,1.5,7/18/25,20250718_C10_04252.jpg
11154,I3B,2023,7/12/23,7.0,7/13/23,20230713_I3B_11154.jpg
5844,C10,2025,7/1/25,8.0,6/28/25,20250628_C10_05844.jpg
4383,C10,2025,6/30/25,7.5,6/28/25,20250628_C10_04383.jpg
5500,C10,2025,7/20/25,7.5,7/21/25,20250721_C10_05500.jpg
898,C7B,2025,7/10/25,4.0,7/10/25,20250710_C7B_00898.jpg
1414,C7B,2025,7/1/25,6.5,7/1/25,20250701_C7B_01414.jpg
2640,C7B,2025,7/18/25,8.0,7/18/25,20250718_C7B_02640.jpg
2744,C7B,2025,7/8/25,7.5,7/7/25,20250707_C7B_02744.jpg
1304,C7B,2025,7/1/25,7.5,7/1/25,20250701_C7B_01304.jpg
2705,C7B,2025,7/8/25,8.0,7/7/25,20250707_C7B_02705.jpg
380,C7B,2025,7/18/25,4.0,7/18/25,20250718_C7B_00380.jpg
27,C7B,2025,7/4/25,7.5,7/4/25,20250704_C7B_00027.jpg
11334,I3B,2023,7/19/23,7.5,7/20/23,20230720_I3B_11334.jpg
1497,C7B,2025,7/1/25,6.5,7/1/25,20250701_C7B_01497.jpg
5138,C10,2025,7/20/25,1.5,7/21/25,20250721_C10_05138.jpg
1087,C7B,2025,7/10/25,3.5,7/10/25,20250710_C7B_01087.jpg
6792,C10,2025,7/18/25,7.5,7/18/25,20250718_C10_06792.jpg
577,C7B,2025,6/30/25,7.0,7/1/25,20250701_C7B_00577.jpg
5845,C10,2025,7/11/25,7.5,7/11/25,20250711_C10_05845.jpg
5660,C10,2025,7/1/25,5.0,6/28/25,20250628_C10_05660.jpg
4765,C10,2025,7/2/25,7.0,7/4/25,20250704_C10_04765.jpg
9581,I3B,2023,7/12/23,5.0,7/13/23,20230713_I3B_09581.jpg
6725,C10,2025,7/14/25,7.0,7/14/25,20250714_C10_06725.jpg
408,C7B,2025,7/10/25,5.0,7/10/25,20250710_C7B_00408.jpg
5368,C10,2025,7/20/25,2.0,7/21/25,20250721_C10_05368.jpg
4878,C10,2025,7/20/25,2.5,7/21/25,20250721_C10_04878.jpg
4448,C10,2025,7/11/25,3.5,7/11/25,20250711_C10_04448.jpg
615,C7B,2025,7/10/25,4.0,7/10/25,20250710_C7B_00615.jpg
121,C7B,2025,7/4/25,7.0,7/4/25,20250704_C7B_00121.jpg
5883,C10,2025,7/1/25,7.0,6/28/25,20250628_C10_05883.jpg
2869,C7B,2025,7/13/25,6.0,7/12/25,20250712_C7B_02869.jpg
637,C7B,2025,6/30/25,8.0,7/1/25,20250701_C7B_00637.jpg
1561,C7B,2025,7/1/25,5.5,7/1/25,20250701_C7B_01561.jpg
482,C7B,2025,7/18/25,5.5,7/18/25,20250718_C7B_00482.jpg
1858,C7B,2025,7/10/25,5.0,7/10/25,20250710_C7B_01858.jpg
4520,C10,2025,7/20/25,2.0,7/21/25,20250721_C10_04520.jpg
6633,C10,2025,7/8/25,5.0,7/7/25,20250707_C10_06633.jpg
2731,C7B,2025,7/13/25,7.0,7/12/25,20250712_C7B_02731.jpg
352,C7B,2025,6/30/25,4.5,7/1/25,20250701_C7B_00352.jpg
641,C7B,2025,6/30/25,6.5,7/1/25,20250701_C7B_00641.jpg
4402,C10,2025,6/30/25,7.0,6/28/25,20250628_C10_04402.jpg
5483,C10,2025,7/11/25,6.0,7/11/25,20250711_C10_05483.jpg
5390,C10,2025,7/20/25,2.0,7/21/25,20250721_C10_05390.jpg
593,C7B,2025,7/10/25,4.5,7/10/25,20250710_C7B_00593.jpg
1211,C7B,2025,7/10/25,6.0,7/10/25,20250710_C7B_01211.jpg
5715,C10,2025,7/1/25,6.0,6/28/25,20250628_C10_05715.jpg
2000,C7B,2025,7/1/25,6.0,7/1/25,20250701_C7B_02000.jpg
5058,C10,2025,7/2/25,6.0,7/4/25,20250704_C10_05058.jpg
4294,C10,2025,6/30/25,5.5,6/28/25,20250628_C10_04294.jpg
225,C7B,2025,6/30/25,4.0,7/1/25,20250701_C7B_00225.jpg
266,C7B,2025,7/10/25,7.5,7/10/25,20250710_C7B_00266.jpg
1446,C7B,2025,7/1/25,6.0,7/1/25,20250701_C7B_01446.jpg
719,C7B,2025,6/30/25,7.0,7/1/25,20250701_C7B_00719.jpg
5212,C10,2025,7/11/25,4.0,7/11/25,20250711_C10_05212.jpg
98,C7B,2025,7/10/25,6.0,7/10/25,20250710_C7B_00098.jpg
3178,G3,2023,7/19/23,4.0,7/20/23,20230720_G3_03178.jpg
6678,C10,2025,7/14/25,6.0,7/14/25,20250714_C10_06678.jpg
4823,C10,2025,7/20/25,3.5,7/21/25,20250721_C10_04823.jpg
1028,C7B,2025,7/10/25,5.0,7/10/25,20250710_C7B_01028.jpg
4980,C10,2025,7/2/25,5.5,7/4/25,20250704_C10_04980.jpg
10331,I3B,2023,7/25/23,3.5,7/27/23,20230727_I3B_10331.jpg
342,C7B,2025,7/18/25,2.0,7/18/25,20250718_C7B_00342.jpg
686,C7B,2025,7/18/25,2.0,7/18/25,20250718_C7B_00686.jpg
2813,C7B,2025,7/18/25,7.0,7/18/25,20250718_C7B_02813.jpg
694,C7B,2025,6/30/25,7.5,7/1/25,20250701_C7B_00694.jpg
6743,C10,2025,6/30/25,8.5,6/28/25,20250628_C10_06743.jpg
6815,C10,2025,7/14/25,4.0,7/14/25,20250714_C10_06815.jpg
334,C7B,2025,7/10/25,5.0,7/10/25,20250710_C7B_00334.jpg
1159,C7B,2025,7/1/25,7.5,7/1/25,20250701_C7B_01159.jpg
2660,C7B,2025,7/13/25,7.5,7/12/25,20250712_C7B_02660.jpg
134,C7B,2025,6/30/25,7.0,7/1/25,20250701_C7B_00134.jpg
1293,C7B,2025,7/10/25,7.0,7/10/25,20250710_C7B_01293.jpg
1201,C7B,2025,7/1/25,6.0,7/1/25,20250701_C7B_01201.jpg
355,C7B,2025,7/10/25,5.0,7/10/25,20250710_C7B_00355.jpg
9783,I3B,2023,7/12/23,4.5,7/13/23,20230713_I3B_09783.jpg
1733,C7B,2025,7/1/25,8.0,7/1/25,20250701_C7B_01733.jpg
5418,C10,2025,7/2/25,7.0,7/4/25,20250704_C10_05418.jpg
464,C7B,2025,7/10/25,5.0,7/10/25,20250710_C7B_00464.jpg
6760,C10,2025,6/30/25,8.5,6/28/25,20250628_C10_06760.jpg
2819,C7B,2025,6/30/25,8.5,7/1/25,20250701_C7B_02819.jpg
5249,C10,2025,7/2/25,5.5,7/4/25,20250704_C10_05249.jpg
773,C7B,2025,6/30/25,7.0,7/1/25,20250701_C7B_00773.jpg
5118,C10,2025,7/20/25,2.0,7/21/25,20250721_C10_05118.jpg
6642,C10,2025,7/8/25,8.0,7/7/25,20250707_C10_06642.jpg
6666,C10,2025,7/8/25,7.5,7/7/25,20250707_C10_06666.jpg
6836,C10,2025,7/3/25,8.0,7/4/25,20250704_C10_06836.jpg
6748,C10,2025,7/14/25,7.5,7/14/25,20250714_C10_06748.jpg
294,C7B,2025,7/18/25,3.0,7/18/25,20250718_C7B_00294.jpg
4577,C10,2025,7/11/25,5.0,7/11/25,20250711_C10_04577.jpg
5841,C10,2025,7/11/25,4.0,7/11/25,20250711_C10_05841.jpg
7465,G3,2023,7/26/23,5.5,7/27/23,20230727_G3_07465.jpg
6849,C10,2025,6/30/25,8.5,6/28/25,20250628_C10_06849.jpg
718,C7B,2025,7/10/25,6.0,7/10/25,20250710_C7B_00718.jpg
384,C7B,2025,7/4/25,6.0,7/4/25,20250704_C7B_00384.jpg
743,C7B,2025,6/30/25,6.5,7/1/25,20250701_C7B_00743.jpg
1688,C7B,2025,7/19/25,6.0,7/18/25,20250718_C7B_01688.jpg
5657,C10,2025,7/11/25,5.0,7/11/25,20250711_C10_05657.jpg
6846,C10,2025,7/8/25,8.0,7/7/25,20250707_C10_06846.jpg
6707,C10,2025,6/30/25,8.0,6/28/25,20250628_C10_06707.jpg
5656,C10,2025,7/11/25,7.0,7/11/25,20250711_C10_05656.jpg
4802,C10,2025,7/2/25,7.0,7/4/25,20250704_C10_04802.jpg
7496,G3,2023,7/20/23,7.0,7/20/23,20230720_G3_07496.jpg
1944,C7B,2025,7/7/25,3.5,7/7/25,20250707_C7B_01944.jpg
1302,C7B,2025,7/10/25,7.0,7/10/25,20250710_C7B_01302.jpg
5800,C10,2025,7/19/25,1.5,7/18/25,20250718_C10_05800.jpg
9859,I3B,2023,7/12/23,6.0,7/13/23,20230713_I3B_09859.jpg
2778,C7B,2025,7/13/25,7.0,7/12/25,20250712_C7B_02778.jpg
1376,C7B,2025,7/10/25,5.0,7/10/25,20250710_C7B_01376.jpg
1711,C7B,2025,7/10/25,5.0,7/10/25,20250710_C7B_01711.jpg
5909,C10,2025,7/11/25,6.5,7/11/25,20250711_C10_05909.jpg
2812,C7B,2025,7/18/25,5.0,7/18/25,20250718_C7B_02812.jpg
5578,C10,2025,7/2/25,5.0,7/4/25,20250704_C10_05578.jpg
1175,C7B,2025,7/18/25,2.5,7/18/25,20250718_C7B_01175.jpg
8117,G3,2023,7/20/23,6.5,7/20/23,20230720_G3_08117.jpg
5475,C10,2025,7/20/25,4.0,7/21/25,20250721_C10_05475.jpg
7241,G3,2023,7/19/23,7.5,7/20/23,20230720_G3_07241.jpg
174,C7B,2025,6/30/25,6.0,7/1/25,20250701_C7B_00174.jpg
6769,C10,2025,7/18/25,7.0,7/18/25,20250718_C10_06769.jpg
118,C7B,2025,6/30/25,7.5,7/1/25,20250701_C7B_00118.jpg
103,C7B,2025,7/18/25,3.0,7/18/25,20250718_C7B_00103.jpg
4319,C10,2025,6/30/25,6.0,6/28/25,20250628_C10_04319.jpg
1703,C7B,2025,7/7/25,7.0,7/7/25,20250707_C7B_01703.jpg
4829,C10,2025,7/2/25,7.5,7/4/25,20250704_C10_04829.jpg
4447,C10,2025,7/11/25,7.0,7/11/25,20250711_C10_04447.jpg
1424,C7B,2025,7/10/25,5.0,7/10/25,20250710_C7B_01424.jpg
536,C7B,2025,6/30/25,7.0,7/1/25,20250701_C7B_00536.jpg
7543,G3,2023,7/26/23,7.5,7/27/23,20230727_G3_07543.jpg
6666,C10,2025,6/30/25,8.5,6/28/25,20250628_C10_06666.jpg
980,C7B,2025,7/10/25,5.0,7/10/25,20250710_C7B_00980.jpg
2750,C7B,2025,7/8/25,8.0,7/7/25,20250707_C7B_02750.jpg
9934,I3B,2023,7/12/23,4.5,7/13/23,20230713_I3B_09934.jpg
1589,C7B,2025,7/10/25,7.5,7/10/25,20250710_C7B_01589.jpg
6031,C10,2025,7/2/25,6.0,7/4/25,20250704_C10_06031.jpg
4301,C10,2025,7/7/25,6.0,7/7/25,20250707_C10_04301.jpg
610,C7B,2025,6/30/25,7.0,7/1/25,20250701_C7B_00610.jpg
2847,C7B,2025,7/8/25,7.5,7/7/25,20250707_C7B_02847.jpg
1638,C7B,2025,7/10/25,5.0,7/10/25,20250710_C7B_01638.jpg
1154,C7B,2025,7/10/25,4.0,7/10/25,20250710_C7B_01154.jpg
4396,C10,2025,7/11/25,6.0,7/11/25,20250711_C10_04396.jpg
4566,C10,2025,7/2/25,6.0,7/4/25,20250704_C10_04566.jpg
1285,C7B,2025,7/18/25,2.0,7/18/25,20250718_C7B_01285.jpg
908,C7B,2025,7/1/25,7.5,7/1/25,20250701_C7B_00908.jpg
6028,C10,2025,7/11/25,4.0,7/11/25,20250711_C10_06028.jpg
4423,C10,2025,7/11/25,4.0,7/11/25,20250711_C10_04423.jpg
850,C7B,2025,7/10/25,5.5,7/10/25,20250710_C7B_00850.jpg
9953,I3B,2023,7/12/23,5.5,7/13/23,20230713_I3B_09953.jpg
4288,C10,2025,6/30/25,8.0,6/28/25,20250628_C10_04288.jpg
504,C7B,2025,7/18/25,2.0,7/18/25,20250718_C7B_00504.jpg
4214,C10,2025,7/19/25,2.0,7/18/25,20250718_C10_04214.jpg
2694,C7B,2025,7/18/25,6.5,7/18/25,20250718_C7B_02694.jpg
997,C7B,2025,7/10/25,5.0,7/10/25,20250710_C7B_00997.jpg
1114,C7B,2025,7/1/25,7.5,7/1/25,20250701_C7B_01114.jpg
4385,C10,2025,7/7/25,5.0,7/7/25,20250707_C10_04385.jpg
4337,C10,2025,6/30/25,7.5,6/28/25,20250628_C10_04337.jpg
5834,C10,2025,7/1/25,7.0,6/28/25,20250628_C10_05834.jpg
1509,C7B,2025,7/10/25,7.0,7/10/25,20250710_C7B_01509.jpg
479,C7B,2025,7/18/25,4.0,7/18/25,20250718_C7B_00479.jpg
232,C7B,2025,7/10/25,5.5,7/10/25,20250710_C7B_00232.jpg
4708,C10,2025,7/2/25,5.0,7/4/25,20250704_C10_04708.jpg
554,C7B,2025,7/18/25,3.0,7/18/25,20250718_C7B_00554.jpg
2654,C7B,2025,7/13/25,4.5,7/12/25,20250712_C7B_02654.jpg
413,C7B,2025,7/18/25,2.5,7/18/25,20250718_C7B_00413.jpg
1137,C7B,2025,7/10/25,4.0,7/10/25,20250710_C7B_01137.jpg
5021,C10,2025,7/20/25,2.0,7/21/25,20250721_C10_05021.jpg
1615,C7B,2025,7/18/25,3.0,7/18/25,20250718_C7B_01615.jpg
4876,C10,2025,7/2/25,5.0,7/4/25,20250704_C10_04876.jpg
1875,C7B,2025,7/7/25,6.0,7/7/25,20250707_C7B_01875.jpg
3097,G3,2023,7/19/23,7.5,7/20/23,20230720_G3_03097.jpg
6643,C10,2025,7/3/25,8.0,7/4/25,20250704_C10_06643.jpg
2754,C7B,2025,7/8/25,8.5,7/7/25,20250707_C7B_02754.jpg
293,C7B,2025,7/18/25,3.5,7/18/25,20250718_C7B_00293.jpg
11253,I3B,2023,7/19/23,6.5,7/20/23,20230720_I3B_11253.jpg
1423,C7B,2025,7/1/25,7.5,7/1/25,20250701_C7B_01423.jpg
4331,C10,2025,6/30/25,6.0,6/28/25,20250628_C10_04331.jpg
4486,C10,2025,7/11/25,4.0,7/11/25,20250711_C10_04486.jpg
4979,C10,2025,7/11/25,4.0,7/11/25,20250711_C10_04979.jpg
1348,C7B,2025,7/18/25,1.5,7/18/25,20250718_C7B_01348.jpg
758,C7B,2025,7/18/25,2.0,7/18/25,20250718_C7B_00758.jpg
6781,C10,2025,7/14/25,6.5,7/14/25,20250714_C10_06781.jpg
1442,C7B,2025,7/10/25,6.5,7/10/25,20250710_C7B_01442.jpg
5040,C10,2025,7/11/25,4.0,7/11/25,20250711_C10_05040.jpg
5118,C10,2025,7/2/25,5.0,7/4/25,20250704_C10_05118.jpg
6792,C10,2025,7/3/25,8.0,7/4/25,20250704_C10_06792.jpg
1621,C7B,2025,7/10/25,7.0,7/10/25,20250710_C7B_01621.jpg
1426,C7B,2025,7/1/25,7.5,7/1/25,20250701_C7B_01426.jpg
316,C7B,2025,7/10/25,4.0,7/10/25,20250710_C7B_00316.jpg
6784,C10,2025,7/18/25,8.0,7/18/25,20250718_C10_06784.jpg
5153,C10,2025,7/11/25,5.0,7/11/25,20250711_C10_05153.jpg
1543,C7B,2025,7/18/25,3.0,7/18/25,20250718_C7B_01543.jpg
4898,C10,2025,7/20/25,5.0,7/21/25,20250721_C10_04898.jpg
1405,C7B,2025,7/18/25,2.0,7/18/25,20250718_C7B_01405.jpg
1915,C7B,2025,7/7/25,5.0,7/7/25,20250707_C7B_01915.jpg
744,C7B,2025,6/30/25,7.0,7/1/25,20250701_C7B_00744.jpg
7425,G3,2023,7/20/23,7.0,7/20/23,20230720_G3_07425.jpg
1240,C7B,2025,7/10/25,4.5,7/10/25,20250710_C7B_01240.jpg
4970,C10,2025,7/20/25,3.5,7/21/25,20250721_C10_04970.jpg
1756,C7B,2025,7/19/25,2.0,7/18/25,20250718_C7B_01756.jpg
5413,C10,2025,7/2/25,7.5,7/4/25,20250704_C10_05413.jpg
97,C7B,2025,7/18/25,5.5,7/18/25,20250718_C7B_00097.jpg
4180,C10,2025,7/19/25,2.5,7/18/25,20250718_C10_04180.jpg
5190,C10,2025,7/20/25,1.5,7/21/25,20250721_C10_05190.jpg
11246,I3B,2023,7/19/23,5.0,7/20/23,20230720_I3B_11246.jpg
1338,C7B,2025,7/18/25,2.5,7/18/25,20250718_C7B_01338.jpg
5864,C10,2025,7/11/25,3.0,7/11/25,20250711_C10_05864.jpg
1716,C7B,2025,7/7/25,5.5,7/7/25,20250707_C7B_01716.jpg
1690,C7B,2025,7/7/25,7.5,7/7/25,20250707_C7B_01690.jpg
4821,C10,2025,7/2/25,7.0,7/4/25,20250704_C10_04821.jpg
1223,C7B,2025,7/1/25,7.0,7/1/25,20250701_C7B_01223.jpg
5804,C10,2025,7/19/25,2.0,7/18/25,20250718_C10_05804.jpg
667,C7B,2025,7/10/25,5.0,7/10/25,20250710_C7B_00667.jpg
11263,I3B,2023,7/19/23,5.5,7/20/23,20230720_I3B_11263.jpg
1334,C7B,2025,7/18/25,4.5,7/18/25,20250718_C7B_01334.jpg
11076,I3B,2023,7/12/23,7.5,7/13/23,20230713_I3B_11076.jpg
5512,C10,2025,7/20/25,3.0,7/21/25,20250721_C10_05512.jpg
5785,C10,2025,7/8/25,4.0,7/7/25,20250707_C10_05785.jpg
2709,C7B,2025,7/13/25,7.5,7/12/25,20250712_C7B_02709.jpg
1418,C7B,2025,7/10/25,5.5,7/10/25,20250710_C7B_01418.jpg
1888,C7B,2025,7/7/25,4.5,7/7/25,20250707_C7B_01888.jpg
684,C7B,2025,7/18/25,3.5,7/18/25,20250718_C7B_00684.jpg
7297,G3,2023,7/20/23,8.0,7/20/23,20230720_G3_07297.jpg
1297,C7B,2025,7/18/25,1.5,7/18/25,20250718_C7B_01297.jpg
6856,C10,2025,7/8/25,7.5,7/7/25,20250707_C10_06856.jpg
1875,C7B,2025,7/1/25,7.0,7/1/25,20250701_C7B_01875.jpg
4855,C10,2025,7/20/25,3.0,7/21/25,20250721_C10_04855.jpg
85,C7B,2025,7/4/25,5.0,7/4/25,20250704_C7B_00085.jpg
1404,C7B,2025,7/10/25,4.0,7/10/25,20250710_C7B_01404.jpg
1770,C7B,2025,7/7/25,7.0,7/7/25,20250707_C7B_01770.jpg
5381,C10,2025,7/20/25,1.5,7/21/25,20250721_C10_05381.jpg
5691,C10,2025,7/11/25,6.0,7/11/25,20250711_C10_05691.jpg
5384,C10,2025,7/11/25,5.0,7/11/25,20250711_C10_05384.jpg
2677,C7B,2025,7/13/25,7.0,7/12/25,20250712_C7B_02677.jpg
608,C7B,2025,7/10/25,6.0,7/10/25,20250710_C7B_00608.jpg
4385,C10,2025,6/30/25,7.0,6/28/25,20250628_C10_04385.jpg
180,C7B,2025,6/30/25,7.5,7/1/25,20250701_C7B_00180.jpg
4763,C10,2025,7/20/25,2.5,7/21/25,20250721_C10_04763.jpg
348,C7B,2025,6/30/25,7.5,7/1/25,20250701_C7B_00348.jpg
270,C7B,2025,6/30/25,7.0,7/1/25,20250701_C7B_00270.jpg
682,C7B,2025,6/30/25,7.5,7/1/25,20250701_C7B_00682.jpg
226,C7B,2025,7/10/25,6.0,7/10/25,20250710_C7B_00226.jpg
4409,C10,2025,7/19/25,3.0,7/18/25,20250718_C10_04409.jpg
4879,C10,2025,7/11/25,4.0,7/11/25,20250711_C10_04879.jpg
301,C7B,2025,7/4/25,4.0,7/4/25,20250704_C7B_00301.jpg
4049,C10,2025,7/11/25,9.0,7/11/25,20250711_C10_04049.jpg
939,C7B,2025,7/1/25,7.0,7/1/25,20250701_C7B_00939.jpg
1870,C7B,2025,7/10/25,5.5,7/10/25,20250710_C7B_01870.jpg
159,C7B,2025,6/30/25,4.0,7/1/25,20250701_C7B_00159.jpg
507,C7B,2025,7/10/25,5.5,7/10/25,20250710_C7B_00507.jpg
4289,C10,2025,7/11/25,3.5,7/11/25,20250711_C10_04289.jpg
821,C7B,2025,7/10/25,6.0,7/10/25,20250710_C7B_00821.jpg
6866,C10,2025,7/14/25,6.0,7/14/25,20250714_C10_06866.jpg
3138,G3,2023,7/26/23,8.0,7/27/23,20230727_G3_03138.jpg
3080,G3,2023,7/26/23,7.5,7/27/23,20230727_G3_03080.jpg
5802,C10,2025,7/11/25,4.0,7/11/25,20250711_C10_05802.jpg
4983,C10,2025,7/2/25,6.0,7/4/25,20250704_C10_04983.jpg
5932,C10,2025,7/11/25,7.0,7/11/25,20250711_C10_05932.jpg
5489,C10,2025,7/11/25,6.0,7/11/25,20250711_C10_05489.jpg
4788,C10,2025,7/11/25,5.0,7/11/25,20250711_C10_04788.jpg
55,C7B,2025,7/4/25,6.5,7/4/25,20250704_C7B_00055.jpg
5340,C10,2025,7/20/25,2.0,7/21/25,20250721_C10_05340.jpg
2043,C7B,2025,7/1/25,6.0,7/1/25,20250701_C7B_02043.jpg
2648,C7B,2025,7/18/25,7.5,7/18/25,20250718_C7B_02648.jpg
6858,C10,2025,6/30/25,8.0,6/28/25,20250628_C10_06858.jpg
10271,I3B,2023,7/25/23,4.0,7/27/23,20230727_I3B_10271.jpg
6812,C10,2025,7/18/25,7.5,7/18/25,20250718_C10_06812.jpg
6643,C10,2025,7/18/25,7.5,7/18/25,20250718_C10_06643.jpg
6674,C10,2025,7/18/25,7.5,7/18/25,20250718_C10_06674.jpg
4120,C10,2025,6/30/25,6.0,6/28/25,20250628_C10_04120.jpg
170,C7B,2025,6/30/25,7.0,7/1/25,20250701_C7B_00170.jpg
6034,C10,2025,7/19/25,4.5,7/18/25,20250718_C10_06034.jpg
1365,C7B,2025,7/10/25,7.0,7/10/25,20250710_C7B_01365.jpg
4082,C10,2025,7/7/25,5.0,7/7/25,20250707_C10_04082.jpg
4180,C10,2025,6/30/25,6.0,6/28/25,20250628_C10_04180.jpg
231,C7B,2025,7/10/25,7.0,7/10/25,20250710_C7B_00231.jpg
4024,C10,2025,7/11/25,4.5,7/11/25,20250711_C10_04024.jpg
6684,C10,2025,7/3/25,3.0,7/4/25,20250704_C10_06684.jpg
6801,C10,2025,7/18/25,5.5,7/18/25,20250718_C10_06801.jpg
4274,C10,2025,7/7/25,5.0,7/7/25,20250707_C10_04274.jpg
160,C7B,2025,7/4/25,8.0,7/4/25,20250704_C7B_00160.jpg
2683,C7B,2025,7/8/25,8.0,7/7/25,20250707_C7B_02683.jpg
6750,C10,2025,7/3/25,8.0,7/4/25,20250704_C10_06750.jpg
3049,G3,2023,7/19/23,7.5,7/20/23,20230720_G3_03049.jpg
332,C7B,2025,6/30/25,5.0,7/1/25,20250701_C7B_00332.jpg
429,C7B,2025,6/30/25,7.0,7/1/25,20250701_C7B_00429.jpg
4684,C10,2025,7/20/25,3.0,7/21/25,20250721_C10_04684.jpg
1784,C7B,2025,7/10/25,7.0,7/10/25,20250710_C7B_01784.jpg
2756,C7B,2025,7/18/25,7.0,7/18/25,20250718_C7B_02756.jpg
2752,C7B,2025,7/13/25,8.0,7/12/25,20250712_C7B_02752.jpg
8098,G3,2023,7/20/23,5.5,7/20/23,20230720_G3_08098.jpg
4204,C10,2025,7/19/25,2.0,7/18/25,20250718_C10_04204.jpg
2683,C7B,2025,6/30/25,8.5,7/1/25,20250701_C7B_02683.jpg
5664,C10,2025,7/8/25,5.0,7/7/25,20250707_C10_05664.jpg
1194,C7B,2025,7/1/25,7.0,7/1/25,20250701_C7B_01194.jpg
564,C7B,2025,7/10/25,7.0,7/10/25,20250710_C7B_00564.jpg
7213,G3,2023,7/26/23,7.0,7/27/23,20230727_G3_07213.jpg
4990,C10,2025,7/2/25,6.0,7/4/25,20250704_C10_04990.jpg
2708,C7B,2025,7/13/25,6.0,7/12/25,20250712_C7B_02708.jpg
369,C7B,2025,7/10/25,7.5,7/10/25,20250710_C7B_00369.jpg
1602,C7B,2025,7/18/25,3.0,7/18/25,20250718_C7B_01602.jpg
1800,C7B,2025,7/10/25,5.0,7/10/25,20250710_C7B_01800.jpg
5985,C10,2025,7/11/25,4.0,7/11/25,20250711_C10_05985.jpg
1087,C7B,2025,7/18/25,3.0,7/18/25,20250718_C7B_01087.jpg
493,C7B,2025,6/30/25,7.0,7/1/25,20250701_C7B_00493.jpg
4486,C10,2025,7/20/25,2.0,7/21/25,20250721_C10_04486.jpg
5324,C10,2025,7/11/25,5.5,7/11/25,20250711_C10_05324.jpg
6793,C10,2025,7/8/25,7.5,7/7/25,20250707_C10_06793.jpg
4664,C10,2025,7/20/25,1.5,7/21/25,20250721_C10_04664.jpg
6663,C10,2025,7/14/25,6.5,7/14/25,20250714_C10_06663.jpg
4013,C10,2025,7/11/25,6.0,7/11/25,20250711_C10_04013.jpg
4931,C10,2025,7/20/25,2.0,7/21/25,20250721_C10_04931.jpg
8027,G3,2023,7/19/23,8.0,7/20/23,20230720_G3_08027.jpg
1688,C7B,2025,7/10/25,7.5,7/10/25,20250710_C7B_01688.jpg
5397,C10,2025,7/20/25,2.5,7/21/25,20250721_C10_05397.jpg
10936,I3B,2023,7/19/23,6.0,7/20/23,20230720_I3B_10936.jpg
1320,C7B,2025,7/18/25,4.0,7/18/25,20250718_C7B_01320.jpg
9972,I3B,2023,7/12/23,5.5,7/13/23,20230713_I3B_09972.jpg
218,C7B,2025,6/30/25,6.0,7/1/25,20250701_C7B_00218.jpg
4111,C10,2025,7/7/25,4.5,7/7/25,20250707_C10_04111.jpg
3019,G3,2023,7/26/23,7.5,7/27/23,20230727_G3_03019.jpg
4099,C10,2025,7/7/25,5.5,7/7/25,20250707_C10_04099.jpg
3002,G3,2023,7/19/23,8.0,7/20/23,20230720_G3_03002.jpg
1949,C7B,2025,7/7/25,8.0,7/7/25,20250707_C7B_01949.jpg
3112,G3,2023,7/26/23,4.0,7/27/23,20230727_G3_03112.jpg
6806,C10,2025,7/18/25,6.5,7/18/25,20250718_C10_06806.jpg
4625,C10,2025,7/11/25,3.0,7/11/25,20250711_C10_04625.jpg
1319,C7B,2025,7/1/25,7.0,7/1/25,20250701_C7B_01319.jpg
9750,I3B,2023,7/12/23,5.5,7/13/23,20230713_I3B_09750.jpg
1578,C7B,2025,7/18/25,2.0,7/18/25,20250718_C7B_01578.jpg
11178,I3B,2023,7/12/23,7.0,7/13/23,20230713_I3B_11178.jpg
4982,C10,2025,7/20/25,5.0,7/21/25,20250721_C10_04982.jpg
4314,C10,2025,7/11/25,4.0,7/11/25,20250711_C10_04314.jpg
1626,C7B,2025,7/18/25,3.0,7/18/25,20250718_C7B_01626.jpg
4817,C10,2025,7/20/25,3.0,7/21/25,20250721_C10_04817.jpg
5477,C10,2025,7/2/25,4.0,7/4/25,20250704_C10_05477.jpg
895,C7B,2025,7/18/25,3.0,7/18/25,20250718_C7B_00895.jpg
1656,C7B,2025,7/1/25,7.5,7/1/25,20250701_C7B_01656.jpg
10772,I3B,2023,7/19/23,5.0,7/20/23,20230720_I3B_10772.jpg
114,C7B,2025,6/30/25,6.0,7/1/25,20250701_C7B_00114.jpg
930,C7B,2025,7/10/25,6.0,7/10/25,20250710_C7B_00930.jpg
2792,C7B,2025,7/8/25,8.0,7/7/25,20250707_C7B_02792.jpg
1185,C7B,2025,7/18/25,3.5,7/18/25,20250718_C7B_01185.jpg
5902,C10,2025,7/19/25,1.5,7/18/25,20250718_C10_05902.jpg
11134,I3B,2023,7/12/23,7.5,7/13/23,20230713_I3B_11134.jpg
4377,C10,2025,6/30/25,7.0,6/28/25,20250628_C10_04377.jpg
4269,C10,2025,6/30/25,7.0,6/28/25,20250628_C10_04269.jpg
9635,I3B,2023,7/12/23,5.5,7/13/23,20230713_I3B_09635.jpg
3005,G3,2023,7/19/23,8.0,7/20/23,20230720_G3_03005.jpg
4242,C10,2025,7/19/25,1.0,7/18/25,20250718_C10_04242.jpg
4167,C10,2025,7/11/25,5.5,7/11/25,20250711_C10_04167.jpg
5,C7B,2025,7/11/25,6.5,7/10/25,20250710_C7B_00005.jpg
5974,C10,2025,7/11/25,5.0,7/11/25,20250711_C10_05974.jpg
10725,I3B,2023,7/19/23,5.0,7/20/23,20230720_I3B_10725.jpg
2746,C7B,2025,7/13/25,8.0,7/12/25,20250712_C7B_02746.jpg
6685,C10,2025,7/18/25,7.5,7/18/25,20250718_C10_06685.jpg
1837,C7B,2025,7/7/25,4.5,7/7/25,20250707_C7B_01837.jpg
284,C7B,2025,6/30/25,7.0,7/1/25,20250701_C7B_00284.jpg
1693,C7B,2025,7/10/25,8.0,7/10/25,20250710_C7B_01693.jpg
6040,C10,2025,7/11/25,4.0,7/11/25,20250711_C10_06040.jpg
1557,C7B,2025,7/18/25,2.0,7/18/25,20250718_C7B_01557.jpg
5961,C10,2025,7/19/25,2.0,7/18/25,20250718_C10_05961.jpg
4585,C10,2025,7/20/25,2.0,7/21/25,20250721_C10_04585.jpg
4777,C10,2025,7/20/25,1.5,7/21/25,20250721_C10_04777.jpg
2703,C7B,2025,6/30/25,8.0,7/1/25,20250701_C7B_02703.jpg
1019,C7B,2025,7/10/25,7.0,7/10/25,20250710_C7B_01019.jpg
4286,C10,2025,7/11/25,7.0,7/11/25,20250711_C10_04286.jpg
9927,I3B,2023,7/12/23,5.0,7/13/23,20230713_I3B_09927.jpg
4869,C10,2025,7/11/25,5.0,7/11/25,20250711_C10_04869.jpg
1301,C7B,2025,7/10/25,5.5,7/10/25,20250710_C7B_01301.jpg
5843,C10,2025,7/19/25,6.0,7/18/25,20250718_C10_05843.jpg
11250,I3B,2023,7/19/23,6.0,7/20/23,20230720_I3B_11250.jpg
4367,C10,2025,7/7/25,4.0,7/7/25,20250707_C10_04367.jpg
628,C7B,2025,6/30/25,6.5,7/1/25,20250701_C7B_00628.jpg
263,C7B,2025,7/4/25,5.0,7/4/25,20250704_C7B_00263.jpg
2653,C7B,2025,7/13/25,7.0,7/12/25,20250712_C7B_02653.jpg
4209,C10,2025,6/30/25,6.5,6/28/25,20250628_C10_04209.jpg
4649,C10,2025,7/20/25,2.5,7/21/25,20250721_C10_04649.jpg
5246,C10,2025,7/20/25,2.0,7/21/25,20250721_C10_05246.jpg
4315,C10,2025,6/30/25,5.5,6/28/25,20250628_C10_04315.jpg
4336,C10,2025,6/30/25,7.5,6/28/25,20250628_C10_04336.jpg
4147,C10,2025,7/11/25,4.0,7/11/25,20250711_C10_04147.jpg
1940,C7B,2025,7/19/25,5.0,7/18/25,20250718_C7B_01940.jpg
4661,C10,2025,7/11/25,5.0,7/11/25,20250711_C10_04661.jpg
4942,C10,2025,7/11/25,4.0,7/11/25,20250711_C10_04942.jpg
1064,C7B,2025,7/18/25,5.0,7/18/25,20250718_C7B_01064.jpg
1645,C7B,2025,7/18/25,2.0,7/18/25,20250718_C7B_01645.jpg
5814,C10,2025,7/1/25,6.5,6/28/25,20250628_C10_05814.jpg
8042,G3,2023,7/19/23,7.0,7/20/23,20230720_G3_08042.jpg
300,C7B,2025,7/10/25,5.5,7/10/25,20250710_C7B_00300.jpg
6816,C10,2025,7/3/25,6.5,7/4/25,20250704_C10_06816.jpg
121,C7B,2025,6/30/25,7.5,7/1/25,20250701_C7B_00121.jpg
115,C7B,2025,7/10/25,6.0,7/10/25,20250710_C7B_00115.jpg
4018,C10,2025,7/19/25,3.5,7/18/25,20250718_C10_04018.jpg
1021,C7B,2025,7/18/25,4.0,7/18/25,20250718_C7B_01021.jpg
1996,C7B,2025,7/1/25,7.0,7/1/25,20250701_C7B_01996.jpg
4374,C10,2025,6/30/25,7.0,6/28/25,20250628_C10_04374.jpg
7509,G3,2023,7/20/23,7.5,7/20/23,20230720_G3_07509.jpg
1840,C7B,2025,7/19/25,3.5,7/18/25,20250718_C7B_01840.jpg
2795,C7B,2025,7/18/25,8.0,7/18/25,20250718_C7B_02795.jpg
4873,C10,2025,7/11/25,4.0,7/11/25,20250711_C10_04873.jpg
1692,C7B,2025,7/1/25,5.5,7/1/25,20250701_C7B_01692.jpg
5461,C10,2025,7/2/25,6.0,7/4/25,20250704_C10_05461.jpg
11304,I3B,2023,7/19/23,5.5,7/20/23,20230720_I3B_11304.jpg
5369,C10,2025,7/20/25,2.0,7/21/25,20250721_C10_05369.jpg
1939,C7B,2025,7/19/25,5.0,7/18/25,20250718_C7B_01939.jpg
5595,C10,2025,7/20/25,2.0,7/21/25,20250721_C10_05595.jpg
5193,C10,2025,7/2/25,5.5,7/4/25,20250704_C10_05193.jpg
4104,C10,2025,6/30/25,8.0,6/28/25,20250628_C10_04104.jpg
5926,C10,2025,7/1/25,6.5,6/28/25,20250628_C10_05926.jpg
4209,C10,2025,7/19/25,3.0,7/18/25,20250718_C10_04209.jpg
4793,C10,2025,7/20/25,5.5,7/21/25,20250721_C10_04793.jpg
341,C7B,2025,7/10/25,6.0,7/10/25,20250710_C7B_00341.jpg
527,C7B,2025,7/18/25,2.0,7/18/25,20250718_C7B_00527.jpg
6024,C10,2025,7/19/25,3.0,7/18/25,20250718_C10_06024.jpg
6838,C10,2025,7/18/25,7.0,7/18/25,20250718_C10_06838.jpg
394,C7B,2025,7/10/25,5.5,7/10/25,20250710_C7B_00394.jpg
7414,G3,2023,7/20/23,8.0,7/20/23,20230720_G3_07414.jpg
1068,C7B,2025,7/10/25,5.0,7/10/25,20250710_C7B_01068.jpg
443,C7B,2025,7/18/25,4.0,7/18/25,20250718_C7B_00443.jpg
5981,C10,2025,7/11/25,4.5,7/11/25,20250711_C10_05981.jpg
670,C7B,2025,7/18/25,4.5,7/18/25,20250718_C7B_00670.jpg
5640,C10,2025,7/11/25,5.0,7/11/25,20250711_C10_05640.jpg
2050,C7B,2025,7/10/25,7.0,7/10/25,20250710_C7B_02050.jpg
1145,C7B,2025,7/18/25,2.5,7/18/25,20250718_C7B_01145.jpg
1405,C7B,2025,7/10/25,5.0,7/10/25,20250710_C7B_01405.jpg
801,C7B,2025,7/10/25,8.0,7/10/25,20250710_C7B_00801.jpg
2048,C7B,2025,7/19/25,5.0,7/18/25,20250718_C7B_02048.jpg
4135,C10,2025,7/7/25,4.0,7/7/25,20250707_C10_04135.jpg
1175,C7B,2025,7/1/25,5.0,7/1/25,20250701_C7B_01175.jpg
954,C7B,2025,7/1/25,7.5,7/1/25,20250701_C7B_00954.jpg
4750,C10,2025,7/20/25,2.0,7/21/25,20250721_C10_04750.jpg
9620,I3B,2023,7/12/23,6.5,7/13/23,20230713_I3B_09620.jpg
4912,C10,2025,7/11/25,4.0,7/11/25,20250711_C10_04912.jpg
1513,C7B,2025,7/10/25,4.0,7/10/25,20250710_C7B_01513.jpg
1326,C7B,2025,7/10/25,5.0,7/10/25,20250710_C7B_01326.jpg
11235,I3B,2023,7/19/23,7.5,7/20/23,20230720_I3B_11235.jpg
5149,C10,2025,7/11/25,4.0,7/11/25,20250711_C10_05149.jpg
5140,C10,2025,7/11/25,3.0,7/11/25,20250711_C10_05140.jpg
4580,C10,2025,7/20/25,3.0,7/21/25,20250721_C10_04580.jpg
327,C7B,2025,7/10/25,6.5,7/10/25,20250710_C7B_00327.jpg
9615,I3B,2023,7/12/23,6.0,7/13/23,20230713_I3B_09615.jpg
1710,C7B,2025,7/19/25,4.0,7/18/25,20250718_C7B_01710.jpg
6768,C10,2025,7/14/25,6.5,7/14/25,20250714_C10_06768.jpg
6648,C10,2025,7/8/25,8.0,7/7/25,20250707_C10_06648.jpg
1100,C7B,2025,7/18/25,1.5,7/18/25,20250718_C7B_01100.jpg
5080,C10,2025,7/20/25,2.0,7/21/25,20250721_C10_05080.jpg
4079,C10,2025,6/30/25,7.5,6/28/25,20250628_C10_04079.jpg
1945,C7B,2025,7/7/25,6.0,7/7/25,20250707_C7B_01945.jpg
8056,G3,2023,7/26/23,6.0,7/27/23,20230727_G3_08056.jpg
1708,C7B,2025,7/7/25,8.0,7/7/25,20250707_C7B_01708.jpg
5956,C10,2025,7/11/25,4.0,7/11/25,20250711_C10_05956.jpg
936,C7B,2025,7/1/25,7.0,7/1/25,20250701_C7B_00936.jpg
4155,C10,2025,7/7/25,5.0,7/7/25,20250707_C10_04155.jpg
711,C7B,2025,7/10/25,7.0,7/10/25,20250710_C7B_00711.jpg
4352,C10,2025,7/7/25,5.0,7/7/25,20250707_C10_04352.jpg
10989,I3B,2023,7/19/23,7.0,7/20/23,20230720_I3B_10989.jpg
5009,C10,2025,7/11/25,3.5,7/11/25,20250711_C10_05009.jpg
5047,C10,2025,7/20/25,2.0,7/21/25,20250721_C10_05047.jpg
202,C7B,2025,7/18/25,4.0,7/18/25,20250718_C7B_00202.jpg
187,C7B,2025,7/18/25,4.0,7/18/25,20250718_C7B_00187.jpg
1968,C7B,2025,7/1/25,4.0,7/1/25,20250701_C7B_01968.jpg
4162,C10,2025,7/7/25,6.0,7/7/25,20250707_C10_04162.jpg
6017,C10,2025,7/8/25,6.0,7/7/25,20250707_C10_06017.jpg
1671,C7B,2025,7/19/25,4.0,7/18/25,20250718_C7B_01671.jpg
801,C7B,2025,7/1/25,7.0,7/1/25,20250701_C7B_00801.jpg
376,C7B,2025,7/10/25,6.0,7/10/25,20250710_C7B_00376.jpg
10047,I3B,2023,7/12/23,5.0,7/13/23,20230713_I3B_10047.jpg
4846,C10,2025,7/20/25,1.5,7/21/25,20250721_C10_04846.jpg
6648,C10,2025,7/14/25,7.5,7/14/25,20250714_C10_06648.jpg
4341,C10,2025,7/19/25,4.0,7/18/25,20250718_C10_04341.jpg
5236,C10,2025,7/20/25,1.5,7/21/25,20250721_C10_05236.jpg
1075,C7B,2025,7/10/25,5.5,7/10/25,20250710_C7B_01075.jpg
1880,C7B,2025,7/19/25,4.0,7/18/25,20250718_C7B_01880.jpg
1431,C7B,2025,7/1/25,6.0,7/1/25,20250701_C7B_01431.jpg
235,C7B,2025,7/4/25,6.0,7/4/25,20250704_C7B_00235.jpg
2828,C7B,2025,6/30/25,8.0,7/1/25,20250701_C7B_02828.jpg
2842,C7B,2025,6/30/25,7.5,7/1/25,20250701_C7B_02842.jpg
2652,C7B,2025,7/18/25,7.0,7/18/25,20250718_C7B_02652.jpg
7498,G3,2023,7/20/23,6.0,7/20/23,20230720_G3_07498.jpg
960,C7B,2025,7/1/25,6.5,7/1/25,20250701_C7B_00960.jpg
1440,C7B,2025,7/10/25,6.0,7/10/25,20250710_C7B_01440.jpg
6807,C10,2025,7/18/25,5.5,7/18/25,20250718_C10_06807.jpg
4947,C10,2025,7/2/25,7.0,7/4/25,20250704_C10_04947.jpg
4398,C10,2025,7/19/25,4.0,7/18/25,20250718_C10_04398.jpg
11014,I3B,2023,7/19/23,7.5,7/20/23,20230720_I3B_11014.jpg
1697,C7B,2025,7/1/25,8.0,7/1/25,20250701_C7B_01697.jpg
360,C7B,2025,7/18/25,3.5,7/18/25,20250718_C7B_00360.jpg
78,C7B,2025,6/30/25,6.5,7/1/25,20250701_C7B_00078.jpg
738,C7B,2025,7/18/25,2.0,7/18/25,20250718_C7B_00738.jpg
1747,C7B,2025,7/1/25,6.5,7/1/25,20250701_C7B_01747.jpg
5281,C10,2025,7/20/25,3.0,7/21/25,20250721_C10_05281.jpg
1168,C7B,2025,7/10/25,4.0,7/10/25,20250710_C7B_01168.jpg
5785,C10,2025,7/1/25,5.0,6/28/25,20250628_C10_05785.jpg
306,C7B,2025,7/10/25,6.0,7/10/25,20250710_C7B_00306.jpg
200,C7B,2025,7/18/25,5.0,7/18/25,20250718_C7B_00200.jpg
4869,C10,2025,7/20/25,2.5,7/21/25,20250721_C10_04869.jpg
2034,C7B,2025,7/19/25,6.0,7/18/25,20250718_C7B_02034.jpg
5847,C10,2025,7/11/25,7.5,7/11/25,20250711_C10_05847.jpg
10019,I3B,2023,7/12/23,4.5,7/13/23,20230713_I3B_10019.jpg
5170,C10,2025,7/2/25,6.5,7/4/25,20250704_C10_05170.jpg
1497,C7B,2025,7/10/25,5.0,7/10/25,20250710_C7B_01497.jpg
4877,C10,2025,7/20/25,2.5,7/21/25,20250721_C10_04877.jpg
1332,C7B,2025,7/1/25,7.5,7/1/25,20250701_C7B_01332.jpg
6012,C10,2025,7/2/25,7.0,7/4/25,20250704_C10_06012.jpg
2049,C7B,2025,7/1/25,8.0,7/1/25,20250701_C7B_02049.jpg
2655,C7B,2025,6/30/25,7.0,7/1/25,20250701_C7B_02655.jpg
110,C7B,2025,7/4/25,7.0,7/4/25,20250704_C7B_00110.jpg
6772,C10,2025,7/3/25,8.0,7/4/25,20250704_C10_06772.jpg
11153,I3B,2023,7/12/23,7.0,7/13/23,20230713_I3B_11153.jpg
5231,C10,2025,7/11/25,6.0,7/11/25,20250711_C10_05231.jpg
11326,I3B,2023,7/19/23,4.5,7/20/23,20230720_I3B_11326.jpg
4636,C10,2025,7/20/25,2.0,7/21/25,20250721_C10_04636.jpg
5181,C10,2025,7/20/25,2.5,7/21/25,20250721_C10_05181.jpg
4830,C10,2025,7/20/25,2.0,7/21/25,20250721_C10_04830.jpg
4496,C10,2025,7/20/25,2.0,7/21/25,20250721_C10_04496.jpg
1061,C7B,2025,7/1/25,6.5,7/1/25,20250701_C7B_01061.jpg
1969,C7B,2025,7/7/25,5.5,7/7/25,20250707_C7B_01969.jpg
9877,I3B,2023,7/12/23,5.0,7/13/23,20230713_I3B_09877.jpg
93,C7B,2025,6/30/25,7.5,7/1/25,20250701_C7B_00093.jpg
4086,C10,2025,7/7/25,6.0,7/7/25,20250707_C10_04086.jpg
4223,C10,2025,7/11/25,5.5,7/11/25,20250711_C10_04223.jpg
4090,C10,2025,7/11/25,5.5,7/11/25,20250711_C10_04090.jpg
5326,C10,2025,7/2/25,5.0,7/4/25,20250704_C10_05326.jpg
1675,C7B,2025,7/7/25,5.0,7/7/25,20250707_C7B_01675.jpg
1569,C7B,2025,7/1/25,8.0,7/1/25,20250701_C7B_01569.jpg
6038,C10,2025,7/19/25,1.5,7/18/25,20250718_C10_06038.jpg
2780,C7B,2025,7/18/25,7.5,7/18/25,20250718_C7B_02780.jpg
5609,C10,2025,7/11/25,5.0,7/11/25,20250711_C10_05609.jpg
838,C7B,2025,7/1/25,7.0,7/1/25,20250701_C7B_00838.jpg
702,C7B,2025,6/30/25,6.5,7/1/25,20250701_C7B_00702.jpg
10737,I3B,2023,7/19/23,5.5,7/20/23,20230720_I3B_10737.jpg
4532,C10,2025,7/11/25,6.0,7/11/25,20250711_C10_04532.jpg
806,C7B,2025,7/10/25,5.5,7/10/25,20250710_C7B_00806.jpg
82,C7B,2025,7/10/25,6.5,7/10/25,20250710_C7B_00082.jpg
2,C7B,2025,6/30/25,8.0,7/1/25,20250701_C7B_00002.jpg
6765,C10,2025,7/3/25,6.5,7/4/25,20250704_C10_06765.jpg
1548,C7B,2025,7/18/25,3.5,7/18/25,20250718_C7B_01548.jpg
5614,C10,2025,7/20/25,2.0,7/21/25,20250721_C10_05614.jpg
124,C7B,2025,6/30/25,7.0,7/1/25,20250701_C7B_00124.jpg
8120,G3,2023,7/20/23,8.0,7/20/23,20230720_G3_08120.jpg
991,C7B,2025,7/18/25,2.5,7/18/25,20250718_C7B_00991.jpg
6047,C10,2025,7/19/25,4.0,7/18/25,20250718_C10_06047.jpg
2746,C7B,2025,7/18/25,7.5,7/18/25,20250718_C7B_02746.jpg
4738,C10,2025,7/11/25,5.0,7/11/25,20250711_C10_04738.jpg
3202,G3,2023,7/26/23,3.0,7/27/23,20230727_G3_03202.jpg
5175,C10,2025,7/2/25,5.0,7/4/25,20250704_C10_05175.jpg
4759,C10,2025,7/20/25,4.0,7/21/25,20250721_C10_04759.jpg
2758,C7B,2025,7/8/25,8.5,7/7/25,20250707_C7B_02758.jpg
388,C7B,2025,7/18/25,3.0,7/18/25,20250718_C7B_00388.jpg
8104,G3,2023,7/20/23,6.0,7/20/23,20230720_G3_08104.jpg
4844,C10,2025,7/2/25,7.0,7/4/25,20250704_C10_04844.jpg
2774,C7B,2025,7/13/25,6.0,7/12/25,20250712_C7B_02774.jpg
4626,C10,2025,7/20/25,1.5,7/21/25,20250721_C10_04626.jpg
10774,I3B,2023,7/19/23,5.5,7/20/23,20230720_I3B_10774.jpg
4093,C10,2025,7/11/25,7.0,7/11/25,20250711_C10_04093.jpg
3171,G3,2023,7/26/23,4.0,7/27/23,20230727_G3_03171.jpg
4124,C10,2025,7/19/25,3.0,7/18/25,20250718_C10_04124.jpg
4502,C10,2025,7/2/25,7.0,7/4/25,20250704_C10_04502.jpg
131,C7B,2025,7/4/25,7.5,7/4/25,20250704_C7B_00131.jpg
5504,C10,2025,7/11/25,4.0,7/11/25,20250711_C10_05504.jpg
4612,C10,2025,7/20/25,1.5,7/21/25,20250721_C10_04612.jpg
4293,C10,2025,7/11/25,5.5,7/11/25,20250711_C10_04293.jpg
4650,C10,2025,7/2/25,6.0,7/4/25,20250704_C10_04650.jpg
5953,C10,2025,7/19/25,1.5,7/18/25,20250718_C10_05953.jpg
1138,C7B,2025,7/10/25,5.0,7/10/25,20250710_C7B_01138.jpg
2755,C7B,2025,7/18/25,7.0,7/18/25,20250718_C7B_02755.jpg
2679,C7B,2025,7/13/25,7.0,7/12/25,20250712_C7B_02679.jpg
1030,C7B,2025,7/18/25,2.5,7/18/25,20250718_C7B_01030.jpg
4785,C10,2025,7/2/25,5.0,7/4/25,20250704_C10_04785.jpg
1613,C7B,2025,7/1/25,8.0,7/1/25,20250701_C7B_01613.jpg
309,C7B,2025,7/10/25,4.0,7/10/25,20250710_C7B_00309.jpg
4003,C10,2025,7/7/25,7.5,7/7/25,20250707_C10_04003.jpg
1296,C7B,2025,7/1/25,7.0,7/1/25,20250701_C7B_01296.jpg
5133,C10,2025,7/2/25,5.0,7/4/25,20250704_C10_05133.jpg
6788,C10,2025,6/30/25,8.0,6/28/25,20250628_C10_06788.jpg
1203,C7B,2025,7/10/25,4.0,7/10/25,20250710_C7B_01203.jpg
4853,C10,2025,7/11/25,4.0,7/11/25,20250711_C10_04853.jpg
4043,C10,2025,6/30/25,7.5,6/28/25,20250628_C10_04043.jpg
11030,I3B,2023,7/12/23,7.5,7/13/23,20230713_I3B_11030.jpg
541,C7B,2025,7/18/25,2.5,7/18/25,20250718_C7B_00541.jpg
5667,C10,2025,7/1/25,6.0,6/28/25,20250628_C10_05667.jpg
4268,C10,2025,7/19/25,2.0,7/18/25,20250718_C10_04268.jpg
386,C7B,2025,7/18/25,4.0,7/18/25,20250718_C7B_00386.jpg
6814,C10,2025,7/8/25,8.0,7/7/25,20250707_C10_06814.jpg
5208,C10,2025,7/11/25,5.0,7/11/25,20250711_C10_05208.jpg
4183,C10,2025,7/11/25,6.0,7/11/25,20250711_C10_04183.jpg
5614,C10,2025,7/2/25,6.0,7/4/25,20250704_C10_05614.jpg
5321,C10,2025,7/20/25,4.0,7/21/25,20250721_C10_05321.jpg
4298,C10,2025,7/7/25,5.0,7/7/25,20250707_C10_04298.jpg
4235,C10,2025,7/19/25,3.0,7/18/25,20250718_C10_04235.jpg
1719,C7B,2025,7/19/25,1.5,7/18/25,20250718_C7B_01719.jpg
4706,C10,2025,7/11/25,5.5,7/11/25,20250711_C10_04706.jpg
1793,C7B,2025,7/19/25,7.0,7/18/25,20250718_C7B_01793.jpg
1079,C7B,2025,7/10/25,4.0,7/10/25,20250710_C7B_01079.jpg
9913,I3B,2023,7/12/23,5.0,7/13/23,20230713_I3B_09913.jpg
1071,C7B,2025,7/1/25,7.0,7/1/25,20250701_C7B_01071.jpg
4061,C10,2025,7/19/25,6.0,7/18/25,20250718_C10_04061.jpg
5996,C10,2025,7/19/25,4.0,7/18/25,20250718_C10_05996.jpg
7329,G3,2023,7/20/23,5.5,7/20/23,20230720_G3_07329.jpg
5951,C10,2025,7/8/25,4.5,7/7/25,20250707_C10_05951.jpg
9621,I3B,2023,7/12/23,6.0,7/13/23,20230713_I3B_09621.jpg
6840,C10,2025,7/14/25,7.5,7/14/25,20250714_C10_06840.jpg
6024,C10,2025,7/11/25,3.5,7/11/25,20250711_C10_06024.jpg
1735,C7B,2025,7/7/25,7.5,7/7/25,20250707_C7B_01735.jpg
6804,C10,2025,7/3/25,7.0,7/4/25,20250704_C10_06804.jpg
2013,C7B,2025,7/7/25,7.5,7/7/25,20250707_C7B_02013.jpg
5971,C10,2025,7/11/25,5.5,7/11/25,20250711_C10_05971.jpg
724,C7B,2025,6/30/25,7.5,7/1/25,20250701_C7B_00724.jpg
137,C7B,2025,6/30/25,7.5,7/1/25,20250701_C7B_00137.jpg
9767,I3B,2023,7/12/23,5.5,7/13/23,20230713_I3B_09767.jpg
527,C7B,2025,7/10/25,4.5,7/10/25,20250710_C7B_00527.jpg
1897,C7B,2025,7/7/25,4.0,7/7/25,20250707_C7B_01897.jpg
4687,C10,2025,7/11/25,4.0,7/11/25,20250711_C10_04687.jpg
4048,C10,2025,7/19/25,3.0,7/18/25,20250718_C10_04048.jpg
144,C7B,2025,7/10/25,7.5,7/10/25,20250710_C7B_00144.jpg
1203,C7B,2025,7/1/25,5.0,7/1/25,20250701_C7B_01203.jpg
5867,C10,2025,7/19/25,3.0,7/18/25,20250718_C10_05867.jpg
5216,C10,2025,7/2/25,7.0,7/4/25,20250704_C10_05216.jpg
3059,G3,2023,7/19/23,8.5,7/20/23,20230720_G3_03059.jpg
53,C7B,2025,7/11/25,3.0,7/10/25,20250710_C7B_00053.jpg
4391,C10,2025,7/7/25,4.0,7/7/25,20250707_C10_04391.jpg
5537,C10,2025,7/20/25,2.0,7/21/25,20250721_C10_05537.jpg
1098,C7B,2025,7/10/25,5.0,7/10/25,20250710_C7B_01098.jpg
4920,C10,2025,7/2/25,6.5,7/4/25,20250704_C10_04920.jpg
6678,C10,2025,7/3/25,8.0,7/4/25,20250704_C10_06678.jpg
4449,C10,2025,7/11/25,7.0,7/11/25,20250711_C10_04449.jpg
4440,C10,2025,6/30/25,5.5,6/28/25,20250628_C10_04440.jpg
5016,C10,2025,7/11/25,6.0,7/11/25,20250711_C10_05016.jpg
9719,I3B,2023,7/12/23,5.0,7/13/23,20230713_I3B_09719.jpg
2833,C7B,2025,6/30/25,8.0,7/1/25,20250701_C7B_02833.jpg
1514,C7B,2025,7/1/25,7.5,7/1/25,20250701_C7B_01514.jpg
4697,C10,2025,7/11/25,5.0,7/11/25,20250711_C10_04697.jpg
5564,C10,2025,7/2/25,5.0,7/4/25,20250704_C10_05564.jpg
1360,C7B,2025,7/18/25,3.0,7/18/25,20250718_C7B_01360.jpg
403,C7B,2025,7/18/25,2.0,7/18/25,20250718_C7B_00403.jpg
4358,C10,2025,7/11/25,4.0,7/11/25,20250711_C10_04358.jpg
1420,C7B,2025,7/18/25,2.0,7/18/25,20250718_C7B_01420.jpg
227,C7B,2025,7/10/25,6.0,7/10/25,20250710_C7B_00227.jpg
289,C7B,2025,7/10/25,4.5,7/10/25,20250710_C7B_00289.jpg
4337,C10,2025,7/7/25,7.5,7/7/25,20250707_C10_04337.jpg
4903,C10,2025,7/20/25,2.0,7/21/25,20250721_C10_04903.jpg
10323,I3B,2023,7/25/23,3.0,7/27/23,20230727_I3B_10323.jpg
2820,C7B,2025,7/13/25,4.5,7/12/25,20250712_C7B_02820.jpg
11276,I3B,2023,7/19/23,6.0,7/20/23,20230720_I3B_11276.jpg
4032,C10,2025,7/11/25,4.5,7/11/25,20250711_C10_04032.jpg
612,C7B,2025,7/18/25,3.0,7/18/25,20250718_C7B_00612.jpg
6790,C10,2025,7/3/25,8.0,7/4/25,20250704_C10_06790.jpg
1037,C7B,2025,7/18/25,4.0,7/18/25,20250718_C7B_01037.jpg
1528,C7B,2025,7/18/25,3.0,7/18/25,20250718_C7B_01528.jpg
5653,C10,2025,7/11/25,4.0,7/11/25,20250711_C10_05653.jpg
7477,G3,2023,7/20/23,8.0,7/20/23,20230720_G3_07477.jpg
249,C7B,2025,7/18/25,3.0,7/18/25,20250718_C7B_00249.jpg
126,C7B,2025,7/10/25,5.0,7/10/25,20250710_C7B_00126.jpg
333,C7B,2025,7/18/25,3.5,7/18/25,20250718_C7B_00333.jpg
2787,C7B,2025,7/8/25,8.0,7/7/25,20250707_C7B_02787.jpg
392,C7B,2025,6/30/25,6.0,7/1/25,20250701_C7B_00392.jpg
1724,C7B,2025,7/1/25,5.0,7/1/25,20250701_C7B_01724.jpg
2877,C7B,2025,7/13/25,7.0,7/12/25,20250712_C7B_02877.jpg
128,C7B,2025,7/18/25,5.0,7/18/25,20250718_C7B_00128.jpg
4884,C10,2025,7/20/25,2.0,7/21/25,20250721_C10_04884.jpg
9839,I3B,2023,7/12/23,5.5,7/13/23,20230713_I3B_09839.jpg
5951,C10,2025,7/11/25,4.0,7/11/25,20250711_C10_05951.jpg
1416,C7B,2025,7/18/25,6.0,7/18/25,20250718_C7B_01416.jpg
4798,C10,2025,7/20/25,2.5,7/21/25,20250721_C10_04798.jpg
203,C7B,2025,7/18/25,3.0,7/18/25,20250718_C7B_00203.jpg
664,C7B,2025,7/18/25,2.5,7/18/25,20250718_C7B_00664.jpg
6651,C10,2025,6/30/25,8.0,6/28/25,20250628_C10_06651.jpg
508,C7B,2025,6/30/25,7.0,7/1/25,20250701_C7B_00508.jpg
7390,G3,2023,7/20/23,7.0,7/20/23,20230720_G3_07390.jpg
5208,C10,2025,7/20/25,6.5,7/21/25,20250721_C10_05208.jpg
11022,I3B,2023,7/12/23,7.0,7/13/23,20230713_I3B_11022.jpg
5295,C10,2025,7/20/25,3.5,7/21/25,20250721_C10_05295.jpg
1781,C7B,2025,7/19/25,5.0,7/18/25,20250718_C7B_01781.jpg
1035,C7B,2025,7/18/25,2.0,7/18/25,20250718_C7B_01035.jpg
3141,G3,2023,7/19/23,7.0,7/20/23,20230720_G3_03141.jpg
9594,I3B,2023,7/12/23,5.5,7/13/23,20230713_I3B_09594.jpg
3159,G3,2023,7/26/23,5.5,7/27/23,20230727_G3_03159.jpg
686,C7B,2025,7/10/25,4.0,7/10/25,20250710_C7B_00686.jpg
748,C7B,2025,7/18/25,2.0,7/18/25,20250718_C7B_00748.jpg
157,C7B,2025,7/4/25,6.5,7/4/25,20250704_C7B_00157.jpg
3179,G3,2023,7/19/23,7.5,7/20/23,20230720_G3_03179.jpg
4838,C10,2025,7/20/25,3.0,7/21/25,20250721_C10_04838.jpg
9730,I3B,2023,7/12/23,5.0,7/13/23,20230713_I3B_09730.jpg
9831,I3B,2023,7/12/23,5.0,7/13/23,20230713_I3B_09831.jpg
11035,I3B,2023,7/12/23,6.5,7/13/23,20230713_I3B_11035.jpg
4575,C10,2025,7/11/25,6.0,7/11/25,20250711_C10_04575.jpg
417,C7B,2025,7/10/25,4.0,7/10/25,20250710_C7B_00417.jpg
893,C7B,2025,7/10/25,5.0,7/10/25,20250710_C7B_00893.jpg
4139,C10,2025,7/19/25,7.5,7/18/25,20250718_C10_04139.jpg
1448,C7B,2025,7/18/25,1.5,7/18/25,20250718_C7B_01448.jpg
9609,I3B,2023,7/12/23,6.0,7/13/23,20230713_I3B_09609.jpg
5299,C10,2025,7/11/25,5.0,7/11/25,20250711_C10_05299.jpg
6867,C10,2025,7/8/25,7.0,7/7/25,20250707_C10_06867.jpg
7272,G3,2023,7/26/23,5.5,7/27/23,20230727_G3_07272.jpg
616,C7B,2025,7/18/25,3.0,7/18/25,20250718_C7B_00616.jpg
4372,C10,2025,7/7/25,5.0,7/7/25,20250707_C10_04372.jpg
4355,C10,2025,6/30/25,4.0,6/28/25,20250628_C10_04355.jpg
295,C7B,2025,7/4/25,6.5,7/4/25,20250704_C7B_00295.jpg
1846,C7B,2025,7/1/25,7.5,7/1/25,20250701_C7B_01846.jpg
5228,C10,2025,7/20/25,2.0,7/21/25,20250721_C10_05228.jpg
896,C7B,2025,7/18/25,3.0,7/18/25,20250718_C7B_00896.jpg
11155,I3B,2023,7/12/23,7.0,7/13/23,20230713_I3B_11155.jpg
1698,C7B,2025,7/19/25,4.0,7/18/25,20250718_C7B_01698.jpg
1701,C7B,2025,7/19/25,1.5,7/18/25,20250718_C7B_01701.jpg
1998,C7B,2025,7/7/25,5.5,7/7/25,20250707_C7B_01998.jpg
5790,C10,2025,7/19/25,2.0,7/18/25,20250718_C10_05790.jpg
2823,C7B,2025,6/30/25,8.0,7/1/25,20250701_C7B_02823.jpg
4422,C10,2025,7/11/25,5.0,7/11/25,20250711_C10_04422.jpg
9816,I3B,2023,7/12/23,5.0,7/13/23,20230713_I3B_09816.jpg
1080,C7B,2025,7/10/25,5.0,7/10/25,20250710_C7B_01080.jpg
2759,C7B,2025,7/13/25,8.0,7/12/25,20250712_C7B_02759.jpg
8165,G3,2023,7/20/23,7.5,7/20/23,20230720_G3_08165.jpg
5924,C10,2025,7/19/25,7.0,7/18/25,20250718_C10_05924.jpg
1835,C7B,2025,7/10/25,6.0,7/10/25,20250710_C7B_01835.jpg
9726,I3B,2023,7/12/23,4.5,7/13/23,20230713_I3B_09726.jpg
1744,C7B,2025,7/10/25,4.0,7/10/25,20250710_C7B_01744.jpg
6861,C10,2025,7/3/25,7.0,7/4/25,20250704_C10_06861.jpg
3205,G3,2023,7/26/23,6.0,7/27/23,20230727_G3_03205.jpg
6818,C10,2025,7/18/25,5.5,7/18/25,20250718_C10_06818.jpg
4120,C10,2025,7/7/25,6.5,7/7/25,20250707_C10_04120.jpg
5414,C10,2025,7/11/25,3.0,7/11/25,20250711_C10_05414.jpg
5774,C10,2025,7/8/25,7.5,7/7/25,20250707_C10_05774.jpg
1533,C7B,2025,7/10/25,4.5,7/10/25,20250710_C7B_01533.jpg
5552,C10,2025,7/11/25,7.0,7/11/25,20250711_C10_05552.jpg
5512,C10,2025,7/2/25,6.0,7/4/25,20250704_C10_05512.jpg
5815,C10,2025,7/19/25,1.5,7/18/25,20250718_C10_05815.jpg
4951,C10,2025,7/11/25,5.0,7/11/25,20250711_C10_04951.jpg
6643,C10,2025,6/30/25,8.0,6/28/25,20250628_C10_06643.jpg
3074,G3,2023,7/26/23,7.5,7/27/23,20230727_G3_03074.jpg
3013,G3,2023,7/26/23,8.0,7/27/23,20230727_G3_03013.jpg
5539,C10,2025,7/2/25,7.0,7/4/25,20250704_C10_05539.jpg
5287,C10,2025,7/2/25,5.5,7/4/25,20250704_C10_05287.jpg
4342,C10,2025,6/30/25,7.5,6/28/25,20250628_C10_04342.jpg
1704,C7B,2025,7/10/25,6.0,7/10/25,20250710_C7B_01704.jpg
5538,C10,2025,7/20/25,2.0,7/21/25,20250721_C10_05538.jpg
655,C7B,2025,6/30/25,7.0,7/1/25,20250701_C7B_00655.jpg
2731,C7B,2025,6/30/25,7.5,7/1/25,20250701_C7B_02731.jpg
887,C7B,2025,7/1/25,7.5,7/1/25,20250701_C7B_00887.jpg
1274,C7B,2025,7/18/25,4.0,7/18/25,20250718_C7B_01274.jpg
4422,C10,2025,7/7/25,4.0,7/7/25,20250707_C10_04422.jpg
9809,I3B,2023,7/12/23,5.5,7/13/23,20230713_I3B_09809.jpg
5718,C10,2025,7/8/25,5.0,7/7/25,20250707_C10_05718.jpg
1487,C7B,2025,7/1/25,6.0,7/1/25,20250701_C7B_01487.jpg
76,C7B,2025,7/4/25,6.0,7/4/25,20250704_C7B_00076.jpg
5878,C10,2025,7/8/25,6.5,7/7/25,20250707_C10_05878.jpg
4845,C10,2025,7/2/25,5.0,7/4/25,20250704_C10_04845.jpg
1610,C7B,2025,7/18/25,2.0,7/18/25,20250718_C7B_01610.jpg
1789,C7B,2025,7/7/25,7.5,7/7/25,20250707_C7B_01789.jpg
8037,G3,2023,7/19/23,5.5,7/20/23,20230720_G3_08037.jpg
7226,G3,2023,7/26/23,3.0,7/27/23,20230727_G3_07226.jpg
519,C7B,2025,6/30/25,7.0,7/1/25,20250701_C7B_00519.jpg
7498,G3,2023,7/26/23,5.0,7/27/23,20230727_G3_07498.jpg
1949,C7B,2025,7/19/25,7.0,7/18/25,20250718_C7B_01949.jpg
5513,C10,2025,7/11/25,7.5,7/11/25,20250711_C10_05513.jpg
5832,C10,2025,7/8/25,7.0,7/7/25,20250707_C10_05832.jpg
6005,C10,2025,7/2/25,6.5,7/4/25,20250704_C10_06005.jpg
2641,C7B,2025,6/30/25,7.5,7/1/25,20250701_C7B_02641.jpg
5894,C10,2025,7/19/25,2.5,7/18/25,20250718_C10_05894.jpg
1341,C7B,2025,7/1/25,7.0,7/1/25,20250701_C7B_01341.jpg
5404,C10,2025,7/20/25,2.0,7/21/25,20250721_C10_05404.jpg
8038,G3,2023,7/26/23,5.5,7/27/23,20230727_G3_08038.jpg
698,C7B,2025,7/18/25,2.5,7/18/25,20250718_C7B_00698.jpg
172,C7B,2025,7/10/25,5.5,7/10/25,20250710_C7B_00172.jpg
5249,C10,2025,7/11/25,4.0,7/11/25,20250711_C10_05249.jpg
243,C7B,2025,7/10/25,5.0,7/10/25,20250710_C7B_00243.jpg
1562,C7B,2025,7/1/25,7.0,7/1/25,20250701_C7B_01562.jpg
4945,C10,2025,7/20/25,3.0,7/21/25,20250721_C10_04945.jpg
2726,C7B,2025,7/13/25,6.0,7/12/25,20250712_C7B_02726.jpg
4371,C10,2025,7/19/25,1.5,7/18/25,20250718_C10_04371.jpg
5756,C10,2025,7/1/25,6.0,6/28/25,20250628_C10_05756.jpg
746,C7B,2025,6/30/25,7.5,7/1/25,20250701_C7B_00746.jpg
1773,C7B,2025,7/7/25,5.5,7/7/25,20250707_C7B_01773.jpg
6683,C10,2025,7/14/25,8.0,7/14/25,20250714_C10_06683.jpg
5542,C10,2025,7/2/25,7.0,7/4/25,20250704_C10_05542.jpg
5101,C10,2025,7/2/25,6.0,7/4/25,20250704_C10_05101.jpg
10824,I3B,2023,7/19/23,6.0,7/20/23,20230720_I3B_10824.jpg
838,C7B,2025,7/10/25,5.5,7/10/25,20250710_C7B_00838.jpg
4956,C10,2025,7/20/25,3.0,7/21/25,20250721_C10_04956.jpg
7225,G3,2023,7/26/23,2.5,7/27/23,20230727_G3_07225.jpg
1024,C7B,2025,7/10/25,4.0,7/10/25,20250710_C7B_01024.jpg
4011,C10,2025,6/30/25,7.0,6/28/25,20250628_C10_04011.jpg
9825,I3B,2023,7/12/23,5.0,7/13/23,20230713_I3B_09825.jpg
4911,C10,2025,7/20/25,2.0,7/21/25,20250721_C10_04911.jpg
1362,C7B,2025,7/18/25,2.0,7/18/25,20250718_C7B_01362.jpg
4588,C10,2025,7/20/25,3.0,7/21/25,20250721_C10_04588.jpg
4547,C10,2025,7/11/25,3.0,7/11/25,20250711_C10_04547.jpg
4487,C10,2025,7/11/25,4.0,7/11/25,20250711_C10_04487.jpg
1601,C7B,2025,7/18/25,1.5,7/18/25,20250718_C7B_01601.jpg
6034,C10,2025,7/8/25,5.5,7/7/25,20250707_C10_06034.jpg
839,C7B,2025,7/18/25,3.0,7/18/25,20250718_C7B_00839.jpg
4791,C10,2025,7/11/25,5.0,7/11/25,20250711_C10_04791.jpg
5313,C10,2025,7/11/25,5.0,7/11/25,20250711_C10_05313.jpg
966,C7B,2025,7/10/25,6.0,7/10/25,20250710_C7B_00966.jpg
5189,C10,2025,7/2/25,5.5,7/4/25,20250704_C10_05189.jpg
5241,C10,2025,7/2/25,6.0,7/4/25,20250704_C10_05241.jpg
6037,C10,2025,7/2/25,6.5,7/4/25,20250704_C10_06037.jpg
5587,C10,2025,7/2/25,6.5,7/4/25,20250704_C10_05587.jpg
7295,G3,2023,7/20/23,6.0,7/20/23,20230720_G3_07295.jpg
938,C7B,2025,7/10/25,7.0,7/10/25,20250710_C7B_00938.jpg
6845,C10,2025,6/30/25,8.0,6/28/25,20250628_C10_06845.jpg
6690,C10,2025,7/14/25,8.0,7/14/25,20250714_C10_06690.jpg
4390,C10,2025,7/7/25,6.0,7/7/25,20250707_C10_04390.jpg
4681,C10,2025,7/11/25,4.0,7/11/25,20250711_C10_04681.jpg
6035,C10,2025,7/8/25,5.5,7/7/25,20250707_C10_06035.jpg
107,C7B,2025,7/18/25,3.0,7/18/25,20250718_C7B_00107.jpg
11065,I3B,2023,7/12/23,7.5,7/13/23,20230713_I3B_11065.jpg
5315,C10,2025,7/2/25,6.0,7/4/25,20250704_C10_05315.jpg
116,C7B,2025,7/18/25,3.0,7/18/25,20250718_C7B_00116.jpg
1345,C7B,2025,7/18/25,3.0,7/18/25,20250718_C7B_01345.jpg
250,C7B,2025,7/10/25,7.0,7/10/25,20250710_C7B_00250.jpg
4009,C10,2025,7/11/25,6.0,7/11/25,20250711_C10_04009.jpg
5525,C10,2025,7/2/25,6.5,7/4/25,20250704_C10_05525.jpg
2873,C7B,2025,7/18/25,4.0,7/18/25,20250718_C7B_02873.jpg
1737,C7B,2025,7/1/25,8.0,7/1/25,20250701_C7B_01737.jpg
4548,C10,2025,7/2/25,6.0,7/4/25,20250704_C10_04548.jpg
4961,C10,2025,7/11/25,7.0,7/11/25,20250711_C10_04961.jpg
6865,C10,2025,7/3/25,7.5,7/4/25,20250704_C10_06865.jpg
5290,C10,2025,7/20/25,1.5,7/21/25,20250721_C10_05290.jpg
10899,I3B,2023,7/19/23,5.5,7/20/23,20230720_I3B_10899.jpg
2681,C7B,2025,7/18/25,7.0,7/18/25,20250718_C7B_02681.jpg
5581,C10,2025,7/20/25,3.0,7/21/25,20250721_C10_05581.jpg
10996,I3B,2023,7/19/23,6.0,7/20/23,20230720_I3B_10996.jpg
5442,C10,2025,7/20/25,1.5,7/21/25,20250721_C10_05442.jpg
827,C7B,2025,7/18/25,3.0,7/18/25,20250718_C7B_00827.jpg
4355,C10,2025,7/19/25,1.0,7/18/25,20250718_C10_04355.jpg
5722,C10,2025,7/19/25,4.0,7/18/25,20250718_C10_05722.jpg
9826,I3B,2023,7/12/23,5.5,7/13/23,20230713_I3B_09826.jpg
882,C7B,2025,7/10/25,5.5,7/10/25,20250710_C7B_00882.jpg
4539,C10,2025,7/20/25,3.5,7/21/25,20250721_C10_04539.jpg
5256,C10,2025,7/2/25,6.0,7/4/25,20250704_C10_05256.jpg
9844,I3B,2023,7/12/23,5.0,7/13/23,20230713_I3B_09844.jpg
4657,C10,2025,7/20/25,2.0,7/21/25,20250721_C10_04657.jpg
5007,C10,2025,7/20/25,3.0,7/21/25,20250721_C10_05007.jpg
29,C7B,2025,7/18/25,7.0,7/18/25,20250718_C7B_00029.jpg
7528,G3,2023,7/20/23,8.0,7/20/23,20230720_G3_07528.jpg
5275,C10,2025,7/11/25,4.0,7/11/25,20250711_C10_05275.jpg
1474,C7B,2025,7/1/25,6.5,7/1/25,20250701_C7B_01474.jpg
1909,C7B,2025,7/1/25,7.5,7/1/25,20250701_C7B_01909.jpg
4105,C10,2025,7/19/25,5.0,7/18/25,20250718_C10_04105.jpg
1724,C7B,2025,7/10/25,4.0,7/10/25,20250710_C7B_01724.jpg
1073,C7B,2025,7/18/25,2.5,7/18/25,20250718_C7B_01073.jpg
3084,G3,2023,7/26/23,8.0,7/27/23,20230727_G3_03084.jpg
6009,C10,2025,7/2/25,5.0,7/4/25,20250704_C10_06009.jpg
4332,C10,2025,7/19/25,4.5,7/18/25,20250718_C10_04332.jpg
7323,G3,2023,7/20/23,7.0,7/20/23,20230720_G3_07323.jpg
4388,C10,2025,7/19/25,3.0,7/18/25,20250718_C10_04388.jpg
69,C7B,2025,7/4/25,5.0,7/4/25,20250704_C7B_00069.jpg
1280,C7B,2025,7/1/25,7.0,7/1/25,20250701_C7B_01280.jpg
5968,C10,2025,7/19/25,2.0,7/18/25,20250718_C10_05968.jpg
5252,C10,2025,7/11/25,4.0,7/11/25,20250711_C10_05252.jpg
9860,I3B,2023,7/12/23,5.5,7/13/23,20230713_I3B_09860.jpg
11124,I3B,2023,7/12/23,7.5,7/13/23,20230713_I3B_11124.jpg
5154,C10,2025,7/2/25,6.0,7/4/25,20250704_C10_05154.jpg
6711,C10,2025,7/18/25,7.5,7/18/25,20250718_C10_06711.jpg
90,C7B,2025,7/10/25,5.5,7/10/25,20250710_C7B_00090.jpg
4605,C10,2025,7/11/25,3.5,7/11/25,20250711_C10_04605.jpg
3136,G3,2023,7/19/23,5.5,7/20/23,20230720_G3_03136.jpg
3200,G3,2023,7/26/23,3.0,7/27/23,20230727_G3_03200.jpg
3070,G3,2023,7/19/23,5.5,7/20/23,20230720_G3_03070.jpg
985,C7B,2025,7/10/25,7.0,7/10/25,20250710_C7B_00985.jpg
3079,G3,2023,7/19/23,8.5,7/20/23,20230720_G3_03079.jpg
1994,C7B,2025,7/10/25,6.5,7/10/25,20250710_C7B_01994.jpg
5714,C10,2025,7/11/25,6.0,7/11/25,20250711_C10_05714.jpg
4403,C10,2025,7/11/25,4.5,7/11/25,20250711_C10_04403.jpg
4275,C10,2025,6/30/25,8.0,6/28/25,20250628_C10_04275.jpg
1566,C7B,2025,7/18/25,3.0,7/18/25,20250718_C7B_01566.jpg
5391,C10,2025,7/20/25,3.0,7/21/25,20250721_C10_05391.jpg
5723,C10,2025,7/1/25,5.5,6/28/25,20250628_C10_05723.jpg
9721,I3B,2023,7/12/23,4.5,7/13/23,20230713_I3B_09721.jpg
585,C7B,2025,7/18/25,4.0,7/18/25,20250718_C7B_00585.jpg
5793,C10,2025,7/19/25,2.5,7/18/25,20250718_C10_05793.jpg
175,C7B,2025,6/30/25,6.0,7/1/25,20250701_C7B_00175.jpg
4020,C10,2025,7/11/25,7.0,7/11/25,20250711_C10_04020.jpg
4833,C10,2025,7/11/25,6.0,7/11/25,20250711_C10_04833.jpg
1894,C7B,2025,7/7/25,6.5,7/7/25,20250707_C7B_01894.jpg
301,C7B,2025,6/30/25,4.0,7/1/25,20250701_C7B_00301.jpg
1681,C7B,2025,7/7/25,5.0,7/7/25,20250707_C7B_01681.jpg
5404,C10,2025,7/11/25,4.0,7/11/25,20250711_C10_05404.jpg
1443,C7B,2025,7/10/25,8.0,7/10/25,20250710_C7B_01443.jpg
1809,C7B,2025,7/1/25,7.0,7/1/25,20250701_C7B_01809.jpg
1972,C7B,2025,7/1/25,7.5,7/1/25,20250701_C7B_01972.jpg
5300,C10,2025,7/2/25,5.5,7/4/25,20250704_C10_05300.jpg
1014,C7B,2025,7/10/25,4.0,7/10/25,20250710_C7B_01014.jpg
1689,C7B,2025,7/10/25,3.5,7/10/25,20250710_C7B_01689.jpg
1485,C7B,2025,7/18/25,4.0,7/18/25,20250718_C7B_01485.jpg
4935,C10,2025,7/2/25,7.5,7/4/25,20250704_C10_04935.jpg
574,C7B,2025,7/18/25,3.0,7/18/25,20250718_C7B_00574.jpg
2804,C7B,2025,7/8/25,7.5,7/7/25,20250707_C7B_02804.jpg
10396,I3B,2023,7/25/23,6.0,7/27/23,20230727_I3B_10396.jpg
4839,C10,2025,7/2/25,5.0,7/4/25,20250704_C10_04839.jpg
277,C7B,2025,7/10/25,7.0,7/10/25,20250710_C7B_00277.jpg
8162,G3,2023,7/26/23,5.0,7/27/23,20230727_G3_08162.jpg
7515,G3,2023,7/26/23,8.0,7/27/23,20230727_G3_07515.jpg
476,C7B,2025,7/18/25,4.0,7/18/25,20250718_C7B_00476.jpg
1776,C7B,2025,7/19/25,3.0,7/18/25,20250718_C7B_01776.jpg
3137,G3,2023,7/26/23,6.5,7/27/23,20230727_G3_03137.jpg
5557,C10,2025,7/11/25,4.0,7/11/25,20250711_C10_05557.jpg
4701,C10,2025,7/11/25,2.0,7/11/25,20250711_C10_04701.jpg
10855,I3B,2023,7/19/23,6.0,7/20/23,20230720_I3B_10855.jpg
5242,C10,2025,7/20/25,2.0,7/21/25,20250721_C10_05242.jpg
251,C7B,2025,6/30/25,7.0,7/1/25,20250701_C7B_00251.jpg
3041,G3,2023,7/26/23,8.0,7/27/23,20230727_G3_03041.jpg
729,C7B,2025,7/18/25,2.5,7/18/25,20250718_C7B_00729.jpg
10335,I3B,2023,7/25/23,3.5,7/27/23,20230727_I3B_10335.jpg
5556,C10,2025,7/11/25,4.0,7/11/25,20250711_C10_05556.jpg
929,C7B,2025,7/18/25,3.5,7/18/25,20250718_C7B_00929.jpg
2003,C7B,2025,7/1/25,6.0,7/1/25,20250701_C7B_02003.jpg
6847,C10,2025,7/14/25,8.0,7/14/25,20250714_C10_06847.jpg
976,C7B,2025,7/10/25,5.5,7/10/25,20250710_C7B_00976.jpg
4975,C10,2025,7/2/25,7.0,7/4/25,20250704_C10_04975.jpg
1718,C7B,2025,7/19/25,4.0,7/18/25,20250718_C7B_01718.jpg
4067,C10,2025,7/19/25,6.0,7/18/25,20250718_C10_04067.jpg
10410,I3B,2023,7/25/23,4.0,7/27/23,20230727_I3B_10410.jpg
608,C7B,2025,7/18/25,3.5,7/18/25,20250718_C7B_00608.jpg
4782,C10,2025,7/11/25,5.0,7/11/25,20250711_C10_04782.jpg
5531,C10,2025,7/11/25,4.5,7/11/25,20250711_C10_05531.jpg
1862,C7B,2025,7/7/25,5.0,7/7/25,20250707_C7B_01862.jpg
6793,C10,2025,7/3/25,8.0,7/4/25,20250704_C10_06793.jpg
338,C7B,2025,7/18/25,5.0,7/18/25,20250718_C7B_00338.jpg
5985,C10,2025,7/19/25,2.0,7/18/25,20250718_C10_05985.jpg
118,C7B,2025,7/4/25,7.5,7/4/25,20250704_C7B_00118.jpg
5562,C10,2025,7/2/25,5.5,7/4/25,20250704_C10_05562.jpg
167,C7B,2025,7/10/25,6.0,7/10/25,20250710_C7B_00167.jpg
2691,C7B,2025,7/18/25,6.0,7/18/25,20250718_C7B_02691.jpg
4919,C10,2025,7/11/25,4.0,7/11/25,20250711_C10_04919.jpg
1377,C7B,2025,7/10/25,4.0,7/10/25,20250710_C7B_01377.jpg
1522,C7B,2025,7/18/25,3.0,7/18/25,20250718_C7B_01522.jpg
5619,C10,2025,7/11/25,7.0,7/11/25,20250711_C10_05619.jpg
4275,C10,2025,7/11/25,7.5,7/11/25,20250711_C10_04275.jpg
5852,C10,2025,7/19/25,3.0,7/18/25,20250718_C10_05852.jpg
5936,C10,2025,7/1/25,7.0,6/28/25,20250628_C10_05936.jpg
894,C7B,2025,7/18/25,3.0,7/18/25,20250718_C7B_00894.jpg
8002,G3,2023,7/19/23,4.0,7/20/23,20230720_G3_08002.jpg
6865,C10,2025,7/18/25,7.5,7/18/25,20250718_C10_06865.jpg
1137,C7B,2025,7/1/25,7.0,7/1/25,20250701_C7B_01137.jpg
1573,C7B,2025,7/1/25,7.5,7/1/25,20250701_C7B_01573.jpg
1816,C7B,2025,7/7/25,7.5,7/7/25,20250707_C7B_01816.jpg
4320,C10,2025,7/7/25,7.0,7/7/25,20250707_C10_04320.jpg
5280,C10,2025,7/2/25,6.0,7/4/25,20250704_C10_05280.jpg
9567,I3B,2023,7/12/23,6.5,7/13/23,20230713_I3B_09567.jpg
5484,C10,2025,7/11/25,4.0,7/11/25,20250711_C10_05484.jpg
2659,C7B,2025,7/8/25,8.0,7/7/25,20250707_C7B_02659.jpg
5352,C10,2025,7/20/25,2.0,7/21/25,20250721_C10_05352.jpg
1565,C7B,2025,7/10/25,7.0,7/10/25,20250710_C7B_01565.jpg
6806,C10,2025,6/30/25,8.5,6/28/25,20250628_C10_06806.jpg
362,C7B,2025,6/30/25,6.0,7/1/25,20250701_C7B_00362.jpg
165,C7B,2025,7/10/25,6.5,7/10/25,20250710_C7B_00165.jpg
2635,C7B,2025,7/8/25,7.5,7/7/25,20250707_C7B_02635.jpg
1471,C7B,2025,7/18/25,3.0,7/18/25,20250718_C7B_01471.jpg
5260,C10,2025,7/20/25,1.0,7/21/25,20250721_C10_05260.jpg
1025,C7B,2025,7/18/25,4.0,7/18/25,20250718_C7B_01025.jpg
5937,C10,2025,7/11/25,7.5,7/11/25,20250711_C10_05937.jpg
2012,C7B,2025,7/1/25,5.5,7/1/25,20250701_C7B_02012.jpg
2761,C7B,2025,7/13/25,6.0,7/12/25,20250712_C7B_02761.jpg
202,C7B,2025,7/4/25,5.0,7/4/25,20250704_C7B_00202.jpg
497,C7B,2025,7/10/25,7.5,7/10/25,20250710_C7B_00497.jpg
8159,G3,2023,7/26/23,7.5,7/27/23,20230727_G3_08159.jpg
5030,C10,2025,7/11/25,4.5,7/11/25,20250711_C10_05030.jpg
3068,G3,2023,7/26/23,7.0,7/27/23,20230727_G3_03068.jpg
606,C7B,2025,7/10/25,7.0,7/10/25,20250710_C7B_00606.jpg
69,C7B,2025,7/11/25,3.0,7/10/25,20250710_C7B_00069.jpg
6751,C10,2025,7/14/25,8.0,7/14/25,20250714_C10_06751.jpg
10798,I3B,2023,7/19/23,5.5,7/20/23,20230720_I3B_10798.jpg
371,C7B,2025,7/4/25,4.0,7/4/25,20250704_C7B_00371.jpg
7219,G3,2023,7/19/23,7.0,7/20/23,20230720_G3_07219.jpg
1791,C7B,2025,7/19/25,5.0,7/18/25,20250718_C7B_01791.jpg
140,C7B,2025,7/4/25,5.0,7/4/25,20250704_C7B_00140.jpg
4913,C10,2025,7/2/25,7.5,7/4/25,20250704_C10_04913.jpg
866,C7B,2025,7/18/25,1.5,7/18/25,20250718_C7B_00866.jpg
718,C7B,2025,7/18/25,4.0,7/18/25,20250718_C7B_00718.jpg
7445,G3,2023,7/26/23,8.0,7/27/23,20230727_G3_07445.jpg
6827,C10,2025,6/30/25,8.5,6/28/25,20250628_C10_06827.jpg
5639,C10,2025,7/20/25,2.0,7/21/25,20250721_C10_05639.jpg
9854,I3B,2023,7/12/23,4.0,7/13/23,20230713_I3B_09854.jpg
8117,G3,2023,7/26/23,5.0,7/27/23,20230727_G3_08117.jpg
2872,C7B,2025,7/8/25,6.5,7/7/25,20250707_C7B_02872.jpg
1437,C7B,2025,7/10/25,7.0,7/10/25,20250710_C7B_01437.jpg
6693,C10,2025,7/3/25,8.0,7/4/25,20250704_C10_06693.jpg
555,C7B,2025,7/18/25,2.0,7/18/25,20250718_C7B_00555.jpg
6727,C10,2025,7/14/25,7.5,7/14/25,20250714_C10_06727.jpg
8173,G3,2023,7/26/23,5.0,7/27/23,20230727_G3_08173.jpg
4146,C10,2025,7/11/25,4.0,7/11/25,20250711_C10_04146.jpg
1017,C7B,2025,7/18/25,2.5,7/18/25,20250718_C7B_01017.jpg
5350,C10,2025,7/20/25,1.5,7/21/25,20250721_C10_05350.jpg
4328,C10,2025,6/30/25,6.0,6/28/25,20250628_C10_04328.jpg
5735,C10,2025,7/11/25,4.5,7/11/25,20250711_C10_05735.jpg
8065,G3,2023,7/26/23,3.5,7/27/23,20230727_G3_08065.jpg
7208,G3,2023,7/26/23,4.0,7/27/23,20230727_G3_07208.jpg
5131,C10,2025,7/2/25,7.5,7/4/25,20250704_C10_05131.jpg
6033,C10,2025,7/11/25,4.0,7/11/25,20250711_C10_06033.jpg
250,C7B,2025,7/18/25,5.0,7/18/25,20250718_C7B_00250.jpg
1699,C7B,2025,7/10/25,5.0,7/10/25,20250710_C7B_01699.jpg
6652,C10,2025,6/30/25,8.0,6/28/25,20250628_C10_06652.jpg
432,C7B,2025,7/18/25,5.5,7/18/25,20250718_C7B_00432.jpg
4653,C10,2025,7/11/25,3.5,7/11/25,20250711_C10_04653.jpg
6786,C10,2025,7/3/25,7.5,7/4/25,20250704_C10_06786.jpg
2008,C7B,2025,7/1/25,8.0,7/1/25,20250701_C7B_02008.jpg
1651,C7B,2025,7/10/25,4.0,7/10/25,20250710_C7B_01651.jpg
4538,C10,2025,7/2/25,5.0,7/4/25,20250704_C10_04538.jpg
1752,C7B,2025,7/10/25,6.5,7/10/25,20250710_C7B_01752.jpg
4968,C10,2025,7/20/25,3.0,7/21/25,20250721_C10_04968.jpg
4437,C10,2025,7/11/25,3.5,7/11/25,20250711_C10_04437.jpg
7508,G3,2023,7/20/23,7.5,7/20/23,20230720_G3_07508.jpg
2781,C7B,2025,6/30/25,8.0,7/1/25,20250701_C7B_02781.jpg
1007,C7B,2025,7/1/25,6.0,7/1/25,20250701_C7B_01007.jpg
990,C7B,2025,7/10/25,5.0,7/10/25,20250710_C7B_00990.jpg
873,C7B,2025,7/18/25,1.5,7/18/25,20250718_C7B_00873.jpg
5981,C10,2025,7/19/25,2.0,7/18/25,20250718_C10_05981.jpg
1012,C7B,2025,7/10/25,4.0,7/10/25,20250710_C7B_01012.jpg
5426,C10,2025,7/11/25,5.0,7/11/25,20250711_C10_05426.jpg
4384,C10,2025,7/11/25,5.0,7/11/25,20250711_C10_04384.jpg
53,C7B,2025,6/30/25,6.0,7/1/25,20250701_C7B_00053.jpg
5622,C10,2025,7/20/25,2.0,7/21/25,20250721_C10_05622.jpg
1054,C7B,2025,7/1/25,5.5,7/1/25,20250701_C7B_01054.jpg
5163,C10,2025,7/11/25,4.0,7/11/25,20250711_C10_05163.jpg
1708,C7B,2025,7/19/25,5.5,7/18/25,20250718_C7B_01708.jpg
70,C7B,2025,7/11/25,5.5,7/10/25,20250710_C7B_00070.jpg
6844,C10,2025,7/8/25,8.0,7/7/25,20250707_C10_06844.jpg
4092,C10,2025,7/7/25,5.5,7/7/25,20250707_C10_04092.jpg
2799,C7B,2025,7/18/25,8.0,7/18/25,20250718_C7B_02799.jpg
6655,C10,2025,7/18/25,3.0,7/18/25,20250718_C10_06655.jpg
1290,C7B,2025,7/10/25,7.5,7/10/25,20250710_C7B_01290.jpg
304,C7B,2025,7/10/25,6.0,7/10/25,20250710_C7B_00304.jpg
3132,G3,2023,7/26/23,7.0,7/27/23,20230727_G3_03132.jpg
4293,C10,2025,6/30/25,7.5,6/28/25,20250628_C10_04293.jpg
4704,C10,2025,7/11/25,4.0,7/11/25,20250711_C10_04704.jpg
2706,C7B,2025,7/18/25,7.5,7/18/25,20250718_C7B_02706.jpg
4418,C10,2025,7/11/25,5.5,7/11/25,20250711_C10_04418.jpg
3170,G3,2023,7/19/23,7.5,7/20/23,20230720_G3_03170.jpg
4928,C10,2025,7/20/25,1.5,7/21/25,20250721_C10_04928.jpg
5999,C10,2025,7/11/25,4.0,7/11/25,20250711_C10_05999.jpg
5109,C10,2025,7/11/25,4.0,7/11/25,20250711_C10_05109.jpg
6870,C10,2025,7/3/25,6.0,7/4/25,20250704_C10_06870.jpg
5884,C10,2025,7/11/25,5.0,7/11/25,20250711_C10_05884.jpg
4358,C10,2025,6/30/25,6.0,6/28/25,20250628_C10_04358.jpg
19,C7B,2025,7/4/25,7.5,7/4/25,20250704_C7B_00019.jpg
1381,C7B,2025,7/10/25,5.0,7/10/25,20250710_C7B_01381.jpg
5389,C10,2025,7/20/25,2.0,7/21/25,20250721_C10_05389.jpg
5031,C10,2025,7/11/25,6.5,7/11/25,20250711_C10_05031.jpg
1830,C7B,2025,7/7/25,4.5,7/7/25,20250707_C7B_01830.jpg
5092,C10,2025,7/2/25,5.5,7/4/25,20250704_C10_05092.jpg
1845,C7B,2025,7/7/25,3.0,7/7/25,20250707_C7B_01845.jpg
5733,C10,2025,7/19/25,4.0,7/18/25,20250718_C10_05733.jpg
639,C7B,2025,6/30/25,7.0,7/1/25,20250701_C7B_00639.jpg
8074,G3,2023,7/26/23,8.0,7/27/23,20230727_G3_08074.jpg
364,C7B,2025,7/4/25,5.5,7/4/25,20250704_C7B_00364.jpg
1572,C7B,2025,7/18/25,4.0,7/18/25,20250718_C7B_01572.jpg
1585,C7B,2025,7/10/25,6.0,7/10/25,20250710_C7B_01585.jpg
1830,C7B,2025,7/10/25,4.0,7/10/25,20250710_C7B_01830.jpg
875,C7B,2025,7/18/25,4.0,7/18/25,20250718_C7B_00875.jpg
7365,G3,2023,7/20/23,7.5,7/20/23,20230720_G3_07365.jpg
4338,C10,2025,7/11/25,7.0,7/11/25,20250711_C10_04338.jpg
6713,C10,2025,7/18/25,6.0,7/18/25,20250718_C10_06713.jpg
4143,C10,2025,7/11/25,4.0,7/11/25,20250711_C10_04143.jpg
5464,C10,2025,7/11/25,5.0,7/11/25,20250711_C10_05464.jpg
346,C7B,2025,7/18/25,3.0,7/18/25,20250718_C7B_00346.jpg
5311,C10,2025,7/2/25,7.0,7/4/25,20250704_C10_05311.jpg
4189,C10,2025,7/19/25,4.0,7/18/25,20250718_C10_04189.jpg
5406,C10,2025,7/11/25,7.0,7/11/25,20250711_C10_05406.jpg
2642,C7B,2025,7/18/25,3.5,7/18/25,20250718_C7B_02642.jpg
5654,C10,2025,7/20/25,4.0,7/21/25,20250721_C10_05654.jpg
5290,C10,2025,7/11/25,4.0,7/11/25,20250711_C10_05290.jpg
753,C7B,2025,7/10/25,6.0,7/10/25,20250710_C7B_00753.jpg
1706,C7B,2025,7/7/25,5.5,7/7/25,20250707_C7B_01706.jpg
6765,C10,2025,7/8/25,7.5,7/7/25,20250707_C10_06765.jpg
5093,C10,2025,7/20/25,2.0,7/21/25,20250721_C10_05093.jpg
6833,C10,2025,7/18/25,4.5,7/18/25,20250718_C10_06833.jpg
290,C7B,2025,7/10/25,5.5,7/10/25,20250710_C7B_00290.jpg
2706,C7B,2025,7/8/25,8.0,7/7/25,20250707_C7B_02706.jpg
2040,C7B,2025,7/10/25,4.0,7/10/25,20250710_C7B_02040.jpg
5452,C10,2025,7/11/25,7.0,7/11/25,20250711_C10_05452.jpg
133,C7B,2025,7/4/25,8.5,7/4/25,20250704_C7B_00133.jpg
6705,C10,2025,7/8/25,7.5,7/7/25,20250707_C10_06705.jpg
743,C7B,2025,7/10/25,6.0,7/10/25,20250710_C7B_00743.jpg
5177,C10,2025,7/2/25,6.0,7/4/25,20250704_C10_05177.jpg
2785,C7B,2025,6/30/25,8.0,7/1/25,20250701_C7B_02785.jpg
4181,C10,2025,7/7/25,5.5,7/7/25,20250707_C10_04181.jpg
67,C7B,2025,6/30/25,7.5,7/1/25,20250701_C7B_00067.jpg
4783,C10,2025,7/2/25,7.5,7/4/25,20250704_C10_04783.jpg
1995,C7B,2025,7/10/25,5.0,7/10/25,20250710_C7B_01995.jpg
6731,C10,2025,6/30/25,8.5,6/28/25,20250628_C10_06731.jpg
10350,I3B,2023,7/25/23,3.0,7/27/23,20230727_I3B_10350.jpg
5732,C10,2025,7/19/25,3.0,7/18/25,20250718_C10_05732.jpg
4847,C10,2025,7/2/25,7.5,7/4/25,20250704_C10_04847.jpg
6,C7B,2025,6/30/25,7.5,7/1/25,20250701_C7B_00006.jpg
1975,C7B,2025,7/19/25,2.0,7/18/25,20250718_C7B_01975.jpg
163,C7B,2025,6/30/25,7.0,7/1/25,20250701_C7B_00163.jpg
10287,I3B,2023,7/25/23,3.0,7/27/23,20230727_I3B_10287.jpg
3190,G3,2023,7/26/23,6.5,7/27/23,20230727_G3_03190.jpg
7503,G3,2023,7/26/23,6.5,7/27/23,20230727_G3_07503.jpg
3110,G3,2023,7/26/23,7.0,7/27/23,20230727_G3_03110.jpg
6692,C10,2025,6/30/25,8.5,6/28/25,20250628_C10_06692.jpg
5141,C10,2025,7/20/25,3.0,7/21/25,20250721_C10_05141.jpg
1541,C7B,2025,7/10/25,5.5,7/10/25,20250710_C7B_01541.jpg
342,C7B,2025,7/4/25,4.5,7/4/25,20250704_C7B_00342.jpg
617,C7B,2025,7/10/25,4.5,7/10/25,20250710_C7B_00617.jpg
5859,C10,2025,7/11/25,5.0,7/11/25,20250711_C10_05859.jpg
4918,C10,2025,7/11/25,7.0,7/11/25,20250711_C10_04918.jpg
449,C7B,2025,7/4/25,7.0,7/4/25,20250704_C7B_00449.jpg
3183,G3,2023,7/26/23,4.0,7/27/23,20230727_G3_03183.jpg
4766,C10,2025,7/2/25,5.0,7/4/25,20250704_C10_04766.jpg
5692,C10,2025,7/11/25,6.5,7/11/25,20250711_C10_05692.jpg
303,C7B,2025,6/30/25,6.5,7/1/25,20250701_C7B_00303.jpg
1198,C7B,2025,7/1/25,6.5,7/1/25,20250701_C7B_01198.jpg
162,C7B,2025,7/18/25,5.0,7/18/25,20250718_C7B_00162.jpg
4628,C10,2025,7/2/25,7.0,7/4/25,20250704_C10_04628.jpg
4776,C10,2025,7/20/25,2.0,7/21/25,20250721_C10_04776.jpg
227,C7B,2025,7/18/25,3.0,7/18/25,20250718_C7B_00227.jpg
5718,C10,2025,7/11/25,6.0,7/11/25,20250711_C10_05718.jpg
2688,C7B,2025,7/18/25,7.0,7/18/25,20250718_C7B_02688.jpg
727,C7B,2025,7/18/25,2.0,7/18/25,20250718_C7B_00727.jpg
9605,I3B,2023,7/12/23,7.0,7/13/23,20230713_I3B_09605.jpg
5881,C10,2025,7/1/25,7.5,6/28/25,20250628_C10_05881.jpg
7241,G3,2023,7/26/23,5.5,7/27/23,20230727_G3_07241.jpg
4504,C10,2025,7/2/25,6.0,7/4/25,20250704_C10_04504.jpg
3072,G3,2023,7/26/23,8.0,7/27/23,20230727_G3_03072.jpg
4629,C10,2025,7/11/25,4.0,7/11/25,20250711_C10_04629.jpg
928,C7B,2025,7/10/25,5.0,7/10/25,20250710_C7B_00928.jpg
1631,C7B,2025,7/1/25,5.5,7/1/25,20250701_C7B_01631.jpg
3003,G3,2023,7/26/23,8.0,7/27/23,20230727_G3_03003.jpg
4739,C10,2025,7/20/25,3.0,7/21/25,20250721_C10_04739.jpg
6744,C10,2025,6/30/25,8.5,6/28/25,20250628_C10_06744.jpg
2728,C7B,2025,7/8/25,8.0,7/7/25,20250707_C7B_02728.jpg
11037,I3B,2023,7/12/23,7.0,7/13/23,20230713_I3B_11037.jpg
9986,I3B,2023,7/12/23,6.0,7/13/23,20230713_I3B_09986.jpg
5372,C10,2025,7/11/25,4.0,7/11/25,20250711_C10_05372.jpg
5005,C10,2025,7/11/25,4.0,7/11/25,20250711_C10_05005.jpg
5879,C10,2025,7/19/25,5.0,7/18/25,20250718_C10_05879.jpg
9979,I3B,2023,7/12/23,5.5,7/13/23,20230713_I3B_09979.jpg
5274,C10,2025,7/20/25,2.0,7/21/25,20250721_C10_05274.jpg
1283,C7B,2025,7/18/25,2.0,7/18/25,20250718_C7B_01283.jpg
4750,C10,2025,7/11/25,5.0,7/11/25,20250711_C10_04750.jpg
7384,G3,2023,7/20/23,7.5,7/20/23,20230720_G3_07384.jpg
4228,C10,2025,7/7/25,5.5,7/7/25,20250707_C10_04228.jpg
4409,C10,2025,6/30/25,7.0,6/28/25,20250628_C10_04409.jpg
2722,C7B,2025,7/8/25,8.0,7/7/25,20250707_C7B_02722.jpg
4362,C10,2025,7/7/25,5.0,7/7/25,20250707_C10_04362.jpg
4755,C10,2025,7/20/25,1.0,7/21/25,20250721_C10_04755.jpg
7462,G3,2023,7/26/23,4.0,7/27/23,20230727_G3_07462.jpg
4330,C10,2025,7/19/25,3.0,7/18/25,20250718_C10_04330.jpg
4651,C10,2025,7/2/25,5.5,7/4/25,20250704_C10_04651.jpg
4666,C10,2025,7/2/25,5.5,7/4/25,20250704_C10_04666.jpg
4305,C10,2025,7/11/25,5.0,7/11/25,20250711_C10_04305.jpg
1093,C7B,2025,7/10/25,4.5,7/10/25,20250710_C7B_01093.jpg
1176,C7B,2025,7/10/25,5.5,7/10/25,20250710_C7B_01176.jpg
1471,C7B,2025,7/1/25,7.5,7/1/25,20250701_C7B_01471.jpg
4280,C10,2025,7/19/25,3.0,7/18/25,20250718_C10_04280.jpg
4127,C10,2025,6/30/25,8.0,6/28/25,20250628_C10_04127.jpg
4573,C10,2025,7/2/25,6.5,7/4/25,20250704_C10_04573.jpg
6656,C10,2025,7/18/25,6.0,7/18/25,20250718_C10_06656.jpg
4664,C10,2025,7/2/25,5.5,7/4/25,20250704_C10_04664.jpg
4246,C10,2025,7/11/25,6.0,7/11/25,20250711_C10_04246.jpg
4546,C10,2025,7/2/25,5.0,7/4/25,20250704_C10_04546.jpg
751,C7B,2025,7/18/25,4.0,7/18/25,20250718_C7B_00751.jpg
1725,C7B,2025,7/7/25,4.0,7/7/25,20250707_C7B_01725.jpg
2726,C7B,2025,7/18/25,6.0,7/18/25,20250718_C7B_02726.jpg
1589,C7B,2025,7/1/25,7.5,7/1/25,20250701_C7B_01589.jpg
540,C7B,2025,7/18/25,5.5,7/18/25,20250718_C7B_00540.jpg
1615,C7B,2025,7/10/25,6.0,7/10/25,20250710_C7B_01615.jpg
5282,C10,2025,7/20/25,2.0,7/21/25,20250721_C10_05282.jpg
1677,C7B,2025,7/19/25,2.0,7/18/25,20250718_C7B_01677.jpg
807,C7B,2025,7/10/25,5.0,7/10/25,20250710_C7B_00807.jpg
1891,C7B,2025,7/19/25,4.0,7/18/25,20250718_C7B_01891.jpg
4863,C10,2025,7/20/25,3.0,7/21/25,20250721_C10_04863.jpg
4502,C10,2025,7/20/25,4.0,7/21/25,20250721_C10_04502.jpg
265,C7B,2025,7/18/25,4.0,7/18/25,20250718_C7B_00265.jpg
1775,C7B,2025,7/19/25,2.0,7/18/25,20250718_C7B_01775.jpg
5802,C10,2025,7/19/25,2.0,7/18/25,20250718_C10_05802.jpg
6711,C10,2025,7/3/25,8.0,7/4/25,20250704_C10_06711.jpg
457,C7B,2025,7/10/25,6.5,7/10/25,20250710_C7B_00457.jpg
7353,G3,2023,7/20/23,7.5,7/20/23,20230720_G3_07353.jpg
134,C7B,2025,7/4/25,7.0,7/4/25,20250704_C7B_00134.jpg
4500,C10,2025,7/20/25,1.5,7/21/25,20250721_C10_04500.jpg
8069,G3,2023,7/19/23,8.5,7/20/23,20230720_G3_08069.jpg
1104,C7B,2025,7/1/25,5.0,7/1/25,20250701_C7B_01104.jpg
9808,I3B,2023,7/12/23,5.0,7/13/23,20230713_I3B_09808.jpg
5757,C10,2025,7/1/25,5.0,6/28/25,20250628_C10_05757.jpg
4508,C10,2025,7/11/25,5.0,7/11/25,20250711_C10_04508.jpg
7509,G3,2023,7/26/23,8.0,7/27/23,20230727_G3_07509.jpg
1247,C7B,2025,7/1/25,6.0,7/1/25,20250701_C7B_01247.jpg
4696,C10,2025,7/20/25,1.5,7/21/25,20250721_C10_04696.jpg
5046,C10,2025,7/11/25,5.0,7/11/25,20250711_C10_05046.jpg
4505,C10,2025,7/20/25,1.5,7/21/25,20250721_C10_04505.jpg
5940,C10,2025,7/2/25,6.0,7/4/25,20250704_C10_05940.jpg
7398,G3,2023,7/26/23,8.0,7/27/23,20230727_G3_07398.jpg
1922,C7B,2025,7/19/25,2.0,7/18/25,20250718_C7B_01922.jpg
4712,C10,2025,7/11/25,6.0,7/11/25,20250711_C10_04712.jpg
1014,C7B,2025,7/18/25,2.0,7/18/25,20250718_C7B_01014.jpg
5427,C10,2025,7/11/25,7.0,7/11/25,20250711_C10_05427.jpg
1510,C7B,2025,7/1/25,7.0,7/1/25,20250701_C7B_01510.jpg
5381,C10,2025,7/2/25,6.0,7/4/25,20250704_C10_05381.jpg
1204,C7B,2025,7/1/25,5.0,7/1/25,20250701_C7B_01204.jpg
1878,C7B,2025,7/19/25,5.0,7/18/25,20250718_C7B_01878.jpg
5211,C10,2025,7/2/25,5.0,7/4/25,20250704_C10_05211.jpg
2641,C7B,2025,7/8/25,7.5,7/7/25,20250707_C7B_02641.jpg
2837,C7B,2025,6/30/25,7.5,7/1/25,20250701_C7B_02837.jpg
6733,C10,2025,7/14/25,8.0,7/14/25,20250714_C10_06733.jpg
5935,C10,2025,7/1/25,7.0,6/28/25,20250628_C10_05935.jpg
1635,C7B,2025,7/18/25,7.0,7/18/25,20250718_C7B_01635.jpg
5757,C10,2025,7/8/25,4.0,7/7/25,20250707_C10_05757.jpg
5384,C10,2025,7/2/25,7.0,7/4/25,20250704_C10_05384.jpg
1666,C7B,2025,7/1/25,5.5,7/1/25,20250701_C7B_01666.jpg
4905,C10,2025,7/2/25,7.0,7/4/25,20250704_C10_04905.jpg
5072,C10,2025,7/2/25,6.0,7/4/25,20250704_C10_05072.jpg
2710,C7B,2025,7/18/25,6.5,7/18/25,20250718_C7B_02710.jpg
444,C7B,2025,7/10/25,7.0,7/10/25,20250710_C7B_00444.jpg
5166,C10,2025,7/11/25,4.0,7/11/25,20250711_C10_05166.jpg
6735,C10,2025,7/8/25,7.5,7/7/25,20250707_C10_06735.jpg
142,C7B,2025,6/30/25,5.0,7/1/25,20250701_C7B_00142.jpg
70,C7B,2025,7/18/25,5.5,7/18/25,20250718_C7B_00070.jpg
5337,C10,2025,7/20/25,2.0,7/21/25,20250721_C10_05337.jpg
1871,C7B,2025,7/10/25,7.5,7/10/25,20250710_C7B_01871.jpg
6803,C10,2025,7/8/25,7.5,7/7/25,20250707_C10_06803.jpg
4594,C10,2025,7/20/25,2.0,7/21/25,20250721_C10_04594.jpg
3200,G3,2023,7/19/23,5.0,7/20/23,20230720_G3_03200.jpg
2841,C7B,2025,7/13/25,7.5,7/12/25,20250712_C7B_02841.jpg
4276,C10,2025,7/19/25,5.0,7/18/25,20250718_C10_04276.jpg
2702,C7B,2025,6/30/25,8.0,7/1/25,20250701_C7B_02702.jpg
585,C7B,2025,6/30/25,7.0,7/1/25,20250701_C7B_00585.jpg
5748,C10,2025,7/11/25,5.0,7/11/25,20250711_C10_05748.jpg
4438,C10,2025,7/11/25,5.0,7/11/25,20250711_C10_04438.jpg
5473,C10,2025,7/11/25,4.0,7/11/25,20250711_C10_05473.jpg
5215,C10,2025,7/11/25,5.0,7/11/25,20250711_C10_05215.jpg
5783,C10,2025,7/11/25,7.0,7/11/25,20250711_C10_05783.jpg
5402,C10,2025,7/20/25,2.5,7/21/25,20250721_C10_05402.jpg
10009,I3B,2023,7/12/23,6.0,7/13/23,20230713_I3B_10009.jpg
232,C7B,2025,7/18/25,2.0,7/18/25,20250718_C7B_00232.jpg
2773,C7B,2025,7/18/25,7.5,7/18/25,20250718_C7B_02773.jpg
