plot,field,year,date,score,flight_date,image_filename,signed_days_diff,_abs_path
1762,C6B,2024,7/19/24,8.0,7/18/24,20240718_C6B_01762.jpg,-1,/mnt/research-projects/j/jlgage/RawUAVData01/uavforslb/final_image/final_sliced/20240718_C6B_01762.jpg
1107,C7B,2025,7/10/25,6.0,7/10/25,20250710_C7B_01107.jpg,0,/mnt/research-projects/j/jlgage/RawUAVData01/uavforslb/final_image/final_sliced/20250710_C7B_01107.jpg
2521,C6B,2024,7/1/24,7.5,7/3/24,20240703_C6B_02521.jpg,2,/mnt/research-projects/j/jlgage/RawUAVData01/uavforslb/final_image/final_sliced/20240703_C6B_02521.jpg
5543,C10,2025,7/20/25,3.0,7/21/25,20250721_C10_05543.jpg,1,/mnt/research-projects/j/jlgage/RawUAVData01/uavforslb/final_image/final_sliced/20250721_C10_05543.jpg
2056,C6B,2024,7/19/24,5.0,7/18/24,20240718_C6B_02056.jpg,-1,/mnt/research-projects/j/jlgage/RawUAVData01/uavforslb/final_image/final_sliced/20240718_C6B_02056.jpg
3937,B7A,2024,7/15/24,8.5,7/16/24,20240716_B7A_03937.jpg,1,/mnt/research-projects/j/jlgage/RawUAVData01/uavforslb/final_image/final_sliced/20240716_B7A_03937.jpg
5846,C10,2025,7/8/25,6.5,7/7/25,20250707_C10_05846.jpg,-1,/mnt/research-projects/j/jlgage/RawUAVData01/uavforslb/final_image/final_sliced/20250707_C10_05846.jpg
6806,C10,2025,7/18/25,6.5,7/18/25,20250718_C10_06806.jpg,0,/mnt/research-projects/j/jlgage/RawUAVData01/uavforslb/final_image/final_sliced/20250718_C10_06806.jpg
3231,C6B,2024,7/15/24,8.5,7/18/24,20240718_C6B_03231.jpg,3,/mnt/research-projects/j/jlgage/RawUAVData01/uavforslb/final_image/final_sliced/20240718_C6B_03231.jpg
5112,C10,2025,7/11/25,5.0,7/11/25,20250711_C10_05112.jpg,0,/mnt/research-projects/j/jlgage/RawUAVData01/uavforslb/final_image/final_sliced/20250711_C10_05112.jpg
5565,C10,2025,7/2/25,6.0,7/4/25,20250704_C10_05565.jpg,2,/mnt/research-projects/j/jlgage/RawUAVData01/uavforslb/final_image/final_sliced/20250704_C10_05565.jpg
1991,C6B,2024,7/19/24,5.0,7/18/24,20240718_C6B_01991.jpg,-1,/mnt/research-projects/j/jlgage/RawUAVData01/uavforslb/final_image/final_sliced/20240718_C6B_01991.jpg
3569,C6B,2024,7/15/24,7.0,7/18/24,20240718_C6B_03569.jpg,3,/mnt/research-projects/j/jlgage/RawUAVData01/uavforslb/final_image/final_sliced/20240718_C6B_03569.jpg
5121,C10,2025,7/2/25,6.0,7/4/25,20250704_C10_05121.jpg,2,/mnt/research-projects/j/jlgage/RawUAVData01/uavforslb/final_image/final_sliced/20250704_C10_05121.jpg
2540,C6B,2024,7/11/24,5.5,7/10/24,20240710_C6B_02540.jpg,-1,/mnt/research-projects/j/jlgage/RawUAVData01/uavforslb/final_image/final_sliced/20240710_C6B_02540.jpg
2738,C6B,2024,7/15/24,8.0,7/18/24,20240718_C6B_02738.jpg,3,/mnt/research-projects/j/jlgage/RawUAVData01/uavforslb/final_image/final_sliced/20240718_C6B_02738.jpg
1490,C6B,2024,7/19/24,7.0,7/18/24,20240718_C6B_01490.jpg,-1,/mnt/research-projects/j/jlgage/RawUAVData01/uavforslb/final_image/final_sliced/20240718_C6B_01490.jpg
969,C7B,2025,7/18/25,4.0,7/18/25,20250718_C7B_00969.jpg,0,/mnt/research-projects/j/jlgage/RawUAVData01/uavforslb/final_image/final_sliced/20250718_C7B_00969.jpg
3932,B7A,2024,7/30/24,3.0,7/27/24,20240727_B7A_03932.jpg,-3,/mnt/research-projects/j/jlgage/RawUAVData01/uavforslb/final_image/final_sliced/20240727_B7A_03932.jpg
6832,C10,2025,7/14/25,7.5,7/14/25,20250714_C10_06832.jpg,0,/mnt/research-projects/j/jlgage/RawUAVData01/uavforslb/final_image/final_sliced/20250714_C10_06832.jpg
1104,C6B,2024,7/29/24,4.0,7/26/24,20240726_C6B_01104.jpg,-3,/mnt/research-projects/j/jlgage/RawUAVData01/uavforslb/final_image/final_sliced/20240726_C6B_01104.jpg
3740,C6B,2024,7/30/24,4.0,8/2/24,20240802_C6B_03740.jpg,3,/mnt/research-projects/j/jlgage/RawUAVData01/uavforslb/final_image/final_sliced/20240802_C6B_03740.jpg
4362,B7A,2024,7/15/24,7.0,7/16/24,20240716_B7A_04362.jpg,1,/mnt/research-projects/j/jlgage/RawUAVData01/uavforslb/final_image/final_sliced/20240716_B7A_04362.jpg
3829,B7A,2024,7/30/24,4.0,7/27/24,20240727_B7A_03829.jpg,-3,/mnt/research-projects/j/jlgage/RawUAVData01/uavforslb/final_image/final_sliced/20240727_B7A_03829.jpg
876,C7B,2025,7/10/25,5.0,7/10/25,20250710_C7B_00876.jpg,0,/mnt/research-projects/j/jlgage/RawUAVData01/uavforslb/final_image/final_sliced/20250710_C7B_00876.jpg
4958,C10,2025,7/11/25,5.0,7/11/25,20250711_C10_04958.jpg,0,/mnt/research-projects/j/jlgage/RawUAVData01/uavforslb/final_image/final_sliced/20250711_C10_04958.jpg
38,C7B,2025,7/18/25,5.0,7/18/25,20250718_C7B_00038.jpg,0,/mnt/research-projects/j/jlgage/RawUAVData01/uavforslb/final_image/final_sliced/20250718_C7B_00038.jpg
730,C6B,2024,7/19/24,7.5,7/18/24,20240718_C6B_00730.jpg,-1,/mnt/research-projects/j/jlgage/RawUAVData01/uavforslb/final_image/final_sliced/20240718_C6B_00730.jpg
6775,C10,2025,7/8/25,8.5,7/7/25,20250707_C10_06775.jpg,-1,/mnt/research-projects/j/jlgage/RawUAVData01/uavforslb/final_image/final_sliced/20250707_C10_06775.jpg
1322,C7B,2025,7/1/25,5.0,7/1/25,20250701_C7B_01322.jpg,0,/mnt/research-projects/j/jlgage/RawUAVData01/uavforslb/final_image/final_sliced/20250701_C7B_01322.jpg
2656,C7B,2025,7/18/25,7.5,7/18/25,20250718_C7B_02656.jpg,0,/mnt/research-projects/j/jlgage/RawUAVData01/uavforslb/final_image/final_sliced/20250718_C7B_02656.jpg
4356,B7A,2024,7/15/24,8.5,7/16/24,20240716_B7A_04356.jpg,1,/mnt/research-projects/j/jlgage/RawUAVData01/uavforslb/final_image/final_sliced/20240716_B7A_04356.jpg
5069,C6B,2024,7/27/24,6.0,7/26/24,20240726_C6B_05069.jpg,-1,/mnt/research-projects/j/jlgage/RawUAVData01/uavforslb/final_image/final_sliced/20240726_C6B_05069.jpg
390,C7B,2025,7/4/25,5.0,7/4/25,20250704_C7B_00390.jpg,0,/mnt/research-projects/j/jlgage/RawUAVData01/uavforslb/final_image/final_sliced/20250704_C7B_00390.jpg
3870,B7A,2024,7/30/24,2.0,7/27/24,20240727_B7A_03870.jpg,-3,/mnt/research-projects/j/jlgage/RawUAVData01/uavforslb/final_image/final_sliced/20240727_B7A_03870.jpg
6856,C10,2025,7/8/25,7.5,7/7/25,20250707_C10_06856.jpg,-1,/mnt/research-projects/j/jlgage/RawUAVData01/uavforslb/final_image/final_sliced/20250707_C10_06856.jpg
834,C7B,2025,7/10/25,5.5,7/10/25,20250710_C7B_00834.jpg,0,/mnt/research-projects/j/jlgage/RawUAVData01/uavforslb/final_image/final_sliced/20250710_C7B_00834.jpg
336,C6B,2024,7/29/24,6.5,7/26/24,20240726_C6B_00336.jpg,-3,/mnt/research-projects/j/jlgage/RawUAVData01/uavforslb/final_image/final_sliced/20240726_C6B_00336.jpg
207,C7B,2025,7/18/25,2.5,7/18/25,20250718_C7B_00207.jpg,0,/mnt/research-projects/j/jlgage/RawUAVData01/uavforslb/final_image/final_sliced/20250718_C7B_00207.jpg
1287,C7B,2025,7/1/25,7.0,7/1/25,20250701_C7B_01287.jpg,0,/mnt/research-projects/j/jlgage/RawUAVData01/uavforslb/final_image/final_sliced/20250701_C7B_01287.jpg
5471,C10,2025,7/20/25,2.5,7/21/25,20250721_C10_05471.jpg,1,/mnt/research-projects/j/jlgage/RawUAVData01/uavforslb/final_image/final_sliced/20250721_C10_05471.jpg
1239,C6B,2024,7/19/24,8.0,7/18/24,20240718_C6B_01239.jpg,-1,/mnt/research-projects/j/jlgage/RawUAVData01/uavforslb/final_image/final_sliced/20240718_C6B_01239.jpg
1656,C7B,2025,7/1/25,7.5,7/1/25,20250701_C7B_01656.jpg,0,/mnt/research-projects/j/jlgage/RawUAVData01/uavforslb/final_image/final_sliced/20250701_C7B_01656.jpg
778,C6B,2024,7/29/24,6.5,7/26/24,20240726_C6B_00778.jpg,-3,/mnt/research-projects/j/jlgage/RawUAVData01/uavforslb/final_image/final_sliced/20240726_C6B_00778.jpg
4337,C10,2025,7/11/25,7.5,7/11/25,20250711_C10_04337.jpg,0,/mnt/research-projects/j/jlgage/RawUAVData01/uavforslb/final_image/final_sliced/20250711_C10_04337.jpg
4074,C10,2025,7/7/25,5.0,7/7/25,20250707_C10_04074.jpg,0,/mnt/research-projects/j/jlgage/RawUAVData01/uavforslb/final_image/final_sliced/20250707_C10_04074.jpg
302,C7B,2025,7/10/25,4.5,7/10/25,20250710_C7B_00302.jpg,0,/mnt/research-projects/j/jlgage/RawUAVData01/uavforslb/final_image/final_sliced/20250710_C7B_00302.jpg
3778,C6B,2024,7/30/24,3.5,8/2/24,20240802_C6B_03778.jpg,3,/mnt/research-projects/j/jlgage/RawUAVData01/uavforslb/final_image/final_sliced/20240802_C6B_03778.jpg
1566,C7B,2025,7/1/25,6.0,7/1/25,20250701_C7B_01566.jpg,0,/mnt/research-projects/j/jlgage/RawUAVData01/uavforslb/final_image/final_sliced/20250701_C7B_01566.jpg
1200,C7B,2025,7/10/25,4.0,7/10/25,20250710_C7B_01200.jpg,0,/mnt/research-projects/j/jlgage/RawUAVData01/uavforslb/final_image/final_sliced/20250710_C7B_01200.jpg
599,C7B,2025,7/18/25,5.0,7/18/25,20250718_C7B_00599.jpg,0,/mnt/research-projects/j/jlgage/RawUAVData01/uavforslb/final_image/final_sliced/20250718_C7B_00599.jpg
1218,C7B,2025,7/1/25,6.0,7/1/25,20250701_C7B_01218.jpg,0,/mnt/research-projects/j/jlgage/RawUAVData01/uavforslb/final_image/final_sliced/20250701_C7B_01218.jpg
125,C7B,2025,7/18/25,4.0,7/18/25,20250718_C7B_00125.jpg,0,/mnt/research-projects/j/jlgage/RawUAVData01/uavforslb/final_image/final_sliced/20250718_C7B_00125.jpg
4502,C10,2025,7/2/25,7.0,7/4/25,20250704_C10_04502.jpg,2,/mnt/research-projects/j/jlgage/RawUAVData01/uavforslb/final_image/final_sliced/20250704_C10_04502.jpg
370,C7B,2025,6/30/25,6.0,7/1/25,20250701_C7B_00370.jpg,1,/mnt/research-projects/j/jlgage/RawUAVData01/uavforslb/final_image/final_sliced/20250701_C7B_00370.jpg
994,C7B,2025,7/10/25,6.5,7/10/25,20250710_C7B_00994.jpg,0,/mnt/research-projects/j/jlgage/RawUAVData01/uavforslb/final_image/final_sliced/20250710_C7B_00994.jpg
2672,C7B,2025,6/30/25,8.5,7/1/25,20250701_C7B_02672.jpg,1,/mnt/research-projects/j/jlgage/RawUAVData01/uavforslb/final_image/final_sliced/20250701_C7B_02672.jpg
4039,C10,2025,6/30/25,7.5,6/28/25,20250628_C10_04039.jpg,-2,/mnt/research-projects/j/jlgage/RawUAVData01/uavforslb/final_image/final_sliced/20250628_C10_04039.jpg
3197,C6B,2024,7/30/24,4.0,8/2/24,20240802_C6B_03197.jpg,3,/mnt/research-projects/j/jlgage/RawUAVData01/uavforslb/final_image/final_sliced/20240802_C6B_03197.jpg
370,C6B,2024,7/19/24,8.0,7/18/24,20240718_C6B_00370.jpg,-1,/mnt/research-projects/j/jlgage/RawUAVData01/uavforslb/final_image/final_sliced/20240718_C6B_00370.jpg
6737,C10,2025,7/18/25,7.5,7/18/25,20250718_C10_06737.jpg,0,/mnt/research-projects/j/jlgage/RawUAVData01/uavforslb/final_image/final_sliced/20250718_C10_06737.jpg
3190,C6B,2024,7/15/24,6.0,7/18/24,20240718_C6B_03190.jpg,3,/mnt/research-projects/j/jlgage/RawUAVData01/uavforslb/final_image/final_sliced/20240718_C6B_03190.jpg
3816,C6B,2024,7/30/24,4.5,8/2/24,20240802_C6B_03816.jpg,3,/mnt/research-projects/j/jlgage/RawUAVData01/uavforslb/final_image/final_sliced/20240802_C6B_03816.jpg
1033,C7B,2025,7/18/25,3.0,7/18/25,20250718_C7B_01033.jpg,0,/mnt/research-projects/j/jlgage/RawUAVData01/uavforslb/final_image/final_sliced/20250718_C7B_01033.jpg
1936,C6B,2024,7/19/24,7.0,7/18/24,20240718_C6B_01936.jpg,-1,/mnt/research-projects/j/jlgage/RawUAVData01/uavforslb/final_image/final_sliced/20240718_C6B_01936.jpg
2030,C7B,2025,7/19/25,3.0,7/18/25,20250718_C7B_02030.jpg,-1,/mnt/research-projects/j/jlgage/RawUAVData01/uavforslb/final_image/final_sliced/20250718_C7B_02030.jpg
1836,C7B,2025,7/19/25,6.0,7/18/25,20250718_C7B_01836.jpg,-1,/mnt/research-projects/j/jlgage/RawUAVData01/uavforslb/final_image/final_sliced/20250718_C7B_01836.jpg
4643,B7A,2024,7/15/24,8.0,7/16/24,20240716_B7A_04643.jpg,1,/mnt/research-projects/j/jlgage/RawUAVData01/uavforslb/final_image/final_sliced/20240716_B7A_04643.jpg
1986,C7B,2025,7/7/25,5.5,7/7/25,20250707_C7B_01986.jpg,0,/mnt/research-projects/j/jlgage/RawUAVData01/uavforslb/final_image/final_sliced/20250707_C7B_01986.jpg
2732,C7B,2025,7/18/25,8.0,7/18/25,20250718_C7B_02732.jpg,0,/mnt/research-projects/j/jlgage/RawUAVData01/uavforslb/final_image/final_sliced/20250718_C7B_02732.jpg
5053,C6B,2024,7/1/24,9.0,7/3/24,20240703_C6B_05053.jpg,2,/mnt/research-projects/j/jlgage/RawUAVData01/uavforslb/final_image/final_sliced/20240703_C6B_05053.jpg
3728,C6B,2024,7/15/24,6.0,7/18/24,20240718_C6B_03728.jpg,3,/mnt/research-projects/j/jlgage/RawUAVData01/uavforslb/final_image/final_sliced/20240718_C6B_03728.jpg
2585,C6B,2024,7/15/24,6.0,7/18/24,20240718_C6B_02585.jpg,3,/mnt/research-projects/j/jlgage/RawUAVData01/uavforslb/final_image/final_sliced/20240718_C6B_02585.jpg
583,C6B,2024,7/19/24,5.5,7/18/24,20240718_C6B_00583.jpg,-1,/mnt/research-projects/j/jlgage/RawUAVData01/uavforslb/final_image/final_sliced/20240718_C6B_00583.jpg
4760,C10,2025,7/2/25,7.0,7/4/25,20250704_C10_04760.jpg,2,/mnt/research-projects/j/jlgage/RawUAVData01/uavforslb/final_image/final_sliced/20250704_C10_04760.jpg
4901,C10,2025,7/11/25,6.5,7/11/25,20250711_C10_04901.jpg,0,/mnt/research-projects/j/jlgage/RawUAVData01/uavforslb/final_image/final_sliced/20250711_C10_04901.jpg
4064,C10,2025,7/19/25,5.5,7/18/25,20250718_C10_04064.jpg,-1,/mnt/research-projects/j/jlgage/RawUAVData01/uavforslb/final_image/final_sliced/20250718_C10_04064.jpg
5070,C6B,2024,7/18/24,6.0,7/18/24,20240718_C6B_05070.jpg,0,/mnt/research-projects/j/jlgage/RawUAVData01/uavforslb/final_image/final_sliced/20240718_C6B_05070.jpg
130,C6B,2024,7/29/24,3.0,7/26/24,20240726_C6B_00130.jpg,-3,/mnt/research-projects/j/jlgage/RawUAVData01/uavforslb/final_image/final_sliced/20240726_C6B_00130.jpg
523,C6B,2024,7/29/24,5.0,7/26/24,20240726_C6B_00523.jpg,-3,/mnt/research-projects/j/jlgage/RawUAVData01/uavforslb/final_image/final_sliced/20240726_C6B_00523.jpg
1206,C7B,2025,7/18/25,3.5,7/18/25,20250718_C7B_01206.jpg,0,/mnt/research-projects/j/jlgage/RawUAVData01/uavforslb/final_image/final_sliced/20250718_C7B_01206.jpg
3056,C6B,2024,7/15/24,8.0,7/18/24,20240718_C6B_03056.jpg,3,/mnt/research-projects/j/jlgage/RawUAVData01/uavforslb/final_image/final_sliced/20240718_C6B_03056.jpg
1160,C7B,2025,7/10/25,7.5,7/10/25,20250710_C7B_01160.jpg,0,/mnt/research-projects/j/jlgage/RawUAVData01/uavforslb/final_image/final_sliced/20250710_C7B_01160.jpg
685,C7B,2025,6/30/25,7.5,7/1/25,20250701_C7B_00685.jpg,1,/mnt/research-projects/j/jlgage/RawUAVData01/uavforslb/final_image/final_sliced/20250701_C7B_00685.jpg
4804,C10,2025,7/2/25,4.0,7/4/25,20250704_C10_04804.jpg,2,/mnt/research-projects/j/jlgage/RawUAVData01/uavforslb/final_image/final_sliced/20250704_C10_04804.jpg
6010,C10,2025,7/2/25,7.0,7/4/25,20250704_C10_06010.jpg,2,/mnt/research-projects/j/jlgage/RawUAVData01/uavforslb/final_image/final_sliced/20250704_C10_06010.jpg
1184,C6B,2024,7/29/24,4.0,7/26/24,20240726_C6B_01184.jpg,-3,/mnt/research-projects/j/jlgage/RawUAVData01/uavforslb/final_image/final_sliced/20240726_C6B_01184.jpg
1939,C7B,2025,7/10/25,7.0,7/10/25,20250710_C7B_01939.jpg,0,/mnt/research-projects/j/jlgage/RawUAVData01/uavforslb/final_image/final_sliced/20250710_C7B_01939.jpg
754,C7B,2025,7/10/25,6.0,7/10/25,20250710_C7B_00754.jpg,0,/mnt/research-projects/j/jlgage/RawUAVData01/uavforslb/final_image/final_sliced/20250710_C7B_00754.jpg
4294,B7A,2024,7/15/24,5.0,7/16/24,20240716_B7A_04294.jpg,1,/mnt/research-projects/j/jlgage/RawUAVData01/uavforslb/final_image/final_sliced/20240716_B7A_04294.jpg
1684,C7B,2025,7/10/25,6.5,7/10/25,20250710_C7B_01684.jpg,0,/mnt/research-projects/j/jlgage/RawUAVData01/uavforslb/final_image/final_sliced/20250710_C7B_01684.jpg
2800,C6B,2024,7/30/24,7.0,8/2/24,20240802_C6B_02800.jpg,3,/mnt/research-projects/j/jlgage/RawUAVData01/uavforslb/final_image/final_sliced/20240802_C6B_02800.jpg
891,C6B,2024,7/29/24,5.0,7/26/24,20240726_C6B_00891.jpg,-3,/mnt/research-projects/j/jlgage/RawUAVData01/uavforslb/final_image/final_sliced/20240726_C6B_00891.jpg
6769,C10,2025,7/14/25,7.0,7/14/25,20250714_C10_06769.jpg,0,/mnt/research-projects/j/jlgage/RawUAVData01/uavforslb/final_image/final_sliced/20250714_C10_06769.jpg
5833,C10,2025,7/11/25,7.5,7/11/25,20250711_C10_05833.jpg,0,/mnt/research-projects/j/jlgage/RawUAVData01/uavforslb/final_image/final_sliced/20250711_C10_05833.jpg
1910,C6B,2024,7/19/24,6.0,7/18/24,20240718_C6B_01910.jpg,-1,/mnt/research-projects/j/jlgage/RawUAVData01/uavforslb/final_image/final_sliced/20240718_C6B_01910.jpg
468,C7B,2025,6/30/25,6.0,7/1/25,20250701_C7B_00468.jpg,1,/mnt/research-projects/j/jlgage/RawUAVData01/uavforslb/final_image/final_sliced/20250701_C7B_00468.jpg
354,C7B,2025,7/4/25,6.0,7/4/25,20250704_C7B_00354.jpg,0,/mnt/research-projects/j/jlgage/RawUAVData01/uavforslb/final_image/final_sliced/20250704_C7B_00354.jpg
169,C6B,2024,7/19/24,7.0,7/18/24,20240718_C6B_00169.jpg,-1,/mnt/research-projects/j/jlgage/RawUAVData01/uavforslb/final_image/final_sliced/20240718_C6B_00169.jpg
4043,B7A,2024,7/30/24,1.5,7/27/24,20240727_B7A_04043.jpg,-3,/mnt/research-projects/j/jlgage/RawUAVData01/uavforslb/final_image/final_sliced/20240727_B7A_04043.jpg
2072,C6B,2024,7/29/24,4.0,7/26/24,20240726_C6B_02072.jpg,-3,/mnt/research-projects/j/jlgage/RawUAVData01/uavforslb/final_image/final_sliced/20240726_C6B_02072.jpg
975,C7B,2025,7/18/25,4.0,7/18/25,20250718_C7B_00975.jpg,0,/mnt/research-projects/j/jlgage/RawUAVData01/uavforslb/final_image/final_sliced/20250718_C7B_00975.jpg
285,C6B,2024,7/19/24,8.5,7/18/24,20240718_C6B_00285.jpg,-1,/mnt/research-projects/j/jlgage/RawUAVData01/uavforslb/final_image/final_sliced/20240718_C6B_00285.jpg
1280,C7B,2025,7/18/25,3.0,7/18/25,20250718_C7B_01280.jpg,0,/mnt/research-projects/j/jlgage/RawUAVData01/uavforslb/final_image/final_sliced/20250718_C7B_01280.jpg
2872,C6B,2024,7/30/24,2.0,8/2/24,20240802_C6B_02872.jpg,3,/mnt/research-projects/j/jlgage/RawUAVData01/uavforslb/final_image/final_sliced/20240802_C6B_02872.jpg
31,C7B,2025,7/11/25,7.0,7/10/25,20250710_C7B_00031.jpg,-1,/mnt/research-projects/j/jlgage/RawUAVData01/uavforslb/final_image/final_sliced/20250710_C7B_00031.jpg
410,C6B,2024,7/29/24,3.0,7/26/24,20240726_C6B_00410.jpg,-3,/mnt/research-projects/j/jlgage/RawUAVData01/uavforslb/final_image/final_sliced/20240726_C6B_00410.jpg
4135,B7A,2024,7/15/24,8.5,7/16/24,20240716_B7A_04135.jpg,1,/mnt/research-projects/j/jlgage/RawUAVData01/uavforslb/final_image/final_sliced/20240716_B7A_04135.jpg
2020,C6B,2024,7/29/24,3.0,7/26/24,20240726_C6B_02020.jpg,-3,/mnt/research-projects/j/jlgage/RawUAVData01/uavforslb/final_image/final_sliced/20240726_C6B_02020.jpg
2939,C6B,2024,7/30/24,1.0,8/2/24,20240802_C6B_02939.jpg,3,/mnt/research-projects/j/jlgage/RawUAVData01/uavforslb/final_image/final_sliced/20240802_C6B_02939.jpg
3637,C6B,2024,7/30/24,2.0,8/2/24,20240802_C6B_03637.jpg,3,/mnt/research-projects/j/jlgage/RawUAVData01/uavforslb/final_image/final_sliced/20240802_C6B_03637.jpg
4621,B7A,2024,7/15/24,7.0,7/16/24,20240716_B7A_04621.jpg,1,/mnt/research-projects/j/jlgage/RawUAVData01/uavforslb/final_image/final_sliced/20240716_B7A_04621.jpg
1916,C6B,2024,7/29/24,3.0,7/26/24,20240726_C6B_01916.jpg,-3,/mnt/research-projects/j/jlgage/RawUAVData01/uavforslb/final_image/final_sliced/20240726_C6B_01916.jpg
1190,C6B,2024,7/19/24,7.5,7/18/24,20240718_C6B_01190.jpg,-1,/mnt/research-projects/j/jlgage/RawUAVData01/uavforslb/final_image/final_sliced/20240718_C6B_01190.jpg
2871,C6B,2024,7/30/24,1.5,8/2/24,20240802_C6B_02871.jpg,3,/mnt/research-projects/j/jlgage/RawUAVData01/uavforslb/final_image/final_sliced/20240802_C6B_02871.jpg
1937,C6B,2024,7/19/24,6.0,7/18/24,20240718_C6B_01937.jpg,-1,/mnt/research-projects/j/jlgage/RawUAVData01/uavforslb/final_image/final_sliced/20240718_C6B_01937.jpg
4292,B7A,2024,7/15/24,6.0,7/16/24,20240716_B7A_04292.jpg,1,/mnt/research-projects/j/jlgage/RawUAVData01/uavforslb/final_image/final_sliced/20240716_B7A_04292.jpg
1258,C6B,2024,7/29/24,4.0,7/26/24,20240726_C6B_01258.jpg,-3,/mnt/research-projects/j/jlgage/RawUAVData01/uavforslb/final_image/final_sliced/20240726_C6B_01258.jpg
4746,C10,2025,7/2/25,7.0,7/4/25,20250704_C10_04746.jpg,2,/mnt/research-projects/j/jlgage/RawUAVData01/uavforslb/final_image/final_sliced/20250704_C10_04746.jpg
6015,C10,2025,7/8/25,7.5,7/7/25,20250707_C10_06015.jpg,-1,/mnt/research-projects/j/jlgage/RawUAVData01/uavforslb/final_image/final_sliced/20250707_C10_06015.jpg
3944,B7A,2024,7/30/24,1.5,7/27/24,20240727_B7A_03944.jpg,-3,/mnt/research-projects/j/jlgage/RawUAVData01/uavforslb/final_image/final_sliced/20240727_B7A_03944.jpg
2509,C6B,2024,7/18/24,6.5,7/18/24,20240718_C6B_02509.jpg,0,/mnt/research-projects/j/jlgage/RawUAVData01/uavforslb/final_image/final_sliced/20240718_C6B_02509.jpg
508,C6B,2024,7/19/24,8.5,7/18/24,20240718_C6B_00508.jpg,-1,/mnt/research-projects/j/jlgage/RawUAVData01/uavforslb/final_image/final_sliced/20240718_C6B_00508.jpg
22,C7B,2025,7/18/25,5.5,7/18/25,20250718_C7B_00022.jpg,0,/mnt/research-projects/j/jlgage/RawUAVData01/uavforslb/final_image/final_sliced/20250718_C7B_00022.jpg
927,C6B,2024,7/29/24,4.0,7/26/24,20240726_C6B_00927.jpg,-3,/mnt/research-projects/j/jlgage/RawUAVData01/uavforslb/final_image/final_sliced/20240726_C6B_00927.jpg
6744,C10,2025,7/14/25,6.5,7/14/25,20250714_C10_06744.jpg,0,/mnt/research-projects/j/jlgage/RawUAVData01/uavforslb/final_image/final_sliced/20250714_C10_06744.jpg
3681,C6B,2024,7/15/24,8.5,7/18/24,20240718_C6B_03681.jpg,3,/mnt/research-projects/j/jlgage/RawUAVData01/uavforslb/final_image/final_sliced/20240718_C6B_03681.jpg
406,C7B,2025,7/4/25,6.0,7/4/25,20250704_C7B_00406.jpg,0,/mnt/research-projects/j/jlgage/RawUAVData01/uavforslb/final_image/final_sliced/20250704_C7B_00406.jpg
1065,C7B,2025,7/10/25,4.0,7/10/25,20250710_C7B_01065.jpg,0,/mnt/research-projects/j/jlgage/RawUAVData01/uavforslb/final_image/final_sliced/20250710_C7B_01065.jpg
5059,C6B,2024,7/27/24,3.0,7/26/24,20240726_C6B_05059.jpg,-1,/mnt/research-projects/j/jlgage/RawUAVData01/uavforslb/final_image/final_sliced/20240726_C6B_05059.jpg
3054,C6B,2024,7/15/24,7.0,7/18/24,20240718_C6B_03054.jpg,3,/mnt/research-projects/j/jlgage/RawUAVData01/uavforslb/final_image/final_sliced/20240718_C6B_03054.jpg
1779,C6B,2024,7/29/24,2.0,7/26/24,20240726_C6B_01779.jpg,-3,/mnt/research-projects/j/jlgage/RawUAVData01/uavforslb/final_image/final_sliced/20240726_C6B_01779.jpg
242,C7B,2025,7/18/25,4.0,7/18/25,20250718_C7B_00242.jpg,0,/mnt/research-projects/j/jlgage/RawUAVData01/uavforslb/final_image/final_sliced/20250718_C7B_00242.jpg
1108,C6B,2024,7/29/24,4.0,7/26/24,20240726_C6B_01108.jpg,-3,/mnt/research-projects/j/jlgage/RawUAVData01/uavforslb/final_image/final_sliced/20240726_C6B_01108.jpg
1141,C6B,2024,7/29/24,2.0,7/26/24,20240726_C6B_01141.jpg,-3,/mnt/research-projects/j/jlgage/RawUAVData01/uavforslb/final_image/final_sliced/20240726_C6B_01141.jpg
3723,C6B,2024,7/30/24,3.5,8/2/24,20240802_C6B_03723.jpg,3,/mnt/research-projects/j/jlgage/RawUAVData01/uavforslb/final_image/final_sliced/20240802_C6B_03723.jpg
952,C7B,2025,7/18/25,2.0,7/18/25,20250718_C7B_00952.jpg,0,/mnt/research-projects/j/jlgage/RawUAVData01/uavforslb/final_image/final_sliced/20250718_C7B_00952.jpg
6844,C10,2025,7/8/25,8.0,7/7/25,20250707_C10_06844.jpg,-1,/mnt/research-projects/j/jlgage/RawUAVData01/uavforslb/final_image/final_sliced/20250707_C10_06844.jpg
1137,C6B,2024,7/29/24,5.0,7/26/24,20240726_C6B_01137.jpg,-3,/mnt/research-projects/j/jlgage/RawUAVData01/uavforslb/final_image/final_sliced/20240726_C6B_01137.jpg
5857,C10,2025,7/11/25,6.5,7/11/25,20250711_C10_05857.jpg,0,/mnt/research-projects/j/jlgage/RawUAVData01/uavforslb/final_image/final_sliced/20250711_C10_05857.jpg
5944,C10,2025,7/2/25,7.5,7/4/25,20250704_C10_05944.jpg,2,/mnt/research-projects/j/jlgage/RawUAVData01/uavforslb/final_image/final_sliced/20250704_C10_05944.jpg
4007,B7A,2024,7/15/24,6.5,7/16/24,20240716_B7A_04007.jpg,1,/mnt/research-projects/j/jlgage/RawUAVData01/uavforslb/final_image/final_sliced/20240716_B7A_04007.jpg
4063,B7A,2024,7/15/24,8.0,7/16/24,20240716_B7A_04063.jpg,1,/mnt/research-projects/j/jlgage/RawUAVData01/uavforslb/final_image/final_sliced/20240716_B7A_04063.jpg
2952,C6B,2024,7/30/24,2.0,8/2/24,20240802_C6B_02952.jpg,3,/mnt/research-projects/j/jlgage/RawUAVData01/uavforslb/final_image/final_sliced/20240802_C6B_02952.jpg
33,C7B,2025,7/11/25,4.0,7/10/25,20250710_C7B_00033.jpg,-1,/mnt/research-projects/j/jlgage/RawUAVData01/uavforslb/final_image/final_sliced/20250710_C7B_00033.jpg
3363,C6B,2024,7/15/24,7.0,7/18/24,20240718_C6B_03363.jpg,3,/mnt/research-projects/j/jlgage/RawUAVData01/uavforslb/final_image/final_sliced/20240718_C6B_03363.jpg
4190,B7A,2024,7/15/24,8.5,7/16/24,20240716_B7A_04190.jpg,1,/mnt/research-projects/j/jlgage/RawUAVData01/uavforslb/final_image/final_sliced/20240716_B7A_04190.jpg
4933,C10,2025,7/20/25,2.0,7/21/25,20250721_C10_04933.jpg,1,/mnt/research-projects/j/jlgage/RawUAVData01/uavforslb/final_image/final_sliced/20250721_C10_04933.jpg
4561,C10,2025,7/20/25,4.0,7/21/25,20250721_C10_04561.jpg,1,/mnt/research-projects/j/jlgage/RawUAVData01/uavforslb/final_image/final_sliced/20250721_C10_04561.jpg
5035,C6B,2024,7/11/24,8.0,7/10/24,20240710_C6B_05035.jpg,-1,/mnt/research-projects/j/jlgage/RawUAVData01/uavforslb/final_image/final_sliced/20240710_C6B_05035.jpg
4006,C10,2025,6/30/25,6.5,6/28/25,20250628_C10_04006.jpg,-2,/mnt/research-projects/j/jlgage/RawUAVData01/uavforslb/final_image/final_sliced/20250628_C10_04006.jpg
1572,C7B,2025,7/1/25,7.5,7/1/25,20250701_C7B_01572.jpg,0,/mnt/research-projects/j/jlgage/RawUAVData01/uavforslb/final_image/final_sliced/20250701_C7B_01572.jpg
1115,C6B,2024,7/29/24,2.0,7/26/24,20240726_C6B_01115.jpg,-3,/mnt/research-projects/j/jlgage/RawUAVData01/uavforslb/final_image/final_sliced/20240726_C6B_01115.jpg
40,C7B,2025,7/18/25,5.0,7/18/25,20250718_C7B_00040.jpg,0,/mnt/research-projects/j/jlgage/RawUAVData01/uavforslb/final_image/final_sliced/20250718_C7B_00040.jpg
378,C7B,2025,6/30/25,7.0,7/1/25,20250701_C7B_00378.jpg,1,/mnt/research-projects/j/jlgage/RawUAVData01/uavforslb/final_image/final_sliced/20250701_C7B_00378.jpg
4781,C10,2025,7/11/25,4.0,7/11/25,20250711_C10_04781.jpg,0,/mnt/research-projects/j/jlgage/RawUAVData01/uavforslb/final_image/final_sliced/20250711_C10_04781.jpg
2997,C6B,2024,7/30/24,2.5,8/2/24,20240802_C6B_02997.jpg,3,/mnt/research-projects/j/jlgage/RawUAVData01/uavforslb/final_image/final_sliced/20240802_C6B_02997.jpg
3959,B7A,2024,7/30/24,8.0,7/27/24,20240727_B7A_03959.jpg,-3,/mnt/research-projects/j/jlgage/RawUAVData01/uavforslb/final_image/final_sliced/20240727_B7A_03959.jpg
3133,C6B,2024,7/15/24,8.0,7/18/24,20240718_C6B_03133.jpg,3,/mnt/research-projects/j/jlgage/RawUAVData01/uavforslb/final_image/final_sliced/20240718_C6B_03133.jpg
1595,C6B,2024,7/29/24,4.5,7/26/24,20240726_C6B_01595.jpg,-3,/mnt/research-projects/j/jlgage/RawUAVData01/uavforslb/final_image/final_sliced/20240726_C6B_01595.jpg
5040,C6B,2024,7/18/24,7.5,7/18/24,20240718_C6B_05040.jpg,0,/mnt/research-projects/j/jlgage/RawUAVData01/uavforslb/final_image/final_sliced/20240718_C6B_05040.jpg
1379,C7B,2025,7/18/25,2.0,7/18/25,20250718_C7B_01379.jpg,0,/mnt/research-projects/j/jlgage/RawUAVData01/uavforslb/final_image/final_sliced/20250718_C7B_01379.jpg
2151,C6B,2024,7/29/24,2.5,7/26/24,20240726_C6B_02151.jpg,-3,/mnt/research-projects/j/jlgage/RawUAVData01/uavforslb/final_image/final_sliced/20240726_C6B_02151.jpg
2697,C6B,2024,7/15/24,8.5,7/18/24,20240718_C6B_02697.jpg,3,/mnt/research-projects/j/jlgage/RawUAVData01/uavforslb/final_image/final_sliced/20240718_C6B_02697.jpg
464,C6B,2024,7/29/24,6.0,7/26/24,20240726_C6B_00464.jpg,-3,/mnt/research-projects/j/jlgage/RawUAVData01/uavforslb/final_image/final_sliced/20240726_C6B_00464.jpg
5920,C10,2025,7/1/25,7.0,6/28/25,20250628_C10_05920.jpg,-3,/mnt/research-projects/j/jlgage/RawUAVData01/uavforslb/final_image/final_sliced/20250628_C10_05920.jpg
6648,C10,2025,7/3/25,7.5,7/4/25,20250704_C10_06648.jpg,1,/mnt/research-projects/j/jlgage/RawUAVData01/uavforslb/final_image/final_sliced/20250704_C10_06648.jpg
4267,B7A,2024,7/30/24,3.0,7/27/24,20240727_B7A_04267.jpg,-3,/mnt/research-projects/j/jlgage/RawUAVData01/uavforslb/final_image/final_sliced/20240727_B7A_04267.jpg
131,C6B,2024,7/29/24,4.0,7/26/24,20240726_C6B_00131.jpg,-3,/mnt/research-projects/j/jlgage/RawUAVData01/uavforslb/final_image/final_sliced/20240726_C6B_00131.jpg
1820,C6B,2024,7/19/24,7.5,7/18/24,20240718_C6B_01820.jpg,-1,/mnt/research-projects/j/jlgage/RawUAVData01/uavforslb/final_image/final_sliced/20240718_C6B_01820.jpg
1839,C7B,2025,7/10/25,7.5,7/10/25,20250710_C7B_01839.jpg,0,/mnt/research-projects/j/jlgage/RawUAVData01/uavforslb/final_image/final_sliced/20250710_C7B_01839.jpg
5009,C6B,2024,7/18/24,5.5,7/18/24,20240718_C6B_05009.jpg,0,/mnt/research-projects/j/jlgage/RawUAVData01/uavforslb/final_image/final_sliced/20240718_C6B_05009.jpg
2558,C6B,2024,7/11/24,8.0,7/10/24,20240710_C6B_02558.jpg,-1,/mnt/research-projects/j/jlgage/RawUAVData01/uavforslb/final_image/final_sliced/20240710_C6B_02558.jpg
2828,C6B,2024,7/30/24,4.0,8/2/24,20240802_C6B_02828.jpg,3,/mnt/research-projects/j/jlgage/RawUAVData01/uavforslb/final_image/final_sliced/20240802_C6B_02828.jpg
2662,C7B,2025,7/13/25,4.0,7/12/25,20250712_C7B_02662.jpg,-1,/mnt/research-projects/j/jlgage/RawUAVData01/uavforslb/final_image/final_sliced/20250712_C7B_02662.jpg
3555,C6B,2024,7/15/24,8.5,7/18/24,20240718_C6B_03555.jpg,3,/mnt/research-projects/j/jlgage/RawUAVData01/uavforslb/final_image/final_sliced/20240718_C6B_03555.jpg
2715,C6B,2024,7/30/24,4.0,8/2/24,20240802_C6B_02715.jpg,3,/mnt/research-projects/j/jlgage/RawUAVData01/uavforslb/final_image/final_sliced/20240802_C6B_02715.jpg
1743,C7B,2025,7/19/25,4.0,7/18/25,20250718_C7B_01743.jpg,-1,/mnt/research-projects/j/jlgage/RawUAVData01/uavforslb/final_image/final_sliced/20250718_C7B_01743.jpg
1437,C6B,2024,7/19/24,6.0,7/18/24,20240718_C6B_01437.jpg,-1,/mnt/research-projects/j/jlgage/RawUAVData01/uavforslb/final_image/final_sliced/20240718_C6B_01437.jpg
2659,C7B,2025,7/8/25,8.0,7/7/25,20250707_C7B_02659.jpg,-1,/mnt/research-projects/j/jlgage/RawUAVData01/uavforslb/final_image/final_sliced/20250707_C7B_02659.jpg
976,C7B,2025,7/10/25,5.5,7/10/25,20250710_C7B_00976.jpg,0,/mnt/research-projects/j/jlgage/RawUAVData01/uavforslb/final_image/final_sliced/20250710_C7B_00976.jpg
524,C7B,2025,6/30/25,6.0,7/1/25,20250701_C7B_00524.jpg,1,/mnt/research-projects/j/jlgage/RawUAVData01/uavforslb/final_image/final_sliced/20250701_C7B_00524.jpg
6712,C10,2025,7/8/25,6.0,7/7/25,20250707_C10_06712.jpg,-1,/mnt/research-projects/j/jlgage/RawUAVData01/uavforslb/final_image/final_sliced/20250707_C10_06712.jpg
2744,C7B,2025,7/13/25,6.0,7/12/25,20250712_C7B_02744.jpg,-1,/mnt/research-projects/j/jlgage/RawUAVData01/uavforslb/final_image/final_sliced/20250712_C7B_02744.jpg
1740,C6B,2024,7/29/24,4.0,7/26/24,20240726_C6B_01740.jpg,-3,/mnt/research-projects/j/jlgage/RawUAVData01/uavforslb/final_image/final_sliced/20240726_C6B_01740.jpg
3204,C6B,2024,7/30/24,1.5,8/2/24,20240802_C6B_03204.jpg,3,/mnt/research-projects/j/jlgage/RawUAVData01/uavforslb/final_image/final_sliced/20240802_C6B_03204.jpg
647,C6B,2024,7/29/24,8.0,7/26/24,20240726_C6B_00647.jpg,-3,/mnt/research-projects/j/jlgage/RawUAVData01/uavforslb/final_image/final_sliced/20240726_C6B_00647.jpg
1802,C7B,2025,7/19/25,3.0,7/18/25,20250718_C7B_01802.jpg,-1,/mnt/research-projects/j/jlgage/RawUAVData01/uavforslb/final_image/final_sliced/20250718_C7B_01802.jpg
5053,C10,2025,7/11/25,4.0,7/11/25,20250711_C10_05053.jpg,0,/mnt/research-projects/j/jlgage/RawUAVData01/uavforslb/final_image/final_sliced/20250711_C10_05053.jpg
975,C6B,2024,7/19/24,8.0,7/18/24,20240718_C6B_00975.jpg,-1,/mnt/research-projects/j/jlgage/RawUAVData01/uavforslb/final_image/final_sliced/20240718_C6B_00975.jpg
84,C6B,2024,7/19/24,8.5,7/18/24,20240718_C6B_00084.jpg,-1,/mnt/research-projects/j/jlgage/RawUAVData01/uavforslb/final_image/final_sliced/20240718_C6B_00084.jpg
4432,B7A,2024,7/15/24,8.0,7/16/24,20240716_B7A_04432.jpg,1,/mnt/research-projects/j/jlgage/RawUAVData01/uavforslb/final_image/final_sliced/20240716_B7A_04432.jpg
4950,C10,2025,7/20/25,3.0,7/21/25,20250721_C10_04950.jpg,1,/mnt/research-projects/j/jlgage/RawUAVData01/uavforslb/final_image/final_sliced/20250721_C10_04950.jpg
1583,C7B,2025,7/10/25,6.5,7/10/25,20250710_C7B_01583.jpg,0,/mnt/research-projects/j/jlgage/RawUAVData01/uavforslb/final_image/final_sliced/20250710_C7B_01583.jpg
4018,C10,2025,6/30/25,7.0,6/28/25,20250628_C10_04018.jpg,-2,/mnt/research-projects/j/jlgage/RawUAVData01/uavforslb/final_image/final_sliced/20250628_C10_04018.jpg
1186,C6B,2024,7/19/24,7.0,7/18/24,20240718_C6B_01186.jpg,-1,/mnt/research-projects/j/jlgage/RawUAVData01/uavforslb/final_image/final_sliced/20240718_C6B_01186.jpg
2666,C7B,2025,7/13/25,8.0,7/12/25,20250712_C7B_02666.jpg,-1,/mnt/research-projects/j/jlgage/RawUAVData01/uavforslb/final_image/final_sliced/20250712_C7B_02666.jpg
6634,C10,2025,7/14/25,8.0,7/14/25,20250714_C10_06634.jpg,0,/mnt/research-projects/j/jlgage/RawUAVData01/uavforslb/final_image/final_sliced/20250714_C10_06634.jpg
1726,C6B,2024,7/29/24,4.0,7/26/24,20240726_C6B_01726.jpg,-3,/mnt/research-projects/j/jlgage/RawUAVData01/uavforslb/final_image/final_sliced/20240726_C6B_01726.jpg
4074,B7A,2024,7/30/24,2.0,7/27/24,20240727_B7A_04074.jpg,-3,/mnt/research-projects/j/jlgage/RawUAVData01/uavforslb/final_image/final_sliced/20240727_B7A_04074.jpg
441,C6B,2024,7/19/24,8.5,7/18/24,20240718_C6B_00441.jpg,-1,/mnt/research-projects/j/jlgage/RawUAVData01/uavforslb/final_image/final_sliced/20240718_C6B_00441.jpg
4191,C10,2025,7/19/25,2.0,7/18/25,20250718_C10_04191.jpg,-1,/mnt/research-projects/j/jlgage/RawUAVData01/uavforslb/final_image/final_sliced/20250718_C10_04191.jpg
5131,C10,2025,7/20/25,2.5,7/21/25,20250721_C10_05131.jpg,1,/mnt/research-projects/j/jlgage/RawUAVData01/uavforslb/final_image/final_sliced/20250721_C10_05131.jpg
3231,C6B,2024,7/30/24,3.5,8/2/24,20240802_C6B_03231.jpg,3,/mnt/research-projects/j/jlgage/RawUAVData01/uavforslb/final_image/final_sliced/20240802_C6B_03231.jpg
4698,C10,2025,7/20/25,3.0,7/21/25,20250721_C10_04698.jpg,1,/mnt/research-projects/j/jlgage/RawUAVData01/uavforslb/final_image/final_sliced/20250721_C10_04698.jpg
2916,C6B,2024,7/15/24,8.5,7/18/24,20240718_C6B_02916.jpg,3,/mnt/research-projects/j/jlgage/RawUAVData01/uavforslb/final_image/final_sliced/20240718_C6B_02916.jpg
495,C7B,2025,6/30/25,5.5,7/1/25,20250701_C7B_00495.jpg,1,/mnt/research-projects/j/jlgage/RawUAVData01/uavforslb/final_image/final_sliced/20250701_C7B_00495.jpg
4376,C10,2025,6/30/25,6.5,6/28/25,20250628_C10_04376.jpg,-2,/mnt/research-projects/j/jlgage/RawUAVData01/uavforslb/final_image/final_sliced/20250628_C10_04376.jpg
4395,B7A,2024,7/30/24,3.0,7/27/24,20240727_B7A_04395.jpg,-3,/mnt/research-projects/j/jlgage/RawUAVData01/uavforslb/final_image/final_sliced/20240727_B7A_04395.jpg
5594,C10,2025,7/2/25,7.0,7/4/25,20250704_C10_05594.jpg,2,/mnt/research-projects/j/jlgage/RawUAVData01/uavforslb/final_image/final_sliced/20250704_C10_05594.jpg
651,C6B,2024,7/29/24,3.0,7/26/24,20240726_C6B_00651.jpg,-3,/mnt/research-projects/j/jlgage/RawUAVData01/uavforslb/final_image/final_sliced/20240726_C6B_00651.jpg
2892,C6B,2024,7/15/24,8.0,7/18/24,20240718_C6B_02892.jpg,3,/mnt/research-projects/j/jlgage/RawUAVData01/uavforslb/final_image/final_sliced/20240718_C6B_02892.jpg
2702,C7B,2025,7/8/25,8.0,7/7/25,20250707_C7B_02702.jpg,-1,/mnt/research-projects/j/jlgage/RawUAVData01/uavforslb/final_image/final_sliced/20250707_C7B_02702.jpg
1435,C6B,2024,7/29/24,7.0,7/26/24,20240726_C6B_01435.jpg,-3,/mnt/research-projects/j/jlgage/RawUAVData01/uavforslb/final_image/final_sliced/20240726_C6B_01435.jpg
2023,C6B,2024,7/29/24,2.0,7/26/24,20240726_C6B_02023.jpg,-3,/mnt/research-projects/j/jlgage/RawUAVData01/uavforslb/final_image/final_sliced/20240726_C6B_02023.jpg
1894,C6B,2024,7/19/24,4.5,7/18/24,20240718_C6B_01894.jpg,-1,/mnt/research-projects/j/jlgage/RawUAVData01/uavforslb/final_image/final_sliced/20240718_C6B_01894.jpg
4073,B7A,2024,7/30/24,4.0,7/27/24,20240727_B7A_04073.jpg,-3,/mnt/research-projects/j/jlgage/RawUAVData01/uavforslb/final_image/final_sliced/20240727_B7A_04073.jpg
155,C6B,2024,7/29/24,4.0,7/26/24,20240726_C6B_00155.jpg,-3,/mnt/research-projects/j/jlgage/RawUAVData01/uavforslb/final_image/final_sliced/20240726_C6B_00155.jpg
103,C7B,2025,6/30/25,7.0,7/1/25,20250701_C7B_00103.jpg,1,/mnt/research-projects/j/jlgage/RawUAVData01/uavforslb/final_image/final_sliced/20250701_C7B_00103.jpg
5286,C10,2025,7/11/25,5.5,7/11/25,20250711_C10_05286.jpg,0,/mnt/research-projects/j/jlgage/RawUAVData01/uavforslb/final_image/final_sliced/20250711_C10_05286.jpg
583,C7B,2025,6/30/25,7.0,7/1/25,20250701_C7B_00583.jpg,1,/mnt/research-projects/j/jlgage/RawUAVData01/uavforslb/final_image/final_sliced/20250701_C7B_00583.jpg
5002,C6B,2024,7/27/24,4.0,7/26/24,20240726_C6B_05002.jpg,-1,/mnt/research-projects/j/jlgage/RawUAVData01/uavforslb/final_image/final_sliced/20240726_C6B_05002.jpg
1070,C7B,2025,7/18/25,3.0,7/18/25,20250718_C7B_01070.jpg,0,/mnt/research-projects/j/jlgage/RawUAVData01/uavforslb/final_image/final_sliced/20250718_C7B_01070.jpg
3042,C6B,2024,7/15/24,8.0,7/18/24,20240718_C6B_03042.jpg,3,/mnt/research-projects/j/jlgage/RawUAVData01/uavforslb/final_image/final_sliced/20240718_C6B_03042.jpg
4753,C10,2025,7/20/25,3.0,7/21/25,20250721_C10_04753.jpg,1,/mnt/research-projects/j/jlgage/RawUAVData01/uavforslb/final_image/final_sliced/20250721_C10_04753.jpg
2621,C6B,2024,7/30/24,2.0,8/2/24,20240802_C6B_02621.jpg,3,/mnt/research-projects/j/jlgage/RawUAVData01/uavforslb/final_image/final_sliced/20240802_C6B_02621.jpg
5380,C10,2025,7/11/25,4.0,7/11/25,20250711_C10_05380.jpg,0,/mnt/research-projects/j/jlgage/RawUAVData01/uavforslb/final_image/final_sliced/20250711_C10_05380.jpg
4736,C10,2025,7/20/25,2.0,7/21/25,20250721_C10_04736.jpg,1,/mnt/research-projects/j/jlgage/RawUAVData01/uavforslb/final_image/final_sliced/20250721_C10_04736.jpg
718,C7B,2025,6/30/25,7.5,7/1/25,20250701_C7B_00718.jpg,1,/mnt/research-projects/j/jlgage/RawUAVData01/uavforslb/final_image/final_sliced/20250701_C7B_00718.jpg
3951,B7A,2024,7/15/24,8.5,7/16/24,20240716_B7A_03951.jpg,1,/mnt/research-projects/j/jlgage/RawUAVData01/uavforslb/final_image/final_sliced/20240716_B7A_03951.jpg
1995,C7B,2025,7/19/25,2.0,7/18/25,20250718_C7B_01995.jpg,-1,/mnt/research-projects/j/jlgage/RawUAVData01/uavforslb/final_image/final_sliced/20250718_C7B_01995.jpg
2712,C7B,2025,7/8/25,7.5,7/7/25,20250707_C7B_02712.jpg,-1,/mnt/research-projects/j/jlgage/RawUAVData01/uavforslb/final_image/final_sliced/20250707_C7B_02712.jpg
4431,B7A,2024,7/30/24,1.0,7/27/24,20240727_B7A_04431.jpg,-3,/mnt/research-projects/j/jlgage/RawUAVData01/uavforslb/final_image/final_sliced/20240727_B7A_04431.jpg
2780,C7B,2025,7/13/25,8.0,7/12/25,20250712_C7B_02780.jpg,-1,/mnt/research-projects/j/jlgage/RawUAVData01/uavforslb/final_image/final_sliced/20250712_C7B_02780.jpg
5963,C10,2025,7/11/25,6.5,7/11/25,20250711_C10_05963.jpg,0,/mnt/research-projects/j/jlgage/RawUAVData01/uavforslb/final_image/final_sliced/20250711_C10_05963.jpg
4477,B7A,2024,7/30/24,2.5,7/27/24,20240727_B7A_04477.jpg,-3,/mnt/research-projects/j/jlgage/RawUAVData01/uavforslb/final_image/final_sliced/20240727_B7A_04477.jpg
1220,C6B,2024,7/29/24,4.0,7/26/24,20240726_C6B_01220.jpg,-3,/mnt/research-projects/j/jlgage/RawUAVData01/uavforslb/final_image/final_sliced/20240726_C6B_01220.jpg
3881,B7A,2024,7/30/24,4.0,7/27/24,20240727_B7A_03881.jpg,-3,/mnt/research-projects/j/jlgage/RawUAVData01/uavforslb/final_image/final_sliced/20240727_B7A_03881.jpg
687,C7B,2025,7/18/25,5.0,7/18/25,20250718_C7B_00687.jpg,0,/mnt/research-projects/j/jlgage/RawUAVData01/uavforslb/final_image/final_sliced/20250718_C7B_00687.jpg
1650,C6B,2024,7/29/24,8.0,7/26/24,20240726_C6B_01650.jpg,-3,/mnt/research-projects/j/jlgage/RawUAVData01/uavforslb/final_image/final_sliced/20240726_C6B_01650.jpg
5936,C10,2025,7/19/25,2.5,7/18/25,20250718_C10_05936.jpg,-1,/mnt/research-projects/j/jlgage/RawUAVData01/uavforslb/final_image/final_sliced/20250718_C10_05936.jpg
3574,C6B,2024,7/30/24,2.0,8/2/24,20240802_C6B_03574.jpg,3,/mnt/research-projects/j/jlgage/RawUAVData01/uavforslb/final_image/final_sliced/20240802_C6B_03574.jpg
2636,C7B,2025,7/13/25,5.5,7/12/25,20250712_C7B_02636.jpg,-1,/mnt/research-projects/j/jlgage/RawUAVData01/uavforslb/final_image/final_sliced/20250712_C7B_02636.jpg
1770,C6B,2024,7/29/24,2.5,7/26/24,20240726_C6B_01770.jpg,-3,/mnt/research-projects/j/jlgage/RawUAVData01/uavforslb/final_image/final_sliced/20240726_C6B_01770.jpg
1963,C6B,2024,7/19/24,7.0,7/18/24,20240718_C6B_01963.jpg,-1,/mnt/research-projects/j/jlgage/RawUAVData01/uavforslb/final_image/final_sliced/20240718_C6B_01963.jpg
5049,C6B,2024,7/1/24,8.0,7/3/24,20240703_C6B_05049.jpg,2,/mnt/research-projects/j/jlgage/RawUAVData01/uavforslb/final_image/final_sliced/20240703_C6B_05049.jpg
1645,C6B,2024,7/29/24,2.0,7/26/24,20240726_C6B_01645.jpg,-3,/mnt/research-projects/j/jlgage/RawUAVData01/uavforslb/final_image/final_sliced/20240726_C6B_01645.jpg
5610,C10,2025,7/11/25,7.0,7/11/25,20250711_C10_05610.jpg,0,/mnt/research-projects/j/jlgage/RawUAVData01/uavforslb/final_image/final_sliced/20250711_C10_05610.jpg
1753,C6B,2024,7/19/24,8.5,7/18/24,20240718_C6B_01753.jpg,-1,/mnt/research-projects/j/jlgage/RawUAVData01/uavforslb/final_image/final_sliced/20240718_C6B_01753.jpg
664,C7B,2025,7/18/25,2.5,7/18/25,20250718_C7B_00664.jpg,0,/mnt/research-projects/j/jlgage/RawUAVData01/uavforslb/final_image/final_sliced/20250718_C7B_00664.jpg
3257,C6B,2024,7/30/24,3.0,8/2/24,20240802_C6B_03257.jpg,3,/mnt/research-projects/j/jlgage/RawUAVData01/uavforslb/final_image/final_sliced/20240802_C6B_03257.jpg
4844,C10,2025,7/11/25,5.0,7/11/25,20250711_C10_04844.jpg,0,/mnt/research-projects/j/jlgage/RawUAVData01/uavforslb/final_image/final_sliced/20250711_C10_04844.jpg
645,C7B,2025,7/10/25,6.0,7/10/25,20250710_C7B_00645.jpg,0,/mnt/research-projects/j/jlgage/RawUAVData01/uavforslb/final_image/final_sliced/20250710_C7B_00645.jpg
3053,C6B,2024,7/30/24,1.5,8/2/24,20240802_C6B_03053.jpg,3,/mnt/research-projects/j/jlgage/RawUAVData01/uavforslb/final_image/final_sliced/20240802_C6B_03053.jpg
1589,C7B,2025,7/1/25,7.5,7/1/25,20250701_C7B_01589.jpg,0,/mnt/research-projects/j/jlgage/RawUAVData01/uavforslb/final_image/final_sliced/20250701_C7B_01589.jpg
834,C7B,2025,7/18/25,2.0,7/18/25,20250718_C7B_00834.jpg,0,/mnt/research-projects/j/jlgage/RawUAVData01/uavforslb/final_image/final_sliced/20250718_C7B_00834.jpg
494,C7B,2025,7/18/25,2.5,7/18/25,20250718_C7B_00494.jpg,0,/mnt/research-projects/j/jlgage/RawUAVData01/uavforslb/final_image/final_sliced/20250718_C7B_00494.jpg
5005,C6B,2024,7/18/24,8.0,7/18/24,20240718_C6B_05005.jpg,0,/mnt/research-projects/j/jlgage/RawUAVData01/uavforslb/final_image/final_sliced/20240718_C6B_05005.jpg
3870,B7A,2024,7/15/24,8.0,7/16/24,20240716_B7A_03870.jpg,1,/mnt/research-projects/j/jlgage/RawUAVData01/uavforslb/final_image/final_sliced/20240716_B7A_03870.jpg
5281,C10,2025,7/2/25,7.0,7/4/25,20250704_C10_05281.jpg,2,/mnt/research-projects/j/jlgage/RawUAVData01/uavforslb/final_image/final_sliced/20250704_C10_05281.jpg
3085,C6B,2024,7/30/24,2.5,8/2/24,20240802_C6B_03085.jpg,3,/mnt/research-projects/j/jlgage/RawUAVData01/uavforslb/final_image/final_sliced/20240802_C6B_03085.jpg
8,C7B,2025,7/18/25,3.5,7/18/25,20250718_C7B_00008.jpg,0,/mnt/research-projects/j/jlgage/RawUAVData01/uavforslb/final_image/final_sliced/20250718_C7B_00008.jpg
3147,C6B,2024,7/30/24,1.0,8/2/24,20240802_C6B_03147.jpg,3,/mnt/research-projects/j/jlgage/RawUAVData01/uavforslb/final_image/final_sliced/20240802_C6B_03147.jpg
255,C7B,2025,7/10/25,6.0,7/10/25,20250710_C7B_00255.jpg,0,/mnt/research-projects/j/jlgage/RawUAVData01/uavforslb/final_image/final_sliced/20250710_C7B_00255.jpg
3440,C6B,2024,7/15/24,8.5,7/18/24,20240718_C6B_03440.jpg,3,/mnt/research-projects/j/jlgage/RawUAVData01/uavforslb/final_image/final_sliced/20240718_C6B_03440.jpg
6014,C10,2025,7/2/25,5.5,7/4/25,20250704_C10_06014.jpg,2,/mnt/research-projects/j/jlgage/RawUAVData01/uavforslb/final_image/final_sliced/20250704_C10_06014.jpg
3661,C6B,2024,7/15/24,8.0,7/18/24,20240718_C6B_03661.jpg,3,/mnt/research-projects/j/jlgage/RawUAVData01/uavforslb/final_image/final_sliced/20240718_C6B_03661.jpg
3279,C6B,2024,7/30/24,1.5,8/2/24,20240802_C6B_03279.jpg,3,/mnt/research-projects/j/jlgage/RawUAVData01/uavforslb/final_image/final_sliced/20240802_C6B_03279.jpg
1432,C7B,2025,7/1/25,5.0,7/1/25,20250701_C7B_01432.jpg,0,/mnt/research-projects/j/jlgage/RawUAVData01/uavforslb/final_image/final_sliced/20250701_C7B_01432.jpg
1220,C7B,2025,7/18/25,3.0,7/18/25,20250718_C7B_01220.jpg,0,/mnt/research-projects/j/jlgage/RawUAVData01/uavforslb/final_image/final_sliced/20250718_C7B_01220.jpg
91,C7B,2025,6/30/25,6.0,7/1/25,20250701_C7B_00091.jpg,1,/mnt/research-projects/j/jlgage/RawUAVData01/uavforslb/final_image/final_sliced/20250701_C7B_00091.jpg
4316,C10,2025,7/19/25,1.5,7/18/25,20250718_C10_04316.jpg,-1,/mnt/research-projects/j/jlgage/RawUAVData01/uavforslb/final_image/final_sliced/20250718_C10_04316.jpg
2842,C6B,2024,7/30/24,7.0,8/2/24,20240802_C6B_02842.jpg,3,/mnt/research-projects/j/jlgage/RawUAVData01/uavforslb/final_image/final_sliced/20240802_C6B_02842.jpg
5775,C10,2025,7/19/25,3.0,7/18/25,20250718_C10_05775.jpg,-1,/mnt/research-projects/j/jlgage/RawUAVData01/uavforslb/final_image/final_sliced/20250718_C10_05775.jpg
1793,C7B,2025,7/7/25,7.5,7/7/25,20250707_C7B_01793.jpg,0,/mnt/research-projects/j/jlgage/RawUAVData01/uavforslb/final_image/final_sliced/20250707_C7B_01793.jpg
2549,C6B,2024,7/18/24,6.5,7/18/24,20240718_C6B_02549.jpg,0,/mnt/research-projects/j/jlgage/RawUAVData01/uavforslb/final_image/final_sliced/20240718_C6B_02549.jpg
1670,C6B,2024,7/19/24,8.5,7/18/24,20240718_C6B_01670.jpg,-1,/mnt/research-projects/j/jlgage/RawUAVData01/uavforslb/final_image/final_sliced/20240718_C6B_01670.jpg
4981,C10,2025,7/11/25,5.0,7/11/25,20250711_C10_04981.jpg,0,/mnt/research-projects/j/jlgage/RawUAVData01/uavforslb/final_image/final_sliced/20250711_C10_04981.jpg
5705,C10,2025,7/1/25,6.5,6/28/25,20250628_C10_05705.jpg,-3,/mnt/research-projects/j/jlgage/RawUAVData01/uavforslb/final_image/final_sliced/20250628_C10_05705.jpg
4470,C10,2025,7/2/25,6.5,7/4/25,20250704_C10_04470.jpg,2,/mnt/research-projects/j/jlgage/RawUAVData01/uavforslb/final_image/final_sliced/20250704_C10_04470.jpg
4285,C10,2025,7/7/25,5.5,7/7/25,20250707_C10_04285.jpg,0,/mnt/research-projects/j/jlgage/RawUAVData01/uavforslb/final_image/final_sliced/20250707_C10_04285.jpg
4933,C10,2025,7/2/25,6.0,7/4/25,20250704_C10_04933.jpg,2,/mnt/research-projects/j/jlgage/RawUAVData01/uavforslb/final_image/final_sliced/20250704_C10_04933.jpg
3395,C6B,2024,7/15/24,8.5,7/18/24,20240718_C6B_03395.jpg,3,/mnt/research-projects/j/jlgage/RawUAVData01/uavforslb/final_image/final_sliced/20240718_C6B_03395.jpg
5522,B7A,2024,7/18/24,7.0,7/16/24,20240716_B7A_05522.jpg,-2,/mnt/research-projects/j/jlgage/RawUAVData01/uavforslb/final_image/final_sliced/20240716_B7A_05522.jpg
1612,C6B,2024,7/19/24,4.0,7/18/24,20240718_C6B_01612.jpg,-1,/mnt/research-projects/j/jlgage/RawUAVData01/uavforslb/final_image/final_sliced/20240718_C6B_01612.jpg
5039,C6B,2024,7/1/24,8.0,7/3/24,20240703_C6B_05039.jpg,2,/mnt/research-projects/j/jlgage/RawUAVData01/uavforslb/final_image/final_sliced/20240703_C6B_05039.jpg
3887,B7A,2024,7/15/24,5.0,7/16/24,20240716_B7A_03887.jpg,1,/mnt/research-projects/j/jlgage/RawUAVData01/uavforslb/final_image/final_sliced/20240716_B7A_03887.jpg
426,C6B,2024,7/19/24,8.0,7/18/24,20240718_C6B_00426.jpg,-1,/mnt/research-projects/j/jlgage/RawUAVData01/uavforslb/final_image/final_sliced/20240718_C6B_00426.jpg
3299,C6B,2024,7/15/24,8.0,7/18/24,20240718_C6B_03299.jpg,3,/mnt/research-projects/j/jlgage/RawUAVData01/uavforslb/final_image/final_sliced/20240718_C6B_03299.jpg
4266,C10,2025,7/7/25,5.0,7/7/25,20250707_C10_04266.jpg,0,/mnt/research-projects/j/jlgage/RawUAVData01/uavforslb/final_image/final_sliced/20250707_C10_04266.jpg
1901,C7B,2025,7/10/25,8.0,7/10/25,20250710_C7B_01901.jpg,0,/mnt/research-projects/j/jlgage/RawUAVData01/uavforslb/final_image/final_sliced/20250710_C7B_01901.jpg
4706,C10,2025,7/11/25,5.5,7/11/25,20250711_C10_04706.jpg,0,/mnt/research-projects/j/jlgage/RawUAVData01/uavforslb/final_image/final_sliced/20250711_C10_04706.jpg
5822,C10,2025,7/19/25,1.5,7/18/25,20250718_C10_05822.jpg,-1,/mnt/research-projects/j/jlgage/RawUAVData01/uavforslb/final_image/final_sliced/20250718_C10_05822.jpg
2648,C7B,2025,7/13/25,7.5,7/12/25,20250712_C7B_02648.jpg,-1,/mnt/research-projects/j/jlgage/RawUAVData01/uavforslb/final_image/final_sliced/20250712_C7B_02648.jpg
6870,C10,2025,7/8/25,7.5,7/7/25,20250707_C10_06870.jpg,-1,/mnt/research-projects/j/jlgage/RawUAVData01/uavforslb/final_image/final_sliced/20250707_C10_06870.jpg
4025,C10,2025,7/7/25,5.5,7/7/25,20250707_C10_04025.jpg,0,/mnt/research-projects/j/jlgage/RawUAVData01/uavforslb/final_image/final_sliced/20250707_C10_04025.jpg
4574,C10,2025,7/11/25,5.0,7/11/25,20250711_C10_04574.jpg,0,/mnt/research-projects/j/jlgage/RawUAVData01/uavforslb/final_image/final_sliced/20250711_C10_04574.jpg
1778,C7B,2025,7/10/25,6.5,7/10/25,20250710_C7B_01778.jpg,0,/mnt/research-projects/j/jlgage/RawUAVData01/uavforslb/final_image/final_sliced/20250710_C7B_01778.jpg
4669,C10,2025,7/2/25,6.0,7/4/25,20250704_C10_04669.jpg,2,/mnt/research-projects/j/jlgage/RawUAVData01/uavforslb/final_image/final_sliced/20250704_C10_04669.jpg
4187,B7A,2024,7/30/24,5.5,7/27/24,20240727_B7A_04187.jpg,-3,/mnt/research-projects/j/jlgage/RawUAVData01/uavforslb/final_image/final_sliced/20240727_B7A_04187.jpg
843,C7B,2025,7/18/25,5.0,7/18/25,20250718_C7B_00843.jpg,0,/mnt/research-projects/j/jlgage/RawUAVData01/uavforslb/final_image/final_sliced/20250718_C7B_00843.jpg
1864,C6B,2024,7/19/24,5.0,7/18/24,20240718_C6B_01864.jpg,-1,/mnt/research-projects/j/jlgage/RawUAVData01/uavforslb/final_image/final_sliced/20240718_C6B_01864.jpg
5050,C10,2025,7/20/25,1.5,7/21/25,20250721_C10_05050.jpg,1,/mnt/research-projects/j/jlgage/RawUAVData01/uavforslb/final_image/final_sliced/20250721_C10_05050.jpg
4473,C10,2025,7/2/25,6.0,7/4/25,20250704_C10_04473.jpg,2,/mnt/research-projects/j/jlgage/RawUAVData01/uavforslb/final_image/final_sliced/20250704_C10_04473.jpg
4472,C10,2025,7/1/25,6.0,6/28/25,20250628_C10_04472.jpg,-3,/mnt/research-projects/j/jlgage/RawUAVData01/uavforslb/final_image/final_sliced/20250628_C10_04472.jpg
3918,B7A,2024,7/15/24,8.0,7/16/24,20240716_B7A_03918.jpg,1,/mnt/research-projects/j/jlgage/RawUAVData01/uavforslb/final_image/final_sliced/20240716_B7A_03918.jpg
2783,C7B,2025,6/30/25,8.0,7/1/25,20250701_C7B_02783.jpg,1,/mnt/research-projects/j/jlgage/RawUAVData01/uavforslb/final_image/final_sliced/20250701_C7B_02783.jpg
4123,C10,2025,7/19/25,4.0,7/18/25,20250718_C10_04123.jpg,-1,/mnt/research-projects/j/jlgage/RawUAVData01/uavforslb/final_image/final_sliced/20250718_C10_04123.jpg
6657,C10,2025,7/18/25,3.0,7/18/25,20250718_C10_06657.jpg,0,/mnt/research-projects/j/jlgage/RawUAVData01/uavforslb/final_image/final_sliced/20250718_C10_06657.jpg
1130,C7B,2025,7/18/25,4.0,7/18/25,20250718_C7B_01130.jpg,0,/mnt/research-projects/j/jlgage/RawUAVData01/uavforslb/final_image/final_sliced/20250718_C7B_01130.jpg
186,C6B,2024,7/19/24,7.5,7/18/24,20240718_C6B_00186.jpg,-1,/mnt/research-projects/j/jlgage/RawUAVData01/uavforslb/final_image/final_sliced/20240718_C6B_00186.jpg
4218,C10,2025,7/11/25,8.0,7/11/25,20250711_C10_04218.jpg,0,/mnt/research-projects/j/jlgage/RawUAVData01/uavforslb/final_image/final_sliced/20250711_C10_04218.jpg
1540,C6B,2024,7/19/24,4.5,7/18/24,20240718_C6B_01540.jpg,-1,/mnt/research-projects/j/jlgage/RawUAVData01/uavforslb/final_image/final_sliced/20240718_C6B_01540.jpg
1513,C6B,2024,7/19/24,8.0,7/18/24,20240718_C6B_01513.jpg,-1,/mnt/research-projects/j/jlgage/RawUAVData01/uavforslb/final_image/final_sliced/20240718_C6B_01513.jpg
5884,C10,2025,7/11/25,5.0,7/11/25,20250711_C10_05884.jpg,0,/mnt/research-projects/j/jlgage/RawUAVData01/uavforslb/final_image/final_sliced/20250711_C10_05884.jpg
1071,C6B,2024,7/29/24,7.5,7/26/24,20240726_C6B_01071.jpg,-3,/mnt/research-projects/j/jlgage/RawUAVData01/uavforslb/final_image/final_sliced/20240726_C6B_01071.jpg
4178,B7A,2024,7/15/24,8.5,7/16/24,20240716_B7A_04178.jpg,1,/mnt/research-projects/j/jlgage/RawUAVData01/uavforslb/final_image/final_sliced/20240716_B7A_04178.jpg
3753,C6B,2024,7/15/24,8.0,7/18/24,20240718_C6B_03753.jpg,3,/mnt/research-projects/j/jlgage/RawUAVData01/uavforslb/final_image/final_sliced/20240718_C6B_03753.jpg
2735,C7B,2025,6/30/25,8.0,7/1/25,20250701_C7B_02735.jpg,1,/mnt/research-projects/j/jlgage/RawUAVData01/uavforslb/final_image/final_sliced/20250701_C7B_02735.jpg
530,C6B,2024,7/29/24,4.5,7/26/24,20240726_C6B_00530.jpg,-3,/mnt/research-projects/j/jlgage/RawUAVData01/uavforslb/final_image/final_sliced/20240726_C6B_00530.jpg
1554,C6B,2024,7/19/24,9.0,7/18/24,20240718_C6B_01554.jpg,-1,/mnt/research-projects/j/jlgage/RawUAVData01/uavforslb/final_image/final_sliced/20240718_C6B_01554.jpg
4476,B7A,2024,7/15/24,8.0,7/16/24,20240716_B7A_04476.jpg,1,/mnt/research-projects/j/jlgage/RawUAVData01/uavforslb/final_image/final_sliced/20240716_B7A_04476.jpg
630,C6B,2024,7/19/24,8.5,7/18/24,20240718_C6B_00630.jpg,-1,/mnt/research-projects/j/jlgage/RawUAVData01/uavforslb/final_image/final_sliced/20240718_C6B_00630.jpg
3179,C6B,2024,7/15/24,8.5,7/18/24,20240718_C6B_03179.jpg,3,/mnt/research-projects/j/jlgage/RawUAVData01/uavforslb/final_image/final_sliced/20240718_C6B_03179.jpg
4051,B7A,2024,7/30/24,2.0,7/27/24,20240727_B7A_04051.jpg,-3,/mnt/research-projects/j/jlgage/RawUAVData01/uavforslb/final_image/final_sliced/20240727_B7A_04051.jpg
1515,C7B,2025,7/1/25,7.0,7/1/25,20250701_C7B_01515.jpg,0,/mnt/research-projects/j/jlgage/RawUAVData01/uavforslb/final_image/final_sliced/20250701_C7B_01515.jpg
5503,B7A,2024,7/18/24,7.5,7/16/24,20240716_B7A_05503.jpg,-2,/mnt/research-projects/j/jlgage/RawUAVData01/uavforslb/final_image/final_sliced/20240716_B7A_05503.jpg
6017,C10,2025,7/19/25,4.0,7/18/25,20250718_C10_06017.jpg,-1,/mnt/research-projects/j/jlgage/RawUAVData01/uavforslb/final_image/final_sliced/20250718_C10_06017.jpg
4783,C10,2025,7/20/25,3.0,7/21/25,20250721_C10_04783.jpg,1,/mnt/research-projects/j/jlgage/RawUAVData01/uavforslb/final_image/final_sliced/20250721_C10_04783.jpg
1104,C7B,2025,7/1/25,5.0,7/1/25,20250701_C7B_01104.jpg,0,/mnt/research-projects/j/jlgage/RawUAVData01/uavforslb/final_image/final_sliced/20250701_C7B_01104.jpg
4199,B7A,2024,7/30/24,1.5,7/27/24,20240727_B7A_04199.jpg,-3,/mnt/research-projects/j/jlgage/RawUAVData01/uavforslb/final_image/final_sliced/20240727_B7A_04199.jpg
1252,C7B,2025,7/10/25,5.0,7/10/25,20250710_C7B_01252.jpg,0,/mnt/research-projects/j/jlgage/RawUAVData01/uavforslb/final_image/final_sliced/20250710_C7B_01252.jpg
1198,C6B,2024,7/19/24,8.0,7/18/24,20240718_C6B_01198.jpg,-1,/mnt/research-projects/j/jlgage/RawUAVData01/uavforslb/final_image/final_sliced/20240718_C6B_01198.jpg
4249,C10,2025,7/11/25,5.0,7/11/25,20250711_C10_04249.jpg,0,/mnt/research-projects/j/jlgage/RawUAVData01/uavforslb/final_image/final_sliced/20250711_C10_04249.jpg
5604,C10,2025,7/2/25,7.0,7/4/25,20250704_C10_05604.jpg,2,/mnt/research-projects/j/jlgage/RawUAVData01/uavforslb/final_image/final_sliced/20250704_C10_05604.jpg
4003,B7A,2024,7/30/24,2.0,7/27/24,20240727_B7A_04003.jpg,-3,/mnt/research-projects/j/jlgage/RawUAVData01/uavforslb/final_image/final_sliced/20240727_B7A_04003.jpg
1747,C6B,2024,7/29/24,3.0,7/26/24,20240726_C6B_01747.jpg,-3,/mnt/research-projects/j/jlgage/RawUAVData01/uavforslb/final_image/final_sliced/20240726_C6B_01747.jpg
645,C6B,2024,7/19/24,7.0,7/18/24,20240718_C6B_00645.jpg,-1,/mnt/research-projects/j/jlgage/RawUAVData01/uavforslb/final_image/final_sliced/20240718_C6B_00645.jpg
1491,C7B,2025,7/18/25,3.0,7/18/25,20250718_C7B_01491.jpg,0,/mnt/research-projects/j/jlgage/RawUAVData01/uavforslb/final_image/final_sliced/20250718_C7B_01491.jpg
348,C6B,2024,7/19/24,7.0,7/18/24,20240718_C6B_00348.jpg,-1,/mnt/research-projects/j/jlgage/RawUAVData01/uavforslb/final_image/final_sliced/20240718_C6B_00348.jpg
4614,C10,2025,7/11/25,4.0,7/11/25,20250711_C10_04614.jpg,0,/mnt/research-projects/j/jlgage/RawUAVData01/uavforslb/final_image/final_sliced/20250711_C10_04614.jpg
6847,C10,2025,7/8/25,8.0,7/7/25,20250707_C10_06847.jpg,-1,/mnt/research-projects/j/jlgage/RawUAVData01/uavforslb/final_image/final_sliced/20250707_C10_06847.jpg
833,C7B,2025,7/1/25,6.0,7/1/25,20250701_C7B_00833.jpg,0,/mnt/research-projects/j/jlgage/RawUAVData01/uavforslb/final_image/final_sliced/20250701_C7B_00833.jpg
3901,B7A,2024,7/15/24,8.5,7/16/24,20240716_B7A_03901.jpg,1,/mnt/research-projects/j/jlgage/RawUAVData01/uavforslb/final_image/final_sliced/20240716_B7A_03901.jpg
3245,C6B,2024,7/15/24,8.5,7/18/24,20240718_C6B_03245.jpg,3,/mnt/research-projects/j/jlgage/RawUAVData01/uavforslb/final_image/final_sliced/20240718_C6B_03245.jpg
1109,C6B,2024,7/29/24,5.5,7/26/24,20240726_C6B_01109.jpg,-3,/mnt/research-projects/j/jlgage/RawUAVData01/uavforslb/final_image/final_sliced/20240726_C6B_01109.jpg
1799,C7B,2025,7/7/25,5.5,7/7/25,20250707_C7B_01799.jpg,0,/mnt/research-projects/j/jlgage/RawUAVData01/uavforslb/final_image/final_sliced/20250707_C7B_01799.jpg
686,C7B,2025,6/30/25,7.0,7/1/25,20250701_C7B_00686.jpg,1,/mnt/research-projects/j/jlgage/RawUAVData01/uavforslb/final_image/final_sliced/20250701_C7B_00686.jpg
2929,C6B,2024,7/15/24,7.0,7/18/24,20240718_C6B_02929.jpg,3,/mnt/research-projects/j/jlgage/RawUAVData01/uavforslb/final_image/final_sliced/20240718_C6B_02929.jpg
872,C7B,2025,7/18/25,2.0,7/18/25,20250718_C7B_00872.jpg,0,/mnt/research-projects/j/jlgage/RawUAVData01/uavforslb/final_image/final_sliced/20250718_C7B_00872.jpg
6819,C10,2025,6/30/25,8.0,6/28/25,20250628_C10_06819.jpg,-2,/mnt/research-projects/j/jlgage/RawUAVData01/uavforslb/final_image/final_sliced/20250628_C10_06819.jpg
3139,C6B,2024,7/30/24,3.0,8/2/24,20240802_C6B_03139.jpg,3,/mnt/research-projects/j/jlgage/RawUAVData01/uavforslb/final_image/final_sliced/20240802_C6B_03139.jpg
1713,C7B,2025,7/1/25,8.0,7/1/25,20250701_C7B_01713.jpg,0,/mnt/research-projects/j/jlgage/RawUAVData01/uavforslb/final_image/final_sliced/20250701_C7B_01713.jpg
5922,C10,2025,7/1/25,7.0,6/28/25,20250628_C10_05922.jpg,-3,/mnt/research-projects/j/jlgage/RawUAVData01/uavforslb/final_image/final_sliced/20250628_C10_05922.jpg
2114,C6B,2024,7/19/24,5.0,7/18/24,20240718_C6B_02114.jpg,-1,/mnt/research-projects/j/jlgage/RawUAVData01/uavforslb/final_image/final_sliced/20240718_C6B_02114.jpg
5826,C10,2025,7/11/25,5.0,7/11/25,20250711_C10_05826.jpg,0,/mnt/research-projects/j/jlgage/RawUAVData01/uavforslb/final_image/final_sliced/20250711_C10_05826.jpg
5022,C6B,2024,7/1/24,8.5,7/3/24,20240703_C6B_05022.jpg,2,/mnt/research-projects/j/jlgage/RawUAVData01/uavforslb/final_image/final_sliced/20240703_C6B_05022.jpg
4118,B7A,2024,7/15/24,8.5,7/16/24,20240716_B7A_04118.jpg,1,/mnt/research-projects/j/jlgage/RawUAVData01/uavforslb/final_image/final_sliced/20240716_B7A_04118.jpg
1551,C6B,2024,7/19/24,8.0,7/18/24,20240718_C6B_01551.jpg,-1,/mnt/research-projects/j/jlgage/RawUAVData01/uavforslb/final_image/final_sliced/20240718_C6B_01551.jpg
536,C6B,2024,7/29/24,4.0,7/26/24,20240726_C6B_00536.jpg,-3,/mnt/research-projects/j/jlgage/RawUAVData01/uavforslb/final_image/final_sliced/20240726_C6B_00536.jpg
4536,B7A,2024,7/30/24,4.0,7/27/24,20240727_B7A_04536.jpg,-3,/mnt/research-projects/j/jlgage/RawUAVData01/uavforslb/final_image/final_sliced/20240727_B7A_04536.jpg
5470,C10,2025,7/11/25,5.0,7/11/25,20250711_C10_05470.jpg,0,/mnt/research-projects/j/jlgage/RawUAVData01/uavforslb/final_image/final_sliced/20250711_C10_05470.jpg
1793,C7B,2025,7/1/25,8.0,7/1/25,20250701_C7B_01793.jpg,0,/mnt/research-projects/j/jlgage/RawUAVData01/uavforslb/final_image/final_sliced/20250701_C7B_01793.jpg
4220,B7A,2024,7/15/24,8.0,7/16/24,20240716_B7A_04220.jpg,1,/mnt/research-projects/j/jlgage/RawUAVData01/uavforslb/final_image/final_sliced/20240716_B7A_04220.jpg
5067,C6B,2024,7/11/24,8.0,7/10/24,20240710_C6B_05067.jpg,-1,/mnt/research-projects/j/jlgage/RawUAVData01/uavforslb/final_image/final_sliced/20240710_C6B_05067.jpg
1356,C7B,2025,7/1/25,6.0,7/1/25,20250701_C7B_01356.jpg,0,/mnt/research-projects/j/jlgage/RawUAVData01/uavforslb/final_image/final_sliced/20250701_C7B_01356.jpg
1359,C7B,2025,7/10/25,6.5,7/10/25,20250710_C7B_01359.jpg,0,/mnt/research-projects/j/jlgage/RawUAVData01/uavforslb/final_image/final_sliced/20250710_C7B_01359.jpg
5148,C10,2025,7/11/25,4.0,7/11/25,20250711_C10_05148.jpg,0,/mnt/research-projects/j/jlgage/RawUAVData01/uavforslb/final_image/final_sliced/20250711_C10_05148.jpg
4406,B7A,2024,7/30/24,1.0,7/27/24,20240727_B7A_04406.jpg,-3,/mnt/research-projects/j/jlgage/RawUAVData01/uavforslb/final_image/final_sliced/20240727_B7A_04406.jpg
2984,C6B,2024,7/30/24,2.0,8/2/24,20240802_C6B_02984.jpg,3,/mnt/research-projects/j/jlgage/RawUAVData01/uavforslb/final_image/final_sliced/20240802_C6B_02984.jpg
5253,C10,2025,7/20/25,2.0,7/21/25,20250721_C10_05253.jpg,1,/mnt/research-projects/j/jlgage/RawUAVData01/uavforslb/final_image/final_sliced/20250721_C10_05253.jpg
2790,C6B,2024,7/30/24,4.0,8/2/24,20240802_C6B_02790.jpg,3,/mnt/research-projects/j/jlgage/RawUAVData01/uavforslb/final_image/final_sliced/20240802_C6B_02790.jpg
614,C7B,2025,7/18/25,4.0,7/18/25,20250718_C7B_00614.jpg,0,/mnt/research-projects/j/jlgage/RawUAVData01/uavforslb/final_image/final_sliced/20250718_C7B_00614.jpg
4450,C10,2025,7/19/25,4.0,7/18/25,20250718_C10_04450.jpg,-1,/mnt/research-projects/j/jlgage/RawUAVData01/uavforslb/final_image/final_sliced/20250718_C10_04450.jpg
3819,C6B,2024,7/30/24,2.0,8/2/24,20240802_C6B_03819.jpg,3,/mnt/research-projects/j/jlgage/RawUAVData01/uavforslb/final_image/final_sliced/20240802_C6B_03819.jpg
3217,C6B,2024,7/15/24,8.5,7/18/24,20240718_C6B_03217.jpg,3,/mnt/research-projects/j/jlgage/RawUAVData01/uavforslb/final_image/final_sliced/20240718_C6B_03217.jpg
867,C7B,2025,7/1/25,5.5,7/1/25,20250701_C7B_00867.jpg,0,/mnt/research-projects/j/jlgage/RawUAVData01/uavforslb/final_image/final_sliced/20250701_C7B_00867.jpg
5274,C10,2025,7/11/25,4.0,7/11/25,20250711_C10_05274.jpg,0,/mnt/research-projects/j/jlgage/RawUAVData01/uavforslb/final_image/final_sliced/20250711_C10_05274.jpg
5150,C10,2025,7/20/25,3.0,7/21/25,20250721_C10_05150.jpg,1,/mnt/research-projects/j/jlgage/RawUAVData01/uavforslb/final_image/final_sliced/20250721_C10_05150.jpg
1919,C6B,2024,7/29/24,5.0,7/26/24,20240726_C6B_01919.jpg,-3,/mnt/research-projects/j/jlgage/RawUAVData01/uavforslb/final_image/final_sliced/20240726_C6B_01919.jpg
1760,C6B,2024,7/19/24,8.0,7/18/24,20240718_C6B_01760.jpg,-1,/mnt/research-projects/j/jlgage/RawUAVData01/uavforslb/final_image/final_sliced/20240718_C6B_01760.jpg
1570,C6B,2024,7/29/24,5.0,7/26/24,20240726_C6B_01570.jpg,-3,/mnt/research-projects/j/jlgage/RawUAVData01/uavforslb/final_image/final_sliced/20240726_C6B_01570.jpg
5450,C10,2025,7/20/25,2.0,7/21/25,20250721_C10_05450.jpg,1,/mnt/research-projects/j/jlgage/RawUAVData01/uavforslb/final_image/final_sliced/20250721_C10_05450.jpg
1981,C6B,2024,7/29/24,2.5,7/26/24,20240726_C6B_01981.jpg,-3,/mnt/research-projects/j/jlgage/RawUAVData01/uavforslb/final_image/final_sliced/20240726_C6B_01981.jpg
5354,C10,2025,7/20/25,2.0,7/21/25,20250721_C10_05354.jpg,1,/mnt/research-projects/j/jlgage/RawUAVData01/uavforslb/final_image/final_sliced/20250721_C10_05354.jpg
5806,C10,2025,7/19/25,2.0,7/18/25,20250718_C10_05806.jpg,-1,/mnt/research-projects/j/jlgage/RawUAVData01/uavforslb/final_image/final_sliced/20250718_C10_05806.jpg
2807,C6B,2024,7/15/24,8.5,7/18/24,20240718_C6B_02807.jpg,3,/mnt/research-projects/j/jlgage/RawUAVData01/uavforslb/final_image/final_sliced/20240718_C6B_02807.jpg
2091,C6B,2024,7/29/24,1.5,7/26/24,20240726_C6B_02091.jpg,-3,/mnt/research-projects/j/jlgage/RawUAVData01/uavforslb/final_image/final_sliced/20240726_C6B_02091.jpg
280,C7B,2025,6/30/25,6.5,7/1/25,20250701_C7B_00280.jpg,1,/mnt/research-projects/j/jlgage/RawUAVData01/uavforslb/final_image/final_sliced/20250701_C7B_00280.jpg
4513,B7A,2024,7/30/24,1.5,7/27/24,20240727_B7A_04513.jpg,-3,/mnt/research-projects/j/jlgage/RawUAVData01/uavforslb/final_image/final_sliced/20240727_B7A_04513.jpg
281,C7B,2025,6/30/25,7.0,7/1/25,20250701_C7B_00281.jpg,1,/mnt/research-projects/j/jlgage/RawUAVData01/uavforslb/final_image/final_sliced/20250701_C7B_00281.jpg
1582,C6B,2024,7/19/24,8.5,7/18/24,20240718_C6B_01582.jpg,-1,/mnt/research-projects/j/jlgage/RawUAVData01/uavforslb/final_image/final_sliced/20240718_C6B_01582.jpg
2902,C6B,2024,7/30/24,4.5,8/2/24,20240802_C6B_02902.jpg,3,/mnt/research-projects/j/jlgage/RawUAVData01/uavforslb/final_image/final_sliced/20240802_C6B_02902.jpg
676,C6B,2024,7/19/24,7.0,7/18/24,20240718_C6B_00676.jpg,-1,/mnt/research-projects/j/jlgage/RawUAVData01/uavforslb/final_image/final_sliced/20240718_C6B_00676.jpg
812,C6B,2024,7/29/24,4.0,7/26/24,20240726_C6B_00812.jpg,-3,/mnt/research-projects/j/jlgage/RawUAVData01/uavforslb/final_image/final_sliced/20240726_C6B_00812.jpg
2550,C6B,2024,7/27/24,9.0,7/26/24,20240726_C6B_02550.jpg,-1,/mnt/research-projects/j/jlgage/RawUAVData01/uavforslb/final_image/final_sliced/20240726_C6B_02550.jpg
1406,C7B,2025,7/18/25,1.5,7/18/25,20250718_C7B_01406.jpg,0,/mnt/research-projects/j/jlgage/RawUAVData01/uavforslb/final_image/final_sliced/20250718_C7B_01406.jpg
564,C6B,2024,7/19/24,6.5,7/18/24,20240718_C6B_00564.jpg,-1,/mnt/research-projects/j/jlgage/RawUAVData01/uavforslb/final_image/final_sliced/20240718_C6B_00564.jpg
1372,C7B,2025,7/18/25,1.5,7/18/25,20250718_C7B_01372.jpg,0,/mnt/research-projects/j/jlgage/RawUAVData01/uavforslb/final_image/final_sliced/20250718_C7B_01372.jpg
843,C6B,2024,7/19/24,8.0,7/18/24,20240718_C6B_00843.jpg,-1,/mnt/research-projects/j/jlgage/RawUAVData01/uavforslb/final_image/final_sliced/20240718_C6B_00843.jpg
5563,B7A,2024,7/11/24,7.5,7/10/24,20240710_B7A_05563.jpg,-1,/mnt/research-projects/j/jlgage/RawUAVData01/uavforslb/final_image/final_sliced/20240710_B7A_05563.jpg
3761,C6B,2024,7/15/24,8.5,7/18/24,20240718_C6B_03761.jpg,3,/mnt/research-projects/j/jlgage/RawUAVData01/uavforslb/final_image/final_sliced/20240718_C6B_03761.jpg
4013,C10,2025,7/11/25,6.0,7/11/25,20250711_C10_04013.jpg,0,/mnt/research-projects/j/jlgage/RawUAVData01/uavforslb/final_image/final_sliced/20250711_C10_04013.jpg
407,C7B,2025,7/10/25,6.5,7/10/25,20250710_C7B_00407.jpg,0,/mnt/research-projects/j/jlgage/RawUAVData01/uavforslb/final_image/final_sliced/20250710_C7B_00407.jpg
2525,C6B,2024,7/11/24,7.5,7/10/24,20240710_C6B_02525.jpg,-1,/mnt/research-projects/j/jlgage/RawUAVData01/uavforslb/final_image/final_sliced/20240710_C6B_02525.jpg
652,C7B,2025,7/10/25,6.0,7/10/25,20250710_C7B_00652.jpg,0,/mnt/research-projects/j/jlgage/RawUAVData01/uavforslb/final_image/final_sliced/20250710_C7B_00652.jpg
1179,C7B,2025,7/1/25,7.5,7/1/25,20250701_C7B_01179.jpg,0,/mnt/research-projects/j/jlgage/RawUAVData01/uavforslb/final_image/final_sliced/20250701_C7B_01179.jpg
137,C6B,2024,7/29/24,4.0,7/26/24,20240726_C6B_00137.jpg,-3,/mnt/research-projects/j/jlgage/RawUAVData01/uavforslb/final_image/final_sliced/20240726_C6B_00137.jpg
748,C7B,2025,7/18/25,2.0,7/18/25,20250718_C7B_00748.jpg,0,/mnt/research-projects/j/jlgage/RawUAVData01/uavforslb/final_image/final_sliced/20250718_C7B_00748.jpg
1254,C7B,2025,7/1/25,6.0,7/1/25,20250701_C7B_01254.jpg,0,/mnt/research-projects/j/jlgage/RawUAVData01/uavforslb/final_image/final_sliced/20250701_C7B_01254.jpg
3493,C6B,2024,7/15/24,6.5,7/18/24,20240718_C6B_03493.jpg,3,/mnt/research-projects/j/jlgage/RawUAVData01/uavforslb/final_image/final_sliced/20240718_C6B_03493.jpg
4679,C10,2025,7/20/25,2.5,7/21/25,20250721_C10_04679.jpg,1,/mnt/research-projects/j/jlgage/RawUAVData01/uavforslb/final_image/final_sliced/20250721_C10_04679.jpg
3672,C6B,2024,7/30/24,2.0,8/2/24,20240802_C6B_03672.jpg,3,/mnt/research-projects/j/jlgage/RawUAVData01/uavforslb/final_image/final_sliced/20240802_C6B_03672.jpg
5228,C10,2025,7/2/25,5.5,7/4/25,20250704_C10_05228.jpg,2,/mnt/research-projects/j/jlgage/RawUAVData01/uavforslb/final_image/final_sliced/20250704_C10_05228.jpg
806,C6B,2024,7/19/24,8.5,7/18/24,20240718_C6B_00806.jpg,-1,/mnt/research-projects/j/jlgage/RawUAVData01/uavforslb/final_image/final_sliced/20240718_C6B_00806.jpg
2638,C7B,2025,7/18/25,8.0,7/18/25,20250718_C7B_02638.jpg,0,/mnt/research-projects/j/jlgage/RawUAVData01/uavforslb/final_image/final_sliced/20250718_C7B_02638.jpg
4212,C10,2025,6/30/25,7.0,6/28/25,20250628_C10_04212.jpg,-2,/mnt/research-projects/j/jlgage/RawUAVData01/uavforslb/final_image/final_sliced/20250628_C10_04212.jpg
5061,C6B,2024,7/27/24,7.0,7/26/24,20240726_C6B_05061.jpg,-1,/mnt/research-projects/j/jlgage/RawUAVData01/uavforslb/final_image/final_sliced/20240726_C6B_05061.jpg
478,C7B,2025,7/18/25,4.0,7/18/25,20250718_C7B_00478.jpg,0,/mnt/research-projects/j/jlgage/RawUAVData01/uavforslb/final_image/final_sliced/20250718_C7B_00478.jpg
5702,C10,2025,7/1/25,7.0,6/28/25,20250628_C10_05702.jpg,-3,/mnt/research-projects/j/jlgage/RawUAVData01/uavforslb/final_image/final_sliced/20250628_C10_05702.jpg
1975,C6B,2024,7/19/24,7.0,7/18/24,20240718_C6B_01975.jpg,-1,/mnt/research-projects/j/jlgage/RawUAVData01/uavforslb/final_image/final_sliced/20240718_C6B_01975.jpg
3599,C6B,2024,7/30/24,4.0,8/2/24,20240802_C6B_03599.jpg,3,/mnt/research-projects/j/jlgage/RawUAVData01/uavforslb/final_image/final_sliced/20240802_C6B_03599.jpg
886,C6B,2024,7/29/24,5.5,7/26/24,20240726_C6B_00886.jpg,-3,/mnt/research-projects/j/jlgage/RawUAVData01/uavforslb/final_image/final_sliced/20240726_C6B_00886.jpg
4344,C10,2025,7/19/25,2.0,7/18/25,20250718_C10_04344.jpg,-1,/mnt/research-projects/j/jlgage/RawUAVData01/uavforslb/final_image/final_sliced/20250718_C10_04344.jpg
1783,C6B,2024,7/29/24,5.0,7/26/24,20240726_C6B_01783.jpg,-3,/mnt/research-projects/j/jlgage/RawUAVData01/uavforslb/final_image/final_sliced/20240726_C6B_01783.jpg
1407,C7B,2025,7/18/25,2.5,7/18/25,20250718_C7B_01407.jpg,0,/mnt/research-projects/j/jlgage/RawUAVData01/uavforslb/final_image/final_sliced/20250718_C7B_01407.jpg
4230,B7A,2024,7/30/24,1.5,7/27/24,20240727_B7A_04230.jpg,-3,/mnt/research-projects/j/jlgage/RawUAVData01/uavforslb/final_image/final_sliced/20240727_B7A_04230.jpg
823,C6B,2024,7/19/24,8.0,7/18/24,20240718_C6B_00823.jpg,-1,/mnt/research-projects/j/jlgage/RawUAVData01/uavforslb/final_image/final_sliced/20240718_C6B_00823.jpg
2673,C7B,2025,7/8/25,7.5,7/7/25,20250707_C7B_02673.jpg,-1,/mnt/research-projects/j/jlgage/RawUAVData01/uavforslb/final_image/final_sliced/20250707_C7B_02673.jpg
90,C7B,2025,7/10/25,5.5,7/10/25,20250710_C7B_00090.jpg,0,/mnt/research-projects/j/jlgage/RawUAVData01/uavforslb/final_image/final_sliced/20250710_C7B_00090.jpg
6706,C10,2025,7/14/25,6.0,7/14/25,20250714_C10_06706.jpg,0,/mnt/research-projects/j/jlgage/RawUAVData01/uavforslb/final_image/final_sliced/20250714_C10_06706.jpg
4115,B7A,2024,7/15/24,7.5,7/16/24,20240716_B7A_04115.jpg,1,/mnt/research-projects/j/jlgage/RawUAVData01/uavforslb/final_image/final_sliced/20240716_B7A_04115.jpg
205,C7B,2025,7/18/25,6.0,7/18/25,20250718_C7B_00205.jpg,0,/mnt/research-projects/j/jlgage/RawUAVData01/uavforslb/final_image/final_sliced/20250718_C7B_00205.jpg
962,C6B,2024,7/19/24,8.5,7/18/24,20240718_C6B_00962.jpg,-1,/mnt/research-projects/j/jlgage/RawUAVData01/uavforslb/final_image/final_sliced/20240718_C6B_00962.jpg
574,C6B,2024,7/19/24,8.5,7/18/24,20240718_C6B_00574.jpg,-1,/mnt/research-projects/j/jlgage/RawUAVData01/uavforslb/final_image/final_sliced/20240718_C6B_00574.jpg
1970,C6B,2024,7/29/24,3.0,7/26/24,20240726_C6B_01970.jpg,-3,/mnt/research-projects/j/jlgage/RawUAVData01/uavforslb/final_image/final_sliced/20240726_C6B_01970.jpg
3713,C6B,2024,7/30/24,2.0,8/2/24,20240802_C6B_03713.jpg,3,/mnt/research-projects/j/jlgage/RawUAVData01/uavforslb/final_image/final_sliced/20240802_C6B_03713.jpg
1769,C6B,2024,7/29/24,4.0,7/26/24,20240726_C6B_01769.jpg,-3,/mnt/research-projects/j/jlgage/RawUAVData01/uavforslb/final_image/final_sliced/20240726_C6B_01769.jpg
2786,C6B,2024,7/30/24,4.0,8/2/24,20240802_C6B_02786.jpg,3,/mnt/research-projects/j/jlgage/RawUAVData01/uavforslb/final_image/final_sliced/20240802_C6B_02786.jpg
2023,C7B,2025,7/7/25,7.5,7/7/25,20250707_C7B_02023.jpg,0,/mnt/research-projects/j/jlgage/RawUAVData01/uavforslb/final_image/final_sliced/20250707_C7B_02023.jpg
283,C6B,2024,7/19/24,8.5,7/18/24,20240718_C6B_00283.jpg,-1,/mnt/research-projects/j/jlgage/RawUAVData01/uavforslb/final_image/final_sliced/20240718_C6B_00283.jpg
4194,B7A,2024,7/30/24,3.5,7/27/24,20240727_B7A_04194.jpg,-3,/mnt/research-projects/j/jlgage/RawUAVData01/uavforslb/final_image/final_sliced/20240727_B7A_04194.jpg
5046,C6B,2024,7/11/24,8.0,7/10/24,20240710_C6B_05046.jpg,-1,/mnt/research-projects/j/jlgage/RawUAVData01/uavforslb/final_image/final_sliced/20240710_C6B_05046.jpg
4287,B7A,2024,7/15/24,7.0,7/16/24,20240716_B7A_04287.jpg,1,/mnt/research-projects/j/jlgage/RawUAVData01/uavforslb/final_image/final_sliced/20240716_B7A_04287.jpg
496,C6B,2024,7/29/24,3.0,7/26/24,20240726_C6B_00496.jpg,-3,/mnt/research-projects/j/jlgage/RawUAVData01/uavforslb/final_image/final_sliced/20240726_C6B_00496.jpg
4335,B7A,2024,7/30/24,1.0,7/27/24,20240727_B7A_04335.jpg,-3,/mnt/research-projects/j/jlgage/RawUAVData01/uavforslb/final_image/final_sliced/20240727_B7A_04335.jpg
3810,C6B,2024,7/30/24,2.0,8/2/24,20240802_C6B_03810.jpg,3,/mnt/research-projects/j/jlgage/RawUAVData01/uavforslb/final_image/final_sliced/20240802_C6B_03810.jpg
2625,C6B,2024,7/15/24,5.5,7/18/24,20240718_C6B_02625.jpg,3,/mnt/research-projects/j/jlgage/RawUAVData01/uavforslb/final_image/final_sliced/20240718_C6B_02625.jpg
2834,C6B,2024,7/15/24,8.5,7/18/24,20240718_C6B_02834.jpg,3,/mnt/research-projects/j/jlgage/RawUAVData01/uavforslb/final_image/final_sliced/20240718_C6B_02834.jpg
131,C7B,2025,7/18/25,5.0,7/18/25,20250718_C7B_00131.jpg,0,/mnt/research-projects/j/jlgage/RawUAVData01/uavforslb/final_image/final_sliced/20250718_C7B_00131.jpg
3359,C6B,2024,7/30/24,1.5,8/2/24,20240802_C6B_03359.jpg,3,/mnt/research-projects/j/jlgage/RawUAVData01/uavforslb/final_image/final_sliced/20240802_C6B_03359.jpg
6851,C10,2025,7/14/25,4.0,7/14/25,20250714_C10_06851.jpg,0,/mnt/research-projects/j/jlgage/RawUAVData01/uavforslb/final_image/final_sliced/20250714_C10_06851.jpg
2626,C6B,2024,7/30/24,4.0,8/2/24,20240802_C6B_02626.jpg,3,/mnt/research-projects/j/jlgage/RawUAVData01/uavforslb/final_image/final_sliced/20240802_C6B_02626.jpg
3492,C6B,2024,7/30/24,1.5,8/2/24,20240802_C6B_03492.jpg,3,/mnt/research-projects/j/jlgage/RawUAVData01/uavforslb/final_image/final_sliced/20240802_C6B_03492.jpg
635,C6B,2024,7/29/24,4.0,7/26/24,20240726_C6B_00635.jpg,-3,/mnt/research-projects/j/jlgage/RawUAVData01/uavforslb/final_image/final_sliced/20240726_C6B_00635.jpg
1950,C7B,2025,7/7/25,5.0,7/7/25,20250707_C7B_01950.jpg,0,/mnt/research-projects/j/jlgage/RawUAVData01/uavforslb/final_image/final_sliced/20250707_C7B_01950.jpg
4658,B7A,2024,7/15/24,8.5,7/16/24,20240716_B7A_04658.jpg,1,/mnt/research-projects/j/jlgage/RawUAVData01/uavforslb/final_image/final_sliced/20240716_B7A_04658.jpg
4495,B7A,2024,7/30/24,2.5,7/27/24,20240727_B7A_04495.jpg,-3,/mnt/research-projects/j/jlgage/RawUAVData01/uavforslb/final_image/final_sliced/20240727_B7A_04495.jpg
2641,C7B,2025,7/8/25,7.5,7/7/25,20250707_C7B_02641.jpg,-1,/mnt/research-projects/j/jlgage/RawUAVData01/uavforslb/final_image/final_sliced/20250707_C7B_02641.jpg
5606,C10,2025,7/11/25,3.5,7/11/25,20250711_C10_05606.jpg,0,/mnt/research-projects/j/jlgage/RawUAVData01/uavforslb/final_image/final_sliced/20250711_C10_05606.jpg
5568,C10,2025,7/2/25,6.5,7/4/25,20250704_C10_05568.jpg,2,/mnt/research-projects/j/jlgage/RawUAVData01/uavforslb/final_image/final_sliced/20250704_C10_05568.jpg
311,C6B,2024,7/19/24,8.5,7/18/24,20240718_C6B_00311.jpg,-1,/mnt/research-projects/j/jlgage/RawUAVData01/uavforslb/final_image/final_sliced/20240718_C6B_00311.jpg
698,C6B,2024,7/29/24,4.0,7/26/24,20240726_C6B_00698.jpg,-3,/mnt/research-projects/j/jlgage/RawUAVData01/uavforslb/final_image/final_sliced/20240726_C6B_00698.jpg
1206,C6B,2024,7/29/24,5.0,7/26/24,20240726_C6B_01206.jpg,-3,/mnt/research-projects/j/jlgage/RawUAVData01/uavforslb/final_image/final_sliced/20240726_C6B_01206.jpg
2660,C7B,2025,7/8/25,7.5,7/7/25,20250707_C7B_02660.jpg,-1,/mnt/research-projects/j/jlgage/RawUAVData01/uavforslb/final_image/final_sliced/20250707_C7B_02660.jpg
547,C6B,2024,7/29/24,4.0,7/26/24,20240726_C6B_00547.jpg,-3,/mnt/research-projects/j/jlgage/RawUAVData01/uavforslb/final_image/final_sliced/20240726_C6B_00547.jpg
1787,C7B,2025,7/10/25,4.0,7/10/25,20250710_C7B_01787.jpg,0,/mnt/research-projects/j/jlgage/RawUAVData01/uavforslb/final_image/final_sliced/20250710_C7B_01787.jpg
160,C7B,2025,7/10/25,8.0,7/10/25,20250710_C7B_00160.jpg,0,/mnt/research-projects/j/jlgage/RawUAVData01/uavforslb/final_image/final_sliced/20250710_C7B_00160.jpg
4941,C10,2025,7/2/25,6.0,7/4/25,20250704_C10_04941.jpg,2,/mnt/research-projects/j/jlgage/RawUAVData01/uavforslb/final_image/final_sliced/20250704_C10_04941.jpg
2609,C6B,2024,7/15/24,8.5,7/18/24,20240718_C6B_02609.jpg,3,/mnt/research-projects/j/jlgage/RawUAVData01/uavforslb/final_image/final_sliced/20240718_C6B_02609.jpg
539,C6B,2024,7/19/24,7.5,7/18/24,20240718_C6B_00539.jpg,-1,/mnt/research-projects/j/jlgage/RawUAVData01/uavforslb/final_image/final_sliced/20240718_C6B_00539.jpg
4952,C10,2025,7/11/25,4.0,7/11/25,20250711_C10_04952.jpg,0,/mnt/research-projects/j/jlgage/RawUAVData01/uavforslb/final_image/final_sliced/20250711_C10_04952.jpg
630,C7B,2025,7/18/25,3.0,7/18/25,20250718_C7B_00630.jpg,0,/mnt/research-projects/j/jlgage/RawUAVData01/uavforslb/final_image/final_sliced/20250718_C7B_00630.jpg
5932,C10,2025,7/1/25,8.0,6/28/25,20250628_C10_05932.jpg,-3,/mnt/research-projects/j/jlgage/RawUAVData01/uavforslb/final_image/final_sliced/20250628_C10_05932.jpg
4417,C10,2025,7/19/25,2.5,7/18/25,20250718_C10_04417.jpg,-1,/mnt/research-projects/j/jlgage/RawUAVData01/uavforslb/final_image/final_sliced/20250718_C10_04417.jpg
3218,C6B,2024,7/15/24,8.5,7/18/24,20240718_C6B_03218.jpg,3,/mnt/research-projects/j/jlgage/RawUAVData01/uavforslb/final_image/final_sliced/20240718_C6B_03218.jpg
3696,C6B,2024,7/30/24,1.5,8/2/24,20240802_C6B_03696.jpg,3,/mnt/research-projects/j/jlgage/RawUAVData01/uavforslb/final_image/final_sliced/20240802_C6B_03696.jpg
1375,C7B,2025,7/10/25,5.0,7/10/25,20250710_C7B_01375.jpg,0,/mnt/research-projects/j/jlgage/RawUAVData01/uavforslb/final_image/final_sliced/20250710_C7B_01375.jpg
4763,C10,2025,7/11/25,5.0,7/11/25,20250711_C10_04763.jpg,0,/mnt/research-projects/j/jlgage/RawUAVData01/uavforslb/final_image/final_sliced/20250711_C10_04763.jpg
210,C6B,2024,7/19/24,8.5,7/18/24,20240718_C6B_00210.jpg,-1,/mnt/research-projects/j/jlgage/RawUAVData01/uavforslb/final_image/final_sliced/20240718_C6B_00210.jpg
4229,B7A,2024,7/30/24,1.5,7/27/24,20240727_B7A_04229.jpg,-3,/mnt/research-projects/j/jlgage/RawUAVData01/uavforslb/final_image/final_sliced/20240727_B7A_04229.jpg
367,C6B,2024,7/19/24,8.5,7/18/24,20240718_C6B_00367.jpg,-1,/mnt/research-projects/j/jlgage/RawUAVData01/uavforslb/final_image/final_sliced/20240718_C6B_00367.jpg
6655,C10,2025,7/3/25,7.0,7/4/25,20250704_C10_06655.jpg,1,/mnt/research-projects/j/jlgage/RawUAVData01/uavforslb/final_image/final_sliced/20250704_C10_06655.jpg
2161,C6B,2024,7/19/24,4.0,7/18/24,20240718_C6B_02161.jpg,-1,/mnt/research-projects/j/jlgage/RawUAVData01/uavforslb/final_image/final_sliced/20240718_C6B_02161.jpg
1892,C7B,2025,7/10/25,7.0,7/10/25,20250710_C7B_01892.jpg,0,/mnt/research-projects/j/jlgage/RawUAVData01/uavforslb/final_image/final_sliced/20250710_C7B_01892.jpg
2700,C6B,2024,7/15/24,8.0,7/18/24,20240718_C6B_02700.jpg,3,/mnt/research-projects/j/jlgage/RawUAVData01/uavforslb/final_image/final_sliced/20240718_C6B_02700.jpg
5001,C6B,2024,7/1/24,8.5,7/3/24,20240703_C6B_05001.jpg,2,/mnt/research-projects/j/jlgage/RawUAVData01/uavforslb/final_image/final_sliced/20240703_C6B_05001.jpg
3825,B7A,2024,7/30/24,1.5,7/27/24,20240727_B7A_03825.jpg,-3,/mnt/research-projects/j/jlgage/RawUAVData01/uavforslb/final_image/final_sliced/20240727_B7A_03825.jpg
4293,C10,2025,6/30/25,7.5,6/28/25,20250628_C10_04293.jpg,-2,/mnt/research-projects/j/jlgage/RawUAVData01/uavforslb/final_image/final_sliced/20250628_C10_04293.jpg
3293,C6B,2024,7/30/24,1.5,8/2/24,20240802_C6B_03293.jpg,3,/mnt/research-projects/j/jlgage/RawUAVData01/uavforslb/final_image/final_sliced/20240802_C6B_03293.jpg
2726,C6B,2024,7/15/24,7.5,7/18/24,20240718_C6B_02726.jpg,3,/mnt/research-projects/j/jlgage/RawUAVData01/uavforslb/final_image/final_sliced/20240718_C6B_02726.jpg
3341,C6B,2024,7/30/24,3.5,8/2/24,20240802_C6B_03341.jpg,3,/mnt/research-projects/j/jlgage/RawUAVData01/uavforslb/final_image/final_sliced/20240802_C6B_03341.jpg
920,C6B,2024,7/19/24,5.0,7/18/24,20240718_C6B_00920.jpg,-1,/mnt/research-projects/j/jlgage/RawUAVData01/uavforslb/final_image/final_sliced/20240718_C6B_00920.jpg
5455,C10,2025,7/11/25,4.0,7/11/25,20250711_C10_05455.jpg,0,/mnt/research-projects/j/jlgage/RawUAVData01/uavforslb/final_image/final_sliced/20250711_C10_05455.jpg
1517,C7B,2025,7/18/25,3.0,7/18/25,20250718_C7B_01517.jpg,0,/mnt/research-projects/j/jlgage/RawUAVData01/uavforslb/final_image/final_sliced/20250718_C7B_01517.jpg
2833,C7B,2025,7/18/25,6.5,7/18/25,20250718_C7B_02833.jpg,0,/mnt/research-projects/j/jlgage/RawUAVData01/uavforslb/final_image/final_sliced/20250718_C7B_02833.jpg
4436,C10,2025,7/11/25,4.5,7/11/25,20250711_C10_04436.jpg,0,/mnt/research-projects/j/jlgage/RawUAVData01/uavforslb/final_image/final_sliced/20250711_C10_04436.jpg
1215,C6B,2024,7/19/24,8.0,7/18/24,20240718_C6B_01215.jpg,-1,/mnt/research-projects/j/jlgage/RawUAVData01/uavforslb/final_image/final_sliced/20240718_C6B_01215.jpg
3659,C6B,2024,7/15/24,8.5,7/18/24,20240718_C6B_03659.jpg,3,/mnt/research-projects/j/jlgage/RawUAVData01/uavforslb/final_image/final_sliced/20240718_C6B_03659.jpg
4656,C10,2025,7/2/25,6.0,7/4/25,20250704_C10_04656.jpg,2,/mnt/research-projects/j/jlgage/RawUAVData01/uavforslb/final_image/final_sliced/20250704_C10_04656.jpg
4433,B7A,2024,7/30/24,1.5,7/27/24,20240727_B7A_04433.jpg,-3,/mnt/research-projects/j/jlgage/RawUAVData01/uavforslb/final_image/final_sliced/20240727_B7A_04433.jpg
4042,C10,2025,7/7/25,8.0,7/7/25,20250707_C10_04042.jpg,0,/mnt/research-projects/j/jlgage/RawUAVData01/uavforslb/final_image/final_sliced/20250707_C10_04042.jpg
801,C6B,2024,7/19/24,5.0,7/18/24,20240718_C6B_00801.jpg,-1,/mnt/research-projects/j/jlgage/RawUAVData01/uavforslb/final_image/final_sliced/20240718_C6B_00801.jpg
39,C7B,2025,7/18/25,7.5,7/18/25,20250718_C7B_00039.jpg,0,/mnt/research-projects/j/jlgage/RawUAVData01/uavforslb/final_image/final_sliced/20250718_C7B_00039.jpg
691,C7B,2025,6/30/25,7.5,7/1/25,20250701_C7B_00691.jpg,1,/mnt/research-projects/j/jlgage/RawUAVData01/uavforslb/final_image/final_sliced/20250701_C7B_00691.jpg
327,C7B,2025,7/4/25,7.5,7/4/25,20250704_C7B_00327.jpg,0,/mnt/research-projects/j/jlgage/RawUAVData01/uavforslb/final_image/final_sliced/20250704_C7B_00327.jpg
6790,C10,2025,7/8/25,8.5,7/7/25,20250707_C10_06790.jpg,-1,/mnt/research-projects/j/jlgage/RawUAVData01/uavforslb/final_image/final_sliced/20250707_C10_06790.jpg
2109,C6B,2024,7/29/24,4.0,7/26/24,20240726_C6B_02109.jpg,-3,/mnt/research-projects/j/jlgage/RawUAVData01/uavforslb/final_image/final_sliced/20240726_C6B_02109.jpg
1150,C6B,2024,7/29/24,6.0,7/26/24,20240726_C6B_01150.jpg,-3,/mnt/research-projects/j/jlgage/RawUAVData01/uavforslb/final_image/final_sliced/20240726_C6B_01150.jpg
1993,C7B,2025,7/19/25,5.0,7/18/25,20250718_C7B_01993.jpg,-1,/mnt/research-projects/j/jlgage/RawUAVData01/uavforslb/final_image/final_sliced/20250718_C7B_01993.jpg
1512,C6B,2024,7/29/24,4.0,7/26/24,20240726_C6B_01512.jpg,-3,/mnt/research-projects/j/jlgage/RawUAVData01/uavforslb/final_image/final_sliced/20240726_C6B_01512.jpg
3806,C6B,2024,7/15/24,8.0,7/18/24,20240718_C6B_03806.jpg,3,/mnt/research-projects/j/jlgage/RawUAVData01/uavforslb/final_image/final_sliced/20240718_C6B_03806.jpg
1274,C6B,2024,7/19/24,7.5,7/18/24,20240718_C6B_01274.jpg,-1,/mnt/research-projects/j/jlgage/RawUAVData01/uavforslb/final_image/final_sliced/20240718_C6B_01274.jpg
499,C7B,2025,7/18/25,3.0,7/18/25,20250718_C7B_00499.jpg,0,/mnt/research-projects/j/jlgage/RawUAVData01/uavforslb/final_image/final_sliced/20250718_C7B_00499.jpg
764,C6B,2024,7/19/24,7.5,7/18/24,20240718_C6B_00764.jpg,-1,/mnt/research-projects/j/jlgage/RawUAVData01/uavforslb/final_image/final_sliced/20240718_C6B_00764.jpg
4353,C10,2025,7/11/25,6.5,7/11/25,20250711_C10_04353.jpg,0,/mnt/research-projects/j/jlgage/RawUAVData01/uavforslb/final_image/final_sliced/20250711_C10_04353.jpg
2829,C7B,2025,7/18/25,6.0,7/18/25,20250718_C7B_02829.jpg,0,/mnt/research-projects/j/jlgage/RawUAVData01/uavforslb/final_image/final_sliced/20250718_C7B_02829.jpg
4001,B7A,2024,7/15/24,8.5,7/16/24,20240716_B7A_04001.jpg,1,/mnt/research-projects/j/jlgage/RawUAVData01/uavforslb/final_image/final_sliced/20240716_B7A_04001.jpg
4125,B7A,2024,7/15/24,7.0,7/16/24,20240716_B7A_04125.jpg,1,/mnt/research-projects/j/jlgage/RawUAVData01/uavforslb/final_image/final_sliced/20240716_B7A_04125.jpg
1559,C6B,2024,7/29/24,2.5,7/26/24,20240726_C6B_01559.jpg,-3,/mnt/research-projects/j/jlgage/RawUAVData01/uavforslb/final_image/final_sliced/20240726_C6B_01559.jpg
3882,B7A,2024,7/30/24,4.0,7/27/24,20240727_B7A_03882.jpg,-3,/mnt/research-projects/j/jlgage/RawUAVData01/uavforslb/final_image/final_sliced/20240727_B7A_03882.jpg
5706,C10,2025,7/19/25,3.5,7/18/25,20250718_C10_05706.jpg,-1,/mnt/research-projects/j/jlgage/RawUAVData01/uavforslb/final_image/final_sliced/20250718_C10_05706.jpg
1886,C6B,2024,7/19/24,6.0,7/18/24,20240718_C6B_01886.jpg,-1,/mnt/research-projects/j/jlgage/RawUAVData01/uavforslb/final_image/final_sliced/20240718_C6B_01886.jpg
4949,C10,2025,7/2/25,5.0,7/4/25,20250704_C10_04949.jpg,2,/mnt/research-projects/j/jlgage/RawUAVData01/uavforslb/final_image/final_sliced/20250704_C10_04949.jpg
5141,C10,2025,7/11/25,6.0,7/11/25,20250711_C10_05141.jpg,0,/mnt/research-projects/j/jlgage/RawUAVData01/uavforslb/final_image/final_sliced/20250711_C10_05141.jpg
5163,C10,2025,7/20/25,1.0,7/21/25,20250721_C10_05163.jpg,1,/mnt/research-projects/j/jlgage/RawUAVData01/uavforslb/final_image/final_sliced/20250721_C10_05163.jpg
3968,B7A,2024,7/15/24,6.0,7/16/24,20240716_B7A_03968.jpg,1,/mnt/research-projects/j/jlgage/RawUAVData01/uavforslb/final_image/final_sliced/20240716_B7A_03968.jpg
4488,C10,2025,7/11/25,5.0,7/11/25,20250711_C10_04488.jpg,0,/mnt/research-projects/j/jlgage/RawUAVData01/uavforslb/final_image/final_sliced/20250711_C10_04488.jpg
185,C7B,2025,6/30/25,5.5,7/1/25,20250701_C7B_00185.jpg,1,/mnt/research-projects/j/jlgage/RawUAVData01/uavforslb/final_image/final_sliced/20250701_C7B_00185.jpg
1942,C6B,2024,7/29/24,3.5,7/26/24,20240726_C6B_01942.jpg,-3,/mnt/research-projects/j/jlgage/RawUAVData01/uavforslb/final_image/final_sliced/20240726_C6B_01942.jpg
5989,C10,2025,7/19/25,1.5,7/18/25,20250718_C10_05989.jpg,-1,/mnt/research-projects/j/jlgage/RawUAVData01/uavforslb/final_image/final_sliced/20250718_C10_05989.jpg
1763,C6B,2024,7/29/24,4.0,7/26/24,20240726_C6B_01763.jpg,-3,/mnt/research-projects/j/jlgage/RawUAVData01/uavforslb/final_image/final_sliced/20240726_C6B_01763.jpg
5029,C6B,2024,7/18/24,5.0,7/18/24,20240718_C6B_05029.jpg,0,/mnt/research-projects/j/jlgage/RawUAVData01/uavforslb/final_image/final_sliced/20240718_C6B_05029.jpg
2561,C6B,2024,7/11/24,8.0,7/10/24,20240710_C6B_02561.jpg,-1,/mnt/research-projects/j/jlgage/RawUAVData01/uavforslb/final_image/final_sliced/20240710_C6B_02561.jpg
1987,C6B,2024,7/29/24,2.0,7/26/24,20240726_C6B_01987.jpg,-3,/mnt/research-projects/j/jlgage/RawUAVData01/uavforslb/final_image/final_sliced/20240726_C6B_01987.jpg
873,C7B,2025,7/10/25,4.5,7/10/25,20250710_C7B_00873.jpg,0,/mnt/research-projects/j/jlgage/RawUAVData01/uavforslb/final_image/final_sliced/20250710_C7B_00873.jpg
2910,C6B,2024,7/15/24,7.0,7/18/24,20240718_C6B_02910.jpg,3,/mnt/research-projects/j/jlgage/RawUAVData01/uavforslb/final_image/final_sliced/20240718_C6B_02910.jpg
2049,C6B,2024,7/19/24,4.0,7/18/24,20240718_C6B_02049.jpg,-1,/mnt/research-projects/j/jlgage/RawUAVData01/uavforslb/final_image/final_sliced/20240718_C6B_02049.jpg
5290,C10,2025,7/2/25,4.5,7/4/25,20250704_C10_05290.jpg,2,/mnt/research-projects/j/jlgage/RawUAVData01/uavforslb/final_image/final_sliced/20250704_C10_05290.jpg
5519,C10,2025,7/2/25,7.0,7/4/25,20250704_C10_05519.jpg,2,/mnt/research-projects/j/jlgage/RawUAVData01/uavforslb/final_image/final_sliced/20250704_C10_05519.jpg
152,C7B,2025,6/30/25,7.0,7/1/25,20250701_C7B_00152.jpg,1,/mnt/research-projects/j/jlgage/RawUAVData01/uavforslb/final_image/final_sliced/20250701_C7B_00152.jpg
6655,C10,2025,6/30/25,7.5,6/28/25,20250628_C10_06655.jpg,-2,/mnt/research-projects/j/jlgage/RawUAVData01/uavforslb/final_image/final_sliced/20250628_C10_06655.jpg
1599,C7B,2025,7/10/25,6.0,7/10/25,20250710_C7B_01599.jpg,0,/mnt/research-projects/j/jlgage/RawUAVData01/uavforslb/final_image/final_sliced/20250710_C7B_01599.jpg
939,C7B,2025,7/1/25,7.0,7/1/25,20250701_C7B_00939.jpg,0,/mnt/research-projects/j/jlgage/RawUAVData01/uavforslb/final_image/final_sliced/20250701_C7B_00939.jpg
1473,C6B,2024,7/29/24,4.0,7/26/24,20240726_C6B_01473.jpg,-3,/mnt/research-projects/j/jlgage/RawUAVData01/uavforslb/final_image/final_sliced/20240726_C6B_01473.jpg
4625,C10,2025,7/2/25,4.5,7/4/25,20250704_C10_04625.jpg,2,/mnt/research-projects/j/jlgage/RawUAVData01/uavforslb/final_image/final_sliced/20250704_C10_04625.jpg
3757,C6B,2024,7/30/24,2.0,8/2/24,20240802_C6B_03757.jpg,3,/mnt/research-projects/j/jlgage/RawUAVData01/uavforslb/final_image/final_sliced/20240802_C6B_03757.jpg
6722,C10,2025,7/8/25,8.5,7/7/25,20250707_C10_06722.jpg,-1,/mnt/research-projects/j/jlgage/RawUAVData01/uavforslb/final_image/final_sliced/20250707_C10_06722.jpg
6772,C10,2025,7/8/25,8.0,7/7/25,20250707_C10_06772.jpg,-1,/mnt/research-projects/j/jlgage/RawUAVData01/uavforslb/final_image/final_sliced/20250707_C10_06772.jpg
2746,C7B,2025,7/13/25,8.0,7/12/25,20250712_C7B_02746.jpg,-1,/mnt/research-projects/j/jlgage/RawUAVData01/uavforslb/final_image/final_sliced/20250712_C7B_02746.jpg
2563,C6B,2024,7/11/24,8.5,7/10/24,20240710_C6B_02563.jpg,-1,/mnt/research-projects/j/jlgage/RawUAVData01/uavforslb/final_image/final_sliced/20240710_C6B_02563.jpg
2581,C6B,2024,7/15/24,7.5,7/18/24,20240718_C6B_02581.jpg,3,/mnt/research-projects/j/jlgage/RawUAVData01/uavforslb/final_image/final_sliced/20240718_C6B_02581.jpg
410,C6B,2024,7/19/24,6.5,7/18/24,20240718_C6B_00410.jpg,-1,/mnt/research-projects/j/jlgage/RawUAVData01/uavforslb/final_image/final_sliced/20240718_C6B_00410.jpg
740,C6B,2024,7/19/24,7.5,7/18/24,20240718_C6B_00740.jpg,-1,/mnt/research-projects/j/jlgage/RawUAVData01/uavforslb/final_image/final_sliced/20240718_C6B_00740.jpg
1786,C6B,2024,7/29/24,3.0,7/26/24,20240726_C6B_01786.jpg,-3,/mnt/research-projects/j/jlgage/RawUAVData01/uavforslb/final_image/final_sliced/20240726_C6B_01786.jpg
1787,C7B,2025,7/1/25,6.0,7/1/25,20250701_C7B_01787.jpg,0,/mnt/research-projects/j/jlgage/RawUAVData01/uavforslb/final_image/final_sliced/20250701_C7B_01787.jpg
1559,C7B,2025,7/1/25,6.0,7/1/25,20250701_C7B_01559.jpg,0,/mnt/research-projects/j/jlgage/RawUAVData01/uavforslb/final_image/final_sliced/20250701_C7B_01559.jpg
867,C6B,2024,7/29/24,4.0,7/26/24,20240726_C6B_00867.jpg,-3,/mnt/research-projects/j/jlgage/RawUAVData01/uavforslb/final_image/final_sliced/20240726_C6B_00867.jpg
219,C6B,2024,7/19/24,8.5,7/18/24,20240718_C6B_00219.jpg,-1,/mnt/research-projects/j/jlgage/RawUAVData01/uavforslb/final_image/final_sliced/20240718_C6B_00219.jpg
301,C7B,2025,6/30/25,4.0,7/1/25,20250701_C7B_00301.jpg,1,/mnt/research-projects/j/jlgage/RawUAVData01/uavforslb/final_image/final_sliced/20250701_C7B_00301.jpg
1157,C7B,2025,7/10/25,5.0,7/10/25,20250710_C7B_01157.jpg,0,/mnt/research-projects/j/jlgage/RawUAVData01/uavforslb/final_image/final_sliced/20250710_C7B_01157.jpg
3222,C6B,2024,7/30/24,4.0,8/2/24,20240802_C6B_03222.jpg,3,/mnt/research-projects/j/jlgage/RawUAVData01/uavforslb/final_image/final_sliced/20240802_C6B_03222.jpg
1998,C7B,2025,7/1/25,5.5,7/1/25,20250701_C7B_01998.jpg,0,/mnt/research-projects/j/jlgage/RawUAVData01/uavforslb/final_image/final_sliced/20250701_C7B_01998.jpg
5051,C10,2025,7/20/25,1.5,7/21/25,20250721_C10_05051.jpg,1,/mnt/research-projects/j/jlgage/RawUAVData01/uavforslb/final_image/final_sliced/20250721_C10_05051.jpg
5880,C10,2025,7/8/25,5.0,7/7/25,20250707_C10_05880.jpg,-1,/mnt/research-projects/j/jlgage/RawUAVData01/uavforslb/final_image/final_sliced/20250707_C10_05880.jpg
282,C6B,2024,7/29/24,5.0,7/26/24,20240726_C6B_00282.jpg,-3,/mnt/research-projects/j/jlgage/RawUAVData01/uavforslb/final_image/final_sliced/20240726_C6B_00282.jpg
5018,C10,2025,7/11/25,4.0,7/11/25,20250711_C10_05018.jpg,0,/mnt/research-projects/j/jlgage/RawUAVData01/uavforslb/final_image/final_sliced/20250711_C10_05018.jpg
1172,C6B,2024,7/29/24,7.0,7/26/24,20240726_C6B_01172.jpg,-3,/mnt/research-projects/j/jlgage/RawUAVData01/uavforslb/final_image/final_sliced/20240726_C6B_01172.jpg
1301,C6B,2024,7/19/24,7.0,7/18/24,20240718_C6B_01301.jpg,-1,/mnt/research-projects/j/jlgage/RawUAVData01/uavforslb/final_image/final_sliced/20240718_C6B_01301.jpg
4935,C10,2025,7/11/25,6.0,7/11/25,20250711_C10_04935.jpg,0,/mnt/research-projects/j/jlgage/RawUAVData01/uavforslb/final_image/final_sliced/20250711_C10_04935.jpg
3242,C6B,2024,7/30/24,2.5,8/2/24,20240802_C6B_03242.jpg,3,/mnt/research-projects/j/jlgage/RawUAVData01/uavforslb/final_image/final_sliced/20240802_C6B_03242.jpg
5548,B7A,2024,7/11/24,7.0,7/10/24,20240710_B7A_05548.jpg,-1,/mnt/research-projects/j/jlgage/RawUAVData01/uavforslb/final_image/final_sliced/20240710_B7A_05548.jpg
2720,C7B,2025,7/13/25,4.0,7/12/25,20250712_C7B_02720.jpg,-1,/mnt/research-projects/j/jlgage/RawUAVData01/uavforslb/final_image/final_sliced/20250712_C7B_02720.jpg
6804,C10,2025,6/30/25,7.5,6/28/25,20250628_C10_06804.jpg,-2,/mnt/research-projects/j/jlgage/RawUAVData01/uavforslb/final_image/final_sliced/20250628_C10_06804.jpg
477,C6B,2024,7/19/24,8.0,7/18/24,20240718_C6B_00477.jpg,-1,/mnt/research-projects/j/jlgage/RawUAVData01/uavforslb/final_image/final_sliced/20240718_C6B_00477.jpg
6769,C10,2025,7/3/25,8.0,7/4/25,20250704_C10_06769.jpg,1,/mnt/research-projects/j/jlgage/RawUAVData01/uavforslb/final_image/final_sliced/20250704_C10_06769.jpg
5450,C10,2025,7/11/25,5.0,7/11/25,20250711_C10_05450.jpg,0,/mnt/research-projects/j/jlgage/RawUAVData01/uavforslb/final_image/final_sliced/20250711_C10_05450.jpg
454,C6B,2024,7/19/24,8.5,7/18/24,20240718_C6B_00454.jpg,-1,/mnt/research-projects/j/jlgage/RawUAVData01/uavforslb/final_image/final_sliced/20240718_C6B_00454.jpg
764,C7B,2025,7/18/25,3.0,7/18/25,20250718_C7B_00764.jpg,0,/mnt/research-projects/j/jlgage/RawUAVData01/uavforslb/final_image/final_sliced/20250718_C7B_00764.jpg
567,C7B,2025,6/30/25,7.0,7/1/25,20250701_C7B_00567.jpg,1,/mnt/research-projects/j/jlgage/RawUAVData01/uavforslb/final_image/final_sliced/20250701_C7B_00567.jpg
4645,B7A,2024,7/15/24,5.0,7/16/24,20240716_B7A_04645.jpg,1,/mnt/research-projects/j/jlgage/RawUAVData01/uavforslb/final_image/final_sliced/20240716_B7A_04645.jpg
3456,C6B,2024,7/30/24,2.0,8/2/24,20240802_C6B_03456.jpg,3,/mnt/research-projects/j/jlgage/RawUAVData01/uavforslb/final_image/final_sliced/20240802_C6B_03456.jpg
6654,C10,2025,7/3/25,7.5,7/4/25,20250704_C10_06654.jpg,1,/mnt/research-projects/j/jlgage/RawUAVData01/uavforslb/final_image/final_sliced/20250704_C10_06654.jpg
3442,C6B,2024,7/30/24,3.5,8/2/24,20240802_C6B_03442.jpg,3,/mnt/research-projects/j/jlgage/RawUAVData01/uavforslb/final_image/final_sliced/20240802_C6B_03442.jpg
1169,C6B,2024,7/19/24,7.0,7/18/24,20240718_C6B_01169.jpg,-1,/mnt/research-projects/j/jlgage/RawUAVData01/uavforslb/final_image/final_sliced/20240718_C6B_01169.jpg
4002,C10,2025,7/7/25,7.5,7/7/25,20250707_C10_04002.jpg,0,/mnt/research-projects/j/jlgage/RawUAVData01/uavforslb/final_image/final_sliced/20250707_C10_04002.jpg
3946,B7A,2024,7/15/24,4.0,7/16/24,20240716_B7A_03946.jpg,1,/mnt/research-projects/j/jlgage/RawUAVData01/uavforslb/final_image/final_sliced/20240716_B7A_03946.jpg
622,C7B,2025,7/10/25,6.0,7/10/25,20250710_C7B_00622.jpg,0,/mnt/research-projects/j/jlgage/RawUAVData01/uavforslb/final_image/final_sliced/20250710_C7B_00622.jpg
5564,B7A,2024,7/1/24,8.0,7/3/24,20240703_B7A_05564.jpg,2,/mnt/research-projects/j/jlgage/RawUAVData01/uavforslb/final_image/final_sliced/20240703_B7A_05564.jpg
4225,B7A,2024,7/30/24,3.0,7/27/24,20240727_B7A_04225.jpg,-3,/mnt/research-projects/j/jlgage/RawUAVData01/uavforslb/final_image/final_sliced/20240727_B7A_04225.jpg
6854,C10,2025,6/30/25,8.0,6/28/25,20250628_C10_06854.jpg,-2,/mnt/research-projects/j/jlgage/RawUAVData01/uavforslb/final_image/final_sliced/20250628_C10_06854.jpg
4307,B7A,2024,7/15/24,8.5,7/16/24,20240716_B7A_04307.jpg,1,/mnt/research-projects/j/jlgage/RawUAVData01/uavforslb/final_image/final_sliced/20240716_B7A_04307.jpg
1326,C7B,2025,7/10/25,5.0,7/10/25,20250710_C7B_01326.jpg,0,/mnt/research-projects/j/jlgage/RawUAVData01/uavforslb/final_image/final_sliced/20250710_C7B_01326.jpg
16,C7B,2025,7/11/25,5.0,7/10/25,20250710_C7B_00016.jpg,-1,/mnt/research-projects/j/jlgage/RawUAVData01/uavforslb/final_image/final_sliced/20250710_C7B_00016.jpg
217,C6B,2024,7/19/24,8.5,7/18/24,20240718_C6B_00217.jpg,-1,/mnt/research-projects/j/jlgage/RawUAVData01/uavforslb/final_image/final_sliced/20240718_C6B_00217.jpg
339,C7B,2025,7/18/25,2.0,7/18/25,20250718_C7B_00339.jpg,0,/mnt/research-projects/j/jlgage/RawUAVData01/uavforslb/final_image/final_sliced/20250718_C7B_00339.jpg
2135,C6B,2024,7/29/24,1.5,7/26/24,20240726_C6B_02135.jpg,-3,/mnt/research-projects/j/jlgage/RawUAVData01/uavforslb/final_image/final_sliced/20240726_C6B_02135.jpg
1886,C7B,2025,7/7/25,6.0,7/7/25,20250707_C7B_01886.jpg,0,/mnt/research-projects/j/jlgage/RawUAVData01/uavforslb/final_image/final_sliced/20250707_C7B_01886.jpg
745,C6B,2024,7/29/24,7.0,7/26/24,20240726_C6B_00745.jpg,-3,/mnt/research-projects/j/jlgage/RawUAVData01/uavforslb/final_image/final_sliced/20240726_C6B_00745.jpg
714,C7B,2025,7/18/25,5.0,7/18/25,20250718_C7B_00714.jpg,0,/mnt/research-projects/j/jlgage/RawUAVData01/uavforslb/final_image/final_sliced/20250718_C7B_00714.jpg
315,C7B,2025,6/30/25,7.5,7/1/25,20250701_C7B_00315.jpg,1,/mnt/research-projects/j/jlgage/RawUAVData01/uavforslb/final_image/final_sliced/20250701_C7B_00315.jpg
602,C7B,2025,6/30/25,6.0,7/1/25,20250701_C7B_00602.jpg,1,/mnt/research-projects/j/jlgage/RawUAVData01/uavforslb/final_image/final_sliced/20250701_C7B_00602.jpg
4080,B7A,2024,7/30/24,4.0,7/27/24,20240727_B7A_04080.jpg,-3,/mnt/research-projects/j/jlgage/RawUAVData01/uavforslb/final_image/final_sliced/20240727_B7A_04080.jpg
4305,C10,2025,7/19/25,1.5,7/18/25,20250718_C10_04305.jpg,-1,/mnt/research-projects/j/jlgage/RawUAVData01/uavforslb/final_image/final_sliced/20250718_C10_04305.jpg
2539,C6B,2024,7/27/24,5.5,7/26/24,20240726_C6B_02539.jpg,-1,/mnt/research-projects/j/jlgage/RawUAVData01/uavforslb/final_image/final_sliced/20240726_C6B_02539.jpg
2860,C6B,2024,7/30/24,3.0,8/2/24,20240802_C6B_02860.jpg,3,/mnt/research-projects/j/jlgage/RawUAVData01/uavforslb/final_image/final_sliced/20240802_C6B_02860.jpg
3477,C6B,2024,7/30/24,1.0,8/2/24,20240802_C6B_03477.jpg,3,/mnt/research-projects/j/jlgage/RawUAVData01/uavforslb/final_image/final_sliced/20240802_C6B_03477.jpg
1643,C6B,2024,7/19/24,7.0,7/18/24,20240718_C6B_01643.jpg,-1,/mnt/research-projects/j/jlgage/RawUAVData01/uavforslb/final_image/final_sliced/20240718_C6B_01643.jpg
236,C7B,2025,7/10/25,6.0,7/10/25,20250710_C7B_00236.jpg,0,/mnt/research-projects/j/jlgage/RawUAVData01/uavforslb/final_image/final_sliced/20250710_C7B_00236.jpg
4467,C10,2025,7/20/25,3.0,7/21/25,20250721_C10_04467.jpg,1,/mnt/research-projects/j/jlgage/RawUAVData01/uavforslb/final_image/final_sliced/20250721_C10_04467.jpg
1650,C6B,2024,7/19/24,9.0,7/18/24,20240718_C6B_01650.jpg,-1,/mnt/research-projects/j/jlgage/RawUAVData01/uavforslb/final_image/final_sliced/20240718_C6B_01650.jpg
1070,C6B,2024,7/29/24,4.0,7/26/24,20240726_C6B_01070.jpg,-3,/mnt/research-projects/j/jlgage/RawUAVData01/uavforslb/final_image/final_sliced/20240726_C6B_01070.jpg
595,C7B,2025,7/18/25,3.0,7/18/25,20250718_C7B_00595.jpg,0,/mnt/research-projects/j/jlgage/RawUAVData01/uavforslb/final_image/final_sliced/20250718_C7B_00595.jpg
5715,C10,2025,7/19/25,3.0,7/18/25,20250718_C10_05715.jpg,-1,/mnt/research-projects/j/jlgage/RawUAVData01/uavforslb/final_image/final_sliced/20250718_C10_05715.jpg
4614,C10,2025,7/2/25,6.0,7/4/25,20250704_C10_04614.jpg,2,/mnt/research-projects/j/jlgage/RawUAVData01/uavforslb/final_image/final_sliced/20250704_C10_04614.jpg
4303,C10,2025,7/11/25,5.0,7/11/25,20250711_C10_04303.jpg,0,/mnt/research-projects/j/jlgage/RawUAVData01/uavforslb/final_image/final_sliced/20250711_C10_04303.jpg
2703,C6B,2024,7/15/24,8.0,7/18/24,20240718_C6B_02703.jpg,3,/mnt/research-projects/j/jlgage/RawUAVData01/uavforslb/final_image/final_sliced/20240718_C6B_02703.jpg
2100,C6B,2024,7/29/24,5.0,7/26/24,20240726_C6B_02100.jpg,-3,/mnt/research-projects/j/jlgage/RawUAVData01/uavforslb/final_image/final_sliced/20240726_C6B_02100.jpg
5530,B7A,2024,7/27/24,4.0,7/27/24,20240727_B7A_05530.jpg,0,/mnt/research-projects/j/jlgage/RawUAVData01/uavforslb/final_image/final_sliced/20240727_B7A_05530.jpg
5792,C10,2025,7/11/25,5.0,7/11/25,20250711_C10_05792.jpg,0,/mnt/research-projects/j/jlgage/RawUAVData01/uavforslb/final_image/final_sliced/20250711_C10_05792.jpg
5537,B7A,2024,7/1/24,8.0,7/3/24,20240703_B7A_05537.jpg,2,/mnt/research-projects/j/jlgage/RawUAVData01/uavforslb/final_image/final_sliced/20240703_B7A_05537.jpg
1307,C6B,2024,7/29/24,4.0,7/26/24,20240726_C6B_01307.jpg,-3,/mnt/research-projects/j/jlgage/RawUAVData01/uavforslb/final_image/final_sliced/20240726_C6B_01307.jpg
3408,C6B,2024,7/15/24,8.0,7/18/24,20240718_C6B_03408.jpg,3,/mnt/research-projects/j/jlgage/RawUAVData01/uavforslb/final_image/final_sliced/20240718_C6B_03408.jpg
2124,C6B,2024,7/29/24,2.0,7/26/24,20240726_C6B_02124.jpg,-3,/mnt/research-projects/j/jlgage/RawUAVData01/uavforslb/final_image/final_sliced/20240726_C6B_02124.jpg
4575,C10,2025,7/20/25,3.0,7/21/25,20250721_C10_04575.jpg,1,/mnt/research-projects/j/jlgage/RawUAVData01/uavforslb/final_image/final_sliced/20250721_C10_04575.jpg
6762,C10,2025,7/8/25,8.0,7/7/25,20250707_C10_06762.jpg,-1,/mnt/research-projects/j/jlgage/RawUAVData01/uavforslb/final_image/final_sliced/20250707_C10_06762.jpg
189,C7B,2025,7/10/25,7.0,7/10/25,20250710_C7B_00189.jpg,0,/mnt/research-projects/j/jlgage/RawUAVData01/uavforslb/final_image/final_sliced/20250710_C7B_00189.jpg
6711,C10,2025,7/3/25,8.0,7/4/25,20250704_C10_06711.jpg,1,/mnt/research-projects/j/jlgage/RawUAVData01/uavforslb/final_image/final_sliced/20250704_C10_06711.jpg
1174,C6B,2024,7/29/24,1.5,7/26/24,20240726_C6B_01174.jpg,-3,/mnt/research-projects/j/jlgage/RawUAVData01/uavforslb/final_image/final_sliced/20240726_C6B_01174.jpg
1482,C7B,2025,7/18/25,3.0,7/18/25,20250718_C7B_01482.jpg,0,/mnt/research-projects/j/jlgage/RawUAVData01/uavforslb/final_image/final_sliced/20250718_C7B_01482.jpg
436,C6B,2024,7/19/24,8.0,7/18/24,20240718_C6B_00436.jpg,-1,/mnt/research-projects/j/jlgage/RawUAVData01/uavforslb/final_image/final_sliced/20240718_C6B_00436.jpg
788,C7B,2025,7/10/25,5.5,7/10/25,20250710_C7B_00788.jpg,0,/mnt/research-projects/j/jlgage/RawUAVData01/uavforslb/final_image/final_sliced/20250710_C7B_00788.jpg
1701,C7B,2025,7/10/25,3.0,7/10/25,20250710_C7B_01701.jpg,0,/mnt/research-projects/j/jlgage/RawUAVData01/uavforslb/final_image/final_sliced/20250710_C7B_01701.jpg
814,C6B,2024,7/19/24,6.5,7/18/24,20240718_C6B_00814.jpg,-1,/mnt/research-projects/j/jlgage/RawUAVData01/uavforslb/final_image/final_sliced/20240718_C6B_00814.jpg
1173,C6B,2024,7/29/24,4.0,7/26/24,20240726_C6B_01173.jpg,-3,/mnt/research-projects/j/jlgage/RawUAVData01/uavforslb/final_image/final_sliced/20240726_C6B_01173.jpg
1866,C6B,2024,7/19/24,6.0,7/18/24,20240718_C6B_01866.jpg,-1,/mnt/research-projects/j/jlgage/RawUAVData01/uavforslb/final_image/final_sliced/20240718_C6B_01866.jpg
115,C7B,2025,6/30/25,7.0,7/1/25,20250701_C7B_00115.jpg,1,/mnt/research-projects/j/jlgage/RawUAVData01/uavforslb/final_image/final_sliced/20250701_C7B_00115.jpg
5459,C10,2025,7/11/25,4.0,7/11/25,20250711_C10_05459.jpg,0,/mnt/research-projects/j/jlgage/RawUAVData01/uavforslb/final_image/final_sliced/20250711_C10_05459.jpg
4456,C10,2025,6/30/25,7.0,6/28/25,20250628_C10_04456.jpg,-2,/mnt/research-projects/j/jlgage/RawUAVData01/uavforslb/final_image/final_sliced/20250628_C10_04456.jpg
2728,C7B,2025,6/30/25,8.0,7/1/25,20250701_C7B_02728.jpg,1,/mnt/research-projects/j/jlgage/RawUAVData01/uavforslb/final_image/final_sliced/20250701_C7B_02728.jpg
830,C6B,2024,7/19/24,5.5,7/18/24,20240718_C6B_00830.jpg,-1,/mnt/research-projects/j/jlgage/RawUAVData01/uavforslb/final_image/final_sliced/20240718_C6B_00830.jpg
3278,C6B,2024,7/15/24,7.5,7/18/24,20240718_C6B_03278.jpg,3,/mnt/research-projects/j/jlgage/RawUAVData01/uavforslb/final_image/final_sliced/20240718_C6B_03278.jpg
4226,C10,2025,6/30/25,7.5,6/28/25,20250628_C10_04226.jpg,-2,/mnt/research-projects/j/jlgage/RawUAVData01/uavforslb/final_image/final_sliced/20250628_C10_04226.jpg
527,C6B,2024,7/29/24,5.5,7/26/24,20240726_C6B_00527.jpg,-3,/mnt/research-projects/j/jlgage/RawUAVData01/uavforslb/final_image/final_sliced/20240726_C6B_00527.jpg
631,C7B,2025,6/30/25,7.0,7/1/25,20250701_C7B_00631.jpg,1,/mnt/research-projects/j/jlgage/RawUAVData01/uavforslb/final_image/final_sliced/20250701_C7B_00631.jpg
3512,C6B,2024,7/15/24,8.5,7/18/24,20240718_C6B_03512.jpg,3,/mnt/research-projects/j/jlgage/RawUAVData01/uavforslb/final_image/final_sliced/20240718_C6B_03512.jpg
1819,C7B,2025,7/19/25,3.0,7/18/25,20250718_C7B_01819.jpg,-1,/mnt/research-projects/j/jlgage/RawUAVData01/uavforslb/final_image/final_sliced/20250718_C7B_01819.jpg
2958,C6B,2024,7/15/24,8.0,7/18/24,20240718_C6B_02958.jpg,3,/mnt/research-projects/j/jlgage/RawUAVData01/uavforslb/final_image/final_sliced/20240718_C6B_02958.jpg
5724,C10,2025,7/8/25,3.5,7/7/25,20250707_C10_05724.jpg,-1,/mnt/research-projects/j/jlgage/RawUAVData01/uavforslb/final_image/final_sliced/20250707_C10_05724.jpg
5189,C10,2025,7/2/25,5.5,7/4/25,20250704_C10_05189.jpg,2,/mnt/research-projects/j/jlgage/RawUAVData01/uavforslb/final_image/final_sliced/20250704_C10_05189.jpg
4494,C10,2025,7/2/25,6.0,7/4/25,20250704_C10_04494.jpg,2,/mnt/research-projects/j/jlgage/RawUAVData01/uavforslb/final_image/final_sliced/20250704_C10_04494.jpg
3809,C6B,2024,7/30/24,4.0,8/2/24,20240802_C6B_03809.jpg,3,/mnt/research-projects/j/jlgage/RawUAVData01/uavforslb/final_image/final_sliced/20240802_C6B_03809.jpg
1468,C6B,2024,7/29/24,5.0,7/26/24,20240726_C6B_01468.jpg,-3,/mnt/research-projects/j/jlgage/RawUAVData01/uavforslb/final_image/final_sliced/20240726_C6B_01468.jpg
4239,C10,2025,7/11/25,6.5,7/11/25,20250711_C10_04239.jpg,0,/mnt/research-projects/j/jlgage/RawUAVData01/uavforslb/final_image/final_sliced/20250711_C10_04239.jpg
5616,C10,2025,7/2/25,7.0,7/4/25,20250704_C10_05616.jpg,2,/mnt/research-projects/j/jlgage/RawUAVData01/uavforslb/final_image/final_sliced/20250704_C10_05616.jpg
4240,C10,2025,7/11/25,4.0,7/11/25,20250711_C10_04240.jpg,0,/mnt/research-projects/j/jlgage/RawUAVData01/uavforslb/final_image/final_sliced/20250711_C10_04240.jpg
2712,C7B,2025,7/18/25,7.0,7/18/25,20250718_C7B_02712.jpg,0,/mnt/research-projects/j/jlgage/RawUAVData01/uavforslb/final_image/final_sliced/20250718_C7B_02712.jpg
1350,C7B,2025,7/10/25,5.0,7/10/25,20250710_C7B_01350.jpg,0,/mnt/research-projects/j/jlgage/RawUAVData01/uavforslb/final_image/final_sliced/20250710_C7B_01350.jpg
4452,C10,2025,7/11/25,6.0,7/11/25,20250711_C10_04452.jpg,0,/mnt/research-projects/j/jlgage/RawUAVData01/uavforslb/final_image/final_sliced/20250711_C10_04452.jpg
5069,C10,2025,7/2/25,5.5,7/4/25,20250704_C10_05069.jpg,2,/mnt/research-projects/j/jlgage/RawUAVData01/uavforslb/final_image/final_sliced/20250704_C10_05069.jpg
1452,C7B,2025,7/10/25,6.0,7/10/25,20250710_C7B_01452.jpg,0,/mnt/research-projects/j/jlgage/RawUAVData01/uavforslb/final_image/final_sliced/20250710_C7B_01452.jpg
3812,C6B,2024,7/30/24,5.0,8/2/24,20240802_C6B_03812.jpg,3,/mnt/research-projects/j/jlgage/RawUAVData01/uavforslb/final_image/final_sliced/20240802_C6B_03812.jpg
4131,C10,2025,7/19/25,1.5,7/18/25,20250718_C10_04131.jpg,-1,/mnt/research-projects/j/jlgage/RawUAVData01/uavforslb/final_image/final_sliced/20250718_C10_04131.jpg
1984,C6B,2024,7/19/24,7.0,7/18/24,20240718_C6B_01984.jpg,-1,/mnt/research-projects/j/jlgage/RawUAVData01/uavforslb/final_image/final_sliced/20240718_C6B_01984.jpg
3066,C6B,2024,7/30/24,2.0,8/2/24,20240802_C6B_03066.jpg,3,/mnt/research-projects/j/jlgage/RawUAVData01/uavforslb/final_image/final_sliced/20240802_C6B_03066.jpg
550,C7B,2025,7/10/25,4.5,7/10/25,20250710_C7B_00550.jpg,0,/mnt/research-projects/j/jlgage/RawUAVData01/uavforslb/final_image/final_sliced/20250710_C7B_00550.jpg
1831,C7B,2025,7/7/25,7.0,7/7/25,20250707_C7B_01831.jpg,0,/mnt/research-projects/j/jlgage/RawUAVData01/uavforslb/final_image/final_sliced/20250707_C7B_01831.jpg
2109,C6B,2024,7/19/24,6.5,7/18/24,20240718_C6B_02109.jpg,-1,/mnt/research-projects/j/jlgage/RawUAVData01/uavforslb/final_image/final_sliced/20240718_C6B_02109.jpg
4580,C10,2025,7/2/25,7.5,7/4/25,20250704_C10_04580.jpg,2,/mnt/research-projects/j/jlgage/RawUAVData01/uavforslb/final_image/final_sliced/20250704_C10_04580.jpg
1985,C6B,2024,7/19/24,4.0,7/18/24,20240718_C6B_01985.jpg,-1,/mnt/research-projects/j/jlgage/RawUAVData01/uavforslb/final_image/final_sliced/20240718_C6B_01985.jpg
284,C6B,2024,7/29/24,4.0,7/26/24,20240726_C6B_00284.jpg,-3,/mnt/research-projects/j/jlgage/RawUAVData01/uavforslb/final_image/final_sliced/20240726_C6B_00284.jpg
5547,C10,2025,7/11/25,6.0,7/11/25,20250711_C10_05547.jpg,0,/mnt/research-projects/j/jlgage/RawUAVData01/uavforslb/final_image/final_sliced/20250711_C10_05547.jpg
4758,C10,2025,7/2/25,6.0,7/4/25,20250704_C10_04758.jpg,2,/mnt/research-projects/j/jlgage/RawUAVData01/uavforslb/final_image/final_sliced/20250704_C10_04758.jpg
3709,C6B,2024,7/30/24,4.0,8/2/24,20240802_C6B_03709.jpg,3,/mnt/research-projects/j/jlgage/RawUAVData01/uavforslb/final_image/final_sliced/20240802_C6B_03709.jpg
5489,C10,2025,7/11/25,6.0,7/11/25,20250711_C10_05489.jpg,0,/mnt/research-projects/j/jlgage/RawUAVData01/uavforslb/final_image/final_sliced/20250711_C10_05489.jpg
4472,C10,2025,7/2/25,6.5,7/4/25,20250704_C10_04472.jpg,2,/mnt/research-projects/j/jlgage/RawUAVData01/uavforslb/final_image/final_sliced/20250704_C10_04472.jpg
897,C7B,2025,7/1/25,7.0,7/1/25,20250701_C7B_00897.jpg,0,/mnt/research-projects/j/jlgage/RawUAVData01/uavforslb/final_image/final_sliced/20250701_C7B_00897.jpg
6760,C10,2025,7/8/25,8.0,7/7/25,20250707_C10_06760.jpg,-1,/mnt/research-projects/j/jlgage/RawUAVData01/uavforslb/final_image/final_sliced/20250707_C10_06760.jpg
5691,C10,2025,7/19/25,4.5,7/18/25,20250718_C10_05691.jpg,-1,/mnt/research-projects/j/jlgage/RawUAVData01/uavforslb/final_image/final_sliced/20250718_C10_05691.jpg
2865,C6B,2024,7/30/24,3.0,8/2/24,20240802_C6B_02865.jpg,3,/mnt/research-projects/j/jlgage/RawUAVData01/uavforslb/final_image/final_sliced/20240802_C6B_02865.jpg
1383,C7B,2025,7/1/25,8.0,7/1/25,20250701_C7B_01383.jpg,0,/mnt/research-projects/j/jlgage/RawUAVData01/uavforslb/final_image/final_sliced/20250701_C7B_01383.jpg
1817,C7B,2025,7/19/25,4.0,7/18/25,20250718_C7B_01817.jpg,-1,/mnt/research-projects/j/jlgage/RawUAVData01/uavforslb/final_image/final_sliced/20250718_C7B_01817.jpg
6819,C10,2025,7/3/25,7.5,7/4/25,20250704_C10_06819.jpg,1,/mnt/research-projects/j/jlgage/RawUAVData01/uavforslb/final_image/final_sliced/20250704_C10_06819.jpg
4476,C10,2025,7/2/25,6.0,7/4/25,20250704_C10_04476.jpg,2,/mnt/research-projects/j/jlgage/RawUAVData01/uavforslb/final_image/final_sliced/20250704_C10_04476.jpg
853,C6B,2024,7/29/24,3.0,7/26/24,20240726_C6B_00853.jpg,-3,/mnt/research-projects/j/jlgage/RawUAVData01/uavforslb/final_image/final_sliced/20240726_C6B_00853.jpg
956,C7B,2025,7/18/25,2.0,7/18/25,20250718_C7B_00956.jpg,0,/mnt/research-projects/j/jlgage/RawUAVData01/uavforslb/final_image/final_sliced/20250718_C7B_00956.jpg
763,C7B,2025,7/18/25,3.5,7/18/25,20250718_C7B_00763.jpg,0,/mnt/research-projects/j/jlgage/RawUAVData01/uavforslb/final_image/final_sliced/20250718_C7B_00763.jpg
889,C7B,2025,7/18/25,7.0,7/18/25,20250718_C7B_00889.jpg,0,/mnt/research-projects/j/jlgage/RawUAVData01/uavforslb/final_image/final_sliced/20250718_C7B_00889.jpg
3879,B7A,2024,7/30/24,5.5,7/27/24,20240727_B7A_03879.jpg,-3,/mnt/research-projects/j/jlgage/RawUAVData01/uavforslb/final_image/final_sliced/20240727_B7A_03879.jpg
4149,B7A,2024,7/30/24,1.5,7/27/24,20240727_B7A_04149.jpg,-3,/mnt/research-projects/j/jlgage/RawUAVData01/uavforslb/final_image/final_sliced/20240727_B7A_04149.jpg
234,C7B,2025,7/10/25,4.5,7/10/25,20250710_C7B_00234.jpg,0,/mnt/research-projects/j/jlgage/RawUAVData01/uavforslb/final_image/final_sliced/20250710_C7B_00234.jpg
5565,B7A,2024,7/11/24,8.0,7/10/24,20240710_B7A_05565.jpg,-1,/mnt/research-projects/j/jlgage/RawUAVData01/uavforslb/final_image/final_sliced/20240710_B7A_05565.jpg
2745,C7B,2025,6/30/25,8.5,7/1/25,20250701_C7B_02745.jpg,1,/mnt/research-projects/j/jlgage/RawUAVData01/uavforslb/final_image/final_sliced/20250701_C7B_02745.jpg
3286,C6B,2024,7/15/24,8.5,7/18/24,20240718_C6B_03286.jpg,3,/mnt/research-projects/j/jlgage/RawUAVData01/uavforslb/final_image/final_sliced/20240718_C6B_03286.jpg
5306,C10,2025,7/11/25,5.0,7/11/25,20250711_C10_05306.jpg,0,/mnt/research-projects/j/jlgage/RawUAVData01/uavforslb/final_image/final_sliced/20250711_C10_05306.jpg
4455,C10,2025,7/11/25,6.0,7/11/25,20250711_C10_04455.jpg,0,/mnt/research-projects/j/jlgage/RawUAVData01/uavforslb/final_image/final_sliced/20250711_C10_04455.jpg
5974,C10,2025,7/11/25,5.0,7/11/25,20250711_C10_05974.jpg,0,/mnt/research-projects/j/jlgage/RawUAVData01/uavforslb/final_image/final_sliced/20250711_C10_05974.jpg
1661,C6B,2024,7/19/24,7.0,7/18/24,20240718_C6B_01661.jpg,-1,/mnt/research-projects/j/jlgage/RawUAVData01/uavforslb/final_image/final_sliced/20240718_C6B_01661.jpg
4905,C10,2025,7/11/25,4.0,7/11/25,20250711_C10_04905.jpg,0,/mnt/research-projects/j/jlgage/RawUAVData01/uavforslb/final_image/final_sliced/20250711_C10_04905.jpg
1403,C7B,2025,7/10/25,5.0,7/10/25,20250710_C7B_01403.jpg,0,/mnt/research-projects/j/jlgage/RawUAVData01/uavforslb/final_image/final_sliced/20250710_C7B_01403.jpg
4625,C10,2025,7/11/25,3.0,7/11/25,20250711_C10_04625.jpg,0,/mnt/research-projects/j/jlgage/RawUAVData01/uavforslb/final_image/final_sliced/20250711_C10_04625.jpg
2558,C6B,2024,7/27/24,5.0,7/26/24,20240726_C6B_02558.jpg,-1,/mnt/research-projects/j/jlgage/RawUAVData01/uavforslb/final_image/final_sliced/20240726_C6B_02558.jpg
4506,C10,2025,7/20/25,1.0,7/21/25,20250721_C10_04506.jpg,1,/mnt/research-projects/j/jlgage/RawUAVData01/uavforslb/final_image/final_sliced/20250721_C10_04506.jpg
162,C6B,2024,7/29/24,5.0,7/26/24,20240726_C6B_00162.jpg,-3,/mnt/research-projects/j/jlgage/RawUAVData01/uavforslb/final_image/final_sliced/20240726_C6B_00162.jpg
1849,C6B,2024,7/29/24,3.0,7/26/24,20240726_C6B_01849.jpg,-3,/mnt/research-projects/j/jlgage/RawUAVData01/uavforslb/final_image/final_sliced/20240726_C6B_01849.jpg
2559,C6B,2024,7/27/24,5.0,7/26/24,20240726_C6B_02559.jpg,-1,/mnt/research-projects/j/jlgage/RawUAVData01/uavforslb/final_image/final_sliced/20240726_C6B_02559.jpg
858,C7B,2025,7/18/25,4.0,7/18/25,20250718_C7B_00858.jpg,0,/mnt/research-projects/j/jlgage/RawUAVData01/uavforslb/final_image/final_sliced/20250718_C7B_00858.jpg
2795,C7B,2025,6/30/25,9.0,7/1/25,20250701_C7B_02795.jpg,1,/mnt/research-projects/j/jlgage/RawUAVData01/uavforslb/final_image/final_sliced/20250701_C7B_02795.jpg
4018,C10,2025,7/19/25,3.5,7/18/25,20250718_C10_04018.jpg,-1,/mnt/research-projects/j/jlgage/RawUAVData01/uavforslb/final_image/final_sliced/20250718_C10_04018.jpg
4143,B7A,2024,7/30/24,1.5,7/27/24,20240727_B7A_04143.jpg,-3,/mnt/research-projects/j/jlgage/RawUAVData01/uavforslb/final_image/final_sliced/20240727_B7A_04143.jpg
956,C7B,2025,7/1/25,7.0,7/1/25,20250701_C7B_00956.jpg,0,/mnt/research-projects/j/jlgage/RawUAVData01/uavforslb/final_image/final_sliced/20250701_C7B_00956.jpg
3832,B7A,2024,7/15/24,7.5,7/16/24,20240716_B7A_03832.jpg,1,/mnt/research-projects/j/jlgage/RawUAVData01/uavforslb/final_image/final_sliced/20240716_B7A_03832.jpg
454,C7B,2025,7/10/25,6.0,7/10/25,20250710_C7B_00454.jpg,0,/mnt/research-projects/j/jlgage/RawUAVData01/uavforslb/final_image/final_sliced/20250710_C7B_00454.jpg
5292,C10,2025,7/20/25,2.0,7/21/25,20250721_C10_05292.jpg,1,/mnt/research-projects/j/jlgage/RawUAVData01/uavforslb/final_image/final_sliced/20250721_C10_05292.jpg
2036,C7B,2025,7/1/25,5.5,7/1/25,20250701_C7B_02036.jpg,0,/mnt/research-projects/j/jlgage/RawUAVData01/uavforslb/final_image/final_sliced/20250701_C7B_02036.jpg
3587,C6B,2024,7/15/24,8.5,7/18/24,20240718_C6B_03587.jpg,3,/mnt/research-projects/j/jlgage/RawUAVData01/uavforslb/final_image/final_sliced/20240718_C6B_03587.jpg
5065,C10,2025,7/20/25,2.0,7/21/25,20250721_C10_05065.jpg,1,/mnt/research-projects/j/jlgage/RawUAVData01/uavforslb/final_image/final_sliced/20250721_C10_05065.jpg
1564,C6B,2024,7/19/24,8.5,7/18/24,20240718_C6B_01564.jpg,-1,/mnt/research-projects/j/jlgage/RawUAVData01/uavforslb/final_image/final_sliced/20240718_C6B_01564.jpg
5572,C10,2025,7/2/25,7.0,7/4/25,20250704_C10_05572.jpg,2,/mnt/research-projects/j/jlgage/RawUAVData01/uavforslb/final_image/final_sliced/20250704_C10_05572.jpg
2704,C6B,2024,7/30/24,3.5,8/2/24,20240802_C6B_02704.jpg,3,/mnt/research-projects/j/jlgage/RawUAVData01/uavforslb/final_image/final_sliced/20240802_C6B_02704.jpg
5514,B7A,2024,7/11/24,8.0,7/10/24,20240710_B7A_05514.jpg,-1,/mnt/research-projects/j/jlgage/RawUAVData01/uavforslb/final_image/final_sliced/20240710_B7A_05514.jpg
1971,C6B,2024,7/19/24,4.0,7/18/24,20240718_C6B_01971.jpg,-1,/mnt/research-projects/j/jlgage/RawUAVData01/uavforslb/final_image/final_sliced/20240718_C6B_01971.jpg
3957,B7A,2024,7/15/24,8.5,7/16/24,20240716_B7A_03957.jpg,1,/mnt/research-projects/j/jlgage/RawUAVData01/uavforslb/final_image/final_sliced/20240716_B7A_03957.jpg
5000,C10,2025,7/2/25,6.0,7/4/25,20250704_C10_05000.jpg,2,/mnt/research-projects/j/jlgage/RawUAVData01/uavforslb/final_image/final_sliced/20250704_C10_05000.jpg
5821,C10,2025,7/19/25,5.5,7/18/25,20250718_C10_05821.jpg,-1,/mnt/research-projects/j/jlgage/RawUAVData01/uavforslb/final_image/final_sliced/20250718_C10_05821.jpg
2065,C6B,2024,7/19/24,8.0,7/18/24,20240718_C6B_02065.jpg,-1,/mnt/research-projects/j/jlgage/RawUAVData01/uavforslb/final_image/final_sliced/20240718_C6B_02065.jpg
3877,B7A,2024,7/30/24,2.0,7/27/24,20240727_B7A_03877.jpg,-3,/mnt/research-projects/j/jlgage/RawUAVData01/uavforslb/final_image/final_sliced/20240727_B7A_03877.jpg
5039,C10,2025,7/2/25,7.0,7/4/25,20250704_C10_05039.jpg,2,/mnt/research-projects/j/jlgage/RawUAVData01/uavforslb/final_image/final_sliced/20250704_C10_05039.jpg
1579,C6B,2024,7/29/24,5.0,7/26/24,20240726_C6B_01579.jpg,-3,/mnt/research-projects/j/jlgage/RawUAVData01/uavforslb/final_image/final_sliced/20240726_C6B_01579.jpg
2596,C6B,2024,7/30/24,2.5,8/2/24,20240802_C6B_02596.jpg,3,/mnt/research-projects/j/jlgage/RawUAVData01/uavforslb/final_image/final_sliced/20240802_C6B_02596.jpg
1811,C7B,2025,7/10/25,7.0,7/10/25,20250710_C7B_01811.jpg,0,/mnt/research-projects/j/jlgage/RawUAVData01/uavforslb/final_image/final_sliced/20250710_C7B_01811.jpg
4885,C10,2025,7/11/25,4.0,7/11/25,20250711_C10_04885.jpg,0,/mnt/research-projects/j/jlgage/RawUAVData01/uavforslb/final_image/final_sliced/20250711_C10_04885.jpg
4455,B7A,2024,7/15/24,7.5,7/16/24,20240716_B7A_04455.jpg,1,/mnt/research-projects/j/jlgage/RawUAVData01/uavforslb/final_image/final_sliced/20240716_B7A_04455.jpg
3853,B7A,2024,7/15/24,8.5,7/16/24,20240716_B7A_03853.jpg,1,/mnt/research-projects/j/jlgage/RawUAVData01/uavforslb/final_image/final_sliced/20240716_B7A_03853.jpg
203,C6B,2024,7/19/24,8.5,7/18/24,20240718_C6B_00203.jpg,-1,/mnt/research-projects/j/jlgage/RawUAVData01/uavforslb/final_image/final_sliced/20240718_C6B_00203.jpg
1255,C6B,2024,7/29/24,4.0,7/26/24,20240726_C6B_01255.jpg,-3,/mnt/research-projects/j/jlgage/RawUAVData01/uavforslb/final_image/final_sliced/20240726_C6B_01255.jpg
634,C7B,2025,6/30/25,6.0,7/1/25,20250701_C7B_00634.jpg,1,/mnt/research-projects/j/jlgage/RawUAVData01/uavforslb/final_image/final_sliced/20250701_C7B_00634.jpg
5824,C10,2025,7/11/25,6.0,7/11/25,20250711_C10_05824.jpg,0,/mnt/research-projects/j/jlgage/RawUAVData01/uavforslb/final_image/final_sliced/20250711_C10_05824.jpg
5423,C10,2025,7/2/25,6.0,7/4/25,20250704_C10_05423.jpg,2,/mnt/research-projects/j/jlgage/RawUAVData01/uavforslb/final_image/final_sliced/20250704_C10_05423.jpg
2532,C6B,2024,7/1/24,8.0,7/3/24,20240703_C6B_02532.jpg,2,/mnt/research-projects/j/jlgage/RawUAVData01/uavforslb/final_image/final_sliced/20240703_C6B_02532.jpg
6669,C10,2025,7/3/25,7.0,7/4/25,20250704_C10_06669.jpg,1,/mnt/research-projects/j/jlgage/RawUAVData01/uavforslb/final_image/final_sliced/20250704_C10_06669.jpg
1566,C7B,2025,7/10/25,5.0,7/10/25,20250710_C7B_01566.jpg,0,/mnt/research-projects/j/jlgage/RawUAVData01/uavforslb/final_image/final_sliced/20250710_C7B_01566.jpg
5016,C6B,2024,7/18/24,8.0,7/18/24,20240718_C6B_05016.jpg,0,/mnt/research-projects/j/jlgage/RawUAVData01/uavforslb/final_image/final_sliced/20240718_C6B_05016.jpg
4168,B7A,2024,7/30/24,4.0,7/27/24,20240727_B7A_04168.jpg,-3,/mnt/research-projects/j/jlgage/RawUAVData01/uavforslb/final_image/final_sliced/20240727_B7A_04168.jpg
785,C6B,2024,7/29/24,5.0,7/26/24,20240726_C6B_00785.jpg,-3,/mnt/research-projects/j/jlgage/RawUAVData01/uavforslb/final_image/final_sliced/20240726_C6B_00785.jpg
160,C6B,2024,7/19/24,8.5,7/18/24,20240718_C6B_00160.jpg,-1,/mnt/research-projects/j/jlgage/RawUAVData01/uavforslb/final_image/final_sliced/20240718_C6B_00160.jpg
4337,B7A,2024,7/30/24,1.5,7/27/24,20240727_B7A_04337.jpg,-3,/mnt/research-projects/j/jlgage/RawUAVData01/uavforslb/final_image/final_sliced/20240727_B7A_04337.jpg
5056,C6B,2024,7/1/24,8.0,7/3/24,20240703_C6B_05056.jpg,2,/mnt/research-projects/j/jlgage/RawUAVData01/uavforslb/final_image/final_sliced/20240703_C6B_05056.jpg
1591,C7B,2025,7/1/25,7.5,7/1/25,20250701_C7B_01591.jpg,0,/mnt/research-projects/j/jlgage/RawUAVData01/uavforslb/final_image/final_sliced/20250701_C7B_01591.jpg
2539,C6B,2024,7/1/24,8.0,7/3/24,20240703_C6B_02539.jpg,2,/mnt/research-projects/j/jlgage/RawUAVData01/uavforslb/final_image/final_sliced/20240703_C6B_02539.jpg
5027,C10,2025,7/11/25,5.5,7/11/25,20250711_C10_05027.jpg,0,/mnt/research-projects/j/jlgage/RawUAVData01/uavforslb/final_image/final_sliced/20250711_C10_05027.jpg
4446,B7A,2024,7/30/24,4.0,7/27/24,20240727_B7A_04446.jpg,-3,/mnt/research-projects/j/jlgage/RawUAVData01/uavforslb/final_image/final_sliced/20240727_B7A_04446.jpg
676,C7B,2025,7/10/25,5.5,7/10/25,20250710_C7B_00676.jpg,0,/mnt/research-projects/j/jlgage/RawUAVData01/uavforslb/final_image/final_sliced/20250710_C7B_00676.jpg
2611,C6B,2024,7/15/24,8.0,7/18/24,20240718_C6B_02611.jpg,3,/mnt/research-projects/j/jlgage/RawUAVData01/uavforslb/final_image/final_sliced/20240718_C6B_02611.jpg
2880,C6B,2024,7/30/24,4.0,8/2/24,20240802_C6B_02880.jpg,3,/mnt/research-projects/j/jlgage/RawUAVData01/uavforslb/final_image/final_sliced/20240802_C6B_02880.jpg
1122,C7B,2025,7/10/25,4.5,7/10/25,20250710_C7B_01122.jpg,0,/mnt/research-projects/j/jlgage/RawUAVData01/uavforslb/final_image/final_sliced/20250710_C7B_01122.jpg
2025,C6B,2024,7/19/24,5.0,7/18/24,20240718_C6B_02025.jpg,-1,/mnt/research-projects/j/jlgage/RawUAVData01/uavforslb/final_image/final_sliced/20240718_C6B_02025.jpg
5625,C10,2025,7/2/25,7.0,7/4/25,20250704_C10_05625.jpg,2,/mnt/research-projects/j/jlgage/RawUAVData01/uavforslb/final_image/final_sliced/20250704_C10_05625.jpg
1886,C7B,2025,7/1/25,7.0,7/1/25,20250701_C7B_01886.jpg,0,/mnt/research-projects/j/jlgage/RawUAVData01/uavforslb/final_image/final_sliced/20250701_C7B_01886.jpg
363,C7B,2025,7/10/25,5.5,7/10/25,20250710_C7B_00363.jpg,0,/mnt/research-projects/j/jlgage/RawUAVData01/uavforslb/final_image/final_sliced/20250710_C7B_00363.jpg
1979,C6B,2024,7/19/24,8.0,7/18/24,20240718_C6B_01979.jpg,-1,/mnt/research-projects/j/jlgage/RawUAVData01/uavforslb/final_image/final_sliced/20240718_C6B_01979.jpg
6008,C10,2025,7/8/25,3.0,7/7/25,20250707_C10_06008.jpg,-1,/mnt/research-projects/j/jlgage/RawUAVData01/uavforslb/final_image/final_sliced/20250707_C10_06008.jpg
5838,C10,2025,7/8/25,8.0,7/7/25,20250707_C10_05838.jpg,-1,/mnt/research-projects/j/jlgage/RawUAVData01/uavforslb/final_image/final_sliced/20250707_C10_05838.jpg
1626,C6B,2024,7/29/24,4.5,7/26/24,20240726_C6B_01626.jpg,-3,/mnt/research-projects/j/jlgage/RawUAVData01/uavforslb/final_image/final_sliced/20240726_C6B_01626.jpg
2638,C7B,2025,6/30/25,8.0,7/1/25,20250701_C7B_02638.jpg,1,/mnt/research-projects/j/jlgage/RawUAVData01/uavforslb/final_image/final_sliced/20250701_C7B_02638.jpg
151,C6B,2024,7/19/24,8.5,7/18/24,20240718_C6B_00151.jpg,-1,/mnt/research-projects/j/jlgage/RawUAVData01/uavforslb/final_image/final_sliced/20240718_C6B_00151.jpg
1228,C6B,2024,7/19/24,7.5,7/18/24,20240718_C6B_01228.jpg,-1,/mnt/research-projects/j/jlgage/RawUAVData01/uavforslb/final_image/final_sliced/20240718_C6B_01228.jpg
573,C6B,2024,7/19/24,8.0,7/18/24,20240718_C6B_00573.jpg,-1,/mnt/research-projects/j/jlgage/RawUAVData01/uavforslb/final_image/final_sliced/20240718_C6B_00573.jpg
68,C7B,2025,7/18/25,3.0,7/18/25,20250718_C7B_00068.jpg,0,/mnt/research-projects/j/jlgage/RawUAVData01/uavforslb/final_image/final_sliced/20250718_C7B_00068.jpg
749,C6B,2024,7/19/24,8.5,7/18/24,20240718_C6B_00749.jpg,-1,/mnt/research-projects/j/jlgage/RawUAVData01/uavforslb/final_image/final_sliced/20240718_C6B_00749.jpg
5125,C10,2025,7/20/25,3.0,7/21/25,20250721_C10_05125.jpg,1,/mnt/research-projects/j/jlgage/RawUAVData01/uavforslb/final_image/final_sliced/20250721_C10_05125.jpg
5539,B7A,2024,7/11/24,7.5,7/10/24,20240710_B7A_05539.jpg,-1,/mnt/research-projects/j/jlgage/RawUAVData01/uavforslb/final_image/final_sliced/20240710_B7A_05539.jpg
1577,C6B,2024,7/29/24,5.5,7/26/24,20240726_C6B_01577.jpg,-3,/mnt/research-projects/j/jlgage/RawUAVData01/uavforslb/final_image/final_sliced/20240726_C6B_01577.jpg
2693,C6B,2024,7/30/24,4.0,8/2/24,20240802_C6B_02693.jpg,3,/mnt/research-projects/j/jlgage/RawUAVData01/uavforslb/final_image/final_sliced/20240802_C6B_02693.jpg
3724,C6B,2024,7/15/24,8.5,7/18/24,20240718_C6B_03724.jpg,3,/mnt/research-projects/j/jlgage/RawUAVData01/uavforslb/final_image/final_sliced/20240718_C6B_03724.jpg
3783,C6B,2024,7/15/24,8.0,7/18/24,20240718_C6B_03783.jpg,3,/mnt/research-projects/j/jlgage/RawUAVData01/uavforslb/final_image/final_sliced/20240718_C6B_03783.jpg
1131,C7B,2025,7/10/25,5.0,7/10/25,20250710_C7B_01131.jpg,0,/mnt/research-projects/j/jlgage/RawUAVData01/uavforslb/final_image/final_sliced/20250710_C7B_01131.jpg
5277,C10,2025,7/2/25,4.5,7/4/25,20250704_C10_05277.jpg,2,/mnt/research-projects/j/jlgage/RawUAVData01/uavforslb/final_image/final_sliced/20250704_C10_05277.jpg
4659,B7A,2024,7/15/24,8.5,7/16/24,20240716_B7A_04659.jpg,1,/mnt/research-projects/j/jlgage/RawUAVData01/uavforslb/final_image/final_sliced/20240716_B7A_04659.jpg
1599,C6B,2024,7/29/24,5.5,7/26/24,20240726_C6B_01599.jpg,-3,/mnt/research-projects/j/jlgage/RawUAVData01/uavforslb/final_image/final_sliced/20240726_C6B_01599.jpg
4238,B7A,2024,7/15/24,8.5,7/16/24,20240716_B7A_04238.jpg,1,/mnt/research-projects/j/jlgage/RawUAVData01/uavforslb/final_image/final_sliced/20240716_B7A_04238.jpg
610,C6B,2024,7/19/24,8.5,7/18/24,20240718_C6B_00610.jpg,-1,/mnt/research-projects/j/jlgage/RawUAVData01/uavforslb/final_image/final_sliced/20240718_C6B_00610.jpg
564,C7B,2025,7/10/25,7.0,7/10/25,20250710_C7B_00564.jpg,0,/mnt/research-projects/j/jlgage/RawUAVData01/uavforslb/final_image/final_sliced/20250710_C7B_00564.jpg
4546,B7A,2024,7/15/24,7.0,7/16/24,20240716_B7A_04546.jpg,1,/mnt/research-projects/j/jlgage/RawUAVData01/uavforslb/final_image/final_sliced/20240716_B7A_04546.jpg
6864,C10,2025,6/30/25,8.5,6/28/25,20250628_C10_06864.jpg,-2,/mnt/research-projects/j/jlgage/RawUAVData01/uavforslb/final_image/final_sliced/20250628_C10_06864.jpg
4447,C10,2025,7/19/25,5.0,7/18/25,20250718_C10_04447.jpg,-1,/mnt/research-projects/j/jlgage/RawUAVData01/uavforslb/final_image/final_sliced/20250718_C10_04447.jpg
364,C6B,2024,7/29/24,3.0,7/26/24,20240726_C6B_00364.jpg,-3,/mnt/research-projects/j/jlgage/RawUAVData01/uavforslb/final_image/final_sliced/20240726_C6B_00364.jpg
4989,C10,2025,7/2/25,5.5,7/4/25,20250704_C10_04989.jpg,2,/mnt/research-projects/j/jlgage/RawUAVData01/uavforslb/final_image/final_sliced/20250704_C10_04989.jpg
2001,C7B,2025,7/19/25,3.0,7/18/25,20250718_C7B_02001.jpg,-1,/mnt/research-projects/j/jlgage/RawUAVData01/uavforslb/final_image/final_sliced/20250718_C7B_02001.jpg
5671,C10,2025,7/1/25,5.5,6/28/25,20250628_C10_05671.jpg,-3,/mnt/research-projects/j/jlgage/RawUAVData01/uavforslb/final_image/final_sliced/20250628_C10_05671.jpg
5512,C10,2025,7/11/25,4.0,7/11/25,20250711_C10_05512.jpg,0,/mnt/research-projects/j/jlgage/RawUAVData01/uavforslb/final_image/final_sliced/20250711_C10_05512.jpg
2555,C6B,2024,7/27/24,4.5,7/26/24,20240726_C6B_02555.jpg,-1,/mnt/research-projects/j/jlgage/RawUAVData01/uavforslb/final_image/final_sliced/20240726_C6B_02555.jpg
1621,C6B,2024,7/19/24,6.0,7/18/24,20240718_C6B_01621.jpg,-1,/mnt/research-projects/j/jlgage/RawUAVData01/uavforslb/final_image/final_sliced/20240718_C6B_01621.jpg
5408,C10,2025,7/20/25,3.0,7/21/25,20250721_C10_05408.jpg,1,/mnt/research-projects/j/jlgage/RawUAVData01/uavforslb/final_image/final_sliced/20250721_C10_05408.jpg
1459,C6B,2024,7/29/24,1.5,7/26/24,20240726_C6B_01459.jpg,-3,/mnt/research-projects/j/jlgage/RawUAVData01/uavforslb/final_image/final_sliced/20240726_C6B_01459.jpg
1115,C6B,2024,7/19/24,5.0,7/18/24,20240718_C6B_01115.jpg,-1,/mnt/research-projects/j/jlgage/RawUAVData01/uavforslb/final_image/final_sliced/20240718_C6B_01115.jpg
1880,C7B,2025,7/7/25,5.5,7/7/25,20250707_C7B_01880.jpg,0,/mnt/research-projects/j/jlgage/RawUAVData01/uavforslb/final_image/final_sliced/20250707_C7B_01880.jpg
1878,C6B,2024,7/29/24,3.0,7/26/24,20240726_C6B_01878.jpg,-3,/mnt/research-projects/j/jlgage/RawUAVData01/uavforslb/final_image/final_sliced/20240726_C6B_01878.jpg
4648,B7A,2024,7/15/24,8.0,7/16/24,20240716_B7A_04648.jpg,1,/mnt/research-projects/j/jlgage/RawUAVData01/uavforslb/final_image/final_sliced/20240716_B7A_04648.jpg
4364,C10,2025,7/19/25,2.0,7/18/25,20250718_C10_04364.jpg,-1,/mnt/research-projects/j/jlgage/RawUAVData01/uavforslb/final_image/final_sliced/20250718_C10_04364.jpg
97,C7B,2025,7/18/25,5.5,7/18/25,20250718_C7B_00097.jpg,0,/mnt/research-projects/j/jlgage/RawUAVData01/uavforslb/final_image/final_sliced/20250718_C7B_00097.jpg
1330,C6B,2024,7/19/24,7.0,7/18/24,20240718_C6B_01330.jpg,-1,/mnt/research-projects/j/jlgage/RawUAVData01/uavforslb/final_image/final_sliced/20240718_C6B_01330.jpg
1498,C7B,2025,7/18/25,4.5,7/18/25,20250718_C7B_01498.jpg,0,/mnt/research-projects/j/jlgage/RawUAVData01/uavforslb/final_image/final_sliced/20250718_C7B_01498.jpg
1357,C6B,2024,7/29/24,3.0,7/26/24,20240726_C6B_01357.jpg,-3,/mnt/research-projects/j/jlgage/RawUAVData01/uavforslb/final_image/final_sliced/20240726_C6B_01357.jpg
975,C6B,2024,7/29/24,4.0,7/26/24,20240726_C6B_00975.jpg,-3,/mnt/research-projects/j/jlgage/RawUAVData01/uavforslb/final_image/final_sliced/20240726_C6B_00975.jpg
4523,B7A,2024,7/15/24,8.0,7/16/24,20240716_B7A_04523.jpg,1,/mnt/research-projects/j/jlgage/RawUAVData01/uavforslb/final_image/final_sliced/20240716_B7A_04523.jpg
5047,C6B,2024,7/1/24,8.5,7/3/24,20240703_C6B_05047.jpg,2,/mnt/research-projects/j/jlgage/RawUAVData01/uavforslb/final_image/final_sliced/20240703_C6B_05047.jpg
4670,C10,2025,7/2/25,6.0,7/4/25,20250704_C10_04670.jpg,2,/mnt/research-projects/j/jlgage/RawUAVData01/uavforslb/final_image/final_sliced/20250704_C10_04670.jpg
1817,C7B,2025,7/7/25,6.0,7/7/25,20250707_C7B_01817.jpg,0,/mnt/research-projects/j/jlgage/RawUAVData01/uavforslb/final_image/final_sliced/20250707_C7B_01817.jpg
4408,C10,2025,7/19/25,2.0,7/18/25,20250718_C10_04408.jpg,-1,/mnt/research-projects/j/jlgage/RawUAVData01/uavforslb/final_image/final_sliced/20250718_C10_04408.jpg
4254,B7A,2024,7/15/24,6.5,7/16/24,20240716_B7A_04254.jpg,1,/mnt/research-projects/j/jlgage/RawUAVData01/uavforslb/final_image/final_sliced/20240716_B7A_04254.jpg
4206,C10,2025,6/30/25,5.0,6/28/25,20250628_C10_04206.jpg,-2,/mnt/research-projects/j/jlgage/RawUAVData01/uavforslb/final_image/final_sliced/20250628_C10_04206.jpg
1153,C7B,2025,7/10/25,5.0,7/10/25,20250710_C7B_01153.jpg,0,/mnt/research-projects/j/jlgage/RawUAVData01/uavforslb/final_image/final_sliced/20250710_C7B_01153.jpg
5554,B7A,2024,7/11/24,7.5,7/10/24,20240710_B7A_05554.jpg,-1,/mnt/research-projects/j/jlgage/RawUAVData01/uavforslb/final_image/final_sliced/20240710_B7A_05554.jpg
5567,C10,2025,7/11/25,4.5,7/11/25,20250711_C10_05567.jpg,0,/mnt/research-projects/j/jlgage/RawUAVData01/uavforslb/final_image/final_sliced/20250711_C10_05567.jpg
5381,C10,2025,7/20/25,1.5,7/21/25,20250721_C10_05381.jpg,1,/mnt/research-projects/j/jlgage/RawUAVData01/uavforslb/final_image/final_sliced/20250721_C10_05381.jpg
5567,B7A,2024,7/11/24,8.0,7/10/24,20240710_B7A_05567.jpg,-1,/mnt/research-projects/j/jlgage/RawUAVData01/uavforslb/final_image/final_sliced/20240710_B7A_05567.jpg
2156,C6B,2024,7/19/24,5.0,7/18/24,20240718_C6B_02156.jpg,-1,/mnt/research-projects/j/jlgage/RawUAVData01/uavforslb/final_image/final_sliced/20240718_C6B_02156.jpg
5360,C10,2025,7/11/25,4.0,7/11/25,20250711_C10_05360.jpg,0,/mnt/research-projects/j/jlgage/RawUAVData01/uavforslb/final_image/final_sliced/20250711_C10_05360.jpg
2688,C6B,2024,7/15/24,8.0,7/18/24,20240718_C6B_02688.jpg,3,/mnt/research-projects/j/jlgage/RawUAVData01/uavforslb/final_image/final_sliced/20240718_C6B_02688.jpg
6789,C10,2025,6/30/25,8.5,6/28/25,20250628_C10_06789.jpg,-2,/mnt/research-projects/j/jlgage/RawUAVData01/uavforslb/final_image/final_sliced/20250628_C10_06789.jpg
6750,C10,2025,7/3/25,8.0,7/4/25,20250704_C10_06750.jpg,1,/mnt/research-projects/j/jlgage/RawUAVData01/uavforslb/final_image/final_sliced/20250704_C10_06750.jpg
3148,C6B,2024,7/15/24,8.0,7/18/24,20240718_C6B_03148.jpg,3,/mnt/research-projects/j/jlgage/RawUAVData01/uavforslb/final_image/final_sliced/20240718_C6B_03148.jpg
3344,C6B,2024,7/30/24,1.5,8/2/24,20240802_C6B_03344.jpg,3,/mnt/research-projects/j/jlgage/RawUAVData01/uavforslb/final_image/final_sliced/20240802_C6B_03344.jpg
1985,C7B,2025,7/7/25,5.0,7/7/25,20250707_C7B_01985.jpg,0,/mnt/research-projects/j/jlgage/RawUAVData01/uavforslb/final_image/final_sliced/20250707_C7B_01985.jpg
5592,C10,2025,7/2/25,5.5,7/4/25,20250704_C10_05592.jpg,2,/mnt/research-projects/j/jlgage/RawUAVData01/uavforslb/final_image/final_sliced/20250704_C10_05592.jpg
187,C6B,2024,7/29/24,4.0,7/26/24,20240726_C6B_00187.jpg,-3,/mnt/research-projects/j/jlgage/RawUAVData01/uavforslb/final_image/final_sliced/20240726_C6B_00187.jpg
3970,B7A,2024,7/15/24,7.0,7/16/24,20240716_B7A_03970.jpg,1,/mnt/research-projects/j/jlgage/RawUAVData01/uavforslb/final_image/final_sliced/20240716_B7A_03970.jpg
4273,C10,2025,7/11/25,6.0,7/11/25,20250711_C10_04273.jpg,0,/mnt/research-projects/j/jlgage/RawUAVData01/uavforslb/final_image/final_sliced/20250711_C10_04273.jpg
1686,C7B,2025,7/10/25,4.0,7/10/25,20250710_C7B_01686.jpg,0,/mnt/research-projects/j/jlgage/RawUAVData01/uavforslb/final_image/final_sliced/20250710_C7B_01686.jpg
5004,C6B,2024,7/27/24,5.5,7/26/24,20240726_C6B_05004.jpg,-1,/mnt/research-projects/j/jlgage/RawUAVData01/uavforslb/final_image/final_sliced/20240726_C6B_05004.jpg
1514,C7B,2025,7/10/25,5.5,7/10/25,20250710_C7B_01514.jpg,0,/mnt/research-projects/j/jlgage/RawUAVData01/uavforslb/final_image/final_sliced/20250710_C7B_01514.jpg
269,C7B,2025,7/4/25,5.0,7/4/25,20250704_C7B_00269.jpg,0,/mnt/research-projects/j/jlgage/RawUAVData01/uavforslb/final_image/final_sliced/20250704_C7B_00269.jpg
2587,C6B,2024,7/15/24,8.5,7/18/24,20240718_C6B_02587.jpg,3,/mnt/research-projects/j/jlgage/RawUAVData01/uavforslb/final_image/final_sliced/20240718_C6B_02587.jpg
2087,C6B,2024,7/19/24,5.0,7/18/24,20240718_C6B_02087.jpg,-1,/mnt/research-projects/j/jlgage/RawUAVData01/uavforslb/final_image/final_sliced/20240718_C6B_02087.jpg
4407,B7A,2024,7/15/24,7.0,7/16/24,20240716_B7A_04407.jpg,1,/mnt/research-projects/j/jlgage/RawUAVData01/uavforslb/final_image/final_sliced/20240716_B7A_04407.jpg
4843,C10,2025,7/20/25,5.5,7/21/25,20250721_C10_04843.jpg,1,/mnt/research-projects/j/jlgage/RawUAVData01/uavforslb/final_image/final_sliced/20250721_C10_04843.jpg
2898,C6B,2024,7/15/24,8.0,7/18/24,20240718_C6B_02898.jpg,3,/mnt/research-projects/j/jlgage/RawUAVData01/uavforslb/final_image/final_sliced/20240718_C6B_02898.jpg
2686,C7B,2025,6/30/25,8.5,7/1/25,20250701_C7B_02686.jpg,1,/mnt/research-projects/j/jlgage/RawUAVData01/uavforslb/final_image/final_sliced/20250701_C7B_02686.jpg
1595,C6B,2024,7/19/24,8.0,7/18/24,20240718_C6B_01595.jpg,-1,/mnt/research-projects/j/jlgage/RawUAVData01/uavforslb/final_image/final_sliced/20240718_C6B_01595.jpg
877,C6B,2024,7/29/24,4.0,7/26/24,20240726_C6B_00877.jpg,-3,/mnt/research-projects/j/jlgage/RawUAVData01/uavforslb/final_image/final_sliced/20240726_C6B_00877.jpg
5238,C10,2025,7/11/25,4.0,7/11/25,20250711_C10_05238.jpg,0,/mnt/research-projects/j/jlgage/RawUAVData01/uavforslb/final_image/final_sliced/20250711_C10_05238.jpg
4105,B7A,2024,7/30/24,1.5,7/27/24,20240727_B7A_04105.jpg,-3,/mnt/research-projects/j/jlgage/RawUAVData01/uavforslb/final_image/final_sliced/20240727_B7A_04105.jpg
37,C7B,2025,6/30/25,8.0,7/1/25,20250701_C7B_00037.jpg,1,/mnt/research-projects/j/jlgage/RawUAVData01/uavforslb/final_image/final_sliced/20250701_C7B_00037.jpg
2529,C6B,2024,7/27/24,4.0,7/26/24,20240726_C6B_02529.jpg,-1,/mnt/research-projects/j/jlgage/RawUAVData01/uavforslb/final_image/final_sliced/20240726_C6B_02529.jpg
2085,C6B,2024,7/29/24,2.5,7/26/24,20240726_C6B_02085.jpg,-3,/mnt/research-projects/j/jlgage/RawUAVData01/uavforslb/final_image/final_sliced/20240726_C6B_02085.jpg
4927,C10,2025,7/2/25,7.5,7/4/25,20250704_C10_04927.jpg,2,/mnt/research-projects/j/jlgage/RawUAVData01/uavforslb/final_image/final_sliced/20250704_C10_04927.jpg
4351,B7A,2024,7/30/24,1.5,7/27/24,20240727_B7A_04351.jpg,-3,/mnt/research-projects/j/jlgage/RawUAVData01/uavforslb/final_image/final_sliced/20240727_B7A_04351.jpg
2949,C6B,2024,7/30/24,1.5,8/2/24,20240802_C6B_02949.jpg,3,/mnt/research-projects/j/jlgage/RawUAVData01/uavforslb/final_image/final_sliced/20240802_C6B_02949.jpg
1453,C6B,2024,7/19/24,8.0,7/18/24,20240718_C6B_01453.jpg,-1,/mnt/research-projects/j/jlgage/RawUAVData01/uavforslb/final_image/final_sliced/20240718_C6B_01453.jpg
5298,C10,2025,7/2/25,4.0,7/4/25,20250704_C10_05298.jpg,2,/mnt/research-projects/j/jlgage/RawUAVData01/uavforslb/final_image/final_sliced/20250704_C10_05298.jpg
2840,C7B,2025,7/8/25,7.5,7/7/25,20250707_C7B_02840.jpg,-1,/mnt/research-projects/j/jlgage/RawUAVData01/uavforslb/final_image/final_sliced/20250707_C7B_02840.jpg
2943,C6B,2024,7/15/24,5.0,7/18/24,20240718_C6B_02943.jpg,3,/mnt/research-projects/j/jlgage/RawUAVData01/uavforslb/final_image/final_sliced/20240718_C6B_02943.jpg
1686,C7B,2025,7/19/25,2.5,7/18/25,20250718_C7B_01686.jpg,-1,/mnt/research-projects/j/jlgage/RawUAVData01/uavforslb/final_image/final_sliced/20250718_C7B_01686.jpg
6751,C10,2025,7/14/25,8.0,7/14/25,20250714_C10_06751.jpg,0,/mnt/research-projects/j/jlgage/RawUAVData01/uavforslb/final_image/final_sliced/20250714_C10_06751.jpg
5254,C10,2025,7/11/25,5.0,7/11/25,20250711_C10_05254.jpg,0,/mnt/research-projects/j/jlgage/RawUAVData01/uavforslb/final_image/final_sliced/20250711_C10_05254.jpg
473,C7B,2025,7/10/25,4.0,7/10/25,20250710_C7B_00473.jpg,0,/mnt/research-projects/j/jlgage/RawUAVData01/uavforslb/final_image/final_sliced/20250710_C7B_00473.jpg
6705,C10,2025,6/30/25,8.0,6/28/25,20250628_C10_06705.jpg,-2,/mnt/research-projects/j/jlgage/RawUAVData01/uavforslb/final_image/final_sliced/20250628_C10_06705.jpg
58,C7B,2025,7/4/25,7.5,7/4/25,20250704_C7B_00058.jpg,0,/mnt/research-projects/j/jlgage/RawUAVData01/uavforslb/final_image/final_sliced/20250704_C7B_00058.jpg
4047,B7A,2024,7/15/24,8.5,7/16/24,20240716_B7A_04047.jpg,1,/mnt/research-projects/j/jlgage/RawUAVData01/uavforslb/final_image/final_sliced/20240716_B7A_04047.jpg
5703,C10,2025,7/19/25,2.0,7/18/25,20250718_C10_05703.jpg,-1,/mnt/research-projects/j/jlgage/RawUAVData01/uavforslb/final_image/final_sliced/20250718_C10_05703.jpg
4878,C10,2025,7/20/25,2.5,7/21/25,20250721_C10_04878.jpg,1,/mnt/research-projects/j/jlgage/RawUAVData01/uavforslb/final_image/final_sliced/20250721_C10_04878.jpg
4400,C10,2025,7/11/25,5.0,7/11/25,20250711_C10_04400.jpg,0,/mnt/research-projects/j/jlgage/RawUAVData01/uavforslb/final_image/final_sliced/20250711_C10_04400.jpg
1399,C6B,2024,7/29/24,4.0,7/26/24,20240726_C6B_01399.jpg,-3,/mnt/research-projects/j/jlgage/RawUAVData01/uavforslb/final_image/final_sliced/20240726_C6B_01399.jpg
1464,C7B,2025,7/10/25,3.0,7/10/25,20250710_C7B_01464.jpg,0,/mnt/research-projects/j/jlgage/RawUAVData01/uavforslb/final_image/final_sliced/20250710_C7B_01464.jpg
5052,C10,2025,7/11/25,5.0,7/11/25,20250711_C10_05052.jpg,0,/mnt/research-projects/j/jlgage/RawUAVData01/uavforslb/final_image/final_sliced/20250711_C10_05052.jpg
4153,B7A,2024,7/30/24,4.0,7/27/24,20240727_B7A_04153.jpg,-3,/mnt/research-projects/j/jlgage/RawUAVData01/uavforslb/final_image/final_sliced/20240727_B7A_04153.jpg
2533,C6B,2024,7/27/24,4.0,7/26/24,20240726_C6B_02533.jpg,-1,/mnt/research-projects/j/jlgage/RawUAVData01/uavforslb/final_image/final_sliced/20240726_C6B_02533.jpg
4137,C10,2025,7/7/25,4.0,7/7/25,20250707_C10_04137.jpg,0,/mnt/research-projects/j/jlgage/RawUAVData01/uavforslb/final_image/final_sliced/20250707_C10_04137.jpg
568,C7B,2025,7/18/25,3.0,7/18/25,20250718_C7B_00568.jpg,0,/mnt/research-projects/j/jlgage/RawUAVData01/uavforslb/final_image/final_sliced/20250718_C7B_00568.jpg
1172,C6B,2024,7/19/24,8.5,7/18/24,20240718_C6B_01172.jpg,-1,/mnt/research-projects/j/jlgage/RawUAVData01/uavforslb/final_image/final_sliced/20240718_C6B_01172.jpg
365,C7B,2025,7/4/25,5.5,7/4/25,20250704_C7B_00365.jpg,0,/mnt/research-projects/j/jlgage/RawUAVData01/uavforslb/final_image/final_sliced/20250704_C7B_00365.jpg
330,C7B,2025,7/4/25,6.0,7/4/25,20250704_C7B_00330.jpg,0,/mnt/research-projects/j/jlgage/RawUAVData01/uavforslb/final_image/final_sliced/20250704_C7B_00330.jpg
1586,C6B,2024,7/29/24,6.0,7/26/24,20240726_C6B_01586.jpg,-3,/mnt/research-projects/j/jlgage/RawUAVData01/uavforslb/final_image/final_sliced/20240726_C6B_01586.jpg
4321,C10,2025,7/11/25,4.0,7/11/25,20250711_C10_04321.jpg,0,/mnt/research-projects/j/jlgage/RawUAVData01/uavforslb/final_image/final_sliced/20250711_C10_04321.jpg
1514,C6B,2024,7/29/24,5.0,7/26/24,20240726_C6B_01514.jpg,-3,/mnt/research-projects/j/jlgage/RawUAVData01/uavforslb/final_image/final_sliced/20240726_C6B_01514.jpg
1796,C7B,2025,7/10/25,5.5,7/10/25,20250710_C7B_01796.jpg,0,/mnt/research-projects/j/jlgage/RawUAVData01/uavforslb/final_image/final_sliced/20250710_C7B_01796.jpg
411,C6B,2024,7/19/24,8.0,7/18/24,20240718_C6B_00411.jpg,-1,/mnt/research-projects/j/jlgage/RawUAVData01/uavforslb/final_image/final_sliced/20240718_C6B_00411.jpg
2784,C7B,2025,7/13/25,7.5,7/12/25,20250712_C7B_02784.jpg,-1,/mnt/research-projects/j/jlgage/RawUAVData01/uavforslb/final_image/final_sliced/20250712_C7B_02784.jpg
1674,C6B,2024,7/19/24,8.5,7/18/24,20240718_C6B_01674.jpg,-1,/mnt/research-projects/j/jlgage/RawUAVData01/uavforslb/final_image/final_sliced/20240718_C6B_01674.jpg
5591,C10,2025,7/11/25,4.0,7/11/25,20250711_C10_05591.jpg,0,/mnt/research-projects/j/jlgage/RawUAVData01/uavforslb/final_image/final_sliced/20250711_C10_05591.jpg
4518,B7A,2024,7/15/24,7.0,7/16/24,20240716_B7A_04518.jpg,1,/mnt/research-projects/j/jlgage/RawUAVData01/uavforslb/final_image/final_sliced/20240716_B7A_04518.jpg
205,C7B,2025,7/4/25,8.0,7/4/25,20250704_C7B_00205.jpg,0,/mnt/research-projects/j/jlgage/RawUAVData01/uavforslb/final_image/final_sliced/20250704_C7B_00205.jpg
4474,C10,2025,7/2/25,7.0,7/4/25,20250704_C10_04474.jpg,2,/mnt/research-projects/j/jlgage/RawUAVData01/uavforslb/final_image/final_sliced/20250704_C10_04474.jpg
4080,C10,2025,7/11/25,6.0,7/11/25,20250711_C10_04080.jpg,0,/mnt/research-projects/j/jlgage/RawUAVData01/uavforslb/final_image/final_sliced/20250711_C10_04080.jpg
1703,C7B,2025,7/7/25,7.0,7/7/25,20250707_C7B_01703.jpg,0,/mnt/research-projects/j/jlgage/RawUAVData01/uavforslb/final_image/final_sliced/20250707_C7B_01703.jpg
4584,B7A,2024,7/30/24,2.0,7/27/24,20240727_B7A_04584.jpg,-3,/mnt/research-projects/j/jlgage/RawUAVData01/uavforslb/final_image/final_sliced/20240727_B7A_04584.jpg
3065,C6B,2024,7/15/24,7.5,7/18/24,20240718_C6B_03065.jpg,3,/mnt/research-projects/j/jlgage/RawUAVData01/uavforslb/final_image/final_sliced/20240718_C6B_03065.jpg
5521,C10,2025,7/20/25,2.0,7/21/25,20250721_C10_05521.jpg,1,/mnt/research-projects/j/jlgage/RawUAVData01/uavforslb/final_image/final_sliced/20250721_C10_05521.jpg
1723,C6B,2024,7/19/24,6.5,7/18/24,20240718_C6B_01723.jpg,-1,/mnt/research-projects/j/jlgage/RawUAVData01/uavforslb/final_image/final_sliced/20240718_C6B_01723.jpg
2552,C6B,2024,7/11/24,8.0,7/10/24,20240710_C6B_02552.jpg,-1,/mnt/research-projects/j/jlgage/RawUAVData01/uavforslb/final_image/final_sliced/20240710_C6B_02552.jpg
3049,C6B,2024,7/15/24,5.0,7/18/24,20240718_C6B_03049.jpg,3,/mnt/research-projects/j/jlgage/RawUAVData01/uavforslb/final_image/final_sliced/20240718_C6B_03049.jpg
3884,B7A,2024,7/30/24,1.0,7/27/24,20240727_B7A_03884.jpg,-3,/mnt/research-projects/j/jlgage/RawUAVData01/uavforslb/final_image/final_sliced/20240727_B7A_03884.jpg
1085,C6B,2024,7/29/24,1.5,7/26/24,20240726_C6B_01085.jpg,-3,/mnt/research-projects/j/jlgage/RawUAVData01/uavforslb/final_image/final_sliced/20240726_C6B_01085.jpg
4264,C10,2025,6/30/25,8.0,6/28/25,20250628_C10_04264.jpg,-2,/mnt/research-projects/j/jlgage/RawUAVData01/uavforslb/final_image/final_sliced/20250628_C10_04264.jpg
4473,C10,2025,7/11/25,5.0,7/11/25,20250711_C10_04473.jpg,0,/mnt/research-projects/j/jlgage/RawUAVData01/uavforslb/final_image/final_sliced/20250711_C10_04473.jpg
4598,B7A,2024,7/30/24,2.0,7/27/24,20240727_B7A_04598.jpg,-3,/mnt/research-projects/j/jlgage/RawUAVData01/uavforslb/final_image/final_sliced/20240727_B7A_04598.jpg
1921,C7B,2025,7/19/25,2.0,7/18/25,20250718_C7B_01921.jpg,-1,/mnt/research-projects/j/jlgage/RawUAVData01/uavforslb/final_image/final_sliced/20250718_C7B_01921.jpg
6709,C10,2025,7/3/25,7.5,7/4/25,20250704_C10_06709.jpg,1,/mnt/research-projects/j/jlgage/RawUAVData01/uavforslb/final_image/final_sliced/20250704_C10_06709.jpg
877,C7B,2025,7/10/25,7.5,7/10/25,20250710_C7B_00877.jpg,0,/mnt/research-projects/j/jlgage/RawUAVData01/uavforslb/final_image/final_sliced/20250710_C7B_00877.jpg
4072,C10,2025,6/30/25,8.0,6/28/25,20250628_C10_04072.jpg,-2,/mnt/research-projects/j/jlgage/RawUAVData01/uavforslb/final_image/final_sliced/20250628_C10_04072.jpg
1400,C6B,2024,7/19/24,4.0,7/18/24,20240718_C6B_01400.jpg,-1,/mnt/research-projects/j/jlgage/RawUAVData01/uavforslb/final_image/final_sliced/20240718_C6B_01400.jpg
3856,B7A,2024,7/15/24,8.5,7/16/24,20240716_B7A_03856.jpg,1,/mnt/research-projects/j/jlgage/RawUAVData01/uavforslb/final_image/final_sliced/20240716_B7A_03856.jpg
2046,C6B,2024,7/19/24,4.0,7/18/24,20240718_C6B_02046.jpg,-1,/mnt/research-projects/j/jlgage/RawUAVData01/uavforslb/final_image/final_sliced/20240718_C6B_02046.jpg
1411,C6B,2024,7/19/24,8.0,7/18/24,20240718_C6B_01411.jpg,-1,/mnt/research-projects/j/jlgage/RawUAVData01/uavforslb/final_image/final_sliced/20240718_C6B_01411.jpg
950,C6B,2024,7/19/24,5.0,7/18/24,20240718_C6B_00950.jpg,-1,/mnt/research-projects/j/jlgage/RawUAVData01/uavforslb/final_image/final_sliced/20240718_C6B_00950.jpg
4338,B7A,2024,7/30/24,2.5,7/27/24,20240727_B7A_04338.jpg,-3,/mnt/research-projects/j/jlgage/RawUAVData01/uavforslb/final_image/final_sliced/20240727_B7A_04338.jpg
1865,C6B,2024,7/29/24,4.0,7/26/24,20240726_C6B_01865.jpg,-3,/mnt/research-projects/j/jlgage/RawUAVData01/uavforslb/final_image/final_sliced/20240726_C6B_01865.jpg
4507,B7A,2024,7/15/24,6.0,7/16/24,20240716_B7A_04507.jpg,1,/mnt/research-projects/j/jlgage/RawUAVData01/uavforslb/final_image/final_sliced/20240716_B7A_04507.jpg
2802,C7B,2025,7/8/25,8.0,7/7/25,20250707_C7B_02802.jpg,-1,/mnt/research-projects/j/jlgage/RawUAVData01/uavforslb/final_image/final_sliced/20250707_C7B_02802.jpg
2520,C6B,2024,7/11/24,7.5,7/10/24,20240710_C6B_02520.jpg,-1,/mnt/research-projects/j/jlgage/RawUAVData01/uavforslb/final_image/final_sliced/20240710_C6B_02520.jpg
2692,C6B,2024,7/15/24,8.5,7/18/24,20240718_C6B_02692.jpg,3,/mnt/research-projects/j/jlgage/RawUAVData01/uavforslb/final_image/final_sliced/20240718_C6B_02692.jpg
567,C6B,2024,7/19/24,7.0,7/18/24,20240718_C6B_00567.jpg,-1,/mnt/research-projects/j/jlgage/RawUAVData01/uavforslb/final_image/final_sliced/20240718_C6B_00567.jpg
123,C7B,2025,6/30/25,5.5,7/1/25,20250701_C7B_00123.jpg,1,/mnt/research-projects/j/jlgage/RawUAVData01/uavforslb/final_image/final_sliced/20250701_C7B_00123.jpg
3605,C6B,2024,7/15/24,7.0,7/18/24,20240718_C6B_03605.jpg,3,/mnt/research-projects/j/jlgage/RawUAVData01/uavforslb/final_image/final_sliced/20240718_C6B_03605.jpg
547,C6B,2024,7/19/24,7.0,7/18/24,20240718_C6B_00547.jpg,-1,/mnt/research-projects/j/jlgage/RawUAVData01/uavforslb/final_image/final_sliced/20240718_C6B_00547.jpg
881,C6B,2024,7/19/24,8.0,7/18/24,20240718_C6B_00881.jpg,-1,/mnt/research-projects/j/jlgage/RawUAVData01/uavforslb/final_image/final_sliced/20240718_C6B_00881.jpg
1609,C6B,2024,7/29/24,5.0,7/26/24,20240726_C6B_01609.jpg,-3,/mnt/research-projects/j/jlgage/RawUAVData01/uavforslb/final_image/final_sliced/20240726_C6B_01609.jpg
3553,C6B,2024,7/15/24,8.0,7/18/24,20240718_C6B_03553.jpg,3,/mnt/research-projects/j/jlgage/RawUAVData01/uavforslb/final_image/final_sliced/20240718_C6B_03553.jpg
5599,C10,2025,7/20/25,4.0,7/21/25,20250721_C10_05599.jpg,1,/mnt/research-projects/j/jlgage/RawUAVData01/uavforslb/final_image/final_sliced/20250721_C10_05599.jpg
4171,B7A,2024,7/30/24,8.0,7/27/24,20240727_B7A_04171.jpg,-3,/mnt/research-projects/j/jlgage/RawUAVData01/uavforslb/final_image/final_sliced/20240727_B7A_04171.jpg
2037,C7B,2025,7/10/25,5.0,7/10/25,20250710_C7B_02037.jpg,0,/mnt/research-projects/j/jlgage/RawUAVData01/uavforslb/final_image/final_sliced/20250710_C7B_02037.jpg
1093,C6B,2024,7/19/24,7.5,7/18/24,20240718_C6B_01093.jpg,-1,/mnt/research-projects/j/jlgage/RawUAVData01/uavforslb/final_image/final_sliced/20240718_C6B_01093.jpg
1023,C7B,2025,7/1/25,7.5,7/1/25,20250701_C7B_01023.jpg,0,/mnt/research-projects/j/jlgage/RawUAVData01/uavforslb/final_image/final_sliced/20250701_C7B_01023.jpg
1503,C6B,2024,7/19/24,7.0,7/18/24,20240718_C6B_01503.jpg,-1,/mnt/research-projects/j/jlgage/RawUAVData01/uavforslb/final_image/final_sliced/20240718_C6B_01503.jpg
1465,C6B,2024,7/19/24,6.5,7/18/24,20240718_C6B_01465.jpg,-1,/mnt/research-projects/j/jlgage/RawUAVData01/uavforslb/final_image/final_sliced/20240718_C6B_01465.jpg
4014,B7A,2024,7/30/24,3.0,7/27/24,20240727_B7A_04014.jpg,-3,/mnt/research-projects/j/jlgage/RawUAVData01/uavforslb/final_image/final_sliced/20240727_B7A_04014.jpg
365,C6B,2024,7/29/24,5.0,7/26/24,20240726_C6B_00365.jpg,-3,/mnt/research-projects/j/jlgage/RawUAVData01/uavforslb/final_image/final_sliced/20240726_C6B_00365.jpg
4609,B7A,2024,7/30/24,1.5,7/27/24,20240727_B7A_04609.jpg,-3,/mnt/research-projects/j/jlgage/RawUAVData01/uavforslb/final_image/final_sliced/20240727_B7A_04609.jpg
5478,C10,2025,7/2/25,5.5,7/4/25,20250704_C10_05478.jpg,2,/mnt/research-projects/j/jlgage/RawUAVData01/uavforslb/final_image/final_sliced/20250704_C10_05478.jpg
3833,B7A,2024,7/15/24,6.5,7/16/24,20240716_B7A_03833.jpg,1,/mnt/research-projects/j/jlgage/RawUAVData01/uavforslb/final_image/final_sliced/20240716_B7A_03833.jpg
648,C6B,2024,7/29/24,3.0,7/26/24,20240726_C6B_00648.jpg,-3,/mnt/research-projects/j/jlgage/RawUAVData01/uavforslb/final_image/final_sliced/20240726_C6B_00648.jpg
236,C7B,2025,6/30/25,7.0,7/1/25,20250701_C7B_00236.jpg,1,/mnt/research-projects/j/jlgage/RawUAVData01/uavforslb/final_image/final_sliced/20250701_C7B_00236.jpg
5501,B7A,2024,7/1/24,8.5,7/3/24,20240703_B7A_05501.jpg,2,/mnt/research-projects/j/jlgage/RawUAVData01/uavforslb/final_image/final_sliced/20240703_B7A_05501.jpg
5517,C10,2025,7/20/25,2.0,7/21/25,20250721_C10_05517.jpg,1,/mnt/research-projects/j/jlgage/RawUAVData01/uavforslb/final_image/final_sliced/20250721_C10_05517.jpg
4155,B7A,2024,7/15/24,8.0,7/16/24,20240716_B7A_04155.jpg,1,/mnt/research-projects/j/jlgage/RawUAVData01/uavforslb/final_image/final_sliced/20240716_B7A_04155.jpg
351,C6B,2024,7/29/24,5.0,7/26/24,20240726_C6B_00351.jpg,-3,/mnt/research-projects/j/jlgage/RawUAVData01/uavforslb/final_image/final_sliced/20240726_C6B_00351.jpg
4387,B7A,2024,7/15/24,8.5,7/16/24,20240716_B7A_04387.jpg,1,/mnt/research-projects/j/jlgage/RawUAVData01/uavforslb/final_image/final_sliced/20240716_B7A_04387.jpg
1493,C7B,2025,7/18/25,4.0,7/18/25,20250718_C7B_01493.jpg,0,/mnt/research-projects/j/jlgage/RawUAVData01/uavforslb/final_image/final_sliced/20250718_C7B_01493.jpg
2006,C7B,2025,7/7/25,6.0,7/7/25,20250707_C7B_02006.jpg,0,/mnt/research-projects/j/jlgage/RawUAVData01/uavforslb/final_image/final_sliced/20250707_C7B_02006.jpg
2733,C7B,2025,7/18/25,8.0,7/18/25,20250718_C7B_02733.jpg,0,/mnt/research-projects/j/jlgage/RawUAVData01/uavforslb/final_image/final_sliced/20250718_C7B_02733.jpg
5378,C10,2025,7/2/25,5.5,7/4/25,20250704_C10_05378.jpg,2,/mnt/research-projects/j/jlgage/RawUAVData01/uavforslb/final_image/final_sliced/20250704_C10_05378.jpg
6828,C10,2025,7/18/25,6.0,7/18/25,20250718_C10_06828.jpg,0,/mnt/research-projects/j/jlgage/RawUAVData01/uavforslb/final_image/final_sliced/20250718_C10_06828.jpg
5947,C10,2025,7/8/25,6.0,7/7/25,20250707_C10_05947.jpg,-1,/mnt/research-projects/j/jlgage/RawUAVData01/uavforslb/final_image/final_sliced/20250707_C10_05947.jpg
5598,C10,2025,7/11/25,7.0,7/11/25,20250711_C10_05598.jpg,0,/mnt/research-projects/j/jlgage/RawUAVData01/uavforslb/final_image/final_sliced/20250711_C10_05598.jpg
4753,C10,2025,7/11/25,5.0,7/11/25,20250711_C10_04753.jpg,0,/mnt/research-projects/j/jlgage/RawUAVData01/uavforslb/final_image/final_sliced/20250711_C10_04753.jpg
3011,C6B,2024,7/30/24,2.0,8/2/24,20240802_C6B_03011.jpg,3,/mnt/research-projects/j/jlgage/RawUAVData01/uavforslb/final_image/final_sliced/20240802_C6B_03011.jpg
5787,C10,2025,7/11/25,5.0,7/11/25,20250711_C10_05787.jpg,0,/mnt/research-projects/j/jlgage/RawUAVData01/uavforslb/final_image/final_sliced/20250711_C10_05787.jpg
235,C7B,2025,7/10/25,5.5,7/10/25,20250710_C7B_00235.jpg,0,/mnt/research-projects/j/jlgage/RawUAVData01/uavforslb/final_image/final_sliced/20250710_C7B_00235.jpg
6775,C10,2025,7/18/25,8.0,7/18/25,20250718_C10_06775.jpg,0,/mnt/research-projects/j/jlgage/RawUAVData01/uavforslb/final_image/final_sliced/20250718_C10_06775.jpg
6812,C10,2025,7/14/25,8.0,7/14/25,20250714_C10_06812.jpg,0,/mnt/research-projects/j/jlgage/RawUAVData01/uavforslb/final_image/final_sliced/20250714_C10_06812.jpg
1347,C7B,2025,7/1/25,7.5,7/1/25,20250701_C7B_01347.jpg,0,/mnt/research-projects/j/jlgage/RawUAVData01/uavforslb/final_image/final_sliced/20250701_C7B_01347.jpg
4944,C10,2025,7/2/25,7.0,7/4/25,20250704_C10_04944.jpg,2,/mnt/research-projects/j/jlgage/RawUAVData01/uavforslb/final_image/final_sliced/20250704_C10_04944.jpg
4370,C10,2025,7/7/25,5.0,7/7/25,20250707_C10_04370.jpg,0,/mnt/research-projects/j/jlgage/RawUAVData01/uavforslb/final_image/final_sliced/20250707_C10_04370.jpg
286,C6B,2024,7/19/24,8.0,7/18/24,20240718_C6B_00286.jpg,-1,/mnt/research-projects/j/jlgage/RawUAVData01/uavforslb/final_image/final_sliced/20240718_C6B_00286.jpg
1265,C7B,2025,7/10/25,4.0,7/10/25,20250710_C7B_01265.jpg,0,/mnt/research-projects/j/jlgage/RawUAVData01/uavforslb/final_image/final_sliced/20250710_C7B_01265.jpg
3460,C6B,2024,7/15/24,8.0,7/18/24,20240718_C6B_03460.jpg,3,/mnt/research-projects/j/jlgage/RawUAVData01/uavforslb/final_image/final_sliced/20240718_C6B_03460.jpg
6734,C10,2025,6/30/25,8.5,6/28/25,20250628_C10_06734.jpg,-2,/mnt/research-projects/j/jlgage/RawUAVData01/uavforslb/final_image/final_sliced/20250628_C10_06734.jpg
2881,C6B,2024,7/30/24,2.0,8/2/24,20240802_C6B_02881.jpg,3,/mnt/research-projects/j/jlgage/RawUAVData01/uavforslb/final_image/final_sliced/20240802_C6B_02881.jpg
5530,B7A,2024,7/11/24,7.0,7/10/24,20240710_B7A_05530.jpg,-1,/mnt/research-projects/j/jlgage/RawUAVData01/uavforslb/final_image/final_sliced/20240710_B7A_05530.jpg
5870,C10,2025,7/11/25,6.0,7/11/25,20250711_C10_05870.jpg,0,/mnt/research-projects/j/jlgage/RawUAVData01/uavforslb/final_image/final_sliced/20250711_C10_05870.jpg
4312,C10,2025,7/11/25,6.0,7/11/25,20250711_C10_04312.jpg,0,/mnt/research-projects/j/jlgage/RawUAVData01/uavforslb/final_image/final_sliced/20250711_C10_04312.jpg
4592,C10,2025,7/11/25,4.0,7/11/25,20250711_C10_04592.jpg,0,/mnt/research-projects/j/jlgage/RawUAVData01/uavforslb/final_image/final_sliced/20250711_C10_04592.jpg
165,C7B,2025,7/4/25,6.5,7/4/25,20250704_C7B_00165.jpg,0,/mnt/research-projects/j/jlgage/RawUAVData01/uavforslb/final_image/final_sliced/20250704_C7B_00165.jpg
6777,C10,2025,7/14/25,7.5,7/14/25,20250714_C10_06777.jpg,0,/mnt/research-projects/j/jlgage/RawUAVData01/uavforslb/final_image/final_sliced/20250714_C10_06777.jpg
5139,C10,2025,7/20/25,1.5,7/21/25,20250721_C10_05139.jpg,1,/mnt/research-projects/j/jlgage/RawUAVData01/uavforslb/final_image/final_sliced/20250721_C10_05139.jpg
607,C6B,2024,7/29/24,6.0,7/26/24,20240726_C6B_00607.jpg,-3,/mnt/research-projects/j/jlgage/RawUAVData01/uavforslb/final_image/final_sliced/20240726_C6B_00607.jpg
4347,C10,2025,7/7/25,6.0,7/7/25,20250707_C10_04347.jpg,0,/mnt/research-projects/j/jlgage/RawUAVData01/uavforslb/final_image/final_sliced/20250707_C10_04347.jpg
6695,C10,2025,7/14/25,4.0,7/14/25,20250714_C10_06695.jpg,0,/mnt/research-projects/j/jlgage/RawUAVData01/uavforslb/final_image/final_sliced/20250714_C10_06695.jpg
2971,C6B,2024,7/30/24,3.0,8/2/24,20240802_C6B_02971.jpg,3,/mnt/research-projects/j/jlgage/RawUAVData01/uavforslb/final_image/final_sliced/20240802_C6B_02971.jpg
2706,C7B,2025,7/13/25,7.5,7/12/25,20250712_C7B_02706.jpg,-1,/mnt/research-projects/j/jlgage/RawUAVData01/uavforslb/final_image/final_sliced/20250712_C7B_02706.jpg
4298,C10,2025,7/7/25,5.0,7/7/25,20250707_C10_04298.jpg,0,/mnt/research-projects/j/jlgage/RawUAVData01/uavforslb/final_image/final_sliced/20250707_C10_04298.jpg
4979,C10,2025,7/11/25,4.0,7/11/25,20250711_C10_04979.jpg,0,/mnt/research-projects/j/jlgage/RawUAVData01/uavforslb/final_image/final_sliced/20250711_C10_04979.jpg
3367,C6B,2024,7/30/24,2.0,8/2/24,20240802_C6B_03367.jpg,3,/mnt/research-projects/j/jlgage/RawUAVData01/uavforslb/final_image/final_sliced/20240802_C6B_03367.jpg
5767,C10,2025,7/11/25,3.0,7/11/25,20250711_C10_05767.jpg,0,/mnt/research-projects/j/jlgage/RawUAVData01/uavforslb/final_image/final_sliced/20250711_C10_05767.jpg
3744,C6B,2024,7/30/24,4.0,8/2/24,20240802_C6B_03744.jpg,3,/mnt/research-projects/j/jlgage/RawUAVData01/uavforslb/final_image/final_sliced/20240802_C6B_03744.jpg
1866,C7B,2025,7/7/25,5.0,7/7/25,20250707_C7B_01866.jpg,0,/mnt/research-projects/j/jlgage/RawUAVData01/uavforslb/final_image/final_sliced/20250707_C7B_01866.jpg
2567,C6B,2024,7/27/24,3.0,7/26/24,20240726_C6B_02567.jpg,-1,/mnt/research-projects/j/jlgage/RawUAVData01/uavforslb/final_image/final_sliced/20240726_C6B_02567.jpg
4925,C10,2025,7/11/25,6.5,7/11/25,20250711_C10_04925.jpg,0,/mnt/research-projects/j/jlgage/RawUAVData01/uavforslb/final_image/final_sliced/20250711_C10_04925.jpg
4858,C10,2025,7/20/25,4.5,7/21/25,20250721_C10_04858.jpg,1,/mnt/research-projects/j/jlgage/RawUAVData01/uavforslb/final_image/final_sliced/20250721_C10_04858.jpg
3388,C6B,2024,7/15/24,8.5,7/18/24,20240718_C6B_03388.jpg,3,/mnt/research-projects/j/jlgage/RawUAVData01/uavforslb/final_image/final_sliced/20240718_C6B_03388.jpg
1447,C6B,2024,7/29/24,5.0,7/26/24,20240726_C6B_01447.jpg,-3,/mnt/research-projects/j/jlgage/RawUAVData01/uavforslb/final_image/final_sliced/20240726_C6B_01447.jpg
135,C6B,2024,7/29/24,4.0,7/26/24,20240726_C6B_00135.jpg,-3,/mnt/research-projects/j/jlgage/RawUAVData01/uavforslb/final_image/final_sliced/20240726_C6B_00135.jpg
174,C7B,2025,7/18/25,4.0,7/18/25,20250718_C7B_00174.jpg,0,/mnt/research-projects/j/jlgage/RawUAVData01/uavforslb/final_image/final_sliced/20250718_C7B_00174.jpg
3584,C6B,2024,7/30/24,2.0,8/2/24,20240802_C6B_03584.jpg,3,/mnt/research-projects/j/jlgage/RawUAVData01/uavforslb/final_image/final_sliced/20240802_C6B_03584.jpg
4194,C10,2025,7/7/25,5.0,7/7/25,20250707_C10_04194.jpg,0,/mnt/research-projects/j/jlgage/RawUAVData01/uavforslb/final_image/final_sliced/20250707_C10_04194.jpg
688,C7B,2025,7/10/25,6.0,7/10/25,20250710_C7B_00688.jpg,0,/mnt/research-projects/j/jlgage/RawUAVData01/uavforslb/final_image/final_sliced/20250710_C7B_00688.jpg
5703,C10,2025,7/8/25,4.0,7/7/25,20250707_C10_05703.jpg,-1,/mnt/research-projects/j/jlgage/RawUAVData01/uavforslb/final_image/final_sliced/20250707_C10_05703.jpg
5469,C10,2025,7/20/25,2.0,7/21/25,20250721_C10_05469.jpg,1,/mnt/research-projects/j/jlgage/RawUAVData01/uavforslb/final_image/final_sliced/20250721_C10_05469.jpg
1824,C7B,2025,7/1/25,7.5,7/1/25,20250701_C7B_01824.jpg,0,/mnt/research-projects/j/jlgage/RawUAVData01/uavforslb/final_image/final_sliced/20250701_C7B_01824.jpg
115,C7B,2025,7/18/25,4.0,7/18/25,20250718_C7B_00115.jpg,0,/mnt/research-projects/j/jlgage/RawUAVData01/uavforslb/final_image/final_sliced/20250718_C7B_00115.jpg
693,C6B,2024,7/29/24,3.0,7/26/24,20240726_C6B_00693.jpg,-3,/mnt/research-projects/j/jlgage/RawUAVData01/uavforslb/final_image/final_sliced/20240726_C6B_00693.jpg
1911,C6B,2024,7/19/24,7.0,7/18/24,20240718_C6B_01911.jpg,-1,/mnt/research-projects/j/jlgage/RawUAVData01/uavforslb/final_image/final_sliced/20240718_C6B_01911.jpg
2972,C6B,2024,7/30/24,4.0,8/2/24,20240802_C6B_02972.jpg,3,/mnt/research-projects/j/jlgage/RawUAVData01/uavforslb/final_image/final_sliced/20240802_C6B_02972.jpg
1249,C6B,2024,7/19/24,7.0,7/18/24,20240718_C6B_01249.jpg,-1,/mnt/research-projects/j/jlgage/RawUAVData01/uavforslb/final_image/final_sliced/20240718_C6B_01249.jpg
442,C6B,2024,7/29/24,5.0,7/26/24,20240726_C6B_00442.jpg,-3,/mnt/research-projects/j/jlgage/RawUAVData01/uavforslb/final_image/final_sliced/20240726_C6B_00442.jpg
2774,C6B,2024,7/30/24,1.5,8/2/24,20240802_C6B_02774.jpg,3,/mnt/research-projects/j/jlgage/RawUAVData01/uavforslb/final_image/final_sliced/20240802_C6B_02774.jpg
660,C7B,2025,7/10/25,7.0,7/10/25,20250710_C7B_00660.jpg,0,/mnt/research-projects/j/jlgage/RawUAVData01/uavforslb/final_image/final_sliced/20250710_C7B_00660.jpg
4351,B7A,2024,7/15/24,8.0,7/16/24,20240716_B7A_04351.jpg,1,/mnt/research-projects/j/jlgage/RawUAVData01/uavforslb/final_image/final_sliced/20240716_B7A_04351.jpg
3608,C6B,2024,7/15/24,8.5,7/18/24,20240718_C6B_03608.jpg,3,/mnt/research-projects/j/jlgage/RawUAVData01/uavforslb/final_image/final_sliced/20240718_C6B_03608.jpg
1685,C7B,2025,7/10/25,5.0,7/10/25,20250710_C7B_01685.jpg,0,/mnt/research-projects/j/jlgage/RawUAVData01/uavforslb/final_image/final_sliced/20250710_C7B_01685.jpg
440,C6B,2024,7/19/24,8.0,7/18/24,20240718_C6B_00440.jpg,-1,/mnt/research-projects/j/jlgage/RawUAVData01/uavforslb/final_image/final_sliced/20240718_C6B_00440.jpg
197,C6B,2024,7/29/24,5.0,7/26/24,20240726_C6B_00197.jpg,-3,/mnt/research-projects/j/jlgage/RawUAVData01/uavforslb/final_image/final_sliced/20240726_C6B_00197.jpg
422,C6B,2024,7/29/24,2.0,7/26/24,20240726_C6B_00422.jpg,-3,/mnt/research-projects/j/jlgage/RawUAVData01/uavforslb/final_image/final_sliced/20240726_C6B_00422.jpg
3952,B7A,2024,7/15/24,8.5,7/16/24,20240716_B7A_03952.jpg,1,/mnt/research-projects/j/jlgage/RawUAVData01/uavforslb/final_image/final_sliced/20240716_B7A_03952.jpg
5515,B7A,2024,7/11/24,7.5,7/10/24,20240710_B7A_05515.jpg,-1,/mnt/research-projects/j/jlgage/RawUAVData01/uavforslb/final_image/final_sliced/20240710_B7A_05515.jpg
4535,B7A,2024,7/30/24,1.5,7/27/24,20240727_B7A_04535.jpg,-3,/mnt/research-projects/j/jlgage/RawUAVData01/uavforslb/final_image/final_sliced/20240727_B7A_04535.jpg
6030,C10,2025,7/8/25,4.0,7/7/25,20250707_C10_06030.jpg,-1,/mnt/research-projects/j/jlgage/RawUAVData01/uavforslb/final_image/final_sliced/20250707_C10_06030.jpg
3341,C6B,2024,7/15/24,8.5,7/18/24,20240718_C6B_03341.jpg,3,/mnt/research-projects/j/jlgage/RawUAVData01/uavforslb/final_image/final_sliced/20240718_C6B_03341.jpg
5531,B7A,2024,7/18/24,7.0,7/16/24,20240716_B7A_05531.jpg,-2,/mnt/research-projects/j/jlgage/RawUAVData01/uavforslb/final_image/final_sliced/20240716_B7A_05531.jpg
2996,C6B,2024,7/15/24,7.0,7/18/24,20240718_C6B_02996.jpg,3,/mnt/research-projects/j/jlgage/RawUAVData01/uavforslb/final_image/final_sliced/20240718_C6B_02996.jpg
2773,C7B,2025,7/13/25,8.0,7/12/25,20250712_C7B_02773.jpg,-1,/mnt/research-projects/j/jlgage/RawUAVData01/uavforslb/final_image/final_sliced/20250712_C7B_02773.jpg
2861,C6B,2024,7/30/24,1.5,8/2/24,20240802_C6B_02861.jpg,3,/mnt/research-projects/j/jlgage/RawUAVData01/uavforslb/final_image/final_sliced/20240802_C6B_02861.jpg
813,C6B,2024,7/19/24,8.5,7/18/24,20240718_C6B_00813.jpg,-1,/mnt/research-projects/j/jlgage/RawUAVData01/uavforslb/final_image/final_sliced/20240718_C6B_00813.jpg
3418,C6B,2024,7/15/24,8.5,7/18/24,20240718_C6B_03418.jpg,3,/mnt/research-projects/j/jlgage/RawUAVData01/uavforslb/final_image/final_sliced/20240718_C6B_03418.jpg
1968,C6B,2024,7/29/24,1.5,7/26/24,20240726_C6B_01968.jpg,-3,/mnt/research-projects/j/jlgage/RawUAVData01/uavforslb/final_image/final_sliced/20240726_C6B_01968.jpg
4295,B7A,2024,7/15/24,4.0,7/16/24,20240716_B7A_04295.jpg,1,/mnt/research-projects/j/jlgage/RawUAVData01/uavforslb/final_image/final_sliced/20240716_B7A_04295.jpg
6856,C10,2025,7/14/25,5.0,7/14/25,20250714_C10_06856.jpg,0,/mnt/research-projects/j/jlgage/RawUAVData01/uavforslb/final_image/final_sliced/20250714_C10_06856.jpg
118,C6B,2024,7/19/24,8.0,7/18/24,20240718_C6B_00118.jpg,-1,/mnt/research-projects/j/jlgage/RawUAVData01/uavforslb/final_image/final_sliced/20240718_C6B_00118.jpg
3729,C6B,2024,7/30/24,1.5,8/2/24,20240802_C6B_03729.jpg,3,/mnt/research-projects/j/jlgage/RawUAVData01/uavforslb/final_image/final_sliced/20240802_C6B_03729.jpg
4443,C10,2025,7/19/25,2.0,7/18/25,20250718_C10_04443.jpg,-1,/mnt/research-projects/j/jlgage/RawUAVData01/uavforslb/final_image/final_sliced/20250718_C10_04443.jpg
1127,C6B,2024,7/19/24,8.0,7/18/24,20240718_C6B_01127.jpg,-1,/mnt/research-projects/j/jlgage/RawUAVData01/uavforslb/final_image/final_sliced/20240718_C6B_01127.jpg
1895,C7B,2025,7/7/25,5.0,7/7/25,20250707_C7B_01895.jpg,0,/mnt/research-projects/j/jlgage/RawUAVData01/uavforslb/final_image/final_sliced/20250707_C7B_01895.jpg
1844,C7B,2025,7/7/25,6.5,7/7/25,20250707_C7B_01844.jpg,0,/mnt/research-projects/j/jlgage/RawUAVData01/uavforslb/final_image/final_sliced/20250707_C7B_01844.jpg
488,C7B,2025,7/10/25,5.5,7/10/25,20250710_C7B_00488.jpg,0,/mnt/research-projects/j/jlgage/RawUAVData01/uavforslb/final_image/final_sliced/20250710_C7B_00488.jpg
5162,C10,2025,7/2/25,7.0,7/4/25,20250704_C10_05162.jpg,2,/mnt/research-projects/j/jlgage/RawUAVData01/uavforslb/final_image/final_sliced/20250704_C10_05162.jpg
5869,C10,2025,7/11/25,4.0,7/11/25,20250711_C10_05869.jpg,0,/mnt/research-projects/j/jlgage/RawUAVData01/uavforslb/final_image/final_sliced/20250711_C10_05869.jpg
2141,C6B,2024,7/29/24,4.0,7/26/24,20240726_C6B_02141.jpg,-3,/mnt/research-projects/j/jlgage/RawUAVData01/uavforslb/final_image/final_sliced/20240726_C6B_02141.jpg
4233,B7A,2024,7/15/24,8.5,7/16/24,20240716_B7A_04233.jpg,1,/mnt/research-projects/j/jlgage/RawUAVData01/uavforslb/final_image/final_sliced/20240716_B7A_04233.jpg
3625,C6B,2024,7/30/24,2.0,8/2/24,20240802_C6B_03625.jpg,3,/mnt/research-projects/j/jlgage/RawUAVData01/uavforslb/final_image/final_sliced/20240802_C6B_03625.jpg
3423,C6B,2024,7/30/24,1.5,8/2/24,20240802_C6B_03423.jpg,3,/mnt/research-projects/j/jlgage/RawUAVData01/uavforslb/final_image/final_sliced/20240802_C6B_03423.jpg
339,C6B,2024,7/29/24,4.0,7/26/24,20240726_C6B_00339.jpg,-3,/mnt/research-projects/j/jlgage/RawUAVData01/uavforslb/final_image/final_sliced/20240726_C6B_00339.jpg
1538,C6B,2024,7/29/24,2.0,7/26/24,20240726_C6B_01538.jpg,-3,/mnt/research-projects/j/jlgage/RawUAVData01/uavforslb/final_image/final_sliced/20240726_C6B_01538.jpg
2871,C7B,2025,7/18/25,6.0,7/18/25,20250718_C7B_02871.jpg,0,/mnt/research-projects/j/jlgage/RawUAVData01/uavforslb/final_image/final_sliced/20250718_C7B_02871.jpg
6705,C10,2025,7/3/25,8.0,7/4/25,20250704_C10_06705.jpg,1,/mnt/research-projects/j/jlgage/RawUAVData01/uavforslb/final_image/final_sliced/20250704_C10_06705.jpg
4325,C10,2025,7/7/25,5.5,7/7/25,20250707_C10_04325.jpg,0,/mnt/research-projects/j/jlgage/RawUAVData01/uavforslb/final_image/final_sliced/20250707_C10_04325.jpg
55,C7B,2025,6/30/25,7.0,7/1/25,20250701_C7B_00055.jpg,1,/mnt/research-projects/j/jlgage/RawUAVData01/uavforslb/final_image/final_sliced/20250701_C7B_00055.jpg
5272,C10,2025,7/20/25,2.5,7/21/25,20250721_C10_05272.jpg,1,/mnt/research-projects/j/jlgage/RawUAVData01/uavforslb/final_image/final_sliced/20250721_C10_05272.jpg
3168,C6B,2024,7/30/24,4.0,8/2/24,20240802_C6B_03168.jpg,3,/mnt/research-projects/j/jlgage/RawUAVData01/uavforslb/final_image/final_sliced/20240802_C6B_03168.jpg
2783,C7B,2025,7/8/25,7.5,7/7/25,20250707_C7B_02783.jpg,-1,/mnt/research-projects/j/jlgage/RawUAVData01/uavforslb/final_image/final_sliced/20250707_C7B_02783.jpg
2650,C7B,2025,7/8/25,7.5,7/7/25,20250707_C7B_02650.jpg,-1,/mnt/research-projects/j/jlgage/RawUAVData01/uavforslb/final_image/final_sliced/20250707_C7B_02650.jpg
1295,C7B,2025,7/10/25,4.0,7/10/25,20250710_C7B_01295.jpg,0,/mnt/research-projects/j/jlgage/RawUAVData01/uavforslb/final_image/final_sliced/20250710_C7B_01295.jpg
2924,C6B,2024,7/30/24,3.5,8/2/24,20240802_C6B_02924.jpg,3,/mnt/research-projects/j/jlgage/RawUAVData01/uavforslb/final_image/final_sliced/20240802_C6B_02924.jpg
5917,C10,2025,7/19/25,2.0,7/18/25,20250718_C10_05917.jpg,-1,/mnt/research-projects/j/jlgage/RawUAVData01/uavforslb/final_image/final_sliced/20250718_C10_05917.jpg
4935,C10,2025,7/2/25,7.5,7/4/25,20250704_C10_04935.jpg,2,/mnt/research-projects/j/jlgage/RawUAVData01/uavforslb/final_image/final_sliced/20250704_C10_04935.jpg
1428,C6B,2024,7/29/24,3.0,7/26/24,20240726_C6B_01428.jpg,-3,/mnt/research-projects/j/jlgage/RawUAVData01/uavforslb/final_image/final_sliced/20240726_C6B_01428.jpg
1436,C6B,2024,7/29/24,3.5,7/26/24,20240726_C6B_01436.jpg,-3,/mnt/research-projects/j/jlgage/RawUAVData01/uavforslb/final_image/final_sliced/20240726_C6B_01436.jpg
4325,B7A,2024,7/30/24,3.5,7/27/24,20240727_B7A_04325.jpg,-3,/mnt/research-projects/j/jlgage/RawUAVData01/uavforslb/final_image/final_sliced/20240727_B7A_04325.jpg
2576,C6B,2024,7/30/24,5.0,8/2/24,20240802_C6B_02576.jpg,3,/mnt/research-projects/j/jlgage/RawUAVData01/uavforslb/final_image/final_sliced/20240802_C6B_02576.jpg
4919,C10,2025,7/20/25,2.0,7/21/25,20250721_C10_04919.jpg,1,/mnt/research-projects/j/jlgage/RawUAVData01/uavforslb/final_image/final_sliced/20250721_C10_04919.jpg
3510,C6B,2024,7/30/24,4.0,8/2/24,20240802_C6B_03510.jpg,3,/mnt/research-projects/j/jlgage/RawUAVData01/uavforslb/final_image/final_sliced/20240802_C6B_03510.jpg
4228,C10,2025,7/19/25,3.5,7/18/25,20250718_C10_04228.jpg,-1,/mnt/research-projects/j/jlgage/RawUAVData01/uavforslb/final_image/final_sliced/20250718_C10_04228.jpg
2775,C7B,2025,7/18/25,7.5,7/18/25,20250718_C7B_02775.jpg,0,/mnt/research-projects/j/jlgage/RawUAVData01/uavforslb/final_image/final_sliced/20250718_C7B_02775.jpg
789,C7B,2025,6/30/25,6.5,7/1/25,20250701_C7B_00789.jpg,1,/mnt/research-projects/j/jlgage/RawUAVData01/uavforslb/final_image/final_sliced/20250701_C7B_00789.jpg
1789,C7B,2025,7/7/25,7.5,7/7/25,20250707_C7B_01789.jpg,0,/mnt/research-projects/j/jlgage/RawUAVData01/uavforslb/final_image/final_sliced/20250707_C7B_01789.jpg
2864,C6B,2024,7/15/24,7.0,7/18/24,20240718_C6B_02864.jpg,3,/mnt/research-projects/j/jlgage/RawUAVData01/uavforslb/final_image/final_sliced/20240718_C6B_02864.jpg
650,C6B,2024,7/19/24,6.5,7/18/24,20240718_C6B_00650.jpg,-1,/mnt/research-projects/j/jlgage/RawUAVData01/uavforslb/final_image/final_sliced/20240718_C6B_00650.jpg
4084,C10,2025,7/7/25,5.0,7/7/25,20250707_C10_04084.jpg,0,/mnt/research-projects/j/jlgage/RawUAVData01/uavforslb/final_image/final_sliced/20250707_C10_04084.jpg
3072,C6B,2024,7/15/24,8.5,7/18/24,20240718_C6B_03072.jpg,3,/mnt/research-projects/j/jlgage/RawUAVData01/uavforslb/final_image/final_sliced/20240718_C6B_03072.jpg
1074,C7B,2025,7/1/25,7.0,7/1/25,20250701_C7B_01074.jpg,0,/mnt/research-projects/j/jlgage/RawUAVData01/uavforslb/final_image/final_sliced/20250701_C7B_01074.jpg
322,C7B,2025,7/18/25,4.0,7/18/25,20250718_C7B_00322.jpg,0,/mnt/research-projects/j/jlgage/RawUAVData01/uavforslb/final_image/final_sliced/20250718_C7B_00322.jpg
4242,C10,2025,6/30/25,5.0,6/28/25,20250628_C10_04242.jpg,-2,/mnt/research-projects/j/jlgage/RawUAVData01/uavforslb/final_image/final_sliced/20250628_C10_04242.jpg
5608,C10,2025,7/20/25,2.0,7/21/25,20250721_C10_05608.jpg,1,/mnt/research-projects/j/jlgage/RawUAVData01/uavforslb/final_image/final_sliced/20250721_C10_05608.jpg
3953,B7A,2024,7/15/24,8.0,7/16/24,20240716_B7A_03953.jpg,1,/mnt/research-projects/j/jlgage/RawUAVData01/uavforslb/final_image/final_sliced/20240716_B7A_03953.jpg
3514,C6B,2024,7/15/24,8.0,7/18/24,20240718_C6B_03514.jpg,3,/mnt/research-projects/j/jlgage/RawUAVData01/uavforslb/final_image/final_sliced/20240718_C6B_03514.jpg
5528,B7A,2024,7/27/24,4.0,7/27/24,20240727_B7A_05528.jpg,0,/mnt/research-projects/j/jlgage/RawUAVData01/uavforslb/final_image/final_sliced/20240727_B7A_05528.jpg
6723,C10,2025,7/8/25,8.0,7/7/25,20250707_C10_06723.jpg,-1,/mnt/research-projects/j/jlgage/RawUAVData01/uavforslb/final_image/final_sliced/20250707_C10_06723.jpg
6840,C10,2025,7/18/25,7.0,7/18/25,20250718_C10_06840.jpg,0,/mnt/research-projects/j/jlgage/RawUAVData01/uavforslb/final_image/final_sliced/20250718_C10_06840.jpg
4145,B7A,2024,7/30/24,5.0,7/27/24,20240727_B7A_04145.jpg,-3,/mnt/research-projects/j/jlgage/RawUAVData01/uavforslb/final_image/final_sliced/20240727_B7A_04145.jpg
5374,C10,2025,7/11/25,5.0,7/11/25,20250711_C10_05374.jpg,0,/mnt/research-projects/j/jlgage/RawUAVData01/uavforslb/final_image/final_sliced/20250711_C10_05374.jpg
4827,C10,2025,7/11/25,4.0,7/11/25,20250711_C10_04827.jpg,0,/mnt/research-projects/j/jlgage/RawUAVData01/uavforslb/final_image/final_sliced/20250711_C10_04827.jpg
2552,C6B,2024,7/18/24,8.0,7/18/24,20240718_C6B_02552.jpg,0,/mnt/research-projects/j/jlgage/RawUAVData01/uavforslb/final_image/final_sliced/20240718_C6B_02552.jpg
6008,C10,2025,7/2/25,5.0,7/4/25,20250704_C10_06008.jpg,2,/mnt/research-projects/j/jlgage/RawUAVData01/uavforslb/final_image/final_sliced/20250704_C10_06008.jpg
4762,C10,2025,7/2/25,6.0,7/4/25,20250704_C10_04762.jpg,2,/mnt/research-projects/j/jlgage/RawUAVData01/uavforslb/final_image/final_sliced/20250704_C10_04762.jpg
4488,B7A,2024,7/30/24,1.5,7/27/24,20240727_B7A_04488.jpg,-3,/mnt/research-projects/j/jlgage/RawUAVData01/uavforslb/final_image/final_sliced/20240727_B7A_04488.jpg
4020,B7A,2024,7/15/24,8.5,7/16/24,20240716_B7A_04020.jpg,1,/mnt/research-projects/j/jlgage/RawUAVData01/uavforslb/final_image/final_sliced/20240716_B7A_04020.jpg
480,C6B,2024,7/19/24,8.0,7/18/24,20240718_C6B_00480.jpg,-1,/mnt/research-projects/j/jlgage/RawUAVData01/uavforslb/final_image/final_sliced/20240718_C6B_00480.jpg
2710,C6B,2024,7/15/24,8.0,7/18/24,20240718_C6B_02710.jpg,3,/mnt/research-projects/j/jlgage/RawUAVData01/uavforslb/final_image/final_sliced/20240718_C6B_02710.jpg
5515,B7A,2024,7/1/24,8.0,7/3/24,20240703_B7A_05515.jpg,2,/mnt/research-projects/j/jlgage/RawUAVData01/uavforslb/final_image/final_sliced/20240703_B7A_05515.jpg
1340,C7B,2025,7/10/25,4.0,7/10/25,20250710_C7B_01340.jpg,0,/mnt/research-projects/j/jlgage/RawUAVData01/uavforslb/final_image/final_sliced/20250710_C7B_01340.jpg
1220,C6B,2024,7/19/24,8.0,7/18/24,20240718_C6B_01220.jpg,-1,/mnt/research-projects/j/jlgage/RawUAVData01/uavforslb/final_image/final_sliced/20240718_C6B_01220.jpg
702,C6B,2024,7/19/24,8.0,7/18/24,20240718_C6B_00702.jpg,-1,/mnt/research-projects/j/jlgage/RawUAVData01/uavforslb/final_image/final_sliced/20240718_C6B_00702.jpg
634,C7B,2025,7/18/25,3.5,7/18/25,20250718_C7B_00634.jpg,0,/mnt/research-projects/j/jlgage/RawUAVData01/uavforslb/final_image/final_sliced/20250718_C7B_00634.jpg
5260,C10,2025,7/20/25,1.0,7/21/25,20250721_C10_05260.jpg,1,/mnt/research-projects/j/jlgage/RawUAVData01/uavforslb/final_image/final_sliced/20250721_C10_05260.jpg
3306,C6B,2024,7/15/24,8.0,7/18/24,20240718_C6B_03306.jpg,3,/mnt/research-projects/j/jlgage/RawUAVData01/uavforslb/final_image/final_sliced/20240718_C6B_03306.jpg
6015,C10,2025,7/11/25,7.5,7/11/25,20250711_C10_06015.jpg,0,/mnt/research-projects/j/jlgage/RawUAVData01/uavforslb/final_image/final_sliced/20250711_C10_06015.jpg
3562,C6B,2024,7/15/24,8.5,7/18/24,20240718_C6B_03562.jpg,3,/mnt/research-projects/j/jlgage/RawUAVData01/uavforslb/final_image/final_sliced/20240718_C6B_03562.jpg
3840,B7A,2024,7/15/24,6.5,7/16/24,20240716_B7A_03840.jpg,1,/mnt/research-projects/j/jlgage/RawUAVData01/uavforslb/final_image/final_sliced/20240716_B7A_03840.jpg
1265,C7B,2025,7/1/25,5.5,7/1/25,20250701_C7B_01265.jpg,0,/mnt/research-projects/j/jlgage/RawUAVData01/uavforslb/final_image/final_sliced/20250701_C7B_01265.jpg
6827,C10,2025,7/18/25,6.0,7/18/25,20250718_C10_06827.jpg,0,/mnt/research-projects/j/jlgage/RawUAVData01/uavforslb/final_image/final_sliced/20250718_C10_06827.jpg
2753,C7B,2025,6/30/25,8.0,7/1/25,20250701_C7B_02753.jpg,1,/mnt/research-projects/j/jlgage/RawUAVData01/uavforslb/final_image/final_sliced/20250701_C7B_02753.jpg
5544,C10,2025,7/20/25,5.0,7/21/25,20250721_C10_05544.jpg,1,/mnt/research-projects/j/jlgage/RawUAVData01/uavforslb/final_image/final_sliced/20250721_C10_05544.jpg
4128,C10,2025,7/7/25,5.5,7/7/25,20250707_C10_04128.jpg,0,/mnt/research-projects/j/jlgage/RawUAVData01/uavforslb/final_image/final_sliced/20250707_C10_04128.jpg
1789,C6B,2024,7/29/24,3.0,7/26/24,20240726_C6B_01789.jpg,-3,/mnt/research-projects/j/jlgage/RawUAVData01/uavforslb/final_image/final_sliced/20240726_C6B_01789.jpg
99,C7B,2025,7/10/25,6.5,7/10/25,20250710_C7B_00099.jpg,0,/mnt/research-projects/j/jlgage/RawUAVData01/uavforslb/final_image/final_sliced/20250710_C7B_00099.jpg
4470,B7A,2024,7/30/24,3.0,7/27/24,20240727_B7A_04470.jpg,-3,/mnt/research-projects/j/jlgage/RawUAVData01/uavforslb/final_image/final_sliced/20240727_B7A_04470.jpg
672,C6B,2024,7/19/24,8.0,7/18/24,20240718_C6B_00672.jpg,-1,/mnt/research-projects/j/jlgage/RawUAVData01/uavforslb/final_image/final_sliced/20240718_C6B_00672.jpg
4636,B7A,2024,7/15/24,8.0,7/16/24,20240716_B7A_04636.jpg,1,/mnt/research-projects/j/jlgage/RawUAVData01/uavforslb/final_image/final_sliced/20240716_B7A_04636.jpg
5278,C10,2025,7/11/25,6.5,7/11/25,20250711_C10_05278.jpg,0,/mnt/research-projects/j/jlgage/RawUAVData01/uavforslb/final_image/final_sliced/20250711_C10_05278.jpg
5013,C10,2025,7/2/25,4.0,7/4/25,20250704_C10_05013.jpg,2,/mnt/research-projects/j/jlgage/RawUAVData01/uavforslb/final_image/final_sliced/20250704_C10_05013.jpg
1517,C6B,2024,7/29/24,5.5,7/26/24,20240726_C6B_01517.jpg,-3,/mnt/research-projects/j/jlgage/RawUAVData01/uavforslb/final_image/final_sliced/20240726_C6B_01517.jpg
4171,C10,2025,7/11/25,5.5,7/11/25,20250711_C10_04171.jpg,0,/mnt/research-projects/j/jlgage/RawUAVData01/uavforslb/final_image/final_sliced/20250711_C10_04171.jpg
2775,C7B,2025,7/8/25,8.0,7/7/25,20250707_C7B_02775.jpg,-1,/mnt/research-projects/j/jlgage/RawUAVData01/uavforslb/final_image/final_sliced/20250707_C7B_02775.jpg
4152,C10,2025,7/7/25,5.0,7/7/25,20250707_C10_04152.jpg,0,/mnt/research-projects/j/jlgage/RawUAVData01/uavforslb/final_image/final_sliced/20250707_C10_04152.jpg
4337,C10,2025,6/30/25,7.5,6/28/25,20250628_C10_04337.jpg,-2,/mnt/research-projects/j/jlgage/RawUAVData01/uavforslb/final_image/final_sliced/20250628_C10_04337.jpg
825,C6B,2024,7/19/24,8.5,7/18/24,20240718_C6B_00825.jpg,-1,/mnt/research-projects/j/jlgage/RawUAVData01/uavforslb/final_image/final_sliced/20240718_C6B_00825.jpg
1120,C6B,2024,7/19/24,6.0,7/18/24,20240718_C6B_01120.jpg,-1,/mnt/research-projects/j/jlgage/RawUAVData01/uavforslb/final_image/final_sliced/20240718_C6B_01120.jpg
698,C7B,2025,7/10/25,5.0,7/10/25,20250710_C7B_00698.jpg,0,/mnt/research-projects/j/jlgage/RawUAVData01/uavforslb/final_image/final_sliced/20250710_C7B_00698.jpg
1154,C7B,2025,7/10/25,4.0,7/10/25,20250710_C7B_01154.jpg,0,/mnt/research-projects/j/jlgage/RawUAVData01/uavforslb/final_image/final_sliced/20250710_C7B_01154.jpg
333,C7B,2025,7/10/25,4.0,7/10/25,20250710_C7B_00333.jpg,0,/mnt/research-projects/j/jlgage/RawUAVData01/uavforslb/final_image/final_sliced/20250710_C7B_00333.jpg
1358,C7B,2025,7/1/25,7.5,7/1/25,20250701_C7B_01358.jpg,0,/mnt/research-projects/j/jlgage/RawUAVData01/uavforslb/final_image/final_sliced/20250701_C7B_01358.jpg
4215,B7A,2024,7/30/24,6.0,7/27/24,20240727_B7A_04215.jpg,-3,/mnt/research-projects/j/jlgage/RawUAVData01/uavforslb/final_image/final_sliced/20240727_B7A_04215.jpg
639,C6B,2024,7/19/24,8.0,7/18/24,20240718_C6B_00639.jpg,-1,/mnt/research-projects/j/jlgage/RawUAVData01/uavforslb/final_image/final_sliced/20240718_C6B_00639.jpg
2730,C6B,2024,7/30/24,3.0,8/2/24,20240802_C6B_02730.jpg,3,/mnt/research-projects/j/jlgage/RawUAVData01/uavforslb/final_image/final_sliced/20240802_C6B_02730.jpg
4090,C10,2025,7/11/25,5.5,7/11/25,20250711_C10_04090.jpg,0,/mnt/research-projects/j/jlgage/RawUAVData01/uavforslb/final_image/final_sliced/20250711_C10_04090.jpg
4737,C10,2025,7/2/25,7.5,7/4/25,20250704_C10_04737.jpg,2,/mnt/research-projects/j/jlgage/RawUAVData01/uavforslb/final_image/final_sliced/20250704_C10_04737.jpg
2867,C6B,2024,7/30/24,1.5,8/2/24,20240802_C6B_02867.jpg,3,/mnt/research-projects/j/jlgage/RawUAVData01/uavforslb/final_image/final_sliced/20240802_C6B_02867.jpg
5873,C10,2025,7/1/25,6.0,6/28/25,20250628_C10_05873.jpg,-3,/mnt/research-projects/j/jlgage/RawUAVData01/uavforslb/final_image/final_sliced/20250628_C10_05873.jpg
4480,C10,2025,7/11/25,6.0,7/11/25,20250711_C10_04480.jpg,0,/mnt/research-projects/j/jlgage/RawUAVData01/uavforslb/final_image/final_sliced/20250711_C10_04480.jpg
1401,C6B,2024,7/29/24,4.0,7/26/24,20240726_C6B_01401.jpg,-3,/mnt/research-projects/j/jlgage/RawUAVData01/uavforslb/final_image/final_sliced/20240726_C6B_01401.jpg
1960,C7B,2025,7/7/25,5.5,7/7/25,20250707_C7B_01960.jpg,0,/mnt/research-projects/j/jlgage/RawUAVData01/uavforslb/final_image/final_sliced/20250707_C7B_01960.jpg
3008,C6B,2024,7/30/24,3.0,8/2/24,20240802_C6B_03008.jpg,3,/mnt/research-projects/j/jlgage/RawUAVData01/uavforslb/final_image/final_sliced/20240802_C6B_03008.jpg
4475,C10,2025,7/2/25,6.5,7/4/25,20250704_C10_04475.jpg,2,/mnt/research-projects/j/jlgage/RawUAVData01/uavforslb/final_image/final_sliced/20250704_C10_04475.jpg
1266,C7B,2025,7/10/25,4.0,7/10/25,20250710_C7B_01266.jpg,0,/mnt/research-projects/j/jlgage/RawUAVData01/uavforslb/final_image/final_sliced/20250710_C7B_01266.jpg
1614,C6B,2024,7/19/24,8.5,7/18/24,20240718_C6B_01614.jpg,-1,/mnt/research-projects/j/jlgage/RawUAVData01/uavforslb/final_image/final_sliced/20240718_C6B_01614.jpg
2559,C6B,2024,7/1/24,8.0,7/3/24,20240703_C6B_02559.jpg,2,/mnt/research-projects/j/jlgage/RawUAVData01/uavforslb/final_image/final_sliced/20240703_C6B_02559.jpg
1645,C7B,2025,7/18/25,2.0,7/18/25,20250718_C7B_01645.jpg,0,/mnt/research-projects/j/jlgage/RawUAVData01/uavforslb/final_image/final_sliced/20250718_C7B_01645.jpg
1677,C6B,2024,7/19/24,8.5,7/18/24,20240718_C6B_01677.jpg,-1,/mnt/research-projects/j/jlgage/RawUAVData01/uavforslb/final_image/final_sliced/20240718_C6B_01677.jpg
818,C7B,2025,7/10/25,5.5,7/10/25,20250710_C7B_00818.jpg,0,/mnt/research-projects/j/jlgage/RawUAVData01/uavforslb/final_image/final_sliced/20250710_C7B_00818.jpg
2754,C7B,2025,7/8/25,8.5,7/7/25,20250707_C7B_02754.jpg,-1,/mnt/research-projects/j/jlgage/RawUAVData01/uavforslb/final_image/final_sliced/20250707_C7B_02754.jpg
1476,C6B,2024,7/29/24,3.0,7/26/24,20240726_C6B_01476.jpg,-3,/mnt/research-projects/j/jlgage/RawUAVData01/uavforslb/final_image/final_sliced/20240726_C6B_01476.jpg
1662,C7B,2025,7/7/25,3.0,7/7/25,20250707_C7B_01662.jpg,0,/mnt/research-projects/j/jlgage/RawUAVData01/uavforslb/final_image/final_sliced/20250707_C7B_01662.jpg
4527,B7A,2024,7/30/24,1.5,7/27/24,20240727_B7A_04527.jpg,-3,/mnt/research-projects/j/jlgage/RawUAVData01/uavforslb/final_image/final_sliced/20240727_B7A_04527.jpg
2520,C6B,2024,7/18/24,6.0,7/18/24,20240718_C6B_02520.jpg,0,/mnt/research-projects/j/jlgage/RawUAVData01/uavforslb/final_image/final_sliced/20240718_C6B_02520.jpg
60,C7B,2025,7/18/25,5.0,7/18/25,20250718_C7B_00060.jpg,0,/mnt/research-projects/j/jlgage/RawUAVData01/uavforslb/final_image/final_sliced/20250718_C7B_00060.jpg
4687,C10,2025,7/11/25,4.0,7/11/25,20250711_C10_04687.jpg,0,/mnt/research-projects/j/jlgage/RawUAVData01/uavforslb/final_image/final_sliced/20250711_C10_04687.jpg
5836,C10,2025,7/1/25,5.0,6/28/25,20250628_C10_05836.jpg,-3,/mnt/research-projects/j/jlgage/RawUAVData01/uavforslb/final_image/final_sliced/20250628_C10_05836.jpg
957,C7B,2025,7/1/25,7.0,7/1/25,20250701_C7B_00957.jpg,0,/mnt/research-projects/j/jlgage/RawUAVData01/uavforslb/final_image/final_sliced/20250701_C7B_00957.jpg
628,C6B,2024,7/29/24,5.0,7/26/24,20240726_C6B_00628.jpg,-3,/mnt/research-projects/j/jlgage/RawUAVData01/uavforslb/final_image/final_sliced/20240726_C6B_00628.jpg
4941,C10,2025,7/11/25,4.0,7/11/25,20250711_C10_04941.jpg,0,/mnt/research-projects/j/jlgage/RawUAVData01/uavforslb/final_image/final_sliced/20250711_C10_04941.jpg
355,C6B,2024,7/29/24,6.0,7/26/24,20240726_C6B_00355.jpg,-3,/mnt/research-projects/j/jlgage/RawUAVData01/uavforslb/final_image/final_sliced/20240726_C6B_00355.jpg
1958,C6B,2024,7/19/24,4.0,7/18/24,20240718_C6B_01958.jpg,-1,/mnt/research-projects/j/jlgage/RawUAVData01/uavforslb/final_image/final_sliced/20240718_C6B_01958.jpg
1559,C7B,2025,7/10/25,5.0,7/10/25,20250710_C7B_01559.jpg,0,/mnt/research-projects/j/jlgage/RawUAVData01/uavforslb/final_image/final_sliced/20250710_C7B_01559.jpg
4279,C10,2025,7/7/25,7.0,7/7/25,20250707_C10_04279.jpg,0,/mnt/research-projects/j/jlgage/RawUAVData01/uavforslb/final_image/final_sliced/20250707_C10_04279.jpg
2140,C6B,2024,7/29/24,1.5,7/26/24,20240726_C6B_02140.jpg,-3,/mnt/research-projects/j/jlgage/RawUAVData01/uavforslb/final_image/final_sliced/20240726_C6B_02140.jpg
1492,C7B,2025,7/18/25,2.0,7/18/25,20250718_C7B_01492.jpg,0,/mnt/research-projects/j/jlgage/RawUAVData01/uavforslb/final_image/final_sliced/20250718_C7B_01492.jpg
5636,C10,2025,7/20/25,1.0,7/21/25,20250721_C10_05636.jpg,1,/mnt/research-projects/j/jlgage/RawUAVData01/uavforslb/final_image/final_sliced/20250721_C10_05636.jpg
609,C7B,2025,7/18/25,2.5,7/18/25,20250718_C7B_00609.jpg,0,/mnt/research-projects/j/jlgage/RawUAVData01/uavforslb/final_image/final_sliced/20250718_C7B_00609.jpg
5244,C10,2025,7/11/25,6.0,7/11/25,20250711_C10_05244.jpg,0,/mnt/research-projects/j/jlgage/RawUAVData01/uavforslb/final_image/final_sliced/20250711_C10_05244.jpg
303,C6B,2024,7/19/24,7.5,7/18/24,20240718_C6B_00303.jpg,-1,/mnt/research-projects/j/jlgage/RawUAVData01/uavforslb/final_image/final_sliced/20240718_C6B_00303.jpg
6864,C10,2025,7/18/25,7.5,7/18/25,20250718_C10_06864.jpg,0,/mnt/research-projects/j/jlgage/RawUAVData01/uavforslb/final_image/final_sliced/20250718_C10_06864.jpg
3111,C6B,2024,7/15/24,7.5,7/18/24,20240718_C6B_03111.jpg,3,/mnt/research-projects/j/jlgage/RawUAVData01/uavforslb/final_image/final_sliced/20240718_C6B_03111.jpg
678,C7B,2025,6/30/25,6.0,7/1/25,20250701_C7B_00678.jpg,1,/mnt/research-projects/j/jlgage/RawUAVData01/uavforslb/final_image/final_sliced/20250701_C7B_00678.jpg
5562,C10,2025,7/20/25,2.0,7/21/25,20250721_C10_05562.jpg,1,/mnt/research-projects/j/jlgage/RawUAVData01/uavforslb/final_image/final_sliced/20250721_C10_05562.jpg
831,C7B,2025,7/1/25,5.0,7/1/25,20250701_C7B_00831.jpg,0,/mnt/research-projects/j/jlgage/RawUAVData01/uavforslb/final_image/final_sliced/20250701_C7B_00831.jpg
5975,C10,2025,7/2/25,6.0,7/4/25,20250704_C10_05975.jpg,2,/mnt/research-projects/j/jlgage/RawUAVData01/uavforslb/final_image/final_sliced/20250704_C10_05975.jpg
342,C7B,2025,7/18/25,2.0,7/18/25,20250718_C7B_00342.jpg,0,/mnt/research-projects/j/jlgage/RawUAVData01/uavforslb/final_image/final_sliced/20250718_C7B_00342.jpg
6756,C10,2025,6/30/25,8.5,6/28/25,20250628_C10_06756.jpg,-2,/mnt/research-projects/j/jlgage/RawUAVData01/uavforslb/final_image/final_sliced/20250628_C10_06756.jpg
3395,C6B,2024,7/30/24,4.0,8/2/24,20240802_C6B_03395.jpg,3,/mnt/research-projects/j/jlgage/RawUAVData01/uavforslb/final_image/final_sliced/20240802_C6B_03395.jpg
2820,C6B,2024,7/15/24,8.0,7/18/24,20240718_C6B_02820.jpg,3,/mnt/research-projects/j/jlgage/RawUAVData01/uavforslb/final_image/final_sliced/20240718_C6B_02820.jpg
4952,C10,2025,7/2/25,5.5,7/4/25,20250704_C10_04952.jpg,2,/mnt/research-projects/j/jlgage/RawUAVData01/uavforslb/final_image/final_sliced/20250704_C10_04952.jpg
1983,C7B,2025,7/7/25,4.0,7/7/25,20250707_C7B_01983.jpg,0,/mnt/research-projects/j/jlgage/RawUAVData01/uavforslb/final_image/final_sliced/20250707_C7B_01983.jpg
2067,C6B,2024,7/29/24,2.5,7/26/24,20240726_C6B_02067.jpg,-3,/mnt/research-projects/j/jlgage/RawUAVData01/uavforslb/final_image/final_sliced/20240726_C6B_02067.jpg
255,C7B,2025,6/30/25,7.0,7/1/25,20250701_C7B_00255.jpg,1,/mnt/research-projects/j/jlgage/RawUAVData01/uavforslb/final_image/final_sliced/20250701_C7B_00255.jpg
2953,C6B,2024,7/30/24,1.5,8/2/24,20240802_C6B_02953.jpg,3,/mnt/research-projects/j/jlgage/RawUAVData01/uavforslb/final_image/final_sliced/20240802_C6B_02953.jpg
410,C7B,2025,7/10/25,5.0,7/10/25,20250710_C7B_00410.jpg,0,/mnt/research-projects/j/jlgage/RawUAVData01/uavforslb/final_image/final_sliced/20250710_C7B_00410.jpg
765,C6B,2024,7/19/24,7.5,7/18/24,20240718_C6B_00765.jpg,-1,/mnt/research-projects/j/jlgage/RawUAVData01/uavforslb/final_image/final_sliced/20240718_C6B_00765.jpg
2555,C6B,2024,7/18/24,6.5,7/18/24,20240718_C6B_02555.jpg,0,/mnt/research-projects/j/jlgage/RawUAVData01/uavforslb/final_image/final_sliced/20240718_C6B_02555.jpg
1975,C7B,2025,7/19/25,2.0,7/18/25,20250718_C7B_01975.jpg,-1,/mnt/research-projects/j/jlgage/RawUAVData01/uavforslb/final_image/final_sliced/20250718_C7B_01975.jpg
4851,C10,2025,7/2/25,5.0,7/4/25,20250704_C10_04851.jpg,2,/mnt/research-projects/j/jlgage/RawUAVData01/uavforslb/final_image/final_sliced/20250704_C10_04851.jpg
4524,C10,2025,7/2/25,5.5,7/4/25,20250704_C10_04524.jpg,2,/mnt/research-projects/j/jlgage/RawUAVData01/uavforslb/final_image/final_sliced/20250704_C10_04524.jpg
2819,C6B,2024,7/30/24,1.5,8/2/24,20240802_C6B_02819.jpg,3,/mnt/research-projects/j/jlgage/RawUAVData01/uavforslb/final_image/final_sliced/20240802_C6B_02819.jpg
4310,C10,2025,7/7/25,5.5,7/7/25,20250707_C10_04310.jpg,0,/mnt/research-projects/j/jlgage/RawUAVData01/uavforslb/final_image/final_sliced/20250707_C10_04310.jpg
1758,C7B,2025,7/1/25,7.0,7/1/25,20250701_C7B_01758.jpg,0,/mnt/research-projects/j/jlgage/RawUAVData01/uavforslb/final_image/final_sliced/20250701_C7B_01758.jpg
3421,C6B,2024,7/30/24,1.5,8/2/24,20240802_C6B_03421.jpg,3,/mnt/research-projects/j/jlgage/RawUAVData01/uavforslb/final_image/final_sliced/20240802_C6B_03421.jpg
1787,C6B,2024,7/19/24,8.0,7/18/24,20240718_C6B_01787.jpg,-1,/mnt/research-projects/j/jlgage/RawUAVData01/uavforslb/final_image/final_sliced/20240718_C6B_01787.jpg
5403,C10,2025,7/2/25,5.5,7/4/25,20250704_C10_05403.jpg,2,/mnt/research-projects/j/jlgage/RawUAVData01/uavforslb/final_image/final_sliced/20250704_C10_05403.jpg
1524,C6B,2024,7/19/24,5.5,7/18/24,20240718_C6B_01524.jpg,-1,/mnt/research-projects/j/jlgage/RawUAVData01/uavforslb/final_image/final_sliced/20240718_C6B_01524.jpg
1739,C6B,2024,7/29/24,6.0,7/26/24,20240726_C6B_01739.jpg,-3,/mnt/research-projects/j/jlgage/RawUAVData01/uavforslb/final_image/final_sliced/20240726_C6B_01739.jpg
1468,C6B,2024,7/19/24,8.0,7/18/24,20240718_C6B_01468.jpg,-1,/mnt/research-projects/j/jlgage/RawUAVData01/uavforslb/final_image/final_sliced/20240718_C6B_01468.jpg
2763,C7B,2025,7/18/25,7.5,7/18/25,20250718_C7B_02763.jpg,0,/mnt/research-projects/j/jlgage/RawUAVData01/uavforslb/final_image/final_sliced/20250718_C7B_02763.jpg
2670,C7B,2025,7/8/25,8.5,7/7/25,20250707_C7B_02670.jpg,-1,/mnt/research-projects/j/jlgage/RawUAVData01/uavforslb/final_image/final_sliced/20250707_C7B_02670.jpg
3875,B7A,2024,7/15/24,8.5,7/16/24,20240716_B7A_03875.jpg,1,/mnt/research-projects/j/jlgage/RawUAVData01/uavforslb/final_image/final_sliced/20240716_B7A_03875.jpg
170,C7B,2025,6/30/25,7.0,7/1/25,20250701_C7B_00170.jpg,1,/mnt/research-projects/j/jlgage/RawUAVData01/uavforslb/final_image/final_sliced/20250701_C7B_00170.jpg
5573,C10,2025,7/11/25,4.5,7/11/25,20250711_C10_05573.jpg,0,/mnt/research-projects/j/jlgage/RawUAVData01/uavforslb/final_image/final_sliced/20250711_C10_05573.jpg
1066,C6B,2024,7/19/24,8.5,7/18/24,20240718_C6B_01066.jpg,-1,/mnt/research-projects/j/jlgage/RawUAVData01/uavforslb/final_image/final_sliced/20240718_C6B_01066.jpg
4752,C10,2025,7/2/25,6.5,7/4/25,20250704_C10_04752.jpg,2,/mnt/research-projects/j/jlgage/RawUAVData01/uavforslb/final_image/final_sliced/20250704_C10_04752.jpg
1563,C7B,2025,7/18/25,2.0,7/18/25,20250718_C7B_01563.jpg,0,/mnt/research-projects/j/jlgage/RawUAVData01/uavforslb/final_image/final_sliced/20250718_C7B_01563.jpg
2642,C7B,2025,7/8/25,6.5,7/7/25,20250707_C7B_02642.jpg,-1,/mnt/research-projects/j/jlgage/RawUAVData01/uavforslb/final_image/final_sliced/20250707_C7B_02642.jpg
5961,C10,2025,7/11/25,4.0,7/11/25,20250711_C10_05961.jpg,0,/mnt/research-projects/j/jlgage/RawUAVData01/uavforslb/final_image/final_sliced/20250711_C10_05961.jpg
4382,C10,2025,6/30/25,6.0,6/28/25,20250628_C10_04382.jpg,-2,/mnt/research-projects/j/jlgage/RawUAVData01/uavforslb/final_image/final_sliced/20250628_C10_04382.jpg
2715,C6B,2024,7/15/24,8.5,7/18/24,20240718_C6B_02715.jpg,3,/mnt/research-projects/j/jlgage/RawUAVData01/uavforslb/final_image/final_sliced/20240718_C6B_02715.jpg
1991,C7B,2025,7/19/25,2.5,7/18/25,20250718_C7B_01991.jpg,-1,/mnt/research-projects/j/jlgage/RawUAVData01/uavforslb/final_image/final_sliced/20250718_C7B_01991.jpg
1025,C7B,2025,7/1/25,7.0,7/1/25,20250701_C7B_01025.jpg,0,/mnt/research-projects/j/jlgage/RawUAVData01/uavforslb/final_image/final_sliced/20250701_C7B_01025.jpg
4034,B7A,2024,7/15/24,8.5,7/16/24,20240716_B7A_04034.jpg,1,/mnt/research-projects/j/jlgage/RawUAVData01/uavforslb/final_image/final_sliced/20240716_B7A_04034.jpg
4293,C10,2025,7/19/25,5.0,7/18/25,20250718_C10_04293.jpg,-1,/mnt/research-projects/j/jlgage/RawUAVData01/uavforslb/final_image/final_sliced/20250718_C10_04293.jpg
1439,C7B,2025,7/10/25,5.0,7/10/25,20250710_C7B_01439.jpg,0,/mnt/research-projects/j/jlgage/RawUAVData01/uavforslb/final_image/final_sliced/20250710_C7B_01439.jpg
117,C6B,2024,7/19/24,6.5,7/18/24,20240718_C6B_00117.jpg,-1,/mnt/research-projects/j/jlgage/RawUAVData01/uavforslb/final_image/final_sliced/20240718_C6B_00117.jpg
3353,C6B,2024,7/30/24,1.0,8/2/24,20240802_C6B_03353.jpg,3,/mnt/research-projects/j/jlgage/RawUAVData01/uavforslb/final_image/final_sliced/20240802_C6B_03353.jpg
6025,C10,2025,7/19/25,3.0,7/18/25,20250718_C10_06025.jpg,-1,/mnt/research-projects/j/jlgage/RawUAVData01/uavforslb/final_image/final_sliced/20250718_C10_06025.jpg
1665,C7B,2025,7/10/25,4.0,7/10/25,20250710_C7B_01665.jpg,0,/mnt/research-projects/j/jlgage/RawUAVData01/uavforslb/final_image/final_sliced/20250710_C7B_01665.jpg
913,C6B,2024,7/19/24,8.5,7/18/24,20240718_C6B_00913.jpg,-1,/mnt/research-projects/j/jlgage/RawUAVData01/uavforslb/final_image/final_sliced/20240718_C6B_00913.jpg
3347,C6B,2024,7/15/24,8.0,7/18/24,20240718_C6B_03347.jpg,3,/mnt/research-projects/j/jlgage/RawUAVData01/uavforslb/final_image/final_sliced/20240718_C6B_03347.jpg
1399,C6B,2024,7/19/24,8.5,7/18/24,20240718_C6B_01399.jpg,-1,/mnt/research-projects/j/jlgage/RawUAVData01/uavforslb/final_image/final_sliced/20240718_C6B_01399.jpg
5648,C10,2025,7/20/25,4.5,7/21/25,20250721_C10_05648.jpg,1,/mnt/research-projects/j/jlgage/RawUAVData01/uavforslb/final_image/final_sliced/20250721_C10_05648.jpg
385,C7B,2025,6/30/25,5.5,7/1/25,20250701_C7B_00385.jpg,1,/mnt/research-projects/j/jlgage/RawUAVData01/uavforslb/final_image/final_sliced/20250701_C7B_00385.jpg
96,C7B,2025,6/30/25,7.5,7/1/25,20250701_C7B_00096.jpg,1,/mnt/research-projects/j/jlgage/RawUAVData01/uavforslb/final_image/final_sliced/20250701_C7B_00096.jpg
3294,C6B,2024,7/30/24,2.0,8/2/24,20240802_C6B_03294.jpg,3,/mnt/research-projects/j/jlgage/RawUAVData01/uavforslb/final_image/final_sliced/20240802_C6B_03294.jpg
2071,C6B,2024,7/19/24,7.0,7/18/24,20240718_C6B_02071.jpg,-1,/mnt/research-projects/j/jlgage/RawUAVData01/uavforslb/final_image/final_sliced/20240718_C6B_02071.jpg
6711,C10,2025,7/18/25,7.5,7/18/25,20250718_C10_06711.jpg,0,/mnt/research-projects/j/jlgage/RawUAVData01/uavforslb/final_image/final_sliced/20250718_C10_06711.jpg
2541,C6B,2024,7/27/24,1.5,7/26/24,20240726_C6B_02541.jpg,-1,/mnt/research-projects/j/jlgage/RawUAVData01/uavforslb/final_image/final_sliced/20240726_C6B_02541.jpg
4285,B7A,2024,7/15/24,5.0,7/16/24,20240716_B7A_04285.jpg,1,/mnt/research-projects/j/jlgage/RawUAVData01/uavforslb/final_image/final_sliced/20240716_B7A_04285.jpg
1293,C7B,2025,7/10/25,7.0,7/10/25,20250710_C7B_01293.jpg,0,/mnt/research-projects/j/jlgage/RawUAVData01/uavforslb/final_image/final_sliced/20250710_C7B_01293.jpg
4087,C10,2025,7/11/25,5.5,7/11/25,20250711_C10_04087.jpg,0,/mnt/research-projects/j/jlgage/RawUAVData01/uavforslb/final_image/final_sliced/20250711_C10_04087.jpg
4341,B7A,2024,7/15/24,5.0,7/16/24,20240716_B7A_04341.jpg,1,/mnt/research-projects/j/jlgage/RawUAVData01/uavforslb/final_image/final_sliced/20240716_B7A_04341.jpg
2008,C7B,2025,7/19/25,5.5,7/18/25,20250718_C7B_02008.jpg,-1,/mnt/research-projects/j/jlgage/RawUAVData01/uavforslb/final_image/final_sliced/20250718_C7B_02008.jpg
3844,B7A,2024,7/15/24,8.0,7/16/24,20240716_B7A_03844.jpg,1,/mnt/research-projects/j/jlgage/RawUAVData01/uavforslb/final_image/final_sliced/20240716_B7A_03844.jpg
669,C6B,2024,7/29/24,3.0,7/26/24,20240726_C6B_00669.jpg,-3,/mnt/research-projects/j/jlgage/RawUAVData01/uavforslb/final_image/final_sliced/20240726_C6B_00669.jpg
964,C7B,2025,7/10/25,7.5,7/10/25,20250710_C7B_00964.jpg,0,/mnt/research-projects/j/jlgage/RawUAVData01/uavforslb/final_image/final_sliced/20250710_C7B_00964.jpg
1328,C6B,2024,7/19/24,8.5,7/18/24,20240718_C6B_01328.jpg,-1,/mnt/research-projects/j/jlgage/RawUAVData01/uavforslb/final_image/final_sliced/20240718_C6B_01328.jpg
4326,C10,2025,7/19/25,1.5,7/18/25,20250718_C10_04326.jpg,-1,/mnt/research-projects/j/jlgage/RawUAVData01/uavforslb/final_image/final_sliced/20250718_C10_04326.jpg
1594,C6B,2024,7/19/24,7.5,7/18/24,20240718_C6B_01594.jpg,-1,/mnt/research-projects/j/jlgage/RawUAVData01/uavforslb/final_image/final_sliced/20240718_C6B_01594.jpg
4594,B7A,2024,7/30/24,1.5,7/27/24,20240727_B7A_04594.jpg,-3,/mnt/research-projects/j/jlgage/RawUAVData01/uavforslb/final_image/final_sliced/20240727_B7A_04594.jpg
2833,C6B,2024,7/15/24,8.5,7/18/24,20240718_C6B_02833.jpg,3,/mnt/research-projects/j/jlgage/RawUAVData01/uavforslb/final_image/final_sliced/20240718_C6B_02833.jpg
1075,C6B,2024,7/29/24,4.0,7/26/24,20240726_C6B_01075.jpg,-3,/mnt/research-projects/j/jlgage/RawUAVData01/uavforslb/final_image/final_sliced/20240726_C6B_01075.jpg
2699,C7B,2025,7/8/25,4.0,7/7/25,20250707_C7B_02699.jpg,-1,/mnt/research-projects/j/jlgage/RawUAVData01/uavforslb/final_image/final_sliced/20250707_C7B_02699.jpg
5017,C6B,2024,7/18/24,7.5,7/18/24,20240718_C6B_05017.jpg,0,/mnt/research-projects/j/jlgage/RawUAVData01/uavforslb/final_image/final_sliced/20240718_C6B_05017.jpg
3660,C6B,2024,7/30/24,3.0,8/2/24,20240802_C6B_03660.jpg,3,/mnt/research-projects/j/jlgage/RawUAVData01/uavforslb/final_image/final_sliced/20240802_C6B_03660.jpg
2755,C6B,2024,7/30/24,2.5,8/2/24,20240802_C6B_02755.jpg,3,/mnt/research-projects/j/jlgage/RawUAVData01/uavforslb/final_image/final_sliced/20240802_C6B_02755.jpg
4614,B7A,2024,7/15/24,8.0,7/16/24,20240716_B7A_04614.jpg,1,/mnt/research-projects/j/jlgage/RawUAVData01/uavforslb/final_image/final_sliced/20240716_B7A_04614.jpg
1508,C7B,2025,7/18/25,3.0,7/18/25,20250718_C7B_01508.jpg,0,/mnt/research-projects/j/jlgage/RawUAVData01/uavforslb/final_image/final_sliced/20250718_C7B_01508.jpg
3000,C6B,2024,7/30/24,1.0,8/2/24,20240802_C6B_03000.jpg,3,/mnt/research-projects/j/jlgage/RawUAVData01/uavforslb/final_image/final_sliced/20240802_C6B_03000.jpg
1055,C7B,2025,7/18/25,2.0,7/18/25,20250718_C7B_01055.jpg,0,/mnt/research-projects/j/jlgage/RawUAVData01/uavforslb/final_image/final_sliced/20250718_C7B_01055.jpg
140,C6B,2024,7/29/24,5.5,7/26/24,20240726_C6B_00140.jpg,-3,/mnt/research-projects/j/jlgage/RawUAVData01/uavforslb/final_image/final_sliced/20240726_C6B_00140.jpg
1830,C7B,2025,7/19/25,2.0,7/18/25,20250718_C7B_01830.jpg,-1,/mnt/research-projects/j/jlgage/RawUAVData01/uavforslb/final_image/final_sliced/20250718_C7B_01830.jpg
4035,B7A,2024,7/30/24,3.5,7/27/24,20240727_B7A_04035.jpg,-3,/mnt/research-projects/j/jlgage/RawUAVData01/uavforslb/final_image/final_sliced/20240727_B7A_04035.jpg
3436,C6B,2024,7/30/24,2.0,8/2/24,20240802_C6B_03436.jpg,3,/mnt/research-projects/j/jlgage/RawUAVData01/uavforslb/final_image/final_sliced/20240802_C6B_03436.jpg
2586,C6B,2024,7/15/24,8.5,7/18/24,20240718_C6B_02586.jpg,3,/mnt/research-projects/j/jlgage/RawUAVData01/uavforslb/final_image/final_sliced/20240718_C6B_02586.jpg
5952,C10,2025,7/11/25,3.0,7/11/25,20250711_C10_05952.jpg,0,/mnt/research-projects/j/jlgage/RawUAVData01/uavforslb/final_image/final_sliced/20250711_C10_05952.jpg
4628,B7A,2024,7/15/24,8.0,7/16/24,20240716_B7A_04628.jpg,1,/mnt/research-projects/j/jlgage/RawUAVData01/uavforslb/final_image/final_sliced/20240716_B7A_04628.jpg
1181,C7B,2025,7/18/25,3.0,7/18/25,20250718_C7B_01181.jpg,0,/mnt/research-projects/j/jlgage/RawUAVData01/uavforslb/final_image/final_sliced/20250718_C7B_01181.jpg
6742,C10,2025,7/8/25,7.5,7/7/25,20250707_C10_06742.jpg,-1,/mnt/research-projects/j/jlgage/RawUAVData01/uavforslb/final_image/final_sliced/20250707_C10_06742.jpg
1297,C6B,2024,7/29/24,3.5,7/26/24,20240726_C6B_01297.jpg,-3,/mnt/research-projects/j/jlgage/RawUAVData01/uavforslb/final_image/final_sliced/20240726_C6B_01297.jpg
5096,C10,2025,7/11/25,6.5,7/11/25,20250711_C10_05096.jpg,0,/mnt/research-projects/j/jlgage/RawUAVData01/uavforslb/final_image/final_sliced/20250711_C10_05096.jpg
861,C6B,2024,7/19/24,6.0,7/18/24,20240718_C6B_00861.jpg,-1,/mnt/research-projects/j/jlgage/RawUAVData01/uavforslb/final_image/final_sliced/20240718_C6B_00861.jpg
211,C6B,2024,7/29/24,7.5,7/26/24,20240726_C6B_00211.jpg,-3,/mnt/research-projects/j/jlgage/RawUAVData01/uavforslb/final_image/final_sliced/20240726_C6B_00211.jpg
2765,C6B,2024,7/30/24,1.5,8/2/24,20240802_C6B_02765.jpg,3,/mnt/research-projects/j/jlgage/RawUAVData01/uavforslb/final_image/final_sliced/20240802_C6B_02765.jpg
3788,C6B,2024,7/30/24,1.5,8/2/24,20240802_C6B_03788.jpg,3,/mnt/research-projects/j/jlgage/RawUAVData01/uavforslb/final_image/final_sliced/20240802_C6B_03788.jpg
3836,B7A,2024,7/15/24,7.5,7/16/24,20240716_B7A_03836.jpg,1,/mnt/research-projects/j/jlgage/RawUAVData01/uavforslb/final_image/final_sliced/20240716_B7A_03836.jpg
2060,C6B,2024,7/19/24,7.0,7/18/24,20240718_C6B_02060.jpg,-1,/mnt/research-projects/j/jlgage/RawUAVData01/uavforslb/final_image/final_sliced/20240718_C6B_02060.jpg
1792,C7B,2025,7/7/25,5.0,7/7/25,20250707_C7B_01792.jpg,0,/mnt/research-projects/j/jlgage/RawUAVData01/uavforslb/final_image/final_sliced/20250707_C7B_01792.jpg
2869,C6B,2024,7/15/24,7.5,7/18/24,20240718_C6B_02869.jpg,3,/mnt/research-projects/j/jlgage/RawUAVData01/uavforslb/final_image/final_sliced/20240718_C6B_02869.jpg
4994,C10,2025,7/2/25,5.0,7/4/25,20250704_C10_04994.jpg,2,/mnt/research-projects/j/jlgage/RawUAVData01/uavforslb/final_image/final_sliced/20250704_C10_04994.jpg
110,C6B,2024,7/19/24,8.0,7/18/24,20240718_C6B_00110.jpg,-1,/mnt/research-projects/j/jlgage/RawUAVData01/uavforslb/final_image/final_sliced/20240718_C6B_00110.jpg
1818,C6B,2024,7/29/24,6.0,7/26/24,20240726_C6B_01818.jpg,-3,/mnt/research-projects/j/jlgage/RawUAVData01/uavforslb/final_image/final_sliced/20240726_C6B_01818.jpg
761,C6B,2024,7/29/24,4.0,7/26/24,20240726_C6B_00761.jpg,-3,/mnt/research-projects/j/jlgage/RawUAVData01/uavforslb/final_image/final_sliced/20240726_C6B_00761.jpg
4127,C10,2025,7/19/25,6.0,7/18/25,20250718_C10_04127.jpg,-1,/mnt/research-projects/j/jlgage/RawUAVData01/uavforslb/final_image/final_sliced/20250718_C10_04127.jpg
3780,C6B,2024,7/15/24,8.5,7/18/24,20240718_C6B_03780.jpg,3,/mnt/research-projects/j/jlgage/RawUAVData01/uavforslb/final_image/final_sliced/20240718_C6B_03780.jpg
4463,B7A,2024,7/15/24,7.0,7/16/24,20240716_B7A_04463.jpg,1,/mnt/research-projects/j/jlgage/RawUAVData01/uavforslb/final_image/final_sliced/20240716_B7A_04463.jpg
2658,C7B,2025,6/30/25,7.0,7/1/25,20250701_C7B_02658.jpg,1,/mnt/research-projects/j/jlgage/RawUAVData01/uavforslb/final_image/final_sliced/20250701_C7B_02658.jpg
1861,C7B,2025,7/19/25,5.0,7/18/25,20250718_C7B_01861.jpg,-1,/mnt/research-projects/j/jlgage/RawUAVData01/uavforslb/final_image/final_sliced/20250718_C7B_01861.jpg
4079,B7A,2024,7/15/24,8.5,7/16/24,20240716_B7A_04079.jpg,1,/mnt/research-projects/j/jlgage/RawUAVData01/uavforslb/final_image/final_sliced/20240716_B7A_04079.jpg
1931,C7B,2025,7/10/25,6.0,7/10/25,20250710_C7B_01931.jpg,0,/mnt/research-projects/j/jlgage/RawUAVData01/uavforslb/final_image/final_sliced/20250710_C7B_01931.jpg
4649,C10,2025,7/20/25,2.5,7/21/25,20250721_C10_04649.jpg,1,/mnt/research-projects/j/jlgage/RawUAVData01/uavforslb/final_image/final_sliced/20250721_C10_04649.jpg
1271,C7B,2025,7/1/25,5.5,7/1/25,20250701_C7B_01271.jpg,0,/mnt/research-projects/j/jlgage/RawUAVData01/uavforslb/final_image/final_sliced/20250701_C7B_01271.jpg
1746,C7B,2025,7/7/25,7.0,7/7/25,20250707_C7B_01746.jpg,0,/mnt/research-projects/j/jlgage/RawUAVData01/uavforslb/final_image/final_sliced/20250707_C7B_01746.jpg
827,C7B,2025,7/10/25,6.0,7/10/25,20250710_C7B_00827.jpg,0,/mnt/research-projects/j/jlgage/RawUAVData01/uavforslb/final_image/final_sliced/20250710_C7B_00827.jpg
6778,C10,2025,7/14/25,8.0,7/14/25,20250714_C10_06778.jpg,0,/mnt/research-projects/j/jlgage/RawUAVData01/uavforslb/final_image/final_sliced/20250714_C10_06778.jpg
5013,C10,2025,7/20/25,2.0,7/21/25,20250721_C10_05013.jpg,1,/mnt/research-projects/j/jlgage/RawUAVData01/uavforslb/final_image/final_sliced/20250721_C10_05013.jpg
304,C6B,2024,7/19/24,8.0,7/18/24,20240718_C6B_00304.jpg,-1,/mnt/research-projects/j/jlgage/RawUAVData01/uavforslb/final_image/final_sliced/20240718_C6B_00304.jpg
4159,B7A,2024,7/15/24,8.5,7/16/24,20240716_B7A_04159.jpg,1,/mnt/research-projects/j/jlgage/RawUAVData01/uavforslb/final_image/final_sliced/20240716_B7A_04159.jpg
3405,C6B,2024,7/15/24,8.0,7/18/24,20240718_C6B_03405.jpg,3,/mnt/research-projects/j/jlgage/RawUAVData01/uavforslb/final_image/final_sliced/20240718_C6B_03405.jpg
795,C7B,2025,6/30/25,7.0,7/1/25,20250701_C7B_00795.jpg,1,/mnt/research-projects/j/jlgage/RawUAVData01/uavforslb/final_image/final_sliced/20250701_C7B_00795.jpg
4532,C10,2025,7/11/25,6.0,7/11/25,20250711_C10_04532.jpg,0,/mnt/research-projects/j/jlgage/RawUAVData01/uavforslb/final_image/final_sliced/20250711_C10_04532.jpg
1846,C7B,2025,7/10/25,7.0,7/10/25,20250710_C7B_01846.jpg,0,/mnt/research-projects/j/jlgage/RawUAVData01/uavforslb/final_image/final_sliced/20250710_C7B_01846.jpg
4187,B7A,2024,7/15/24,8.5,7/16/24,20240716_B7A_04187.jpg,1,/mnt/research-projects/j/jlgage/RawUAVData01/uavforslb/final_image/final_sliced/20240716_B7A_04187.jpg
560,C7B,2025,7/10/25,5.5,7/10/25,20250710_C7B_00560.jpg,0,/mnt/research-projects/j/jlgage/RawUAVData01/uavforslb/final_image/final_sliced/20250710_C7B_00560.jpg
4649,C10,2025,7/2/25,6.0,7/4/25,20250704_C10_04649.jpg,2,/mnt/research-projects/j/jlgage/RawUAVData01/uavforslb/final_image/final_sliced/20250704_C10_04649.jpg
5947,C10,2025,7/19/25,4.0,7/18/25,20250718_C10_05947.jpg,-1,/mnt/research-projects/j/jlgage/RawUAVData01/uavforslb/final_image/final_sliced/20250718_C10_05947.jpg
1259,C6B,2024,7/29/24,4.0,7/26/24,20240726_C6B_01259.jpg,-3,/mnt/research-projects/j/jlgage/RawUAVData01/uavforslb/final_image/final_sliced/20240726_C6B_01259.jpg
6045,C10,2025,7/11/25,5.0,7/11/25,20250711_C10_06045.jpg,0,/mnt/research-projects/j/jlgage/RawUAVData01/uavforslb/final_image/final_sliced/20250711_C10_06045.jpg
1702,C7B,2025,7/1/25,5.0,7/1/25,20250701_C7B_01702.jpg,0,/mnt/research-projects/j/jlgage/RawUAVData01/uavforslb/final_image/final_sliced/20250701_C7B_01702.jpg
919,C6B,2024,7/29/24,3.0,7/26/24,20240726_C6B_00919.jpg,-3,/mnt/research-projects/j/jlgage/RawUAVData01/uavforslb/final_image/final_sliced/20240726_C6B_00919.jpg
1843,C7B,2025,7/10/25,7.0,7/10/25,20250710_C7B_01843.jpg,0,/mnt/research-projects/j/jlgage/RawUAVData01/uavforslb/final_image/final_sliced/20250710_C7B_01843.jpg
4506,B7A,2024,7/15/24,7.0,7/16/24,20240716_B7A_04506.jpg,1,/mnt/research-projects/j/jlgage/RawUAVData01/uavforslb/final_image/final_sliced/20240716_B7A_04506.jpg
3201,C6B,2024,7/30/24,4.0,8/2/24,20240802_C6B_03201.jpg,3,/mnt/research-projects/j/jlgage/RawUAVData01/uavforslb/final_image/final_sliced/20240802_C6B_03201.jpg
77,C7B,2025,7/4/25,5.0,7/4/25,20250704_C7B_00077.jpg,0,/mnt/research-projects/j/jlgage/RawUAVData01/uavforslb/final_image/final_sliced/20250704_C7B_00077.jpg
107,C6B,2024,7/19/24,8.5,7/18/24,20240718_C6B_00107.jpg,-1,/mnt/research-projects/j/jlgage/RawUAVData01/uavforslb/final_image/final_sliced/20240718_C6B_00107.jpg
251,C7B,2025,7/4/25,6.0,7/4/25,20250704_C7B_00251.jpg,0,/mnt/research-projects/j/jlgage/RawUAVData01/uavforslb/final_image/final_sliced/20250704_C7B_00251.jpg
3972,B7A,2024,7/15/24,8.5,7/16/24,20240716_B7A_03972.jpg,1,/mnt/research-projects/j/jlgage/RawUAVData01/uavforslb/final_image/final_sliced/20240716_B7A_03972.jpg
3338,C6B,2024,7/30/24,2.5,8/2/24,20240802_C6B_03338.jpg,3,/mnt/research-projects/j/jlgage/RawUAVData01/uavforslb/final_image/final_sliced/20240802_C6B_03338.jpg
4420,B7A,2024,7/30/24,1.5,7/27/24,20240727_B7A_04420.jpg,-3,/mnt/research-projects/j/jlgage/RawUAVData01/uavforslb/final_image/final_sliced/20240727_B7A_04420.jpg
4243,C10,2025,7/7/25,7.0,7/7/25,20250707_C10_04243.jpg,0,/mnt/research-projects/j/jlgage/RawUAVData01/uavforslb/final_image/final_sliced/20250707_C10_04243.jpg
537,C7B,2025,7/10/25,4.5,7/10/25,20250710_C7B_00537.jpg,0,/mnt/research-projects/j/jlgage/RawUAVData01/uavforslb/final_image/final_sliced/20250710_C7B_00537.jpg
863,C6B,2024,7/29/24,6.5,7/26/24,20240726_C6B_00863.jpg,-3,/mnt/research-projects/j/jlgage/RawUAVData01/uavforslb/final_image/final_sliced/20240726_C6B_00863.jpg
3470,C6B,2024,7/15/24,8.5,7/18/24,20240718_C6B_03470.jpg,3,/mnt/research-projects/j/jlgage/RawUAVData01/uavforslb/final_image/final_sliced/20240718_C6B_03470.jpg
6713,C10,2025,7/3/25,7.5,7/4/25,20250704_C10_06713.jpg,1,/mnt/research-projects/j/jlgage/RawUAVData01/uavforslb/final_image/final_sliced/20250704_C10_06713.jpg
1910,C7B,2025,7/19/25,4.0,7/18/25,20250718_C7B_01910.jpg,-1,/mnt/research-projects/j/jlgage/RawUAVData01/uavforslb/final_image/final_sliced/20250718_C7B_01910.jpg
1360,C6B,2024,7/19/24,8.5,7/18/24,20240718_C6B_01360.jpg,-1,/mnt/research-projects/j/jlgage/RawUAVData01/uavforslb/final_image/final_sliced/20240718_C6B_01360.jpg
3726,C6B,2024,7/30/24,4.0,8/2/24,20240802_C6B_03726.jpg,3,/mnt/research-projects/j/jlgage/RawUAVData01/uavforslb/final_image/final_sliced/20240802_C6B_03726.jpg
4448,B7A,2024,7/30/24,4.0,7/27/24,20240727_B7A_04448.jpg,-3,/mnt/research-projects/j/jlgage/RawUAVData01/uavforslb/final_image/final_sliced/20240727_B7A_04448.jpg
6834,C10,2025,7/8/25,7.5,7/7/25,20250707_C10_06834.jpg,-1,/mnt/research-projects/j/jlgage/RawUAVData01/uavforslb/final_image/final_sliced/20250707_C10_06834.jpg
4544,B7A,2024,7/15/24,8.5,7/16/24,20240716_B7A_04544.jpg,1,/mnt/research-projects/j/jlgage/RawUAVData01/uavforslb/final_image/final_sliced/20240716_B7A_04544.jpg
5622,C10,2025,7/11/25,4.5,7/11/25,20250711_C10_05622.jpg,0,/mnt/research-projects/j/jlgage/RawUAVData01/uavforslb/final_image/final_sliced/20250711_C10_05622.jpg
4620,C10,2025,7/11/25,7.5,7/11/25,20250711_C10_04620.jpg,0,/mnt/research-projects/j/jlgage/RawUAVData01/uavforslb/final_image/final_sliced/20250711_C10_04620.jpg
1618,C7B,2025,7/18/25,2.0,7/18/25,20250718_C7B_01618.jpg,0,/mnt/research-projects/j/jlgage/RawUAVData01/uavforslb/final_image/final_sliced/20250718_C7B_01618.jpg
1797,C6B,2024,7/19/24,6.5,7/18/24,20240718_C6B_01797.jpg,-1,/mnt/research-projects/j/jlgage/RawUAVData01/uavforslb/final_image/final_sliced/20240718_C6B_01797.jpg
2572,C6B,2024,7/1/24,7.5,7/3/24,20240703_C6B_02572.jpg,2,/mnt/research-projects/j/jlgage/RawUAVData01/uavforslb/final_image/final_sliced/20240703_C6B_02572.jpg
1353,C7B,2025,7/10/25,6.5,7/10/25,20250710_C7B_01353.jpg,0,/mnt/research-projects/j/jlgage/RawUAVData01/uavforslb/final_image/final_sliced/20250710_C7B_01353.jpg
5042,C10,2025,7/20/25,1.0,7/21/25,20250721_C10_05042.jpg,1,/mnt/research-projects/j/jlgage/RawUAVData01/uavforslb/final_image/final_sliced/20250721_C10_05042.jpg
2560,C6B,2024,7/18/24,6.0,7/18/24,20240718_C6B_02560.jpg,0,/mnt/research-projects/j/jlgage/RawUAVData01/uavforslb/final_image/final_sliced/20240718_C6B_02560.jpg
876,C6B,2024,7/29/24,4.0,7/26/24,20240726_C6B_00876.jpg,-3,/mnt/research-projects/j/jlgage/RawUAVData01/uavforslb/final_image/final_sliced/20240726_C6B_00876.jpg
4065,C10,2025,7/11/25,6.0,7/11/25,20250711_C10_04065.jpg,0,/mnt/research-projects/j/jlgage/RawUAVData01/uavforslb/final_image/final_sliced/20250711_C10_04065.jpg
5118,C10,2025,7/20/25,2.0,7/21/25,20250721_C10_05118.jpg,1,/mnt/research-projects/j/jlgage/RawUAVData01/uavforslb/final_image/final_sliced/20250721_C10_05118.jpg
4333,B7A,2024,7/30/24,4.0,7/27/24,20240727_B7A_04333.jpg,-3,/mnt/research-projects/j/jlgage/RawUAVData01/uavforslb/final_image/final_sliced/20240727_B7A_04333.jpg
5017,C6B,2024,7/11/24,7.5,7/10/24,20240710_C6B_05017.jpg,-1,/mnt/research-projects/j/jlgage/RawUAVData01/uavforslb/final_image/final_sliced/20240710_C6B_05017.jpg
1636,C7B,2025,7/10/25,4.0,7/10/25,20250710_C7B_01636.jpg,0,/mnt/research-projects/j/jlgage/RawUAVData01/uavforslb/final_image/final_sliced/20250710_C7B_01636.jpg
4652,C10,2025,7/11/25,5.0,7/11/25,20250711_C10_04652.jpg,0,/mnt/research-projects/j/jlgage/RawUAVData01/uavforslb/final_image/final_sliced/20250711_C10_04652.jpg
5077,C10,2025,7/2/25,5.0,7/4/25,20250704_C10_05077.jpg,2,/mnt/research-projects/j/jlgage/RawUAVData01/uavforslb/final_image/final_sliced/20250704_C10_05077.jpg
1571,C7B,2025,7/10/25,4.0,7/10/25,20250710_C7B_01571.jpg,0,/mnt/research-projects/j/jlgage/RawUAVData01/uavforslb/final_image/final_sliced/20250710_C7B_01571.jpg
4713,C10,2025,7/2/25,6.0,7/4/25,20250704_C10_04713.jpg,2,/mnt/research-projects/j/jlgage/RawUAVData01/uavforslb/final_image/final_sliced/20250704_C10_04713.jpg
4224,C10,2025,7/11/25,7.0,7/11/25,20250711_C10_04224.jpg,0,/mnt/research-projects/j/jlgage/RawUAVData01/uavforslb/final_image/final_sliced/20250711_C10_04224.jpg
161,C7B,2025,7/10/25,5.0,7/10/25,20250710_C7B_00161.jpg,0,/mnt/research-projects/j/jlgage/RawUAVData01/uavforslb/final_image/final_sliced/20250710_C7B_00161.jpg
1760,C7B,2025,7/7/25,5.5,7/7/25,20250707_C7B_01760.jpg,0,/mnt/research-projects/j/jlgage/RawUAVData01/uavforslb/final_image/final_sliced/20250707_C7B_01760.jpg
4330,C10,2025,6/30/25,7.5,6/28/25,20250628_C10_04330.jpg,-2,/mnt/research-projects/j/jlgage/RawUAVData01/uavforslb/final_image/final_sliced/20250628_C10_04330.jpg
2038,C6B,2024,7/29/24,3.5,7/26/24,20240726_C6B_02038.jpg,-3,/mnt/research-projects/j/jlgage/RawUAVData01/uavforslb/final_image/final_sliced/20240726_C6B_02038.jpg
4125,B7A,2024,7/30/24,2.5,7/27/24,20240727_B7A_04125.jpg,-3,/mnt/research-projects/j/jlgage/RawUAVData01/uavforslb/final_image/final_sliced/20240727_B7A_04125.jpg
3276,C6B,2024,7/30/24,2.0,8/2/24,20240802_C6B_03276.jpg,3,/mnt/research-projects/j/jlgage/RawUAVData01/uavforslb/final_image/final_sliced/20240802_C6B_03276.jpg
3646,C6B,2024,7/30/24,1.5,8/2/24,20240802_C6B_03646.jpg,3,/mnt/research-projects/j/jlgage/RawUAVData01/uavforslb/final_image/final_sliced/20240802_C6B_03646.jpg
3960,B7A,2024,7/15/24,4.0,7/16/24,20240716_B7A_03960.jpg,1,/mnt/research-projects/j/jlgage/RawUAVData01/uavforslb/final_image/final_sliced/20240716_B7A_03960.jpg
6011,C10,2025,7/2/25,4.0,7/4/25,20250704_C10_06011.jpg,2,/mnt/research-projects/j/jlgage/RawUAVData01/uavforslb/final_image/final_sliced/20250704_C10_06011.jpg
4202,C10,2025,7/7/25,5.5,7/7/25,20250707_C10_04202.jpg,0,/mnt/research-projects/j/jlgage/RawUAVData01/uavforslb/final_image/final_sliced/20250707_C10_04202.jpg
849,C7B,2025,7/10/25,5.0,7/10/25,20250710_C7B_00849.jpg,0,/mnt/research-projects/j/jlgage/RawUAVData01/uavforslb/final_image/final_sliced/20250710_C7B_00849.jpg
1961,C6B,2024,7/19/24,7.5,7/18/24,20240718_C6B_01961.jpg,-1,/mnt/research-projects/j/jlgage/RawUAVData01/uavforslb/final_image/final_sliced/20240718_C6B_01961.jpg
1195,C6B,2024,7/29/24,7.0,7/26/24,20240726_C6B_01195.jpg,-3,/mnt/research-projects/j/jlgage/RawUAVData01/uavforslb/final_image/final_sliced/20240726_C6B_01195.jpg
3928,B7A,2024,7/30/24,3.0,7/27/24,20240727_B7A_03928.jpg,-3,/mnt/research-projects/j/jlgage/RawUAVData01/uavforslb/final_image/final_sliced/20240727_B7A_03928.jpg
4364,C10,2025,6/30/25,5.5,6/28/25,20250628_C10_04364.jpg,-2,/mnt/research-projects/j/jlgage/RawUAVData01/uavforslb/final_image/final_sliced/20250628_C10_04364.jpg
3758,C6B,2024,7/30/24,1.5,8/2/24,20240802_C6B_03758.jpg,3,/mnt/research-projects/j/jlgage/RawUAVData01/uavforslb/final_image/final_sliced/20240802_C6B_03758.jpg
3000,C6B,2024,7/15/24,6.0,7/18/24,20240718_C6B_03000.jpg,3,/mnt/research-projects/j/jlgage/RawUAVData01/uavforslb/final_image/final_sliced/20240718_C6B_03000.jpg
17,C7B,2025,7/4/25,7.5,7/4/25,20250704_C7B_00017.jpg,0,/mnt/research-projects/j/jlgage/RawUAVData01/uavforslb/final_image/final_sliced/20250704_C7B_00017.jpg
508,C6B,2024,7/29/24,4.0,7/26/24,20240726_C6B_00508.jpg,-3,/mnt/research-projects/j/jlgage/RawUAVData01/uavforslb/final_image/final_sliced/20240726_C6B_00508.jpg
5001,C10,2025,7/20/25,3.0,7/21/25,20250721_C10_05001.jpg,1,/mnt/research-projects/j/jlgage/RawUAVData01/uavforslb/final_image/final_sliced/20250721_C10_05001.jpg
3232,C6B,2024,7/15/24,8.0,7/18/24,20240718_C6B_03232.jpg,3,/mnt/research-projects/j/jlgage/RawUAVData01/uavforslb/final_image/final_sliced/20240718_C6B_03232.jpg
4526,B7A,2024,7/30/24,2.0,7/27/24,20240727_B7A_04526.jpg,-3,/mnt/research-projects/j/jlgage/RawUAVData01/uavforslb/final_image/final_sliced/20240727_B7A_04526.jpg
893,C7B,2025,7/10/25,5.0,7/10/25,20250710_C7B_00893.jpg,0,/mnt/research-projects/j/jlgage/RawUAVData01/uavforslb/final_image/final_sliced/20250710_C7B_00893.jpg
5289,C10,2025,7/11/25,4.0,7/11/25,20250711_C10_05289.jpg,0,/mnt/research-projects/j/jlgage/RawUAVData01/uavforslb/final_image/final_sliced/20250711_C10_05289.jpg
3680,C6B,2024,7/30/24,5.0,8/2/24,20240802_C6B_03680.jpg,3,/mnt/research-projects/j/jlgage/RawUAVData01/uavforslb/final_image/final_sliced/20240802_C6B_03680.jpg
2572,C6B,2024,7/18/24,6.5,7/18/24,20240718_C6B_02572.jpg,0,/mnt/research-projects/j/jlgage/RawUAVData01/uavforslb/final_image/final_sliced/20240718_C6B_02572.jpg
4373,B7A,2024,7/30/24,1.5,7/27/24,20240727_B7A_04373.jpg,-3,/mnt/research-projects/j/jlgage/RawUAVData01/uavforslb/final_image/final_sliced/20240727_B7A_04373.jpg
1433,C7B,2025,7/10/25,3.5,7/10/25,20250710_C7B_01433.jpg,0,/mnt/research-projects/j/jlgage/RawUAVData01/uavforslb/final_image/final_sliced/20250710_C7B_01433.jpg
3359,C6B,2024,7/15/24,8.5,7/18/24,20240718_C6B_03359.jpg,3,/mnt/research-projects/j/jlgage/RawUAVData01/uavforslb/final_image/final_sliced/20240718_C6B_03359.jpg
3880,B7A,2024,7/15/24,8.0,7/16/24,20240716_B7A_03880.jpg,1,/mnt/research-projects/j/jlgage/RawUAVData01/uavforslb/final_image/final_sliced/20240716_B7A_03880.jpg
1741,C7B,2025,7/1/25,8.0,7/1/25,20250701_C7B_01741.jpg,0,/mnt/research-projects/j/jlgage/RawUAVData01/uavforslb/final_image/final_sliced/20250701_C7B_01741.jpg
797,C6B,2024,7/19/24,6.0,7/18/24,20240718_C6B_00797.jpg,-1,/mnt/research-projects/j/jlgage/RawUAVData01/uavforslb/final_image/final_sliced/20240718_C6B_00797.jpg
2160,C6B,2024,7/29/24,2.0,7/26/24,20240726_C6B_02160.jpg,-3,/mnt/research-projects/j/jlgage/RawUAVData01/uavforslb/final_image/final_sliced/20240726_C6B_02160.jpg
4028,B7A,2024,7/30/24,1.5,7/27/24,20240727_B7A_04028.jpg,-3,/mnt/research-projects/j/jlgage/RawUAVData01/uavforslb/final_image/final_sliced/20240727_B7A_04028.jpg
4189,C10,2025,6/30/25,7.5,6/28/25,20250628_C10_04189.jpg,-2,/mnt/research-projects/j/jlgage/RawUAVData01/uavforslb/final_image/final_sliced/20250628_C10_04189.jpg
6786,C10,2025,6/30/25,8.5,6/28/25,20250628_C10_06786.jpg,-2,/mnt/research-projects/j/jlgage/RawUAVData01/uavforslb/final_image/final_sliced/20250628_C10_06786.jpg
5560,B7A,2024,7/27/24,4.0,7/27/24,20240727_B7A_05560.jpg,0,/mnt/research-projects/j/jlgage/RawUAVData01/uavforslb/final_image/final_sliced/20240727_B7A_05560.jpg
4197,B7A,2024,7/30/24,3.5,7/27/24,20240727_B7A_04197.jpg,-3,/mnt/research-projects/j/jlgage/RawUAVData01/uavforslb/final_image/final_sliced/20240727_B7A_04197.jpg
2674,C7B,2025,7/8/25,7.5,7/7/25,20250707_C7B_02674.jpg,-1,/mnt/research-projects/j/jlgage/RawUAVData01/uavforslb/final_image/final_sliced/20250707_C7B_02674.jpg
1298,C6B,2024,7/29/24,3.0,7/26/24,20240726_C6B_01298.jpg,-3,/mnt/research-projects/j/jlgage/RawUAVData01/uavforslb/final_image/final_sliced/20240726_C6B_01298.jpg
5508,B7A,2024,7/11/24,7.5,7/10/24,20240710_B7A_05508.jpg,-1,/mnt/research-projects/j/jlgage/RawUAVData01/uavforslb/final_image/final_sliced/20240710_B7A_05508.jpg
957,C7B,2025,7/18/25,4.0,7/18/25,20250718_C7B_00957.jpg,0,/mnt/research-projects/j/jlgage/RawUAVData01/uavforslb/final_image/final_sliced/20250718_C7B_00957.jpg
6033,C10,2025,7/2/25,5.5,7/4/25,20250704_C10_06033.jpg,2,/mnt/research-projects/j/jlgage/RawUAVData01/uavforslb/final_image/final_sliced/20250704_C10_06033.jpg
1949,C7B,2025,7/7/25,8.0,7/7/25,20250707_C7B_01949.jpg,0,/mnt/research-projects/j/jlgage/RawUAVData01/uavforslb/final_image/final_sliced/20250707_C7B_01949.jpg
326,C6B,2024,7/29/24,2.0,7/26/24,20240726_C6B_00326.jpg,-3,/mnt/research-projects/j/jlgage/RawUAVData01/uavforslb/final_image/final_sliced/20240726_C6B_00326.jpg
4654,B7A,2024,7/15/24,8.0,7/16/24,20240716_B7A_04654.jpg,1,/mnt/research-projects/j/jlgage/RawUAVData01/uavforslb/final_image/final_sliced/20240716_B7A_04654.jpg
1931,C6B,2024,7/19/24,7.5,7/18/24,20240718_C6B_01931.jpg,-1,/mnt/research-projects/j/jlgage/RawUAVData01/uavforslb/final_image/final_sliced/20240718_C6B_01931.jpg
158,C6B,2024,7/19/24,6.0,7/18/24,20240718_C6B_00158.jpg,-1,/mnt/research-projects/j/jlgage/RawUAVData01/uavforslb/final_image/final_sliced/20240718_C6B_00158.jpg
4215,B7A,2024,7/15/24,8.5,7/16/24,20240716_B7A_04215.jpg,1,/mnt/research-projects/j/jlgage/RawUAVData01/uavforslb/final_image/final_sliced/20240716_B7A_04215.jpg
931,C7B,2025,7/1/25,6.0,7/1/25,20250701_C7B_00931.jpg,0,/mnt/research-projects/j/jlgage/RawUAVData01/uavforslb/final_image/final_sliced/20250701_C7B_00931.jpg
2016,C6B,2024,7/29/24,4.0,7/26/24,20240726_C6B_02016.jpg,-3,/mnt/research-projects/j/jlgage/RawUAVData01/uavforslb/final_image/final_sliced/20240726_C6B_02016.jpg
1461,C7B,2025,7/10/25,6.0,7/10/25,20250710_C7B_01461.jpg,0,/mnt/research-projects/j/jlgage/RawUAVData01/uavforslb/final_image/final_sliced/20250710_C7B_01461.jpg
1871,C6B,2024,7/19/24,5.0,7/18/24,20240718_C6B_01871.jpg,-1,/mnt/research-projects/j/jlgage/RawUAVData01/uavforslb/final_image/final_sliced/20240718_C6B_01871.jpg
1668,C7B,2025,7/7/25,4.0,7/7/25,20250707_C7B_01668.jpg,0,/mnt/research-projects/j/jlgage/RawUAVData01/uavforslb/final_image/final_sliced/20250707_C7B_01668.jpg
432,C7B,2025,7/10/25,7.0,7/10/25,20250710_C7B_00432.jpg,0,/mnt/research-projects/j/jlgage/RawUAVData01/uavforslb/final_image/final_sliced/20250710_C7B_00432.jpg
3386,C6B,2024,7/30/24,1.5,8/2/24,20240802_C6B_03386.jpg,3,/mnt/research-projects/j/jlgage/RawUAVData01/uavforslb/final_image/final_sliced/20240802_C6B_03386.jpg
1622,C7B,2025,7/18/25,3.0,7/18/25,20250718_C7B_01622.jpg,0,/mnt/research-projects/j/jlgage/RawUAVData01/uavforslb/final_image/final_sliced/20250718_C7B_01622.jpg
4438,C10,2025,7/19/25,3.0,7/18/25,20250718_C10_04438.jpg,-1,/mnt/research-projects/j/jlgage/RawUAVData01/uavforslb/final_image/final_sliced/20250718_C10_04438.jpg
1112,C6B,2024,7/19/24,7.5,7/18/24,20240718_C6B_01112.jpg,-1,/mnt/research-projects/j/jlgage/RawUAVData01/uavforslb/final_image/final_sliced/20240718_C6B_01112.jpg
4220,C10,2025,6/30/25,7.5,6/28/25,20250628_C10_04220.jpg,-2,/mnt/research-projects/j/jlgage/RawUAVData01/uavforslb/final_image/final_sliced/20250628_C10_04220.jpg
1615,C6B,2024,7/19/24,8.0,7/18/24,20240718_C6B_01615.jpg,-1,/mnt/research-projects/j/jlgage/RawUAVData01/uavforslb/final_image/final_sliced/20240718_C6B_01615.jpg
513,C6B,2024,7/29/24,3.0,7/26/24,20240726_C6B_00513.jpg,-3,/mnt/research-projects/j/jlgage/RawUAVData01/uavforslb/final_image/final_sliced/20240726_C6B_00513.jpg
2751,C7B,2025,7/18/25,7.0,7/18/25,20250718_C7B_02751.jpg,0,/mnt/research-projects/j/jlgage/RawUAVData01/uavforslb/final_image/final_sliced/20250718_C7B_02751.jpg
2548,C6B,2024,7/18/24,6.0,7/18/24,20240718_C6B_02548.jpg,0,/mnt/research-projects/j/jlgage/RawUAVData01/uavforslb/final_image/final_sliced/20240718_C6B_02548.jpg
2685,C7B,2025,7/8/25,8.0,7/7/25,20250707_C7B_02685.jpg,-1,/mnt/research-projects/j/jlgage/RawUAVData01/uavforslb/final_image/final_sliced/20250707_C7B_02685.jpg
3268,C6B,2024,7/30/24,1.5,8/2/24,20240802_C6B_03268.jpg,3,/mnt/research-projects/j/jlgage/RawUAVData01/uavforslb/final_image/final_sliced/20240802_C6B_03268.jpg
283,C6B,2024,7/29/24,5.0,7/26/24,20240726_C6B_00283.jpg,-3,/mnt/research-projects/j/jlgage/RawUAVData01/uavforslb/final_image/final_sliced/20240726_C6B_00283.jpg
2688,C7B,2025,6/30/25,8.0,7/1/25,20250701_C7B_02688.jpg,1,/mnt/research-projects/j/jlgage/RawUAVData01/uavforslb/final_image/final_sliced/20250701_C7B_02688.jpg
2984,C6B,2024,7/15/24,8.0,7/18/24,20240718_C6B_02984.jpg,3,/mnt/research-projects/j/jlgage/RawUAVData01/uavforslb/final_image/final_sliced/20240718_C6B_02984.jpg
22,C7B,2025,6/30/25,8.0,7/1/25,20250701_C7B_00022.jpg,1,/mnt/research-projects/j/jlgage/RawUAVData01/uavforslb/final_image/final_sliced/20250701_C7B_00022.jpg
4624,B7A,2024,7/30/24,2.0,7/27/24,20240727_B7A_04624.jpg,-3,/mnt/research-projects/j/jlgage/RawUAVData01/uavforslb/final_image/final_sliced/20240727_B7A_04624.jpg
4009,B7A,2024,7/30/24,4.0,7/27/24,20240727_B7A_04009.jpg,-3,/mnt/research-projects/j/jlgage/RawUAVData01/uavforslb/final_image/final_sliced/20240727_B7A_04009.jpg
1775,C6B,2024,7/19/24,8.5,7/18/24,20240718_C6B_01775.jpg,-1,/mnt/research-projects/j/jlgage/RawUAVData01/uavforslb/final_image/final_sliced/20240718_C6B_01775.jpg
3206,C6B,2024,7/15/24,8.5,7/18/24,20240718_C6B_03206.jpg,3,/mnt/research-projects/j/jlgage/RawUAVData01/uavforslb/final_image/final_sliced/20240718_C6B_03206.jpg
2856,C7B,2025,7/18/25,7.0,7/18/25,20250718_C7B_02856.jpg,0,/mnt/research-projects/j/jlgage/RawUAVData01/uavforslb/final_image/final_sliced/20250718_C7B_02856.jpg
1910,C6B,2024,7/29/24,3.0,7/26/24,20240726_C6B_01910.jpg,-3,/mnt/research-projects/j/jlgage/RawUAVData01/uavforslb/final_image/final_sliced/20240726_C6B_01910.jpg
296,C6B,2024,7/29/24,4.0,7/26/24,20240726_C6B_00296.jpg,-3,/mnt/research-projects/j/jlgage/RawUAVData01/uavforslb/final_image/final_sliced/20240726_C6B_00296.jpg
6837,C10,2025,7/3/25,5.5,7/4/25,20250704_C10_06837.jpg,1,/mnt/research-projects/j/jlgage/RawUAVData01/uavforslb/final_image/final_sliced/20250704_C10_06837.jpg
5552,B7A,2024,7/11/24,7.5,7/10/24,20240710_B7A_05552.jpg,-1,/mnt/research-projects/j/jlgage/RawUAVData01/uavforslb/final_image/final_sliced/20240710_B7A_05552.jpg
222,C6B,2024,7/19/24,8.5,7/18/24,20240718_C6B_00222.jpg,-1,/mnt/research-projects/j/jlgage/RawUAVData01/uavforslb/final_image/final_sliced/20240718_C6B_00222.jpg
5991,C10,2025,7/2/25,8.0,7/4/25,20250704_C10_05991.jpg,2,/mnt/research-projects/j/jlgage/RawUAVData01/uavforslb/final_image/final_sliced/20250704_C10_05991.jpg
4684,C10,2025,7/2/25,7.0,7/4/25,20250704_C10_04684.jpg,2,/mnt/research-projects/j/jlgage/RawUAVData01/uavforslb/final_image/final_sliced/20250704_C10_04684.jpg
227,C7B,2025,7/18/25,3.0,7/18/25,20250718_C7B_00227.jpg,0,/mnt/research-projects/j/jlgage/RawUAVData01/uavforslb/final_image/final_sliced/20250718_C7B_00227.jpg
3418,C6B,2024,7/30/24,1.5,8/2/24,20240802_C6B_03418.jpg,3,/mnt/research-projects/j/jlgage/RawUAVData01/uavforslb/final_image/final_sliced/20240802_C6B_03418.jpg
1231,C7B,2025,7/18/25,3.0,7/18/25,20250718_C7B_01231.jpg,0,/mnt/research-projects/j/jlgage/RawUAVData01/uavforslb/final_image/final_sliced/20250718_C7B_01231.jpg
6802,C10,2025,7/14/25,5.5,7/14/25,20250714_C10_06802.jpg,0,/mnt/research-projects/j/jlgage/RawUAVData01/uavforslb/final_image/final_sliced/20250714_C10_06802.jpg
2690,C7B,2025,7/8/25,8.5,7/7/25,20250707_C7B_02690.jpg,-1,/mnt/research-projects/j/jlgage/RawUAVData01/uavforslb/final_image/final_sliced/20250707_C7B_02690.jpg
1473,C6B,2024,7/19/24,7.5,7/18/24,20240718_C6B_01473.jpg,-1,/mnt/research-projects/j/jlgage/RawUAVData01/uavforslb/final_image/final_sliced/20240718_C6B_01473.jpg
4603,B7A,2024,7/15/24,8.0,7/16/24,20240716_B7A_04603.jpg,1,/mnt/research-projects/j/jlgage/RawUAVData01/uavforslb/final_image/final_sliced/20240716_B7A_04603.jpg
1042,C7B,2025,7/18/25,5.0,7/18/25,20250718_C7B_01042.jpg,0,/mnt/research-projects/j/jlgage/RawUAVData01/uavforslb/final_image/final_sliced/20250718_C7B_01042.jpg
5206,C10,2025,7/2/25,5.5,7/4/25,20250704_C10_05206.jpg,2,/mnt/research-projects/j/jlgage/RawUAVData01/uavforslb/final_image/final_sliced/20250704_C10_05206.jpg
357,C6B,2024,7/19/24,5.5,7/18/24,20240718_C6B_00357.jpg,-1,/mnt/research-projects/j/jlgage/RawUAVData01/uavforslb/final_image/final_sliced/20240718_C6B_00357.jpg
5523,C10,2025,7/11/25,4.0,7/11/25,20250711_C10_05523.jpg,0,/mnt/research-projects/j/jlgage/RawUAVData01/uavforslb/final_image/final_sliced/20250711_C10_05523.jpg
505,C7B,2025,7/18/25,4.0,7/18/25,20250718_C7B_00505.jpg,0,/mnt/research-projects/j/jlgage/RawUAVData01/uavforslb/final_image/final_sliced/20250718_C7B_00505.jpg
220,C6B,2024,7/19/24,8.5,7/18/24,20240718_C6B_00220.jpg,-1,/mnt/research-projects/j/jlgage/RawUAVData01/uavforslb/final_image/final_sliced/20240718_C6B_00220.jpg
2927,C6B,2024,7/30/24,2.0,8/2/24,20240802_C6B_02927.jpg,3,/mnt/research-projects/j/jlgage/RawUAVData01/uavforslb/final_image/final_sliced/20240802_C6B_02927.jpg
1956,C7B,2025,7/1/25,6.5,7/1/25,20250701_C7B_01956.jpg,0,/mnt/research-projects/j/jlgage/RawUAVData01/uavforslb/final_image/final_sliced/20250701_C7B_01956.jpg
4995,C10,2025,7/20/25,2.5,7/21/25,20250721_C10_04995.jpg,1,/mnt/research-projects/j/jlgage/RawUAVData01/uavforslb/final_image/final_sliced/20250721_C10_04995.jpg
61,C7B,2025,7/18/25,4.5,7/18/25,20250718_C7B_00061.jpg,0,/mnt/research-projects/j/jlgage/RawUAVData01/uavforslb/final_image/final_sliced/20250718_C7B_00061.jpg
84,C7B,2025,7/4/25,7.5,7/4/25,20250704_C7B_00084.jpg,0,/mnt/research-projects/j/jlgage/RawUAVData01/uavforslb/final_image/final_sliced/20250704_C7B_00084.jpg
6708,C10,2025,7/8/25,7.5,7/7/25,20250707_C10_06708.jpg,-1,/mnt/research-projects/j/jlgage/RawUAVData01/uavforslb/final_image/final_sliced/20250707_C10_06708.jpg
1982,C6B,2024,7/19/24,4.0,7/18/24,20240718_C6B_01982.jpg,-1,/mnt/research-projects/j/jlgage/RawUAVData01/uavforslb/final_image/final_sliced/20240718_C6B_01982.jpg
485,C6B,2024,7/19/24,8.0,7/18/24,20240718_C6B_00485.jpg,-1,/mnt/research-projects/j/jlgage/RawUAVData01/uavforslb/final_image/final_sliced/20240718_C6B_00485.jpg
354,C6B,2024,7/29/24,3.0,7/26/24,20240726_C6B_00354.jpg,-3,/mnt/research-projects/j/jlgage/RawUAVData01/uavforslb/final_image/final_sliced/20240726_C6B_00354.jpg
2722,C7B,2025,7/13/25,8.0,7/12/25,20250712_C7B_02722.jpg,-1,/mnt/research-projects/j/jlgage/RawUAVData01/uavforslb/final_image/final_sliced/20250712_C7B_02722.jpg
440,C7B,2025,7/10/25,5.0,7/10/25,20250710_C7B_00440.jpg,0,/mnt/research-projects/j/jlgage/RawUAVData01/uavforslb/final_image/final_sliced/20250710_C7B_00440.jpg
5530,C10,2025,7/2/25,5.0,7/4/25,20250704_C10_05530.jpg,2,/mnt/research-projects/j/jlgage/RawUAVData01/uavforslb/final_image/final_sliced/20250704_C10_05530.jpg
5724,C10,2025,7/11/25,3.0,7/11/25,20250711_C10_05724.jpg,0,/mnt/research-projects/j/jlgage/RawUAVData01/uavforslb/final_image/final_sliced/20250711_C10_05724.jpg
110,C7B,2025,6/30/25,7.0,7/1/25,20250701_C7B_00110.jpg,1,/mnt/research-projects/j/jlgage/RawUAVData01/uavforslb/final_image/final_sliced/20250701_C7B_00110.jpg
4955,C10,2025,7/2/25,6.0,7/4/25,20250704_C10_04955.jpg,2,/mnt/research-projects/j/jlgage/RawUAVData01/uavforslb/final_image/final_sliced/20250704_C10_04955.jpg
5830,C10,2025,7/8/25,7.5,7/7/25,20250707_C10_05830.jpg,-1,/mnt/research-projects/j/jlgage/RawUAVData01/uavforslb/final_image/final_sliced/20250707_C10_05830.jpg
1128,C7B,2025,7/1/25,6.0,7/1/25,20250701_C7B_01128.jpg,0,/mnt/research-projects/j/jlgage/RawUAVData01/uavforslb/final_image/final_sliced/20250701_C7B_01128.jpg
394,C7B,2025,6/30/25,6.0,7/1/25,20250701_C7B_00394.jpg,1,/mnt/research-projects/j/jlgage/RawUAVData01/uavforslb/final_image/final_sliced/20250701_C7B_00394.jpg
1582,C6B,2024,7/29/24,5.0,7/26/24,20240726_C6B_01582.jpg,-3,/mnt/research-projects/j/jlgage/RawUAVData01/uavforslb/final_image/final_sliced/20240726_C6B_01582.jpg
4629,C10,2025,7/2/25,5.5,7/4/25,20250704_C10_04629.jpg,2,/mnt/research-projects/j/jlgage/RawUAVData01/uavforslb/final_image/final_sliced/20250704_C10_04629.jpg
3697,C6B,2024,7/30/24,4.5,8/2/24,20240802_C6B_03697.jpg,3,/mnt/research-projects/j/jlgage/RawUAVData01/uavforslb/final_image/final_sliced/20240802_C6B_03697.jpg
5771,C10,2025,7/1/25,7.0,6/28/25,20250628_C10_05771.jpg,-3,/mnt/research-projects/j/jlgage/RawUAVData01/uavforslb/final_image/final_sliced/20250628_C10_05771.jpg
5030,C6B,2024,7/18/24,7.5,7/18/24,20240718_C6B_05030.jpg,0,/mnt/research-projects/j/jlgage/RawUAVData01/uavforslb/final_image/final_sliced/20240718_C6B_05030.jpg
4063,C10,2025,7/7/25,7.0,7/7/25,20250707_C10_04063.jpg,0,/mnt/research-projects/j/jlgage/RawUAVData01/uavforslb/final_image/final_sliced/20250707_C10_04063.jpg
2889,C6B,2024,7/30/24,3.5,8/2/24,20240802_C6B_02889.jpg,3,/mnt/research-projects/j/jlgage/RawUAVData01/uavforslb/final_image/final_sliced/20240802_C6B_02889.jpg
457,C6B,2024,7/29/24,4.0,7/26/24,20240726_C6B_00457.jpg,-3,/mnt/research-projects/j/jlgage/RawUAVData01/uavforslb/final_image/final_sliced/20240726_C6B_00457.jpg
4807,C10,2025,7/20/25,2.0,7/21/25,20250721_C10_04807.jpg,1,/mnt/research-projects/j/jlgage/RawUAVData01/uavforslb/final_image/final_sliced/20250721_C10_04807.jpg
5549,B7A,2024,7/27/24,2.0,7/27/24,20240727_B7A_05549.jpg,0,/mnt/research-projects/j/jlgage/RawUAVData01/uavforslb/final_image/final_sliced/20240727_B7A_05549.jpg
1801,C6B,2024,7/29/24,3.0,7/26/24,20240726_C6B_01801.jpg,-3,/mnt/research-projects/j/jlgage/RawUAVData01/uavforslb/final_image/final_sliced/20240726_C6B_01801.jpg
5944,C10,2025,7/19/25,3.0,7/18/25,20250718_C10_05944.jpg,-1,/mnt/research-projects/j/jlgage/RawUAVData01/uavforslb/final_image/final_sliced/20250718_C10_05944.jpg
3940,B7A,2024,7/30/24,2.0,7/27/24,20240727_B7A_03940.jpg,-3,/mnt/research-projects/j/jlgage/RawUAVData01/uavforslb/final_image/final_sliced/20240727_B7A_03940.jpg
3945,B7A,2024,7/30/24,1.5,7/27/24,20240727_B7A_03945.jpg,-3,/mnt/research-projects/j/jlgage/RawUAVData01/uavforslb/final_image/final_sliced/20240727_B7A_03945.jpg
6,C7B,2025,7/18/25,5.5,7/18/25,20250718_C7B_00006.jpg,0,/mnt/research-projects/j/jlgage/RawUAVData01/uavforslb/final_image/final_sliced/20250718_C7B_00006.jpg
3927,B7A,2024,7/30/24,4.0,7/27/24,20240727_B7A_03927.jpg,-3,/mnt/research-projects/j/jlgage/RawUAVData01/uavforslb/final_image/final_sliced/20240727_B7A_03927.jpg
105,C6B,2024,7/19/24,7.5,7/18/24,20240718_C6B_00105.jpg,-1,/mnt/research-projects/j/jlgage/RawUAVData01/uavforslb/final_image/final_sliced/20240718_C6B_00105.jpg
5044,C6B,2024,7/11/24,7.5,7/10/24,20240710_C6B_05044.jpg,-1,/mnt/research-projects/j/jlgage/RawUAVData01/uavforslb/final_image/final_sliced/20240710_C6B_05044.jpg
4026,C10,2025,7/11/25,6.5,7/11/25,20250711_C10_04026.jpg,0,/mnt/research-projects/j/jlgage/RawUAVData01/uavforslb/final_image/final_sliced/20250711_C10_04026.jpg
327,C6B,2024,7/19/24,7.0,7/18/24,20240718_C6B_00327.jpg,-1,/mnt/research-projects/j/jlgage/RawUAVData01/uavforslb/final_image/final_sliced/20240718_C6B_00327.jpg
5732,C10,2025,7/11/25,5.0,7/11/25,20250711_C10_05732.jpg,0,/mnt/research-projects/j/jlgage/RawUAVData01/uavforslb/final_image/final_sliced/20250711_C10_05732.jpg
3852,B7A,2024,7/15/24,8.0,7/16/24,20240716_B7A_03852.jpg,1,/mnt/research-projects/j/jlgage/RawUAVData01/uavforslb/final_image/final_sliced/20240716_B7A_03852.jpg
1894,C6B,2024,7/29/24,2.0,7/26/24,20240726_C6B_01894.jpg,-3,/mnt/research-projects/j/jlgage/RawUAVData01/uavforslb/final_image/final_sliced/20240726_C6B_01894.jpg
1863,C7B,2025,7/1/25,6.0,7/1/25,20250701_C7B_01863.jpg,0,/mnt/research-projects/j/jlgage/RawUAVData01/uavforslb/final_image/final_sliced/20250701_C7B_01863.jpg
5006,C10,2025,7/11/25,5.5,7/11/25,20250711_C10_05006.jpg,0,/mnt/research-projects/j/jlgage/RawUAVData01/uavforslb/final_image/final_sliced/20250711_C10_05006.jpg
4298,C10,2025,7/11/25,5.0,7/11/25,20250711_C10_04298.jpg,0,/mnt/research-projects/j/jlgage/RawUAVData01/uavforslb/final_image/final_sliced/20250711_C10_04298.jpg
4464,C10,2025,7/20/25,2.0,7/21/25,20250721_C10_04464.jpg,1,/mnt/research-projects/j/jlgage/RawUAVData01/uavforslb/final_image/final_sliced/20250721_C10_04464.jpg
4294,C10,2025,6/30/25,5.5,6/28/25,20250628_C10_04294.jpg,-2,/mnt/research-projects/j/jlgage/RawUAVData01/uavforslb/final_image/final_sliced/20250628_C10_04294.jpg
4417,C10,2025,6/30/25,7.0,6/28/25,20250628_C10_04417.jpg,-2,/mnt/research-projects/j/jlgage/RawUAVData01/uavforslb/final_image/final_sliced/20250628_C10_04417.jpg
3722,C6B,2024,7/30/24,4.5,8/2/24,20240802_C6B_03722.jpg,3,/mnt/research-projects/j/jlgage/RawUAVData01/uavforslb/final_image/final_sliced/20240802_C6B_03722.jpg
2004,C6B,2024,7/19/24,4.0,7/18/24,20240718_C6B_02004.jpg,-1,/mnt/research-projects/j/jlgage/RawUAVData01/uavforslb/final_image/final_sliced/20240718_C6B_02004.jpg
1558,C6B,2024,7/19/24,7.0,7/18/24,20240718_C6B_01558.jpg,-1,/mnt/research-projects/j/jlgage/RawUAVData01/uavforslb/final_image/final_sliced/20240718_C6B_01558.jpg
4093,C10,2025,7/7/25,7.0,7/7/25,20250707_C10_04093.jpg,0,/mnt/research-projects/j/jlgage/RawUAVData01/uavforslb/final_image/final_sliced/20250707_C10_04093.jpg
4786,C10,2025,7/2/25,7.0,7/4/25,20250704_C10_04786.jpg,2,/mnt/research-projects/j/jlgage/RawUAVData01/uavforslb/final_image/final_sliced/20250704_C10_04786.jpg
5554,B7A,2024,7/1/24,8.0,7/3/24,20240703_B7A_05554.jpg,2,/mnt/research-projects/j/jlgage/RawUAVData01/uavforslb/final_image/final_sliced/20240703_B7A_05554.jpg
6750,C10,2025,7/14/25,8.0,7/14/25,20250714_C10_06750.jpg,0,/mnt/research-projects/j/jlgage/RawUAVData01/uavforslb/final_image/final_sliced/20250714_C10_06750.jpg
1164,C6B,2024,7/29/24,4.0,7/26/24,20240726_C6B_01164.jpg,-3,/mnt/research-projects/j/jlgage/RawUAVData01/uavforslb/final_image/final_sliced/20240726_C6B_01164.jpg
1357,C7B,2025,7/18/25,3.0,7/18/25,20250718_C7B_01357.jpg,0,/mnt/research-projects/j/jlgage/RawUAVData01/uavforslb/final_image/final_sliced/20250718_C7B_01357.jpg
4309,B7A,2024,7/15/24,7.0,7/16/24,20240716_B7A_04309.jpg,1,/mnt/research-projects/j/jlgage/RawUAVData01/uavforslb/final_image/final_sliced/20240716_B7A_04309.jpg
1739,C6B,2024,7/19/24,8.5,7/18/24,20240718_C6B_01739.jpg,-1,/mnt/research-projects/j/jlgage/RawUAVData01/uavforslb/final_image/final_sliced/20240718_C6B_01739.jpg
4634,B7A,2024,7/15/24,5.0,7/16/24,20240716_B7A_04634.jpg,1,/mnt/research-projects/j/jlgage/RawUAVData01/uavforslb/final_image/final_sliced/20240716_B7A_04634.jpg
1222,C6B,2024,7/29/24,4.0,7/26/24,20240726_C6B_01222.jpg,-3,/mnt/research-projects/j/jlgage/RawUAVData01/uavforslb/final_image/final_sliced/20240726_C6B_01222.jpg
967,C6B,2024,7/19/24,7.0,7/18/24,20240718_C6B_00967.jpg,-1,/mnt/research-projects/j/jlgage/RawUAVData01/uavforslb/final_image/final_sliced/20240718_C6B_00967.jpg
2548,C6B,2024,7/1/24,8.0,7/3/24,20240703_C6B_02548.jpg,2,/mnt/research-projects/j/jlgage/RawUAVData01/uavforslb/final_image/final_sliced/20240703_C6B_02548.jpg
4656,B7A,2024,7/30/24,1.0,7/27/24,20240727_B7A_04656.jpg,-3,/mnt/research-projects/j/jlgage/RawUAVData01/uavforslb/final_image/final_sliced/20240727_B7A_04656.jpg
4016,C10,2025,7/11/25,6.0,7/11/25,20250711_C10_04016.jpg,0,/mnt/research-projects/j/jlgage/RawUAVData01/uavforslb/final_image/final_sliced/20250711_C10_04016.jpg
5178,C10,2025,7/2/25,6.0,7/4/25,20250704_C10_05178.jpg,2,/mnt/research-projects/j/jlgage/RawUAVData01/uavforslb/final_image/final_sliced/20250704_C10_05178.jpg
652,C6B,2024,7/19/24,5.5,7/18/24,20240718_C6B_00652.jpg,-1,/mnt/research-projects/j/jlgage/RawUAVData01/uavforslb/final_image/final_sliced/20240718_C6B_00652.jpg
1520,C6B,2024,7/19/24,7.0,7/18/24,20240718_C6B_01520.jpg,-1,/mnt/research-projects/j/jlgage/RawUAVData01/uavforslb/final_image/final_sliced/20240718_C6B_01520.jpg
4180,B7A,2024,7/30/24,2.0,7/27/24,20240727_B7A_04180.jpg,-3,/mnt/research-projects/j/jlgage/RawUAVData01/uavforslb/final_image/final_sliced/20240727_B7A_04180.jpg
5865,C10,2025,7/11/25,3.0,7/11/25,20250711_C10_05865.jpg,0,/mnt/research-projects/j/jlgage/RawUAVData01/uavforslb/final_image/final_sliced/20250711_C10_05865.jpg
4750,C10,2025,7/11/25,5.0,7/11/25,20250711_C10_04750.jpg,0,/mnt/research-projects/j/jlgage/RawUAVData01/uavforslb/final_image/final_sliced/20250711_C10_04750.jpg
4405,B7A,2024,7/30/24,1.5,7/27/24,20240727_B7A_04405.jpg,-3,/mnt/research-projects/j/jlgage/RawUAVData01/uavforslb/final_image/final_sliced/20240727_B7A_04405.jpg
2531,C6B,2024,7/11/24,9.0,7/10/24,20240710_C6B_02531.jpg,-1,/mnt/research-projects/j/jlgage/RawUAVData01/uavforslb/final_image/final_sliced/20240710_C6B_02531.jpg
3045,C6B,2024,7/30/24,1.5,8/2/24,20240802_C6B_03045.jpg,3,/mnt/research-projects/j/jlgage/RawUAVData01/uavforslb/final_image/final_sliced/20240802_C6B_03045.jpg
6851,C10,2025,7/18/25,3.5,7/18/25,20250718_C10_06851.jpg,0,/mnt/research-projects/j/jlgage/RawUAVData01/uavforslb/final_image/final_sliced/20250718_C10_06851.jpg
1575,C6B,2024,7/29/24,3.0,7/26/24,20240726_C6B_01575.jpg,-3,/mnt/research-projects/j/jlgage/RawUAVData01/uavforslb/final_image/final_sliced/20240726_C6B_01575.jpg
3954,B7A,2024,7/15/24,8.5,7/16/24,20240716_B7A_03954.jpg,1,/mnt/research-projects/j/jlgage/RawUAVData01/uavforslb/final_image/final_sliced/20240716_B7A_03954.jpg
115,C6B,2024,7/19/24,7.0,7/18/24,20240718_C6B_00115.jpg,-1,/mnt/research-projects/j/jlgage/RawUAVData01/uavforslb/final_image/final_sliced/20240718_C6B_00115.jpg
3307,C6B,2024,7/15/24,8.5,7/18/24,20240718_C6B_03307.jpg,3,/mnt/research-projects/j/jlgage/RawUAVData01/uavforslb/final_image/final_sliced/20240718_C6B_03307.jpg
373,C7B,2025,7/18/25,3.0,7/18/25,20250718_C7B_00373.jpg,0,/mnt/research-projects/j/jlgage/RawUAVData01/uavforslb/final_image/final_sliced/20250718_C7B_00373.jpg
3057,C6B,2024,7/30/24,1.5,8/2/24,20240802_C6B_03057.jpg,3,/mnt/research-projects/j/jlgage/RawUAVData01/uavforslb/final_image/final_sliced/20240802_C6B_03057.jpg
4500,B7A,2024,7/30/24,1.5,7/27/24,20240727_B7A_04500.jpg,-3,/mnt/research-projects/j/jlgage/RawUAVData01/uavforslb/final_image/final_sliced/20240727_B7A_04500.jpg
1128,C7B,2025,7/10/25,5.0,7/10/25,20250710_C7B_01128.jpg,0,/mnt/research-projects/j/jlgage/RawUAVData01/uavforslb/final_image/final_sliced/20250710_C7B_01128.jpg
1765,C6B,2024,7/29/24,4.5,7/26/24,20240726_C6B_01765.jpg,-3,/mnt/research-projects/j/jlgage/RawUAVData01/uavforslb/final_image/final_sliced/20240726_C6B_01765.jpg
3075,C6B,2024,7/30/24,1.5,8/2/24,20240802_C6B_03075.jpg,3,/mnt/research-projects/j/jlgage/RawUAVData01/uavforslb/final_image/final_sliced/20240802_C6B_03075.jpg
4226,B7A,2024,7/15/24,8.0,7/16/24,20240716_B7A_04226.jpg,1,/mnt/research-projects/j/jlgage/RawUAVData01/uavforslb/final_image/final_sliced/20240716_B7A_04226.jpg
880,C6B,2024,7/19/24,5.5,7/18/24,20240718_C6B_00880.jpg,-1,/mnt/research-projects/j/jlgage/RawUAVData01/uavforslb/final_image/final_sliced/20240718_C6B_00880.jpg
1423,C7B,2025,7/10/25,6.0,7/10/25,20250710_C7B_01423.jpg,0,/mnt/research-projects/j/jlgage/RawUAVData01/uavforslb/final_image/final_sliced/20250710_C7B_01423.jpg
335,C7B,2025,7/4/25,6.0,7/4/25,20250704_C7B_00335.jpg,0,/mnt/research-projects/j/jlgage/RawUAVData01/uavforslb/final_image/final_sliced/20250704_C7B_00335.jpg
317,C7B,2025,6/30/25,7.0,7/1/25,20250701_C7B_00317.jpg,1,/mnt/research-projects/j/jlgage/RawUAVData01/uavforslb/final_image/final_sliced/20250701_C7B_00317.jpg
1759,C7B,2025,7/10/25,7.0,7/10/25,20250710_C7B_01759.jpg,0,/mnt/research-projects/j/jlgage/RawUAVData01/uavforslb/final_image/final_sliced/20250710_C7B_01759.jpg
351,C7B,2025,7/18/25,3.0,7/18/25,20250718_C7B_00351.jpg,0,/mnt/research-projects/j/jlgage/RawUAVData01/uavforslb/final_image/final_sliced/20250718_C7B_00351.jpg
711,C6B,2024,7/19/24,8.5,7/18/24,20240718_C6B_00711.jpg,-1,/mnt/research-projects/j/jlgage/RawUAVData01/uavforslb/final_image/final_sliced/20240718_C6B_00711.jpg
3022,C6B,2024,7/15/24,7.0,7/18/24,20240718_C6B_03022.jpg,3,/mnt/research-projects/j/jlgage/RawUAVData01/uavforslb/final_image/final_sliced/20240718_C6B_03022.jpg
1203,C6B,2024,7/29/24,5.0,7/26/24,20240726_C6B_01203.jpg,-3,/mnt/research-projects/j/jlgage/RawUAVData01/uavforslb/final_image/final_sliced/20240726_C6B_01203.jpg
5023,C6B,2024,7/1/24,8.0,7/3/24,20240703_C6B_05023.jpg,2,/mnt/research-projects/j/jlgage/RawUAVData01/uavforslb/final_image/final_sliced/20240703_C6B_05023.jpg
1548,C6B,2024,7/19/24,8.0,7/18/24,20240718_C6B_01548.jpg,-1,/mnt/research-projects/j/jlgage/RawUAVData01/uavforslb/final_image/final_sliced/20240718_C6B_01548.jpg
3839,B7A,2024,7/15/24,7.0,7/16/24,20240716_B7A_03839.jpg,1,/mnt/research-projects/j/jlgage/RawUAVData01/uavforslb/final_image/final_sliced/20240716_B7A_03839.jpg
4871,C10,2025,7/11/25,3.0,7/11/25,20250711_C10_04871.jpg,0,/mnt/research-projects/j/jlgage/RawUAVData01/uavforslb/final_image/final_sliced/20250711_C10_04871.jpg
1387,C7B,2025,7/1/25,6.0,7/1/25,20250701_C7B_01387.jpg,0,/mnt/research-projects/j/jlgage/RawUAVData01/uavforslb/final_image/final_sliced/20250701_C7B_01387.jpg
4350,C10,2025,7/11/25,4.0,7/11/25,20250711_C10_04350.jpg,0,/mnt/research-projects/j/jlgage/RawUAVData01/uavforslb/final_image/final_sliced/20250711_C10_04350.jpg
4936,C10,2025,7/2/25,7.5,7/4/25,20250704_C10_04936.jpg,2,/mnt/research-projects/j/jlgage/RawUAVData01/uavforslb/final_image/final_sliced/20250704_C10_04936.jpg
708,C7B,2025,7/18/25,3.0,7/18/25,20250718_C7B_00708.jpg,0,/mnt/research-projects/j/jlgage/RawUAVData01/uavforslb/final_image/final_sliced/20250718_C7B_00708.jpg
2717,C7B,2025,7/18/25,7.5,7/18/25,20250718_C7B_02717.jpg,0,/mnt/research-projects/j/jlgage/RawUAVData01/uavforslb/final_image/final_sliced/20250718_C7B_02717.jpg
1400,C7B,2025,7/1/25,6.0,7/1/25,20250701_C7B_01400.jpg,0,/mnt/research-projects/j/jlgage/RawUAVData01/uavforslb/final_image/final_sliced/20250701_C7B_01400.jpg
3531,C6B,2024,7/15/24,8.5,7/18/24,20240718_C6B_03531.jpg,3,/mnt/research-projects/j/jlgage/RawUAVData01/uavforslb/final_image/final_sliced/20240718_C6B_03531.jpg
1754,C7B,2025,7/1/25,7.5,7/1/25,20250701_C7B_01754.jpg,0,/mnt/research-projects/j/jlgage/RawUAVData01/uavforslb/final_image/final_sliced/20250701_C7B_01754.jpg
597,C6B,2024,7/29/24,4.0,7/26/24,20240726_C6B_00597.jpg,-3,/mnt/research-projects/j/jlgage/RawUAVData01/uavforslb/final_image/final_sliced/20240726_C6B_00597.jpg
1873,C6B,2024,7/29/24,1.5,7/26/24,20240726_C6B_01873.jpg,-3,/mnt/research-projects/j/jlgage/RawUAVData01/uavforslb/final_image/final_sliced/20240726_C6B_01873.jpg
5370,C10,2025,7/20/25,2.0,7/21/25,20250721_C10_05370.jpg,1,/mnt/research-projects/j/jlgage/RawUAVData01/uavforslb/final_image/final_sliced/20250721_C10_05370.jpg
5540,B7A,2024,7/11/24,7.5,7/10/24,20240710_B7A_05540.jpg,-1,/mnt/research-projects/j/jlgage/RawUAVData01/uavforslb/final_image/final_sliced/20240710_B7A_05540.jpg
4204,C10,2025,7/7/25,5.5,7/7/25,20250707_C10_04204.jpg,0,/mnt/research-projects/j/jlgage/RawUAVData01/uavforslb/final_image/final_sliced/20250707_C10_04204.jpg
4631,B7A,2024,7/30/24,3.0,7/27/24,20240727_B7A_04631.jpg,-3,/mnt/research-projects/j/jlgage/RawUAVData01/uavforslb/final_image/final_sliced/20240727_B7A_04631.jpg
946,C6B,2024,7/29/24,4.0,7/26/24,20240726_C6B_00946.jpg,-3,/mnt/research-projects/j/jlgage/RawUAVData01/uavforslb/final_image/final_sliced/20240726_C6B_00946.jpg
4283,B7A,2024,7/30/24,1.5,7/27/24,20240727_B7A_04283.jpg,-3,/mnt/research-projects/j/jlgage/RawUAVData01/uavforslb/final_image/final_sliced/20240727_B7A_04283.jpg
4573,B7A,2024,7/15/24,8.0,7/16/24,20240716_B7A_04573.jpg,1,/mnt/research-projects/j/jlgage/RawUAVData01/uavforslb/final_image/final_sliced/20240716_B7A_04573.jpg
1876,C6B,2024,7/19/24,5.0,7/18/24,20240718_C6B_01876.jpg,-1,/mnt/research-projects/j/jlgage/RawUAVData01/uavforslb/final_image/final_sliced/20240718_C6B_01876.jpg
2512,C6B,2024,7/27/24,3.5,7/26/24,20240726_C6B_02512.jpg,-1,/mnt/research-projects/j/jlgage/RawUAVData01/uavforslb/final_image/final_sliced/20240726_C6B_02512.jpg
6830,C10,2025,7/3/25,7.5,7/4/25,20250704_C10_06830.jpg,1,/mnt/research-projects/j/jlgage/RawUAVData01/uavforslb/final_image/final_sliced/20250704_C10_06830.jpg
787,C7B,2025,7/10/25,6.0,7/10/25,20250710_C7B_00787.jpg,0,/mnt/research-projects/j/jlgage/RawUAVData01/uavforslb/final_image/final_sliced/20250710_C7B_00787.jpg
187,C7B,2025,7/18/25,4.0,7/18/25,20250718_C7B_00187.jpg,0,/mnt/research-projects/j/jlgage/RawUAVData01/uavforslb/final_image/final_sliced/20250718_C7B_00187.jpg
2,C7B,2025,6/30/25,8.0,7/1/25,20250701_C7B_00002.jpg,1,/mnt/research-projects/j/jlgage/RawUAVData01/uavforslb/final_image/final_sliced/20250701_C7B_00002.jpg
3727,C6B,2024,7/30/24,2.0,8/2/24,20240802_C6B_03727.jpg,3,/mnt/research-projects/j/jlgage/RawUAVData01/uavforslb/final_image/final_sliced/20240802_C6B_03727.jpg
1474,C6B,2024,7/19/24,8.0,7/18/24,20240718_C6B_01474.jpg,-1,/mnt/research-projects/j/jlgage/RawUAVData01/uavforslb/final_image/final_sliced/20240718_C6B_01474.jpg
727,C7B,2025,7/10/25,4.0,7/10/25,20250710_C7B_00727.jpg,0,/mnt/research-projects/j/jlgage/RawUAVData01/uavforslb/final_image/final_sliced/20250710_C7B_00727.jpg
3743,C6B,2024,7/30/24,1.5,8/2/24,20240802_C6B_03743.jpg,3,/mnt/research-projects/j/jlgage/RawUAVData01/uavforslb/final_image/final_sliced/20240802_C6B_03743.jpg
4530,B7A,2024,7/30/24,2.5,7/27/24,20240727_B7A_04530.jpg,-3,/mnt/research-projects/j/jlgage/RawUAVData01/uavforslb/final_image/final_sliced/20240727_B7A_04530.jpg
4207,C10,2025,6/30/25,6.5,6/28/25,20250628_C10_04207.jpg,-2,/mnt/research-projects/j/jlgage/RawUAVData01/uavforslb/final_image/final_sliced/20250628_C10_04207.jpg
842,C7B,2025,7/1/25,7.5,7/1/25,20250701_C7B_00842.jpg,0,/mnt/research-projects/j/jlgage/RawUAVData01/uavforslb/final_image/final_sliced/20250701_C7B_00842.jpg
4622,B7A,2024,7/30/24,1.5,7/27/24,20240727_B7A_04622.jpg,-3,/mnt/research-projects/j/jlgage/RawUAVData01/uavforslb/final_image/final_sliced/20240727_B7A_04622.jpg
5953,C10,2025,7/2/25,4.5,7/4/25,20250704_C10_05953.jpg,2,/mnt/research-projects/j/jlgage/RawUAVData01/uavforslb/final_image/final_sliced/20250704_C10_05953.jpg
2820,C7B,2025,7/13/25,4.5,7/12/25,20250712_C7B_02820.jpg,-1,/mnt/research-projects/j/jlgage/RawUAVData01/uavforslb/final_image/final_sliced/20250712_C7B_02820.jpg
5315,C10,2025,7/20/25,2.0,7/21/25,20250721_C10_05315.jpg,1,/mnt/research-projects/j/jlgage/RawUAVData01/uavforslb/final_image/final_sliced/20250721_C10_05315.jpg
4531,B7A,2024,7/30/24,1.5,7/27/24,20240727_B7A_04531.jpg,-3,/mnt/research-projects/j/jlgage/RawUAVData01/uavforslb/final_image/final_sliced/20240727_B7A_04531.jpg
4110,B7A,2024,7/30/24,2.0,7/27/24,20240727_B7A_04110.jpg,-3,/mnt/research-projects/j/jlgage/RawUAVData01/uavforslb/final_image/final_sliced/20240727_B7A_04110.jpg
1596,C7B,2025,7/18/25,3.0,7/18/25,20250718_C7B_01596.jpg,0,/mnt/research-projects/j/jlgage/RawUAVData01/uavforslb/final_image/final_sliced/20250718_C7B_01596.jpg
3981,B7A,2024,7/30/24,4.0,7/27/24,20240727_B7A_03981.jpg,-3,/mnt/research-projects/j/jlgage/RawUAVData01/uavforslb/final_image/final_sliced/20240727_B7A_03981.jpg
3772,C6B,2024,7/30/24,1.5,8/2/24,20240802_C6B_03772.jpg,3,/mnt/research-projects/j/jlgage/RawUAVData01/uavforslb/final_image/final_sliced/20240802_C6B_03772.jpg
2556,C6B,2024,7/11/24,8.0,7/10/24,20240710_C6B_02556.jpg,-1,/mnt/research-projects/j/jlgage/RawUAVData01/uavforslb/final_image/final_sliced/20240710_C6B_02556.jpg
5828,C10,2025,7/1/25,7.0,6/28/25,20250628_C10_05828.jpg,-3,/mnt/research-projects/j/jlgage/RawUAVData01/uavforslb/final_image/final_sliced/20250628_C10_05828.jpg
41,C7B,2025,7/18/25,8.5,7/18/25,20250718_C7B_00041.jpg,0,/mnt/research-projects/j/jlgage/RawUAVData01/uavforslb/final_image/final_sliced/20250718_C7B_00041.jpg
893,C6B,2024,7/19/24,7.5,7/18/24,20240718_C6B_00893.jpg,-1,/mnt/research-projects/j/jlgage/RawUAVData01/uavforslb/final_image/final_sliced/20240718_C6B_00893.jpg
4181,C10,2025,7/19/25,3.0,7/18/25,20250718_C10_04181.jpg,-1,/mnt/research-projects/j/jlgage/RawUAVData01/uavforslb/final_image/final_sliced/20250718_C10_04181.jpg
4472,B7A,2024,7/15/24,7.5,7/16/24,20240716_B7A_04472.jpg,1,/mnt/research-projects/j/jlgage/RawUAVData01/uavforslb/final_image/final_sliced/20240716_B7A_04472.jpg
1428,C7B,2025,7/18/25,5.5,7/18/25,20250718_C7B_01428.jpg,0,/mnt/research-projects/j/jlgage/RawUAVData01/uavforslb/final_image/final_sliced/20250718_C7B_01428.jpg
4086,B7A,2024,7/15/24,8.5,7/16/24,20240716_B7A_04086.jpg,1,/mnt/research-projects/j/jlgage/RawUAVData01/uavforslb/final_image/final_sliced/20240716_B7A_04086.jpg
1312,C6B,2024,7/19/24,7.0,7/18/24,20240718_C6B_01312.jpg,-1,/mnt/research-projects/j/jlgage/RawUAVData01/uavforslb/final_image/final_sliced/20240718_C6B_01312.jpg
1810,C7B,2025,7/7/25,5.0,7/7/25,20250707_C7B_01810.jpg,0,/mnt/research-projects/j/jlgage/RawUAVData01/uavforslb/final_image/final_sliced/20250707_C7B_01810.jpg
4256,C10,2025,7/19/25,1.5,7/18/25,20250718_C10_04256.jpg,-1,/mnt/research-projects/j/jlgage/RawUAVData01/uavforslb/final_image/final_sliced/20250718_C10_04256.jpg
1594,C7B,2025,7/10/25,5.0,7/10/25,20250710_C7B_01594.jpg,0,/mnt/research-projects/j/jlgage/RawUAVData01/uavforslb/final_image/final_sliced/20250710_C7B_01594.jpg
3866,B7A,2024,7/30/24,3.0,7/27/24,20240727_B7A_03866.jpg,-3,/mnt/research-projects/j/jlgage/RawUAVData01/uavforslb/final_image/final_sliced/20240727_B7A_03866.jpg
3169,C6B,2024,7/30/24,3.0,8/2/24,20240802_C6B_03169.jpg,3,/mnt/research-projects/j/jlgage/RawUAVData01/uavforslb/final_image/final_sliced/20240802_C6B_03169.jpg
4954,C10,2025,7/2/25,7.0,7/4/25,20250704_C10_04954.jpg,2,/mnt/research-projects/j/jlgage/RawUAVData01/uavforslb/final_image/final_sliced/20250704_C10_04954.jpg
550,C7B,2025,7/18/25,4.0,7/18/25,20250718_C7B_00550.jpg,0,/mnt/research-projects/j/jlgage/RawUAVData01/uavforslb/final_image/final_sliced/20250718_C7B_00550.jpg
5937,C10,2025,7/11/25,7.5,7/11/25,20250711_C10_05937.jpg,0,/mnt/research-projects/j/jlgage/RawUAVData01/uavforslb/final_image/final_sliced/20250711_C10_05937.jpg
1222,C6B,2024,7/19/24,8.0,7/18/24,20240718_C6B_01222.jpg,-1,/mnt/research-projects/j/jlgage/RawUAVData01/uavforslb/final_image/final_sliced/20240718_C6B_01222.jpg
4216,C10,2025,6/30/25,6.0,6/28/25,20250628_C10_04216.jpg,-2,/mnt/research-projects/j/jlgage/RawUAVData01/uavforslb/final_image/final_sliced/20250628_C10_04216.jpg
4465,B7A,2024,7/30/24,1.5,7/27/24,20240727_B7A_04465.jpg,-3,/mnt/research-projects/j/jlgage/RawUAVData01/uavforslb/final_image/final_sliced/20240727_B7A_04465.jpg
5598,C10,2025,7/2/25,7.5,7/4/25,20250704_C10_05598.jpg,2,/mnt/research-projects/j/jlgage/RawUAVData01/uavforslb/final_image/final_sliced/20250704_C10_05598.jpg
5532,B7A,2024,7/11/24,8.0,7/10/24,20240710_B7A_05532.jpg,-1,/mnt/research-projects/j/jlgage/RawUAVData01/uavforslb/final_image/final_sliced/20240710_B7A_05532.jpg
557,C6B,2024,7/19/24,8.5,7/18/24,20240718_C6B_00557.jpg,-1,/mnt/research-projects/j/jlgage/RawUAVData01/uavforslb/final_image/final_sliced/20240718_C6B_00557.jpg
4722,C10,2025,7/2/25,5.5,7/4/25,20250704_C10_04722.jpg,2,/mnt/research-projects/j/jlgage/RawUAVData01/uavforslb/final_image/final_sliced/20250704_C10_04722.jpg
5684,C10,2025,7/11/25,5.0,7/11/25,20250711_C10_05684.jpg,0,/mnt/research-projects/j/jlgage/RawUAVData01/uavforslb/final_image/final_sliced/20250711_C10_05684.jpg
3763,C6B,2024,7/15/24,7.0,7/18/24,20240718_C6B_03763.jpg,3,/mnt/research-projects/j/jlgage/RawUAVData01/uavforslb/final_image/final_sliced/20240718_C6B_03763.jpg
4609,C10,2025,7/20/25,2.0,7/21/25,20250721_C10_04609.jpg,1,/mnt/research-projects/j/jlgage/RawUAVData01/uavforslb/final_image/final_sliced/20250721_C10_04609.jpg
1998,C7B,2025,7/7/25,5.5,7/7/25,20250707_C7B_01998.jpg,0,/mnt/research-projects/j/jlgage/RawUAVData01/uavforslb/final_image/final_sliced/20250707_C7B_01998.jpg
664,C6B,2024,7/29/24,4.0,7/26/24,20240726_C6B_00664.jpg,-3,/mnt/research-projects/j/jlgage/RawUAVData01/uavforslb/final_image/final_sliced/20240726_C6B_00664.jpg
1452,C6B,2024,7/29/24,5.0,7/26/24,20240726_C6B_01452.jpg,-3,/mnt/research-projects/j/jlgage/RawUAVData01/uavforslb/final_image/final_sliced/20240726_C6B_01452.jpg
2002,C7B,2025,7/19/25,6.0,7/18/25,20250718_C7B_02002.jpg,-1,/mnt/research-projects/j/jlgage/RawUAVData01/uavforslb/final_image/final_sliced/20250718_C7B_02002.jpg
2005,C7B,2025,7/7/25,5.5,7/7/25,20250707_C7B_02005.jpg,0,/mnt/research-projects/j/jlgage/RawUAVData01/uavforslb/final_image/final_sliced/20250707_C7B_02005.jpg
907,C7B,2025,7/10/25,5.0,7/10/25,20250710_C7B_00907.jpg,0,/mnt/research-projects/j/jlgage/RawUAVData01/uavforslb/final_image/final_sliced/20250710_C7B_00907.jpg
313,C6B,2024,7/19/24,8.0,7/18/24,20240718_C6B_00313.jpg,-1,/mnt/research-projects/j/jlgage/RawUAVData01/uavforslb/final_image/final_sliced/20240718_C6B_00313.jpg
697,C6B,2024,7/29/24,4.0,7/26/24,20240726_C6B_00697.jpg,-3,/mnt/research-projects/j/jlgage/RawUAVData01/uavforslb/final_image/final_sliced/20240726_C6B_00697.jpg
1938,C7B,2025,7/10/25,6.5,7/10/25,20250710_C7B_01938.jpg,0,/mnt/research-projects/j/jlgage/RawUAVData01/uavforslb/final_image/final_sliced/20250710_C7B_01938.jpg
2546,C6B,2024,7/27/24,6.0,7/26/24,20240726_C6B_02546.jpg,-1,/mnt/research-projects/j/jlgage/RawUAVData01/uavforslb/final_image/final_sliced/20240726_C6B_02546.jpg
4955,C10,2025,7/11/25,4.0,7/11/25,20250711_C10_04955.jpg,0,/mnt/research-projects/j/jlgage/RawUAVData01/uavforslb/final_image/final_sliced/20250711_C10_04955.jpg
4422,B7A,2024,7/30/24,8.0,7/27/24,20240727_B7A_04422.jpg,-3,/mnt/research-projects/j/jlgage/RawUAVData01/uavforslb/final_image/final_sliced/20240727_B7A_04422.jpg
5299,C10,2025,7/20/25,2.5,7/21/25,20250721_C10_05299.jpg,1,/mnt/research-projects/j/jlgage/RawUAVData01/uavforslb/final_image/final_sliced/20250721_C10_05299.jpg
6805,C10,2025,7/14/25,7.5,7/14/25,20250714_C10_06805.jpg,0,/mnt/research-projects/j/jlgage/RawUAVData01/uavforslb/final_image/final_sliced/20250714_C10_06805.jpg
1272,C6B,2024,7/29/24,5.0,7/26/24,20240726_C6B_01272.jpg,-3,/mnt/research-projects/j/jlgage/RawUAVData01/uavforslb/final_image/final_sliced/20240726_C6B_01272.jpg
2553,C6B,2024,7/27/24,3.0,7/26/24,20240726_C6B_02553.jpg,-1,/mnt/research-projects/j/jlgage/RawUAVData01/uavforslb/final_image/final_sliced/20240726_C6B_02553.jpg
1514,C6B,2024,7/19/24,8.5,7/18/24,20240718_C6B_01514.jpg,-1,/mnt/research-projects/j/jlgage/RawUAVData01/uavforslb/final_image/final_sliced/20240718_C6B_01514.jpg
2762,C6B,2024,7/15/24,8.0,7/18/24,20240718_C6B_02762.jpg,3,/mnt/research-projects/j/jlgage/RawUAVData01/uavforslb/final_image/final_sliced/20240718_C6B_02762.jpg
1382,C7B,2025,7/10/25,3.5,7/10/25,20250710_C7B_01382.jpg,0,/mnt/research-projects/j/jlgage/RawUAVData01/uavforslb/final_image/final_sliced/20250710_C7B_01382.jpg
4471,B7A,2024,7/15/24,8.0,7/16/24,20240716_B7A_04471.jpg,1,/mnt/research-projects/j/jlgage/RawUAVData01/uavforslb/final_image/final_sliced/20240716_B7A_04471.jpg
559,C6B,2024,7/29/24,5.0,7/26/24,20240726_C6B_00559.jpg,-3,/mnt/research-projects/j/jlgage/RawUAVData01/uavforslb/final_image/final_sliced/20240726_C6B_00559.jpg
1421,C6B,2024,7/19/24,7.5,7/18/24,20240718_C6B_01421.jpg,-1,/mnt/research-projects/j/jlgage/RawUAVData01/uavforslb/final_image/final_sliced/20240718_C6B_01421.jpg
6005,C10,2025,7/11/25,5.0,7/11/25,20250711_C10_06005.jpg,0,/mnt/research-projects/j/jlgage/RawUAVData01/uavforslb/final_image/final_sliced/20250711_C10_06005.jpg
2014,C6B,2024,7/19/24,6.0,7/18/24,20240718_C6B_02014.jpg,-1,/mnt/research-projects/j/jlgage/RawUAVData01/uavforslb/final_image/final_sliced/20240718_C6B_02014.jpg
484,C6B,2024,7/19/24,6.5,7/18/24,20240718_C6B_00484.jpg,-1,/mnt/research-projects/j/jlgage/RawUAVData01/uavforslb/final_image/final_sliced/20240718_C6B_00484.jpg
1646,C6B,2024,7/19/24,8.0,7/18/24,20240718_C6B_01646.jpg,-1,/mnt/research-projects/j/jlgage/RawUAVData01/uavforslb/final_image/final_sliced/20240718_C6B_01646.jpg
6818,C10,2025,7/8/25,7.5,7/7/25,20250707_C10_06818.jpg,-1,/mnt/research-projects/j/jlgage/RawUAVData01/uavforslb/final_image/final_sliced/20250707_C10_06818.jpg
4059,B7A,2024,7/30/24,1.5,7/27/24,20240727_B7A_04059.jpg,-3,/mnt/research-projects/j/jlgage/RawUAVData01/uavforslb/final_image/final_sliced/20240727_B7A_04059.jpg
601,C7B,2025,7/18/25,6.0,7/18/25,20250718_C7B_00601.jpg,0,/mnt/research-projects/j/jlgage/RawUAVData01/uavforslb/final_image/final_sliced/20250718_C7B_00601.jpg
3927,B7A,2024,7/15/24,8.5,7/16/24,20240716_B7A_03927.jpg,1,/mnt/research-projects/j/jlgage/RawUAVData01/uavforslb/final_image/final_sliced/20240716_B7A_03927.jpg
5986,C10,2025,7/8/25,4.0,7/7/25,20250707_C10_05986.jpg,-1,/mnt/research-projects/j/jlgage/RawUAVData01/uavforslb/final_image/final_sliced/20250707_C10_05986.jpg
2545,C6B,2024,7/11/24,7.0,7/10/24,20240710_C6B_02545.jpg,-1,/mnt/research-projects/j/jlgage/RawUAVData01/uavforslb/final_image/final_sliced/20240710_C6B_02545.jpg
1382,C6B,2024,7/19/24,4.0,7/18/24,20240718_C6B_01382.jpg,-1,/mnt/research-projects/j/jlgage/RawUAVData01/uavforslb/final_image/final_sliced/20240718_C6B_01382.jpg
4648,B7A,2024,7/30/24,4.0,7/27/24,20240727_B7A_04648.jpg,-3,/mnt/research-projects/j/jlgage/RawUAVData01/uavforslb/final_image/final_sliced/20240727_B7A_04648.jpg
4602,C10,2025,7/20/25,2.5,7/21/25,20250721_C10_04602.jpg,1,/mnt/research-projects/j/jlgage/RawUAVData01/uavforslb/final_image/final_sliced/20250721_C10_04602.jpg
3886,B7A,2024,7/30/24,4.0,7/27/24,20240727_B7A_03886.jpg,-3,/mnt/research-projects/j/jlgage/RawUAVData01/uavforslb/final_image/final_sliced/20240727_B7A_03886.jpg
3077,C6B,2024,7/15/24,8.0,7/18/24,20240718_C6B_03077.jpg,3,/mnt/research-projects/j/jlgage/RawUAVData01/uavforslb/final_image/final_sliced/20240718_C6B_03077.jpg
5065,C6B,2024,7/27/24,4.0,7/26/24,20240726_C6B_05065.jpg,-1,/mnt/research-projects/j/jlgage/RawUAVData01/uavforslb/final_image/final_sliced/20240726_C6B_05065.jpg
2657,C7B,2025,7/13/25,8.0,7/12/25,20250712_C7B_02657.jpg,-1,/mnt/research-projects/j/jlgage/RawUAVData01/uavforslb/final_image/final_sliced/20250712_C7B_02657.jpg
5170,C10,2025,7/20/25,3.0,7/21/25,20250721_C10_05170.jpg,1,/mnt/research-projects/j/jlgage/RawUAVData01/uavforslb/final_image/final_sliced/20250721_C10_05170.jpg
1609,C7B,2025,7/10/25,4.0,7/10/25,20250710_C7B_01609.jpg,0,/mnt/research-projects/j/jlgage/RawUAVData01/uavforslb/final_image/final_sliced/20250710_C7B_01609.jpg
6736,C10,2025,7/8/25,8.0,7/7/25,20250707_C10_06736.jpg,-1,/mnt/research-projects/j/jlgage/RawUAVData01/uavforslb/final_image/final_sliced/20250707_C10_06736.jpg
3465,C6B,2024,7/15/24,8.5,7/18/24,20240718_C6B_03465.jpg,3,/mnt/research-projects/j/jlgage/RawUAVData01/uavforslb/final_image/final_sliced/20240718_C6B_03465.jpg
5003,C6B,2024,7/11/24,8.0,7/10/24,20240710_C6B_05003.jpg,-1,/mnt/research-projects/j/jlgage/RawUAVData01/uavforslb/final_image/final_sliced/20240710_C6B_05003.jpg
554,C6B,2024,7/29/24,6.0,7/26/24,20240726_C6B_00554.jpg,-3,/mnt/research-projects/j/jlgage/RawUAVData01/uavforslb/final_image/final_sliced/20240726_C6B_00554.jpg
1427,C7B,2025,7/1/25,5.5,7/1/25,20250701_C7B_01427.jpg,0,/mnt/research-projects/j/jlgage/RawUAVData01/uavforslb/final_image/final_sliced/20250701_C7B_01427.jpg
4068,C10,2025,7/11/25,7.5,7/11/25,20250711_C10_04068.jpg,0,/mnt/research-projects/j/jlgage/RawUAVData01/uavforslb/final_image/final_sliced/20250711_C10_04068.jpg
5045,C10,2025,7/2/25,5.0,7/4/25,20250704_C10_05045.jpg,2,/mnt/research-projects/j/jlgage/RawUAVData01/uavforslb/final_image/final_sliced/20250704_C10_05045.jpg
4591,B7A,2024,7/15/24,8.0,7/16/24,20240716_B7A_04591.jpg,1,/mnt/research-projects/j/jlgage/RawUAVData01/uavforslb/final_image/final_sliced/20240716_B7A_04591.jpg
2644,C7B,2025,7/18/25,7.0,7/18/25,20250718_C7B_02644.jpg,0,/mnt/research-projects/j/jlgage/RawUAVData01/uavforslb/final_image/final_sliced/20250718_C7B_02644.jpg
1397,C7B,2025,7/10/25,5.0,7/10/25,20250710_C7B_01397.jpg,0,/mnt/research-projects/j/jlgage/RawUAVData01/uavforslb/final_image/final_sliced/20250710_C7B_01397.jpg
2118,C6B,2024,7/19/24,8.5,7/18/24,20240718_C6B_02118.jpg,-1,/mnt/research-projects/j/jlgage/RawUAVData01/uavforslb/final_image/final_sliced/20240718_C6B_02118.jpg
1790,C6B,2024,7/19/24,6.0,7/18/24,20240718_C6B_01790.jpg,-1,/mnt/research-projects/j/jlgage/RawUAVData01/uavforslb/final_image/final_sliced/20240718_C6B_01790.jpg
907,C6B,2024,7/19/24,8.5,7/18/24,20240718_C6B_00907.jpg,-1,/mnt/research-projects/j/jlgage/RawUAVData01/uavforslb/final_image/final_sliced/20240718_C6B_00907.jpg
100,C7B,2025,7/10/25,6.0,7/10/25,20250710_C7B_00100.jpg,0,/mnt/research-projects/j/jlgage/RawUAVData01/uavforslb/final_image/final_sliced/20250710_C7B_00100.jpg
1455,C6B,2024,7/19/24,4.5,7/18/24,20240718_C6B_01455.jpg,-1,/mnt/research-projects/j/jlgage/RawUAVData01/uavforslb/final_image/final_sliced/20240718_C6B_01455.jpg
22,C7B,2025,7/11/25,7.0,7/10/25,20250710_C7B_00022.jpg,-1,/mnt/research-projects/j/jlgage/RawUAVData01/uavforslb/final_image/final_sliced/20250710_C7B_00022.jpg
116,C6B,2024,7/19/24,7.5,7/18/24,20240718_C6B_00116.jpg,-1,/mnt/research-projects/j/jlgage/RawUAVData01/uavforslb/final_image/final_sliced/20240718_C6B_00116.jpg
2565,C6B,2024,7/27/24,2.5,7/26/24,20240726_C6B_02565.jpg,-1,/mnt/research-projects/j/jlgage/RawUAVData01/uavforslb/final_image/final_sliced/20240726_C6B_02565.jpg
5290,C10,2025,7/20/25,1.5,7/21/25,20250721_C10_05290.jpg,1,/mnt/research-projects/j/jlgage/RawUAVData01/uavforslb/final_image/final_sliced/20250721_C10_05290.jpg
3115,C6B,2024,7/30/24,3.5,8/2/24,20240802_C6B_03115.jpg,3,/mnt/research-projects/j/jlgage/RawUAVData01/uavforslb/final_image/final_sliced/20240802_C6B_03115.jpg
1972,C7B,2025,7/19/25,5.0,7/18/25,20250718_C7B_01972.jpg,-1,/mnt/research-projects/j/jlgage/RawUAVData01/uavforslb/final_image/final_sliced/20250718_C7B_01972.jpg
3134,C6B,2024,7/30/24,1.5,8/2/24,20240802_C6B_03134.jpg,3,/mnt/research-projects/j/jlgage/RawUAVData01/uavforslb/final_image/final_sliced/20240802_C6B_03134.jpg
2810,C7B,2025,6/30/25,8.0,7/1/25,20250701_C7B_02810.jpg,1,/mnt/research-projects/j/jlgage/RawUAVData01/uavforslb/final_image/final_sliced/20250701_C7B_02810.jpg
6841,C10,2025,7/8/25,7.5,7/7/25,20250707_C10_06841.jpg,-1,/mnt/research-projects/j/jlgage/RawUAVData01/uavforslb/final_image/final_sliced/20250707_C10_06841.jpg
1364,C7B,2025,7/1/25,6.0,7/1/25,20250701_C7B_01364.jpg,0,/mnt/research-projects/j/jlgage/RawUAVData01/uavforslb/final_image/final_sliced/20250701_C7B_01364.jpg
1145,C6B,2024,7/19/24,7.0,7/18/24,20240718_C6B_01145.jpg,-1,/mnt/research-projects/j/jlgage/RawUAVData01/uavforslb/final_image/final_sliced/20240718_C6B_01145.jpg
739,C7B,2025,7/18/25,4.5,7/18/25,20250718_C7B_00739.jpg,0,/mnt/research-projects/j/jlgage/RawUAVData01/uavforslb/final_image/final_sliced/20250718_C7B_00739.jpg
2718,C6B,2024,7/15/24,6.5,7/18/24,20240718_C6B_02718.jpg,3,/mnt/research-projects/j/jlgage/RawUAVData01/uavforslb/final_image/final_sliced/20240718_C6B_02718.jpg
6799,C10,2025,6/30/25,7.5,6/28/25,20250628_C10_06799.jpg,-2,/mnt/research-projects/j/jlgage/RawUAVData01/uavforslb/final_image/final_sliced/20250628_C10_06799.jpg
1585,C6B,2024,7/19/24,7.0,7/18/24,20240718_C6B_01585.jpg,-1,/mnt/research-projects/j/jlgage/RawUAVData01/uavforslb/final_image/final_sliced/20240718_C6B_01585.jpg
546,C6B,2024,7/19/24,8.0,7/18/24,20240718_C6B_00546.jpg,-1,/mnt/research-projects/j/jlgage/RawUAVData01/uavforslb/final_image/final_sliced/20240718_C6B_00546.jpg
246,C7B,2025,6/30/25,7.0,7/1/25,20250701_C7B_00246.jpg,1,/mnt/research-projects/j/jlgage/RawUAVData01/uavforslb/final_image/final_sliced/20250701_C7B_00246.jpg
4450,B7A,2024,7/15/24,8.0,7/16/24,20240716_B7A_04450.jpg,1,/mnt/research-projects/j/jlgage/RawUAVData01/uavforslb/final_image/final_sliced/20240716_B7A_04450.jpg
1487,C6B,2024,7/19/24,7.0,7/18/24,20240718_C6B_01487.jpg,-1,/mnt/research-projects/j/jlgage/RawUAVData01/uavforslb/final_image/final_sliced/20240718_C6B_01487.jpg
3912,B7A,2024,7/30/24,2.0,7/27/24,20240727_B7A_03912.jpg,-3,/mnt/research-projects/j/jlgage/RawUAVData01/uavforslb/final_image/final_sliced/20240727_B7A_03912.jpg
2985,C6B,2024,7/30/24,1.5,8/2/24,20240802_C6B_02985.jpg,3,/mnt/research-projects/j/jlgage/RawUAVData01/uavforslb/final_image/final_sliced/20240802_C6B_02985.jpg
4489,C10,2025,7/11/25,6.5,7/11/25,20250711_C10_04489.jpg,0,/mnt/research-projects/j/jlgage/RawUAVData01/uavforslb/final_image/final_sliced/20250711_C10_04489.jpg
1303,C6B,2024,7/19/24,5.0,7/18/24,20240718_C6B_01303.jpg,-1,/mnt/research-projects/j/jlgage/RawUAVData01/uavforslb/final_image/final_sliced/20240718_C6B_01303.jpg
3893,B7A,2024,7/30/24,5.0,7/27/24,20240727_B7A_03893.jpg,-3,/mnt/research-projects/j/jlgage/RawUAVData01/uavforslb/final_image/final_sliced/20240727_B7A_03893.jpg
4440,C10,2025,7/19/25,2.5,7/18/25,20250718_C10_04440.jpg,-1,/mnt/research-projects/j/jlgage/RawUAVData01/uavforslb/final_image/final_sliced/20250718_C10_04440.jpg
2680,C7B,2025,6/30/25,7.5,7/1/25,20250701_C7B_02680.jpg,1,/mnt/research-projects/j/jlgage/RawUAVData01/uavforslb/final_image/final_sliced/20250701_C7B_02680.jpg
4248,B7A,2024,7/30/24,1.5,7/27/24,20240727_B7A_04248.jpg,-3,/mnt/research-projects/j/jlgage/RawUAVData01/uavforslb/final_image/final_sliced/20240727_B7A_04248.jpg
5640,C10,2025,7/11/25,5.0,7/11/25,20250711_C10_05640.jpg,0,/mnt/research-projects/j/jlgage/RawUAVData01/uavforslb/final_image/final_sliced/20250711_C10_05640.jpg
6749,C10,2025,7/14/25,8.0,7/14/25,20250714_C10_06749.jpg,0,/mnt/research-projects/j/jlgage/RawUAVData01/uavforslb/final_image/final_sliced/20250714_C10_06749.jpg
1476,C7B,2025,7/1/25,6.0,7/1/25,20250701_C7B_01476.jpg,0,/mnt/research-projects/j/jlgage/RawUAVData01/uavforslb/final_image/final_sliced/20250701_C7B_01476.jpg
2698,C6B,2024,7/15/24,8.0,7/18/24,20240718_C6B_02698.jpg,3,/mnt/research-projects/j/jlgage/RawUAVData01/uavforslb/final_image/final_sliced/20240718_C6B_02698.jpg
822,C6B,2024,7/29/24,4.0,7/26/24,20240726_C6B_00822.jpg,-3,/mnt/research-projects/j/jlgage/RawUAVData01/uavforslb/final_image/final_sliced/20240726_C6B_00822.jpg
770,C6B,2024,7/29/24,5.0,7/26/24,20240726_C6B_00770.jpg,-3,/mnt/research-projects/j/jlgage/RawUAVData01/uavforslb/final_image/final_sliced/20240726_C6B_00770.jpg
911,C7B,2025,7/1/25,7.5,7/1/25,20250701_C7B_00911.jpg,0,/mnt/research-projects/j/jlgage/RawUAVData01/uavforslb/final_image/final_sliced/20250701_C7B_00911.jpg
4095,C10,2025,7/11/25,3.0,7/11/25,20250711_C10_04095.jpg,0,/mnt/research-projects/j/jlgage/RawUAVData01/uavforslb/final_image/final_sliced/20250711_C10_04095.jpg
942,C6B,2024,7/29/24,4.0,7/26/24,20240726_C6B_00942.jpg,-3,/mnt/research-projects/j/jlgage/RawUAVData01/uavforslb/final_image/final_sliced/20240726_C6B_00942.jpg
87,C7B,2025,7/10/25,5.0,7/10/25,20250710_C7B_00087.jpg,0,/mnt/research-projects/j/jlgage/RawUAVData01/uavforslb/final_image/final_sliced/20250710_C7B_00087.jpg
3586,C6B,2024,7/15/24,8.0,7/18/24,20240718_C6B_03586.jpg,3,/mnt/research-projects/j/jlgage/RawUAVData01/uavforslb/final_image/final_sliced/20240718_C6B_03586.jpg
434,C7B,2025,7/10/25,6.0,7/10/25,20250710_C7B_00434.jpg,0,/mnt/research-projects/j/jlgage/RawUAVData01/uavforslb/final_image/final_sliced/20250710_C7B_00434.jpg
1780,C7B,2025,7/19/25,4.0,7/18/25,20250718_C7B_01780.jpg,-1,/mnt/research-projects/j/jlgage/RawUAVData01/uavforslb/final_image/final_sliced/20250718_C7B_01780.jpg
5705,C10,2025,7/19/25,3.0,7/18/25,20250718_C10_05705.jpg,-1,/mnt/research-projects/j/jlgage/RawUAVData01/uavforslb/final_image/final_sliced/20250718_C10_05705.jpg
3630,C6B,2024,7/15/24,8.5,7/18/24,20240718_C6B_03630.jpg,3,/mnt/research-projects/j/jlgage/RawUAVData01/uavforslb/final_image/final_sliced/20240718_C6B_03630.jpg
854,C6B,2024,7/19/24,8.0,7/18/24,20240718_C6B_00854.jpg,-1,/mnt/research-projects/j/jlgage/RawUAVData01/uavforslb/final_image/final_sliced/20240718_C6B_00854.jpg
5169,C10,2025,7/2/25,4.0,7/4/25,20250704_C10_05169.jpg,2,/mnt/research-projects/j/jlgage/RawUAVData01/uavforslb/final_image/final_sliced/20250704_C10_05169.jpg
2528,C6B,2024,7/1/24,7.5,7/3/24,20240703_C6B_02528.jpg,2,/mnt/research-projects/j/jlgage/RawUAVData01/uavforslb/final_image/final_sliced/20240703_C6B_02528.jpg
1301,C6B,2024,7/29/24,3.5,7/26/24,20240726_C6B_01301.jpg,-3,/mnt/research-projects/j/jlgage/RawUAVData01/uavforslb/final_image/final_sliced/20240726_C6B_01301.jpg
4656,C10,2025,7/11/25,5.0,7/11/25,20250711_C10_04656.jpg,0,/mnt/research-projects/j/jlgage/RawUAVData01/uavforslb/final_image/final_sliced/20250711_C10_04656.jpg
1797,C6B,2024,7/29/24,3.0,7/26/24,20240726_C6B_01797.jpg,-3,/mnt/research-projects/j/jlgage/RawUAVData01/uavforslb/final_image/final_sliced/20240726_C6B_01797.jpg
1359,C6B,2024,7/19/24,8.0,7/18/24,20240718_C6B_01359.jpg,-1,/mnt/research-projects/j/jlgage/RawUAVData01/uavforslb/final_image/final_sliced/20240718_C6B_01359.jpg
117,C7B,2025,6/30/25,7.0,7/1/25,20250701_C7B_00117.jpg,1,/mnt/research-projects/j/jlgage/RawUAVData01/uavforslb/final_image/final_sliced/20250701_C7B_00117.jpg
2519,C6B,2024,7/27/24,5.5,7/26/24,20240726_C6B_02519.jpg,-1,/mnt/research-projects/j/jlgage/RawUAVData01/uavforslb/final_image/final_sliced/20240726_C6B_02519.jpg
6697,C10,2025,7/3/25,7.0,7/4/25,20250704_C10_06697.jpg,1,/mnt/research-projects/j/jlgage/RawUAVData01/uavforslb/final_image/final_sliced/20250704_C10_06697.jpg
6030,C10,2025,7/11/25,3.0,7/11/25,20250711_C10_06030.jpg,0,/mnt/research-projects/j/jlgage/RawUAVData01/uavforslb/final_image/final_sliced/20250711_C10_06030.jpg
3362,C6B,2024,7/15/24,8.5,7/18/24,20240718_C6B_03362.jpg,3,/mnt/research-projects/j/jlgage/RawUAVData01/uavforslb/final_image/final_sliced/20240718_C6B_03362.jpg
3621,C6B,2024,7/30/24,4.0,8/2/24,20240802_C6B_03621.jpg,3,/mnt/research-projects/j/jlgage/RawUAVData01/uavforslb/final_image/final_sliced/20240802_C6B_03621.jpg
3020,C6B,2024,7/30/24,1.5,8/2/24,20240802_C6B_03020.jpg,3,/mnt/research-projects/j/jlgage/RawUAVData01/uavforslb/final_image/final_sliced/20240802_C6B_03020.jpg
4439,B7A,2024,7/15/24,8.5,7/16/24,20240716_B7A_04439.jpg,1,/mnt/research-projects/j/jlgage/RawUAVData01/uavforslb/final_image/final_sliced/20240716_B7A_04439.jpg
1348,C7B,2025,7/10/25,3.0,7/10/25,20250710_C7B_01348.jpg,0,/mnt/research-projects/j/jlgage/RawUAVData01/uavforslb/final_image/final_sliced/20250710_C7B_01348.jpg
2750,C7B,2025,7/8/25,8.0,7/7/25,20250707_C7B_02750.jpg,-1,/mnt/research-projects/j/jlgage/RawUAVData01/uavforslb/final_image/final_sliced/20250707_C7B_02750.jpg
1471,C7B,2025,7/10/25,6.0,7/10/25,20250710_C7B_01471.jpg,0,/mnt/research-projects/j/jlgage/RawUAVData01/uavforslb/final_image/final_sliced/20250710_C7B_01471.jpg
277,C7B,2025,6/30/25,7.0,7/1/25,20250701_C7B_00277.jpg,1,/mnt/research-projects/j/jlgage/RawUAVData01/uavforslb/final_image/final_sliced/20250701_C7B_00277.jpg
559,C7B,2025,7/18/25,4.0,7/18/25,20250718_C7B_00559.jpg,0,/mnt/research-projects/j/jlgage/RawUAVData01/uavforslb/final_image/final_sliced/20250718_C7B_00559.jpg
688,C6B,2024,7/29/24,5.5,7/26/24,20240726_C6B_00688.jpg,-3,/mnt/research-projects/j/jlgage/RawUAVData01/uavforslb/final_image/final_sliced/20240726_C6B_00688.jpg
1446,C7B,2025,7/18/25,2.0,7/18/25,20250718_C7B_01446.jpg,0,/mnt/research-projects/j/jlgage/RawUAVData01/uavforslb/final_image/final_sliced/20250718_C7B_01446.jpg
1441,C7B,2025,7/18/25,1.5,7/18/25,20250718_C7B_01441.jpg,0,/mnt/research-projects/j/jlgage/RawUAVData01/uavforslb/final_image/final_sliced/20250718_C7B_01441.jpg
1416,C7B,2025,7/18/25,6.0,7/18/25,20250718_C7B_01416.jpg,0,/mnt/research-projects/j/jlgage/RawUAVData01/uavforslb/final_image/final_sliced/20250718_C7B_01416.jpg
2846,C7B,2025,7/8/25,6.5,7/7/25,20250707_C7B_02846.jpg,-1,/mnt/research-projects/j/jlgage/RawUAVData01/uavforslb/final_image/final_sliced/20250707_C7B_02846.jpg
1245,C6B,2024,7/19/24,7.0,7/18/24,20240718_C6B_01245.jpg,-1,/mnt/research-projects/j/jlgage/RawUAVData01/uavforslb/final_image/final_sliced/20240718_C6B_01245.jpg
2001,C7B,2025,7/10/25,5.5,7/10/25,20250710_C7B_02001.jpg,0,/mnt/research-projects/j/jlgage/RawUAVData01/uavforslb/final_image/final_sliced/20250710_C7B_02001.jpg
6870,C10,2025,6/30/25,8.5,6/28/25,20250628_C10_06870.jpg,-2,/mnt/research-projects/j/jlgage/RawUAVData01/uavforslb/final_image/final_sliced/20250628_C10_06870.jpg
3585,C6B,2024,7/15/24,7.5,7/18/24,20240718_C6B_03585.jpg,3,/mnt/research-projects/j/jlgage/RawUAVData01/uavforslb/final_image/final_sliced/20240718_C6B_03585.jpg
228,C7B,2025,6/30/25,7.0,7/1/25,20250701_C7B_00228.jpg,1,/mnt/research-projects/j/jlgage/RawUAVData01/uavforslb/final_image/final_sliced/20250701_C7B_00228.jpg
874,C6B,2024,7/19/24,5.5,7/18/24,20240718_C6B_00874.jpg,-1,/mnt/research-projects/j/jlgage/RawUAVData01/uavforslb/final_image/final_sliced/20240718_C6B_00874.jpg
1531,C6B,2024,7/29/24,4.0,7/26/24,20240726_C6B_01531.jpg,-3,/mnt/research-projects/j/jlgage/RawUAVData01/uavforslb/final_image/final_sliced/20240726_C6B_01531.jpg
4354,C10,2025,7/11/25,6.0,7/11/25,20250711_C10_04354.jpg,0,/mnt/research-projects/j/jlgage/RawUAVData01/uavforslb/final_image/final_sliced/20250711_C10_04354.jpg
379,C6B,2024,7/19/24,5.0,7/18/24,20240718_C6B_00379.jpg,-1,/mnt/research-projects/j/jlgage/RawUAVData01/uavforslb/final_image/final_sliced/20240718_C6B_00379.jpg
1293,C6B,2024,7/29/24,3.0,7/26/24,20240726_C6B_01293.jpg,-3,/mnt/research-projects/j/jlgage/RawUAVData01/uavforslb/final_image/final_sliced/20240726_C6B_01293.jpg
5150,C10,2025,7/2/25,7.0,7/4/25,20250704_C10_05150.jpg,2,/mnt/research-projects/j/jlgage/RawUAVData01/uavforslb/final_image/final_sliced/20250704_C10_05150.jpg
4107,C10,2025,7/19/25,4.0,7/18/25,20250718_C10_04107.jpg,-1,/mnt/research-projects/j/jlgage/RawUAVData01/uavforslb/final_image/final_sliced/20250718_C10_04107.jpg
2802,C6B,2024,7/30/24,1.5,8/2/24,20240802_C6B_02802.jpg,3,/mnt/research-projects/j/jlgage/RawUAVData01/uavforslb/final_image/final_sliced/20240802_C6B_02802.jpg
4849,C10,2025,7/11/25,4.5,7/11/25,20250711_C10_04849.jpg,0,/mnt/research-projects/j/jlgage/RawUAVData01/uavforslb/final_image/final_sliced/20250711_C10_04849.jpg
368,C6B,2024,7/29/24,4.0,7/26/24,20240726_C6B_00368.jpg,-3,/mnt/research-projects/j/jlgage/RawUAVData01/uavforslb/final_image/final_sliced/20240726_C6B_00368.jpg
223,C7B,2025,7/18/25,3.0,7/18/25,20250718_C7B_00223.jpg,0,/mnt/research-projects/j/jlgage/RawUAVData01/uavforslb/final_image/final_sliced/20250718_C7B_00223.jpg
259,C7B,2025,7/4/25,7.5,7/4/25,20250704_C7B_00259.jpg,0,/mnt/research-projects/j/jlgage/RawUAVData01/uavforslb/final_image/final_sliced/20250704_C7B_00259.jpg
349,C7B,2025,7/4/25,5.5,7/4/25,20250704_C7B_00349.jpg,0,/mnt/research-projects/j/jlgage/RawUAVData01/uavforslb/final_image/final_sliced/20250704_C7B_00349.jpg
5101,C10,2025,7/11/25,4.0,7/11/25,20250711_C10_05101.jpg,0,/mnt/research-projects/j/jlgage/RawUAVData01/uavforslb/final_image/final_sliced/20250711_C10_05101.jpg
132,C7B,2025,7/18/25,4.0,7/18/25,20250718_C7B_00132.jpg,0,/mnt/research-projects/j/jlgage/RawUAVData01/uavforslb/final_image/final_sliced/20250718_C7B_00132.jpg
5063,C6B,2024,7/11/24,8.5,7/10/24,20240710_C6B_05063.jpg,-1,/mnt/research-projects/j/jlgage/RawUAVData01/uavforslb/final_image/final_sliced/20240710_C6B_05063.jpg
6005,C10,2025,7/19/25,3.0,7/18/25,20250718_C10_06005.jpg,-1,/mnt/research-projects/j/jlgage/RawUAVData01/uavforslb/final_image/final_sliced/20250718_C10_06005.jpg
6661,C10,2025,7/3/25,8.0,7/4/25,20250704_C10_06661.jpg,1,/mnt/research-projects/j/jlgage/RawUAVData01/uavforslb/final_image/final_sliced/20250704_C10_06661.jpg
1570,C7B,2025,7/1/25,5.5,7/1/25,20250701_C7B_01570.jpg,0,/mnt/research-projects/j/jlgage/RawUAVData01/uavforslb/final_image/final_sliced/20250701_C7B_01570.jpg
4399,C10,2025,7/19/25,2.0,7/18/25,20250718_C10_04399.jpg,-1,/mnt/research-projects/j/jlgage/RawUAVData01/uavforslb/final_image/final_sliced/20250718_C10_04399.jpg
1247,C6B,2024,7/19/24,6.5,7/18/24,20240718_C6B_01247.jpg,-1,/mnt/research-projects/j/jlgage/RawUAVData01/uavforslb/final_image/final_sliced/20240718_C6B_01247.jpg
1331,C7B,2025,7/10/25,5.5,7/10/25,20250710_C7B_01331.jpg,0,/mnt/research-projects/j/jlgage/RawUAVData01/uavforslb/final_image/final_sliced/20250710_C7B_01331.jpg
5126,C10,2025,7/11/25,5.0,7/11/25,20250711_C10_05126.jpg,0,/mnt/research-projects/j/jlgage/RawUAVData01/uavforslb/final_image/final_sliced/20250711_C10_05126.jpg
1641,C6B,2024,7/19/24,8.0,7/18/24,20240718_C6B_01641.jpg,-1,/mnt/research-projects/j/jlgage/RawUAVData01/uavforslb/final_image/final_sliced/20240718_C6B_01641.jpg
1438,C6B,2024,7/19/24,8.5,7/18/24,20240718_C6B_01438.jpg,-1,/mnt/research-projects/j/jlgage/RawUAVData01/uavforslb/final_image/final_sliced/20240718_C6B_01438.jpg
1101,C6B,2024,7/19/24,5.5,7/18/24,20240718_C6B_01101.jpg,-1,/mnt/research-projects/j/jlgage/RawUAVData01/uavforslb/final_image/final_sliced/20240718_C6B_01101.jpg
955,C7B,2025,7/18/25,3.0,7/18/25,20250718_C7B_00955.jpg,0,/mnt/research-projects/j/jlgage/RawUAVData01/uavforslb/final_image/final_sliced/20250718_C7B_00955.jpg
2588,C6B,2024,7/15/24,7.0,7/18/24,20240718_C6B_02588.jpg,3,/mnt/research-projects/j/jlgage/RawUAVData01/uavforslb/final_image/final_sliced/20240718_C6B_02588.jpg
2913,C6B,2024,7/15/24,8.5,7/18/24,20240718_C6B_02913.jpg,3,/mnt/research-projects/j/jlgage/RawUAVData01/uavforslb/final_image/final_sliced/20240718_C6B_02913.jpg
2005,C6B,2024,7/19/24,8.0,7/18/24,20240718_C6B_02005.jpg,-1,/mnt/research-projects/j/jlgage/RawUAVData01/uavforslb/final_image/final_sliced/20240718_C6B_02005.jpg
3755,C6B,2024,7/15/24,8.5,7/18/24,20240718_C6B_03755.jpg,3,/mnt/research-projects/j/jlgage/RawUAVData01/uavforslb/final_image/final_sliced/20240718_C6B_03755.jpg
1258,C6B,2024,7/19/24,6.0,7/18/24,20240718_C6B_01258.jpg,-1,/mnt/research-projects/j/jlgage/RawUAVData01/uavforslb/final_image/final_sliced/20240718_C6B_01258.jpg
368,C6B,2024,7/19/24,7.5,7/18/24,20240718_C6B_00368.jpg,-1,/mnt/research-projects/j/jlgage/RawUAVData01/uavforslb/final_image/final_sliced/20240718_C6B_00368.jpg
636,C6B,2024,7/29/24,3.5,7/26/24,20240726_C6B_00636.jpg,-3,/mnt/research-projects/j/jlgage/RawUAVData01/uavforslb/final_image/final_sliced/20240726_C6B_00636.jpg
2852,C6B,2024,7/30/24,1.5,8/2/24,20240802_C6B_02852.jpg,3,/mnt/research-projects/j/jlgage/RawUAVData01/uavforslb/final_image/final_sliced/20240802_C6B_02852.jpg
2863,C7B,2025,7/8/25,7.5,7/7/25,20250707_C7B_02863.jpg,-1,/mnt/research-projects/j/jlgage/RawUAVData01/uavforslb/final_image/final_sliced/20250707_C7B_02863.jpg
3543,C6B,2024,7/15/24,8.5,7/18/24,20240718_C6B_03543.jpg,3,/mnt/research-projects/j/jlgage/RawUAVData01/uavforslb/final_image/final_sliced/20240718_C6B_03543.jpg
4147,C10,2025,7/7/25,4.0,7/7/25,20250707_C10_04147.jpg,0,/mnt/research-projects/j/jlgage/RawUAVData01/uavforslb/final_image/final_sliced/20250707_C10_04147.jpg
215,C6B,2024,7/19/24,8.5,7/18/24,20240718_C6B_00215.jpg,-1,/mnt/research-projects/j/jlgage/RawUAVData01/uavforslb/final_image/final_sliced/20240718_C6B_00215.jpg
4035,C10,2025,6/30/25,7.5,6/28/25,20250628_C10_04035.jpg,-2,/mnt/research-projects/j/jlgage/RawUAVData01/uavforslb/final_image/final_sliced/20250628_C10_04035.jpg
4338,B7A,2024,7/15/24,8.0,7/16/24,20240716_B7A_04338.jpg,1,/mnt/research-projects/j/jlgage/RawUAVData01/uavforslb/final_image/final_sliced/20240716_B7A_04338.jpg
4796,C10,2025,7/20/25,3.0,7/21/25,20250721_C10_04796.jpg,1,/mnt/research-projects/j/jlgage/RawUAVData01/uavforslb/final_image/final_sliced/20250721_C10_04796.jpg
4485,B7A,2024,7/15/24,8.0,7/16/24,20240716_B7A_04485.jpg,1,/mnt/research-projects/j/jlgage/RawUAVData01/uavforslb/final_image/final_sliced/20240716_B7A_04485.jpg
884,C6B,2024,7/29/24,3.0,7/26/24,20240726_C6B_00884.jpg,-3,/mnt/research-projects/j/jlgage/RawUAVData01/uavforslb/final_image/final_sliced/20240726_C6B_00884.jpg
3453,C6B,2024,7/30/24,2.0,8/2/24,20240802_C6B_03453.jpg,3,/mnt/research-projects/j/jlgage/RawUAVData01/uavforslb/final_image/final_sliced/20240802_C6B_03453.jpg
2753,C6B,2024,7/30/24,2.0,8/2/24,20240802_C6B_02753.jpg,3,/mnt/research-projects/j/jlgage/RawUAVData01/uavforslb/final_image/final_sliced/20240802_C6B_02753.jpg
965,C7B,2025,7/1/25,7.0,7/1/25,20250701_C7B_00965.jpg,0,/mnt/research-projects/j/jlgage/RawUAVData01/uavforslb/final_image/final_sliced/20250701_C7B_00965.jpg
2533,C6B,2024,7/18/24,5.0,7/18/24,20240718_C6B_02533.jpg,0,/mnt/research-projects/j/jlgage/RawUAVData01/uavforslb/final_image/final_sliced/20240718_C6B_02533.jpg
431,C6B,2024,7/29/24,4.0,7/26/24,20240726_C6B_00431.jpg,-3,/mnt/research-projects/j/jlgage/RawUAVData01/uavforslb/final_image/final_sliced/20240726_C6B_00431.jpg
2746,C6B,2024,7/30/24,4.0,8/2/24,20240802_C6B_02746.jpg,3,/mnt/research-projects/j/jlgage/RawUAVData01/uavforslb/final_image/final_sliced/20240802_C6B_02746.jpg
4990,C10,2025,7/11/25,5.0,7/11/25,20250711_C10_04990.jpg,0,/mnt/research-projects/j/jlgage/RawUAVData01/uavforslb/final_image/final_sliced/20250711_C10_04990.jpg
2577,C6B,2024,7/30/24,5.0,8/2/24,20240802_C6B_02577.jpg,3,/mnt/research-projects/j/jlgage/RawUAVData01/uavforslb/final_image/final_sliced/20240802_C6B_02577.jpg
4237,B7A,2024,7/15/24,8.5,7/16/24,20240716_B7A_04237.jpg,1,/mnt/research-projects/j/jlgage/RawUAVData01/uavforslb/final_image/final_sliced/20240716_B7A_04237.jpg
1082,C7B,2025,7/18/25,2.0,7/18/25,20250718_C7B_01082.jpg,0,/mnt/research-projects/j/jlgage/RawUAVData01/uavforslb/final_image/final_sliced/20250718_C7B_01082.jpg
1654,C6B,2024,7/19/24,8.0,7/18/24,20240718_C6B_01654.jpg,-1,/mnt/research-projects/j/jlgage/RawUAVData01/uavforslb/final_image/final_sliced/20240718_C6B_01654.jpg
5076,C10,2025,7/11/25,4.0,7/11/25,20250711_C10_05076.jpg,0,/mnt/research-projects/j/jlgage/RawUAVData01/uavforslb/final_image/final_sliced/20250711_C10_05076.jpg
1195,C7B,2025,7/10/25,5.0,7/10/25,20250710_C7B_01195.jpg,0,/mnt/research-projects/j/jlgage/RawUAVData01/uavforslb/final_image/final_sliced/20250710_C7B_01195.jpg
4190,B7A,2024,7/30/24,3.5,7/27/24,20240727_B7A_04190.jpg,-3,/mnt/research-projects/j/jlgage/RawUAVData01/uavforslb/final_image/final_sliced/20240727_B7A_04190.jpg
912,C7B,2025,7/10/25,4.0,7/10/25,20250710_C7B_00912.jpg,0,/mnt/research-projects/j/jlgage/RawUAVData01/uavforslb/final_image/final_sliced/20250710_C7B_00912.jpg
4353,C10,2025,6/30/25,7.0,6/28/25,20250628_C10_04353.jpg,-2,/mnt/research-projects/j/jlgage/RawUAVData01/uavforslb/final_image/final_sliced/20250628_C10_04353.jpg
3214,C6B,2024,7/30/24,4.0,8/2/24,20240802_C6B_03214.jpg,3,/mnt/research-projects/j/jlgage/RawUAVData01/uavforslb/final_image/final_sliced/20240802_C6B_03214.jpg
289,C7B,2025,7/10/25,4.5,7/10/25,20250710_C7B_00289.jpg,0,/mnt/research-projects/j/jlgage/RawUAVData01/uavforslb/final_image/final_sliced/20250710_C7B_00289.jpg
3021,C6B,2024,7/30/24,1.5,8/2/24,20240802_C6B_03021.jpg,3,/mnt/research-projects/j/jlgage/RawUAVData01/uavforslb/final_image/final_sliced/20240802_C6B_03021.jpg
2867,C7B,2025,7/8/25,8.5,7/7/25,20250707_C7B_02867.jpg,-1,/mnt/research-projects/j/jlgage/RawUAVData01/uavforslb/final_image/final_sliced/20250707_C7B_02867.jpg
292,C6B,2024,7/29/24,8.5,7/26/24,20240726_C6B_00292.jpg,-3,/mnt/research-projects/j/jlgage/RawUAVData01/uavforslb/final_image/final_sliced/20240726_C6B_00292.jpg
4530,C10,2025,7/20/25,2.0,7/21/25,20250721_C10_04530.jpg,1,/mnt/research-projects/j/jlgage/RawUAVData01/uavforslb/final_image/final_sliced/20250721_C10_04530.jpg
5085,C10,2025,7/2/25,8.0,7/4/25,20250704_C10_05085.jpg,2,/mnt/research-projects/j/jlgage/RawUAVData01/uavforslb/final_image/final_sliced/20250704_C10_05085.jpg
5830,C10,2025,7/19/25,5.0,7/18/25,20250718_C10_05830.jpg,-1,/mnt/research-projects/j/jlgage/RawUAVData01/uavforslb/final_image/final_sliced/20250718_C10_05830.jpg
1922,C6B,2024,7/29/24,1.5,7/26/24,20240726_C6B_01922.jpg,-3,/mnt/research-projects/j/jlgage/RawUAVData01/uavforslb/final_image/final_sliced/20240726_C6B_01922.jpg
2134,C6B,2024,7/19/24,7.5,7/18/24,20240718_C6B_02134.jpg,-1,/mnt/research-projects/j/jlgage/RawUAVData01/uavforslb/final_image/final_sliced/20240718_C6B_02134.jpg
6036,C10,2025,7/19/25,2.0,7/18/25,20250718_C10_06036.jpg,-1,/mnt/research-projects/j/jlgage/RawUAVData01/uavforslb/final_image/final_sliced/20250718_C10_06036.jpg
6692,C10,2025,7/14/25,8.0,7/14/25,20250714_C10_06692.jpg,0,/mnt/research-projects/j/jlgage/RawUAVData01/uavforslb/final_image/final_sliced/20250714_C10_06692.jpg
4833,C10,2025,7/20/25,3.0,7/21/25,20250721_C10_04833.jpg,1,/mnt/research-projects/j/jlgage/RawUAVData01/uavforslb/final_image/final_sliced/20250721_C10_04833.jpg
219,C7B,2025,6/30/25,6.0,7/1/25,20250701_C7B_00219.jpg,1,/mnt/research-projects/j/jlgage/RawUAVData01/uavforslb/final_image/final_sliced/20250701_C7B_00219.jpg
3787,C6B,2024,7/30/24,3.0,8/2/24,20240802_C6B_03787.jpg,3,/mnt/research-projects/j/jlgage/RawUAVData01/uavforslb/final_image/final_sliced/20240802_C6B_03787.jpg
231,C7B,2025,7/18/25,3.0,7/18/25,20250718_C7B_00231.jpg,0,/mnt/research-projects/j/jlgage/RawUAVData01/uavforslb/final_image/final_sliced/20250718_C7B_00231.jpg
4789,C10,2025,7/20/25,3.0,7/21/25,20250721_C10_04789.jpg,1,/mnt/research-projects/j/jlgage/RawUAVData01/uavforslb/final_image/final_sliced/20250721_C10_04789.jpg
2815,C6B,2024,7/30/24,3.0,8/2/24,20240802_C6B_02815.jpg,3,/mnt/research-projects/j/jlgage/RawUAVData01/uavforslb/final_image/final_sliced/20240802_C6B_02815.jpg
285,C6B,2024,7/29/24,4.0,7/26/24,20240726_C6B_00285.jpg,-3,/mnt/research-projects/j/jlgage/RawUAVData01/uavforslb/final_image/final_sliced/20240726_C6B_00285.jpg
5940,C10,2025,7/11/25,4.5,7/11/25,20250711_C10_05940.jpg,0,/mnt/research-projects/j/jlgage/RawUAVData01/uavforslb/final_image/final_sliced/20250711_C10_05940.jpg
3909,B7A,2024,7/30/24,2.0,7/27/24,20240727_B7A_03909.jpg,-3,/mnt/research-projects/j/jlgage/RawUAVData01/uavforslb/final_image/final_sliced/20240727_B7A_03909.jpg
3472,C6B,2024,7/15/24,8.5,7/18/24,20240718_C6B_03472.jpg,3,/mnt/research-projects/j/jlgage/RawUAVData01/uavforslb/final_image/final_sliced/20240718_C6B_03472.jpg
4766,C10,2025,7/20/25,2.0,7/21/25,20250721_C10_04766.jpg,1,/mnt/research-projects/j/jlgage/RawUAVData01/uavforslb/final_image/final_sliced/20250721_C10_04766.jpg
2738,C6B,2024,7/30/24,1.5,8/2/24,20240802_C6B_02738.jpg,3,/mnt/research-projects/j/jlgage/RawUAVData01/uavforslb/final_image/final_sliced/20240802_C6B_02738.jpg
5927,C10,2025,7/11/25,4.0,7/11/25,20250711_C10_05927.jpg,0,/mnt/research-projects/j/jlgage/RawUAVData01/uavforslb/final_image/final_sliced/20250711_C10_05927.jpg
1283,C7B,2025,7/10/25,4.0,7/10/25,20250710_C7B_01283.jpg,0,/mnt/research-projects/j/jlgage/RawUAVData01/uavforslb/final_image/final_sliced/20250710_C7B_01283.jpg
2578,C6B,2024,7/30/24,2.0,8/2/24,20240802_C6B_02578.jpg,3,/mnt/research-projects/j/jlgage/RawUAVData01/uavforslb/final_image/final_sliced/20240802_C6B_02578.jpg
309,C7B,2025,7/10/25,4.0,7/10/25,20250710_C7B_00309.jpg,0,/mnt/research-projects/j/jlgage/RawUAVData01/uavforslb/final_image/final_sliced/20250710_C7B_00309.jpg
4273,B7A,2024,7/15/24,8.0,7/16/24,20240716_B7A_04273.jpg,1,/mnt/research-projects/j/jlgage/RawUAVData01/uavforslb/final_image/final_sliced/20240716_B7A_04273.jpg
2532,C6B,2024,7/18/24,6.0,7/18/24,20240718_C6B_02532.jpg,0,/mnt/research-projects/j/jlgage/RawUAVData01/uavforslb/final_image/final_sliced/20240718_C6B_02532.jpg
3096,C6B,2024,7/15/24,8.0,7/18/24,20240718_C6B_03096.jpg,3,/mnt/research-projects/j/jlgage/RawUAVData01/uavforslb/final_image/final_sliced/20240718_C6B_03096.jpg
5759,C10,2025,7/1/25,7.5,6/28/25,20250628_C10_05759.jpg,-3,/mnt/research-projects/j/jlgage/RawUAVData01/uavforslb/final_image/final_sliced/20250628_C10_05759.jpg
3450,C6B,2024,7/30/24,2.0,8/2/24,20240802_C6B_03450.jpg,3,/mnt/research-projects/j/jlgage/RawUAVData01/uavforslb/final_image/final_sliced/20240802_C6B_03450.jpg
5041,C6B,2024,7/11/24,7.5,7/10/24,20240710_C6B_05041.jpg,-1,/mnt/research-projects/j/jlgage/RawUAVData01/uavforslb/final_image/final_sliced/20240710_C6B_05041.jpg
308,C7B,2025,6/30/25,6.0,7/1/25,20250701_C7B_00308.jpg,1,/mnt/research-projects/j/jlgage/RawUAVData01/uavforslb/final_image/final_sliced/20250701_C7B_00308.jpg
3430,C6B,2024,7/30/24,2.0,8/2/24,20240802_C6B_03430.jpg,3,/mnt/research-projects/j/jlgage/RawUAVData01/uavforslb/final_image/final_sliced/20240802_C6B_03430.jpg
4426,B7A,2024,7/30/24,1.5,7/27/24,20240727_B7A_04426.jpg,-3,/mnt/research-projects/j/jlgage/RawUAVData01/uavforslb/final_image/final_sliced/20240727_B7A_04426.jpg
3438,C6B,2024,7/15/24,8.5,7/18/24,20240718_C6B_03438.jpg,3,/mnt/research-projects/j/jlgage/RawUAVData01/uavforslb/final_image/final_sliced/20240718_C6B_03438.jpg
1665,C7B,2025,7/19/25,2.0,7/18/25,20250718_C7B_01665.jpg,-1,/mnt/research-projects/j/jlgage/RawUAVData01/uavforslb/final_image/final_sliced/20250718_C7B_01665.jpg
3101,C6B,2024,7/30/24,1.5,8/2/24,20240802_C6B_03101.jpg,3,/mnt/research-projects/j/jlgage/RawUAVData01/uavforslb/final_image/final_sliced/20240802_C6B_03101.jpg
1742,C7B,2025,7/10/25,4.0,7/10/25,20250710_C7B_01742.jpg,0,/mnt/research-projects/j/jlgage/RawUAVData01/uavforslb/final_image/final_sliced/20250710_C7B_01742.jpg
722,C7B,2025,6/30/25,7.0,7/1/25,20250701_C7B_00722.jpg,1,/mnt/research-projects/j/jlgage/RawUAVData01/uavforslb/final_image/final_sliced/20250701_C7B_00722.jpg
1388,C7B,2025,7/1/25,7.0,7/1/25,20250701_C7B_01388.jpg,0,/mnt/research-projects/j/jlgage/RawUAVData01/uavforslb/final_image/final_sliced/20250701_C7B_01388.jpg
4347,C10,2025,7/11/25,5.0,7/11/25,20250711_C10_04347.jpg,0,/mnt/research-projects/j/jlgage/RawUAVData01/uavforslb/final_image/final_sliced/20250711_C10_04347.jpg
5276,C10,2025,7/11/25,4.5,7/11/25,20250711_C10_05276.jpg,0,/mnt/research-projects/j/jlgage/RawUAVData01/uavforslb/final_image/final_sliced/20250711_C10_05276.jpg
2772,C7B,2025,6/30/25,8.0,7/1/25,20250701_C7B_02772.jpg,1,/mnt/research-projects/j/jlgage/RawUAVData01/uavforslb/final_image/final_sliced/20250701_C7B_02772.jpg
445,C7B,2025,7/10/25,7.0,7/10/25,20250710_C7B_00445.jpg,0,/mnt/research-projects/j/jlgage/RawUAVData01/uavforslb/final_image/final_sliced/20250710_C7B_00445.jpg
135,C6B,2024,7/19/24,7.0,7/18/24,20240718_C6B_00135.jpg,-1,/mnt/research-projects/j/jlgage/RawUAVData01/uavforslb/final_image/final_sliced/20240718_C6B_00135.jpg
163,C7B,2025,7/4/25,5.5,7/4/25,20250704_C7B_00163.jpg,0,/mnt/research-projects/j/jlgage/RawUAVData01/uavforslb/final_image/final_sliced/20250704_C7B_00163.jpg
1557,C7B,2025,7/10/25,4.0,7/10/25,20250710_C7B_01557.jpg,0,/mnt/research-projects/j/jlgage/RawUAVData01/uavforslb/final_image/final_sliced/20250710_C7B_01557.jpg
6643,C10,2025,7/3/25,8.0,7/4/25,20250704_C10_06643.jpg,1,/mnt/research-projects/j/jlgage/RawUAVData01/uavforslb/final_image/final_sliced/20250704_C10_06643.jpg
496,C7B,2025,7/10/25,8.0,7/10/25,20250710_C7B_00496.jpg,0,/mnt/research-projects/j/jlgage/RawUAVData01/uavforslb/final_image/final_sliced/20250710_C7B_00496.jpg
4175,C10,2025,7/19/25,2.5,7/18/25,20250718_C10_04175.jpg,-1,/mnt/research-projects/j/jlgage/RawUAVData01/uavforslb/final_image/final_sliced/20250718_C10_04175.jpg
5533,B7A,2024,7/1/24,7.5,7/3/24,20240703_B7A_05533.jpg,2,/mnt/research-projects/j/jlgage/RawUAVData01/uavforslb/final_image/final_sliced/20240703_B7A_05533.jpg
392,C7B,2025,7/4/25,5.0,7/4/25,20250704_C7B_00392.jpg,0,/mnt/research-projects/j/jlgage/RawUAVData01/uavforslb/final_image/final_sliced/20250704_C7B_00392.jpg
4261,B7A,2024,7/15/24,5.0,7/16/24,20240716_B7A_04261.jpg,1,/mnt/research-projects/j/jlgage/RawUAVData01/uavforslb/final_image/final_sliced/20240716_B7A_04261.jpg
97,C7B,2025,6/30/25,7.5,7/1/25,20250701_C7B_00097.jpg,1,/mnt/research-projects/j/jlgage/RawUAVData01/uavforslb/final_image/final_sliced/20250701_C7B_00097.jpg
809,C6B,2024,7/19/24,7.5,7/18/24,20240718_C6B_00809.jpg,-1,/mnt/research-projects/j/jlgage/RawUAVData01/uavforslb/final_image/final_sliced/20240718_C6B_00809.jpg
3153,C6B,2024,7/30/24,3.0,8/2/24,20240802_C6B_03153.jpg,3,/mnt/research-projects/j/jlgage/RawUAVData01/uavforslb/final_image/final_sliced/20240802_C6B_03153.jpg
3997,B7A,2024,7/30/24,4.0,7/27/24,20240727_B7A_03997.jpg,-3,/mnt/research-projects/j/jlgage/RawUAVData01/uavforslb/final_image/final_sliced/20240727_B7A_03997.jpg
2533,C6B,2024,7/1/24,7.5,7/3/24,20240703_C6B_02533.jpg,2,/mnt/research-projects/j/jlgage/RawUAVData01/uavforslb/final_image/final_sliced/20240703_C6B_02533.jpg
2786,C7B,2025,7/13/25,6.0,7/12/25,20250712_C7B_02786.jpg,-1,/mnt/research-projects/j/jlgage/RawUAVData01/uavforslb/final_image/final_sliced/20250712_C7B_02786.jpg
2728,C7B,2025,7/18/25,7.5,7/18/25,20250718_C7B_02728.jpg,0,/mnt/research-projects/j/jlgage/RawUAVData01/uavforslb/final_image/final_sliced/20250718_C7B_02728.jpg
4319,C10,2025,6/30/25,6.0,6/28/25,20250628_C10_04319.jpg,-2,/mnt/research-projects/j/jlgage/RawUAVData01/uavforslb/final_image/final_sliced/20250628_C10_04319.jpg
1254,C6B,2024,7/19/24,8.5,7/18/24,20240718_C6B_01254.jpg,-1,/mnt/research-projects/j/jlgage/RawUAVData01/uavforslb/final_image/final_sliced/20240718_C6B_01254.jpg
1110,C6B,2024,7/29/24,2.0,7/26/24,20240726_C6B_01110.jpg,-3,/mnt/research-projects/j/jlgage/RawUAVData01/uavforslb/final_image/final_sliced/20240726_C6B_01110.jpg
2039,C6B,2024,7/19/24,5.0,7/18/24,20240718_C6B_02039.jpg,-1,/mnt/research-projects/j/jlgage/RawUAVData01/uavforslb/final_image/final_sliced/20240718_C6B_02039.jpg
4243,C10,2025,7/11/25,6.5,7/11/25,20250711_C10_04243.jpg,0,/mnt/research-projects/j/jlgage/RawUAVData01/uavforslb/final_image/final_sliced/20250711_C10_04243.jpg
4534,B7A,2024,7/15/24,8.0,7/16/24,20240716_B7A_04534.jpg,1,/mnt/research-projects/j/jlgage/RawUAVData01/uavforslb/final_image/final_sliced/20240716_B7A_04534.jpg
1652,C6B,2024,7/19/24,8.5,7/18/24,20240718_C6B_01652.jpg,-1,/mnt/research-projects/j/jlgage/RawUAVData01/uavforslb/final_image/final_sliced/20240718_C6B_01652.jpg
2116,C6B,2024,7/29/24,2.0,7/26/24,20240726_C6B_02116.jpg,-3,/mnt/research-projects/j/jlgage/RawUAVData01/uavforslb/final_image/final_sliced/20240726_C6B_02116.jpg
1589,C6B,2024,7/29/24,7.0,7/26/24,20240726_C6B_01589.jpg,-3,/mnt/research-projects/j/jlgage/RawUAVData01/uavforslb/final_image/final_sliced/20240726_C6B_01589.jpg
897,C6B,2024,7/19/24,5.5,7/18/24,20240718_C6B_00897.jpg,-1,/mnt/research-projects/j/jlgage/RawUAVData01/uavforslb/final_image/final_sliced/20240718_C6B_00897.jpg
46,C7B,2025,7/18/25,2.0,7/18/25,20250718_C7B_00046.jpg,0,/mnt/research-projects/j/jlgage/RawUAVData01/uavforslb/final_image/final_sliced/20250718_C7B_00046.jpg
1905,C7B,2025,7/10/25,5.0,7/10/25,20250710_C7B_01905.jpg,0,/mnt/research-projects/j/jlgage/RawUAVData01/uavforslb/final_image/final_sliced/20250710_C7B_01905.jpg
271,C7B,2025,7/4/25,7.0,7/4/25,20250704_C7B_00271.jpg,0,/mnt/research-projects/j/jlgage/RawUAVData01/uavforslb/final_image/final_sliced/20250704_C7B_00271.jpg
1409,C6B,2024,7/29/24,3.0,7/26/24,20240726_C6B_01409.jpg,-3,/mnt/research-projects/j/jlgage/RawUAVData01/uavforslb/final_image/final_sliced/20240726_C6B_01409.jpg
1364,C6B,2024,7/19/24,8.5,7/18/24,20240718_C6B_01364.jpg,-1,/mnt/research-projects/j/jlgage/RawUAVData01/uavforslb/final_image/final_sliced/20240718_C6B_01364.jpg
1470,C6B,2024,7/19/24,6.5,7/18/24,20240718_C6B_01470.jpg,-1,/mnt/research-projects/j/jlgage/RawUAVData01/uavforslb/final_image/final_sliced/20240718_C6B_01470.jpg
1054,C7B,2025,7/18/25,2.0,7/18/25,20250718_C7B_01054.jpg,0,/mnt/research-projects/j/jlgage/RawUAVData01/uavforslb/final_image/final_sliced/20250718_C7B_01054.jpg
399,C7B,2025,7/18/25,2.0,7/18/25,20250718_C7B_00399.jpg,0,/mnt/research-projects/j/jlgage/RawUAVData01/uavforslb/final_image/final_sliced/20250718_C7B_00399.jpg
1640,C7B,2025,7/1/25,7.5,7/1/25,20250701_C7B_01640.jpg,0,/mnt/research-projects/j/jlgage/RawUAVData01/uavforslb/final_image/final_sliced/20250701_C7B_01640.jpg
1654,C7B,2025,7/10/25,6.5,7/10/25,20250710_C7B_01654.jpg,0,/mnt/research-projects/j/jlgage/RawUAVData01/uavforslb/final_image/final_sliced/20250710_C7B_01654.jpg
1285,C6B,2024,7/29/24,6.0,7/26/24,20240726_C6B_01285.jpg,-3,/mnt/research-projects/j/jlgage/RawUAVData01/uavforslb/final_image/final_sliced/20240726_C6B_01285.jpg
4280,C10,2025,7/7/25,7.0,7/7/25,20250707_C10_04280.jpg,0,/mnt/research-projects/j/jlgage/RawUAVData01/uavforslb/final_image/final_sliced/20250707_C10_04280.jpg
2599,C6B,2024,7/30/24,1.5,8/2/24,20240802_C6B_02599.jpg,3,/mnt/research-projects/j/jlgage/RawUAVData01/uavforslb/final_image/final_sliced/20240802_C6B_02599.jpg
1534,C7B,2025,7/18/25,2.0,7/18/25,20250718_C7B_01534.jpg,0,/mnt/research-projects/j/jlgage/RawUAVData01/uavforslb/final_image/final_sliced/20250718_C7B_01534.jpg
4976,C10,2025,7/2/25,6.5,7/4/25,20250704_C10_04976.jpg,2,/mnt/research-projects/j/jlgage/RawUAVData01/uavforslb/final_image/final_sliced/20250704_C10_04976.jpg
4462,B7A,2024,7/15/24,6.0,7/16/24,20240716_B7A_04462.jpg,1,/mnt/research-projects/j/jlgage/RawUAVData01/uavforslb/final_image/final_sliced/20240716_B7A_04462.jpg
4260,C10,2025,6/30/25,6.0,6/28/25,20250628_C10_04260.jpg,-2,/mnt/research-projects/j/jlgage/RawUAVData01/uavforslb/final_image/final_sliced/20250628_C10_04260.jpg
5372,C10,2025,7/11/25,4.0,7/11/25,20250711_C10_05372.jpg,0,/mnt/research-projects/j/jlgage/RawUAVData01/uavforslb/final_image/final_sliced/20250711_C10_05372.jpg
5531,B7A,2024,7/1/24,8.0,7/3/24,20240703_B7A_05531.jpg,2,/mnt/research-projects/j/jlgage/RawUAVData01/uavforslb/final_image/final_sliced/20240703_B7A_05531.jpg
1929,C6B,2024,7/29/24,1.5,7/26/24,20240726_C6B_01929.jpg,-3,/mnt/research-projects/j/jlgage/RawUAVData01/uavforslb/final_image/final_sliced/20240726_C6B_01929.jpg
3550,C6B,2024,7/15/24,8.5,7/18/24,20240718_C6B_03550.jpg,3,/mnt/research-projects/j/jlgage/RawUAVData01/uavforslb/final_image/final_sliced/20240718_C6B_03550.jpg
461,C6B,2024,7/19/24,8.5,7/18/24,20240718_C6B_00461.jpg,-1,/mnt/research-projects/j/jlgage/RawUAVData01/uavforslb/final_image/final_sliced/20240718_C6B_00461.jpg
4626,B7A,2024,7/15/24,7.0,7/16/24,20240716_B7A_04626.jpg,1,/mnt/research-projects/j/jlgage/RawUAVData01/uavforslb/final_image/final_sliced/20240716_B7A_04626.jpg
53,C7B,2025,7/18/25,2.5,7/18/25,20250718_C7B_00053.jpg,0,/mnt/research-projects/j/jlgage/RawUAVData01/uavforslb/final_image/final_sliced/20250718_C7B_00053.jpg
2562,C6B,2024,7/18/24,4.0,7/18/24,20240718_C6B_02562.jpg,0,/mnt/research-projects/j/jlgage/RawUAVData01/uavforslb/final_image/final_sliced/20240718_C6B_02562.jpg
5509,B7A,2024,7/11/24,7.5,7/10/24,20240710_B7A_05509.jpg,-1,/mnt/research-projects/j/jlgage/RawUAVData01/uavforslb/final_image/final_sliced/20240710_B7A_05509.jpg
3754,C6B,2024,7/30/24,5.0,8/2/24,20240802_C6B_03754.jpg,3,/mnt/research-projects/j/jlgage/RawUAVData01/uavforslb/final_image/final_sliced/20240802_C6B_03754.jpg
4655,C10,2025,7/2/25,5.0,7/4/25,20250704_C10_04655.jpg,2,/mnt/research-projects/j/jlgage/RawUAVData01/uavforslb/final_image/final_sliced/20250704_C10_04655.jpg
4177,B7A,2024,7/15/24,6.0,7/16/24,20240716_B7A_04177.jpg,1,/mnt/research-projects/j/jlgage/RawUAVData01/uavforslb/final_image/final_sliced/20240716_B7A_04177.jpg
1927,C6B,2024,7/29/24,1.5,7/26/24,20240726_C6B_01927.jpg,-3,/mnt/research-projects/j/jlgage/RawUAVData01/uavforslb/final_image/final_sliced/20240726_C6B_01927.jpg
3129,C6B,2024,7/30/24,3.5,8/2/24,20240802_C6B_03129.jpg,3,/mnt/research-projects/j/jlgage/RawUAVData01/uavforslb/final_image/final_sliced/20240802_C6B_03129.jpg
2831,C7B,2025,7/18/25,7.0,7/18/25,20250718_C7B_02831.jpg,0,/mnt/research-projects/j/jlgage/RawUAVData01/uavforslb/final_image/final_sliced/20250718_C7B_02831.jpg
2123,C6B,2024,7/29/24,1.0,7/26/24,20240726_C6B_02123.jpg,-3,/mnt/research-projects/j/jlgage/RawUAVData01/uavforslb/final_image/final_sliced/20240726_C6B_02123.jpg
5181,C10,2025,7/11/25,6.5,7/11/25,20250711_C10_05181.jpg,0,/mnt/research-projects/j/jlgage/RawUAVData01/uavforslb/final_image/final_sliced/20250711_C10_05181.jpg
5847,C10,2025,7/19/25,6.5,7/18/25,20250718_C10_05847.jpg,-1,/mnt/research-projects/j/jlgage/RawUAVData01/uavforslb/final_image/final_sliced/20250718_C10_05847.jpg
4482,C10,2025,7/20/25,4.0,7/21/25,20250721_C10_04482.jpg,1,/mnt/research-projects/j/jlgage/RawUAVData01/uavforslb/final_image/final_sliced/20250721_C10_04482.jpg
890,C6B,2024,7/29/24,6.0,7/26/24,20240726_C6B_00890.jpg,-3,/mnt/research-projects/j/jlgage/RawUAVData01/uavforslb/final_image/final_sliced/20240726_C6B_00890.jpg
2526,C6B,2024,7/11/24,7.5,7/10/24,20240710_C6B_02526.jpg,-1,/mnt/research-projects/j/jlgage/RawUAVData01/uavforslb/final_image/final_sliced/20240710_C6B_02526.jpg
576,C7B,2025,7/18/25,2.5,7/18/25,20250718_C7B_00576.jpg,0,/mnt/research-projects/j/jlgage/RawUAVData01/uavforslb/final_image/final_sliced/20250718_C7B_00576.jpg
4121,C10,2025,7/11/25,6.0,7/11/25,20250711_C10_04121.jpg,0,/mnt/research-projects/j/jlgage/RawUAVData01/uavforslb/final_image/final_sliced/20250711_C10_04121.jpg
4208,C10,2025,6/30/25,7.0,6/28/25,20250628_C10_04208.jpg,-2,/mnt/research-projects/j/jlgage/RawUAVData01/uavforslb/final_image/final_sliced/20250628_C10_04208.jpg
296,C7B,2025,7/10/25,5.0,7/10/25,20250710_C7B_00296.jpg,0,/mnt/research-projects/j/jlgage/RawUAVData01/uavforslb/final_image/final_sliced/20250710_C7B_00296.jpg
4886,C10,2025,7/2/25,5.5,7/4/25,20250704_C10_04886.jpg,2,/mnt/research-projects/j/jlgage/RawUAVData01/uavforslb/final_image/final_sliced/20250704_C10_04886.jpg
2839,C6B,2024,7/30/24,1.5,8/2/24,20240802_C6B_02839.jpg,3,/mnt/research-projects/j/jlgage/RawUAVData01/uavforslb/final_image/final_sliced/20240802_C6B_02839.jpg
5762,C10,2025,7/1/25,5.0,6/28/25,20250628_C10_05762.jpg,-3,/mnt/research-projects/j/jlgage/RawUAVData01/uavforslb/final_image/final_sliced/20250628_C10_05762.jpg
1730,C7B,2025,7/1/25,7.5,7/1/25,20250701_C7B_01730.jpg,0,/mnt/research-projects/j/jlgage/RawUAVData01/uavforslb/final_image/final_sliced/20250701_C7B_01730.jpg
1812,C6B,2024,7/19/24,7.0,7/18/24,20240718_C6B_01812.jpg,-1,/mnt/research-projects/j/jlgage/RawUAVData01/uavforslb/final_image/final_sliced/20240718_C6B_01812.jpg
22,C7B,2025,7/4/25,7.5,7/4/25,20250704_C7B_00022.jpg,0,/mnt/research-projects/j/jlgage/RawUAVData01/uavforslb/final_image/final_sliced/20250704_C7B_00022.jpg
649,C6B,2024,7/29/24,5.5,7/26/24,20240726_C6B_00649.jpg,-3,/mnt/research-projects/j/jlgage/RawUAVData01/uavforslb/final_image/final_sliced/20240726_C6B_00649.jpg
565,C7B,2025,7/18/25,4.0,7/18/25,20250718_C7B_00565.jpg,0,/mnt/research-projects/j/jlgage/RawUAVData01/uavforslb/final_image/final_sliced/20250718_C7B_00565.jpg
32,C7B,2025,7/11/25,7.0,7/10/25,20250710_C7B_00032.jpg,-1,/mnt/research-projects/j/jlgage/RawUAVData01/uavforslb/final_image/final_sliced/20250710_C7B_00032.jpg
4536,C10,2025,7/2/25,6.5,7/4/25,20250704_C10_04536.jpg,2,/mnt/research-projects/j/jlgage/RawUAVData01/uavforslb/final_image/final_sliced/20250704_C10_04536.jpg
1402,C6B,2024,7/29/24,4.0,7/26/24,20240726_C6B_01402.jpg,-3,/mnt/research-projects/j/jlgage/RawUAVData01/uavforslb/final_image/final_sliced/20240726_C6B_01402.jpg
4398,C10,2025,7/7/25,7.5,7/7/25,20250707_C10_04398.jpg,0,/mnt/research-projects/j/jlgage/RawUAVData01/uavforslb/final_image/final_sliced/20250707_C10_04398.jpg
4688,C10,2025,7/11/25,5.0,7/11/25,20250711_C10_04688.jpg,0,/mnt/research-projects/j/jlgage/RawUAVData01/uavforslb/final_image/final_sliced/20250711_C10_04688.jpg
578,C6B,2024,7/19/24,7.0,7/18/24,20240718_C6B_00578.jpg,-1,/mnt/research-projects/j/jlgage/RawUAVData01/uavforslb/final_image/final_sliced/20240718_C6B_00578.jpg
5106,C10,2025,7/11/25,6.0,7/11/25,20250711_C10_05106.jpg,0,/mnt/research-projects/j/jlgage/RawUAVData01/uavforslb/final_image/final_sliced/20250711_C10_05106.jpg
4133,B7A,2024,7/30/24,1.5,7/27/24,20240727_B7A_04133.jpg,-3,/mnt/research-projects/j/jlgage/RawUAVData01/uavforslb/final_image/final_sliced/20240727_B7A_04133.jpg
1436,C7B,2025,7/18/25,3.5,7/18/25,20250718_C7B_01436.jpg,0,/mnt/research-projects/j/jlgage/RawUAVData01/uavforslb/final_image/final_sliced/20250718_C7B_01436.jpg
1369,C7B,2025,7/1/25,7.0,7/1/25,20250701_C7B_01369.jpg,0,/mnt/research-projects/j/jlgage/RawUAVData01/uavforslb/final_image/final_sliced/20250701_C7B_01369.jpg
4137,B7A,2024,7/30/24,1.5,7/27/24,20240727_B7A_04137.jpg,-3,/mnt/research-projects/j/jlgage/RawUAVData01/uavforslb/final_image/final_sliced/20240727_B7A_04137.jpg
4596,B7A,2024,7/30/24,3.0,7/27/24,20240727_B7A_04596.jpg,-3,/mnt/research-projects/j/jlgage/RawUAVData01/uavforslb/final_image/final_sliced/20240727_B7A_04596.jpg
4522,C10,2025,7/2/25,6.0,7/4/25,20250704_C10_04522.jpg,2,/mnt/research-projects/j/jlgage/RawUAVData01/uavforslb/final_image/final_sliced/20250704_C10_04522.jpg
2895,C6B,2024,7/15/24,7.5,7/18/24,20240718_C6B_02895.jpg,3,/mnt/research-projects/j/jlgage/RawUAVData01/uavforslb/final_image/final_sliced/20240718_C6B_02895.jpg
3445,C6B,2024,7/30/24,4.0,8/2/24,20240802_C6B_03445.jpg,3,/mnt/research-projects/j/jlgage/RawUAVData01/uavforslb/final_image/final_sliced/20240802_C6B_03445.jpg
573,C7B,2025,6/30/25,6.0,7/1/25,20250701_C7B_00573.jpg,1,/mnt/research-projects/j/jlgage/RawUAVData01/uavforslb/final_image/final_sliced/20250701_C7B_00573.jpg
593,C6B,2024,7/29/24,5.0,7/26/24,20240726_C6B_00593.jpg,-3,/mnt/research-projects/j/jlgage/RawUAVData01/uavforslb/final_image/final_sliced/20240726_C6B_00593.jpg
2826,C6B,2024,7/15/24,8.5,7/18/24,20240718_C6B_02826.jpg,3,/mnt/research-projects/j/jlgage/RawUAVData01/uavforslb/final_image/final_sliced/20240718_C6B_02826.jpg
4946,C10,2025,7/11/25,5.5,7/11/25,20250711_C10_04946.jpg,0,/mnt/research-projects/j/jlgage/RawUAVData01/uavforslb/final_image/final_sliced/20250711_C10_04946.jpg
2749,C7B,2025,7/13/25,7.5,7/12/25,20250712_C7B_02749.jpg,-1,/mnt/research-projects/j/jlgage/RawUAVData01/uavforslb/final_image/final_sliced/20250712_C7B_02749.jpg
5314,C10,2025,7/2/25,5.0,7/4/25,20250704_C10_05314.jpg,2,/mnt/research-projects/j/jlgage/RawUAVData01/uavforslb/final_image/final_sliced/20250704_C10_05314.jpg
2155,C6B,2024,7/29/24,3.0,7/26/24,20240726_C6B_02155.jpg,-3,/mnt/research-projects/j/jlgage/RawUAVData01/uavforslb/final_image/final_sliced/20240726_C6B_02155.jpg
2832,C6B,2024,7/15/24,8.0,7/18/24,20240718_C6B_02832.jpg,3,/mnt/research-projects/j/jlgage/RawUAVData01/uavforslb/final_image/final_sliced/20240718_C6B_02832.jpg
4051,C10,2025,6/30/25,7.5,6/28/25,20250628_C10_04051.jpg,-2,/mnt/research-projects/j/jlgage/RawUAVData01/uavforslb/final_image/final_sliced/20250628_C10_04051.jpg
2864,C7B,2025,7/13/25,5.5,7/12/25,20250712_C7B_02864.jpg,-1,/mnt/research-projects/j/jlgage/RawUAVData01/uavforslb/final_image/final_sliced/20250712_C7B_02864.jpg
4718,C10,2025,7/20/25,2.0,7/21/25,20250721_C10_04718.jpg,1,/mnt/research-projects/j/jlgage/RawUAVData01/uavforslb/final_image/final_sliced/20250721_C10_04718.jpg
2870,C7B,2025,6/30/25,8.0,7/1/25,20250701_C7B_02870.jpg,1,/mnt/research-projects/j/jlgage/RawUAVData01/uavforslb/final_image/final_sliced/20250701_C7B_02870.jpg
446,C6B,2024,7/29/24,8.0,7/26/24,20240726_C6B_00446.jpg,-3,/mnt/research-projects/j/jlgage/RawUAVData01/uavforslb/final_image/final_sliced/20240726_C6B_00446.jpg
2719,C7B,2025,7/18/25,4.0,7/18/25,20250718_C7B_02719.jpg,0,/mnt/research-projects/j/jlgage/RawUAVData01/uavforslb/final_image/final_sliced/20250718_C7B_02719.jpg
4835,C10,2025,7/2/25,5.0,7/4/25,20250704_C10_04835.jpg,2,/mnt/research-projects/j/jlgage/RawUAVData01/uavforslb/final_image/final_sliced/20250704_C10_04835.jpg
5436,C10,2025,7/2/25,7.0,7/4/25,20250704_C10_05436.jpg,2,/mnt/research-projects/j/jlgage/RawUAVData01/uavforslb/final_image/final_sliced/20250704_C10_05436.jpg
6727,C10,2025,6/30/25,8.5,6/28/25,20250628_C10_06727.jpg,-2,/mnt/research-projects/j/jlgage/RawUAVData01/uavforslb/final_image/final_sliced/20250628_C10_06727.jpg
5568,B7A,2024,7/1/24,8.0,7/3/24,20240703_B7A_05568.jpg,2,/mnt/research-projects/j/jlgage/RawUAVData01/uavforslb/final_image/final_sliced/20240703_B7A_05568.jpg
383,C7B,2025,7/18/25,2.5,7/18/25,20250718_C7B_00383.jpg,0,/mnt/research-projects/j/jlgage/RawUAVData01/uavforslb/final_image/final_sliced/20250718_C7B_00383.jpg
4718,C10,2025,7/11/25,4.0,7/11/25,20250711_C10_04718.jpg,0,/mnt/research-projects/j/jlgage/RawUAVData01/uavforslb/final_image/final_sliced/20250711_C10_04718.jpg
3155,C6B,2024,7/30/24,1.5,8/2/24,20240802_C6B_03155.jpg,3,/mnt/research-projects/j/jlgage/RawUAVData01/uavforslb/final_image/final_sliced/20240802_C6B_03155.jpg
1624,C7B,2025,7/18/25,3.0,7/18/25,20250718_C7B_01624.jpg,0,/mnt/research-projects/j/jlgage/RawUAVData01/uavforslb/final_image/final_sliced/20250718_C7B_01624.jpg
1836,C6B,2024,7/29/24,3.5,7/26/24,20240726_C6B_01836.jpg,-3,/mnt/research-projects/j/jlgage/RawUAVData01/uavforslb/final_image/final_sliced/20240726_C6B_01836.jpg
969,C6B,2024,7/19/24,8.5,7/18/24,20240718_C6B_00969.jpg,-1,/mnt/research-projects/j/jlgage/RawUAVData01/uavforslb/final_image/final_sliced/20240718_C6B_00969.jpg
4136,C10,2025,7/7/25,6.5,7/7/25,20250707_C10_04136.jpg,0,/mnt/research-projects/j/jlgage/RawUAVData01/uavforslb/final_image/final_sliced/20250707_C10_04136.jpg
421,C7B,2025,6/30/25,6.0,7/1/25,20250701_C7B_00421.jpg,1,/mnt/research-projects/j/jlgage/RawUAVData01/uavforslb/final_image/final_sliced/20250701_C7B_00421.jpg
154,C6B,2024,7/19/24,8.0,7/18/24,20240718_C6B_00154.jpg,-1,/mnt/research-projects/j/jlgage/RawUAVData01/uavforslb/final_image/final_sliced/20240718_C6B_00154.jpg
6808,C10,2025,7/8/25,8.0,7/7/25,20250707_C10_06808.jpg,-1,/mnt/research-projects/j/jlgage/RawUAVData01/uavforslb/final_image/final_sliced/20250707_C10_06808.jpg
3295,C6B,2024,7/15/24,8.0,7/18/24,20240718_C6B_03295.jpg,3,/mnt/research-projects/j/jlgage/RawUAVData01/uavforslb/final_image/final_sliced/20240718_C6B_03295.jpg
2083,C6B,2024,7/29/24,1.5,7/26/24,20240726_C6B_02083.jpg,-3,/mnt/research-projects/j/jlgage/RawUAVData01/uavforslb/final_image/final_sliced/20240726_C6B_02083.jpg
4489,B7A,2024,7/30/24,3.0,7/27/24,20240727_B7A_04489.jpg,-3,/mnt/research-projects/j/jlgage/RawUAVData01/uavforslb/final_image/final_sliced/20240727_B7A_04489.jpg
1440,C7B,2025,7/18/25,4.0,7/18/25,20250718_C7B_01440.jpg,0,/mnt/research-projects/j/jlgage/RawUAVData01/uavforslb/final_image/final_sliced/20250718_C7B_01440.jpg
2120,C6B,2024,7/19/24,7.0,7/18/24,20240718_C6B_02120.jpg,-1,/mnt/research-projects/j/jlgage/RawUAVData01/uavforslb/final_image/final_sliced/20240718_C6B_02120.jpg
6720,C10,2025,7/3/25,8.0,7/4/25,20250704_C10_06720.jpg,1,/mnt/research-projects/j/jlgage/RawUAVData01/uavforslb/final_image/final_sliced/20250704_C10_06720.jpg
6823,C10,2025,7/18/25,6.5,7/18/25,20250718_C10_06823.jpg,0,/mnt/research-projects/j/jlgage/RawUAVData01/uavforslb/final_image/final_sliced/20250718_C10_06823.jpg
4116,B7A,2024,7/30/24,1.5,7/27/24,20240727_B7A_04116.jpg,-3,/mnt/research-projects/j/jlgage/RawUAVData01/uavforslb/final_image/final_sliced/20240727_B7A_04116.jpg
2863,C6B,2024,7/15/24,8.0,7/18/24,20240718_C6B_02863.jpg,3,/mnt/research-projects/j/jlgage/RawUAVData01/uavforslb/final_image/final_sliced/20240718_C6B_02863.jpg
1741,C6B,2024,7/19/24,8.0,7/18/24,20240718_C6B_01741.jpg,-1,/mnt/research-projects/j/jlgage/RawUAVData01/uavforslb/final_image/final_sliced/20240718_C6B_01741.jpg
1828,C7B,2025,7/19/25,2.5,7/18/25,20250718_C7B_01828.jpg,-1,/mnt/research-projects/j/jlgage/RawUAVData01/uavforslb/final_image/final_sliced/20250718_C7B_01828.jpg
1689,C7B,2025,7/19/25,2.0,7/18/25,20250718_C7B_01689.jpg,-1,/mnt/research-projects/j/jlgage/RawUAVData01/uavforslb/final_image/final_sliced/20250718_C7B_01689.jpg
4451,C10,2025,7/19/25,4.0,7/18/25,20250718_C10_04451.jpg,-1,/mnt/research-projects/j/jlgage/RawUAVData01/uavforslb/final_image/final_sliced/20250718_C10_04451.jpg
4148,C10,2025,6/30/25,6.0,6/28/25,20250628_C10_04148.jpg,-2,/mnt/research-projects/j/jlgage/RawUAVData01/uavforslb/final_image/final_sliced/20250628_C10_04148.jpg
6748,C10,2025,6/30/25,8.0,6/28/25,20250628_C10_06748.jpg,-2,/mnt/research-projects/j/jlgage/RawUAVData01/uavforslb/final_image/final_sliced/20250628_C10_06748.jpg
60,C7B,2025,7/4/25,7.0,7/4/25,20250704_C7B_00060.jpg,0,/mnt/research-projects/j/jlgage/RawUAVData01/uavforslb/final_image/final_sliced/20250704_C7B_00060.jpg
1798,C7B,2025,7/7/25,5.0,7/7/25,20250707_C7B_01798.jpg,0,/mnt/research-projects/j/jlgage/RawUAVData01/uavforslb/final_image/final_sliced/20250707_C7B_01798.jpg
279,C7B,2025,6/30/25,8.0,7/1/25,20250701_C7B_00279.jpg,1,/mnt/research-projects/j/jlgage/RawUAVData01/uavforslb/final_image/final_sliced/20250701_C7B_00279.jpg
2123,C6B,2024,7/19/24,3.0,7/18/24,20240718_C6B_02123.jpg,-1,/mnt/research-projects/j/jlgage/RawUAVData01/uavforslb/final_image/final_sliced/20240718_C6B_02123.jpg
1132,C7B,2025,7/10/25,7.0,7/10/25,20250710_C7B_01132.jpg,0,/mnt/research-projects/j/jlgage/RawUAVData01/uavforslb/final_image/final_sliced/20250710_C7B_01132.jpg
4504,B7A,2024,7/15/24,8.0,7/16/24,20240716_B7A_04504.jpg,1,/mnt/research-projects/j/jlgage/RawUAVData01/uavforslb/final_image/final_sliced/20240716_B7A_04504.jpg
114,C7B,2025,7/18/25,3.5,7/18/25,20250718_C7B_00114.jpg,0,/mnt/research-projects/j/jlgage/RawUAVData01/uavforslb/final_image/final_sliced/20250718_C7B_00114.jpg
380,C7B,2025,7/18/25,4.0,7/18/25,20250718_C7B_00380.jpg,0,/mnt/research-projects/j/jlgage/RawUAVData01/uavforslb/final_image/final_sliced/20250718_C7B_00380.jpg
4575,C10,2025,7/11/25,6.0,7/11/25,20250711_C10_04575.jpg,0,/mnt/research-projects/j/jlgage/RawUAVData01/uavforslb/final_image/final_sliced/20250711_C10_04575.jpg
1407,C6B,2024,7/19/24,8.0,7/18/24,20240718_C6B_01407.jpg,-1,/mnt/research-projects/j/jlgage/RawUAVData01/uavforslb/final_image/final_sliced/20240718_C6B_01407.jpg
418,C6B,2024,7/29/24,4.0,7/26/24,20240726_C6B_00418.jpg,-3,/mnt/research-projects/j/jlgage/RawUAVData01/uavforslb/final_image/final_sliced/20240726_C6B_00418.jpg
3360,C6B,2024,7/30/24,1.0,8/2/24,20240802_C6B_03360.jpg,3,/mnt/research-projects/j/jlgage/RawUAVData01/uavforslb/final_image/final_sliced/20240802_C6B_03360.jpg
3999,B7A,2024,7/15/24,8.5,7/16/24,20240716_B7A_03999.jpg,1,/mnt/research-projects/j/jlgage/RawUAVData01/uavforslb/final_image/final_sliced/20240716_B7A_03999.jpg
4244,B7A,2024,7/30/24,2.5,7/27/24,20240727_B7A_04244.jpg,-3,/mnt/research-projects/j/jlgage/RawUAVData01/uavforslb/final_image/final_sliced/20240727_B7A_04244.jpg
4400,B7A,2024,7/15/24,8.0,7/16/24,20240716_B7A_04400.jpg,1,/mnt/research-projects/j/jlgage/RawUAVData01/uavforslb/final_image/final_sliced/20240716_B7A_04400.jpg
1184,C7B,2025,7/1/25,5.0,7/1/25,20250701_C7B_01184.jpg,0,/mnt/research-projects/j/jlgage/RawUAVData01/uavforslb/final_image/final_sliced/20250701_C7B_01184.jpg
738,C7B,2025,6/30/25,7.0,7/1/25,20250701_C7B_00738.jpg,1,/mnt/research-projects/j/jlgage/RawUAVData01/uavforslb/final_image/final_sliced/20250701_C7B_00738.jpg
2799,C6B,2024,7/15/24,8.0,7/18/24,20240718_C6B_02799.jpg,3,/mnt/research-projects/j/jlgage/RawUAVData01/uavforslb/final_image/final_sliced/20240718_C6B_02799.jpg
611,C6B,2024,7/19/24,6.0,7/18/24,20240718_C6B_00611.jpg,-1,/mnt/research-projects/j/jlgage/RawUAVData01/uavforslb/final_image/final_sliced/20240718_C6B_00611.jpg
2900,C6B,2024,7/15/24,6.0,7/18/24,20240718_C6B_02900.jpg,3,/mnt/research-projects/j/jlgage/RawUAVData01/uavforslb/final_image/final_sliced/20240718_C6B_02900.jpg
117,C7B,2025,7/18/25,4.0,7/18/25,20250718_C7B_00117.jpg,0,/mnt/research-projects/j/jlgage/RawUAVData01/uavforslb/final_image/final_sliced/20250718_C7B_00117.jpg
1139,C7B,2025,7/10/25,6.5,7/10/25,20250710_C7B_01139.jpg,0,/mnt/research-projects/j/jlgage/RawUAVData01/uavforslb/final_image/final_sliced/20250710_C7B_01139.jpg
3548,C6B,2024,7/15/24,8.5,7/18/24,20240718_C6B_03548.jpg,3,/mnt/research-projects/j/jlgage/RawUAVData01/uavforslb/final_image/final_sliced/20240718_C6B_03548.jpg
4400,B7A,2024,7/30/24,1.5,7/27/24,20240727_B7A_04400.jpg,-3,/mnt/research-projects/j/jlgage/RawUAVData01/uavforslb/final_image/final_sliced/20240727_B7A_04400.jpg
4519,C10,2025,7/11/25,3.5,7/11/25,20250711_C10_04519.jpg,0,/mnt/research-projects/j/jlgage/RawUAVData01/uavforslb/final_image/final_sliced/20250711_C10_04519.jpg
6658,C10,2025,6/30/25,7.5,6/28/25,20250628_C10_06658.jpg,-2,/mnt/research-projects/j/jlgage/RawUAVData01/uavforslb/final_image/final_sliced/20250628_C10_06658.jpg
4675,C10,2025,7/2/25,6.0,7/4/25,20250704_C10_04675.jpg,2,/mnt/research-projects/j/jlgage/RawUAVData01/uavforslb/final_image/final_sliced/20250704_C10_04675.jpg
6668,C10,2025,7/14/25,3.5,7/14/25,20250714_C10_06668.jpg,0,/mnt/research-projects/j/jlgage/RawUAVData01/uavforslb/final_image/final_sliced/20250714_C10_06668.jpg
2781,C7B,2025,7/8/25,8.0,7/7/25,20250707_C7B_02781.jpg,-1,/mnt/research-projects/j/jlgage/RawUAVData01/uavforslb/final_image/final_sliced/20250707_C7B_02781.jpg
278,C7B,2025,7/4/25,6.5,7/4/25,20250704_C7B_00278.jpg,0,/mnt/research-projects/j/jlgage/RawUAVData01/uavforslb/final_image/final_sliced/20250704_C7B_00278.jpg
2542,C6B,2024,7/18/24,7.5,7/18/24,20240718_C6B_02542.jpg,0,/mnt/research-projects/j/jlgage/RawUAVData01/uavforslb/final_image/final_sliced/20240718_C6B_02542.jpg
125,C6B,2024,7/29/24,5.0,7/26/24,20240726_C6B_00125.jpg,-3,/mnt/research-projects/j/jlgage/RawUAVData01/uavforslb/final_image/final_sliced/20240726_C6B_00125.jpg
5640,C10,2025,7/20/25,1.5,7/21/25,20250721_C10_05640.jpg,1,/mnt/research-projects/j/jlgage/RawUAVData01/uavforslb/final_image/final_sliced/20250721_C10_05640.jpg
5621,C10,2025,7/2/25,5.0,7/4/25,20250704_C10_05621.jpg,2,/mnt/research-projects/j/jlgage/RawUAVData01/uavforslb/final_image/final_sliced/20250704_C10_05621.jpg
808,C7B,2025,7/1/25,7.0,7/1/25,20250701_C7B_00808.jpg,0,/mnt/research-projects/j/jlgage/RawUAVData01/uavforslb/final_image/final_sliced/20250701_C7B_00808.jpg
4367,B7A,2024,7/15/24,7.5,7/16/24,20240716_B7A_04367.jpg,1,/mnt/research-projects/j/jlgage/RawUAVData01/uavforslb/final_image/final_sliced/20240716_B7A_04367.jpg
652,C7B,2025,6/30/25,7.5,7/1/25,20250701_C7B_00652.jpg,1,/mnt/research-projects/j/jlgage/RawUAVData01/uavforslb/final_image/final_sliced/20250701_C7B_00652.jpg
3384,C6B,2024,7/30/24,1.0,8/2/24,20240802_C6B_03384.jpg,3,/mnt/research-projects/j/jlgage/RawUAVData01/uavforslb/final_image/final_sliced/20240802_C6B_03384.jpg
707,C6B,2024,7/19/24,8.5,7/18/24,20240718_C6B_00707.jpg,-1,/mnt/research-projects/j/jlgage/RawUAVData01/uavforslb/final_image/final_sliced/20240718_C6B_00707.jpg
3762,C6B,2024,7/15/24,7.5,7/18/24,20240718_C6B_03762.jpg,3,/mnt/research-projects/j/jlgage/RawUAVData01/uavforslb/final_image/final_sliced/20240718_C6B_03762.jpg
2038,C6B,2024,7/19/24,7.5,7/18/24,20240718_C6B_02038.jpg,-1,/mnt/research-projects/j/jlgage/RawUAVData01/uavforslb/final_image/final_sliced/20240718_C6B_02038.jpg
4404,C10,2025,7/19/25,3.0,7/18/25,20250718_C10_04404.jpg,-1,/mnt/research-projects/j/jlgage/RawUAVData01/uavforslb/final_image/final_sliced/20250718_C10_04404.jpg
5998,C10,2025,7/11/25,4.5,7/11/25,20250711_C10_05998.jpg,0,/mnt/research-projects/j/jlgage/RawUAVData01/uavforslb/final_image/final_sliced/20250711_C10_05998.jpg
608,C6B,2024,7/19/24,8.5,7/18/24,20240718_C6B_00608.jpg,-1,/mnt/research-projects/j/jlgage/RawUAVData01/uavforslb/final_image/final_sliced/20240718_C6B_00608.jpg
4580,B7A,2024,7/15/24,7.5,7/16/24,20240716_B7A_04580.jpg,1,/mnt/research-projects/j/jlgage/RawUAVData01/uavforslb/final_image/final_sliced/20240716_B7A_04580.jpg
1626,C6B,2024,7/19/24,8.0,7/18/24,20240718_C6B_01626.jpg,-1,/mnt/research-projects/j/jlgage/RawUAVData01/uavforslb/final_image/final_sliced/20240718_C6B_01626.jpg
4561,C10,2025,7/2/25,6.5,7/4/25,20250704_C10_04561.jpg,2,/mnt/research-projects/j/jlgage/RawUAVData01/uavforslb/final_image/final_sliced/20250704_C10_04561.jpg
4804,C10,2025,7/20/25,2.0,7/21/25,20250721_C10_04804.jpg,1,/mnt/research-projects/j/jlgage/RawUAVData01/uavforslb/final_image/final_sliced/20250721_C10_04804.jpg
3387,C6B,2024,7/30/24,1.0,8/2/24,20240802_C6B_03387.jpg,3,/mnt/research-projects/j/jlgage/RawUAVData01/uavforslb/final_image/final_sliced/20240802_C6B_03387.jpg
3382,C6B,2024,7/15/24,7.0,7/18/24,20240718_C6B_03382.jpg,3,/mnt/research-projects/j/jlgage/RawUAVData01/uavforslb/final_image/final_sliced/20240718_C6B_03382.jpg
1,C7B,2025,7/4/25,7.5,7/4/25,20250704_C7B_00001.jpg,0,/mnt/research-projects/j/jlgage/RawUAVData01/uavforslb/final_image/final_sliced/20250704_C7B_00001.jpg
6762,C10,2025,7/3/25,8.0,7/4/25,20250704_C10_06762.jpg,1,/mnt/research-projects/j/jlgage/RawUAVData01/uavforslb/final_image/final_sliced/20250704_C10_06762.jpg
2850,C6B,2024,7/21/24,5.0,7/18/24,20240718_C6B_02850.jpg,-3,/mnt/research-projects/j/jlgage/RawUAVData01/uavforslb/final_image/final_sliced/20240718_C6B_02850.jpg
5509,B7A,2024,7/1/24,7.5,7/3/24,20240703_B7A_05509.jpg,2,/mnt/research-projects/j/jlgage/RawUAVData01/uavforslb/final_image/final_sliced/20240703_B7A_05509.jpg
5426,C10,2025,7/2/25,6.0,7/4/25,20250704_C10_05426.jpg,2,/mnt/research-projects/j/jlgage/RawUAVData01/uavforslb/final_image/final_sliced/20250704_C10_05426.jpg
4107,C10,2025,7/11/25,6.5,7/11/25,20250711_C10_04107.jpg,0,/mnt/research-projects/j/jlgage/RawUAVData01/uavforslb/final_image/final_sliced/20250711_C10_04107.jpg
5160,C10,2025,7/2/25,5.0,7/4/25,20250704_C10_05160.jpg,2,/mnt/research-projects/j/jlgage/RawUAVData01/uavforslb/final_image/final_sliced/20250704_C10_05160.jpg
765,C7B,2025,7/18/25,2.0,7/18/25,20250718_C7B_00765.jpg,0,/mnt/research-projects/j/jlgage/RawUAVData01/uavforslb/final_image/final_sliced/20250718_C7B_00765.jpg
1344,C6B,2024,7/19/24,7.0,7/18/24,20240718_C6B_01344.jpg,-1,/mnt/research-projects/j/jlgage/RawUAVData01/uavforslb/final_image/final_sliced/20240718_C6B_01344.jpg
3002,C6B,2024,7/15/24,8.5,7/18/24,20240718_C6B_03002.jpg,3,/mnt/research-projects/j/jlgage/RawUAVData01/uavforslb/final_image/final_sliced/20240718_C6B_03002.jpg
4368,C10,2025,7/19/25,2.0,7/18/25,20250718_C10_04368.jpg,-1,/mnt/research-projects/j/jlgage/RawUAVData01/uavforslb/final_image/final_sliced/20250718_C10_04368.jpg
642,C6B,2024,7/29/24,4.0,7/26/24,20240726_C6B_00642.jpg,-3,/mnt/research-projects/j/jlgage/RawUAVData01/uavforslb/final_image/final_sliced/20240726_C6B_00642.jpg
932,C6B,2024,7/29/24,4.0,7/26/24,20240726_C6B_00932.jpg,-3,/mnt/research-projects/j/jlgage/RawUAVData01/uavforslb/final_image/final_sliced/20240726_C6B_00932.jpg
3858,B7A,2024,7/30/24,4.0,7/27/24,20240727_B7A_03858.jpg,-3,/mnt/research-projects/j/jlgage/RawUAVData01/uavforslb/final_image/final_sliced/20240727_B7A_03858.jpg
598,C7B,2025,6/30/25,8.0,7/1/25,20250701_C7B_00598.jpg,1,/mnt/research-projects/j/jlgage/RawUAVData01/uavforslb/final_image/final_sliced/20250701_C7B_00598.jpg
1405,C6B,2024,7/29/24,5.5,7/26/24,20240726_C6B_01405.jpg,-3,/mnt/research-projects/j/jlgage/RawUAVData01/uavforslb/final_image/final_sliced/20240726_C6B_01405.jpg
5558,B7A,2024,7/18/24,7.0,7/16/24,20240716_B7A_05558.jpg,-2,/mnt/research-projects/j/jlgage/RawUAVData01/uavforslb/final_image/final_sliced/20240716_B7A_05558.jpg
5675,C10,2025,7/1/25,7.5,6/28/25,20250628_C10_05675.jpg,-3,/mnt/research-projects/j/jlgage/RawUAVData01/uavforslb/final_image/final_sliced/20250628_C10_05675.jpg
5192,C10,2025,7/20/25,3.0,7/21/25,20250721_C10_05192.jpg,1,/mnt/research-projects/j/jlgage/RawUAVData01/uavforslb/final_image/final_sliced/20250721_C10_05192.jpg
429,C7B,2025,7/10/25,6.5,7/10/25,20250710_C7B_00429.jpg,0,/mnt/research-projects/j/jlgage/RawUAVData01/uavforslb/final_image/final_sliced/20250710_C7B_00429.jpg
4604,C10,2025,7/20/25,3.0,7/21/25,20250721_C10_04604.jpg,1,/mnt/research-projects/j/jlgage/RawUAVData01/uavforslb/final_image/final_sliced/20250721_C10_04604.jpg
5063,C10,2025,7/2/25,4.0,7/4/25,20250704_C10_05063.jpg,2,/mnt/research-projects/j/jlgage/RawUAVData01/uavforslb/final_image/final_sliced/20250704_C10_05063.jpg
4630,B7A,2024,7/15/24,8.5,7/16/24,20240716_B7A_04630.jpg,1,/mnt/research-projects/j/jlgage/RawUAVData01/uavforslb/final_image/final_sliced/20240716_B7A_04630.jpg
1481,C6B,2024,7/29/24,4.0,7/26/24,20240726_C6B_01481.jpg,-3,/mnt/research-projects/j/jlgage/RawUAVData01/uavforslb/final_image/final_sliced/20240726_C6B_01481.jpg
2893,C6B,2024,7/30/24,1.5,8/2/24,20240802_C6B_02893.jpg,3,/mnt/research-projects/j/jlgage/RawUAVData01/uavforslb/final_image/final_sliced/20240802_C6B_02893.jpg
4082,C10,2025,7/19/25,2.0,7/18/25,20250718_C10_04082.jpg,-1,/mnt/research-projects/j/jlgage/RawUAVData01/uavforslb/final_image/final_sliced/20250718_C10_04082.jpg
2748,C6B,2024,7/15/24,6.5,7/18/24,20240718_C6B_02748.jpg,3,/mnt/research-projects/j/jlgage/RawUAVData01/uavforslb/final_image/final_sliced/20240718_C6B_02748.jpg
3510,C6B,2024,7/15/24,8.5,7/18/24,20240718_C6B_03510.jpg,3,/mnt/research-projects/j/jlgage/RawUAVData01/uavforslb/final_image/final_sliced/20240718_C6B_03510.jpg
1967,C7B,2025,7/19/25,3.0,7/18/25,20250718_C7B_01967.jpg,-1,/mnt/research-projects/j/jlgage/RawUAVData01/uavforslb/final_image/final_sliced/20250718_C7B_01967.jpg
1649,C7B,2025,7/10/25,6.0,7/10/25,20250710_C7B_01649.jpg,0,/mnt/research-projects/j/jlgage/RawUAVData01/uavforslb/final_image/final_sliced/20250710_C7B_01649.jpg
3183,C6B,2024,7/21/24,2.0,7/18/24,20240718_C6B_03183.jpg,-3,/mnt/research-projects/j/jlgage/RawUAVData01/uavforslb/final_image/final_sliced/20240718_C6B_03183.jpg
4089,B7A,2024,7/15/24,8.5,7/16/24,20240716_B7A_04089.jpg,1,/mnt/research-projects/j/jlgage/RawUAVData01/uavforslb/final_image/final_sliced/20240716_B7A_04089.jpg
2839,C7B,2025,7/13/25,5.0,7/12/25,20250712_C7B_02839.jpg,-1,/mnt/research-projects/j/jlgage/RawUAVData01/uavforslb/final_image/final_sliced/20250712_C7B_02839.jpg
5218,C10,2025,7/11/25,4.0,7/11/25,20250711_C10_05218.jpg,0,/mnt/research-projects/j/jlgage/RawUAVData01/uavforslb/final_image/final_sliced/20250711_C10_05218.jpg
337,C7B,2025,7/10/25,3.5,7/10/25,20250710_C7B_00337.jpg,0,/mnt/research-projects/j/jlgage/RawUAVData01/uavforslb/final_image/final_sliced/20250710_C7B_00337.jpg
2843,C7B,2025,7/13/25,7.0,7/12/25,20250712_C7B_02843.jpg,-1,/mnt/research-projects/j/jlgage/RawUAVData01/uavforslb/final_image/final_sliced/20250712_C7B_02843.jpg
4231,B7A,2024,7/15/24,8.0,7/16/24,20240716_B7A_04231.jpg,1,/mnt/research-projects/j/jlgage/RawUAVData01/uavforslb/final_image/final_sliced/20240716_B7A_04231.jpg
699,C6B,2024,7/29/24,6.0,7/26/24,20240726_C6B_00699.jpg,-3,/mnt/research-projects/j/jlgage/RawUAVData01/uavforslb/final_image/final_sliced/20240726_C6B_00699.jpg
1635,C6B,2024,7/29/24,4.0,7/26/24,20240726_C6B_01635.jpg,-3,/mnt/research-projects/j/jlgage/RawUAVData01/uavforslb/final_image/final_sliced/20240726_C6B_01635.jpg
1453,C7B,2025,7/10/25,4.0,7/10/25,20250710_C7B_01453.jpg,0,/mnt/research-projects/j/jlgage/RawUAVData01/uavforslb/final_image/final_sliced/20250710_C7B_01453.jpg
4571,C10,2025,7/2/25,6.5,7/4/25,20250704_C10_04571.jpg,2,/mnt/research-projects/j/jlgage/RawUAVData01/uavforslb/final_image/final_sliced/20250704_C10_04571.jpg
4332,C10,2025,6/30/25,7.5,6/28/25,20250628_C10_04332.jpg,-2,/mnt/research-projects/j/jlgage/RawUAVData01/uavforslb/final_image/final_sliced/20250628_C10_04332.jpg
3987,B7A,2024,7/30/24,2.0,7/27/24,20240727_B7A_03987.jpg,-3,/mnt/research-projects/j/jlgage/RawUAVData01/uavforslb/final_image/final_sliced/20240727_B7A_03987.jpg
1071,C7B,2025,7/10/25,5.0,7/10/25,20250710_C7B_01071.jpg,0,/mnt/research-projects/j/jlgage/RawUAVData01/uavforslb/final_image/final_sliced/20250710_C7B_01071.jpg
1009,C7B,2025,7/18/25,5.5,7/18/25,20250718_C7B_01009.jpg,0,/mnt/research-projects/j/jlgage/RawUAVData01/uavforslb/final_image/final_sliced/20250718_C7B_01009.jpg
3458,C6B,2024,7/30/24,3.0,8/2/24,20240802_C6B_03458.jpg,3,/mnt/research-projects/j/jlgage/RawUAVData01/uavforslb/final_image/final_sliced/20240802_C6B_03458.jpg
6666,C10,2025,7/8/25,7.5,7/7/25,20250707_C10_06666.jpg,-1,/mnt/research-projects/j/jlgage/RawUAVData01/uavforslb/final_image/final_sliced/20250707_C10_06666.jpg
5062,C10,2025,7/11/25,6.0,7/11/25,20250711_C10_05062.jpg,0,/mnt/research-projects/j/jlgage/RawUAVData01/uavforslb/final_image/final_sliced/20250711_C10_05062.jpg
4945,C10,2025,7/20/25,3.0,7/21/25,20250721_C10_04945.jpg,1,/mnt/research-projects/j/jlgage/RawUAVData01/uavforslb/final_image/final_sliced/20250721_C10_04945.jpg
3868,B7A,2024,7/30/24,1.5,7/27/24,20240727_B7A_03868.jpg,-3,/mnt/research-projects/j/jlgage/RawUAVData01/uavforslb/final_image/final_sliced/20240727_B7A_03868.jpg
847,C7B,2025,7/10/25,4.0,7/10/25,20250710_C7B_00847.jpg,0,/mnt/research-projects/j/jlgage/RawUAVData01/uavforslb/final_image/final_sliced/20250710_C7B_00847.jpg
5055,C6B,2024,7/18/24,7.0,7/18/24,20240718_C6B_05055.jpg,0,/mnt/research-projects/j/jlgage/RawUAVData01/uavforslb/final_image/final_sliced/20240718_C6B_05055.jpg
2043,C6B,2024,7/19/24,7.0,7/18/24,20240718_C6B_02043.jpg,-1,/mnt/research-projects/j/jlgage/RawUAVData01/uavforslb/final_image/final_sliced/20240718_C6B_02043.jpg
2867,C7B,2025,7/18/25,8.0,7/18/25,20250718_C7B_02867.jpg,0,/mnt/research-projects/j/jlgage/RawUAVData01/uavforslb/final_image/final_sliced/20250718_C7B_02867.jpg
1278,C6B,2024,7/19/24,8.0,7/18/24,20240718_C6B_01278.jpg,-1,/mnt/research-projects/j/jlgage/RawUAVData01/uavforslb/final_image/final_sliced/20240718_C6B_01278.jpg
3686,C6B,2024,7/30/24,2.0,8/2/24,20240802_C6B_03686.jpg,3,/mnt/research-projects/j/jlgage/RawUAVData01/uavforslb/final_image/final_sliced/20240802_C6B_03686.jpg
4645,C10,2025,7/2/25,6.0,7/4/25,20250704_C10_04645.jpg,2,/mnt/research-projects/j/jlgage/RawUAVData01/uavforslb/final_image/final_sliced/20250704_C10_04645.jpg
4139,C10,2025,7/19/25,7.5,7/18/25,20250718_C10_04139.jpg,-1,/mnt/research-projects/j/jlgage/RawUAVData01/uavforslb/final_image/final_sliced/20250718_C10_04139.jpg
2001,C6B,2024,7/19/24,7.0,7/18/24,20240718_C6B_02001.jpg,-1,/mnt/research-projects/j/jlgage/RawUAVData01/uavforslb/final_image/final_sliced/20240718_C6B_02001.jpg
3946,B7A,2024,7/30/24,1.5,7/27/24,20240727_B7A_03946.jpg,-3,/mnt/research-projects/j/jlgage/RawUAVData01/uavforslb/final_image/final_sliced/20240727_B7A_03946.jpg
3909,B7A,2024,7/15/24,8.0,7/16/24,20240716_B7A_03909.jpg,1,/mnt/research-projects/j/jlgage/RawUAVData01/uavforslb/final_image/final_sliced/20240716_B7A_03909.jpg
1562,C7B,2025,7/1/25,7.0,7/1/25,20250701_C7B_01562.jpg,0,/mnt/research-projects/j/jlgage/RawUAVData01/uavforslb/final_image/final_sliced/20250701_C7B_01562.jpg
1958,C7B,2025,7/19/25,6.0,7/18/25,20250718_C7B_01958.jpg,-1,/mnt/research-projects/j/jlgage/RawUAVData01/uavforslb/final_image/final_sliced/20250718_C7B_01958.jpg
2727,C7B,2025,7/18/25,7.0,7/18/25,20250718_C7B_02727.jpg,0,/mnt/research-projects/j/jlgage/RawUAVData01/uavforslb/final_image/final_sliced/20250718_C7B_02727.jpg
3778,C6B,2024,7/15/24,8.0,7/18/24,20240718_C6B_03778.jpg,3,/mnt/research-projects/j/jlgage/RawUAVData01/uavforslb/final_image/final_sliced/20240718_C6B_03778.jpg
2565,C6B,2024,7/7/24,7.0,7/10/24,20240710_C6B_02565.jpg,3,/mnt/research-projects/j/jlgage/RawUAVData01/uavforslb/final_image/final_sliced/20240710_C6B_02565.jpg
4022,B7A,2024,7/30/24,2.0,7/27/24,20240727_B7A_04022.jpg,-3,/mnt/research-projects/j/jlgage/RawUAVData01/uavforslb/final_image/final_sliced/20240727_B7A_04022.jpg
3370,C6B,2024,7/15/24,7.5,7/18/24,20240718_C6B_03370.jpg,3,/mnt/research-projects/j/jlgage/RawUAVData01/uavforslb/final_image/final_sliced/20240718_C6B_03370.jpg
2986,C6B,2024,7/30/24,1.5,8/2/24,20240802_C6B_02986.jpg,3,/mnt/research-projects/j/jlgage/RawUAVData01/uavforslb/final_image/final_sliced/20240802_C6B_02986.jpg
5528,B7A,2024,7/18/24,7.5,7/16/24,20240716_B7A_05528.jpg,-2,/mnt/research-projects/j/jlgage/RawUAVData01/uavforslb/final_image/final_sliced/20240716_B7A_05528.jpg
5248,C10,2025,7/20/25,2.0,7/21/25,20250721_C10_05248.jpg,1,/mnt/research-projects/j/jlgage/RawUAVData01/uavforslb/final_image/final_sliced/20250721_C10_05248.jpg
4017,C10,2025,6/30/25,8.0,6/28/25,20250628_C10_04017.jpg,-2,/mnt/research-projects/j/jlgage/RawUAVData01/uavforslb/final_image/final_sliced/20250628_C10_04017.jpg
4160,C10,2025,7/11/25,6.0,7/11/25,20250711_C10_04160.jpg,0,/mnt/research-projects/j/jlgage/RawUAVData01/uavforslb/final_image/final_sliced/20250711_C10_04160.jpg
3491,C6B,2024,7/30/24,1.5,8/2/24,20240802_C6B_03491.jpg,3,/mnt/research-projects/j/jlgage/RawUAVData01/uavforslb/final_image/final_sliced/20240802_C6B_03491.jpg
4425,C10,2025,7/7/25,3.0,7/7/25,20250707_C10_04425.jpg,0,/mnt/research-projects/j/jlgage/RawUAVData01/uavforslb/final_image/final_sliced/20250707_C10_04425.jpg
6795,C10,2025,7/18/25,8.0,7/18/25,20250718_C10_06795.jpg,0,/mnt/research-projects/j/jlgage/RawUAVData01/uavforslb/final_image/final_sliced/20250718_C10_06795.jpg
5507,B7A,2024,7/27/24,5.0,7/27/24,20240727_B7A_05507.jpg,0,/mnt/research-projects/j/jlgage/RawUAVData01/uavforslb/final_image/final_sliced/20240727_B7A_05507.jpg
5068,C6B,2024,7/27/24,6.0,7/26/24,20240726_C6B_05068.jpg,-1,/mnt/research-projects/j/jlgage/RawUAVData01/uavforslb/final_image/final_sliced/20240726_C6B_05068.jpg
6816,C10,2025,7/14/25,6.0,7/14/25,20250714_C10_06816.jpg,0,/mnt/research-projects/j/jlgage/RawUAVData01/uavforslb/final_image/final_sliced/20250714_C10_06816.jpg
4314,C10,2025,7/19/25,1.5,7/18/25,20250718_C10_04314.jpg,-1,/mnt/research-projects/j/jlgage/RawUAVData01/uavforslb/final_image/final_sliced/20250718_C10_04314.jpg
2779,C7B,2025,6/30/25,9.0,7/1/25,20250701_C7B_02779.jpg,1,/mnt/research-projects/j/jlgage/RawUAVData01/uavforslb/final_image/final_sliced/20250701_C7B_02779.jpg
2617,C6B,2024,7/30/24,5.0,8/2/24,20240802_C6B_02617.jpg,3,/mnt/research-projects/j/jlgage/RawUAVData01/uavforslb/final_image/final_sliced/20240802_C6B_02617.jpg
576,C6B,2024,7/19/24,7.0,7/18/24,20240718_C6B_00576.jpg,-1,/mnt/research-projects/j/jlgage/RawUAVData01/uavforslb/final_image/final_sliced/20240718_C6B_00576.jpg
1619,C7B,2025,7/10/25,5.0,7/10/25,20250710_C7B_01619.jpg,0,/mnt/research-projects/j/jlgage/RawUAVData01/uavforslb/final_image/final_sliced/20250710_C7B_01619.jpg
6801,C10,2025,7/14/25,6.0,7/14/25,20250714_C10_06801.jpg,0,/mnt/research-projects/j/jlgage/RawUAVData01/uavforslb/final_image/final_sliced/20250714_C10_06801.jpg
5932,C10,2025,7/19/25,5.0,7/18/25,20250718_C10_05932.jpg,-1,/mnt/research-projects/j/jlgage/RawUAVData01/uavforslb/final_image/final_sliced/20250718_C10_05932.jpg
3372,C6B,2024,7/15/24,8.0,7/18/24,20240718_C6B_03372.jpg,3,/mnt/research-projects/j/jlgage/RawUAVData01/uavforslb/final_image/final_sliced/20240718_C6B_03372.jpg
84,C7B,2025,6/30/25,7.5,7/1/25,20250701_C7B_00084.jpg,1,/mnt/research-projects/j/jlgage/RawUAVData01/uavforslb/final_image/final_sliced/20250701_C7B_00084.jpg
3606,C6B,2024,7/15/24,8.5,7/18/24,20240718_C6B_03606.jpg,3,/mnt/research-projects/j/jlgage/RawUAVData01/uavforslb/final_image/final_sliced/20240718_C6B_03606.jpg
4558,C10,2025,7/2/25,7.0,7/4/25,20250704_C10_04558.jpg,2,/mnt/research-projects/j/jlgage/RawUAVData01/uavforslb/final_image/final_sliced/20250704_C10_04558.jpg
4746,C10,2025,7/20/25,2.0,7/21/25,20250721_C10_04746.jpg,1,/mnt/research-projects/j/jlgage/RawUAVData01/uavforslb/final_image/final_sliced/20250721_C10_04746.jpg
1702,C7B,2025,7/7/25,4.0,7/7/25,20250707_C7B_01702.jpg,0,/mnt/research-projects/j/jlgage/RawUAVData01/uavforslb/final_image/final_sliced/20250707_C7B_01702.jpg
2129,C6B,2024,7/29/24,1.0,7/26/24,20240726_C6B_02129.jpg,-3,/mnt/research-projects/j/jlgage/RawUAVData01/uavforslb/final_image/final_sliced/20240726_C6B_02129.jpg
1372,C6B,2024,7/19/24,8.0,7/18/24,20240718_C6B_01372.jpg,-1,/mnt/research-projects/j/jlgage/RawUAVData01/uavforslb/final_image/final_sliced/20240718_C6B_01372.jpg
3014,C6B,2024,7/30/24,4.0,8/2/24,20240802_C6B_03014.jpg,3,/mnt/research-projects/j/jlgage/RawUAVData01/uavforslb/final_image/final_sliced/20240802_C6B_03014.jpg
2571,C6B,2024,7/1/24,8.5,7/3/24,20240703_C6B_02571.jpg,2,/mnt/research-projects/j/jlgage/RawUAVData01/uavforslb/final_image/final_sliced/20240703_C6B_02571.jpg
5011,C6B,2024,7/11/24,8.0,7/10/24,20240710_C6B_05011.jpg,-1,/mnt/research-projects/j/jlgage/RawUAVData01/uavforslb/final_image/final_sliced/20240710_C6B_05011.jpg
593,C7B,2025,7/18/25,3.0,7/18/25,20250718_C7B_00593.jpg,0,/mnt/research-projects/j/jlgage/RawUAVData01/uavforslb/final_image/final_sliced/20250718_C7B_00593.jpg
5186,C10,2025,7/20/25,2.0,7/21/25,20250721_C10_05186.jpg,1,/mnt/research-projects/j/jlgage/RawUAVData01/uavforslb/final_image/final_sliced/20250721_C10_05186.jpg
3112,C6B,2024,7/15/24,7.5,7/18/24,20240718_C6B_03112.jpg,3,/mnt/research-projects/j/jlgage/RawUAVData01/uavforslb/final_image/final_sliced/20240718_C6B_03112.jpg
1471,C6B,2024,7/19/24,8.5,7/18/24,20240718_C6B_01471.jpg,-1,/mnt/research-projects/j/jlgage/RawUAVData01/uavforslb/final_image/final_sliced/20240718_C6B_01471.jpg
1568,C7B,2025,7/18/25,2.0,7/18/25,20250718_C7B_01568.jpg,0,/mnt/research-projects/j/jlgage/RawUAVData01/uavforslb/final_image/final_sliced/20250718_C7B_01568.jpg
5465,C10,2025,7/2/25,5.0,7/4/25,20250704_C10_05465.jpg,2,/mnt/research-projects/j/jlgage/RawUAVData01/uavforslb/final_image/final_sliced/20250704_C10_05465.jpg
2592,C6B,2024,7/30/24,2.0,8/2/24,20240802_C6B_02592.jpg,3,/mnt/research-projects/j/jlgage/RawUAVData01/uavforslb/final_image/final_sliced/20240802_C6B_02592.jpg
1186,C7B,2025,7/10/25,6.5,7/10/25,20250710_C7B_01186.jpg,0,/mnt/research-projects/j/jlgage/RawUAVData01/uavforslb/final_image/final_sliced/20250710_C7B_01186.jpg
4192,C10,2025,7/7/25,4.5,7/7/25,20250707_C10_04192.jpg,0,/mnt/research-projects/j/jlgage/RawUAVData01/uavforslb/final_image/final_sliced/20250707_C10_04192.jpg
5432,C10,2025,7/2/25,5.5,7/4/25,20250704_C10_05432.jpg,2,/mnt/research-projects/j/jlgage/RawUAVData01/uavforslb/final_image/final_sliced/20250704_C10_05432.jpg
3728,C6B,2024,7/30/24,1.5,8/2/24,20240802_C6B_03728.jpg,3,/mnt/research-projects/j/jlgage/RawUAVData01/uavforslb/final_image/final_sliced/20240802_C6B_03728.jpg
1892,C6B,2024,7/29/24,4.0,7/26/24,20240726_C6B_01892.jpg,-3,/mnt/research-projects/j/jlgage/RawUAVData01/uavforslb/final_image/final_sliced/20240726_C6B_01892.jpg
5555,B7A,2024,7/27/24,6.5,7/27/24,20240727_B7A_05555.jpg,0,/mnt/research-projects/j/jlgage/RawUAVData01/uavforslb/final_image/final_sliced/20240727_B7A_05555.jpg
5250,C10,2025,7/2/25,6.0,7/4/25,20250704_C10_05250.jpg,2,/mnt/research-projects/j/jlgage/RawUAVData01/uavforslb/final_image/final_sliced/20250704_C10_05250.jpg
4375,C10,2025,6/30/25,6.0,6/28/25,20250628_C10_04375.jpg,-2,/mnt/research-projects/j/jlgage/RawUAVData01/uavforslb/final_image/final_sliced/20250628_C10_04375.jpg
555,C6B,2024,7/19/24,8.5,7/18/24,20240718_C6B_00555.jpg,-1,/mnt/research-projects/j/jlgage/RawUAVData01/uavforslb/final_image/final_sliced/20240718_C6B_00555.jpg
6822,C10,2025,7/3/25,8.0,7/4/25,20250704_C10_06822.jpg,1,/mnt/research-projects/j/jlgage/RawUAVData01/uavforslb/final_image/final_sliced/20250704_C10_06822.jpg
4807,C10,2025,7/2/25,7.0,7/4/25,20250704_C10_04807.jpg,2,/mnt/research-projects/j/jlgage/RawUAVData01/uavforslb/final_image/final_sliced/20250704_C10_04807.jpg
1759,C6B,2024,7/29/24,2.5,7/26/24,20240726_C6B_01759.jpg,-3,/mnt/research-projects/j/jlgage/RawUAVData01/uavforslb/final_image/final_sliced/20240726_C6B_01759.jpg
3666,C6B,2024,7/30/24,4.0,8/2/24,20240802_C6B_03666.jpg,3,/mnt/research-projects/j/jlgage/RawUAVData01/uavforslb/final_image/final_sliced/20240802_C6B_03666.jpg
1205,C6B,2024,7/29/24,4.5,7/26/24,20240726_C6B_01205.jpg,-3,/mnt/research-projects/j/jlgage/RawUAVData01/uavforslb/final_image/final_sliced/20240726_C6B_01205.jpg
3271,C6B,2024,7/30/24,5.0,8/2/24,20240802_C6B_03271.jpg,3,/mnt/research-projects/j/jlgage/RawUAVData01/uavforslb/final_image/final_sliced/20240802_C6B_03271.jpg
3181,C6B,2024,7/15/24,7.5,7/18/24,20240718_C6B_03181.jpg,3,/mnt/research-projects/j/jlgage/RawUAVData01/uavforslb/final_image/final_sliced/20240718_C6B_03181.jpg
6698,C10,2025,7/18/25,7.0,7/18/25,20250718_C10_06698.jpg,0,/mnt/research-projects/j/jlgage/RawUAVData01/uavforslb/final_image/final_sliced/20250718_C10_06698.jpg
4281,B7A,2024,7/30/24,2.0,7/27/24,20240727_B7A_04281.jpg,-3,/mnt/research-projects/j/jlgage/RawUAVData01/uavforslb/final_image/final_sliced/20240727_B7A_04281.jpg
70,C7B,2025,7/4/25,6.5,7/4/25,20250704_C7B_00070.jpg,0,/mnt/research-projects/j/jlgage/RawUAVData01/uavforslb/final_image/final_sliced/20250704_C7B_00070.jpg
3082,C6B,2024,7/30/24,1.5,8/2/24,20240802_C6B_03082.jpg,3,/mnt/research-projects/j/jlgage/RawUAVData01/uavforslb/final_image/final_sliced/20240802_C6B_03082.jpg
2888,C6B,2024,7/30/24,1.5,8/2/24,20240802_C6B_02888.jpg,3,/mnt/research-projects/j/jlgage/RawUAVData01/uavforslb/final_image/final_sliced/20240802_C6B_02888.jpg
287,C6B,2024,7/19/24,7.5,7/18/24,20240718_C6B_00287.jpg,-1,/mnt/research-projects/j/jlgage/RawUAVData01/uavforslb/final_image/final_sliced/20240718_C6B_00287.jpg
2851,C7B,2025,6/30/25,8.0,7/1/25,20250701_C7B_02851.jpg,1,/mnt/research-projects/j/jlgage/RawUAVData01/uavforslb/final_image/final_sliced/20250701_C7B_02851.jpg
4066,C10,2025,7/7/25,6.0,7/7/25,20250707_C10_04066.jpg,0,/mnt/research-projects/j/jlgage/RawUAVData01/uavforslb/final_image/final_sliced/20250707_C10_04066.jpg
4105,B7A,2024,7/15/24,4.0,7/16/24,20240716_B7A_04105.jpg,1,/mnt/research-projects/j/jlgage/RawUAVData01/uavforslb/final_image/final_sliced/20240716_B7A_04105.jpg
1587,C6B,2024,7/19/24,5.0,7/18/24,20240718_C6B_01587.jpg,-1,/mnt/research-projects/j/jlgage/RawUAVData01/uavforslb/final_image/final_sliced/20240718_C6B_01587.jpg
6726,C10,2025,7/14/25,7.5,7/14/25,20250714_C10_06726.jpg,0,/mnt/research-projects/j/jlgage/RawUAVData01/uavforslb/final_image/final_sliced/20250714_C10_06726.jpg
5623,C10,2025,7/2/25,4.5,7/4/25,20250704_C10_05623.jpg,2,/mnt/research-projects/j/jlgage/RawUAVData01/uavforslb/final_image/final_sliced/20250704_C10_05623.jpg
175,C7B,2025,7/4/25,5.0,7/4/25,20250704_C7B_00175.jpg,0,/mnt/research-projects/j/jlgage/RawUAVData01/uavforslb/final_image/final_sliced/20250704_C7B_00175.jpg
471,C6B,2024,7/29/24,5.0,7/26/24,20240726_C6B_00471.jpg,-3,/mnt/research-projects/j/jlgage/RawUAVData01/uavforslb/final_image/final_sliced/20240726_C6B_00471.jpg
437,C6B,2024,7/19/24,5.0,7/18/24,20240718_C6B_00437.jpg,-1,/mnt/research-projects/j/jlgage/RawUAVData01/uavforslb/final_image/final_sliced/20240718_C6B_00437.jpg
1416,C6B,2024,7/29/24,3.5,7/26/24,20240726_C6B_01416.jpg,-3,/mnt/research-projects/j/jlgage/RawUAVData01/uavforslb/final_image/final_sliced/20240726_C6B_01416.jpg
3609,C6B,2024,7/15/24,8.5,7/18/24,20240718_C6B_03609.jpg,3,/mnt/research-projects/j/jlgage/RawUAVData01/uavforslb/final_image/final_sliced/20240718_C6B_03609.jpg
5064,C6B,2024,7/1/24,8.0,7/3/24,20240703_C6B_05064.jpg,2,/mnt/research-projects/j/jlgage/RawUAVData01/uavforslb/final_image/final_sliced/20240703_C6B_05064.jpg
2011,C6B,2024,7/19/24,3.5,7/18/24,20240718_C6B_02011.jpg,-1,/mnt/research-projects/j/jlgage/RawUAVData01/uavforslb/final_image/final_sliced/20240718_C6B_02011.jpg
3253,C6B,2024,7/15/24,8.5,7/18/24,20240718_C6B_03253.jpg,3,/mnt/research-projects/j/jlgage/RawUAVData01/uavforslb/final_image/final_sliced/20240718_C6B_03253.jpg
3611,C6B,2024,7/30/24,4.0,8/2/24,20240802_C6B_03611.jpg,3,/mnt/research-projects/j/jlgage/RawUAVData01/uavforslb/final_image/final_sliced/20240802_C6B_03611.jpg
1862,C7B,2025,7/7/25,5.0,7/7/25,20250707_C7B_01862.jpg,0,/mnt/research-projects/j/jlgage/RawUAVData01/uavforslb/final_image/final_sliced/20250707_C7B_01862.jpg
2736,C7B,2025,7/18/25,6.5,7/18/25,20250718_C7B_02736.jpg,0,/mnt/research-projects/j/jlgage/RawUAVData01/uavforslb/final_image/final_sliced/20250718_C7B_02736.jpg
5559,B7A,2024,7/11/24,8.5,7/10/24,20240710_B7A_05559.jpg,-1,/mnt/research-projects/j/jlgage/RawUAVData01/uavforslb/final_image/final_sliced/20240710_B7A_05559.jpg
1225,C6B,2024,7/29/24,5.0,7/26/24,20240726_C6B_01225.jpg,-3,/mnt/research-projects/j/jlgage/RawUAVData01/uavforslb/final_image/final_sliced/20240726_C6B_01225.jpg
1864,C6B,2024,7/29/24,1.5,7/26/24,20240726_C6B_01864.jpg,-3,/mnt/research-projects/j/jlgage/RawUAVData01/uavforslb/final_image/final_sliced/20240726_C6B_01864.jpg
4360,C10,2025,6/30/25,6.5,6/28/25,20250628_C10_04360.jpg,-2,/mnt/research-projects/j/jlgage/RawUAVData01/uavforslb/final_image/final_sliced/20250628_C10_04360.jpg
1913,C7B,2025,7/10/25,4.0,7/10/25,20250710_C7B_01913.jpg,0,/mnt/research-projects/j/jlgage/RawUAVData01/uavforslb/final_image/final_sliced/20250710_C7B_01913.jpg
1525,C6B,2024,7/19/24,5.0,7/18/24,20240718_C6B_01525.jpg,-1,/mnt/research-projects/j/jlgage/RawUAVData01/uavforslb/final_image/final_sliced/20240718_C6B_01525.jpg
1398,C6B,2024,7/29/24,3.0,7/26/24,20240726_C6B_01398.jpg,-3,/mnt/research-projects/j/jlgage/RawUAVData01/uavforslb/final_image/final_sliced/20240726_C6B_01398.jpg
2034,C6B,2024,7/19/24,5.0,7/18/24,20240718_C6B_02034.jpg,-1,/mnt/research-projects/j/jlgage/RawUAVData01/uavforslb/final_image/final_sliced/20240718_C6B_02034.jpg
141,C6B,2024,7/19/24,8.5,7/18/24,20240718_C6B_00141.jpg,-1,/mnt/research-projects/j/jlgage/RawUAVData01/uavforslb/final_image/final_sliced/20240718_C6B_00141.jpg
145,C6B,2024,7/19/24,8.5,7/18/24,20240718_C6B_00145.jpg,-1,/mnt/research-projects/j/jlgage/RawUAVData01/uavforslb/final_image/final_sliced/20240718_C6B_00145.jpg
3883,B7A,2024,7/15/24,5.0,7/16/24,20240716_B7A_03883.jpg,1,/mnt/research-projects/j/jlgage/RawUAVData01/uavforslb/final_image/final_sliced/20240716_B7A_03883.jpg
1152,C6B,2024,7/19/24,5.5,7/18/24,20240718_C6B_01152.jpg,-1,/mnt/research-projects/j/jlgage/RawUAVData01/uavforslb/final_image/final_sliced/20240718_C6B_01152.jpg
774,C6B,2024,7/29/24,5.0,7/26/24,20240726_C6B_00774.jpg,-3,/mnt/research-projects/j/jlgage/RawUAVData01/uavforslb/final_image/final_sliced/20240726_C6B_00774.jpg
4297,C10,2025,7/7/25,5.5,7/7/25,20250707_C10_04297.jpg,0,/mnt/research-projects/j/jlgage/RawUAVData01/uavforslb/final_image/final_sliced/20250707_C10_04297.jpg
5524,B7A,2024,7/1/24,7.5,7/3/24,20240703_B7A_05524.jpg,2,/mnt/research-projects/j/jlgage/RawUAVData01/uavforslb/final_image/final_sliced/20240703_B7A_05524.jpg
5458,C10,2025,7/2/25,7.0,7/4/25,20250704_C10_05458.jpg,2,/mnt/research-projects/j/jlgage/RawUAVData01/uavforslb/final_image/final_sliced/20250704_C10_05458.jpg
2544,C6B,2024,7/1/24,8.0,7/3/24,20240703_C6B_02544.jpg,2,/mnt/research-projects/j/jlgage/RawUAVData01/uavforslb/final_image/final_sliced/20240703_C6B_02544.jpg
3144,C6B,2024,7/15/24,7.5,7/18/24,20240718_C6B_03144.jpg,3,/mnt/research-projects/j/jlgage/RawUAVData01/uavforslb/final_image/final_sliced/20240718_C6B_03144.jpg
1655,C7B,2025,7/1/25,6.0,7/1/25,20250701_C7B_01655.jpg,0,/mnt/research-projects/j/jlgage/RawUAVData01/uavforslb/final_image/final_sliced/20250701_C7B_01655.jpg
4803,C10,2025,7/20/25,5.0,7/21/25,20250721_C10_04803.jpg,1,/mnt/research-projects/j/jlgage/RawUAVData01/uavforslb/final_image/final_sliced/20250721_C10_04803.jpg
1230,C6B,2024,7/19/24,8.0,7/18/24,20240718_C6B_01230.jpg,-1,/mnt/research-projects/j/jlgage/RawUAVData01/uavforslb/final_image/final_sliced/20240718_C6B_01230.jpg
6667,C10,2025,7/3/25,8.0,7/4/25,20250704_C10_06667.jpg,1,/mnt/research-projects/j/jlgage/RawUAVData01/uavforslb/final_image/final_sliced/20250704_C10_06667.jpg
5524,C10,2025,7/2/25,7.0,7/4/25,20250704_C10_05524.jpg,2,/mnt/research-projects/j/jlgage/RawUAVData01/uavforslb/final_image/final_sliced/20250704_C10_05524.jpg
519,C6B,2024,7/29/24,6.0,7/26/24,20240726_C6B_00519.jpg,-3,/mnt/research-projects/j/jlgage/RawUAVData01/uavforslb/final_image/final_sliced/20240726_C6B_00519.jpg
6032,C10,2025,7/2/25,6.0,7/4/25,20250704_C10_06032.jpg,2,/mnt/research-projects/j/jlgage/RawUAVData01/uavforslb/final_image/final_sliced/20250704_C10_06032.jpg
4310,B7A,2024,7/15/24,8.5,7/16/24,20240716_B7A_04310.jpg,1,/mnt/research-projects/j/jlgage/RawUAVData01/uavforslb/final_image/final_sliced/20240716_B7A_04310.jpg
2923,C6B,2024,7/30/24,2.0,8/2/24,20240802_C6B_02923.jpg,3,/mnt/research-projects/j/jlgage/RawUAVData01/uavforslb/final_image/final_sliced/20240802_C6B_02923.jpg
1843,C6B,2024,7/19/24,5.0,7/18/24,20240718_C6B_01843.jpg,-1,/mnt/research-projects/j/jlgage/RawUAVData01/uavforslb/final_image/final_sliced/20240718_C6B_01843.jpg
298,C6B,2024,7/19/24,8.5,7/18/24,20240718_C6B_00298.jpg,-1,/mnt/research-projects/j/jlgage/RawUAVData01/uavforslb/final_image/final_sliced/20240718_C6B_00298.jpg
773,C6B,2024,7/19/24,7.5,7/18/24,20240718_C6B_00773.jpg,-1,/mnt/research-projects/j/jlgage/RawUAVData01/uavforslb/final_image/final_sliced/20240718_C6B_00773.jpg
5476,C10,2025,7/2/25,5.5,7/4/25,20250704_C10_05476.jpg,2,/mnt/research-projects/j/jlgage/RawUAVData01/uavforslb/final_image/final_sliced/20250704_C10_05476.jpg
1166,C7B,2025,7/10/25,6.0,7/10/25,20250710_C7B_01166.jpg,0,/mnt/research-projects/j/jlgage/RawUAVData01/uavforslb/final_image/final_sliced/20250710_C7B_01166.jpg
4299,C10,2025,7/11/25,5.0,7/11/25,20250711_C10_04299.jpg,0,/mnt/research-projects/j/jlgage/RawUAVData01/uavforslb/final_image/final_sliced/20250711_C10_04299.jpg
4614,B7A,2024,7/30/24,1.5,7/27/24,20240727_B7A_04614.jpg,-3,/mnt/research-projects/j/jlgage/RawUAVData01/uavforslb/final_image/final_sliced/20240727_B7A_04614.jpg
5719,C10,2025,7/11/25,4.0,7/11/25,20250711_C10_05719.jpg,0,/mnt/research-projects/j/jlgage/RawUAVData01/uavforslb/final_image/final_sliced/20250711_C10_05719.jpg
1658,C6B,2024,7/19/24,6.0,7/18/24,20240718_C6B_01658.jpg,-1,/mnt/research-projects/j/jlgage/RawUAVData01/uavforslb/final_image/final_sliced/20240718_C6B_01658.jpg
2884,C6B,2024,7/30/24,3.5,8/2/24,20240802_C6B_02884.jpg,3,/mnt/research-projects/j/jlgage/RawUAVData01/uavforslb/final_image/final_sliced/20240802_C6B_02884.jpg
4824,C10,2025,7/20/25,2.0,7/21/25,20250721_C10_04824.jpg,1,/mnt/research-projects/j/jlgage/RawUAVData01/uavforslb/final_image/final_sliced/20250721_C10_04824.jpg
679,C7B,2025,7/10/25,4.0,7/10/25,20250710_C7B_00679.jpg,0,/mnt/research-projects/j/jlgage/RawUAVData01/uavforslb/final_image/final_sliced/20250710_C7B_00679.jpg
2774,C7B,2025,7/13/25,6.0,7/12/25,20250712_C7B_02774.jpg,-1,/mnt/research-projects/j/jlgage/RawUAVData01/uavforslb/final_image/final_sliced/20250712_C7B_02774.jpg
1588,C6B,2024,7/19/24,8.5,7/18/24,20240718_C6B_01588.jpg,-1,/mnt/research-projects/j/jlgage/RawUAVData01/uavforslb/final_image/final_sliced/20240718_C6B_01588.jpg
4676,C10,2025,7/2/25,5.5,7/4/25,20250704_C10_04676.jpg,2,/mnt/research-projects/j/jlgage/RawUAVData01/uavforslb/final_image/final_sliced/20250704_C10_04676.jpg
6733,C10,2025,7/3/25,8.0,7/4/25,20250704_C10_06733.jpg,1,/mnt/research-projects/j/jlgage/RawUAVData01/uavforslb/final_image/final_sliced/20250704_C10_06733.jpg
151,C7B,2025,7/18/25,4.0,7/18/25,20250718_C7B_00151.jpg,0,/mnt/research-projects/j/jlgage/RawUAVData01/uavforslb/final_image/final_sliced/20250718_C7B_00151.jpg
980,C6B,2024,7/19/24,7.5,7/18/24,20240718_C6B_00980.jpg,-1,/mnt/research-projects/j/jlgage/RawUAVData01/uavforslb/final_image/final_sliced/20240718_C6B_00980.jpg
443,C6B,2024,7/19/24,8.0,7/18/24,20240718_C6B_00443.jpg,-1,/mnt/research-projects/j/jlgage/RawUAVData01/uavforslb/final_image/final_sliced/20240718_C6B_00443.jpg
5038,C6B,2024,7/18/24,6.0,7/18/24,20240718_C6B_05038.jpg,0,/mnt/research-projects/j/jlgage/RawUAVData01/uavforslb/final_image/final_sliced/20240718_C6B_05038.jpg
1116,C6B,2024,7/29/24,4.0,7/26/24,20240726_C6B_01116.jpg,-3,/mnt/research-projects/j/jlgage/RawUAVData01/uavforslb/final_image/final_sliced/20240726_C6B_01116.jpg
1647,C6B,2024,7/29/24,5.5,7/26/24,20240726_C6B_01647.jpg,-3,/mnt/research-projects/j/jlgage/RawUAVData01/uavforslb/final_image/final_sliced/20240726_C6B_01647.jpg
3926,B7A,2024,7/30/24,2.0,7/27/24,20240727_B7A_03926.jpg,-3,/mnt/research-projects/j/jlgage/RawUAVData01/uavforslb/final_image/final_sliced/20240727_B7A_03926.jpg
3402,C6B,2024,7/30/24,1.5,8/2/24,20240802_C6B_03402.jpg,3,/mnt/research-projects/j/jlgage/RawUAVData01/uavforslb/final_image/final_sliced/20240802_C6B_03402.jpg
3551,C6B,2024,7/30/24,1.5,8/2/24,20240802_C6B_03551.jpg,3,/mnt/research-projects/j/jlgage/RawUAVData01/uavforslb/final_image/final_sliced/20240802_C6B_03551.jpg
452,C7B,2025,7/18/25,4.0,7/18/25,20250718_C7B_00452.jpg,0,/mnt/research-projects/j/jlgage/RawUAVData01/uavforslb/final_image/final_sliced/20250718_C7B_00452.jpg
4497,C10,2025,7/20/25,2.0,7/21/25,20250721_C10_04497.jpg,1,/mnt/research-projects/j/jlgage/RawUAVData01/uavforslb/final_image/final_sliced/20250721_C10_04497.jpg
5231,C10,2025,7/11/25,6.0,7/11/25,20250711_C10_05231.jpg,0,/mnt/research-projects/j/jlgage/RawUAVData01/uavforslb/final_image/final_sliced/20250711_C10_05231.jpg
5330,C10,2025,7/20/25,2.0,7/21/25,20250721_C10_05330.jpg,1,/mnt/research-projects/j/jlgage/RawUAVData01/uavforslb/final_image/final_sliced/20250721_C10_05330.jpg
6658,C10,2025,7/18/25,2.0,7/18/25,20250718_C10_06658.jpg,0,/mnt/research-projects/j/jlgage/RawUAVData01/uavforslb/final_image/final_sliced/20250718_C10_06658.jpg
735,C6B,2024,7/29/24,4.0,7/26/24,20240726_C6B_00735.jpg,-3,/mnt/research-projects/j/jlgage/RawUAVData01/uavforslb/final_image/final_sliced/20240726_C6B_00735.jpg
4260,C10,2025,7/11/25,3.0,7/11/25,20250711_C10_04260.jpg,0,/mnt/research-projects/j/jlgage/RawUAVData01/uavforslb/final_image/final_sliced/20250711_C10_04260.jpg
3669,C6B,2024,7/30/24,4.0,8/2/24,20240802_C6B_03669.jpg,3,/mnt/research-projects/j/jlgage/RawUAVData01/uavforslb/final_image/final_sliced/20240802_C6B_03669.jpg
1849,C7B,2025,7/7/25,3.0,7/7/25,20250707_C7B_01849.jpg,0,/mnt/research-projects/j/jlgage/RawUAVData01/uavforslb/final_image/final_sliced/20250707_C7B_01849.jpg
836,C6B,2024,7/29/24,5.0,7/26/24,20240726_C6B_00836.jpg,-3,/mnt/research-projects/j/jlgage/RawUAVData01/uavforslb/final_image/final_sliced/20240726_C6B_00836.jpg
2845,C7B,2025,6/30/25,7.0,7/1/25,20250701_C7B_02845.jpg,1,/mnt/research-projects/j/jlgage/RawUAVData01/uavforslb/final_image/final_sliced/20250701_C7B_02845.jpg
627,C7B,2025,7/18/25,4.0,7/18/25,20250718_C7B_00627.jpg,0,/mnt/research-projects/j/jlgage/RawUAVData01/uavforslb/final_image/final_sliced/20250718_C7B_00627.jpg
5006,C6B,2024,7/18/24,7.0,7/18/24,20240718_C6B_05006.jpg,0,/mnt/research-projects/j/jlgage/RawUAVData01/uavforslb/final_image/final_sliced/20240718_C6B_05006.jpg
6853,C10,2025,6/30/25,7.5,6/28/25,20250628_C10_06853.jpg,-2,/mnt/research-projects/j/jlgage/RawUAVData01/uavforslb/final_image/final_sliced/20250628_C10_06853.jpg
1758,C6B,2024,7/19/24,7.0,7/18/24,20240718_C6B_01758.jpg,-1,/mnt/research-projects/j/jlgage/RawUAVData01/uavforslb/final_image/final_sliced/20240718_C6B_01758.jpg
4125,C10,2025,6/30/25,6.5,6/28/25,20250628_C10_04125.jpg,-2,/mnt/research-projects/j/jlgage/RawUAVData01/uavforslb/final_image/final_sliced/20250628_C10_04125.jpg
4089,B7A,2024,7/30/24,5.0,7/27/24,20240727_B7A_04089.jpg,-3,/mnt/research-projects/j/jlgage/RawUAVData01/uavforslb/final_image/final_sliced/20240727_B7A_04089.jpg
4159,C10,2025,7/7/25,6.0,7/7/25,20250707_C10_04159.jpg,0,/mnt/research-projects/j/jlgage/RawUAVData01/uavforslb/final_image/final_sliced/20250707_C10_04159.jpg
966,C7B,2025,7/18/25,5.0,7/18/25,20250718_C7B_00966.jpg,0,/mnt/research-projects/j/jlgage/RawUAVData01/uavforslb/final_image/final_sliced/20250718_C7B_00966.jpg
5362,C10,2025,7/20/25,2.5,7/21/25,20250721_C10_05362.jpg,1,/mnt/research-projects/j/jlgage/RawUAVData01/uavforslb/final_image/final_sliced/20250721_C10_05362.jpg
964,C6B,2024,7/19/24,7.5,7/18/24,20240718_C6B_00964.jpg,-1,/mnt/research-projects/j/jlgage/RawUAVData01/uavforslb/final_image/final_sliced/20240718_C6B_00964.jpg
511,C7B,2025,7/10/25,4.5,7/10/25,20250710_C7B_00511.jpg,0,/mnt/research-projects/j/jlgage/RawUAVData01/uavforslb/final_image/final_sliced/20250710_C7B_00511.jpg
1093,C6B,2024,7/29/24,3.0,7/26/24,20240726_C6B_01093.jpg,-3,/mnt/research-projects/j/jlgage/RawUAVData01/uavforslb/final_image/final_sliced/20240726_C6B_01093.jpg
4966,C10,2025,7/20/25,2.0,7/21/25,20250721_C10_04966.jpg,1,/mnt/research-projects/j/jlgage/RawUAVData01/uavforslb/final_image/final_sliced/20250721_C10_04966.jpg
5142,C10,2025,7/20/25,2.5,7/21/25,20250721_C10_05142.jpg,1,/mnt/research-projects/j/jlgage/RawUAVData01/uavforslb/final_image/final_sliced/20250721_C10_05142.jpg
5036,C6B,2024,7/18/24,7.5,7/18/24,20240718_C6B_05036.jpg,0,/mnt/research-projects/j/jlgage/RawUAVData01/uavforslb/final_image/final_sliced/20240718_C6B_05036.jpg
6869,C10,2025,7/3/25,7.5,7/4/25,20250704_C10_06869.jpg,1,/mnt/research-projects/j/jlgage/RawUAVData01/uavforslb/final_image/final_sliced/20250704_C10_06869.jpg
3140,C6B,2024,7/15/24,8.0,7/18/24,20240718_C6B_03140.jpg,3,/mnt/research-projects/j/jlgage/RawUAVData01/uavforslb/final_image/final_sliced/20240718_C6B_03140.jpg
5294,C10,2025,7/2/25,6.0,7/4/25,20250704_C10_05294.jpg,2,/mnt/research-projects/j/jlgage/RawUAVData01/uavforslb/final_image/final_sliced/20250704_C10_05294.jpg
893,C6B,2024,7/29/24,5.0,7/26/24,20240726_C6B_00893.jpg,-3,/mnt/research-projects/j/jlgage/RawUAVData01/uavforslb/final_image/final_sliced/20240726_C6B_00893.jpg
159,C7B,2025,7/10/25,3.5,7/10/25,20250710_C7B_00159.jpg,0,/mnt/research-projects/j/jlgage/RawUAVData01/uavforslb/final_image/final_sliced/20250710_C7B_00159.jpg
146,C7B,2025,7/18/25,4.0,7/18/25,20250718_C7B_00146.jpg,0,/mnt/research-projects/j/jlgage/RawUAVData01/uavforslb/final_image/final_sliced/20250718_C7B_00146.jpg
5035,C6B,2024,7/1/24,8.5,7/3/24,20240703_C6B_05035.jpg,2,/mnt/research-projects/j/jlgage/RawUAVData01/uavforslb/final_image/final_sliced/20240703_C6B_05035.jpg
717,C6B,2024,7/19/24,6.5,7/18/24,20240718_C6B_00717.jpg,-1,/mnt/research-projects/j/jlgage/RawUAVData01/uavforslb/final_image/final_sliced/20240718_C6B_00717.jpg
3769,C6B,2024,7/30/24,5.0,8/2/24,20240802_C6B_03769.jpg,3,/mnt/research-projects/j/jlgage/RawUAVData01/uavforslb/final_image/final_sliced/20240802_C6B_03769.jpg
2912,C6B,2024,7/30/24,1.0,8/2/24,20240802_C6B_02912.jpg,3,/mnt/research-projects/j/jlgage/RawUAVData01/uavforslb/final_image/final_sliced/20240802_C6B_02912.jpg
425,C7B,2025,7/4/25,6.5,7/4/25,20250704_C7B_00425.jpg,0,/mnt/research-projects/j/jlgage/RawUAVData01/uavforslb/final_image/final_sliced/20250704_C7B_00425.jpg
3535,C6B,2024,7/30/24,1.5,8/2/24,20240802_C6B_03535.jpg,3,/mnt/research-projects/j/jlgage/RawUAVData01/uavforslb/final_image/final_sliced/20240802_C6B_03535.jpg
2074,C6B,2024,7/19/24,8.0,7/18/24,20240718_C6B_02074.jpg,-1,/mnt/research-projects/j/jlgage/RawUAVData01/uavforslb/final_image/final_sliced/20240718_C6B_02074.jpg
3273,C6B,2024,7/30/24,3.5,8/2/24,20240802_C6B_03273.jpg,3,/mnt/research-projects/j/jlgage/RawUAVData01/uavforslb/final_image/final_sliced/20240802_C6B_03273.jpg
6713,C10,2025,7/14/25,6.5,7/14/25,20250714_C10_06713.jpg,0,/mnt/research-projects/j/jlgage/RawUAVData01/uavforslb/final_image/final_sliced/20250714_C10_06713.jpg
3847,B7A,2024,7/30/24,1.5,7/27/24,20240727_B7A_03847.jpg,-3,/mnt/research-projects/j/jlgage/RawUAVData01/uavforslb/final_image/final_sliced/20240727_B7A_03847.jpg
4199,B7A,2024,7/15/24,7.5,7/16/24,20240716_B7A_04199.jpg,1,/mnt/research-projects/j/jlgage/RawUAVData01/uavforslb/final_image/final_sliced/20240716_B7A_04199.jpg
3983,B7A,2024,7/15/24,8.5,7/16/24,20240716_B7A_03983.jpg,1,/mnt/research-projects/j/jlgage/RawUAVData01/uavforslb/final_image/final_sliced/20240716_B7A_03983.jpg
3652,C6B,2024,7/30/24,4.0,8/2/24,20240802_C6B_03652.jpg,3,/mnt/research-projects/j/jlgage/RawUAVData01/uavforslb/final_image/final_sliced/20240802_C6B_03652.jpg
4305,C10,2025,6/30/25,7.5,6/28/25,20250628_C10_04305.jpg,-2,/mnt/research-projects/j/jlgage/RawUAVData01/uavforslb/final_image/final_sliced/20250628_C10_04305.jpg
5526,B7A,2024,7/11/24,7.5,7/10/24,20240710_B7A_05526.jpg,-1,/mnt/research-projects/j/jlgage/RawUAVData01/uavforslb/final_image/final_sliced/20240710_B7A_05526.jpg
4785,C10,2025,7/2/25,5.0,7/4/25,20250704_C10_04785.jpg,2,/mnt/research-projects/j/jlgage/RawUAVData01/uavforslb/final_image/final_sliced/20250704_C10_04785.jpg
4237,B7A,2024,7/30/24,3.0,7/27/24,20240727_B7A_04237.jpg,-3,/mnt/research-projects/j/jlgage/RawUAVData01/uavforslb/final_image/final_sliced/20240727_B7A_04237.jpg
544,C7B,2025,6/30/25,6.0,7/1/25,20250701_C7B_00544.jpg,1,/mnt/research-projects/j/jlgage/RawUAVData01/uavforslb/final_image/final_sliced/20250701_C7B_00544.jpg
4409,C10,2025,7/11/25,4.5,7/11/25,20250711_C10_04409.jpg,0,/mnt/research-projects/j/jlgage/RawUAVData01/uavforslb/final_image/final_sliced/20250711_C10_04409.jpg
1575,C7B,2025,7/18/25,2.0,7/18/25,20250718_C7B_01575.jpg,0,/mnt/research-projects/j/jlgage/RawUAVData01/uavforslb/final_image/final_sliced/20250718_C7B_01575.jpg
1784,C6B,2024,7/19/24,8.5,7/18/24,20240718_C6B_01784.jpg,-1,/mnt/research-projects/j/jlgage/RawUAVData01/uavforslb/final_image/final_sliced/20240718_C6B_01784.jpg
2614,C6B,2024,7/15/24,7.0,7/18/24,20240718_C6B_02614.jpg,3,/mnt/research-projects/j/jlgage/RawUAVData01/uavforslb/final_image/final_sliced/20240718_C6B_02614.jpg
5528,C10,2025,7/2/25,6.5,7/4/25,20250704_C10_05528.jpg,2,/mnt/research-projects/j/jlgage/RawUAVData01/uavforslb/final_image/final_sliced/20250704_C10_05528.jpg
1481,C7B,2025,7/1/25,6.5,7/1/25,20250701_C7B_01481.jpg,0,/mnt/research-projects/j/jlgage/RawUAVData01/uavforslb/final_image/final_sliced/20250701_C7B_01481.jpg
1606,C6B,2024,7/29/24,4.0,7/26/24,20240726_C6B_01606.jpg,-3,/mnt/research-projects/j/jlgage/RawUAVData01/uavforslb/final_image/final_sliced/20240726_C6B_01606.jpg
4404,B7A,2024,7/30/24,2.5,7/27/24,20240727_B7A_04404.jpg,-3,/mnt/research-projects/j/jlgage/RawUAVData01/uavforslb/final_image/final_sliced/20240727_B7A_04404.jpg
4995,C10,2025,7/11/25,4.5,7/11/25,20250711_C10_04995.jpg,0,/mnt/research-projects/j/jlgage/RawUAVData01/uavforslb/final_image/final_sliced/20250711_C10_04995.jpg
2844,C6B,2024,7/30/24,2.0,8/2/24,20240802_C6B_02844.jpg,3,/mnt/research-projects/j/jlgage/RawUAVData01/uavforslb/final_image/final_sliced/20240802_C6B_02844.jpg
568,C6B,2024,7/29/24,4.0,7/26/24,20240726_C6B_00568.jpg,-3,/mnt/research-projects/j/jlgage/RawUAVData01/uavforslb/final_image/final_sliced/20240726_C6B_00568.jpg
5014,C10,2025,7/2/25,7.0,7/4/25,20250704_C10_05014.jpg,2,/mnt/research-projects/j/jlgage/RawUAVData01/uavforslb/final_image/final_sliced/20250704_C10_05014.jpg
692,C7B,2025,6/30/25,7.5,7/1/25,20250701_C7B_00692.jpg,1,/mnt/research-projects/j/jlgage/RawUAVData01/uavforslb/final_image/final_sliced/20250701_C7B_00692.jpg
1934,C6B,2024,7/19/24,8.0,7/18/24,20240718_C6B_01934.jpg,-1,/mnt/research-projects/j/jlgage/RawUAVData01/uavforslb/final_image/final_sliced/20240718_C6B_01934.jpg
5518,B7A,2024,7/1/24,8.0,7/3/24,20240703_B7A_05518.jpg,2,/mnt/research-projects/j/jlgage/RawUAVData01/uavforslb/final_image/final_sliced/20240703_B7A_05518.jpg
4093,B7A,2024,7/30/24,4.0,7/27/24,20240727_B7A_04093.jpg,-3,/mnt/research-projects/j/jlgage/RawUAVData01/uavforslb/final_image/final_sliced/20240727_B7A_04093.jpg
477,C6B,2024,7/29/24,4.0,7/26/24,20240726_C6B_00477.jpg,-3,/mnt/research-projects/j/jlgage/RawUAVData01/uavforslb/final_image/final_sliced/20240726_C6B_00477.jpg
5525,C10,2025,7/2/25,6.5,7/4/25,20250704_C10_05525.jpg,2,/mnt/research-projects/j/jlgage/RawUAVData01/uavforslb/final_image/final_sliced/20250704_C10_05525.jpg
5052,C6B,2024,7/1/24,8.5,7/3/24,20240703_C6B_05052.jpg,2,/mnt/research-projects/j/jlgage/RawUAVData01/uavforslb/final_image/final_sliced/20240703_C6B_05052.jpg
2112,C6B,2024,7/29/24,3.0,7/26/24,20240726_C6B_02112.jpg,-3,/mnt/research-projects/j/jlgage/RawUAVData01/uavforslb/final_image/final_sliced/20240726_C6B_02112.jpg
4697,C10,2025,7/11/25,5.0,7/11/25,20250711_C10_04697.jpg,0,/mnt/research-projects/j/jlgage/RawUAVData01/uavforslb/final_image/final_sliced/20250711_C10_04697.jpg
4693,C10,2025,7/20/25,2.0,7/21/25,20250721_C10_04693.jpg,1,/mnt/research-projects/j/jlgage/RawUAVData01/uavforslb/final_image/final_sliced/20250721_C10_04693.jpg
1933,C7B,2025,7/10/25,7.0,7/10/25,20250710_C7B_01933.jpg,0,/mnt/research-projects/j/jlgage/RawUAVData01/uavforslb/final_image/final_sliced/20250710_C7B_01933.jpg
2505,C6B,2024,7/27/24,3.0,7/26/24,20240726_C6B_02505.jpg,-1,/mnt/research-projects/j/jlgage/RawUAVData01/uavforslb/final_image/final_sliced/20240726_C6B_02505.jpg
4385,B7A,2024,7/30/24,4.0,7/27/24,20240727_B7A_04385.jpg,-3,/mnt/research-projects/j/jlgage/RawUAVData01/uavforslb/final_image/final_sliced/20240727_B7A_04385.jpg
4529,C10,2025,7/2/25,6.0,7/4/25,20250704_C10_04529.jpg,2,/mnt/research-projects/j/jlgage/RawUAVData01/uavforslb/final_image/final_sliced/20250704_C10_04529.jpg
5391,C10,2025,7/2/25,7.0,7/4/25,20250704_C10_05391.jpg,2,/mnt/research-projects/j/jlgage/RawUAVData01/uavforslb/final_image/final_sliced/20250704_C10_05391.jpg
6012,C10,2025,7/2/25,7.0,7/4/25,20250704_C10_06012.jpg,2,/mnt/research-projects/j/jlgage/RawUAVData01/uavforslb/final_image/final_sliced/20250704_C10_06012.jpg
5644,C10,2025,7/20/25,2.5,7/21/25,20250721_C10_05644.jpg,1,/mnt/research-projects/j/jlgage/RawUAVData01/uavforslb/final_image/final_sliced/20250721_C10_05644.jpg
5537,B7A,2024,7/27/24,6.0,7/27/24,20240727_B7A_05537.jpg,0,/mnt/research-projects/j/jlgage/RawUAVData01/uavforslb/final_image/final_sliced/20240727_B7A_05537.jpg
2517,C6B,2024,7/27/24,4.0,7/26/24,20240726_C6B_02517.jpg,-1,/mnt/research-projects/j/jlgage/RawUAVData01/uavforslb/final_image/final_sliced/20240726_C6B_02517.jpg
4375,B7A,2024,7/30/24,2.5,7/27/24,20240727_B7A_04375.jpg,-3,/mnt/research-projects/j/jlgage/RawUAVData01/uavforslb/final_image/final_sliced/20240727_B7A_04375.jpg
4964,C10,2025,7/20/25,3.0,7/21/25,20250721_C10_04964.jpg,1,/mnt/research-projects/j/jlgage/RawUAVData01/uavforslb/final_image/final_sliced/20250721_C10_04964.jpg
2560,C6B,2024,7/1/24,8.0,7/3/24,20240703_C6B_02560.jpg,2,/mnt/research-projects/j/jlgage/RawUAVData01/uavforslb/final_image/final_sliced/20240703_C6B_02560.jpg
2511,C6B,2024,7/27/24,7.0,7/26/24,20240726_C6B_02511.jpg,-1,/mnt/research-projects/j/jlgage/RawUAVData01/uavforslb/final_image/final_sliced/20240726_C6B_02511.jpg
3306,C6B,2024,7/30/24,2.5,8/2/24,20240802_C6B_03306.jpg,3,/mnt/research-projects/j/jlgage/RawUAVData01/uavforslb/final_image/final_sliced/20240802_C6B_03306.jpg
1347,C6B,2024,7/29/24,2.0,7/26/24,20240726_C6B_01347.jpg,-3,/mnt/research-projects/j/jlgage/RawUAVData01/uavforslb/final_image/final_sliced/20240726_C6B_01347.jpg
2045,C6B,2024,7/29/24,1.0,7/26/24,20240726_C6B_02045.jpg,-3,/mnt/research-projects/j/jlgage/RawUAVData01/uavforslb/final_image/final_sliced/20240726_C6B_02045.jpg
517,C7B,2025,7/10/25,6.5,7/10/25,20250710_C7B_00517.jpg,0,/mnt/research-projects/j/jlgage/RawUAVData01/uavforslb/final_image/final_sliced/20250710_C7B_00517.jpg
3690,C6B,2024,7/30/24,5.0,8/2/24,20240802_C6B_03690.jpg,3,/mnt/research-projects/j/jlgage/RawUAVData01/uavforslb/final_image/final_sliced/20240802_C6B_03690.jpg
4819,C10,2025,7/20/25,3.0,7/21/25,20250721_C10_04819.jpg,1,/mnt/research-projects/j/jlgage/RawUAVData01/uavforslb/final_image/final_sliced/20250721_C10_04819.jpg
92,C7B,2025,6/30/25,6.5,7/1/25,20250701_C7B_00092.jpg,1,/mnt/research-projects/j/jlgage/RawUAVData01/uavforslb/final_image/final_sliced/20250701_C7B_00092.jpg
1896,C6B,2024,7/29/24,1.5,7/26/24,20240726_C6B_01896.jpg,-3,/mnt/research-projects/j/jlgage/RawUAVData01/uavforslb/final_image/final_sliced/20240726_C6B_01896.jpg
898,C6B,2024,7/29/24,4.0,7/26/24,20240726_C6B_00898.jpg,-3,/mnt/research-projects/j/jlgage/RawUAVData01/uavforslb/final_image/final_sliced/20240726_C6B_00898.jpg
347,C6B,2024,7/29/24,4.0,7/26/24,20240726_C6B_00347.jpg,-3,/mnt/research-projects/j/jlgage/RawUAVData01/uavforslb/final_image/final_sliced/20240726_C6B_00347.jpg
4158,B7A,2024,7/30/24,5.0,7/27/24,20240727_B7A_04158.jpg,-3,/mnt/research-projects/j/jlgage/RawUAVData01/uavforslb/final_image/final_sliced/20240727_B7A_04158.jpg
1720,C6B,2024,7/19/24,8.0,7/18/24,20240718_C6B_01720.jpg,-1,/mnt/research-projects/j/jlgage/RawUAVData01/uavforslb/final_image/final_sliced/20240718_C6B_01720.jpg
1083,C7B,2025,7/10/25,5.0,7/10/25,20250710_C7B_01083.jpg,0,/mnt/research-projects/j/jlgage/RawUAVData01/uavforslb/final_image/final_sliced/20250710_C7B_01083.jpg
1676,C7B,2025,7/19/25,2.5,7/18/25,20250718_C7B_01676.jpg,-1,/mnt/research-projects/j/jlgage/RawUAVData01/uavforslb/final_image/final_sliced/20250718_C7B_01676.jpg
2896,C6B,2024,7/15/24,7.0,7/18/24,20240718_C6B_02896.jpg,3,/mnt/research-projects/j/jlgage/RawUAVData01/uavforslb/final_image/final_sliced/20240718_C6B_02896.jpg
4178,B7A,2024,7/30/24,3.0,7/27/24,20240727_B7A_04178.jpg,-3,/mnt/research-projects/j/jlgage/RawUAVData01/uavforslb/final_image/final_sliced/20240727_B7A_04178.jpg
2804,C7B,2025,7/8/25,7.5,7/7/25,20250707_C7B_02804.jpg,-1,/mnt/research-projects/j/jlgage/RawUAVData01/uavforslb/final_image/final_sliced/20250707_C7B_02804.jpg
298,C6B,2024,7/29/24,5.0,7/26/24,20240726_C6B_00298.jpg,-3,/mnt/research-projects/j/jlgage/RawUAVData01/uavforslb/final_image/final_sliced/20240726_C6B_00298.jpg
1902,C6B,2024,7/29/24,4.0,7/26/24,20240726_C6B_01902.jpg,-3,/mnt/research-projects/j/jlgage/RawUAVData01/uavforslb/final_image/final_sliced/20240726_C6B_01902.jpg
4972,C10,2025,7/20/25,3.0,7/21/25,20250721_C10_04972.jpg,1,/mnt/research-projects/j/jlgage/RawUAVData01/uavforslb/final_image/final_sliced/20250721_C10_04972.jpg
817,C6B,2024,7/19/24,8.5,7/18/24,20240718_C6B_00817.jpg,-1,/mnt/research-projects/j/jlgage/RawUAVData01/uavforslb/final_image/final_sliced/20240718_C6B_00817.jpg
283,C7B,2025,7/4/25,6.5,7/4/25,20250704_C7B_00283.jpg,0,/mnt/research-projects/j/jlgage/RawUAVData01/uavforslb/final_image/final_sliced/20250704_C7B_00283.jpg
305,C7B,2025,6/30/25,7.0,7/1/25,20250701_C7B_00305.jpg,1,/mnt/research-projects/j/jlgage/RawUAVData01/uavforslb/final_image/final_sliced/20250701_C7B_00305.jpg
2866,C6B,2024,7/15/24,8.0,7/18/24,20240718_C6B_02866.jpg,3,/mnt/research-projects/j/jlgage/RawUAVData01/uavforslb/final_image/final_sliced/20240718_C6B_02866.jpg
4470,C10,2025,7/11/25,5.0,7/11/25,20250711_C10_04470.jpg,0,/mnt/research-projects/j/jlgage/RawUAVData01/uavforslb/final_image/final_sliced/20250711_C10_04470.jpg
4242,C10,2025,7/19/25,1.0,7/18/25,20250718_C10_04242.jpg,-1,/mnt/research-projects/j/jlgage/RawUAVData01/uavforslb/final_image/final_sliced/20250718_C10_04242.jpg
5270,C10,2025,7/11/25,5.5,7/11/25,20250711_C10_05270.jpg,0,/mnt/research-projects/j/jlgage/RawUAVData01/uavforslb/final_image/final_sliced/20250711_C10_05270.jpg
5211,C10,2025,7/11/25,3.0,7/11/25,20250711_C10_05211.jpg,0,/mnt/research-projects/j/jlgage/RawUAVData01/uavforslb/final_image/final_sliced/20250711_C10_05211.jpg
4227,C10,2025,6/30/25,7.5,6/28/25,20250628_C10_04227.jpg,-2,/mnt/research-projects/j/jlgage/RawUAVData01/uavforslb/final_image/final_sliced/20250628_C10_04227.jpg
1522,C7B,2025,7/10/25,6.0,7/10/25,20250710_C7B_01522.jpg,0,/mnt/research-projects/j/jlgage/RawUAVData01/uavforslb/final_image/final_sliced/20250710_C7B_01522.jpg
5050,C6B,2024,7/27/24,3.0,7/26/24,20240726_C6B_05050.jpg,-1,/mnt/research-projects/j/jlgage/RawUAVData01/uavforslb/final_image/final_sliced/20240726_C6B_05050.jpg
1605,C7B,2025,7/10/25,5.0,7/10/25,20250710_C7B_01605.jpg,0,/mnt/research-projects/j/jlgage/RawUAVData01/uavforslb/final_image/final_sliced/20250710_C7B_01605.jpg
420,C6B,2024,7/19/24,7.0,7/18/24,20240718_C6B_00420.jpg,-1,/mnt/research-projects/j/jlgage/RawUAVData01/uavforslb/final_image/final_sliced/20240718_C6B_00420.jpg
4144,C10,2025,6/30/25,7.0,6/28/25,20250628_C10_04144.jpg,-2,/mnt/research-projects/j/jlgage/RawUAVData01/uavforslb/final_image/final_sliced/20250628_C10_04144.jpg
2692,C7B,2025,7/18/25,7.5,7/18/25,20250718_C7B_02692.jpg,0,/mnt/research-projects/j/jlgage/RawUAVData01/uavforslb/final_image/final_sliced/20250718_C7B_02692.jpg
4117,B7A,2024,7/15/24,8.5,7/16/24,20240716_B7A_04117.jpg,1,/mnt/research-projects/j/jlgage/RawUAVData01/uavforslb/final_image/final_sliced/20240716_B7A_04117.jpg
960,C7B,2025,7/1/25,6.5,7/1/25,20250701_C7B_00960.jpg,0,/mnt/research-projects/j/jlgage/RawUAVData01/uavforslb/final_image/final_sliced/20250701_C7B_00960.jpg
1620,C6B,2024,7/29/24,3.0,7/26/24,20240726_C6B_01620.jpg,-3,/mnt/research-projects/j/jlgage/RawUAVData01/uavforslb/final_image/final_sliced/20240726_C6B_01620.jpg
1749,C6B,2024,7/29/24,3.5,7/26/24,20240726_C6B_01749.jpg,-3,/mnt/research-projects/j/jlgage/RawUAVData01/uavforslb/final_image/final_sliced/20240726_C6B_01749.jpg
4381,C10,2025,7/19/25,3.0,7/18/25,20250718_C10_04381.jpg,-1,/mnt/research-projects/j/jlgage/RawUAVData01/uavforslb/final_image/final_sliced/20250718_C10_04381.jpg
4566,C10,2025,7/20/25,2.0,7/21/25,20250721_C10_04566.jpg,1,/mnt/research-projects/j/jlgage/RawUAVData01/uavforslb/final_image/final_sliced/20250721_C10_04566.jpg
78,C7B,2025,7/4/25,5.5,7/4/25,20250704_C7B_00078.jpg,0,/mnt/research-projects/j/jlgage/RawUAVData01/uavforslb/final_image/final_sliced/20250704_C7B_00078.jpg
1647,C7B,2025,7/10/25,7.0,7/10/25,20250710_C7B_01647.jpg,0,/mnt/research-projects/j/jlgage/RawUAVData01/uavforslb/final_image/final_sliced/20250710_C7B_01647.jpg
4010,B7A,2024,7/30/24,3.0,7/27/24,20240727_B7A_04010.jpg,-3,/mnt/research-projects/j/jlgage/RawUAVData01/uavforslb/final_image/final_sliced/20240727_B7A_04010.jpg
3764,C6B,2024,7/15/24,8.5,7/18/24,20240718_C6B_03764.jpg,3,/mnt/research-projects/j/jlgage/RawUAVData01/uavforslb/final_image/final_sliced/20240718_C6B_03764.jpg
5083,C10,2025,7/20/25,1.5,7/21/25,20250721_C10_05083.jpg,1,/mnt/research-projects/j/jlgage/RawUAVData01/uavforslb/final_image/final_sliced/20250721_C10_05083.jpg
517,C6B,2024,7/19/24,5.0,7/18/24,20240718_C6B_00517.jpg,-1,/mnt/research-projects/j/jlgage/RawUAVData01/uavforslb/final_image/final_sliced/20240718_C6B_00517.jpg
2098,C6B,2024,7/29/24,1.0,7/26/24,20240726_C6B_02098.jpg,-3,/mnt/research-projects/j/jlgage/RawUAVData01/uavforslb/final_image/final_sliced/20240726_C6B_02098.jpg
486,C6B,2024,7/29/24,6.0,7/26/24,20240726_C6B_00486.jpg,-3,/mnt/research-projects/j/jlgage/RawUAVData01/uavforslb/final_image/final_sliced/20240726_C6B_00486.jpg
5009,C10,2025,7/11/25,3.5,7/11/25,20250711_C10_05009.jpg,0,/mnt/research-projects/j/jlgage/RawUAVData01/uavforslb/final_image/final_sliced/20250711_C10_05009.jpg
1667,C7B,2025,7/10/25,5.0,7/10/25,20250710_C7B_01667.jpg,0,/mnt/research-projects/j/jlgage/RawUAVData01/uavforslb/final_image/final_sliced/20250710_C7B_01667.jpg
3618,C6B,2024,7/15/24,8.0,7/18/24,20240718_C6B_03618.jpg,3,/mnt/research-projects/j/jlgage/RawUAVData01/uavforslb/final_image/final_sliced/20240718_C6B_03618.jpg
196,C6B,2024,7/19/24,7.0,7/18/24,20240718_C6B_00196.jpg,-1,/mnt/research-projects/j/jlgage/RawUAVData01/uavforslb/final_image/final_sliced/20240718_C6B_00196.jpg
2134,C6B,2024,7/29/24,3.0,7/26/24,20240726_C6B_02134.jpg,-3,/mnt/research-projects/j/jlgage/RawUAVData01/uavforslb/final_image/final_sliced/20240726_C6B_02134.jpg
3066,C6B,2024,7/15/24,7.0,7/18/24,20240718_C6B_03066.jpg,3,/mnt/research-projects/j/jlgage/RawUAVData01/uavforslb/final_image/final_sliced/20240718_C6B_03066.jpg
3894,B7A,2024,7/15/24,8.5,7/16/24,20240716_B7A_03894.jpg,1,/mnt/research-projects/j/jlgage/RawUAVData01/uavforslb/final_image/final_sliced/20240716_B7A_03894.jpg
1644,C6B,2024,7/29/24,2.0,7/26/24,20240726_C6B_01644.jpg,-3,/mnt/research-projects/j/jlgage/RawUAVData01/uavforslb/final_image/final_sliced/20240726_C6B_01644.jpg
721,C7B,2025,7/18/25,2.5,7/18/25,20250718_C7B_00721.jpg,0,/mnt/research-projects/j/jlgage/RawUAVData01/uavforslb/final_image/final_sliced/20250718_C7B_00721.jpg
373,C7B,2025,6/30/25,6.0,7/1/25,20250701_C7B_00373.jpg,1,/mnt/research-projects/j/jlgage/RawUAVData01/uavforslb/final_image/final_sliced/20250701_C7B_00373.jpg
1339,C6B,2024,7/19/24,8.0,7/18/24,20240718_C6B_01339.jpg,-1,/mnt/research-projects/j/jlgage/RawUAVData01/uavforslb/final_image/final_sliced/20240718_C6B_01339.jpg
875,C7B,2025,7/1/25,7.0,7/1/25,20250701_C7B_00875.jpg,0,/mnt/research-projects/j/jlgage/RawUAVData01/uavforslb/final_image/final_sliced/20250701_C7B_00875.jpg
2756,C7B,2025,7/13/25,7.0,7/12/25,20250712_C7B_02756.jpg,-1,/mnt/research-projects/j/jlgage/RawUAVData01/uavforslb/final_image/final_sliced/20250712_C7B_02756.jpg
4106,B7A,2024,7/30/24,1.5,7/27/24,20240727_B7A_04106.jpg,-3,/mnt/research-projects/j/jlgage/RawUAVData01/uavforslb/final_image/final_sliced/20240727_B7A_04106.jpg
5934,C10,2025,7/19/25,2.5,7/18/25,20250718_C10_05934.jpg,-1,/mnt/research-projects/j/jlgage/RawUAVData01/uavforslb/final_image/final_sliced/20250718_C10_05934.jpg
1229,C6B,2024,7/19/24,7.0,7/18/24,20240718_C6B_01229.jpg,-1,/mnt/research-projects/j/jlgage/RawUAVData01/uavforslb/final_image/final_sliced/20240718_C6B_01229.jpg
5553,C10,2025,7/20/25,5.0,7/21/25,20250721_C10_05553.jpg,1,/mnt/research-projects/j/jlgage/RawUAVData01/uavforslb/final_image/final_sliced/20250721_C10_05553.jpg
2014,C7B,2025,7/7/25,7.0,7/7/25,20250707_C7B_02014.jpg,0,/mnt/research-projects/j/jlgage/RawUAVData01/uavforslb/final_image/final_sliced/20250707_C7B_02014.jpg
819,C6B,2024,7/19/24,7.0,7/18/24,20240718_C6B_00819.jpg,-1,/mnt/research-projects/j/jlgage/RawUAVData01/uavforslb/final_image/final_sliced/20240718_C6B_00819.jpg
5237,C10,2025,7/20/25,1.5,7/21/25,20250721_C10_05237.jpg,1,/mnt/research-projects/j/jlgage/RawUAVData01/uavforslb/final_image/final_sliced/20250721_C10_05237.jpg
4045,C10,2025,6/30/25,7.0,6/28/25,20250628_C10_04045.jpg,-2,/mnt/research-projects/j/jlgage/RawUAVData01/uavforslb/final_image/final_sliced/20250628_C10_04045.jpg
2081,C6B,2024,7/29/24,2.0,7/26/24,20240726_C6B_02081.jpg,-3,/mnt/research-projects/j/jlgage/RawUAVData01/uavforslb/final_image/final_sliced/20240726_C6B_02081.jpg
4523,B7A,2024,7/30/24,1.5,7/27/24,20240727_B7A_04523.jpg,-3,/mnt/research-projects/j/jlgage/RawUAVData01/uavforslb/final_image/final_sliced/20240727_B7A_04523.jpg
1927,C7B,2025,7/10/25,9.0,7/10/25,20250710_C7B_01927.jpg,0,/mnt/research-projects/j/jlgage/RawUAVData01/uavforslb/final_image/final_sliced/20250710_C7B_01927.jpg
1851,C7B,2025,7/10/25,6.0,7/10/25,20250710_C7B_01851.jpg,0,/mnt/research-projects/j/jlgage/RawUAVData01/uavforslb/final_image/final_sliced/20250710_C7B_01851.jpg
4107,B7A,2024,7/15/24,8.0,7/16/24,20240716_B7A_04107.jpg,1,/mnt/research-projects/j/jlgage/RawUAVData01/uavforslb/final_image/final_sliced/20240716_B7A_04107.jpg
4439,B7A,2024,7/30/24,2.0,7/27/24,20240727_B7A_04439.jpg,-3,/mnt/research-projects/j/jlgage/RawUAVData01/uavforslb/final_image/final_sliced/20240727_B7A_04439.jpg
4033,B7A,2024,7/30/24,4.0,7/27/24,20240727_B7A_04033.jpg,-3,/mnt/research-projects/j/jlgage/RawUAVData01/uavforslb/final_image/final_sliced/20240727_B7A_04033.jpg
426,C7B,2025,7/18/25,3.5,7/18/25,20250718_C7B_00426.jpg,0,/mnt/research-projects/j/jlgage/RawUAVData01/uavforslb/final_image/final_sliced/20250718_C7B_00426.jpg
3850,B7A,2024,7/30/24,2.0,7/27/24,20240727_B7A_03850.jpg,-3,/mnt/research-projects/j/jlgage/RawUAVData01/uavforslb/final_image/final_sliced/20240727_B7A_03850.jpg
1472,C7B,2025,7/18/25,3.0,7/18/25,20250718_C7B_01472.jpg,0,/mnt/research-projects/j/jlgage/RawUAVData01/uavforslb/final_image/final_sliced/20250718_C7B_01472.jpg
4295,B7A,2024,7/30/24,1.5,7/27/24,20240727_B7A_04295.jpg,-3,/mnt/research-projects/j/jlgage/RawUAVData01/uavforslb/final_image/final_sliced/20240727_B7A_04295.jpg
6842,C10,2025,7/14/25,6.0,7/14/25,20250714_C10_06842.jpg,0,/mnt/research-projects/j/jlgage/RawUAVData01/uavforslb/final_image/final_sliced/20250714_C10_06842.jpg
6763,C10,2025,7/14/25,7.5,7/14/25,20250714_C10_06763.jpg,0,/mnt/research-projects/j/jlgage/RawUAVData01/uavforslb/final_image/final_sliced/20250714_C10_06763.jpg
769,C7B,2025,7/10/25,5.0,7/10/25,20250710_C7B_00769.jpg,0,/mnt/research-projects/j/jlgage/RawUAVData01/uavforslb/final_image/final_sliced/20250710_C7B_00769.jpg
1294,C7B,2025,7/18/25,2.0,7/18/25,20250718_C7B_01294.jpg,0,/mnt/research-projects/j/jlgage/RawUAVData01/uavforslb/final_image/final_sliced/20250718_C7B_01294.jpg
5966,C10,2025,7/19/25,2.5,7/18/25,20250718_C10_05966.jpg,-1,/mnt/research-projects/j/jlgage/RawUAVData01/uavforslb/final_image/final_sliced/20250718_C10_05966.jpg
3139,C6B,2024,7/15/24,8.5,7/18/24,20240718_C6B_03139.jpg,3,/mnt/research-projects/j/jlgage/RawUAVData01/uavforslb/final_image/final_sliced/20240718_C6B_03139.jpg
1238,C7B,2025,7/1/25,6.0,7/1/25,20250701_C7B_01238.jpg,0,/mnt/research-projects/j/jlgage/RawUAVData01/uavforslb/final_image/final_sliced/20250701_C7B_01238.jpg
857,C6B,2024,7/19/24,7.5,7/18/24,20240718_C6B_00857.jpg,-1,/mnt/research-projects/j/jlgage/RawUAVData01/uavforslb/final_image/final_sliced/20240718_C6B_00857.jpg
2806,C7B,2025,7/18/25,7.0,7/18/25,20250718_C7B_02806.jpg,0,/mnt/research-projects/j/jlgage/RawUAVData01/uavforslb/final_image/final_sliced/20250718_C7B_02806.jpg
1887,C7B,2025,7/10/25,8.0,7/10/25,20250710_C7B_01887.jpg,0,/mnt/research-projects/j/jlgage/RawUAVData01/uavforslb/final_image/final_sliced/20250710_C7B_01887.jpg
1567,C6B,2024,7/19/24,5.5,7/18/24,20240718_C6B_01567.jpg,-1,/mnt/research-projects/j/jlgage/RawUAVData01/uavforslb/final_image/final_sliced/20240718_C6B_01567.jpg
6869,C10,2025,7/14/25,7.0,7/14/25,20250714_C10_06869.jpg,0,/mnt/research-projects/j/jlgage/RawUAVData01/uavforslb/final_image/final_sliced/20250714_C10_06869.jpg
5878,C10,2025,7/1/25,7.0,6/28/25,20250628_C10_05878.jpg,-3,/mnt/research-projects/j/jlgage/RawUAVData01/uavforslb/final_image/final_sliced/20250628_C10_05878.jpg
551,C6B,2024,7/19/24,8.5,7/18/24,20240718_C6B_00551.jpg,-1,/mnt/research-projects/j/jlgage/RawUAVData01/uavforslb/final_image/final_sliced/20240718_C6B_00551.jpg
6855,C10,2025,7/18/25,6.0,7/18/25,20250718_C10_06855.jpg,0,/mnt/research-projects/j/jlgage/RawUAVData01/uavforslb/final_image/final_sliced/20250718_C10_06855.jpg
2151,C6B,2024,7/19/24,7.0,7/18/24,20240718_C6B_02151.jpg,-1,/mnt/research-projects/j/jlgage/RawUAVData01/uavforslb/final_image/final_sliced/20240718_C6B_02151.jpg
3086,C6B,2024,7/30/24,1.5,8/2/24,20240802_C6B_03086.jpg,3,/mnt/research-projects/j/jlgage/RawUAVData01/uavforslb/final_image/final_sliced/20240802_C6B_03086.jpg
6756,C10,2025,7/8/25,8.5,7/7/25,20250707_C10_06756.jpg,-1,/mnt/research-projects/j/jlgage/RawUAVData01/uavforslb/final_image/final_sliced/20250707_C10_06756.jpg
250,C7B,2025,6/30/25,7.5,7/1/25,20250701_C7B_00250.jpg,1,/mnt/research-projects/j/jlgage/RawUAVData01/uavforslb/final_image/final_sliced/20250701_C7B_00250.jpg
1870,C6B,2024,7/19/24,8.5,7/18/24,20240718_C6B_01870.jpg,-1,/mnt/research-projects/j/jlgage/RawUAVData01/uavforslb/final_image/final_sliced/20240718_C6B_01870.jpg
2528,C6B,2024,7/11/24,7.0,7/10/24,20240710_C6B_02528.jpg,-1,/mnt/research-projects/j/jlgage/RawUAVData01/uavforslb/final_image/final_sliced/20240710_C6B_02528.jpg
5379,C10,2025,7/11/25,4.0,7/11/25,20250711_C10_05379.jpg,0,/mnt/research-projects/j/jlgage/RawUAVData01/uavforslb/final_image/final_sliced/20250711_C10_05379.jpg
661,C6B,2024,7/19/24,8.0,7/18/24,20240718_C6B_00661.jpg,-1,/mnt/research-projects/j/jlgage/RawUAVData01/uavforslb/final_image/final_sliced/20240718_C6B_00661.jpg
3776,C6B,2024,7/30/24,1.5,8/2/24,20240802_C6B_03776.jpg,3,/mnt/research-projects/j/jlgage/RawUAVData01/uavforslb/final_image/final_sliced/20240802_C6B_03776.jpg
659,C7B,2025,6/30/25,6.5,7/1/25,20250701_C7B_00659.jpg,1,/mnt/research-projects/j/jlgage/RawUAVData01/uavforslb/final_image/final_sliced/20250701_C7B_00659.jpg
1488,C7B,2025,7/18/25,2.0,7/18/25,20250718_C7B_01488.jpg,0,/mnt/research-projects/j/jlgage/RawUAVData01/uavforslb/final_image/final_sliced/20250718_C7B_01488.jpg
3282,C6B,2024,7/15/24,8.5,7/18/24,20240718_C6B_03282.jpg,3,/mnt/research-projects/j/jlgage/RawUAVData01/uavforslb/final_image/final_sliced/20240718_C6B_03282.jpg
5727,C10,2025,7/8/25,4.5,7/7/25,20250707_C10_05727.jpg,-1,/mnt/research-projects/j/jlgage/RawUAVData01/uavforslb/final_image/final_sliced/20250707_C10_05727.jpg
4234,B7A,2024,7/15/24,8.0,7/16/24,20240716_B7A_04234.jpg,1,/mnt/research-projects/j/jlgage/RawUAVData01/uavforslb/final_image/final_sliced/20240716_B7A_04234.jpg
1244,C7B,2025,7/18/25,2.0,7/18/25,20250718_C7B_01244.jpg,0,/mnt/research-projects/j/jlgage/RawUAVData01/uavforslb/final_image/final_sliced/20250718_C7B_01244.jpg
4453,C10,2025,7/19/25,3.5,7/18/25,20250718_C10_04453.jpg,-1,/mnt/research-projects/j/jlgage/RawUAVData01/uavforslb/final_image/final_sliced/20250718_C10_04453.jpg
534,C6B,2024,7/29/24,8.5,7/26/24,20240726_C6B_00534.jpg,-3,/mnt/research-projects/j/jlgage/RawUAVData01/uavforslb/final_image/final_sliced/20240726_C6B_00534.jpg
5866,C10,2025,7/19/25,2.0,7/18/25,20250718_C10_05866.jpg,-1,/mnt/research-projects/j/jlgage/RawUAVData01/uavforslb/final_image/final_sliced/20250718_C10_05866.jpg
839,C6B,2024,7/29/24,5.0,7/26/24,20240726_C6B_00839.jpg,-3,/mnt/research-projects/j/jlgage/RawUAVData01/uavforslb/final_image/final_sliced/20240726_C6B_00839.jpg
3319,C6B,2024,7/30/24,2.0,8/2/24,20240802_C6B_03319.jpg,3,/mnt/research-projects/j/jlgage/RawUAVData01/uavforslb/final_image/final_sliced/20240802_C6B_03319.jpg
1972,C6B,2024,7/29/24,3.5,7/26/24,20240726_C6B_01972.jpg,-3,/mnt/research-projects/j/jlgage/RawUAVData01/uavforslb/final_image/final_sliced/20240726_C6B_01972.jpg
3995,B7A,2024,7/15/24,8.5,7/16/24,20240716_B7A_03995.jpg,1,/mnt/research-projects/j/jlgage/RawUAVData01/uavforslb/final_image/final_sliced/20240716_B7A_03995.jpg
3235,C6B,2024,7/15/24,8.5,7/18/24,20240718_C6B_03235.jpg,3,/mnt/research-projects/j/jlgage/RawUAVData01/uavforslb/final_image/final_sliced/20240718_C6B_03235.jpg
5495,C10,2025,7/11/25,4.0,7/11/25,20250711_C10_05495.jpg,0,/mnt/research-projects/j/jlgage/RawUAVData01/uavforslb/final_image/final_sliced/20250711_C10_05495.jpg
1604,C7B,2025,7/1/25,7.5,7/1/25,20250701_C7B_01604.jpg,0,/mnt/research-projects/j/jlgage/RawUAVData01/uavforslb/final_image/final_sliced/20250701_C7B_01604.jpg
2887,C6B,2024,7/30/24,1.5,8/2/24,20240802_C6B_02887.jpg,3,/mnt/research-projects/j/jlgage/RawUAVData01/uavforslb/final_image/final_sliced/20240802_C6B_02887.jpg
3127,C6B,2024,7/15/24,8.5,7/18/24,20240718_C6B_03127.jpg,3,/mnt/research-projects/j/jlgage/RawUAVData01/uavforslb/final_image/final_sliced/20240718_C6B_03127.jpg
3412,C6B,2024,7/30/24,1.5,8/2/24,20240802_C6B_03412.jpg,3,/mnt/research-projects/j/jlgage/RawUAVData01/uavforslb/final_image/final_sliced/20240802_C6B_03412.jpg
3317,C6B,2024,7/15/24,8.0,7/18/24,20240718_C6B_03317.jpg,3,/mnt/research-projects/j/jlgage/RawUAVData01/uavforslb/final_image/final_sliced/20240718_C6B_03317.jpg
2675,C7B,2025,7/18/25,6.5,7/18/25,20250718_C7B_02675.jpg,0,/mnt/research-projects/j/jlgage/RawUAVData01/uavforslb/final_image/final_sliced/20250718_C7B_02675.jpg
1506,C7B,2025,7/10/25,5.0,7/10/25,20250710_C7B_01506.jpg,0,/mnt/research-projects/j/jlgage/RawUAVData01/uavforslb/final_image/final_sliced/20250710_C7B_01506.jpg
342,C6B,2024,7/29/24,1.5,7/26/24,20240726_C6B_00342.jpg,-3,/mnt/research-projects/j/jlgage/RawUAVData01/uavforslb/final_image/final_sliced/20240726_C6B_00342.jpg
427,C7B,2025,7/4/25,5.5,7/4/25,20250704_C7B_00427.jpg,0,/mnt/research-projects/j/jlgage/RawUAVData01/uavforslb/final_image/final_sliced/20250704_C7B_00427.jpg
5694,C10,2025,7/11/25,7.0,7/11/25,20250711_C10_05694.jpg,0,/mnt/research-projects/j/jlgage/RawUAVData01/uavforslb/final_image/final_sliced/20250711_C10_05694.jpg
1430,C6B,2024,7/29/24,4.0,7/26/24,20240726_C6B_01430.jpg,-3,/mnt/research-projects/j/jlgage/RawUAVData01/uavforslb/final_image/final_sliced/20240726_C6B_01430.jpg
1959,C6B,2024,7/29/24,2.0,7/26/24,20240726_C6B_01959.jpg,-3,/mnt/research-projects/j/jlgage/RawUAVData01/uavforslb/final_image/final_sliced/20240726_C6B_01959.jpg
429,C6B,2024,7/19/24,8.5,7/18/24,20240718_C6B_00429.jpg,-1,/mnt/research-projects/j/jlgage/RawUAVData01/uavforslb/final_image/final_sliced/20240718_C6B_00429.jpg
6733,C10,2025,7/18/25,8.5,7/18/25,20250718_C10_06733.jpg,0,/mnt/research-projects/j/jlgage/RawUAVData01/uavforslb/final_image/final_sliced/20250718_C10_06733.jpg
149,C6B,2024,7/29/24,6.0,7/26/24,20240726_C6B_00149.jpg,-3,/mnt/research-projects/j/jlgage/RawUAVData01/uavforslb/final_image/final_sliced/20240726_C6B_00149.jpg
753,C6B,2024,7/29/24,4.0,7/26/24,20240726_C6B_00753.jpg,-3,/mnt/research-projects/j/jlgage/RawUAVData01/uavforslb/final_image/final_sliced/20240726_C6B_00753.jpg
4217,C10,2025,7/7/25,7.0,7/7/25,20250707_C10_04217.jpg,0,/mnt/research-projects/j/jlgage/RawUAVData01/uavforslb/final_image/final_sliced/20250707_C10_04217.jpg
4056,C10,2025,6/30/25,7.0,6/28/25,20250628_C10_04056.jpg,-2,/mnt/research-projects/j/jlgage/RawUAVData01/uavforslb/final_image/final_sliced/20250628_C10_04056.jpg
5981,C10,2025,7/8/25,4.5,7/7/25,20250707_C10_05981.jpg,-1,/mnt/research-projects/j/jlgage/RawUAVData01/uavforslb/final_image/final_sliced/20250707_C10_05981.jpg
4490,C10,2025,7/20/25,1.5,7/21/25,20250721_C10_04490.jpg,1,/mnt/research-projects/j/jlgage/RawUAVData01/uavforslb/final_image/final_sliced/20250721_C10_04490.jpg
4357,B7A,2024,7/15/24,7.5,7/16/24,20240716_B7A_04357.jpg,1,/mnt/research-projects/j/jlgage/RawUAVData01/uavforslb/final_image/final_sliced/20240716_B7A_04357.jpg
4373,C10,2025,7/19/25,3.0,7/18/25,20250718_C10_04373.jpg,-1,/mnt/research-projects/j/jlgage/RawUAVData01/uavforslb/final_image/final_sliced/20250718_C10_04373.jpg
4575,C10,2025,7/2/25,7.0,7/4/25,20250704_C10_04575.jpg,2,/mnt/research-projects/j/jlgage/RawUAVData01/uavforslb/final_image/final_sliced/20250704_C10_04575.jpg
4216,C10,2025,7/11/25,4.5,7/11/25,20250711_C10_04216.jpg,0,/mnt/research-projects/j/jlgage/RawUAVData01/uavforslb/final_image/final_sliced/20250711_C10_04216.jpg
6645,C10,2025,7/14/25,7.5,7/14/25,20250714_C10_06645.jpg,0,/mnt/research-projects/j/jlgage/RawUAVData01/uavforslb/final_image/final_sliced/20250714_C10_06645.jpg
4766,C10,2025,7/11/25,4.0,7/11/25,20250711_C10_04766.jpg,0,/mnt/research-projects/j/jlgage/RawUAVData01/uavforslb/final_image/final_sliced/20250711_C10_04766.jpg
4224,B7A,2024,7/15/24,7.0,7/16/24,20240716_B7A_04224.jpg,1,/mnt/research-projects/j/jlgage/RawUAVData01/uavforslb/final_image/final_sliced/20240716_B7A_04224.jpg
915,C7B,2025,7/18/25,2.0,7/18/25,20250718_C7B_00915.jpg,0,/mnt/research-projects/j/jlgage/RawUAVData01/uavforslb/final_image/final_sliced/20250718_C7B_00915.jpg
5551,C10,2025,7/11/25,6.0,7/11/25,20250711_C10_05551.jpg,0,/mnt/research-projects/j/jlgage/RawUAVData01/uavforslb/final_image/final_sliced/20250711_C10_05551.jpg
5826,C10,2025,7/8/25,5.0,7/7/25,20250707_C10_05826.jpg,-1,/mnt/research-projects/j/jlgage/RawUAVData01/uavforslb/final_image/final_sliced/20250707_C10_05826.jpg
1624,C6B,2024,7/29/24,4.0,7/26/24,20240726_C6B_01624.jpg,-3,/mnt/research-projects/j/jlgage/RawUAVData01/uavforslb/final_image/final_sliced/20240726_C6B_01624.jpg
741,C6B,2024,7/29/24,7.0,7/26/24,20240726_C6B_00741.jpg,-3,/mnt/research-projects/j/jlgage/RawUAVData01/uavforslb/final_image/final_sliced/20240726_C6B_00741.jpg
1929,C7B,2025,7/1/25,8.0,7/1/25,20250701_C7B_01929.jpg,0,/mnt/research-projects/j/jlgage/RawUAVData01/uavforslb/final_image/final_sliced/20250701_C7B_01929.jpg
526,C7B,2025,6/30/25,7.0,7/1/25,20250701_C7B_00526.jpg,1,/mnt/research-projects/j/jlgage/RawUAVData01/uavforslb/final_image/final_sliced/20250701_C7B_00526.jpg
5032,C10,2025,7/20/25,2.0,7/21/25,20250721_C10_05032.jpg,1,/mnt/research-projects/j/jlgage/RawUAVData01/uavforslb/final_image/final_sliced/20250721_C10_05032.jpg
4188,C10,2025,6/30/25,6.5,6/28/25,20250628_C10_04188.jpg,-2,/mnt/research-projects/j/jlgage/RawUAVData01/uavforslb/final_image/final_sliced/20250628_C10_04188.jpg
376,C7B,2025,7/18/25,4.5,7/18/25,20250718_C7B_00376.jpg,0,/mnt/research-projects/j/jlgage/RawUAVData01/uavforslb/final_image/final_sliced/20250718_C7B_00376.jpg
2088,C6B,2024,7/29/24,1.5,7/26/24,20240726_C6B_02088.jpg,-3,/mnt/research-projects/j/jlgage/RawUAVData01/uavforslb/final_image/final_sliced/20240726_C6B_02088.jpg
1065,C7B,2025,7/18/25,2.5,7/18/25,20250718_C7B_01065.jpg,0,/mnt/research-projects/j/jlgage/RawUAVData01/uavforslb/final_image/final_sliced/20250718_C7B_01065.jpg
2706,C7B,2025,7/18/25,7.5,7/18/25,20250718_C7B_02706.jpg,0,/mnt/research-projects/j/jlgage/RawUAVData01/uavforslb/final_image/final_sliced/20250718_C7B_02706.jpg
855,C6B,2024,7/29/24,3.0,7/26/24,20240726_C6B_00855.jpg,-3,/mnt/research-projects/j/jlgage/RawUAVData01/uavforslb/final_image/final_sliced/20240726_C6B_00855.jpg
372,C6B,2024,7/29/24,3.0,7/26/24,20240726_C6B_00372.jpg,-3,/mnt/research-projects/j/jlgage/RawUAVData01/uavforslb/final_image/final_sliced/20240726_C6B_00372.jpg
1298,C6B,2024,7/19/24,5.5,7/18/24,20240718_C6B_01298.jpg,-1,/mnt/research-projects/j/jlgage/RawUAVData01/uavforslb/final_image/final_sliced/20240718_C6B_01298.jpg
2801,C6B,2024,7/30/24,3.0,8/2/24,20240802_C6B_02801.jpg,3,/mnt/research-projects/j/jlgage/RawUAVData01/uavforslb/final_image/final_sliced/20240802_C6B_02801.jpg
357,C7B,2025,7/4/25,8.0,7/4/25,20250704_C7B_00357.jpg,0,/mnt/research-projects/j/jlgage/RawUAVData01/uavforslb/final_image/final_sliced/20250704_C7B_00357.jpg
4583,B7A,2024,7/30/24,1.5,7/27/24,20240727_B7A_04583.jpg,-3,/mnt/research-projects/j/jlgage/RawUAVData01/uavforslb/final_image/final_sliced/20240727_B7A_04583.jpg
5023,C6B,2024,7/27/24,8.0,7/26/24,20240726_C6B_05023.jpg,-1,/mnt/research-projects/j/jlgage/RawUAVData01/uavforslb/final_image/final_sliced/20240726_C6B_05023.jpg
123,C6B,2024,7/19/24,6.0,7/18/24,20240718_C6B_00123.jpg,-1,/mnt/research-projects/j/jlgage/RawUAVData01/uavforslb/final_image/final_sliced/20240718_C6B_00123.jpg
851,C7B,2025,7/10/25,3.0,7/10/25,20250710_C7B_00851.jpg,0,/mnt/research-projects/j/jlgage/RawUAVData01/uavforslb/final_image/final_sliced/20250710_C7B_00851.jpg
1002,C7B,2025,7/1/25,7.5,7/1/25,20250701_C7B_01002.jpg,0,/mnt/research-projects/j/jlgage/RawUAVData01/uavforslb/final_image/final_sliced/20250701_C7B_01002.jpg
1886,C6B,2024,7/29/24,2.0,7/26/24,20240726_C6B_01886.jpg,-3,/mnt/research-projects/j/jlgage/RawUAVData01/uavforslb/final_image/final_sliced/20240726_C6B_01886.jpg
1190,C7B,2025,7/1/25,7.0,7/1/25,20250701_C7B_01190.jpg,0,/mnt/research-projects/j/jlgage/RawUAVData01/uavforslb/final_image/final_sliced/20250701_C7B_01190.jpg
2010,C6B,2024,7/29/24,1.5,7/26/24,20240726_C6B_02010.jpg,-3,/mnt/research-projects/j/jlgage/RawUAVData01/uavforslb/final_image/final_sliced/20240726_C6B_02010.jpg
386,C7B,2025,7/4/25,6.0,7/4/25,20250704_C7B_00386.jpg,0,/mnt/research-projects/j/jlgage/RawUAVData01/uavforslb/final_image/final_sliced/20250704_C7B_00386.jpg
2831,C7B,2025,6/30/25,8.5,7/1/25,20250701_C7B_02831.jpg,1,/mnt/research-projects/j/jlgage/RawUAVData01/uavforslb/final_image/final_sliced/20250701_C7B_02831.jpg
5052,C6B,2024,7/27/24,5.5,7/26/24,20240726_C6B_05052.jpg,-1,/mnt/research-projects/j/jlgage/RawUAVData01/uavforslb/final_image/final_sliced/20240726_C6B_05052.jpg
6032,C10,2025,7/8/25,5.0,7/7/25,20250707_C10_06032.jpg,-1,/mnt/research-projects/j/jlgage/RawUAVData01/uavforslb/final_image/final_sliced/20250707_C10_06032.jpg
5912,C10,2025,7/19/25,3.0,7/18/25,20250718_C10_05912.jpg,-1,/mnt/research-projects/j/jlgage/RawUAVData01/uavforslb/final_image/final_sliced/20250718_C10_05912.jpg
4577,B7A,2024,7/15/24,8.5,7/16/24,20240716_B7A_04577.jpg,1,/mnt/research-projects/j/jlgage/RawUAVData01/uavforslb/final_image/final_sliced/20240716_B7A_04577.jpg
5101,C10,2025,7/20/25,1.5,7/21/25,20250721_C10_05101.jpg,1,/mnt/research-projects/j/jlgage/RawUAVData01/uavforslb/final_image/final_sliced/20250721_C10_05101.jpg
2129,C6B,2024,7/19/24,4.0,7/18/24,20240718_C6B_02129.jpg,-1,/mnt/research-projects/j/jlgage/RawUAVData01/uavforslb/final_image/final_sliced/20240718_C6B_02129.jpg
5282,C10,2025,7/11/25,3.0,7/11/25,20250711_C10_05282.jpg,0,/mnt/research-projects/j/jlgage/RawUAVData01/uavforslb/final_image/final_sliced/20250711_C10_05282.jpg
5422,C10,2025,7/11/25,3.0,7/11/25,20250711_C10_05422.jpg,0,/mnt/research-projects/j/jlgage/RawUAVData01/uavforslb/final_image/final_sliced/20250711_C10_05422.jpg
5590,C10,2025,7/2/25,5.0,7/4/25,20250704_C10_05590.jpg,2,/mnt/research-projects/j/jlgage/RawUAVData01/uavforslb/final_image/final_sliced/20250704_C10_05590.jpg
4189,C10,2025,7/7/25,7.0,7/7/25,20250707_C10_04189.jpg,0,/mnt/research-projects/j/jlgage/RawUAVData01/uavforslb/final_image/final_sliced/20250707_C10_04189.jpg
5066,C6B,2024,7/1/24,8.5,7/3/24,20240703_C6B_05066.jpg,2,/mnt/research-projects/j/jlgage/RawUAVData01/uavforslb/final_image/final_sliced/20240703_C6B_05066.jpg
3774,C6B,2024,7/15/24,8.5,7/18/24,20240718_C6B_03774.jpg,3,/mnt/research-projects/j/jlgage/RawUAVData01/uavforslb/final_image/final_sliced/20240718_C6B_03774.jpg
2137,C6B,2024,7/29/24,3.0,7/26/24,20240726_C6B_02137.jpg,-3,/mnt/research-projects/j/jlgage/RawUAVData01/uavforslb/final_image/final_sliced/20240726_C6B_02137.jpg
720,C6B,2024,7/19/24,7.0,7/18/24,20240718_C6B_00720.jpg,-1,/mnt/research-projects/j/jlgage/RawUAVData01/uavforslb/final_image/final_sliced/20240718_C6B_00720.jpg
4491,B7A,2024,7/30/24,3.0,7/27/24,20240727_B7A_04491.jpg,-3,/mnt/research-projects/j/jlgage/RawUAVData01/uavforslb/final_image/final_sliced/20240727_B7A_04491.jpg
4098,C10,2025,7/11/25,5.0,7/11/25,20250711_C10_04098.jpg,0,/mnt/research-projects/j/jlgage/RawUAVData01/uavforslb/final_image/final_sliced/20250711_C10_04098.jpg
214,C6B,2024,7/29/24,5.0,7/26/24,20240726_C6B_00214.jpg,-3,/mnt/research-projects/j/jlgage/RawUAVData01/uavforslb/final_image/final_sliced/20240726_C6B_00214.jpg
4510,B7A,2024,7/15/24,7.5,7/16/24,20240716_B7A_04510.jpg,1,/mnt/research-projects/j/jlgage/RawUAVData01/uavforslb/final_image/final_sliced/20240716_B7A_04510.jpg
4068,B7A,2024,7/30/24,1.5,7/27/24,20240727_B7A_04068.jpg,-3,/mnt/research-projects/j/jlgage/RawUAVData01/uavforslb/final_image/final_sliced/20240727_B7A_04068.jpg
4550,B7A,2024,7/15/24,8.0,7/16/24,20240716_B7A_04550.jpg,1,/mnt/research-projects/j/jlgage/RawUAVData01/uavforslb/final_image/final_sliced/20240716_B7A_04550.jpg
4011,C10,2025,6/30/25,7.0,6/28/25,20250628_C10_04011.jpg,-2,/mnt/research-projects/j/jlgage/RawUAVData01/uavforslb/final_image/final_sliced/20250628_C10_04011.jpg
1088,C6B,2024,7/19/24,7.0,7/18/24,20240718_C6B_01088.jpg,-1,/mnt/research-projects/j/jlgage/RawUAVData01/uavforslb/final_image/final_sliced/20240718_C6B_01088.jpg
5068,C10,2025,7/11/25,5.0,7/11/25,20250711_C10_05068.jpg,0,/mnt/research-projects/j/jlgage/RawUAVData01/uavforslb/final_image/final_sliced/20250711_C10_05068.jpg
2857,C7B,2025,7/18/25,5.0,7/18/25,20250718_C7B_02857.jpg,0,/mnt/research-projects/j/jlgage/RawUAVData01/uavforslb/final_image/final_sliced/20250718_C7B_02857.jpg
4885,C10,2025,7/2/25,6.0,7/4/25,20250704_C10_04885.jpg,2,/mnt/research-projects/j/jlgage/RawUAVData01/uavforslb/final_image/final_sliced/20250704_C10_04885.jpg
3574,C6B,2024,7/15/24,8.0,7/18/24,20240718_C6B_03574.jpg,3,/mnt/research-projects/j/jlgage/RawUAVData01/uavforslb/final_image/final_sliced/20240718_C6B_03574.jpg
4230,C10,2025,7/11/25,5.5,7/11/25,20250711_C10_04230.jpg,0,/mnt/research-projects/j/jlgage/RawUAVData01/uavforslb/final_image/final_sliced/20250711_C10_04230.jpg
2591,C6B,2024,7/15/24,7.5,7/18/24,20240718_C6B_02591.jpg,3,/mnt/research-projects/j/jlgage/RawUAVData01/uavforslb/final_image/final_sliced/20240718_C6B_02591.jpg
1123,C7B,2025,7/18/25,1.5,7/18/25,20250718_C7B_01123.jpg,0,/mnt/research-projects/j/jlgage/RawUAVData01/uavforslb/final_image/final_sliced/20250718_C7B_01123.jpg
59,C7B,2025,6/30/25,7.0,7/1/25,20250701_C7B_00059.jpg,1,/mnt/research-projects/j/jlgage/RawUAVData01/uavforslb/final_image/final_sliced/20250701_C7B_00059.jpg
1460,C7B,2025,7/1/25,6.5,7/1/25,20250701_C7B_01460.jpg,0,/mnt/research-projects/j/jlgage/RawUAVData01/uavforslb/final_image/final_sliced/20250701_C7B_01460.jpg
1434,C6B,2024,7/29/24,4.0,7/26/24,20240726_C6B_01434.jpg,-3,/mnt/research-projects/j/jlgage/RawUAVData01/uavforslb/final_image/final_sliced/20240726_C6B_01434.jpg
2682,C7B,2025,7/13/25,5.5,7/12/25,20250712_C7B_02682.jpg,-1,/mnt/research-projects/j/jlgage/RawUAVData01/uavforslb/final_image/final_sliced/20250712_C7B_02682.jpg
4670,C10,2025,7/20/25,1.5,7/21/25,20250721_C10_04670.jpg,1,/mnt/research-projects/j/jlgage/RawUAVData01/uavforslb/final_image/final_sliced/20250721_C10_04670.jpg
3073,C6B,2024,7/30/24,5.0,8/2/24,20240802_C6B_03073.jpg,3,/mnt/research-projects/j/jlgage/RawUAVData01/uavforslb/final_image/final_sliced/20240802_C6B_03073.jpg
4632,B7A,2024,7/15/24,8.0,7/16/24,20240716_B7A_04632.jpg,1,/mnt/research-projects/j/jlgage/RawUAVData01/uavforslb/final_image/final_sliced/20240716_B7A_04632.jpg
5430,C10,2025,7/2/25,5.0,7/4/25,20250704_C10_05430.jpg,2,/mnt/research-projects/j/jlgage/RawUAVData01/uavforslb/final_image/final_sliced/20250704_C10_05430.jpg
5567,B7A,2024,7/18/24,8.0,7/16/24,20240716_B7A_05567.jpg,-2,/mnt/research-projects/j/jlgage/RawUAVData01/uavforslb/final_image/final_sliced/20240716_B7A_05567.jpg
901,C7B,2025,7/18/25,2.5,7/18/25,20250718_C7B_00901.jpg,0,/mnt/research-projects/j/jlgage/RawUAVData01/uavforslb/final_image/final_sliced/20250718_C7B_00901.jpg
5564,C10,2025,7/2/25,5.0,7/4/25,20250704_C10_05564.jpg,2,/mnt/research-projects/j/jlgage/RawUAVData01/uavforslb/final_image/final_sliced/20250704_C10_05564.jpg
548,C7B,2025,6/30/25,6.0,7/1/25,20250701_C7B_00548.jpg,1,/mnt/research-projects/j/jlgage/RawUAVData01/uavforslb/final_image/final_sliced/20250701_C7B_00548.jpg
1810,C7B,2025,7/1/25,6.5,7/1/25,20250701_C7B_01810.jpg,0,/mnt/research-projects/j/jlgage/RawUAVData01/uavforslb/final_image/final_sliced/20250701_C7B_01810.jpg
1856,C7B,2025,7/1/25,7.0,7/1/25,20250701_C7B_01856.jpg,0,/mnt/research-projects/j/jlgage/RawUAVData01/uavforslb/final_image/final_sliced/20250701_C7B_01856.jpg
4534,B7A,2024,7/30/24,5.0,7/27/24,20240727_B7A_04534.jpg,-3,/mnt/research-projects/j/jlgage/RawUAVData01/uavforslb/final_image/final_sliced/20240727_B7A_04534.jpg
1265,C7B,2025,7/18/25,2.0,7/18/25,20250718_C7B_01265.jpg,0,/mnt/research-projects/j/jlgage/RawUAVData01/uavforslb/final_image/final_sliced/20250718_C7B_01265.jpg
4134,B7A,2024,7/15/24,8.5,7/16/24,20240716_B7A_04134.jpg,1,/mnt/research-projects/j/jlgage/RawUAVData01/uavforslb/final_image/final_sliced/20240716_B7A_04134.jpg
1945,C6B,2024,7/19/24,7.0,7/18/24,20240718_C6B_01945.jpg,-1,/mnt/research-projects/j/jlgage/RawUAVData01/uavforslb/final_image/final_sliced/20240718_C6B_01945.jpg
1780,C7B,2025,7/1/25,7.5,7/1/25,20250701_C7B_01780.jpg,0,/mnt/research-projects/j/jlgage/RawUAVData01/uavforslb/final_image/final_sliced/20250701_C7B_01780.jpg
4326,C10,2025,6/30/25,7.0,6/28/25,20250628_C10_04326.jpg,-2,/mnt/research-projects/j/jlgage/RawUAVData01/uavforslb/final_image/final_sliced/20250628_C10_04326.jpg
4146,B7A,2024,7/30/24,1.5,7/27/24,20240727_B7A_04146.jpg,-3,/mnt/research-projects/j/jlgage/RawUAVData01/uavforslb/final_image/final_sliced/20240727_B7A_04146.jpg
1512,C7B,2025,7/1/25,5.5,7/1/25,20250701_C7B_01512.jpg,0,/mnt/research-projects/j/jlgage/RawUAVData01/uavforslb/final_image/final_sliced/20250701_C7B_01512.jpg
1286,C6B,2024,7/29/24,2.5,7/26/24,20240726_C6B_01286.jpg,-3,/mnt/research-projects/j/jlgage/RawUAVData01/uavforslb/final_image/final_sliced/20240726_C6B_01286.jpg
6668,C10,2025,6/30/25,7.5,6/28/25,20250628_C10_06668.jpg,-2,/mnt/research-projects/j/jlgage/RawUAVData01/uavforslb/final_image/final_sliced/20250628_C10_06668.jpg
4207,C10,2025,7/19/25,2.5,7/18/25,20250718_C10_04207.jpg,-1,/mnt/research-projects/j/jlgage/RawUAVData01/uavforslb/final_image/final_sliced/20250718_C10_04207.jpg
195,C7B,2025,6/30/25,4.0,7/1/25,20250701_C7B_00195.jpg,1,/mnt/research-projects/j/jlgage/RawUAVData01/uavforslb/final_image/final_sliced/20250701_C7B_00195.jpg
4311,B7A,2024,7/15/24,7.0,7/16/24,20240716_B7A_04311.jpg,1,/mnt/research-projects/j/jlgage/RawUAVData01/uavforslb/final_image/final_sliced/20240716_B7A_04311.jpg
5519,B7A,2024,7/27/24,3.0,7/27/24,20240727_B7A_05519.jpg,0,/mnt/research-projects/j/jlgage/RawUAVData01/uavforslb/final_image/final_sliced/20240727_B7A_05519.jpg
2817,C7B,2025,7/13/25,5.0,7/12/25,20250712_C7B_02817.jpg,-1,/mnt/research-projects/j/jlgage/RawUAVData01/uavforslb/final_image/final_sliced/20250712_C7B_02817.jpg
4616,B7A,2024,7/15/24,8.5,7/16/24,20240716_B7A_04616.jpg,1,/mnt/research-projects/j/jlgage/RawUAVData01/uavforslb/final_image/final_sliced/20240716_B7A_04616.jpg
415,C7B,2025,7/10/25,3.0,7/10/25,20250710_C7B_00415.jpg,0,/mnt/research-projects/j/jlgage/RawUAVData01/uavforslb/final_image/final_sliced/20250710_C7B_00415.jpg
727,C6B,2024,7/29/24,5.0,7/26/24,20240726_C6B_00727.jpg,-3,/mnt/research-projects/j/jlgage/RawUAVData01/uavforslb/final_image/final_sliced/20240726_C6B_00727.jpg
4268,B7A,2024,7/15/24,8.5,7/16/24,20240716_B7A_04268.jpg,1,/mnt/research-projects/j/jlgage/RawUAVData01/uavforslb/final_image/final_sliced/20240716_B7A_04268.jpg
4456,B7A,2024,7/30/24,1.5,7/27/24,20240727_B7A_04456.jpg,-3,/mnt/research-projects/j/jlgage/RawUAVData01/uavforslb/final_image/final_sliced/20240727_B7A_04456.jpg
4813,C10,2025,7/20/25,3.0,7/21/25,20250721_C10_04813.jpg,1,/mnt/research-projects/j/jlgage/RawUAVData01/uavforslb/final_image/final_sliced/20250721_C10_04813.jpg
611,C7B,2025,6/30/25,7.0,7/1/25,20250701_C7B_00611.jpg,1,/mnt/research-projects/j/jlgage/RawUAVData01/uavforslb/final_image/final_sliced/20250701_C7B_00611.jpg
149,C6B,2024,7/19/24,8.5,7/18/24,20240718_C6B_00149.jpg,-1,/mnt/research-projects/j/jlgage/RawUAVData01/uavforslb/final_image/final_sliced/20240718_C6B_00149.jpg
2104,C6B,2024,7/19/24,8.5,7/18/24,20240718_C6B_02104.jpg,-1,/mnt/research-projects/j/jlgage/RawUAVData01/uavforslb/final_image/final_sliced/20240718_C6B_02104.jpg
3252,C6B,2024,7/30/24,1.0,8/2/24,20240802_C6B_03252.jpg,3,/mnt/research-projects/j/jlgage/RawUAVData01/uavforslb/final_image/final_sliced/20240802_C6B_03252.jpg
4424,B7A,2024,7/15/24,4.5,7/16/24,20240716_B7A_04424.jpg,1,/mnt/research-projects/j/jlgage/RawUAVData01/uavforslb/final_image/final_sliced/20240716_B7A_04424.jpg
5853,C10,2025,7/19/25,1.5,7/18/25,20250718_C10_05853.jpg,-1,/mnt/research-projects/j/jlgage/RawUAVData01/uavforslb/final_image/final_sliced/20250718_C10_05853.jpg
441,C6B,2024,7/29/24,4.5,7/26/24,20240726_C6B_00441.jpg,-3,/mnt/research-projects/j/jlgage/RawUAVData01/uavforslb/final_image/final_sliced/20240726_C6B_00441.jpg
4879,C10,2025,7/11/25,4.0,7/11/25,20250711_C10_04879.jpg,0,/mnt/research-projects/j/jlgage/RawUAVData01/uavforslb/final_image/final_sliced/20250711_C10_04879.jpg
4476,C10,2025,7/1/25,6.5,6/28/25,20250628_C10_04476.jpg,-3,/mnt/research-projects/j/jlgage/RawUAVData01/uavforslb/final_image/final_sliced/20250628_C10_04476.jpg
3154,C6B,2024,7/30/24,1.5,8/2/24,20240802_C6B_03154.jpg,3,/mnt/research-projects/j/jlgage/RawUAVData01/uavforslb/final_image/final_sliced/20240802_C6B_03154.jpg
4399,B7A,2024,7/15/24,7.5,7/16/24,20240716_B7A_04399.jpg,1,/mnt/research-projects/j/jlgage/RawUAVData01/uavforslb/final_image/final_sliced/20240716_B7A_04399.jpg
3968,B7A,2024,7/30/24,2.5,7/27/24,20240727_B7A_03968.jpg,-3,/mnt/research-projects/j/jlgage/RawUAVData01/uavforslb/final_image/final_sliced/20240727_B7A_03968.jpg
608,C6B,2024,7/29/24,8.0,7/26/24,20240726_C6B_00608.jpg,-3,/mnt/research-projects/j/jlgage/RawUAVData01/uavforslb/final_image/final_sliced/20240726_C6B_00608.jpg
4064,B7A,2024,7/15/24,8.0,7/16/24,20240716_B7A_04064.jpg,1,/mnt/research-projects/j/jlgage/RawUAVData01/uavforslb/final_image/final_sliced/20240716_B7A_04064.jpg
4788,C10,2025,7/2/25,7.0,7/4/25,20250704_C10_04788.jpg,2,/mnt/research-projects/j/jlgage/RawUAVData01/uavforslb/final_image/final_sliced/20250704_C10_04788.jpg
4454,C10,2025,7/11/25,3.0,7/11/25,20250711_C10_04454.jpg,0,/mnt/research-projects/j/jlgage/RawUAVData01/uavforslb/final_image/final_sliced/20250711_C10_04454.jpg
3742,C6B,2024,7/15/24,8.5,7/18/24,20240718_C6B_03742.jpg,3,/mnt/research-projects/j/jlgage/RawUAVData01/uavforslb/final_image/final_sliced/20240718_C6B_03742.jpg
408,C6B,2024,7/19/24,8.5,7/18/24,20240718_C6B_00408.jpg,-1,/mnt/research-projects/j/jlgage/RawUAVData01/uavforslb/final_image/final_sliced/20240718_C6B_00408.jpg
354,C7B,2025,7/18/25,3.0,7/18/25,20250718_C7B_00354.jpg,0,/mnt/research-projects/j/jlgage/RawUAVData01/uavforslb/final_image/final_sliced/20250718_C7B_00354.jpg
1458,C6B,2024,7/29/24,4.0,7/26/24,20240726_C6B_01458.jpg,-3,/mnt/research-projects/j/jlgage/RawUAVData01/uavforslb/final_image/final_sliced/20240726_C6B_01458.jpg
3436,C6B,2024,7/15/24,7.5,7/18/24,20240718_C6B_03436.jpg,3,/mnt/research-projects/j/jlgage/RawUAVData01/uavforslb/final_image/final_sliced/20240718_C6B_03436.jpg
188,C6B,2024,7/19/24,7.5,7/18/24,20240718_C6B_00188.jpg,-1,/mnt/research-projects/j/jlgage/RawUAVData01/uavforslb/final_image/final_sliced/20240718_C6B_00188.jpg
2033,C7B,2025,7/10/25,5.0,7/10/25,20250710_C7B_02033.jpg,0,/mnt/research-projects/j/jlgage/RawUAVData01/uavforslb/final_image/final_sliced/20250710_C7B_02033.jpg
4454,B7A,2024,7/15/24,7.5,7/16/24,20240716_B7A_04454.jpg,1,/mnt/research-projects/j/jlgage/RawUAVData01/uavforslb/final_image/final_sliced/20240716_B7A_04454.jpg
3170,C6B,2024,7/15/24,8.5,7/18/24,20240718_C6B_03170.jpg,3,/mnt/research-projects/j/jlgage/RawUAVData01/uavforslb/final_image/final_sliced/20240718_C6B_03170.jpg
2603,C6B,2024,7/30/24,1.5,8/2/24,20240802_C6B_02603.jpg,3,/mnt/research-projects/j/jlgage/RawUAVData01/uavforslb/final_image/final_sliced/20240802_C6B_02603.jpg
840,C6B,2024,7/19/24,5.0,7/18/24,20240718_C6B_00840.jpg,-1,/mnt/research-projects/j/jlgage/RawUAVData01/uavforslb/final_image/final_sliced/20240718_C6B_00840.jpg
126,C6B,2024,7/29/24,5.0,7/26/24,20240726_C6B_00126.jpg,-3,/mnt/research-projects/j/jlgage/RawUAVData01/uavforslb/final_image/final_sliced/20240726_C6B_00126.jpg
597,C7B,2025,7/10/25,4.0,7/10/25,20250710_C7B_00597.jpg,0,/mnt/research-projects/j/jlgage/RawUAVData01/uavforslb/final_image/final_sliced/20250710_C7B_00597.jpg
1623,C7B,2025,7/18/25,3.0,7/18/25,20250718_C7B_01623.jpg,0,/mnt/research-projects/j/jlgage/RawUAVData01/uavforslb/final_image/final_sliced/20250718_C7B_01623.jpg
5066,C6B,2024,7/27/24,6.5,7/26/24,20240726_C6B_05066.jpg,-1,/mnt/research-projects/j/jlgage/RawUAVData01/uavforslb/final_image/final_sliced/20240726_C6B_05066.jpg
454,C7B,2025,7/4/25,6.5,7/4/25,20250704_C7B_00454.jpg,0,/mnt/research-projects/j/jlgage/RawUAVData01/uavforslb/final_image/final_sliced/20250704_C7B_00454.jpg
1610,C7B,2025,7/18/25,2.0,7/18/25,20250718_C7B_01610.jpg,0,/mnt/research-projects/j/jlgage/RawUAVData01/uavforslb/final_image/final_sliced/20250718_C7B_01610.jpg
1254,C7B,2025,7/10/25,4.5,7/10/25,20250710_C7B_01254.jpg,0,/mnt/research-projects/j/jlgage/RawUAVData01/uavforslb/final_image/final_sliced/20250710_C7B_01254.jpg
1479,C6B,2024,7/19/24,7.0,7/18/24,20240718_C6B_01479.jpg,-1,/mnt/research-projects/j/jlgage/RawUAVData01/uavforslb/final_image/final_sliced/20240718_C6B_01479.jpg
1152,C6B,2024,7/29/24,3.0,7/26/24,20240726_C6B_01152.jpg,-3,/mnt/research-projects/j/jlgage/RawUAVData01/uavforslb/final_image/final_sliced/20240726_C6B_01152.jpg
474,C7B,2025,7/18/25,3.0,7/18/25,20250718_C7B_00474.jpg,0,/mnt/research-projects/j/jlgage/RawUAVData01/uavforslb/final_image/final_sliced/20250718_C7B_00474.jpg
5619,C10,2025,7/2/25,7.0,7/4/25,20250704_C10_05619.jpg,2,/mnt/research-projects/j/jlgage/RawUAVData01/uavforslb/final_image/final_sliced/20250704_C10_05619.jpg
5625,C10,2025,7/11/25,7.0,7/11/25,20250711_C10_05625.jpg,0,/mnt/research-projects/j/jlgage/RawUAVData01/uavforslb/final_image/final_sliced/20250711_C10_05625.jpg
4392,C10,2025,6/30/25,7.0,6/28/25,20250628_C10_04392.jpg,-2,/mnt/research-projects/j/jlgage/RawUAVData01/uavforslb/final_image/final_sliced/20250628_C10_04392.jpg
1778,C6B,2024,7/19/24,7.0,7/18/24,20240718_C6B_01778.jpg,-1,/mnt/research-projects/j/jlgage/RawUAVData01/uavforslb/final_image/final_sliced/20240718_C6B_01778.jpg
4133,C10,2025,7/11/25,4.0,7/11/25,20250711_C10_04133.jpg,0,/mnt/research-projects/j/jlgage/RawUAVData01/uavforslb/final_image/final_sliced/20250711_C10_04133.jpg
710,C6B,2024,7/19/24,8.0,7/18/24,20240718_C6B_00710.jpg,-1,/mnt/research-projects/j/jlgage/RawUAVData01/uavforslb/final_image/final_sliced/20240718_C6B_00710.jpg
1942,C6B,2024,7/19/24,7.0,7/18/24,20240718_C6B_01942.jpg,-1,/mnt/research-projects/j/jlgage/RawUAVData01/uavforslb/final_image/final_sliced/20240718_C6B_01942.jpg
4629,C10,2025,7/11/25,4.0,7/11/25,20250711_C10_04629.jpg,0,/mnt/research-projects/j/jlgage/RawUAVData01/uavforslb/final_image/final_sliced/20250711_C10_04629.jpg
1825,C7B,2025,7/10/25,6.5,7/10/25,20250710_C7B_01825.jpg,0,/mnt/research-projects/j/jlgage/RawUAVData01/uavforslb/final_image/final_sliced/20250710_C7B_01825.jpg
104,C7B,2025,7/10/25,5.5,7/10/25,20250710_C7B_00104.jpg,0,/mnt/research-projects/j/jlgage/RawUAVData01/uavforslb/final_image/final_sliced/20250710_C7B_00104.jpg
3041,C6B,2024,7/15/24,8.0,7/18/24,20240718_C6B_03041.jpg,3,/mnt/research-projects/j/jlgage/RawUAVData01/uavforslb/final_image/final_sliced/20240718_C6B_03041.jpg
1143,C6B,2024,7/19/24,7.0,7/18/24,20240718_C6B_01143.jpg,-1,/mnt/research-projects/j/jlgage/RawUAVData01/uavforslb/final_image/final_sliced/20240718_C6B_01143.jpg
832,C6B,2024,7/29/24,7.0,7/26/24,20240726_C6B_00832.jpg,-3,/mnt/research-projects/j/jlgage/RawUAVData01/uavforslb/final_image/final_sliced/20240726_C6B_00832.jpg
1913,C6B,2024,7/29/24,3.0,7/26/24,20240726_C6B_01913.jpg,-3,/mnt/research-projects/j/jlgage/RawUAVData01/uavforslb/final_image/final_sliced/20240726_C6B_01913.jpg
557,C7B,2025,6/30/25,7.0,7/1/25,20250701_C7B_00557.jpg,1,/mnt/research-projects/j/jlgage/RawUAVData01/uavforslb/final_image/final_sliced/20250701_C7B_00557.jpg
4606,B7A,2024,7/15/24,8.0,7/16/24,20240716_B7A_04606.jpg,1,/mnt/research-projects/j/jlgage/RawUAVData01/uavforslb/final_image/final_sliced/20240716_B7A_04606.jpg
5059,C6B,2024,7/11/24,7.0,7/10/24,20240710_C6B_05059.jpg,-1,/mnt/research-projects/j/jlgage/RawUAVData01/uavforslb/final_image/final_sliced/20240710_C6B_05059.jpg
5559,B7A,2024,7/1/24,8.5,7/3/24,20240703_B7A_05559.jpg,2,/mnt/research-projects/j/jlgage/RawUAVData01/uavforslb/final_image/final_sliced/20240703_B7A_05559.jpg
950,C7B,2025,7/18/25,3.0,7/18/25,20250718_C7B_00950.jpg,0,/mnt/research-projects/j/jlgage/RawUAVData01/uavforslb/final_image/final_sliced/20250718_C7B_00950.jpg
5573,C10,2025,7/20/25,2.5,7/21/25,20250721_C10_05573.jpg,1,/mnt/research-projects/j/jlgage/RawUAVData01/uavforslb/final_image/final_sliced/20250721_C10_05573.jpg
227,C7B,2025,6/30/25,6.0,7/1/25,20250701_C7B_00227.jpg,1,/mnt/research-projects/j/jlgage/RawUAVData01/uavforslb/final_image/final_sliced/20250701_C7B_00227.jpg
522,C7B,2025,7/10/25,5.5,7/10/25,20250710_C7B_00522.jpg,0,/mnt/research-projects/j/jlgage/RawUAVData01/uavforslb/final_image/final_sliced/20250710_C7B_00522.jpg
2040,C7B,2025,7/10/25,4.0,7/10/25,20250710_C7B_02040.jpg,0,/mnt/research-projects/j/jlgage/RawUAVData01/uavforslb/final_image/final_sliced/20250710_C7B_02040.jpg
1316,C6B,2024,7/19/24,7.5,7/18/24,20240718_C6B_01316.jpg,-1,/mnt/research-projects/j/jlgage/RawUAVData01/uavforslb/final_image/final_sliced/20240718_C6B_01316.jpg
3293,C6B,2024,7/15/24,8.0,7/18/24,20240718_C6B_03293.jpg,3,/mnt/research-projects/j/jlgage/RawUAVData01/uavforslb/final_image/final_sliced/20240718_C6B_03293.jpg
716,C6B,2024,7/29/24,5.0,7/26/24,20240726_C6B_00716.jpg,-3,/mnt/research-projects/j/jlgage/RawUAVData01/uavforslb/final_image/final_sliced/20240726_C6B_00716.jpg
2876,C7B,2025,7/18/25,7.5,7/18/25,20250718_C7B_02876.jpg,0,/mnt/research-projects/j/jlgage/RawUAVData01/uavforslb/final_image/final_sliced/20250718_C7B_02876.jpg
4162,B7A,2024,7/15/24,8.5,7/16/24,20240716_B7A_04162.jpg,1,/mnt/research-projects/j/jlgage/RawUAVData01/uavforslb/final_image/final_sliced/20240716_B7A_04162.jpg
692,C6B,2024,7/29/24,3.0,7/26/24,20240726_C6B_00692.jpg,-3,/mnt/research-projects/j/jlgage/RawUAVData01/uavforslb/final_image/final_sliced/20240726_C6B_00692.jpg
1845,C6B,2024,7/29/24,3.0,7/26/24,20240726_C6B_01845.jpg,-3,/mnt/research-projects/j/jlgage/RawUAVData01/uavforslb/final_image/final_sliced/20240726_C6B_01845.jpg
521,C6B,2024,7/19/24,8.0,7/18/24,20240718_C6B_00521.jpg,-1,/mnt/research-projects/j/jlgage/RawUAVData01/uavforslb/final_image/final_sliced/20240718_C6B_00521.jpg
844,C7B,2025,7/1/25,7.0,7/1/25,20250701_C7B_00844.jpg,0,/mnt/research-projects/j/jlgage/RawUAVData01/uavforslb/final_image/final_sliced/20250701_C7B_00844.jpg
2018,C7B,2025,7/19/25,4.0,7/18/25,20250718_C7B_02018.jpg,-1,/mnt/research-projects/j/jlgage/RawUAVData01/uavforslb/final_image/final_sliced/20250718_C7B_02018.jpg
4532,C10,2025,7/20/25,4.0,7/21/25,20250721_C10_04532.jpg,1,/mnt/research-projects/j/jlgage/RawUAVData01/uavforslb/final_image/final_sliced/20250721_C10_04532.jpg
3137,C6B,2024,7/30/24,3.0,8/2/24,20240802_C6B_03137.jpg,3,/mnt/research-projects/j/jlgage/RawUAVData01/uavforslb/final_image/final_sliced/20240802_C6B_03137.jpg
1262,C6B,2024,7/29/24,5.0,7/26/24,20240726_C6B_01262.jpg,-3,/mnt/research-projects/j/jlgage/RawUAVData01/uavforslb/final_image/final_sliced/20240726_C6B_01262.jpg
4612,B7A,2024,7/30/24,1.0,7/27/24,20240727_B7A_04612.jpg,-3,/mnt/research-projects/j/jlgage/RawUAVData01/uavforslb/final_image/final_sliced/20240727_B7A_04612.jpg
2132,C6B,2024,7/29/24,4.0,7/26/24,20240726_C6B_02132.jpg,-3,/mnt/research-projects/j/jlgage/RawUAVData01/uavforslb/final_image/final_sliced/20240726_C6B_02132.jpg
2052,C6B,2024,7/29/24,3.5,7/26/24,20240726_C6B_02052.jpg,-3,/mnt/research-projects/j/jlgage/RawUAVData01/uavforslb/final_image/final_sliced/20240726_C6B_02052.jpg
4407,C10,2025,6/30/25,7.0,6/28/25,20250628_C10_04407.jpg,-2,/mnt/research-projects/j/jlgage/RawUAVData01/uavforslb/final_image/final_sliced/20250628_C10_04407.jpg
4447,B7A,2024,7/15/24,7.0,7/16/24,20240716_B7A_04447.jpg,1,/mnt/research-projects/j/jlgage/RawUAVData01/uavforslb/final_image/final_sliced/20240716_B7A_04447.jpg
4134,C10,2025,7/11/25,5.0,7/11/25,20250711_C10_04134.jpg,0,/mnt/research-projects/j/jlgage/RawUAVData01/uavforslb/final_image/final_sliced/20250711_C10_04134.jpg
559,C7B,2025,7/10/25,6.5,7/10/25,20250710_C7B_00559.jpg,0,/mnt/research-projects/j/jlgage/RawUAVData01/uavforslb/final_image/final_sliced/20250710_C7B_00559.jpg
3739,C6B,2024,7/30/24,4.0,8/2/24,20240802_C6B_03739.jpg,3,/mnt/research-projects/j/jlgage/RawUAVData01/uavforslb/final_image/final_sliced/20240802_C6B_03739.jpg
449,C6B,2024,7/29/24,6.0,7/26/24,20240726_C6B_00449.jpg,-3,/mnt/research-projects/j/jlgage/RawUAVData01/uavforslb/final_image/final_sliced/20240726_C6B_00449.jpg
6632,C10,2025,6/30/25,8.0,6/28/25,20250628_C10_06632.jpg,-2,/mnt/research-projects/j/jlgage/RawUAVData01/uavforslb/final_image/final_sliced/20250628_C10_06632.jpg
940,C7B,2025,7/1/25,5.5,7/1/25,20250701_C7B_00940.jpg,0,/mnt/research-projects/j/jlgage/RawUAVData01/uavforslb/final_image/final_sliced/20250701_C7B_00940.jpg
1918,C7B,2025,7/10/25,4.0,7/10/25,20250710_C7B_01918.jpg,0,/mnt/research-projects/j/jlgage/RawUAVData01/uavforslb/final_image/final_sliced/20250710_C7B_01918.jpg
2517,C6B,2024,7/1/24,8.0,7/3/24,20240703_C6B_02517.jpg,2,/mnt/research-projects/j/jlgage/RawUAVData01/uavforslb/final_image/final_sliced/20240703_C6B_02517.jpg
3855,B7A,2024,7/30/24,3.5,7/27/24,20240727_B7A_03855.jpg,-3,/mnt/research-projects/j/jlgage/RawUAVData01/uavforslb/final_image/final_sliced/20240727_B7A_03855.jpg
6013,C10,2025,7/8/25,5.0,7/7/25,20250707_C10_06013.jpg,-1,/mnt/research-projects/j/jlgage/RawUAVData01/uavforslb/final_image/final_sliced/20250707_C10_06013.jpg
4225,C10,2025,7/7/25,6.0,7/7/25,20250707_C10_04225.jpg,0,/mnt/research-projects/j/jlgage/RawUAVData01/uavforslb/final_image/final_sliced/20250707_C10_04225.jpg
2044,C6B,2024,7/19/24,7.0,7/18/24,20240718_C6B_02044.jpg,-1,/mnt/research-projects/j/jlgage/RawUAVData01/uavforslb/final_image/final_sliced/20240718_C6B_02044.jpg
173,C7B,2025,7/18/25,3.5,7/18/25,20250718_C7B_00173.jpg,0,/mnt/research-projects/j/jlgage/RawUAVData01/uavforslb/final_image/final_sliced/20250718_C7B_00173.jpg
2683,C7B,2025,6/30/25,8.5,7/1/25,20250701_C7B_02683.jpg,1,/mnt/research-projects/j/jlgage/RawUAVData01/uavforslb/final_image/final_sliced/20250701_C7B_02683.jpg
603,C6B,2024,7/19/24,8.5,7/18/24,20240718_C6B_00603.jpg,-1,/mnt/research-projects/j/jlgage/RawUAVData01/uavforslb/final_image/final_sliced/20240718_C6B_00603.jpg
2140,C6B,2024,7/19/24,5.0,7/18/24,20240718_C6B_02140.jpg,-1,/mnt/research-projects/j/jlgage/RawUAVData01/uavforslb/final_image/final_sliced/20240718_C6B_02140.jpg
3914,B7A,2024,7/30/24,4.0,7/27/24,20240727_B7A_03914.jpg,-3,/mnt/research-projects/j/jlgage/RawUAVData01/uavforslb/final_image/final_sliced/20240727_B7A_03914.jpg
4653,C10,2025,7/20/25,2.0,7/21/25,20250721_C10_04653.jpg,1,/mnt/research-projects/j/jlgage/RawUAVData01/uavforslb/final_image/final_sliced/20250721_C10_04653.jpg
4923,C10,2025,7/11/25,7.0,7/11/25,20250711_C10_04923.jpg,0,/mnt/research-projects/j/jlgage/RawUAVData01/uavforslb/final_image/final_sliced/20250711_C10_04923.jpg
5521,B7A,2024,7/27/24,3.5,7/27/24,20240727_B7A_05521.jpg,0,/mnt/research-projects/j/jlgage/RawUAVData01/uavforslb/final_image/final_sliced/20240727_B7A_05521.jpg
1941,C7B,2025,7/19/25,6.0,7/18/25,20250718_C7B_01941.jpg,-1,/mnt/research-projects/j/jlgage/RawUAVData01/uavforslb/final_image/final_sliced/20250718_C7B_01941.jpg
4739,C10,2025,7/20/25,3.0,7/21/25,20250721_C10_04739.jpg,1,/mnt/research-projects/j/jlgage/RawUAVData01/uavforslb/final_image/final_sliced/20250721_C10_04739.jpg
243,C7B,2025,7/18/25,4.0,7/18/25,20250718_C7B_00243.jpg,0,/mnt/research-projects/j/jlgage/RawUAVData01/uavforslb/final_image/final_sliced/20250718_C7B_00243.jpg
1169,C7B,2025,7/18/25,4.0,7/18/25,20250718_C7B_01169.jpg,0,/mnt/research-projects/j/jlgage/RawUAVData01/uavforslb/final_image/final_sliced/20250718_C7B_01169.jpg
790,C7B,2025,7/18/25,3.0,7/18/25,20250718_C7B_00790.jpg,0,/mnt/research-projects/j/jlgage/RawUAVData01/uavforslb/final_image/final_sliced/20250718_C7B_00790.jpg
3786,C6B,2024,7/30/24,1.5,8/2/24,20240802_C6B_03786.jpg,3,/mnt/research-projects/j/jlgage/RawUAVData01/uavforslb/final_image/final_sliced/20240802_C6B_03786.jpg
1734,C7B,2025,7/1/25,8.0,7/1/25,20250701_C7B_01734.jpg,0,/mnt/research-projects/j/jlgage/RawUAVData01/uavforslb/final_image/final_sliced/20250701_C7B_01734.jpg
1880,C7B,2025,7/1/25,7.5,7/1/25,20250701_C7B_01880.jpg,0,/mnt/research-projects/j/jlgage/RawUAVData01/uavforslb/final_image/final_sliced/20250701_C7B_01880.jpg
4023,B7A,2024,7/15/24,6.0,7/16/24,20240716_B7A_04023.jpg,1,/mnt/research-projects/j/jlgage/RawUAVData01/uavforslb/final_image/final_sliced/20240716_B7A_04023.jpg
13,C7B,2025,7/11/25,8.0,7/10/25,20250710_C7B_00013.jpg,-1,/mnt/research-projects/j/jlgage/RawUAVData01/uavforslb/final_image/final_sliced/20250710_C7B_00013.jpg
1728,C7B,2025,7/1/25,8.0,7/1/25,20250701_C7B_01728.jpg,0,/mnt/research-projects/j/jlgage/RawUAVData01/uavforslb/final_image/final_sliced/20250701_C7B_01728.jpg
888,C6B,2024,7/29/24,4.0,7/26/24,20240726_C6B_00888.jpg,-3,/mnt/research-projects/j/jlgage/RawUAVData01/uavforslb/final_image/final_sliced/20240726_C6B_00888.jpg
2742,C7B,2025,7/18/25,7.5,7/18/25,20250718_C7B_02742.jpg,0,/mnt/research-projects/j/jlgage/RawUAVData01/uavforslb/final_image/final_sliced/20250718_C7B_02742.jpg
3001,C6B,2024,7/15/24,7.0,7/18/24,20240718_C6B_03001.jpg,3,/mnt/research-projects/j/jlgage/RawUAVData01/uavforslb/final_image/final_sliced/20240718_C6B_03001.jpg
3017,C6B,2024,7/30/24,2.5,8/2/24,20240802_C6B_03017.jpg,3,/mnt/research-projects/j/jlgage/RawUAVData01/uavforslb/final_image/final_sliced/20240802_C6B_03017.jpg
4435,B7A,2024,7/30/24,3.0,7/27/24,20240727_B7A_04435.jpg,-3,/mnt/research-projects/j/jlgage/RawUAVData01/uavforslb/final_image/final_sliced/20240727_B7A_04435.jpg
54,C7B,2025,7/11/25,5.5,7/10/25,20250710_C7B_00054.jpg,-1,/mnt/research-projects/j/jlgage/RawUAVData01/uavforslb/final_image/final_sliced/20250710_C7B_00054.jpg
6774,C10,2025,7/8/25,7.5,7/7/25,20250707_C10_06774.jpg,-1,/mnt/research-projects/j/jlgage/RawUAVData01/uavforslb/final_image/final_sliced/20250707_C10_06774.jpg
1264,C6B,2024,7/19/24,8.0,7/18/24,20240718_C6B_01264.jpg,-1,/mnt/research-projects/j/jlgage/RawUAVData01/uavforslb/final_image/final_sliced/20240718_C6B_01264.jpg
6685,C10,2025,7/14/25,8.0,7/14/25,20250714_C10_06685.jpg,0,/mnt/research-projects/j/jlgage/RawUAVData01/uavforslb/final_image/final_sliced/20250714_C10_06685.jpg
3958,B7A,2024,7/30/24,5.5,7/27/24,20240727_B7A_03958.jpg,-3,/mnt/research-projects/j/jlgage/RawUAVData01/uavforslb/final_image/final_sliced/20240727_B7A_03958.jpg
436,C6B,2024,7/29/24,4.0,7/26/24,20240726_C6B_00436.jpg,-3,/mnt/research-projects/j/jlgage/RawUAVData01/uavforslb/final_image/final_sliced/20240726_C6B_00436.jpg
4700,C10,2025,7/11/25,4.0,7/11/25,20250711_C10_04700.jpg,0,/mnt/research-projects/j/jlgage/RawUAVData01/uavforslb/final_image/final_sliced/20250711_C10_04700.jpg
937,C7B,2025,7/10/25,7.0,7/10/25,20250710_C7B_00937.jpg,0,/mnt/research-projects/j/jlgage/RawUAVData01/uavforslb/final_image/final_sliced/20250710_C7B_00937.jpg
5344,C10,2025,7/20/25,2.0,7/21/25,20250721_C10_05344.jpg,1,/mnt/research-projects/j/jlgage/RawUAVData01/uavforslb/final_image/final_sliced/20250721_C10_05344.jpg
4666,C10,2025,7/2/25,5.5,7/4/25,20250704_C10_04666.jpg,2,/mnt/research-projects/j/jlgage/RawUAVData01/uavforslb/final_image/final_sliced/20250704_C10_04666.jpg
1153,C6B,2024,7/29/24,4.0,7/26/24,20240726_C6B_01153.jpg,-3,/mnt/research-projects/j/jlgage/RawUAVData01/uavforslb/final_image/final_sliced/20240726_C6B_01153.jpg
1887,C6B,2024,7/19/24,4.0,7/18/24,20240718_C6B_01887.jpg,-1,/mnt/research-projects/j/jlgage/RawUAVData01/uavforslb/final_image/final_sliced/20240718_C6B_01887.jpg
1286,C7B,2025,7/10/25,4.0,7/10/25,20250710_C7B_01286.jpg,0,/mnt/research-projects/j/jlgage/RawUAVData01/uavforslb/final_image/final_sliced/20250710_C7B_01286.jpg
4754,C10,2025,7/20/25,1.5,7/21/25,20250721_C10_04754.jpg,1,/mnt/research-projects/j/jlgage/RawUAVData01/uavforslb/final_image/final_sliced/20250721_C10_04754.jpg
2516,C6B,2024,7/1/24,8.5,7/3/24,20240703_C6B_02516.jpg,2,/mnt/research-projects/j/jlgage/RawUAVData01/uavforslb/final_image/final_sliced/20240703_C6B_02516.jpg
3151,C6B,2024,7/30/24,4.0,8/2/24,20240802_C6B_03151.jpg,3,/mnt/research-projects/j/jlgage/RawUAVData01/uavforslb/final_image/final_sliced/20240802_C6B_03151.jpg
4628,B7A,2024,7/30/24,2.0,7/27/24,20240727_B7A_04628.jpg,-3,/mnt/research-projects/j/jlgage/RawUAVData01/uavforslb/final_image/final_sliced/20240727_B7A_04628.jpg
4689,C10,2025,7/20/25,3.0,7/21/25,20250721_C10_04689.jpg,1,/mnt/research-projects/j/jlgage/RawUAVData01/uavforslb/final_image/final_sliced/20250721_C10_04689.jpg
2807,C7B,2025,7/8/25,6.5,7/7/25,20250707_C7B_02807.jpg,-1,/mnt/research-projects/j/jlgage/RawUAVData01/uavforslb/final_image/final_sliced/20250707_C7B_02807.jpg
2697,C6B,2024,7/30/24,4.0,8/2/24,20240802_C6B_02697.jpg,3,/mnt/research-projects/j/jlgage/RawUAVData01/uavforslb/final_image/final_sliced/20240802_C6B_02697.jpg
5015,C6B,2024,7/11/24,7.5,7/10/24,20240710_C6B_05015.jpg,-1,/mnt/research-projects/j/jlgage/RawUAVData01/uavforslb/final_image/final_sliced/20240710_C6B_05015.jpg
1552,C6B,2024,7/29/24,3.0,7/26/24,20240726_C6B_01552.jpg,-3,/mnt/research-projects/j/jlgage/RawUAVData01/uavforslb/final_image/final_sliced/20240726_C6B_01552.jpg
5257,C10,2025,7/11/25,5.0,7/11/25,20250711_C10_05257.jpg,0,/mnt/research-projects/j/jlgage/RawUAVData01/uavforslb/final_image/final_sliced/20250711_C10_05257.jpg
1590,C6B,2024,7/29/24,6.0,7/26/24,20240726_C6B_01590.jpg,-3,/mnt/research-projects/j/jlgage/RawUAVData01/uavforslb/final_image/final_sliced/20240726_C6B_01590.jpg
2765,C7B,2025,7/13/25,8.0,7/12/25,20250712_C7B_02765.jpg,-1,/mnt/research-projects/j/jlgage/RawUAVData01/uavforslb/final_image/final_sliced/20250712_C7B_02765.jpg
5066,C6B,2024,7/18/24,8.0,7/18/24,20240718_C6B_05066.jpg,0,/mnt/research-projects/j/jlgage/RawUAVData01/uavforslb/final_image/final_sliced/20240718_C6B_05066.jpg
4434,C10,2025,7/11/25,6.5,7/11/25,20250711_C10_04434.jpg,0,/mnt/research-projects/j/jlgage/RawUAVData01/uavforslb/final_image/final_sliced/20250711_C10_04434.jpg
616,C7B,2025,7/18/25,3.0,7/18/25,20250718_C7B_00616.jpg,0,/mnt/research-projects/j/jlgage/RawUAVData01/uavforslb/final_image/final_sliced/20250718_C7B_00616.jpg
4299,B7A,2024,7/30/24,2.0,7/27/24,20240727_B7A_04299.jpg,-3,/mnt/research-projects/j/jlgage/RawUAVData01/uavforslb/final_image/final_sliced/20240727_B7A_04299.jpg
4934,C10,2025,7/11/25,3.5,7/11/25,20250711_C10_04934.jpg,0,/mnt/research-projects/j/jlgage/RawUAVData01/uavforslb/final_image/final_sliced/20250711_C10_04934.jpg
3921,B7A,2024,7/30/24,3.0,7/27/24,20240727_B7A_03921.jpg,-3,/mnt/research-projects/j/jlgage/RawUAVData01/uavforslb/final_image/final_sliced/20240727_B7A_03921.jpg
3998,B7A,2024,7/15/24,7.0,7/16/24,20240716_B7A_03998.jpg,1,/mnt/research-projects/j/jlgage/RawUAVData01/uavforslb/final_image/final_sliced/20240716_B7A_03998.jpg
4510,C10,2025,7/11/25,4.0,7/11/25,20250711_C10_04510.jpg,0,/mnt/research-projects/j/jlgage/RawUAVData01/uavforslb/final_image/final_sliced/20250711_C10_04510.jpg
2627,C6B,2024,7/30/24,2.0,8/2/24,20240802_C6B_02627.jpg,3,/mnt/research-projects/j/jlgage/RawUAVData01/uavforslb/final_image/final_sliced/20240802_C6B_02627.jpg
1799,C7B,2025,7/1/25,7.0,7/1/25,20250701_C7B_01799.jpg,0,/mnt/research-projects/j/jlgage/RawUAVData01/uavforslb/final_image/final_sliced/20250701_C7B_01799.jpg
2553,C6B,2024,7/18/24,5.0,7/18/24,20240718_C6B_02553.jpg,0,/mnt/research-projects/j/jlgage/RawUAVData01/uavforslb/final_image/final_sliced/20240718_C6B_02553.jpg
4469,B7A,2024,7/15/24,8.0,7/16/24,20240716_B7A_04469.jpg,1,/mnt/research-projects/j/jlgage/RawUAVData01/uavforslb/final_image/final_sliced/20240716_B7A_04469.jpg
815,C6B,2024,7/29/24,5.5,7/26/24,20240726_C6B_00815.jpg,-3,/mnt/research-projects/j/jlgage/RawUAVData01/uavforslb/final_image/final_sliced/20240726_C6B_00815.jpg
1841,C6B,2024,7/19/24,5.5,7/18/24,20240718_C6B_01841.jpg,-1,/mnt/research-projects/j/jlgage/RawUAVData01/uavforslb/final_image/final_sliced/20240718_C6B_01841.jpg
2105,C6B,2024,7/19/24,8.0,7/18/24,20240718_C6B_02105.jpg,-1,/mnt/research-projects/j/jlgage/RawUAVData01/uavforslb/final_image/final_sliced/20240718_C6B_02105.jpg
5804,C10,2025,7/11/25,4.0,7/11/25,20250711_C10_05804.jpg,0,/mnt/research-projects/j/jlgage/RawUAVData01/uavforslb/final_image/final_sliced/20250711_C10_05804.jpg
4667,C10,2025,7/2/25,6.0,7/4/25,20250704_C10_04667.jpg,2,/mnt/research-projects/j/jlgage/RawUAVData01/uavforslb/final_image/final_sliced/20250704_C10_04667.jpg
331,C7B,2025,7/4/25,7.5,7/4/25,20250704_C7B_00331.jpg,0,/mnt/research-projects/j/jlgage/RawUAVData01/uavforslb/final_image/final_sliced/20250704_C7B_00331.jpg
867,C6B,2024,7/19/24,7.0,7/18/24,20240718_C6B_00867.jpg,-1,/mnt/research-projects/j/jlgage/RawUAVData01/uavforslb/final_image/final_sliced/20240718_C6B_00867.jpg
2858,C7B,2025,7/8/25,6.5,7/7/25,20250707_C7B_02858.jpg,-1,/mnt/research-projects/j/jlgage/RawUAVData01/uavforslb/final_image/final_sliced/20250707_C7B_02858.jpg
1648,C6B,2024,7/19/24,8.0,7/18/24,20240718_C6B_01648.jpg,-1,/mnt/research-projects/j/jlgage/RawUAVData01/uavforslb/final_image/final_sliced/20240718_C6B_01648.jpg
5569,B7A,2024,7/18/24,7.5,7/16/24,20240716_B7A_05569.jpg,-2,/mnt/research-projects/j/jlgage/RawUAVData01/uavforslb/final_image/final_sliced/20240716_B7A_05569.jpg
1803,C6B,2024,7/19/24,7.0,7/18/24,20240718_C6B_01803.jpg,-1,/mnt/research-projects/j/jlgage/RawUAVData01/uavforslb/final_image/final_sliced/20240718_C6B_01803.jpg
3654,C6B,2024,7/15/24,7.5,7/18/24,20240718_C6B_03654.jpg,3,/mnt/research-projects/j/jlgage/RawUAVData01/uavforslb/final_image/final_sliced/20240718_C6B_03654.jpg
2629,C6B,2024,7/30/24,2.5,8/2/24,20240802_C6B_02629.jpg,3,/mnt/research-projects/j/jlgage/RawUAVData01/uavforslb/final_image/final_sliced/20240802_C6B_02629.jpg
2569,C6B,2024,7/11/24,8.0,7/10/24,20240710_C6B_02569.jpg,-1,/mnt/research-projects/j/jlgage/RawUAVData01/uavforslb/final_image/final_sliced/20240710_C6B_02569.jpg
419,C6B,2024,7/19/24,5.5,7/18/24,20240718_C6B_00419.jpg,-1,/mnt/research-projects/j/jlgage/RawUAVData01/uavforslb/final_image/final_sliced/20240718_C6B_00419.jpg
1802,C6B,2024,7/19/24,8.0,7/18/24,20240718_C6B_01802.jpg,-1,/mnt/research-projects/j/jlgage/RawUAVData01/uavforslb/final_image/final_sliced/20240718_C6B_01802.jpg
1434,C7B,2025,7/10/25,7.0,7/10/25,20250710_C7B_01434.jpg,0,/mnt/research-projects/j/jlgage/RawUAVData01/uavforslb/final_image/final_sliced/20250710_C7B_01434.jpg
1827,C6B,2024,7/29/24,3.0,7/26/24,20240726_C6B_01827.jpg,-3,/mnt/research-projects/j/jlgage/RawUAVData01/uavforslb/final_image/final_sliced/20240726_C6B_01827.jpg
4101,C10,2025,7/11/25,7.0,7/11/25,20250711_C10_04101.jpg,0,/mnt/research-projects/j/jlgage/RawUAVData01/uavforslb/final_image/final_sliced/20250711_C10_04101.jpg
3459,C6B,2024,7/30/24,3.0,8/2/24,20240802_C6B_03459.jpg,3,/mnt/research-projects/j/jlgage/RawUAVData01/uavforslb/final_image/final_sliced/20240802_C6B_03459.jpg
1931,C6B,2024,7/29/24,4.0,7/26/24,20240726_C6B_01931.jpg,-3,/mnt/research-projects/j/jlgage/RawUAVData01/uavforslb/final_image/final_sliced/20240726_C6B_01931.jpg
5046,C10,2025,7/11/25,5.0,7/11/25,20250711_C10_05046.jpg,0,/mnt/research-projects/j/jlgage/RawUAVData01/uavforslb/final_image/final_sliced/20250711_C10_05046.jpg
854,C6B,2024,7/29/24,1.5,7/26/24,20240726_C6B_00854.jpg,-3,/mnt/research-projects/j/jlgage/RawUAVData01/uavforslb/final_image/final_sliced/20240726_C6B_00854.jpg
1584,C6B,2024,7/29/24,4.0,7/26/24,20240726_C6B_01584.jpg,-3,/mnt/research-projects/j/jlgage/RawUAVData01/uavforslb/final_image/final_sliced/20240726_C6B_01584.jpg
3298,C6B,2024,7/15/24,8.5,7/18/24,20240718_C6B_03298.jpg,3,/mnt/research-projects/j/jlgage/RawUAVData01/uavforslb/final_image/final_sliced/20240718_C6B_03298.jpg
2886,C6B,2024,7/30/24,2.0,8/2/24,20240802_C6B_02886.jpg,3,/mnt/research-projects/j/jlgage/RawUAVData01/uavforslb/final_image/final_sliced/20240802_C6B_02886.jpg
4584,B7A,2024,7/15/24,8.5,7/16/24,20240716_B7A_04584.jpg,1,/mnt/research-projects/j/jlgage/RawUAVData01/uavforslb/final_image/final_sliced/20240716_B7A_04584.jpg
1964,C7B,2025,7/10/25,5.0,7/10/25,20250710_C7B_01964.jpg,0,/mnt/research-projects/j/jlgage/RawUAVData01/uavforslb/final_image/final_sliced/20250710_C7B_01964.jpg
5757,C10,2025,7/8/25,4.0,7/7/25,20250707_C10_05757.jpg,-1,/mnt/research-projects/j/jlgage/RawUAVData01/uavforslb/final_image/final_sliced/20250707_C10_05757.jpg
2544,C6B,2024,7/27/24,7.0,7/26/24,20240726_C6B_02544.jpg,-1,/mnt/research-projects/j/jlgage/RawUAVData01/uavforslb/final_image/final_sliced/20240726_C6B_02544.jpg
2629,C6B,2024,7/15/24,7.5,7/18/24,20240718_C6B_02629.jpg,3,/mnt/research-projects/j/jlgage/RawUAVData01/uavforslb/final_image/final_sliced/20240718_C6B_02629.jpg
820,C6B,2024,7/29/24,2.0,7/26/24,20240726_C6B_00820.jpg,-3,/mnt/research-projects/j/jlgage/RawUAVData01/uavforslb/final_image/final_sliced/20240726_C6B_00820.jpg
565,C7B,2025,7/10/25,6.5,7/10/25,20250710_C7B_00565.jpg,0,/mnt/research-projects/j/jlgage/RawUAVData01/uavforslb/final_image/final_sliced/20250710_C7B_00565.jpg
1050,C7B,2025,7/18/25,3.0,7/18/25,20250718_C7B_01050.jpg,0,/mnt/research-projects/j/jlgage/RawUAVData01/uavforslb/final_image/final_sliced/20250718_C7B_01050.jpg
5311,C10,2025,7/11/25,6.0,7/11/25,20250711_C10_05311.jpg,0,/mnt/research-projects/j/jlgage/RawUAVData01/uavforslb/final_image/final_sliced/20250711_C10_05311.jpg
4639,B7A,2024,7/30/24,2.5,7/27/24,20240727_B7A_04639.jpg,-3,/mnt/research-projects/j/jlgage/RawUAVData01/uavforslb/final_image/final_sliced/20240727_B7A_04639.jpg
2894,C6B,2024,7/15/24,8.5,7/18/24,20240718_C6B_02894.jpg,3,/mnt/research-projects/j/jlgage/RawUAVData01/uavforslb/final_image/final_sliced/20240718_C6B_02894.jpg
1183,C7B,2025,7/10/25,3.0,7/10/25,20250710_C7B_01183.jpg,0,/mnt/research-projects/j/jlgage/RawUAVData01/uavforslb/final_image/final_sliced/20250710_C7B_01183.jpg
443,C7B,2025,6/30/25,7.5,7/1/25,20250701_C7B_00443.jpg,1,/mnt/research-projects/j/jlgage/RawUAVData01/uavforslb/final_image/final_sliced/20250701_C7B_00443.jpg
3424,C6B,2024,7/30/24,2.0,8/2/24,20240802_C6B_03424.jpg,3,/mnt/research-projects/j/jlgage/RawUAVData01/uavforslb/final_image/final_sliced/20240802_C6B_03424.jpg
171,C6B,2024,7/19/24,8.5,7/18/24,20240718_C6B_00171.jpg,-1,/mnt/research-projects/j/jlgage/RawUAVData01/uavforslb/final_image/final_sliced/20240718_C6B_00171.jpg
1952,C6B,2024,7/19/24,5.5,7/18/24,20240718_C6B_01952.jpg,-1,/mnt/research-projects/j/jlgage/RawUAVData01/uavforslb/final_image/final_sliced/20240718_C6B_01952.jpg
4515,C10,2025,7/20/25,2.5,7/21/25,20250721_C10_04515.jpg,1,/mnt/research-projects/j/jlgage/RawUAVData01/uavforslb/final_image/final_sliced/20250721_C10_04515.jpg
4138,C10,2025,6/30/25,6.5,6/28/25,20250628_C10_04138.jpg,-2,/mnt/research-projects/j/jlgage/RawUAVData01/uavforslb/final_image/final_sliced/20250628_C10_04138.jpg
3957,B7A,2024,7/30/24,7.0,7/27/24,20240727_B7A_03957.jpg,-3,/mnt/research-projects/j/jlgage/RawUAVData01/uavforslb/final_image/final_sliced/20240727_B7A_03957.jpg
4084,B7A,2024,7/30/24,4.0,7/27/24,20240727_B7A_04084.jpg,-3,/mnt/research-projects/j/jlgage/RawUAVData01/uavforslb/final_image/final_sliced/20240727_B7A_04084.jpg
1331,C6B,2024,7/19/24,8.5,7/18/24,20240718_C6B_01331.jpg,-1,/mnt/research-projects/j/jlgage/RawUAVData01/uavforslb/final_image/final_sliced/20240718_C6B_01331.jpg
5622,C10,2025,7/2/25,5.5,7/4/25,20250704_C10_05622.jpg,2,/mnt/research-projects/j/jlgage/RawUAVData01/uavforslb/final_image/final_sliced/20250704_C10_05622.jpg
91,C7B,2025,7/4/25,5.5,7/4/25,20250704_C7B_00091.jpg,0,/mnt/research-projects/j/jlgage/RawUAVData01/uavforslb/final_image/final_sliced/20250704_C7B_00091.jpg
4929,C10,2025,7/2/25,7.0,7/4/25,20250704_C10_04929.jpg,2,/mnt/research-projects/j/jlgage/RawUAVData01/uavforslb/final_image/final_sliced/20250704_C10_04929.jpg
1081,C7B,2025,7/1/25,6.0,7/1/25,20250701_C7B_01081.jpg,0,/mnt/research-projects/j/jlgage/RawUAVData01/uavforslb/final_image/final_sliced/20250701_C7B_01081.jpg
4367,B7A,2024,7/30/24,2.5,7/27/24,20240727_B7A_04367.jpg,-3,/mnt/research-projects/j/jlgage/RawUAVData01/uavforslb/final_image/final_sliced/20240727_B7A_04367.jpg
2794,C7B,2025,7/13/25,7.5,7/12/25,20250712_C7B_02794.jpg,-1,/mnt/research-projects/j/jlgage/RawUAVData01/uavforslb/final_image/final_sliced/20250712_C7B_02794.jpg
1518,C6B,2024,7/29/24,4.0,7/26/24,20240726_C6B_01518.jpg,-3,/mnt/research-projects/j/jlgage/RawUAVData01/uavforslb/final_image/final_sliced/20240726_C6B_01518.jpg
840,C6B,2024,7/29/24,3.0,7/26/24,20240726_C6B_00840.jpg,-3,/mnt/research-projects/j/jlgage/RawUAVData01/uavforslb/final_image/final_sliced/20240726_C6B_00840.jpg
310,C7B,2025,7/18/25,6.0,7/18/25,20250718_C7B_00310.jpg,0,/mnt/research-projects/j/jlgage/RawUAVData01/uavforslb/final_image/final_sliced/20250718_C7B_00310.jpg
3476,C6B,2024,7/15/24,5.0,7/18/24,20240718_C6B_03476.jpg,3,/mnt/research-projects/j/jlgage/RawUAVData01/uavforslb/final_image/final_sliced/20240718_C6B_03476.jpg
2061,C6B,2024,7/29/24,3.0,7/26/24,20240726_C6B_02061.jpg,-3,/mnt/research-projects/j/jlgage/RawUAVData01/uavforslb/final_image/final_sliced/20240726_C6B_02061.jpg
1098,C6B,2024,7/29/24,3.0,7/26/24,20240726_C6B_01098.jpg,-3,/mnt/research-projects/j/jlgage/RawUAVData01/uavforslb/final_image/final_sliced/20240726_C6B_01098.jpg
2999,C6B,2024,7/15/24,7.0,7/18/24,20240718_C6B_02999.jpg,3,/mnt/research-projects/j/jlgage/RawUAVData01/uavforslb/final_image/final_sliced/20240718_C6B_02999.jpg
530,C6B,2024,7/19/24,6.5,7/18/24,20240718_C6B_00530.jpg,-1,/mnt/research-projects/j/jlgage/RawUAVData01/uavforslb/final_image/final_sliced/20240718_C6B_00530.jpg
1067,C7B,2025,7/10/25,5.5,7/10/25,20250710_C7B_01067.jpg,0,/mnt/research-projects/j/jlgage/RawUAVData01/uavforslb/final_image/final_sliced/20250710_C7B_01067.jpg
2732,C7B,2025,6/30/25,9.0,7/1/25,20250701_C7B_02732.jpg,1,/mnt/research-projects/j/jlgage/RawUAVData01/uavforslb/final_image/final_sliced/20250701_C7B_02732.jpg
2969,C6B,2024,7/30/24,3.0,8/2/24,20240802_C6B_02969.jpg,3,/mnt/research-projects/j/jlgage/RawUAVData01/uavforslb/final_image/final_sliced/20240802_C6B_02969.jpg
1332,C7B,2025,7/1/25,7.5,7/1/25,20250701_C7B_01332.jpg,0,/mnt/research-projects/j/jlgage/RawUAVData01/uavforslb/final_image/final_sliced/20250701_C7B_01332.jpg
4224,C10,2025,7/19/25,4.5,7/18/25,20250718_C10_04224.jpg,-1,/mnt/research-projects/j/jlgage/RawUAVData01/uavforslb/final_image/final_sliced/20250718_C10_04224.jpg
6034,C10,2025,7/19/25,4.5,7/18/25,20250718_C10_06034.jpg,-1,/mnt/research-projects/j/jlgage/RawUAVData01/uavforslb/final_image/final_sliced/20250718_C10_06034.jpg
5086,C10,2025,7/2/25,5.0,7/4/25,20250704_C10_05086.jpg,2,/mnt/research-projects/j/jlgage/RawUAVData01/uavforslb/final_image/final_sliced/20250704_C10_05086.jpg
4210,B7A,2024,7/30/24,5.5,7/27/24,20240727_B7A_04210.jpg,-3,/mnt/research-projects/j/jlgage/RawUAVData01/uavforslb/final_image/final_sliced/20240727_B7A_04210.jpg
128,C7B,2025,6/30/25,7.5,7/1/25,20250701_C7B_00128.jpg,1,/mnt/research-projects/j/jlgage/RawUAVData01/uavforslb/final_image/final_sliced/20250701_C7B_00128.jpg
3589,C6B,2024,7/30/24,3.0,8/2/24,20240802_C6B_03589.jpg,3,/mnt/research-projects/j/jlgage/RawUAVData01/uavforslb/final_image/final_sliced/20240802_C6B_03589.jpg
2074,C6B,2024,7/29/24,4.0,7/26/24,20240726_C6B_02074.jpg,-3,/mnt/research-projects/j/jlgage/RawUAVData01/uavforslb/final_image/final_sliced/20240726_C6B_02074.jpg
4977,C10,2025,7/20/25,3.0,7/21/25,20250721_C10_04977.jpg,1,/mnt/research-projects/j/jlgage/RawUAVData01/uavforslb/final_image/final_sliced/20250721_C10_04977.jpg
6676,C10,2025,7/18/25,7.0,7/18/25,20250718_C10_06676.jpg,0,/mnt/research-projects/j/jlgage/RawUAVData01/uavforslb/final_image/final_sliced/20250718_C10_06676.jpg
2562,C6B,2024,7/11/24,5.5,7/10/24,20240710_C6B_02562.jpg,-1,/mnt/research-projects/j/jlgage/RawUAVData01/uavforslb/final_image/final_sliced/20240710_C6B_02562.jpg
2547,C6B,2024,7/18/24,6.5,7/18/24,20240718_C6B_02547.jpg,0,/mnt/research-projects/j/jlgage/RawUAVData01/uavforslb/final_image/final_sliced/20240718_C6B_02547.jpg
521,C7B,2025,7/18/25,4.0,7/18/25,20250718_C7B_00521.jpg,0,/mnt/research-projects/j/jlgage/RawUAVData01/uavforslb/final_image/final_sliced/20250718_C7B_00521.jpg
3797,C6B,2024,7/30/24,4.0,8/2/24,20240802_C6B_03797.jpg,3,/mnt/research-projects/j/jlgage/RawUAVData01/uavforslb/final_image/final_sliced/20240802_C6B_03797.jpg
1426,C7B,2025,7/1/25,7.5,7/1/25,20250701_C7B_01426.jpg,0,/mnt/research-projects/j/jlgage/RawUAVData01/uavforslb/final_image/final_sliced/20250701_C7B_01426.jpg
1417,C6B,2024,7/19/24,7.0,7/18/24,20240718_C6B_01417.jpg,-1,/mnt/research-projects/j/jlgage/RawUAVData01/uavforslb/final_image/final_sliced/20240718_C6B_01417.jpg
3859,B7A,2024,7/30/24,4.0,7/27/24,20240727_B7A_03859.jpg,-3,/mnt/research-projects/j/jlgage/RawUAVData01/uavforslb/final_image/final_sliced/20240727_B7A_03859.jpg
370,C7B,2025,7/10/25,6.0,7/10/25,20250710_C7B_00370.jpg,0,/mnt/research-projects/j/jlgage/RawUAVData01/uavforslb/final_image/final_sliced/20250710_C7B_00370.jpg
656,C7B,2025,6/30/25,7.0,7/1/25,20250701_C7B_00656.jpg,1,/mnt/research-projects/j/jlgage/RawUAVData01/uavforslb/final_image/final_sliced/20250701_C7B_00656.jpg
937,C7B,2025,7/1/25,6.5,7/1/25,20250701_C7B_00937.jpg,0,/mnt/research-projects/j/jlgage/RawUAVData01/uavforslb/final_image/final_sliced/20250701_C7B_00937.jpg
1579,C7B,2025,7/10/25,5.5,7/10/25,20250710_C7B_01579.jpg,0,/mnt/research-projects/j/jlgage/RawUAVData01/uavforslb/final_image/final_sliced/20250710_C7B_01579.jpg
4661,B7A,2024,7/30/24,6.0,7/27/24,20240727_B7A_04661.jpg,-3,/mnt/research-projects/j/jlgage/RawUAVData01/uavforslb/final_image/final_sliced/20240727_B7A_04661.jpg
130,C6B,2024,7/19/24,6.5,7/18/24,20240718_C6B_00130.jpg,-1,/mnt/research-projects/j/jlgage/RawUAVData01/uavforslb/final_image/final_sliced/20240718_C6B_00130.jpg
117,C7B,2025,7/10/25,6.0,7/10/25,20250710_C7B_00117.jpg,0,/mnt/research-projects/j/jlgage/RawUAVData01/uavforslb/final_image/final_sliced/20250710_C7B_00117.jpg
104,C7B,2025,7/4/25,7.0,7/4/25,20250704_C7B_00104.jpg,0,/mnt/research-projects/j/jlgage/RawUAVData01/uavforslb/final_image/final_sliced/20250704_C7B_00104.jpg
5668,C10,2025,7/8/25,7.0,7/7/25,20250707_C10_05668.jpg,-1,/mnt/research-projects/j/jlgage/RawUAVData01/uavforslb/final_image/final_sliced/20250707_C10_05668.jpg
5226,C10,2025,7/2/25,5.5,7/4/25,20250704_C10_05226.jpg,2,/mnt/research-projects/j/jlgage/RawUAVData01/uavforslb/final_image/final_sliced/20250704_C10_05226.jpg
248,C7B,2025,7/4/25,8.0,7/4/25,20250704_C7B_00248.jpg,0,/mnt/research-projects/j/jlgage/RawUAVData01/uavforslb/final_image/final_sliced/20250704_C7B_00248.jpg
5174,C10,2025,7/2/25,6.0,7/4/25,20250704_C10_05174.jpg,2,/mnt/research-projects/j/jlgage/RawUAVData01/uavforslb/final_image/final_sliced/20250704_C10_05174.jpg
5366,C10,2025,7/2/25,7.0,7/4/25,20250704_C10_05366.jpg,2,/mnt/research-projects/j/jlgage/RawUAVData01/uavforslb/final_image/final_sliced/20250704_C10_05366.jpg
3227,C6B,2024,7/30/24,8.0,8/2/24,20240802_C6B_03227.jpg,3,/mnt/research-projects/j/jlgage/RawUAVData01/uavforslb/final_image/final_sliced/20240802_C6B_03227.jpg
3974,B7A,2024,7/30/24,3.0,7/27/24,20240727_B7A_03974.jpg,-3,/mnt/research-projects/j/jlgage/RawUAVData01/uavforslb/final_image/final_sliced/20240727_B7A_03974.jpg
633,C6B,2024,7/19/24,8.5,7/18/24,20240718_C6B_00633.jpg,-1,/mnt/research-projects/j/jlgage/RawUAVData01/uavforslb/final_image/final_sliced/20240718_C6B_00633.jpg
4230,C10,2025,6/30/25,7.0,6/28/25,20250628_C10_04230.jpg,-2,/mnt/research-projects/j/jlgage/RawUAVData01/uavforslb/final_image/final_sliced/20250628_C10_04230.jpg
5985,C10,2025,7/11/25,4.0,7/11/25,20250711_C10_05985.jpg,0,/mnt/research-projects/j/jlgage/RawUAVData01/uavforslb/final_image/final_sliced/20250711_C10_05985.jpg
4030,C10,2025,6/30/25,7.0,6/28/25,20250628_C10_04030.jpg,-2,/mnt/research-projects/j/jlgage/RawUAVData01/uavforslb/final_image/final_sliced/20250628_C10_04030.jpg
736,C6B,2024,7/19/24,8.5,7/18/24,20240718_C6B_00736.jpg,-1,/mnt/research-projects/j/jlgage/RawUAVData01/uavforslb/final_image/final_sliced/20240718_C6B_00736.jpg
1755,C6B,2024,7/29/24,5.0,7/26/24,20240726_C6B_01755.jpg,-3,/mnt/research-projects/j/jlgage/RawUAVData01/uavforslb/final_image/final_sliced/20240726_C6B_01755.jpg
4144,B7A,2024,7/30/24,3.0,7/27/24,20240727_B7A_04144.jpg,-3,/mnt/research-projects/j/jlgage/RawUAVData01/uavforslb/final_image/final_sliced/20240727_B7A_04144.jpg
4458,B7A,2024,7/30/24,1.5,7/27/24,20240727_B7A_04458.jpg,-3,/mnt/research-projects/j/jlgage/RawUAVData01/uavforslb/final_image/final_sliced/20240727_B7A_04458.jpg
1861,C7B,2025,7/10/25,7.5,7/10/25,20250710_C7B_01861.jpg,0,/mnt/research-projects/j/jlgage/RawUAVData01/uavforslb/final_image/final_sliced/20250710_C7B_01861.jpg
1277,C6B,2024,7/29/24,2.0,7/26/24,20240726_C6B_01277.jpg,-3,/mnt/research-projects/j/jlgage/RawUAVData01/uavforslb/final_image/final_sliced/20240726_C6B_01277.jpg
5349,C10,2025,7/20/25,2.0,7/21/25,20250721_C10_05349.jpg,1,/mnt/research-projects/j/jlgage/RawUAVData01/uavforslb/final_image/final_sliced/20250721_C10_05349.jpg
510,C6B,2024,7/29/24,4.5,7/26/24,20240726_C6B_00510.jpg,-3,/mnt/research-projects/j/jlgage/RawUAVData01/uavforslb/final_image/final_sliced/20240726_C6B_00510.jpg
385,C6B,2024,7/19/24,8.5,7/18/24,20240718_C6B_00385.jpg,-1,/mnt/research-projects/j/jlgage/RawUAVData01/uavforslb/final_image/final_sliced/20240718_C6B_00385.jpg
2030,C6B,2024,7/19/24,6.5,7/18/24,20240718_C6B_02030.jpg,-1,/mnt/research-projects/j/jlgage/RawUAVData01/uavforslb/final_image/final_sliced/20240718_C6B_02030.jpg
6790,C10,2025,6/30/25,8.5,6/28/25,20250628_C10_06790.jpg,-2,/mnt/research-projects/j/jlgage/RawUAVData01/uavforslb/final_image/final_sliced/20250628_C10_06790.jpg
1729,C6B,2024,7/29/24,5.5,7/26/24,20240726_C6B_01729.jpg,-3,/mnt/research-projects/j/jlgage/RawUAVData01/uavforslb/final_image/final_sliced/20240726_C6B_01729.jpg
1320,C7B,2025,7/18/25,4.0,7/18/25,20250718_C7B_01320.jpg,0,/mnt/research-projects/j/jlgage/RawUAVData01/uavforslb/final_image/final_sliced/20250718_C7B_01320.jpg
1541,C7B,2025,7/10/25,5.5,7/10/25,20250710_C7B_01541.jpg,0,/mnt/research-projects/j/jlgage/RawUAVData01/uavforslb/final_image/final_sliced/20250710_C7B_01541.jpg
5067,C6B,2024,7/1/24,8.0,7/3/24,20240703_C6B_05067.jpg,2,/mnt/research-projects/j/jlgage/RawUAVData01/uavforslb/final_image/final_sliced/20240703_C6B_05067.jpg
5023,C6B,2024,7/18/24,8.5,7/18/24,20240718_C6B_05023.jpg,0,/mnt/research-projects/j/jlgage/RawUAVData01/uavforslb/final_image/final_sliced/20240718_C6B_05023.jpg
1557,C6B,2024,7/19/24,4.0,7/18/24,20240718_C6B_01557.jpg,-1,/mnt/research-projects/j/jlgage/RawUAVData01/uavforslb/final_image/final_sliced/20240718_C6B_01557.jpg
341,C7B,2025,6/30/25,6.0,7/1/25,20250701_C7B_00341.jpg,1,/mnt/research-projects/j/jlgage/RawUAVData01/uavforslb/final_image/final_sliced/20250701_C7B_00341.jpg
1982,C7B,2025,7/10/25,3.0,7/10/25,20250710_C7B_01982.jpg,0,/mnt/research-projects/j/jlgage/RawUAVData01/uavforslb/final_image/final_sliced/20250710_C7B_01982.jpg
611,C6B,2024,7/29/24,3.0,7/26/24,20240726_C6B_00611.jpg,-3,/mnt/research-projects/j/jlgage/RawUAVData01/uavforslb/final_image/final_sliced/20240726_C6B_00611.jpg
6773,C10,2025,7/3/25,8.0,7/4/25,20250704_C10_06773.jpg,1,/mnt/research-projects/j/jlgage/RawUAVData01/uavforslb/final_image/final_sliced/20250704_C10_06773.jpg
3705,C6B,2024,7/15/24,8.0,7/18/24,20240718_C6B_03705.jpg,3,/mnt/research-projects/j/jlgage/RawUAVData01/uavforslb/final_image/final_sliced/20240718_C6B_03705.jpg
1585,C6B,2024,7/29/24,4.0,7/26/24,20240726_C6B_01585.jpg,-3,/mnt/research-projects/j/jlgage/RawUAVData01/uavforslb/final_image/final_sliced/20240726_C6B_01585.jpg
1361,C6B,2024,7/19/24,8.0,7/18/24,20240718_C6B_01361.jpg,-1,/mnt/research-projects/j/jlgage/RawUAVData01/uavforslb/final_image/final_sliced/20240718_C6B_01361.jpg
820,C7B,2025,7/1/25,7.0,7/1/25,20250701_C7B_00820.jpg,0,/mnt/research-projects/j/jlgage/RawUAVData01/uavforslb/final_image/final_sliced/20250701_C7B_00820.jpg
4359,C10,2025,7/7/25,5.0,7/7/25,20250707_C10_04359.jpg,0,/mnt/research-projects/j/jlgage/RawUAVData01/uavforslb/final_image/final_sliced/20250707_C10_04359.jpg
5545,B7A,2024,7/11/24,8.5,7/10/24,20240710_B7A_05545.jpg,-1,/mnt/research-projects/j/jlgage/RawUAVData01/uavforslb/final_image/final_sliced/20240710_B7A_05545.jpg
1095,C7B,2025,7/10/25,5.5,7/10/25,20250710_C7B_01095.jpg,0,/mnt/research-projects/j/jlgage/RawUAVData01/uavforslb/final_image/final_sliced/20250710_C7B_01095.jpg
2555,C6B,2024,7/11/24,7.5,7/10/24,20240710_C6B_02555.jpg,-1,/mnt/research-projects/j/jlgage/RawUAVData01/uavforslb/final_image/final_sliced/20240710_C6B_02555.jpg
3503,C6B,2024,7/30/24,1.0,8/2/24,20240802_C6B_03503.jpg,3,/mnt/research-projects/j/jlgage/RawUAVData01/uavforslb/final_image/final_sliced/20240802_C6B_03503.jpg
5921,C10,2025,7/8/25,5.5,7/7/25,20250707_C10_05921.jpg,-1,/mnt/research-projects/j/jlgage/RawUAVData01/uavforslb/final_image/final_sliced/20250707_C10_05921.jpg
5726,C10,2025,7/1/25,8.0,6/28/25,20250628_C10_05726.jpg,-3,/mnt/research-projects/j/jlgage/RawUAVData01/uavforslb/final_image/final_sliced/20250628_C10_05726.jpg
5984,C10,2025,7/19/25,3.0,7/18/25,20250718_C10_05984.jpg,-1,/mnt/research-projects/j/jlgage/RawUAVData01/uavforslb/final_image/final_sliced/20250718_C10_05984.jpg
1858,C6B,2024,7/29/24,3.5,7/26/24,20240726_C6B_01858.jpg,-3,/mnt/research-projects/j/jlgage/RawUAVData01/uavforslb/final_image/final_sliced/20240726_C6B_01858.jpg
4009,C10,2025,7/11/25,6.0,7/11/25,20250711_C10_04009.jpg,0,/mnt/research-projects/j/jlgage/RawUAVData01/uavforslb/final_image/final_sliced/20250711_C10_04009.jpg
431,C7B,2025,6/30/25,5.0,7/1/25,20250701_C7B_00431.jpg,1,/mnt/research-projects/j/jlgage/RawUAVData01/uavforslb/final_image/final_sliced/20250701_C7B_00431.jpg
5018,C10,2025,7/2/25,6.0,7/4/25,20250704_C10_05018.jpg,2,/mnt/research-projects/j/jlgage/RawUAVData01/uavforslb/final_image/final_sliced/20250704_C10_05018.jpg
1638,C6B,2024,7/29/24,5.0,7/26/24,20240726_C6B_01638.jpg,-3,/mnt/research-projects/j/jlgage/RawUAVData01/uavforslb/final_image/final_sliced/20240726_C6B_01638.jpg
4155,C10,2025,7/11/25,4.0,7/11/25,20250711_C10_04155.jpg,0,/mnt/research-projects/j/jlgage/RawUAVData01/uavforslb/final_image/final_sliced/20250711_C10_04155.jpg
3428,C6B,2024,7/15/24,8.5,7/18/24,20240718_C6B_03428.jpg,3,/mnt/research-projects/j/jlgage/RawUAVData01/uavforslb/final_image/final_sliced/20240718_C6B_03428.jpg
420,C7B,2025,6/30/25,6.0,7/1/25,20250701_C7B_00420.jpg,1,/mnt/research-projects/j/jlgage/RawUAVData01/uavforslb/final_image/final_sliced/20250701_C7B_00420.jpg
4305,B7A,2024,7/30/24,3.0,7/27/24,20240727_B7A_04305.jpg,-3,/mnt/research-projects/j/jlgage/RawUAVData01/uavforslb/final_image/final_sliced/20240727_B7A_04305.jpg
3617,C6B,2024,7/15/24,8.5,7/18/24,20240718_C6B_03617.jpg,3,/mnt/research-projects/j/jlgage/RawUAVData01/uavforslb/final_image/final_sliced/20240718_C6B_03617.jpg
4960,C10,2025,7/11/25,4.0,7/11/25,20250711_C10_04960.jpg,0,/mnt/research-projects/j/jlgage/RawUAVData01/uavforslb/final_image/final_sliced/20250711_C10_04960.jpg
4608,B7A,2024,7/30/24,1.5,7/27/24,20240727_B7A_04608.jpg,-3,/mnt/research-projects/j/jlgage/RawUAVData01/uavforslb/final_image/final_sliced/20240727_B7A_04608.jpg
2735,C6B,2024,7/30/24,2.0,8/2/24,20240802_C6B_02735.jpg,3,/mnt/research-projects/j/jlgage/RawUAVData01/uavforslb/final_image/final_sliced/20240802_C6B_02735.jpg
6655,C10,2025,7/8/25,7.5,7/7/25,20250707_C10_06655.jpg,-1,/mnt/research-projects/j/jlgage/RawUAVData01/uavforslb/final_image/final_sliced/20250707_C10_06655.jpg
1982,C7B,2025,7/1/25,5.0,7/1/25,20250701_C7B_01982.jpg,0,/mnt/research-projects/j/jlgage/RawUAVData01/uavforslb/final_image/final_sliced/20250701_C7B_01982.jpg
4260,B7A,2024,7/15/24,8.5,7/16/24,20240716_B7A_04260.jpg,1,/mnt/research-projects/j/jlgage/RawUAVData01/uavforslb/final_image/final_sliced/20240716_B7A_04260.jpg
3562,C6B,2024,7/30/24,1.5,8/2/24,20240802_C6B_03562.jpg,3,/mnt/research-projects/j/jlgage/RawUAVData01/uavforslb/final_image/final_sliced/20240802_C6B_03562.jpg
3964,B7A,2024,7/30/24,1.0,7/27/24,20240727_B7A_03964.jpg,-3,/mnt/research-projects/j/jlgage/RawUAVData01/uavforslb/final_image/final_sliced/20240727_B7A_03964.jpg
1578,C7B,2025,7/1/25,7.0,7/1/25,20250701_C7B_01578.jpg,0,/mnt/research-projects/j/jlgage/RawUAVData01/uavforslb/final_image/final_sliced/20250701_C7B_01578.jpg
1527,C6B,2024,7/19/24,8.5,7/18/24,20240718_C6B_01527.jpg,-1,/mnt/research-projects/j/jlgage/RawUAVData01/uavforslb/final_image/final_sliced/20240718_C6B_01527.jpg
5312,C10,2025,7/2/25,6.0,7/4/25,20250704_C10_05312.jpg,2,/mnt/research-projects/j/jlgage/RawUAVData01/uavforslb/final_image/final_sliced/20250704_C10_05312.jpg
4052,C10,2025,7/11/25,8.5,7/11/25,20250711_C10_04052.jpg,0,/mnt/research-projects/j/jlgage/RawUAVData01/uavforslb/final_image/final_sliced/20250711_C10_04052.jpg
5553,C10,2025,7/11/25,7.0,7/11/25,20250711_C10_05553.jpg,0,/mnt/research-projects/j/jlgage/RawUAVData01/uavforslb/final_image/final_sliced/20250711_C10_05553.jpg
802,C7B,2025,7/1/25,6.5,7/1/25,20250701_C7B_00802.jpg,0,/mnt/research-projects/j/jlgage/RawUAVData01/uavforslb/final_image/final_sliced/20250701_C7B_00802.jpg
3433,C6B,2024,7/15/24,8.5,7/18/24,20240718_C6B_03433.jpg,3,/mnt/research-projects/j/jlgage/RawUAVData01/uavforslb/final_image/final_sliced/20240718_C6B_03433.jpg
4576,C10,2025,7/2/25,5.5,7/4/25,20250704_C10_04576.jpg,2,/mnt/research-projects/j/jlgage/RawUAVData01/uavforslb/final_image/final_sliced/20250704_C10_04576.jpg
5034,C6B,2024,7/1/24,8.0,7/3/24,20240703_C6B_05034.jpg,2,/mnt/research-projects/j/jlgage/RawUAVData01/uavforslb/final_image/final_sliced/20240703_C6B_05034.jpg
776,C6B,2024,7/29/24,5.0,7/26/24,20240726_C6B_00776.jpg,-3,/mnt/research-projects/j/jlgage/RawUAVData01/uavforslb/final_image/final_sliced/20240726_C6B_00776.jpg
2007,C7B,2025,7/7/25,7.0,7/7/25,20250707_C7B_02007.jpg,0,/mnt/research-projects/j/jlgage/RawUAVData01/uavforslb/final_image/final_sliced/20250707_C7B_02007.jpg
21,C7B,2025,7/18/25,6.0,7/18/25,20250718_C7B_00021.jpg,0,/mnt/research-projects/j/jlgage/RawUAVData01/uavforslb/final_image/final_sliced/20250718_C7B_00021.jpg
1592,C7B,2025,7/10/25,4.0,7/10/25,20250710_C7B_01592.jpg,0,/mnt/research-projects/j/jlgage/RawUAVData01/uavforslb/final_image/final_sliced/20250710_C7B_01592.jpg
3297,C6B,2024,7/15/24,8.5,7/18/24,20240718_C6B_03297.jpg,3,/mnt/research-projects/j/jlgage/RawUAVData01/uavforslb/final_image/final_sliced/20240718_C6B_03297.jpg
1322,C6B,2024,7/19/24,8.0,7/18/24,20240718_C6B_01322.jpg,-1,/mnt/research-projects/j/jlgage/RawUAVData01/uavforslb/final_image/final_sliced/20240718_C6B_01322.jpg
679,C6B,2024,7/19/24,8.0,7/18/24,20240718_C6B_00679.jpg,-1,/mnt/research-projects/j/jlgage/RawUAVData01/uavforslb/final_image/final_sliced/20240718_C6B_00679.jpg
4360,C10,2025,7/11/25,5.0,7/11/25,20250711_C10_04360.jpg,0,/mnt/research-projects/j/jlgage/RawUAVData01/uavforslb/final_image/final_sliced/20250711_C10_04360.jpg
1830,C6B,2024,7/29/24,5.5,7/26/24,20240726_C6B_01830.jpg,-3,/mnt/research-projects/j/jlgage/RawUAVData01/uavforslb/final_image/final_sliced/20240726_C6B_01830.jpg
814,C7B,2025,7/18/25,2.0,7/18/25,20250718_C7B_00814.jpg,0,/mnt/research-projects/j/jlgage/RawUAVData01/uavforslb/final_image/final_sliced/20250718_C7B_00814.jpg
1329,C7B,2025,7/10/25,5.0,7/10/25,20250710_C7B_01329.jpg,0,/mnt/research-projects/j/jlgage/RawUAVData01/uavforslb/final_image/final_sliced/20250710_C7B_01329.jpg
4394,B7A,2024,7/15/24,8.0,7/16/24,20240716_B7A_04394.jpg,1,/mnt/research-projects/j/jlgage/RawUAVData01/uavforslb/final_image/final_sliced/20240716_B7A_04394.jpg
1403,C7B,2025,7/18/25,3.0,7/18/25,20250718_C7B_01403.jpg,0,/mnt/research-projects/j/jlgage/RawUAVData01/uavforslb/final_image/final_sliced/20250718_C7B_01403.jpg
4565,C10,2025,7/2/25,5.5,7/4/25,20250704_C10_04565.jpg,2,/mnt/research-projects/j/jlgage/RawUAVData01/uavforslb/final_image/final_sliced/20250704_C10_04565.jpg
2698,C7B,2025,7/18/25,7.5,7/18/25,20250718_C7B_02698.jpg,0,/mnt/research-projects/j/jlgage/RawUAVData01/uavforslb/final_image/final_sliced/20250718_C7B_02698.jpg
3674,C6B,2024,7/30/24,4.0,8/2/24,20240802_C6B_03674.jpg,3,/mnt/research-projects/j/jlgage/RawUAVData01/uavforslb/final_image/final_sliced/20240802_C6B_03674.jpg
5540,B7A,2024,7/27/24,3.5,7/27/24,20240727_B7A_05540.jpg,0,/mnt/research-projects/j/jlgage/RawUAVData01/uavforslb/final_image/final_sliced/20240727_B7A_05540.jpg
4049,B7A,2024,7/15/24,8.0,7/16/24,20240716_B7A_04049.jpg,1,/mnt/research-projects/j/jlgage/RawUAVData01/uavforslb/final_image/final_sliced/20240716_B7A_04049.jpg
51,C7B,2025,7/11/25,6.5,7/10/25,20250710_C7B_00051.jpg,-1,/mnt/research-projects/j/jlgage/RawUAVData01/uavforslb/final_image/final_sliced/20250710_C7B_00051.jpg
4104,C10,2025,7/11/25,6.0,7/11/25,20250711_C10_04104.jpg,0,/mnt/research-projects/j/jlgage/RawUAVData01/uavforslb/final_image/final_sliced/20250711_C10_04104.jpg
804,C6B,2024,7/19/24,7.5,7/18/24,20240718_C6B_00804.jpg,-1,/mnt/research-projects/j/jlgage/RawUAVData01/uavforslb/final_image/final_sliced/20240718_C6B_00804.jpg
5201,C10,2025,7/2/25,5.5,7/4/25,20250704_C10_05201.jpg,2,/mnt/research-projects/j/jlgage/RawUAVData01/uavforslb/final_image/final_sliced/20250704_C10_05201.jpg
1390,C7B,2025,7/18/25,2.5,7/18/25,20250718_C7B_01390.jpg,0,/mnt/research-projects/j/jlgage/RawUAVData01/uavforslb/final_image/final_sliced/20250718_C7B_01390.jpg
1596,C6B,2024,7/29/24,5.0,7/26/24,20240726_C6B_01596.jpg,-3,/mnt/research-projects/j/jlgage/RawUAVData01/uavforslb/final_image/final_sliced/20240726_C6B_01596.jpg
416,C6B,2024,7/19/24,6.5,7/18/24,20240718_C6B_00416.jpg,-1,/mnt/research-projects/j/jlgage/RawUAVData01/uavforslb/final_image/final_sliced/20240718_C6B_00416.jpg
5942,C10,2025,7/19/25,2.0,7/18/25,20250718_C10_05942.jpg,-1,/mnt/research-projects/j/jlgage/RawUAVData01/uavforslb/final_image/final_sliced/20250718_C10_05942.jpg
3034,C6B,2024,7/15/24,7.0,7/18/24,20240718_C6B_03034.jpg,3,/mnt/research-projects/j/jlgage/RawUAVData01/uavforslb/final_image/final_sliced/20240718_C6B_03034.jpg
2714,C6B,2024,7/30/24,4.0,8/2/24,20240802_C6B_02714.jpg,3,/mnt/research-projects/j/jlgage/RawUAVData01/uavforslb/final_image/final_sliced/20240802_C6B_02714.jpg
5233,C10,2025,7/20/25,5.0,7/21/25,20250721_C10_05233.jpg,1,/mnt/research-projects/j/jlgage/RawUAVData01/uavforslb/final_image/final_sliced/20250721_C10_05233.jpg
2749,C7B,2025,7/8/25,8.0,7/7/25,20250707_C7B_02749.jpg,-1,/mnt/research-projects/j/jlgage/RawUAVData01/uavforslb/final_image/final_sliced/20250707_C7B_02749.jpg
1014,C7B,2025,7/10/25,4.0,7/10/25,20250710_C7B_01014.jpg,0,/mnt/research-projects/j/jlgage/RawUAVData01/uavforslb/final_image/final_sliced/20250710_C7B_01014.jpg
3249,C6B,2024,7/30/24,1.0,8/2/24,20240802_C6B_03249.jpg,3,/mnt/research-projects/j/jlgage/RawUAVData01/uavforslb/final_image/final_sliced/20240802_C6B_03249.jpg
3353,C6B,2024,7/15/24,8.0,7/18/24,20240718_C6B_03353.jpg,3,/mnt/research-projects/j/jlgage/RawUAVData01/uavforslb/final_image/final_sliced/20240718_C6B_03353.jpg
5068,C10,2025,7/20/25,2.0,7/21/25,20250721_C10_05068.jpg,1,/mnt/research-projects/j/jlgage/RawUAVData01/uavforslb/final_image/final_sliced/20250721_C10_05068.jpg
3360,C6B,2024,7/15/24,5.0,7/18/24,20240718_C6B_03360.jpg,3,/mnt/research-projects/j/jlgage/RawUAVData01/uavforslb/final_image/final_sliced/20240718_C6B_03360.jpg
5758,C10,2025,7/8/25,7.0,7/7/25,20250707_C10_05758.jpg,-1,/mnt/research-projects/j/jlgage/RawUAVData01/uavforslb/final_image/final_sliced/20250707_C10_05758.jpg
1320,C7B,2025,7/10/25,5.5,7/10/25,20250710_C7B_01320.jpg,0,/mnt/research-projects/j/jlgage/RawUAVData01/uavforslb/final_image/final_sliced/20250710_C7B_01320.jpg
5820,C10,2025,7/8/25,6.0,7/7/25,20250707_C10_05820.jpg,-1,/mnt/research-projects/j/jlgage/RawUAVData01/uavforslb/final_image/final_sliced/20250707_C10_05820.jpg
4626,C10,2025,7/11/25,4.0,7/11/25,20250711_C10_04626.jpg,0,/mnt/research-projects/j/jlgage/RawUAVData01/uavforslb/final_image/final_sliced/20250711_C10_04626.jpg
1661,C6B,2024,7/29/24,5.0,7/26/24,20240726_C6B_01661.jpg,-3,/mnt/research-projects/j/jlgage/RawUAVData01/uavforslb/final_image/final_sliced/20240726_C6B_01661.jpg
2674,C7B,2025,7/18/25,7.0,7/18/25,20250718_C7B_02674.jpg,0,/mnt/research-projects/j/jlgage/RawUAVData01/uavforslb/final_image/final_sliced/20250718_C7B_02674.jpg
834,C7B,2025,7/1/25,5.5,7/1/25,20250701_C7B_00834.jpg,0,/mnt/research-projects/j/jlgage/RawUAVData01/uavforslb/final_image/final_sliced/20250701_C7B_00834.jpg
2725,C6B,2024,7/15/24,8.0,7/18/24,20240718_C6B_02725.jpg,3,/mnt/research-projects/j/jlgage/RawUAVData01/uavforslb/final_image/final_sliced/20240718_C6B_02725.jpg
3681,C6B,2024,7/30/24,5.5,8/2/24,20240802_C6B_03681.jpg,3,/mnt/research-projects/j/jlgage/RawUAVData01/uavforslb/final_image/final_sliced/20240802_C6B_03681.jpg
5611,C10,2025,7/11/25,4.0,7/11/25,20250711_C10_05611.jpg,0,/mnt/research-projects/j/jlgage/RawUAVData01/uavforslb/final_image/final_sliced/20250711_C10_05611.jpg
778,C6B,2024,7/19/24,9.0,7/18/24,20240718_C6B_00778.jpg,-1,/mnt/research-projects/j/jlgage/RawUAVData01/uavforslb/final_image/final_sliced/20240718_C6B_00778.jpg
5842,C10,2025,7/19/25,2.0,7/18/25,20250718_C10_05842.jpg,-1,/mnt/research-projects/j/jlgage/RawUAVData01/uavforslb/final_image/final_sliced/20250718_C10_05842.jpg
3267,C6B,2024,7/15/24,8.5,7/18/24,20240718_C6B_03267.jpg,3,/mnt/research-projects/j/jlgage/RawUAVData01/uavforslb/final_image/final_sliced/20240718_C6B_03267.jpg
5542,B7A,2024,7/27/24,5.0,7/27/24,20240727_B7A_05542.jpg,0,/mnt/research-projects/j/jlgage/RawUAVData01/uavforslb/final_image/final_sliced/20240727_B7A_05542.jpg
1542,C7B,2025,7/18/25,3.0,7/18/25,20250718_C7B_01542.jpg,0,/mnt/research-projects/j/jlgage/RawUAVData01/uavforslb/final_image/final_sliced/20250718_C7B_01542.jpg
2153,C6B,2024,7/29/24,2.5,7/26/24,20240726_C6B_02153.jpg,-3,/mnt/research-projects/j/jlgage/RawUAVData01/uavforslb/final_image/final_sliced/20240726_C6B_02153.jpg
1148,C6B,2024,7/19/24,6.5,7/18/24,20240718_C6B_01148.jpg,-1,/mnt/research-projects/j/jlgage/RawUAVData01/uavforslb/final_image/final_sliced/20240718_C6B_01148.jpg
1750,C6B,2024,7/29/24,4.0,7/26/24,20240726_C6B_01750.jpg,-3,/mnt/research-projects/j/jlgage/RawUAVData01/uavforslb/final_image/final_sliced/20240726_C6B_01750.jpg
2525,C6B,2024,7/1/24,8.0,7/3/24,20240703_C6B_02525.jpg,2,/mnt/research-projects/j/jlgage/RawUAVData01/uavforslb/final_image/final_sliced/20240703_C6B_02525.jpg
5,C7B,2025,7/4/25,7.5,7/4/25,20250704_C7B_00005.jpg,0,/mnt/research-projects/j/jlgage/RawUAVData01/uavforslb/final_image/final_sliced/20250704_C7B_00005.jpg
4241,B7A,2024,7/30/24,5.5,7/27/24,20240727_B7A_04241.jpg,-3,/mnt/research-projects/j/jlgage/RawUAVData01/uavforslb/final_image/final_sliced/20240727_B7A_04241.jpg
1140,C6B,2024,7/19/24,8.5,7/18/24,20240718_C6B_01140.jpg,-1,/mnt/research-projects/j/jlgage/RawUAVData01/uavforslb/final_image/final_sliced/20240718_C6B_01140.jpg
4575,B7A,2024,7/15/24,5.0,7/16/24,20240716_B7A_04575.jpg,1,/mnt/research-projects/j/jlgage/RawUAVData01/uavforslb/final_image/final_sliced/20240716_B7A_04575.jpg
4254,C10,2025,7/19/25,1.5,7/18/25,20250718_C10_04254.jpg,-1,/mnt/research-projects/j/jlgage/RawUAVData01/uavforslb/final_image/final_sliced/20250718_C10_04254.jpg
4505,B7A,2024,7/30/24,2.5,7/27/24,20240727_B7A_04505.jpg,-3,/mnt/research-projects/j/jlgage/RawUAVData01/uavforslb/final_image/final_sliced/20240727_B7A_04505.jpg
1959,C7B,2025,7/1/25,7.0,7/1/25,20250701_C7B_01959.jpg,0,/mnt/research-projects/j/jlgage/RawUAVData01/uavforslb/final_image/final_sliced/20250701_C7B_01959.jpg
4675,C10,2025,7/11/25,4.0,7/11/25,20250711_C10_04675.jpg,0,/mnt/research-projects/j/jlgage/RawUAVData01/uavforslb/final_image/final_sliced/20250711_C10_04675.jpg
5256,C10,2025,7/20/25,1.5,7/21/25,20250721_C10_05256.jpg,1,/mnt/research-projects/j/jlgage/RawUAVData01/uavforslb/final_image/final_sliced/20250721_C10_05256.jpg
2876,C7B,2025,7/13/25,7.5,7/12/25,20250712_C7B_02876.jpg,-1,/mnt/research-projects/j/jlgage/RawUAVData01/uavforslb/final_image/final_sliced/20250712_C7B_02876.jpg
2016,C6B,2024,7/19/24,7.0,7/18/24,20240718_C6B_02016.jpg,-1,/mnt/research-projects/j/jlgage/RawUAVData01/uavforslb/final_image/final_sliced/20240718_C6B_02016.jpg
1477,C7B,2025,7/10/25,5.0,7/10/25,20250710_C7B_01477.jpg,0,/mnt/research-projects/j/jlgage/RawUAVData01/uavforslb/final_image/final_sliced/20250710_C7B_01477.jpg
1101,C7B,2025,7/10/25,5.0,7/10/25,20250710_C7B_01101.jpg,0,/mnt/research-projects/j/jlgage/RawUAVData01/uavforslb/final_image/final_sliced/20250710_C7B_01101.jpg
4664,B7A,2024,7/30/24,1.5,7/27/24,20240727_B7A_04664.jpg,-3,/mnt/research-projects/j/jlgage/RawUAVData01/uavforslb/final_image/final_sliced/20240727_B7A_04664.jpg
5343,C10,2025,7/20/25,2.5,7/21/25,20250721_C10_05343.jpg,1,/mnt/research-projects/j/jlgage/RawUAVData01/uavforslb/final_image/final_sliced/20250721_C10_05343.jpg
1904,C6B,2024,7/29/24,2.5,7/26/24,20240726_C6B_01904.jpg,-3,/mnt/research-projects/j/jlgage/RawUAVData01/uavforslb/final_image/final_sliced/20240726_C6B_01904.jpg
4281,B7A,2024,7/15/24,8.0,7/16/24,20240716_B7A_04281.jpg,1,/mnt/research-projects/j/jlgage/RawUAVData01/uavforslb/final_image/final_sliced/20240716_B7A_04281.jpg
4533,B7A,2024,7/30/24,1.0,7/27/24,20240727_B7A_04533.jpg,-3,/mnt/research-projects/j/jlgage/RawUAVData01/uavforslb/final_image/final_sliced/20240727_B7A_04533.jpg
2558,C6B,2024,7/18/24,7.5,7/18/24,20240718_C6B_02558.jpg,0,/mnt/research-projects/j/jlgage/RawUAVData01/uavforslb/final_image/final_sliced/20240718_C6B_02558.jpg
1406,C6B,2024,7/19/24,8.5,7/18/24,20240718_C6B_01406.jpg,-1,/mnt/research-projects/j/jlgage/RawUAVData01/uavforslb/final_image/final_sliced/20240718_C6B_01406.jpg
2690,C6B,2024,7/30/24,4.0,8/2/24,20240802_C6B_02690.jpg,3,/mnt/research-projects/j/jlgage/RawUAVData01/uavforslb/final_image/final_sliced/20240802_C6B_02690.jpg
639,C7B,2025,7/10/25,6.0,7/10/25,20250710_C7B_00639.jpg,0,/mnt/research-projects/j/jlgage/RawUAVData01/uavforslb/final_image/final_sliced/20250710_C7B_00639.jpg
2867,C6B,2024,7/15/24,7.0,7/18/24,20240718_C6B_02867.jpg,3,/mnt/research-projects/j/jlgage/RawUAVData01/uavforslb/final_image/final_sliced/20240718_C6B_02867.jpg
2643,C7B,2025,7/18/25,7.5,7/18/25,20250718_C7B_02643.jpg,0,/mnt/research-projects/j/jlgage/RawUAVData01/uavforslb/final_image/final_sliced/20250718_C7B_02643.jpg
1100,C7B,2025,7/18/25,1.5,7/18/25,20250718_C7B_01100.jpg,0,/mnt/research-projects/j/jlgage/RawUAVData01/uavforslb/final_image/final_sliced/20250718_C7B_01100.jpg
1976,C6B,2024,7/19/24,5.0,7/18/24,20240718_C6B_01976.jpg,-1,/mnt/research-projects/j/jlgage/RawUAVData01/uavforslb/final_image/final_sliced/20240718_C6B_01976.jpg
5837,C10,2025,7/19/25,3.5,7/18/25,20250718_C10_05837.jpg,-1,/mnt/research-projects/j/jlgage/RawUAVData01/uavforslb/final_image/final_sliced/20250718_C10_05837.jpg
4957,C10,2025,7/20/25,2.0,7/21/25,20250721_C10_04957.jpg,1,/mnt/research-projects/j/jlgage/RawUAVData01/uavforslb/final_image/final_sliced/20250721_C10_04957.jpg
6833,C10,2025,7/18/25,4.5,7/18/25,20250718_C10_06833.jpg,0,/mnt/research-projects/j/jlgage/RawUAVData01/uavforslb/final_image/final_sliced/20250718_C10_06833.jpg
4414,C10,2025,6/30/25,6.0,6/28/25,20250628_C10_04414.jpg,-2,/mnt/research-projects/j/jlgage/RawUAVData01/uavforslb/final_image/final_sliced/20250628_C10_04414.jpg
5707,C10,2025,7/19/25,2.5,7/18/25,20250718_C10_05707.jpg,-1,/mnt/research-projects/j/jlgage/RawUAVData01/uavforslb/final_image/final_sliced/20250718_C10_05707.jpg
4444,C10,2025,7/19/25,4.5,7/18/25,20250718_C10_04444.jpg,-1,/mnt/research-projects/j/jlgage/RawUAVData01/uavforslb/final_image/final_sliced/20250718_C10_04444.jpg
5315,C10,2025,7/2/25,6.0,7/4/25,20250704_C10_05315.jpg,2,/mnt/research-projects/j/jlgage/RawUAVData01/uavforslb/final_image/final_sliced/20250704_C10_05315.jpg
549,C7B,2025,6/30/25,6.0,7/1/25,20250701_C7B_00549.jpg,1,/mnt/research-projects/j/jlgage/RawUAVData01/uavforslb/final_image/final_sliced/20250701_C7B_00549.jpg
238,C7B,2025,7/4/25,6.5,7/4/25,20250704_C7B_00238.jpg,0,/mnt/research-projects/j/jlgage/RawUAVData01/uavforslb/final_image/final_sliced/20250704_C7B_00238.jpg
3578,C6B,2024,7/15/24,8.0,7/18/24,20240718_C6B_03578.jpg,3,/mnt/research-projects/j/jlgage/RawUAVData01/uavforslb/final_image/final_sliced/20240718_C6B_03578.jpg
803,C7B,2025,7/1/25,6.0,7/1/25,20250701_C7B_00803.jpg,0,/mnt/research-projects/j/jlgage/RawUAVData01/uavforslb/final_image/final_sliced/20250701_C7B_00803.jpg
902,C7B,2025,7/1/25,7.0,7/1/25,20250701_C7B_00902.jpg,0,/mnt/research-projects/j/jlgage/RawUAVData01/uavforslb/final_image/final_sliced/20250701_C7B_00902.jpg
3712,C6B,2024,7/15/24,8.0,7/18/24,20240718_C6B_03712.jpg,3,/mnt/research-projects/j/jlgage/RawUAVData01/uavforslb/final_image/final_sliced/20240718_C6B_03712.jpg
5536,C10,2025,7/20/25,3.0,7/21/25,20250721_C10_05536.jpg,1,/mnt/research-projects/j/jlgage/RawUAVData01/uavforslb/final_image/final_sliced/20250721_C10_05536.jpg
3055,C6B,2024,7/30/24,2.0,8/2/24,20240802_C6B_03055.jpg,3,/mnt/research-projects/j/jlgage/RawUAVData01/uavforslb/final_image/final_sliced/20240802_C6B_03055.jpg
5669,C10,2025,7/11/25,6.5,7/11/25,20250711_C10_05669.jpg,0,/mnt/research-projects/j/jlgage/RawUAVData01/uavforslb/final_image/final_sliced/20250711_C10_05669.jpg
1408,C7B,2025,7/18/25,3.0,7/18/25,20250718_C7B_01408.jpg,0,/mnt/research-projects/j/jlgage/RawUAVData01/uavforslb/final_image/final_sliced/20250718_C7B_01408.jpg
4395,B7A,2024,7/15/24,7.5,7/16/24,20240716_B7A_04395.jpg,1,/mnt/research-projects/j/jlgage/RawUAVData01/uavforslb/final_image/final_sliced/20240716_B7A_04395.jpg
4106,B7A,2024,7/15/24,6.0,7/16/24,20240716_B7A_04106.jpg,1,/mnt/research-projects/j/jlgage/RawUAVData01/uavforslb/final_image/final_sliced/20240716_B7A_04106.jpg
1833,C6B,2024,7/29/24,4.0,7/26/24,20240726_C6B_01833.jpg,-3,/mnt/research-projects/j/jlgage/RawUAVData01/uavforslb/final_image/final_sliced/20240726_C6B_01833.jpg
1177,C6B,2024,7/19/24,8.0,7/18/24,20240718_C6B_01177.jpg,-1,/mnt/research-projects/j/jlgage/RawUAVData01/uavforslb/final_image/final_sliced/20240718_C6B_01177.jpg
3827,B7A,2024,7/15/24,8.5,7/16/24,20240716_B7A_03827.jpg,1,/mnt/research-projects/j/jlgage/RawUAVData01/uavforslb/final_image/final_sliced/20240716_B7A_03827.jpg
5809,C10,2025,7/19/25,4.0,7/18/25,20250718_C10_05809.jpg,-1,/mnt/research-projects/j/jlgage/RawUAVData01/uavforslb/final_image/final_sliced/20250718_C10_05809.jpg
4256,C10,2025,7/11/25,3.0,7/11/25,20250711_C10_04256.jpg,0,/mnt/research-projects/j/jlgage/RawUAVData01/uavforslb/final_image/final_sliced/20250711_C10_04256.jpg
6694,C10,2025,6/30/25,7.5,6/28/25,20250628_C10_06694.jpg,-2,/mnt/research-projects/j/jlgage/RawUAVData01/uavforslb/final_image/final_sliced/20250628_C10_06694.jpg
5218,C10,2025,7/2/25,6.0,7/4/25,20250704_C10_05218.jpg,2,/mnt/research-projects/j/jlgage/RawUAVData01/uavforslb/final_image/final_sliced/20250704_C10_05218.jpg
807,C7B,2025,7/1/25,7.0,7/1/25,20250701_C7B_00807.jpg,0,/mnt/research-projects/j/jlgage/RawUAVData01/uavforslb/final_image/final_sliced/20250701_C7B_00807.jpg
4390,B7A,2024,7/15/24,5.5,7/16/24,20240716_B7A_04390.jpg,1,/mnt/research-projects/j/jlgage/RawUAVData01/uavforslb/final_image/final_sliced/20240716_B7A_04390.jpg
2524,C6B,2024,7/1/24,7.0,7/3/24,20240703_C6B_02524.jpg,2,/mnt/research-projects/j/jlgage/RawUAVData01/uavforslb/final_image/final_sliced/20240703_C6B_02524.jpg
2545,C6B,2024,7/1/24,8.0,7/3/24,20240703_C6B_02545.jpg,2,/mnt/research-projects/j/jlgage/RawUAVData01/uavforslb/final_image/final_sliced/20240703_C6B_02545.jpg
1162,C6B,2024,7/19/24,7.5,7/18/24,20240718_C6B_01162.jpg,-1,/mnt/research-projects/j/jlgage/RawUAVData01/uavforslb/final_image/final_sliced/20240718_C6B_01162.jpg
2822,C6B,2024,7/15/24,8.0,7/18/24,20240718_C6B_02822.jpg,3,/mnt/research-projects/j/jlgage/RawUAVData01/uavforslb/final_image/final_sliced/20240718_C6B_02822.jpg
3742,C6B,2024,7/30/24,4.0,8/2/24,20240802_C6B_03742.jpg,3,/mnt/research-projects/j/jlgage/RawUAVData01/uavforslb/final_image/final_sliced/20240802_C6B_03742.jpg
1318,C7B,2025,7/1/25,7.5,7/1/25,20250701_C7B_01318.jpg,0,/mnt/research-projects/j/jlgage/RawUAVData01/uavforslb/final_image/final_sliced/20250701_C7B_01318.jpg
15,C7B,2025,7/11/25,4.5,7/10/25,20250710_C7B_00015.jpg,-1,/mnt/research-projects/j/jlgage/RawUAVData01/uavforslb/final_image/final_sliced/20250710_C7B_00015.jpg
3781,C6B,2024,7/15/24,8.5,7/18/24,20240718_C6B_03781.jpg,3,/mnt/research-projects/j/jlgage/RawUAVData01/uavforslb/final_image/final_sliced/20240718_C6B_03781.jpg
5879,C10,2025,7/19/25,5.0,7/18/25,20250718_C10_05879.jpg,-1,/mnt/research-projects/j/jlgage/RawUAVData01/uavforslb/final_image/final_sliced/20250718_C10_05879.jpg
921,C6B,2024,7/19/24,5.5,7/18/24,20240718_C6B_00921.jpg,-1,/mnt/research-projects/j/jlgage/RawUAVData01/uavforslb/final_image/final_sliced/20240718_C6B_00921.jpg
4331,C10,2025,7/7/25,5.5,7/7/25,20250707_C10_04331.jpg,0,/mnt/research-projects/j/jlgage/RawUAVData01/uavforslb/final_image/final_sliced/20250707_C10_04331.jpg
2602,C6B,2024,7/15/24,7.0,7/18/24,20240718_C6B_02602.jpg,3,/mnt/research-projects/j/jlgage/RawUAVData01/uavforslb/final_image/final_sliced/20240718_C6B_02602.jpg
1113,C7B,2025,7/10/25,5.5,7/10/25,20250710_C7B_01113.jpg,0,/mnt/research-projects/j/jlgage/RawUAVData01/uavforslb/final_image/final_sliced/20250710_C7B_01113.jpg
435,C7B,2025,7/4/25,7.0,7/4/25,20250704_C7B_00435.jpg,0,/mnt/research-projects/j/jlgage/RawUAVData01/uavforslb/final_image/final_sliced/20250704_C7B_00435.jpg
2017,C7B,2025,7/10/25,5.0,7/10/25,20250710_C7B_02017.jpg,0,/mnt/research-projects/j/jlgage/RawUAVData01/uavforslb/final_image/final_sliced/20250710_C7B_02017.jpg
6795,C10,2025,6/30/25,9.0,6/28/25,20250628_C10_06795.jpg,-2,/mnt/research-projects/j/jlgage/RawUAVData01/uavforslb/final_image/final_sliced/20250628_C10_06795.jpg
672,C7B,2025,6/30/25,7.0,7/1/25,20250701_C7B_00672.jpg,1,/mnt/research-projects/j/jlgage/RawUAVData01/uavforslb/final_image/final_sliced/20250701_C7B_00672.jpg
4424,C10,2025,7/11/25,8.0,7/11/25,20250711_C10_04424.jpg,0,/mnt/research-projects/j/jlgage/RawUAVData01/uavforslb/final_image/final_sliced/20250711_C10_04424.jpg
2815,C6B,2024,7/15/24,8.5,7/18/24,20240718_C6B_02815.jpg,3,/mnt/research-projects/j/jlgage/RawUAVData01/uavforslb/final_image/final_sliced/20240718_C6B_02815.jpg
3296,C6B,2024,7/15/24,8.5,7/18/24,20240718_C6B_03296.jpg,3,/mnt/research-projects/j/jlgage/RawUAVData01/uavforslb/final_image/final_sliced/20240718_C6B_03296.jpg
779,C7B,2025,7/18/25,2.0,7/18/25,20250718_C7B_00779.jpg,0,/mnt/research-projects/j/jlgage/RawUAVData01/uavforslb/final_image/final_sliced/20250718_C7B_00779.jpg
4462,B7A,2024,7/30/24,1.5,7/27/24,20240727_B7A_04462.jpg,-3,/mnt/research-projects/j/jlgage/RawUAVData01/uavforslb/final_image/final_sliced/20240727_B7A_04462.jpg
2821,C7B,2025,7/8/25,8.0,7/7/25,20250707_C7B_02821.jpg,-1,/mnt/research-projects/j/jlgage/RawUAVData01/uavforslb/final_image/final_sliced/20250707_C7B_02821.jpg
4450,C10,2025,7/11/25,6.5,7/11/25,20250711_C10_04450.jpg,0,/mnt/research-projects/j/jlgage/RawUAVData01/uavforslb/final_image/final_sliced/20250711_C10_04450.jpg
351,C7B,2025,6/30/25,6.0,7/1/25,20250701_C7B_00351.jpg,1,/mnt/research-projects/j/jlgage/RawUAVData01/uavforslb/final_image/final_sliced/20250701_C7B_00351.jpg
3274,C6B,2024,7/15/24,8.5,7/18/24,20240718_C6B_03274.jpg,3,/mnt/research-projects/j/jlgage/RawUAVData01/uavforslb/final_image/final_sliced/20240718_C6B_03274.jpg
1275,C7B,2025,7/18/25,4.5,7/18/25,20250718_C7B_01275.jpg,0,/mnt/research-projects/j/jlgage/RawUAVData01/uavforslb/final_image/final_sliced/20250718_C7B_01275.jpg
3165,C6B,2024,7/30/24,3.0,8/2/24,20240802_C6B_03165.jpg,3,/mnt/research-projects/j/jlgage/RawUAVData01/uavforslb/final_image/final_sliced/20240802_C6B_03165.jpg
1390,C6B,2024,7/29/24,6.0,7/26/24,20240726_C6B_01390.jpg,-3,/mnt/research-projects/j/jlgage/RawUAVData01/uavforslb/final_image/final_sliced/20240726_C6B_01390.jpg
585,C7B,2025,6/30/25,7.0,7/1/25,20250701_C7B_00585.jpg,1,/mnt/research-projects/j/jlgage/RawUAVData01/uavforslb/final_image/final_sliced/20250701_C7B_00585.jpg
1284,C6B,2024,7/29/24,4.5,7/26/24,20240726_C6B_01284.jpg,-3,/mnt/research-projects/j/jlgage/RawUAVData01/uavforslb/final_image/final_sliced/20240726_C6B_01284.jpg
2876,C7B,2025,6/30/25,8.0,7/1/25,20250701_C7B_02876.jpg,1,/mnt/research-projects/j/jlgage/RawUAVData01/uavforslb/final_image/final_sliced/20250701_C7B_02876.jpg
4811,C10,2025,7/11/25,5.5,7/11/25,20250711_C10_04811.jpg,0,/mnt/research-projects/j/jlgage/RawUAVData01/uavforslb/final_image/final_sliced/20250711_C10_04811.jpg
4320,C10,2025,6/30/25,7.5,6/28/25,20250628_C10_04320.jpg,-2,/mnt/research-projects/j/jlgage/RawUAVData01/uavforslb/final_image/final_sliced/20250628_C10_04320.jpg
3464,C6B,2024,7/30/24,1.5,8/2/24,20240802_C6B_03464.jpg,3,/mnt/research-projects/j/jlgage/RawUAVData01/uavforslb/final_image/final_sliced/20240802_C6B_03464.jpg
5050,C6B,2024,7/18/24,5.5,7/18/24,20240718_C6B_05050.jpg,0,/mnt/research-projects/j/jlgage/RawUAVData01/uavforslb/final_image/final_sliced/20240718_C6B_05050.jpg
2149,C6B,2024,7/29/24,2.5,7/26/24,20240726_C6B_02149.jpg,-3,/mnt/research-projects/j/jlgage/RawUAVData01/uavforslb/final_image/final_sliced/20240726_C6B_02149.jpg
2926,C6B,2024,7/15/24,8.5,7/18/24,20240718_C6B_02926.jpg,3,/mnt/research-projects/j/jlgage/RawUAVData01/uavforslb/final_image/final_sliced/20240718_C6B_02926.jpg
4898,C10,2025,7/2/25,7.0,7/4/25,20250704_C10_04898.jpg,2,/mnt/research-projects/j/jlgage/RawUAVData01/uavforslb/final_image/final_sliced/20250704_C10_04898.jpg
1664,C7B,2025,7/1/25,4.5,7/1/25,20250701_C7B_01664.jpg,0,/mnt/research-projects/j/jlgage/RawUAVData01/uavforslb/final_image/final_sliced/20250701_C7B_01664.jpg
1915,C6B,2024,7/19/24,5.0,7/18/24,20240718_C6B_01915.jpg,-1,/mnt/research-projects/j/jlgage/RawUAVData01/uavforslb/final_image/final_sliced/20240718_C6B_01915.jpg
120,C7B,2025,7/18/25,5.5,7/18/25,20250718_C7B_00120.jpg,0,/mnt/research-projects/j/jlgage/RawUAVData01/uavforslb/final_image/final_sliced/20250718_C7B_00120.jpg
4800,C10,2025,7/11/25,5.0,7/11/25,20250711_C10_04800.jpg,0,/mnt/research-projects/j/jlgage/RawUAVData01/uavforslb/final_image/final_sliced/20250711_C10_04800.jpg
3924,B7A,2024,7/15/24,8.0,7/16/24,20240716_B7A_03924.jpg,1,/mnt/research-projects/j/jlgage/RawUAVData01/uavforslb/final_image/final_sliced/20240716_B7A_03924.jpg
4427,B7A,2024,7/15/24,7.5,7/16/24,20240716_B7A_04427.jpg,1,/mnt/research-projects/j/jlgage/RawUAVData01/uavforslb/final_image/final_sliced/20240716_B7A_04427.jpg
4391,C10,2025,7/11/25,4.0,7/11/25,20250711_C10_04391.jpg,0,/mnt/research-projects/j/jlgage/RawUAVData01/uavforslb/final_image/final_sliced/20250711_C10_04391.jpg
5052,C10,2025,7/20/25,2.0,7/21/25,20250721_C10_05052.jpg,1,/mnt/research-projects/j/jlgage/RawUAVData01/uavforslb/final_image/final_sliced/20250721_C10_05052.jpg
1119,C6B,2024,7/19/24,7.0,7/18/24,20240718_C6B_01119.jpg,-1,/mnt/research-projects/j/jlgage/RawUAVData01/uavforslb/final_image/final_sliced/20240718_C6B_01119.jpg
4401,B7A,2024,7/30/24,1.5,7/27/24,20240727_B7A_04401.jpg,-3,/mnt/research-projects/j/jlgage/RawUAVData01/uavforslb/final_image/final_sliced/20240727_B7A_04401.jpg
234,C7B,2025,7/4/25,5.0,7/4/25,20250704_C7B_00234.jpg,0,/mnt/research-projects/j/jlgage/RawUAVData01/uavforslb/final_image/final_sliced/20250704_C7B_00234.jpg
1598,C7B,2025,7/1/25,7.0,7/1/25,20250701_C7B_01598.jpg,0,/mnt/research-projects/j/jlgage/RawUAVData01/uavforslb/final_image/final_sliced/20250701_C7B_01598.jpg
116,C7B,2025,7/18/25,3.0,7/18/25,20250718_C7B_00116.jpg,0,/mnt/research-projects/j/jlgage/RawUAVData01/uavforslb/final_image/final_sliced/20250718_C7B_00116.jpg
2512,C6B,2024,7/1/24,7.5,7/3/24,20240703_C6B_02512.jpg,2,/mnt/research-projects/j/jlgage/RawUAVData01/uavforslb/final_image/final_sliced/20240703_C6B_02512.jpg
5626,C10,2025,7/11/25,4.0,7/11/25,20250711_C10_05626.jpg,0,/mnt/research-projects/j/jlgage/RawUAVData01/uavforslb/final_image/final_sliced/20250711_C10_05626.jpg
1102,C7B,2025,7/10/25,5.0,7/10/25,20250710_C7B_01102.jpg,0,/mnt/research-projects/j/jlgage/RawUAVData01/uavforslb/final_image/final_sliced/20250710_C7B_01102.jpg
814,C7B,2025,7/10/25,4.0,7/10/25,20250710_C7B_00814.jpg,0,/mnt/research-projects/j/jlgage/RawUAVData01/uavforslb/final_image/final_sliced/20250710_C7B_00814.jpg
4608,C10,2025,7/20/25,3.0,7/21/25,20250721_C10_04608.jpg,1,/mnt/research-projects/j/jlgage/RawUAVData01/uavforslb/final_image/final_sliced/20250721_C10_04608.jpg
4246,B7A,2024,7/30/24,3.5,7/27/24,20240727_B7A_04246.jpg,-3,/mnt/research-projects/j/jlgage/RawUAVData01/uavforslb/final_image/final_sliced/20240727_B7A_04246.jpg
500,C6B,2024,7/29/24,8.0,7/26/24,20240726_C6B_00500.jpg,-3,/mnt/research-projects/j/jlgage/RawUAVData01/uavforslb/final_image/final_sliced/20240726_C6B_00500.jpg
908,C6B,2024,7/19/24,8.0,7/18/24,20240718_C6B_00908.jpg,-1,/mnt/research-projects/j/jlgage/RawUAVData01/uavforslb/final_image/final_sliced/20240718_C6B_00908.jpg
19,C7B,2025,7/18/25,7.5,7/18/25,20250718_C7B_00019.jpg,0,/mnt/research-projects/j/jlgage/RawUAVData01/uavforslb/final_image/final_sliced/20250718_C7B_00019.jpg
1339,C7B,2025,7/10/25,6.0,7/10/25,20250710_C7B_01339.jpg,0,/mnt/research-projects/j/jlgage/RawUAVData01/uavforslb/final_image/final_sliced/20250710_C7B_01339.jpg
3180,C6B,2024,7/30/24,2.0,8/2/24,20240802_C6B_03180.jpg,3,/mnt/research-projects/j/jlgage/RawUAVData01/uavforslb/final_image/final_sliced/20240802_C6B_03180.jpg
5036,C6B,2024,7/1/24,9.0,7/3/24,20240703_C6B_05036.jpg,2,/mnt/research-projects/j/jlgage/RawUAVData01/uavforslb/final_image/final_sliced/20240703_C6B_05036.jpg
1918,C6B,2024,7/19/24,7.0,7/18/24,20240718_C6B_01918.jpg,-1,/mnt/research-projects/j/jlgage/RawUAVData01/uavforslb/final_image/final_sliced/20240718_C6B_01918.jpg
4448,B7A,2024,7/15/24,8.5,7/16/24,20240716_B7A_04448.jpg,1,/mnt/research-projects/j/jlgage/RawUAVData01/uavforslb/final_image/final_sliced/20240716_B7A_04448.jpg
940,C7B,2025,7/18/25,2.0,7/18/25,20250718_C7B_00940.jpg,0,/mnt/research-projects/j/jlgage/RawUAVData01/uavforslb/final_image/final_sliced/20250718_C7B_00940.jpg
593,C7B,2025,6/30/25,6.5,7/1/25,20250701_C7B_00593.jpg,1,/mnt/research-projects/j/jlgage/RawUAVData01/uavforslb/final_image/final_sliced/20250701_C7B_00593.jpg
5696,C10,2025,7/11/25,7.0,7/11/25,20250711_C10_05696.jpg,0,/mnt/research-projects/j/jlgage/RawUAVData01/uavforslb/final_image/final_sliced/20250711_C10_05696.jpg
140,C7B,2025,7/4/25,5.0,7/4/25,20250704_C7B_00140.jpg,0,/mnt/research-projects/j/jlgage/RawUAVData01/uavforslb/final_image/final_sliced/20250704_C7B_00140.jpg
3469,C6B,2024,7/15/24,8.0,7/18/24,20240718_C6B_03469.jpg,3,/mnt/research-projects/j/jlgage/RawUAVData01/uavforslb/final_image/final_sliced/20240718_C6B_03469.jpg
333,C7B,2025,6/30/25,7.0,7/1/25,20250701_C7B_00333.jpg,1,/mnt/research-projects/j/jlgage/RawUAVData01/uavforslb/final_image/final_sliced/20250701_C7B_00333.jpg
865,C6B,2024,7/19/24,7.5,7/18/24,20240718_C6B_00865.jpg,-1,/mnt/research-projects/j/jlgage/RawUAVData01/uavforslb/final_image/final_sliced/20240718_C6B_00865.jpg
2687,C7B,2025,7/13/25,8.0,7/12/25,20250712_C7B_02687.jpg,-1,/mnt/research-projects/j/jlgage/RawUAVData01/uavforslb/final_image/final_sliced/20250712_C7B_02687.jpg
3818,C6B,2024,7/30/24,4.0,8/2/24,20240802_C6B_03818.jpg,3,/mnt/research-projects/j/jlgage/RawUAVData01/uavforslb/final_image/final_sliced/20240802_C6B_03818.jpg
3331,C6B,2024,7/15/24,7.5,7/18/24,20240718_C6B_03331.jpg,3,/mnt/research-projects/j/jlgage/RawUAVData01/uavforslb/final_image/final_sliced/20240718_C6B_03331.jpg
2106,C6B,2024,7/29/24,3.5,7/26/24,20240726_C6B_02106.jpg,-3,/mnt/research-projects/j/jlgage/RawUAVData01/uavforslb/final_image/final_sliced/20240726_C6B_02106.jpg
871,C7B,2025,7/18/25,2.5,7/18/25,20250718_C7B_00871.jpg,0,/mnt/research-projects/j/jlgage/RawUAVData01/uavforslb/final_image/final_sliced/20250718_C7B_00871.jpg
5910,C10,2025,7/19/25,4.5,7/18/25,20250718_C10_05910.jpg,-1,/mnt/research-projects/j/jlgage/RawUAVData01/uavforslb/final_image/final_sliced/20250718_C10_05910.jpg
4163,C10,2025,7/7/25,7.0,7/7/25,20250707_C10_04163.jpg,0,/mnt/research-projects/j/jlgage/RawUAVData01/uavforslb/final_image/final_sliced/20250707_C10_04163.jpg
5873,C10,2025,7/19/25,3.0,7/18/25,20250718_C10_05873.jpg,-1,/mnt/research-projects/j/jlgage/RawUAVData01/uavforslb/final_image/final_sliced/20250718_C10_05873.jpg
1654,C7B,2025,7/1/25,8.0,7/1/25,20250701_C7B_01654.jpg,0,/mnt/research-projects/j/jlgage/RawUAVData01/uavforslb/final_image/final_sliced/20250701_C7B_01654.jpg
1151,C7B,2025,7/18/25,2.0,7/18/25,20250718_C7B_01151.jpg,0,/mnt/research-projects/j/jlgage/RawUAVData01/uavforslb/final_image/final_sliced/20250718_C7B_01151.jpg
4834,C10,2025,7/11/25,5.0,7/11/25,20250711_C10_04834.jpg,0,/mnt/research-projects/j/jlgage/RawUAVData01/uavforslb/final_image/final_sliced/20250711_C10_04834.jpg
837,C7B,2025,7/10/25,5.0,7/10/25,20250710_C7B_00837.jpg,0,/mnt/research-projects/j/jlgage/RawUAVData01/uavforslb/final_image/final_sliced/20250710_C7B_00837.jpg
5024,C6B,2024,7/18/24,8.0,7/18/24,20240718_C6B_05024.jpg,0,/mnt/research-projects/j/jlgage/RawUAVData01/uavforslb/final_image/final_sliced/20240718_C6B_05024.jpg
5401,C10,2025,7/11/25,5.0,7/11/25,20250711_C10_05401.jpg,0,/mnt/research-projects/j/jlgage/RawUAVData01/uavforslb/final_image/final_sliced/20250711_C10_05401.jpg
34,C7B,2025,7/11/25,6.0,7/10/25,20250710_C7B_00034.jpg,-1,/mnt/research-projects/j/jlgage/RawUAVData01/uavforslb/final_image/final_sliced/20250710_C7B_00034.jpg
4359,B7A,2024,7/30/24,3.5,7/27/24,20240727_B7A_04359.jpg,-3,/mnt/research-projects/j/jlgage/RawUAVData01/uavforslb/final_image/final_sliced/20240727_B7A_04359.jpg
1726,C7B,2025,7/7/25,5.0,7/7/25,20250707_C7B_01726.jpg,0,/mnt/research-projects/j/jlgage/RawUAVData01/uavforslb/final_image/final_sliced/20250707_C7B_01726.jpg
215,C7B,2025,7/4/25,6.5,7/4/25,20250704_C7B_00215.jpg,0,/mnt/research-projects/j/jlgage/RawUAVData01/uavforslb/final_image/final_sliced/20250704_C7B_00215.jpg
5528,B7A,2024,7/11/24,7.5,7/10/24,20240710_B7A_05528.jpg,-1,/mnt/research-projects/j/jlgage/RawUAVData01/uavforslb/final_image/final_sliced/20240710_B7A_05528.jpg
3935,B7A,2024,7/30/24,5.0,7/27/24,20240727_B7A_03935.jpg,-3,/mnt/research-projects/j/jlgage/RawUAVData01/uavforslb/final_image/final_sliced/20240727_B7A_03935.jpg
3749,C6B,2024,7/15/24,8.5,7/18/24,20240718_C6B_03749.jpg,3,/mnt/research-projects/j/jlgage/RawUAVData01/uavforslb/final_image/final_sliced/20240718_C6B_03749.jpg
2864,C7B,2025,7/18/25,6.0,7/18/25,20250718_C7B_02864.jpg,0,/mnt/research-projects/j/jlgage/RawUAVData01/uavforslb/final_image/final_sliced/20250718_C7B_02864.jpg
3203,C6B,2024,7/30/24,4.0,8/2/24,20240802_C6B_03203.jpg,3,/mnt/research-projects/j/jlgage/RawUAVData01/uavforslb/final_image/final_sliced/20240802_C6B_03203.jpg
5055,C6B,2024,7/27/24,6.0,7/26/24,20240726_C6B_05055.jpg,-1,/mnt/research-projects/j/jlgage/RawUAVData01/uavforslb/final_image/final_sliced/20240726_C6B_05055.jpg
4374,C10,2025,7/19/25,2.0,7/18/25,20250718_C10_04374.jpg,-1,/mnt/research-projects/j/jlgage/RawUAVData01/uavforslb/final_image/final_sliced/20250718_C10_04374.jpg
4726,C10,2025,7/11/25,5.0,7/11/25,20250711_C10_04726.jpg,0,/mnt/research-projects/j/jlgage/RawUAVData01/uavforslb/final_image/final_sliced/20250711_C10_04726.jpg
55,C7B,2025,7/18/25,4.0,7/18/25,20250718_C7B_00055.jpg,0,/mnt/research-projects/j/jlgage/RawUAVData01/uavforslb/final_image/final_sliced/20250718_C7B_00055.jpg
3300,C6B,2024,7/30/24,2.0,8/2/24,20240802_C6B_03300.jpg,3,/mnt/research-projects/j/jlgage/RawUAVData01/uavforslb/final_image/final_sliced/20240802_C6B_03300.jpg
4893,C10,2025,7/2/25,5.0,7/4/25,20250704_C10_04893.jpg,2,/mnt/research-projects/j/jlgage/RawUAVData01/uavforslb/final_image/final_sliced/20250704_C10_04893.jpg
6767,C10,2025,7/8/25,7.5,7/7/25,20250707_C10_06767.jpg,-1,/mnt/research-projects/j/jlgage/RawUAVData01/uavforslb/final_image/final_sliced/20250707_C10_06767.jpg
329,C6B,2024,7/29/24,4.5,7/26/24,20240726_C6B_00329.jpg,-3,/mnt/research-projects/j/jlgage/RawUAVData01/uavforslb/final_image/final_sliced/20240726_C6B_00329.jpg
852,C6B,2024,7/29/24,3.0,7/26/24,20240726_C6B_00852.jpg,-3,/mnt/research-projects/j/jlgage/RawUAVData01/uavforslb/final_image/final_sliced/20240726_C6B_00852.jpg
4010,C10,2025,7/19/25,5.0,7/18/25,20250718_C10_04010.jpg,-1,/mnt/research-projects/j/jlgage/RawUAVData01/uavforslb/final_image/final_sliced/20250718_C10_04010.jpg
1805,C6B,2024,7/19/24,7.0,7/18/24,20240718_C6B_01805.jpg,-1,/mnt/research-projects/j/jlgage/RawUAVData01/uavforslb/final_image/final_sliced/20240718_C6B_01805.jpg
5045,C6B,2024,7/1/24,8.0,7/3/24,20240703_C6B_05045.jpg,2,/mnt/research-projects/j/jlgage/RawUAVData01/uavforslb/final_image/final_sliced/20240703_C6B_05045.jpg
5739,C10,2025,7/11/25,4.0,7/11/25,20250711_C10_05739.jpg,0,/mnt/research-projects/j/jlgage/RawUAVData01/uavforslb/final_image/final_sliced/20250711_C10_05739.jpg
5506,B7A,2024,7/11/24,8.0,7/10/24,20240710_B7A_05506.jpg,-1,/mnt/research-projects/j/jlgage/RawUAVData01/uavforslb/final_image/final_sliced/20240710_B7A_05506.jpg
4560,B7A,2024,7/15/24,8.5,7/16/24,20240716_B7A_04560.jpg,1,/mnt/research-projects/j/jlgage/RawUAVData01/uavforslb/final_image/final_sliced/20240716_B7A_04560.jpg
4460,B7A,2024,7/30/24,1.0,7/27/24,20240727_B7A_04460.jpg,-3,/mnt/research-projects/j/jlgage/RawUAVData01/uavforslb/final_image/final_sliced/20240727_B7A_04460.jpg
3080,C6B,2024,7/30/24,1.0,8/2/24,20240802_C6B_03080.jpg,3,/mnt/research-projects/j/jlgage/RawUAVData01/uavforslb/final_image/final_sliced/20240802_C6B_03080.jpg
1503,C7B,2025,7/18/25,2.5,7/18/25,20250718_C7B_01503.jpg,0,/mnt/research-projects/j/jlgage/RawUAVData01/uavforslb/final_image/final_sliced/20250718_C7B_01503.jpg
5515,B7A,2024,7/27/24,5.0,7/27/24,20240727_B7A_05515.jpg,0,/mnt/research-projects/j/jlgage/RawUAVData01/uavforslb/final_image/final_sliced/20240727_B7A_05515.jpg
5721,C10,2025,7/8/25,4.0,7/7/25,20250707_C10_05721.jpg,-1,/mnt/research-projects/j/jlgage/RawUAVData01/uavforslb/final_image/final_sliced/20250707_C10_05721.jpg
5557,B7A,2024,7/11/24,7.5,7/10/24,20240710_B7A_05557.jpg,-1,/mnt/research-projects/j/jlgage/RawUAVData01/uavforslb/final_image/final_sliced/20240710_B7A_05557.jpg
862,C7B,2025,7/1/25,6.0,7/1/25,20250701_C7B_00862.jpg,0,/mnt/research-projects/j/jlgage/RawUAVData01/uavforslb/final_image/final_sliced/20250701_C7B_00862.jpg
5562,B7A,2024,7/1/24,8.0,7/3/24,20240703_B7A_05562.jpg,2,/mnt/research-projects/j/jlgage/RawUAVData01/uavforslb/final_image/final_sliced/20240703_B7A_05562.jpg
449,C7B,2025,6/30/25,7.0,7/1/25,20250701_C7B_00449.jpg,1,/mnt/research-projects/j/jlgage/RawUAVData01/uavforslb/final_image/final_sliced/20250701_C7B_00449.jpg
4371,C10,2025,7/11/25,3.5,7/11/25,20250711_C10_04371.jpg,0,/mnt/research-projects/j/jlgage/RawUAVData01/uavforslb/final_image/final_sliced/20250711_C10_04371.jpg
513,C6B,2024,7/19/24,5.0,7/18/24,20240718_C6B_00513.jpg,-1,/mnt/research-projects/j/jlgage/RawUAVData01/uavforslb/final_image/final_sliced/20240718_C6B_00513.jpg
1778,C6B,2024,7/29/24,3.5,7/26/24,20240726_C6B_01778.jpg,-3,/mnt/research-projects/j/jlgage/RawUAVData01/uavforslb/final_image/final_sliced/20240726_C6B_01778.jpg
5551,B7A,2024,7/1/24,8.0,7/3/24,20240703_B7A_05551.jpg,2,/mnt/research-projects/j/jlgage/RawUAVData01/uavforslb/final_image/final_sliced/20240703_B7A_05551.jpg
316,C7B,2025,7/10/25,4.0,7/10/25,20250710_C7B_00316.jpg,0,/mnt/research-projects/j/jlgage/RawUAVData01/uavforslb/final_image/final_sliced/20250710_C7B_00316.jpg
1429,C7B,2025,7/18/25,3.0,7/18/25,20250718_C7B_01429.jpg,0,/mnt/research-projects/j/jlgage/RawUAVData01/uavforslb/final_image/final_sliced/20250718_C7B_01429.jpg
695,C6B,2024,7/19/24,4.0,7/18/24,20240718_C6B_00695.jpg,-1,/mnt/research-projects/j/jlgage/RawUAVData01/uavforslb/final_image/final_sliced/20240718_C6B_00695.jpg
403,C7B,2025,7/10/25,4.0,7/10/25,20250710_C7B_00403.jpg,0,/mnt/research-projects/j/jlgage/RawUAVData01/uavforslb/final_image/final_sliced/20250710_C7B_00403.jpg
1095,C6B,2024,7/19/24,8.5,7/18/24,20240718_C6B_01095.jpg,-1,/mnt/research-projects/j/jlgage/RawUAVData01/uavforslb/final_image/final_sliced/20240718_C6B_01095.jpg
4026,B7A,2024,7/15/24,8.0,7/16/24,20240716_B7A_04026.jpg,1,/mnt/research-projects/j/jlgage/RawUAVData01/uavforslb/final_image/final_sliced/20240716_B7A_04026.jpg
1984,C6B,2024,7/29/24,3.0,7/26/24,20240726_C6B_01984.jpg,-3,/mnt/research-projects/j/jlgage/RawUAVData01/uavforslb/final_image/final_sliced/20240726_C6B_01984.jpg
3784,C6B,2024,7/15/24,8.5,7/18/24,20240718_C6B_03784.jpg,3,/mnt/research-projects/j/jlgage/RawUAVData01/uavforslb/final_image/final_sliced/20240718_C6B_03784.jpg
1350,C7B,2025,7/1/25,6.5,7/1/25,20250701_C7B_01350.jpg,0,/mnt/research-projects/j/jlgage/RawUAVData01/uavforslb/final_image/final_sliced/20250701_C7B_01350.jpg
3134,C6B,2024,7/15/24,8.5,7/18/24,20240718_C6B_03134.jpg,3,/mnt/research-projects/j/jlgage/RawUAVData01/uavforslb/final_image/final_sliced/20240718_C6B_03134.jpg
1763,C7B,2025,7/10/25,4.0,7/10/25,20250710_C7B_01763.jpg,0,/mnt/research-projects/j/jlgage/RawUAVData01/uavforslb/final_image/final_sliced/20250710_C7B_01763.jpg
5060,C10,2025,7/2/25,7.0,7/4/25,20250704_C10_05060.jpg,2,/mnt/research-projects/j/jlgage/RawUAVData01/uavforslb/final_image/final_sliced/20250704_C10_05060.jpg
5928,C10,2025,7/19/25,3.0,7/18/25,20250718_C10_05928.jpg,-1,/mnt/research-projects/j/jlgage/RawUAVData01/uavforslb/final_image/final_sliced/20250718_C10_05928.jpg
3375,C6B,2024,7/15/24,8.0,7/18/24,20240718_C6B_03375.jpg,3,/mnt/research-projects/j/jlgage/RawUAVData01/uavforslb/final_image/final_sliced/20240718_C6B_03375.jpg
4096,B7A,2024,7/15/24,8.0,7/16/24,20240716_B7A_04096.jpg,1,/mnt/research-projects/j/jlgage/RawUAVData01/uavforslb/final_image/final_sliced/20240716_B7A_04096.jpg
1603,C7B,2025,7/10/25,6.5,7/10/25,20250710_C7B_01603.jpg,0,/mnt/research-projects/j/jlgage/RawUAVData01/uavforslb/final_image/final_sliced/20250710_C7B_01603.jpg
4102,C10,2025,7/11/25,6.0,7/11/25,20250711_C10_04102.jpg,0,/mnt/research-projects/j/jlgage/RawUAVData01/uavforslb/final_image/final_sliced/20250711_C10_04102.jpg
2839,C6B,2024,7/15/24,8.0,7/18/24,20240718_C6B_02839.jpg,3,/mnt/research-projects/j/jlgage/RawUAVData01/uavforslb/final_image/final_sliced/20240718_C6B_02839.jpg
1231,C7B,2025,7/1/25,7.0,7/1/25,20250701_C7B_01231.jpg,0,/mnt/research-projects/j/jlgage/RawUAVData01/uavforslb/final_image/final_sliced/20250701_C7B_01231.jpg
6709,C10,2025,7/8/25,7.5,7/7/25,20250707_C10_06709.jpg,-1,/mnt/research-projects/j/jlgage/RawUAVData01/uavforslb/final_image/final_sliced/20250707_C10_06709.jpg
784,C7B,2025,6/30/25,6.5,7/1/25,20250701_C7B_00784.jpg,1,/mnt/research-projects/j/jlgage/RawUAVData01/uavforslb/final_image/final_sliced/20250701_C7B_00784.jpg
1740,C6B,2024,7/19/24,7.0,7/18/24,20240718_C6B_01740.jpg,-1,/mnt/research-projects/j/jlgage/RawUAVData01/uavforslb/final_image/final_sliced/20240718_C6B_01740.jpg
6855,C10,2025,7/14/25,6.0,7/14/25,20250714_C10_06855.jpg,0,/mnt/research-projects/j/jlgage/RawUAVData01/uavforslb/final_image/final_sliced/20250714_C10_06855.jpg
4191,B7A,2024,7/30/24,1.5,7/27/24,20240727_B7A_04191.jpg,-3,/mnt/research-projects/j/jlgage/RawUAVData01/uavforslb/final_image/final_sliced/20240727_B7A_04191.jpg
2962,C6B,2024,7/30/24,3.0,8/2/24,20240802_C6B_02962.jpg,3,/mnt/research-projects/j/jlgage/RawUAVData01/uavforslb/final_image/final_sliced/20240802_C6B_02962.jpg
1213,C7B,2025,7/1/25,5.5,7/1/25,20250701_C7B_01213.jpg,0,/mnt/research-projects/j/jlgage/RawUAVData01/uavforslb/final_image/final_sliced/20250701_C7B_01213.jpg
109,C7B,2025,7/10/25,6.0,7/10/25,20250710_C7B_00109.jpg,0,/mnt/research-projects/j/jlgage/RawUAVData01/uavforslb/final_image/final_sliced/20250710_C7B_00109.jpg
5888,C10,2025,7/11/25,4.5,7/11/25,20250711_C10_05888.jpg,0,/mnt/research-projects/j/jlgage/RawUAVData01/uavforslb/final_image/final_sliced/20250711_C10_05888.jpg
6767,C10,2025,6/30/25,8.0,6/28/25,20250628_C10_06767.jpg,-2,/mnt/research-projects/j/jlgage/RawUAVData01/uavforslb/final_image/final_sliced/20250628_C10_06767.jpg
690,C7B,2025,7/10/25,6.0,7/10/25,20250710_C7B_00690.jpg,0,/mnt/research-projects/j/jlgage/RawUAVData01/uavforslb/final_image/final_sliced/20250710_C7B_00690.jpg
334,C7B,2025,7/10/25,5.0,7/10/25,20250710_C7B_00334.jpg,0,/mnt/research-projects/j/jlgage/RawUAVData01/uavforslb/final_image/final_sliced/20250710_C7B_00334.jpg
4102,C10,2025,7/7/25,7.5,7/7/25,20250707_C10_04102.jpg,0,/mnt/research-projects/j/jlgage/RawUAVData01/uavforslb/final_image/final_sliced/20250707_C10_04102.jpg
1436,C6B,2024,7/19/24,6.0,7/18/24,20240718_C6B_01436.jpg,-1,/mnt/research-projects/j/jlgage/RawUAVData01/uavforslb/final_image/final_sliced/20240718_C6B_01436.jpg
1512,C7B,2025,7/10/25,5.0,7/10/25,20250710_C7B_01512.jpg,0,/mnt/research-projects/j/jlgage/RawUAVData01/uavforslb/final_image/final_sliced/20250710_C7B_01512.jpg
1426,C6B,2024,7/19/24,7.0,7/18/24,20240718_C6B_01426.jpg,-1,/mnt/research-projects/j/jlgage/RawUAVData01/uavforslb/final_image/final_sliced/20240718_C6B_01426.jpg
1907,C6B,2024,7/29/24,2.0,7/26/24,20240726_C6B_01907.jpg,-3,/mnt/research-projects/j/jlgage/RawUAVData01/uavforslb/final_image/final_sliced/20240726_C6B_01907.jpg
1757,C7B,2025,7/10/25,5.0,7/10/25,20250710_C7B_01757.jpg,0,/mnt/research-projects/j/jlgage/RawUAVData01/uavforslb/final_image/final_sliced/20250710_C7B_01757.jpg
3848,B7A,2024,7/15/24,7.5,7/16/24,20240716_B7A_03848.jpg,1,/mnt/research-projects/j/jlgage/RawUAVData01/uavforslb/final_image/final_sliced/20240716_B7A_03848.jpg
320,C6B,2024,7/29/24,5.0,7/26/24,20240726_C6B_00320.jpg,-3,/mnt/research-projects/j/jlgage/RawUAVData01/uavforslb/final_image/final_sliced/20240726_C6B_00320.jpg
3582,C6B,2024,7/15/24,8.5,7/18/24,20240718_C6B_03582.jpg,3,/mnt/research-projects/j/jlgage/RawUAVData01/uavforslb/final_image/final_sliced/20240718_C6B_03582.jpg
894,C7B,2025,7/10/25,6.0,7/10/25,20250710_C7B_00894.jpg,0,/mnt/research-projects/j/jlgage/RawUAVData01/uavforslb/final_image/final_sliced/20250710_C7B_00894.jpg
5527,B7A,2024,7/1/24,8.5,7/3/24,20240703_B7A_05527.jpg,2,/mnt/research-projects/j/jlgage/RawUAVData01/uavforslb/final_image/final_sliced/20240703_B7A_05527.jpg
89,C7B,2025,6/30/25,7.5,7/1/25,20250701_C7B_00089.jpg,1,/mnt/research-projects/j/jlgage/RawUAVData01/uavforslb/final_image/final_sliced/20250701_C7B_00089.jpg
553,C6B,2024,7/29/24,7.0,7/26/24,20240726_C6B_00553.jpg,-3,/mnt/research-projects/j/jlgage/RawUAVData01/uavforslb/final_image/final_sliced/20240726_C6B_00553.jpg
1996,C6B,2024,7/19/24,7.5,7/18/24,20240718_C6B_01996.jpg,-1,/mnt/research-projects/j/jlgage/RawUAVData01/uavforslb/final_image/final_sliced/20240718_C6B_01996.jpg
215,C7B,2025,7/10/25,6.5,7/10/25,20250710_C7B_00215.jpg,0,/mnt/research-projects/j/jlgage/RawUAVData01/uavforslb/final_image/final_sliced/20250710_C7B_00215.jpg
3192,C6B,2024,7/15/24,8.5,7/18/24,20240718_C6B_03192.jpg,3,/mnt/research-projects/j/jlgage/RawUAVData01/uavforslb/final_image/final_sliced/20240718_C6B_03192.jpg
135,C7B,2025,7/10/25,7.5,7/10/25,20250710_C7B_00135.jpg,0,/mnt/research-projects/j/jlgage/RawUAVData01/uavforslb/final_image/final_sliced/20250710_C7B_00135.jpg
1456,C7B,2025,7/10/25,5.0,7/10/25,20250710_C7B_01456.jpg,0,/mnt/research-projects/j/jlgage/RawUAVData01/uavforslb/final_image/final_sliced/20250710_C7B_01456.jpg
5448,C10,2025,7/20/25,2.0,7/21/25,20250721_C10_05448.jpg,1,/mnt/research-projects/j/jlgage/RawUAVData01/uavforslb/final_image/final_sliced/20250721_C10_05448.jpg
169,C7B,2025,6/30/25,7.0,7/1/25,20250701_C7B_00169.jpg,1,/mnt/research-projects/j/jlgage/RawUAVData01/uavforslb/final_image/final_sliced/20250701_C7B_00169.jpg
1027,C7B,2025,7/1/25,6.0,7/1/25,20250701_C7B_01027.jpg,0,/mnt/research-projects/j/jlgage/RawUAVData01/uavforslb/final_image/final_sliced/20250701_C7B_01027.jpg
5782,C10,2025,7/1/25,6.5,6/28/25,20250628_C10_05782.jpg,-3,/mnt/research-projects/j/jlgage/RawUAVData01/uavforslb/final_image/final_sliced/20250628_C10_05782.jpg
1485,C6B,2024,7/19/24,8.0,7/18/24,20240718_C6B_01485.jpg,-1,/mnt/research-projects/j/jlgage/RawUAVData01/uavforslb/final_image/final_sliced/20240718_C6B_01485.jpg
4167,C10,2025,7/7/25,7.0,7/7/25,20250707_C10_04167.jpg,0,/mnt/research-projects/j/jlgage/RawUAVData01/uavforslb/final_image/final_sliced/20250707_C10_04167.jpg
3114,C6B,2024,7/15/24,4.0,7/18/24,20240718_C6B_03114.jpg,3,/mnt/research-projects/j/jlgage/RawUAVData01/uavforslb/final_image/final_sliced/20240718_C6B_03114.jpg
2773,C6B,2024,7/30/24,3.0,8/2/24,20240802_C6B_02773.jpg,3,/mnt/research-projects/j/jlgage/RawUAVData01/uavforslb/final_image/final_sliced/20240802_C6B_02773.jpg
290,C6B,2024,7/19/24,8.5,7/18/24,20240718_C6B_00290.jpg,-1,/mnt/research-projects/j/jlgage/RawUAVData01/uavforslb/final_image/final_sliced/20240718_C6B_00290.jpg
1651,C6B,2024,7/19/24,7.5,7/18/24,20240718_C6B_01651.jpg,-1,/mnt/research-projects/j/jlgage/RawUAVData01/uavforslb/final_image/final_sliced/20240718_C6B_01651.jpg
5271,C10,2025,7/11/25,4.0,7/11/25,20250711_C10_05271.jpg,0,/mnt/research-projects/j/jlgage/RawUAVData01/uavforslb/final_image/final_sliced/20250711_C10_05271.jpg
4685,C10,2025,7/11/25,5.0,7/11/25,20250711_C10_04685.jpg,0,/mnt/research-projects/j/jlgage/RawUAVData01/uavforslb/final_image/final_sliced/20250711_C10_04685.jpg
4168,B7A,2024,7/15/24,8.5,7/16/24,20240716_B7A_04168.jpg,1,/mnt/research-projects/j/jlgage/RawUAVData01/uavforslb/final_image/final_sliced/20240716_B7A_04168.jpg
2900,C6B,2024,7/30/24,1.5,8/2/24,20240802_C6B_02900.jpg,3,/mnt/research-projects/j/jlgage/RawUAVData01/uavforslb/final_image/final_sliced/20240802_C6B_02900.jpg
5574,C10,2025,7/11/25,3.5,7/11/25,20250711_C10_05574.jpg,0,/mnt/research-projects/j/jlgage/RawUAVData01/uavforslb/final_image/final_sliced/20250711_C10_05574.jpg
2866,C7B,2025,7/8/25,7.0,7/7/25,20250707_C7B_02866.jpg,-1,/mnt/research-projects/j/jlgage/RawUAVData01/uavforslb/final_image/final_sliced/20250707_C7B_02866.jpg
2703,C7B,2025,7/13/25,7.5,7/12/25,20250712_C7B_02703.jpg,-1,/mnt/research-projects/j/jlgage/RawUAVData01/uavforslb/final_image/final_sliced/20250712_C7B_02703.jpg
2147,C6B,2024,7/29/24,2.0,7/26/24,20240726_C6B_02147.jpg,-3,/mnt/research-projects/j/jlgage/RawUAVData01/uavforslb/final_image/final_sliced/20240726_C6B_02147.jpg
1410,C7B,2025,7/1/25,6.0,7/1/25,20250701_C7B_01410.jpg,0,/mnt/research-projects/j/jlgage/RawUAVData01/uavforslb/final_image/final_sliced/20250701_C7B_01410.jpg
3388,C6B,2024,7/30/24,5.0,8/2/24,20240802_C6B_03388.jpg,3,/mnt/research-projects/j/jlgage/RawUAVData01/uavforslb/final_image/final_sliced/20240802_C6B_03388.jpg
1705,C7B,2025,7/1/25,5.0,7/1/25,20250701_C7B_01705.jpg,0,/mnt/research-projects/j/jlgage/RawUAVData01/uavforslb/final_image/final_sliced/20250701_C7B_01705.jpg
5013,C6B,2024,7/18/24,8.0,7/18/24,20240718_C6B_05013.jpg,0,/mnt/research-projects/j/jlgage/RawUAVData01/uavforslb/final_image/final_sliced/20240718_C6B_05013.jpg
3861,B7A,2024,7/15/24,7.5,7/16/24,20240716_B7A_03861.jpg,1,/mnt/research-projects/j/jlgage/RawUAVData01/uavforslb/final_image/final_sliced/20240716_B7A_03861.jpg
2725,C7B,2025,6/30/25,8.5,7/1/25,20250701_C7B_02725.jpg,1,/mnt/research-projects/j/jlgage/RawUAVData01/uavforslb/final_image/final_sliced/20250701_C7B_02725.jpg
2559,C6B,2024,7/11/24,7.5,7/10/24,20240710_C6B_02559.jpg,-1,/mnt/research-projects/j/jlgage/RawUAVData01/uavforslb/final_image/final_sliced/20240710_C6B_02559.jpg
1148,C7B,2025,7/1/25,6.0,7/1/25,20250701_C7B_01148.jpg,0,/mnt/research-projects/j/jlgage/RawUAVData01/uavforslb/final_image/final_sliced/20250701_C7B_01148.jpg
605,C7B,2025,7/18/25,3.0,7/18/25,20250718_C7B_00605.jpg,0,/mnt/research-projects/j/jlgage/RawUAVData01/uavforslb/final_image/final_sliced/20250718_C7B_00605.jpg
2535,C6B,2024,7/27/24,1.5,7/26/24,20240726_C6B_02535.jpg,-1,/mnt/research-projects/j/jlgage/RawUAVData01/uavforslb/final_image/final_sliced/20240726_C6B_02535.jpg
1169,C7B,2025,7/1/25,7.5,7/1/25,20250701_C7B_01169.jpg,0,/mnt/research-projects/j/jlgage/RawUAVData01/uavforslb/final_image/final_sliced/20250701_C7B_01169.jpg
771,C7B,2025,6/30/25,7.5,7/1/25,20250701_C7B_00771.jpg,1,/mnt/research-projects/j/jlgage/RawUAVData01/uavforslb/final_image/final_sliced/20250701_C7B_00771.jpg
2733,C6B,2024,7/30/24,1.5,8/2/24,20240802_C6B_02733.jpg,3,/mnt/research-projects/j/jlgage/RawUAVData01/uavforslb/final_image/final_sliced/20240802_C6B_02733.jpg
1751,C7B,2025,7/7/25,6.0,7/7/25,20250707_C7B_01751.jpg,0,/mnt/research-projects/j/jlgage/RawUAVData01/uavforslb/final_image/final_sliced/20250707_C7B_01751.jpg
5023,C10,2025,7/20/25,2.0,7/21/25,20250721_C10_05023.jpg,1,/mnt/research-projects/j/jlgage/RawUAVData01/uavforslb/final_image/final_sliced/20250721_C10_05023.jpg
741,C7B,2025,6/30/25,7.0,7/1/25,20250701_C7B_00741.jpg,1,/mnt/research-projects/j/jlgage/RawUAVData01/uavforslb/final_image/final_sliced/20250701_C7B_00741.jpg
4129,B7A,2024,7/15/24,8.5,7/16/24,20240716_B7A_04129.jpg,1,/mnt/research-projects/j/jlgage/RawUAVData01/uavforslb/final_image/final_sliced/20240716_B7A_04129.jpg
5702,C10,2025,7/8/25,5.0,7/7/25,20250707_C10_05702.jpg,-1,/mnt/research-projects/j/jlgage/RawUAVData01/uavforslb/final_image/final_sliced/20250707_C10_05702.jpg
1153,C6B,2024,7/19/24,7.5,7/18/24,20240718_C6B_01153.jpg,-1,/mnt/research-projects/j/jlgage/RawUAVData01/uavforslb/final_image/final_sliced/20240718_C6B_01153.jpg
5535,C10,2025,7/11/25,5.0,7/11/25,20250711_C10_05535.jpg,0,/mnt/research-projects/j/jlgage/RawUAVData01/uavforslb/final_image/final_sliced/20250711_C10_05535.jpg
5354,C10,2025,7/11/25,4.0,7/11/25,20250711_C10_05354.jpg,0,/mnt/research-projects/j/jlgage/RawUAVData01/uavforslb/final_image/final_sliced/20250711_C10_05354.jpg
953,C6B,2024,7/29/24,5.0,7/26/24,20240726_C6B_00953.jpg,-3,/mnt/research-projects/j/jlgage/RawUAVData01/uavforslb/final_image/final_sliced/20240726_C6B_00953.jpg
3561,C6B,2024,7/15/24,8.0,7/18/24,20240718_C6B_03561.jpg,3,/mnt/research-projects/j/jlgage/RawUAVData01/uavforslb/final_image/final_sliced/20240718_C6B_03561.jpg
5128,C10,2025,7/20/25,2.5,7/21/25,20250721_C10_05128.jpg,1,/mnt/research-projects/j/jlgage/RawUAVData01/uavforslb/final_image/final_sliced/20250721_C10_05128.jpg
2987,C6B,2024,7/30/24,4.0,8/2/24,20240802_C6B_02987.jpg,3,/mnt/research-projects/j/jlgage/RawUAVData01/uavforslb/final_image/final_sliced/20240802_C6B_02987.jpg
3653,C6B,2024,7/30/24,2.0,8/2/24,20240802_C6B_03653.jpg,3,/mnt/research-projects/j/jlgage/RawUAVData01/uavforslb/final_image/final_sliced/20240802_C6B_03653.jpg
5820,C10,2025,7/11/25,6.0,7/11/25,20250711_C10_05820.jpg,0,/mnt/research-projects/j/jlgage/RawUAVData01/uavforslb/final_image/final_sliced/20250711_C10_05820.jpg
2921,C6B,2024,7/30/24,1.5,8/2/24,20240802_C6B_02921.jpg,3,/mnt/research-projects/j/jlgage/RawUAVData01/uavforslb/final_image/final_sliced/20240802_C6B_02921.jpg
5247,C10,2025,7/11/25,5.0,7/11/25,20250711_C10_05247.jpg,0,/mnt/research-projects/j/jlgage/RawUAVData01/uavforslb/final_image/final_sliced/20250711_C10_05247.jpg
4663,C10,2025,7/11/25,3.0,7/11/25,20250711_C10_04663.jpg,0,/mnt/research-projects/j/jlgage/RawUAVData01/uavforslb/final_image/final_sliced/20250711_C10_04663.jpg
616,C6B,2024,7/19/24,8.0,7/18/24,20240718_C6B_00616.jpg,-1,/mnt/research-projects/j/jlgage/RawUAVData01/uavforslb/final_image/final_sliced/20240718_C6B_00616.jpg
4259,B7A,2024,7/15/24,8.0,7/16/24,20240716_B7A_04259.jpg,1,/mnt/research-projects/j/jlgage/RawUAVData01/uavforslb/final_image/final_sliced/20240716_B7A_04259.jpg
914,C6B,2024,7/19/24,8.0,7/18/24,20240718_C6B_00914.jpg,-1,/mnt/research-projects/j/jlgage/RawUAVData01/uavforslb/final_image/final_sliced/20240718_C6B_00914.jpg
5644,C10,2025,7/11/25,5.5,7/11/25,20250711_C10_05644.jpg,0,/mnt/research-projects/j/jlgage/RawUAVData01/uavforslb/final_image/final_sliced/20250711_C10_05644.jpg
268,C7B,2025,7/4/25,7.0,7/4/25,20250704_C7B_00268.jpg,0,/mnt/research-projects/j/jlgage/RawUAVData01/uavforslb/final_image/final_sliced/20250704_C7B_00268.jpg
4146,C10,2025,6/30/25,6.5,6/28/25,20250628_C10_04146.jpg,-2,/mnt/research-projects/j/jlgage/RawUAVData01/uavforslb/final_image/final_sliced/20250628_C10_04146.jpg
696,C6B,2024,7/29/24,3.5,7/26/24,20240726_C6B_00696.jpg,-3,/mnt/research-projects/j/jlgage/RawUAVData01/uavforslb/final_image/final_sliced/20240726_C6B_00696.jpg
800,C6B,2024,7/29/24,4.0,7/26/24,20240726_C6B_00800.jpg,-3,/mnt/research-projects/j/jlgage/RawUAVData01/uavforslb/final_image/final_sliced/20240726_C6B_00800.jpg
2723,C6B,2024,7/30/24,3.0,8/2/24,20240802_C6B_02723.jpg,3,/mnt/research-projects/j/jlgage/RawUAVData01/uavforslb/final_image/final_sliced/20240802_C6B_02723.jpg
6773,C10,2025,7/18/25,8.0,7/18/25,20250718_C10_06773.jpg,0,/mnt/research-projects/j/jlgage/RawUAVData01/uavforslb/final_image/final_sliced/20250718_C10_06773.jpg
4672,C10,2025,7/2/25,7.0,7/4/25,20250704_C10_04672.jpg,2,/mnt/research-projects/j/jlgage/RawUAVData01/uavforslb/final_image/final_sliced/20250704_C10_04672.jpg
5522,C10,2025,7/20/25,2.0,7/21/25,20250721_C10_05522.jpg,1,/mnt/research-projects/j/jlgage/RawUAVData01/uavforslb/final_image/final_sliced/20250721_C10_05522.jpg
2593,C6B,2024,7/30/24,3.5,8/2/24,20240802_C6B_02593.jpg,3,/mnt/research-projects/j/jlgage/RawUAVData01/uavforslb/final_image/final_sliced/20240802_C6B_02593.jpg
4126,C10,2025,7/19/25,1.5,7/18/25,20250718_C10_04126.jpg,-1,/mnt/research-projects/j/jlgage/RawUAVData01/uavforslb/final_image/final_sliced/20250718_C10_04126.jpg
4004,C10,2025,7/19/25,4.5,7/18/25,20250718_C10_04004.jpg,-1,/mnt/research-projects/j/jlgage/RawUAVData01/uavforslb/final_image/final_sliced/20250718_C10_04004.jpg
4521,C10,2025,7/20/25,2.0,7/21/25,20250721_C10_04521.jpg,1,/mnt/research-projects/j/jlgage/RawUAVData01/uavforslb/final_image/final_sliced/20250721_C10_04521.jpg
1420,C7B,2025,7/1/25,7.5,7/1/25,20250701_C7B_01420.jpg,0,/mnt/research-projects/j/jlgage/RawUAVData01/uavforslb/final_image/final_sliced/20250701_C7B_01420.jpg
2527,C6B,2024,7/18/24,6.5,7/18/24,20240718_C6B_02527.jpg,0,/mnt/research-projects/j/jlgage/RawUAVData01/uavforslb/final_image/final_sliced/20240718_C6B_02527.jpg
1566,C6B,2024,7/29/24,3.0,7/26/24,20240726_C6B_01566.jpg,-3,/mnt/research-projects/j/jlgage/RawUAVData01/uavforslb/final_image/final_sliced/20240726_C6B_01566.jpg
483,C6B,2024,7/29/24,5.0,7/26/24,20240726_C6B_00483.jpg,-3,/mnt/research-projects/j/jlgage/RawUAVData01/uavforslb/final_image/final_sliced/20240726_C6B_00483.jpg
1506,C6B,2024,7/19/24,8.5,7/18/24,20240718_C6B_01506.jpg,-1,/mnt/research-projects/j/jlgage/RawUAVData01/uavforslb/final_image/final_sliced/20240718_C6B_01506.jpg
5015,C6B,2024,7/1/24,8.0,7/3/24,20240703_C6B_05015.jpg,2,/mnt/research-projects/j/jlgage/RawUAVData01/uavforslb/final_image/final_sliced/20240703_C6B_05015.jpg
5126,C10,2025,7/2/25,6.0,7/4/25,20250704_C10_05126.jpg,2,/mnt/research-projects/j/jlgage/RawUAVData01/uavforslb/final_image/final_sliced/20250704_C10_05126.jpg
4910,C10,2025,7/11/25,5.0,7/11/25,20250711_C10_04910.jpg,0,/mnt/research-projects/j/jlgage/RawUAVData01/uavforslb/final_image/final_sliced/20250711_C10_04910.jpg
3808,C6B,2024,7/15/24,8.0,7/18/24,20240718_C6B_03808.jpg,3,/mnt/research-projects/j/jlgage/RawUAVData01/uavforslb/final_image/final_sliced/20240718_C6B_03808.jpg
2809,C6B,2024,7/30/24,1.5,8/2/24,20240802_C6B_02809.jpg,3,/mnt/research-projects/j/jlgage/RawUAVData01/uavforslb/final_image/final_sliced/20240802_C6B_02809.jpg
4163,B7A,2024,7/30/24,2.0,7/27/24,20240727_B7A_04163.jpg,-3,/mnt/research-projects/j/jlgage/RawUAVData01/uavforslb/final_image/final_sliced/20240727_B7A_04163.jpg
961,C7B,2025,7/1/25,8.0,7/1/25,20250701_C7B_00961.jpg,0,/mnt/research-projects/j/jlgage/RawUAVData01/uavforslb/final_image/final_sliced/20250701_C7B_00961.jpg
2128,C6B,2024,7/19/24,6.0,7/18/24,20240718_C6B_02128.jpg,-1,/mnt/research-projects/j/jlgage/RawUAVData01/uavforslb/final_image/final_sliced/20240718_C6B_02128.jpg
5956,C10,2025,7/8/25,4.0,7/7/25,20250707_C10_05956.jpg,-1,/mnt/research-projects/j/jlgage/RawUAVData01/uavforslb/final_image/final_sliced/20250707_C10_05956.jpg
4348,C10,2025,6/30/25,5.5,6/28/25,20250628_C10_04348.jpg,-2,/mnt/research-projects/j/jlgage/RawUAVData01/uavforslb/final_image/final_sliced/20250628_C10_04348.jpg
2775,C7B,2025,7/13/25,7.5,7/12/25,20250712_C7B_02775.jpg,-1,/mnt/research-projects/j/jlgage/RawUAVData01/uavforslb/final_image/final_sliced/20250712_C7B_02775.jpg
4588,B7A,2024,7/30/24,1.5,7/27/24,20240727_B7A_04588.jpg,-3,/mnt/research-projects/j/jlgage/RawUAVData01/uavforslb/final_image/final_sliced/20240727_B7A_04588.jpg
4124,B7A,2024,7/30/24,1.5,7/27/24,20240727_B7A_04124.jpg,-3,/mnt/research-projects/j/jlgage/RawUAVData01/uavforslb/final_image/final_sliced/20240727_B7A_04124.jpg
6015,C10,2025,7/19/25,7.0,7/18/25,20250718_C10_06015.jpg,-1,/mnt/research-projects/j/jlgage/RawUAVData01/uavforslb/final_image/final_sliced/20250718_C10_06015.jpg
3163,C6B,2024,7/30/24,3.0,8/2/24,20240802_C6B_03163.jpg,3,/mnt/research-projects/j/jlgage/RawUAVData01/uavforslb/final_image/final_sliced/20240802_C6B_03163.jpg
1657,C7B,2025,7/18/25,4.5,7/18/25,20250718_C7B_01657.jpg,0,/mnt/research-projects/j/jlgage/RawUAVData01/uavforslb/final_image/final_sliced/20250718_C7B_01657.jpg
173,C6B,2024,7/19/24,8.0,7/18/24,20240718_C6B_00173.jpg,-1,/mnt/research-projects/j/jlgage/RawUAVData01/uavforslb/final_image/final_sliced/20240718_C6B_00173.jpg
1892,C7B,2025,7/19/25,5.0,7/18/25,20250718_C7B_01892.jpg,-1,/mnt/research-projects/j/jlgage/RawUAVData01/uavforslb/final_image/final_sliced/20250718_C7B_01892.jpg
1248,C7B,2025,7/1/25,5.5,7/1/25,20250701_C7B_01248.jpg,0,/mnt/research-projects/j/jlgage/RawUAVData01/uavforslb/final_image/final_sliced/20250701_C7B_01248.jpg
5105,C10,2025,7/2/25,5.0,7/4/25,20250704_C10_05105.jpg,2,/mnt/research-projects/j/jlgage/RawUAVData01/uavforslb/final_image/final_sliced/20250704_C10_05105.jpg
1954,C7B,2025,7/1/25,7.0,7/1/25,20250701_C7B_01954.jpg,0,/mnt/research-projects/j/jlgage/RawUAVData01/uavforslb/final_image/final_sliced/20250701_C7B_01954.jpg
6777,C10,2025,7/3/25,7.5,7/4/25,20250704_C10_06777.jpg,1,/mnt/research-projects/j/jlgage/RawUAVData01/uavforslb/final_image/final_sliced/20250704_C10_06777.jpg
4963,C10,2025,7/11/25,4.0,7/11/25,20250711_C10_04963.jpg,0,/mnt/research-projects/j/jlgage/RawUAVData01/uavforslb/final_image/final_sliced/20250711_C10_04963.jpg
2716,C7B,2025,6/30/25,8.0,7/1/25,20250701_C7B_02716.jpg,1,/mnt/research-projects/j/jlgage/RawUAVData01/uavforslb/final_image/final_sliced/20250701_C7B_02716.jpg
5059,C6B,2024,7/18/24,5.0,7/18/24,20240718_C6B_05059.jpg,0,/mnt/research-projects/j/jlgage/RawUAVData01/uavforslb/final_image/final_sliced/20240718_C6B_05059.jpg
3817,C6B,2024,7/15/24,8.0,7/18/24,20240718_C6B_03817.jpg,3,/mnt/research-projects/j/jlgage/RawUAVData01/uavforslb/final_image/final_sliced/20240718_C6B_03817.jpg
203,C7B,2025,6/30/25,6.0,7/1/25,20250701_C7B_00203.jpg,1,/mnt/research-projects/j/jlgage/RawUAVData01/uavforslb/final_image/final_sliced/20250701_C7B_00203.jpg
4184,C10,2025,7/11/25,5.5,7/11/25,20250711_C10_04184.jpg,0,/mnt/research-projects/j/jlgage/RawUAVData01/uavforslb/final_image/final_sliced/20250711_C10_04184.jpg
4502,C10,2025,7/11/25,7.0,7/11/25,20250711_C10_04502.jpg,0,/mnt/research-projects/j/jlgage/RawUAVData01/uavforslb/final_image/final_sliced/20250711_C10_04502.jpg
3515,C6B,2024,7/15/24,8.5,7/18/24,20240718_C6B_03515.jpg,3,/mnt/research-projects/j/jlgage/RawUAVData01/uavforslb/final_image/final_sliced/20240718_C6B_03515.jpg
1395,C6B,2024,7/19/24,7.5,7/18/24,20240718_C6B_01395.jpg,-1,/mnt/research-projects/j/jlgage/RawUAVData01/uavforslb/final_image/final_sliced/20240718_C6B_01395.jpg
3896,B7A,2024,7/15/24,8.5,7/16/24,20240716_B7A_03896.jpg,1,/mnt/research-projects/j/jlgage/RawUAVData01/uavforslb/final_image/final_sliced/20240716_B7A_03896.jpg
5511,B7A,2024,7/18/24,7.0,7/16/24,20240716_B7A_05511.jpg,-2,/mnt/research-projects/j/jlgage/RawUAVData01/uavforslb/final_image/final_sliced/20240716_B7A_05511.jpg
828,C6B,2024,7/19/24,8.0,7/18/24,20240718_C6B_00828.jpg,-1,/mnt/research-projects/j/jlgage/RawUAVData01/uavforslb/final_image/final_sliced/20240718_C6B_00828.jpg
1985,C7B,2025,7/1/25,5.5,7/1/25,20250701_C7B_01985.jpg,0,/mnt/research-projects/j/jlgage/RawUAVData01/uavforslb/final_image/final_sliced/20250701_C7B_01985.jpg
4181,B7A,2024,7/15/24,8.5,7/16/24,20240716_B7A_04181.jpg,1,/mnt/research-projects/j/jlgage/RawUAVData01/uavforslb/final_image/final_sliced/20240716_B7A_04181.jpg
1570,C6B,2024,7/19/24,8.0,7/18/24,20240718_C6B_01570.jpg,-1,/mnt/research-projects/j/jlgage/RawUAVData01/uavforslb/final_image/final_sliced/20240718_C6B_01570.jpg
4840,C10,2025,7/11/25,5.0,7/11/25,20250711_C10_04840.jpg,0,/mnt/research-projects/j/jlgage/RawUAVData01/uavforslb/final_image/final_sliced/20250711_C10_04840.jpg
6672,C10,2025,7/18/25,7.5,7/18/25,20250718_C10_06672.jpg,0,/mnt/research-projects/j/jlgage/RawUAVData01/uavforslb/final_image/final_sliced/20250718_C10_06672.jpg
1827,C7B,2025,7/1/25,7.5,7/1/25,20250701_C7B_01827.jpg,0,/mnt/research-projects/j/jlgage/RawUAVData01/uavforslb/final_image/final_sliced/20250701_C7B_01827.jpg
5367,C10,2025,7/20/25,4.0,7/21/25,20250721_C10_05367.jpg,1,/mnt/research-projects/j/jlgage/RawUAVData01/uavforslb/final_image/final_sliced/20250721_C10_05367.jpg
964,C7B,2025,7/1/25,7.5,7/1/25,20250701_C7B_00964.jpg,0,/mnt/research-projects/j/jlgage/RawUAVData01/uavforslb/final_image/final_sliced/20250701_C7B_00964.jpg
5008,C10,2025,7/20/25,2.0,7/21/25,20250721_C10_05008.jpg,1,/mnt/research-projects/j/jlgage/RawUAVData01/uavforslb/final_image/final_sliced/20250721_C10_05008.jpg
2912,C6B,2024,7/15/24,7.0,7/18/24,20240718_C6B_02912.jpg,3,/mnt/research-projects/j/jlgage/RawUAVData01/uavforslb/final_image/final_sliced/20240718_C6B_02912.jpg
4647,B7A,2024,7/30/24,5.0,7/27/24,20240727_B7A_04647.jpg,-3,/mnt/research-projects/j/jlgage/RawUAVData01/uavforslb/final_image/final_sliced/20240727_B7A_04647.jpg
5932,C10,2025,7/8/25,7.0,7/7/25,20250707_C10_05932.jpg,-1,/mnt/research-projects/j/jlgage/RawUAVData01/uavforslb/final_image/final_sliced/20250707_C10_05932.jpg
4734,C10,2025,7/11/25,4.0,7/11/25,20250711_C10_04734.jpg,0,/mnt/research-projects/j/jlgage/RawUAVData01/uavforslb/final_image/final_sliced/20250711_C10_04734.jpg
1545,C7B,2025,7/18/25,2.0,7/18/25,20250718_C7B_01545.jpg,0,/mnt/research-projects/j/jlgage/RawUAVData01/uavforslb/final_image/final_sliced/20250718_C7B_01545.jpg
445,C6B,2024,7/29/24,7.0,7/26/24,20240726_C6B_00445.jpg,-3,/mnt/research-projects/j/jlgage/RawUAVData01/uavforslb/final_image/final_sliced/20240726_C6B_00445.jpg
4403,C10,2025,7/19/25,1.5,7/18/25,20250718_C10_04403.jpg,-1,/mnt/research-projects/j/jlgage/RawUAVData01/uavforslb/final_image/final_sliced/20250718_C10_04403.jpg
4328,B7A,2024,7/30/24,5.0,7/27/24,20240727_B7A_04328.jpg,-3,/mnt/research-projects/j/jlgage/RawUAVData01/uavforslb/final_image/final_sliced/20240727_B7A_04328.jpg
3559,C6B,2024,7/15/24,8.5,7/18/24,20240718_C6B_03559.jpg,3,/mnt/research-projects/j/jlgage/RawUAVData01/uavforslb/final_image/final_sliced/20240718_C6B_03559.jpg
1958,C6B,2024,7/29/24,2.0,7/26/24,20240726_C6B_01958.jpg,-3,/mnt/research-projects/j/jlgage/RawUAVData01/uavforslb/final_image/final_sliced/20240726_C6B_01958.jpg
664,C7B,2025,7/10/25,5.0,7/10/25,20250710_C7B_00664.jpg,0,/mnt/research-projects/j/jlgage/RawUAVData01/uavforslb/final_image/final_sliced/20250710_C7B_00664.jpg
73,C7B,2025,7/10/25,5.0,7/10/25,20250710_C7B_00073.jpg,0,/mnt/research-projects/j/jlgage/RawUAVData01/uavforslb/final_image/final_sliced/20250710_C7B_00073.jpg
2128,C6B,2024,7/29/24,2.0,7/26/24,20240726_C6B_02128.jpg,-3,/mnt/research-projects/j/jlgage/RawUAVData01/uavforslb/final_image/final_sliced/20240726_C6B_02128.jpg
4447,C10,2025,7/11/25,7.0,7/11/25,20250711_C10_04447.jpg,0,/mnt/research-projects/j/jlgage/RawUAVData01/uavforslb/final_image/final_sliced/20250711_C10_04447.jpg
4088,C10,2025,6/30/25,7.5,6/28/25,20250628_C10_04088.jpg,-2,/mnt/research-projects/j/jlgage/RawUAVData01/uavforslb/final_image/final_sliced/20250628_C10_04088.jpg
3671,C6B,2024,7/15/24,8.5,7/18/24,20240718_C6B_03671.jpg,3,/mnt/research-projects/j/jlgage/RawUAVData01/uavforslb/final_image/final_sliced/20240718_C6B_03671.jpg
4436,C10,2025,6/30/25,7.0,6/28/25,20250628_C10_04436.jpg,-2,/mnt/research-projects/j/jlgage/RawUAVData01/uavforslb/final_image/final_sliced/20250628_C10_04436.jpg
2582,C6B,2024,7/30/24,1.0,8/2/24,20240802_C6B_02582.jpg,3,/mnt/research-projects/j/jlgage/RawUAVData01/uavforslb/final_image/final_sliced/20240802_C6B_02582.jpg
683,C6B,2024,7/29/24,4.0,7/26/24,20240726_C6B_00683.jpg,-3,/mnt/research-projects/j/jlgage/RawUAVData01/uavforslb/final_image/final_sliced/20240726_C6B_00683.jpg
4168,C10,2025,6/30/25,7.5,6/28/25,20250628_C10_04168.jpg,-2,/mnt/research-projects/j/jlgage/RawUAVData01/uavforslb/final_image/final_sliced/20250628_C10_04168.jpg
1371,C7B,2025,7/1/25,6.5,7/1/25,20250701_C7B_01371.jpg,0,/mnt/research-projects/j/jlgage/RawUAVData01/uavforslb/final_image/final_sliced/20250701_C7B_01371.jpg
400,C6B,2024,7/29/24,5.0,7/26/24,20240726_C6B_00400.jpg,-3,/mnt/research-projects/j/jlgage/RawUAVData01/uavforslb/final_image/final_sliced/20240726_C6B_00400.jpg
5239,C10,2025,7/11/25,5.0,7/11/25,20250711_C10_05239.jpg,0,/mnt/research-projects/j/jlgage/RawUAVData01/uavforslb/final_image/final_sliced/20250711_C10_05239.jpg
1581,C7B,2025,7/1/25,6.5,7/1/25,20250701_C7B_01581.jpg,0,/mnt/research-projects/j/jlgage/RawUAVData01/uavforslb/final_image/final_sliced/20250701_C7B_01581.jpg
5525,B7A,2024,7/11/24,7.5,7/10/24,20240710_B7A_05525.jpg,-1,/mnt/research-projects/j/jlgage/RawUAVData01/uavforslb/final_image/final_sliced/20240710_B7A_05525.jpg
3431,C6B,2024,7/15/24,8.0,7/18/24,20240718_C6B_03431.jpg,3,/mnt/research-projects/j/jlgage/RawUAVData01/uavforslb/final_image/final_sliced/20240718_C6B_03431.jpg
4856,C10,2025,7/11/25,5.0,7/11/25,20250711_C10_04856.jpg,0,/mnt/research-projects/j/jlgage/RawUAVData01/uavforslb/final_image/final_sliced/20250711_C10_04856.jpg
4130,B7A,2024,7/30/24,5.0,7/27/24,20240727_B7A_04130.jpg,-3,/mnt/research-projects/j/jlgage/RawUAVData01/uavforslb/final_image/final_sliced/20240727_B7A_04130.jpg
4235,C10,2025,7/19/25,3.0,7/18/25,20250718_C10_04235.jpg,-1,/mnt/research-projects/j/jlgage/RawUAVData01/uavforslb/final_image/final_sliced/20250718_C10_04235.jpg
5608,C10,2025,7/11/25,4.0,7/11/25,20250711_C10_05608.jpg,0,/mnt/research-projects/j/jlgage/RawUAVData01/uavforslb/final_image/final_sliced/20250711_C10_05608.jpg
2025,C7B,2025,7/7/25,4.0,7/7/25,20250707_C7B_02025.jpg,0,/mnt/research-projects/j/jlgage/RawUAVData01/uavforslb/final_image/final_sliced/20250707_C7B_02025.jpg
2954,C6B,2024,7/15/24,8.5,7/18/24,20240718_C6B_02954.jpg,3,/mnt/research-projects/j/jlgage/RawUAVData01/uavforslb/final_image/final_sliced/20240718_C6B_02954.jpg
1025,C7B,2025,7/18/25,4.0,7/18/25,20250718_C7B_01025.jpg,0,/mnt/research-projects/j/jlgage/RawUAVData01/uavforslb/final_image/final_sliced/20250718_C7B_01025.jpg
3079,C6B,2024,7/30/24,1.5,8/2/24,20240802_C6B_03079.jpg,3,/mnt/research-projects/j/jlgage/RawUAVData01/uavforslb/final_image/final_sliced/20240802_C6B_03079.jpg
444,C6B,2024,7/19/24,8.5,7/18/24,20240718_C6B_00444.jpg,-1,/mnt/research-projects/j/jlgage/RawUAVData01/uavforslb/final_image/final_sliced/20240718_C6B_00444.jpg
6701,C10,2025,7/8/25,7.5,7/7/25,20250707_C10_06701.jpg,-1,/mnt/research-projects/j/jlgage/RawUAVData01/uavforslb/final_image/final_sliced/20250707_C10_06701.jpg
4825,C10,2025,7/11/25,4.0,7/11/25,20250711_C10_04825.jpg,0,/mnt/research-projects/j/jlgage/RawUAVData01/uavforslb/final_image/final_sliced/20250711_C10_04825.jpg
873,C6B,2024,7/19/24,8.0,7/18/24,20240718_C6B_00873.jpg,-1,/mnt/research-projects/j/jlgage/RawUAVData01/uavforslb/final_image/final_sliced/20240718_C6B_00873.jpg
3446,C6B,2024,7/15/24,8.0,7/18/24,20240718_C6B_03446.jpg,3,/mnt/research-projects/j/jlgage/RawUAVData01/uavforslb/final_image/final_sliced/20240718_C6B_03446.jpg
3734,C6B,2024,7/30/24,1.5,8/2/24,20240802_C6B_03734.jpg,3,/mnt/research-projects/j/jlgage/RawUAVData01/uavforslb/final_image/final_sliced/20240802_C6B_03734.jpg
4504,C10,2025,7/2/25,6.0,7/4/25,20250704_C10_04504.jpg,2,/mnt/research-projects/j/jlgage/RawUAVData01/uavforslb/final_image/final_sliced/20250704_C10_04504.jpg
5613,C10,2025,7/2/25,7.0,7/4/25,20250704_C10_05613.jpg,2,/mnt/research-projects/j/jlgage/RawUAVData01/uavforslb/final_image/final_sliced/20250704_C10_05613.jpg
1543,C6B,2024,7/19/24,6.0,7/18/24,20240718_C6B_01543.jpg,-1,/mnt/research-projects/j/jlgage/RawUAVData01/uavforslb/final_image/final_sliced/20240718_C6B_01543.jpg
5513,B7A,2024,7/18/24,7.5,7/16/24,20240716_B7A_05513.jpg,-2,/mnt/research-projects/j/jlgage/RawUAVData01/uavforslb/final_image/final_sliced/20240716_B7A_05513.jpg
3539,C6B,2024,7/30/24,3.0,8/2/24,20240802_C6B_03539.jpg,3,/mnt/research-projects/j/jlgage/RawUAVData01/uavforslb/final_image/final_sliced/20240802_C6B_03539.jpg
4917,C10,2025,7/11/25,4.0,7/11/25,20250711_C10_04917.jpg,0,/mnt/research-projects/j/jlgage/RawUAVData01/uavforslb/final_image/final_sliced/20250711_C10_04917.jpg
4573,B7A,2024,7/30/24,1.5,7/27/24,20240727_B7A_04573.jpg,-3,/mnt/research-projects/j/jlgage/RawUAVData01/uavforslb/final_image/final_sliced/20240727_B7A_04573.jpg
1414,C6B,2024,7/29/24,4.5,7/26/24,20240726_C6B_01414.jpg,-3,/mnt/research-projects/j/jlgage/RawUAVData01/uavforslb/final_image/final_sliced/20240726_C6B_01414.jpg
4474,B7A,2024,7/15/24,8.0,7/16/24,20240716_B7A_04474.jpg,1,/mnt/research-projects/j/jlgage/RawUAVData01/uavforslb/final_image/final_sliced/20240716_B7A_04474.jpg
2827,C7B,2025,7/18/25,7.0,7/18/25,20250718_C7B_02827.jpg,0,/mnt/research-projects/j/jlgage/RawUAVData01/uavforslb/final_image/final_sliced/20250718_C7B_02827.jpg
2990,C6B,2024,7/30/24,2.0,8/2/24,20240802_C6B_02990.jpg,3,/mnt/research-projects/j/jlgage/RawUAVData01/uavforslb/final_image/final_sliced/20240802_C6B_02990.jpg
1296,C7B,2025,7/10/25,4.5,7/10/25,20250710_C7B_01296.jpg,0,/mnt/research-projects/j/jlgage/RawUAVData01/uavforslb/final_image/final_sliced/20250710_C7B_01296.jpg
5113,C10,2025,7/2/25,6.0,7/4/25,20250704_C10_05113.jpg,2,/mnt/research-projects/j/jlgage/RawUAVData01/uavforslb/final_image/final_sliced/20250704_C10_05113.jpg
213,C6B,2024,7/19/24,6.0,7/18/24,20240718_C6B_00213.jpg,-1,/mnt/research-projects/j/jlgage/RawUAVData01/uavforslb/final_image/final_sliced/20240718_C6B_00213.jpg
788,C7B,2025,6/30/25,6.5,7/1/25,20250701_C7B_00788.jpg,1,/mnt/research-projects/j/jlgage/RawUAVData01/uavforslb/final_image/final_sliced/20250701_C7B_00788.jpg
742,C7B,2025,6/30/25,7.0,7/1/25,20250701_C7B_00742.jpg,1,/mnt/research-projects/j/jlgage/RawUAVData01/uavforslb/final_image/final_sliced/20250701_C7B_00742.jpg
1066,C7B,2025,7/1/25,7.5,7/1/25,20250701_C7B_01066.jpg,0,/mnt/research-projects/j/jlgage/RawUAVData01/uavforslb/final_image/final_sliced/20250701_C7B_01066.jpg
1543,C7B,2025,7/1/25,6.0,7/1/25,20250701_C7B_01543.jpg,0,/mnt/research-projects/j/jlgage/RawUAVData01/uavforslb/final_image/final_sliced/20250701_C7B_01543.jpg
4431,C10,2025,7/19/25,2.0,7/18/25,20250718_C10_04431.jpg,-1,/mnt/research-projects/j/jlgage/RawUAVData01/uavforslb/final_image/final_sliced/20250718_C10_04431.jpg
1360,C7B,2025,7/10/25,8.0,7/10/25,20250710_C7B_01360.jpg,0,/mnt/research-projects/j/jlgage/RawUAVData01/uavforslb/final_image/final_sliced/20250710_C7B_01360.jpg
5794,C10,2025,7/11/25,6.0,7/11/25,20250711_C10_05794.jpg,0,/mnt/research-projects/j/jlgage/RawUAVData01/uavforslb/final_image/final_sliced/20250711_C10_05794.jpg
6751,C10,2025,7/8/25,8.0,7/7/25,20250707_C10_06751.jpg,-1,/mnt/research-projects/j/jlgage/RawUAVData01/uavforslb/final_image/final_sliced/20250707_C10_06751.jpg
3722,C6B,2024,7/15/24,8.5,7/18/24,20240718_C6B_03722.jpg,3,/mnt/research-projects/j/jlgage/RawUAVData01/uavforslb/final_image/final_sliced/20240718_C6B_03722.jpg
3834,B7A,2024,7/30/24,1.0,7/27/24,20240727_B7A_03834.jpg,-3,/mnt/research-projects/j/jlgage/RawUAVData01/uavforslb/final_image/final_sliced/20240727_B7A_03834.jpg
4603,C10,2025,7/2/25,5.0,7/4/25,20250704_C10_04603.jpg,2,/mnt/research-projects/j/jlgage/RawUAVData01/uavforslb/final_image/final_sliced/20250704_C10_04603.jpg
1827,C7B,2025,7/7/25,6.0,7/7/25,20250707_C7B_01827.jpg,0,/mnt/research-projects/j/jlgage/RawUAVData01/uavforslb/final_image/final_sliced/20250707_C7B_01827.jpg
1256,C6B,2024,7/29/24,5.5,7/26/24,20240726_C6B_01256.jpg,-3,/mnt/research-projects/j/jlgage/RawUAVData01/uavforslb/final_image/final_sliced/20240726_C6B_01256.jpg
1828,C7B,2025,7/10/25,5.5,7/10/25,20250710_C7B_01828.jpg,0,/mnt/research-projects/j/jlgage/RawUAVData01/uavforslb/final_image/final_sliced/20250710_C7B_01828.jpg
4839,C10,2025,7/2/25,5.0,7/4/25,20250704_C10_04839.jpg,2,/mnt/research-projects/j/jlgage/RawUAVData01/uavforslb/final_image/final_sliced/20250704_C10_04839.jpg
497,C6B,2024,7/19/24,8.0,7/18/24,20240718_C6B_00497.jpg,-1,/mnt/research-projects/j/jlgage/RawUAVData01/uavforslb/final_image/final_sliced/20240718_C6B_00497.jpg
5406,C10,2025,7/11/25,7.0,7/11/25,20250711_C10_05406.jpg,0,/mnt/research-projects/j/jlgage/RawUAVData01/uavforslb/final_image/final_sliced/20250711_C10_05406.jpg
306,C7B,2025,7/18/25,3.0,7/18/25,20250718_C7B_00306.jpg,0,/mnt/research-projects/j/jlgage/RawUAVData01/uavforslb/final_image/final_sliced/20250718_C7B_00306.jpg
5386,C10,2025,7/20/25,1.5,7/21/25,20250721_C10_05386.jpg,1,/mnt/research-projects/j/jlgage/RawUAVData01/uavforslb/final_image/final_sliced/20250721_C10_05386.jpg
3796,C6B,2024,7/30/24,3.0,8/2/24,20240802_C6B_03796.jpg,3,/mnt/research-projects/j/jlgage/RawUAVData01/uavforslb/final_image/final_sliced/20240802_C6B_03796.jpg
3315,C6B,2024,7/15/24,8.5,7/18/24,20240718_C6B_03315.jpg,3,/mnt/research-projects/j/jlgage/RawUAVData01/uavforslb/final_image/final_sliced/20240718_C6B_03315.jpg
1168,C6B,2024,7/19/24,8.5,7/18/24,20240718_C6B_01168.jpg,-1,/mnt/research-projects/j/jlgage/RawUAVData01/uavforslb/final_image/final_sliced/20240718_C6B_01168.jpg
5752,C10,2025,7/11/25,5.0,7/11/25,20250711_C10_05752.jpg,0,/mnt/research-projects/j/jlgage/RawUAVData01/uavforslb/final_image/final_sliced/20250711_C10_05752.jpg
6686,C10,2025,7/3/25,8.0,7/4/25,20250704_C10_06686.jpg,1,/mnt/research-projects/j/jlgage/RawUAVData01/uavforslb/final_image/final_sliced/20250704_C10_06686.jpg
634,C6B,2024,7/29/24,3.0,7/26/24,20240726_C6B_00634.jpg,-3,/mnt/research-projects/j/jlgage/RawUAVData01/uavforslb/final_image/final_sliced/20240726_C6B_00634.jpg
2605,C6B,2024,7/30/24,4.0,8/2/24,20240802_C6B_02605.jpg,3,/mnt/research-projects/j/jlgage/RawUAVData01/uavforslb/final_image/final_sliced/20240802_C6B_02605.jpg
4020,C10,2025,7/7/25,7.5,7/7/25,20250707_C10_04020.jpg,0,/mnt/research-projects/j/jlgage/RawUAVData01/uavforslb/final_image/final_sliced/20250707_C10_04020.jpg
534,C7B,2025,7/10/25,6.0,7/10/25,20250710_C7B_00534.jpg,0,/mnt/research-projects/j/jlgage/RawUAVData01/uavforslb/final_image/final_sliced/20250710_C7B_00534.jpg
2725,C7B,2025,7/13/25,8.0,7/12/25,20250712_C7B_02725.jpg,-1,/mnt/research-projects/j/jlgage/RawUAVData01/uavforslb/final_image/final_sliced/20250712_C7B_02725.jpg
4526,C10,2025,7/11/25,5.0,7/11/25,20250711_C10_04526.jpg,0,/mnt/research-projects/j/jlgage/RawUAVData01/uavforslb/final_image/final_sliced/20250711_C10_04526.jpg
3060,C6B,2024,7/15/24,8.0,7/18/24,20240718_C6B_03060.jpg,3,/mnt/research-projects/j/jlgage/RawUAVData01/uavforslb/final_image/final_sliced/20240718_C6B_03060.jpg
5048,C6B,2024,7/1/24,8.0,7/3/24,20240703_C6B_05048.jpg,2,/mnt/research-projects/j/jlgage/RawUAVData01/uavforslb/final_image/final_sliced/20240703_C6B_05048.jpg
909,C7B,2025,7/18/25,3.0,7/18/25,20250718_C7B_00909.jpg,0,/mnt/research-projects/j/jlgage/RawUAVData01/uavforslb/final_image/final_sliced/20250718_C7B_00909.jpg
1807,C6B,2024,7/29/24,4.0,7/26/24,20240726_C6B_01807.jpg,-3,/mnt/research-projects/j/jlgage/RawUAVData01/uavforslb/final_image/final_sliced/20240726_C6B_01807.jpg
1549,C6B,2024,7/29/24,5.0,7/26/24,20240726_C6B_01549.jpg,-3,/mnt/research-projects/j/jlgage/RawUAVData01/uavforslb/final_image/final_sliced/20240726_C6B_01549.jpg
4640,C10,2025,7/20/25,3.5,7/21/25,20250721_C10_04640.jpg,1,/mnt/research-projects/j/jlgage/RawUAVData01/uavforslb/final_image/final_sliced/20250721_C10_04640.jpg
835,C7B,2025,7/18/25,3.0,7/18/25,20250718_C7B_00835.jpg,0,/mnt/research-projects/j/jlgage/RawUAVData01/uavforslb/final_image/final_sliced/20250718_C7B_00835.jpg
2777,C7B,2025,7/8/25,8.0,7/7/25,20250707_C7B_02777.jpg,-1,/mnt/research-projects/j/jlgage/RawUAVData01/uavforslb/final_image/final_sliced/20250707_C7B_02777.jpg
4809,C10,2025,7/20/25,2.0,7/21/25,20250721_C10_04809.jpg,1,/mnt/research-projects/j/jlgage/RawUAVData01/uavforslb/final_image/final_sliced/20250721_C10_04809.jpg
679,C7B,2025,7/18/25,1.5,7/18/25,20250718_C7B_00679.jpg,0,/mnt/research-projects/j/jlgage/RawUAVData01/uavforslb/final_image/final_sliced/20250718_C7B_00679.jpg
3785,C6B,2024,7/15/24,8.5,7/18/24,20240718_C6B_03785.jpg,3,/mnt/research-projects/j/jlgage/RawUAVData01/uavforslb/final_image/final_sliced/20240718_C6B_03785.jpg
2525,C6B,2024,7/27/24,5.0,7/26/24,20240726_C6B_02525.jpg,-1,/mnt/research-projects/j/jlgage/RawUAVData01/uavforslb/final_image/final_sliced/20240726_C6B_02525.jpg
1873,C7B,2025,7/7/25,5.5,7/7/25,20250707_C7B_01873.jpg,0,/mnt/research-projects/j/jlgage/RawUAVData01/uavforslb/final_image/final_sliced/20250707_C7B_01873.jpg
266,C7B,2025,7/18/25,8.0,7/18/25,20250718_C7B_00266.jpg,0,/mnt/research-projects/j/jlgage/RawUAVData01/uavforslb/final_image/final_sliced/20250718_C7B_00266.jpg
19,C7B,2025,6/30/25,7.5,7/1/25,20250701_C7B_00019.jpg,1,/mnt/research-projects/j/jlgage/RawUAVData01/uavforslb/final_image/final_sliced/20250701_C7B_00019.jpg
504,C7B,2025,7/10/25,5.0,7/10/25,20250710_C7B_00504.jpg,0,/mnt/research-projects/j/jlgage/RawUAVData01/uavforslb/final_image/final_sliced/20250710_C7B_00504.jpg
1853,C7B,2025,7/10/25,7.5,7/10/25,20250710_C7B_01853.jpg,0,/mnt/research-projects/j/jlgage/RawUAVData01/uavforslb/final_image/final_sliced/20250710_C7B_01853.jpg
2967,C6B,2024,7/30/24,2.5,8/2/24,20240802_C6B_02967.jpg,3,/mnt/research-projects/j/jlgage/RawUAVData01/uavforslb/final_image/final_sliced/20240802_C6B_02967.jpg
204,C7B,2025,6/30/25,6.0,7/1/25,20250701_C7B_00204.jpg,1,/mnt/research-projects/j/jlgage/RawUAVData01/uavforslb/final_image/final_sliced/20250701_C7B_00204.jpg
3322,C6B,2024,7/30/24,4.5,8/2/24,20240802_C6B_03322.jpg,3,/mnt/research-projects/j/jlgage/RawUAVData01/uavforslb/final_image/final_sliced/20240802_C6B_03322.jpg
1123,C6B,2024,7/19/24,5.5,7/18/24,20240718_C6B_01123.jpg,-1,/mnt/research-projects/j/jlgage/RawUAVData01/uavforslb/final_image/final_sliced/20240718_C6B_01123.jpg
2686,C7B,2025,7/13/25,7.0,7/12/25,20250712_C7B_02686.jpg,-1,/mnt/research-projects/j/jlgage/RawUAVData01/uavforslb/final_image/final_sliced/20250712_C7B_02686.jpg
6847,C10,2025,7/14/25,8.0,7/14/25,20250714_C10_06847.jpg,0,/mnt/research-projects/j/jlgage/RawUAVData01/uavforslb/final_image/final_sliced/20250714_C10_06847.jpg
4559,B7A,2024,7/15/24,8.5,7/16/24,20240716_B7A_04559.jpg,1,/mnt/research-projects/j/jlgage/RawUAVData01/uavforslb/final_image/final_sliced/20240716_B7A_04559.jpg
1979,C7B,2025,7/19/25,3.0,7/18/25,20250718_C7B_01979.jpg,-1,/mnt/research-projects/j/jlgage/RawUAVData01/uavforslb/final_image/final_sliced/20250718_C7B_01979.jpg
641,C6B,2024,7/19/24,5.5,7/18/24,20240718_C6B_00641.jpg,-1,/mnt/research-projects/j/jlgage/RawUAVData01/uavforslb/final_image/final_sliced/20240718_C6B_00641.jpg
141,C6B,2024,7/29/24,8.0,7/26/24,20240726_C6B_00141.jpg,-3,/mnt/research-projects/j/jlgage/RawUAVData01/uavforslb/final_image/final_sliced/20240726_C6B_00141.jpg
6688,C10,2025,7/18/25,5.5,7/18/25,20250718_C10_06688.jpg,0,/mnt/research-projects/j/jlgage/RawUAVData01/uavforslb/final_image/final_sliced/20250718_C10_06688.jpg
1335,C6B,2024,7/19/24,6.0,7/18/24,20240718_C6B_01335.jpg,-1,/mnt/research-projects/j/jlgage/RawUAVData01/uavforslb/final_image/final_sliced/20240718_C6B_01335.jpg
161,C7B,2025,7/4/25,5.0,7/4/25,20250704_C7B_00161.jpg,0,/mnt/research-projects/j/jlgage/RawUAVData01/uavforslb/final_image/final_sliced/20250704_C7B_00161.jpg
1348,C6B,2024,7/19/24,5.0,7/18/24,20240718_C6B_01348.jpg,-1,/mnt/research-projects/j/jlgage/RawUAVData01/uavforslb/final_image/final_sliced/20240718_C6B_01348.jpg
3174,C6B,2024,7/30/24,2.5,8/2/24,20240802_C6B_03174.jpg,3,/mnt/research-projects/j/jlgage/RawUAVData01/uavforslb/final_image/final_sliced/20240802_C6B_03174.jpg
4528,B7A,2024,7/15/24,6.0,7/16/24,20240716_B7A_04528.jpg,1,/mnt/research-projects/j/jlgage/RawUAVData01/uavforslb/final_image/final_sliced/20240716_B7A_04528.jpg
5246,C10,2025,7/11/25,4.0,7/11/25,20250711_C10_05246.jpg,0,/mnt/research-projects/j/jlgage/RawUAVData01/uavforslb/final_image/final_sliced/20250711_C10_05246.jpg
894,C6B,2024,7/29/24,4.0,7/26/24,20240726_C6B_00894.jpg,-3,/mnt/research-projects/j/jlgage/RawUAVData01/uavforslb/final_image/final_sliced/20240726_C6B_00894.jpg
4415,C10,2025,7/19/25,1.5,7/18/25,20250718_C10_04415.jpg,-1,/mnt/research-projects/j/jlgage/RawUAVData01/uavforslb/final_image/final_sliced/20250718_C10_04415.jpg
4794,C10,2025,7/11/25,4.0,7/11/25,20250711_C10_04794.jpg,0,/mnt/research-projects/j/jlgage/RawUAVData01/uavforslb/final_image/final_sliced/20250711_C10_04794.jpg
5237,C10,2025,7/11/25,4.0,7/11/25,20250711_C10_05237.jpg,0,/mnt/research-projects/j/jlgage/RawUAVData01/uavforslb/final_image/final_sliced/20250711_C10_05237.jpg
4596,B7A,2024,7/15/24,8.0,7/16/24,20240716_B7A_04596.jpg,1,/mnt/research-projects/j/jlgage/RawUAVData01/uavforslb/final_image/final_sliced/20240716_B7A_04596.jpg
1192,C7B,2025,7/1/25,7.5,7/1/25,20250701_C7B_01192.jpg,0,/mnt/research-projects/j/jlgage/RawUAVData01/uavforslb/final_image/final_sliced/20250701_C7B_01192.jpg
2863,C7B,2025,7/13/25,5.0,7/12/25,20250712_C7B_02863.jpg,-1,/mnt/research-projects/j/jlgage/RawUAVData01/uavforslb/final_image/final_sliced/20250712_C7B_02863.jpg
199,C6B,2024,7/29/24,7.0,7/26/24,20240726_C6B_00199.jpg,-3,/mnt/research-projects/j/jlgage/RawUAVData01/uavforslb/final_image/final_sliced/20240726_C6B_00199.jpg
2538,C6B,2024,7/1/24,8.5,7/3/24,20240703_C6B_02538.jpg,2,/mnt/research-projects/j/jlgage/RawUAVData01/uavforslb/final_image/final_sliced/20240703_C6B_02538.jpg
4388,B7A,2024,7/15/24,8.5,7/16/24,20240716_B7A_04388.jpg,1,/mnt/research-projects/j/jlgage/RawUAVData01/uavforslb/final_image/final_sliced/20240716_B7A_04388.jpg
401,C7B,2025,6/30/25,7.5,7/1/25,20250701_C7B_00401.jpg,1,/mnt/research-projects/j/jlgage/RawUAVData01/uavforslb/final_image/final_sliced/20250701_C7B_00401.jpg
428,C6B,2024,7/29/24,5.0,7/26/24,20240726_C6B_00428.jpg,-3,/mnt/research-projects/j/jlgage/RawUAVData01/uavforslb/final_image/final_sliced/20240726_C6B_00428.jpg
2670,C7B,2025,7/13/25,7.5,7/12/25,20250712_C7B_02670.jpg,-1,/mnt/research-projects/j/jlgage/RawUAVData01/uavforslb/final_image/final_sliced/20250712_C7B_02670.jpg
4296,B7A,2024,7/15/24,5.0,7/16/24,20240716_B7A_04296.jpg,1,/mnt/research-projects/j/jlgage/RawUAVData01/uavforslb/final_image/final_sliced/20240716_B7A_04296.jpg
1116,C7B,2025,7/18/25,3.0,7/18/25,20250718_C7B_01116.jpg,0,/mnt/research-projects/j/jlgage/RawUAVData01/uavforslb/final_image/final_sliced/20250718_C7B_01116.jpg
5842,C10,2025,7/11/25,4.0,7/11/25,20250711_C10_05842.jpg,0,/mnt/research-projects/j/jlgage/RawUAVData01/uavforslb/final_image/final_sliced/20250711_C10_05842.jpg
4048,B7A,2024,7/30/24,4.0,7/27/24,20240727_B7A_04048.jpg,-3,/mnt/research-projects/j/jlgage/RawUAVData01/uavforslb/final_image/final_sliced/20240727_B7A_04048.jpg
1385,C6B,2024,7/29/24,3.0,7/26/24,20240726_C6B_01385.jpg,-3,/mnt/research-projects/j/jlgage/RawUAVData01/uavforslb/final_image/final_sliced/20240726_C6B_01385.jpg
4225,B7A,2024,7/15/24,8.0,7/16/24,20240716_B7A_04225.jpg,1,/mnt/research-projects/j/jlgage/RawUAVData01/uavforslb/final_image/final_sliced/20240716_B7A_04225.jpg
1435,C6B,2024,7/19/24,8.5,7/18/24,20240718_C6B_01435.jpg,-1,/mnt/research-projects/j/jlgage/RawUAVData01/uavforslb/final_image/final_sliced/20240718_C6B_01435.jpg
4182,B7A,2024,7/15/24,8.5,7/16/24,20240716_B7A_04182.jpg,1,/mnt/research-projects/j/jlgage/RawUAVData01/uavforslb/final_image/final_sliced/20240716_B7A_04182.jpg
3342,C6B,2024,7/15/24,8.5,7/18/24,20240718_C6B_03342.jpg,3,/mnt/research-projects/j/jlgage/RawUAVData01/uavforslb/final_image/final_sliced/20240718_C6B_03342.jpg
855,C6B,2024,7/19/24,8.0,7/18/24,20240718_C6B_00855.jpg,-1,/mnt/research-projects/j/jlgage/RawUAVData01/uavforslb/final_image/final_sliced/20240718_C6B_00855.jpg
2603,C6B,2024,7/15/24,7.0,7/18/24,20240718_C6B_02603.jpg,3,/mnt/research-projects/j/jlgage/RawUAVData01/uavforslb/final_image/final_sliced/20240718_C6B_02603.jpg
4605,C10,2025,7/20/25,1.5,7/21/25,20250721_C10_04605.jpg,1,/mnt/research-projects/j/jlgage/RawUAVData01/uavforslb/final_image/final_sliced/20250721_C10_04605.jpg
2597,C6B,2024,7/30/24,3.0,8/2/24,20240802_C6B_02597.jpg,3,/mnt/research-projects/j/jlgage/RawUAVData01/uavforslb/final_image/final_sliced/20240802_C6B_02597.jpg
2054,C6B,2024,7/19/24,6.0,7/18/24,20240718_C6B_02054.jpg,-1,/mnt/research-projects/j/jlgage/RawUAVData01/uavforslb/final_image/final_sliced/20240718_C6B_02054.jpg
1606,C6B,2024,7/19/24,8.0,7/18/24,20240718_C6B_01606.jpg,-1,/mnt/research-projects/j/jlgage/RawUAVData01/uavforslb/final_image/final_sliced/20240718_C6B_01606.jpg
70,C7B,2025,6/30/25,7.0,7/1/25,20250701_C7B_00070.jpg,1,/mnt/research-projects/j/jlgage/RawUAVData01/uavforslb/final_image/final_sliced/20250701_C7B_00070.jpg
5060,C6B,2024,7/27/24,6.5,7/26/24,20240726_C6B_05060.jpg,-1,/mnt/research-projects/j/jlgage/RawUAVData01/uavforslb/final_image/final_sliced/20240726_C6B_05060.jpg
3406,C6B,2024,7/30/24,2.0,8/2/24,20240802_C6B_03406.jpg,3,/mnt/research-projects/j/jlgage/RawUAVData01/uavforslb/final_image/final_sliced/20240802_C6B_03406.jpg
3847,B7A,2024,7/15/24,5.0,7/16/24,20240716_B7A_03847.jpg,1,/mnt/research-projects/j/jlgage/RawUAVData01/uavforslb/final_image/final_sliced/20240716_B7A_03847.jpg
1090,C6B,2024,7/19/24,7.0,7/18/24,20240718_C6B_01090.jpg,-1,/mnt/research-projects/j/jlgage/RawUAVData01/uavforslb/final_image/final_sliced/20240718_C6B_01090.jpg
1768,C6B,2024,7/29/24,6.0,7/26/24,20240726_C6B_01768.jpg,-3,/mnt/research-projects/j/jlgage/RawUAVData01/uavforslb/final_image/final_sliced/20240726_C6B_01768.jpg
4638,C10,2025,7/11/25,4.0,7/11/25,20250711_C10_04638.jpg,0,/mnt/research-projects/j/jlgage/RawUAVData01/uavforslb/final_image/final_sliced/20250711_C10_04638.jpg
4358,C10,2025,7/11/25,4.0,7/11/25,20250711_C10_04358.jpg,0,/mnt/research-projects/j/jlgage/RawUAVData01/uavforslb/final_image/final_sliced/20250711_C10_04358.jpg
6725,C10,2025,7/14/25,7.0,7/14/25,20250714_C10_06725.jpg,0,/mnt/research-projects/j/jlgage/RawUAVData01/uavforslb/final_image/final_sliced/20250714_C10_06725.jpg
2875,C6B,2024,7/15/24,8.0,7/18/24,20240718_C6B_02875.jpg,3,/mnt/research-projects/j/jlgage/RawUAVData01/uavforslb/final_image/final_sliced/20240718_C6B_02875.jpg
1280,C7B,2025,7/10/25,4.5,7/10/25,20250710_C7B_01280.jpg,0,/mnt/research-projects/j/jlgage/RawUAVData01/uavforslb/final_image/final_sliced/20250710_C7B_01280.jpg
625,C6B,2024,7/19/24,8.0,7/18/24,20240718_C6B_00625.jpg,-1,/mnt/research-projects/j/jlgage/RawUAVData01/uavforslb/final_image/final_sliced/20240718_C6B_00625.jpg
5537,C10,2025,7/11/25,3.5,7/11/25,20250711_C10_05537.jpg,0,/mnt/research-projects/j/jlgage/RawUAVData01/uavforslb/final_image/final_sliced/20250711_C10_05537.jpg
2007,C7B,2025,7/10/25,7.0,7/10/25,20250710_C7B_02007.jpg,0,/mnt/research-projects/j/jlgage/RawUAVData01/uavforslb/final_image/final_sliced/20250710_C7B_02007.jpg
3592,C6B,2024,7/30/24,1.5,8/2/24,20240802_C6B_03592.jpg,3,/mnt/research-projects/j/jlgage/RawUAVData01/uavforslb/final_image/final_sliced/20240802_C6B_03592.jpg
3929,B7A,2024,7/15/24,8.5,7/16/24,20240716_B7A_03929.jpg,1,/mnt/research-projects/j/jlgage/RawUAVData01/uavforslb/final_image/final_sliced/20240716_B7A_03929.jpg
1939,C7B,2025,7/19/25,5.0,7/18/25,20250718_C7B_01939.jpg,-1,/mnt/research-projects/j/jlgage/RawUAVData01/uavforslb/final_image/final_sliced/20250718_C7B_01939.jpg
1160,C7B,2025,7/1/25,7.5,7/1/25,20250701_C7B_01160.jpg,0,/mnt/research-projects/j/jlgage/RawUAVData01/uavforslb/final_image/final_sliced/20250701_C7B_01160.jpg
6866,C10,2025,7/3/25,7.0,7/4/25,20250704_C10_06866.jpg,1,/mnt/research-projects/j/jlgage/RawUAVData01/uavforslb/final_image/final_sliced/20250704_C10_06866.jpg
802,C7B,2025,7/18/25,3.5,7/18/25,20250718_C7B_00802.jpg,0,/mnt/research-projects/j/jlgage/RawUAVData01/uavforslb/final_image/final_sliced/20250718_C7B_00802.jpg
4558,B7A,2024,7/15/24,8.0,7/16/24,20240716_B7A_04558.jpg,1,/mnt/research-projects/j/jlgage/RawUAVData01/uavforslb/final_image/final_sliced/20240716_B7A_04558.jpg
1706,C7B,2025,7/1/25,7.0,7/1/25,20250701_C7B_01706.jpg,0,/mnt/research-projects/j/jlgage/RawUAVData01/uavforslb/final_image/final_sliced/20250701_C7B_01706.jpg
4118,B7A,2024,7/30/24,3.0,7/27/24,20240727_B7A_04118.jpg,-3,/mnt/research-projects/j/jlgage/RawUAVData01/uavforslb/final_image/final_sliced/20240727_B7A_04118.jpg
5224,C10,2025,7/20/25,2.0,7/21/25,20250721_C10_05224.jpg,1,/mnt/research-projects/j/jlgage/RawUAVData01/uavforslb/final_image/final_sliced/20250721_C10_05224.jpg
654,C6B,2024,7/29/24,4.0,7/26/24,20240726_C6B_00654.jpg,-3,/mnt/research-projects/j/jlgage/RawUAVData01/uavforslb/final_image/final_sliced/20240726_C6B_00654.jpg
10,C7B,2025,7/4/25,8.0,7/4/25,20250704_C7B_00010.jpg,0,/mnt/research-projects/j/jlgage/RawUAVData01/uavforslb/final_image/final_sliced/20250704_C7B_00010.jpg
2701,C7B,2025,7/13/25,7.0,7/12/25,20250712_C7B_02701.jpg,-1,/mnt/research-projects/j/jlgage/RawUAVData01/uavforslb/final_image/final_sliced/20250712_C7B_02701.jpg
509,C6B,2024,7/19/24,8.0,7/18/24,20240718_C6B_00509.jpg,-1,/mnt/research-projects/j/jlgage/RawUAVData01/uavforslb/final_image/final_sliced/20240718_C6B_00509.jpg
1335,C7B,2025,7/10/25,6.0,7/10/25,20250710_C7B_01335.jpg,0,/mnt/research-projects/j/jlgage/RawUAVData01/uavforslb/final_image/final_sliced/20250710_C7B_01335.jpg
803,C6B,2024,7/29/24,4.0,7/26/24,20240726_C6B_00803.jpg,-3,/mnt/research-projects/j/jlgage/RawUAVData01/uavforslb/final_image/final_sliced/20240726_C6B_00803.jpg
925,C7B,2025,7/10/25,5.0,7/10/25,20250710_C7B_00925.jpg,0,/mnt/research-projects/j/jlgage/RawUAVData01/uavforslb/final_image/final_sliced/20250710_C7B_00925.jpg
6858,C10,2025,7/14/25,5.0,7/14/25,20250714_C10_06858.jpg,0,/mnt/research-projects/j/jlgage/RawUAVData01/uavforslb/final_image/final_sliced/20250714_C10_06858.jpg
3949,B7A,2024,7/15/24,8.5,7/16/24,20240716_B7A_03949.jpg,1,/mnt/research-projects/j/jlgage/RawUAVData01/uavforslb/final_image/final_sliced/20240716_B7A_03949.jpg
1946,C6B,2024,7/29/24,7.5,7/26/24,20240726_C6B_01946.jpg,-3,/mnt/research-projects/j/jlgage/RawUAVData01/uavforslb/final_image/final_sliced/20240726_C6B_01946.jpg
4954,C10,2025,7/20/25,3.0,7/21/25,20250721_C10_04954.jpg,1,/mnt/research-projects/j/jlgage/RawUAVData01/uavforslb/final_image/final_sliced/20250721_C10_04954.jpg
4415,C10,2025,7/11/25,4.0,7/11/25,20250711_C10_04415.jpg,0,/mnt/research-projects/j/jlgage/RawUAVData01/uavforslb/final_image/final_sliced/20250711_C10_04415.jpg
4019,B7A,2024,7/30/24,4.0,7/27/24,20240727_B7A_04019.jpg,-3,/mnt/research-projects/j/jlgage/RawUAVData01/uavforslb/final_image/final_sliced/20240727_B7A_04019.jpg
414,C7B,2025,7/4/25,5.0,7/4/25,20250704_C7B_00414.jpg,0,/mnt/research-projects/j/jlgage/RawUAVData01/uavforslb/final_image/final_sliced/20250704_C7B_00414.jpg
2001,C6B,2024,7/29/24,3.0,7/26/24,20240726_C6B_02001.jpg,-3,/mnt/research-projects/j/jlgage/RawUAVData01/uavforslb/final_image/final_sliced/20240726_C6B_02001.jpg
3398,C6B,2024,7/15/24,7.0,7/18/24,20240718_C6B_03398.jpg,3,/mnt/research-projects/j/jlgage/RawUAVData01/uavforslb/final_image/final_sliced/20240718_C6B_03398.jpg
880,C6B,2024,7/29/24,5.5,7/26/24,20240726_C6B_00880.jpg,-3,/mnt/research-projects/j/jlgage/RawUAVData01/uavforslb/final_image/final_sliced/20240726_C6B_00880.jpg
4342,C10,2025,6/30/25,7.5,6/28/25,20250628_C10_04342.jpg,-2,/mnt/research-projects/j/jlgage/RawUAVData01/uavforslb/final_image/final_sliced/20250628_C10_04342.jpg
3855,B7A,2024,7/15/24,8.5,7/16/24,20240716_B7A_03855.jpg,1,/mnt/research-projects/j/jlgage/RawUAVData01/uavforslb/final_image/final_sliced/20240716_B7A_03855.jpg
355,C6B,2024,7/19/24,8.5,7/18/24,20240718_C6B_00355.jpg,-1,/mnt/research-projects/j/jlgage/RawUAVData01/uavforslb/final_image/final_sliced/20240718_C6B_00355.jpg
3584,C6B,2024,7/15/24,6.5,7/18/24,20240718_C6B_03584.jpg,3,/mnt/research-projects/j/jlgage/RawUAVData01/uavforslb/final_image/final_sliced/20240718_C6B_03584.jpg
2559,C6B,2024,7/18/24,6.5,7/18/24,20240718_C6B_02559.jpg,0,/mnt/research-projects/j/jlgage/RawUAVData01/uavforslb/final_image/final_sliced/20240718_C6B_02559.jpg
3719,C6B,2024,7/30/24,2.0,8/2/24,20240802_C6B_03719.jpg,3,/mnt/research-projects/j/jlgage/RawUAVData01/uavforslb/final_image/final_sliced/20240802_C6B_03719.jpg
1895,C6B,2024,7/29/24,5.0,7/26/24,20240726_C6B_01895.jpg,-3,/mnt/research-projects/j/jlgage/RawUAVData01/uavforslb/final_image/final_sliced/20240726_C6B_01895.jpg
4043,B7A,2024,7/15/24,5.0,7/16/24,20240716_B7A_04043.jpg,1,/mnt/research-projects/j/jlgage/RawUAVData01/uavforslb/final_image/final_sliced/20240716_B7A_04043.jpg
738,C6B,2024,7/29/24,4.0,7/26/24,20240726_C6B_00738.jpg,-3,/mnt/research-projects/j/jlgage/RawUAVData01/uavforslb/final_image/final_sliced/20240726_C6B_00738.jpg
157,C7B,2025,7/10/25,5.5,7/10/25,20250710_C7B_00157.jpg,0,/mnt/research-projects/j/jlgage/RawUAVData01/uavforslb/final_image/final_sliced/20250710_C7B_00157.jpg
29,C7B,2025,7/18/25,7.0,7/18/25,20250718_C7B_00029.jpg,0,/mnt/research-projects/j/jlgage/RawUAVData01/uavforslb/final_image/final_sliced/20250718_C7B_00029.jpg
1144,C6B,2024,7/19/24,8.0,7/18/24,20240718_C6B_01144.jpg,-1,/mnt/research-projects/j/jlgage/RawUAVData01/uavforslb/final_image/final_sliced/20240718_C6B_01144.jpg
5284,C10,2025,7/11/25,4.0,7/11/25,20250711_C10_05284.jpg,0,/mnt/research-projects/j/jlgage/RawUAVData01/uavforslb/final_image/final_sliced/20250711_C10_05284.jpg
215,C7B,2025,6/30/25,7.0,7/1/25,20250701_C7B_00215.jpg,1,/mnt/research-projects/j/jlgage/RawUAVData01/uavforslb/final_image/final_sliced/20250701_C7B_00215.jpg
1523,C7B,2025,7/10/25,5.5,7/10/25,20250710_C7B_01523.jpg,0,/mnt/research-projects/j/jlgage/RawUAVData01/uavforslb/final_image/final_sliced/20250710_C7B_01523.jpg
5721,C10,2025,7/1/25,5.0,6/28/25,20250628_C10_05721.jpg,-3,/mnt/research-projects/j/jlgage/RawUAVData01/uavforslb/final_image/final_sliced/20250628_C10_05721.jpg
1554,C6B,2024,7/29/24,9.0,7/26/24,20240726_C6B_01554.jpg,-3,/mnt/research-projects/j/jlgage/RawUAVData01/uavforslb/final_image/final_sliced/20240726_C6B_01554.jpg
5557,C10,2025,7/11/25,4.0,7/11/25,20250711_C10_05557.jpg,0,/mnt/research-projects/j/jlgage/RawUAVData01/uavforslb/final_image/final_sliced/20250711_C10_05557.jpg
1584,C7B,2025,7/1/25,7.0,7/1/25,20250701_C7B_01584.jpg,0,/mnt/research-projects/j/jlgage/RawUAVData01/uavforslb/final_image/final_sliced/20250701_C7B_01584.jpg
6747,C10,2025,7/8/25,8.0,7/7/25,20250707_C10_06747.jpg,-1,/mnt/research-projects/j/jlgage/RawUAVData01/uavforslb/final_image/final_sliced/20250707_C10_06747.jpg
1459,C7B,2025,7/1/25,7.0,7/1/25,20250701_C7B_01459.jpg,0,/mnt/research-projects/j/jlgage/RawUAVData01/uavforslb/final_image/final_sliced/20250701_C7B_01459.jpg
4994,C10,2025,7/11/25,4.0,7/11/25,20250711_C10_04994.jpg,0,/mnt/research-projects/j/jlgage/RawUAVData01/uavforslb/final_image/final_sliced/20250711_C10_04994.jpg
1547,C7B,2025,7/1/25,7.5,7/1/25,20250701_C7B_01547.jpg,0,/mnt/research-projects/j/jlgage/RawUAVData01/uavforslb/final_image/final_sliced/20250701_C7B_01547.jpg
1377,C6B,2024,7/19/24,5.0,7/18/24,20240718_C6B_01377.jpg,-1,/mnt/research-projects/j/jlgage/RawUAVData01/uavforslb/final_image/final_sliced/20240718_C6B_01377.jpg
2994,C6B,2024,7/30/24,2.0,8/2/24,20240802_C6B_02994.jpg,3,/mnt/research-projects/j/jlgage/RawUAVData01/uavforslb/final_image/final_sliced/20240802_C6B_02994.jpg
879,C7B,2025,7/10/25,6.0,7/10/25,20250710_C7B_00879.jpg,0,/mnt/research-projects/j/jlgage/RawUAVData01/uavforslb/final_image/final_sliced/20250710_C7B_00879.jpg
5028,C6B,2024,7/18/24,7.5,7/18/24,20240718_C6B_05028.jpg,0,/mnt/research-projects/j/jlgage/RawUAVData01/uavforslb/final_image/final_sliced/20240718_C6B_05028.jpg
1288,C6B,2024,7/29/24,3.0,7/26/24,20240726_C6B_01288.jpg,-3,/mnt/research-projects/j/jlgage/RawUAVData01/uavforslb/final_image/final_sliced/20240726_C6B_01288.jpg
1942,C7B,2025,7/7/25,7.5,7/7/25,20250707_C7B_01942.jpg,0,/mnt/research-projects/j/jlgage/RawUAVData01/uavforslb/final_image/final_sliced/20250707_C7B_01942.jpg
1607,C6B,2024,7/29/24,4.5,7/26/24,20240726_C6B_01607.jpg,-3,/mnt/research-projects/j/jlgage/RawUAVData01/uavforslb/final_image/final_sliced/20240726_C6B_01607.jpg
5568,B7A,2024,7/27/24,4.0,7/27/24,20240727_B7A_05568.jpg,0,/mnt/research-projects/j/jlgage/RawUAVData01/uavforslb/final_image/final_sliced/20240727_B7A_05568.jpg
4721,C10,2025,7/11/25,5.0,7/11/25,20250711_C10_04721.jpg,0,/mnt/research-projects/j/jlgage/RawUAVData01/uavforslb/final_image/final_sliced/20250711_C10_04721.jpg
4790,C10,2025,7/11/25,4.0,7/11/25,20250711_C10_04790.jpg,0,/mnt/research-projects/j/jlgage/RawUAVData01/uavforslb/final_image/final_sliced/20250711_C10_04790.jpg
49,C7B,2025,6/30/25,7.0,7/1/25,20250701_C7B_00049.jpg,1,/mnt/research-projects/j/jlgage/RawUAVData01/uavforslb/final_image/final_sliced/20250701_C7B_00049.jpg
3768,C6B,2024,7/15/24,8.5,7/18/24,20240718_C6B_03768.jpg,3,/mnt/research-projects/j/jlgage/RawUAVData01/uavforslb/final_image/final_sliced/20240718_C6B_03768.jpg
3185,C6B,2024,7/15/24,8.0,7/18/24,20240718_C6B_03185.jpg,3,/mnt/research-projects/j/jlgage/RawUAVData01/uavforslb/final_image/final_sliced/20240718_C6B_03185.jpg
345,C6B,2024,7/19/24,7.5,7/18/24,20240718_C6B_00345.jpg,-1,/mnt/research-projects/j/jlgage/RawUAVData01/uavforslb/final_image/final_sliced/20240718_C6B_00345.jpg
4509,B7A,2024,7/15/24,7.0,7/16/24,20240716_B7A_04509.jpg,1,/mnt/research-projects/j/jlgage/RawUAVData01/uavforslb/final_image/final_sliced/20240716_B7A_04509.jpg
6723,C10,2025,7/3/25,8.0,7/4/25,20250704_C10_06723.jpg,1,/mnt/research-projects/j/jlgage/RawUAVData01/uavforslb/final_image/final_sliced/20250704_C10_06723.jpg
1124,C7B,2025,7/10/25,4.0,7/10/25,20250710_C7B_01124.jpg,0,/mnt/research-projects/j/jlgage/RawUAVData01/uavforslb/final_image/final_sliced/20250710_C7B_01124.jpg
254,C7B,2025,7/18/25,4.0,7/18/25,20250718_C7B_00254.jpg,0,/mnt/research-projects/j/jlgage/RawUAVData01/uavforslb/final_image/final_sliced/20250718_C7B_00254.jpg
834,C6B,2024,7/19/24,5.0,7/18/24,20240718_C6B_00834.jpg,-1,/mnt/research-projects/j/jlgage/RawUAVData01/uavforslb/final_image/final_sliced/20240718_C6B_00834.jpg
5575,C10,2025,7/2/25,6.5,7/4/25,20250704_C10_05575.jpg,2,/mnt/research-projects/j/jlgage/RawUAVData01/uavforslb/final_image/final_sliced/20250704_C10_05575.jpg
5271,C10,2025,7/2/25,5.0,7/4/25,20250704_C10_05271.jpg,2,/mnt/research-projects/j/jlgage/RawUAVData01/uavforslb/final_image/final_sliced/20250704_C10_05271.jpg
2808,C6B,2024,7/30/24,3.5,8/2/24,20240802_C6B_02808.jpg,3,/mnt/research-projects/j/jlgage/RawUAVData01/uavforslb/final_image/final_sliced/20240802_C6B_02808.jpg
1809,C7B,2025,7/10/25,4.0,7/10/25,20250710_C7B_01809.jpg,0,/mnt/research-projects/j/jlgage/RawUAVData01/uavforslb/final_image/final_sliced/20250710_C7B_01809.jpg
1892,C6B,2024,7/19/24,6.0,7/18/24,20240718_C6B_01892.jpg,-1,/mnt/research-projects/j/jlgage/RawUAVData01/uavforslb/final_image/final_sliced/20240718_C6B_01892.jpg
1062,C7B,2025,7/18/25,4.0,7/18/25,20250718_C7B_01062.jpg,0,/mnt/research-projects/j/jlgage/RawUAVData01/uavforslb/final_image/final_sliced/20250718_C7B_01062.jpg
1559,C7B,2025,7/18/25,2.0,7/18/25,20250718_C7B_01559.jpg,0,/mnt/research-projects/j/jlgage/RawUAVData01/uavforslb/final_image/final_sliced/20250718_C7B_01559.jpg
4004,B7A,2024,7/30/24,4.0,7/27/24,20240727_B7A_04004.jpg,-3,/mnt/research-projects/j/jlgage/RawUAVData01/uavforslb/final_image/final_sliced/20240727_B7A_04004.jpg
3869,B7A,2024,7/30/24,1.5,7/27/24,20240727_B7A_03869.jpg,-3,/mnt/research-projects/j/jlgage/RawUAVData01/uavforslb/final_image/final_sliced/20240727_B7A_03869.jpg
5467,C10,2025,7/2/25,6.5,7/4/25,20250704_C10_05467.jpg,2,/mnt/research-projects/j/jlgage/RawUAVData01/uavforslb/final_image/final_sliced/20250704_C10_05467.jpg
5140,C10,2025,7/2/25,5.5,7/4/25,20250704_C10_05140.jpg,2,/mnt/research-projects/j/jlgage/RawUAVData01/uavforslb/final_image/final_sliced/20250704_C10_05140.jpg
4710,C10,2025,7/2/25,8.0,7/4/25,20250704_C10_04710.jpg,2,/mnt/research-projects/j/jlgage/RawUAVData01/uavforslb/final_image/final_sliced/20250704_C10_04710.jpg
6724,C10,2025,7/3/25,7.5,7/4/25,20250704_C10_06724.jpg,1,/mnt/research-projects/j/jlgage/RawUAVData01/uavforslb/final_image/final_sliced/20250704_C10_06724.jpg
2722,C6B,2024,7/15/24,8.5,7/18/24,20240718_C6B_02722.jpg,3,/mnt/research-projects/j/jlgage/RawUAVData01/uavforslb/final_image/final_sliced/20240718_C6B_02722.jpg
4483,C10,2025,7/2/25,6.0,7/4/25,20250704_C10_04483.jpg,2,/mnt/research-projects/j/jlgage/RawUAVData01/uavforslb/final_image/final_sliced/20250704_C10_04483.jpg
447,C6B,2024,7/19/24,8.5,7/18/24,20240718_C6B_00447.jpg,-1,/mnt/research-projects/j/jlgage/RawUAVData01/uavforslb/final_image/final_sliced/20240718_C6B_00447.jpg
5047,C6B,2024,7/18/24,8.0,7/18/24,20240718_C6B_05047.jpg,0,/mnt/research-projects/j/jlgage/RawUAVData01/uavforslb/final_image/final_sliced/20240718_C6B_05047.jpg
2746,C7B,2025,7/18/25,7.5,7/18/25,20250718_C7B_02746.jpg,0,/mnt/research-projects/j/jlgage/RawUAVData01/uavforslb/final_image/final_sliced/20250718_C7B_02746.jpg
2021,C7B,2025,7/10/25,5.0,7/10/25,20250710_C7B_02021.jpg,0,/mnt/research-projects/j/jlgage/RawUAVData01/uavforslb/final_image/final_sliced/20250710_C7B_02021.jpg
3247,C6B,2024,7/30/24,3.0,8/2/24,20240802_C6B_03247.jpg,3,/mnt/research-projects/j/jlgage/RawUAVData01/uavforslb/final_image/final_sliced/20240802_C6B_03247.jpg
5247,C10,2025,7/20/25,2.0,7/21/25,20250721_C10_05247.jpg,1,/mnt/research-projects/j/jlgage/RawUAVData01/uavforslb/final_image/final_sliced/20250721_C10_05247.jpg
4328,C10,2025,7/19/25,2.0,7/18/25,20250718_C10_04328.jpg,-1,/mnt/research-projects/j/jlgage/RawUAVData01/uavforslb/final_image/final_sliced/20250718_C10_04328.jpg
1439,C6B,2024,7/29/24,4.0,7/26/24,20240726_C6B_01439.jpg,-3,/mnt/research-projects/j/jlgage/RawUAVData01/uavforslb/final_image/final_sliced/20240726_C6B_01439.jpg
2791,C6B,2024,7/15/24,5.0,7/18/24,20240718_C6B_02791.jpg,3,/mnt/research-projects/j/jlgage/RawUAVData01/uavforslb/final_image/final_sliced/20240718_C6B_02791.jpg
4652,C10,2025,7/20/25,2.5,7/21/25,20250721_C10_04652.jpg,1,/mnt/research-projects/j/jlgage/RawUAVData01/uavforslb/final_image/final_sliced/20250721_C10_04652.jpg
1432,C7B,2025,7/18/25,2.0,7/18/25,20250718_C7B_01432.jpg,0,/mnt/research-projects/j/jlgage/RawUAVData01/uavforslb/final_image/final_sliced/20250718_C7B_01432.jpg
5981,C10,2025,7/2/25,5.5,7/4/25,20250704_C10_05981.jpg,2,/mnt/research-projects/j/jlgage/RawUAVData01/uavforslb/final_image/final_sliced/20250704_C10_05981.jpg
5382,C10,2025,7/2/25,6.5,7/4/25,20250704_C10_05382.jpg,2,/mnt/research-projects/j/jlgage/RawUAVData01/uavforslb/final_image/final_sliced/20250704_C10_05382.jpg
5505,B7A,2024,7/27/24,2.0,7/27/24,20240727_B7A_05505.jpg,0,/mnt/research-projects/j/jlgage/RawUAVData01/uavforslb/final_image/final_sliced/20240727_B7A_05505.jpg
2872,C6B,2024,7/15/24,7.5,7/18/24,20240718_C6B_02872.jpg,3,/mnt/research-projects/j/jlgage/RawUAVData01/uavforslb/final_image/final_sliced/20240718_C6B_02872.jpg
5681,C10,2025,7/11/25,7.0,7/11/25,20250711_C10_05681.jpg,0,/mnt/research-projects/j/jlgage/RawUAVData01/uavforslb/final_image/final_sliced/20250711_C10_05681.jpg
2665,C7B,2025,6/30/25,7.5,7/1/25,20250701_C7B_02665.jpg,1,/mnt/research-projects/j/jlgage/RawUAVData01/uavforslb/final_image/final_sliced/20250701_C7B_02665.jpg
53,C7B,2025,7/11/25,3.0,7/10/25,20250710_C7B_00053.jpg,-1,/mnt/research-projects/j/jlgage/RawUAVData01/uavforslb/final_image/final_sliced/20250710_C7B_00053.jpg
987,C7B,2025,7/1/25,7.5,7/1/25,20250701_C7B_00987.jpg,0,/mnt/research-projects/j/jlgage/RawUAVData01/uavforslb/final_image/final_sliced/20250701_C7B_00987.jpg
4986,C10,2025,7/2/25,6.0,7/4/25,20250704_C10_04986.jpg,2,/mnt/research-projects/j/jlgage/RawUAVData01/uavforslb/final_image/final_sliced/20250704_C10_04986.jpg
5978,C10,2025,7/19/25,4.0,7/18/25,20250718_C10_05978.jpg,-1,/mnt/research-projects/j/jlgage/RawUAVData01/uavforslb/final_image/final_sliced/20250718_C10_05978.jpg
2002,C6B,2024,7/29/24,3.0,7/26/24,20240726_C6B_02002.jpg,-3,/mnt/research-projects/j/jlgage/RawUAVData01/uavforslb/final_image/final_sliced/20240726_C6B_02002.jpg
4092,C10,2025,6/30/25,7.0,6/28/25,20250628_C10_04092.jpg,-2,/mnt/research-projects/j/jlgage/RawUAVData01/uavforslb/final_image/final_sliced/20250628_C10_04092.jpg
4315,C10,2025,7/19/25,2.0,7/18/25,20250718_C10_04315.jpg,-1,/mnt/research-projects/j/jlgage/RawUAVData01/uavforslb/final_image/final_sliced/20250718_C10_04315.jpg
5051,C6B,2024,7/18/24,6.5,7/18/24,20240718_C6B_05051.jpg,0,/mnt/research-projects/j/jlgage/RawUAVData01/uavforslb/final_image/final_sliced/20240718_C6B_05051.jpg
2640,C7B,2025,7/8/25,8.0,7/7/25,20250707_C7B_02640.jpg,-1,/mnt/research-projects/j/jlgage/RawUAVData01/uavforslb/final_image/final_sliced/20250707_C7B_02640.jpg
3525,C6B,2024,7/15/24,8.0,7/18/24,20240718_C6B_03525.jpg,3,/mnt/research-projects/j/jlgage/RawUAVData01/uavforslb/final_image/final_sliced/20240718_C6B_03525.jpg
730,C6B,2024,7/29/24,5.0,7/26/24,20240726_C6B_00730.jpg,-3,/mnt/research-projects/j/jlgage/RawUAVData01/uavforslb/final_image/final_sliced/20240726_C6B_00730.jpg
1664,C6B,2024,7/19/24,8.0,7/18/24,20240718_C6B_01664.jpg,-1,/mnt/research-projects/j/jlgage/RawUAVData01/uavforslb/final_image/final_sliced/20240718_C6B_01664.jpg
5030,C10,2025,7/2/25,5.5,7/4/25,20250704_C10_05030.jpg,2,/mnt/research-projects/j/jlgage/RawUAVData01/uavforslb/final_image/final_sliced/20250704_C10_05030.jpg
1884,C7B,2025,7/19/25,2.0,7/18/25,20250718_C7B_01884.jpg,-1,/mnt/research-projects/j/jlgage/RawUAVData01/uavforslb/final_image/final_sliced/20250718_C7B_01884.jpg
4806,C10,2025,7/20/25,2.0,7/21/25,20250721_C10_04806.jpg,1,/mnt/research-projects/j/jlgage/RawUAVData01/uavforslb/final_image/final_sliced/20250721_C10_04806.jpg
613,C6B,2024,7/19/24,7.0,7/18/24,20240718_C6B_00613.jpg,-1,/mnt/research-projects/j/jlgage/RawUAVData01/uavforslb/final_image/final_sliced/20240718_C6B_00613.jpg
1937,C6B,2024,7/29/24,4.0,7/26/24,20240726_C6B_01937.jpg,-3,/mnt/research-projects/j/jlgage/RawUAVData01/uavforslb/final_image/final_sliced/20240726_C6B_01937.jpg
4212,B7A,2024,7/15/24,8.5,7/16/24,20240716_B7A_04212.jpg,1,/mnt/research-projects/j/jlgage/RawUAVData01/uavforslb/final_image/final_sliced/20240716_B7A_04212.jpg
962,C7B,2025,7/10/25,7.0,7/10/25,20250710_C7B_00962.jpg,0,/mnt/research-projects/j/jlgage/RawUAVData01/uavforslb/final_image/final_sliced/20250710_C7B_00962.jpg
4703,C10,2025,7/11/25,5.0,7/11/25,20250711_C10_04703.jpg,0,/mnt/research-projects/j/jlgage/RawUAVData01/uavforslb/final_image/final_sliced/20250711_C10_04703.jpg
1610,C7B,2025,7/10/25,5.5,7/10/25,20250710_C7B_01610.jpg,0,/mnt/research-projects/j/jlgage/RawUAVData01/uavforslb/final_image/final_sliced/20250710_C7B_01610.jpg
1571,C6B,2024,7/19/24,6.0,7/18/24,20240718_C6B_01571.jpg,-1,/mnt/research-projects/j/jlgage/RawUAVData01/uavforslb/final_image/final_sliced/20240718_C6B_01571.jpg
3211,C6B,2024,7/15/24,8.5,7/18/24,20240718_C6B_03211.jpg,3,/mnt/research-projects/j/jlgage/RawUAVData01/uavforslb/final_image/final_sliced/20240718_C6B_03211.jpg
1017,C7B,2025,7/18/25,2.5,7/18/25,20250718_C7B_01017.jpg,0,/mnt/research-projects/j/jlgage/RawUAVData01/uavforslb/final_image/final_sliced/20250718_C7B_01017.jpg
3695,C6B,2024,7/30/24,4.0,8/2/24,20240802_C6B_03695.jpg,3,/mnt/research-projects/j/jlgage/RawUAVData01/uavforslb/final_image/final_sliced/20240802_C6B_03695.jpg
2818,C6B,2024,7/30/24,3.0,8/2/24,20240802_C6B_02818.jpg,3,/mnt/research-projects/j/jlgage/RawUAVData01/uavforslb/final_image/final_sliced/20240802_C6B_02818.jpg
4986,C10,2025,7/20/25,2.0,7/21/25,20250721_C10_04986.jpg,1,/mnt/research-projects/j/jlgage/RawUAVData01/uavforslb/final_image/final_sliced/20250721_C10_04986.jpg
1451,C6B,2024,7/29/24,5.0,7/26/24,20240726_C6B_01451.jpg,-3,/mnt/research-projects/j/jlgage/RawUAVData01/uavforslb/final_image/final_sliced/20240726_C6B_01451.jpg
2788,C6B,2024,7/30/24,1.5,8/2/24,20240802_C6B_02788.jpg,3,/mnt/research-projects/j/jlgage/RawUAVData01/uavforslb/final_image/final_sliced/20240802_C6B_02788.jpg
1985,C6B,2024,7/29/24,1.5,7/26/24,20240726_C6B_01985.jpg,-3,/mnt/research-projects/j/jlgage/RawUAVData01/uavforslb/final_image/final_sliced/20240726_C6B_01985.jpg
4248,C10,2025,7/19/25,2.0,7/18/25,20250718_C10_04248.jpg,-1,/mnt/research-projects/j/jlgage/RawUAVData01/uavforslb/final_image/final_sliced/20250718_C10_04248.jpg
1955,C6B,2024,7/29/24,3.5,7/26/24,20240726_C6B_01955.jpg,-3,/mnt/research-projects/j/jlgage/RawUAVData01/uavforslb/final_image/final_sliced/20240726_C6B_01955.jpg
796,C6B,2024,7/19/24,8.5,7/18/24,20240718_C6B_00796.jpg,-1,/mnt/research-projects/j/jlgage/RawUAVData01/uavforslb/final_image/final_sliced/20240718_C6B_00796.jpg
3917,B7A,2024,7/30/24,4.0,7/27/24,20240727_B7A_03917.jpg,-3,/mnt/research-projects/j/jlgage/RawUAVData01/uavforslb/final_image/final_sliced/20240727_B7A_03917.jpg
4479,B7A,2024,7/15/24,8.5,7/16/24,20240716_B7A_04479.jpg,1,/mnt/research-projects/j/jlgage/RawUAVData01/uavforslb/final_image/final_sliced/20240716_B7A_04479.jpg
1945,C7B,2025,7/19/25,3.5,7/18/25,20250718_C7B_01945.jpg,-1,/mnt/research-projects/j/jlgage/RawUAVData01/uavforslb/final_image/final_sliced/20250718_C7B_01945.jpg
1944,C7B,2025,7/7/25,3.5,7/7/25,20250707_C7B_01944.jpg,0,/mnt/research-projects/j/jlgage/RawUAVData01/uavforslb/final_image/final_sliced/20250707_C7B_01944.jpg
2941,C6B,2024,7/15/24,7.5,7/18/24,20240718_C6B_02941.jpg,3,/mnt/research-projects/j/jlgage/RawUAVData01/uavforslb/final_image/final_sliced/20240718_C6B_02941.jpg
4791,C10,2025,7/2/25,7.0,7/4/25,20250704_C10_04791.jpg,2,/mnt/research-projects/j/jlgage/RawUAVData01/uavforslb/final_image/final_sliced/20250704_C10_04791.jpg
450,C7B,2025,6/30/25,6.5,7/1/25,20250701_C7B_00450.jpg,1,/mnt/research-projects/j/jlgage/RawUAVData01/uavforslb/final_image/final_sliced/20250701_C7B_00450.jpg
2747,C7B,2025,7/13/25,8.0,7/12/25,20250712_C7B_02747.jpg,-1,/mnt/research-projects/j/jlgage/RawUAVData01/uavforslb/final_image/final_sliced/20250712_C7B_02747.jpg
767,C6B,2024,7/19/24,8.0,7/18/24,20240718_C6B_00767.jpg,-1,/mnt/research-projects/j/jlgage/RawUAVData01/uavforslb/final_image/final_sliced/20240718_C6B_00767.jpg
4945,C10,2025,7/11/25,6.0,7/11/25,20250711_C10_04945.jpg,0,/mnt/research-projects/j/jlgage/RawUAVData01/uavforslb/final_image/final_sliced/20250711_C10_04945.jpg
1083,C7B,2025,7/18/25,3.0,7/18/25,20250718_C7B_01083.jpg,0,/mnt/research-projects/j/jlgage/RawUAVData01/uavforslb/final_image/final_sliced/20250718_C7B_01083.jpg
3192,C6B,2024,7/30/24,7.0,8/2/24,20240802_C6B_03192.jpg,3,/mnt/research-projects/j/jlgage/RawUAVData01/uavforslb/final_image/final_sliced/20240802_C6B_03192.jpg
613,C6B,2024,7/29/24,4.0,7/26/24,20240726_C6B_00613.jpg,-3,/mnt/research-projects/j/jlgage/RawUAVData01/uavforslb/final_image/final_sliced/20240726_C6B_00613.jpg
1113,C7B,2025,7/1/25,6.0,7/1/25,20250701_C7B_01113.jpg,0,/mnt/research-projects/j/jlgage/RawUAVData01/uavforslb/final_image/final_sliced/20250701_C7B_01113.jpg
1134,C6B,2024,7/29/24,4.0,7/26/24,20240726_C6B_01134.jpg,-3,/mnt/research-projects/j/jlgage/RawUAVData01/uavforslb/final_image/final_sliced/20240726_C6B_01134.jpg
5997,C10,2025,7/2/25,6.5,7/4/25,20250704_C10_05997.jpg,2,/mnt/research-projects/j/jlgage/RawUAVData01/uavforslb/final_image/final_sliced/20250704_C10_05997.jpg
356,C6B,2024,7/29/24,5.0,7/26/24,20240726_C6B_00356.jpg,-3,/mnt/research-projects/j/jlgage/RawUAVData01/uavforslb/final_image/final_sliced/20240726_C6B_00356.jpg
4023,B7A,2024,7/30/24,1.5,7/27/24,20240727_B7A_04023.jpg,-3,/mnt/research-projects/j/jlgage/RawUAVData01/uavforslb/final_image/final_sliced/20240727_B7A_04023.jpg
1589,C7B,2025,7/10/25,7.5,7/10/25,20250710_C7B_01589.jpg,0,/mnt/research-projects/j/jlgage/RawUAVData01/uavforslb/final_image/final_sliced/20250710_C7B_01589.jpg
1419,C7B,2025,7/18/25,3.0,7/18/25,20250718_C7B_01419.jpg,0,/mnt/research-projects/j/jlgage/RawUAVData01/uavforslb/final_image/final_sliced/20250718_C7B_01419.jpg
2868,C7B,2025,6/30/25,8.5,7/1/25,20250701_C7B_02868.jpg,1,/mnt/research-projects/j/jlgage/RawUAVData01/uavforslb/final_image/final_sliced/20250701_C7B_02868.jpg
1735,C6B,2024,7/19/24,8.5,7/18/24,20240718_C6B_01735.jpg,-1,/mnt/research-projects/j/jlgage/RawUAVData01/uavforslb/final_image/final_sliced/20240718_C6B_01735.jpg
5535,C10,2025,7/2/25,6.0,7/4/25,20250704_C10_05535.jpg,2,/mnt/research-projects/j/jlgage/RawUAVData01/uavforslb/final_image/final_sliced/20250704_C10_05535.jpg
915,C7B,2025,7/1/25,6.0,7/1/25,20250701_C7B_00915.jpg,0,/mnt/research-projects/j/jlgage/RawUAVData01/uavforslb/final_image/final_sliced/20250701_C7B_00915.jpg
566,C6B,2024,7/29/24,5.0,7/26/24,20240726_C6B_00566.jpg,-3,/mnt/research-projects/j/jlgage/RawUAVData01/uavforslb/final_image/final_sliced/20240726_C6B_00566.jpg
3733,C6B,2024,7/15/24,8.5,7/18/24,20240718_C6B_03733.jpg,3,/mnt/research-projects/j/jlgage/RawUAVData01/uavforslb/final_image/final_sliced/20240718_C6B_03733.jpg
4540,B7A,2024,7/15/24,8.5,7/16/24,20240716_B7A_04540.jpg,1,/mnt/research-projects/j/jlgage/RawUAVData01/uavforslb/final_image/final_sliced/20240716_B7A_04540.jpg
2976,C6B,2024,7/15/24,8.0,7/18/24,20240718_C6B_02976.jpg,3,/mnt/research-projects/j/jlgage/RawUAVData01/uavforslb/final_image/final_sliced/20240718_C6B_02976.jpg
201,C7B,2025,7/18/25,5.0,7/18/25,20250718_C7B_00201.jpg,0,/mnt/research-projects/j/jlgage/RawUAVData01/uavforslb/final_image/final_sliced/20250718_C7B_00201.jpg
1535,C6B,2024,7/19/24,4.5,7/18/24,20240718_C6B_01535.jpg,-1,/mnt/research-projects/j/jlgage/RawUAVData01/uavforslb/final_image/final_sliced/20240718_C6B_01535.jpg
1888,C7B,2025,7/1/25,6.0,7/1/25,20250701_C7B_01888.jpg,0,/mnt/research-projects/j/jlgage/RawUAVData01/uavforslb/final_image/final_sliced/20250701_C7B_01888.jpg
4109,B7A,2024,7/30/24,1.5,7/27/24,20240727_B7A_04109.jpg,-3,/mnt/research-projects/j/jlgage/RawUAVData01/uavforslb/final_image/final_sliced/20240727_B7A_04109.jpg
228,C7B,2025,7/18/25,3.0,7/18/25,20250718_C7B_00228.jpg,0,/mnt/research-projects/j/jlgage/RawUAVData01/uavforslb/final_image/final_sliced/20250718_C7B_00228.jpg
1786,C7B,2025,7/19/25,4.0,7/18/25,20250718_C7B_01786.jpg,-1,/mnt/research-projects/j/jlgage/RawUAVData01/uavforslb/final_image/final_sliced/20250718_C7B_01786.jpg
4529,B7A,2024,7/30/24,4.0,7/27/24,20240727_B7A_04529.jpg,-3,/mnt/research-projects/j/jlgage/RawUAVData01/uavforslb/final_image/final_sliced/20240727_B7A_04529.jpg
4091,B7A,2024,7/30/24,1.5,7/27/24,20240727_B7A_04091.jpg,-3,/mnt/research-projects/j/jlgage/RawUAVData01/uavforslb/final_image/final_sliced/20240727_B7A_04091.jpg
1390,C6B,2024,7/19/24,8.5,7/18/24,20240718_C6B_01390.jpg,-1,/mnt/research-projects/j/jlgage/RawUAVData01/uavforslb/final_image/final_sliced/20240718_C6B_01390.jpg
3057,C6B,2024,7/15/24,7.0,7/18/24,20240718_C6B_03057.jpg,3,/mnt/research-projects/j/jlgage/RawUAVData01/uavforslb/final_image/final_sliced/20240718_C6B_03057.jpg
5213,C10,2025,7/11/25,5.0,7/11/25,20250711_C10_05213.jpg,0,/mnt/research-projects/j/jlgage/RawUAVData01/uavforslb/final_image/final_sliced/20250711_C10_05213.jpg
3757,C6B,2024,7/15/24,8.0,7/18/24,20240718_C6B_03757.jpg,3,/mnt/research-projects/j/jlgage/RawUAVData01/uavforslb/final_image/final_sliced/20240718_C6B_03757.jpg
3628,C6B,2024,7/30/24,4.0,8/2/24,20240802_C6B_03628.jpg,3,/mnt/research-projects/j/jlgage/RawUAVData01/uavforslb/final_image/final_sliced/20240802_C6B_03628.jpg
5462,C10,2025,7/11/25,4.0,7/11/25,20250711_C10_05462.jpg,0,/mnt/research-projects/j/jlgage/RawUAVData01/uavforslb/final_image/final_sliced/20250711_C10_05462.jpg
2521,C6B,2024,7/18/24,5.0,7/18/24,20240718_C6B_02521.jpg,0,/mnt/research-projects/j/jlgage/RawUAVData01/uavforslb/final_image/final_sliced/20240718_C6B_02521.jpg
861,C6B,2024,7/29/24,3.0,7/26/24,20240726_C6B_00861.jpg,-3,/mnt/research-projects/j/jlgage/RawUAVData01/uavforslb/final_image/final_sliced/20240726_C6B_00861.jpg
2760,C6B,2024,7/30/24,1.5,8/2/24,20240802_C6B_02760.jpg,3,/mnt/research-projects/j/jlgage/RawUAVData01/uavforslb/final_image/final_sliced/20240802_C6B_02760.jpg
5053,C6B,2024,7/11/24,9.0,7/10/24,20240710_C6B_05053.jpg,-1,/mnt/research-projects/j/jlgage/RawUAVData01/uavforslb/final_image/final_sliced/20240710_C6B_05053.jpg
4973,C10,2025,7/20/25,2.0,7/21/25,20250721_C10_04973.jpg,1,/mnt/research-projects/j/jlgage/RawUAVData01/uavforslb/final_image/final_sliced/20250721_C10_04973.jpg
296,C6B,2024,7/19/24,7.5,7/18/24,20240718_C6B_00296.jpg,-1,/mnt/research-projects/j/jlgage/RawUAVData01/uavforslb/final_image/final_sliced/20240718_C6B_00296.jpg
3714,C6B,2024,7/30/24,3.0,8/2/24,20240802_C6B_03714.jpg,3,/mnt/research-projects/j/jlgage/RawUAVData01/uavforslb/final_image/final_sliced/20240802_C6B_03714.jpg
2872,C7B,2025,7/18/25,2.0,7/18/25,20250718_C7B_02872.jpg,0,/mnt/research-projects/j/jlgage/RawUAVData01/uavforslb/final_image/final_sliced/20250718_C7B_02872.jpg
5829,C10,2025,7/8/25,4.5,7/7/25,20250707_C10_05829.jpg,-1,/mnt/research-projects/j/jlgage/RawUAVData01/uavforslb/final_image/final_sliced/20250707_C10_05829.jpg
1615,C7B,2025,7/1/25,7.5,7/1/25,20250701_C7B_01615.jpg,0,/mnt/research-projects/j/jlgage/RawUAVData01/uavforslb/final_image/final_sliced/20250701_C7B_01615.jpg
5353,C10,2025,7/11/25,4.0,7/11/25,20250711_C10_05353.jpg,0,/mnt/research-projects/j/jlgage/RawUAVData01/uavforslb/final_image/final_sliced/20250711_C10_05353.jpg
1212,C7B,2025,7/1/25,6.0,7/1/25,20250701_C7B_01212.jpg,0,/mnt/research-projects/j/jlgage/RawUAVData01/uavforslb/final_image/final_sliced/20250701_C7B_01212.jpg
292,C7B,2025,7/10/25,5.0,7/10/25,20250710_C7B_00292.jpg,0,/mnt/research-projects/j/jlgage/RawUAVData01/uavforslb/final_image/final_sliced/20250710_C7B_00292.jpg
3579,C6B,2024,7/30/24,4.0,8/2/24,20240802_C6B_03579.jpg,3,/mnt/research-projects/j/jlgage/RawUAVData01/uavforslb/final_image/final_sliced/20240802_C6B_03579.jpg
4483,B7A,2024,7/15/24,8.5,7/16/24,20240716_B7A_04483.jpg,1,/mnt/research-projects/j/jlgage/RawUAVData01/uavforslb/final_image/final_sliced/20240716_B7A_04483.jpg
1732,C6B,2024,7/29/24,4.0,7/26/24,20240726_C6B_01732.jpg,-3,/mnt/research-projects/j/jlgage/RawUAVData01/uavforslb/final_image/final_sliced/20240726_C6B_01732.jpg
4705,C10,2025,7/11/25,3.0,7/11/25,20250711_C10_04705.jpg,0,/mnt/research-projects/j/jlgage/RawUAVData01/uavforslb/final_image/final_sliced/20250711_C10_04705.jpg
4731,C10,2025,7/2/25,6.5,7/4/25,20250704_C10_04731.jpg,2,/mnt/research-projects/j/jlgage/RawUAVData01/uavforslb/final_image/final_sliced/20250704_C10_04731.jpg
1674,C7B,2025,7/10/25,4.0,7/10/25,20250710_C7B_01674.jpg,0,/mnt/research-projects/j/jlgage/RawUAVData01/uavforslb/final_image/final_sliced/20250710_C7B_01674.jpg
4028,C10,2025,7/11/25,7.0,7/11/25,20250711_C10_04028.jpg,0,/mnt/research-projects/j/jlgage/RawUAVData01/uavforslb/final_image/final_sliced/20250711_C10_04028.jpg
4321,B7A,2024,7/30/24,1.5,7/27/24,20240727_B7A_04321.jpg,-3,/mnt/research-projects/j/jlgage/RawUAVData01/uavforslb/final_image/final_sliced/20240727_B7A_04321.jpg
4258,C10,2025,7/19/25,6.0,7/18/25,20250718_C10_04258.jpg,-1,/mnt/research-projects/j/jlgage/RawUAVData01/uavforslb/final_image/final_sliced/20250718_C10_04258.jpg
3483,C6B,2024,7/30/24,4.0,8/2/24,20240802_C6B_03483.jpg,3,/mnt/research-projects/j/jlgage/RawUAVData01/uavforslb/final_image/final_sliced/20240802_C6B_03483.jpg
1697,C7B,2025,7/19/25,6.0,7/18/25,20250718_C7B_01697.jpg,-1,/mnt/research-projects/j/jlgage/RawUAVData01/uavforslb/final_image/final_sliced/20250718_C7B_01697.jpg
1284,C6B,2024,7/19/24,8.0,7/18/24,20240718_C6B_01284.jpg,-1,/mnt/research-projects/j/jlgage/RawUAVData01/uavforslb/final_image/final_sliced/20240718_C6B_01284.jpg
4946,C10,2025,7/20/25,3.0,7/21/25,20250721_C10_04946.jpg,1,/mnt/research-projects/j/jlgage/RawUAVData01/uavforslb/final_image/final_sliced/20250721_C10_04946.jpg
6800,C10,2025,7/18/25,6.0,7/18/25,20250718_C10_06800.jpg,0,/mnt/research-projects/j/jlgage/RawUAVData01/uavforslb/final_image/final_sliced/20250718_C10_06800.jpg
4636,B7A,2024,7/30/24,3.0,7/27/24,20240727_B7A_04636.jpg,-3,/mnt/research-projects/j/jlgage/RawUAVData01/uavforslb/final_image/final_sliced/20240727_B7A_04636.jpg
5716,C10,2025,7/8/25,6.5,7/7/25,20250707_C10_05716.jpg,-1,/mnt/research-projects/j/jlgage/RawUAVData01/uavforslb/final_image/final_sliced/20250707_C10_05716.jpg
1962,C7B,2025,7/19/25,4.0,7/18/25,20250718_C7B_01962.jpg,-1,/mnt/research-projects/j/jlgage/RawUAVData01/uavforslb/final_image/final_sliced/20250718_C7B_01962.jpg
5335,C10,2025,7/20/25,2.0,7/21/25,20250721_C10_05335.jpg,1,/mnt/research-projects/j/jlgage/RawUAVData01/uavforslb/final_image/final_sliced/20250721_C10_05335.jpg
5531,C10,2025,7/20/25,2.0,7/21/25,20250721_C10_05531.jpg,1,/mnt/research-projects/j/jlgage/RawUAVData01/uavforslb/final_image/final_sliced/20250721_C10_05531.jpg
2534,C6B,2024,7/18/24,7.5,7/18/24,20240718_C6B_02534.jpg,0,/mnt/research-projects/j/jlgage/RawUAVData01/uavforslb/final_image/final_sliced/20240718_C6B_02534.jpg
2814,C6B,2024,7/15/24,8.5,7/18/24,20240718_C6B_02814.jpg,3,/mnt/research-projects/j/jlgage/RawUAVData01/uavforslb/final_image/final_sliced/20240718_C6B_02814.jpg
3701,C6B,2024,7/15/24,8.0,7/18/24,20240718_C6B_03701.jpg,3,/mnt/research-projects/j/jlgage/RawUAVData01/uavforslb/final_image/final_sliced/20240718_C6B_03701.jpg
653,C6B,2024,7/19/24,6.0,7/18/24,20240718_C6B_00653.jpg,-1,/mnt/research-projects/j/jlgage/RawUAVData01/uavforslb/final_image/final_sliced/20240718_C6B_00653.jpg
204,C6B,2024,7/29/24,5.5,7/26/24,20240726_C6B_00204.jpg,-3,/mnt/research-projects/j/jlgage/RawUAVData01/uavforslb/final_image/final_sliced/20240726_C6B_00204.jpg
5860,C10,2025,7/11/25,5.5,7/11/25,20250711_C10_05860.jpg,0,/mnt/research-projects/j/jlgage/RawUAVData01/uavforslb/final_image/final_sliced/20250711_C10_05860.jpg
1068,C7B,2025,7/10/25,5.0,7/10/25,20250710_C7B_01068.jpg,0,/mnt/research-projects/j/jlgage/RawUAVData01/uavforslb/final_image/final_sliced/20250710_C7B_01068.jpg
768,C7B,2025,7/10/25,7.5,7/10/25,20250710_C7B_00768.jpg,0,/mnt/research-projects/j/jlgage/RawUAVData01/uavforslb/final_image/final_sliced/20250710_C7B_00768.jpg
154,C6B,2024,7/29/24,5.0,7/26/24,20240726_C6B_00154.jpg,-3,/mnt/research-projects/j/jlgage/RawUAVData01/uavforslb/final_image/final_sliced/20240726_C6B_00154.jpg
2532,C6B,2024,7/11/24,6.0,7/10/24,20240710_C6B_02532.jpg,-1,/mnt/research-projects/j/jlgage/RawUAVData01/uavforslb/final_image/final_sliced/20240710_C6B_02532.jpg
643,C6B,2024,7/19/24,7.0,7/18/24,20240718_C6B_00643.jpg,-1,/mnt/research-projects/j/jlgage/RawUAVData01/uavforslb/final_image/final_sliced/20240718_C6B_00643.jpg
3413,C6B,2024,7/15/24,8.5,7/18/24,20240718_C6B_03413.jpg,3,/mnt/research-projects/j/jlgage/RawUAVData01/uavforslb/final_image/final_sliced/20240718_C6B_03413.jpg
4505,B7A,2024,7/15/24,8.0,7/16/24,20240716_B7A_04505.jpg,1,/mnt/research-projects/j/jlgage/RawUAVData01/uavforslb/final_image/final_sliced/20240716_B7A_04505.jpg
2920,C6B,2024,7/30/24,1.5,8/2/24,20240802_C6B_02920.jpg,3,/mnt/research-projects/j/jlgage/RawUAVData01/uavforslb/final_image/final_sliced/20240802_C6B_02920.jpg
4797,C10,2025,7/2/25,5.0,7/4/25,20250704_C10_04797.jpg,2,/mnt/research-projects/j/jlgage/RawUAVData01/uavforslb/final_image/final_sliced/20250704_C10_04797.jpg
3270,C6B,2024,7/15/24,8.5,7/18/24,20240718_C6B_03270.jpg,3,/mnt/research-projects/j/jlgage/RawUAVData01/uavforslb/final_image/final_sliced/20240718_C6B_03270.jpg
372,C6B,2024,7/19/24,5.5,7/18/24,20240718_C6B_00372.jpg,-1,/mnt/research-projects/j/jlgage/RawUAVData01/uavforslb/final_image/final_sliced/20240718_C6B_00372.jpg
181,C6B,2024,7/29/24,7.5,7/26/24,20240726_C6B_00181.jpg,-3,/mnt/research-projects/j/jlgage/RawUAVData01/uavforslb/final_image/final_sliced/20240726_C6B_00181.jpg
6776,C10,2025,7/8/25,7.5,7/7/25,20250707_C10_06776.jpg,-1,/mnt/research-projects/j/jlgage/RawUAVData01/uavforslb/final_image/final_sliced/20250707_C10_06776.jpg
381,C6B,2024,7/19/24,8.5,7/18/24,20240718_C6B_00381.jpg,-1,/mnt/research-projects/j/jlgage/RawUAVData01/uavforslb/final_image/final_sliced/20240718_C6B_00381.jpg
5010,C6B,2024,7/1/24,8.0,7/3/24,20240703_C6B_05010.jpg,2,/mnt/research-projects/j/jlgage/RawUAVData01/uavforslb/final_image/final_sliced/20240703_C6B_05010.jpg
1781,C7B,2025,7/1/25,8.0,7/1/25,20250701_C7B_01781.jpg,0,/mnt/research-projects/j/jlgage/RawUAVData01/uavforslb/final_image/final_sliced/20250701_C7B_01781.jpg
1715,C7B,2025,7/7/25,5.0,7/7/25,20250707_C7B_01715.jpg,0,/mnt/research-projects/j/jlgage/RawUAVData01/uavforslb/final_image/final_sliced/20250707_C7B_01715.jpg
2506,C6B,2024,7/1/24,8.5,7/3/24,20240703_C6B_02506.jpg,2,/mnt/research-projects/j/jlgage/RawUAVData01/uavforslb/final_image/final_sliced/20240703_C6B_02506.jpg
4130,C10,2025,7/11/25,4.0,7/11/25,20250711_C10_04130.jpg,0,/mnt/research-projects/j/jlgage/RawUAVData01/uavforslb/final_image/final_sliced/20250711_C10_04130.jpg
530,C7B,2025,7/10/25,3.0,7/10/25,20250710_C7B_00530.jpg,0,/mnt/research-projects/j/jlgage/RawUAVData01/uavforslb/final_image/final_sliced/20250710_C7B_00530.jpg
2561,C6B,2024,7/27/24,5.0,7/26/24,20240726_C6B_02561.jpg,-1,/mnt/research-projects/j/jlgage/RawUAVData01/uavforslb/final_image/final_sliced/20240726_C6B_02561.jpg
772,C6B,2024,7/19/24,4.0,7/18/24,20240718_C6B_00772.jpg,-1,/mnt/research-projects/j/jlgage/RawUAVData01/uavforslb/final_image/final_sliced/20240718_C6B_00772.jpg
2510,C6B,2024,7/1/24,8.5,7/3/24,20240703_C6B_02510.jpg,2,/mnt/research-projects/j/jlgage/RawUAVData01/uavforslb/final_image/final_sliced/20240703_C6B_02510.jpg
3857,B7A,2024,7/30/24,3.5,7/27/24,20240727_B7A_03857.jpg,-3,/mnt/research-projects/j/jlgage/RawUAVData01/uavforslb/final_image/final_sliced/20240727_B7A_03857.jpg
6815,C10,2025,7/3/25,5.0,7/4/25,20250704_C10_06815.jpg,1,/mnt/research-projects/j/jlgage/RawUAVData01/uavforslb/final_image/final_sliced/20250704_C10_06815.jpg
4271,B7A,2024,7/30/24,1.5,7/27/24,20240727_B7A_04271.jpg,-3,/mnt/research-projects/j/jlgage/RawUAVData01/uavforslb/final_image/final_sliced/20240727_B7A_04271.jpg
172,C7B,2025,7/18/25,5.0,7/18/25,20250718_C7B_00172.jpg,0,/mnt/research-projects/j/jlgage/RawUAVData01/uavforslb/final_image/final_sliced/20250718_C7B_00172.jpg
5304,C10,2025,7/2/25,6.0,7/4/25,20250704_C10_05304.jpg,2,/mnt/research-projects/j/jlgage/RawUAVData01/uavforslb/final_image/final_sliced/20250704_C10_05304.jpg
2806,C6B,2024,7/30/24,1.5,8/2/24,20240802_C6B_02806.jpg,3,/mnt/research-projects/j/jlgage/RawUAVData01/uavforslb/final_image/final_sliced/20240802_C6B_02806.jpg
4236,B7A,2024,7/15/24,8.5,7/16/24,20240716_B7A_04236.jpg,1,/mnt/research-projects/j/jlgage/RawUAVData01/uavforslb/final_image/final_sliced/20240716_B7A_04236.jpg
5014,C6B,2024,7/27/24,3.0,7/26/24,20240726_C6B_05014.jpg,-1,/mnt/research-projects/j/jlgage/RawUAVData01/uavforslb/final_image/final_sliced/20240726_C6B_05014.jpg
65,C7B,2025,7/4/25,6.0,7/4/25,20250704_C7B_00065.jpg,0,/mnt/research-projects/j/jlgage/RawUAVData01/uavforslb/final_image/final_sliced/20250704_C7B_00065.jpg
1829,C6B,2024,7/29/24,1.0,7/26/24,20240726_C6B_01829.jpg,-3,/mnt/research-projects/j/jlgage/RawUAVData01/uavforslb/final_image/final_sliced/20240726_C6B_01829.jpg
1851,C7B,2025,7/1/25,7.0,7/1/25,20250701_C7B_01851.jpg,0,/mnt/research-projects/j/jlgage/RawUAVData01/uavforslb/final_image/final_sliced/20250701_C7B_01851.jpg
175,C6B,2024,7/19/24,8.0,7/18/24,20240718_C6B_00175.jpg,-1,/mnt/research-projects/j/jlgage/RawUAVData01/uavforslb/final_image/final_sliced/20240718_C6B_00175.jpg
1867,C6B,2024,7/19/24,6.5,7/18/24,20240718_C6B_01867.jpg,-1,/mnt/research-projects/j/jlgage/RawUAVData01/uavforslb/final_image/final_sliced/20240718_C6B_01867.jpg
3693,C6B,2024,7/15/24,8.0,7/18/24,20240718_C6B_03693.jpg,3,/mnt/research-projects/j/jlgage/RawUAVData01/uavforslb/final_image/final_sliced/20240718_C6B_03693.jpg
4095,C10,2025,7/7/25,4.0,7/7/25,20250707_C10_04095.jpg,0,/mnt/research-projects/j/jlgage/RawUAVData01/uavforslb/final_image/final_sliced/20250707_C10_04095.jpg
2978,C6B,2024,7/30/24,2.5,8/2/24,20240802_C6B_02978.jpg,3,/mnt/research-projects/j/jlgage/RawUAVData01/uavforslb/final_image/final_sliced/20240802_C6B_02978.jpg
5485,C10,2025,7/20/25,2.0,7/21/25,20250721_C10_05485.jpg,1,/mnt/research-projects/j/jlgage/RawUAVData01/uavforslb/final_image/final_sliced/20250721_C10_05485.jpg
4167,B7A,2024,7/15/24,8.0,7/16/24,20240716_B7A_04167.jpg,1,/mnt/research-projects/j/jlgage/RawUAVData01/uavforslb/final_image/final_sliced/20240716_B7A_04167.jpg
3595,C6B,2024,7/30/24,2.5,8/2/24,20240802_C6B_03595.jpg,3,/mnt/research-projects/j/jlgage/RawUAVData01/uavforslb/final_image/final_sliced/20240802_C6B_03595.jpg
4846,C10,2025,7/20/25,1.5,7/21/25,20250721_C10_04846.jpg,1,/mnt/research-projects/j/jlgage/RawUAVData01/uavforslb/final_image/final_sliced/20250721_C10_04846.jpg
1361,C7B,2025,7/18/25,4.0,7/18/25,20250718_C7B_01361.jpg,0,/mnt/research-projects/j/jlgage/RawUAVData01/uavforslb/final_image/final_sliced/20250718_C7B_01361.jpg
4179,B7A,2024,7/30/24,3.0,7/27/24,20240727_B7A_04179.jpg,-3,/mnt/research-projects/j/jlgage/RawUAVData01/uavforslb/final_image/final_sliced/20240727_B7A_04179.jpg
2615,C6B,2024,7/30/24,5.0,8/2/24,20240802_C6B_02615.jpg,3,/mnt/research-projects/j/jlgage/RawUAVData01/uavforslb/final_image/final_sliced/20240802_C6B_02615.jpg
5710,C10,2025,7/1/25,7.0,6/28/25,20250628_C10_05710.jpg,-3,/mnt/research-projects/j/jlgage/RawUAVData01/uavforslb/final_image/final_sliced/20250628_C10_05710.jpg
210,C6B,2024,7/29/24,5.0,7/26/24,20240726_C6B_00210.jpg,-3,/mnt/research-projects/j/jlgage/RawUAVData01/uavforslb/final_image/final_sliced/20240726_C6B_00210.jpg
179,C6B,2024,7/29/24,6.0,7/26/24,20240726_C6B_00179.jpg,-3,/mnt/research-projects/j/jlgage/RawUAVData01/uavforslb/final_image/final_sliced/20240726_C6B_00179.jpg
3449,C6B,2024,7/30/24,1.0,8/2/24,20240802_C6B_03449.jpg,3,/mnt/research-projects/j/jlgage/RawUAVData01/uavforslb/final_image/final_sliced/20240802_C6B_03449.jpg
1325,C6B,2024,7/29/24,3.0,7/26/24,20240726_C6B_01325.jpg,-3,/mnt/research-projects/j/jlgage/RawUAVData01/uavforslb/final_image/final_sliced/20240726_C6B_01325.jpg
5571,C10,2025,7/20/25,5.0,7/21/25,20250721_C10_05571.jpg,1,/mnt/research-projects/j/jlgage/RawUAVData01/uavforslb/final_image/final_sliced/20250721_C10_05571.jpg
2991,C6B,2024,7/15/24,8.0,7/18/24,20240718_C6B_02991.jpg,3,/mnt/research-projects/j/jlgage/RawUAVData01/uavforslb/final_image/final_sliced/20240718_C6B_02991.jpg
4055,B7A,2024,7/30/24,7.0,7/27/24,20240727_B7A_04055.jpg,-3,/mnt/research-projects/j/jlgage/RawUAVData01/uavforslb/final_image/final_sliced/20240727_B7A_04055.jpg
2935,C6B,2024,7/15/24,8.0,7/18/24,20240718_C6B_02935.jpg,3,/mnt/research-projects/j/jlgage/RawUAVData01/uavforslb/final_image/final_sliced/20240718_C6B_02935.jpg
3627,C6B,2024,7/30/24,5.0,8/2/24,20240802_C6B_03627.jpg,3,/mnt/research-projects/j/jlgage/RawUAVData01/uavforslb/final_image/final_sliced/20240802_C6B_03627.jpg
4618,C10,2025,7/20/25,2.0,7/21/25,20250721_C10_04618.jpg,1,/mnt/research-projects/j/jlgage/RawUAVData01/uavforslb/final_image/final_sliced/20250721_C10_04618.jpg
408,C7B,2025,6/30/25,5.0,7/1/25,20250701_C7B_00408.jpg,1,/mnt/research-projects/j/jlgage/RawUAVData01/uavforslb/final_image/final_sliced/20250701_C7B_00408.jpg
3347,C6B,2024,7/30/24,2.5,8/2/24,20240802_C6B_03347.jpg,3,/mnt/research-projects/j/jlgage/RawUAVData01/uavforslb/final_image/final_sliced/20240802_C6B_03347.jpg
4407,B7A,2024,7/30/24,1.5,7/27/24,20240727_B7A_04407.jpg,-3,/mnt/research-projects/j/jlgage/RawUAVData01/uavforslb/final_image/final_sliced/20240727_B7A_04407.jpg
1731,C7B,2025,7/19/25,3.5,7/18/25,20250718_C7B_01731.jpg,-1,/mnt/research-projects/j/jlgage/RawUAVData01/uavforslb/final_image/final_sliced/20250718_C7B_01731.jpg
608,C7B,2025,6/30/25,7.0,7/1/25,20250701_C7B_00608.jpg,1,/mnt/research-projects/j/jlgage/RawUAVData01/uavforslb/final_image/final_sliced/20250701_C7B_00608.jpg
3843,B7A,2024,7/15/24,8.0,7/16/24,20240716_B7A_03843.jpg,1,/mnt/research-projects/j/jlgage/RawUAVData01/uavforslb/final_image/final_sliced/20240716_B7A_03843.jpg
1728,C6B,2024,7/29/24,7.0,7/26/24,20240726_C6B_01728.jpg,-3,/mnt/research-projects/j/jlgage/RawUAVData01/uavforslb/final_image/final_sliced/20240726_C6B_01728.jpg
3691,C6B,2024,7/15/24,8.5,7/18/24,20240718_C6B_03691.jpg,3,/mnt/research-projects/j/jlgage/RawUAVData01/uavforslb/final_image/final_sliced/20240718_C6B_03691.jpg
3462,C6B,2024,7/15/24,8.5,7/18/24,20240718_C6B_03462.jpg,3,/mnt/research-projects/j/jlgage/RawUAVData01/uavforslb/final_image/final_sliced/20240718_C6B_03462.jpg
944,C7B,2025,7/10/25,5.5,7/10/25,20250710_C7B_00944.jpg,0,/mnt/research-projects/j/jlgage/RawUAVData01/uavforslb/final_image/final_sliced/20250710_C7B_00944.jpg
4447,C10,2025,6/30/25,7.5,6/28/25,20250628_C10_04447.jpg,-2,/mnt/research-projects/j/jlgage/RawUAVData01/uavforslb/final_image/final_sliced/20250628_C10_04447.jpg
1250,C7B,2025,7/1/25,7.0,7/1/25,20250701_C7B_01250.jpg,0,/mnt/research-projects/j/jlgage/RawUAVData01/uavforslb/final_image/final_sliced/20250701_C7B_01250.jpg
2058,C6B,2024,7/29/24,2.0,7/26/24,20240726_C6B_02058.jpg,-3,/mnt/research-projects/j/jlgage/RawUAVData01/uavforslb/final_image/final_sliced/20240726_C6B_02058.jpg
4249,B7A,2024,7/30/24,1.5,7/27/24,20240727_B7A_04249.jpg,-3,/mnt/research-projects/j/jlgage/RawUAVData01/uavforslb/final_image/final_sliced/20240727_B7A_04249.jpg
1250,C6B,2024,7/29/24,3.0,7/26/24,20240726_C6B_01250.jpg,-3,/mnt/research-projects/j/jlgage/RawUAVData01/uavforslb/final_image/final_sliced/20240726_C6B_01250.jpg
1304,C7B,2025,7/1/25,7.5,7/1/25,20250701_C7B_01304.jpg,0,/mnt/research-projects/j/jlgage/RawUAVData01/uavforslb/final_image/final_sliced/20250701_C7B_01304.jpg
4053,C10,2025,7/19/25,6.0,7/18/25,20250718_C10_04053.jpg,-1,/mnt/research-projects/j/jlgage/RawUAVData01/uavforslb/final_image/final_sliced/20250718_C10_04053.jpg
2873,C7B,2025,6/30/25,7.5,7/1/25,20250701_C7B_02873.jpg,1,/mnt/research-projects/j/jlgage/RawUAVData01/uavforslb/final_image/final_sliced/20250701_C7B_02873.jpg
417,C6B,2024,7/29/24,4.5,7/26/24,20240726_C6B_00417.jpg,-3,/mnt/research-projects/j/jlgage/RawUAVData01/uavforslb/final_image/final_sliced/20240726_C6B_00417.jpg
4735,C10,2025,7/20/25,3.0,7/21/25,20250721_C10_04735.jpg,1,/mnt/research-projects/j/jlgage/RawUAVData01/uavforslb/final_image/final_sliced/20250721_C10_04735.jpg
4088,B7A,2024,7/15/24,8.5,7/16/24,20240716_B7A_04088.jpg,1,/mnt/research-projects/j/jlgage/RawUAVData01/uavforslb/final_image/final_sliced/20240716_B7A_04088.jpg
5002,C6B,2024,7/18/24,6.5,7/18/24,20240718_C6B_05002.jpg,0,/mnt/research-projects/j/jlgage/RawUAVData01/uavforslb/final_image/final_sliced/20240718_C6B_05002.jpg
4242,C10,2025,7/7/25,3.5,7/7/25,20250707_C10_04242.jpg,0,/mnt/research-projects/j/jlgage/RawUAVData01/uavforslb/final_image/final_sliced/20250707_C10_04242.jpg
3743,C6B,2024,7/15/24,7.5,7/18/24,20240718_C6B_03743.jpg,3,/mnt/research-projects/j/jlgage/RawUAVData01/uavforslb/final_image/final_sliced/20240718_C6B_03743.jpg
2743,C7B,2025,7/8/25,8.0,7/7/25,20250707_C7B_02743.jpg,-1,/mnt/research-projects/j/jlgage/RawUAVData01/uavforslb/final_image/final_sliced/20250707_C7B_02743.jpg
4650,B7A,2024,7/30/24,3.0,7/27/24,20240727_B7A_04650.jpg,-3,/mnt/research-projects/j/jlgage/RawUAVData01/uavforslb/final_image/final_sliced/20240727_B7A_04650.jpg
4951,C10,2025,7/2/25,6.5,7/4/25,20250704_C10_04951.jpg,2,/mnt/research-projects/j/jlgage/RawUAVData01/uavforslb/final_image/final_sliced/20250704_C10_04951.jpg
4076,C10,2025,7/19/25,1.5,7/18/25,20250718_C10_04076.jpg,-1,/mnt/research-projects/j/jlgage/RawUAVData01/uavforslb/final_image/final_sliced/20250718_C10_04076.jpg
1276,C6B,2024,7/19/24,8.5,7/18/24,20240718_C6B_01276.jpg,-1,/mnt/research-projects/j/jlgage/RawUAVData01/uavforslb/final_image/final_sliced/20240718_C6B_01276.jpg
1794,C6B,2024,7/19/24,6.0,7/18/24,20240718_C6B_01794.jpg,-1,/mnt/research-projects/j/jlgage/RawUAVData01/uavforslb/final_image/final_sliced/20240718_C6B_01794.jpg
6752,C10,2025,7/18/25,7.5,7/18/25,20250718_C10_06752.jpg,0,/mnt/research-projects/j/jlgage/RawUAVData01/uavforslb/final_image/final_sliced/20250718_C10_06752.jpg
4357,C10,2025,7/7/25,4.0,7/7/25,20250707_C10_04357.jpg,0,/mnt/research-projects/j/jlgage/RawUAVData01/uavforslb/final_image/final_sliced/20250707_C10_04357.jpg
4115,C10,2025,7/7/25,8.0,7/7/25,20250707_C10_04115.jpg,0,/mnt/research-projects/j/jlgage/RawUAVData01/uavforslb/final_image/final_sliced/20250707_C10_04115.jpg
1972,C7B,2025,7/7/25,7.0,7/7/25,20250707_C7B_01972.jpg,0,/mnt/research-projects/j/jlgage/RawUAVData01/uavforslb/final_image/final_sliced/20250707_C7B_01972.jpg
5368,C10,2025,7/20/25,2.0,7/21/25,20250721_C10_05368.jpg,1,/mnt/research-projects/j/jlgage/RawUAVData01/uavforslb/final_image/final_sliced/20250721_C10_05368.jpg
4524,B7A,2024,7/30/24,1.5,7/27/24,20240727_B7A_04524.jpg,-3,/mnt/research-projects/j/jlgage/RawUAVData01/uavforslb/final_image/final_sliced/20240727_B7A_04524.jpg
1389,C7B,2025,7/18/25,2.5,7/18/25,20250718_C7B_01389.jpg,0,/mnt/research-projects/j/jlgage/RawUAVData01/uavforslb/final_image/final_sliced/20250718_C7B_01389.jpg
3634,C6B,2024,7/15/24,8.0,7/18/24,20240718_C6B_03634.jpg,3,/mnt/research-projects/j/jlgage/RawUAVData01/uavforslb/final_image/final_sliced/20240718_C6B_03634.jpg
1811,C6B,2024,7/19/24,6.5,7/18/24,20240718_C6B_01811.jpg,-1,/mnt/research-projects/j/jlgage/RawUAVData01/uavforslb/final_image/final_sliced/20240718_C6B_01811.jpg
2008,C7B,2025,7/7/25,7.0,7/7/25,20250707_C7B_02008.jpg,0,/mnt/research-projects/j/jlgage/RawUAVData01/uavforslb/final_image/final_sliced/20250707_C7B_02008.jpg
5008,C6B,2024,7/18/24,7.5,7/18/24,20240718_C6B_05008.jpg,0,/mnt/research-projects/j/jlgage/RawUAVData01/uavforslb/final_image/final_sliced/20240718_C6B_05008.jpg
5383,C10,2025,7/2/25,7.5,7/4/25,20250704_C10_05383.jpg,2,/mnt/research-projects/j/jlgage/RawUAVData01/uavforslb/final_image/final_sliced/20250704_C10_05383.jpg
4786,C10,2025,7/11/25,4.0,7/11/25,20250711_C10_04786.jpg,0,/mnt/research-projects/j/jlgage/RawUAVData01/uavforslb/final_image/final_sliced/20250711_C10_04786.jpg
3050,C6B,2024,7/15/24,8.0,7/18/24,20240718_C6B_03050.jpg,3,/mnt/research-projects/j/jlgage/RawUAVData01/uavforslb/final_image/final_sliced/20240718_C6B_03050.jpg
2747,C6B,2024,7/30/24,4.0,8/2/24,20240802_C6B_02747.jpg,3,/mnt/research-projects/j/jlgage/RawUAVData01/uavforslb/final_image/final_sliced/20240802_C6B_02747.jpg
1328,C7B,2025,7/18/25,2.5,7/18/25,20250718_C7B_01328.jpg,0,/mnt/research-projects/j/jlgage/RawUAVData01/uavforslb/final_image/final_sliced/20250718_C7B_01328.jpg
3065,C6B,2024,7/30/24,2.5,8/2/24,20240802_C6B_03065.jpg,3,/mnt/research-projects/j/jlgage/RawUAVData01/uavforslb/final_image/final_sliced/20240802_C6B_03065.jpg
3561,C6B,2024,7/30/24,2.0,8/2/24,20240802_C6B_03561.jpg,3,/mnt/research-projects/j/jlgage/RawUAVData01/uavforslb/final_image/final_sliced/20240802_C6B_03561.jpg
4475,C10,2025,7/1/25,6.0,6/28/25,20250628_C10_04475.jpg,-3,/mnt/research-projects/j/jlgage/RawUAVData01/uavforslb/final_image/final_sliced/20250628_C10_04475.jpg
3575,C6B,2024,7/30/24,2.0,8/2/24,20240802_C6B_03575.jpg,3,/mnt/research-projects/j/jlgage/RawUAVData01/uavforslb/final_image/final_sliced/20240802_C6B_03575.jpg
6790,C10,2025,7/3/25,8.0,7/4/25,20250704_C10_06790.jpg,1,/mnt/research-projects/j/jlgage/RawUAVData01/uavforslb/final_image/final_sliced/20250704_C10_06790.jpg
5031,C6B,2024,7/11/24,8.0,7/10/24,20240710_C6B_05031.jpg,-1,/mnt/research-projects/j/jlgage/RawUAVData01/uavforslb/final_image/final_sliced/20240710_C6B_05031.jpg
5396,C10,2025,7/20/25,2.0,7/21/25,20250721_C10_05396.jpg,1,/mnt/research-projects/j/jlgage/RawUAVData01/uavforslb/final_image/final_sliced/20250721_C10_05396.jpg
4446,C10,2025,6/30/25,6.0,6/28/25,20250628_C10_04446.jpg,-2,/mnt/research-projects/j/jlgage/RawUAVData01/uavforslb/final_image/final_sliced/20250628_C10_04446.jpg
6714,C10,2025,7/8/25,7.5,7/7/25,20250707_C10_06714.jpg,-1,/mnt/research-projects/j/jlgage/RawUAVData01/uavforslb/final_image/final_sliced/20250707_C10_06714.jpg
4438,B7A,2024,7/30/24,4.0,7/27/24,20240727_B7A_04438.jpg,-3,/mnt/research-projects/j/jlgage/RawUAVData01/uavforslb/final_image/final_sliced/20240727_B7A_04438.jpg
5502,C10,2025,7/11/25,4.5,7/11/25,20250711_C10_05502.jpg,0,/mnt/research-projects/j/jlgage/RawUAVData01/uavforslb/final_image/final_sliced/20250711_C10_05502.jpg
5010,C6B,2024,7/11/24,7.0,7/10/24,20240710_C6B_05010.jpg,-1,/mnt/research-projects/j/jlgage/RawUAVData01/uavforslb/final_image/final_sliced/20240710_C6B_05010.jpg
4452,C10,2025,7/7/25,6.5,7/7/25,20250707_C10_04452.jpg,0,/mnt/research-projects/j/jlgage/RawUAVData01/uavforslb/final_image/final_sliced/20250707_C10_04452.jpg
4120,B7A,2024,7/15/24,8.5,7/16/24,20240716_B7A_04120.jpg,1,/mnt/research-projects/j/jlgage/RawUAVData01/uavforslb/final_image/final_sliced/20240716_B7A_04120.jpg
3284,C6B,2024,7/30/24,3.0,8/2/24,20240802_C6B_03284.jpg,3,/mnt/research-projects/j/jlgage/RawUAVData01/uavforslb/final_image/final_sliced/20240802_C6B_03284.jpg
5151,C10,2025,7/2/25,6.0,7/4/25,20250704_C10_05151.jpg,2,/mnt/research-projects/j/jlgage/RawUAVData01/uavforslb/final_image/final_sliced/20250704_C10_05151.jpg
789,C7B,2025,7/10/25,6.0,7/10/25,20250710_C7B_00789.jpg,0,/mnt/research-projects/j/jlgage/RawUAVData01/uavforslb/final_image/final_sliced/20250710_C7B_00789.jpg
5025,C10,2025,7/11/25,5.0,7/11/25,20250711_C10_05025.jpg,0,/mnt/research-projects/j/jlgage/RawUAVData01/uavforslb/final_image/final_sliced/20250711_C10_05025.jpg
2573,C6B,2024,7/18/24,5.0,7/18/24,20240718_C6B_02573.jpg,0,/mnt/research-projects/j/jlgage/RawUAVData01/uavforslb/final_image/final_sliced/20240718_C6B_02573.jpg
5851,C10,2025,7/19/25,3.0,7/18/25,20250718_C10_05851.jpg,-1,/mnt/research-projects/j/jlgage/RawUAVData01/uavforslb/final_image/final_sliced/20250718_C10_05851.jpg
3385,C6B,2024,7/15/24,8.5,7/18/24,20240718_C6B_03385.jpg,3,/mnt/research-projects/j/jlgage/RawUAVData01/uavforslb/final_image/final_sliced/20240718_C6B_03385.jpg
280,C7B,2025,7/4/25,5.5,7/4/25,20250704_C7B_00280.jpg,0,/mnt/research-projects/j/jlgage/RawUAVData01/uavforslb/final_image/final_sliced/20250704_C7B_00280.jpg
386,C6B,2024,7/19/24,8.0,7/18/24,20240718_C6B_00386.jpg,-1,/mnt/research-projects/j/jlgage/RawUAVData01/uavforslb/final_image/final_sliced/20240718_C6B_00386.jpg
1653,C7B,2025,7/18/25,2.5,7/18/25,20250718_C7B_01653.jpg,0,/mnt/research-projects/j/jlgage/RawUAVData01/uavforslb/final_image/final_sliced/20250718_C7B_01653.jpg
2080,C6B,2024,7/29/24,3.0,7/26/24,20240726_C6B_02080.jpg,-3,/mnt/research-projects/j/jlgage/RawUAVData01/uavforslb/final_image/final_sliced/20240726_C6B_02080.jpg
1960,C7B,2025,7/19/25,2.5,7/18/25,20250718_C7B_01960.jpg,-1,/mnt/research-projects/j/jlgage/RawUAVData01/uavforslb/final_image/final_sliced/20250718_C7B_01960.jpg
5656,C10,2025,7/20/25,4.5,7/21/25,20250721_C10_05656.jpg,1,/mnt/research-projects/j/jlgage/RawUAVData01/uavforslb/final_image/final_sliced/20250721_C10_05656.jpg
1736,C7B,2025,7/10/25,4.5,7/10/25,20250710_C7B_01736.jpg,0,/mnt/research-projects/j/jlgage/RawUAVData01/uavforslb/final_image/final_sliced/20250710_C7B_01736.jpg
4132,B7A,2024,7/30/24,1.5,7/27/24,20240727_B7A_04132.jpg,-3,/mnt/research-projects/j/jlgage/RawUAVData01/uavforslb/final_image/final_sliced/20240727_B7A_04132.jpg
4347,B7A,2024,7/30/24,3.0,7/27/24,20240727_B7A_04347.jpg,-3,/mnt/research-projects/j/jlgage/RawUAVData01/uavforslb/final_image/final_sliced/20240727_B7A_04347.jpg
5251,C10,2025,7/11/25,3.0,7/11/25,20250711_C10_05251.jpg,0,/mnt/research-projects/j/jlgage/RawUAVData01/uavforslb/final_image/final_sliced/20250711_C10_05251.jpg
238,C7B,2025,7/18/25,4.0,7/18/25,20250718_C7B_00238.jpg,0,/mnt/research-projects/j/jlgage/RawUAVData01/uavforslb/final_image/final_sliced/20250718_C7B_00238.jpg
108,C7B,2025,7/18/25,4.0,7/18/25,20250718_C7B_00108.jpg,0,/mnt/research-projects/j/jlgage/RawUAVData01/uavforslb/final_image/final_sliced/20250718_C7B_00108.jpg
2143,C6B,2024,7/19/24,8.0,7/18/24,20240718_C6B_02143.jpg,-1,/mnt/research-projects/j/jlgage/RawUAVData01/uavforslb/final_image/final_sliced/20240718_C6B_02143.jpg
4959,C10,2025,7/2/25,6.0,7/4/25,20250704_C10_04959.jpg,2,/mnt/research-projects/j/jlgage/RawUAVData01/uavforslb/final_image/final_sliced/20250704_C10_04959.jpg
472,C6B,2024,7/29/24,5.0,7/26/24,20240726_C6B_00472.jpg,-3,/mnt/research-projects/j/jlgage/RawUAVData01/uavforslb/final_image/final_sliced/20240726_C6B_00472.jpg
790,C6B,2024,7/29/24,5.0,7/26/24,20240726_C6B_00790.jpg,-3,/mnt/research-projects/j/jlgage/RawUAVData01/uavforslb/final_image/final_sliced/20240726_C6B_00790.jpg
1342,C7B,2025,7/10/25,5.0,7/10/25,20250710_C7B_01342.jpg,0,/mnt/research-projects/j/jlgage/RawUAVData01/uavforslb/final_image/final_sliced/20250710_C7B_01342.jpg
5311,C10,2025,7/2/25,7.0,7/4/25,20250704_C10_05311.jpg,2,/mnt/research-projects/j/jlgage/RawUAVData01/uavforslb/final_image/final_sliced/20250704_C10_05311.jpg
956,C7B,2025,7/10/25,7.0,7/10/25,20250710_C7B_00956.jpg,0,/mnt/research-projects/j/jlgage/RawUAVData01/uavforslb/final_image/final_sliced/20250710_C7B_00956.jpg
5810,C10,2025,7/8/25,6.0,7/7/25,20250707_C10_05810.jpg,-1,/mnt/research-projects/j/jlgage/RawUAVData01/uavforslb/final_image/final_sliced/20250707_C10_05810.jpg
4382,C10,2025,7/19/25,2.0,7/18/25,20250718_C10_04382.jpg,-1,/mnt/research-projects/j/jlgage/RawUAVData01/uavforslb/final_image/final_sliced/20250718_C10_04382.jpg
4690,C10,2025,7/20/25,3.0,7/21/25,20250721_C10_04690.jpg,1,/mnt/research-projects/j/jlgage/RawUAVData01/uavforslb/final_image/final_sliced/20250721_C10_04690.jpg
1427,C7B,2025,7/18/25,1.5,7/18/25,20250718_C7B_01427.jpg,0,/mnt/research-projects/j/jlgage/RawUAVData01/uavforslb/final_image/final_sliced/20250718_C7B_01427.jpg
1793,C6B,2024,7/29/24,3.5,7/26/24,20240726_C6B_01793.jpg,-3,/mnt/research-projects/j/jlgage/RawUAVData01/uavforslb/final_image/final_sliced/20240726_C6B_01793.jpg
2718,C7B,2025,7/8/25,8.0,7/7/25,20250707_C7B_02718.jpg,-1,/mnt/research-projects/j/jlgage/RawUAVData01/uavforslb/final_image/final_sliced/20250707_C7B_02718.jpg
121,C7B,2025,7/18/25,4.0,7/18/25,20250718_C7B_00121.jpg,0,/mnt/research-projects/j/jlgage/RawUAVData01/uavforslb/final_image/final_sliced/20250718_C7B_00121.jpg
2573,C6B,2024,7/27/24,3.0,7/26/24,20240726_C6B_02573.jpg,-1,/mnt/research-projects/j/jlgage/RawUAVData01/uavforslb/final_image/final_sliced/20240726_C6B_02573.jpg
5936,C10,2025,7/8/25,4.5,7/7/25,20250707_C10_05936.jpg,-1,/mnt/research-projects/j/jlgage/RawUAVData01/uavforslb/final_image/final_sliced/20250707_C10_05936.jpg
4563,C10,2025,7/20/25,4.0,7/21/25,20250721_C10_04563.jpg,1,/mnt/research-projects/j/jlgage/RawUAVData01/uavforslb/final_image/final_sliced/20250721_C10_04563.jpg
384,C7B,2025,7/10/25,5.0,7/10/25,20250710_C7B_00384.jpg,0,/mnt/research-projects/j/jlgage/RawUAVData01/uavforslb/final_image/final_sliced/20250710_C7B_00384.jpg
4235,C10,2025,7/11/25,4.0,7/11/25,20250711_C10_04235.jpg,0,/mnt/research-projects/j/jlgage/RawUAVData01/uavforslb/final_image/final_sliced/20250711_C10_04235.jpg
4634,B7A,2024,7/30/24,1.5,7/27/24,20240727_B7A_04634.jpg,-3,/mnt/research-projects/j/jlgage/RawUAVData01/uavforslb/final_image/final_sliced/20240727_B7A_04634.jpg
3863,B7A,2024,7/15/24,8.0,7/16/24,20240716_B7A_03863.jpg,1,/mnt/research-projects/j/jlgage/RawUAVData01/uavforslb/final_image/final_sliced/20240716_B7A_03863.jpg
1631,C7B,2025,7/18/25,2.5,7/18/25,20250718_C7B_01631.jpg,0,/mnt/research-projects/j/jlgage/RawUAVData01/uavforslb/final_image/final_sliced/20250718_C7B_01631.jpg
815,C7B,2025,7/1/25,7.5,7/1/25,20250701_C7B_00815.jpg,0,/mnt/research-projects/j/jlgage/RawUAVData01/uavforslb/final_image/final_sliced/20250701_C7B_00815.jpg
328,C7B,2025,7/10/25,5.0,7/10/25,20250710_C7B_00328.jpg,0,/mnt/research-projects/j/jlgage/RawUAVData01/uavforslb/final_image/final_sliced/20250710_C7B_00328.jpg
1774,C7B,2025,7/1/25,7.0,7/1/25,20250701_C7B_01774.jpg,0,/mnt/research-projects/j/jlgage/RawUAVData01/uavforslb/final_image/final_sliced/20250701_C7B_01774.jpg
5084,C10,2025,7/20/25,1.5,7/21/25,20250721_C10_05084.jpg,1,/mnt/research-projects/j/jlgage/RawUAVData01/uavforslb/final_image/final_sliced/20250721_C10_05084.jpg
5964,C10,2025,7/11/25,6.5,7/11/25,20250711_C10_05964.jpg,0,/mnt/research-projects/j/jlgage/RawUAVData01/uavforslb/final_image/final_sliced/20250711_C10_05964.jpg
4738,C10,2025,7/2/25,7.0,7/4/25,20250704_C10_04738.jpg,2,/mnt/research-projects/j/jlgage/RawUAVData01/uavforslb/final_image/final_sliced/20250704_C10_04738.jpg
2589,C6B,2024,7/15/24,8.5,7/18/24,20240718_C6B_02589.jpg,3,/mnt/research-projects/j/jlgage/RawUAVData01/uavforslb/final_image/final_sliced/20240718_C6B_02589.jpg
3814,C6B,2024,7/30/24,2.0,8/2/24,20240802_C6B_03814.jpg,3,/mnt/research-projects/j/jlgage/RawUAVData01/uavforslb/final_image/final_sliced/20240802_C6B_03814.jpg
865,C7B,2025,7/10/25,5.0,7/10/25,20250710_C7B_00865.jpg,0,/mnt/research-projects/j/jlgage/RawUAVData01/uavforslb/final_image/final_sliced/20250710_C7B_00865.jpg
6638,C10,2025,7/18/25,6.5,7/18/25,20250718_C10_06638.jpg,0,/mnt/research-projects/j/jlgage/RawUAVData01/uavforslb/final_image/final_sliced/20250718_C10_06638.jpg
906,C6B,2024,7/29/24,4.0,7/26/24,20240726_C6B_00906.jpg,-3,/mnt/research-projects/j/jlgage/RawUAVData01/uavforslb/final_image/final_sliced/20240726_C6B_00906.jpg
304,C7B,2025,7/10/25,6.0,7/10/25,20250710_C7B_00304.jpg,0,/mnt/research-projects/j/jlgage/RawUAVData01/uavforslb/final_image/final_sliced/20250710_C7B_00304.jpg
5497,C10,2025,7/11/25,4.0,7/11/25,20250711_C10_05497.jpg,0,/mnt/research-projects/j/jlgage/RawUAVData01/uavforslb/final_image/final_sliced/20250711_C10_05497.jpg
2810,C6B,2024,7/30/24,3.0,8/2/24,20240802_C6B_02810.jpg,3,/mnt/research-projects/j/jlgage/RawUAVData01/uavforslb/final_image/final_sliced/20240802_C6B_02810.jpg
1312,C7B,2025,7/10/25,5.5,7/10/25,20250710_C7B_01312.jpg,0,/mnt/research-projects/j/jlgage/RawUAVData01/uavforslb/final_image/final_sliced/20250710_C7B_01312.jpg
4585,C10,2025,7/11/25,5.0,7/11/25,20250711_C10_04585.jpg,0,/mnt/research-projects/j/jlgage/RawUAVData01/uavforslb/final_image/final_sliced/20250711_C10_04585.jpg
2719,C6B,2024,7/15/24,8.0,7/18/24,20240718_C6B_02719.jpg,3,/mnt/research-projects/j/jlgage/RawUAVData01/uavforslb/final_image/final_sliced/20240718_C6B_02719.jpg
4392,B7A,2024,7/30/24,2.0,7/27/24,20240727_B7A_04392.jpg,-3,/mnt/research-projects/j/jlgage/RawUAVData01/uavforslb/final_image/final_sliced/20240727_B7A_04392.jpg
1164,C7B,2025,7/10/25,6.0,7/10/25,20250710_C7B_01164.jpg,0,/mnt/research-projects/j/jlgage/RawUAVData01/uavforslb/final_image/final_sliced/20250710_C7B_01164.jpg
5116,C10,2025,7/2/25,5.0,7/4/25,20250704_C10_05116.jpg,2,/mnt/research-projects/j/jlgage/RawUAVData01/uavforslb/final_image/final_sliced/20250704_C10_05116.jpg
327,C6B,2024,7/29/24,3.0,7/26/24,20240726_C6B_00327.jpg,-3,/mnt/research-projects/j/jlgage/RawUAVData01/uavforslb/final_image/final_sliced/20240726_C6B_00327.jpg
4128,B7A,2024,7/30/24,1.5,7/27/24,20240727_B7A_04128.jpg,-3,/mnt/research-projects/j/jlgage/RawUAVData01/uavforslb/final_image/final_sliced/20240727_B7A_04128.jpg
5553,C10,2025,7/2/25,7.0,7/4/25,20250704_C10_05553.jpg,2,/mnt/research-projects/j/jlgage/RawUAVData01/uavforslb/final_image/final_sliced/20250704_C10_05553.jpg
4487,B7A,2024,7/30/24,1.5,7/27/24,20240727_B7A_04487.jpg,-3,/mnt/research-projects/j/jlgage/RawUAVData01/uavforslb/final_image/final_sliced/20240727_B7A_04487.jpg
3746,C6B,2024,7/30/24,4.0,8/2/24,20240802_C6B_03746.jpg,3,/mnt/research-projects/j/jlgage/RawUAVData01/uavforslb/final_image/final_sliced/20240802_C6B_03746.jpg
1458,C7B,2025,7/1/25,6.0,7/1/25,20250701_C7B_01458.jpg,0,/mnt/research-projects/j/jlgage/RawUAVData01/uavforslb/final_image/final_sliced/20250701_C7B_01458.jpg
1840,C6B,2024,7/29/24,2.0,7/26/24,20240726_C6B_01840.jpg,-3,/mnt/research-projects/j/jlgage/RawUAVData01/uavforslb/final_image/final_sliced/20240726_C6B_01840.jpg
25,C7B,2025,6/30/25,7.0,7/1/25,20250701_C7B_00025.jpg,1,/mnt/research-projects/j/jlgage/RawUAVData01/uavforslb/final_image/final_sliced/20250701_C7B_00025.jpg
1557,C7B,2025,7/1/25,5.0,7/1/25,20250701_C7B_01557.jpg,0,/mnt/research-projects/j/jlgage/RawUAVData01/uavforslb/final_image/final_sliced/20250701_C7B_01557.jpg
5324,C10,2025,7/2/25,5.5,7/4/25,20250704_C10_05324.jpg,2,/mnt/research-projects/j/jlgage/RawUAVData01/uavforslb/final_image/final_sliced/20250704_C10_05324.jpg
708,C6B,2024,7/29/24,4.0,7/26/24,20240726_C6B_00708.jpg,-3,/mnt/research-projects/j/jlgage/RawUAVData01/uavforslb/final_image/final_sliced/20240726_C6B_00708.jpg
3437,C6B,2024,7/15/24,7.0,7/18/24,20240718_C6B_03437.jpg,3,/mnt/research-projects/j/jlgage/RawUAVData01/uavforslb/final_image/final_sliced/20240718_C6B_03437.jpg
4832,C10,2025,7/11/25,4.5,7/11/25,20250711_C10_04832.jpg,0,/mnt/research-projects/j/jlgage/RawUAVData01/uavforslb/final_image/final_sliced/20250711_C10_04832.jpg
4213,B7A,2024,7/15/24,8.5,7/16/24,20240716_B7A_04213.jpg,1,/mnt/research-projects/j/jlgage/RawUAVData01/uavforslb/final_image/final_sliced/20240716_B7A_04213.jpg
4874,C10,2025,7/2/25,5.5,7/4/25,20250704_C10_04874.jpg,2,/mnt/research-projects/j/jlgage/RawUAVData01/uavforslb/final_image/final_sliced/20250704_C10_04874.jpg
5243,C10,2025,7/11/25,4.5,7/11/25,20250711_C10_05243.jpg,0,/mnt/research-projects/j/jlgage/RawUAVData01/uavforslb/final_image/final_sliced/20250711_C10_05243.jpg
1217,C7B,2025,7/10/25,5.0,7/10/25,20250710_C7B_01217.jpg,0,/mnt/research-projects/j/jlgage/RawUAVData01/uavforslb/final_image/final_sliced/20250710_C7B_01217.jpg
799,C6B,2024,7/19/24,7.0,7/18/24,20240718_C6B_00799.jpg,-1,/mnt/research-projects/j/jlgage/RawUAVData01/uavforslb/final_image/final_sliced/20240718_C6B_00799.jpg
1544,C6B,2024,7/29/24,8.0,7/26/24,20240726_C6B_01544.jpg,-3,/mnt/research-projects/j/jlgage/RawUAVData01/uavforslb/final_image/final_sliced/20240726_C6B_01544.jpg
956,C6B,2024,7/29/24,5.0,7/26/24,20240726_C6B_00956.jpg,-3,/mnt/research-projects/j/jlgage/RawUAVData01/uavforslb/final_image/final_sliced/20240726_C6B_00956.jpg
5607,C10,2025,7/20/25,2.0,7/21/25,20250721_C10_05607.jpg,1,/mnt/research-projects/j/jlgage/RawUAVData01/uavforslb/final_image/final_sliced/20250721_C10_05607.jpg
1925,C6B,2024,7/29/24,1.0,7/26/24,20240726_C6B_01925.jpg,-3,/mnt/research-projects/j/jlgage/RawUAVData01/uavforslb/final_image/final_sliced/20240726_C6B_01925.jpg
3923,B7A,2024,7/15/24,6.5,7/16/24,20240716_B7A_03923.jpg,1,/mnt/research-projects/j/jlgage/RawUAVData01/uavforslb/final_image/final_sliced/20240716_B7A_03923.jpg
4539,B7A,2024,7/15/24,7.0,7/16/24,20240716_B7A_04539.jpg,1,/mnt/research-projects/j/jlgage/RawUAVData01/uavforslb/final_image/final_sliced/20240716_B7A_04539.jpg
2729,C6B,2024,7/15/24,7.5,7/18/24,20240718_C6B_02729.jpg,3,/mnt/research-projects/j/jlgage/RawUAVData01/uavforslb/final_image/final_sliced/20240718_C6B_02729.jpg
4380,B7A,2024,7/30/24,3.0,7/27/24,20240727_B7A_04380.jpg,-3,/mnt/research-projects/j/jlgage/RawUAVData01/uavforslb/final_image/final_sliced/20240727_B7A_04380.jpg
1524,C6B,2024,7/29/24,4.0,7/26/24,20240726_C6B_01524.jpg,-3,/mnt/research-projects/j/jlgage/RawUAVData01/uavforslb/final_image/final_sliced/20240726_C6B_01524.jpg
734,C7B,2025,7/10/25,5.0,7/10/25,20250710_C7B_00734.jpg,0,/mnt/research-projects/j/jlgage/RawUAVData01/uavforslb/final_image/final_sliced/20250710_C7B_00734.jpg
4652,B7A,2024,7/15/24,8.0,7/16/24,20240716_B7A_04652.jpg,1,/mnt/research-projects/j/jlgage/RawUAVData01/uavforslb/final_image/final_sliced/20240716_B7A_04652.jpg
5598,C10,2025,7/20/25,3.0,7/21/25,20250721_C10_05598.jpg,1,/mnt/research-projects/j/jlgage/RawUAVData01/uavforslb/final_image/final_sliced/20250721_C10_05598.jpg
4908,C10,2025,7/11/25,5.0,7/11/25,20250711_C10_04908.jpg,0,/mnt/research-projects/j/jlgage/RawUAVData01/uavforslb/final_image/final_sliced/20250711_C10_04908.jpg
6755,C10,2025,7/14/25,6.5,7/14/25,20250714_C10_06755.jpg,0,/mnt/research-projects/j/jlgage/RawUAVData01/uavforslb/final_image/final_sliced/20250714_C10_06755.jpg
947,C7B,2025,7/1/25,7.0,7/1/25,20250701_C7B_00947.jpg,0,/mnt/research-projects/j/jlgage/RawUAVData01/uavforslb/final_image/final_sliced/20250701_C7B_00947.jpg
312,C6B,2024,7/19/24,7.5,7/18/24,20240718_C6B_00312.jpg,-1,/mnt/research-projects/j/jlgage/RawUAVData01/uavforslb/final_image/final_sliced/20240718_C6B_00312.jpg
360,C7B,2025,7/18/25,3.5,7/18/25,20250718_C7B_00360.jpg,0,/mnt/research-projects/j/jlgage/RawUAVData01/uavforslb/final_image/final_sliced/20250718_C7B_00360.jpg
2921,C6B,2024,7/15/24,6.0,7/18/24,20240718_C6B_02921.jpg,3,/mnt/research-projects/j/jlgage/RawUAVData01/uavforslb/final_image/final_sliced/20240718_C6B_02921.jpg
5676,C10,2025,7/11/25,8.0,7/11/25,20250711_C10_05676.jpg,0,/mnt/research-projects/j/jlgage/RawUAVData01/uavforslb/final_image/final_sliced/20250711_C10_05676.jpg
1477,C7B,2025,7/1/25,6.0,7/1/25,20250701_C7B_01477.jpg,0,/mnt/research-projects/j/jlgage/RawUAVData01/uavforslb/final_image/final_sliced/20250701_C7B_01477.jpg
1945,C7B,2025,7/7/25,6.0,7/7/25,20250707_C7B_01945.jpg,0,/mnt/research-projects/j/jlgage/RawUAVData01/uavforslb/final_image/final_sliced/20250707_C7B_01945.jpg
3975,B7A,2024,7/15/24,8.5,7/16/24,20240716_B7A_03975.jpg,1,/mnt/research-projects/j/jlgage/RawUAVData01/uavforslb/final_image/final_sliced/20240716_B7A_03975.jpg
2599,C6B,2024,7/15/24,7.0,7/18/24,20240718_C6B_02599.jpg,3,/mnt/research-projects/j/jlgage/RawUAVData01/uavforslb/final_image/final_sliced/20240718_C6B_02599.jpg
2754,C6B,2024,7/30/24,4.0,8/2/24,20240802_C6B_02754.jpg,3,/mnt/research-projects/j/jlgage/RawUAVData01/uavforslb/final_image/final_sliced/20240802_C6B_02754.jpg
4136,B7A,2024,7/15/24,6.5,7/16/24,20240716_B7A_04136.jpg,1,/mnt/research-projects/j/jlgage/RawUAVData01/uavforslb/final_image/final_sliced/20240716_B7A_04136.jpg
1443,C6B,2024,7/29/24,2.0,7/26/24,20240726_C6B_01443.jpg,-3,/mnt/research-projects/j/jlgage/RawUAVData01/uavforslb/final_image/final_sliced/20240726_C6B_01443.jpg
3309,C6B,2024,7/15/24,7.0,7/18/24,20240718_C6B_03309.jpg,3,/mnt/research-projects/j/jlgage/RawUAVData01/uavforslb/final_image/final_sliced/20240718_C6B_03309.jpg
1103,C6B,2024,7/29/24,3.0,7/26/24,20240726_C6B_01103.jpg,-3,/mnt/research-projects/j/jlgage/RawUAVData01/uavforslb/final_image/final_sliced/20240726_C6B_01103.jpg
707,C7B,2025,7/18/25,3.0,7/18/25,20250718_C7B_00707.jpg,0,/mnt/research-projects/j/jlgage/RawUAVData01/uavforslb/final_image/final_sliced/20250718_C7B_00707.jpg
5506,C10,2025,7/11/25,5.0,7/11/25,20250711_C10_05506.jpg,0,/mnt/research-projects/j/jlgage/RawUAVData01/uavforslb/final_image/final_sliced/20250711_C10_05506.jpg
3871,B7A,2024,7/15/24,8.5,7/16/24,20240716_B7A_03871.jpg,1,/mnt/research-projects/j/jlgage/RawUAVData01/uavforslb/final_image/final_sliced/20240716_B7A_03871.jpg
4430,C10,2025,6/30/25,7.0,6/28/25,20250628_C10_04430.jpg,-2,/mnt/research-projects/j/jlgage/RawUAVData01/uavforslb/final_image/final_sliced/20250628_C10_04430.jpg
2957,C6B,2024,7/15/24,7.5,7/18/24,20240718_C6B_02957.jpg,3,/mnt/research-projects/j/jlgage/RawUAVData01/uavforslb/final_image/final_sliced/20240718_C6B_02957.jpg
898,C7B,2025,7/1/25,6.0,7/1/25,20250701_C7B_00898.jpg,0,/mnt/research-projects/j/jlgage/RawUAVData01/uavforslb/final_image/final_sliced/20250701_C7B_00898.jpg
4172,B7A,2024,7/15/24,5.5,7/16/24,20240716_B7A_04172.jpg,1,/mnt/research-projects/j/jlgage/RawUAVData01/uavforslb/final_image/final_sliced/20240716_B7A_04172.jpg
703,C6B,2024,7/19/24,8.5,7/18/24,20240718_C6B_00703.jpg,-1,/mnt/research-projects/j/jlgage/RawUAVData01/uavforslb/final_image/final_sliced/20240718_C6B_00703.jpg
2982,C6B,2024,7/30/24,5.0,8/2/24,20240802_C6B_02982.jpg,3,/mnt/research-projects/j/jlgage/RawUAVData01/uavforslb/final_image/final_sliced/20240802_C6B_02982.jpg
2836,C6B,2024,7/15/24,8.5,7/18/24,20240718_C6B_02836.jpg,3,/mnt/research-projects/j/jlgage/RawUAVData01/uavforslb/final_image/final_sliced/20240718_C6B_02836.jpg
3570,C6B,2024,7/15/24,8.0,7/18/24,20240718_C6B_03570.jpg,3,/mnt/research-projects/j/jlgage/RawUAVData01/uavforslb/final_image/final_sliced/20240718_C6B_03570.jpg
4065,C10,2025,7/7/25,5.5,7/7/25,20250707_C10_04065.jpg,0,/mnt/research-projects/j/jlgage/RawUAVData01/uavforslb/final_image/final_sliced/20250707_C10_04065.jpg
2812,C7B,2025,7/18/25,5.0,7/18/25,20250718_C7B_02812.jpg,0,/mnt/research-projects/j/jlgage/RawUAVData01/uavforslb/final_image/final_sliced/20250718_C7B_02812.jpg
305,C7B,2025,7/4/25,6.5,7/4/25,20250704_C7B_00305.jpg,0,/mnt/research-projects/j/jlgage/RawUAVData01/uavforslb/final_image/final_sliced/20250704_C7B_00305.jpg
5560,C10,2025,7/2/25,5.0,7/4/25,20250704_C10_05560.jpg,2,/mnt/research-projects/j/jlgage/RawUAVData01/uavforslb/final_image/final_sliced/20250704_C10_05560.jpg
3913,B7A,2024,7/30/24,2.0,7/27/24,20240727_B7A_03913.jpg,-3,/mnt/research-projects/j/jlgage/RawUAVData01/uavforslb/final_image/final_sliced/20240727_B7A_03913.jpg
4046,C10,2025,7/19/25,5.0,7/18/25,20250718_C10_04046.jpg,-1,/mnt/research-projects/j/jlgage/RawUAVData01/uavforslb/final_image/final_sliced/20250718_C10_04046.jpg
542,C7B,2025,7/10/25,8.0,7/10/25,20250710_C7B_00542.jpg,0,/mnt/research-projects/j/jlgage/RawUAVData01/uavforslb/final_image/final_sliced/20250710_C7B_00542.jpg
511,C6B,2024,7/19/24,8.5,7/18/24,20240718_C6B_00511.jpg,-1,/mnt/research-projects/j/jlgage/RawUAVData01/uavforslb/final_image/final_sliced/20240718_C6B_00511.jpg
3825,B7A,2024,7/15/24,8.0,7/16/24,20240716_B7A_03825.jpg,1,/mnt/research-projects/j/jlgage/RawUAVData01/uavforslb/final_image/final_sliced/20240716_B7A_03825.jpg
5500,C10,2025,7/20/25,7.5,7/21/25,20250721_C10_05500.jpg,1,/mnt/research-projects/j/jlgage/RawUAVData01/uavforslb/final_image/final_sliced/20250721_C10_05500.jpg
3264,C6B,2024,7/15/24,8.5,7/18/24,20240718_C6B_03264.jpg,3,/mnt/research-projects/j/jlgage/RawUAVData01/uavforslb/final_image/final_sliced/20240718_C6B_03264.jpg
2017,C6B,2024,7/29/24,3.0,7/26/24,20240726_C6B_02017.jpg,-3,/mnt/research-projects/j/jlgage/RawUAVData01/uavforslb/final_image/final_sliced/20240726_C6B_02017.jpg
4538,C10,2025,7/2/25,5.0,7/4/25,20250704_C10_04538.jpg,2,/mnt/research-projects/j/jlgage/RawUAVData01/uavforslb/final_image/final_sliced/20250704_C10_04538.jpg
381,C6B,2024,7/29/24,6.0,7/26/24,20240726_C6B_00381.jpg,-3,/mnt/research-projects/j/jlgage/RawUAVData01/uavforslb/final_image/final_sliced/20240726_C6B_00381.jpg
3886,B7A,2024,7/15/24,8.0,7/16/24,20240716_B7A_03886.jpg,1,/mnt/research-projects/j/jlgage/RawUAVData01/uavforslb/final_image/final_sliced/20240716_B7A_03886.jpg
5491,C10,2025,7/2/25,7.0,7/4/25,20250704_C10_05491.jpg,2,/mnt/research-projects/j/jlgage/RawUAVData01/uavforslb/final_image/final_sliced/20250704_C10_05491.jpg
2049,C6B,2024,7/29/24,1.5,7/26/24,20240726_C6B_02049.jpg,-3,/mnt/research-projects/j/jlgage/RawUAVData01/uavforslb/final_image/final_sliced/20240726_C6B_02049.jpg
5894,C10,2025,7/19/25,2.5,7/18/25,20250718_C10_05894.jpg,-1,/mnt/research-projects/j/jlgage/RawUAVData01/uavforslb/final_image/final_sliced/20250718_C10_05894.jpg
5094,C10,2025,7/20/25,3.5,7/21/25,20250721_C10_05094.jpg,1,/mnt/research-projects/j/jlgage/RawUAVData01/uavforslb/final_image/final_sliced/20250721_C10_05094.jpg
3432,C6B,2024,7/30/24,4.0,8/2/24,20240802_C6B_03432.jpg,3,/mnt/research-projects/j/jlgage/RawUAVData01/uavforslb/final_image/final_sliced/20240802_C6B_03432.jpg
3524,C6B,2024,7/15/24,8.5,7/18/24,20240718_C6B_03524.jpg,3,/mnt/research-projects/j/jlgage/RawUAVData01/uavforslb/final_image/final_sliced/20240718_C6B_03524.jpg
4220,C10,2025,7/11/25,7.0,7/11/25,20250711_C10_04220.jpg,0,/mnt/research-projects/j/jlgage/RawUAVData01/uavforslb/final_image/final_sliced/20250711_C10_04220.jpg
3980,B7A,2024,7/15/24,5.0,7/16/24,20240716_B7A_03980.jpg,1,/mnt/research-projects/j/jlgage/RawUAVData01/uavforslb/final_image/final_sliced/20240716_B7A_03980.jpg
4462,C10,2025,7/20/25,2.0,7/21/25,20250721_C10_04462.jpg,1,/mnt/research-projects/j/jlgage/RawUAVData01/uavforslb/final_image/final_sliced/20250721_C10_04462.jpg
508,C7B,2025,6/30/25,7.0,7/1/25,20250701_C7B_00508.jpg,1,/mnt/research-projects/j/jlgage/RawUAVData01/uavforslb/final_image/final_sliced/20250701_C7B_00508.jpg
5783,C10,2025,7/19/25,5.0,7/18/25,20250718_C10_05783.jpg,-1,/mnt/research-projects/j/jlgage/RawUAVData01/uavforslb/final_image/final_sliced/20250718_C10_05783.jpg
1644,C6B,2024,7/19/24,5.5,7/18/24,20240718_C6B_01644.jpg,-1,/mnt/research-projects/j/jlgage/RawUAVData01/uavforslb/final_image/final_sliced/20240718_C6B_01644.jpg
3541,C6B,2024,7/15/24,8.0,7/18/24,20240718_C6B_03541.jpg,3,/mnt/research-projects/j/jlgage/RawUAVData01/uavforslb/final_image/final_sliced/20240718_C6B_03541.jpg
5359,C10,2025,7/2/25,5.5,7/4/25,20250704_C10_05359.jpg,2,/mnt/research-projects/j/jlgage/RawUAVData01/uavforslb/final_image/final_sliced/20250704_C10_05359.jpg
3474,C6B,2024,7/30/24,2.0,8/2/24,20240802_C6B_03474.jpg,3,/mnt/research-projects/j/jlgage/RawUAVData01/uavforslb/final_image/final_sliced/20240802_C6B_03474.jpg
3081,C6B,2024,7/30/24,1.5,8/2/24,20240802_C6B_03081.jpg,3,/mnt/research-projects/j/jlgage/RawUAVData01/uavforslb/final_image/final_sliced/20240802_C6B_03081.jpg
2505,C6B,2024,7/18/24,6.0,7/18/24,20240718_C6B_02505.jpg,0,/mnt/research-projects/j/jlgage/RawUAVData01/uavforslb/final_image/final_sliced/20240718_C6B_02505.jpg
5067,C10,2025,7/11/25,5.0,7/11/25,20250711_C10_05067.jpg,0,/mnt/research-projects/j/jlgage/RawUAVData01/uavforslb/final_image/final_sliced/20250711_C10_05067.jpg
4616,C10,2025,7/20/25,1.5,7/21/25,20250721_C10_04616.jpg,1,/mnt/research-projects/j/jlgage/RawUAVData01/uavforslb/final_image/final_sliced/20250721_C10_04616.jpg
1485,C6B,2024,7/29/24,3.0,7/26/24,20240726_C6B_01485.jpg,-3,/mnt/research-projects/j/jlgage/RawUAVData01/uavforslb/final_image/final_sliced/20240726_C6B_01485.jpg
4611,C10,2025,7/20/25,3.0,7/21/25,20250721_C10_04611.jpg,1,/mnt/research-projects/j/jlgage/RawUAVData01/uavforslb/final_image/final_sliced/20250721_C10_04611.jpg
427,C7B,2025,7/10/25,3.5,7/10/25,20250710_C7B_00427.jpg,0,/mnt/research-projects/j/jlgage/RawUAVData01/uavforslb/final_image/final_sliced/20250710_C7B_00427.jpg
5047,C6B,2024,7/11/24,8.0,7/10/24,20240710_C6B_05047.jpg,-1,/mnt/research-projects/j/jlgage/RawUAVData01/uavforslb/final_image/final_sliced/20240710_C6B_05047.jpg
4258,C10,2025,6/30/25,8.0,6/28/25,20250628_C10_04258.jpg,-2,/mnt/research-projects/j/jlgage/RawUAVData01/uavforslb/final_image/final_sliced/20250628_C10_04258.jpg
1989,C6B,2024,7/29/24,1.5,7/26/24,20240726_C6B_01989.jpg,-3,/mnt/research-projects/j/jlgage/RawUAVData01/uavforslb/final_image/final_sliced/20240726_C6B_01989.jpg
5728,C10,2025,7/19/25,2.5,7/18/25,20250718_C10_05728.jpg,-1,/mnt/research-projects/j/jlgage/RawUAVData01/uavforslb/final_image/final_sliced/20250718_C10_05728.jpg
3529,C6B,2024,7/30/24,2.0,8/2/24,20240802_C6B_03529.jpg,3,/mnt/research-projects/j/jlgage/RawUAVData01/uavforslb/final_image/final_sliced/20240802_C6B_03529.jpg
1420,C6B,2024,7/19/24,8.5,7/18/24,20240718_C6B_01420.jpg,-1,/mnt/research-projects/j/jlgage/RawUAVData01/uavforslb/final_image/final_sliced/20240718_C6B_01420.jpg
1964,C7B,2025,7/7/25,5.0,7/7/25,20250707_C7B_01964.jpg,0,/mnt/research-projects/j/jlgage/RawUAVData01/uavforslb/final_image/final_sliced/20250707_C7B_01964.jpg
1092,C7B,2025,7/1/25,7.5,7/1/25,20250701_C7B_01092.jpg,0,/mnt/research-projects/j/jlgage/RawUAVData01/uavforslb/final_image/final_sliced/20250701_C7B_01092.jpg
3013,C6B,2024,7/30/24,1.5,8/2/24,20240802_C6B_03013.jpg,3,/mnt/research-projects/j/jlgage/RawUAVData01/uavforslb/final_image/final_sliced/20240802_C6B_03013.jpg
6637,C10,2025,7/3/25,7.5,7/4/25,20250704_C10_06637.jpg,1,/mnt/research-projects/j/jlgage/RawUAVData01/uavforslb/final_image/final_sliced/20250704_C10_06637.jpg
1413,C6B,2024,7/29/24,2.0,7/26/24,20240726_C6B_01413.jpg,-3,/mnt/research-projects/j/jlgage/RawUAVData01/uavforslb/final_image/final_sliced/20240726_C6B_01413.jpg
727,C6B,2024,7/19/24,8.5,7/18/24,20240718_C6B_00727.jpg,-1,/mnt/research-projects/j/jlgage/RawUAVData01/uavforslb/final_image/final_sliced/20240718_C6B_00727.jpg
756,C6B,2024,7/29/24,6.0,7/26/24,20240726_C6B_00756.jpg,-3,/mnt/research-projects/j/jlgage/RawUAVData01/uavforslb/final_image/final_sliced/20240726_C6B_00756.jpg
1208,C6B,2024,7/19/24,8.0,7/18/24,20240718_C6B_01208.jpg,-1,/mnt/research-projects/j/jlgage/RawUAVData01/uavforslb/final_image/final_sliced/20240718_C6B_01208.jpg
4871,C10,2025,7/20/25,1.0,7/21/25,20250721_C10_04871.jpg,1,/mnt/research-projects/j/jlgage/RawUAVData01/uavforslb/final_image/final_sliced/20250721_C10_04871.jpg
1382,C7B,2025,7/18/25,2.0,7/18/25,20250718_C7B_01382.jpg,0,/mnt/research-projects/j/jlgage/RawUAVData01/uavforslb/final_image/final_sliced/20250718_C7B_01382.jpg
4324,C10,2025,7/11/25,5.5,7/11/25,20250711_C10_04324.jpg,0,/mnt/research-projects/j/jlgage/RawUAVData01/uavforslb/final_image/final_sliced/20250711_C10_04324.jpg
5630,C10,2025,7/11/25,5.0,7/11/25,20250711_C10_05630.jpg,0,/mnt/research-projects/j/jlgage/RawUAVData01/uavforslb/final_image/final_sliced/20250711_C10_05630.jpg
857,C6B,2024,7/29/24,3.0,7/26/24,20240726_C6B_00857.jpg,-3,/mnt/research-projects/j/jlgage/RawUAVData01/uavforslb/final_image/final_sliced/20240726_C6B_00857.jpg
4532,B7A,2024,7/15/24,7.0,7/16/24,20240716_B7A_04532.jpg,1,/mnt/research-projects/j/jlgage/RawUAVData01/uavforslb/final_image/final_sliced/20240716_B7A_04532.jpg
4075,C10,2025,7/11/25,3.5,7/11/25,20250711_C10_04075.jpg,0,/mnt/research-projects/j/jlgage/RawUAVData01/uavforslb/final_image/final_sliced/20250711_C10_04075.jpg
4601,B7A,2024,7/15/24,8.0,7/16/24,20240716_B7A_04601.jpg,1,/mnt/research-projects/j/jlgage/RawUAVData01/uavforslb/final_image/final_sliced/20240716_B7A_04601.jpg
5249,C10,2025,7/11/25,4.0,7/11/25,20250711_C10_05249.jpg,0,/mnt/research-projects/j/jlgage/RawUAVData01/uavforslb/final_image/final_sliced/20250711_C10_05249.jpg
944,C6B,2024,7/19/24,8.0,7/18/24,20240718_C6B_00944.jpg,-1,/mnt/research-projects/j/jlgage/RawUAVData01/uavforslb/final_image/final_sliced/20240718_C6B_00944.jpg
5570,B7A,2024,7/18/24,4.5,7/16/24,20240716_B7A_05570.jpg,-2,/mnt/research-projects/j/jlgage/RawUAVData01/uavforslb/final_image/final_sliced/20240716_B7A_05570.jpg
4309,C10,2025,7/11/25,6.0,7/11/25,20250711_C10_04309.jpg,0,/mnt/research-projects/j/jlgage/RawUAVData01/uavforslb/final_image/final_sliced/20250711_C10_04309.jpg
2020,C6B,2024,7/19/24,7.0,7/18/24,20240718_C6B_02020.jpg,-1,/mnt/research-projects/j/jlgage/RawUAVData01/uavforslb/final_image/final_sliced/20240718_C6B_02020.jpg
4554,B7A,2024,7/15/24,8.0,7/16/24,20240716_B7A_04554.jpg,1,/mnt/research-projects/j/jlgage/RawUAVData01/uavforslb/final_image/final_sliced/20240716_B7A_04554.jpg
162,C7B,2025,6/30/25,7.0,7/1/25,20250701_C7B_00162.jpg,1,/mnt/research-projects/j/jlgage/RawUAVData01/uavforslb/final_image/final_sliced/20250701_C7B_00162.jpg
5523,B7A,2024,7/27/24,5.0,7/27/24,20240727_B7A_05523.jpg,0,/mnt/research-projects/j/jlgage/RawUAVData01/uavforslb/final_image/final_sliced/20240727_B7A_05523.jpg
5718,C10,2025,7/19/25,2.0,7/18/25,20250718_C10_05718.jpg,-1,/mnt/research-projects/j/jlgage/RawUAVData01/uavforslb/final_image/final_sliced/20250718_C10_05718.jpg
2857,C7B,2025,7/13/25,6.0,7/12/25,20250712_C7B_02857.jpg,-1,/mnt/research-projects/j/jlgage/RawUAVData01/uavforslb/final_image/final_sliced/20250712_C7B_02857.jpg
5553,B7A,2024,7/1/24,8.0,7/3/24,20240703_B7A_05553.jpg,2,/mnt/research-projects/j/jlgage/RawUAVData01/uavforslb/final_image/final_sliced/20240703_B7A_05553.jpg
315,C6B,2024,7/19/24,8.5,7/18/24,20240718_C6B_00315.jpg,-1,/mnt/research-projects/j/jlgage/RawUAVData01/uavforslb/final_image/final_sliced/20240718_C6B_00315.jpg
1491,C6B,2024,7/29/24,4.0,7/26/24,20240726_C6B_01491.jpg,-3,/mnt/research-projects/j/jlgage/RawUAVData01/uavforslb/final_image/final_sliced/20240726_C6B_01491.jpg
4021,B7A,2024,7/15/24,8.5,7/16/24,20240716_B7A_04021.jpg,1,/mnt/research-projects/j/jlgage/RawUAVData01/uavforslb/final_image/final_sliced/20240716_B7A_04021.jpg
3589,C6B,2024,7/15/24,8.0,7/18/24,20240718_C6B_03589.jpg,3,/mnt/research-projects/j/jlgage/RawUAVData01/uavforslb/final_image/final_sliced/20240718_C6B_03589.jpg
6047,C10,2025,7/19/25,4.0,7/18/25,20250718_C10_06047.jpg,-1,/mnt/research-projects/j/jlgage/RawUAVData01/uavforslb/final_image/final_sliced/20250718_C10_06047.jpg
4097,C10,2025,6/30/25,7.0,6/28/25,20250628_C10_04097.jpg,-2,/mnt/research-projects/j/jlgage/RawUAVData01/uavforslb/final_image/final_sliced/20250628_C10_04097.jpg
73,C7B,2025,6/30/25,6.0,7/1/25,20250701_C7B_00073.jpg,1,/mnt/research-projects/j/jlgage/RawUAVData01/uavforslb/final_image/final_sliced/20250701_C7B_00073.jpg
4336,C10,2025,7/7/25,7.5,7/7/25,20250707_C10_04336.jpg,0,/mnt/research-projects/j/jlgage/RawUAVData01/uavforslb/final_image/final_sliced/20250707_C10_04336.jpg
4361,B7A,2024,7/15/24,4.5,7/16/24,20240716_B7A_04361.jpg,1,/mnt/research-projects/j/jlgage/RawUAVData01/uavforslb/final_image/final_sliced/20240716_B7A_04361.jpg
1533,C7B,2025,7/1/25,5.5,7/1/25,20250701_C7B_01533.jpg,0,/mnt/research-projects/j/jlgage/RawUAVData01/uavforslb/final_image/final_sliced/20250701_C7B_01533.jpg
1152,C7B,2025,7/18/25,4.5,7/18/25,20250718_C7B_01152.jpg,0,/mnt/research-projects/j/jlgage/RawUAVData01/uavforslb/final_image/final_sliced/20250718_C7B_01152.jpg
3250,C6B,2024,7/30/24,1.5,8/2/24,20240802_C6B_03250.jpg,3,/mnt/research-projects/j/jlgage/RawUAVData01/uavforslb/final_image/final_sliced/20240802_C6B_03250.jpg
1556,C7B,2025,7/18/25,3.0,7/18/25,20250718_C7B_01556.jpg,0,/mnt/research-projects/j/jlgage/RawUAVData01/uavforslb/final_image/final_sliced/20250718_C7B_01556.jpg
1764,C6B,2024,7/29/24,2.5,7/26/24,20240726_C6B_01764.jpg,-3,/mnt/research-projects/j/jlgage/RawUAVData01/uavforslb/final_image/final_sliced/20240726_C6B_01764.jpg
5012,C6B,2024,7/27/24,8.0,7/26/24,20240726_C6B_05012.jpg,-1,/mnt/research-projects/j/jlgage/RawUAVData01/uavforslb/final_image/final_sliced/20240726_C6B_05012.jpg
5758,C10,2025,7/11/25,8.0,7/11/25,20250711_C10_05758.jpg,0,/mnt/research-projects/j/jlgage/RawUAVData01/uavforslb/final_image/final_sliced/20250711_C10_05758.jpg
5548,B7A,2024,7/1/24,8.0,7/3/24,20240703_B7A_05548.jpg,2,/mnt/research-projects/j/jlgage/RawUAVData01/uavforslb/final_image/final_sliced/20240703_B7A_05548.jpg
170,C6B,2024,7/19/24,8.0,7/18/24,20240718_C6B_00170.jpg,-1,/mnt/research-projects/j/jlgage/RawUAVData01/uavforslb/final_image/final_sliced/20240718_C6B_00170.jpg
3023,C6B,2024,7/30/24,2.0,8/2/24,20240802_C6B_03023.jpg,3,/mnt/research-projects/j/jlgage/RawUAVData01/uavforslb/final_image/final_sliced/20240802_C6B_03023.jpg
2027,C6B,2024,7/19/24,7.0,7/18/24,20240718_C6B_02027.jpg,-1,/mnt/research-projects/j/jlgage/RawUAVData01/uavforslb/final_image/final_sliced/20240718_C6B_02027.jpg
3478,C6B,2024,7/15/24,8.0,7/18/24,20240718_C6B_03478.jpg,3,/mnt/research-projects/j/jlgage/RawUAVData01/uavforslb/final_image/final_sliced/20240718_C6B_03478.jpg
2680,C7B,2025,7/8/25,7.0,7/7/25,20250707_C7B_02680.jpg,-1,/mnt/research-projects/j/jlgage/RawUAVData01/uavforslb/final_image/final_sliced/20250707_C7B_02680.jpg
1948,C7B,2025,7/19/25,2.0,7/18/25,20250718_C7B_01948.jpg,-1,/mnt/research-projects/j/jlgage/RawUAVData01/uavforslb/final_image/final_sliced/20250718_C7B_01948.jpg
3782,C6B,2024,7/30/24,4.0,8/2/24,20240802_C6B_03782.jpg,3,/mnt/research-projects/j/jlgage/RawUAVData01/uavforslb/final_image/final_sliced/20240802_C6B_03782.jpg
1546,C6B,2024,7/19/24,7.0,7/18/24,20240718_C6B_01546.jpg,-1,/mnt/research-projects/j/jlgage/RawUAVData01/uavforslb/final_image/final_sliced/20240718_C6B_01546.jpg
2077,C6B,2024,7/19/24,6.0,7/18/24,20240718_C6B_02077.jpg,-1,/mnt/research-projects/j/jlgage/RawUAVData01/uavforslb/final_image/final_sliced/20240718_C6B_02077.jpg
1140,C6B,2024,7/29/24,6.0,7/26/24,20240726_C6B_01140.jpg,-3,/mnt/research-projects/j/jlgage/RawUAVData01/uavforslb/final_image/final_sliced/20240726_C6B_01140.jpg
1799,C7B,2025,7/10/25,7.0,7/10/25,20250710_C7B_01799.jpg,0,/mnt/research-projects/j/jlgage/RawUAVData01/uavforslb/final_image/final_sliced/20250710_C7B_01799.jpg
1900,C6B,2024,7/29/24,4.0,7/26/24,20240726_C6B_01900.jpg,-3,/mnt/research-projects/j/jlgage/RawUAVData01/uavforslb/final_image/final_sliced/20240726_C6B_01900.jpg
4122,B7A,2024,7/30/24,4.0,7/27/24,20240727_B7A_04122.jpg,-3,/mnt/research-projects/j/jlgage/RawUAVData01/uavforslb/final_image/final_sliced/20240727_B7A_04122.jpg
1252,C6B,2024,7/29/24,3.0,7/26/24,20240726_C6B_01252.jpg,-3,/mnt/research-projects/j/jlgage/RawUAVData01/uavforslb/final_image/final_sliced/20240726_C6B_01252.jpg
5755,C10,2025,7/19/25,5.0,7/18/25,20250718_C10_05755.jpg,-1,/mnt/research-projects/j/jlgage/RawUAVData01/uavforslb/final_image/final_sliced/20250718_C10_05755.jpg
1699,C7B,2025,7/10/25,5.0,7/10/25,20250710_C7B_01699.jpg,0,/mnt/research-projects/j/jlgage/RawUAVData01/uavforslb/final_image/final_sliced/20250710_C7B_01699.jpg
914,C6B,2024,7/29/24,5.0,7/26/24,20240726_C6B_00914.jpg,-3,/mnt/research-projects/j/jlgage/RawUAVData01/uavforslb/final_image/final_sliced/20240726_C6B_00914.jpg
1497,C7B,2025,7/18/25,2.0,7/18/25,20250718_C7B_01497.jpg,0,/mnt/research-projects/j/jlgage/RawUAVData01/uavforslb/final_image/final_sliced/20250718_C7B_01497.jpg
2537,C6B,2024,7/18/24,6.0,7/18/24,20240718_C6B_02537.jpg,0,/mnt/research-projects/j/jlgage/RawUAVData01/uavforslb/final_image/final_sliced/20240718_C6B_02537.jpg
279,C7B,2025,7/4/25,8.0,7/4/25,20250704_C7B_00279.jpg,0,/mnt/research-projects/j/jlgage/RawUAVData01/uavforslb/final_image/final_sliced/20250704_C7B_00279.jpg
5138,C10,2025,7/20/25,1.5,7/21/25,20250721_C10_05138.jpg,1,/mnt/research-projects/j/jlgage/RawUAVData01/uavforslb/final_image/final_sliced/20250721_C10_05138.jpg
4578,B7A,2024,7/30/24,5.0,7/27/24,20240727_B7A_04578.jpg,-3,/mnt/research-projects/j/jlgage/RawUAVData01/uavforslb/final_image/final_sliced/20240727_B7A_04578.jpg
4161,B7A,2024,7/15/24,8.5,7/16/24,20240716_B7A_04161.jpg,1,/mnt/research-projects/j/jlgage/RawUAVData01/uavforslb/final_image/final_sliced/20240716_B7A_04161.jpg
2158,C6B,2024,7/29/24,4.0,7/26/24,20240726_C6B_02158.jpg,-3,/mnt/research-projects/j/jlgage/RawUAVData01/uavforslb/final_image/final_sliced/20240726_C6B_02158.jpg
2131,C6B,2024,7/19/24,7.0,7/18/24,20240718_C6B_02131.jpg,-1,/mnt/research-projects/j/jlgage/RawUAVData01/uavforslb/final_image/final_sliced/20240718_C6B_02131.jpg
2909,C6B,2024,7/15/24,6.5,7/18/24,20240718_C6B_02909.jpg,3,/mnt/research-projects/j/jlgage/RawUAVData01/uavforslb/final_image/final_sliced/20240718_C6B_02909.jpg
1161,C6B,2024,7/19/24,7.0,7/18/24,20240718_C6B_01161.jpg,-1,/mnt/research-projects/j/jlgage/RawUAVData01/uavforslb/final_image/final_sliced/20240718_C6B_01161.jpg
3984,B7A,2024,7/30/24,3.0,7/27/24,20240727_B7A_03984.jpg,-3,/mnt/research-projects/j/jlgage/RawUAVData01/uavforslb/final_image/final_sliced/20240727_B7A_03984.jpg
2812,C6B,2024,7/30/24,2.0,8/2/24,20240802_C6B_02812.jpg,3,/mnt/research-projects/j/jlgage/RawUAVData01/uavforslb/final_image/final_sliced/20240802_C6B_02812.jpg
6817,C10,2025,7/18/25,5.5,7/18/25,20250718_C10_06817.jpg,0,/mnt/research-projects/j/jlgage/RawUAVData01/uavforslb/final_image/final_sliced/20250718_C10_06817.jpg
5137,C10,2025,7/11/25,7.0,7/11/25,20250711_C10_05137.jpg,0,/mnt/research-projects/j/jlgage/RawUAVData01/uavforslb/final_image/final_sliced/20250711_C10_05137.jpg
2843,C7B,2025,6/30/25,7.5,7/1/25,20250701_C7B_02843.jpg,1,/mnt/research-projects/j/jlgage/RawUAVData01/uavforslb/final_image/final_sliced/20250701_C7B_02843.jpg
813,C6B,2024,7/29/24,6.0,7/26/24,20240726_C6B_00813.jpg,-3,/mnt/research-projects/j/jlgage/RawUAVData01/uavforslb/final_image/final_sliced/20240726_C6B_00813.jpg
377,C6B,2024,7/19/24,6.5,7/18/24,20240718_C6B_00377.jpg,-1,/mnt/research-projects/j/jlgage/RawUAVData01/uavforslb/final_image/final_sliced/20240718_C6B_00377.jpg
3569,C6B,2024,7/30/24,1.5,8/2/24,20240802_C6B_03569.jpg,3,/mnt/research-projects/j/jlgage/RawUAVData01/uavforslb/final_image/final_sliced/20240802_C6B_03569.jpg
2681,C7B,2025,7/18/25,7.0,7/18/25,20250718_C7B_02681.jpg,0,/mnt/research-projects/j/jlgage/RawUAVData01/uavforslb/final_image/final_sliced/20250718_C7B_02681.jpg
521,C7B,2025,6/30/25,7.5,7/1/25,20250701_C7B_00521.jpg,1,/mnt/research-projects/j/jlgage/RawUAVData01/uavforslb/final_image/final_sliced/20250701_C7B_00521.jpg
609,C6B,2024,7/29/24,5.0,7/26/24,20240726_C6B_00609.jpg,-3,/mnt/research-projects/j/jlgage/RawUAVData01/uavforslb/final_image/final_sliced/20240726_C6B_00609.jpg
6658,C10,2025,7/14/25,3.0,7/14/25,20250714_C10_06658.jpg,0,/mnt/research-projects/j/jlgage/RawUAVData01/uavforslb/final_image/final_sliced/20250714_C10_06658.jpg
1437,C6B,2024,7/29/24,4.0,7/26/24,20240726_C6B_01437.jpg,-3,/mnt/research-projects/j/jlgage/RawUAVData01/uavforslb/final_image/final_sliced/20240726_C6B_01437.jpg
1297,C6B,2024,7/19/24,8.5,7/18/24,20240718_C6B_01297.jpg,-1,/mnt/research-projects/j/jlgage/RawUAVData01/uavforslb/final_image/final_sliced/20240718_C6B_01297.jpg
5033,C6B,2024,7/1/24,8.5,7/3/24,20240703_C6B_05033.jpg,2,/mnt/research-projects/j/jlgage/RawUAVData01/uavforslb/final_image/final_sliced/20240703_C6B_05033.jpg
3455,C6B,2024,7/15/24,8.5,7/18/24,20240718_C6B_03455.jpg,3,/mnt/research-projects/j/jlgage/RawUAVData01/uavforslb/final_image/final_sliced/20240718_C6B_03455.jpg
418,C6B,2024,7/19/24,7.5,7/18/24,20240718_C6B_00418.jpg,-1,/mnt/research-projects/j/jlgage/RawUAVData01/uavforslb/final_image/final_sliced/20240718_C6B_00418.jpg
2963,C6B,2024,7/15/24,8.0,7/18/24,20240718_C6B_02963.jpg,3,/mnt/research-projects/j/jlgage/RawUAVData01/uavforslb/final_image/final_sliced/20240718_C6B_02963.jpg
2752,C7B,2025,7/13/25,8.0,7/12/25,20250712_C7B_02752.jpg,-1,/mnt/research-projects/j/jlgage/RawUAVData01/uavforslb/final_image/final_sliced/20250712_C7B_02752.jpg
2056,C6B,2024,7/29/24,3.5,7/26/24,20240726_C6B_02056.jpg,-3,/mnt/research-projects/j/jlgage/RawUAVData01/uavforslb/final_image/final_sliced/20240726_C6B_02056.jpg
1334,C6B,2024,7/29/24,8.0,7/26/24,20240726_C6B_01334.jpg,-3,/mnt/research-projects/j/jlgage/RawUAVData01/uavforslb/final_image/final_sliced/20240726_C6B_01334.jpg
5059,C10,2025,7/20/25,2.0,7/21/25,20250721_C10_05059.jpg,1,/mnt/research-projects/j/jlgage/RawUAVData01/uavforslb/final_image/final_sliced/20250721_C10_05059.jpg
1099,C7B,2025,7/18/25,2.5,7/18/25,20250718_C7B_01099.jpg,0,/mnt/research-projects/j/jlgage/RawUAVData01/uavforslb/final_image/final_sliced/20250718_C7B_01099.jpg
6771,C10,2025,7/8/25,7.5,7/7/25,20250707_C10_06771.jpg,-1,/mnt/research-projects/j/jlgage/RawUAVData01/uavforslb/final_image/final_sliced/20250707_C10_06771.jpg
905,C7B,2025,7/18/25,3.0,7/18/25,20250718_C7B_00905.jpg,0,/mnt/research-projects/j/jlgage/RawUAVData01/uavforslb/final_image/final_sliced/20250718_C7B_00905.jpg
734,C6B,2024,7/19/24,8.5,7/18/24,20240718_C6B_00734.jpg,-1,/mnt/research-projects/j/jlgage/RawUAVData01/uavforslb/final_image/final_sliced/20240718_C6B_00734.jpg
2513,C6B,2024,7/11/24,8.5,7/10/24,20240710_C6B_02513.jpg,-1,/mnt/research-projects/j/jlgage/RawUAVData01/uavforslb/final_image/final_sliced/20240710_C6B_02513.jpg
808,C6B,2024,7/19/24,6.0,7/18/24,20240718_C6B_00808.jpg,-1,/mnt/research-projects/j/jlgage/RawUAVData01/uavforslb/final_image/final_sliced/20240718_C6B_00808.jpg
1528,C6B,2024,7/29/24,8.0,7/26/24,20240726_C6B_01528.jpg,-3,/mnt/research-projects/j/jlgage/RawUAVData01/uavforslb/final_image/final_sliced/20240726_C6B_01528.jpg
357,C6B,2024,7/29/24,3.0,7/26/24,20240726_C6B_00357.jpg,-3,/mnt/research-projects/j/jlgage/RawUAVData01/uavforslb/final_image/final_sliced/20240726_C6B_00357.jpg
3647,C6B,2024,7/30/24,1.5,8/2/24,20240802_C6B_03647.jpg,3,/mnt/research-projects/j/jlgage/RawUAVData01/uavforslb/final_image/final_sliced/20240802_C6B_03647.jpg
6677,C10,2025,7/8/25,8.0,7/7/25,20250707_C10_06677.jpg,-1,/mnt/research-projects/j/jlgage/RawUAVData01/uavforslb/final_image/final_sliced/20250707_C10_06677.jpg
2929,C6B,2024,7/30/24,1.5,8/2/24,20240802_C6B_02929.jpg,3,/mnt/research-projects/j/jlgage/RawUAVData01/uavforslb/final_image/final_sliced/20240802_C6B_02929.jpg
6643,C10,2025,7/18/25,7.5,7/18/25,20250718_C10_06643.jpg,0,/mnt/research-projects/j/jlgage/RawUAVData01/uavforslb/final_image/final_sliced/20250718_C10_06643.jpg
3490,C6B,2024,7/15/24,8.0,7/18/24,20240718_C6B_03490.jpg,3,/mnt/research-projects/j/jlgage/RawUAVData01/uavforslb/final_image/final_sliced/20240718_C6B_03490.jpg
3919,B7A,2024,7/15/24,8.0,7/16/24,20240716_B7A_03919.jpg,1,/mnt/research-projects/j/jlgage/RawUAVData01/uavforslb/final_image/final_sliced/20240716_B7A_03919.jpg
4047,C10,2025,7/11/25,7.5,7/11/25,20250711_C10_04047.jpg,0,/mnt/research-projects/j/jlgage/RawUAVData01/uavforslb/final_image/final_sliced/20250711_C10_04047.jpg
2674,C7B,2025,6/30/25,8.0,7/1/25,20250701_C7B_02674.jpg,1,/mnt/research-projects/j/jlgage/RawUAVData01/uavforslb/final_image/final_sliced/20250701_C7B_02674.jpg
2894,C6B,2024,7/30/24,3.5,8/2/24,20240802_C6B_02894.jpg,3,/mnt/research-projects/j/jlgage/RawUAVData01/uavforslb/final_image/final_sliced/20240802_C6B_02894.jpg
4464,B7A,2024,7/15/24,7.5,7/16/24,20240716_B7A_04464.jpg,1,/mnt/research-projects/j/jlgage/RawUAVData01/uavforslb/final_image/final_sliced/20240716_B7A_04464.jpg
111,C7B,2025,7/4/25,6.5,7/4/25,20250704_C7B_00111.jpg,0,/mnt/research-projects/j/jlgage/RawUAVData01/uavforslb/final_image/final_sliced/20250704_C7B_00111.jpg
3295,C6B,2024,7/30/24,1.5,8/2/24,20240802_C6B_03295.jpg,3,/mnt/research-projects/j/jlgage/RawUAVData01/uavforslb/final_image/final_sliced/20240802_C6B_03295.jpg
4352,C10,2025,7/7/25,5.0,7/7/25,20250707_C10_04352.jpg,0,/mnt/research-projects/j/jlgage/RawUAVData01/uavforslb/final_image/final_sliced/20250707_C10_04352.jpg
911,C7B,2025,7/18/25,4.5,7/18/25,20250718_C7B_00911.jpg,0,/mnt/research-projects/j/jlgage/RawUAVData01/uavforslb/final_image/final_sliced/20250718_C7B_00911.jpg
1304,C6B,2024,7/19/24,6.0,7/18/24,20240718_C6B_01304.jpg,-1,/mnt/research-projects/j/jlgage/RawUAVData01/uavforslb/final_image/final_sliced/20240718_C6B_01304.jpg
1422,C6B,2024,7/29/24,7.0,7/26/24,20240726_C6B_01422.jpg,-3,/mnt/research-projects/j/jlgage/RawUAVData01/uavforslb/final_image/final_sliced/20240726_C6B_01422.jpg
1523,C7B,2025,7/18/25,2.0,7/18/25,20250718_C7B_01523.jpg,0,/mnt/research-projects/j/jlgage/RawUAVData01/uavforslb/final_image/final_sliced/20250718_C7B_01523.jpg
2951,C6B,2024,7/30/24,2.0,8/2/24,20240802_C6B_02951.jpg,3,/mnt/research-projects/j/jlgage/RawUAVData01/uavforslb/final_image/final_sliced/20240802_C6B_02951.jpg
3635,C6B,2024,7/15/24,8.0,7/18/24,20240718_C6B_03635.jpg,3,/mnt/research-projects/j/jlgage/RawUAVData01/uavforslb/final_image/final_sliced/20240718_C6B_03635.jpg
3726,C6B,2024,7/15/24,8.5,7/18/24,20240718_C6B_03726.jpg,3,/mnt/research-projects/j/jlgage/RawUAVData01/uavforslb/final_image/final_sliced/20240718_C6B_03726.jpg
307,C6B,2024,7/19/24,8.0,7/18/24,20240718_C6B_00307.jpg,-1,/mnt/research-projects/j/jlgage/RawUAVData01/uavforslb/final_image/final_sliced/20240718_C6B_00307.jpg
2701,C6B,2024,7/15/24,8.0,7/18/24,20240718_C6B_02701.jpg,3,/mnt/research-projects/j/jlgage/RawUAVData01/uavforslb/final_image/final_sliced/20240718_C6B_02701.jpg
612,C7B,2025,7/18/25,3.0,7/18/25,20250718_C7B_00612.jpg,0,/mnt/research-projects/j/jlgage/RawUAVData01/uavforslb/final_image/final_sliced/20250718_C7B_00612.jpg
4443,C10,2025,6/30/25,5.5,6/28/25,20250628_C10_04443.jpg,-2,/mnt/research-projects/j/jlgage/RawUAVData01/uavforslb/final_image/final_sliced/20250628_C10_04443.jpg
5977,C10,2025,7/19/25,2.0,7/18/25,20250718_C10_05977.jpg,-1,/mnt/research-projects/j/jlgage/RawUAVData01/uavforslb/final_image/final_sliced/20250718_C10_05977.jpg
5022,C10,2025,7/11/25,5.0,7/11/25,20250711_C10_05022.jpg,0,/mnt/research-projects/j/jlgage/RawUAVData01/uavforslb/final_image/final_sliced/20250711_C10_05022.jpg
5896,C10,2025,7/1/25,5.0,6/28/25,20250628_C10_05896.jpg,-3,/mnt/research-projects/j/jlgage/RawUAVData01/uavforslb/final_image/final_sliced/20250628_C10_05896.jpg
4235,B7A,2024,7/15/24,8.5,7/16/24,20240716_B7A_04235.jpg,1,/mnt/research-projects/j/jlgage/RawUAVData01/uavforslb/final_image/final_sliced/20240716_B7A_04235.jpg
3763,C6B,2024,7/30/24,2.0,8/2/24,20240802_C6B_03763.jpg,3,/mnt/research-projects/j/jlgage/RawUAVData01/uavforslb/final_image/final_sliced/20240802_C6B_03763.jpg
509,C6B,2024,7/29/24,4.0,7/26/24,20240726_C6B_00509.jpg,-3,/mnt/research-projects/j/jlgage/RawUAVData01/uavforslb/final_image/final_sliced/20240726_C6B_00509.jpg
4370,B7A,2024,7/15/24,8.5,7/16/24,20240716_B7A_04370.jpg,1,/mnt/research-projects/j/jlgage/RawUAVData01/uavforslb/final_image/final_sliced/20240716_B7A_04370.jpg
1630,C6B,2024,7/29/24,3.0,7/26/24,20240726_C6B_01630.jpg,-3,/mnt/research-projects/j/jlgage/RawUAVData01/uavforslb/final_image/final_sliced/20240726_C6B_01630.jpg
3272,C6B,2024,7/30/24,3.0,8/2/24,20240802_C6B_03272.jpg,3,/mnt/research-projects/j/jlgage/RawUAVData01/uavforslb/final_image/final_sliced/20240802_C6B_03272.jpg
1863,C6B,2024,7/29/24,2.0,7/26/24,20240726_C6B_01863.jpg,-3,/mnt/research-projects/j/jlgage/RawUAVData01/uavforslb/final_image/final_sliced/20240726_C6B_01863.jpg
2519,C6B,2024,7/18/24,7.0,7/18/24,20240718_C6B_02519.jpg,0,/mnt/research-projects/j/jlgage/RawUAVData01/uavforslb/final_image/final_sliced/20240718_C6B_02519.jpg
4659,C10,2025,7/11/25,4.0,7/11/25,20250711_C10_04659.jpg,0,/mnt/research-projects/j/jlgage/RawUAVData01/uavforslb/final_image/final_sliced/20250711_C10_04659.jpg
1763,C6B,2024,7/19/24,8.0,7/18/24,20240718_C6B_01763.jpg,-1,/mnt/research-projects/j/jlgage/RawUAVData01/uavforslb/final_image/final_sliced/20240718_C6B_01763.jpg
2802,C7B,2025,6/30/25,8.0,7/1/25,20250701_C7B_02802.jpg,1,/mnt/research-projects/j/jlgage/RawUAVData01/uavforslb/final_image/final_sliced/20250701_C7B_02802.jpg
2556,C6B,2024,7/1/24,8.0,7/3/24,20240703_C6B_02556.jpg,2,/mnt/research-projects/j/jlgage/RawUAVData01/uavforslb/final_image/final_sliced/20240703_C6B_02556.jpg
1325,C7B,2025,7/1/25,5.0,7/1/25,20250701_C7B_01325.jpg,0,/mnt/research-projects/j/jlgage/RawUAVData01/uavforslb/final_image/final_sliced/20250701_C7B_01325.jpg
1284,C7B,2025,7/10/25,5.5,7/10/25,20250710_C7B_01284.jpg,0,/mnt/research-projects/j/jlgage/RawUAVData01/uavforslb/final_image/final_sliced/20250710_C7B_01284.jpg
457,C7B,2025,6/30/25,6.0,7/1/25,20250701_C7B_00457.jpg,1,/mnt/research-projects/j/jlgage/RawUAVData01/uavforslb/final_image/final_sliced/20250701_C7B_00457.jpg
895,C6B,2024,7/19/24,7.0,7/18/24,20240718_C6B_00895.jpg,-1,/mnt/research-projects/j/jlgage/RawUAVData01/uavforslb/final_image/final_sliced/20240718_C6B_00895.jpg
1837,C6B,2024,7/19/24,4.5,7/18/24,20240718_C6B_01837.jpg,-1,/mnt/research-projects/j/jlgage/RawUAVData01/uavforslb/final_image/final_sliced/20240718_C6B_01837.jpg
5957,C10,2025,7/19/25,2.0,7/18/25,20250718_C10_05957.jpg,-1,/mnt/research-projects/j/jlgage/RawUAVData01/uavforslb/final_image/final_sliced/20250718_C10_05957.jpg
140,C6B,2024,7/19/24,8.5,7/18/24,20240718_C6B_00140.jpg,-1,/mnt/research-projects/j/jlgage/RawUAVData01/uavforslb/final_image/final_sliced/20240718_C6B_00140.jpg
1331,C6B,2024,7/29/24,7.0,7/26/24,20240726_C6B_01331.jpg,-3,/mnt/research-projects/j/jlgage/RawUAVData01/uavforslb/final_image/final_sliced/20240726_C6B_01331.jpg
1287,C7B,2025,7/10/25,5.5,7/10/25,20250710_C7B_01287.jpg,0,/mnt/research-projects/j/jlgage/RawUAVData01/uavforslb/final_image/final_sliced/20250710_C7B_01287.jpg
1495,C7B,2025,7/1/25,7.0,7/1/25,20250701_C7B_01495.jpg,0,/mnt/research-projects/j/jlgage/RawUAVData01/uavforslb/final_image/final_sliced/20250701_C7B_01495.jpg
4480,C10,2025,7/2/25,7.5,7/4/25,20250704_C10_04480.jpg,2,/mnt/research-projects/j/jlgage/RawUAVData01/uavforslb/final_image/final_sliced/20250704_C10_04480.jpg
6671,C10,2025,6/30/25,6.5,6/28/25,20250628_C10_06671.jpg,-2,/mnt/research-projects/j/jlgage/RawUAVData01/uavforslb/final_image/final_sliced/20250628_C10_06671.jpg
1069,C6B,2024,7/29/24,2.0,7/26/24,20240726_C6B_01069.jpg,-3,/mnt/research-projects/j/jlgage/RawUAVData01/uavforslb/final_image/final_sliced/20240726_C6B_01069.jpg
3001,C6B,2024,7/30/24,2.0,8/2/24,20240802_C6B_03001.jpg,3,/mnt/research-projects/j/jlgage/RawUAVData01/uavforslb/final_image/final_sliced/20240802_C6B_03001.jpg
4008,B7A,2024,7/15/24,7.5,7/16/24,20240716_B7A_04008.jpg,1,/mnt/research-projects/j/jlgage/RawUAVData01/uavforslb/final_image/final_sliced/20240716_B7A_04008.jpg
2022,C7B,2025,7/10/25,6.0,7/10/25,20250710_C7B_02022.jpg,0,/mnt/research-projects/j/jlgage/RawUAVData01/uavforslb/final_image/final_sliced/20250710_C7B_02022.jpg
6701,C10,2025,6/30/25,7.5,6/28/25,20250628_C10_06701.jpg,-2,/mnt/research-projects/j/jlgage/RawUAVData01/uavforslb/final_image/final_sliced/20250628_C10_06701.jpg
4538,C10,2025,7/11/25,3.5,7/11/25,20250711_C10_04538.jpg,0,/mnt/research-projects/j/jlgage/RawUAVData01/uavforslb/final_image/final_sliced/20250711_C10_04538.jpg
5301,C10,2025,7/20/25,2.0,7/21/25,20250721_C10_05301.jpg,1,/mnt/research-projects/j/jlgage/RawUAVData01/uavforslb/final_image/final_sliced/20250721_C10_05301.jpg
4609,B7A,2024,7/15/24,7.0,7/16/24,20240716_B7A_04609.jpg,1,/mnt/research-projects/j/jlgage/RawUAVData01/uavforslb/final_image/final_sliced/20240716_B7A_04609.jpg
2072,C6B,2024,7/19/24,6.0,7/18/24,20240718_C6B_02072.jpg,-1,/mnt/research-projects/j/jlgage/RawUAVData01/uavforslb/final_image/final_sliced/20240718_C6B_02072.jpg
1655,C7B,2025,7/10/25,6.0,7/10/25,20250710_C7B_01655.jpg,0,/mnt/research-projects/j/jlgage/RawUAVData01/uavforslb/final_image/final_sliced/20250710_C7B_01655.jpg
3245,C6B,2024,7/30/24,3.5,8/2/24,20240802_C6B_03245.jpg,3,/mnt/research-projects/j/jlgage/RawUAVData01/uavforslb/final_image/final_sliced/20240802_C6B_03245.jpg
3566,C6B,2024,7/15/24,8.0,7/18/24,20240718_C6B_03566.jpg,3,/mnt/research-projects/j/jlgage/RawUAVData01/uavforslb/final_image/final_sliced/20240718_C6B_03566.jpg
3473,C6B,2024,7/15/24,8.5,7/18/24,20240718_C6B_03473.jpg,3,/mnt/research-projects/j/jlgage/RawUAVData01/uavforslb/final_image/final_sliced/20240718_C6B_03473.jpg
4201,C10,2025,7/11/25,5.0,7/11/25,20250711_C10_04201.jpg,0,/mnt/research-projects/j/jlgage/RawUAVData01/uavforslb/final_image/final_sliced/20250711_C10_04201.jpg
6810,C10,2025,7/14/25,5.0,7/14/25,20250714_C10_06810.jpg,0,/mnt/research-projects/j/jlgage/RawUAVData01/uavforslb/final_image/final_sliced/20250714_C10_06810.jpg
1813,C6B,2024,7/19/24,6.5,7/18/24,20240718_C6B_01813.jpg,-1,/mnt/research-projects/j/jlgage/RawUAVData01/uavforslb/final_image/final_sliced/20240718_C6B_01813.jpg
6870,C10,2025,7/3/25,6.0,7/4/25,20250704_C10_06870.jpg,1,/mnt/research-projects/j/jlgage/RawUAVData01/uavforslb/final_image/final_sliced/20250704_C10_06870.jpg
1318,C6B,2024,7/19/24,8.5,7/18/24,20240718_C6B_01318.jpg,-1,/mnt/research-projects/j/jlgage/RawUAVData01/uavforslb/final_image/final_sliced/20240718_C6B_01318.jpg
4461,B7A,2024,7/30/24,1.5,7/27/24,20240727_B7A_04461.jpg,-3,/mnt/research-projects/j/jlgage/RawUAVData01/uavforslb/final_image/final_sliced/20240727_B7A_04461.jpg
4092,C10,2025,7/19/25,2.0,7/18/25,20250718_C10_04092.jpg,-1,/mnt/research-projects/j/jlgage/RawUAVData01/uavforslb/final_image/final_sliced/20250718_C10_04092.jpg
755,C7B,2025,6/30/25,7.5,7/1/25,20250701_C7B_00755.jpg,1,/mnt/research-projects/j/jlgage/RawUAVData01/uavforslb/final_image/final_sliced/20250701_C7B_00755.jpg
923,C6B,2024,7/29/24,4.0,7/26/24,20240726_C6B_00923.jpg,-3,/mnt/research-projects/j/jlgage/RawUAVData01/uavforslb/final_image/final_sliced/20240726_C6B_00923.jpg
1272,C6B,2024,7/19/24,8.0,7/18/24,20240718_C6B_01272.jpg,-1,/mnt/research-projects/j/jlgage/RawUAVData01/uavforslb/final_image/final_sliced/20240718_C6B_01272.jpg
1759,C6B,2024,7/19/24,7.5,7/18/24,20240718_C6B_01759.jpg,-1,/mnt/research-projects/j/jlgage/RawUAVData01/uavforslb/final_image/final_sliced/20240718_C6B_01759.jpg
1075,C6B,2024,7/19/24,8.0,7/18/24,20240718_C6B_01075.jpg,-1,/mnt/research-projects/j/jlgage/RawUAVData01/uavforslb/final_image/final_sliced/20240718_C6B_01075.jpg
4411,C10,2025,7/11/25,6.0,7/11/25,20250711_C10_04411.jpg,0,/mnt/research-projects/j/jlgage/RawUAVData01/uavforslb/final_image/final_sliced/20250711_C10_04411.jpg
4539,B7A,2024,7/30/24,2.0,7/27/24,20240727_B7A_04539.jpg,-3,/mnt/research-projects/j/jlgage/RawUAVData01/uavforslb/final_image/final_sliced/20240727_B7A_04539.jpg
2047,C6B,2024,7/29/24,3.0,7/26/24,20240726_C6B_02047.jpg,-3,/mnt/research-projects/j/jlgage/RawUAVData01/uavforslb/final_image/final_sliced/20240726_C6B_02047.jpg
2798,C7B,2025,7/18/25,8.0,7/18/25,20250718_C7B_02798.jpg,0,/mnt/research-projects/j/jlgage/RawUAVData01/uavforslb/final_image/final_sliced/20250718_C7B_02798.jpg
849,C6B,2024,7/29/24,4.5,7/26/24,20240726_C6B_00849.jpg,-3,/mnt/research-projects/j/jlgage/RawUAVData01/uavforslb/final_image/final_sliced/20240726_C6B_00849.jpg
205,C6B,2024,7/19/24,8.0,7/18/24,20240718_C6B_00205.jpg,-1,/mnt/research-projects/j/jlgage/RawUAVData01/uavforslb/final_image/final_sliced/20240718_C6B_00205.jpg
1362,C7B,2025,7/10/25,5.0,7/10/25,20250710_C7B_01362.jpg,0,/mnt/research-projects/j/jlgage/RawUAVData01/uavforslb/final_image/final_sliced/20250710_C7B_01362.jpg
1816,C6B,2024,7/29/24,3.0,7/26/24,20240726_C6B_01816.jpg,-3,/mnt/research-projects/j/jlgage/RawUAVData01/uavforslb/final_image/final_sliced/20240726_C6B_01816.jpg
4339,B7A,2024,7/30/24,1.0,7/27/24,20240727_B7A_04339.jpg,-3,/mnt/research-projects/j/jlgage/RawUAVData01/uavforslb/final_image/final_sliced/20240727_B7A_04339.jpg
4264,B7A,2024,7/30/24,1.5,7/27/24,20240727_B7A_04264.jpg,-3,/mnt/research-projects/j/jlgage/RawUAVData01/uavforslb/final_image/final_sliced/20240727_B7A_04264.jpg
16,C7B,2025,7/4/25,6.5,7/4/25,20250704_C7B_00016.jpg,0,/mnt/research-projects/j/jlgage/RawUAVData01/uavforslb/final_image/final_sliced/20250704_C7B_00016.jpg
351,C6B,2024,7/19/24,7.5,7/18/24,20240718_C6B_00351.jpg,-1,/mnt/research-projects/j/jlgage/RawUAVData01/uavforslb/final_image/final_sliced/20240718_C6B_00351.jpg
3749,C6B,2024,7/30/24,7.0,8/2/24,20240802_C6B_03749.jpg,3,/mnt/research-projects/j/jlgage/RawUAVData01/uavforslb/final_image/final_sliced/20240802_C6B_03749.jpg
4582,C10,2025,7/20/25,2.0,7/21/25,20250721_C10_04582.jpg,1,/mnt/research-projects/j/jlgage/RawUAVData01/uavforslb/final_image/final_sliced/20250721_C10_04582.jpg
5577,C10,2025,7/20/25,2.0,7/21/25,20250721_C10_05577.jpg,1,/mnt/research-projects/j/jlgage/RawUAVData01/uavforslb/final_image/final_sliced/20250721_C10_05577.jpg
795,C6B,2024,7/19/24,6.0,7/18/24,20240718_C6B_00795.jpg,-1,/mnt/research-projects/j/jlgage/RawUAVData01/uavforslb/final_image/final_sliced/20240718_C6B_00795.jpg
1949,C7B,2025,7/19/25,7.0,7/18/25,20250718_C7B_01949.jpg,-1,/mnt/research-projects/j/jlgage/RawUAVData01/uavforslb/final_image/final_sliced/20250718_C7B_01949.jpg
4236,C10,2025,7/19/25,3.0,7/18/25,20250718_C10_04236.jpg,-1,/mnt/research-projects/j/jlgage/RawUAVData01/uavforslb/final_image/final_sliced/20250718_C10_04236.jpg
3270,C6B,2024,7/30/24,1.5,8/2/24,20240802_C6B_03270.jpg,3,/mnt/research-projects/j/jlgage/RawUAVData01/uavforslb/final_image/final_sliced/20240802_C6B_03270.jpg
5552,B7A,2024,7/27/24,4.5,7/27/24,20240727_B7A_05552.jpg,0,/mnt/research-projects/j/jlgage/RawUAVData01/uavforslb/final_image/final_sliced/20240727_B7A_05552.jpg
6773,C10,2025,6/30/25,8.0,6/28/25,20250628_C10_06773.jpg,-2,/mnt/research-projects/j/jlgage/RawUAVData01/uavforslb/final_image/final_sliced/20250628_C10_06773.jpg
1256,C6B,2024,7/19/24,8.5,7/18/24,20240718_C6B_01256.jpg,-1,/mnt/research-projects/j/jlgage/RawUAVData01/uavforslb/final_image/final_sliced/20240718_C6B_01256.jpg
1835,C7B,2025,7/10/25,6.0,7/10/25,20250710_C7B_01835.jpg,0,/mnt/research-projects/j/jlgage/RawUAVData01/uavforslb/final_image/final_sliced/20250710_C7B_01835.jpg
4067,C10,2025,7/19/25,6.0,7/18/25,20250718_C10_04067.jpg,-1,/mnt/research-projects/j/jlgage/RawUAVData01/uavforslb/final_image/final_sliced/20250718_C10_04067.jpg
5092,C10,2025,7/20/25,2.0,7/21/25,20250721_C10_05092.jpg,1,/mnt/research-projects/j/jlgage/RawUAVData01/uavforslb/final_image/final_sliced/20250721_C10_05092.jpg
4274,C10,2025,7/7/25,5.0,7/7/25,20250707_C10_04274.jpg,0,/mnt/research-projects/j/jlgage/RawUAVData01/uavforslb/final_image/final_sliced/20250707_C10_04274.jpg
5564,B7A,2024,7/27/24,3.5,7/27/24,20240727_B7A_05564.jpg,0,/mnt/research-projects/j/jlgage/RawUAVData01/uavforslb/final_image/final_sliced/20240727_B7A_05564.jpg
937,C6B,2024,7/19/24,8.0,7/18/24,20240718_C6B_00937.jpg,-1,/mnt/research-projects/j/jlgage/RawUAVData01/uavforslb/final_image/final_sliced/20240718_C6B_00937.jpg
1241,C7B,2025,7/1/25,4.0,7/1/25,20250701_C7B_01241.jpg,0,/mnt/research-projects/j/jlgage/RawUAVData01/uavforslb/final_image/final_sliced/20250701_C7B_01241.jpg
4158,B7A,2024,7/15/24,8.0,7/16/24,20240716_B7A_04158.jpg,1,/mnt/research-projects/j/jlgage/RawUAVData01/uavforslb/final_image/final_sliced/20240716_B7A_04158.jpg
4866,C10,2025,7/2/25,5.0,7/4/25,20250704_C10_04866.jpg,2,/mnt/research-projects/j/jlgage/RawUAVData01/uavforslb/final_image/final_sliced/20250704_C10_04866.jpg
309,C7B,2025,7/4/25,5.0,7/4/25,20250704_C7B_00309.jpg,0,/mnt/research-projects/j/jlgage/RawUAVData01/uavforslb/final_image/final_sliced/20250704_C7B_00309.jpg
1321,C7B,2025,7/10/25,5.0,7/10/25,20250710_C7B_01321.jpg,0,/mnt/research-projects/j/jlgage/RawUAVData01/uavforslb/final_image/final_sliced/20250710_C7B_01321.jpg
6829,C10,2025,6/30/25,8.0,6/28/25,20250628_C10_06829.jpg,-2,/mnt/research-projects/j/jlgage/RawUAVData01/uavforslb/final_image/final_sliced/20250628_C10_06829.jpg
1913,C7B,2025,7/7/25,5.0,7/7/25,20250707_C7B_01913.jpg,0,/mnt/research-projects/j/jlgage/RawUAVData01/uavforslb/final_image/final_sliced/20250707_C7B_01913.jpg
5708,C10,2025,7/11/25,5.0,7/11/25,20250711_C10_05708.jpg,0,/mnt/research-projects/j/jlgage/RawUAVData01/uavforslb/final_image/final_sliced/20250711_C10_05708.jpg
4203,C10,2025,7/7/25,6.0,7/7/25,20250707_C10_04203.jpg,0,/mnt/research-projects/j/jlgage/RawUAVData01/uavforslb/final_image/final_sliced/20250707_C10_04203.jpg
4623,B7A,2024,7/30/24,1.5,7/27/24,20240727_B7A_04623.jpg,-3,/mnt/research-projects/j/jlgage/RawUAVData01/uavforslb/final_image/final_sliced/20240727_B7A_04623.jpg
3513,C6B,2024,7/30/24,1.5,8/2/24,20240802_C6B_03513.jpg,3,/mnt/research-projects/j/jlgage/RawUAVData01/uavforslb/final_image/final_sliced/20240802_C6B_03513.jpg
5896,C10,2025,7/19/25,4.0,7/18/25,20250718_C10_05896.jpg,-1,/mnt/research-projects/j/jlgage/RawUAVData01/uavforslb/final_image/final_sliced/20250718_C10_05896.jpg
4926,C10,2025,7/11/25,5.5,7/11/25,20250711_C10_04926.jpg,0,/mnt/research-projects/j/jlgage/RawUAVData01/uavforslb/final_image/final_sliced/20250711_C10_04926.jpg
5865,C10,2025,7/1/25,3.0,6/28/25,20250628_C10_05865.jpg,-3,/mnt/research-projects/j/jlgage/RawUAVData01/uavforslb/final_image/final_sliced/20250628_C10_05865.jpg
5037,C10,2025,7/11/25,4.0,7/11/25,20250711_C10_05037.jpg,0,/mnt/research-projects/j/jlgage/RawUAVData01/uavforslb/final_image/final_sliced/20250711_C10_05037.jpg
328,C7B,2025,7/18/25,2.5,7/18/25,20250718_C7B_00328.jpg,0,/mnt/research-projects/j/jlgage/RawUAVData01/uavforslb/final_image/final_sliced/20250718_C7B_00328.jpg
1667,C6B,2024,7/29/24,6.0,7/26/24,20240726_C6B_01667.jpg,-3,/mnt/research-projects/j/jlgage/RawUAVData01/uavforslb/final_image/final_sliced/20240726_C6B_01667.jpg
5991,C10,2025,7/8/25,7.5,7/7/25,20250707_C10_05991.jpg,-1,/mnt/research-projects/j/jlgage/RawUAVData01/uavforslb/final_image/final_sliced/20250707_C10_05991.jpg
1993,C7B,2025,7/7/25,7.0,7/7/25,20250707_C7B_01993.jpg,0,/mnt/research-projects/j/jlgage/RawUAVData01/uavforslb/final_image/final_sliced/20250707_C7B_01993.jpg
2058,C6B,2024,7/19/24,5.0,7/18/24,20240718_C6B_02058.jpg,-1,/mnt/research-projects/j/jlgage/RawUAVData01/uavforslb/final_image/final_sliced/20240718_C6B_02058.jpg
1657,C6B,2024,7/19/24,8.5,7/18/24,20240718_C6B_01657.jpg,-1,/mnt/research-projects/j/jlgage/RawUAVData01/uavforslb/final_image/final_sliced/20240718_C6B_01657.jpg
2549,C6B,2024,7/1/24,8.0,7/3/24,20240703_C6B_02549.jpg,2,/mnt/research-projects/j/jlgage/RawUAVData01/uavforslb/final_image/final_sliced/20240703_C6B_02549.jpg
4452,B7A,2024,7/15/24,8.5,7/16/24,20240716_B7A_04452.jpg,1,/mnt/research-projects/j/jlgage/RawUAVData01/uavforslb/final_image/final_sliced/20240716_B7A_04452.jpg
757,C7B,2025,7/10/25,5.0,7/10/25,20250710_C7B_00757.jpg,0,/mnt/research-projects/j/jlgage/RawUAVData01/uavforslb/final_image/final_sliced/20250710_C7B_00757.jpg
4605,B7A,2024,7/15/24,8.0,7/16/24,20240716_B7A_04605.jpg,1,/mnt/research-projects/j/jlgage/RawUAVData01/uavforslb/final_image/final_sliced/20240716_B7A_04605.jpg
4209,B7A,2024,7/15/24,8.0,7/16/24,20240716_B7A_04209.jpg,1,/mnt/research-projects/j/jlgage/RawUAVData01/uavforslb/final_image/final_sliced/20240716_B7A_04209.jpg
3656,C6B,2024,7/30/24,4.0,8/2/24,20240802_C6B_03656.jpg,3,/mnt/research-projects/j/jlgage/RawUAVData01/uavforslb/final_image/final_sliced/20240802_C6B_03656.jpg
2572,C6B,2024,7/11/24,7.5,7/10/24,20240710_C6B_02572.jpg,-1,/mnt/research-projects/j/jlgage/RawUAVData01/uavforslb/final_image/final_sliced/20240710_C6B_02572.jpg
2524,C6B,2024,7/27/24,2.0,7/26/24,20240726_C6B_02524.jpg,-1,/mnt/research-projects/j/jlgage/RawUAVData01/uavforslb/final_image/final_sliced/20240726_C6B_02524.jpg
5122,C10,2025,7/11/25,4.0,7/11/25,20250711_C10_05122.jpg,0,/mnt/research-projects/j/jlgage/RawUAVData01/uavforslb/final_image/final_sliced/20250711_C10_05122.jpg
5229,C10,2025,7/11/25,4.0,7/11/25,20250711_C10_05229.jpg,0,/mnt/research-projects/j/jlgage/RawUAVData01/uavforslb/final_image/final_sliced/20250711_C10_05229.jpg
1117,C7B,2025,7/18/25,1.5,7/18/25,20250718_C7B_01117.jpg,0,/mnt/research-projects/j/jlgage/RawUAVData01/uavforslb/final_image/final_sliced/20250718_C7B_01117.jpg
5018,C6B,2024,7/11/24,7.5,7/10/24,20240710_C6B_05018.jpg,-1,/mnt/research-projects/j/jlgage/RawUAVData01/uavforslb/final_image/final_sliced/20240710_C6B_05018.jpg
5331,C10,2025,7/20/25,2.0,7/21/25,20250721_C10_05331.jpg,1,/mnt/research-projects/j/jlgage/RawUAVData01/uavforslb/final_image/final_sliced/20250721_C10_05331.jpg
102,C6B,2024,7/19/24,8.0,7/18/24,20240718_C6B_00102.jpg,-1,/mnt/research-projects/j/jlgage/RawUAVData01/uavforslb/final_image/final_sliced/20240718_C6B_00102.jpg
1466,C6B,2024,7/29/24,3.0,7/26/24,20240726_C6B_01466.jpg,-3,/mnt/research-projects/j/jlgage/RawUAVData01/uavforslb/final_image/final_sliced/20240726_C6B_01466.jpg
5604,C10,2025,7/11/25,6.0,7/11/25,20250711_C10_05604.jpg,0,/mnt/research-projects/j/jlgage/RawUAVData01/uavforslb/final_image/final_sliced/20250711_C10_05604.jpg
4041,C10,2025,7/11/25,5.0,7/11/25,20250711_C10_04041.jpg,0,/mnt/research-projects/j/jlgage/RawUAVData01/uavforslb/final_image/final_sliced/20250711_C10_04041.jpg
4478,B7A,2024,7/30/24,1.5,7/27/24,20240727_B7A_04478.jpg,-3,/mnt/research-projects/j/jlgage/RawUAVData01/uavforslb/final_image/final_sliced/20240727_B7A_04478.jpg
6642,C10,2025,7/14/25,7.5,7/14/25,20250714_C10_06642.jpg,0,/mnt/research-projects/j/jlgage/RawUAVData01/uavforslb/final_image/final_sliced/20250714_C10_06642.jpg
1951,C7B,2025,7/7/25,6.0,7/7/25,20250707_C7B_01951.jpg,0,/mnt/research-projects/j/jlgage/RawUAVData01/uavforslb/final_image/final_sliced/20250707_C7B_01951.jpg
1275,C6B,2024,7/29/24,4.0,7/26/24,20240726_C6B_01275.jpg,-3,/mnt/research-projects/j/jlgage/RawUAVData01/uavforslb/final_image/final_sliced/20240726_C6B_01275.jpg
3354,C6B,2024,7/30/24,1.0,8/2/24,20240802_C6B_03354.jpg,3,/mnt/research-projects/j/jlgage/RawUAVData01/uavforslb/final_image/final_sliced/20240802_C6B_03354.jpg
3343,C6B,2024,7/15/24,8.5,7/18/24,20240718_C6B_03343.jpg,3,/mnt/research-projects/j/jlgage/RawUAVData01/uavforslb/final_image/final_sliced/20240718_C6B_03343.jpg
4016,B7A,2024,7/30/24,4.0,7/27/24,20240727_B7A_04016.jpg,-3,/mnt/research-projects/j/jlgage/RawUAVData01/uavforslb/final_image/final_sliced/20240727_B7A_04016.jpg
688,C6B,2024,7/19/24,8.0,7/18/24,20240718_C6B_00688.jpg,-1,/mnt/research-projects/j/jlgage/RawUAVData01/uavforslb/final_image/final_sliced/20240718_C6B_00688.jpg
5566,B7A,2024,7/1/24,7.5,7/3/24,20240703_B7A_05566.jpg,2,/mnt/research-projects/j/jlgage/RawUAVData01/uavforslb/final_image/final_sliced/20240703_B7A_05566.jpg
4127,C10,2025,6/30/25,8.0,6/28/25,20250628_C10_04127.jpg,-2,/mnt/research-projects/j/jlgage/RawUAVData01/uavforslb/final_image/final_sliced/20250628_C10_04127.jpg
908,C6B,2024,7/29/24,4.0,7/26/24,20240726_C6B_00908.jpg,-3,/mnt/research-projects/j/jlgage/RawUAVData01/uavforslb/final_image/final_sliced/20240726_C6B_00908.jpg
1077,C7B,2025,7/18/25,2.0,7/18/25,20250718_C7B_01077.jpg,0,/mnt/research-projects/j/jlgage/RawUAVData01/uavforslb/final_image/final_sliced/20250718_C7B_01077.jpg
450,C7B,2025,7/4/25,6.0,7/4/25,20250704_C7B_00450.jpg,0,/mnt/research-projects/j/jlgage/RawUAVData01/uavforslb/final_image/final_sliced/20250704_C7B_00450.jpg
6838,C10,2025,7/8/25,7.5,7/7/25,20250707_C10_06838.jpg,-1,/mnt/research-projects/j/jlgage/RawUAVData01/uavforslb/final_image/final_sliced/20250707_C10_06838.jpg
439,C6B,2024,7/19/24,8.0,7/18/24,20240718_C6B_00439.jpg,-1,/mnt/research-projects/j/jlgage/RawUAVData01/uavforslb/final_image/final_sliced/20240718_C6B_00439.jpg
3708,C6B,2024,7/15/24,8.0,7/18/24,20240718_C6B_03708.jpg,3,/mnt/research-projects/j/jlgage/RawUAVData01/uavforslb/final_image/final_sliced/20240718_C6B_03708.jpg
6680,C10,2025,6/30/25,7.5,6/28/25,20250628_C10_06680.jpg,-2,/mnt/research-projects/j/jlgage/RawUAVData01/uavforslb/final_image/final_sliced/20250628_C10_06680.jpg
1687,C7B,2025,7/19/25,4.0,7/18/25,20250718_C7B_01687.jpg,-1,/mnt/research-projects/j/jlgage/RawUAVData01/uavforslb/final_image/final_sliced/20250718_C7B_01687.jpg
1756,C6B,2024,7/19/24,7.5,7/18/24,20240718_C6B_01756.jpg,-1,/mnt/research-projects/j/jlgage/RawUAVData01/uavforslb/final_image/final_sliced/20240718_C6B_01756.jpg
4173,C10,2025,7/19/25,4.0,7/18/25,20250718_C10_04173.jpg,-1,/mnt/research-projects/j/jlgage/RawUAVData01/uavforslb/final_image/final_sliced/20250718_C10_04173.jpg
1805,C7B,2025,7/19/25,4.5,7/18/25,20250718_C7B_01805.jpg,-1,/mnt/research-projects/j/jlgage/RawUAVData01/uavforslb/final_image/final_sliced/20250718_C7B_01805.jpg
1370,C6B,2024,7/19/24,8.5,7/18/24,20240718_C6B_01370.jpg,-1,/mnt/research-projects/j/jlgage/RawUAVData01/uavforslb/final_image/final_sliced/20240718_C6B_01370.jpg
3281,C6B,2024,7/30/24,1.5,8/2/24,20240802_C6B_03281.jpg,3,/mnt/research-projects/j/jlgage/RawUAVData01/uavforslb/final_image/final_sliced/20240802_C6B_03281.jpg
3785,C6B,2024,7/30/24,4.0,8/2/24,20240802_C6B_03785.jpg,3,/mnt/research-projects/j/jlgage/RawUAVData01/uavforslb/final_image/final_sliced/20240802_C6B_03785.jpg
5128,C10,2025,7/2/25,7.0,7/4/25,20250704_C10_05128.jpg,2,/mnt/research-projects/j/jlgage/RawUAVData01/uavforslb/final_image/final_sliced/20250704_C10_05128.jpg
4460,C10,2025,7/1/25,7.5,6/28/25,20250628_C10_04460.jpg,-3,/mnt/research-projects/j/jlgage/RawUAVData01/uavforslb/final_image/final_sliced/20250628_C10_04460.jpg
617,C7B,2025,7/18/25,3.0,7/18/25,20250718_C7B_00617.jpg,0,/mnt/research-projects/j/jlgage/RawUAVData01/uavforslb/final_image/final_sliced/20250718_C7B_00617.jpg
1325,C7B,2025,7/18/25,1.5,7/18/25,20250718_C7B_01325.jpg,0,/mnt/research-projects/j/jlgage/RawUAVData01/uavforslb/final_image/final_sliced/20250718_C7B_01325.jpg
3987,B7A,2024,7/15/24,7.0,7/16/24,20240716_B7A_03987.jpg,1,/mnt/research-projects/j/jlgage/RawUAVData01/uavforslb/final_image/final_sliced/20240716_B7A_03987.jpg
899,C6B,2024,7/29/24,4.0,7/26/24,20240726_C6B_00899.jpg,-3,/mnt/research-projects/j/jlgage/RawUAVData01/uavforslb/final_image/final_sliced/20240726_C6B_00899.jpg
4294,B7A,2024,7/30/24,1.5,7/27/24,20240727_B7A_04294.jpg,-3,/mnt/research-projects/j/jlgage/RawUAVData01/uavforslb/final_image/final_sliced/20240727_B7A_04294.jpg
4076,B7A,2024,7/30/24,3.0,7/27/24,20240727_B7A_04076.jpg,-3,/mnt/research-projects/j/jlgage/RawUAVData01/uavforslb/final_image/final_sliced/20240727_B7A_04076.jpg
2787,C7B,2025,6/30/25,8.5,7/1/25,20250701_C7B_02787.jpg,1,/mnt/research-projects/j/jlgage/RawUAVData01/uavforslb/final_image/final_sliced/20250701_C7B_02787.jpg
1928,C6B,2024,7/19/24,4.0,7/18/24,20240718_C6B_01928.jpg,-1,/mnt/research-projects/j/jlgage/RawUAVData01/uavforslb/final_image/final_sliced/20240718_C6B_01928.jpg
3305,C6B,2024,7/30/24,1.5,8/2/24,20240802_C6B_03305.jpg,3,/mnt/research-projects/j/jlgage/RawUAVData01/uavforslb/final_image/final_sliced/20240802_C6B_03305.jpg
1242,C7B,2025,7/10/25,5.5,7/10/25,20250710_C7B_01242.jpg,0,/mnt/research-projects/j/jlgage/RawUAVData01/uavforslb/final_image/final_sliced/20250710_C7B_01242.jpg
2948,C6B,2024,7/15/24,8.0,7/18/24,20240718_C6B_02948.jpg,3,/mnt/research-projects/j/jlgage/RawUAVData01/uavforslb/final_image/final_sliced/20240718_C6B_02948.jpg
2591,C6B,2024,7/30/24,4.0,8/2/24,20240802_C6B_02591.jpg,3,/mnt/research-projects/j/jlgage/RawUAVData01/uavforslb/final_image/final_sliced/20240802_C6B_02591.jpg
1362,C7B,2025,7/1/25,6.0,7/1/25,20250701_C7B_01362.jpg,0,/mnt/research-projects/j/jlgage/RawUAVData01/uavforslb/final_image/final_sliced/20250701_C7B_01362.jpg
322,C6B,2024,7/29/24,5.0,7/26/24,20240726_C6B_00322.jpg,-3,/mnt/research-projects/j/jlgage/RawUAVData01/uavforslb/final_image/final_sliced/20240726_C6B_00322.jpg
140,C7B,2025,7/18/25,3.0,7/18/25,20250718_C7B_00140.jpg,0,/mnt/research-projects/j/jlgage/RawUAVData01/uavforslb/final_image/final_sliced/20250718_C7B_00140.jpg
4732,C10,2025,7/2/25,6.0,7/4/25,20250704_C10_04732.jpg,2,/mnt/research-projects/j/jlgage/RawUAVData01/uavforslb/final_image/final_sliced/20250704_C10_04732.jpg
4567,B7A,2024,7/30/24,1.5,7/27/24,20240727_B7A_04567.jpg,-3,/mnt/research-projects/j/jlgage/RawUAVData01/uavforslb/final_image/final_sliced/20240727_B7A_04567.jpg
4410,B7A,2024,7/30/24,1.5,7/27/24,20240727_B7A_04410.jpg,-3,/mnt/research-projects/j/jlgage/RawUAVData01/uavforslb/final_image/final_sliced/20240727_B7A_04410.jpg
4695,C10,2025,7/2/25,5.0,7/4/25,20250704_C10_04695.jpg,2,/mnt/research-projects/j/jlgage/RawUAVData01/uavforslb/final_image/final_sliced/20250704_C10_04695.jpg
387,C6B,2024,7/19/24,8.5,7/18/24,20240718_C6B_00387.jpg,-1,/mnt/research-projects/j/jlgage/RawUAVData01/uavforslb/final_image/final_sliced/20240718_C6B_00387.jpg
843,C6B,2024,7/29/24,4.0,7/26/24,20240726_C6B_00843.jpg,-3,/mnt/research-projects/j/jlgage/RawUAVData01/uavforslb/final_image/final_sliced/20240726_C6B_00843.jpg
5122,C10,2025,7/2/25,5.0,7/4/25,20250704_C10_05122.jpg,2,/mnt/research-projects/j/jlgage/RawUAVData01/uavforslb/final_image/final_sliced/20250704_C10_05122.jpg
3399,C6B,2024,7/30/24,1.0,8/2/24,20240802_C6B_03399.jpg,3,/mnt/research-projects/j/jlgage/RawUAVData01/uavforslb/final_image/final_sliced/20240802_C6B_03399.jpg
5214,C10,2025,7/20/25,2.0,7/21/25,20250721_C10_05214.jpg,1,/mnt/research-projects/j/jlgage/RawUAVData01/uavforslb/final_image/final_sliced/20250721_C10_05214.jpg
6654,C10,2025,7/18/25,7.0,7/18/25,20250718_C10_06654.jpg,0,/mnt/research-projects/j/jlgage/RawUAVData01/uavforslb/final_image/final_sliced/20250718_C10_06654.jpg
5364,C10,2025,7/11/25,4.0,7/11/25,20250711_C10_05364.jpg,0,/mnt/research-projects/j/jlgage/RawUAVData01/uavforslb/final_image/final_sliced/20250711_C10_05364.jpg
3976,B7A,2024,7/15/24,7.0,7/16/24,20240716_B7A_03976.jpg,1,/mnt/research-projects/j/jlgage/RawUAVData01/uavforslb/final_image/final_sliced/20240716_B7A_03976.jpg
6802,C10,2025,6/30/25,8.0,6/28/25,20250628_C10_06802.jpg,-2,/mnt/research-projects/j/jlgage/RawUAVData01/uavforslb/final_image/final_sliced/20250628_C10_06802.jpg
3229,C6B,2024,7/15/24,8.5,7/18/24,20240718_C6B_03229.jpg,3,/mnt/research-projects/j/jlgage/RawUAVData01/uavforslb/final_image/final_sliced/20240718_C6B_03229.jpg
3405,C6B,2024,7/30/24,4.0,8/2/24,20240802_C6B_03405.jpg,3,/mnt/research-projects/j/jlgage/RawUAVData01/uavforslb/final_image/final_sliced/20240802_C6B_03405.jpg
5552,B7A,2024,7/18/24,6.5,7/16/24,20240716_B7A_05552.jpg,-2,/mnt/research-projects/j/jlgage/RawUAVData01/uavforslb/final_image/final_sliced/20240716_B7A_05552.jpg
1611,C7B,2025,7/18/25,4.0,7/18/25,20250718_C7B_01611.jpg,0,/mnt/research-projects/j/jlgage/RawUAVData01/uavforslb/final_image/final_sliced/20250718_C7B_01611.jpg
5867,C10,2025,7/11/25,6.0,7/11/25,20250711_C10_05867.jpg,0,/mnt/research-projects/j/jlgage/RawUAVData01/uavforslb/final_image/final_sliced/20250711_C10_05867.jpg
5410,C10,2025,7/20/25,1.5,7/21/25,20250721_C10_05410.jpg,1,/mnt/research-projects/j/jlgage/RawUAVData01/uavforslb/final_image/final_sliced/20250721_C10_05410.jpg
4460,C10,2025,7/11/25,7.5,7/11/25,20250711_C10_04460.jpg,0,/mnt/research-projects/j/jlgage/RawUAVData01/uavforslb/final_image/final_sliced/20250711_C10_04460.jpg
3383,C6B,2024,7/30/24,4.0,8/2/24,20240802_C6B_03383.jpg,3,/mnt/research-projects/j/jlgage/RawUAVData01/uavforslb/final_image/final_sliced/20240802_C6B_03383.jpg
1279,C6B,2024,7/29/24,4.0,7/26/24,20240726_C6B_01279.jpg,-3,/mnt/research-projects/j/jlgage/RawUAVData01/uavforslb/final_image/final_sliced/20240726_C6B_01279.jpg
1099,C7B,2025,7/10/25,5.0,7/10/25,20250710_C7B_01099.jpg,0,/mnt/research-projects/j/jlgage/RawUAVData01/uavforslb/final_image/final_sliced/20250710_C7B_01099.jpg
694,C7B,2025,6/30/25,7.5,7/1/25,20250701_C7B_00694.jpg,1,/mnt/research-projects/j/jlgage/RawUAVData01/uavforslb/final_image/final_sliced/20250701_C7B_00694.jpg
342,C7B,2025,7/4/25,4.5,7/4/25,20250704_C7B_00342.jpg,0,/mnt/research-projects/j/jlgage/RawUAVData01/uavforslb/final_image/final_sliced/20250704_C7B_00342.jpg
5038,C6B,2024,7/11/24,7.5,7/10/24,20240710_C6B_05038.jpg,-1,/mnt/research-projects/j/jlgage/RawUAVData01/uavforslb/final_image/final_sliced/20240710_C6B_05038.jpg
954,C7B,2025,7/18/25,3.0,7/18/25,20250718_C7B_00954.jpg,0,/mnt/research-projects/j/jlgage/RawUAVData01/uavforslb/final_image/final_sliced/20250718_C7B_00954.jpg
4089,C10,2025,7/11/25,4.0,7/11/25,20250711_C10_04089.jpg,0,/mnt/research-projects/j/jlgage/RawUAVData01/uavforslb/final_image/final_sliced/20250711_C10_04089.jpg
681,C7B,2025,7/10/25,7.5,7/10/25,20250710_C7B_00681.jpg,0,/mnt/research-projects/j/jlgage/RawUAVData01/uavforslb/final_image/final_sliced/20250710_C7B_00681.jpg
572,C7B,2025,6/30/25,6.0,7/1/25,20250701_C7B_00572.jpg,1,/mnt/research-projects/j/jlgage/RawUAVData01/uavforslb/final_image/final_sliced/20250701_C7B_00572.jpg
4147,C10,2025,7/11/25,4.0,7/11/25,20250711_C10_04147.jpg,0,/mnt/research-projects/j/jlgage/RawUAVData01/uavforslb/final_image/final_sliced/20250711_C10_04147.jpg
5987,C10,2025,7/11/25,7.0,7/11/25,20250711_C10_05987.jpg,0,/mnt/research-projects/j/jlgage/RawUAVData01/uavforslb/final_image/final_sliced/20250711_C10_05987.jpg
1731,C6B,2024,7/19/24,8.0,7/18/24,20240718_C6B_01731.jpg,-1,/mnt/research-projects/j/jlgage/RawUAVData01/uavforslb/final_image/final_sliced/20240718_C6B_01731.jpg
5551,B7A,2024,7/11/24,7.5,7/10/24,20240710_B7A_05551.jpg,-1,/mnt/research-projects/j/jlgage/RawUAVData01/uavforslb/final_image/final_sliced/20240710_B7A_05551.jpg
2858,C6B,2024,7/15/24,7.0,7/18/24,20240718_C6B_02858.jpg,3,/mnt/research-projects/j/jlgage/RawUAVData01/uavforslb/final_image/final_sliced/20240718_C6B_02858.jpg
4546,B7A,2024,7/30/24,2.5,7/27/24,20240727_B7A_04546.jpg,-3,/mnt/research-projects/j/jlgage/RawUAVData01/uavforslb/final_image/final_sliced/20240727_B7A_04546.jpg
1798,C6B,2024,7/29/24,4.0,7/26/24,20240726_C6B_01798.jpg,-3,/mnt/research-projects/j/jlgage/RawUAVData01/uavforslb/final_image/final_sliced/20240726_C6B_01798.jpg
5756,C10,2025,7/11/25,4.0,7/11/25,20250711_C10_05756.jpg,0,/mnt/research-projects/j/jlgage/RawUAVData01/uavforslb/final_image/final_sliced/20250711_C10_05756.jpg
375,C7B,2025,7/18/25,2.0,7/18/25,20250718_C7B_00375.jpg,0,/mnt/research-projects/j/jlgage/RawUAVData01/uavforslb/final_image/final_sliced/20250718_C7B_00375.jpg
797,C7B,2025,7/18/25,2.0,7/18/25,20250718_C7B_00797.jpg,0,/mnt/research-projects/j/jlgage/RawUAVData01/uavforslb/final_image/final_sliced/20250718_C7B_00797.jpg
4071,B7A,2024,7/15/24,7.0,7/16/24,20240716_B7A_04071.jpg,1,/mnt/research-projects/j/jlgage/RawUAVData01/uavforslb/final_image/final_sliced/20240716_B7A_04071.jpg
2956,C6B,2024,7/30/24,1.5,8/2/24,20240802_C6B_02956.jpg,3,/mnt/research-projects/j/jlgage/RawUAVData01/uavforslb/final_image/final_sliced/20240802_C6B_02956.jpg
1299,C6B,2024,7/29/24,6.0,7/26/24,20240726_C6B_01299.jpg,-3,/mnt/research-projects/j/jlgage/RawUAVData01/uavforslb/final_image/final_sliced/20240726_C6B_01299.jpg
660,C6B,2024,7/19/24,7.0,7/18/24,20240718_C6B_00660.jpg,-1,/mnt/research-projects/j/jlgage/RawUAVData01/uavforslb/final_image/final_sliced/20240718_C6B_00660.jpg
5179,C10,2025,7/2/25,5.0,7/4/25,20250704_C10_05179.jpg,2,/mnt/research-projects/j/jlgage/RawUAVData01/uavforslb/final_image/final_sliced/20250704_C10_05179.jpg
5182,C10,2025,7/20/25,3.0,7/21/25,20250721_C10_05182.jpg,1,/mnt/research-projects/j/jlgage/RawUAVData01/uavforslb/final_image/final_sliced/20250721_C10_05182.jpg
703,C6B,2024,7/29/24,7.0,7/26/24,20240726_C6B_00703.jpg,-3,/mnt/research-projects/j/jlgage/RawUAVData01/uavforslb/final_image/final_sliced/20240726_C6B_00703.jpg
4433,C10,2025,6/30/25,5.5,6/28/25,20250628_C10_04433.jpg,-2,/mnt/research-projects/j/jlgage/RawUAVData01/uavforslb/final_image/final_sliced/20250628_C10_04433.jpg
3383,C6B,2024,7/15/24,8.5,7/18/24,20240718_C6B_03383.jpg,3,/mnt/research-projects/j/jlgage/RawUAVData01/uavforslb/final_image/final_sliced/20240718_C6B_03383.jpg
2758,C6B,2024,7/30/24,3.5,8/2/24,20240802_C6B_02758.jpg,3,/mnt/research-projects/j/jlgage/RawUAVData01/uavforslb/final_image/final_sliced/20240802_C6B_02758.jpg
4041,B7A,2024,7/15/24,7.0,7/16/24,20240716_B7A_04041.jpg,1,/mnt/research-projects/j/jlgage/RawUAVData01/uavforslb/final_image/final_sliced/20240716_B7A_04041.jpg
442,C7B,2025,7/10/25,6.5,7/10/25,20250710_C7B_00442.jpg,0,/mnt/research-projects/j/jlgage/RawUAVData01/uavforslb/final_image/final_sliced/20250710_C7B_00442.jpg
4479,B7A,2024,7/30/24,1.5,7/27/24,20240727_B7A_04479.jpg,-3,/mnt/research-projects/j/jlgage/RawUAVData01/uavforslb/final_image/final_sliced/20240727_B7A_04479.jpg
6820,C10,2025,7/14/25,6.0,7/14/25,20250714_C10_06820.jpg,0,/mnt/research-projects/j/jlgage/RawUAVData01/uavforslb/final_image/final_sliced/20250714_C10_06820.jpg
852,C7B,2025,7/18/25,4.0,7/18/25,20250718_C7B_00852.jpg,0,/mnt/research-projects/j/jlgage/RawUAVData01/uavforslb/final_image/final_sliced/20250718_C7B_00852.jpg
1006,C7B,2025,7/18/25,3.0,7/18/25,20250718_C7B_01006.jpg,0,/mnt/research-projects/j/jlgage/RawUAVData01/uavforslb/final_image/final_sliced/20250718_C7B_01006.jpg
2560,C6B,2024,7/11/24,7.0,7/10/24,20240710_C6B_02560.jpg,-1,/mnt/research-projects/j/jlgage/RawUAVData01/uavforslb/final_image/final_sliced/20240710_C6B_02560.jpg
4129,C10,2025,7/7/25,5.0,7/7/25,20250707_C10_04129.jpg,0,/mnt/research-projects/j/jlgage/RawUAVData01/uavforslb/final_image/final_sliced/20250707_C10_04129.jpg
200,C6B,2024,7/19/24,8.5,7/18/24,20240718_C6B_00200.jpg,-1,/mnt/research-projects/j/jlgage/RawUAVData01/uavforslb/final_image/final_sliced/20240718_C6B_00200.jpg
654,C6B,2024,7/19/24,7.0,7/18/24,20240718_C6B_00654.jpg,-1,/mnt/research-projects/j/jlgage/RawUAVData01/uavforslb/final_image/final_sliced/20240718_C6B_00654.jpg
3508,C6B,2024,7/15/24,8.5,7/18/24,20240718_C6B_03508.jpg,3,/mnt/research-projects/j/jlgage/RawUAVData01/uavforslb/final_image/final_sliced/20240718_C6B_03508.jpg
4904,C10,2025,7/11/25,5.5,7/11/25,20250711_C10_04904.jpg,0,/mnt/research-projects/j/jlgage/RawUAVData01/uavforslb/final_image/final_sliced/20250711_C10_04904.jpg
6681,C10,2025,7/14/25,4.0,7/14/25,20250714_C10_06681.jpg,0,/mnt/research-projects/j/jlgage/RawUAVData01/uavforslb/final_image/final_sliced/20250714_C10_06681.jpg
1031,C7B,2025,7/10/25,4.0,7/10/25,20250710_C7B_01031.jpg,0,/mnt/research-projects/j/jlgage/RawUAVData01/uavforslb/final_image/final_sliced/20250710_C7B_01031.jpg
3215,C6B,2024,7/30/24,4.0,8/2/24,20240802_C6B_03215.jpg,3,/mnt/research-projects/j/jlgage/RawUAVData01/uavforslb/final_image/final_sliced/20240802_C6B_03215.jpg
2688,C6B,2024,7/30/24,3.5,8/2/24,20240802_C6B_02688.jpg,3,/mnt/research-projects/j/jlgage/RawUAVData01/uavforslb/final_image/final_sliced/20240802_C6B_02688.jpg
4649,B7A,2024,7/30/24,2.0,7/27/24,20240727_B7A_04649.jpg,-3,/mnt/research-projects/j/jlgage/RawUAVData01/uavforslb/final_image/final_sliced/20240727_B7A_04649.jpg
1680,C6B,2024,7/29/24,4.5,7/26/24,20240726_C6B_01680.jpg,-3,/mnt/research-projects/j/jlgage/RawUAVData01/uavforslb/final_image/final_sliced/20240726_C6B_01680.jpg
3411,C6B,2024,7/15/24,8.5,7/18/24,20240718_C6B_03411.jpg,3,/mnt/research-projects/j/jlgage/RawUAVData01/uavforslb/final_image/final_sliced/20240718_C6B_03411.jpg
357,C7B,2025,7/10/25,7.0,7/10/25,20250710_C7B_00357.jpg,0,/mnt/research-projects/j/jlgage/RawUAVData01/uavforslb/final_image/final_sliced/20250710_C7B_00357.jpg
295,C6B,2024,7/29/24,3.0,7/26/24,20240726_C6B_00295.jpg,-3,/mnt/research-projects/j/jlgage/RawUAVData01/uavforslb/final_image/final_sliced/20240726_C6B_00295.jpg
218,C6B,2024,7/29/24,5.5,7/26/24,20240726_C6B_00218.jpg,-3,/mnt/research-projects/j/jlgage/RawUAVData01/uavforslb/final_image/final_sliced/20240726_C6B_00218.jpg
3464,C6B,2024,7/15/24,7.5,7/18/24,20240718_C6B_03464.jpg,3,/mnt/research-projects/j/jlgage/RawUAVData01/uavforslb/final_image/final_sliced/20240718_C6B_03464.jpg
1938,C7B,2025,7/1/25,7.5,7/1/25,20250701_C7B_01938.jpg,0,/mnt/research-projects/j/jlgage/RawUAVData01/uavforslb/final_image/final_sliced/20250701_C7B_01938.jpg
2861,C7B,2025,7/8/25,7.5,7/7/25,20250707_C7B_02861.jpg,-1,/mnt/research-projects/j/jlgage/RawUAVData01/uavforslb/final_image/final_sliced/20250707_C7B_02861.jpg
547,C7B,2025,7/10/25,6.5,7/10/25,20250710_C7B_00547.jpg,0,/mnt/research-projects/j/jlgage/RawUAVData01/uavforslb/final_image/final_sliced/20250710_C7B_00547.jpg
202,C7B,2025,7/18/25,4.0,7/18/25,20250718_C7B_00202.jpg,0,/mnt/research-projects/j/jlgage/RawUAVData01/uavforslb/final_image/final_sliced/20250718_C7B_00202.jpg
5707,C10,2025,7/8/25,4.5,7/7/25,20250707_C10_05707.jpg,-1,/mnt/research-projects/j/jlgage/RawUAVData01/uavforslb/final_image/final_sliced/20250707_C10_05707.jpg
1472,C7B,2025,7/1/25,6.5,7/1/25,20250701_C7B_01472.jpg,0,/mnt/research-projects/j/jlgage/RawUAVData01/uavforslb/final_image/final_sliced/20250701_C7B_01472.jpg
424,C7B,2025,7/18/25,3.0,7/18/25,20250718_C7B_00424.jpg,0,/mnt/research-projects/j/jlgage/RawUAVData01/uavforslb/final_image/final_sliced/20250718_C7B_00424.jpg
1646,C7B,2025,7/10/25,5.5,7/10/25,20250710_C7B_01646.jpg,0,/mnt/research-projects/j/jlgage/RawUAVData01/uavforslb/final_image/final_sliced/20250710_C7B_01646.jpg
3838,B7A,2024,7/15/24,8.0,7/16/24,20240716_B7A_03838.jpg,1,/mnt/research-projects/j/jlgage/RawUAVData01/uavforslb/final_image/final_sliced/20240716_B7A_03838.jpg
6032,C10,2025,7/19/25,3.0,7/18/25,20250718_C10_06032.jpg,-1,/mnt/research-projects/j/jlgage/RawUAVData01/uavforslb/final_image/final_sliced/20250718_C10_06032.jpg
3364,C6B,2024,7/15/24,7.5,7/18/24,20240718_C6B_03364.jpg,3,/mnt/research-projects/j/jlgage/RawUAVData01/uavforslb/final_image/final_sliced/20240718_C6B_03364.jpg
4545,B7A,2024,7/30/24,2.0,7/27/24,20240727_B7A_04545.jpg,-3,/mnt/research-projects/j/jlgage/RawUAVData01/uavforslb/final_image/final_sliced/20240727_B7A_04545.jpg
525,C7B,2025,6/30/25,7.5,7/1/25,20250701_C7B_00525.jpg,1,/mnt/research-projects/j/jlgage/RawUAVData01/uavforslb/final_image/final_sliced/20250701_C7B_00525.jpg
2160,C6B,2024,7/19/24,5.0,7/18/24,20240718_C6B_02160.jpg,-1,/mnt/research-projects/j/jlgage/RawUAVData01/uavforslb/final_image/final_sliced/20240718_C6B_02160.jpg
1193,C7B,2025,7/10/25,7.5,7/10/25,20250710_C7B_01193.jpg,0,/mnt/research-projects/j/jlgage/RawUAVData01/uavforslb/final_image/final_sliced/20250710_C7B_01193.jpg
1270,C6B,2024,7/19/24,8.0,7/18/24,20240718_C6B_01270.jpg,-1,/mnt/research-projects/j/jlgage/RawUAVData01/uavforslb/final_image/final_sliced/20240718_C6B_01270.jpg
4468,B7A,2024,7/15/24,7.0,7/16/24,20240716_B7A_04468.jpg,1,/mnt/research-projects/j/jlgage/RawUAVData01/uavforslb/final_image/final_sliced/20240716_B7A_04468.jpg
1189,C6B,2024,7/29/24,4.0,7/26/24,20240726_C6B_01189.jpg,-3,/mnt/research-projects/j/jlgage/RawUAVData01/uavforslb/final_image/final_sliced/20240726_C6B_01189.jpg
4477,B7A,2024,7/15/24,8.5,7/16/24,20240716_B7A_04477.jpg,1,/mnt/research-projects/j/jlgage/RawUAVData01/uavforslb/final_image/final_sliced/20240716_B7A_04477.jpg
2899,C6B,2024,7/15/24,6.0,7/18/24,20240718_C6B_02899.jpg,3,/mnt/research-projects/j/jlgage/RawUAVData01/uavforslb/final_image/final_sliced/20240718_C6B_02899.jpg
802,C6B,2024,7/29/24,3.0,7/26/24,20240726_C6B_00802.jpg,-3,/mnt/research-projects/j/jlgage/RawUAVData01/uavforslb/final_image/final_sliced/20240726_C6B_00802.jpg
209,C6B,2024,7/19/24,8.5,7/18/24,20240718_C6B_00209.jpg,-1,/mnt/research-projects/j/jlgage/RawUAVData01/uavforslb/final_image/final_sliced/20240718_C6B_00209.jpg
2141,C6B,2024,7/19/24,8.0,7/18/24,20240718_C6B_02141.jpg,-1,/mnt/research-projects/j/jlgage/RawUAVData01/uavforslb/final_image/final_sliced/20240718_C6B_02141.jpg
4633,C10,2025,7/11/25,4.0,7/11/25,20250711_C10_04633.jpg,0,/mnt/research-projects/j/jlgage/RawUAVData01/uavforslb/final_image/final_sliced/20250711_C10_04633.jpg
2044,C6B,2024,7/29/24,4.0,7/26/24,20240726_C6B_02044.jpg,-3,/mnt/research-projects/j/jlgage/RawUAVData01/uavforslb/final_image/final_sliced/20240726_C6B_02044.jpg
1086,C6B,2024,7/29/24,7.5,7/26/24,20240726_C6B_01086.jpg,-3,/mnt/research-projects/j/jlgage/RawUAVData01/uavforslb/final_image/final_sliced/20240726_C6B_01086.jpg
831,C6B,2024,7/19/24,6.0,7/18/24,20240718_C6B_00831.jpg,-1,/mnt/research-projects/j/jlgage/RawUAVData01/uavforslb/final_image/final_sliced/20240718_C6B_00831.jpg
223,C6B,2024,7/19/24,8.0,7/18/24,20240718_C6B_00223.jpg,-1,/mnt/research-projects/j/jlgage/RawUAVData01/uavforslb/final_image/final_sliced/20240718_C6B_00223.jpg
414,C6B,2024,7/19/24,8.0,7/18/24,20240718_C6B_00414.jpg,-1,/mnt/research-projects/j/jlgage/RawUAVData01/uavforslb/final_image/final_sliced/20240718_C6B_00414.jpg
390,C6B,2024,7/29/24,3.0,7/26/24,20240726_C6B_00390.jpg,-3,/mnt/research-projects/j/jlgage/RawUAVData01/uavforslb/final_image/final_sliced/20240726_C6B_00390.jpg
467,C6B,2024,7/29/24,6.0,7/26/24,20240726_C6B_00467.jpg,-3,/mnt/research-projects/j/jlgage/RawUAVData01/uavforslb/final_image/final_sliced/20240726_C6B_00467.jpg
2085,C6B,2024,7/19/24,5.0,7/18/24,20240718_C6B_02085.jpg,-1,/mnt/research-projects/j/jlgage/RawUAVData01/uavforslb/final_image/final_sliced/20240718_C6B_02085.jpg
3528,C6B,2024,7/30/24,1.5,8/2/24,20240802_C6B_03528.jpg,3,/mnt/research-projects/j/jlgage/RawUAVData01/uavforslb/final_image/final_sliced/20240802_C6B_03528.jpg
124,C7B,2025,7/18/25,3.0,7/18/25,20250718_C7B_00124.jpg,0,/mnt/research-projects/j/jlgage/RawUAVData01/uavforslb/final_image/final_sliced/20250718_C7B_00124.jpg
3089,C6B,2024,7/15/24,8.0,7/18/24,20240718_C6B_03089.jpg,3,/mnt/research-projects/j/jlgage/RawUAVData01/uavforslb/final_image/final_sliced/20240718_C6B_03089.jpg
1939,C6B,2024,7/29/24,4.5,7/26/24,20240726_C6B_01939.jpg,-3,/mnt/research-projects/j/jlgage/RawUAVData01/uavforslb/final_image/final_sliced/20240726_C6B_01939.jpg
1644,C7B,2025,7/10/25,6.0,7/10/25,20250710_C7B_01644.jpg,0,/mnt/research-projects/j/jlgage/RawUAVData01/uavforslb/final_image/final_sliced/20250710_C7B_01644.jpg
898,C6B,2024,7/19/24,5.0,7/18/24,20240718_C6B_00898.jpg,-1,/mnt/research-projects/j/jlgage/RawUAVData01/uavforslb/final_image/final_sliced/20240718_C6B_00898.jpg
134,C6B,2024,7/19/24,8.5,7/18/24,20240718_C6B_00134.jpg,-1,/mnt/research-projects/j/jlgage/RawUAVData01/uavforslb/final_image/final_sliced/20240718_C6B_00134.jpg
289,C6B,2024,7/19/24,7.5,7/18/24,20240718_C6B_00289.jpg,-1,/mnt/research-projects/j/jlgage/RawUAVData01/uavforslb/final_image/final_sliced/20240718_C6B_00289.jpg
4320,C10,2025,7/11/25,6.0,7/11/25,20250711_C10_04320.jpg,0,/mnt/research-projects/j/jlgage/RawUAVData01/uavforslb/final_image/final_sliced/20250711_C10_04320.jpg
383,C7B,2025,7/10/25,5.0,7/10/25,20250710_C7B_00383.jpg,0,/mnt/research-projects/j/jlgage/RawUAVData01/uavforslb/final_image/final_sliced/20250710_C7B_00383.jpg
6845,C10,2025,7/3/25,7.5,7/4/25,20250704_C10_06845.jpg,1,/mnt/research-projects/j/jlgage/RawUAVData01/uavforslb/final_image/final_sliced/20250704_C10_06845.jpg
5536,B7A,2024,7/1/24,8.0,7/3/24,20240703_B7A_05536.jpg,2,/mnt/research-projects/j/jlgage/RawUAVData01/uavforslb/final_image/final_sliced/20240703_B7A_05536.jpg
4893,C10,2025,7/11/25,3.5,7/11/25,20250711_C10_04893.jpg,0,/mnt/research-projects/j/jlgage/RawUAVData01/uavforslb/final_image/final_sliced/20250711_C10_04893.jpg
2508,C6B,2024,7/27/24,5.5,7/26/24,20240726_C6B_02508.jpg,-1,/mnt/research-projects/j/jlgage/RawUAVData01/uavforslb/final_image/final_sliced/20240726_C6B_02508.jpg
1350,C6B,2024,7/29/24,4.0,7/26/24,20240726_C6B_01350.jpg,-3,/mnt/research-projects/j/jlgage/RawUAVData01/uavforslb/final_image/final_sliced/20240726_C6B_01350.jpg
402,C7B,2025,7/18/25,3.5,7/18/25,20250718_C7B_00402.jpg,0,/mnt/research-projects/j/jlgage/RawUAVData01/uavforslb/final_image/final_sliced/20250718_C7B_00402.jpg
1300,C6B,2024,7/29/24,4.0,7/26/24,20240726_C6B_01300.jpg,-3,/mnt/research-projects/j/jlgage/RawUAVData01/uavforslb/final_image/final_sliced/20240726_C6B_01300.jpg
1806,C6B,2024,7/29/24,4.0,7/26/24,20240726_C6B_01806.jpg,-3,/mnt/research-projects/j/jlgage/RawUAVData01/uavforslb/final_image/final_sliced/20240726_C6B_01806.jpg
3891,B7A,2024,7/15/24,8.0,7/16/24,20240716_B7A_03891.jpg,1,/mnt/research-projects/j/jlgage/RawUAVData01/uavforslb/final_image/final_sliced/20240716_B7A_03891.jpg
3194,C6B,2024,7/30/24,6.0,8/2/24,20240802_C6B_03194.jpg,3,/mnt/research-projects/j/jlgage/RawUAVData01/uavforslb/final_image/final_sliced/20240802_C6B_03194.jpg
1617,C7B,2025,7/10/25,5.0,7/10/25,20250710_C7B_01617.jpg,0,/mnt/research-projects/j/jlgage/RawUAVData01/uavforslb/final_image/final_sliced/20250710_C7B_01617.jpg
3633,C6B,2024,7/15/24,8.0,7/18/24,20240718_C6B_03633.jpg,3,/mnt/research-projects/j/jlgage/RawUAVData01/uavforslb/final_image/final_sliced/20240718_C6B_03633.jpg
14,C7B,2025,6/30/25,7.5,7/1/25,20250701_C7B_00014.jpg,1,/mnt/research-projects/j/jlgage/RawUAVData01/uavforslb/final_image/final_sliced/20250701_C7B_00014.jpg
348,C7B,2025,7/4/25,7.0,7/4/25,20250704_C7B_00348.jpg,0,/mnt/research-projects/j/jlgage/RawUAVData01/uavforslb/final_image/final_sliced/20250704_C7B_00348.jpg
1215,C6B,2024,7/29/24,4.5,7/26/24,20240726_C6B_01215.jpg,-3,/mnt/research-projects/j/jlgage/RawUAVData01/uavforslb/final_image/final_sliced/20240726_C6B_01215.jpg
1541,C6B,2024,7/19/24,5.0,7/18/24,20240718_C6B_01541.jpg,-1,/mnt/research-projects/j/jlgage/RawUAVData01/uavforslb/final_image/final_sliced/20240718_C6B_01541.jpg
977,C6B,2024,7/29/24,6.0,7/26/24,20240726_C6B_00977.jpg,-3,/mnt/research-projects/j/jlgage/RawUAVData01/uavforslb/final_image/final_sliced/20240726_C6B_00977.jpg
4368,B7A,2024,7/30/24,1.5,7/27/24,20240727_B7A_04368.jpg,-3,/mnt/research-projects/j/jlgage/RawUAVData01/uavforslb/final_image/final_sliced/20240727_B7A_04368.jpg
1726,C6B,2024,7/19/24,8.0,7/18/24,20240718_C6B_01726.jpg,-1,/mnt/research-projects/j/jlgage/RawUAVData01/uavforslb/final_image/final_sliced/20240718_C6B_01726.jpg
5504,C10,2025,7/11/25,4.0,7/11/25,20250711_C10_05504.jpg,0,/mnt/research-projects/j/jlgage/RawUAVData01/uavforslb/final_image/final_sliced/20250711_C10_05504.jpg
293,C6B,2024,7/19/24,7.5,7/18/24,20240718_C6B_00293.jpg,-1,/mnt/research-projects/j/jlgage/RawUAVData01/uavforslb/final_image/final_sliced/20240718_C6B_00293.jpg
4296,B7A,2024,7/30/24,1.5,7/27/24,20240727_B7A_04296.jpg,-3,/mnt/research-projects/j/jlgage/RawUAVData01/uavforslb/final_image/final_sliced/20240727_B7A_04296.jpg
968,C7B,2025,7/10/25,8.0,7/10/25,20250710_C7B_00968.jpg,0,/mnt/research-projects/j/jlgage/RawUAVData01/uavforslb/final_image/final_sliced/20250710_C7B_00968.jpg
4777,C10,2025,7/2/25,5.0,7/4/25,20250704_C10_04777.jpg,2,/mnt/research-projects/j/jlgage/RawUAVData01/uavforslb/final_image/final_sliced/20250704_C10_04777.jpg
1931,C7B,2025,7/7/25,6.0,7/7/25,20250707_C7B_01931.jpg,0,/mnt/research-projects/j/jlgage/RawUAVData01/uavforslb/final_image/final_sliced/20250707_C7B_01931.jpg
4131,C10,2025,7/7/25,4.5,7/7/25,20250707_C10_04131.jpg,0,/mnt/research-projects/j/jlgage/RawUAVData01/uavforslb/final_image/final_sliced/20250707_C10_04131.jpg
5041,C6B,2024,7/27/24,3.5,7/26/24,20240726_C6B_05041.jpg,-1,/mnt/research-projects/j/jlgage/RawUAVData01/uavforslb/final_image/final_sliced/20240726_C6B_05041.jpg
1629,C7B,2025,7/1/25,6.5,7/1/25,20250701_C7B_01629.jpg,0,/mnt/research-projects/j/jlgage/RawUAVData01/uavforslb/final_image/final_sliced/20250701_C7B_01629.jpg
1343,C7B,2025,7/10/25,3.5,7/10/25,20250710_C7B_01343.jpg,0,/mnt/research-projects/j/jlgage/RawUAVData01/uavforslb/final_image/final_sliced/20250710_C7B_01343.jpg
4784,C10,2025,7/20/25,3.0,7/21/25,20250721_C10_04784.jpg,1,/mnt/research-projects/j/jlgage/RawUAVData01/uavforslb/final_image/final_sliced/20250721_C10_04784.jpg
2771,C6B,2024,7/15/24,8.5,7/18/24,20240718_C6B_02771.jpg,3,/mnt/research-projects/j/jlgage/RawUAVData01/uavforslb/final_image/final_sliced/20240718_C6B_02771.jpg
2644,C7B,2025,7/13/25,7.0,7/12/25,20250712_C7B_02644.jpg,-1,/mnt/research-projects/j/jlgage/RawUAVData01/uavforslb/final_image/final_sliced/20250712_C7B_02644.jpg
3486,C6B,2024,7/30/24,1.5,8/2/24,20240802_C6B_03486.jpg,3,/mnt/research-projects/j/jlgage/RawUAVData01/uavforslb/final_image/final_sliced/20240802_C6B_03486.jpg
3236,C6B,2024,7/30/24,4.0,8/2/24,20240802_C6B_03236.jpg,3,/mnt/research-projects/j/jlgage/RawUAVData01/uavforslb/final_image/final_sliced/20240802_C6B_03236.jpg
3005,C6B,2024,7/15/24,8.5,7/18/24,20240718_C6B_03005.jpg,3,/mnt/research-projects/j/jlgage/RawUAVData01/uavforslb/final_image/final_sliced/20240718_C6B_03005.jpg
685,C6B,2024,7/19/24,7.0,7/18/24,20240718_C6B_00685.jpg,-1,/mnt/research-projects/j/jlgage/RawUAVData01/uavforslb/final_image/final_sliced/20240718_C6B_00685.jpg
2589,C6B,2024,7/30/24,3.0,8/2/24,20240802_C6B_02589.jpg,3,/mnt/research-projects/j/jlgage/RawUAVData01/uavforslb/final_image/final_sliced/20240802_C6B_02589.jpg
1212,C7B,2025,7/18/25,1.5,7/18/25,20250718_C7B_01212.jpg,0,/mnt/research-projects/j/jlgage/RawUAVData01/uavforslb/final_image/final_sliced/20250718_C7B_01212.jpg
5031,C10,2025,7/20/25,3.0,7/21/25,20250721_C10_05031.jpg,1,/mnt/research-projects/j/jlgage/RawUAVData01/uavforslb/final_image/final_sliced/20250721_C10_05031.jpg
427,C6B,2024,7/29/24,5.5,7/26/24,20240726_C6B_00427.jpg,-3,/mnt/research-projects/j/jlgage/RawUAVData01/uavforslb/final_image/final_sliced/20240726_C6B_00427.jpg
4045,C10,2025,7/11/25,5.0,7/11/25,20250711_C10_04045.jpg,0,/mnt/research-projects/j/jlgage/RawUAVData01/uavforslb/final_image/final_sliced/20250711_C10_04045.jpg
5516,B7A,2024,7/1/24,8.0,7/3/24,20240703_B7A_05516.jpg,2,/mnt/research-projects/j/jlgage/RawUAVData01/uavforslb/final_image/final_sliced/20240703_B7A_05516.jpg
626,C7B,2025,7/18/25,4.5,7/18/25,20250718_C7B_00626.jpg,0,/mnt/research-projects/j/jlgage/RawUAVData01/uavforslb/final_image/final_sliced/20250718_C7B_00626.jpg
1193,C7B,2025,7/1/25,6.5,7/1/25,20250701_C7B_01193.jpg,0,/mnt/research-projects/j/jlgage/RawUAVData01/uavforslb/final_image/final_sliced/20250701_C7B_01193.jpg
3593,C6B,2024,7/30/24,1.5,8/2/24,20240802_C6B_03593.jpg,3,/mnt/research-projects/j/jlgage/RawUAVData01/uavforslb/final_image/final_sliced/20240802_C6B_03593.jpg
1830,C6B,2024,7/19/24,8.0,7/18/24,20240718_C6B_01830.jpg,-1,/mnt/research-projects/j/jlgage/RawUAVData01/uavforslb/final_image/final_sliced/20240718_C6B_01830.jpg
2113,C6B,2024,7/19/24,5.0,7/18/24,20240718_C6B_02113.jpg,-1,/mnt/research-projects/j/jlgage/RawUAVData01/uavforslb/final_image/final_sliced/20240718_C6B_02113.jpg
4229,C10,2025,7/19/25,3.5,7/18/25,20250718_C10_04229.jpg,-1,/mnt/research-projects/j/jlgage/RawUAVData01/uavforslb/final_image/final_sliced/20250718_C10_04229.jpg
1603,C6B,2024,7/19/24,7.5,7/18/24,20240718_C6B_01603.jpg,-1,/mnt/research-projects/j/jlgage/RawUAVData01/uavforslb/final_image/final_sliced/20240718_C6B_01603.jpg
281,C6B,2024,7/19/24,8.0,7/18/24,20240718_C6B_00281.jpg,-1,/mnt/research-projects/j/jlgage/RawUAVData01/uavforslb/final_image/final_sliced/20240718_C6B_00281.jpg
1733,C7B,2025,7/19/25,6.0,7/18/25,20250718_C7B_01733.jpg,-1,/mnt/research-projects/j/jlgage/RawUAVData01/uavforslb/final_image/final_sliced/20250718_C7B_01733.jpg
1797,C7B,2025,7/1/25,6.0,7/1/25,20250701_C7B_01797.jpg,0,/mnt/research-projects/j/jlgage/RawUAVData01/uavforslb/final_image/final_sliced/20250701_C7B_01797.jpg
666,C6B,2024,7/29/24,4.0,7/26/24,20240726_C6B_00666.jpg,-3,/mnt/research-projects/j/jlgage/RawUAVData01/uavforslb/final_image/final_sliced/20240726_C6B_00666.jpg
4181,B7A,2024,7/30/24,3.0,7/27/24,20240727_B7A_04181.jpg,-3,/mnt/research-projects/j/jlgage/RawUAVData01/uavforslb/final_image/final_sliced/20240727_B7A_04181.jpg
5943,C10,2025,7/8/25,3.0,7/7/25,20250707_C10_05943.jpg,-1,/mnt/research-projects/j/jlgage/RawUAVData01/uavforslb/final_image/final_sliced/20250707_C10_05943.jpg
1923,C6B,2024,7/19/24,4.0,7/18/24,20240718_C6B_01923.jpg,-1,/mnt/research-projects/j/jlgage/RawUAVData01/uavforslb/final_image/final_sliced/20240718_C6B_01923.jpg
5266,C10,2025,7/11/25,4.5,7/11/25,20250711_C10_05266.jpg,0,/mnt/research-projects/j/jlgage/RawUAVData01/uavforslb/final_image/final_sliced/20250711_C10_05266.jpg
287,C6B,2024,7/29/24,4.0,7/26/24,20240726_C6B_00287.jpg,-3,/mnt/research-projects/j/jlgage/RawUAVData01/uavforslb/final_image/final_sliced/20240726_C6B_00287.jpg
3544,C6B,2024,7/15/24,8.5,7/18/24,20240718_C6B_03544.jpg,3,/mnt/research-projects/j/jlgage/RawUAVData01/uavforslb/final_image/final_sliced/20240718_C6B_03544.jpg
4601,B7A,2024,7/30/24,2.5,7/27/24,20240727_B7A_04601.jpg,-3,/mnt/research-projects/j/jlgage/RawUAVData01/uavforslb/final_image/final_sliced/20240727_B7A_04601.jpg
6047,C10,2025,7/11/25,6.5,7/11/25,20250711_C10_06047.jpg,0,/mnt/research-projects/j/jlgage/RawUAVData01/uavforslb/final_image/final_sliced/20250711_C10_06047.jpg
1901,C7B,2025,7/1/25,8.0,7/1/25,20250701_C7B_01901.jpg,0,/mnt/research-projects/j/jlgage/RawUAVData01/uavforslb/final_image/final_sliced/20250701_C7B_01901.jpg
1946,C7B,2025,7/19/25,2.0,7/18/25,20250718_C7B_01946.jpg,-1,/mnt/research-projects/j/jlgage/RawUAVData01/uavforslb/final_image/final_sliced/20250718_C7B_01946.jpg
1833,C7B,2025,7/19/25,2.0,7/18/25,20250718_C7B_01833.jpg,-1,/mnt/research-projects/j/jlgage/RawUAVData01/uavforslb/final_image/final_sliced/20250718_C7B_01833.jpg
1898,C7B,2025,7/1/25,5.5,7/1/25,20250701_C7B_01898.jpg,0,/mnt/research-projects/j/jlgage/RawUAVData01/uavforslb/final_image/final_sliced/20250701_C7B_01898.jpg
4174,B7A,2024,7/15/24,5.0,7/16/24,20240716_B7A_04174.jpg,1,/mnt/research-projects/j/jlgage/RawUAVData01/uavforslb/final_image/final_sliced/20240716_B7A_04174.jpg
4486,B7A,2024,7/15/24,8.0,7/16/24,20240716_B7A_04486.jpg,1,/mnt/research-projects/j/jlgage/RawUAVData01/uavforslb/final_image/final_sliced/20240716_B7A_04486.jpg
4459,B7A,2024,7/30/24,3.5,7/27/24,20240727_B7A_04459.jpg,-3,/mnt/research-projects/j/jlgage/RawUAVData01/uavforslb/final_image/final_sliced/20240727_B7A_04459.jpg
4668,C10,2025,7/2/25,7.0,7/4/25,20250704_C10_04668.jpg,2,/mnt/research-projects/j/jlgage/RawUAVData01/uavforslb/final_image/final_sliced/20250704_C10_04668.jpg
3891,B7A,2024,7/30/24,3.0,7/27/24,20240727_B7A_03891.jpg,-3,/mnt/research-projects/j/jlgage/RawUAVData01/uavforslb/final_image/final_sliced/20240727_B7A_03891.jpg
330,C6B,2024,7/19/24,7.5,7/18/24,20240718_C6B_00330.jpg,-1,/mnt/research-projects/j/jlgage/RawUAVData01/uavforslb/final_image/final_sliced/20240718_C6B_00330.jpg
5115,C10,2025,7/20/25,2.5,7/21/25,20250721_C10_05115.jpg,1,/mnt/research-projects/j/jlgage/RawUAVData01/uavforslb/final_image/final_sliced/20250721_C10_05115.jpg
1378,C6B,2024,7/19/24,7.0,7/18/24,20240718_C6B_01378.jpg,-1,/mnt/research-projects/j/jlgage/RawUAVData01/uavforslb/final_image/final_sliced/20240718_C6B_01378.jpg
294,C6B,2024,7/19/24,8.5,7/18/24,20240718_C6B_00294.jpg,-1,/mnt/research-projects/j/jlgage/RawUAVData01/uavforslb/final_image/final_sliced/20240718_C6B_00294.jpg
4005,C10,2025,7/11/25,4.0,7/11/25,20250711_C10_04005.jpg,0,/mnt/research-projects/j/jlgage/RawUAVData01/uavforslb/final_image/final_sliced/20250711_C10_04005.jpg
3604,C6B,2024,7/30/24,3.0,8/2/24,20240802_C6B_03604.jpg,3,/mnt/research-projects/j/jlgage/RawUAVData01/uavforslb/final_image/final_sliced/20240802_C6B_03604.jpg
640,C6B,2024,7/29/24,4.5,7/26/24,20240726_C6B_00640.jpg,-3,/mnt/research-projects/j/jlgage/RawUAVData01/uavforslb/final_image/final_sliced/20240726_C6B_00640.jpg
5320,C10,2025,7/2/25,7.0,7/4/25,20250704_C10_05320.jpg,2,/mnt/research-projects/j/jlgage/RawUAVData01/uavforslb/final_image/final_sliced/20250704_C10_05320.jpg
245,C7B,2025,7/10/25,6.0,7/10/25,20250710_C7B_00245.jpg,0,/mnt/research-projects/j/jlgage/RawUAVData01/uavforslb/final_image/final_sliced/20250710_C7B_00245.jpg
746,C6B,2024,7/19/24,8.0,7/18/24,20240718_C6B_00746.jpg,-1,/mnt/research-projects/j/jlgage/RawUAVData01/uavforslb/final_image/final_sliced/20240718_C6B_00746.jpg
5045,C6B,2024,7/11/24,8.0,7/10/24,20240710_C6B_05045.jpg,-1,/mnt/research-projects/j/jlgage/RawUAVData01/uavforslb/final_image/final_sliced/20240710_C6B_05045.jpg
2672,C7B,2025,7/8/25,8.0,7/7/25,20250707_C7B_02672.jpg,-1,/mnt/research-projects/j/jlgage/RawUAVData01/uavforslb/final_image/final_sliced/20250707_C7B_02672.jpg
2023,C7B,2025,7/10/25,4.0,7/10/25,20250710_C7B_02023.jpg,0,/mnt/research-projects/j/jlgage/RawUAVData01/uavforslb/final_image/final_sliced/20250710_C7B_02023.jpg
369,C7B,2025,7/18/25,6.5,7/18/25,20250718_C7B_00369.jpg,0,/mnt/research-projects/j/jlgage/RawUAVData01/uavforslb/final_image/final_sliced/20250718_C7B_00369.jpg
6703,C10,2025,7/14/25,8.0,7/14/25,20250714_C10_06703.jpg,0,/mnt/research-projects/j/jlgage/RawUAVData01/uavforslb/final_image/final_sliced/20250714_C10_06703.jpg
4226,C10,2025,7/11/25,5.0,7/11/25,20250711_C10_04226.jpg,0,/mnt/research-projects/j/jlgage/RawUAVData01/uavforslb/final_image/final_sliced/20250711_C10_04226.jpg
2874,C6B,2024,7/30/24,1.5,8/2/24,20240802_C6B_02874.jpg,3,/mnt/research-projects/j/jlgage/RawUAVData01/uavforslb/final_image/final_sliced/20240802_C6B_02874.jpg
1347,C7B,2025,7/10/25,5.0,7/10/25,20250710_C7B_01347.jpg,0,/mnt/research-projects/j/jlgage/RawUAVData01/uavforslb/final_image/final_sliced/20250710_C7B_01347.jpg
1728,C7B,2025,7/7/25,6.0,7/7/25,20250707_C7B_01728.jpg,0,/mnt/research-projects/j/jlgage/RawUAVData01/uavforslb/final_image/final_sliced/20250707_C7B_01728.jpg
934,C6B,2024,7/19/24,8.5,7/18/24,20240718_C6B_00934.jpg,-1,/mnt/research-projects/j/jlgage/RawUAVData01/uavforslb/final_image/final_sliced/20240718_C6B_00934.jpg
1651,C7B,2025,7/18/25,2.0,7/18/25,20250718_C7B_01651.jpg,0,/mnt/research-projects/j/jlgage/RawUAVData01/uavforslb/final_image/final_sliced/20250718_C7B_01651.jpg
3892,B7A,2024,7/30/24,2.0,7/27/24,20240727_B7A_03892.jpg,-3,/mnt/research-projects/j/jlgage/RawUAVData01/uavforslb/final_image/final_sliced/20240727_B7A_03892.jpg
5965,C10,2025,7/11/25,5.0,7/11/25,20250711_C10_05965.jpg,0,/mnt/research-projects/j/jlgage/RawUAVData01/uavforslb/final_image/final_sliced/20250711_C10_05965.jpg
3460,C6B,2024,7/30/24,3.0,8/2/24,20240802_C6B_03460.jpg,3,/mnt/research-projects/j/jlgage/RawUAVData01/uavforslb/final_image/final_sliced/20240802_C6B_03460.jpg
5128,C10,2025,7/11/25,5.0,7/11/25,20250711_C10_05128.jpg,0,/mnt/research-projects/j/jlgage/RawUAVData01/uavforslb/final_image/final_sliced/20250711_C10_05128.jpg
4833,C10,2025,7/2/25,5.5,7/4/25,20250704_C10_04833.jpg,2,/mnt/research-projects/j/jlgage/RawUAVData01/uavforslb/final_image/final_sliced/20250704_C10_04833.jpg
4625,B7A,2024,7/15/24,6.0,7/16/24,20240716_B7A_04625.jpg,1,/mnt/research-projects/j/jlgage/RawUAVData01/uavforslb/final_image/final_sliced/20240716_B7A_04625.jpg
6652,C10,2025,7/8/25,7.5,7/7/25,20250707_C10_06652.jpg,-1,/mnt/research-projects/j/jlgage/RawUAVData01/uavforslb/final_image/final_sliced/20250707_C10_06652.jpg
1270,C7B,2025,7/10/25,3.0,7/10/25,20250710_C7B_01270.jpg,0,/mnt/research-projects/j/jlgage/RawUAVData01/uavforslb/final_image/final_sliced/20250710_C7B_01270.jpg
4370,C10,2025,7/11/25,4.0,7/11/25,20250711_C10_04370.jpg,0,/mnt/research-projects/j/jlgage/RawUAVData01/uavforslb/final_image/final_sliced/20250711_C10_04370.jpg
1956,C6B,2024,7/19/24,5.0,7/18/24,20240718_C6B_01956.jpg,-1,/mnt/research-projects/j/jlgage/RawUAVData01/uavforslb/final_image/final_sliced/20240718_C6B_01956.jpg
1701,C7B,2025,7/1/25,5.0,7/1/25,20250701_C7B_01701.jpg,0,/mnt/research-projects/j/jlgage/RawUAVData01/uavforslb/final_image/final_sliced/20250701_C7B_01701.jpg
336,C7B,2025,6/30/25,7.5,7/1/25,20250701_C7B_00336.jpg,1,/mnt/research-projects/j/jlgage/RawUAVData01/uavforslb/final_image/final_sliced/20250701_C7B_00336.jpg
2847,C6B,2024,7/30/24,3.0,8/2/24,20240802_C6B_02847.jpg,3,/mnt/research-projects/j/jlgage/RawUAVData01/uavforslb/final_image/final_sliced/20240802_C6B_02847.jpg
2747,C7B,2025,7/18/25,7.5,7/18/25,20250718_C7B_02747.jpg,0,/mnt/research-projects/j/jlgage/RawUAVData01/uavforslb/final_image/final_sliced/20250718_C7B_02747.jpg
1943,C7B,2025,7/10/25,6.5,7/10/25,20250710_C7B_01943.jpg,0,/mnt/research-projects/j/jlgage/RawUAVData01/uavforslb/final_image/final_sliced/20250710_C7B_01943.jpg
4268,B7A,2024,7/30/24,7.0,7/27/24,20240727_B7A_04268.jpg,-3,/mnt/research-projects/j/jlgage/RawUAVData01/uavforslb/final_image/final_sliced/20240727_B7A_04268.jpg
1988,C6B,2024,7/29/24,4.0,7/26/24,20240726_C6B_01988.jpg,-3,/mnt/research-projects/j/jlgage/RawUAVData01/uavforslb/final_image/final_sliced/20240726_C6B_01988.jpg
4130,B7A,2024,7/15/24,8.5,7/16/24,20240716_B7A_04130.jpg,1,/mnt/research-projects/j/jlgage/RawUAVData01/uavforslb/final_image/final_sliced/20240716_B7A_04130.jpg
5606,C10,2025,7/20/25,1.5,7/21/25,20250721_C10_05606.jpg,1,/mnt/research-projects/j/jlgage/RawUAVData01/uavforslb/final_image/final_sliced/20250721_C10_05606.jpg
2747,C7B,2025,6/30/25,8.5,7/1/25,20250701_C7B_02747.jpg,1,/mnt/research-projects/j/jlgage/RawUAVData01/uavforslb/final_image/final_sliced/20250701_C7B_02747.jpg
356,C6B,2024,7/19/24,8.0,7/18/24,20240718_C6B_00356.jpg,-1,/mnt/research-projects/j/jlgage/RawUAVData01/uavforslb/final_image/final_sliced/20240718_C6B_00356.jpg
631,C7B,2025,7/18/25,4.0,7/18/25,20250718_C7B_00631.jpg,0,/mnt/research-projects/j/jlgage/RawUAVData01/uavforslb/final_image/final_sliced/20250718_C7B_00631.jpg
986,C7B,2025,7/1/25,8.0,7/1/25,20250701_C7B_00986.jpg,0,/mnt/research-projects/j/jlgage/RawUAVData01/uavforslb/final_image/final_sliced/20250701_C7B_00986.jpg
1082,C7B,2025,7/10/25,3.5,7/10/25,20250710_C7B_01082.jpg,0,/mnt/research-projects/j/jlgage/RawUAVData01/uavforslb/final_image/final_sliced/20250710_C7B_01082.jpg
3061,C6B,2024,7/30/24,3.0,8/2/24,20240802_C6B_03061.jpg,3,/mnt/research-projects/j/jlgage/RawUAVData01/uavforslb/final_image/final_sliced/20240802_C6B_03061.jpg
2621,C6B,2024,7/15/24,5.5,7/18/24,20240718_C6B_02621.jpg,3,/mnt/research-projects/j/jlgage/RawUAVData01/uavforslb/final_image/final_sliced/20240718_C6B_02621.jpg
170,C6B,2024,7/29/24,5.0,7/26/24,20240726_C6B_00170.jpg,-3,/mnt/research-projects/j/jlgage/RawUAVData01/uavforslb/final_image/final_sliced/20240726_C6B_00170.jpg
2593,C6B,2024,7/15/24,8.0,7/18/24,20240718_C6B_02593.jpg,3,/mnt/research-projects/j/jlgage/RawUAVData01/uavforslb/final_image/final_sliced/20240718_C6B_02593.jpg
463,C6B,2024,7/19/24,8.5,7/18/24,20240718_C6B_00463.jpg,-1,/mnt/research-projects/j/jlgage/RawUAVData01/uavforslb/final_image/final_sliced/20240718_C6B_00463.jpg
1704,C7B,2025,7/10/25,6.0,7/10/25,20250710_C7B_01704.jpg,0,/mnt/research-projects/j/jlgage/RawUAVData01/uavforslb/final_image/final_sliced/20250710_C7B_01704.jpg
2837,C6B,2024,7/15/24,8.5,7/18/24,20240718_C6B_02837.jpg,3,/mnt/research-projects/j/jlgage/RawUAVData01/uavforslb/final_image/final_sliced/20240718_C6B_02837.jpg
357,C7B,2025,6/30/25,8.0,7/1/25,20250701_C7B_00357.jpg,1,/mnt/research-projects/j/jlgage/RawUAVData01/uavforslb/final_image/final_sliced/20250701_C7B_00357.jpg
5999,C10,2025,7/11/25,4.0,7/11/25,20250711_C10_05999.jpg,0,/mnt/research-projects/j/jlgage/RawUAVData01/uavforslb/final_image/final_sliced/20250711_C10_05999.jpg
4139,B7A,2024,7/30/24,1.0,7/27/24,20240727_B7A_04139.jpg,-3,/mnt/research-projects/j/jlgage/RawUAVData01/uavforslb/final_image/final_sliced/20240727_B7A_04139.jpg
1553,C7B,2025,7/10/25,6.0,7/10/25,20250710_C7B_01553.jpg,0,/mnt/research-projects/j/jlgage/RawUAVData01/uavforslb/final_image/final_sliced/20250710_C7B_01553.jpg
1038,C7B,2025,7/10/25,7.0,7/10/25,20250710_C7B_01038.jpg,0,/mnt/research-projects/j/jlgage/RawUAVData01/uavforslb/final_image/final_sliced/20250710_C7B_01038.jpg
3072,C6B,2024,7/30/24,4.0,8/2/24,20240802_C6B_03072.jpg,3,/mnt/research-projects/j/jlgage/RawUAVData01/uavforslb/final_image/final_sliced/20240802_C6B_03072.jpg
5610,C10,2025,7/20/25,4.0,7/21/25,20250721_C10_05610.jpg,1,/mnt/research-projects/j/jlgage/RawUAVData01/uavforslb/final_image/final_sliced/20250721_C10_05610.jpg
5544,B7A,2024,7/1/24,8.5,7/3/24,20240703_B7A_05544.jpg,2,/mnt/research-projects/j/jlgage/RawUAVData01/uavforslb/final_image/final_sliced/20240703_B7A_05544.jpg
4079,C10,2025,6/30/25,7.5,6/28/25,20250628_C10_04079.jpg,-2,/mnt/research-projects/j/jlgage/RawUAVData01/uavforslb/final_image/final_sliced/20250628_C10_04079.jpg
4748,C10,2025,7/20/25,2.0,7/21/25,20250721_C10_04748.jpg,1,/mnt/research-projects/j/jlgage/RawUAVData01/uavforslb/final_image/final_sliced/20250721_C10_04748.jpg
4206,C10,2025,7/11/25,4.0,7/11/25,20250711_C10_04206.jpg,0,/mnt/research-projects/j/jlgage/RawUAVData01/uavforslb/final_image/final_sliced/20250711_C10_04206.jpg
346,C7B,2025,7/10/25,5.0,7/10/25,20250710_C7B_00346.jpg,0,/mnt/research-projects/j/jlgage/RawUAVData01/uavforslb/final_image/final_sliced/20250710_C7B_00346.jpg
4259,C10,2025,6/30/25,7.5,6/28/25,20250628_C10_04259.jpg,-2,/mnt/research-projects/j/jlgage/RawUAVData01/uavforslb/final_image/final_sliced/20250628_C10_04259.jpg
4608,B7A,2024,7/15/24,7.5,7/16/24,20240716_B7A_04608.jpg,1,/mnt/research-projects/j/jlgage/RawUAVData01/uavforslb/final_image/final_sliced/20240716_B7A_04608.jpg
4426,B7A,2024,7/15/24,4.5,7/16/24,20240716_B7A_04426.jpg,1,/mnt/research-projects/j/jlgage/RawUAVData01/uavforslb/final_image/final_sliced/20240716_B7A_04426.jpg
981,C7B,2025,7/18/25,2.0,7/18/25,20250718_C7B_00981.jpg,0,/mnt/research-projects/j/jlgage/RawUAVData01/uavforslb/final_image/final_sliced/20250718_C7B_00981.jpg
4337,B7A,2024,7/15/24,7.0,7/16/24,20240716_B7A_04337.jpg,1,/mnt/research-projects/j/jlgage/RawUAVData01/uavforslb/final_image/final_sliced/20240716_B7A_04337.jpg
2162,C6B,2024,7/19/24,5.0,7/18/24,20240718_C6B_02162.jpg,-1,/mnt/research-projects/j/jlgage/RawUAVData01/uavforslb/final_image/final_sliced/20240718_C6B_02162.jpg
4409,C10,2025,6/30/25,7.0,6/28/25,20250628_C10_04409.jpg,-2,/mnt/research-projects/j/jlgage/RawUAVData01/uavforslb/final_image/final_sliced/20250628_C10_04409.jpg
487,C7B,2025,7/18/25,2.0,7/18/25,20250718_C7B_00487.jpg,0,/mnt/research-projects/j/jlgage/RawUAVData01/uavforslb/final_image/final_sliced/20250718_C7B_00487.jpg
1019,C7B,2025,7/1/25,7.0,7/1/25,20250701_C7B_01019.jpg,0,/mnt/research-projects/j/jlgage/RawUAVData01/uavforslb/final_image/final_sliced/20250701_C7B_01019.jpg
430,C6B,2024,7/19/24,8.5,7/18/24,20240718_C6B_00430.jpg,-1,/mnt/research-projects/j/jlgage/RawUAVData01/uavforslb/final_image/final_sliced/20240718_C6B_00430.jpg
4060,B7A,2024,7/30/24,1.5,7/27/24,20240727_B7A_04060.jpg,-3,/mnt/research-projects/j/jlgage/RawUAVData01/uavforslb/final_image/final_sliced/20240727_B7A_04060.jpg
598,C6B,2024,7/19/24,7.5,7/18/24,20240718_C6B_00598.jpg,-1,/mnt/research-projects/j/jlgage/RawUAVData01/uavforslb/final_image/final_sliced/20240718_C6B_00598.jpg
6760,C10,2025,6/30/25,8.5,6/28/25,20250628_C10_06760.jpg,-2,/mnt/research-projects/j/jlgage/RawUAVData01/uavforslb/final_image/final_sliced/20250628_C10_06760.jpg
