plot,field,year,date,score,flight_date,image_filename,signed_days_diff,_abs_path
10906,I3B,2023,7/19/23,4.5,7/20/23,20230720_I3B_10906.jpg,1,/mnt/research-projects/j/jlgage/RawUAVData01/uavforslb/final_image/final_sliced/20230720_I3B_10906.jpg
3158,G3,2023,7/26/23,4.0,7/27/23,20230727_G3_03158.jpg,1,/mnt/research-projects/j/jlgage/RawUAVData01/uavforslb/final_image/final_sliced/20230727_G3_03158.jpg
2005,C6B,2024,7/19/24,8.0,7/18/24,20240718_C6B_02005.jpg,-1,/mnt/research-projects/j/jlgage/RawUAVData01/uavforslb/final_image/final_sliced/20240718_C6B_02005.jpg
7498,G3,2023,7/26/23,5.0,7/27/23,20230727_G3_07498.jpg,1,/mnt/research-projects/j/jlgage/RawUAVData01/uavforslb/final_image/final_sliced/20230727_G3_07498.jpg
7307,G3,2023,7/26/23,5.0,7/27/23,20230727_G3_07307.jpg,1,/mnt/research-projects/j/jlgage/RawUAVData01/uavforslb/final_image/final_sliced/20230727_G3_07307.jpg
9700,I3B,2023,7/12/23,5.0,7/13/23,20230713_I3B_09700.jpg,1,/mnt/research-projects/j/jlgage/RawUAVData01/uavforslb/final_image/final_sliced/20230713_I3B_09700.jpg
11274,I3B,2023,7/19/23,7.5,7/20/23,20230720_I3B_11274.jpg,1,/mnt/research-projects/j/jlgage/RawUAVData01/uavforslb/final_image/final_sliced/20230720_I3B_11274.jpg
8051,G3,2023,7/19/23,7.5,7/20/23,20230720_G3_08051.jpg,1,/mnt/research-projects/j/jlgage/RawUAVData01/uavforslb/final_image/final_sliced/20230720_G3_08051.jpg
1585,C6B,2024,7/29/24,4.0,7/26/24,20240726_C6B_01585.jpg,-3,/mnt/research-projects/j/jlgage/RawUAVData01/uavforslb/final_image/final_sliced/20240726_C6B_01585.jpg
10266,I3B,2023,7/25/23,6.0,7/27/23,20230727_I3B_10266.jpg,2,/mnt/research-projects/j/jlgage/RawUAVData01/uavforslb/final_image/final_sliced/20230727_I3B_10266.jpg
7259,G3,2023,7/19/23,5.0,7/20/23,20230720_G3_07259.jpg,1,/mnt/research-projects/j/jlgage/RawUAVData01/uavforslb/final_image/final_sliced/20230720_G3_07259.jpg
9847,I3B,2023,7/12/23,5.0,7/13/23,20230713_I3B_09847.jpg,1,/mnt/research-projects/j/jlgage/RawUAVData01/uavforslb/final_image/final_sliced/20230713_I3B_09847.jpg
169,C6B,2024,7/19/24,7.0,7/18/24,20240718_C6B_00169.jpg,-1,/mnt/research-projects/j/jlgage/RawUAVData01/uavforslb/final_image/final_sliced/20240718_C6B_00169.jpg
8081,G3,2023,7/26/23,4.0,7/27/23,20230727_G3_08081.jpg,1,/mnt/research-projects/j/jlgage/RawUAVData01/uavforslb/final_image/final_sliced/20230727_G3_08081.jpg
8018,G3,2023,7/19/23,8.5,7/20/23,20230720_G3_08018.jpg,1,/mnt/research-projects/j/jlgage/RawUAVData01/uavforslb/final_image/final_sliced/20230720_G3_08018.jpg
209,C6B,2024,7/19/24,8.5,7/18/24,20240718_C6B_00209.jpg,-1,/mnt/research-projects/j/jlgage/RawUAVData01/uavforslb/final_image/final_sliced/20240718_C6B_00209.jpg
734,C6B,2024,7/19/24,8.5,7/18/24,20240718_C6B_00734.jpg,-1,/mnt/research-projects/j/jlgage/RawUAVData01/uavforslb/final_image/final_sliced/20240718_C6B_00734.jpg
574,C6B,2024,7/19/24,8.5,7/18/24,20240718_C6B_00574.jpg,-1,/mnt/research-projects/j/jlgage/RawUAVData01/uavforslb/final_image/final_sliced/20240718_C6B_00574.jpg
7204,G3,2023,7/26/23,6.0,7/27/23,20230727_G3_07204.jpg,1,/mnt/research-projects/j/jlgage/RawUAVData01/uavforslb/final_image/final_sliced/20230727_G3_07204.jpg
3964,B7A,2024,7/15/24,4.0,7/16/24,20240716_B7A_03964.jpg,1,/mnt/research-projects/j/jlgage/RawUAVData01/uavforslb/final_image/final_sliced/20240716_B7A_03964.jpg
312,C6B,2024,7/29/24,3.5,7/26/24,20240726_C6B_00312.jpg,-3,/mnt/research-projects/j/jlgage/RawUAVData01/uavforslb/final_image/final_sliced/20240726_C6B_00312.jpg
7431,G3,2023,7/26/23,4.0,7/27/23,20230727_G3_07431.jpg,1,/mnt/research-projects/j/jlgage/RawUAVData01/uavforslb/final_image/final_sliced/20230727_G3_07431.jpg
3562,C6B,2024,7/30/24,1.5,8/2/24,20240802_C6B_03562.jpg,3,/mnt/research-projects/j/jlgage/RawUAVData01/uavforslb/final_image/final_sliced/20240802_C6B_03562.jpg
10981,I3B,2023,7/19/23,6.0,7/20/23,20230720_I3B_10981.jpg,1,/mnt/research-projects/j/jlgage/RawUAVData01/uavforslb/final_image/final_sliced/20230720_I3B_10981.jpg
8013,G3,2023,7/26/23,4.5,7/27/23,20230727_G3_08013.jpg,1,/mnt/research-projects/j/jlgage/RawUAVData01/uavforslb/final_image/final_sliced/20230727_G3_08013.jpg
10276,I3B,2023,7/25/23,3.0,7/27/23,20230727_I3B_10276.jpg,2,/mnt/research-projects/j/jlgage/RawUAVData01/uavforslb/final_image/final_sliced/20230727_I3B_10276.jpg
294,C6B,2024,7/19/24,8.5,7/18/24,20240718_C6B_00294.jpg,-1,/mnt/research-projects/j/jlgage/RawUAVData01/uavforslb/final_image/final_sliced/20240718_C6B_00294.jpg
7235,G3,2023,7/19/23,4.5,7/20/23,20230720_G3_07235.jpg,1,/mnt/research-projects/j/jlgage/RawUAVData01/uavforslb/final_image/final_sliced/20230720_G3_07235.jpg
4043,B7A,2024,7/15/24,5.0,7/16/24,20240716_B7A_04043.jpg,1,/mnt/research-projects/j/jlgage/RawUAVData01/uavforslb/final_image/final_sliced/20240716_B7A_04043.jpg
9653,I3B,2023,7/12/23,5.0,7/13/23,20230713_I3B_09653.jpg,1,/mnt/research-projects/j/jlgage/RawUAVData01/uavforslb/final_image/final_sliced/20230713_I3B_09653.jpg
764,C6B,2024,7/19/24,7.5,7/18/24,20240718_C6B_00764.jpg,-1,/mnt/research-projects/j/jlgage/RawUAVData01/uavforslb/final_image/final_sliced/20240718_C6B_00764.jpg
8132,G3,2023,7/26/23,6.0,7/27/23,20230727_G3_08132.jpg,1,/mnt/research-projects/j/jlgage/RawUAVData01/uavforslb/final_image/final_sliced/20230727_G3_08132.jpg
7289,G3,2023,7/20/23,8.0,7/20/23,20230720_G3_07289.jpg,0,/mnt/research-projects/j/jlgage/RawUAVData01/uavforslb/final_image/final_sliced/20230720_G3_07289.jpg
4216,B7A,2024,7/30/24,6.0,7/27/24,20240727_B7A_04216.jpg,-3,/mnt/research-projects/j/jlgage/RawUAVData01/uavforslb/final_image/final_sliced/20240727_B7A_04216.jpg
7421,G3,2023,7/26/23,5.0,7/27/23,20230727_G3_07421.jpg,1,/mnt/research-projects/j/jlgage/RawUAVData01/uavforslb/final_image/final_sliced/20230727_G3_07421.jpg
7241,G3,2023,7/19/23,7.5,7/20/23,20230720_G3_07241.jpg,1,/mnt/research-projects/j/jlgage/RawUAVData01/uavforslb/final_image/final_sliced/20230720_G3_07241.jpg
9719,I3B,2023,7/12/23,5.0,7/13/23,20230713_I3B_09719.jpg,1,/mnt/research-projects/j/jlgage/RawUAVData01/uavforslb/final_image/final_sliced/20230713_I3B_09719.jpg
11100,I3B,2023,7/12/23,8.0,7/13/23,20230713_I3B_11100.jpg,1,/mnt/research-projects/j/jlgage/RawUAVData01/uavforslb/final_image/final_sliced/20230713_I3B_11100.jpg
1075,C6B,2024,7/19/24,8.0,7/18/24,20240718_C6B_01075.jpg,-1,/mnt/research-projects/j/jlgage/RawUAVData01/uavforslb/final_image/final_sliced/20240718_C6B_01075.jpg
10961,I3B,2023,7/19/23,5.5,7/20/23,20230720_I3B_10961.jpg,1,/mnt/research-projects/j/jlgage/RawUAVData01/uavforslb/final_image/final_sliced/20230720_I3B_10961.jpg
7375,G3,2023,7/26/23,5.0,7/27/23,20230727_G3_07375.jpg,1,/mnt/research-projects/j/jlgage/RawUAVData01/uavforslb/final_image/final_sliced/20230727_G3_07375.jpg
2969,C6B,2024,7/30/24,3.0,8/2/24,20240802_C6B_02969.jpg,3,/mnt/research-projects/j/jlgage/RawUAVData01/uavforslb/final_image/final_sliced/20240802_C6B_02969.jpg
3116,G3,2023,7/26/23,8.0,7/27/23,20230727_G3_03116.jpg,1,/mnt/research-projects/j/jlgage/RawUAVData01/uavforslb/final_image/final_sliced/20230727_G3_03116.jpg
3069,C6B,2024,7/30/24,1.0,8/2/24,20240802_C6B_03069.jpg,3,/mnt/research-projects/j/jlgage/RawUAVData01/uavforslb/final_image/final_sliced/20240802_C6B_03069.jpg
4431,B7A,2024,7/30/24,1.0,7/27/24,20240727_B7A_04431.jpg,-3,/mnt/research-projects/j/jlgage/RawUAVData01/uavforslb/final_image/final_sliced/20240727_B7A_04431.jpg
3162,G3,2023,7/19/23,7.0,7/20/23,20230720_G3_03162.jpg,1,/mnt/research-projects/j/jlgage/RawUAVData01/uavforslb/final_image/final_sliced/20230720_G3_03162.jpg
7341,G3,2023,7/26/23,7.5,7/27/23,20230727_G3_07341.jpg,1,/mnt/research-projects/j/jlgage/RawUAVData01/uavforslb/final_image/final_sliced/20230727_G3_07341.jpg
8067,G3,2023,7/19/23,6.0,7/20/23,20230720_G3_08067.jpg,1,/mnt/research-projects/j/jlgage/RawUAVData01/uavforslb/final_image/final_sliced/20230720_G3_08067.jpg
7518,G3,2023,7/26/23,5.0,7/27/23,20230727_G3_07518.jpg,1,/mnt/research-projects/j/jlgage/RawUAVData01/uavforslb/final_image/final_sliced/20230727_G3_07518.jpg
3151,G3,2023,7/26/23,3.0,7/27/23,20230727_G3_03151.jpg,1,/mnt/research-projects/j/jlgage/RawUAVData01/uavforslb/final_image/final_sliced/20230727_G3_03151.jpg
3176,G3,2023,7/19/23,8.5,7/20/23,20230720_G3_03176.jpg,1,/mnt/research-projects/j/jlgage/RawUAVData01/uavforslb/final_image/final_sliced/20230720_G3_03176.jpg
3410,C6B,2024,7/15/24,8.0,7/18/24,20240718_C6B_03410.jpg,3,/mnt/research-projects/j/jlgage/RawUAVData01/uavforslb/final_image/final_sliced/20240718_C6B_03410.jpg
9639,I3B,2023,7/12/23,6.0,7/13/23,20230713_I3B_09639.jpg,1,/mnt/research-projects/j/jlgage/RawUAVData01/uavforslb/final_image/final_sliced/20230713_I3B_09639.jpg
10963,I3B,2023,7/19/23,5.5,7/20/23,20230720_I3B_10963.jpg,1,/mnt/research-projects/j/jlgage/RawUAVData01/uavforslb/final_image/final_sliced/20230720_I3B_10963.jpg
7304,G3,2023,7/20/23,7.5,7/20/23,20230720_G3_07304.jpg,0,/mnt/research-projects/j/jlgage/RawUAVData01/uavforslb/final_image/final_sliced/20230720_G3_07304.jpg
654,C6B,2024,7/29/24,4.0,7/26/24,20240726_C6B_00654.jpg,-3,/mnt/research-projects/j/jlgage/RawUAVData01/uavforslb/final_image/final_sliced/20240726_C6B_00654.jpg
3169,C6B,2024,7/30/24,3.0,8/2/24,20240802_C6B_03169.jpg,3,/mnt/research-projects/j/jlgage/RawUAVData01/uavforslb/final_image/final_sliced/20240802_C6B_03169.jpg
3458,C6B,2024,7/30/24,3.0,8/2/24,20240802_C6B_03458.jpg,3,/mnt/research-projects/j/jlgage/RawUAVData01/uavforslb/final_image/final_sliced/20240802_C6B_03458.jpg
5516,B7A,2024,7/1/24,8.0,7/3/24,20240703_B7A_05516.jpg,2,/mnt/research-projects/j/jlgage/RawUAVData01/uavforslb/final_image/final_sliced/20240703_B7A_05516.jpg
8014,G3,2023,7/19/23,7.5,7/20/23,20230720_G3_08014.jpg,1,/mnt/research-projects/j/jlgage/RawUAVData01/uavforslb/final_image/final_sliced/20230720_G3_08014.jpg
3370,C6B,2024,7/15/24,7.5,7/18/24,20240718_C6B_03370.jpg,3,/mnt/research-projects/j/jlgage/RawUAVData01/uavforslb/final_image/final_sliced/20240718_C6B_03370.jpg
7448,G3,2023,7/20/23,7.5,7/20/23,20230720_G3_07448.jpg,0,/mnt/research-projects/j/jlgage/RawUAVData01/uavforslb/final_image/final_sliced/20230720_G3_07448.jpg
11161,I3B,2023,7/12/23,7.0,7/13/23,20230713_I3B_11161.jpg,1,/mnt/research-projects/j/jlgage/RawUAVData01/uavforslb/final_image/final_sliced/20230713_I3B_11161.jpg
9752,I3B,2023,7/12/23,4.5,7/13/23,20230713_I3B_09752.jpg,1,/mnt/research-projects/j/jlgage/RawUAVData01/uavforslb/final_image/final_sliced/20230713_I3B_09752.jpg
7395,G3,2023,7/20/23,7.5,7/20/23,20230720_G3_07395.jpg,0,/mnt/research-projects/j/jlgage/RawUAVData01/uavforslb/final_image/final_sliced/20230720_G3_07395.jpg
3476,C6B,2024,7/15/24,5.0,7/18/24,20240718_C6B_03476.jpg,3,/mnt/research-projects/j/jlgage/RawUAVData01/uavforslb/final_image/final_sliced/20240718_C6B_03476.jpg
9927,I3B,2023,7/12/23,5.0,7/13/23,20230713_I3B_09927.jpg,1,/mnt/research-projects/j/jlgage/RawUAVData01/uavforslb/final_image/final_sliced/20230713_I3B_09927.jpg
11270,I3B,2023,7/19/23,5.5,7/20/23,20230720_I3B_11270.jpg,1,/mnt/research-projects/j/jlgage/RawUAVData01/uavforslb/final_image/final_sliced/20230720_I3B_11270.jpg
3008,C6B,2024,7/15/24,8.5,7/18/24,20240718_C6B_03008.jpg,3,/mnt/research-projects/j/jlgage/RawUAVData01/uavforslb/final_image/final_sliced/20240718_C6B_03008.jpg
8029,G3,2023,7/19/23,5.5,7/20/23,20230720_G3_08029.jpg,1,/mnt/research-projects/j/jlgage/RawUAVData01/uavforslb/final_image/final_sliced/20230720_G3_08029.jpg
3040,G3,2023,7/19/23,7.5,7/20/23,20230720_G3_03040.jpg,1,/mnt/research-projects/j/jlgage/RawUAVData01/uavforslb/final_image/final_sliced/20230720_G3_03040.jpg
2116,C6B,2024,7/29/24,2.0,7/26/24,20240726_C6B_02116.jpg,-3,/mnt/research-projects/j/jlgage/RawUAVData01/uavforslb/final_image/final_sliced/20240726_C6B_02116.jpg
8079,G3,2023,7/20/23,7.5,7/20/23,20230720_G3_08079.jpg,0,/mnt/research-projects/j/jlgage/RawUAVData01/uavforslb/final_image/final_sliced/20230720_G3_08079.jpg
2715,C6B,2024,7/15/24,8.5,7/18/24,20240718_C6B_02715.jpg,3,/mnt/research-projects/j/jlgage/RawUAVData01/uavforslb/final_image/final_sliced/20240718_C6B_02715.jpg
9957,I3B,2023,7/12/23,5.5,7/13/23,20230713_I3B_09957.jpg,1,/mnt/research-projects/j/jlgage/RawUAVData01/uavforslb/final_image/final_sliced/20230713_I3B_09957.jpg
11025,I3B,2023,7/12/23,7.5,7/13/23,20230713_I3B_11025.jpg,1,/mnt/research-projects/j/jlgage/RawUAVData01/uavforslb/final_image/final_sliced/20230713_I3B_11025.jpg
645,C6B,2024,7/19/24,7.0,7/18/24,20240718_C6B_00645.jpg,-1,/mnt/research-projects/j/jlgage/RawUAVData01/uavforslb/final_image/final_sliced/20240718_C6B_00645.jpg
10399,I3B,2023,7/25/23,4.0,7/27/23,20230727_I3B_10399.jpg,2,/mnt/research-projects/j/jlgage/RawUAVData01/uavforslb/final_image/final_sliced/20230727_I3B_10399.jpg
9917,I3B,2023,7/12/23,4.5,7/13/23,20230713_I3B_09917.jpg,1,/mnt/research-projects/j/jlgage/RawUAVData01/uavforslb/final_image/final_sliced/20230713_I3B_09917.jpg
11137,I3B,2023,7/12/23,7.5,7/13/23,20230713_I3B_11137.jpg,1,/mnt/research-projects/j/jlgage/RawUAVData01/uavforslb/final_image/final_sliced/20230713_I3B_11137.jpg
1137,C6B,2024,7/29/24,5.0,7/26/24,20240726_C6B_01137.jpg,-3,/mnt/research-projects/j/jlgage/RawUAVData01/uavforslb/final_image/final_sliced/20240726_C6B_01137.jpg
7480,G3,2023,7/26/23,5.0,7/27/23,20230727_G3_07480.jpg,1,/mnt/research-projects/j/jlgage/RawUAVData01/uavforslb/final_image/final_sliced/20230727_G3_07480.jpg
7291,G3,2023,7/20/23,8.0,7/20/23,20230720_G3_07291.jpg,0,/mnt/research-projects/j/jlgage/RawUAVData01/uavforslb/final_image/final_sliced/20230720_G3_07291.jpg
11330,I3B,2023,7/19/23,7.0,7/20/23,20230720_I3B_11330.jpg,1,/mnt/research-projects/j/jlgage/RawUAVData01/uavforslb/final_image/final_sliced/20230720_I3B_11330.jpg
11147,I3B,2023,7/12/23,7.0,7/13/23,20230713_I3B_11147.jpg,1,/mnt/research-projects/j/jlgage/RawUAVData01/uavforslb/final_image/final_sliced/20230713_I3B_11147.jpg
1435,C6B,2024,7/29/24,7.0,7/26/24,20240726_C6B_01435.jpg,-3,/mnt/research-projects/j/jlgage/RawUAVData01/uavforslb/final_image/final_sliced/20240726_C6B_01435.jpg
2015,C6B,2024,7/29/24,3.5,7/26/24,20240726_C6B_02015.jpg,-3,/mnt/research-projects/j/jlgage/RawUAVData01/uavforslb/final_image/final_sliced/20240726_C6B_02015.jpg
5562,B7A,2024,7/1/24,8.0,7/3/24,20240703_B7A_05562.jpg,2,/mnt/research-projects/j/jlgage/RawUAVData01/uavforslb/final_image/final_sliced/20240703_B7A_05562.jpg
10405,I3B,2023,7/25/23,3.0,7/27/23,20230727_I3B_10405.jpg,2,/mnt/research-projects/j/jlgage/RawUAVData01/uavforslb/final_image/final_sliced/20230727_I3B_10405.jpg
8110,G3,2023,7/20/23,7.5,7/20/23,20230720_G3_08110.jpg,0,/mnt/research-projects/j/jlgage/RawUAVData01/uavforslb/final_image/final_sliced/20230720_G3_08110.jpg
3359,C6B,2024,7/30/24,1.5,8/2/24,20240802_C6B_03359.jpg,3,/mnt/research-projects/j/jlgage/RawUAVData01/uavforslb/final_image/final_sliced/20240802_C6B_03359.jpg
2599,C6B,2024,7/30/24,1.5,8/2/24,20240802_C6B_02599.jpg,3,/mnt/research-projects/j/jlgage/RawUAVData01/uavforslb/final_image/final_sliced/20240802_C6B_02599.jpg
716,C6B,2024,7/29/24,5.0,7/26/24,20240726_C6B_00716.jpg,-3,/mnt/research-projects/j/jlgage/RawUAVData01/uavforslb/final_image/final_sliced/20240726_C6B_00716.jpg
3589,C6B,2024,7/30/24,3.0,8/2/24,20240802_C6B_03589.jpg,3,/mnt/research-projects/j/jlgage/RawUAVData01/uavforslb/final_image/final_sliced/20240802_C6B_03589.jpg
4454,B7A,2024,7/15/24,7.5,7/16/24,20240716_B7A_04454.jpg,1,/mnt/research-projects/j/jlgage/RawUAVData01/uavforslb/final_image/final_sliced/20240716_B7A_04454.jpg
9766,I3B,2023,7/12/23,4.5,7/13/23,20230713_I3B_09766.jpg,1,/mnt/research-projects/j/jlgage/RawUAVData01/uavforslb/final_image/final_sliced/20230713_I3B_09766.jpg
11210,I3B,2023,7/19/23,7.0,7/20/23,20230720_I3B_11210.jpg,1,/mnt/research-projects/j/jlgage/RawUAVData01/uavforslb/final_image/final_sliced/20230720_I3B_11210.jpg
4461,B7A,2024,7/30/24,1.5,7/27/24,20240727_B7A_04461.jpg,-3,/mnt/research-projects/j/jlgage/RawUAVData01/uavforslb/final_image/final_sliced/20240727_B7A_04461.jpg
1643,C6B,2024,7/29/24,5.0,7/26/24,20240726_C6B_01643.jpg,-3,/mnt/research-projects/j/jlgage/RawUAVData01/uavforslb/final_image/final_sliced/20240726_C6B_01643.jpg
3126,G3,2023,7/26/23,5.0,7/27/23,20230727_G3_03126.jpg,1,/mnt/research-projects/j/jlgage/RawUAVData01/uavforslb/final_image/final_sliced/20230727_G3_03126.jpg
1806,C6B,2024,7/19/24,6.0,7/18/24,20240718_C6B_01806.jpg,-1,/mnt/research-projects/j/jlgage/RawUAVData01/uavforslb/final_image/final_sliced/20240718_C6B_01806.jpg
7405,G3,2023,7/20/23,7.5,7/20/23,20230720_G3_07405.jpg,0,/mnt/research-projects/j/jlgage/RawUAVData01/uavforslb/final_image/final_sliced/20230720_G3_07405.jpg
2533,C6B,2024,7/1/24,7.5,7/3/24,20240703_C6B_02533.jpg,2,/mnt/research-projects/j/jlgage/RawUAVData01/uavforslb/final_image/final_sliced/20240703_C6B_02533.jpg
3143,G3,2023,7/26/23,5.0,7/27/23,20230727_G3_03143.jpg,1,/mnt/research-projects/j/jlgage/RawUAVData01/uavforslb/final_image/final_sliced/20230727_G3_03143.jpg
10824,I3B,2023,7/19/23,6.0,7/20/23,20230720_I3B_10824.jpg,1,/mnt/research-projects/j/jlgage/RawUAVData01/uavforslb/final_image/final_sliced/20230720_I3B_10824.jpg
509,C6B,2024,7/19/24,8.0,7/18/24,20240718_C6B_00509.jpg,-1,/mnt/research-projects/j/jlgage/RawUAVData01/uavforslb/final_image/final_sliced/20240718_C6B_00509.jpg
7520,G3,2023,7/26/23,5.5,7/27/23,20230727_G3_07520.jpg,1,/mnt/research-projects/j/jlgage/RawUAVData01/uavforslb/final_image/final_sliced/20230727_G3_07520.jpg
10852,I3B,2023,7/19/23,6.5,7/20/23,20230720_I3B_10852.jpg,1,/mnt/research-projects/j/jlgage/RawUAVData01/uavforslb/final_image/final_sliced/20230720_I3B_10852.jpg
4624,B7A,2024,7/30/24,2.0,7/27/24,20240727_B7A_04624.jpg,-3,/mnt/research-projects/j/jlgage/RawUAVData01/uavforslb/final_image/final_sliced/20240727_B7A_04624.jpg
5041,C6B,2024,7/27/24,3.5,7/26/24,20240726_C6B_05041.jpg,-1,/mnt/research-projects/j/jlgage/RawUAVData01/uavforslb/final_image/final_sliced/20240726_C6B_05041.jpg
11279,I3B,2023,7/19/23,5.0,7/20/23,20230720_I3B_11279.jpg,1,/mnt/research-projects/j/jlgage/RawUAVData01/uavforslb/final_image/final_sliced/20230720_I3B_11279.jpg
1972,C6B,2024,7/29/24,3.5,7/26/24,20240726_C6B_01972.jpg,-3,/mnt/research-projects/j/jlgage/RawUAVData01/uavforslb/final_image/final_sliced/20240726_C6B_01972.jpg
8108,G3,2023,7/26/23,7.5,7/27/23,20230727_G3_08108.jpg,1,/mnt/research-projects/j/jlgage/RawUAVData01/uavforslb/final_image/final_sliced/20230727_G3_08108.jpg
3078,G3,2023,7/19/23,8.5,7/20/23,20230720_G3_03078.jpg,1,/mnt/research-projects/j/jlgage/RawUAVData01/uavforslb/final_image/final_sliced/20230720_G3_03078.jpg
2161,C6B,2024,7/19/24,4.0,7/18/24,20240718_C6B_02161.jpg,-1,/mnt/research-projects/j/jlgage/RawUAVData01/uavforslb/final_image/final_sliced/20240718_C6B_02161.jpg
4089,B7A,2024,7/30/24,5.0,7/27/24,20240727_B7A_04089.jpg,-3,/mnt/research-projects/j/jlgage/RawUAVData01/uavforslb/final_image/final_sliced/20240727_B7A_04089.jpg
4513,B7A,2024,7/30/24,1.5,7/27/24,20240727_B7A_04513.jpg,-3,/mnt/research-projects/j/jlgage/RawUAVData01/uavforslb/final_image/final_sliced/20240727_B7A_04513.jpg
2619,C6B,2024,7/30/24,1.5,8/2/24,20240802_C6B_02619.jpg,3,/mnt/research-projects/j/jlgage/RawUAVData01/uavforslb/final_image/final_sliced/20240802_C6B_02619.jpg
4536,B7A,2024,7/30/24,4.0,7/27/24,20240727_B7A_04536.jpg,-3,/mnt/research-projects/j/jlgage/RawUAVData01/uavforslb/final_image/final_sliced/20240727_B7A_04536.jpg
11164,I3B,2023,7/12/23,6.5,7/13/23,20230713_I3B_11164.jpg,1,/mnt/research-projects/j/jlgage/RawUAVData01/uavforslb/final_image/final_sliced/20230713_I3B_11164.jpg
4118,B7A,2024,7/30/24,3.0,7/27/24,20240727_B7A_04118.jpg,-3,/mnt/research-projects/j/jlgage/RawUAVData01/uavforslb/final_image/final_sliced/20240727_B7A_04118.jpg
439,C6B,2024,7/19/24,8.0,7/18/24,20240718_C6B_00439.jpg,-1,/mnt/research-projects/j/jlgage/RawUAVData01/uavforslb/final_image/final_sliced/20240718_C6B_00439.jpg
11130,I3B,2023,7/12/23,7.5,7/13/23,20230713_I3B_11130.jpg,1,/mnt/research-projects/j/jlgage/RawUAVData01/uavforslb/final_image/final_sliced/20230713_I3B_11130.jpg
210,C6B,2024,7/19/24,8.5,7/18/24,20240718_C6B_00210.jpg,-1,/mnt/research-projects/j/jlgage/RawUAVData01/uavforslb/final_image/final_sliced/20240718_C6B_00210.jpg
3273,C6B,2024,7/30/24,3.5,8/2/24,20240802_C6B_03273.jpg,3,/mnt/research-projects/j/jlgage/RawUAVData01/uavforslb/final_image/final_sliced/20240802_C6B_03273.jpg
10765,I3B,2023,7/19/23,7.0,7/20/23,20230720_I3B_10765.jpg,1,/mnt/research-projects/j/jlgage/RawUAVData01/uavforslb/final_image/final_sliced/20230720_I3B_10765.jpg
1370,C6B,2024,7/19/24,8.5,7/18/24,20240718_C6B_01370.jpg,-1,/mnt/research-projects/j/jlgage/RawUAVData01/uavforslb/final_image/final_sliced/20240718_C6B_01370.jpg
154,C6B,2024,7/19/24,8.0,7/18/24,20240718_C6B_00154.jpg,-1,/mnt/research-projects/j/jlgage/RawUAVData01/uavforslb/final_image/final_sliced/20240718_C6B_00154.jpg
2014,C6B,2024,7/19/24,6.0,7/18/24,20240718_C6B_02014.jpg,-1,/mnt/research-projects/j/jlgage/RawUAVData01/uavforslb/final_image/final_sliced/20240718_C6B_02014.jpg
9672,I3B,2023,7/12/23,5.5,7/13/23,20230713_I3B_09672.jpg,1,/mnt/research-projects/j/jlgage/RawUAVData01/uavforslb/final_image/final_sliced/20230713_I3B_09672.jpg
5033,C6B,2024,7/1/24,8.5,7/3/24,20240703_C6B_05033.jpg,2,/mnt/research-projects/j/jlgage/RawUAVData01/uavforslb/final_image/final_sliced/20240703_C6B_05033.jpg
10335,I3B,2023,7/25/23,3.5,7/27/23,20230727_I3B_10335.jpg,2,/mnt/research-projects/j/jlgage/RawUAVData01/uavforslb/final_image/final_sliced/20230727_I3B_10335.jpg
2943,C6B,2024,7/15/24,5.0,7/18/24,20240718_C6B_02943.jpg,3,/mnt/research-projects/j/jlgage/RawUAVData01/uavforslb/final_image/final_sliced/20240718_C6B_02943.jpg
9819,I3B,2023,7/12/23,5.0,7/13/23,20230713_I3B_09819.jpg,1,/mnt/research-projects/j/jlgage/RawUAVData01/uavforslb/final_image/final_sliced/20230713_I3B_09819.jpg
1763,C6B,2024,7/19/24,8.0,7/18/24,20240718_C6B_01763.jpg,-1,/mnt/research-projects/j/jlgage/RawUAVData01/uavforslb/final_image/final_sliced/20240718_C6B_01763.jpg
3081,C6B,2024,7/30/24,1.5,8/2/24,20240802_C6B_03081.jpg,3,/mnt/research-projects/j/jlgage/RawUAVData01/uavforslb/final_image/final_sliced/20240802_C6B_03081.jpg
8110,G3,2023,7/26/23,8.0,7/27/23,20230727_G3_08110.jpg,1,/mnt/research-projects/j/jlgage/RawUAVData01/uavforslb/final_image/final_sliced/20230727_G3_08110.jpg
11263,I3B,2023,7/19/23,5.5,7/20/23,20230720_I3B_11263.jpg,1,/mnt/research-projects/j/jlgage/RawUAVData01/uavforslb/final_image/final_sliced/20230720_I3B_11263.jpg
1189,C6B,2024,7/29/24,4.0,7/26/24,20240726_C6B_01189.jpg,-3,/mnt/research-projects/j/jlgage/RawUAVData01/uavforslb/final_image/final_sliced/20240726_C6B_01189.jpg
1652,C6B,2024,7/19/24,8.5,7/18/24,20240718_C6B_01652.jpg,-1,/mnt/research-projects/j/jlgage/RawUAVData01/uavforslb/final_image/final_sliced/20240718_C6B_01652.jpg
3282,C6B,2024,7/15/24,8.5,7/18/24,20240718_C6B_03282.jpg,3,/mnt/research-projects/j/jlgage/RawUAVData01/uavforslb/final_image/final_sliced/20240718_C6B_03282.jpg
9985,I3B,2023,7/12/23,6.0,7/13/23,20230713_I3B_09985.jpg,1,/mnt/research-projects/j/jlgage/RawUAVData01/uavforslb/final_image/final_sliced/20230713_I3B_09985.jpg
483,C6B,2024,7/29/24,5.0,7/26/24,20240726_C6B_00483.jpg,-3,/mnt/research-projects/j/jlgage/RawUAVData01/uavforslb/final_image/final_sliced/20240726_C6B_00483.jpg
3167,G3,2023,7/26/23,4.0,7/27/23,20230727_G3_03167.jpg,1,/mnt/research-projects/j/jlgage/RawUAVData01/uavforslb/final_image/final_sliced/20230727_G3_03167.jpg
1198,C6B,2024,7/19/24,8.0,7/18/24,20240718_C6B_01198.jpg,-1,/mnt/research-projects/j/jlgage/RawUAVData01/uavforslb/final_image/final_sliced/20240718_C6B_01198.jpg
4322,B7A,2024,7/30/24,2.0,7/27/24,20240727_B7A_04322.jpg,-3,/mnt/research-projects/j/jlgage/RawUAVData01/uavforslb/final_image/final_sliced/20240727_B7A_04322.jpg
3727,C6B,2024,7/30/24,2.0,8/2/24,20240802_C6B_03727.jpg,3,/mnt/research-projects/j/jlgage/RawUAVData01/uavforslb/final_image/final_sliced/20240802_C6B_03727.jpg
521,C6B,2024,7/19/24,8.0,7/18/24,20240718_C6B_00521.jpg,-1,/mnt/research-projects/j/jlgage/RawUAVData01/uavforslb/final_image/final_sliced/20240718_C6B_00521.jpg
3438,C6B,2024,7/15/24,8.5,7/18/24,20240718_C6B_03438.jpg,3,/mnt/research-projects/j/jlgage/RawUAVData01/uavforslb/final_image/final_sliced/20240718_C6B_03438.jpg
10936,I3B,2023,7/19/23,6.0,7/20/23,20230720_I3B_10936.jpg,1,/mnt/research-projects/j/jlgage/RawUAVData01/uavforslb/final_image/final_sliced/20230720_I3B_10936.jpg
3258,C6B,2024,7/15/24,8.0,7/18/24,20240718_C6B_03258.jpg,3,/mnt/research-projects/j/jlgage/RawUAVData01/uavforslb/final_image/final_sliced/20240718_C6B_03258.jpg
3107,G3,2023,7/26/23,8.0,7/27/23,20230727_G3_03107.jpg,1,/mnt/research-projects/j/jlgage/RawUAVData01/uavforslb/final_image/final_sliced/20230727_G3_03107.jpg
3242,C6B,2024,7/30/24,2.5,8/2/24,20240802_C6B_03242.jpg,3,/mnt/research-projects/j/jlgage/RawUAVData01/uavforslb/final_image/final_sliced/20240802_C6B_03242.jpg
10976,I3B,2023,7/19/23,7.5,7/20/23,20230720_I3B_10976.jpg,1,/mnt/research-projects/j/jlgage/RawUAVData01/uavforslb/final_image/final_sliced/20230720_I3B_10976.jpg
10969,I3B,2023,7/19/23,7.5,7/20/23,20230720_I3B_10969.jpg,1,/mnt/research-projects/j/jlgage/RawUAVData01/uavforslb/final_image/final_sliced/20230720_I3B_10969.jpg
11309,I3B,2023,7/19/23,7.5,7/20/23,20230720_I3B_11309.jpg,1,/mnt/research-projects/j/jlgage/RawUAVData01/uavforslb/final_image/final_sliced/20230720_I3B_11309.jpg
11180,I3B,2023,7/12/23,7.0,7/13/23,20230713_I3B_11180.jpg,1,/mnt/research-projects/j/jlgage/RawUAVData01/uavforslb/final_image/final_sliced/20230713_I3B_11180.jpg
8163,G3,2023,7/26/23,7.5,7/27/23,20230727_G3_08163.jpg,1,/mnt/research-projects/j/jlgage/RawUAVData01/uavforslb/final_image/final_sliced/20230727_G3_08163.jpg
2077,C6B,2024,7/19/24,6.0,7/18/24,20240718_C6B_02077.jpg,-1,/mnt/research-projects/j/jlgage/RawUAVData01/uavforslb/final_image/final_sliced/20240718_C6B_02077.jpg
10041,I3B,2023,7/12/23,4.5,7/13/23,20230713_I3B_10041.jpg,1,/mnt/research-projects/j/jlgage/RawUAVData01/uavforslb/final_image/final_sliced/20230713_I3B_10041.jpg
7244,G3,2023,7/26/23,5.0,7/27/23,20230727_G3_07244.jpg,1,/mnt/research-projects/j/jlgage/RawUAVData01/uavforslb/final_image/final_sliced/20230727_G3_07244.jpg
4574,B7A,2024,7/30/24,1.5,7/27/24,20240727_B7A_04574.jpg,-3,/mnt/research-projects/j/jlgage/RawUAVData01/uavforslb/final_image/final_sliced/20240727_B7A_04574.jpg
3082,C6B,2024,7/30/24,1.5,8/2/24,20240802_C6B_03082.jpg,3,/mnt/research-projects/j/jlgage/RawUAVData01/uavforslb/final_image/final_sliced/20240802_C6B_03082.jpg
2773,C6B,2024,7/30/24,3.0,8/2/24,20240802_C6B_02773.jpg,3,/mnt/research-projects/j/jlgage/RawUAVData01/uavforslb/final_image/final_sliced/20240802_C6B_02773.jpg
5025,C6B,2024,7/27/24,3.0,7/26/24,20240726_C6B_05025.jpg,-1,/mnt/research-projects/j/jlgage/RawUAVData01/uavforslb/final_image/final_sliced/20240726_C6B_05025.jpg
11195,I3B,2023,7/19/23,5.0,7/20/23,20230720_I3B_11195.jpg,1,/mnt/research-projects/j/jlgage/RawUAVData01/uavforslb/final_image/final_sliced/20230720_I3B_11195.jpg
11204,I3B,2023,7/19/23,6.5,7/20/23,20230720_I3B_11204.jpg,1,/mnt/research-projects/j/jlgage/RawUAVData01/uavforslb/final_image/final_sliced/20230720_I3B_11204.jpg
10043,I3B,2023,7/12/23,5.0,7/13/23,20230713_I3B_10043.jpg,1,/mnt/research-projects/j/jlgage/RawUAVData01/uavforslb/final_image/final_sliced/20230713_I3B_10043.jpg
8057,G3,2023,7/19/23,6.5,7/20/23,20230720_G3_08057.jpg,1,/mnt/research-projects/j/jlgage/RawUAVData01/uavforslb/final_image/final_sliced/20230720_G3_08057.jpg
10303,I3B,2023,7/25/23,3.5,7/27/23,20230727_I3B_10303.jpg,2,/mnt/research-projects/j/jlgage/RawUAVData01/uavforslb/final_image/final_sliced/20230727_I3B_10303.jpg
3833,B7A,2024,7/15/24,6.5,7/16/24,20240716_B7A_03833.jpg,1,/mnt/research-projects/j/jlgage/RawUAVData01/uavforslb/final_image/final_sliced/20240716_B7A_03833.jpg
635,C6B,2024,7/29/24,4.0,7/26/24,20240726_C6B_00635.jpg,-3,/mnt/research-projects/j/jlgage/RawUAVData01/uavforslb/final_image/final_sliced/20240726_C6B_00635.jpg
4594,B7A,2024,7/30/24,1.5,7/27/24,20240727_B7A_04594.jpg,-3,/mnt/research-projects/j/jlgage/RawUAVData01/uavforslb/final_image/final_sliced/20240727_B7A_04594.jpg
1066,C6B,2024,7/19/24,8.5,7/18/24,20240718_C6B_01066.jpg,-1,/mnt/research-projects/j/jlgage/RawUAVData01/uavforslb/final_image/final_sliced/20240718_C6B_01066.jpg
2039,C6B,2024,7/19/24,5.0,7/18/24,20240718_C6B_02039.jpg,-1,/mnt/research-projects/j/jlgage/RawUAVData01/uavforslb/final_image/final_sliced/20240718_C6B_02039.jpg
10246,I3B,2023,7/25/23,5.0,7/27/23,20230727_I3B_10246.jpg,2,/mnt/research-projects/j/jlgage/RawUAVData01/uavforslb/final_image/final_sliced/20230727_I3B_10246.jpg
9973,I3B,2023,7/12/23,6.0,7/13/23,20230713_I3B_09973.jpg,1,/mnt/research-projects/j/jlgage/RawUAVData01/uavforslb/final_image/final_sliced/20230713_I3B_09973.jpg
7392,G3,2023,7/20/23,6.5,7/20/23,20230720_G3_07392.jpg,0,/mnt/research-projects/j/jlgage/RawUAVData01/uavforslb/final_image/final_sliced/20230720_G3_07392.jpg
5022,C6B,2024,7/1/24,8.5,7/3/24,20240703_C6B_05022.jpg,2,/mnt/research-projects/j/jlgage/RawUAVData01/uavforslb/final_image/final_sliced/20240703_C6B_05022.jpg
9590,I3B,2023,7/12/23,5.0,7/13/23,20230713_I3B_09590.jpg,1,/mnt/research-projects/j/jlgage/RawUAVData01/uavforslb/final_image/final_sliced/20230713_I3B_09590.jpg
10239,I3B,2023,7/25/23,4.0,7/27/23,20230727_I3B_10239.jpg,2,/mnt/research-projects/j/jlgage/RawUAVData01/uavforslb/final_image/final_sliced/20230727_I3B_10239.jpg
7219,G3,2023,7/26/23,5.0,7/27/23,20230727_G3_07219.jpg,1,/mnt/research-projects/j/jlgage/RawUAVData01/uavforslb/final_image/final_sliced/20230727_G3_07219.jpg
3136,C6B,2024,7/15/24,8.5,7/18/24,20240718_C6B_03136.jpg,3,/mnt/research-projects/j/jlgage/RawUAVData01/uavforslb/final_image/final_sliced/20240718_C6B_03136.jpg
1161,C6B,2024,7/19/24,7.0,7/18/24,20240718_C6B_01161.jpg,-1,/mnt/research-projects/j/jlgage/RawUAVData01/uavforslb/final_image/final_sliced/20240718_C6B_01161.jpg
11016,I3B,2023,7/19/23,6.0,7/20/23,20230720_I3B_11016.jpg,1,/mnt/research-projects/j/jlgage/RawUAVData01/uavforslb/final_image/final_sliced/20230720_I3B_11016.jpg
9790,I3B,2023,7/12/23,4.5,7/13/23,20230713_I3B_09790.jpg,1,/mnt/research-projects/j/jlgage/RawUAVData01/uavforslb/final_image/final_sliced/20230713_I3B_09790.jpg
11272,I3B,2023,7/19/23,5.0,7/20/23,20230720_I3B_11272.jpg,1,/mnt/research-projects/j/jlgage/RawUAVData01/uavforslb/final_image/final_sliced/20230720_I3B_11272.jpg
3119,G3,2023,7/19/23,8.0,7/20/23,20230720_G3_03119.jpg,1,/mnt/research-projects/j/jlgage/RawUAVData01/uavforslb/final_image/final_sliced/20230720_G3_03119.jpg
3710,C6B,2024,7/30/24,2.0,8/2/24,20240802_C6B_03710.jpg,3,/mnt/research-projects/j/jlgage/RawUAVData01/uavforslb/final_image/final_sliced/20240802_C6B_03710.jpg
2718,C6B,2024,7/15/24,6.5,7/18/24,20240718_C6B_02718.jpg,3,/mnt/research-projects/j/jlgage/RawUAVData01/uavforslb/final_image/final_sliced/20240718_C6B_02718.jpg
907,C6B,2024,7/19/24,8.5,7/18/24,20240718_C6B_00907.jpg,-1,/mnt/research-projects/j/jlgage/RawUAVData01/uavforslb/final_image/final_sliced/20240718_C6B_00907.jpg
3744,C6B,2024,7/30/24,4.0,8/2/24,20240802_C6B_03744.jpg,3,/mnt/research-projects/j/jlgage/RawUAVData01/uavforslb/final_image/final_sliced/20240802_C6B_03744.jpg
10954,I3B,2023,7/19/23,5.0,7/20/23,20230720_I3B_10954.jpg,1,/mnt/research-projects/j/jlgage/RawUAVData01/uavforslb/final_image/final_sliced/20230720_I3B_10954.jpg
3705,C6B,2024,7/15/24,8.0,7/18/24,20240718_C6B_03705.jpg,3,/mnt/research-projects/j/jlgage/RawUAVData01/uavforslb/final_image/final_sliced/20240718_C6B_03705.jpg
685,C6B,2024,7/19/24,7.0,7/18/24,20240718_C6B_00685.jpg,-1,/mnt/research-projects/j/jlgage/RawUAVData01/uavforslb/final_image/final_sliced/20240718_C6B_00685.jpg
282,C6B,2024,7/29/24,5.0,7/26/24,20240726_C6B_00282.jpg,-3,/mnt/research-projects/j/jlgage/RawUAVData01/uavforslb/final_image/final_sliced/20240726_C6B_00282.jpg
7430,G3,2023,7/26/23,8.0,7/27/23,20230727_G3_07430.jpg,1,/mnt/research-projects/j/jlgage/RawUAVData01/uavforslb/final_image/final_sliced/20230727_G3_07430.jpg
11355,I3B,2023,7/19/23,7.5,7/20/23,20230720_I3B_11355.jpg,1,/mnt/research-projects/j/jlgage/RawUAVData01/uavforslb/final_image/final_sliced/20230720_I3B_11355.jpg
3013,G3,2023,7/26/23,8.0,7/27/23,20230727_G3_03013.jpg,1,/mnt/research-projects/j/jlgage/RawUAVData01/uavforslb/final_image/final_sliced/20230727_G3_03013.jpg
3346,C6B,2024,7/15/24,8.0,7/18/24,20240718_C6B_03346.jpg,3,/mnt/research-projects/j/jlgage/RawUAVData01/uavforslb/final_image/final_sliced/20240718_C6B_03346.jpg
5047,C6B,2024,7/11/24,8.0,7/10/24,20240710_C6B_05047.jpg,-1,/mnt/research-projects/j/jlgage/RawUAVData01/uavforslb/final_image/final_sliced/20240710_C6B_05047.jpg
7484,G3,2023,7/20/23,7.5,7/20/23,20230720_G3_07484.jpg,0,/mnt/research-projects/j/jlgage/RawUAVData01/uavforslb/final_image/final_sliced/20230720_G3_07484.jpg
3627,C6B,2024,7/30/24,5.0,8/2/24,20240802_C6B_03627.jpg,3,/mnt/research-projects/j/jlgage/RawUAVData01/uavforslb/final_image/final_sliced/20240802_C6B_03627.jpg
4603,B7A,2024,7/30/24,2.0,7/27/24,20240727_B7A_04603.jpg,-3,/mnt/research-projects/j/jlgage/RawUAVData01/uavforslb/final_image/final_sliced/20240727_B7A_04603.jpg
10323,I3B,2023,7/25/23,3.0,7/27/23,20230727_I3B_10323.jpg,2,/mnt/research-projects/j/jlgage/RawUAVData01/uavforslb/final_image/final_sliced/20230727_I3B_10323.jpg
7417,G3,2023,7/20/23,5.5,7/20/23,20230720_G3_07417.jpg,0,/mnt/research-projects/j/jlgage/RawUAVData01/uavforslb/final_image/final_sliced/20230720_G3_07417.jpg
3879,B7A,2024,7/30/24,5.5,7/27/24,20240727_B7A_03879.jpg,-3,/mnt/research-projects/j/jlgage/RawUAVData01/uavforslb/final_image/final_sliced/20240727_B7A_03879.jpg
1590,C6B,2024,7/29/24,6.0,7/26/24,20240726_C6B_01590.jpg,-3,/mnt/research-projects/j/jlgage/RawUAVData01/uavforslb/final_image/final_sliced/20240726_C6B_01590.jpg
4477,B7A,2024,7/15/24,8.5,7/16/24,20240716_B7A_04477.jpg,1,/mnt/research-projects/j/jlgage/RawUAVData01/uavforslb/final_image/final_sliced/20240716_B7A_04477.jpg
825,C6B,2024,7/19/24,8.5,7/18/24,20240718_C6B_00825.jpg,-1,/mnt/research-projects/j/jlgage/RawUAVData01/uavforslb/final_image/final_sliced/20240718_C6B_00825.jpg
8098,G3,2023,7/20/23,5.5,7/20/23,20230720_G3_08098.jpg,0,/mnt/research-projects/j/jlgage/RawUAVData01/uavforslb/final_image/final_sliced/20230720_G3_08098.jpg
4048,B7A,2024,7/15/24,8.5,7/16/24,20240716_B7A_04048.jpg,1,/mnt/research-projects/j/jlgage/RawUAVData01/uavforslb/final_image/final_sliced/20240716_B7A_04048.jpg
4643,B7A,2024,7/30/24,1.5,7/27/24,20240727_B7A_04643.jpg,-3,/mnt/research-projects/j/jlgage/RawUAVData01/uavforslb/final_image/final_sliced/20240727_B7A_04643.jpg
2927,C6B,2024,7/30/24,2.0,8/2/24,20240802_C6B_02927.jpg,3,/mnt/research-projects/j/jlgage/RawUAVData01/uavforslb/final_image/final_sliced/20240802_C6B_02927.jpg
3214,C6B,2024,7/30/24,4.0,8/2/24,20240802_C6B_03214.jpg,3,/mnt/research-projects/j/jlgage/RawUAVData01/uavforslb/final_image/final_sliced/20240802_C6B_03214.jpg
720,C6B,2024,7/19/24,7.0,7/18/24,20240718_C6B_00720.jpg,-1,/mnt/research-projects/j/jlgage/RawUAVData01/uavforslb/final_image/final_sliced/20240718_C6B_00720.jpg
7256,G3,2023,7/26/23,8.5,7/27/23,20230727_G3_07256.jpg,1,/mnt/research-projects/j/jlgage/RawUAVData01/uavforslb/final_image/final_sliced/20230727_G3_07256.jpg
7272,G3,2023,7/26/23,5.5,7/27/23,20230727_G3_07272.jpg,1,/mnt/research-projects/j/jlgage/RawUAVData01/uavforslb/final_image/final_sliced/20230727_G3_07272.jpg
5555,B7A,2024,7/27/24,6.5,7/27/24,20240727_B7A_05555.jpg,0,/mnt/research-projects/j/jlgage/RawUAVData01/uavforslb/final_image/final_sliced/20240727_B7A_05555.jpg
10845,I3B,2023,7/19/23,6.0,7/20/23,20230720_I3B_10845.jpg,1,/mnt/research-projects/j/jlgage/RawUAVData01/uavforslb/final_image/final_sliced/20230720_I3B_10845.jpg
9923,I3B,2023,7/12/23,5.5,7/13/23,20230713_I3B_09923.jpg,1,/mnt/research-projects/j/jlgage/RawUAVData01/uavforslb/final_image/final_sliced/20230713_I3B_09923.jpg
1650,C6B,2024,7/29/24,8.0,7/26/24,20240726_C6B_01650.jpg,-3,/mnt/research-projects/j/jlgage/RawUAVData01/uavforslb/final_image/final_sliced/20240726_C6B_01650.jpg
2540,C6B,2024,7/11/24,5.5,7/10/24,20240710_C6B_02540.jpg,-1,/mnt/research-projects/j/jlgage/RawUAVData01/uavforslb/final_image/final_sliced/20240710_C6B_02540.jpg
3055,C6B,2024,7/30/24,2.0,8/2/24,20240802_C6B_03055.jpg,3,/mnt/research-projects/j/jlgage/RawUAVData01/uavforslb/final_image/final_sliced/20240802_C6B_03055.jpg
10875,I3B,2023,7/19/23,7.0,7/20/23,20230720_I3B_10875.jpg,1,/mnt/research-projects/j/jlgage/RawUAVData01/uavforslb/final_image/final_sliced/20230720_I3B_10875.jpg
10382,I3B,2023,7/25/23,4.0,7/27/23,20230727_I3B_10382.jpg,2,/mnt/research-projects/j/jlgage/RawUAVData01/uavforslb/final_image/final_sliced/20230727_I3B_10382.jpg
3115,G3,2023,7/26/23,8.0,7/27/23,20230727_G3_03115.jpg,1,/mnt/research-projects/j/jlgage/RawUAVData01/uavforslb/final_image/final_sliced/20230727_G3_03115.jpg
7482,G3,2023,7/20/23,7.0,7/20/23,20230720_G3_07482.jpg,0,/mnt/research-projects/j/jlgage/RawUAVData01/uavforslb/final_image/final_sliced/20230720_G3_07482.jpg
11331,I3B,2023,7/19/23,7.0,7/20/23,20230720_I3B_11331.jpg,1,/mnt/research-projects/j/jlgage/RawUAVData01/uavforslb/final_image/final_sliced/20230720_I3B_11331.jpg
5537,B7A,2024,7/1/24,8.0,7/3/24,20240703_B7A_05537.jpg,2,/mnt/research-projects/j/jlgage/RawUAVData01/uavforslb/final_image/final_sliced/20240703_B7A_05537.jpg
1177,C6B,2024,7/19/24,8.0,7/18/24,20240718_C6B_01177.jpg,-1,/mnt/research-projects/j/jlgage/RawUAVData01/uavforslb/final_image/final_sliced/20240718_C6B_01177.jpg
2815,C6B,2024,7/15/24,8.5,7/18/24,20240718_C6B_02815.jpg,3,/mnt/research-projects/j/jlgage/RawUAVData01/uavforslb/final_image/final_sliced/20240718_C6B_02815.jpg
7204,G3,2023,7/19/23,7.5,7/20/23,20230720_G3_07204.jpg,1,/mnt/research-projects/j/jlgage/RawUAVData01/uavforslb/final_image/final_sliced/20230720_G3_07204.jpg
11009,I3B,2023,7/19/23,7.0,7/20/23,20230720_I3B_11009.jpg,1,/mnt/research-projects/j/jlgage/RawUAVData01/uavforslb/final_image/final_sliced/20230720_I3B_11009.jpg
11216,I3B,2023,7/19/23,5.5,7/20/23,20230720_I3B_11216.jpg,1,/mnt/research-projects/j/jlgage/RawUAVData01/uavforslb/final_image/final_sliced/20230720_I3B_11216.jpg
7250,G3,2023,7/26/23,7.5,7/27/23,20230727_G3_07250.jpg,1,/mnt/research-projects/j/jlgage/RawUAVData01/uavforslb/final_image/final_sliced/20230727_G3_07250.jpg
5017,C6B,2024,7/11/24,7.5,7/10/24,20240710_C6B_05017.jpg,-1,/mnt/research-projects/j/jlgage/RawUAVData01/uavforslb/final_image/final_sliced/20240710_C6B_05017.jpg
7296,G3,2023,7/26/23,5.5,7/27/23,20230727_G3_07296.jpg,1,/mnt/research-projects/j/jlgage/RawUAVData01/uavforslb/final_image/final_sliced/20230727_G3_07296.jpg
10391,I3B,2023,7/25/23,3.5,7/27/23,20230727_I3B_10391.jpg,2,/mnt/research-projects/j/jlgage/RawUAVData01/uavforslb/final_image/final_sliced/20230727_I3B_10391.jpg
1606,C6B,2024,7/29/24,4.0,7/26/24,20240726_C6B_01606.jpg,-3,/mnt/research-projects/j/jlgage/RawUAVData01/uavforslb/final_image/final_sliced/20240726_C6B_01606.jpg
4089,B7A,2024,7/15/24,8.5,7/16/24,20240716_B7A_04089.jpg,1,/mnt/research-projects/j/jlgage/RawUAVData01/uavforslb/final_image/final_sliced/20240716_B7A_04089.jpg
7422,G3,2023,7/26/23,6.0,7/27/23,20230727_G3_07422.jpg,1,/mnt/research-projects/j/jlgage/RawUAVData01/uavforslb/final_image/final_sliced/20230727_G3_07422.jpg
2105,C6B,2024,7/19/24,8.0,7/18/24,20240718_C6B_02105.jpg,-1,/mnt/research-projects/j/jlgage/RawUAVData01/uavforslb/final_image/final_sliced/20240718_C6B_02105.jpg
149,C6B,2024,7/29/24,6.0,7/26/24,20240726_C6B_00149.jpg,-3,/mnt/research-projects/j/jlgage/RawUAVData01/uavforslb/final_image/final_sliced/20240726_C6B_00149.jpg
7425,G3,2023,7/20/23,7.0,7/20/23,20230720_G3_07425.jpg,0,/mnt/research-projects/j/jlgage/RawUAVData01/uavforslb/final_image/final_sliced/20230720_G3_07425.jpg
9773,I3B,2023,7/12/23,4.5,7/13/23,20230713_I3B_09773.jpg,1,/mnt/research-projects/j/jlgage/RawUAVData01/uavforslb/final_image/final_sliced/20230713_I3B_09773.jpg
8031,G3,2023,7/26/23,7.0,7/27/23,20230727_G3_08031.jpg,1,/mnt/research-projects/j/jlgage/RawUAVData01/uavforslb/final_image/final_sliced/20230727_G3_08031.jpg
4507,B7A,2024,7/15/24,6.0,7/16/24,20240716_B7A_04507.jpg,1,/mnt/research-projects/j/jlgage/RawUAVData01/uavforslb/final_image/final_sliced/20240716_B7A_04507.jpg
1805,C6B,2024,7/19/24,7.0,7/18/24,20240718_C6B_01805.jpg,-1,/mnt/research-projects/j/jlgage/RawUAVData01/uavforslb/final_image/final_sliced/20240718_C6B_01805.jpg
10920,I3B,2023,7/19/23,6.0,7/20/23,20230720_I3B_10920.jpg,1,/mnt/research-projects/j/jlgage/RawUAVData01/uavforslb/final_image/final_sliced/20230720_I3B_10920.jpg
3957,B7A,2024,7/30/24,7.0,7/27/24,20240727_B7A_03957.jpg,-3,/mnt/research-projects/j/jlgage/RawUAVData01/uavforslb/final_image/final_sliced/20240727_B7A_03957.jpg
3912,B7A,2024,7/30/24,2.0,7/27/24,20240727_B7A_03912.jpg,-3,/mnt/research-projects/j/jlgage/RawUAVData01/uavforslb/final_image/final_sliced/20240727_B7A_03912.jpg
3981,B7A,2024,7/30/24,4.0,7/27/24,20240727_B7A_03981.jpg,-3,/mnt/research-projects/j/jlgage/RawUAVData01/uavforslb/final_image/final_sliced/20240727_B7A_03981.jpg
1612,C6B,2024,7/19/24,4.0,7/18/24,20240718_C6B_01612.jpg,-1,/mnt/research-projects/j/jlgage/RawUAVData01/uavforslb/final_image/final_sliced/20240718_C6B_01612.jpg
3783,C6B,2024,7/15/24,8.0,7/18/24,20240718_C6B_03783.jpg,3,/mnt/research-projects/j/jlgage/RawUAVData01/uavforslb/final_image/final_sliced/20240718_C6B_03783.jpg
8053,G3,2023,7/19/23,7.5,7/20/23,20230720_G3_08053.jpg,1,/mnt/research-projects/j/jlgage/RawUAVData01/uavforslb/final_image/final_sliced/20230720_G3_08053.jpg
8080,G3,2023,7/26/23,8.0,7/27/23,20230727_G3_08080.jpg,1,/mnt/research-projects/j/jlgage/RawUAVData01/uavforslb/final_image/final_sliced/20230727_G3_08080.jpg
3104,G3,2023,7/19/23,8.0,7/20/23,20230720_G3_03104.jpg,1,/mnt/research-projects/j/jlgage/RawUAVData01/uavforslb/final_image/final_sliced/20230720_G3_03104.jpg
3951,B7A,2024,7/15/24,8.5,7/16/24,20240716_B7A_03951.jpg,1,/mnt/research-projects/j/jlgage/RawUAVData01/uavforslb/final_image/final_sliced/20240716_B7A_03951.jpg
932,C6B,2024,7/29/24,4.0,7/26/24,20240726_C6B_00932.jpg,-3,/mnt/research-projects/j/jlgage/RawUAVData01/uavforslb/final_image/final_sliced/20240726_C6B_00932.jpg
2545,C6B,2024,7/1/24,8.0,7/3/24,20240703_C6B_02545.jpg,2,/mnt/research-projects/j/jlgage/RawUAVData01/uavforslb/final_image/final_sliced/20240703_C6B_02545.jpg
2586,C6B,2024,7/15/24,8.5,7/18/24,20240718_C6B_02586.jpg,3,/mnt/research-projects/j/jlgage/RawUAVData01/uavforslb/final_image/final_sliced/20240718_C6B_02586.jpg
7294,G3,2023,7/20/23,6.5,7/20/23,20230720_G3_07294.jpg,0,/mnt/research-projects/j/jlgage/RawUAVData01/uavforslb/final_image/final_sliced/20230720_G3_07294.jpg
2981,C6B,2024,7/30/24,1.5,8/2/24,20240802_C6B_02981.jpg,3,/mnt/research-projects/j/jlgage/RawUAVData01/uavforslb/final_image/final_sliced/20240802_C6B_02981.jpg
2819,C6B,2024,7/30/24,1.5,8/2/24,20240802_C6B_02819.jpg,3,/mnt/research-projects/j/jlgage/RawUAVData01/uavforslb/final_image/final_sliced/20240802_C6B_02819.jpg
3186,G3,2023,7/26/23,7.5,7/27/23,20230727_G3_03186.jpg,1,/mnt/research-projects/j/jlgage/RawUAVData01/uavforslb/final_image/final_sliced/20230727_G3_03186.jpg
5059,C6B,2024,7/18/24,5.0,7/18/24,20240718_C6B_05059.jpg,0,/mnt/research-projects/j/jlgage/RawUAVData01/uavforslb/final_image/final_sliced/20240718_C6B_05059.jpg
11219,I3B,2023,7/19/23,6.0,7/20/23,20230720_I3B_11219.jpg,1,/mnt/research-projects/j/jlgage/RawUAVData01/uavforslb/final_image/final_sliced/20230720_I3B_11219.jpg
11259,I3B,2023,7/19/23,5.0,7/20/23,20230720_I3B_11259.jpg,1,/mnt/research-projects/j/jlgage/RawUAVData01/uavforslb/final_image/final_sliced/20230720_I3B_11259.jpg
1589,C6B,2024,7/29/24,7.0,7/26/24,20240726_C6B_01589.jpg,-3,/mnt/research-projects/j/jlgage/RawUAVData01/uavforslb/final_image/final_sliced/20240726_C6B_01589.jpg
3130,G3,2023,7/19/23,7.5,7/20/23,20230720_G3_03130.jpg,1,/mnt/research-projects/j/jlgage/RawUAVData01/uavforslb/final_image/final_sliced/20230720_G3_03130.jpg
4130,B7A,2024,7/30/24,5.0,7/27/24,20240727_B7A_04130.jpg,-3,/mnt/research-projects/j/jlgage/RawUAVData01/uavforslb/final_image/final_sliced/20240727_B7A_04130.jpg
3739,C6B,2024,7/30/24,4.0,8/2/24,20240802_C6B_03739.jpg,3,/mnt/research-projects/j/jlgage/RawUAVData01/uavforslb/final_image/final_sliced/20240802_C6B_03739.jpg
1798,C6B,2024,7/19/24,8.0,7/18/24,20240718_C6B_01798.jpg,-1,/mnt/research-projects/j/jlgage/RawUAVData01/uavforslb/final_image/final_sliced/20240718_C6B_01798.jpg
7217,G3,2023,7/26/23,4.0,7/27/23,20230727_G3_07217.jpg,1,/mnt/research-projects/j/jlgage/RawUAVData01/uavforslb/final_image/final_sliced/20230727_G3_07217.jpg
11138,I3B,2023,7/12/23,7.5,7/13/23,20230713_I3B_11138.jpg,1,/mnt/research-projects/j/jlgage/RawUAVData01/uavforslb/final_image/final_sliced/20230713_I3B_11138.jpg
1093,C6B,2024,7/29/24,3.0,7/26/24,20240726_C6B_01093.jpg,-3,/mnt/research-projects/j/jlgage/RawUAVData01/uavforslb/final_image/final_sliced/20240726_C6B_01093.jpg
3778,C6B,2024,7/30/24,3.5,8/2/24,20240802_C6B_03778.jpg,3,/mnt/research-projects/j/jlgage/RawUAVData01/uavforslb/final_image/final_sliced/20240802_C6B_03778.jpg
1876,C6B,2024,7/19/24,5.0,7/18/24,20240718_C6B_01876.jpg,-1,/mnt/research-projects/j/jlgage/RawUAVData01/uavforslb/final_image/final_sliced/20240718_C6B_01876.jpg
2913,C6B,2024,7/15/24,8.5,7/18/24,20240718_C6B_02913.jpg,3,/mnt/research-projects/j/jlgage/RawUAVData01/uavforslb/final_image/final_sliced/20240718_C6B_02913.jpg
3169,G3,2023,7/26/23,7.0,7/27/23,20230727_G3_03169.jpg,1,/mnt/research-projects/j/jlgage/RawUAVData01/uavforslb/final_image/final_sliced/20230727_G3_03169.jpg
9894,I3B,2023,7/12/23,5.0,7/13/23,20230713_I3B_09894.jpg,1,/mnt/research-projects/j/jlgage/RawUAVData01/uavforslb/final_image/final_sliced/20230713_I3B_09894.jpg
7293,G3,2023,7/20/23,8.0,7/20/23,20230720_G3_07293.jpg,0,/mnt/research-projects/j/jlgage/RawUAVData01/uavforslb/final_image/final_sliced/20230720_G3_07293.jpg
9807,I3B,2023,7/12/23,4.5,7/13/23,20230713_I3B_09807.jpg,1,/mnt/research-projects/j/jlgage/RawUAVData01/uavforslb/final_image/final_sliced/20230713_I3B_09807.jpg
5069,C6B,2024,7/27/24,6.0,7/26/24,20240726_C6B_05069.jpg,-1,/mnt/research-projects/j/jlgage/RawUAVData01/uavforslb/final_image/final_sliced/20240726_C6B_05069.jpg
1210,C6B,2024,7/19/24,7.0,7/18/24,20240718_C6B_01210.jpg,-1,/mnt/research-projects/j/jlgage/RawUAVData01/uavforslb/final_image/final_sliced/20240718_C6B_01210.jpg
5524,B7A,2024,7/1/24,7.5,7/3/24,20240703_B7A_05524.jpg,2,/mnt/research-projects/j/jlgage/RawUAVData01/uavforslb/final_image/final_sliced/20240703_B7A_05524.jpg
3190,G3,2023,7/26/23,6.5,7/27/23,20230727_G3_03190.jpg,1,/mnt/research-projects/j/jlgage/RawUAVData01/uavforslb/final_image/final_sliced/20230727_G3_03190.jpg
10343,I3B,2023,7/25/23,5.5,7/27/23,20230727_I3B_10343.jpg,2,/mnt/research-projects/j/jlgage/RawUAVData01/uavforslb/final_image/final_sliced/20230727_I3B_10343.jpg
3998,B7A,2024,7/15/24,7.0,7/16/24,20240716_B7A_03998.jpg,1,/mnt/research-projects/j/jlgage/RawUAVData01/uavforslb/final_image/final_sliced/20240716_B7A_03998.jpg
9937,I3B,2023,7/12/23,5.5,7/13/23,20230713_I3B_09937.jpg,1,/mnt/research-projects/j/jlgage/RawUAVData01/uavforslb/final_image/final_sliced/20230713_I3B_09937.jpg
1813,C6B,2024,7/19/24,6.5,7/18/24,20240718_C6B_01813.jpg,-1,/mnt/research-projects/j/jlgage/RawUAVData01/uavforslb/final_image/final_sliced/20240718_C6B_01813.jpg
3200,G3,2023,7/19/23,5.0,7/20/23,20230720_G3_03200.jpg,1,/mnt/research-projects/j/jlgage/RawUAVData01/uavforslb/final_image/final_sliced/20230720_G3_03200.jpg
8160,G3,2023,7/26/23,5.0,7/27/23,20230727_G3_08160.jpg,1,/mnt/research-projects/j/jlgage/RawUAVData01/uavforslb/final_image/final_sliced/20230727_G3_08160.jpg
2510,C6B,2024,7/1/24,8.5,7/3/24,20240703_C6B_02510.jpg,2,/mnt/research-projects/j/jlgage/RawUAVData01/uavforslb/final_image/final_sliced/20240703_C6B_02510.jpg
5567,B7A,2024,7/11/24,8.0,7/10/24,20240710_B7A_05567.jpg,-1,/mnt/research-projects/j/jlgage/RawUAVData01/uavforslb/final_image/final_sliced/20240710_B7A_05567.jpg
8077,G3,2023,7/20/23,7.0,7/20/23,20230720_G3_08077.jpg,0,/mnt/research-projects/j/jlgage/RawUAVData01/uavforslb/final_image/final_sliced/20230720_G3_08077.jpg
4546,B7A,2024,7/30/24,2.5,7/27/24,20240727_B7A_04546.jpg,-3,/mnt/research-projects/j/jlgage/RawUAVData01/uavforslb/final_image/final_sliced/20240727_B7A_04546.jpg
2544,C6B,2024,7/27/24,7.0,7/26/24,20240726_C6B_02544.jpg,-1,/mnt/research-projects/j/jlgage/RawUAVData01/uavforslb/final_image/final_sliced/20240726_C6B_02544.jpg
2900,C6B,2024,7/30/24,1.5,8/2/24,20240802_C6B_02900.jpg,3,/mnt/research-projects/j/jlgage/RawUAVData01/uavforslb/final_image/final_sliced/20240802_C6B_02900.jpg
484,C6B,2024,7/19/24,6.5,7/18/24,20240718_C6B_00484.jpg,-1,/mnt/research-projects/j/jlgage/RawUAVData01/uavforslb/final_image/final_sliced/20240718_C6B_00484.jpg
2548,C6B,2024,7/18/24,6.0,7/18/24,20240718_C6B_02548.jpg,0,/mnt/research-projects/j/jlgage/RawUAVData01/uavforslb/final_image/final_sliced/20240718_C6B_02548.jpg
9960,I3B,2023,7/12/23,5.0,7/13/23,20230713_I3B_09960.jpg,1,/mnt/research-projects/j/jlgage/RawUAVData01/uavforslb/final_image/final_sliced/20230713_I3B_09960.jpg
10044,I3B,2023,7/12/23,6.0,7/13/23,20230713_I3B_10044.jpg,1,/mnt/research-projects/j/jlgage/RawUAVData01/uavforslb/final_image/final_sliced/20230713_I3B_10044.jpg
625,C6B,2024,7/19/24,8.0,7/18/24,20240718_C6B_00625.jpg,-1,/mnt/research-projects/j/jlgage/RawUAVData01/uavforslb/final_image/final_sliced/20240718_C6B_00625.jpg
4194,B7A,2024,7/30/24,3.5,7/27/24,20240727_B7A_04194.jpg,-3,/mnt/research-projects/j/jlgage/RawUAVData01/uavforslb/final_image/final_sliced/20240727_B7A_04194.jpg
11354,I3B,2023,7/19/23,5.5,7/20/23,20230720_I3B_11354.jpg,1,/mnt/research-projects/j/jlgage/RawUAVData01/uavforslb/final_image/final_sliced/20230720_I3B_11354.jpg
2920,C6B,2024,7/30/24,1.5,8/2/24,20240802_C6B_02920.jpg,3,/mnt/research-projects/j/jlgage/RawUAVData01/uavforslb/final_image/final_sliced/20240802_C6B_02920.jpg
7538,G3,2023,7/20/23,8.0,7/20/23,20230720_G3_07538.jpg,0,/mnt/research-projects/j/jlgage/RawUAVData01/uavforslb/final_image/final_sliced/20230720_G3_07538.jpg
7521,G3,2023,7/26/23,8.0,7/27/23,20230727_G3_07521.jpg,1,/mnt/research-projects/j/jlgage/RawUAVData01/uavforslb/final_image/final_sliced/20230727_G3_07521.jpg
493,C6B,2024,7/19/24,7.0,7/18/24,20240718_C6B_00493.jpg,-1,/mnt/research-projects/j/jlgage/RawUAVData01/uavforslb/final_image/final_sliced/20240718_C6B_00493.jpg
5513,B7A,2024,7/18/24,7.5,7/16/24,20240716_B7A_05513.jpg,-2,/mnt/research-projects/j/jlgage/RawUAVData01/uavforslb/final_image/final_sliced/20240716_B7A_05513.jpg
3971,B7A,2024,7/15/24,7.0,7/16/24,20240716_B7A_03971.jpg,1,/mnt/research-projects/j/jlgage/RawUAVData01/uavforslb/final_image/final_sliced/20240716_B7A_03971.jpg
7408,G3,2023,7/26/23,5.0,7/27/23,20230727_G3_07408.jpg,1,/mnt/research-projects/j/jlgage/RawUAVData01/uavforslb/final_image/final_sliced/20230727_G3_07408.jpg
3697,C6B,2024,7/15/24,8.5,7/18/24,20240718_C6B_03697.jpg,3,/mnt/research-projects/j/jlgage/RawUAVData01/uavforslb/final_image/final_sliced/20240718_C6B_03697.jpg
9881,I3B,2023,7/12/23,4.0,7/13/23,20230713_I3B_09881.jpg,1,/mnt/research-projects/j/jlgage/RawUAVData01/uavforslb/final_image/final_sliced/20230713_I3B_09881.jpg
10352,I3B,2023,7/25/23,5.0,7/27/23,20230727_I3B_10352.jpg,2,/mnt/research-projects/j/jlgage/RawUAVData01/uavforslb/final_image/final_sliced/20230727_I3B_10352.jpg
7259,G3,2023,7/26/23,4.0,7/27/23,20230727_G3_07259.jpg,1,/mnt/research-projects/j/jlgage/RawUAVData01/uavforslb/final_image/final_sliced/20230727_G3_07259.jpg
7509,G3,2023,7/20/23,7.5,7/20/23,20230720_G3_07509.jpg,0,/mnt/research-projects/j/jlgage/RawUAVData01/uavforslb/final_image/final_sliced/20230720_G3_07509.jpg
2933,C6B,2024,7/30/24,2.5,8/2/24,20240802_C6B_02933.jpg,3,/mnt/research-projects/j/jlgage/RawUAVData01/uavforslb/final_image/final_sliced/20240802_C6B_02933.jpg
2625,C6B,2024,7/15/24,5.5,7/18/24,20240718_C6B_02625.jpg,3,/mnt/research-projects/j/jlgage/RawUAVData01/uavforslb/final_image/final_sliced/20240718_C6B_02625.jpg
3209,G3,2023,7/19/23,7.0,7/20/23,20230720_G3_03209.jpg,1,/mnt/research-projects/j/jlgage/RawUAVData01/uavforslb/final_image/final_sliced/20230720_G3_03209.jpg
3042,G3,2023,7/19/23,7.5,7/20/23,20230720_G3_03042.jpg,1,/mnt/research-projects/j/jlgage/RawUAVData01/uavforslb/final_image/final_sliced/20230720_G3_03042.jpg
7455,G3,2023,7/20/23,7.0,7/20/23,20230720_G3_07455.jpg,0,/mnt/research-projects/j/jlgage/RawUAVData01/uavforslb/final_image/final_sliced/20230720_G3_07455.jpg
10397,I3B,2023,7/25/23,6.0,7/27/23,20230727_I3B_10397.jpg,2,/mnt/research-projects/j/jlgage/RawUAVData01/uavforslb/final_image/final_sliced/20230727_I3B_10397.jpg
9664,I3B,2023,7/12/23,5.0,7/13/23,20230713_I3B_09664.jpg,1,/mnt/research-projects/j/jlgage/RawUAVData01/uavforslb/final_image/final_sliced/20230713_I3B_09664.jpg
11280,I3B,2023,7/19/23,6.0,7/20/23,20230720_I3B_11280.jpg,1,/mnt/research-projects/j/jlgage/RawUAVData01/uavforslb/final_image/final_sliced/20230720_I3B_11280.jpg
125,C6B,2024,7/29/24,5.0,7/26/24,20240726_C6B_00125.jpg,-3,/mnt/research-projects/j/jlgage/RawUAVData01/uavforslb/final_image/final_sliced/20240726_C6B_00125.jpg
7249,G3,2023,7/26/23,4.5,7/27/23,20230727_G3_07249.jpg,1,/mnt/research-projects/j/jlgage/RawUAVData01/uavforslb/final_image/final_sliced/20230727_G3_07249.jpg
1378,C6B,2024,7/19/24,7.0,7/18/24,20240718_C6B_01378.jpg,-1,/mnt/research-projects/j/jlgage/RawUAVData01/uavforslb/final_image/final_sliced/20240718_C6B_01378.jpg
3060,G3,2023,7/19/23,8.0,7/20/23,20230720_G3_03060.jpg,1,/mnt/research-projects/j/jlgage/RawUAVData01/uavforslb/final_image/final_sliced/20230720_G3_03060.jpg
4187,B7A,2024,7/15/24,8.5,7/16/24,20240716_B7A_04187.jpg,1,/mnt/research-projects/j/jlgage/RawUAVData01/uavforslb/final_image/final_sliced/20240716_B7A_04187.jpg
3672,C6B,2024,7/30/24,2.0,8/2/24,20240802_C6B_03672.jpg,3,/mnt/research-projects/j/jlgage/RawUAVData01/uavforslb/final_image/final_sliced/20240802_C6B_03672.jpg
11322,I3B,2023,7/19/23,5.5,7/20/23,20230720_I3B_11322.jpg,1,/mnt/research-projects/j/jlgage/RawUAVData01/uavforslb/final_image/final_sliced/20230720_I3B_11322.jpg
10009,I3B,2023,7/12/23,6.0,7/13/23,20230713_I3B_10009.jpg,1,/mnt/research-projects/j/jlgage/RawUAVData01/uavforslb/final_image/final_sliced/20230713_I3B_10009.jpg
4134,B7A,2024,7/15/24,8.5,7/16/24,20240716_B7A_04134.jpg,1,/mnt/research-projects/j/jlgage/RawUAVData01/uavforslb/final_image/final_sliced/20240716_B7A_04134.jpg
3165,C6B,2024,7/30/24,3.0,8/2/24,20240802_C6B_03165.jpg,3,/mnt/research-projects/j/jlgage/RawUAVData01/uavforslb/final_image/final_sliced/20240802_C6B_03165.jpg
3764,C6B,2024,7/15/24,8.5,7/18/24,20240718_C6B_03764.jpg,3,/mnt/research-projects/j/jlgage/RawUAVData01/uavforslb/final_image/final_sliced/20240718_C6B_03764.jpg
2688,C6B,2024,7/15/24,8.0,7/18/24,20240718_C6B_02688.jpg,3,/mnt/research-projects/j/jlgage/RawUAVData01/uavforslb/final_image/final_sliced/20240718_C6B_02688.jpg
11286,I3B,2023,7/19/23,7.5,7/20/23,20230720_I3B_11286.jpg,1,/mnt/research-projects/j/jlgage/RawUAVData01/uavforslb/final_image/final_sliced/20230720_I3B_11286.jpg
7391,G3,2023,7/20/23,7.5,7/20/23,20230720_G3_07391.jpg,0,/mnt/research-projects/j/jlgage/RawUAVData01/uavforslb/final_image/final_sliced/20230720_G3_07391.jpg
3660,C6B,2024,7/30/24,3.0,8/2/24,20240802_C6B_03660.jpg,3,/mnt/research-projects/j/jlgage/RawUAVData01/uavforslb/final_image/final_sliced/20240802_C6B_03660.jpg
10381,I3B,2023,7/25/23,6.5,7/27/23,20230727_I3B_10381.jpg,2,/mnt/research-projects/j/jlgage/RawUAVData01/uavforslb/final_image/final_sliced/20230727_I3B_10381.jpg
11021,I3B,2023,7/12/23,6.5,7/13/23,20230713_I3B_11021.jpg,1,/mnt/research-projects/j/jlgage/RawUAVData01/uavforslb/final_image/final_sliced/20230713_I3B_11021.jpg
1275,C6B,2024,7/19/24,8.0,7/18/24,20240718_C6B_01275.jpg,-1,/mnt/research-projects/j/jlgage/RawUAVData01/uavforslb/final_image/final_sliced/20240718_C6B_01275.jpg
7531,G3,2023,7/26/23,6.0,7/27/23,20230727_G3_07531.jpg,1,/mnt/research-projects/j/jlgage/RawUAVData01/uavforslb/final_image/final_sliced/20230727_G3_07531.jpg
3984,B7A,2024,7/30/24,3.0,7/27/24,20240727_B7A_03984.jpg,-3,/mnt/research-projects/j/jlgage/RawUAVData01/uavforslb/final_image/final_sliced/20240727_B7A_03984.jpg
8096,G3,2023,7/20/23,5.0,7/20/23,20230720_G3_08096.jpg,0,/mnt/research-projects/j/jlgage/RawUAVData01/uavforslb/final_image/final_sliced/20230720_G3_08096.jpg
2532,C6B,2024,7/18/24,6.0,7/18/24,20240718_C6B_02532.jpg,0,/mnt/research-projects/j/jlgage/RawUAVData01/uavforslb/final_image/final_sliced/20240718_C6B_02532.jpg
9567,I3B,2023,7/12/23,6.5,7/13/23,20230713_I3B_09567.jpg,1,/mnt/research-projects/j/jlgage/RawUAVData01/uavforslb/final_image/final_sliced/20230713_I3B_09567.jpg
1476,C6B,2024,7/29/24,3.0,7/26/24,20240726_C6B_01476.jpg,-3,/mnt/research-projects/j/jlgage/RawUAVData01/uavforslb/final_image/final_sliced/20240726_C6B_01476.jpg
11276,I3B,2023,7/19/23,6.0,7/20/23,20230720_I3B_11276.jpg,1,/mnt/research-projects/j/jlgage/RawUAVData01/uavforslb/final_image/final_sliced/20230720_I3B_11276.jpg
534,C6B,2024,7/29/24,8.5,7/26/24,20240726_C6B_00534.jpg,-3,/mnt/research-projects/j/jlgage/RawUAVData01/uavforslb/final_image/final_sliced/20240726_C6B_00534.jpg
10928,I3B,2023,7/19/23,5.5,7/20/23,20230720_I3B_10928.jpg,1,/mnt/research-projects/j/jlgage/RawUAVData01/uavforslb/final_image/final_sliced/20230720_I3B_10928.jpg
7374,G3,2023,7/26/23,4.0,7/27/23,20230727_G3_07374.jpg,1,/mnt/research-projects/j/jlgage/RawUAVData01/uavforslb/final_image/final_sliced/20230727_G3_07374.jpg
287,C6B,2024,7/29/24,4.0,7/26/24,20240726_C6B_00287.jpg,-3,/mnt/research-projects/j/jlgage/RawUAVData01/uavforslb/final_image/final_sliced/20240726_C6B_00287.jpg
3111,G3,2023,7/19/23,5.0,7/20/23,20230720_G3_03111.jpg,1,/mnt/research-projects/j/jlgage/RawUAVData01/uavforslb/final_image/final_sliced/20230720_G3_03111.jpg
8089,G3,2023,7/20/23,8.0,7/20/23,20230720_G3_08089.jpg,0,/mnt/research-projects/j/jlgage/RawUAVData01/uavforslb/final_image/final_sliced/20230720_G3_08089.jpg
4526,B7A,2024,7/30/24,2.0,7/27/24,20240727_B7A_04526.jpg,-3,/mnt/research-projects/j/jlgage/RawUAVData01/uavforslb/final_image/final_sliced/20240727_B7A_04526.jpg
7428,G3,2023,7/26/23,8.0,7/27/23,20230727_G3_07428.jpg,1,/mnt/research-projects/j/jlgage/RawUAVData01/uavforslb/final_image/final_sliced/20230727_G3_07428.jpg
11058,I3B,2023,7/12/23,8.0,7/13/23,20230713_I3B_11058.jpg,1,/mnt/research-projects/j/jlgage/RawUAVData01/uavforslb/final_image/final_sliced/20230713_I3B_11058.jpg
11316,I3B,2023,7/19/23,6.0,7/20/23,20230720_I3B_11316.jpg,1,/mnt/research-projects/j/jlgage/RawUAVData01/uavforslb/final_image/final_sliced/20230720_I3B_11316.jpg
7342,G3,2023,7/20/23,7.5,7/20/23,20230720_G3_07342.jpg,0,/mnt/research-projects/j/jlgage/RawUAVData01/uavforslb/final_image/final_sliced/20230720_G3_07342.jpg
7343,G3,2023,7/20/23,8.0,7/20/23,20230720_G3_07343.jpg,0,/mnt/research-projects/j/jlgage/RawUAVData01/uavforslb/final_image/final_sliced/20230720_G3_07343.jpg
1422,C6B,2024,7/29/24,7.0,7/26/24,20240726_C6B_01422.jpg,-3,/mnt/research-projects/j/jlgage/RawUAVData01/uavforslb/final_image/final_sliced/20240726_C6B_01422.jpg
3057,G3,2023,7/26/23,7.0,7/27/23,20230727_G3_03057.jpg,1,/mnt/research-projects/j/jlgage/RawUAVData01/uavforslb/final_image/final_sliced/20230727_G3_03057.jpg
3423,C6B,2024,7/30/24,1.5,8/2/24,20240802_C6B_03423.jpg,3,/mnt/research-projects/j/jlgage/RawUAVData01/uavforslb/final_image/final_sliced/20240802_C6B_03423.jpg
2044,C6B,2024,7/19/24,7.0,7/18/24,20240718_C6B_02044.jpg,-1,/mnt/research-projects/j/jlgage/RawUAVData01/uavforslb/final_image/final_sliced/20240718_C6B_02044.jpg
3449,C6B,2024,7/30/24,1.0,8/2/24,20240802_C6B_03449.jpg,3,/mnt/research-projects/j/jlgage/RawUAVData01/uavforslb/final_image/final_sliced/20240802_C6B_03449.jpg
807,C6B,2024,7/19/24,8.0,7/18/24,20240718_C6B_00807.jpg,-1,/mnt/research-projects/j/jlgage/RawUAVData01/uavforslb/final_image/final_sliced/20240718_C6B_00807.jpg
10385,I3B,2023,7/25/23,5.0,7/27/23,20230727_I3B_10385.jpg,2,/mnt/research-projects/j/jlgage/RawUAVData01/uavforslb/final_image/final_sliced/20230727_I3B_10385.jpg
5064,C6B,2024,7/18/24,8.0,7/18/24,20240718_C6B_05064.jpg,0,/mnt/research-projects/j/jlgage/RawUAVData01/uavforslb/final_image/final_sliced/20240718_C6B_05064.jpg
3345,C6B,2024,7/15/24,8.5,7/18/24,20240718_C6B_03345.jpg,3,/mnt/research-projects/j/jlgage/RawUAVData01/uavforslb/final_image/final_sliced/20240718_C6B_03345.jpg
4295,B7A,2024,7/15/24,4.0,7/16/24,20240716_B7A_04295.jpg,1,/mnt/research-projects/j/jlgage/RawUAVData01/uavforslb/final_image/final_sliced/20240716_B7A_04295.jpg
9687,I3B,2023,7/12/23,5.0,7/13/23,20230713_I3B_09687.jpg,1,/mnt/research-projects/j/jlgage/RawUAVData01/uavforslb/final_image/final_sliced/20230713_I3B_09687.jpg
10356,I3B,2023,7/25/23,3.5,7/27/23,20230727_I3B_10356.jpg,2,/mnt/research-projects/j/jlgage/RawUAVData01/uavforslb/final_image/final_sliced/20230727_I3B_10356.jpg
1942,C6B,2024,7/29/24,3.5,7/26/24,20240726_C6B_01942.jpg,-3,/mnt/research-projects/j/jlgage/RawUAVData01/uavforslb/final_image/final_sliced/20240726_C6B_01942.jpg
3055,G3,2023,7/26/23,7.5,7/27/23,20230727_G3_03055.jpg,1,/mnt/research-projects/j/jlgage/RawUAVData01/uavforslb/final_image/final_sliced/20230727_G3_03055.jpg
8126,G3,2023,7/26/23,6.0,7/27/23,20230727_G3_08126.jpg,1,/mnt/research-projects/j/jlgage/RawUAVData01/uavforslb/final_image/final_sliced/20230727_G3_08126.jpg
3194,G3,2023,7/26/23,7.0,7/27/23,20230727_G3_03194.jpg,1,/mnt/research-projects/j/jlgage/RawUAVData01/uavforslb/final_image/final_sliced/20230727_G3_03194.jpg
7315,G3,2023,7/20/23,5.0,7/20/23,20230720_G3_07315.jpg,0,/mnt/research-projects/j/jlgage/RawUAVData01/uavforslb/final_image/final_sliced/20230720_G3_07315.jpg
10027,I3B,2023,7/12/23,4.5,7/13/23,20230713_I3B_10027.jpg,1,/mnt/research-projects/j/jlgage/RawUAVData01/uavforslb/final_image/final_sliced/20230713_I3B_10027.jpg
3153,G3,2023,7/26/23,5.5,7/27/23,20230727_G3_03153.jpg,1,/mnt/research-projects/j/jlgage/RawUAVData01/uavforslb/final_image/final_sliced/20230727_G3_03153.jpg
10286,I3B,2023,7/25/23,3.0,7/27/23,20230727_I3B_10286.jpg,2,/mnt/research-projects/j/jlgage/RawUAVData01/uavforslb/final_image/final_sliced/20230727_I3B_10286.jpg
7505,G3,2023,7/20/23,7.0,7/20/23,20230720_G3_07505.jpg,0,/mnt/research-projects/j/jlgage/RawUAVData01/uavforslb/final_image/final_sliced/20230720_G3_07505.jpg
11325,I3B,2023,7/19/23,7.0,7/20/23,20230720_I3B_11325.jpg,1,/mnt/research-projects/j/jlgage/RawUAVData01/uavforslb/final_image/final_sliced/20230720_I3B_11325.jpg
1143,C6B,2024,7/19/24,7.0,7/18/24,20240718_C6B_01143.jpg,-1,/mnt/research-projects/j/jlgage/RawUAVData01/uavforslb/final_image/final_sliced/20240718_C6B_01143.jpg
2954,C6B,2024,7/30/24,4.0,8/2/24,20240802_C6B_02954.jpg,3,/mnt/research-projects/j/jlgage/RawUAVData01/uavforslb/final_image/final_sliced/20240802_C6B_02954.jpg
1272,C6B,2024,7/29/24,5.0,7/26/24,20240726_C6B_01272.jpg,-3,/mnt/research-projects/j/jlgage/RawUAVData01/uavforslb/final_image/final_sliced/20240726_C6B_01272.jpg
3003,G3,2023,7/19/23,8.0,7/20/23,20230720_G3_03003.jpg,1,/mnt/research-projects/j/jlgage/RawUAVData01/uavforslb/final_image/final_sliced/20230720_G3_03003.jpg
5064,C6B,2024,7/27/24,7.5,7/26/24,20240726_C6B_05064.jpg,-1,/mnt/research-projects/j/jlgage/RawUAVData01/uavforslb/final_image/final_sliced/20240726_C6B_05064.jpg
5507,B7A,2024,7/27/24,5.0,7/27/24,20240727_B7A_05507.jpg,0,/mnt/research-projects/j/jlgage/RawUAVData01/uavforslb/final_image/final_sliced/20240727_B7A_05507.jpg
3555,C6B,2024,7/15/24,8.5,7/18/24,20240718_C6B_03555.jpg,3,/mnt/research-projects/j/jlgage/RawUAVData01/uavforslb/final_image/final_sliced/20240718_C6B_03555.jpg
7280,G3,2023,7/20/23,8.0,7/20/23,20230720_G3_07280.jpg,0,/mnt/research-projects/j/jlgage/RawUAVData01/uavforslb/final_image/final_sliced/20230720_G3_07280.jpg
7276,G3,2023,7/20/23,8.0,7/20/23,20230720_G3_07276.jpg,0,/mnt/research-projects/j/jlgage/RawUAVData01/uavforslb/final_image/final_sliced/20230720_G3_07276.jpg
7396,G3,2023,7/26/23,5.5,7/27/23,20230727_G3_07396.jpg,1,/mnt/research-projects/j/jlgage/RawUAVData01/uavforslb/final_image/final_sliced/20230727_G3_07396.jpg
3055,G3,2023,7/19/23,8.0,7/20/23,20230720_G3_03055.jpg,1,/mnt/research-projects/j/jlgage/RawUAVData01/uavforslb/final_image/final_sliced/20230720_G3_03055.jpg
3093,G3,2023,7/26/23,7.0,7/27/23,20230727_G3_03093.jpg,1,/mnt/research-projects/j/jlgage/RawUAVData01/uavforslb/final_image/final_sliced/20230727_G3_03093.jpg
8026,G3,2023,7/19/23,7.5,7/20/23,20230720_G3_08026.jpg,1,/mnt/research-projects/j/jlgage/RawUAVData01/uavforslb/final_image/final_sliced/20230720_G3_08026.jpg
7504,G3,2023,7/26/23,8.0,7/27/23,20230727_G3_07504.jpg,1,/mnt/research-projects/j/jlgage/RawUAVData01/uavforslb/final_image/final_sliced/20230727_G3_07504.jpg
4028,B7A,2024,7/30/24,1.5,7/27/24,20240727_B7A_04028.jpg,-3,/mnt/research-projects/j/jlgage/RawUAVData01/uavforslb/final_image/final_sliced/20240727_B7A_04028.jpg
2506,C6B,2024,7/1/24,8.5,7/3/24,20240703_C6B_02506.jpg,2,/mnt/research-projects/j/jlgage/RawUAVData01/uavforslb/final_image/final_sliced/20240703_C6B_02506.jpg
8043,G3,2023,7/19/23,7.5,7/20/23,20230720_G3_08043.jpg,1,/mnt/research-projects/j/jlgage/RawUAVData01/uavforslb/final_image/final_sliced/20230720_G3_08043.jpg
11234,I3B,2023,7/19/23,5.0,7/20/23,20230720_I3B_11234.jpg,1,/mnt/research-projects/j/jlgage/RawUAVData01/uavforslb/final_image/final_sliced/20230720_I3B_11234.jpg
355,C6B,2024,7/19/24,8.5,7/18/24,20240718_C6B_00355.jpg,-1,/mnt/research-projects/j/jlgage/RawUAVData01/uavforslb/final_image/final_sliced/20240718_C6B_00355.jpg
9833,I3B,2023,7/12/23,6.0,7/13/23,20230713_I3B_09833.jpg,1,/mnt/research-projects/j/jlgage/RawUAVData01/uavforslb/final_image/final_sliced/20230713_I3B_09833.jpg
4464,B7A,2024,7/15/24,7.5,7/16/24,20240716_B7A_04464.jpg,1,/mnt/research-projects/j/jlgage/RawUAVData01/uavforslb/final_image/final_sliced/20240716_B7A_04464.jpg
3472,C6B,2024,7/15/24,8.5,7/18/24,20240718_C6B_03472.jpg,3,/mnt/research-projects/j/jlgage/RawUAVData01/uavforslb/final_image/final_sliced/20240718_C6B_03472.jpg
1557,C6B,2024,7/19/24,4.0,7/18/24,20240718_C6B_01557.jpg,-1,/mnt/research-projects/j/jlgage/RawUAVData01/uavforslb/final_image/final_sliced/20240718_C6B_01557.jpg
11340,I3B,2023,7/19/23,5.0,7/20/23,20230720_I3B_11340.jpg,1,/mnt/research-projects/j/jlgage/RawUAVData01/uavforslb/final_image/final_sliced/20230720_I3B_11340.jpg
7291,G3,2023,7/26/23,5.0,7/27/23,20230727_G3_07291.jpg,1,/mnt/research-projects/j/jlgage/RawUAVData01/uavforslb/final_image/final_sliced/20230727_G3_07291.jpg
7326,G3,2023,7/20/23,8.0,7/20/23,20230720_G3_07326.jpg,0,/mnt/research-projects/j/jlgage/RawUAVData01/uavforslb/final_image/final_sliced/20230720_G3_07326.jpg
4584,B7A,2024,7/30/24,2.0,7/27/24,20240727_B7A_04584.jpg,-3,/mnt/research-projects/j/jlgage/RawUAVData01/uavforslb/final_image/final_sliced/20240727_B7A_04584.jpg
1554,C6B,2024,7/29/24,9.0,7/26/24,20240726_C6B_01554.jpg,-3,/mnt/research-projects/j/jlgage/RawUAVData01/uavforslb/final_image/final_sliced/20240726_C6B_01554.jpg
3189,G3,2023,7/26/23,6.0,7/27/23,20230727_G3_03189.jpg,1,/mnt/research-projects/j/jlgage/RawUAVData01/uavforslb/final_image/final_sliced/20230727_G3_03189.jpg
9715,I3B,2023,7/12/23,5.5,7/13/23,20230713_I3B_09715.jpg,1,/mnt/research-projects/j/jlgage/RawUAVData01/uavforslb/final_image/final_sliced/20230713_I3B_09715.jpg
3609,C6B,2024,7/15/24,8.5,7/18/24,20240718_C6B_03609.jpg,3,/mnt/research-projects/j/jlgage/RawUAVData01/uavforslb/final_image/final_sliced/20240718_C6B_03609.jpg
10931,I3B,2023,7/19/23,6.5,7/20/23,20230720_I3B_10931.jpg,1,/mnt/research-projects/j/jlgage/RawUAVData01/uavforslb/final_image/final_sliced/20230720_I3B_10931.jpg
1453,C6B,2024,7/19/24,8.0,7/18/24,20240718_C6B_01453.jpg,-1,/mnt/research-projects/j/jlgage/RawUAVData01/uavforslb/final_image/final_sliced/20240718_C6B_01453.jpg
4544,B7A,2024,7/15/24,8.5,7/16/24,20240716_B7A_04544.jpg,1,/mnt/research-projects/j/jlgage/RawUAVData01/uavforslb/final_image/final_sliced/20240716_B7A_04544.jpg
9623,I3B,2023,7/12/23,6.5,7/13/23,20230713_I3B_09623.jpg,1,/mnt/research-projects/j/jlgage/RawUAVData01/uavforslb/final_image/final_sliced/20230713_I3B_09623.jpg
5060,C6B,2024,7/27/24,6.5,7/26/24,20240726_C6B_05060.jpg,-1,/mnt/research-projects/j/jlgage/RawUAVData01/uavforslb/final_image/final_sliced/20240726_C6B_05060.jpg
2762,C6B,2024,7/15/24,8.0,7/18/24,20240718_C6B_02762.jpg,3,/mnt/research-projects/j/jlgage/RawUAVData01/uavforslb/final_image/final_sliced/20240718_C6B_02762.jpg
7490,G3,2023,7/20/23,6.0,7/20/23,20230720_G3_07490.jpg,0,/mnt/research-projects/j/jlgage/RawUAVData01/uavforslb/final_image/final_sliced/20230720_G3_07490.jpg
7433,G3,2023,7/26/23,4.5,7/27/23,20230727_G3_07433.jpg,1,/mnt/research-projects/j/jlgage/RawUAVData01/uavforslb/final_image/final_sliced/20230727_G3_07433.jpg
8101,G3,2023,7/26/23,4.5,7/27/23,20230727_G3_08101.jpg,1,/mnt/research-projects/j/jlgage/RawUAVData01/uavforslb/final_image/final_sliced/20230727_G3_08101.jpg
4427,B7A,2024,7/15/24,7.5,7/16/24,20240716_B7A_04427.jpg,1,/mnt/research-projects/j/jlgage/RawUAVData01/uavforslb/final_image/final_sliced/20240716_B7A_04427.jpg
10888,I3B,2023,7/19/23,4.5,7/20/23,20230720_I3B_10888.jpg,1,/mnt/research-projects/j/jlgage/RawUAVData01/uavforslb/final_image/final_sliced/20230720_I3B_10888.jpg
8172,G3,2023,7/26/23,4.5,7/27/23,20230727_G3_08172.jpg,1,/mnt/research-projects/j/jlgage/RawUAVData01/uavforslb/final_image/final_sliced/20230727_G3_08172.jpg
3490,C6B,2024,7/15/24,8.0,7/18/24,20240718_C6B_03490.jpg,3,/mnt/research-projects/j/jlgage/RawUAVData01/uavforslb/final_image/final_sliced/20240718_C6B_03490.jpg
3121,G3,2023,7/26/23,8.5,7/27/23,20230727_G3_03121.jpg,1,/mnt/research-projects/j/jlgage/RawUAVData01/uavforslb/final_image/final_sliced/20230727_G3_03121.jpg
3130,G3,2023,7/26/23,8.0,7/27/23,20230727_G3_03130.jpg,1,/mnt/research-projects/j/jlgage/RawUAVData01/uavforslb/final_image/final_sliced/20230727_G3_03130.jpg
10024,I3B,2023,7/12/23,5.5,7/13/23,20230713_I3B_10024.jpg,1,/mnt/research-projects/j/jlgage/RawUAVData01/uavforslb/final_image/final_sliced/20230713_I3B_10024.jpg
10822,I3B,2023,7/19/23,6.0,7/20/23,20230720_I3B_10822.jpg,1,/mnt/research-projects/j/jlgage/RawUAVData01/uavforslb/final_image/final_sliced/20230720_I3B_10822.jpg
8096,G3,2023,7/26/23,4.0,7/27/23,20230727_G3_08096.jpg,1,/mnt/research-projects/j/jlgage/RawUAVData01/uavforslb/final_image/final_sliced/20230727_G3_08096.jpg
1231,C6B,2024,7/19/24,7.0,7/18/24,20240718_C6B_01231.jpg,-1,/mnt/research-projects/j/jlgage/RawUAVData01/uavforslb/final_image/final_sliced/20240718_C6B_01231.jpg
9683,I3B,2023,7/12/23,5.5,7/13/23,20230713_I3B_09683.jpg,1,/mnt/research-projects/j/jlgage/RawUAVData01/uavforslb/final_image/final_sliced/20230713_I3B_09683.jpg
7489,G3,2023,7/26/23,8.0,7/27/23,20230727_G3_07489.jpg,1,/mnt/research-projects/j/jlgage/RawUAVData01/uavforslb/final_image/final_sliced/20230727_G3_07489.jpg
3115,C6B,2024,7/30/24,3.5,8/2/24,20240802_C6B_03115.jpg,3,/mnt/research-projects/j/jlgage/RawUAVData01/uavforslb/final_image/final_sliced/20240802_C6B_03115.jpg
3181,G3,2023,7/19/23,4.0,7/20/23,20230720_G3_03181.jpg,1,/mnt/research-projects/j/jlgage/RawUAVData01/uavforslb/final_image/final_sliced/20230720_G3_03181.jpg
1222,C6B,2024,7/29/24,4.0,7/26/24,20240726_C6B_01222.jpg,-3,/mnt/research-projects/j/jlgage/RawUAVData01/uavforslb/final_image/final_sliced/20240726_C6B_01222.jpg
7336,G3,2023,7/26/23,7.0,7/27/23,20230727_G3_07336.jpg,1,/mnt/research-projects/j/jlgage/RawUAVData01/uavforslb/final_image/final_sliced/20230727_G3_07336.jpg
7527,G3,2023,7/26/23,4.5,7/27/23,20230727_G3_07527.jpg,1,/mnt/research-projects/j/jlgage/RawUAVData01/uavforslb/final_image/final_sliced/20230727_G3_07527.jpg
3470,C6B,2024,7/15/24,8.5,7/18/24,20240718_C6B_03470.jpg,3,/mnt/research-projects/j/jlgage/RawUAVData01/uavforslb/final_image/final_sliced/20240718_C6B_03470.jpg
2074,C6B,2024,7/29/24,4.0,7/26/24,20240726_C6B_02074.jpg,-3,/mnt/research-projects/j/jlgage/RawUAVData01/uavforslb/final_image/final_sliced/20240726_C6B_02074.jpg
8119,G3,2023,7/26/23,7.0,7/27/23,20230727_G3_08119.jpg,1,/mnt/research-projects/j/jlgage/RawUAVData01/uavforslb/final_image/final_sliced/20230727_G3_08119.jpg
3491,C6B,2024,7/30/24,1.5,8/2/24,20240802_C6B_03491.jpg,3,/mnt/research-projects/j/jlgage/RawUAVData01/uavforslb/final_image/final_sliced/20240802_C6B_03491.jpg
4479,B7A,2024,7/15/24,8.5,7/16/24,20240716_B7A_04479.jpg,1,/mnt/research-projects/j/jlgage/RawUAVData01/uavforslb/final_image/final_sliced/20240716_B7A_04479.jpg
1125,C6B,2024,7/29/24,5.0,7/26/24,20240726_C6B_01125.jpg,-3,/mnt/research-projects/j/jlgage/RawUAVData01/uavforslb/final_image/final_sliced/20240726_C6B_01125.jpg
7539,G3,2023,7/20/23,7.5,7/20/23,20230720_G3_07539.jpg,0,/mnt/research-projects/j/jlgage/RawUAVData01/uavforslb/final_image/final_sliced/20230720_G3_07539.jpg
3883,B7A,2024,7/15/24,5.0,7/16/24,20240716_B7A_03883.jpg,1,/mnt/research-projects/j/jlgage/RawUAVData01/uavforslb/final_image/final_sliced/20240716_B7A_03883.jpg
10879,I3B,2023,7/19/23,6.5,7/20/23,20230720_I3B_10879.jpg,1,/mnt/research-projects/j/jlgage/RawUAVData01/uavforslb/final_image/final_sliced/20230720_I3B_10879.jpg
9921,I3B,2023,7/12/23,6.0,7/13/23,20230713_I3B_09921.jpg,1,/mnt/research-projects/j/jlgage/RawUAVData01/uavforslb/final_image/final_sliced/20230713_I3B_09921.jpg
3080,C6B,2024,7/15/24,4.0,7/18/24,20240718_C6B_03080.jpg,3,/mnt/research-projects/j/jlgage/RawUAVData01/uavforslb/final_image/final_sliced/20240718_C6B_03080.jpg
7470,G3,2023,7/26/23,6.0,7/27/23,20230727_G3_07470.jpg,1,/mnt/research-projects/j/jlgage/RawUAVData01/uavforslb/final_image/final_sliced/20230727_G3_07470.jpg
10298,I3B,2023,7/25/23,3.0,7/27/23,20230727_I3B_10298.jpg,2,/mnt/research-projects/j/jlgage/RawUAVData01/uavforslb/final_image/final_sliced/20230727_I3B_10298.jpg
3185,G3,2023,7/26/23,3.0,7/27/23,20230727_G3_03185.jpg,1,/mnt/research-projects/j/jlgage/RawUAVData01/uavforslb/final_image/final_sliced/20230727_G3_03185.jpg
5040,C6B,2024,7/18/24,7.5,7/18/24,20240718_C6B_05040.jpg,0,/mnt/research-projects/j/jlgage/RawUAVData01/uavforslb/final_image/final_sliced/20240718_C6B_05040.jpg
9866,I3B,2023,7/12/23,5.5,7/13/23,20230713_I3B_09866.jpg,1,/mnt/research-projects/j/jlgage/RawUAVData01/uavforslb/final_image/final_sliced/20230713_I3B_09866.jpg
10826,I3B,2023,7/19/23,7.0,7/20/23,20230720_I3B_10826.jpg,1,/mnt/research-projects/j/jlgage/RawUAVData01/uavforslb/final_image/final_sliced/20230720_I3B_10826.jpg
3328,C6B,2024,7/15/24,8.0,7/18/24,20240718_C6B_03328.jpg,3,/mnt/research-projects/j/jlgage/RawUAVData01/uavforslb/final_image/final_sliced/20240718_C6B_03328.jpg
3728,C6B,2024,7/15/24,6.0,7/18/24,20240718_C6B_03728.jpg,3,/mnt/research-projects/j/jlgage/RawUAVData01/uavforslb/final_image/final_sliced/20240718_C6B_03728.jpg
7390,G3,2023,7/20/23,7.0,7/20/23,20230720_G3_07390.jpg,0,/mnt/research-projects/j/jlgage/RawUAVData01/uavforslb/final_image/final_sliced/20230720_G3_07390.jpg
1514,C6B,2024,7/19/24,8.5,7/18/24,20240718_C6B_01514.jpg,-1,/mnt/research-projects/j/jlgage/RawUAVData01/uavforslb/final_image/final_sliced/20240718_C6B_01514.jpg
3887,B7A,2024,7/15/24,5.0,7/16/24,20240716_B7A_03887.jpg,1,/mnt/research-projects/j/jlgage/RawUAVData01/uavforslb/final_image/final_sliced/20240716_B7A_03887.jpg
3337,C6B,2024,7/30/24,5.0,8/2/24,20240802_C6B_03337.jpg,3,/mnt/research-projects/j/jlgage/RawUAVData01/uavforslb/final_image/final_sliced/20240802_C6B_03337.jpg
5015,C6B,2024,7/1/24,8.0,7/3/24,20240703_C6B_05015.jpg,2,/mnt/research-projects/j/jlgage/RawUAVData01/uavforslb/final_image/final_sliced/20240703_C6B_05015.jpg
9693,I3B,2023,7/12/23,5.0,7/13/23,20230713_I3B_09693.jpg,1,/mnt/research-projects/j/jlgage/RawUAVData01/uavforslb/final_image/final_sliced/20230713_I3B_09693.jpg
1230,C6B,2024,7/19/24,8.0,7/18/24,20240718_C6B_01230.jpg,-1,/mnt/research-projects/j/jlgage/RawUAVData01/uavforslb/final_image/final_sliced/20240718_C6B_01230.jpg
3844,B7A,2024,7/15/24,8.0,7/16/24,20240716_B7A_03844.jpg,1,/mnt/research-projects/j/jlgage/RawUAVData01/uavforslb/final_image/final_sliced/20240716_B7A_03844.jpg
5533,B7A,2024,7/18/24,7.0,7/16/24,20240716_B7A_05533.jpg,-2,/mnt/research-projects/j/jlgage/RawUAVData01/uavforslb/final_image/final_sliced/20240716_B7A_05533.jpg
1541,C6B,2024,7/19/24,5.0,7/18/24,20240718_C6B_01541.jpg,-1,/mnt/research-projects/j/jlgage/RawUAVData01/uavforslb/final_image/final_sliced/20240718_C6B_01541.jpg
10967,I3B,2023,7/19/23,6.0,7/20/23,20230720_I3B_10967.jpg,1,/mnt/research-projects/j/jlgage/RawUAVData01/uavforslb/final_image/final_sliced/20230720_I3B_10967.jpg
4234,B7A,2024,7/15/24,8.0,7/16/24,20240716_B7A_04234.jpg,1,/mnt/research-projects/j/jlgage/RawUAVData01/uavforslb/final_image/final_sliced/20240716_B7A_04234.jpg
7203,G3,2023,7/19/23,5.5,7/20/23,20230720_G3_07203.jpg,1,/mnt/research-projects/j/jlgage/RawUAVData01/uavforslb/final_image/final_sliced/20230720_G3_07203.jpg
8003,G3,2023,7/26/23,6.0,7/27/23,20230727_G3_08003.jpg,1,/mnt/research-projects/j/jlgage/RawUAVData01/uavforslb/final_image/final_sliced/20230727_G3_08003.jpg
7253,G3,2023,7/19/23,8.0,7/20/23,20230720_G3_07253.jpg,1,/mnt/research-projects/j/jlgage/RawUAVData01/uavforslb/final_image/final_sliced/20230720_G3_07253.jpg
8091,G3,2023,7/20/23,8.0,7/20/23,20230720_G3_08091.jpg,0,/mnt/research-projects/j/jlgage/RawUAVData01/uavforslb/final_image/final_sliced/20230720_G3_08091.jpg
3755,C6B,2024,7/15/24,8.5,7/18/24,20240718_C6B_03755.jpg,3,/mnt/research-projects/j/jlgage/RawUAVData01/uavforslb/final_image/final_sliced/20240718_C6B_03755.jpg
10886,I3B,2023,7/19/23,6.5,7/20/23,20230720_I3B_10886.jpg,1,/mnt/research-projects/j/jlgage/RawUAVData01/uavforslb/final_image/final_sliced/20230720_I3B_10886.jpg
4447,B7A,2024,7/15/24,7.0,7/16/24,20240716_B7A_04447.jpg,1,/mnt/research-projects/j/jlgage/RawUAVData01/uavforslb/final_image/final_sliced/20240716_B7A_04447.jpg
3680,C6B,2024,7/30/24,5.0,8/2/24,20240802_C6B_03680.jpg,3,/mnt/research-projects/j/jlgage/RawUAVData01/uavforslb/final_image/final_sliced/20240802_C6B_03680.jpg
11190,I3B,2023,7/19/23,5.0,7/20/23,20230720_I3B_11190.jpg,1,/mnt/research-projects/j/jlgage/RawUAVData01/uavforslb/final_image/final_sliced/20230720_I3B_11190.jpg
3342,C6B,2024,7/15/24,8.5,7/18/24,20240718_C6B_03342.jpg,3,/mnt/research-projects/j/jlgage/RawUAVData01/uavforslb/final_image/final_sliced/20240718_C6B_03342.jpg
10265,I3B,2023,7/25/23,6.0,7/27/23,20230727_I3B_10265.jpg,2,/mnt/research-projects/j/jlgage/RawUAVData01/uavforslb/final_image/final_sliced/20230727_I3B_10265.jpg
3459,C6B,2024,7/30/24,3.0,8/2/24,20240802_C6B_03459.jpg,3,/mnt/research-projects/j/jlgage/RawUAVData01/uavforslb/final_image/final_sliced/20240802_C6B_03459.jpg
7415,G3,2023,7/26/23,8.0,7/27/23,20230727_G3_07415.jpg,1,/mnt/research-projects/j/jlgage/RawUAVData01/uavforslb/final_image/final_sliced/20230727_G3_07415.jpg
7299,G3,2023,7/26/23,8.0,7/27/23,20230727_G3_07299.jpg,1,/mnt/research-projects/j/jlgage/RawUAVData01/uavforslb/final_image/final_sliced/20230727_G3_07299.jpg
1886,C6B,2024,7/19/24,6.0,7/18/24,20240718_C6B_01886.jpg,-1,/mnt/research-projects/j/jlgage/RawUAVData01/uavforslb/final_image/final_sliced/20240718_C6B_01886.jpg
7264,G3,2023,7/19/23,8.0,7/20/23,20230720_G3_07264.jpg,1,/mnt/research-projects/j/jlgage/RawUAVData01/uavforslb/final_image/final_sliced/20230720_G3_07264.jpg
9657,I3B,2023,7/12/23,5.0,7/13/23,20230713_I3B_09657.jpg,1,/mnt/research-projects/j/jlgage/RawUAVData01/uavforslb/final_image/final_sliced/20230713_I3B_09657.jpg
10769,I3B,2023,7/19/23,5.5,7/20/23,20230720_I3B_10769.jpg,1,/mnt/research-projects/j/jlgage/RawUAVData01/uavforslb/final_image/final_sliced/20230720_I3B_10769.jpg
2582,C6B,2024,7/30/24,1.0,8/2/24,20240802_C6B_02582.jpg,3,/mnt/research-projects/j/jlgage/RawUAVData01/uavforslb/final_image/final_sliced/20240802_C6B_02582.jpg
7537,G3,2023,7/20/23,6.0,7/20/23,20230720_G3_07537.jpg,0,/mnt/research-projects/j/jlgage/RawUAVData01/uavforslb/final_image/final_sliced/20230720_G3_07537.jpg
2509,C6B,2024,7/18/24,6.5,7/18/24,20240718_C6B_02509.jpg,0,/mnt/research-projects/j/jlgage/RawUAVData01/uavforslb/final_image/final_sliced/20240718_C6B_02509.jpg
10320,I3B,2023,7/25/23,3.0,7/27/23,20230727_I3B_10320.jpg,2,/mnt/research-projects/j/jlgage/RawUAVData01/uavforslb/final_image/final_sliced/20230727_I3B_10320.jpg
573,C6B,2024,7/19/24,8.0,7/18/24,20240718_C6B_00573.jpg,-1,/mnt/research-projects/j/jlgage/RawUAVData01/uavforslb/final_image/final_sliced/20240718_C6B_00573.jpg
8122,G3,2023,7/26/23,8.0,7/27/23,20230727_G3_08122.jpg,1,/mnt/research-projects/j/jlgage/RawUAVData01/uavforslb/final_image/final_sliced/20230727_G3_08122.jpg
4261,B7A,2024,7/15/24,5.0,7/16/24,20240716_B7A_04261.jpg,1,/mnt/research-projects/j/jlgage/RawUAVData01/uavforslb/final_image/final_sliced/20240716_B7A_04261.jpg
1979,C6B,2024,7/19/24,8.0,7/18/24,20240718_C6B_01979.jpg,-1,/mnt/research-projects/j/jlgage/RawUAVData01/uavforslb/final_image/final_sliced/20240718_C6B_01979.jpg
9979,I3B,2023,7/12/23,5.5,7/13/23,20230713_I3B_09979.jpg,1,/mnt/research-projects/j/jlgage/RawUAVData01/uavforslb/final_image/final_sliced/20230713_I3B_09979.jpg
1739,C6B,2024,7/29/24,6.0,7/26/24,20240726_C6B_01739.jpg,-3,/mnt/research-projects/j/jlgage/RawUAVData01/uavforslb/final_image/final_sliced/20240726_C6B_01739.jpg
9644,I3B,2023,7/12/23,5.0,7/13/23,20230713_I3B_09644.jpg,1,/mnt/research-projects/j/jlgage/RawUAVData01/uavforslb/final_image/final_sliced/20230713_I3B_09644.jpg
5059,C6B,2024,7/11/24,7.0,7/10/24,20240710_C6B_05059.jpg,-1,/mnt/research-projects/j/jlgage/RawUAVData01/uavforslb/final_image/final_sliced/20240710_C6B_05059.jpg
8028,G3,2023,7/19/23,6.0,7/20/23,20230720_G3_08028.jpg,1,/mnt/research-projects/j/jlgage/RawUAVData01/uavforslb/final_image/final_sliced/20230720_G3_08028.jpg
1987,C6B,2024,7/29/24,2.0,7/26/24,20240726_C6B_01987.jpg,-3,/mnt/research-projects/j/jlgage/RawUAVData01/uavforslb/final_image/final_sliced/20240726_C6B_01987.jpg
9594,I3B,2023,7/12/23,5.5,7/13/23,20230713_I3B_09594.jpg,1,/mnt/research-projects/j/jlgage/RawUAVData01/uavforslb/final_image/final_sliced/20230713_I3B_09594.jpg
8046,G3,2023,7/19/23,7.5,7/20/23,20230720_G3_08046.jpg,1,/mnt/research-projects/j/jlgage/RawUAVData01/uavforslb/final_image/final_sliced/20230720_G3_08046.jpg
4237,B7A,2024,7/30/24,3.0,7/27/24,20240727_B7A_04237.jpg,-3,/mnt/research-projects/j/jlgage/RawUAVData01/uavforslb/final_image/final_sliced/20240727_B7A_04237.jpg
7320,G3,2023,7/20/23,7.5,7/20/23,20230720_G3_07320.jpg,0,/mnt/research-projects/j/jlgage/RawUAVData01/uavforslb/final_image/final_sliced/20230720_G3_07320.jpg
3099,G3,2023,7/26/23,6.0,7/27/23,20230727_G3_03099.jpg,1,/mnt/research-projects/j/jlgage/RawUAVData01/uavforslb/final_image/final_sliced/20230727_G3_03099.jpg
7377,G3,2023,7/20/23,8.0,7/20/23,20230720_G3_07377.jpg,0,/mnt/research-projects/j/jlgage/RawUAVData01/uavforslb/final_image/final_sliced/20230720_G3_07377.jpg
4458,B7A,2024,7/30/24,1.5,7/27/24,20240727_B7A_04458.jpg,-3,/mnt/research-projects/j/jlgage/RawUAVData01/uavforslb/final_image/final_sliced/20240727_B7A_04458.jpg
1559,C6B,2024,7/29/24,2.5,7/26/24,20240726_C6B_01559.jpg,-3,/mnt/research-projects/j/jlgage/RawUAVData01/uavforslb/final_image/final_sliced/20240726_C6B_01559.jpg
364,C6B,2024,7/29/24,3.0,7/26/24,20240726_C6B_00364.jpg,-3,/mnt/research-projects/j/jlgage/RawUAVData01/uavforslb/final_image/final_sliced/20240726_C6B_00364.jpg
11003,I3B,2023,7/19/23,5.5,7/20/23,20230720_I3B_11003.jpg,1,/mnt/research-projects/j/jlgage/RawUAVData01/uavforslb/final_image/final_sliced/20230720_I3B_11003.jpg
10326,I3B,2023,7/25/23,3.0,7/27/23,20230727_I3B_10326.jpg,2,/mnt/research-projects/j/jlgage/RawUAVData01/uavforslb/final_image/final_sliced/20230727_I3B_10326.jpg
8006,G3,2023,7/19/23,7.0,7/20/23,20230720_G3_08006.jpg,1,/mnt/research-projects/j/jlgage/RawUAVData01/uavforslb/final_image/final_sliced/20230720_G3_08006.jpg
215,C6B,2024,7/19/24,8.5,7/18/24,20240718_C6B_00215.jpg,-1,/mnt/research-projects/j/jlgage/RawUAVData01/uavforslb/final_image/final_sliced/20240718_C6B_00215.jpg
7298,G3,2023,7/26/23,7.0,7/27/23,20230727_G3_07298.jpg,1,/mnt/research-projects/j/jlgage/RawUAVData01/uavforslb/final_image/final_sliced/20230727_G3_07298.jpg
10840,I3B,2023,7/19/23,5.5,7/20/23,20230720_I3B_10840.jpg,1,/mnt/research-projects/j/jlgage/RawUAVData01/uavforslb/final_image/final_sliced/20230720_I3B_10840.jpg
5505,B7A,2024,7/27/24,2.0,7/27/24,20240727_B7A_05505.jpg,0,/mnt/research-projects/j/jlgage/RawUAVData01/uavforslb/final_image/final_sliced/20240727_B7A_05505.jpg
3171,G3,2023,7/26/23,4.0,7/27/23,20230727_G3_03171.jpg,1,/mnt/research-projects/j/jlgage/RawUAVData01/uavforslb/final_image/final_sliced/20230727_G3_03171.jpg
463,C6B,2024,7/19/24,8.5,7/18/24,20240718_C6B_00463.jpg,-1,/mnt/research-projects/j/jlgage/RawUAVData01/uavforslb/final_image/final_sliced/20240718_C6B_00463.jpg
2967,C6B,2024,7/30/24,2.5,8/2/24,20240802_C6B_02967.jpg,3,/mnt/research-projects/j/jlgage/RawUAVData01/uavforslb/final_image/final_sliced/20240802_C6B_02967.jpg
8100,G3,2023,7/26/23,5.5,7/27/23,20230727_G3_08100.jpg,1,/mnt/research-projects/j/jlgage/RawUAVData01/uavforslb/final_image/final_sliced/20230727_G3_08100.jpg
9994,I3B,2023,7/12/23,5.5,7/13/23,20230713_I3B_09994.jpg,1,/mnt/research-projects/j/jlgage/RawUAVData01/uavforslb/final_image/final_sliced/20230713_I3B_09994.jpg
1635,C6B,2024,7/29/24,4.0,7/26/24,20240726_C6B_01635.jpg,-3,/mnt/research-projects/j/jlgage/RawUAVData01/uavforslb/final_image/final_sliced/20240726_C6B_01635.jpg
7251,G3,2023,7/19/23,8.0,7/20/23,20230720_G3_07251.jpg,1,/mnt/research-projects/j/jlgage/RawUAVData01/uavforslb/final_image/final_sliced/20230720_G3_07251.jpg
9879,I3B,2023,7/12/23,5.0,7/13/23,20230713_I3B_09879.jpg,1,/mnt/research-projects/j/jlgage/RawUAVData01/uavforslb/final_image/final_sliced/20230713_I3B_09879.jpg
2098,C6B,2024,7/29/24,1.0,7/26/24,20240726_C6B_02098.jpg,-3,/mnt/research-projects/j/jlgage/RawUAVData01/uavforslb/final_image/final_sliced/20240726_C6B_02098.jpg
1806,C6B,2024,7/29/24,4.0,7/26/24,20240726_C6B_01806.jpg,-3,/mnt/research-projects/j/jlgage/RawUAVData01/uavforslb/final_image/final_sliced/20240726_C6B_01806.jpg
10881,I3B,2023,7/19/23,6.0,7/20/23,20230720_I3B_10881.jpg,1,/mnt/research-projects/j/jlgage/RawUAVData01/uavforslb/final_image/final_sliced/20230720_I3B_10881.jpg
11349,I3B,2023,7/19/23,6.5,7/20/23,20230720_I3B_11349.jpg,1,/mnt/research-projects/j/jlgage/RawUAVData01/uavforslb/final_image/final_sliced/20230720_I3B_11349.jpg
554,C6B,2024,7/29/24,6.0,7/26/24,20240726_C6B_00554.jpg,-3,/mnt/research-projects/j/jlgage/RawUAVData01/uavforslb/final_image/final_sliced/20240726_C6B_00554.jpg
9714,I3B,2023,7/12/23,5.0,7/13/23,20230713_I3B_09714.jpg,1,/mnt/research-projects/j/jlgage/RawUAVData01/uavforslb/final_image/final_sliced/20230713_I3B_09714.jpg
1205,C6B,2024,7/19/24,8.0,7/18/24,20240718_C6B_01205.jpg,-1,/mnt/research-projects/j/jlgage/RawUAVData01/uavforslb/final_image/final_sliced/20240718_C6B_01205.jpg
3127,C6B,2024,7/15/24,8.5,7/18/24,20240718_C6B_03127.jpg,3,/mnt/research-projects/j/jlgage/RawUAVData01/uavforslb/final_image/final_sliced/20240718_C6B_03127.jpg
2697,C6B,2024,7/30/24,4.0,8/2/24,20240802_C6B_02697.jpg,3,/mnt/research-projects/j/jlgage/RawUAVData01/uavforslb/final_image/final_sliced/20240802_C6B_02697.jpg
11154,I3B,2023,7/12/23,7.0,7/13/23,20230713_I3B_11154.jpg,1,/mnt/research-projects/j/jlgage/RawUAVData01/uavforslb/final_image/final_sliced/20230713_I3B_11154.jpg
3030,G3,2023,7/19/23,8.0,7/20/23,20230720_G3_03030.jpg,1,/mnt/research-projects/j/jlgage/RawUAVData01/uavforslb/final_image/final_sliced/20230720_G3_03030.jpg
7263,G3,2023,7/19/23,7.0,7/20/23,20230720_G3_07263.jpg,1,/mnt/research-projects/j/jlgage/RawUAVData01/uavforslb/final_image/final_sliced/20230720_G3_07263.jpg
11281,I3B,2023,7/19/23,5.5,7/20/23,20230720_I3B_11281.jpg,1,/mnt/research-projects/j/jlgage/RawUAVData01/uavforslb/final_image/final_sliced/20230720_I3B_11281.jpg
3100,G3,2023,7/19/23,7.5,7/20/23,20230720_G3_03100.jpg,1,/mnt/research-projects/j/jlgage/RawUAVData01/uavforslb/final_image/final_sliced/20230720_G3_03100.jpg
9811,I3B,2023,7/12/23,5.5,7/13/23,20230713_I3B_09811.jpg,1,/mnt/research-projects/j/jlgage/RawUAVData01/uavforslb/final_image/final_sliced/20230713_I3B_09811.jpg
5061,C6B,2024,7/27/24,7.0,7/26/24,20240726_C6B_05061.jpg,-1,/mnt/research-projects/j/jlgage/RawUAVData01/uavforslb/final_image/final_sliced/20240726_C6B_05061.jpg
9771,I3B,2023,7/12/23,6.0,7/13/23,20230713_I3B_09771.jpg,1,/mnt/research-projects/j/jlgage/RawUAVData01/uavforslb/final_image/final_sliced/20230713_I3B_09771.jpg
7322,G3,2023,7/20/23,8.0,7/20/23,20230720_G3_07322.jpg,0,/mnt/research-projects/j/jlgage/RawUAVData01/uavforslb/final_image/final_sliced/20230720_G3_07322.jpg
10819,I3B,2023,7/19/23,4.0,7/20/23,20230720_I3B_10819.jpg,1,/mnt/research-projects/j/jlgage/RawUAVData01/uavforslb/final_image/final_sliced/20230720_I3B_10819.jpg
3399,C6B,2024,7/30/24,1.0,8/2/24,20240802_C6B_03399.jpg,3,/mnt/research-projects/j/jlgage/RawUAVData01/uavforslb/final_image/final_sliced/20240802_C6B_03399.jpg
428,C6B,2024,7/29/24,5.0,7/26/24,20240726_C6B_00428.jpg,-3,/mnt/research-projects/j/jlgage/RawUAVData01/uavforslb/final_image/final_sliced/20240726_C6B_00428.jpg
8075,G3,2023,7/26/23,6.0,7/27/23,20230727_G3_08075.jpg,1,/mnt/research-projects/j/jlgage/RawUAVData01/uavforslb/final_image/final_sliced/20230727_G3_08075.jpg
9751,I3B,2023,7/12/23,7.0,7/13/23,20230713_I3B_09751.jpg,1,/mnt/research-projects/j/jlgage/RawUAVData01/uavforslb/final_image/final_sliced/20230713_I3B_09751.jpg
2112,C6B,2024,7/29/24,3.0,7/26/24,20240726_C6B_02112.jpg,-3,/mnt/research-projects/j/jlgage/RawUAVData01/uavforslb/final_image/final_sliced/20240726_C6B_02112.jpg
173,C6B,2024,7/19/24,8.0,7/18/24,20240718_C6B_00173.jpg,-1,/mnt/research-projects/j/jlgage/RawUAVData01/uavforslb/final_image/final_sliced/20240718_C6B_00173.jpg
11197,I3B,2023,7/19/23,6.5,7/20/23,20230720_I3B_11197.jpg,1,/mnt/research-projects/j/jlgage/RawUAVData01/uavforslb/final_image/final_sliced/20230720_I3B_11197.jpg
7442,G3,2023,7/20/23,7.0,7/20/23,20230720_G3_07442.jpg,0,/mnt/research-projects/j/jlgage/RawUAVData01/uavforslb/final_image/final_sliced/20230720_G3_07442.jpg
9822,I3B,2023,7/12/23,5.5,7/13/23,20230713_I3B_09822.jpg,1,/mnt/research-projects/j/jlgage/RawUAVData01/uavforslb/final_image/final_sliced/20230713_I3B_09822.jpg
3184,G3,2023,7/26/23,5.0,7/27/23,20230727_G3_03184.jpg,1,/mnt/research-projects/j/jlgage/RawUAVData01/uavforslb/final_image/final_sliced/20230727_G3_03184.jpg
1153,C6B,2024,7/29/24,4.0,7/26/24,20240726_C6B_01153.jpg,-3,/mnt/research-projects/j/jlgage/RawUAVData01/uavforslb/final_image/final_sliced/20240726_C6B_01153.jpg
11070,I3B,2023,7/12/23,7.0,7/13/23,20230713_I3B_11070.jpg,1,/mnt/research-projects/j/jlgage/RawUAVData01/uavforslb/final_image/final_sliced/20230713_I3B_11070.jpg
8129,G3,2023,7/20/23,7.5,7/20/23,20230720_G3_08129.jpg,0,/mnt/research-projects/j/jlgage/RawUAVData01/uavforslb/final_image/final_sliced/20230720_G3_08129.jpg
188,C6B,2024,7/19/24,7.5,7/18/24,20240718_C6B_00188.jpg,-1,/mnt/research-projects/j/jlgage/RawUAVData01/uavforslb/final_image/final_sliced/20240718_C6B_00188.jpg
3005,G3,2023,7/19/23,8.0,7/20/23,20230720_G3_03005.jpg,1,/mnt/research-projects/j/jlgage/RawUAVData01/uavforslb/final_image/final_sliced/20230720_G3_03005.jpg
5009,C6B,2024,7/18/24,5.5,7/18/24,20240718_C6B_05009.jpg,0,/mnt/research-projects/j/jlgage/RawUAVData01/uavforslb/final_image/final_sliced/20240718_C6B_05009.jpg
9593,I3B,2023,7/12/23,7.0,7/13/23,20230713_I3B_09593.jpg,1,/mnt/research-projects/j/jlgage/RawUAVData01/uavforslb/final_image/final_sliced/20230713_I3B_09593.jpg
10316,I3B,2023,7/25/23,4.0,7/27/23,20230727_I3B_10316.jpg,2,/mnt/research-projects/j/jlgage/RawUAVData01/uavforslb/final_image/final_sliced/20230727_I3B_10316.jpg
8139,G3,2023,7/26/23,8.0,7/27/23,20230727_G3_08139.jpg,1,/mnt/research-projects/j/jlgage/RawUAVData01/uavforslb/final_image/final_sliced/20230727_G3_08139.jpg
10742,I3B,2023,7/19/23,6.0,7/20/23,20230720_I3B_10742.jpg,1,/mnt/research-projects/j/jlgage/RawUAVData01/uavforslb/final_image/final_sliced/20230720_I3B_10742.jpg
1645,C6B,2024,7/29/24,2.0,7/26/24,20240726_C6B_01645.jpg,-3,/mnt/research-projects/j/jlgage/RawUAVData01/uavforslb/final_image/final_sliced/20240726_C6B_01645.jpg
9838,I3B,2023,7/12/23,5.0,7/13/23,20230713_I3B_09838.jpg,1,/mnt/research-projects/j/jlgage/RawUAVData01/uavforslb/final_image/final_sliced/20230713_I3B_09838.jpg
2556,C6B,2024,7/11/24,8.0,7/10/24,20240710_C6B_02556.jpg,-1,/mnt/research-projects/j/jlgage/RawUAVData01/uavforslb/final_image/final_sliced/20240710_C6B_02556.jpg
11207,I3B,2023,7/19/23,7.0,7/20/23,20230720_I3B_11207.jpg,1,/mnt/research-projects/j/jlgage/RawUAVData01/uavforslb/final_image/final_sliced/20230720_I3B_11207.jpg
5528,B7A,2024,7/27/24,4.0,7/27/24,20240727_B7A_05528.jpg,0,/mnt/research-projects/j/jlgage/RawUAVData01/uavforslb/final_image/final_sliced/20240727_B7A_05528.jpg
969,C6B,2024,7/19/24,8.5,7/18/24,20240718_C6B_00969.jpg,-1,/mnt/research-projects/j/jlgage/RawUAVData01/uavforslb/final_image/final_sliced/20240718_C6B_00969.jpg
5045,C6B,2024,7/1/24,8.0,7/3/24,20240703_C6B_05045.jpg,2,/mnt/research-projects/j/jlgage/RawUAVData01/uavforslb/final_image/final_sliced/20240703_C6B_05045.jpg
3193,G3,2023,7/26/23,2.5,7/27/23,20230727_G3_03193.jpg,1,/mnt/research-projects/j/jlgage/RawUAVData01/uavforslb/final_image/final_sliced/20230727_G3_03193.jpg
5523,B7A,2024,7/27/24,5.0,7/27/24,20240727_B7A_05523.jpg,0,/mnt/research-projects/j/jlgage/RawUAVData01/uavforslb/final_image/final_sliced/20240727_B7A_05523.jpg
2555,C6B,2024,7/11/24,7.5,7/10/24,20240710_C6B_02555.jpg,-1,/mnt/research-projects/j/jlgage/RawUAVData01/uavforslb/final_image/final_sliced/20240710_C6B_02555.jpg
9725,I3B,2023,7/12/23,5.0,7/13/23,20230713_I3B_09725.jpg,1,/mnt/research-projects/j/jlgage/RawUAVData01/uavforslb/final_image/final_sliced/20230713_I3B_09725.jpg
3091,G3,2023,7/26/23,7.5,7/27/23,20230727_G3_03091.jpg,1,/mnt/research-projects/j/jlgage/RawUAVData01/uavforslb/final_image/final_sliced/20230727_G3_03091.jpg
5515,B7A,2024,7/27/24,5.0,7/27/24,20240727_B7A_05515.jpg,0,/mnt/research-projects/j/jlgage/RawUAVData01/uavforslb/final_image/final_sliced/20240727_B7A_05515.jpg
3177,G3,2023,7/26/23,5.0,7/27/23,20230727_G3_03177.jpg,1,/mnt/research-projects/j/jlgage/RawUAVData01/uavforslb/final_image/final_sliced/20230727_G3_03177.jpg
9916,I3B,2023,7/12/23,4.5,7/13/23,20230713_I3B_09916.jpg,1,/mnt/research-projects/j/jlgage/RawUAVData01/uavforslb/final_image/final_sliced/20230713_I3B_09916.jpg
4626,B7A,2024,7/15/24,7.0,7/16/24,20240716_B7A_04626.jpg,1,/mnt/research-projects/j/jlgage/RawUAVData01/uavforslb/final_image/final_sliced/20240716_B7A_04626.jpg
1253,C6B,2024,7/29/24,4.0,7/26/24,20240726_C6B_01253.jpg,-3,/mnt/research-projects/j/jlgage/RawUAVData01/uavforslb/final_image/final_sliced/20240726_C6B_01253.jpg
2589,C6B,2024,7/15/24,8.5,7/18/24,20240718_C6B_02589.jpg,3,/mnt/research-projects/j/jlgage/RawUAVData01/uavforslb/final_image/final_sliced/20240718_C6B_02589.jpg
8023,G3,2023,7/19/23,4.5,7/20/23,20230720_G3_08023.jpg,1,/mnt/research-projects/j/jlgage/RawUAVData01/uavforslb/final_image/final_sliced/20230720_G3_08023.jpg
10262,I3B,2023,7/25/23,3.5,7/27/23,20230727_I3B_10262.jpg,2,/mnt/research-projects/j/jlgage/RawUAVData01/uavforslb/final_image/final_sliced/20230727_I3B_10262.jpg
4022,B7A,2024,7/30/24,2.0,7/27/24,20240727_B7A_04022.jpg,-3,/mnt/research-projects/j/jlgage/RawUAVData01/uavforslb/final_image/final_sliced/20240727_B7A_04022.jpg
2621,C6B,2024,7/30/24,2.0,8/2/24,20240802_C6B_02621.jpg,3,/mnt/research-projects/j/jlgage/RawUAVData01/uavforslb/final_image/final_sliced/20240802_C6B_02621.jpg
11311,I3B,2023,7/19/23,6.0,7/20/23,20230720_I3B_11311.jpg,1,/mnt/research-projects/j/jlgage/RawUAVData01/uavforslb/final_image/final_sliced/20230720_I3B_11311.jpg
1984,C6B,2024,7/19/24,7.0,7/18/24,20240718_C6B_01984.jpg,-1,/mnt/research-projects/j/jlgage/RawUAVData01/uavforslb/final_image/final_sliced/20240718_C6B_01984.jpg
3995,B7A,2024,7/15/24,8.5,7/16/24,20240716_B7A_03995.jpg,1,/mnt/research-projects/j/jlgage/RawUAVData01/uavforslb/final_image/final_sliced/20240716_B7A_03995.jpg
695,C6B,2024,7/19/24,4.0,7/18/24,20240718_C6B_00695.jpg,-1,/mnt/research-projects/j/jlgage/RawUAVData01/uavforslb/final_image/final_sliced/20240718_C6B_00695.jpg
3099,G3,2023,7/19/23,7.0,7/20/23,20230720_G3_03099.jpg,1,/mnt/research-projects/j/jlgage/RawUAVData01/uavforslb/final_image/final_sliced/20230720_G3_03099.jpg
10862,I3B,2023,7/19/23,6.5,7/20/23,20230720_I3B_10862.jpg,1,/mnt/research-projects/j/jlgage/RawUAVData01/uavforslb/final_image/final_sliced/20230720_I3B_10862.jpg
10008,I3B,2023,7/12/23,5.5,7/13/23,20230713_I3B_10008.jpg,1,/mnt/research-projects/j/jlgage/RawUAVData01/uavforslb/final_image/final_sliced/20230713_I3B_10008.jpg
3927,B7A,2024,7/30/24,4.0,7/27/24,20240727_B7A_03927.jpg,-3,/mnt/research-projects/j/jlgage/RawUAVData01/uavforslb/final_image/final_sliced/20240727_B7A_03927.jpg
9984,I3B,2023,7/12/23,5.0,7/13/23,20230713_I3B_09984.jpg,1,/mnt/research-projects/j/jlgage/RawUAVData01/uavforslb/final_image/final_sliced/20230713_I3B_09984.jpg
5540,B7A,2024,7/27/24,3.5,7/27/24,20240727_B7A_05540.jpg,0,/mnt/research-projects/j/jlgage/RawUAVData01/uavforslb/final_image/final_sliced/20240727_B7A_05540.jpg
7347,G3,2023,7/20/23,7.5,7/20/23,20230720_G3_07347.jpg,0,/mnt/research-projects/j/jlgage/RawUAVData01/uavforslb/final_image/final_sliced/20230720_G3_07347.jpg
7313,G3,2023,7/20/23,7.5,7/20/23,20230720_G3_07313.jpg,0,/mnt/research-projects/j/jlgage/RawUAVData01/uavforslb/final_image/final_sliced/20230720_G3_07313.jpg
3015,G3,2023,7/19/23,8.0,7/20/23,20230720_G3_03015.jpg,1,/mnt/research-projects/j/jlgage/RawUAVData01/uavforslb/final_image/final_sliced/20230720_G3_03015.jpg
3341,C6B,2024,7/15/24,8.5,7/18/24,20240718_C6B_03341.jpg,3,/mnt/research-projects/j/jlgage/RawUAVData01/uavforslb/final_image/final_sliced/20240718_C6B_03341.jpg
2054,C6B,2024,7/19/24,6.0,7/18/24,20240718_C6B_02054.jpg,-1,/mnt/research-projects/j/jlgage/RawUAVData01/uavforslb/final_image/final_sliced/20240718_C6B_02054.jpg
10292,I3B,2023,7/25/23,6.0,7/27/23,20230727_I3B_10292.jpg,2,/mnt/research-projects/j/jlgage/RawUAVData01/uavforslb/final_image/final_sliced/20230727_I3B_10292.jpg
3822,B7A,2024,7/30/24,8.0,7/27/24,20240727_B7A_03822.jpg,-3,/mnt/research-projects/j/jlgage/RawUAVData01/uavforslb/final_image/final_sliced/20240727_B7A_03822.jpg
1229,C6B,2024,7/19/24,7.0,7/18/24,20240718_C6B_01229.jpg,-1,/mnt/research-projects/j/jlgage/RawUAVData01/uavforslb/final_image/final_sliced/20240718_C6B_01229.jpg
8051,G3,2023,7/26/23,7.5,7/27/23,20230727_G3_08051.jpg,1,/mnt/research-projects/j/jlgage/RawUAVData01/uavforslb/final_image/final_sliced/20230727_G3_08051.jpg
3372,C6B,2024,7/15/24,8.0,7/18/24,20240718_C6B_03372.jpg,3,/mnt/research-projects/j/jlgage/RawUAVData01/uavforslb/final_image/final_sliced/20240718_C6B_03372.jpg
5532,B7A,2024,7/11/24,8.0,7/10/24,20240710_B7A_05532.jpg,-1,/mnt/research-projects/j/jlgage/RawUAVData01/uavforslb/final_image/final_sliced/20240710_B7A_05532.jpg
796,C6B,2024,7/19/24,8.5,7/18/24,20240718_C6B_00796.jpg,-1,/mnt/research-projects/j/jlgage/RawUAVData01/uavforslb/final_image/final_sliced/20240718_C6B_00796.jpg
1148,C6B,2024,7/19/24,6.5,7/18/24,20240718_C6B_01148.jpg,-1,/mnt/research-projects/j/jlgage/RawUAVData01/uavforslb/final_image/final_sliced/20240718_C6B_01148.jpg
2719,C6B,2024,7/30/24,2.5,8/2/24,20240802_C6B_02719.jpg,3,/mnt/research-projects/j/jlgage/RawUAVData01/uavforslb/final_image/final_sliced/20240802_C6B_02719.jpg
7326,G3,2023,7/26/23,8.0,7/27/23,20230727_G3_07326.jpg,1,/mnt/research-projects/j/jlgage/RawUAVData01/uavforslb/final_image/final_sliced/20230727_G3_07326.jpg
3297,C6B,2024,7/15/24,8.5,7/18/24,20240718_C6B_03297.jpg,3,/mnt/research-projects/j/jlgage/RawUAVData01/uavforslb/final_image/final_sliced/20240718_C6B_03297.jpg
2555,C6B,2024,7/18/24,6.5,7/18/24,20240718_C6B_02555.jpg,0,/mnt/research-projects/j/jlgage/RawUAVData01/uavforslb/final_image/final_sliced/20240718_C6B_02555.jpg
8103,G3,2023,7/20/23,5.5,7/20/23,20230720_G3_08103.jpg,0,/mnt/research-projects/j/jlgage/RawUAVData01/uavforslb/final_image/final_sliced/20230720_G3_08103.jpg
4096,B7A,2024,7/15/24,8.0,7/16/24,20240716_B7A_04096.jpg,1,/mnt/research-projects/j/jlgage/RawUAVData01/uavforslb/final_image/final_sliced/20240716_B7A_04096.jpg
9727,I3B,2023,7/12/23,5.5,7/13/23,20230713_I3B_09727.jpg,1,/mnt/research-projects/j/jlgage/RawUAVData01/uavforslb/final_image/final_sliced/20230713_I3B_09727.jpg
10807,I3B,2023,7/19/23,5.5,7/20/23,20230720_I3B_10807.jpg,1,/mnt/research-projects/j/jlgage/RawUAVData01/uavforslb/final_image/final_sliced/20230720_I3B_10807.jpg
3884,B7A,2024,7/30/24,1.0,7/27/24,20240727_B7A_03884.jpg,-3,/mnt/research-projects/j/jlgage/RawUAVData01/uavforslb/final_image/final_sliced/20240727_B7A_03884.jpg
1543,C6B,2024,7/19/24,6.0,7/18/24,20240718_C6B_01543.jpg,-1,/mnt/research-projects/j/jlgage/RawUAVData01/uavforslb/final_image/final_sliced/20240718_C6B_01543.jpg
5553,B7A,2024,7/1/24,8.0,7/3/24,20240703_B7A_05553.jpg,2,/mnt/research-projects/j/jlgage/RawUAVData01/uavforslb/final_image/final_sliced/20240703_B7A_05553.jpg
7238,G3,2023,7/19/23,5.5,7/20/23,20230720_G3_07238.jpg,1,/mnt/research-projects/j/jlgage/RawUAVData01/uavforslb/final_image/final_sliced/20230720_G3_07238.jpg
2585,C6B,2024,7/15/24,6.0,7/18/24,20240718_C6B_02585.jpg,3,/mnt/research-projects/j/jlgage/RawUAVData01/uavforslb/final_image/final_sliced/20240718_C6B_02585.jpg
10419,I3B,2023,7/25/23,3.0,7/27/23,20230727_I3B_10419.jpg,2,/mnt/research-projects/j/jlgage/RawUAVData01/uavforslb/final_image/final_sliced/20230727_I3B_10419.jpg
4318,B7A,2024,7/30/24,4.0,7/27/24,20240727_B7A_04318.jpg,-3,/mnt/research-projects/j/jlgage/RawUAVData01/uavforslb/final_image/final_sliced/20240727_B7A_04318.jpg
3139,G3,2023,7/19/23,7.5,7/20/23,20230720_G3_03139.jpg,1,/mnt/research-projects/j/jlgage/RawUAVData01/uavforslb/final_image/final_sliced/20230720_G3_03139.jpg
7371,G3,2023,7/20/23,8.0,7/20/23,20230720_G3_07371.jpg,0,/mnt/research-projects/j/jlgage/RawUAVData01/uavforslb/final_image/final_sliced/20230720_G3_07371.jpg
9688,I3B,2023,7/12/23,4.5,7/13/23,20230713_I3B_09688.jpg,1,/mnt/research-projects/j/jlgage/RawUAVData01/uavforslb/final_image/final_sliced/20230713_I3B_09688.jpg
3868,B7A,2024,7/30/24,1.5,7/27/24,20240727_B7A_03868.jpg,-3,/mnt/research-projects/j/jlgage/RawUAVData01/uavforslb/final_image/final_sliced/20240727_B7A_03868.jpg
3636,C6B,2024,7/15/24,8.5,7/18/24,20240718_C6B_03636.jpg,3,/mnt/research-projects/j/jlgage/RawUAVData01/uavforslb/final_image/final_sliced/20240718_C6B_03636.jpg
9675,I3B,2023,7/12/23,5.0,7/13/23,20230713_I3B_09675.jpg,1,/mnt/research-projects/j/jlgage/RawUAVData01/uavforslb/final_image/final_sliced/20230713_I3B_09675.jpg
8094,G3,2023,7/20/23,7.5,7/20/23,20230720_G3_08094.jpg,0,/mnt/research-projects/j/jlgage/RawUAVData01/uavforslb/final_image/final_sliced/20230720_G3_08094.jpg
10746,I3B,2023,7/19/23,5.0,7/20/23,20230720_I3B_10746.jpg,1,/mnt/research-projects/j/jlgage/RawUAVData01/uavforslb/final_image/final_sliced/20230720_I3B_10746.jpg
634,C6B,2024,7/29/24,3.0,7/26/24,20240726_C6B_00634.jpg,-3,/mnt/research-projects/j/jlgage/RawUAVData01/uavforslb/final_image/final_sliced/20240726_C6B_00634.jpg
3736,C6B,2024,7/15/24,8.0,7/18/24,20240718_C6B_03736.jpg,3,/mnt/research-projects/j/jlgage/RawUAVData01/uavforslb/final_image/final_sliced/20240718_C6B_03736.jpg
9746,I3B,2023,7/12/23,4.5,7/13/23,20230713_I3B_09746.jpg,1,/mnt/research-projects/j/jlgage/RawUAVData01/uavforslb/final_image/final_sliced/20230713_I3B_09746.jpg
649,C6B,2024,7/29/24,5.5,7/26/24,20240726_C6B_00649.jpg,-3,/mnt/research-projects/j/jlgage/RawUAVData01/uavforslb/final_image/final_sliced/20240726_C6B_00649.jpg
4235,B7A,2024,7/15/24,8.5,7/16/24,20240716_B7A_04235.jpg,1,/mnt/research-projects/j/jlgage/RawUAVData01/uavforslb/final_image/final_sliced/20240716_B7A_04235.jpg
1675,C6B,2024,7/29/24,4.0,7/26/24,20240726_C6B_01675.jpg,-3,/mnt/research-projects/j/jlgage/RawUAVData01/uavforslb/final_image/final_sliced/20240726_C6B_01675.jpg
2889,C6B,2024,7/30/24,3.5,8/2/24,20240802_C6B_02889.jpg,3,/mnt/research-projects/j/jlgage/RawUAVData01/uavforslb/final_image/final_sliced/20240802_C6B_02889.jpg
2818,C6B,2024,7/30/24,3.0,8/2/24,20240802_C6B_02818.jpg,3,/mnt/research-projects/j/jlgage/RawUAVData01/uavforslb/final_image/final_sliced/20240802_C6B_02818.jpg
7542,G3,2023,7/20/23,5.0,7/20/23,20230720_G3_07542.jpg,0,/mnt/research-projects/j/jlgage/RawUAVData01/uavforslb/final_image/final_sliced/20230720_G3_07542.jpg
745,C6B,2024,7/29/24,7.0,7/26/24,20240726_C6B_00745.jpg,-3,/mnt/research-projects/j/jlgage/RawUAVData01/uavforslb/final_image/final_sliced/20240726_C6B_00745.jpg
441,C6B,2024,7/19/24,8.5,7/18/24,20240718_C6B_00441.jpg,-1,/mnt/research-projects/j/jlgage/RawUAVData01/uavforslb/final_image/final_sliced/20240718_C6B_00441.jpg
697,C6B,2024,7/29/24,4.0,7/26/24,20240726_C6B_00697.jpg,-3,/mnt/research-projects/j/jlgage/RawUAVData01/uavforslb/final_image/final_sliced/20240726_C6B_00697.jpg
8037,G3,2023,7/26/23,4.0,7/27/23,20230727_G3_08037.jpg,1,/mnt/research-projects/j/jlgage/RawUAVData01/uavforslb/final_image/final_sliced/20230727_G3_08037.jpg
10844,I3B,2023,7/19/23,6.0,7/20/23,20230720_I3B_10844.jpg,1,/mnt/research-projects/j/jlgage/RawUAVData01/uavforslb/final_image/final_sliced/20230720_I3B_10844.jpg
2755,C6B,2024,7/15/24,7.0,7/18/24,20240718_C6B_02755.jpg,3,/mnt/research-projects/j/jlgage/RawUAVData01/uavforslb/final_image/final_sliced/20240718_C6B_02755.jpg
3848,B7A,2024,7/15/24,7.5,7/16/24,20240716_B7A_03848.jpg,1,/mnt/research-projects/j/jlgage/RawUAVData01/uavforslb/final_image/final_sliced/20240716_B7A_03848.jpg
8168,G3,2023,7/26/23,8.0,7/27/23,20230727_G3_08168.jpg,1,/mnt/research-projects/j/jlgage/RawUAVData01/uavforslb/final_image/final_sliced/20230727_G3_08168.jpg
7494,G3,2023,7/20/23,7.0,7/20/23,20230720_G3_07494.jpg,0,/mnt/research-projects/j/jlgage/RawUAVData01/uavforslb/final_image/final_sliced/20230720_G3_07494.jpg
1801,C6B,2024,7/29/24,3.0,7/26/24,20240726_C6B_01801.jpg,-3,/mnt/research-projects/j/jlgage/RawUAVData01/uavforslb/final_image/final_sliced/20240726_C6B_01801.jpg
5552,B7A,2024,7/11/24,7.5,7/10/24,20240710_B7A_05552.jpg,-1,/mnt/research-projects/j/jlgage/RawUAVData01/uavforslb/final_image/final_sliced/20240710_B7A_05552.jpg
2918,C6B,2024,7/30/24,1.5,8/2/24,20240802_C6B_02918.jpg,3,/mnt/research-projects/j/jlgage/RawUAVData01/uavforslb/final_image/final_sliced/20240802_C6B_02918.jpg
11035,I3B,2023,7/12/23,6.5,7/13/23,20230713_I3B_11035.jpg,1,/mnt/research-projects/j/jlgage/RawUAVData01/uavforslb/final_image/final_sliced/20230713_I3B_11035.jpg
1753,C6B,2024,7/19/24,8.5,7/18/24,20240718_C6B_01753.jpg,-1,/mnt/research-projects/j/jlgage/RawUAVData01/uavforslb/final_image/final_sliced/20240718_C6B_01753.jpg
10250,I3B,2023,7/25/23,4.5,7/27/23,20230727_I3B_10250.jpg,2,/mnt/research-projects/j/jlgage/RawUAVData01/uavforslb/final_image/final_sliced/20230727_I3B_10250.jpg
10809,I3B,2023,7/19/23,5.0,7/20/23,20230720_I3B_10809.jpg,1,/mnt/research-projects/j/jlgage/RawUAVData01/uavforslb/final_image/final_sliced/20230720_I3B_10809.jpg
436,C6B,2024,7/19/24,8.0,7/18/24,20240718_C6B_00436.jpg,-1,/mnt/research-projects/j/jlgage/RawUAVData01/uavforslb/final_image/final_sliced/20240718_C6B_00436.jpg
3484,C6B,2024,7/15/24,8.5,7/18/24,20240718_C6B_03484.jpg,3,/mnt/research-projects/j/jlgage/RawUAVData01/uavforslb/final_image/final_sliced/20240718_C6B_03484.jpg
7438,G3,2023,7/20/23,7.0,7/20/23,20230720_G3_07438.jpg,0,/mnt/research-projects/j/jlgage/RawUAVData01/uavforslb/final_image/final_sliced/20230720_G3_07438.jpg
1996,C6B,2024,7/29/24,3.5,7/26/24,20240726_C6B_01996.jpg,-3,/mnt/research-projects/j/jlgage/RawUAVData01/uavforslb/final_image/final_sliced/20240726_C6B_01996.jpg
2532,C6B,2024,7/1/24,8.0,7/3/24,20240703_C6B_02532.jpg,2,/mnt/research-projects/j/jlgage/RawUAVData01/uavforslb/final_image/final_sliced/20240703_C6B_02532.jpg
9804,I3B,2023,7/12/23,6.0,7/13/23,20230713_I3B_09804.jpg,1,/mnt/research-projects/j/jlgage/RawUAVData01/uavforslb/final_image/final_sliced/20230713_I3B_09804.jpg
8145,G3,2023,7/26/23,5.5,7/27/23,20230727_G3_08145.jpg,1,/mnt/research-projects/j/jlgage/RawUAVData01/uavforslb/final_image/final_sliced/20230727_G3_08145.jpg
355,C6B,2024,7/29/24,6.0,7/26/24,20240726_C6B_00355.jpg,-3,/mnt/research-projects/j/jlgage/RawUAVData01/uavforslb/final_image/final_sliced/20240726_C6B_00355.jpg
10389,I3B,2023,7/25/23,4.5,7/27/23,20230727_I3B_10389.jpg,2,/mnt/research-projects/j/jlgage/RawUAVData01/uavforslb/final_image/final_sliced/20230727_I3B_10389.jpg
9581,I3B,2023,7/12/23,5.0,7/13/23,20230713_I3B_09581.jpg,1,/mnt/research-projects/j/jlgage/RawUAVData01/uavforslb/final_image/final_sliced/20230713_I3B_09581.jpg
8052,G3,2023,7/26/23,7.5,7/27/23,20230727_G3_08052.jpg,1,/mnt/research-projects/j/jlgage/RawUAVData01/uavforslb/final_image/final_sliced/20230727_G3_08052.jpg
10030,I3B,2023,7/12/23,5.5,7/13/23,20230713_I3B_10030.jpg,1,/mnt/research-projects/j/jlgage/RawUAVData01/uavforslb/final_image/final_sliced/20230713_I3B_10030.jpg
9806,I3B,2023,7/12/23,7.0,7/13/23,20230713_I3B_09806.jpg,1,/mnt/research-projects/j/jlgage/RawUAVData01/uavforslb/final_image/final_sliced/20230713_I3B_09806.jpg
292,C6B,2024,7/29/24,8.5,7/26/24,20240726_C6B_00292.jpg,-3,/mnt/research-projects/j/jlgage/RawUAVData01/uavforslb/final_image/final_sliced/20240726_C6B_00292.jpg
9877,I3B,2023,7/12/23,5.0,7/13/23,20230713_I3B_09877.jpg,1,/mnt/research-projects/j/jlgage/RawUAVData01/uavforslb/final_image/final_sliced/20230713_I3B_09877.jpg
2949,C6B,2024,7/30/24,1.5,8/2/24,20240802_C6B_02949.jpg,3,/mnt/research-projects/j/jlgage/RawUAVData01/uavforslb/final_image/final_sliced/20240802_C6B_02949.jpg
3901,B7A,2024,7/15/24,8.5,7/16/24,20240716_B7A_03901.jpg,1,/mnt/research-projects/j/jlgage/RawUAVData01/uavforslb/final_image/final_sliced/20240716_B7A_03901.jpg
9872,I3B,2023,7/12/23,5.5,7/13/23,20230713_I3B_09872.jpg,1,/mnt/research-projects/j/jlgage/RawUAVData01/uavforslb/final_image/final_sliced/20230713_I3B_09872.jpg
8112,G3,2023,7/26/23,4.5,7/27/23,20230727_G3_08112.jpg,1,/mnt/research-projects/j/jlgage/RawUAVData01/uavforslb/final_image/final_sliced/20230727_G3_08112.jpg
10734,I3B,2023,7/19/23,7.5,7/20/23,20230720_I3B_10734.jpg,1,/mnt/research-projects/j/jlgage/RawUAVData01/uavforslb/final_image/final_sliced/20230720_I3B_10734.jpg
3071,G3,2023,7/19/23,8.0,7/20/23,20230720_G3_03071.jpg,1,/mnt/research-projects/j/jlgage/RawUAVData01/uavforslb/final_image/final_sliced/20230720_G3_03071.jpg
564,C6B,2024,7/19/24,6.5,7/18/24,20240718_C6B_00564.jpg,-1,/mnt/research-projects/j/jlgage/RawUAVData01/uavforslb/final_image/final_sliced/20240718_C6B_00564.jpg
1779,C6B,2024,7/29/24,2.0,7/26/24,20240726_C6B_01779.jpg,-3,/mnt/research-projects/j/jlgage/RawUAVData01/uavforslb/final_image/final_sliced/20240726_C6B_01779.jpg
141,C6B,2024,7/19/24,8.5,7/18/24,20240718_C6B_00141.jpg,-1,/mnt/research-projects/j/jlgage/RawUAVData01/uavforslb/final_image/final_sliced/20240718_C6B_00141.jpg
676,C6B,2024,7/19/24,7.0,7/18/24,20240718_C6B_00676.jpg,-1,/mnt/research-projects/j/jlgage/RawUAVData01/uavforslb/final_image/final_sliced/20240718_C6B_00676.jpg
9570,I3B,2023,7/12/23,6.5,7/13/23,20230713_I3B_09570.jpg,1,/mnt/research-projects/j/jlgage/RawUAVData01/uavforslb/final_image/final_sliced/20230713_I3B_09570.jpg
1609,C6B,2024,7/29/24,5.0,7/26/24,20240726_C6B_01609.jpg,-3,/mnt/research-projects/j/jlgage/RawUAVData01/uavforslb/final_image/final_sliced/20240726_C6B_01609.jpg
7325,G3,2023,7/20/23,7.0,7/20/23,20230720_G3_07325.jpg,0,/mnt/research-projects/j/jlgage/RawUAVData01/uavforslb/final_image/final_sliced/20230720_G3_07325.jpg
8164,G3,2023,7/26/23,5.5,7/27/23,20230727_G3_08164.jpg,1,/mnt/research-projects/j/jlgage/RawUAVData01/uavforslb/final_image/final_sliced/20230727_G3_08164.jpg
9886,I3B,2023,7/12/23,5.0,7/13/23,20230713_I3B_09886.jpg,1,/mnt/research-projects/j/jlgage/RawUAVData01/uavforslb/final_image/final_sliced/20230713_I3B_09886.jpg
10789,I3B,2023,7/19/23,6.0,7/20/23,20230720_I3B_10789.jpg,1,/mnt/research-projects/j/jlgage/RawUAVData01/uavforslb/final_image/final_sliced/20230720_I3B_10789.jpg
3398,C6B,2024,7/15/24,7.0,7/18/24,20240718_C6B_03398.jpg,3,/mnt/research-projects/j/jlgage/RawUAVData01/uavforslb/final_image/final_sliced/20240718_C6B_03398.jpg
2141,C6B,2024,7/29/24,4.0,7/26/24,20240726_C6B_02141.jpg,-3,/mnt/research-projects/j/jlgage/RawUAVData01/uavforslb/final_image/final_sliced/20240726_C6B_02141.jpg
7483,G3,2023,7/26/23,8.0,7/27/23,20230727_G3_07483.jpg,1,/mnt/research-projects/j/jlgage/RawUAVData01/uavforslb/final_image/final_sliced/20230727_G3_07483.jpg
4373,B7A,2024,7/30/24,1.5,7/27/24,20240727_B7A_04373.jpg,-3,/mnt/research-projects/j/jlgage/RawUAVData01/uavforslb/final_image/final_sliced/20240727_B7A_04373.jpg
7453,G3,2023,7/20/23,6.5,7/20/23,20230720_G3_07453.jpg,0,/mnt/research-projects/j/jlgage/RawUAVData01/uavforslb/final_image/final_sliced/20230720_G3_07453.jpg
7344,G3,2023,7/26/23,4.0,7/27/23,20230727_G3_07344.jpg,1,/mnt/research-projects/j/jlgage/RawUAVData01/uavforslb/final_image/final_sliced/20230727_G3_07344.jpg
7409,G3,2023,7/20/23,7.5,7/20/23,20230720_G3_07409.jpg,0,/mnt/research-projects/j/jlgage/RawUAVData01/uavforslb/final_image/final_sliced/20230720_G3_07409.jpg
9910,I3B,2023,7/12/23,4.5,7/13/23,20230713_I3B_09910.jpg,1,/mnt/research-projects/j/jlgage/RawUAVData01/uavforslb/final_image/final_sliced/20230713_I3B_09910.jpg
7227,G3,2023,7/19/23,3.0,7/20/23,20230720_G3_07227.jpg,1,/mnt/research-projects/j/jlgage/RawUAVData01/uavforslb/final_image/final_sliced/20230720_G3_07227.jpg
5515,B7A,2024,7/1/24,8.0,7/3/24,20240703_B7A_05515.jpg,2,/mnt/research-projects/j/jlgage/RawUAVData01/uavforslb/final_image/final_sliced/20240703_B7A_05515.jpg
10995,I3B,2023,7/19/23,5.5,7/20/23,20230720_I3B_10995.jpg,1,/mnt/research-projects/j/jlgage/RawUAVData01/uavforslb/final_image/final_sliced/20230720_I3B_10995.jpg
9959,I3B,2023,7/12/23,5.5,7/13/23,20230713_I3B_09959.jpg,1,/mnt/research-projects/j/jlgage/RawUAVData01/uavforslb/final_image/final_sliced/20230713_I3B_09959.jpg
7412,G3,2023,7/20/23,7.0,7/20/23,20230720_G3_07412.jpg,0,/mnt/research-projects/j/jlgage/RawUAVData01/uavforslb/final_image/final_sliced/20230720_G3_07412.jpg
3761,C6B,2024,7/15/24,8.5,7/18/24,20240718_C6B_03761.jpg,3,/mnt/research-projects/j/jlgage/RawUAVData01/uavforslb/final_image/final_sliced/20240718_C6B_03761.jpg
11067,I3B,2023,7/12/23,7.0,7/13/23,20230713_I3B_11067.jpg,1,/mnt/research-projects/j/jlgage/RawUAVData01/uavforslb/final_image/final_sliced/20230713_I3B_11067.jpg
1858,C6B,2024,7/29/24,3.5,7/26/24,20240726_C6B_01858.jpg,-3,/mnt/research-projects/j/jlgage/RawUAVData01/uavforslb/final_image/final_sliced/20240726_C6B_01858.jpg
9613,I3B,2023,7/12/23,6.0,7/13/23,20230713_I3B_09613.jpg,1,/mnt/research-projects/j/jlgage/RawUAVData01/uavforslb/final_image/final_sliced/20230713_I3B_09613.jpg
467,C6B,2024,7/29/24,6.0,7/26/24,20240726_C6B_00467.jpg,-3,/mnt/research-projects/j/jlgage/RawUAVData01/uavforslb/final_image/final_sliced/20240726_C6B_00467.jpg
9943,I3B,2023,7/12/23,4.5,7/13/23,20230713_I3B_09943.jpg,1,/mnt/research-projects/j/jlgage/RawUAVData01/uavforslb/final_image/final_sliced/20230713_I3B_09943.jpg
1390,C6B,2024,7/19/24,8.5,7/18/24,20240718_C6B_01390.jpg,-1,/mnt/research-projects/j/jlgage/RawUAVData01/uavforslb/final_image/final_sliced/20240718_C6B_01390.jpg
3557,C6B,2024,7/30/24,2.0,8/2/24,20240802_C6B_03557.jpg,3,/mnt/research-projects/j/jlgage/RawUAVData01/uavforslb/final_image/final_sliced/20240802_C6B_03557.jpg
772,C6B,2024,7/19/24,4.0,7/18/24,20240718_C6B_00772.jpg,-1,/mnt/research-projects/j/jlgage/RawUAVData01/uavforslb/final_image/final_sliced/20240718_C6B_00772.jpg
1150,C6B,2024,7/29/24,6.0,7/26/24,20240726_C6B_01150.jpg,-3,/mnt/research-projects/j/jlgage/RawUAVData01/uavforslb/final_image/final_sliced/20240726_C6B_01150.jpg
7375,G3,2023,7/20/23,7.5,7/20/23,20230720_G3_07375.jpg,0,/mnt/research-projects/j/jlgage/RawUAVData01/uavforslb/final_image/final_sliced/20230720_G3_07375.jpg
8011,G3,2023,7/19/23,5.5,7/20/23,20230720_G3_08011.jpg,1,/mnt/research-projects/j/jlgage/RawUAVData01/uavforslb/final_image/final_sliced/20230720_G3_08011.jpg
3952,B7A,2024,7/15/24,8.5,7/16/24,20240716_B7A_03952.jpg,1,/mnt/research-projects/j/jlgage/RawUAVData01/uavforslb/final_image/final_sliced/20240716_B7A_03952.jpg
3181,G3,2023,7/26/23,3.5,7/27/23,20230727_G3_03181.jpg,1,/mnt/research-projects/j/jlgage/RawUAVData01/uavforslb/final_image/final_sliced/20230727_G3_03181.jpg
3605,C6B,2024,7/30/24,1.0,8/2/24,20240802_C6B_03605.jpg,3,/mnt/research-projects/j/jlgage/RawUAVData01/uavforslb/final_image/final_sliced/20240802_C6B_03605.jpg
3146,G3,2023,7/26/23,7.0,7/27/23,20230727_G3_03146.jpg,1,/mnt/research-projects/j/jlgage/RawUAVData01/uavforslb/final_image/final_sliced/20230727_G3_03146.jpg
3181,C6B,2024,7/15/24,7.5,7/18/24,20240718_C6B_03181.jpg,3,/mnt/research-projects/j/jlgage/RawUAVData01/uavforslb/final_image/final_sliced/20240718_C6B_03181.jpg
3125,G3,2023,7/19/23,7.5,7/20/23,20230720_G3_03125.jpg,1,/mnt/research-projects/j/jlgage/RawUAVData01/uavforslb/final_image/final_sliced/20230720_G3_03125.jpg
11159,I3B,2023,7/12/23,7.5,7/13/23,20230713_I3B_11159.jpg,1,/mnt/research-projects/j/jlgage/RawUAVData01/uavforslb/final_image/final_sliced/20230713_I3B_11159.jpg
9678,I3B,2023,7/12/23,4.5,7/13/23,20230713_I3B_09678.jpg,1,/mnt/research-projects/j/jlgage/RawUAVData01/uavforslb/final_image/final_sliced/20230713_I3B_09678.jpg
2558,C6B,2024,7/18/24,7.5,7/18/24,20240718_C6B_02558.jpg,0,/mnt/research-projects/j/jlgage/RawUAVData01/uavforslb/final_image/final_sliced/20240718_C6B_02558.jpg
7209,G3,2023,7/26/23,4.0,7/27/23,20230727_G3_07209.jpg,1,/mnt/research-projects/j/jlgage/RawUAVData01/uavforslb/final_image/final_sliced/20230727_G3_07209.jpg
8019,G3,2023,7/26/23,4.0,7/27/23,20230727_G3_08019.jpg,1,/mnt/research-projects/j/jlgage/RawUAVData01/uavforslb/final_image/final_sliced/20230727_G3_08019.jpg
10777,I3B,2023,7/19/23,5.5,7/20/23,20230720_I3B_10777.jpg,1,/mnt/research-projects/j/jlgage/RawUAVData01/uavforslb/final_image/final_sliced/20230720_I3B_10777.jpg
5526,B7A,2024,7/27/24,2.5,7/27/24,20240727_B7A_05526.jpg,0,/mnt/research-projects/j/jlgage/RawUAVData01/uavforslb/final_image/final_sliced/20240727_B7A_05526.jpg
3178,G3,2023,7/26/23,3.0,7/27/23,20230727_G3_03178.jpg,1,/mnt/research-projects/j/jlgage/RawUAVData01/uavforslb/final_image/final_sliced/20230727_G3_03178.jpg
4105,B7A,2024,7/30/24,1.5,7/27/24,20240727_B7A_04105.jpg,-3,/mnt/research-projects/j/jlgage/RawUAVData01/uavforslb/final_image/final_sliced/20240727_B7A_04105.jpg
1278,C6B,2024,7/29/24,3.0,7/26/24,20240726_C6B_01278.jpg,-3,/mnt/research-projects/j/jlgage/RawUAVData01/uavforslb/final_image/final_sliced/20240726_C6B_01278.jpg
11169,I3B,2023,7/12/23,7.5,7/13/23,20230713_I3B_11169.jpg,1,/mnt/research-projects/j/jlgage/RawUAVData01/uavforslb/final_image/final_sliced/20230713_I3B_11169.jpg
3729,C6B,2024,7/30/24,1.5,8/2/24,20240802_C6B_03729.jpg,3,/mnt/research-projects/j/jlgage/RawUAVData01/uavforslb/final_image/final_sliced/20240802_C6B_03729.jpg
9568,I3B,2023,7/12/23,7.0,7/13/23,20230713_I3B_09568.jpg,1,/mnt/research-projects/j/jlgage/RawUAVData01/uavforslb/final_image/final_sliced/20230713_I3B_09568.jpg
10285,I3B,2023,7/25/23,4.0,7/27/23,20230727_I3B_10285.jpg,2,/mnt/research-projects/j/jlgage/RawUAVData01/uavforslb/final_image/final_sliced/20230727_I3B_10285.jpg
10340,I3B,2023,7/25/23,4.0,7/27/23,20230727_I3B_10340.jpg,2,/mnt/research-projects/j/jlgage/RawUAVData01/uavforslb/final_image/final_sliced/20230727_I3B_10340.jpg
8024,G3,2023,7/19/23,7.0,7/20/23,20230720_G3_08024.jpg,1,/mnt/research-projects/j/jlgage/RawUAVData01/uavforslb/final_image/final_sliced/20230720_G3_08024.jpg
7492,G3,2023,7/20/23,6.5,7/20/23,20230720_G3_07492.jpg,0,/mnt/research-projects/j/jlgage/RawUAVData01/uavforslb/final_image/final_sliced/20230720_G3_07492.jpg
10786,I3B,2023,7/19/23,5.5,7/20/23,20230720_I3B_10786.jpg,1,/mnt/research-projects/j/jlgage/RawUAVData01/uavforslb/final_image/final_sliced/20230720_I3B_10786.jpg
4632,B7A,2024,7/15/24,8.0,7/16/24,20240716_B7A_04632.jpg,1,/mnt/research-projects/j/jlgage/RawUAVData01/uavforslb/final_image/final_sliced/20240716_B7A_04632.jpg
9846,I3B,2023,7/12/23,5.5,7/13/23,20230713_I3B_09846.jpg,1,/mnt/research-projects/j/jlgage/RawUAVData01/uavforslb/final_image/final_sliced/20230713_I3B_09846.jpg
3431,C6B,2024,7/15/24,8.0,7/18/24,20240718_C6B_03431.jpg,3,/mnt/research-projects/j/jlgage/RawUAVData01/uavforslb/final_image/final_sliced/20240718_C6B_03431.jpg
4225,B7A,2024,7/15/24,8.0,7/16/24,20240716_B7A_04225.jpg,1,/mnt/research-projects/j/jlgage/RawUAVData01/uavforslb/final_image/final_sliced/20240716_B7A_04225.jpg
1437,C6B,2024,7/19/24,6.0,7/18/24,20240718_C6B_01437.jpg,-1,/mnt/research-projects/j/jlgage/RawUAVData01/uavforslb/final_image/final_sliced/20240718_C6B_01437.jpg
10983,I3B,2023,7/19/23,5.5,7/20/23,20230720_I3B_10983.jpg,1,/mnt/research-projects/j/jlgage/RawUAVData01/uavforslb/final_image/final_sliced/20230720_I3B_10983.jpg
7509,G3,2023,7/26/23,8.0,7/27/23,20230727_G3_07509.jpg,1,/mnt/research-projects/j/jlgage/RawUAVData01/uavforslb/final_image/final_sliced/20230727_G3_07509.jpg
3914,B7A,2024,7/15/24,8.0,7/16/24,20240716_B7A_03914.jpg,1,/mnt/research-projects/j/jlgage/RawUAVData01/uavforslb/final_image/final_sliced/20240716_B7A_03914.jpg
3946,B7A,2024,7/30/24,1.5,7/27/24,20240727_B7A_03946.jpg,-3,/mnt/research-projects/j/jlgage/RawUAVData01/uavforslb/final_image/final_sliced/20240727_B7A_03946.jpg
10253,I3B,2023,7/25/23,3.0,7/27/23,20230727_I3B_10253.jpg,2,/mnt/research-projects/j/jlgage/RawUAVData01/uavforslb/final_image/final_sliced/20230727_I3B_10253.jpg
1453,C6B,2024,7/29/24,3.5,7/26/24,20240726_C6B_01453.jpg,-3,/mnt/research-projects/j/jlgage/RawUAVData01/uavforslb/final_image/final_sliced/20240726_C6B_01453.jpg
852,C6B,2024,7/29/24,3.0,7/26/24,20240726_C6B_00852.jpg,-3,/mnt/research-projects/j/jlgage/RawUAVData01/uavforslb/final_image/final_sliced/20240726_C6B_00852.jpg
10759,I3B,2023,7/19/23,5.0,7/20/23,20230720_I3B_10759.jpg,1,/mnt/research-projects/j/jlgage/RawUAVData01/uavforslb/final_image/final_sliced/20230720_I3B_10759.jpg
1720,C6B,2024,7/19/24,8.0,7/18/24,20240718_C6B_01720.jpg,-1,/mnt/research-projects/j/jlgage/RawUAVData01/uavforslb/final_image/final_sliced/20240718_C6B_01720.jpg
10841,I3B,2023,7/19/23,6.5,7/20/23,20230720_I3B_10841.jpg,1,/mnt/research-projects/j/jlgage/RawUAVData01/uavforslb/final_image/final_sliced/20230720_I3B_10841.jpg
7433,G3,2023,7/20/23,6.5,7/20/23,20230720_G3_07433.jpg,0,/mnt/research-projects/j/jlgage/RawUAVData01/uavforslb/final_image/final_sliced/20230720_G3_07433.jpg
10780,I3B,2023,7/19/23,4.0,7/20/23,20230720_I3B_10780.jpg,1,/mnt/research-projects/j/jlgage/RawUAVData01/uavforslb/final_image/final_sliced/20230720_I3B_10780.jpg
3066,C6B,2024,7/15/24,7.0,7/18/24,20240718_C6B_03066.jpg,3,/mnt/research-projects/j/jlgage/RawUAVData01/uavforslb/final_image/final_sliced/20240718_C6B_03066.jpg
10932,I3B,2023,7/19/23,6.5,7/20/23,20230720_I3B_10932.jpg,1,/mnt/research-projects/j/jlgage/RawUAVData01/uavforslb/final_image/final_sliced/20230720_I3B_10932.jpg
4076,B7A,2024,7/30/24,3.0,7/27/24,20240727_B7A_04076.jpg,-3,/mnt/research-projects/j/jlgage/RawUAVData01/uavforslb/final_image/final_sliced/20240727_B7A_04076.jpg
4237,B7A,2024,7/15/24,8.5,7/16/24,20240716_B7A_04237.jpg,1,/mnt/research-projects/j/jlgage/RawUAVData01/uavforslb/final_image/final_sliced/20240716_B7A_04237.jpg
3528,C6B,2024,7/30/24,1.5,8/2/24,20240802_C6B_03528.jpg,3,/mnt/research-projects/j/jlgage/RawUAVData01/uavforslb/final_image/final_sliced/20240802_C6B_03528.jpg
2552,C6B,2024,7/18/24,8.0,7/18/24,20240718_C6B_02552.jpg,0,/mnt/research-projects/j/jlgage/RawUAVData01/uavforslb/final_image/final_sliced/20240718_C6B_02552.jpg
8044,G3,2023,7/19/23,7.0,7/20/23,20230720_G3_08044.jpg,1,/mnt/research-projects/j/jlgage/RawUAVData01/uavforslb/final_image/final_sliced/20230720_G3_08044.jpg
10816,I3B,2023,7/19/23,5.0,7/20/23,20230720_I3B_10816.jpg,1,/mnt/research-projects/j/jlgage/RawUAVData01/uavforslb/final_image/final_sliced/20230720_I3B_10816.jpg
3210,G3,2023,7/26/23,7.0,7/27/23,20230727_G3_03210.jpg,1,/mnt/research-projects/j/jlgage/RawUAVData01/uavforslb/final_image/final_sliced/20230727_G3_03210.jpg
11214,I3B,2023,7/19/23,7.5,7/20/23,20230720_I3B_11214.jpg,1,/mnt/research-projects/j/jlgage/RawUAVData01/uavforslb/final_image/final_sliced/20230720_I3B_11214.jpg
2563,C6B,2024,7/18/24,7.5,7/18/24,20240718_C6B_02563.jpg,0,/mnt/research-projects/j/jlgage/RawUAVData01/uavforslb/final_image/final_sliced/20240718_C6B_02563.jpg
2894,C6B,2024,7/30/24,3.5,8/2/24,20240802_C6B_02894.jpg,3,/mnt/research-projects/j/jlgage/RawUAVData01/uavforslb/final_image/final_sliced/20240802_C6B_02894.jpg
1728,C6B,2024,7/29/24,7.0,7/26/24,20240726_C6B_01728.jpg,-3,/mnt/research-projects/j/jlgage/RawUAVData01/uavforslb/final_image/final_sliced/20240726_C6B_01728.jpg
7381,G3,2023,7/20/23,8.0,7/20/23,20230720_G3_07381.jpg,0,/mnt/research-projects/j/jlgage/RawUAVData01/uavforslb/final_image/final_sliced/20230720_G3_07381.jpg
11251,I3B,2023,7/19/23,7.5,7/20/23,20230720_I3B_11251.jpg,1,/mnt/research-projects/j/jlgage/RawUAVData01/uavforslb/final_image/final_sliced/20230720_I3B_11251.jpg
11105,I3B,2023,7/12/23,6.5,7/13/23,20230713_I3B_11105.jpg,1,/mnt/research-projects/j/jlgage/RawUAVData01/uavforslb/final_image/final_sliced/20230713_I3B_11105.jpg
2063,C6B,2024,7/29/24,3.0,7/26/24,20240726_C6B_02063.jpg,-3,/mnt/research-projects/j/jlgage/RawUAVData01/uavforslb/final_image/final_sliced/20240726_C6B_02063.jpg
7418,G3,2023,7/20/23,7.0,7/20/23,20230720_G3_07418.jpg,0,/mnt/research-projects/j/jlgage/RawUAVData01/uavforslb/final_image/final_sliced/20230720_G3_07418.jpg
2863,C6B,2024,7/15/24,8.0,7/18/24,20240718_C6B_02863.jpg,3,/mnt/research-projects/j/jlgage/RawUAVData01/uavforslb/final_image/final_sliced/20240718_C6B_02863.jpg
3025,G3,2023,7/19/23,8.0,7/20/23,20230720_G3_03025.jpg,1,/mnt/research-projects/j/jlgage/RawUAVData01/uavforslb/final_image/final_sliced/20230720_G3_03025.jpg
5036,C6B,2024,7/1/24,9.0,7/3/24,20240703_C6B_05036.jpg,2,/mnt/research-projects/j/jlgage/RawUAVData01/uavforslb/final_image/final_sliced/20240703_C6B_05036.jpg
9772,I3B,2023,7/12/23,6.0,7/13/23,20230713_I3B_09772.jpg,1,/mnt/research-projects/j/jlgage/RawUAVData01/uavforslb/final_image/final_sliced/20230713_I3B_09772.jpg
3066,G3,2023,7/19/23,7.5,7/20/23,20230720_G3_03066.jpg,1,/mnt/research-projects/j/jlgage/RawUAVData01/uavforslb/final_image/final_sliced/20230720_G3_03066.jpg
10834,I3B,2023,7/19/23,5.0,7/20/23,20230720_I3B_10834.jpg,1,/mnt/research-projects/j/jlgage/RawUAVData01/uavforslb/final_image/final_sliced/20230720_I3B_10834.jpg
7222,G3,2023,7/19/23,8.0,7/20/23,20230720_G3_07222.jpg,1,/mnt/research-projects/j/jlgage/RawUAVData01/uavforslb/final_image/final_sliced/20230720_G3_07222.jpg
1159,C6B,2024,7/19/24,8.5,7/18/24,20240718_C6B_01159.jpg,-1,/mnt/research-projects/j/jlgage/RawUAVData01/uavforslb/final_image/final_sliced/20240718_C6B_01159.jpg
2542,C6B,2024,7/18/24,7.5,7/18/24,20240718_C6B_02542.jpg,0,/mnt/research-projects/j/jlgage/RawUAVData01/uavforslb/final_image/final_sliced/20240718_C6B_02542.jpg
2144,C6B,2024,7/19/24,7.5,7/18/24,20240718_C6B_02144.jpg,-1,/mnt/research-projects/j/jlgage/RawUAVData01/uavforslb/final_image/final_sliced/20240718_C6B_02144.jpg
7477,G3,2023,7/20/23,8.0,7/20/23,20230720_G3_07477.jpg,0,/mnt/research-projects/j/jlgage/RawUAVData01/uavforslb/final_image/final_sliced/20230720_G3_07477.jpg
3065,G3,2023,7/19/23,8.0,7/20/23,20230720_G3_03065.jpg,1,/mnt/research-projects/j/jlgage/RawUAVData01/uavforslb/final_image/final_sliced/20230720_G3_03065.jpg
10767,I3B,2023,7/19/23,5.0,7/20/23,20230720_I3B_10767.jpg,1,/mnt/research-projects/j/jlgage/RawUAVData01/uavforslb/final_image/final_sliced/20230720_I3B_10767.jpg
11321,I3B,2023,7/19/23,7.0,7/20/23,20230720_I3B_11321.jpg,1,/mnt/research-projects/j/jlgage/RawUAVData01/uavforslb/final_image/final_sliced/20230720_I3B_11321.jpg
3785,C6B,2024,7/15/24,8.5,7/18/24,20240718_C6B_03785.jpg,3,/mnt/research-projects/j/jlgage/RawUAVData01/uavforslb/final_image/final_sliced/20240718_C6B_03785.jpg
3691,C6B,2024,7/15/24,8.5,7/18/24,20240718_C6B_03691.jpg,3,/mnt/research-projects/j/jlgage/RawUAVData01/uavforslb/final_image/final_sliced/20240718_C6B_03691.jpg
7458,G3,2023,7/20/23,8.0,7/20/23,20230720_G3_07458.jpg,0,/mnt/research-projects/j/jlgage/RawUAVData01/uavforslb/final_image/final_sliced/20230720_G3_07458.jpg
2049,C6B,2024,7/29/24,1.5,7/26/24,20240726_C6B_02049.jpg,-3,/mnt/research-projects/j/jlgage/RawUAVData01/uavforslb/final_image/final_sliced/20240726_C6B_02049.jpg
170,C6B,2024,7/29/24,5.0,7/26/24,20240726_C6B_00170.jpg,-3,/mnt/research-projects/j/jlgage/RawUAVData01/uavforslb/final_image/final_sliced/20240726_C6B_00170.jpg
552,C6B,2024,7/29/24,4.0,7/26/24,20240726_C6B_00552.jpg,-3,/mnt/research-projects/j/jlgage/RawUAVData01/uavforslb/final_image/final_sliced/20240726_C6B_00552.jpg
1946,C6B,2024,7/29/24,7.5,7/26/24,20240726_C6B_01946.jpg,-3,/mnt/research-projects/j/jlgage/RawUAVData01/uavforslb/final_image/final_sliced/20240726_C6B_01946.jpg
11193,I3B,2023,7/19/23,5.5,7/20/23,20230720_I3B_11193.jpg,1,/mnt/research-projects/j/jlgage/RawUAVData01/uavforslb/final_image/final_sliced/20230720_I3B_11193.jpg
10307,I3B,2023,7/25/23,6.5,7/27/23,20230727_I3B_10307.jpg,2,/mnt/research-projects/j/jlgage/RawUAVData01/uavforslb/final_image/final_sliced/20230727_I3B_10307.jpg
1098,C6B,2024,7/29/24,3.0,7/26/24,20240726_C6B_01098.jpg,-3,/mnt/research-projects/j/jlgage/RawUAVData01/uavforslb/final_image/final_sliced/20240726_C6B_01098.jpg
11228,I3B,2023,7/19/23,6.5,7/20/23,20230720_I3B_11228.jpg,1,/mnt/research-projects/j/jlgage/RawUAVData01/uavforslb/final_image/final_sliced/20230720_I3B_11228.jpg
4079,B7A,2024,7/15/24,8.5,7/16/24,20240716_B7A_04079.jpg,1,/mnt/research-projects/j/jlgage/RawUAVData01/uavforslb/final_image/final_sliced/20240716_B7A_04079.jpg
2000,C6B,2024,7/19/24,5.0,7/18/24,20240718_C6B_02000.jpg,-1,/mnt/research-projects/j/jlgage/RawUAVData01/uavforslb/final_image/final_sliced/20240718_C6B_02000.jpg
10832,I3B,2023,7/19/23,6.5,7/20/23,20230720_I3B_10832.jpg,1,/mnt/research-projects/j/jlgage/RawUAVData01/uavforslb/final_image/final_sliced/20230720_I3B_10832.jpg
385,C6B,2024,7/19/24,8.5,7/18/24,20240718_C6B_00385.jpg,-1,/mnt/research-projects/j/jlgage/RawUAVData01/uavforslb/final_image/final_sliced/20240718_C6B_00385.jpg
2715,C6B,2024,7/30/24,4.0,8/2/24,20240802_C6B_02715.jpg,3,/mnt/research-projects/j/jlgage/RawUAVData01/uavforslb/final_image/final_sliced/20240802_C6B_02715.jpg
3566,C6B,2024,7/15/24,8.0,7/18/24,20240718_C6B_03566.jpg,3,/mnt/research-projects/j/jlgage/RawUAVData01/uavforslb/final_image/final_sliced/20240718_C6B_03566.jpg
7505,G3,2023,7/26/23,6.0,7/27/23,20230727_G3_07505.jpg,1,/mnt/research-projects/j/jlgage/RawUAVData01/uavforslb/final_image/final_sliced/20230727_G3_07505.jpg
3137,G3,2023,7/26/23,6.5,7/27/23,20230727_G3_03137.jpg,1,/mnt/research-projects/j/jlgage/RawUAVData01/uavforslb/final_image/final_sliced/20230727_G3_03137.jpg
9636,I3B,2023,7/12/23,6.0,7/13/23,20230713_I3B_09636.jpg,1,/mnt/research-projects/j/jlgage/RawUAVData01/uavforslb/final_image/final_sliced/20230713_I3B_09636.jpg
9796,I3B,2023,7/12/23,5.5,7/13/23,20230713_I3B_09796.jpg,1,/mnt/research-projects/j/jlgage/RawUAVData01/uavforslb/final_image/final_sliced/20230713_I3B_09796.jpg
2559,C6B,2024,7/27/24,5.0,7/26/24,20240726_C6B_02559.jpg,-1,/mnt/research-projects/j/jlgage/RawUAVData01/uavforslb/final_image/final_sliced/20240726_C6B_02559.jpg
477,C6B,2024,7/29/24,4.0,7/26/24,20240726_C6B_00477.jpg,-3,/mnt/research-projects/j/jlgage/RawUAVData01/uavforslb/final_image/final_sliced/20240726_C6B_00477.jpg
10740,I3B,2023,7/19/23,7.0,7/20/23,20230720_I3B_10740.jpg,1,/mnt/research-projects/j/jlgage/RawUAVData01/uavforslb/final_image/final_sliced/20230720_I3B_10740.jpg
1411,C6B,2024,7/19/24,8.0,7/18/24,20240718_C6B_01411.jpg,-1,/mnt/research-projects/j/jlgage/RawUAVData01/uavforslb/final_image/final_sliced/20240718_C6B_01411.jpg
4594,B7A,2024,7/15/24,8.0,7/16/24,20240716_B7A_04594.jpg,1,/mnt/research-projects/j/jlgage/RawUAVData01/uavforslb/final_image/final_sliced/20240716_B7A_04594.jpg
2978,C6B,2024,7/30/24,2.5,8/2/24,20240802_C6B_02978.jpg,3,/mnt/research-projects/j/jlgage/RawUAVData01/uavforslb/final_image/final_sliced/20240802_C6B_02978.jpg
4400,B7A,2024,7/30/24,1.5,7/27/24,20240727_B7A_04400.jpg,-3,/mnt/research-projects/j/jlgage/RawUAVData01/uavforslb/final_image/final_sliced/20240727_B7A_04400.jpg
661,C6B,2024,7/29/24,4.0,7/26/24,20240726_C6B_00661.jpg,-3,/mnt/research-projects/j/jlgage/RawUAVData01/uavforslb/final_image/final_sliced/20240726_C6B_00661.jpg
3195,G3,2023,7/19/23,6.0,7/20/23,20230720_G3_03195.jpg,1,/mnt/research-projects/j/jlgage/RawUAVData01/uavforslb/final_image/final_sliced/20230720_G3_03195.jpg
8126,G3,2023,7/20/23,7.5,7/20/23,20230720_G3_08126.jpg,0,/mnt/research-projects/j/jlgage/RawUAVData01/uavforslb/final_image/final_sliced/20230720_G3_08126.jpg
2829,C6B,2024,7/15/24,7.0,7/18/24,20240718_C6B_02829.jpg,3,/mnt/research-projects/j/jlgage/RawUAVData01/uavforslb/final_image/final_sliced/20240718_C6B_02829.jpg
2895,C6B,2024,7/30/24,3.0,8/2/24,20240802_C6B_02895.jpg,3,/mnt/research-projects/j/jlgage/RawUAVData01/uavforslb/final_image/final_sliced/20240802_C6B_02895.jpg
3078,G3,2023,7/26/23,8.0,7/27/23,20230727_G3_03078.jpg,1,/mnt/research-projects/j/jlgage/RawUAVData01/uavforslb/final_image/final_sliced/20230727_G3_03078.jpg
7436,G3,2023,7/26/23,5.0,7/27/23,20230727_G3_07436.jpg,1,/mnt/research-projects/j/jlgage/RawUAVData01/uavforslb/final_image/final_sliced/20230727_G3_07436.jpg
8115,G3,2023,7/20/23,6.5,7/20/23,20230720_G3_08115.jpg,0,/mnt/research-projects/j/jlgage/RawUAVData01/uavforslb/final_image/final_sliced/20230720_G3_08115.jpg
2058,C6B,2024,7/19/24,5.0,7/18/24,20240718_C6B_02058.jpg,-1,/mnt/research-projects/j/jlgage/RawUAVData01/uavforslb/final_image/final_sliced/20240718_C6B_02058.jpg
9571,I3B,2023,7/12/23,5.5,7/13/23,20230713_I3B_09571.jpg,1,/mnt/research-projects/j/jlgage/RawUAVData01/uavforslb/final_image/final_sliced/20230713_I3B_09571.jpg
5066,C6B,2024,7/27/24,6.5,7/26/24,20240726_C6B_05066.jpg,-1,/mnt/research-projects/j/jlgage/RawUAVData01/uavforslb/final_image/final_sliced/20240726_C6B_05066.jpg
8104,G3,2023,7/26/23,5.5,7/27/23,20230727_G3_08104.jpg,1,/mnt/research-projects/j/jlgage/RawUAVData01/uavforslb/final_image/final_sliced/20230727_G3_08104.jpg
806,C6B,2024,7/19/24,8.5,7/18/24,20240718_C6B_00806.jpg,-1,/mnt/research-projects/j/jlgage/RawUAVData01/uavforslb/final_image/final_sliced/20240718_C6B_00806.jpg
411,C6B,2024,7/19/24,8.0,7/18/24,20240718_C6B_00411.jpg,-1,/mnt/research-projects/j/jlgage/RawUAVData01/uavforslb/final_image/final_sliced/20240718_C6B_00411.jpg
1140,C6B,2024,7/19/24,8.5,7/18/24,20240718_C6B_01140.jpg,-1,/mnt/research-projects/j/jlgage/RawUAVData01/uavforslb/final_image/final_sliced/20240718_C6B_01140.jpg
3776,C6B,2024,7/30/24,1.5,8/2/24,20240802_C6B_03776.jpg,3,/mnt/research-projects/j/jlgage/RawUAVData01/uavforslb/final_image/final_sliced/20240802_C6B_03776.jpg
3927,B7A,2024,7/15/24,8.5,7/16/24,20240716_B7A_03927.jpg,1,/mnt/research-projects/j/jlgage/RawUAVData01/uavforslb/final_image/final_sliced/20240716_B7A_03927.jpg
2589,C6B,2024,7/30/24,3.0,8/2/24,20240802_C6B_02589.jpg,3,/mnt/research-projects/j/jlgage/RawUAVData01/uavforslb/final_image/final_sliced/20240802_C6B_02589.jpg
2735,C6B,2024,7/30/24,2.0,8/2/24,20240802_C6B_02735.jpg,3,/mnt/research-projects/j/jlgage/RawUAVData01/uavforslb/final_image/final_sliced/20240802_C6B_02735.jpg
7412,G3,2023,7/26/23,6.0,7/27/23,20230727_G3_07412.jpg,1,/mnt/research-projects/j/jlgage/RawUAVData01/uavforslb/final_image/final_sliced/20230727_G3_07412.jpg
11098,I3B,2023,7/12/23,7.5,7/13/23,20230713_I3B_11098.jpg,1,/mnt/research-projects/j/jlgage/RawUAVData01/uavforslb/final_image/final_sliced/20230713_I3B_11098.jpg
2760,C6B,2024,7/30/24,1.5,8/2/24,20240802_C6B_02760.jpg,3,/mnt/research-projects/j/jlgage/RawUAVData01/uavforslb/final_image/final_sliced/20240802_C6B_02760.jpg
1215,C6B,2024,7/19/24,8.0,7/18/24,20240718_C6B_01215.jpg,-1,/mnt/research-projects/j/jlgage/RawUAVData01/uavforslb/final_image/final_sliced/20240718_C6B_01215.jpg
2151,C6B,2024,7/19/24,7.0,7/18/24,20240718_C6B_02151.jpg,-1,/mnt/research-projects/j/jlgage/RawUAVData01/uavforslb/final_image/final_sliced/20240718_C6B_02151.jpg
3014,G3,2023,7/19/23,8.0,7/20/23,20230720_G3_03014.jpg,1,/mnt/research-projects/j/jlgage/RawUAVData01/uavforslb/final_image/final_sliced/20230720_G3_03014.jpg
1963,C6B,2024,7/19/24,7.0,7/18/24,20240718_C6B_01963.jpg,-1,/mnt/research-projects/j/jlgage/RawUAVData01/uavforslb/final_image/final_sliced/20240718_C6B_01963.jpg
137,C6B,2024,7/29/24,4.0,7/26/24,20240726_C6B_00137.jpg,-3,/mnt/research-projects/j/jlgage/RawUAVData01/uavforslb/final_image/final_sliced/20240726_C6B_00137.jpg
4281,B7A,2024,7/30/24,2.0,7/27/24,20240727_B7A_04281.jpg,-3,/mnt/research-projects/j/jlgage/RawUAVData01/uavforslb/final_image/final_sliced/20240727_B7A_04281.jpg
11032,I3B,2023,7/12/23,6.0,7/13/23,20230713_I3B_11032.jpg,1,/mnt/research-projects/j/jlgage/RawUAVData01/uavforslb/final_image/final_sliced/20230713_I3B_11032.jpg
4172,B7A,2024,7/15/24,5.5,7/16/24,20240716_B7A_04172.jpg,1,/mnt/research-projects/j/jlgage/RawUAVData01/uavforslb/final_image/final_sliced/20240716_B7A_04172.jpg
8044,G3,2023,7/26/23,5.0,7/27/23,20230727_G3_08044.jpg,1,/mnt/research-projects/j/jlgage/RawUAVData01/uavforslb/final_image/final_sliced/20230727_G3_08044.jpg
10817,I3B,2023,7/19/23,7.5,7/20/23,20230720_I3B_10817.jpg,1,/mnt/research-projects/j/jlgage/RawUAVData01/uavforslb/final_image/final_sliced/20230720_I3B_10817.jpg
1293,C6B,2024,7/29/24,3.0,7/26/24,20240726_C6B_01293.jpg,-3,/mnt/research-projects/j/jlgage/RawUAVData01/uavforslb/final_image/final_sliced/20240726_C6B_01293.jpg
11094,I3B,2023,7/12/23,6.5,7/13/23,20230713_I3B_11094.jpg,1,/mnt/research-projects/j/jlgage/RawUAVData01/uavforslb/final_image/final_sliced/20230713_I3B_11094.jpg
5520,B7A,2024,7/1/24,8.0,7/3/24,20240703_B7A_05520.jpg,2,/mnt/research-projects/j/jlgage/RawUAVData01/uavforslb/final_image/final_sliced/20240703_B7A_05520.jpg
857,C6B,2024,7/29/24,3.0,7/26/24,20240726_C6B_00857.jpg,-3,/mnt/research-projects/j/jlgage/RawUAVData01/uavforslb/final_image/final_sliced/20240726_C6B_00857.jpg
1840,C6B,2024,7/29/24,2.0,7/26/24,20240726_C6B_01840.jpg,-3,/mnt/research-projects/j/jlgage/RawUAVData01/uavforslb/final_image/final_sliced/20240726_C6B_01840.jpg
2519,C6B,2024,7/27/24,5.5,7/26/24,20240726_C6B_02519.jpg,-1,/mnt/research-projects/j/jlgage/RawUAVData01/uavforslb/final_image/final_sliced/20240726_C6B_02519.jpg
1086,C6B,2024,7/29/24,7.5,7/26/24,20240726_C6B_01086.jpg,-3,/mnt/research-projects/j/jlgage/RawUAVData01/uavforslb/final_image/final_sliced/20240726_C6B_01086.jpg
3127,G3,2023,7/19/23,7.5,7/20/23,20230720_G3_03127.jpg,1,/mnt/research-projects/j/jlgage/RawUAVData01/uavforslb/final_image/final_sliced/20230720_G3_03127.jpg
7336,G3,2023,7/20/23,7.0,7/20/23,20230720_G3_07336.jpg,0,/mnt/research-projects/j/jlgage/RawUAVData01/uavforslb/final_image/final_sliced/20230720_G3_07336.jpg
2591,C6B,2024,7/30/24,4.0,8/2/24,20240802_C6B_02591.jpg,3,/mnt/research-projects/j/jlgage/RawUAVData01/uavforslb/final_image/final_sliced/20240802_C6B_02591.jpg
4452,B7A,2024,7/15/24,8.5,7/16/24,20240716_B7A_04452.jpg,1,/mnt/research-projects/j/jlgage/RawUAVData01/uavforslb/final_image/final_sliced/20240716_B7A_04452.jpg
3972,B7A,2024,7/15/24,8.5,7/16/24,20240716_B7A_03972.jpg,1,/mnt/research-projects/j/jlgage/RawUAVData01/uavforslb/final_image/final_sliced/20240716_B7A_03972.jpg
7387,G3,2023,7/20/23,6.5,7/20/23,20230720_G3_07387.jpg,0,/mnt/research-projects/j/jlgage/RawUAVData01/uavforslb/final_image/final_sliced/20230720_G3_07387.jpg
9609,I3B,2023,7/12/23,6.0,7/13/23,20230713_I3B_09609.jpg,1,/mnt/research-projects/j/jlgage/RawUAVData01/uavforslb/final_image/final_sliced/20230713_I3B_09609.jpg
3418,C6B,2024,7/30/24,1.5,8/2/24,20240802_C6B_03418.jpg,3,/mnt/research-projects/j/jlgage/RawUAVData01/uavforslb/final_image/final_sliced/20240802_C6B_03418.jpg
7500,G3,2023,7/26/23,8.0,7/27/23,20230727_G3_07500.jpg,1,/mnt/research-projects/j/jlgage/RawUAVData01/uavforslb/final_image/final_sliced/20230727_G3_07500.jpg
956,C6B,2024,7/29/24,5.0,7/26/24,20240726_C6B_00956.jpg,-3,/mnt/research-projects/j/jlgage/RawUAVData01/uavforslb/final_image/final_sliced/20240726_C6B_00956.jpg
10379,I3B,2023,7/25/23,4.0,7/27/23,20230727_I3B_10379.jpg,2,/mnt/research-projects/j/jlgage/RawUAVData01/uavforslb/final_image/final_sliced/20230727_I3B_10379.jpg
8033,G3,2023,7/19/23,7.0,7/20/23,20230720_G3_08033.jpg,1,/mnt/research-projects/j/jlgage/RawUAVData01/uavforslb/final_image/final_sliced/20230720_G3_08033.jpg
10017,I3B,2023,7/12/23,5.0,7/13/23,20230713_I3B_10017.jpg,1,/mnt/research-projects/j/jlgage/RawUAVData01/uavforslb/final_image/final_sliced/20230713_I3B_10017.jpg
3666,C6B,2024,7/30/24,4.0,8/2/24,20240802_C6B_03666.jpg,3,/mnt/research-projects/j/jlgage/RawUAVData01/uavforslb/final_image/final_sliced/20240802_C6B_03666.jpg
1270,C6B,2024,7/19/24,8.0,7/18/24,20240718_C6B_01270.jpg,-1,/mnt/research-projects/j/jlgage/RawUAVData01/uavforslb/final_image/final_sliced/20240718_C6B_01270.jpg
3051,G3,2023,7/26/23,7.5,7/27/23,20230727_G3_03051.jpg,1,/mnt/research-projects/j/jlgage/RawUAVData01/uavforslb/final_image/final_sliced/20230727_G3_03051.jpg
3164,G3,2023,7/19/23,7.0,7/20/23,20230720_G3_03164.jpg,1,/mnt/research-projects/j/jlgage/RawUAVData01/uavforslb/final_image/final_sliced/20230720_G3_03164.jpg
3191,G3,2023,7/19/23,6.0,7/20/23,20230720_G3_03191.jpg,1,/mnt/research-projects/j/jlgage/RawUAVData01/uavforslb/final_image/final_sliced/20230720_G3_03191.jpg
7262,G3,2023,7/19/23,4.0,7/20/23,20230720_G3_07262.jpg,1,/mnt/research-projects/j/jlgage/RawUAVData01/uavforslb/final_image/final_sliced/20230720_G3_07262.jpg
1544,C6B,2024,7/29/24,8.0,7/26/24,20240726_C6B_01544.jpg,-3,/mnt/research-projects/j/jlgage/RawUAVData01/uavforslb/final_image/final_sliced/20240726_C6B_01544.jpg
7468,G3,2023,7/20/23,6.0,7/20/23,20230720_G3_07468.jpg,0,/mnt/research-projects/j/jlgage/RawUAVData01/uavforslb/final_image/final_sliced/20230720_G3_07468.jpg
10818,I3B,2023,7/19/23,5.5,7/20/23,20230720_I3B_10818.jpg,1,/mnt/research-projects/j/jlgage/RawUAVData01/uavforslb/final_image/final_sliced/20230720_I3B_10818.jpg
3095,G3,2023,7/26/23,8.0,7/27/23,20230727_G3_03095.jpg,1,/mnt/research-projects/j/jlgage/RawUAVData01/uavforslb/final_image/final_sliced/20230727_G3_03095.jpg
3016,G3,2023,7/26/23,7.5,7/27/23,20230727_G3_03016.jpg,1,/mnt/research-projects/j/jlgage/RawUAVData01/uavforslb/final_image/final_sliced/20230727_G3_03016.jpg
717,C6B,2024,7/19/24,6.5,7/18/24,20240718_C6B_00717.jpg,-1,/mnt/research-projects/j/jlgage/RawUAVData01/uavforslb/final_image/final_sliced/20240718_C6B_00717.jpg
3166,G3,2023,7/26/23,5.0,7/27/23,20230727_G3_03166.jpg,1,/mnt/research-projects/j/jlgage/RawUAVData01/uavforslb/final_image/final_sliced/20230727_G3_03166.jpg
2899,C6B,2024,7/15/24,6.0,7/18/24,20240718_C6B_02899.jpg,3,/mnt/research-projects/j/jlgage/RawUAVData01/uavforslb/final_image/final_sliced/20240718_C6B_02899.jpg
11092,I3B,2023,7/12/23,6.5,7/13/23,20230713_I3B_11092.jpg,1,/mnt/research-projects/j/jlgage/RawUAVData01/uavforslb/final_image/final_sliced/20230713_I3B_11092.jpg
4622,B7A,2024,7/30/24,1.5,7/27/24,20240727_B7A_04622.jpg,-3,/mnt/research-projects/j/jlgage/RawUAVData01/uavforslb/final_image/final_sliced/20240727_B7A_04622.jpg
11327,I3B,2023,7/19/23,5.0,7/20/23,20230720_I3B_11327.jpg,1,/mnt/research-projects/j/jlgage/RawUAVData01/uavforslb/final_image/final_sliced/20230720_I3B_11327.jpg
1974,C6B,2024,7/19/24,6.0,7/18/24,20240718_C6B_01974.jpg,-1,/mnt/research-projects/j/jlgage/RawUAVData01/uavforslb/final_image/final_sliced/20240718_C6B_01974.jpg
1172,C6B,2024,7/19/24,8.5,7/18/24,20240718_C6B_01172.jpg,-1,/mnt/research-projects/j/jlgage/RawUAVData01/uavforslb/final_image/final_sliced/20240718_C6B_01172.jpg
2849,C6B,2024,7/15/24,8.5,7/18/24,20240718_C6B_02849.jpg,3,/mnt/research-projects/j/jlgage/RawUAVData01/uavforslb/final_image/final_sliced/20240718_C6B_02849.jpg
8074,G3,2023,7/26/23,8.0,7/27/23,20230727_G3_08074.jpg,1,/mnt/research-projects/j/jlgage/RawUAVData01/uavforslb/final_image/final_sliced/20230727_G3_08074.jpg
3139,C6B,2024,7/30/24,3.0,8/2/24,20240802_C6B_03139.jpg,3,/mnt/research-projects/j/jlgage/RawUAVData01/uavforslb/final_image/final_sliced/20240802_C6B_03139.jpg
10872,I3B,2023,7/19/23,6.0,7/20/23,20230720_I3B_10872.jpg,1,/mnt/research-projects/j/jlgage/RawUAVData01/uavforslb/final_image/final_sliced/20230720_I3B_10872.jpg
3022,G3,2023,7/26/23,7.5,7/27/23,20230727_G3_03022.jpg,1,/mnt/research-projects/j/jlgage/RawUAVData01/uavforslb/final_image/final_sliced/20230727_G3_03022.jpg
3106,G3,2023,7/19/23,7.5,7/20/23,20230720_G3_03106.jpg,1,/mnt/research-projects/j/jlgage/RawUAVData01/uavforslb/final_image/final_sliced/20230720_G3_03106.jpg
5023,C6B,2024,7/1/24,8.0,7/3/24,20240703_C6B_05023.jpg,2,/mnt/research-projects/j/jlgage/RawUAVData01/uavforslb/final_image/final_sliced/20240703_C6B_05023.jpg
9788,I3B,2023,7/12/23,4.0,7/13/23,20230713_I3B_09788.jpg,1,/mnt/research-projects/j/jlgage/RawUAVData01/uavforslb/final_image/final_sliced/20230713_I3B_09788.jpg
10310,I3B,2023,7/25/23,3.0,7/27/23,20230727_I3B_10310.jpg,2,/mnt/research-projects/j/jlgage/RawUAVData01/uavforslb/final_image/final_sliced/20230727_I3B_10310.jpg
2151,C6B,2024,7/29/24,2.5,7/26/24,20240726_C6B_02151.jpg,-3,/mnt/research-projects/j/jlgage/RawUAVData01/uavforslb/final_image/final_sliced/20240726_C6B_02151.jpg
7380,G3,2023,7/26/23,5.5,7/27/23,20230727_G3_07380.jpg,1,/mnt/research-projects/j/jlgage/RawUAVData01/uavforslb/final_image/final_sliced/20230727_G3_07380.jpg
3836,B7A,2024,7/15/24,7.5,7/16/24,20240716_B7A_03836.jpg,1,/mnt/research-projects/j/jlgage/RawUAVData01/uavforslb/final_image/final_sliced/20240716_B7A_03836.jpg
2894,C6B,2024,7/15/24,8.5,7/18/24,20240718_C6B_02894.jpg,3,/mnt/research-projects/j/jlgage/RawUAVData01/uavforslb/final_image/final_sliced/20240718_C6B_02894.jpg
9976,I3B,2023,7/12/23,5.5,7/13/23,20230713_I3B_09976.jpg,1,/mnt/research-projects/j/jlgage/RawUAVData01/uavforslb/final_image/final_sliced/20230713_I3B_09976.jpg
8104,G3,2023,7/20/23,6.0,7/20/23,20230720_G3_08104.jpg,0,/mnt/research-projects/j/jlgage/RawUAVData01/uavforslb/final_image/final_sliced/20230720_G3_08104.jpg
3949,B7A,2024,7/15/24,8.5,7/16/24,20240716_B7A_03949.jpg,1,/mnt/research-projects/j/jlgage/RawUAVData01/uavforslb/final_image/final_sliced/20240716_B7A_03949.jpg
9975,I3B,2023,7/12/23,5.0,7/13/23,20230713_I3B_09975.jpg,1,/mnt/research-projects/j/jlgage/RawUAVData01/uavforslb/final_image/final_sliced/20230713_I3B_09975.jpg
11338,I3B,2023,7/19/23,7.0,7/20/23,20230720_I3B_11338.jpg,1,/mnt/research-projects/j/jlgage/RawUAVData01/uavforslb/final_image/final_sliced/20230720_I3B_11338.jpg
7490,G3,2023,7/26/23,5.0,7/27/23,20230727_G3_07490.jpg,1,/mnt/research-projects/j/jlgage/RawUAVData01/uavforslb/final_image/final_sliced/20230727_G3_07490.jpg
7246,G3,2023,7/19/23,7.0,7/20/23,20230720_G3_07246.jpg,1,/mnt/research-projects/j/jlgage/RawUAVData01/uavforslb/final_image/final_sliced/20230720_G3_07246.jpg
1829,C6B,2024,7/29/24,1.0,7/26/24,20240726_C6B_01829.jpg,-3,/mnt/research-projects/j/jlgage/RawUAVData01/uavforslb/final_image/final_sliced/20240726_C6B_01829.jpg
4161,B7A,2024,7/15/24,8.5,7/16/24,20240716_B7A_04161.jpg,1,/mnt/research-projects/j/jlgage/RawUAVData01/uavforslb/final_image/final_sliced/20240716_B7A_04161.jpg
410,C6B,2024,7/29/24,3.0,7/26/24,20240726_C6B_00410.jpg,-3,/mnt/research-projects/j/jlgage/RawUAVData01/uavforslb/final_image/final_sliced/20240726_C6B_00410.jpg
5035,C6B,2024,7/1/24,8.5,7/3/24,20240703_C6B_05035.jpg,2,/mnt/research-projects/j/jlgage/RawUAVData01/uavforslb/final_image/final_sliced/20240703_C6B_05035.jpg
7478,G3,2023,7/26/23,4.5,7/27/23,20230727_G3_07478.jpg,1,/mnt/research-projects/j/jlgage/RawUAVData01/uavforslb/final_image/final_sliced/20230727_G3_07478.jpg
2113,C6B,2024,7/19/24,5.0,7/18/24,20240718_C6B_02113.jpg,-1,/mnt/research-projects/j/jlgage/RawUAVData01/uavforslb/final_image/final_sliced/20240718_C6B_02113.jpg
1638,C6B,2024,7/29/24,5.0,7/26/24,20240726_C6B_01638.jpg,-3,/mnt/research-projects/j/jlgage/RawUAVData01/uavforslb/final_image/final_sliced/20240726_C6B_01638.jpg
4168,B7A,2024,7/15/24,8.5,7/16/24,20240716_B7A_04168.jpg,1,/mnt/research-projects/j/jlgage/RawUAVData01/uavforslb/final_image/final_sliced/20240716_B7A_04168.jpg
2997,C6B,2024,7/30/24,2.5,8/2/24,20240802_C6B_02997.jpg,3,/mnt/research-projects/j/jlgage/RawUAVData01/uavforslb/final_image/final_sliced/20240802_C6B_02997.jpg
8064,G3,2023,7/19/23,5.5,7/20/23,20230720_G3_08064.jpg,1,/mnt/research-projects/j/jlgage/RawUAVData01/uavforslb/final_image/final_sliced/20230720_G3_08064.jpg
327,C6B,2024,7/29/24,3.0,7/26/24,20240726_C6B_00327.jpg,-3,/mnt/research-projects/j/jlgage/RawUAVData01/uavforslb/final_image/final_sliced/20240726_C6B_00327.jpg
7299,G3,2023,7/20/23,8.0,7/20/23,20230720_G3_07299.jpg,0,/mnt/research-projects/j/jlgage/RawUAVData01/uavforslb/final_image/final_sliced/20230720_G3_07299.jpg
7457,G3,2023,7/20/23,7.0,7/20/23,20230720_G3_07457.jpg,0,/mnt/research-projects/j/jlgage/RawUAVData01/uavforslb/final_image/final_sliced/20230720_G3_07457.jpg
4167,B7A,2024,7/15/24,8.0,7/16/24,20240716_B7A_04167.jpg,1,/mnt/research-projects/j/jlgage/RawUAVData01/uavforslb/final_image/final_sliced/20240716_B7A_04167.jpg
9767,I3B,2023,7/12/23,5.5,7/13/23,20230713_I3B_09767.jpg,1,/mnt/research-projects/j/jlgage/RawUAVData01/uavforslb/final_image/final_sliced/20230713_I3B_09767.jpg
3592,C6B,2024,7/30/24,1.5,8/2/24,20240802_C6B_03592.jpg,3,/mnt/research-projects/j/jlgage/RawUAVData01/uavforslb/final_image/final_sliced/20240802_C6B_03592.jpg
1614,C6B,2024,7/19/24,8.5,7/18/24,20240718_C6B_01614.jpg,-1,/mnt/research-projects/j/jlgage/RawUAVData01/uavforslb/final_image/final_sliced/20240718_C6B_01614.jpg
2023,C6B,2024,7/29/24,2.0,7/26/24,20240726_C6B_02023.jpg,-3,/mnt/research-projects/j/jlgage/RawUAVData01/uavforslb/final_image/final_sliced/20240726_C6B_02023.jpg
461,C6B,2024,7/19/24,8.5,7/18/24,20240718_C6B_00461.jpg,-1,/mnt/research-projects/j/jlgage/RawUAVData01/uavforslb/final_image/final_sliced/20240718_C6B_00461.jpg
4603,B7A,2024,7/15/24,8.0,7/16/24,20240716_B7A_04603.jpg,1,/mnt/research-projects/j/jlgage/RawUAVData01/uavforslb/final_image/final_sliced/20240716_B7A_04603.jpg
2747,C6B,2024,7/30/24,4.0,8/2/24,20240802_C6B_02747.jpg,3,/mnt/research-projects/j/jlgage/RawUAVData01/uavforslb/final_image/final_sliced/20240802_C6B_02747.jpg
1554,C6B,2024,7/19/24,9.0,7/18/24,20240718_C6B_01554.jpg,-1,/mnt/research-projects/j/jlgage/RawUAVData01/uavforslb/final_image/final_sliced/20240718_C6B_01554.jpg
3694,C6B,2024,7/15/24,8.5,7/18/24,20240718_C6B_03694.jpg,3,/mnt/research-projects/j/jlgage/RawUAVData01/uavforslb/final_image/final_sliced/20240718_C6B_03694.jpg
2984,C6B,2024,7/15/24,8.0,7/18/24,20240718_C6B_02984.jpg,3,/mnt/research-projects/j/jlgage/RawUAVData01/uavforslb/final_image/final_sliced/20240718_C6B_02984.jpg
4356,B7A,2024,7/15/24,8.5,7/16/24,20240716_B7A_04356.jpg,1,/mnt/research-projects/j/jlgage/RawUAVData01/uavforslb/final_image/final_sliced/20240716_B7A_04356.jpg
3026,G3,2023,7/19/23,7.5,7/20/23,20230720_G3_03026.jpg,1,/mnt/research-projects/j/jlgage/RawUAVData01/uavforslb/final_image/final_sliced/20230720_G3_03026.jpg
4634,B7A,2024,7/15/24,5.0,7/16/24,20240716_B7A_04634.jpg,1,/mnt/research-projects/j/jlgage/RawUAVData01/uavforslb/final_image/final_sliced/20240716_B7A_04634.jpg
7526,G3,2023,7/26/23,7.5,7/27/23,20230727_G3_07526.jpg,1,/mnt/research-projects/j/jlgage/RawUAVData01/uavforslb/final_image/final_sliced/20230727_G3_07526.jpg
8092,G3,2023,7/20/23,6.0,7/20/23,20230720_G3_08092.jpg,0,/mnt/research-projects/j/jlgage/RawUAVData01/uavforslb/final_image/final_sliced/20230720_G3_08092.jpg
7335,G3,2023,7/20/23,7.5,7/20/23,20230720_G3_07335.jpg,0,/mnt/research-projects/j/jlgage/RawUAVData01/uavforslb/final_image/final_sliced/20230720_G3_07335.jpg
7471,G3,2023,7/20/23,7.5,7/20/23,20230720_G3_07471.jpg,0,/mnt/research-projects/j/jlgage/RawUAVData01/uavforslb/final_image/final_sliced/20230720_G3_07471.jpg
4106,B7A,2024,7/15/24,6.0,7/16/24,20240716_B7A_04106.jpg,1,/mnt/research-projects/j/jlgage/RawUAVData01/uavforslb/final_image/final_sliced/20240716_B7A_04106.jpg
3211,C6B,2024,7/15/24,8.5,7/18/24,20240718_C6B_03211.jpg,3,/mnt/research-projects/j/jlgage/RawUAVData01/uavforslb/final_image/final_sliced/20240718_C6B_03211.jpg
11267,I3B,2023,7/19/23,6.0,7/20/23,20230720_I3B_11267.jpg,1,/mnt/research-projects/j/jlgage/RawUAVData01/uavforslb/final_image/final_sliced/20230720_I3B_11267.jpg
3196,G3,2023,7/19/23,7.5,7/20/23,20230720_G3_03196.jpg,1,/mnt/research-projects/j/jlgage/RawUAVData01/uavforslb/final_image/final_sliced/20230720_G3_03196.jpg
1874,C6B,2024,7/19/24,5.0,7/18/24,20240718_C6B_01874.jpg,-1,/mnt/research-projects/j/jlgage/RawUAVData01/uavforslb/final_image/final_sliced/20240718_C6B_01874.jpg
9911,I3B,2023,7/12/23,4.5,7/13/23,20230713_I3B_09911.jpg,1,/mnt/research-projects/j/jlgage/RawUAVData01/uavforslb/final_image/final_sliced/20230713_I3B_09911.jpg
10257,I3B,2023,7/25/23,6.0,7/27/23,20230727_I3B_10257.jpg,2,/mnt/research-projects/j/jlgage/RawUAVData01/uavforslb/final_image/final_sliced/20230727_I3B_10257.jpg
3625,C6B,2024,7/30/24,2.0,8/2/24,20240802_C6B_03625.jpg,3,/mnt/research-projects/j/jlgage/RawUAVData01/uavforslb/final_image/final_sliced/20240802_C6B_03625.jpg
10291,I3B,2023,7/25/23,3.0,7/27/23,20230727_I3B_10291.jpg,2,/mnt/research-projects/j/jlgage/RawUAVData01/uavforslb/final_image/final_sliced/20230727_I3B_10291.jpg
330,C6B,2024,7/19/24,7.5,7/18/24,20240718_C6B_00330.jpg,-1,/mnt/research-projects/j/jlgage/RawUAVData01/uavforslb/final_image/final_sliced/20240718_C6B_00330.jpg
2135,C6B,2024,7/19/24,5.5,7/18/24,20240718_C6B_02135.jpg,-1,/mnt/research-projects/j/jlgage/RawUAVData01/uavforslb/final_image/final_sliced/20240718_C6B_02135.jpg
9983,I3B,2023,7/12/23,5.0,7/13/23,20230713_I3B_09983.jpg,1,/mnt/research-projects/j/jlgage/RawUAVData01/uavforslb/final_image/final_sliced/20230713_I3B_09983.jpg
120,C6B,2024,7/29/24,3.0,7/26/24,20240726_C6B_00120.jpg,-3,/mnt/research-projects/j/jlgage/RawUAVData01/uavforslb/final_image/final_sliced/20240726_C6B_00120.jpg
3073,G3,2023,7/19/23,7.5,7/20/23,20230720_G3_03073.jpg,1,/mnt/research-projects/j/jlgage/RawUAVData01/uavforslb/final_image/final_sliced/20230720_G3_03073.jpg
822,C6B,2024,7/29/24,4.0,7/26/24,20240726_C6B_00822.jpg,-3,/mnt/research-projects/j/jlgage/RawUAVData01/uavforslb/final_image/final_sliced/20240726_C6B_00822.jpg
10359,I3B,2023,7/25/23,6.5,7/27/23,20230727_I3B_10359.jpg,2,/mnt/research-projects/j/jlgage/RawUAVData01/uavforslb/final_image/final_sliced/20230727_I3B_10359.jpg
2071,C6B,2024,7/19/24,7.0,7/18/24,20240718_C6B_02071.jpg,-1,/mnt/research-projects/j/jlgage/RawUAVData01/uavforslb/final_image/final_sliced/20240718_C6B_02071.jpg
11306,I3B,2023,7/19/23,5.0,7/20/23,20230720_I3B_11306.jpg,1,/mnt/research-projects/j/jlgage/RawUAVData01/uavforslb/final_image/final_sliced/20230720_I3B_11306.jpg
8090,G3,2023,7/20/23,6.5,7/20/23,20230720_G3_08090.jpg,0,/mnt/research-projects/j/jlgage/RawUAVData01/uavforslb/final_image/final_sliced/20230720_G3_08090.jpg
5518,B7A,2024,7/1/24,8.0,7/3/24,20240703_B7A_05518.jpg,2,/mnt/research-projects/j/jlgage/RawUAVData01/uavforslb/final_image/final_sliced/20240703_B7A_05518.jpg
3102,C6B,2024,7/30/24,1.0,8/2/24,20240802_C6B_03102.jpg,3,/mnt/research-projects/j/jlgage/RawUAVData01/uavforslb/final_image/final_sliced/20240802_C6B_03102.jpg
3295,C6B,2024,7/15/24,8.0,7/18/24,20240718_C6B_03295.jpg,3,/mnt/research-projects/j/jlgage/RawUAVData01/uavforslb/final_image/final_sliced/20240718_C6B_03295.jpg
2753,C6B,2024,7/30/24,2.0,8/2/24,20240802_C6B_02753.jpg,3,/mnt/research-projects/j/jlgage/RawUAVData01/uavforslb/final_image/final_sliced/20240802_C6B_02753.jpg
3701,C6B,2024,7/15/24,8.0,7/18/24,20240718_C6B_03701.jpg,3,/mnt/research-projects/j/jlgage/RawUAVData01/uavforslb/final_image/final_sliced/20240718_C6B_03701.jpg
381,C6B,2024,7/19/24,8.5,7/18/24,20240718_C6B_00381.jpg,-1,/mnt/research-projects/j/jlgage/RawUAVData01/uavforslb/final_image/final_sliced/20240718_C6B_00381.jpg
2525,C6B,2024,7/11/24,7.5,7/10/24,20240710_C6B_02525.jpg,-1,/mnt/research-projects/j/jlgage/RawUAVData01/uavforslb/final_image/final_sliced/20240710_C6B_02525.jpg
11351,I3B,2023,7/19/23,7.5,7/20/23,20230720_I3B_11351.jpg,1,/mnt/research-projects/j/jlgage/RawUAVData01/uavforslb/final_image/final_sliced/20230720_I3B_11351.jpg
3068,G3,2023,7/26/23,7.0,7/27/23,20230727_G3_03068.jpg,1,/mnt/research-projects/j/jlgage/RawUAVData01/uavforslb/final_image/final_sliced/20230727_G3_03068.jpg
8165,G3,2023,7/26/23,6.5,7/27/23,20230727_G3_08165.jpg,1,/mnt/research-projects/j/jlgage/RawUAVData01/uavforslb/final_image/final_sliced/20230727_G3_08165.jpg
2011,C6B,2024,7/19/24,3.5,7/18/24,20240718_C6B_02011.jpg,-1,/mnt/research-projects/j/jlgage/RawUAVData01/uavforslb/final_image/final_sliced/20240718_C6B_02011.jpg
3697,C6B,2024,7/30/24,4.5,8/2/24,20240802_C6B_03697.jpg,3,/mnt/research-projects/j/jlgage/RawUAVData01/uavforslb/final_image/final_sliced/20240802_C6B_03697.jpg
7340,G3,2023,7/26/23,5.0,7/27/23,20230727_G3_07340.jpg,1,/mnt/research-projects/j/jlgage/RawUAVData01/uavforslb/final_image/final_sliced/20230727_G3_07340.jpg
3317,C6B,2024,7/15/24,8.0,7/18/24,20240718_C6B_03317.jpg,3,/mnt/research-projects/j/jlgage/RawUAVData01/uavforslb/final_image/final_sliced/20240718_C6B_03317.jpg
3057,C6B,2024,7/15/24,7.0,7/18/24,20240718_C6B_03057.jpg,3,/mnt/research-projects/j/jlgage/RawUAVData01/uavforslb/final_image/final_sliced/20240718_C6B_03057.jpg
527,C6B,2024,7/19/24,8.5,7/18/24,20240718_C6B_00527.jpg,-1,/mnt/research-projects/j/jlgage/RawUAVData01/uavforslb/final_image/final_sliced/20240718_C6B_00527.jpg
369,C6B,2024,7/29/24,2.0,7/26/24,20240726_C6B_00369.jpg,-3,/mnt/research-projects/j/jlgage/RawUAVData01/uavforslb/final_image/final_sliced/20240726_C6B_00369.jpg
8168,G3,2023,7/20/23,8.0,7/20/23,20230720_G3_08168.jpg,0,/mnt/research-projects/j/jlgage/RawUAVData01/uavforslb/final_image/final_sliced/20230720_G3_08168.jpg
4539,B7A,2024,7/15/24,7.0,7/16/24,20240716_B7A_04539.jpg,1,/mnt/research-projects/j/jlgage/RawUAVData01/uavforslb/final_image/final_sliced/20240716_B7A_04539.jpg
3140,C6B,2024,7/15/24,8.0,7/18/24,20240718_C6B_03140.jpg,3,/mnt/research-projects/j/jlgage/RawUAVData01/uavforslb/final_image/final_sliced/20240718_C6B_03140.jpg
7249,G3,2023,7/19/23,6.5,7/20/23,20230720_G3_07249.jpg,1,/mnt/research-projects/j/jlgage/RawUAVData01/uavforslb/final_image/final_sliced/20230720_G3_07249.jpg
3693,C6B,2024,7/15/24,8.0,7/18/24,20240718_C6B_03693.jpg,3,/mnt/research-projects/j/jlgage/RawUAVData01/uavforslb/final_image/final_sliced/20240718_C6B_03693.jpg
3118,G3,2023,7/26/23,8.5,7/27/23,20230727_G3_03118.jpg,1,/mnt/research-projects/j/jlgage/RawUAVData01/uavforslb/final_image/final_sliced/20230727_G3_03118.jpg
10996,I3B,2023,7/19/23,6.0,7/20/23,20230720_I3B_10996.jpg,1,/mnt/research-projects/j/jlgage/RawUAVData01/uavforslb/final_image/final_sliced/20230720_I3B_10996.jpg
8094,G3,2023,7/26/23,7.0,7/27/23,20230727_G3_08094.jpg,1,/mnt/research-projects/j/jlgage/RawUAVData01/uavforslb/final_image/final_sliced/20230727_G3_08094.jpg
9908,I3B,2023,7/12/23,5.0,7/13/23,20230713_I3B_09908.jpg,1,/mnt/research-projects/j/jlgage/RawUAVData01/uavforslb/final_image/final_sliced/20230713_I3B_09908.jpg
3946,B7A,2024,7/15/24,4.0,7/16/24,20240716_B7A_03946.jpg,1,/mnt/research-projects/j/jlgage/RawUAVData01/uavforslb/final_image/final_sliced/20240716_B7A_03946.jpg
4045,B7A,2024,7/15/24,8.5,7/16/24,20240716_B7A_04045.jpg,1,/mnt/research-projects/j/jlgage/RawUAVData01/uavforslb/final_image/final_sliced/20240716_B7A_04045.jpg
7261,G3,2023,7/19/23,6.5,7/20/23,20230720_G3_07261.jpg,1,/mnt/research-projects/j/jlgage/RawUAVData01/uavforslb/final_image/final_sliced/20230720_G3_07261.jpg
11086,I3B,2023,7/12/23,6.0,7/13/23,20230713_I3B_11086.jpg,1,/mnt/research-projects/j/jlgage/RawUAVData01/uavforslb/final_image/final_sliced/20230713_I3B_11086.jpg
7544,G3,2023,7/26/23,4.5,7/27/23,20230727_G3_07544.jpg,1,/mnt/research-projects/j/jlgage/RawUAVData01/uavforslb/final_image/final_sliced/20230727_G3_07544.jpg
11329,I3B,2023,7/19/23,7.0,7/20/23,20230720_I3B_11329.jpg,1,/mnt/research-projects/j/jlgage/RawUAVData01/uavforslb/final_image/final_sliced/20230720_I3B_11329.jpg
3653,C6B,2024,7/15/24,8.5,7/18/24,20240718_C6B_03653.jpg,3,/mnt/research-projects/j/jlgage/RawUAVData01/uavforslb/final_image/final_sliced/20240718_C6B_03653.jpg
9685,I3B,2023,7/12/23,5.5,7/13/23,20230713_I3B_09685.jpg,1,/mnt/research-projects/j/jlgage/RawUAVData01/uavforslb/final_image/final_sliced/20230713_I3B_09685.jpg
7519,G3,2023,7/26/23,7.5,7/27/23,20230727_G3_07519.jpg,1,/mnt/research-projects/j/jlgage/RawUAVData01/uavforslb/final_image/final_sliced/20230727_G3_07519.jpg
1490,C6B,2024,7/19/24,7.0,7/18/24,20240718_C6B_01490.jpg,-1,/mnt/research-projects/j/jlgage/RawUAVData01/uavforslb/final_image/final_sliced/20240718_C6B_01490.jpg
10935,I3B,2023,7/19/23,6.0,7/20/23,20230720_I3B_10935.jpg,1,/mnt/research-projects/j/jlgage/RawUAVData01/uavforslb/final_image/final_sliced/20230720_I3B_10935.jpg
1621,C6B,2024,7/19/24,6.0,7/18/24,20240718_C6B_01621.jpg,-1,/mnt/research-projects/j/jlgage/RawUAVData01/uavforslb/final_image/final_sliced/20240718_C6B_01621.jpg
8087,G3,2023,7/20/23,8.0,7/20/23,20230720_G3_08087.jpg,0,/mnt/research-projects/j/jlgage/RawUAVData01/uavforslb/final_image/final_sliced/20230720_G3_08087.jpg
2030,C6B,2024,7/19/24,6.5,7/18/24,20240718_C6B_02030.jpg,-1,/mnt/research-projects/j/jlgage/RawUAVData01/uavforslb/final_image/final_sliced/20240718_C6B_02030.jpg
3286,C6B,2024,7/15/24,8.5,7/18/24,20240718_C6B_03286.jpg,3,/mnt/research-projects/j/jlgage/RawUAVData01/uavforslb/final_image/final_sliced/20240718_C6B_03286.jpg
3433,C6B,2024,7/15/24,8.5,7/18/24,20240718_C6B_03433.jpg,3,/mnt/research-projects/j/jlgage/RawUAVData01/uavforslb/final_image/final_sliced/20240718_C6B_03433.jpg
10370,I3B,2023,7/25/23,4.0,7/27/23,20230727_I3B_10370.jpg,2,/mnt/research-projects/j/jlgage/RawUAVData01/uavforslb/final_image/final_sliced/20230727_I3B_10370.jpg
10878,I3B,2023,7/19/23,6.0,7/20/23,20230720_I3B_10878.jpg,1,/mnt/research-projects/j/jlgage/RawUAVData01/uavforslb/final_image/final_sliced/20230720_I3B_10878.jpg
11085,I3B,2023,7/12/23,6.5,7/13/23,20230713_I3B_11085.jpg,1,/mnt/research-projects/j/jlgage/RawUAVData01/uavforslb/final_image/final_sliced/20230713_I3B_11085.jpg
10011,I3B,2023,7/12/23,5.5,7/13/23,20230713_I3B_10011.jpg,1,/mnt/research-projects/j/jlgage/RawUAVData01/uavforslb/final_image/final_sliced/20230713_I3B_10011.jpg
2929,C6B,2024,7/30/24,1.5,8/2/24,20240802_C6B_02929.jpg,3,/mnt/research-projects/j/jlgage/RawUAVData01/uavforslb/final_image/final_sliced/20240802_C6B_02929.jpg
3210,G3,2023,7/19/23,7.5,7/20/23,20230720_G3_03210.jpg,1,/mnt/research-projects/j/jlgage/RawUAVData01/uavforslb/final_image/final_sliced/20230720_G3_03210.jpg
5013,C6B,2024,7/11/24,8.0,7/10/24,20240710_C6B_05013.jpg,-1,/mnt/research-projects/j/jlgage/RawUAVData01/uavforslb/final_image/final_sliced/20240710_C6B_05013.jpg
536,C6B,2024,7/29/24,4.0,7/26/24,20240726_C6B_00536.jpg,-3,/mnt/research-projects/j/jlgage/RawUAVData01/uavforslb/final_image/final_sliced/20240726_C6B_00536.jpg
7406,G3,2023,7/20/23,6.5,7/20/23,20230720_G3_07406.jpg,0,/mnt/research-projects/j/jlgage/RawUAVData01/uavforslb/final_image/final_sliced/20230720_G3_07406.jpg
3111,G3,2023,7/26/23,3.0,7/27/23,20230727_G3_03111.jpg,1,/mnt/research-projects/j/jlgage/RawUAVData01/uavforslb/final_image/final_sliced/20230727_G3_03111.jpg
4110,B7A,2024,7/30/24,2.0,7/27/24,20240727_B7A_04110.jpg,-3,/mnt/research-projects/j/jlgage/RawUAVData01/uavforslb/final_image/final_sliced/20240727_B7A_04110.jpg
3145,G3,2023,7/19/23,7.5,7/20/23,20230720_G3_03145.jpg,1,/mnt/research-projects/j/jlgage/RawUAVData01/uavforslb/final_image/final_sliced/20230720_G3_03145.jpg
7472,G3,2023,7/26/23,5.5,7/27/23,20230727_G3_07472.jpg,1,/mnt/research-projects/j/jlgage/RawUAVData01/uavforslb/final_image/final_sliced/20230727_G3_07472.jpg
7450,G3,2023,7/26/23,6.0,7/27/23,20230727_G3_07450.jpg,1,/mnt/research-projects/j/jlgage/RawUAVData01/uavforslb/final_image/final_sliced/20230727_G3_07450.jpg
3157,G3,2023,7/26/23,5.0,7/27/23,20230727_G3_03157.jpg,1,/mnt/research-projects/j/jlgage/RawUAVData01/uavforslb/final_image/final_sliced/20230727_G3_03157.jpg
834,C6B,2024,7/19/24,5.0,7/18/24,20240718_C6B_00834.jpg,-1,/mnt/research-projects/j/jlgage/RawUAVData01/uavforslb/final_image/final_sliced/20240718_C6B_00834.jpg
2693,C6B,2024,7/30/24,4.0,8/2/24,20240802_C6B_02693.jpg,3,/mnt/research-projects/j/jlgage/RawUAVData01/uavforslb/final_image/final_sliced/20240802_C6B_02693.jpg
8079,G3,2023,7/26/23,7.5,7/27/23,20230727_G3_08079.jpg,1,/mnt/research-projects/j/jlgage/RawUAVData01/uavforslb/final_image/final_sliced/20230727_G3_08079.jpg
10902,I3B,2023,7/19/23,6.5,7/20/23,20230720_I3B_10902.jpg,1,/mnt/research-projects/j/jlgage/RawUAVData01/uavforslb/final_image/final_sliced/20230720_I3B_10902.jpg
8005,G3,2023,7/26/23,6.0,7/27/23,20230727_G3_08005.jpg,1,/mnt/research-projects/j/jlgage/RawUAVData01/uavforslb/final_image/final_sliced/20230727_G3_08005.jpg
11106,I3B,2023,7/12/23,7.5,7/13/23,20230713_I3B_11106.jpg,1,/mnt/research-projects/j/jlgage/RawUAVData01/uavforslb/final_image/final_sliced/20230713_I3B_11106.jpg
293,C6B,2024,7/19/24,7.5,7/18/24,20240718_C6B_00293.jpg,-1,/mnt/research-projects/j/jlgage/RawUAVData01/uavforslb/final_image/final_sliced/20240718_C6B_00293.jpg
3105,G3,2023,7/19/23,8.0,7/20/23,20230720_G3_03105.jpg,1,/mnt/research-projects/j/jlgage/RawUAVData01/uavforslb/final_image/final_sliced/20230720_G3_03105.jpg
4070,B7A,2024,7/30/24,3.0,7/27/24,20240727_B7A_04070.jpg,-3,/mnt/research-projects/j/jlgage/RawUAVData01/uavforslb/final_image/final_sliced/20240727_B7A_04070.jpg
10268,I3B,2023,7/25/23,3.5,7/27/23,20230727_I3B_10268.jpg,2,/mnt/research-projects/j/jlgage/RawUAVData01/uavforslb/final_image/final_sliced/20230727_I3B_10268.jpg
652,C6B,2024,7/19/24,5.5,7/18/24,20240718_C6B_00652.jpg,-1,/mnt/research-projects/j/jlgage/RawUAVData01/uavforslb/final_image/final_sliced/20240718_C6B_00652.jpg
10990,I3B,2023,7/19/23,5.5,7/20/23,20230720_I3B_10990.jpg,1,/mnt/research-projects/j/jlgage/RawUAVData01/uavforslb/final_image/final_sliced/20230720_I3B_10990.jpg
7252,G3,2023,7/26/23,7.5,7/27/23,20230727_G3_07252.jpg,1,/mnt/research-projects/j/jlgage/RawUAVData01/uavforslb/final_image/final_sliced/20230727_G3_07252.jpg
8002,G3,2023,7/19/23,4.0,7/20/23,20230720_G3_08002.jpg,1,/mnt/research-projects/j/jlgage/RawUAVData01/uavforslb/final_image/final_sliced/20230720_G3_08002.jpg
1812,C6B,2024,7/19/24,7.0,7/18/24,20240718_C6B_01812.jpg,-1,/mnt/research-projects/j/jlgage/RawUAVData01/uavforslb/final_image/final_sliced/20240718_C6B_01812.jpg
3142,G3,2023,7/19/23,8.0,7/20/23,20230720_G3_03142.jpg,1,/mnt/research-projects/j/jlgage/RawUAVData01/uavforslb/final_image/final_sliced/20230720_G3_03142.jpg
10850,I3B,2023,7/19/23,5.0,7/20/23,20230720_I3B_10850.jpg,1,/mnt/research-projects/j/jlgage/RawUAVData01/uavforslb/final_image/final_sliced/20230720_I3B_10850.jpg
8173,G3,2023,7/26/23,5.0,7/27/23,20230727_G3_08173.jpg,1,/mnt/research-projects/j/jlgage/RawUAVData01/uavforslb/final_image/final_sliced/20230727_G3_08173.jpg
10876,I3B,2023,7/19/23,5.0,7/20/23,20230720_I3B_10876.jpg,1,/mnt/research-projects/j/jlgage/RawUAVData01/uavforslb/final_image/final_sliced/20230720_I3B_10876.jpg
131,C6B,2024,7/29/24,4.0,7/26/24,20240726_C6B_00131.jpg,-3,/mnt/research-projects/j/jlgage/RawUAVData01/uavforslb/final_image/final_sliced/20240726_C6B_00131.jpg
8010,G3,2023,7/19/23,7.0,7/20/23,20230720_G3_08010.jpg,1,/mnt/research-projects/j/jlgage/RawUAVData01/uavforslb/final_image/final_sliced/20230720_G3_08010.jpg
9953,I3B,2023,7/12/23,5.5,7/13/23,20230713_I3B_09953.jpg,1,/mnt/research-projects/j/jlgage/RawUAVData01/uavforslb/final_image/final_sliced/20230713_I3B_09953.jpg
4406,B7A,2024,7/30/24,1.0,7/27/24,20240727_B7A_04406.jpg,-3,/mnt/research-projects/j/jlgage/RawUAVData01/uavforslb/final_image/final_sliced/20240727_B7A_04406.jpg
3855,B7A,2024,7/15/24,8.5,7/16/24,20240716_B7A_03855.jpg,1,/mnt/research-projects/j/jlgage/RawUAVData01/uavforslb/final_image/final_sliced/20240716_B7A_03855.jpg
2809,C6B,2024,7/30/24,1.5,8/2/24,20240802_C6B_02809.jpg,3,/mnt/research-projects/j/jlgage/RawUAVData01/uavforslb/final_image/final_sliced/20240802_C6B_02809.jpg
642,C6B,2024,7/29/24,4.0,7/26/24,20240726_C6B_00642.jpg,-3,/mnt/research-projects/j/jlgage/RawUAVData01/uavforslb/final_image/final_sliced/20240726_C6B_00642.jpg
5045,C6B,2024,7/11/24,8.0,7/10/24,20240710_C6B_05045.jpg,-1,/mnt/research-projects/j/jlgage/RawUAVData01/uavforslb/final_image/final_sliced/20240710_C6B_05045.jpg
7353,G3,2023,7/20/23,7.5,7/20/23,20230720_G3_07353.jpg,0,/mnt/research-projects/j/jlgage/RawUAVData01/uavforslb/final_image/final_sliced/20230720_G3_07353.jpg
1749,C6B,2024,7/29/24,3.5,7/26/24,20240726_C6B_01749.jpg,-3,/mnt/research-projects/j/jlgage/RawUAVData01/uavforslb/final_image/final_sliced/20240726_C6B_01749.jpg
3038,G3,2023,7/26/23,7.0,7/27/23,20230727_G3_03038.jpg,1,/mnt/research-projects/j/jlgage/RawUAVData01/uavforslb/final_image/final_sliced/20230727_G3_03038.jpg
7462,G3,2023,7/20/23,5.5,7/20/23,20230720_G3_07462.jpg,0,/mnt/research-projects/j/jlgage/RawUAVData01/uavforslb/final_image/final_sliced/20230720_G3_07462.jpg
10979,I3B,2023,7/19/23,7.0,7/20/23,20230720_I3B_10979.jpg,1,/mnt/research-projects/j/jlgage/RawUAVData01/uavforslb/final_image/final_sliced/20230720_I3B_10979.jpg
1331,C6B,2024,7/19/24,8.5,7/18/24,20240718_C6B_01331.jpg,-1,/mnt/research-projects/j/jlgage/RawUAVData01/uavforslb/final_image/final_sliced/20240718_C6B_01331.jpg
7410,G3,2023,7/26/23,7.0,7/27/23,20230727_G3_07410.jpg,1,/mnt/research-projects/j/jlgage/RawUAVData01/uavforslb/final_image/final_sliced/20230727_G3_07410.jpg
2562,C6B,2024,7/11/24,5.5,7/10/24,20240710_C6B_02562.jpg,-1,/mnt/research-projects/j/jlgage/RawUAVData01/uavforslb/final_image/final_sliced/20240710_C6B_02562.jpg
3331,C6B,2024,7/15/24,7.5,7/18/24,20240718_C6B_03331.jpg,3,/mnt/research-projects/j/jlgage/RawUAVData01/uavforslb/final_image/final_sliced/20240718_C6B_03331.jpg
418,C6B,2024,7/19/24,7.5,7/18/24,20240718_C6B_00418.jpg,-1,/mnt/research-projects/j/jlgage/RawUAVData01/uavforslb/final_image/final_sliced/20240718_C6B_00418.jpg
1186,C6B,2024,7/19/24,7.0,7/18/24,20240718_C6B_01186.jpg,-1,/mnt/research-projects/j/jlgage/RawUAVData01/uavforslb/final_image/final_sliced/20240718_C6B_01186.jpg
628,C6B,2024,7/29/24,5.0,7/26/24,20240726_C6B_00628.jpg,-3,/mnt/research-projects/j/jlgage/RawUAVData01/uavforslb/final_image/final_sliced/20240726_C6B_00628.jpg
4064,B7A,2024,7/15/24,8.0,7/16/24,20240716_B7A_04064.jpg,1,/mnt/research-projects/j/jlgage/RawUAVData01/uavforslb/final_image/final_sliced/20240716_B7A_04064.jpg
4459,B7A,2024,7/30/24,3.5,7/27/24,20240727_B7A_04459.jpg,-3,/mnt/research-projects/j/jlgage/RawUAVData01/uavforslb/final_image/final_sliced/20240727_B7A_04459.jpg
9899,I3B,2023,7/12/23,5.5,7/13/23,20230713_I3B_09899.jpg,1,/mnt/research-projects/j/jlgage/RawUAVData01/uavforslb/final_image/final_sliced/20230713_I3B_09899.jpg
3344,C6B,2024,7/30/24,1.5,8/2/24,20240802_C6B_03344.jpg,3,/mnt/research-projects/j/jlgage/RawUAVData01/uavforslb/final_image/final_sliced/20240802_C6B_03344.jpg
8127,G3,2023,7/20/23,6.5,7/20/23,20230720_G3_08127.jpg,0,/mnt/research-projects/j/jlgage/RawUAVData01/uavforslb/final_image/final_sliced/20230720_G3_08127.jpg
3674,C6B,2024,7/30/24,4.0,8/2/24,20240802_C6B_03674.jpg,3,/mnt/research-projects/j/jlgage/RawUAVData01/uavforslb/final_image/final_sliced/20240802_C6B_03674.jpg
2845,C6B,2024,7/15/24,4.5,7/18/24,20240718_C6B_02845.jpg,3,/mnt/research-projects/j/jlgage/RawUAVData01/uavforslb/final_image/final_sliced/20240718_C6B_02845.jpg
11218,I3B,2023,7/19/23,5.0,7/20/23,20230720_I3B_11218.jpg,1,/mnt/research-projects/j/jlgage/RawUAVData01/uavforslb/final_image/final_sliced/20230720_I3B_11218.jpg
430,C6B,2024,7/19/24,8.5,7/18/24,20240718_C6B_00430.jpg,-1,/mnt/research-projects/j/jlgage/RawUAVData01/uavforslb/final_image/final_sliced/20240718_C6B_00430.jpg
10988,I3B,2023,7/19/23,6.5,7/20/23,20230720_I3B_10988.jpg,1,/mnt/research-projects/j/jlgage/RawUAVData01/uavforslb/final_image/final_sliced/20230720_I3B_10988.jpg
10006,I3B,2023,7/12/23,5.0,7/13/23,20230713_I3B_10006.jpg,1,/mnt/research-projects/j/jlgage/RawUAVData01/uavforslb/final_image/final_sliced/20230713_I3B_10006.jpg
11361,I3B,2023,7/19/23,7.0,7/20/23,20230720_I3B_11361.jpg,1,/mnt/research-projects/j/jlgage/RawUAVData01/uavforslb/final_image/final_sliced/20230720_I3B_11361.jpg
651,C6B,2024,7/29/24,3.0,7/26/24,20240726_C6B_00651.jpg,-3,/mnt/research-projects/j/jlgage/RawUAVData01/uavforslb/final_image/final_sliced/20240726_C6B_00651.jpg
9839,I3B,2023,7/12/23,5.5,7/13/23,20230713_I3B_09839.jpg,1,/mnt/research-projects/j/jlgage/RawUAVData01/uavforslb/final_image/final_sliced/20230713_I3B_09839.jpg
135,C6B,2024,7/19/24,7.0,7/18/24,20240718_C6B_00135.jpg,-1,/mnt/research-projects/j/jlgage/RawUAVData01/uavforslb/final_image/final_sliced/20240718_C6B_00135.jpg
3036,G3,2023,7/19/23,7.0,7/20/23,20230720_G3_03036.jpg,1,/mnt/research-projects/j/jlgage/RawUAVData01/uavforslb/final_image/final_sliced/20230720_G3_03036.jpg
2038,C6B,2024,7/19/24,7.5,7/18/24,20240718_C6B_02038.jpg,-1,/mnt/research-projects/j/jlgage/RawUAVData01/uavforslb/final_image/final_sliced/20240718_C6B_02038.jpg
3156,G3,2023,7/26/23,6.0,7/27/23,20230727_G3_03156.jpg,1,/mnt/research-projects/j/jlgage/RawUAVData01/uavforslb/final_image/final_sliced/20230727_G3_03156.jpg
9812,I3B,2023,7/12/23,5.5,7/13/23,20230713_I3B_09812.jpg,1,/mnt/research-projects/j/jlgage/RawUAVData01/uavforslb/final_image/final_sliced/20230713_I3B_09812.jpg
774,C6B,2024,7/29/24,5.0,7/26/24,20240726_C6B_00774.jpg,-3,/mnt/research-projects/j/jlgage/RawUAVData01/uavforslb/final_image/final_sliced/20240726_C6B_00774.jpg
11097,I3B,2023,7/12/23,7.0,7/13/23,20230713_I3B_11097.jpg,1,/mnt/research-projects/j/jlgage/RawUAVData01/uavforslb/final_image/final_sliced/20230713_I3B_11097.jpg
9602,I3B,2023,7/12/23,7.0,7/13/23,20230713_I3B_09602.jpg,1,/mnt/research-projects/j/jlgage/RawUAVData01/uavforslb/final_image/final_sliced/20230713_I3B_09602.jpg
10277,I3B,2023,7/25/23,4.0,7/27/23,20230727_I3B_10277.jpg,2,/mnt/research-projects/j/jlgage/RawUAVData01/uavforslb/final_image/final_sliced/20230727_I3B_10277.jpg
7260,G3,2023,7/19/23,5.5,7/20/23,20230720_G3_07260.jpg,1,/mnt/research-projects/j/jlgage/RawUAVData01/uavforslb/final_image/final_sliced/20230720_G3_07260.jpg
4390,B7A,2024,7/15/24,5.5,7/16/24,20240716_B7A_04390.jpg,1,/mnt/research-projects/j/jlgage/RawUAVData01/uavforslb/final_image/final_sliced/20240716_B7A_04390.jpg
891,C6B,2024,7/29/24,5.0,7/26/24,20240726_C6B_00891.jpg,-3,/mnt/research-projects/j/jlgage/RawUAVData01/uavforslb/final_image/final_sliced/20240726_C6B_00891.jpg
11269,I3B,2023,7/19/23,7.5,7/20/23,20230720_I3B_11269.jpg,1,/mnt/research-projects/j/jlgage/RawUAVData01/uavforslb/final_image/final_sliced/20230720_I3B_11269.jpg
5050,C6B,2024,7/18/24,5.5,7/18/24,20240718_C6B_05050.jpg,0,/mnt/research-projects/j/jlgage/RawUAVData01/uavforslb/final_image/final_sliced/20240718_C6B_05050.jpg
1364,C6B,2024,7/19/24,8.5,7/18/24,20240718_C6B_01364.jpg,-1,/mnt/research-projects/j/jlgage/RawUAVData01/uavforslb/final_image/final_sliced/20240718_C6B_01364.jpg
8086,G3,2023,7/26/23,5.0,7/27/23,20230727_G3_08086.jpg,1,/mnt/research-projects/j/jlgage/RawUAVData01/uavforslb/final_image/final_sliced/20230727_G3_08086.jpg
10799,I3B,2023,7/19/23,7.0,7/20/23,20230720_I3B_10799.jpg,1,/mnt/research-projects/j/jlgage/RawUAVData01/uavforslb/final_image/final_sliced/20230720_I3B_10799.jpg
7355,G3,2023,7/20/23,8.0,7/20/23,20230720_G3_07355.jpg,0,/mnt/research-projects/j/jlgage/RawUAVData01/uavforslb/final_image/final_sliced/20230720_G3_07355.jpg
8125,G3,2023,7/20/23,5.0,7/20/23,20230720_G3_08125.jpg,0,/mnt/research-projects/j/jlgage/RawUAVData01/uavforslb/final_image/final_sliced/20230720_G3_08125.jpg
4351,B7A,2024,7/15/24,8.0,7/16/24,20240716_B7A_04351.jpg,1,/mnt/research-projects/j/jlgage/RawUAVData01/uavforslb/final_image/final_sliced/20240716_B7A_04351.jpg
11152,I3B,2023,7/12/23,7.0,7/13/23,20230713_I3B_11152.jpg,1,/mnt/research-projects/j/jlgage/RawUAVData01/uavforslb/final_image/final_sliced/20230713_I3B_11152.jpg
4630,B7A,2024,7/15/24,8.5,7/16/24,20240716_B7A_04630.jpg,1,/mnt/research-projects/j/jlgage/RawUAVData01/uavforslb/final_image/final_sliced/20240716_B7A_04630.jpg
1485,C6B,2024,7/19/24,8.0,7/18/24,20240718_C6B_01485.jpg,-1,/mnt/research-projects/j/jlgage/RawUAVData01/uavforslb/final_image/final_sliced/20240718_C6B_01485.jpg
9803,I3B,2023,7/12/23,6.0,7/13/23,20230713_I3B_09803.jpg,1,/mnt/research-projects/j/jlgage/RawUAVData01/uavforslb/final_image/final_sliced/20230713_I3B_09803.jpg
1786,C6B,2024,7/29/24,3.0,7/26/24,20240726_C6B_01786.jpg,-3,/mnt/research-projects/j/jlgage/RawUAVData01/uavforslb/final_image/final_sliced/20240726_C6B_01786.jpg
10312,I3B,2023,7/25/23,3.0,7/27/23,20230727_I3B_10312.jpg,2,/mnt/research-projects/j/jlgage/RawUAVData01/uavforslb/final_image/final_sliced/20230727_I3B_10312.jpg
3845,B7A,2024,7/30/24,4.0,7/27/24,20240727_B7A_03845.jpg,-3,/mnt/research-projects/j/jlgage/RawUAVData01/uavforslb/final_image/final_sliced/20240727_B7A_03845.jpg
1570,C6B,2024,7/19/24,8.0,7/18/24,20240718_C6B_01570.jpg,-1,/mnt/research-projects/j/jlgage/RawUAVData01/uavforslb/final_image/final_sliced/20240718_C6B_01570.jpg
967,C6B,2024,7/19/24,7.0,7/18/24,20240718_C6B_00967.jpg,-1,/mnt/research-projects/j/jlgage/RawUAVData01/uavforslb/final_image/final_sliced/20240718_C6B_00967.jpg
3066,G3,2023,7/26/23,7.5,7/27/23,20230727_G3_03066.jpg,1,/mnt/research-projects/j/jlgage/RawUAVData01/uavforslb/final_image/final_sliced/20230727_G3_03066.jpg
5548,B7A,2024,7/18/24,5.5,7/16/24,20240716_B7A_05548.jpg,-2,/mnt/research-projects/j/jlgage/RawUAVData01/uavforslb/final_image/final_sliced/20240716_B7A_05548.jpg
7479,G3,2023,7/20/23,8.0,7/20/23,20230720_G3_07479.jpg,0,/mnt/research-projects/j/jlgage/RawUAVData01/uavforslb/final_image/final_sliced/20230720_G3_07479.jpg
1406,C6B,2024,7/19/24,8.5,7/18/24,20240718_C6B_01406.jpg,-1,/mnt/research-projects/j/jlgage/RawUAVData01/uavforslb/final_image/final_sliced/20240718_C6B_01406.jpg
7475,G3,2023,7/20/23,5.5,7/20/23,20230720_G3_07475.jpg,0,/mnt/research-projects/j/jlgage/RawUAVData01/uavforslb/final_image/final_sliced/20230720_G3_07475.jpg
9820,I3B,2023,7/12/23,6.5,7/13/23,20230713_I3B_09820.jpg,1,/mnt/research-projects/j/jlgage/RawUAVData01/uavforslb/final_image/final_sliced/20230713_I3B_09820.jpg
10785,I3B,2023,7/19/23,5.5,7/20/23,20230720_I3B_10785.jpg,1,/mnt/research-projects/j/jlgage/RawUAVData01/uavforslb/final_image/final_sliced/20230720_I3B_10785.jpg
7321,G3,2023,7/20/23,7.0,7/20/23,20230720_G3_07321.jpg,0,/mnt/research-projects/j/jlgage/RawUAVData01/uavforslb/final_image/final_sliced/20230720_G3_07321.jpg
3075,G3,2023,7/19/23,8.5,7/20/23,20230720_G3_03075.jpg,1,/mnt/research-projects/j/jlgage/RawUAVData01/uavforslb/final_image/final_sliced/20230720_G3_03075.jpg
2141,C6B,2024,7/19/24,8.0,7/18/24,20240718_C6B_02141.jpg,-1,/mnt/research-projects/j/jlgage/RawUAVData01/uavforslb/final_image/final_sliced/20240718_C6B_02141.jpg
3190,C6B,2024,7/15/24,6.0,7/18/24,20240718_C6B_03190.jpg,3,/mnt/research-projects/j/jlgage/RawUAVData01/uavforslb/final_image/final_sliced/20240718_C6B_03190.jpg
8027,G3,2023,7/19/23,8.0,7/20/23,20230720_G3_08027.jpg,1,/mnt/research-projects/j/jlgage/RawUAVData01/uavforslb/final_image/final_sliced/20230720_G3_08027.jpg
836,C6B,2024,7/29/24,5.0,7/26/24,20240726_C6B_00836.jpg,-3,/mnt/research-projects/j/jlgage/RawUAVData01/uavforslb/final_image/final_sliced/20240726_C6B_00836.jpg
1582,C6B,2024,7/19/24,8.5,7/18/24,20240718_C6B_01582.jpg,-1,/mnt/research-projects/j/jlgage/RawUAVData01/uavforslb/final_image/final_sliced/20240718_C6B_01582.jpg
3870,B7A,2024,7/15/24,8.0,7/16/24,20240716_B7A_03870.jpg,1,/mnt/research-projects/j/jlgage/RawUAVData01/uavforslb/final_image/final_sliced/20240716_B7A_03870.jpg
4530,B7A,2024,7/30/24,2.5,7/27/24,20240727_B7A_04530.jpg,-3,/mnt/research-projects/j/jlgage/RawUAVData01/uavforslb/final_image/final_sliced/20240727_B7A_04530.jpg
3652,C6B,2024,7/30/24,4.0,8/2/24,20240802_C6B_03652.jpg,3,/mnt/research-projects/j/jlgage/RawUAVData01/uavforslb/final_image/final_sliced/20240802_C6B_03652.jpg
1567,C6B,2024,7/19/24,5.5,7/18/24,20240718_C6B_01567.jpg,-1,/mnt/research-projects/j/jlgage/RawUAVData01/uavforslb/final_image/final_sliced/20240718_C6B_01567.jpg
2939,C6B,2024,7/30/24,1.0,8/2/24,20240802_C6B_02939.jpg,3,/mnt/research-projects/j/jlgage/RawUAVData01/uavforslb/final_image/final_sliced/20240802_C6B_02939.jpg
11077,I3B,2023,7/12/23,7.0,7/13/23,20230713_I3B_11077.jpg,1,/mnt/research-projects/j/jlgage/RawUAVData01/uavforslb/final_image/final_sliced/20230713_I3B_11077.jpg
3608,C6B,2024,7/15/24,8.5,7/18/24,20240718_C6B_03608.jpg,3,/mnt/research-projects/j/jlgage/RawUAVData01/uavforslb/final_image/final_sliced/20240718_C6B_03608.jpg
3493,C6B,2024,7/15/24,6.5,7/18/24,20240718_C6B_03493.jpg,3,/mnt/research-projects/j/jlgage/RawUAVData01/uavforslb/final_image/final_sliced/20240718_C6B_03493.jpg
8042,G3,2023,7/26/23,5.0,7/27/23,20230727_G3_08042.jpg,1,/mnt/research-projects/j/jlgage/RawUAVData01/uavforslb/final_image/final_sliced/20230727_G3_08042.jpg
3814,C6B,2024,7/30/24,2.0,8/2/24,20240802_C6B_03814.jpg,3,/mnt/research-projects/j/jlgage/RawUAVData01/uavforslb/final_image/final_sliced/20240802_C6B_03814.jpg
7506,G3,2023,7/26/23,8.0,7/27/23,20230727_G3_07506.jpg,1,/mnt/research-projects/j/jlgage/RawUAVData01/uavforslb/final_image/final_sliced/20230727_G3_07506.jpg
283,C6B,2024,7/29/24,5.0,7/26/24,20240726_C6B_00283.jpg,-3,/mnt/research-projects/j/jlgage/RawUAVData01/uavforslb/final_image/final_sliced/20240726_C6B_00283.jpg
3004,G3,2023,7/26/23,7.5,7/27/23,20230727_G3_03004.jpg,1,/mnt/research-projects/j/jlgage/RawUAVData01/uavforslb/final_image/final_sliced/20230727_G3_03004.jpg
8107,G3,2023,7/26/23,5.0,7/27/23,20230727_G3_08107.jpg,1,/mnt/research-projects/j/jlgage/RawUAVData01/uavforslb/final_image/final_sliced/20230727_G3_08107.jpg
4362,B7A,2024,7/15/24,7.0,7/16/24,20240716_B7A_04362.jpg,1,/mnt/research-projects/j/jlgage/RawUAVData01/uavforslb/final_image/final_sliced/20240716_B7A_04362.jpg
7538,G3,2023,7/26/23,8.0,7/27/23,20230727_G3_07538.jpg,1,/mnt/research-projects/j/jlgage/RawUAVData01/uavforslb/final_image/final_sliced/20230727_G3_07538.jpg
2140,C6B,2024,7/29/24,1.5,7/26/24,20240726_C6B_02140.jpg,-3,/mnt/research-projects/j/jlgage/RawUAVData01/uavforslb/final_image/final_sliced/20240726_C6B_02140.jpg
9990,I3B,2023,7/12/23,6.5,7/13/23,20230713_I3B_09990.jpg,1,/mnt/research-projects/j/jlgage/RawUAVData01/uavforslb/final_image/final_sliced/20230713_I3B_09990.jpg
2971,C6B,2024,7/30/24,3.0,8/2/24,20240802_C6B_02971.jpg,3,/mnt/research-projects/j/jlgage/RawUAVData01/uavforslb/final_image/final_sliced/20240802_C6B_02971.jpg
7285,G3,2023,7/20/23,5.0,7/20/23,20230720_G3_07285.jpg,0,/mnt/research-projects/j/jlgage/RawUAVData01/uavforslb/final_image/final_sliced/20230720_G3_07285.jpg
11239,I3B,2023,7/19/23,5.0,7/20/23,20230720_I3B_11239.jpg,1,/mnt/research-projects/j/jlgage/RawUAVData01/uavforslb/final_image/final_sliced/20230720_I3B_11239.jpg
3549,C6B,2024,7/30/24,1.0,8/2/24,20240802_C6B_03549.jpg,3,/mnt/research-projects/j/jlgage/RawUAVData01/uavforslb/final_image/final_sliced/20240802_C6B_03549.jpg
4091,B7A,2024,7/30/24,1.5,7/27/24,20240727_B7A_04091.jpg,-3,/mnt/research-projects/j/jlgage/RawUAVData01/uavforslb/final_image/final_sliced/20240727_B7A_04091.jpg
8056,G3,2023,7/26/23,6.0,7/27/23,20230727_G3_08056.jpg,1,/mnt/research-projects/j/jlgage/RawUAVData01/uavforslb/final_image/final_sliced/20230727_G3_08056.jpg
7431,G3,2023,7/20/23,5.0,7/20/23,20230720_G3_07431.jpg,0,/mnt/research-projects/j/jlgage/RawUAVData01/uavforslb/final_image/final_sliced/20230720_G3_07431.jpg
7413,G3,2023,7/26/23,8.0,7/27/23,20230727_G3_07413.jpg,1,/mnt/research-projects/j/jlgage/RawUAVData01/uavforslb/final_image/final_sliced/20230727_G3_07413.jpg
3569,C6B,2024,7/15/24,7.0,7/18/24,20240718_C6B_03569.jpg,3,/mnt/research-projects/j/jlgage/RawUAVData01/uavforslb/final_image/final_sliced/20240718_C6B_03569.jpg
1735,C6B,2024,7/19/24,8.5,7/18/24,20240718_C6B_01735.jpg,-1,/mnt/research-projects/j/jlgage/RawUAVData01/uavforslb/final_image/final_sliced/20240718_C6B_01735.jpg
3935,B7A,2024,7/30/24,5.0,7/27/24,20240727_B7A_03935.jpg,-3,/mnt/research-projects/j/jlgage/RawUAVData01/uavforslb/final_image/final_sliced/20240727_B7A_03935.jpg
5031,C6B,2024,7/18/24,8.0,7/18/24,20240718_C6B_05031.jpg,0,/mnt/research-projects/j/jlgage/RawUAVData01/uavforslb/final_image/final_sliced/20240718_C6B_05031.jpg
2700,C6B,2024,7/15/24,8.0,7/18/24,20240718_C6B_02700.jpg,3,/mnt/research-projects/j/jlgage/RawUAVData01/uavforslb/final_image/final_sliced/20240718_C6B_02700.jpg
1335,C6B,2024,7/29/24,3.0,7/26/24,20240726_C6B_01335.jpg,-3,/mnt/research-projects/j/jlgage/RawUAVData01/uavforslb/final_image/final_sliced/20240726_C6B_01335.jpg
3734,C6B,2024,7/30/24,1.5,8/2/24,20240802_C6B_03734.jpg,3,/mnt/research-projects/j/jlgage/RawUAVData01/uavforslb/final_image/final_sliced/20240802_C6B_03734.jpg
3085,G3,2023,7/26/23,5.0,7/27/23,20230727_G3_03085.jpg,1,/mnt/research-projects/j/jlgage/RawUAVData01/uavforslb/final_image/final_sliced/20230727_G3_03085.jpg
8085,G3,2023,7/20/23,8.0,7/20/23,20230720_G3_08085.jpg,0,/mnt/research-projects/j/jlgage/RawUAVData01/uavforslb/final_image/final_sliced/20230720_G3_08085.jpg
9761,I3B,2023,7/12/23,5.5,7/13/23,20230713_I3B_09761.jpg,1,/mnt/research-projects/j/jlgage/RawUAVData01/uavforslb/final_image/final_sliced/20230713_I3B_09761.jpg
3561,C6B,2024,7/30/24,2.0,8/2/24,20240802_C6B_03561.jpg,3,/mnt/research-projects/j/jlgage/RawUAVData01/uavforslb/final_image/final_sliced/20240802_C6B_03561.jpg
2929,C6B,2024,7/15/24,7.0,7/18/24,20240718_C6B_02929.jpg,3,/mnt/research-projects/j/jlgage/RawUAVData01/uavforslb/final_image/final_sliced/20240718_C6B_02929.jpg
942,C6B,2024,7/29/24,4.0,7/26/24,20240726_C6B_00942.jpg,-3,/mnt/research-projects/j/jlgage/RawUAVData01/uavforslb/final_image/final_sliced/20240726_C6B_00942.jpg
3229,C6B,2024,7/15/24,8.5,7/18/24,20240718_C6B_03229.jpg,3,/mnt/research-projects/j/jlgage/RawUAVData01/uavforslb/final_image/final_sliced/20240718_C6B_03229.jpg
7269,G3,2023,7/26/23,4.0,7/27/23,20230727_G3_07269.jpg,1,/mnt/research-projects/j/jlgage/RawUAVData01/uavforslb/final_image/final_sliced/20230727_G3_07269.jpg
3103,G3,2023,7/19/23,7.5,7/20/23,20230720_G3_03103.jpg,1,/mnt/research-projects/j/jlgage/RawUAVData01/uavforslb/final_image/final_sliced/20230720_G3_03103.jpg
5067,C6B,2024,7/1/24,8.0,7/3/24,20240703_C6B_05067.jpg,2,/mnt/research-projects/j/jlgage/RawUAVData01/uavforslb/final_image/final_sliced/20240703_C6B_05067.jpg
7530,G3,2023,7/26/23,8.0,7/27/23,20230727_G3_07530.jpg,1,/mnt/research-projects/j/jlgage/RawUAVData01/uavforslb/final_image/final_sliced/20230727_G3_07530.jpg
1460,C6B,2024,7/29/24,1.5,7/26/24,20240726_C6B_01460.jpg,-3,/mnt/research-projects/j/jlgage/RawUAVData01/uavforslb/final_image/final_sliced/20240726_C6B_01460.jpg
2710,C6B,2024,7/15/24,8.0,7/18/24,20240718_C6B_02710.jpg,3,/mnt/research-projects/j/jlgage/RawUAVData01/uavforslb/final_image/final_sliced/20240718_C6B_02710.jpg
4575,B7A,2024,7/15/24,5.0,7/16/24,20240716_B7A_04575.jpg,1,/mnt/research-projects/j/jlgage/RawUAVData01/uavforslb/final_image/final_sliced/20240716_B7A_04575.jpg
3091,G3,2023,7/19/23,7.5,7/20/23,20230720_G3_03091.jpg,1,/mnt/research-projects/j/jlgage/RawUAVData01/uavforslb/final_image/final_sliced/20230720_G3_03091.jpg
4215,B7A,2024,7/30/24,6.0,7/27/24,20240727_B7A_04215.jpg,-3,/mnt/research-projects/j/jlgage/RawUAVData01/uavforslb/final_image/final_sliced/20240727_B7A_04215.jpg
11298,I3B,2023,7/19/23,7.0,7/20/23,20230720_I3B_11298.jpg,1,/mnt/research-projects/j/jlgage/RawUAVData01/uavforslb/final_image/final_sliced/20230720_I3B_11298.jpg
3231,C6B,2024,7/30/24,3.5,8/2/24,20240802_C6B_03231.jpg,3,/mnt/research-projects/j/jlgage/RawUAVData01/uavforslb/final_image/final_sliced/20240802_C6B_03231.jpg
3160,G3,2023,7/26/23,8.5,7/27/23,20230727_G3_03160.jpg,1,/mnt/research-projects/j/jlgage/RawUAVData01/uavforslb/final_image/final_sliced/20230727_G3_03160.jpg
10910,I3B,2023,7/19/23,5.5,7/20/23,20230720_I3B_10910.jpg,1,/mnt/research-projects/j/jlgage/RawUAVData01/uavforslb/final_image/final_sliced/20230720_I3B_10910.jpg
3894,B7A,2024,7/15/24,8.5,7/16/24,20240716_B7A_03894.jpg,1,/mnt/research-projects/j/jlgage/RawUAVData01/uavforslb/final_image/final_sliced/20240716_B7A_03894.jpg
510,C6B,2024,7/19/24,7.5,7/18/24,20240718_C6B_00510.jpg,-1,/mnt/research-projects/j/jlgage/RawUAVData01/uavforslb/final_image/final_sliced/20240718_C6B_00510.jpg
1256,C6B,2024,7/29/24,5.5,7/26/24,20240726_C6B_01256.jpg,-3,/mnt/research-projects/j/jlgage/RawUAVData01/uavforslb/final_image/final_sliced/20240726_C6B_01256.jpg
1900,C6B,2024,7/29/24,4.0,7/26/24,20240726_C6B_01900.jpg,-3,/mnt/research-projects/j/jlgage/RawUAVData01/uavforslb/final_image/final_sliced/20240726_C6B_01900.jpg
11231,I3B,2023,7/19/23,7.5,7/20/23,20230720_I3B_11231.jpg,1,/mnt/research-projects/j/jlgage/RawUAVData01/uavforslb/final_image/final_sliced/20230720_I3B_11231.jpg
1991,C6B,2024,7/19/24,5.0,7/18/24,20240718_C6B_01991.jpg,-1,/mnt/research-projects/j/jlgage/RawUAVData01/uavforslb/final_image/final_sliced/20240718_C6B_01991.jpg
11186,I3B,2023,7/12/23,6.5,7/13/23,20230713_I3B_11186.jpg,1,/mnt/research-projects/j/jlgage/RawUAVData01/uavforslb/final_image/final_sliced/20230713_I3B_11186.jpg
3450,C6B,2024,7/30/24,2.0,8/2/24,20240802_C6B_03450.jpg,3,/mnt/research-projects/j/jlgage/RawUAVData01/uavforslb/final_image/final_sliced/20240802_C6B_03450.jpg
2941,C6B,2024,7/15/24,7.5,7/18/24,20240718_C6B_02941.jpg,3,/mnt/research-projects/j/jlgage/RawUAVData01/uavforslb/final_image/final_sliced/20240718_C6B_02941.jpg
7383,G3,2023,7/20/23,8.0,7/20/23,20230720_G3_07383.jpg,0,/mnt/research-projects/j/jlgage/RawUAVData01/uavforslb/final_image/final_sliced/20230720_G3_07383.jpg
4155,B7A,2024,7/30/24,4.0,7/27/24,20240727_B7A_04155.jpg,-3,/mnt/research-projects/j/jlgage/RawUAVData01/uavforslb/final_image/final_sliced/20240727_B7A_04155.jpg
3002,C6B,2024,7/15/24,8.5,7/18/24,20240718_C6B_03002.jpg,3,/mnt/research-projects/j/jlgage/RawUAVData01/uavforslb/final_image/final_sliced/20240718_C6B_03002.jpg
7524,G3,2023,7/26/23,7.5,7/27/23,20230727_G3_07524.jpg,1,/mnt/research-projects/j/jlgage/RawUAVData01/uavforslb/final_image/final_sliced/20230727_G3_07524.jpg
5547,B7A,2024,7/1/24,7.5,7/3/24,20240703_B7A_05547.jpg,2,/mnt/research-projects/j/jlgage/RawUAVData01/uavforslb/final_image/final_sliced/20240703_B7A_05547.jpg
3096,G3,2023,7/19/23,8.5,7/20/23,20230720_G3_03096.jpg,1,/mnt/research-projects/j/jlgage/RawUAVData01/uavforslb/final_image/final_sliced/20230720_G3_03096.jpg
7459,G3,2023,7/20/23,8.0,7/20/23,20230720_G3_07459.jpg,0,/mnt/research-projects/j/jlgage/RawUAVData01/uavforslb/final_image/final_sliced/20230720_G3_07459.jpg
7394,G3,2023,7/26/23,5.0,7/27/23,20230727_G3_07394.jpg,1,/mnt/research-projects/j/jlgage/RawUAVData01/uavforslb/final_image/final_sliced/20230727_G3_07394.jpg
496,C6B,2024,7/29/24,3.0,7/26/24,20240726_C6B_00496.jpg,-3,/mnt/research-projects/j/jlgage/RawUAVData01/uavforslb/final_image/final_sliced/20240726_C6B_00496.jpg
3129,G3,2023,7/19/23,6.0,7/20/23,20230720_G3_03129.jpg,1,/mnt/research-projects/j/jlgage/RawUAVData01/uavforslb/final_image/final_sliced/20230720_G3_03129.jpg
1873,C6B,2024,7/29/24,1.5,7/26/24,20240726_C6B_01873.jpg,-3,/mnt/research-projects/j/jlgage/RawUAVData01/uavforslb/final_image/final_sliced/20240726_C6B_01873.jpg
2516,C6B,2024,7/1/24,8.5,7/3/24,20240703_C6B_02516.jpg,2,/mnt/research-projects/j/jlgage/RawUAVData01/uavforslb/final_image/final_sliced/20240703_C6B_02516.jpg
9604,I3B,2023,7/12/23,7.0,7/13/23,20230713_I3B_09604.jpg,1,/mnt/research-projects/j/jlgage/RawUAVData01/uavforslb/final_image/final_sliced/20230713_I3B_09604.jpg
1120,C6B,2024,7/19/24,6.0,7/18/24,20240718_C6B_01120.jpg,-1,/mnt/research-projects/j/jlgage/RawUAVData01/uavforslb/final_image/final_sliced/20240718_C6B_01120.jpg
356,C6B,2024,7/29/24,5.0,7/26/24,20240726_C6B_00356.jpg,-3,/mnt/research-projects/j/jlgage/RawUAVData01/uavforslb/final_image/final_sliced/20240726_C6B_00356.jpg
7367,G3,2023,7/26/23,7.0,7/27/23,20230727_G3_07367.jpg,1,/mnt/research-projects/j/jlgage/RawUAVData01/uavforslb/final_image/final_sliced/20230727_G3_07367.jpg
7430,G3,2023,7/20/23,8.0,7/20/23,20230720_G3_07430.jpg,0,/mnt/research-projects/j/jlgage/RawUAVData01/uavforslb/final_image/final_sliced/20230720_G3_07430.jpg
181,C6B,2024,7/29/24,7.5,7/26/24,20240726_C6B_00181.jpg,-3,/mnt/research-projects/j/jlgage/RawUAVData01/uavforslb/final_image/final_sliced/20240726_C6B_00181.jpg
1770,C6B,2024,7/29/24,2.5,7/26/24,20240726_C6B_01770.jpg,-3,/mnt/research-projects/j/jlgage/RawUAVData01/uavforslb/final_image/final_sliced/20240726_C6B_01770.jpg
3700,C6B,2024,7/15/24,8.0,7/18/24,20240718_C6B_03700.jpg,3,/mnt/research-projects/j/jlgage/RawUAVData01/uavforslb/final_image/final_sliced/20240718_C6B_03700.jpg
3975,B7A,2024,7/15/24,8.5,7/16/24,20240716_B7A_03975.jpg,1,/mnt/research-projects/j/jlgage/RawUAVData01/uavforslb/final_image/final_sliced/20240716_B7A_03975.jpg
11007,I3B,2023,7/19/23,7.0,7/20/23,20230720_I3B_11007.jpg,1,/mnt/research-projects/j/jlgage/RawUAVData01/uavforslb/final_image/final_sliced/20230720_I3B_11007.jpg
1359,C6B,2024,7/19/24,8.0,7/18/24,20240718_C6B_01359.jpg,-1,/mnt/research-projects/j/jlgage/RawUAVData01/uavforslb/final_image/final_sliced/20240718_C6B_01359.jpg
7421,G3,2023,7/20/23,6.5,7/20/23,20230720_G3_07421.jpg,0,/mnt/research-projects/j/jlgage/RawUAVData01/uavforslb/final_image/final_sliced/20230720_G3_07421.jpg
9738,I3B,2023,7/12/23,4.5,7/13/23,20230713_I3B_09738.jpg,1,/mnt/research-projects/j/jlgage/RawUAVData01/uavforslb/final_image/final_sliced/20230713_I3B_09738.jpg
3073,C6B,2024,7/30/24,5.0,8/2/24,20240802_C6B_03073.jpg,3,/mnt/research-projects/j/jlgage/RawUAVData01/uavforslb/final_image/final_sliced/20240802_C6B_03073.jpg
5559,B7A,2024,7/11/24,8.5,7/10/24,20240710_B7A_05559.jpg,-1,/mnt/research-projects/j/jlgage/RawUAVData01/uavforslb/final_image/final_sliced/20240710_B7A_05559.jpg
7471,G3,2023,7/26/23,6.0,7/27/23,20230727_G3_07471.jpg,1,/mnt/research-projects/j/jlgage/RawUAVData01/uavforslb/final_image/final_sliced/20230727_G3_07471.jpg
350,C6B,2024,7/19/24,7.0,7/18/24,20240718_C6B_00350.jpg,-1,/mnt/research-projects/j/jlgage/RawUAVData01/uavforslb/final_image/final_sliced/20240718_C6B_00350.jpg
10306,I3B,2023,7/25/23,4.0,7/27/23,20230727_I3B_10306.jpg,2,/mnt/research-projects/j/jlgage/RawUAVData01/uavforslb/final_image/final_sliced/20230727_I3B_10306.jpg
9619,I3B,2023,7/12/23,6.0,7/13/23,20230713_I3B_09619.jpg,1,/mnt/research-projects/j/jlgage/RawUAVData01/uavforslb/final_image/final_sliced/20230713_I3B_09619.jpg
7275,G3,2023,7/20/23,7.0,7/20/23,20230720_G3_07275.jpg,0,/mnt/research-projects/j/jlgage/RawUAVData01/uavforslb/final_image/final_sliced/20230720_G3_07275.jpg
3025,C6B,2024,7/30/24,3.0,8/2/24,20240802_C6B_03025.jpg,3,/mnt/research-projects/j/jlgage/RawUAVData01/uavforslb/final_image/final_sliced/20240802_C6B_03025.jpg
3067,G3,2023,7/26/23,8.0,7/27/23,20230727_G3_03067.jpg,1,/mnt/research-projects/j/jlgage/RawUAVData01/uavforslb/final_image/final_sliced/20230727_G3_03067.jpg
9723,I3B,2023,7/12/23,5.0,7/13/23,20230713_I3B_09723.jpg,1,/mnt/research-projects/j/jlgage/RawUAVData01/uavforslb/final_image/final_sliced/20230713_I3B_09723.jpg
9885,I3B,2023,7/12/23,5.0,7/13/23,20230713_I3B_09885.jpg,1,/mnt/research-projects/j/jlgage/RawUAVData01/uavforslb/final_image/final_sliced/20230713_I3B_09885.jpg
218,C6B,2024,7/29/24,5.5,7/26/24,20240726_C6B_00218.jpg,-3,/mnt/research-projects/j/jlgage/RawUAVData01/uavforslb/final_image/final_sliced/20240726_C6B_00218.jpg
9798,I3B,2023,7/12/23,5.5,7/13/23,20230713_I3B_09798.jpg,1,/mnt/research-projects/j/jlgage/RawUAVData01/uavforslb/final_image/final_sliced/20230713_I3B_09798.jpg
1304,C6B,2024,7/19/24,6.0,7/18/24,20240718_C6B_01304.jpg,-1,/mnt/research-projects/j/jlgage/RawUAVData01/uavforslb/final_image/final_sliced/20240718_C6B_01304.jpg
8061,G3,2023,7/26/23,3.0,7/27/23,20230727_G3_08061.jpg,1,/mnt/research-projects/j/jlgage/RawUAVData01/uavforslb/final_image/final_sliced/20230727_G3_08061.jpg
8116,G3,2023,7/20/23,7.5,7/20/23,20230720_G3_08116.jpg,0,/mnt/research-projects/j/jlgage/RawUAVData01/uavforslb/final_image/final_sliced/20230720_G3_08116.jpg
7358,G3,2023,7/20/23,5.0,7/20/23,20230720_G3_07358.jpg,0,/mnt/research-projects/j/jlgage/RawUAVData01/uavforslb/final_image/final_sliced/20230720_G3_07358.jpg
5008,C6B,2024,7/18/24,7.5,7/18/24,20240718_C6B_05008.jpg,0,/mnt/research-projects/j/jlgage/RawUAVData01/uavforslb/final_image/final_sliced/20240718_C6B_05008.jpg
3077,C6B,2024,7/15/24,8.0,7/18/24,20240718_C6B_03077.jpg,3,/mnt/research-projects/j/jlgage/RawUAVData01/uavforslb/final_image/final_sliced/20240718_C6B_03077.jpg
8060,G3,2023,7/26/23,4.0,7/27/23,20230727_G3_08060.jpg,1,/mnt/research-projects/j/jlgage/RawUAVData01/uavforslb/final_image/final_sliced/20230727_G3_08060.jpg
3132,G3,2023,7/19/23,7.0,7/20/23,20230720_G3_03132.jpg,1,/mnt/research-projects/j/jlgage/RawUAVData01/uavforslb/final_image/final_sliced/20230720_G3_03132.jpg
3054,C6B,2024,7/15/24,7.0,7/18/24,20240718_C6B_03054.jpg,3,/mnt/research-projects/j/jlgage/RawUAVData01/uavforslb/final_image/final_sliced/20240718_C6B_03054.jpg
3514,C6B,2024,7/15/24,8.0,7/18/24,20240718_C6B_03514.jpg,3,/mnt/research-projects/j/jlgage/RawUAVData01/uavforslb/final_image/final_sliced/20240718_C6B_03514.jpg
1970,C6B,2024,7/29/24,3.0,7/26/24,20240726_C6B_01970.jpg,-3,/mnt/research-projects/j/jlgage/RawUAVData01/uavforslb/final_image/final_sliced/20240726_C6B_01970.jpg
3788,C6B,2024,7/30/24,1.5,8/2/24,20240802_C6B_03788.jpg,3,/mnt/research-projects/j/jlgage/RawUAVData01/uavforslb/final_image/final_sliced/20240802_C6B_03788.jpg
4133,B7A,2024,7/30/24,1.5,7/27/24,20240727_B7A_04133.jpg,-3,/mnt/research-projects/j/jlgage/RawUAVData01/uavforslb/final_image/final_sliced/20240727_B7A_04133.jpg
11247,I3B,2023,7/19/23,7.5,7/20/23,20230720_I3B_11247.jpg,1,/mnt/research-projects/j/jlgage/RawUAVData01/uavforslb/final_image/final_sliced/20230720_I3B_11247.jpg
11217,I3B,2023,7/19/23,5.0,7/20/23,20230720_I3B_11217.jpg,1,/mnt/research-projects/j/jlgage/RawUAVData01/uavforslb/final_image/final_sliced/20230720_I3B_11217.jpg
8151,G3,2023,7/20/23,6.0,7/20/23,20230720_G3_08151.jpg,0,/mnt/research-projects/j/jlgage/RawUAVData01/uavforslb/final_image/final_sliced/20230720_G3_08151.jpg
8039,G3,2023,7/19/23,5.5,7/20/23,20230720_G3_08039.jpg,1,/mnt/research-projects/j/jlgage/RawUAVData01/uavforslb/final_image/final_sliced/20230720_G3_08039.jpg
9707,I3B,2023,7/12/23,5.0,7/13/23,20230713_I3B_09707.jpg,1,/mnt/research-projects/j/jlgage/RawUAVData01/uavforslb/final_image/final_sliced/20230713_I3B_09707.jpg
4115,B7A,2024,7/15/24,7.5,7/16/24,20240716_B7A_04115.jpg,1,/mnt/research-projects/j/jlgage/RawUAVData01/uavforslb/final_image/final_sliced/20240716_B7A_04115.jpg
746,C6B,2024,7/19/24,8.0,7/18/24,20240718_C6B_00746.jpg,-1,/mnt/research-projects/j/jlgage/RawUAVData01/uavforslb/final_image/final_sliced/20240718_C6B_00746.jpg
9888,I3B,2023,7/12/23,5.5,7/13/23,20230713_I3B_09888.jpg,1,/mnt/research-projects/j/jlgage/RawUAVData01/uavforslb/final_image/final_sliced/20230713_I3B_09888.jpg
11015,I3B,2023,7/19/23,5.0,7/20/23,20230720_I3B_11015.jpg,1,/mnt/research-projects/j/jlgage/RawUAVData01/uavforslb/final_image/final_sliced/20230720_I3B_11015.jpg
1144,C6B,2024,7/19/24,8.0,7/18/24,20240718_C6B_01144.jpg,-1,/mnt/research-projects/j/jlgage/RawUAVData01/uavforslb/final_image/final_sliced/20240718_C6B_01144.jpg
9749,I3B,2023,7/12/23,6.0,7/13/23,20230713_I3B_09749.jpg,1,/mnt/research-projects/j/jlgage/RawUAVData01/uavforslb/final_image/final_sliced/20230713_I3B_09749.jpg
3124,G3,2023,7/19/23,8.0,7/20/23,20230720_G3_03124.jpg,1,/mnt/research-projects/j/jlgage/RawUAVData01/uavforslb/final_image/final_sliced/20230720_G3_03124.jpg
2788,C6B,2024,7/30/24,1.5,8/2/24,20240802_C6B_02788.jpg,3,/mnt/research-projects/j/jlgage/RawUAVData01/uavforslb/final_image/final_sliced/20240802_C6B_02788.jpg
5521,B7A,2024,7/27/24,3.5,7/27/24,20240727_B7A_05521.jpg,0,/mnt/research-projects/j/jlgage/RawUAVData01/uavforslb/final_image/final_sliced/20240727_B7A_05521.jpg
4244,B7A,2024,7/30/24,2.5,7/27/24,20240727_B7A_04244.jpg,-3,/mnt/research-projects/j/jlgage/RawUAVData01/uavforslb/final_image/final_sliced/20240727_B7A_04244.jpg
1109,C6B,2024,7/29/24,5.5,7/26/24,20240726_C6B_01109.jpg,-3,/mnt/research-projects/j/jlgage/RawUAVData01/uavforslb/final_image/final_sliced/20240726_C6B_01109.jpg
9903,I3B,2023,7/12/23,4.0,7/13/23,20230713_I3B_09903.jpg,1,/mnt/research-projects/j/jlgage/RawUAVData01/uavforslb/final_image/final_sliced/20230713_I3B_09903.jpg
3853,B7A,2024,7/15/24,8.5,7/16/24,20240716_B7A_03853.jpg,1,/mnt/research-projects/j/jlgage/RawUAVData01/uavforslb/final_image/final_sliced/20240716_B7A_03853.jpg
3383,C6B,2024,7/15/24,8.5,7/18/24,20240718_C6B_03383.jpg,3,/mnt/research-projects/j/jlgage/RawUAVData01/uavforslb/final_image/final_sliced/20240718_C6B_03383.jpg
4387,B7A,2024,7/15/24,8.5,7/16/24,20240716_B7A_04387.jpg,1,/mnt/research-projects/j/jlgage/RawUAVData01/uavforslb/final_image/final_sliced/20240716_B7A_04387.jpg
4505,B7A,2024,7/15/24,8.0,7/16/24,20240716_B7A_04505.jpg,1,/mnt/research-projects/j/jlgage/RawUAVData01/uavforslb/final_image/final_sliced/20240716_B7A_04505.jpg
11187,I3B,2023,7/12/23,7.0,7/13/23,20230713_I3B_11187.jpg,1,/mnt/research-projects/j/jlgage/RawUAVData01/uavforslb/final_image/final_sliced/20230713_I3B_11187.jpg
4260,B7A,2024,7/15/24,8.5,7/16/24,20240716_B7A_04260.jpg,1,/mnt/research-projects/j/jlgage/RawUAVData01/uavforslb/final_image/final_sliced/20240716_B7A_04260.jpg
1750,C6B,2024,7/29/24,4.0,7/26/24,20240726_C6B_01750.jpg,-3,/mnt/research-projects/j/jlgage/RawUAVData01/uavforslb/final_image/final_sliced/20240726_C6B_01750.jpg
2135,C6B,2024,7/29/24,1.5,7/26/24,20240726_C6B_02135.jpg,-3,/mnt/research-projects/j/jlgage/RawUAVData01/uavforslb/final_image/final_sliced/20240726_C6B_02135.jpg
977,C6B,2024,7/29/24,6.0,7/26/24,20240726_C6B_00977.jpg,-3,/mnt/research-projects/j/jlgage/RawUAVData01/uavforslb/final_image/final_sliced/20240726_C6B_00977.jpg
1887,C6B,2024,7/19/24,4.0,7/18/24,20240718_C6B_01887.jpg,-1,/mnt/research-projects/j/jlgage/RawUAVData01/uavforslb/final_image/final_sliced/20240718_C6B_01887.jpg
3064,C6B,2024,7/15/24,8.5,7/18/24,20240718_C6B_03064.jpg,3,/mnt/research-projects/j/jlgage/RawUAVData01/uavforslb/final_image/final_sliced/20240718_C6B_03064.jpg
7533,G3,2023,7/26/23,5.0,7/27/23,20230727_G3_07533.jpg,1,/mnt/research-projects/j/jlgage/RawUAVData01/uavforslb/final_image/final_sliced/20230727_G3_07533.jpg
9849,I3B,2023,7/12/23,5.0,7/13/23,20230713_I3B_09849.jpg,1,/mnt/research-projects/j/jlgage/RawUAVData01/uavforslb/final_image/final_sliced/20230713_I3B_09849.jpg
3654,C6B,2024,7/15/24,7.5,7/18/24,20240718_C6B_03654.jpg,3,/mnt/research-projects/j/jlgage/RawUAVData01/uavforslb/final_image/final_sliced/20240718_C6B_03654.jpg
3661,C6B,2024,7/15/24,8.0,7/18/24,20240718_C6B_03661.jpg,3,/mnt/research-projects/j/jlgage/RawUAVData01/uavforslb/final_image/final_sliced/20240718_C6B_03661.jpg
4014,B7A,2024,7/30/24,3.0,7/27/24,20240727_B7A_04014.jpg,-3,/mnt/research-projects/j/jlgage/RawUAVData01/uavforslb/final_image/final_sliced/20240727_B7A_04014.jpg
8041,G3,2023,7/19/23,8.0,7/20/23,20230720_G3_08041.jpg,1,/mnt/research-projects/j/jlgage/RawUAVData01/uavforslb/final_image/final_sliced/20230720_G3_08041.jpg
1152,C6B,2024,7/29/24,3.0,7/26/24,20240726_C6B_01152.jpg,-3,/mnt/research-projects/j/jlgage/RawUAVData01/uavforslb/final_image/final_sliced/20240726_C6B_01152.jpg
2160,C6B,2024,7/19/24,5.0,7/18/24,20240718_C6B_02160.jpg,-1,/mnt/research-projects/j/jlgage/RawUAVData01/uavforslb/final_image/final_sliced/20240718_C6B_02160.jpg
7362,G3,2023,7/26/23,5.0,7/27/23,20230727_G3_07362.jpg,1,/mnt/research-projects/j/jlgage/RawUAVData01/uavforslb/final_image/final_sliced/20230727_G3_07362.jpg
702,C6B,2024,7/19/24,8.0,7/18/24,20240718_C6B_00702.jpg,-1,/mnt/research-projects/j/jlgage/RawUAVData01/uavforslb/final_image/final_sliced/20240718_C6B_00702.jpg
7224,G3,2023,7/26/23,3.0,7/27/23,20230727_G3_07224.jpg,1,/mnt/research-projects/j/jlgage/RawUAVData01/uavforslb/final_image/final_sliced/20230727_G3_07224.jpg
1259,C6B,2024,7/29/24,4.0,7/26/24,20240726_C6B_01259.jpg,-3,/mnt/research-projects/j/jlgage/RawUAVData01/uavforslb/final_image/final_sliced/20240726_C6B_01259.jpg
449,C6B,2024,7/29/24,6.0,7/26/24,20240726_C6B_00449.jpg,-3,/mnt/research-projects/j/jlgage/RawUAVData01/uavforslb/final_image/final_sliced/20240726_C6B_00449.jpg
1075,C6B,2024,7/29/24,4.0,7/26/24,20240726_C6B_01075.jpg,-3,/mnt/research-projects/j/jlgage/RawUAVData01/uavforslb/final_image/final_sliced/20240726_C6B_01075.jpg
1299,C6B,2024,7/29/24,6.0,7/26/24,20240726_C6B_01299.jpg,-3,/mnt/research-projects/j/jlgage/RawUAVData01/uavforslb/final_image/final_sliced/20240726_C6B_01299.jpg
10978,I3B,2023,7/19/23,6.0,7/20/23,20230720_I3B_10978.jpg,1,/mnt/research-projects/j/jlgage/RawUAVData01/uavforslb/final_image/final_sliced/20230720_I3B_10978.jpg
7277,G3,2023,7/20/23,6.5,7/20/23,20230720_G3_07277.jpg,0,/mnt/research-projects/j/jlgage/RawUAVData01/uavforslb/final_image/final_sliced/20230720_G3_07277.jpg
2549,C6B,2024,7/27/24,4.0,7/26/24,20240726_C6B_02549.jpg,-1,/mnt/research-projects/j/jlgage/RawUAVData01/uavforslb/final_image/final_sliced/20240726_C6B_02549.jpg
149,C6B,2024,7/19/24,8.5,7/18/24,20240718_C6B_00149.jpg,-1,/mnt/research-projects/j/jlgage/RawUAVData01/uavforslb/final_image/final_sliced/20240718_C6B_00149.jpg
9824,I3B,2023,7/12/23,5.5,7/13/23,20230713_I3B_09824.jpg,1,/mnt/research-projects/j/jlgage/RawUAVData01/uavforslb/final_image/final_sliced/20230713_I3B_09824.jpg
9864,I3B,2023,7/12/23,5.0,7/13/23,20230713_I3B_09864.jpg,1,/mnt/research-projects/j/jlgage/RawUAVData01/uavforslb/final_image/final_sliced/20230713_I3B_09864.jpg
7221,G3,2023,7/26/23,5.0,7/27/23,20230727_G3_07221.jpg,1,/mnt/research-projects/j/jlgage/RawUAVData01/uavforslb/final_image/final_sliced/20230727_G3_07221.jpg
3299,C6B,2024,7/15/24,8.0,7/18/24,20240718_C6B_03299.jpg,3,/mnt/research-projects/j/jlgage/RawUAVData01/uavforslb/final_image/final_sliced/20240718_C6B_03299.jpg
2061,C6B,2024,7/29/24,3.0,7/26/24,20240726_C6B_02061.jpg,-3,/mnt/research-projects/j/jlgage/RawUAVData01/uavforslb/final_image/final_sliced/20240726_C6B_02061.jpg
11177,I3B,2023,7/12/23,6.5,7/13/23,20230713_I3B_11177.jpg,1,/mnt/research-projects/j/jlgage/RawUAVData01/uavforslb/final_image/final_sliced/20230713_I3B_11177.jpg
7486,G3,2023,7/26/23,5.5,7/27/23,20230727_G3_07486.jpg,1,/mnt/research-projects/j/jlgage/RawUAVData01/uavforslb/final_image/final_sliced/20230727_G3_07486.jpg
328,C6B,2024,7/19/24,7.0,7/18/24,20240718_C6B_00328.jpg,-1,/mnt/research-projects/j/jlgage/RawUAVData01/uavforslb/final_image/final_sliced/20240718_C6B_00328.jpg
3188,G3,2023,7/19/23,7.5,7/20/23,20230720_G3_03188.jpg,1,/mnt/research-projects/j/jlgage/RawUAVData01/uavforslb/final_image/final_sliced/20230720_G3_03188.jpg
9754,I3B,2023,7/12/23,5.0,7/13/23,20230713_I3B_09754.jpg,1,/mnt/research-projects/j/jlgage/RawUAVData01/uavforslb/final_image/final_sliced/20230713_I3B_09754.jpg
9716,I3B,2023,7/12/23,5.0,7/13/23,20230713_I3B_09716.jpg,1,/mnt/research-projects/j/jlgage/RawUAVData01/uavforslb/final_image/final_sliced/20230713_I3B_09716.jpg
454,C6B,2024,7/19/24,8.5,7/18/24,20240718_C6B_00454.jpg,-1,/mnt/research-projects/j/jlgage/RawUAVData01/uavforslb/final_image/final_sliced/20240718_C6B_00454.jpg
2520,C6B,2024,7/18/24,6.0,7/18/24,20240718_C6B_02520.jpg,0,/mnt/research-projects/j/jlgage/RawUAVData01/uavforslb/final_image/final_sliced/20240718_C6B_02520.jpg
1357,C6B,2024,7/29/24,3.0,7/26/24,20240726_C6B_01357.jpg,-3,/mnt/research-projects/j/jlgage/RawUAVData01/uavforslb/final_image/final_sliced/20240726_C6B_01357.jpg
2814,C6B,2024,7/15/24,8.5,7/18/24,20240718_C6B_02814.jpg,3,/mnt/research-projects/j/jlgage/RawUAVData01/uavforslb/final_image/final_sliced/20240718_C6B_02814.jpg
4367,B7A,2024,7/30/24,2.5,7/27/24,20240727_B7A_04367.jpg,-3,/mnt/research-projects/j/jlgage/RawUAVData01/uavforslb/final_image/final_sliced/20240727_B7A_04367.jpg
770,C6B,2024,7/29/24,5.0,7/26/24,20240726_C6B_00770.jpg,-3,/mnt/research-projects/j/jlgage/RawUAVData01/uavforslb/final_image/final_sliced/20240726_C6B_00770.jpg
4448,B7A,2024,7/15/24,8.5,7/16/24,20240716_B7A_04448.jpg,1,/mnt/research-projects/j/jlgage/RawUAVData01/uavforslb/final_image/final_sliced/20240716_B7A_04448.jpg
1778,C6B,2024,7/29/24,3.5,7/26/24,20240726_C6B_01778.jpg,-3,/mnt/research-projects/j/jlgage/RawUAVData01/uavforslb/final_image/final_sliced/20240726_C6B_01778.jpg
7384,G3,2023,7/20/23,7.5,7/20/23,20230720_G3_07384.jpg,0,/mnt/research-projects/j/jlgage/RawUAVData01/uavforslb/final_image/final_sliced/20230720_G3_07384.jpg
9835,I3B,2023,7/12/23,5.5,7/13/23,20230713_I3B_09835.jpg,1,/mnt/research-projects/j/jlgage/RawUAVData01/uavforslb/final_image/final_sliced/20230713_I3B_09835.jpg
4240,B7A,2024,7/30/24,1.0,7/27/24,20240727_B7A_04240.jpg,-3,/mnt/research-projects/j/jlgage/RawUAVData01/uavforslb/final_image/final_sliced/20240727_B7A_04240.jpg
7417,G3,2023,7/26/23,4.5,7/27/23,20230727_G3_07417.jpg,1,/mnt/research-projects/j/jlgage/RawUAVData01/uavforslb/final_image/final_sliced/20230727_G3_07417.jpg
3101,G3,2023,7/26/23,8.0,7/27/23,20230727_G3_03101.jpg,1,/mnt/research-projects/j/jlgage/RawUAVData01/uavforslb/final_image/final_sliced/20230727_G3_03101.jpg
908,C6B,2024,7/29/24,4.0,7/26/24,20240726_C6B_00908.jpg,-3,/mnt/research-projects/j/jlgage/RawUAVData01/uavforslb/final_image/final_sliced/20240726_C6B_00908.jpg
10319,I3B,2023,7/25/23,3.0,7/27/23,20230727_I3B_10319.jpg,2,/mnt/research-projects/j/jlgage/RawUAVData01/uavforslb/final_image/final_sliced/20230727_I3B_10319.jpg
1474,C6B,2024,7/19/24,8.0,7/18/24,20240718_C6B_01474.jpg,-1,/mnt/research-projects/j/jlgage/RawUAVData01/uavforslb/final_image/final_sliced/20240718_C6B_01474.jpg
1937,C6B,2024,7/19/24,6.0,7/18/24,20240718_C6B_01937.jpg,-1,/mnt/research-projects/j/jlgage/RawUAVData01/uavforslb/final_image/final_sliced/20240718_C6B_01937.jpg
5064,C6B,2024,7/1/24,8.0,7/3/24,20240703_C6B_05064.jpg,2,/mnt/research-projects/j/jlgage/RawUAVData01/uavforslb/final_image/final_sliced/20240703_C6B_05064.jpg
4450,B7A,2024,7/15/24,8.0,7/16/24,20240716_B7A_04450.jpg,1,/mnt/research-projects/j/jlgage/RawUAVData01/uavforslb/final_image/final_sliced/20240716_B7A_04450.jpg
9821,I3B,2023,7/12/23,5.0,7/13/23,20230713_I3B_09821.jpg,1,/mnt/research-projects/j/jlgage/RawUAVData01/uavforslb/final_image/final_sliced/20230713_I3B_09821.jpg
11065,I3B,2023,7/12/23,7.5,7/13/23,20230713_I3B_11065.jpg,1,/mnt/research-projects/j/jlgage/RawUAVData01/uavforslb/final_image/final_sliced/20230713_I3B_11065.jpg
9615,I3B,2023,7/12/23,6.0,7/13/23,20230713_I3B_09615.jpg,1,/mnt/research-projects/j/jlgage/RawUAVData01/uavforslb/final_image/final_sliced/20230713_I3B_09615.jpg
1864,C6B,2024,7/29/24,1.5,7/26/24,20240726_C6B_01864.jpg,-3,/mnt/research-projects/j/jlgage/RawUAVData01/uavforslb/final_image/final_sliced/20240726_C6B_01864.jpg
9646,I3B,2023,7/12/23,5.0,7/13/23,20230713_I3B_09646.jpg,1,/mnt/research-projects/j/jlgage/RawUAVData01/uavforslb/final_image/final_sliced/20230713_I3B_09646.jpg
5554,B7A,2024,7/11/24,7.5,7/10/24,20240710_B7A_05554.jpg,-1,/mnt/research-projects/j/jlgage/RawUAVData01/uavforslb/final_image/final_sliced/20240710_B7A_05554.jpg
1192,C6B,2024,7/29/24,4.0,7/26/24,20240726_C6B_01192.jpg,-3,/mnt/research-projects/j/jlgage/RawUAVData01/uavforslb/final_image/final_sliced/20240726_C6B_01192.jpg
5003,C6B,2024,7/11/24,8.0,7/10/24,20240710_C6B_05003.jpg,-1,/mnt/research-projects/j/jlgage/RawUAVData01/uavforslb/final_image/final_sliced/20240710_C6B_05003.jpg
7287,G3,2023,7/20/23,7.0,7/20/23,20230720_G3_07287.jpg,0,/mnt/research-projects/j/jlgage/RawUAVData01/uavforslb/final_image/final_sliced/20230720_G3_07287.jpg
7334,G3,2023,7/20/23,6.5,7/20/23,20230720_G3_07334.jpg,0,/mnt/research-projects/j/jlgage/RawUAVData01/uavforslb/final_image/final_sliced/20230720_G3_07334.jpg
7311,G3,2023,7/26/23,5.5,7/27/23,20230727_G3_07311.jpg,1,/mnt/research-projects/j/jlgage/RawUAVData01/uavforslb/final_image/final_sliced/20230727_G3_07311.jpg
3006,G3,2023,7/19/23,8.0,7/20/23,20230720_G3_03006.jpg,1,/mnt/research-projects/j/jlgage/RawUAVData01/uavforslb/final_image/final_sliced/20230720_G3_03006.jpg
414,C6B,2024,7/19/24,8.0,7/18/24,20240718_C6B_00414.jpg,-1,/mnt/research-projects/j/jlgage/RawUAVData01/uavforslb/final_image/final_sliced/20240718_C6B_00414.jpg
4087,B7A,2024,7/30/24,2.0,7/27/24,20240727_B7A_04087.jpg,-3,/mnt/research-projects/j/jlgage/RawUAVData01/uavforslb/final_image/final_sliced/20240727_B7A_04087.jpg
3865,B7A,2024,7/15/24,8.5,7/16/24,20240716_B7A_03865.jpg,1,/mnt/research-projects/j/jlgage/RawUAVData01/uavforslb/final_image/final_sliced/20240716_B7A_03865.jpg
4307,B7A,2024,7/15/24,8.5,7/16/24,20240716_B7A_04307.jpg,1,/mnt/research-projects/j/jlgage/RawUAVData01/uavforslb/final_image/final_sliced/20240716_B7A_04307.jpg
3113,G3,2023,7/26/23,4.0,7/27/23,20230727_G3_03113.jpg,1,/mnt/research-projects/j/jlgage/RawUAVData01/uavforslb/final_image/final_sliced/20230727_G3_03113.jpg
4532,B7A,2024,7/15/24,7.0,7/16/24,20240716_B7A_04532.jpg,1,/mnt/research-projects/j/jlgage/RawUAVData01/uavforslb/final_image/final_sliced/20240716_B7A_04532.jpg
9742,I3B,2023,7/12/23,5.0,7/13/23,20230713_I3B_09742.jpg,1,/mnt/research-projects/j/jlgage/RawUAVData01/uavforslb/final_image/final_sliced/20230713_I3B_09742.jpg
3147,C6B,2024,7/30/24,1.0,8/2/24,20240802_C6B_03147.jpg,3,/mnt/research-projects/j/jlgage/RawUAVData01/uavforslb/final_image/final_sliced/20240802_C6B_03147.jpg
1783,C6B,2024,7/19/24,8.5,7/18/24,20240718_C6B_01783.jpg,-1,/mnt/research-projects/j/jlgage/RawUAVData01/uavforslb/final_image/final_sliced/20240718_C6B_01783.jpg
9586,I3B,2023,7/12/23,7.0,7/13/23,20230713_I3B_09586.jpg,1,/mnt/research-projects/j/jlgage/RawUAVData01/uavforslb/final_image/final_sliced/20230713_I3B_09586.jpg
10358,I3B,2023,7/25/23,6.0,7/27/23,20230727_I3B_10358.jpg,2,/mnt/research-projects/j/jlgage/RawUAVData01/uavforslb/final_image/final_sliced/20230727_I3B_10358.jpg
975,C6B,2024,7/19/24,8.0,7/18/24,20240718_C6B_00975.jpg,-1,/mnt/research-projects/j/jlgage/RawUAVData01/uavforslb/final_image/final_sliced/20240718_C6B_00975.jpg
7323,G3,2023,7/26/23,6.0,7/27/23,20230727_G3_07323.jpg,1,/mnt/research-projects/j/jlgage/RawUAVData01/uavforslb/final_image/final_sliced/20230727_G3_07323.jpg
8141,G3,2023,7/26/23,4.0,7/27/23,20230727_G3_08141.jpg,1,/mnt/research-projects/j/jlgage/RawUAVData01/uavforslb/final_image/final_sliced/20230727_G3_08141.jpg
1116,C6B,2024,7/29/24,4.0,7/26/24,20240726_C6B_01116.jpg,-3,/mnt/research-projects/j/jlgage/RawUAVData01/uavforslb/final_image/final_sliced/20240726_C6B_01116.jpg
3133,G3,2023,7/26/23,7.5,7/27/23,20230727_G3_03133.jpg,1,/mnt/research-projects/j/jlgage/RawUAVData01/uavforslb/final_image/final_sliced/20230727_G3_03133.jpg
513,C6B,2024,7/29/24,3.0,7/26/24,20240726_C6B_00513.jpg,-3,/mnt/research-projects/j/jlgage/RawUAVData01/uavforslb/final_image/final_sliced/20240726_C6B_00513.jpg
3442,C6B,2024,7/30/24,3.5,8/2/24,20240802_C6B_03442.jpg,3,/mnt/research-projects/j/jlgage/RawUAVData01/uavforslb/final_image/final_sliced/20240802_C6B_03442.jpg
1916,C6B,2024,7/29/24,3.0,7/26/24,20240726_C6B_01916.jpg,-3,/mnt/research-projects/j/jlgage/RawUAVData01/uavforslb/final_image/final_sliced/20240726_C6B_01916.jpg
10013,I3B,2023,7/12/23,5.0,7/13/23,20230713_I3B_10013.jpg,1,/mnt/research-projects/j/jlgage/RawUAVData01/uavforslb/final_image/final_sliced/20230713_I3B_10013.jpg
4073,B7A,2024,7/30/24,4.0,7/27/24,20240727_B7A_04073.jpg,-3,/mnt/research-projects/j/jlgage/RawUAVData01/uavforslb/final_image/final_sliced/20240727_B7A_04073.jpg
1413,C6B,2024,7/29/24,2.0,7/26/24,20240726_C6B_01413.jpg,-3,/mnt/research-projects/j/jlgage/RawUAVData01/uavforslb/final_image/final_sliced/20240726_C6B_01413.jpg
1798,C6B,2024,7/29/24,4.0,7/26/24,20240726_C6B_01798.jpg,-3,/mnt/research-projects/j/jlgage/RawUAVData01/uavforslb/final_image/final_sliced/20240726_C6B_01798.jpg
7339,G3,2023,7/26/23,6.0,7/27/23,20230727_G3_07339.jpg,1,/mnt/research-projects/j/jlgage/RawUAVData01/uavforslb/final_image/final_sliced/20230727_G3_07339.jpg
2534,C6B,2024,7/18/24,7.5,7/18/24,20240718_C6B_02534.jpg,0,/mnt/research-projects/j/jlgage/RawUAVData01/uavforslb/final_image/final_sliced/20240718_C6B_02534.jpg
2143,C6B,2024,7/29/24,1.5,7/26/24,20240726_C6B_02143.jpg,-3,/mnt/research-projects/j/jlgage/RawUAVData01/uavforslb/final_image/final_sliced/20240726_C6B_02143.jpg
4117,B7A,2024,7/15/24,8.5,7/16/24,20240716_B7A_04117.jpg,1,/mnt/research-projects/j/jlgage/RawUAVData01/uavforslb/final_image/final_sliced/20240716_B7A_04117.jpg
3305,C6B,2024,7/30/24,1.5,8/2/24,20240802_C6B_03305.jpg,3,/mnt/research-projects/j/jlgage/RawUAVData01/uavforslb/final_image/final_sliced/20240802_C6B_03305.jpg
5547,B7A,2024,7/11/24,8.5,7/10/24,20240710_B7A_05547.jpg,-1,/mnt/research-projects/j/jlgage/RawUAVData01/uavforslb/final_image/final_sliced/20240710_B7A_05547.jpg
11110,I3B,2023,7/12/23,7.0,7/13/23,20230713_I3B_11110.jpg,1,/mnt/research-projects/j/jlgage/RawUAVData01/uavforslb/final_image/final_sliced/20230713_I3B_11110.jpg
11226,I3B,2023,7/19/23,5.0,7/20/23,20230720_I3B_11226.jpg,1,/mnt/research-projects/j/jlgage/RawUAVData01/uavforslb/final_image/final_sliced/20230720_I3B_11226.jpg
3019,G3,2023,7/26/23,7.5,7/27/23,20230727_G3_03019.jpg,1,/mnt/research-projects/j/jlgage/RawUAVData01/uavforslb/final_image/final_sliced/20230727_G3_03019.jpg
386,C6B,2024,7/19/24,8.0,7/18/24,20240718_C6B_00386.jpg,-1,/mnt/research-projects/j/jlgage/RawUAVData01/uavforslb/final_image/final_sliced/20240718_C6B_00386.jpg
2861,C6B,2024,7/30/24,1.5,8/2/24,20240802_C6B_02861.jpg,3,/mnt/research-projects/j/jlgage/RawUAVData01/uavforslb/final_image/final_sliced/20240802_C6B_02861.jpg
10275,I3B,2023,7/25/23,3.0,7/27/23,20230727_I3B_10275.jpg,2,/mnt/research-projects/j/jlgage/RawUAVData01/uavforslb/final_image/final_sliced/20230727_I3B_10275.jpg
3363,C6B,2024,7/15/24,7.0,7/18/24,20240718_C6B_03363.jpg,3,/mnt/research-projects/j/jlgage/RawUAVData01/uavforslb/final_image/final_sliced/20240718_C6B_03363.jpg
672,C6B,2024,7/19/24,8.0,7/18/24,20240718_C6B_00672.jpg,-1,/mnt/research-projects/j/jlgage/RawUAVData01/uavforslb/final_image/final_sliced/20240718_C6B_00672.jpg
8101,G3,2023,7/20/23,5.5,7/20/23,20230720_G3_08101.jpg,0,/mnt/research-projects/j/jlgage/RawUAVData01/uavforslb/final_image/final_sliced/20230720_G3_08101.jpg
8030,G3,2023,7/19/23,7.5,7/20/23,20230720_G3_08030.jpg,1,/mnt/research-projects/j/jlgage/RawUAVData01/uavforslb/final_image/final_sliced/20230720_G3_08030.jpg
8059,G3,2023,7/19/23,6.5,7/20/23,20230720_G3_08059.jpg,1,/mnt/research-projects/j/jlgage/RawUAVData01/uavforslb/final_image/final_sliced/20230720_G3_08059.jpg
9834,I3B,2023,7/12/23,5.5,7/13/23,20230713_I3B_09834.jpg,1,/mnt/research-projects/j/jlgage/RawUAVData01/uavforslb/final_image/final_sliced/20230713_I3B_09834.jpg
3179,G3,2023,7/26/23,6.0,7/27/23,20230727_G3_03179.jpg,1,/mnt/research-projects/j/jlgage/RawUAVData01/uavforslb/final_image/final_sliced/20230727_G3_03179.jpg
11129,I3B,2023,7/12/23,6.0,7/13/23,20230713_I3B_11129.jpg,1,/mnt/research-projects/j/jlgage/RawUAVData01/uavforslb/final_image/final_sliced/20230713_I3B_11129.jpg
1546,C6B,2024,7/19/24,7.0,7/18/24,20240718_C6B_01546.jpg,-1,/mnt/research-projects/j/jlgage/RawUAVData01/uavforslb/final_image/final_sliced/20240718_C6B_01546.jpg
9876,I3B,2023,7/12/23,4.5,7/13/23,20230713_I3B_09876.jpg,1,/mnt/research-projects/j/jlgage/RawUAVData01/uavforslb/final_image/final_sliced/20230713_I3B_09876.jpg
7308,G3,2023,7/26/23,6.0,7/27/23,20230727_G3_07308.jpg,1,/mnt/research-projects/j/jlgage/RawUAVData01/uavforslb/final_image/final_sliced/20230727_G3_07308.jpg
1642,C6B,2024,7/19/24,8.5,7/18/24,20240718_C6B_01642.jpg,-1,/mnt/research-projects/j/jlgage/RawUAVData01/uavforslb/final_image/final_sliced/20240718_C6B_01642.jpg
10787,I3B,2023,7/19/23,5.0,7/20/23,20230720_I3B_10787.jpg,1,/mnt/research-projects/j/jlgage/RawUAVData01/uavforslb/final_image/final_sliced/20230720_I3B_10787.jpg
906,C6B,2024,7/19/24,8.0,7/18/24,20240718_C6B_00906.jpg,-1,/mnt/research-projects/j/jlgage/RawUAVData01/uavforslb/final_image/final_sliced/20240718_C6B_00906.jpg
9640,I3B,2023,7/12/23,6.0,7/13/23,20230713_I3B_09640.jpg,1,/mnt/research-projects/j/jlgage/RawUAVData01/uavforslb/final_image/final_sliced/20230713_I3B_09640.jpg
3847,B7A,2024,7/30/24,1.5,7/27/24,20240727_B7A_03847.jpg,-3,/mnt/research-projects/j/jlgage/RawUAVData01/uavforslb/final_image/final_sliced/20240727_B7A_03847.jpg
5023,C6B,2024,7/18/24,8.5,7/18/24,20240718_C6B_05023.jpg,0,/mnt/research-projects/j/jlgage/RawUAVData01/uavforslb/final_image/final_sliced/20240718_C6B_05023.jpg
7400,G3,2023,7/26/23,8.0,7/27/23,20230727_G3_07400.jpg,1,/mnt/research-projects/j/jlgage/RawUAVData01/uavforslb/final_image/final_sliced/20230727_G3_07400.jpg
11190,I3B,2023,7/12/23,6.5,7/13/23,20230713_I3B_11190.jpg,1,/mnt/research-projects/j/jlgage/RawUAVData01/uavforslb/final_image/final_sliced/20230713_I3B_11190.jpg
5063,C6B,2024,7/11/24,8.5,7/10/24,20240710_C6B_05063.jpg,-1,/mnt/research-projects/j/jlgage/RawUAVData01/uavforslb/final_image/final_sliced/20240710_C6B_05063.jpg
9955,I3B,2023,7/12/23,4.0,7/13/23,20230713_I3B_09955.jpg,1,/mnt/research-projects/j/jlgage/RawUAVData01/uavforslb/final_image/final_sliced/20230713_I3B_09955.jpg
1756,C6B,2024,7/19/24,7.5,7/18/24,20240718_C6B_01756.jpg,-1,/mnt/research-projects/j/jlgage/RawUAVData01/uavforslb/final_image/final_sliced/20240718_C6B_01756.jpg
977,C6B,2024,7/19/24,8.5,7/18/24,20240718_C6B_00977.jpg,-1,/mnt/research-projects/j/jlgage/RawUAVData01/uavforslb/final_image/final_sliced/20240718_C6B_00977.jpg
8166,G3,2023,7/26/23,6.0,7/27/23,20230727_G3_08166.jpg,1,/mnt/research-projects/j/jlgage/RawUAVData01/uavforslb/final_image/final_sliced/20230727_G3_08166.jpg
2104,C6B,2024,7/19/24,8.5,7/18/24,20240718_C6B_02104.jpg,-1,/mnt/research-projects/j/jlgage/RawUAVData01/uavforslb/final_image/final_sliced/20240718_C6B_02104.jpg
7338,G3,2023,7/20/23,6.5,7/20/23,20230720_G3_07338.jpg,0,/mnt/research-projects/j/jlgage/RawUAVData01/uavforslb/final_image/final_sliced/20230720_G3_07338.jpg
1285,C6B,2024,7/29/24,6.0,7/26/24,20240726_C6B_01285.jpg,-3,/mnt/research-projects/j/jlgage/RawUAVData01/uavforslb/final_image/final_sliced/20240726_C6B_01285.jpg
5528,B7A,2024,7/11/24,7.5,7/10/24,20240710_B7A_05528.jpg,-1,/mnt/research-projects/j/jlgage/RawUAVData01/uavforslb/final_image/final_sliced/20240710_B7A_05528.jpg
9645,I3B,2023,7/12/23,4.5,7/13/23,20230713_I3B_09645.jpg,1,/mnt/research-projects/j/jlgage/RawUAVData01/uavforslb/final_image/final_sliced/20230713_I3B_09645.jpg
5055,C6B,2024,7/27/24,6.0,7/26/24,20240726_C6B_05055.jpg,-1,/mnt/research-projects/j/jlgage/RawUAVData01/uavforslb/final_image/final_sliced/20240726_C6B_05055.jpg
8157,G3,2023,7/26/23,6.0,7/27/23,20230727_G3_08157.jpg,1,/mnt/research-projects/j/jlgage/RawUAVData01/uavforslb/final_image/final_sliced/20230727_G3_08157.jpg
205,C6B,2024,7/19/24,8.0,7/18/24,20240718_C6B_00205.jpg,-1,/mnt/research-projects/j/jlgage/RawUAVData01/uavforslb/final_image/final_sliced/20240718_C6B_00205.jpg
1130,C6B,2024,7/19/24,6.5,7/18/24,20240718_C6B_01130.jpg,-1,/mnt/research-projects/j/jlgage/RawUAVData01/uavforslb/final_image/final_sliced/20240718_C6B_01130.jpg
3412,C6B,2024,7/30/24,1.5,8/2/24,20240802_C6B_03412.jpg,3,/mnt/research-projects/j/jlgage/RawUAVData01/uavforslb/final_image/final_sliced/20240802_C6B_03412.jpg
1428,C6B,2024,7/29/24,3.0,7/26/24,20240726_C6B_01428.jpg,-3,/mnt/research-projects/j/jlgage/RawUAVData01/uavforslb/final_image/final_sliced/20240726_C6B_01428.jpg
2839,C6B,2024,7/30/24,1.5,8/2/24,20240802_C6B_02839.jpg,3,/mnt/research-projects/j/jlgage/RawUAVData01/uavforslb/final_image/final_sliced/20240802_C6B_02839.jpg
873,C6B,2024,7/19/24,8.0,7/18/24,20240718_C6B_00873.jpg,-1,/mnt/research-projects/j/jlgage/RawUAVData01/uavforslb/final_image/final_sliced/20240718_C6B_00873.jpg
2867,C6B,2024,7/15/24,7.0,7/18/24,20240718_C6B_02867.jpg,3,/mnt/research-projects/j/jlgage/RawUAVData01/uavforslb/final_image/final_sliced/20240718_C6B_02867.jpg
10023,I3B,2023,7/12/23,4.5,7/13/23,20230713_I3B_10023.jpg,1,/mnt/research-projects/j/jlgage/RawUAVData01/uavforslb/final_image/final_sliced/20230713_I3B_10023.jpg
3018,G3,2023,7/19/23,8.0,7/20/23,20230720_G3_03018.jpg,1,/mnt/research-projects/j/jlgage/RawUAVData01/uavforslb/final_image/final_sliced/20230720_G3_03018.jpg
10792,I3B,2023,7/19/23,5.0,7/20/23,20230720_I3B_10792.jpg,1,/mnt/research-projects/j/jlgage/RawUAVData01/uavforslb/final_image/final_sliced/20230720_I3B_10792.jpg
10796,I3B,2023,7/19/23,6.5,7/20/23,20230720_I3B_10796.jpg,1,/mnt/research-projects/j/jlgage/RawUAVData01/uavforslb/final_image/final_sliced/20230720_I3B_10796.jpg
11185,I3B,2023,7/12/23,7.0,7/13/23,20230713_I3B_11185.jpg,1,/mnt/research-projects/j/jlgage/RawUAVData01/uavforslb/final_image/final_sliced/20230713_I3B_11185.jpg
3863,B7A,2024,7/15/24,8.0,7/16/24,20240716_B7A_03863.jpg,1,/mnt/research-projects/j/jlgage/RawUAVData01/uavforslb/final_image/final_sliced/20240716_B7A_03863.jpg
4187,B7A,2024,7/30/24,5.5,7/27/24,20240727_B7A_04187.jpg,-3,/mnt/research-projects/j/jlgage/RawUAVData01/uavforslb/final_image/final_sliced/20240727_B7A_04187.jpg
10380,I3B,2023,7/25/23,3.0,7/27/23,20230727_I3B_10380.jpg,2,/mnt/research-projects/j/jlgage/RawUAVData01/uavforslb/final_image/final_sliced/20230727_I3B_10380.jpg
1661,C6B,2024,7/29/24,5.0,7/26/24,20240726_C6B_01661.jpg,-3,/mnt/research-projects/j/jlgage/RawUAVData01/uavforslb/final_image/final_sliced/20240726_C6B_01661.jpg
2505,C6B,2024,7/27/24,3.0,7/26/24,20240726_C6B_02505.jpg,-1,/mnt/research-projects/j/jlgage/RawUAVData01/uavforslb/final_image/final_sliced/20240726_C6B_02505.jpg
1328,C6B,2024,7/19/24,8.5,7/18/24,20240718_C6B_01328.jpg,-1,/mnt/research-projects/j/jlgage/RawUAVData01/uavforslb/final_image/final_sliced/20240718_C6B_01328.jpg
9897,I3B,2023,7/12/23,5.0,7/13/23,20230713_I3B_09897.jpg,1,/mnt/research-projects/j/jlgage/RawUAVData01/uavforslb/final_image/final_sliced/20230713_I3B_09897.jpg
437,C6B,2024,7/19/24,5.0,7/18/24,20240718_C6B_00437.jpg,-1,/mnt/research-projects/j/jlgage/RawUAVData01/uavforslb/final_image/final_sliced/20240718_C6B_00437.jpg
11202,I3B,2023,7/19/23,6.5,7/20/23,20230720_I3B_11202.jpg,1,/mnt/research-projects/j/jlgage/RawUAVData01/uavforslb/final_image/final_sliced/20230720_I3B_11202.jpg
219,C6B,2024,7/19/24,8.5,7/18/24,20240718_C6B_00219.jpg,-1,/mnt/research-projects/j/jlgage/RawUAVData01/uavforslb/final_image/final_sliced/20240718_C6B_00219.jpg
9699,I3B,2023,7/12/23,5.0,7/13/23,20230713_I3B_09699.jpg,1,/mnt/research-projects/j/jlgage/RawUAVData01/uavforslb/final_image/final_sliced/20230713_I3B_09699.jpg
566,C6B,2024,7/29/24,5.0,7/26/24,20240726_C6B_00566.jpg,-3,/mnt/research-projects/j/jlgage/RawUAVData01/uavforslb/final_image/final_sliced/20240726_C6B_00566.jpg
4395,B7A,2024,7/15/24,7.5,7/16/24,20240716_B7A_04395.jpg,1,/mnt/research-projects/j/jlgage/RawUAVData01/uavforslb/final_image/final_sliced/20240716_B7A_04395.jpg
8138,G3,2023,7/26/23,8.0,7/27/23,20230727_G3_08138.jpg,1,/mnt/research-projects/j/jlgage/RawUAVData01/uavforslb/final_image/final_sliced/20230727_G3_08138.jpg
7513,G3,2023,7/26/23,7.0,7/27/23,20230727_G3_07513.jpg,1,/mnt/research-projects/j/jlgage/RawUAVData01/uavforslb/final_image/final_sliced/20230727_G3_07513.jpg
7446,G3,2023,7/26/23,8.0,7/27/23,20230727_G3_07446.jpg,1,/mnt/research-projects/j/jlgage/RawUAVData01/uavforslb/final_image/final_sliced/20230727_G3_07446.jpg
3850,B7A,2024,7/15/24,8.0,7/16/24,20240716_B7A_03850.jpg,1,/mnt/research-projects/j/jlgage/RawUAVData01/uavforslb/final_image/final_sliced/20240716_B7A_03850.jpg
5526,B7A,2024,7/11/24,7.5,7/10/24,20240710_B7A_05526.jpg,-1,/mnt/research-projects/j/jlgage/RawUAVData01/uavforslb/final_image/final_sliced/20240710_B7A_05526.jpg
7534,G3,2023,7/26/23,8.5,7/27/23,20230727_G3_07534.jpg,1,/mnt/research-projects/j/jlgage/RawUAVData01/uavforslb/final_image/final_sliced/20230727_G3_07534.jpg
3829,B7A,2024,7/30/24,4.0,7/27/24,20240727_B7A_03829.jpg,-3,/mnt/research-projects/j/jlgage/RawUAVData01/uavforslb/final_image/final_sliced/20240727_B7A_03829.jpg
3131,G3,2023,7/26/23,7.0,7/27/23,20230727_G3_03131.jpg,1,/mnt/research-projects/j/jlgage/RawUAVData01/uavforslb/final_image/final_sliced/20230727_G3_03131.jpg
5028,C6B,2024,7/18/24,7.5,7/18/24,20240718_C6B_05028.jpg,0,/mnt/research-projects/j/jlgage/RawUAVData01/uavforslb/final_image/final_sliced/20240718_C6B_05028.jpg
4178,B7A,2024,7/15/24,8.5,7/16/24,20240716_B7A_04178.jpg,1,/mnt/research-projects/j/jlgage/RawUAVData01/uavforslb/final_image/final_sliced/20240716_B7A_04178.jpg
3183,G3,2023,7/26/23,4.0,7/27/23,20230727_G3_03183.jpg,1,/mnt/research-projects/j/jlgage/RawUAVData01/uavforslb/final_image/final_sliced/20230727_G3_03183.jpg
9676,I3B,2023,7/12/23,4.5,7/13/23,20230713_I3B_09676.jpg,1,/mnt/research-projects/j/jlgage/RawUAVData01/uavforslb/final_image/final_sliced/20230713_I3B_09676.jpg
140,C6B,2024,7/19/24,8.5,7/18/24,20240718_C6B_00140.jpg,-1,/mnt/research-projects/j/jlgage/RawUAVData01/uavforslb/final_image/final_sliced/20240718_C6B_00140.jpg
8152,G3,2023,7/26/23,8.0,7/27/23,20230727_G3_08152.jpg,1,/mnt/research-projects/j/jlgage/RawUAVData01/uavforslb/final_image/final_sliced/20230727_G3_08152.jpg
3646,C6B,2024,7/30/24,1.5,8/2/24,20240802_C6B_03646.jpg,3,/mnt/research-projects/j/jlgage/RawUAVData01/uavforslb/final_image/final_sliced/20240802_C6B_03646.jpg
7246,G3,2023,7/26/23,5.0,7/27/23,20230727_G3_07246.jpg,1,/mnt/research-projects/j/jlgage/RawUAVData01/uavforslb/final_image/final_sliced/20230727_G3_07246.jpg
11034,I3B,2023,7/12/23,8.0,7/13/23,20230713_I3B_11034.jpg,1,/mnt/research-projects/j/jlgage/RawUAVData01/uavforslb/final_image/final_sliced/20230713_I3B_11034.jpg
10037,I3B,2023,7/12/23,4.5,7/13/23,20230713_I3B_10037.jpg,1,/mnt/research-projects/j/jlgage/RawUAVData01/uavforslb/final_image/final_sliced/20230713_I3B_10037.jpg
10301,I3B,2023,7/25/23,5.0,7/27/23,20230727_I3B_10301.jpg,2,/mnt/research-projects/j/jlgage/RawUAVData01/uavforslb/final_image/final_sliced/20230727_I3B_10301.jpg
10005,I3B,2023,7/12/23,5.5,7/13/23,20230713_I3B_10005.jpg,1,/mnt/research-projects/j/jlgage/RawUAVData01/uavforslb/final_image/final_sliced/20230713_I3B_10005.jpg
298,C6B,2024,7/29/24,5.0,7/26/24,20240726_C6B_00298.jpg,-3,/mnt/research-projects/j/jlgage/RawUAVData01/uavforslb/final_image/final_sliced/20240726_C6B_00298.jpg
9760,I3B,2023,7/12/23,5.0,7/13/23,20230713_I3B_09760.jpg,1,/mnt/research-projects/j/jlgage/RawUAVData01/uavforslb/final_image/final_sliced/20230713_I3B_09760.jpg
10901,I3B,2023,7/19/23,6.0,7/20/23,20230720_I3B_10901.jpg,1,/mnt/research-projects/j/jlgage/RawUAVData01/uavforslb/final_image/final_sliced/20230720_I3B_10901.jpg
7270,G3,2023,7/26/23,8.0,7/27/23,20230727_G3_07270.jpg,1,/mnt/research-projects/j/jlgage/RawUAVData01/uavforslb/final_image/final_sliced/20230727_G3_07270.jpg
7284,G3,2023,7/20/23,8.0,7/20/23,20230720_G3_07284.jpg,0,/mnt/research-projects/j/jlgage/RawUAVData01/uavforslb/final_image/final_sliced/20230720_G3_07284.jpg
10930,I3B,2023,7/19/23,6.0,7/20/23,20230720_I3B_10930.jpg,1,/mnt/research-projects/j/jlgage/RawUAVData01/uavforslb/final_image/final_sliced/20230720_I3B_10930.jpg
3085,G3,2023,7/19/23,6.5,7/20/23,20230720_G3_03085.jpg,1,/mnt/research-projects/j/jlgage/RawUAVData01/uavforslb/final_image/final_sliced/20230720_G3_03085.jpg
831,C6B,2024,7/19/24,6.0,7/18/24,20240718_C6B_00831.jpg,-1,/mnt/research-projects/j/jlgage/RawUAVData01/uavforslb/final_image/final_sliced/20240718_C6B_00831.jpg
3513,C6B,2024,7/30/24,1.5,8/2/24,20240802_C6B_03513.jpg,3,/mnt/research-projects/j/jlgage/RawUAVData01/uavforslb/final_image/final_sliced/20240802_C6B_03513.jpg
10418,I3B,2023,7/25/23,4.0,7/27/23,20230727_I3B_10418.jpg,2,/mnt/research-projects/j/jlgage/RawUAVData01/uavforslb/final_image/final_sliced/20230727_I3B_10418.jpg
8040,G3,2023,7/26/23,3.0,7/27/23,20230727_G3_08040.jpg,1,/mnt/research-projects/j/jlgage/RawUAVData01/uavforslb/final_image/final_sliced/20230727_G3_08040.jpg
4399,B7A,2024,7/15/24,7.5,7/16/24,20240716_B7A_04399.jpg,1,/mnt/research-projects/j/jlgage/RawUAVData01/uavforslb/final_image/final_sliced/20240716_B7A_04399.jpg
3054,G3,2023,7/26/23,6.0,7/27/23,20230727_G3_03054.jpg,1,/mnt/research-projects/j/jlgage/RawUAVData01/uavforslb/final_image/final_sliced/20230727_G3_03054.jpg
10966,I3B,2023,7/19/23,6.0,7/20/23,20230720_I3B_10966.jpg,1,/mnt/research-projects/j/jlgage/RawUAVData01/uavforslb/final_image/final_sliced/20230720_I3B_10966.jpg
3733,C6B,2024,7/15/24,8.5,7/18/24,20240718_C6B_03733.jpg,3,/mnt/research-projects/j/jlgage/RawUAVData01/uavforslb/final_image/final_sliced/20240718_C6B_03733.jpg
3022,C6B,2024,7/15/24,7.0,7/18/24,20240718_C6B_03022.jpg,3,/mnt/research-projects/j/jlgage/RawUAVData01/uavforslb/final_image/final_sliced/20240718_C6B_03022.jpg
3141,G3,2023,7/26/23,6.0,7/27/23,20230727_G3_03141.jpg,1,/mnt/research-projects/j/jlgage/RawUAVData01/uavforslb/final_image/final_sliced/20230727_G3_03141.jpg
7257,G3,2023,7/19/23,8.0,7/20/23,20230720_G3_07257.jpg,1,/mnt/research-projects/j/jlgage/RawUAVData01/uavforslb/final_image/final_sliced/20230720_G3_07257.jpg
3113,G3,2023,7/19/23,5.0,7/20/23,20230720_G3_03113.jpg,1,/mnt/research-projects/j/jlgage/RawUAVData01/uavforslb/final_image/final_sliced/20230720_G3_03113.jpg
3535,C6B,2024,7/30/24,1.5,8/2/24,20240802_C6B_03535.jpg,3,/mnt/research-projects/j/jlgage/RawUAVData01/uavforslb/final_image/final_sliced/20240802_C6B_03535.jpg
4264,B7A,2024,7/15/24,7.0,7/16/24,20240716_B7A_04264.jpg,1,/mnt/research-projects/j/jlgage/RawUAVData01/uavforslb/final_image/final_sliced/20240716_B7A_04264.jpg
2038,C6B,2024,7/29/24,3.5,7/26/24,20240726_C6B_02038.jpg,-3,/mnt/research-projects/j/jlgage/RawUAVData01/uavforslb/final_image/final_sliced/20240726_C6B_02038.jpg
801,C6B,2024,7/19/24,5.0,7/18/24,20240718_C6B_00801.jpg,-1,/mnt/research-projects/j/jlgage/RawUAVData01/uavforslb/final_image/final_sliced/20240718_C6B_00801.jpg
351,C6B,2024,7/29/24,5.0,7/26/24,20240726_C6B_00351.jpg,-3,/mnt/research-projects/j/jlgage/RawUAVData01/uavforslb/final_image/final_sliced/20240726_C6B_00351.jpg
1845,C6B,2024,7/29/24,3.0,7/26/24,20240726_C6B_01845.jpg,-3,/mnt/research-projects/j/jlgage/RawUAVData01/uavforslb/final_image/final_sliced/20240726_C6B_01845.jpg
8054,G3,2023,7/26/23,4.0,7/27/23,20230727_G3_08054.jpg,1,/mnt/research-projects/j/jlgage/RawUAVData01/uavforslb/final_image/final_sliced/20230727_G3_08054.jpg
7541,G3,2023,7/26/23,8.0,7/27/23,20230727_G3_07541.jpg,1,/mnt/research-projects/j/jlgage/RawUAVData01/uavforslb/final_image/final_sliced/20230727_G3_07541.jpg
1925,C6B,2024,7/29/24,1.0,7/26/24,20240726_C6B_01925.jpg,-3,/mnt/research-projects/j/jlgage/RawUAVData01/uavforslb/final_image/final_sliced/20240726_C6B_01925.jpg
3129,G3,2023,7/26/23,4.0,7/27/23,20230727_G3_03129.jpg,1,/mnt/research-projects/j/jlgage/RawUAVData01/uavforslb/final_image/final_sliced/20230727_G3_03129.jpg
583,C6B,2024,7/19/24,5.5,7/18/24,20240718_C6B_00583.jpg,-1,/mnt/research-projects/j/jlgage/RawUAVData01/uavforslb/final_image/final_sliced/20240718_C6B_00583.jpg
4515,B7A,2024,7/15/24,7.0,7/16/24,20240716_B7A_04515.jpg,1,/mnt/research-projects/j/jlgage/RawUAVData01/uavforslb/final_image/final_sliced/20240716_B7A_04515.jpg
7403,G3,2023,7/20/23,6.0,7/20/23,20230720_G3_07403.jpg,0,/mnt/research-projects/j/jlgage/RawUAVData01/uavforslb/final_image/final_sliced/20230720_G3_07403.jpg
4495,B7A,2024,7/30/24,2.5,7/27/24,20240727_B7A_04495.jpg,-3,/mnt/research-projects/j/jlgage/RawUAVData01/uavforslb/final_image/final_sliced/20240727_B7A_04495.jpg
1123,C6B,2024,7/19/24,5.5,7/18/24,20240718_C6B_01123.jpg,-1,/mnt/research-projects/j/jlgage/RawUAVData01/uavforslb/final_image/final_sliced/20240718_C6B_01123.jpg
11148,I3B,2023,7/12/23,7.5,7/13/23,20230713_I3B_11148.jpg,1,/mnt/research-projects/j/jlgage/RawUAVData01/uavforslb/final_image/final_sliced/20230713_I3B_11148.jpg
283,C6B,2024,7/19/24,8.5,7/18/24,20240718_C6B_00283.jpg,-1,/mnt/research-projects/j/jlgage/RawUAVData01/uavforslb/final_image/final_sliced/20240718_C6B_00283.jpg
1452,C6B,2024,7/19/24,8.0,7/18/24,20240718_C6B_01452.jpg,-1,/mnt/research-projects/j/jlgage/RawUAVData01/uavforslb/final_image/final_sliced/20240718_C6B_01452.jpg
11296,I3B,2023,7/19/23,6.5,7/20/23,20230720_I3B_11296.jpg,1,/mnt/research-projects/j/jlgage/RawUAVData01/uavforslb/final_image/final_sliced/20230720_I3B_11296.jpg
446,C6B,2024,7/29/24,8.0,7/26/24,20240726_C6B_00446.jpg,-3,/mnt/research-projects/j/jlgage/RawUAVData01/uavforslb/final_image/final_sliced/20240726_C6B_00446.jpg
4294,B7A,2024,7/30/24,1.5,7/27/24,20240727_B7A_04294.jpg,-3,/mnt/research-projects/j/jlgage/RawUAVData01/uavforslb/final_image/final_sliced/20240727_B7A_04294.jpg
3405,C6B,2024,7/30/24,4.0,8/2/24,20240802_C6B_03405.jpg,3,/mnt/research-projects/j/jlgage/RawUAVData01/uavforslb/final_image/final_sliced/20240802_C6B_03405.jpg
1513,C6B,2024,7/19/24,8.0,7/18/24,20240718_C6B_01513.jpg,-1,/mnt/research-projects/j/jlgage/RawUAVData01/uavforslb/final_image/final_sliced/20240718_C6B_01513.jpg
3553,C6B,2024,7/15/24,8.0,7/18/24,20240718_C6B_03553.jpg,3,/mnt/research-projects/j/jlgage/RawUAVData01/uavforslb/final_image/final_sliced/20240718_C6B_03553.jpg
2828,C6B,2024,7/30/24,4.0,8/2/24,20240802_C6B_02828.jpg,3,/mnt/research-projects/j/jlgage/RawUAVData01/uavforslb/final_image/final_sliced/20240802_C6B_02828.jpg
10281,I3B,2023,7/25/23,5.0,7/27/23,20230727_I3B_10281.jpg,2,/mnt/research-projects/j/jlgage/RawUAVData01/uavforslb/final_image/final_sliced/20230727_I3B_10281.jpg
9986,I3B,2023,7/12/23,6.0,7/13/23,20230713_I3B_09986.jpg,1,/mnt/research-projects/j/jlgage/RawUAVData01/uavforslb/final_image/final_sliced/20230713_I3B_09986.jpg
3728,C6B,2024,7/30/24,1.5,8/2/24,20240802_C6B_03728.jpg,3,/mnt/research-projects/j/jlgage/RawUAVData01/uavforslb/final_image/final_sliced/20240802_C6B_03728.jpg
1670,C6B,2024,7/19/24,8.5,7/18/24,20240718_C6B_01670.jpg,-1,/mnt/research-projects/j/jlgage/RawUAVData01/uavforslb/final_image/final_sliced/20240718_C6B_01670.jpg
11335,I3B,2023,7/19/23,7.5,7/20/23,20230720_I3B_11335.jpg,1,/mnt/research-projects/j/jlgage/RawUAVData01/uavforslb/final_image/final_sliced/20230720_I3B_11335.jpg
10947,I3B,2023,7/19/23,6.0,7/20/23,20230720_I3B_10947.jpg,1,/mnt/research-projects/j/jlgage/RawUAVData01/uavforslb/final_image/final_sliced/20230720_I3B_10947.jpg
654,C6B,2024,7/19/24,7.0,7/18/24,20240718_C6B_00654.jpg,-1,/mnt/research-projects/j/jlgage/RawUAVData01/uavforslb/final_image/final_sliced/20240718_C6B_00654.jpg
800,C6B,2024,7/29/24,4.0,7/26/24,20240726_C6B_00800.jpg,-3,/mnt/research-projects/j/jlgage/RawUAVData01/uavforslb/final_image/final_sliced/20240726_C6B_00800.jpg
8120,G3,2023,7/20/23,8.0,7/20/23,20230720_G3_08120.jpg,0,/mnt/research-projects/j/jlgage/RawUAVData01/uavforslb/final_image/final_sliced/20230720_G3_08120.jpg
2562,C6B,2024,7/1/24,7.5,7/3/24,20240703_C6B_02562.jpg,2,/mnt/research-projects/j/jlgage/RawUAVData01/uavforslb/final_image/final_sliced/20240703_C6B_02562.jpg
3044,G3,2023,7/26/23,6.0,7/27/23,20230727_G3_03044.jpg,1,/mnt/research-projects/j/jlgage/RawUAVData01/uavforslb/final_image/final_sliced/20230727_G3_03044.jpg
1594,C6B,2024,7/19/24,7.5,7/18/24,20240718_C6B_01594.jpg,-1,/mnt/research-projects/j/jlgage/RawUAVData01/uavforslb/final_image/final_sliced/20240718_C6B_01594.jpg
897,C6B,2024,7/19/24,5.5,7/18/24,20240718_C6B_00897.jpg,-1,/mnt/research-projects/j/jlgage/RawUAVData01/uavforslb/final_image/final_sliced/20240718_C6B_00897.jpg
3158,G3,2023,7/19/23,5.5,7/20/23,20230720_G3_03158.jpg,1,/mnt/research-projects/j/jlgage/RawUAVData01/uavforslb/final_image/final_sliced/20230720_G3_03158.jpg
3081,G3,2023,7/26/23,8.0,7/27/23,20230727_G3_03081.jpg,1,/mnt/research-projects/j/jlgage/RawUAVData01/uavforslb/final_image/final_sliced/20230727_G3_03081.jpg
740,C6B,2024,7/19/24,7.5,7/18/24,20240718_C6B_00740.jpg,-1,/mnt/research-projects/j/jlgage/RawUAVData01/uavforslb/final_image/final_sliced/20240718_C6B_00740.jpg
3681,C6B,2024,7/30/24,5.5,8/2/24,20240802_C6B_03681.jpg,3,/mnt/research-projects/j/jlgage/RawUAVData01/uavforslb/final_image/final_sliced/20240802_C6B_03681.jpg
7537,G3,2023,7/26/23,5.0,7/27/23,20230727_G3_07537.jpg,1,/mnt/research-projects/j/jlgage/RawUAVData01/uavforslb/final_image/final_sliced/20230727_G3_07537.jpg
7401,G3,2023,7/20/23,5.5,7/20/23,20230720_G3_07401.jpg,0,/mnt/research-projects/j/jlgage/RawUAVData01/uavforslb/final_image/final_sliced/20230720_G3_07401.jpg
2733,C6B,2024,7/30/24,1.5,8/2/24,20240802_C6B_02733.jpg,3,/mnt/research-projects/j/jlgage/RawUAVData01/uavforslb/final_image/final_sliced/20240802_C6B_02733.jpg
1134,C6B,2024,7/29/24,4.0,7/26/24,20240726_C6B_01134.jpg,-3,/mnt/research-projects/j/jlgage/RawUAVData01/uavforslb/final_image/final_sliced/20240726_C6B_01134.jpg
7225,G3,2023,7/26/23,2.5,7/27/23,20230727_G3_07225.jpg,1,/mnt/research-projects/j/jlgage/RawUAVData01/uavforslb/final_image/final_sliced/20230727_G3_07225.jpg
5036,C6B,2024,7/18/24,7.5,7/18/24,20240718_C6B_05036.jpg,0,/mnt/research-projects/j/jlgage/RawUAVData01/uavforslb/final_image/final_sliced/20240718_C6B_05036.jpg
3198,G3,2023,7/26/23,6.0,7/27/23,20230727_G3_03198.jpg,1,/mnt/research-projects/j/jlgage/RawUAVData01/uavforslb/final_image/final_sliced/20230727_G3_03198.jpg
2703,C6B,2024,7/15/24,8.0,7/18/24,20240718_C6B_02703.jpg,3,/mnt/research-projects/j/jlgage/RawUAVData01/uavforslb/final_image/final_sliced/20240718_C6B_02703.jpg
9783,I3B,2023,7/12/23,4.5,7/13/23,20230713_I3B_09783.jpg,1,/mnt/research-projects/j/jlgage/RawUAVData01/uavforslb/final_image/final_sliced/20230713_I3B_09783.jpg
2129,C6B,2024,7/29/24,1.0,7/26/24,20240726_C6B_02129.jpg,-3,/mnt/research-projects/j/jlgage/RawUAVData01/uavforslb/final_image/final_sliced/20240726_C6B_02129.jpg
3278,C6B,2024,7/15/24,7.5,7/18/24,20240718_C6B_03278.jpg,3,/mnt/research-projects/j/jlgage/RawUAVData01/uavforslb/final_image/final_sliced/20240718_C6B_03278.jpg
7308,G3,2023,7/20/23,7.0,7/20/23,20230720_G3_07308.jpg,0,/mnt/research-projects/j/jlgage/RawUAVData01/uavforslb/final_image/final_sliced/20230720_G3_07308.jpg
2513,C6B,2024,7/11/24,8.5,7/10/24,20240710_C6B_02513.jpg,-1,/mnt/research-projects/j/jlgage/RawUAVData01/uavforslb/final_image/final_sliced/20240710_C6B_02513.jpg
1793,C6B,2024,7/29/24,3.5,7/26/24,20240726_C6B_01793.jpg,-3,/mnt/research-projects/j/jlgage/RawUAVData01/uavforslb/final_image/final_sliced/20240726_C6B_01793.jpg
1071,C6B,2024,7/29/24,7.5,7/26/24,20240726_C6B_01071.jpg,-3,/mnt/research-projects/j/jlgage/RawUAVData01/uavforslb/final_image/final_sliced/20240726_C6B_01071.jpg
7543,G3,2023,7/20/23,8.0,7/20/23,20230720_G3_07543.jpg,0,/mnt/research-projects/j/jlgage/RawUAVData01/uavforslb/final_image/final_sliced/20230720_G3_07543.jpg
4357,B7A,2024,7/15/24,7.5,7/16/24,20240716_B7A_04357.jpg,1,/mnt/research-projects/j/jlgage/RawUAVData01/uavforslb/final_image/final_sliced/20240716_B7A_04357.jpg
736,C6B,2024,7/19/24,8.5,7/18/24,20240718_C6B_00736.jpg,-1,/mnt/research-projects/j/jlgage/RawUAVData01/uavforslb/final_image/final_sliced/20240718_C6B_00736.jpg
1896,C6B,2024,7/29/24,1.5,7/26/24,20240726_C6B_01896.jpg,-3,/mnt/research-projects/j/jlgage/RawUAVData01/uavforslb/final_image/final_sliced/20240726_C6B_01896.jpg
2835,C6B,2024,7/30/24,2.5,8/2/24,20240802_C6B_02835.jpg,3,/mnt/research-projects/j/jlgage/RawUAVData01/uavforslb/final_image/final_sliced/20240802_C6B_02835.jpg
2056,C6B,2024,7/29/24,3.5,7/26/24,20240726_C6B_02056.jpg,-3,/mnt/research-projects/j/jlgage/RawUAVData01/uavforslb/final_image/final_sliced/20240726_C6B_02056.jpg
5054,C6B,2024,7/18/24,5.0,7/18/24,20240718_C6B_05054.jpg,0,/mnt/research-projects/j/jlgage/RawUAVData01/uavforslb/final_image/final_sliced/20240718_C6B_05054.jpg
7361,G3,2023,7/26/23,8.0,7/27/23,20230727_G3_07361.jpg,1,/mnt/research-projects/j/jlgage/RawUAVData01/uavforslb/final_image/final_sliced/20230727_G3_07361.jpg
3524,C6B,2024,7/15/24,8.5,7/18/24,20240718_C6B_03524.jpg,3,/mnt/research-projects/j/jlgage/RawUAVData01/uavforslb/final_image/final_sliced/20240718_C6B_03524.jpg
9946,I3B,2023,7/12/23,4.0,7/13/23,20230713_I3B_09946.jpg,1,/mnt/research-projects/j/jlgage/RawUAVData01/uavforslb/final_image/final_sliced/20230713_I3B_09946.jpg
9805,I3B,2023,7/12/23,5.5,7/13/23,20230713_I3B_09805.jpg,1,/mnt/research-projects/j/jlgage/RawUAVData01/uavforslb/final_image/final_sliced/20230713_I3B_09805.jpg
11314,I3B,2023,7/19/23,7.0,7/20/23,20230720_I3B_11314.jpg,1,/mnt/research-projects/j/jlgage/RawUAVData01/uavforslb/final_image/final_sliced/20230720_I3B_11314.jpg
3748,C6B,2024,7/15/24,8.0,7/18/24,20240718_C6B_03748.jpg,3,/mnt/research-projects/j/jlgage/RawUAVData01/uavforslb/final_image/final_sliced/20240718_C6B_03748.jpg
804,C6B,2024,7/19/24,7.5,7/18/24,20240718_C6B_00804.jpg,-1,/mnt/research-projects/j/jlgage/RawUAVData01/uavforslb/final_image/final_sliced/20240718_C6B_00804.jpg
4220,B7A,2024,7/15/24,8.0,7/16/24,20240716_B7A_04220.jpg,1,/mnt/research-projects/j/jlgage/RawUAVData01/uavforslb/final_image/final_sliced/20240716_B7A_04220.jpg
4182,B7A,2024,7/15/24,8.5,7/16/24,20240716_B7A_04182.jpg,1,/mnt/research-projects/j/jlgage/RawUAVData01/uavforslb/final_image/final_sliced/20240716_B7A_04182.jpg
4404,B7A,2024,7/30/24,2.5,7/27/24,20240727_B7A_04404.jpg,-3,/mnt/research-projects/j/jlgage/RawUAVData01/uavforslb/final_image/final_sliced/20240727_B7A_04404.jpg
1849,C6B,2024,7/29/24,3.0,7/26/24,20240726_C6B_01849.jpg,-3,/mnt/research-projects/j/jlgage/RawUAVData01/uavforslb/final_image/final_sliced/20240726_C6B_01849.jpg
2603,C6B,2024,7/30/24,1.5,8/2/24,20240802_C6B_02603.jpg,3,/mnt/research-projects/j/jlgage/RawUAVData01/uavforslb/final_image/final_sliced/20240802_C6B_02603.jpg
11268,I3B,2023,7/19/23,5.0,7/20/23,20230720_I3B_11268.jpg,1,/mnt/research-projects/j/jlgage/RawUAVData01/uavforslb/final_image/final_sliced/20230720_I3B_11268.jpg
3531,C6B,2024,7/15/24,8.5,7/18/24,20240718_C6B_03531.jpg,3,/mnt/research-projects/j/jlgage/RawUAVData01/uavforslb/final_image/final_sliced/20240718_C6B_03531.jpg
8138,G3,2023,7/20/23,8.0,7/20/23,20230720_G3_08138.jpg,0,/mnt/research-projects/j/jlgage/RawUAVData01/uavforslb/final_image/final_sliced/20230720_G3_08138.jpg
11008,I3B,2023,7/19/23,6.0,7/20/23,20230720_I3B_11008.jpg,1,/mnt/research-projects/j/jlgage/RawUAVData01/uavforslb/final_image/final_sliced/20230720_I3B_11008.jpg
11001,I3B,2023,7/19/23,5.0,7/20/23,20230720_I3B_11001.jpg,1,/mnt/research-projects/j/jlgage/RawUAVData01/uavforslb/final_image/final_sliced/20230720_I3B_11001.jpg
2980,C6B,2024,7/15/24,6.5,7/18/24,20240718_C6B_02980.jpg,3,/mnt/research-projects/j/jlgage/RawUAVData01/uavforslb/final_image/final_sliced/20240718_C6B_02980.jpg
3408,C6B,2024,7/15/24,8.0,7/18/24,20240718_C6B_03408.jpg,3,/mnt/research-projects/j/jlgage/RawUAVData01/uavforslb/final_image/final_sliced/20240718_C6B_03408.jpg
4285,B7A,2024,7/15/24,5.0,7/16/24,20240716_B7A_04285.jpg,1,/mnt/research-projects/j/jlgage/RawUAVData01/uavforslb/final_image/final_sliced/20240716_B7A_04285.jpg
8098,G3,2023,7/26/23,5.0,7/27/23,20230727_G3_08098.jpg,1,/mnt/research-projects/j/jlgage/RawUAVData01/uavforslb/final_image/final_sliced/20230727_G3_08098.jpg
11113,I3B,2023,7/12/23,7.5,7/13/23,20230713_I3B_11113.jpg,1,/mnt/research-projects/j/jlgage/RawUAVData01/uavforslb/final_image/final_sliced/20230713_I3B_11113.jpg
698,C6B,2024,7/29/24,4.0,7/26/24,20240726_C6B_00698.jpg,-3,/mnt/research-projects/j/jlgage/RawUAVData01/uavforslb/final_image/final_sliced/20240726_C6B_00698.jpg
7309,G3,2023,7/20/23,7.0,7/20/23,20230720_G3_07309.jpg,0,/mnt/research-projects/j/jlgage/RawUAVData01/uavforslb/final_image/final_sliced/20230720_G3_07309.jpg
8002,G3,2023,7/26/23,2.0,7/27/23,20230727_G3_08002.jpg,1,/mnt/research-projects/j/jlgage/RawUAVData01/uavforslb/final_image/final_sliced/20230727_G3_08002.jpg
7463,G3,2023,7/26/23,5.5,7/27/23,20230727_G3_07463.jpg,1,/mnt/research-projects/j/jlgage/RawUAVData01/uavforslb/final_image/final_sliced/20230727_G3_07463.jpg
3726,C6B,2024,7/15/24,8.5,7/18/24,20240718_C6B_03726.jpg,3,/mnt/research-projects/j/jlgage/RawUAVData01/uavforslb/final_image/final_sliced/20240718_C6B_03726.jpg
1534,C6B,2024,7/19/24,7.5,7/18/24,20240718_C6B_01534.jpg,-1,/mnt/research-projects/j/jlgage/RawUAVData01/uavforslb/final_image/final_sliced/20240718_C6B_01534.jpg
7242,G3,2023,7/19/23,7.0,7/20/23,20230720_G3_07242.jpg,1,/mnt/research-projects/j/jlgage/RawUAVData01/uavforslb/final_image/final_sliced/20230720_G3_07242.jpg
357,C6B,2024,7/19/24,5.5,7/18/24,20240718_C6B_00357.jpg,-1,/mnt/research-projects/j/jlgage/RawUAVData01/uavforslb/final_image/final_sliced/20240718_C6B_00357.jpg
3405,C6B,2024,7/15/24,8.0,7/18/24,20240718_C6B_03405.jpg,3,/mnt/research-projects/j/jlgage/RawUAVData01/uavforslb/final_image/final_sliced/20240718_C6B_03405.jpg
10375,I3B,2023,7/25/23,4.0,7/27/23,20230727_I3B_10375.jpg,2,/mnt/research-projects/j/jlgage/RawUAVData01/uavforslb/final_image/final_sliced/20230727_I3B_10375.jpg
2719,C6B,2024,7/15/24,8.0,7/18/24,20240718_C6B_02719.jpg,3,/mnt/research-projects/j/jlgage/RawUAVData01/uavforslb/final_image/final_sliced/20240718_C6B_02719.jpg
11328,I3B,2023,7/19/23,5.0,7/20/23,20230720_I3B_11328.jpg,1,/mnt/research-projects/j/jlgage/RawUAVData01/uavforslb/final_image/final_sliced/20230720_I3B_11328.jpg
3469,C6B,2024,7/15/24,8.0,7/18/24,20240718_C6B_03469.jpg,3,/mnt/research-projects/j/jlgage/RawUAVData01/uavforslb/final_image/final_sliced/20240718_C6B_03469.jpg
3090,G3,2023,7/26/23,4.0,7/27/23,20230727_G3_03090.jpg,1,/mnt/research-projects/j/jlgage/RawUAVData01/uavforslb/final_image/final_sliced/20230727_G3_03090.jpg
3071,G3,2023,7/26/23,8.0,7/27/23,20230727_G3_03071.jpg,1,/mnt/research-projects/j/jlgage/RawUAVData01/uavforslb/final_image/final_sliced/20230727_G3_03071.jpg
4063,B7A,2024,7/15/24,8.0,7/16/24,20240716_B7A_04063.jpg,1,/mnt/research-projects/j/jlgage/RawUAVData01/uavforslb/final_image/final_sliced/20240716_B7A_04063.jpg
7409,G3,2023,7/26/23,7.5,7/27/23,20230727_G3_07409.jpg,1,/mnt/research-projects/j/jlgage/RawUAVData01/uavforslb/final_image/final_sliced/20230727_G3_07409.jpg
1636,C6B,2024,7/29/24,7.0,7/26/24,20240726_C6B_01636.jpg,-3,/mnt/research-projects/j/jlgage/RawUAVData01/uavforslb/final_image/final_sliced/20240726_C6B_01636.jpg
11082,I3B,2023,7/12/23,7.0,7/13/23,20230713_I3B_11082.jpg,1,/mnt/research-projects/j/jlgage/RawUAVData01/uavforslb/final_image/final_sliced/20230713_I3B_11082.jpg
3634,C6B,2024,7/15/24,8.0,7/18/24,20240718_C6B_03634.jpg,3,/mnt/research-projects/j/jlgage/RawUAVData01/uavforslb/final_image/final_sliced/20240718_C6B_03634.jpg
9757,I3B,2023,7/12/23,6.0,7/13/23,20230713_I3B_09757.jpg,1,/mnt/research-projects/j/jlgage/RawUAVData01/uavforslb/final_image/final_sliced/20230713_I3B_09757.jpg
9855,I3B,2023,7/12/23,5.5,7/13/23,20230713_I3B_09855.jpg,1,/mnt/research-projects/j/jlgage/RawUAVData01/uavforslb/final_image/final_sliced/20230713_I3B_09855.jpg
2134,C6B,2024,7/19/24,7.5,7/18/24,20240718_C6B_02134.jpg,-1,/mnt/research-projects/j/jlgage/RawUAVData01/uavforslb/final_image/final_sliced/20240718_C6B_02134.jpg
3034,C6B,2024,7/15/24,7.0,7/18/24,20240718_C6B_03034.jpg,3,/mnt/research-projects/j/jlgage/RawUAVData01/uavforslb/final_image/final_sliced/20240718_C6B_03034.jpg
3164,G3,2023,7/26/23,6.0,7/27/23,20230727_G3_03164.jpg,1,/mnt/research-projects/j/jlgage/RawUAVData01/uavforslb/final_image/final_sliced/20230727_G3_03164.jpg
10942,I3B,2023,7/19/23,5.5,7/20/23,20230720_I3B_10942.jpg,1,/mnt/research-projects/j/jlgage/RawUAVData01/uavforslb/final_image/final_sliced/20230720_I3B_10942.jpg
3049,G3,2023,7/26/23,7.0,7/27/23,20230727_G3_03049.jpg,1,/mnt/research-projects/j/jlgage/RawUAVData01/uavforslb/final_image/final_sliced/20230727_G3_03049.jpg
3874,B7A,2024,7/30/24,3.0,7/27/24,20240727_B7A_03874.jpg,-3,/mnt/research-projects/j/jlgage/RawUAVData01/uavforslb/final_image/final_sliced/20240727_B7A_03874.jpg
9651,I3B,2023,7/12/23,4.5,7/13/23,20230713_I3B_09651.jpg,1,/mnt/research-projects/j/jlgage/RawUAVData01/uavforslb/final_image/final_sliced/20230713_I3B_09651.jpg
3247,C6B,2024,7/30/24,3.0,8/2/24,20240802_C6B_03247.jpg,3,/mnt/research-projects/j/jlgage/RawUAVData01/uavforslb/final_image/final_sliced/20240802_C6B_03247.jpg
3766,C6B,2024,7/30/24,3.5,8/2/24,20240802_C6B_03766.jpg,3,/mnt/research-projects/j/jlgage/RawUAVData01/uavforslb/final_image/final_sliced/20240802_C6B_03766.jpg
906,C6B,2024,7/29/24,4.0,7/26/24,20240726_C6B_00906.jpg,-3,/mnt/research-projects/j/jlgage/RawUAVData01/uavforslb/final_image/final_sliced/20240726_C6B_00906.jpg
894,C6B,2024,7/29/24,4.0,7/26/24,20240726_C6B_00894.jpg,-3,/mnt/research-projects/j/jlgage/RawUAVData01/uavforslb/final_image/final_sliced/20240726_C6B_00894.jpg
3053,C6B,2024,7/30/24,1.5,8/2/24,20240802_C6B_03053.jpg,3,/mnt/research-projects/j/jlgage/RawUAVData01/uavforslb/final_image/final_sliced/20240802_C6B_03053.jpg
1249,C6B,2024,7/19/24,7.0,7/18/24,20240718_C6B_01249.jpg,-1,/mnt/research-projects/j/jlgage/RawUAVData01/uavforslb/final_image/final_sliced/20240718_C6B_01249.jpg
329,C6B,2024,7/29/24,4.5,7/26/24,20240726_C6B_00329.jpg,-3,/mnt/research-projects/j/jlgage/RawUAVData01/uavforslb/final_image/final_sliced/20240726_C6B_00329.jpg
7466,G3,2023,7/20/23,7.0,7/20/23,20230720_G3_07466.jpg,0,/mnt/research-projects/j/jlgage/RawUAVData01/uavforslb/final_image/final_sliced/20230720_G3_07466.jpg
2525,C6B,2024,7/1/24,8.0,7/3/24,20240703_C6B_02525.jpg,2,/mnt/research-projects/j/jlgage/RawUAVData01/uavforslb/final_image/final_sliced/20240703_C6B_02525.jpg
10748,I3B,2023,7/19/23,6.0,7/20/23,20230720_I3B_10748.jpg,1,/mnt/research-projects/j/jlgage/RawUAVData01/uavforslb/final_image/final_sliced/20230720_I3B_10748.jpg
394,C6B,2024,7/29/24,5.0,7/26/24,20240726_C6B_00394.jpg,-3,/mnt/research-projects/j/jlgage/RawUAVData01/uavforslb/final_image/final_sliced/20240726_C6B_00394.jpg
921,C6B,2024,7/19/24,5.5,7/18/24,20240718_C6B_00921.jpg,-1,/mnt/research-projects/j/jlgage/RawUAVData01/uavforslb/final_image/final_sliced/20240718_C6B_00921.jpg
5537,B7A,2024,7/27/24,6.0,7/27/24,20240727_B7A_05537.jpg,0,/mnt/research-projects/j/jlgage/RawUAVData01/uavforslb/final_image/final_sliced/20240727_B7A_05537.jpg
5544,B7A,2024,7/1/24,8.5,7/3/24,20240703_B7A_05544.jpg,2,/mnt/research-projects/j/jlgage/RawUAVData01/uavforslb/final_image/final_sliced/20240703_B7A_05544.jpg
8036,G3,2023,7/19/23,7.0,7/20/23,20230720_G3_08036.jpg,1,/mnt/research-projects/j/jlgage/RawUAVData01/uavforslb/final_image/final_sliced/20230720_G3_08036.jpg
4105,B7A,2024,7/15/24,4.0,7/16/24,20240716_B7A_04105.jpg,1,/mnt/research-projects/j/jlgage/RawUAVData01/uavforslb/final_image/final_sliced/20240716_B7A_04105.jpg
7535,G3,2023,7/26/23,6.0,7/27/23,20230727_G3_07535.jpg,1,/mnt/research-projects/j/jlgage/RawUAVData01/uavforslb/final_image/final_sliced/20230727_G3_07535.jpg
11150,I3B,2023,7/12/23,6.0,7/13/23,20230713_I3B_11150.jpg,1,/mnt/research-projects/j/jlgage/RawUAVData01/uavforslb/final_image/final_sliced/20230713_I3B_11150.jpg
9680,I3B,2023,7/12/23,5.0,7/13/23,20230713_I3B_09680.jpg,1,/mnt/research-projects/j/jlgage/RawUAVData01/uavforslb/final_image/final_sliced/20230713_I3B_09680.jpg
4003,B7A,2024,7/30/24,2.0,7/27/24,20240727_B7A_04003.jpg,-3,/mnt/research-projects/j/jlgage/RawUAVData01/uavforslb/final_image/final_sliced/20240727_B7A_04003.jpg
9859,I3B,2023,7/12/23,6.0,7/13/23,20230713_I3B_09859.jpg,1,/mnt/research-projects/j/jlgage/RawUAVData01/uavforslb/final_image/final_sliced/20230713_I3B_09859.jpg
3134,C6B,2024,7/15/24,8.5,7/18/24,20240718_C6B_03134.jpg,3,/mnt/research-projects/j/jlgage/RawUAVData01/uavforslb/final_image/final_sliced/20240718_C6B_03134.jpg
2957,C6B,2024,7/15/24,7.5,7/18/24,20240718_C6B_02957.jpg,3,/mnt/research-projects/j/jlgage/RawUAVData01/uavforslb/final_image/final_sliced/20240718_C6B_02957.jpg
11260,I3B,2023,7/19/23,4.5,7/20/23,20230720_I3B_11260.jpg,1,/mnt/research-projects/j/jlgage/RawUAVData01/uavforslb/final_image/final_sliced/20230720_I3B_11260.jpg
3098,G3,2023,7/19/23,8.0,7/20/23,20230720_G3_03098.jpg,1,/mnt/research-projects/j/jlgage/RawUAVData01/uavforslb/final_image/final_sliced/20230720_G3_03098.jpg
7327,G3,2023,7/20/23,7.5,7/20/23,20230720_G3_07327.jpg,0,/mnt/research-projects/j/jlgage/RawUAVData01/uavforslb/final_image/final_sliced/20230720_G3_07327.jpg
908,C6B,2024,7/19/24,8.0,7/18/24,20240718_C6B_00908.jpg,-1,/mnt/research-projects/j/jlgage/RawUAVData01/uavforslb/final_image/final_sliced/20240718_C6B_00908.jpg
3069,G3,2023,7/26/23,7.0,7/27/23,20230727_G3_03069.jpg,1,/mnt/research-projects/j/jlgage/RawUAVData01/uavforslb/final_image/final_sliced/20230727_G3_03069.jpg
11243,I3B,2023,7/19/23,5.5,7/20/23,20230720_I3B_11243.jpg,1,/mnt/research-projects/j/jlgage/RawUAVData01/uavforslb/final_image/final_sliced/20230720_I3B_11243.jpg
11262,I3B,2023,7/19/23,5.5,7/20/23,20230720_I3B_11262.jpg,1,/mnt/research-projects/j/jlgage/RawUAVData01/uavforslb/final_image/final_sliced/20230720_I3B_11262.jpg
4296,B7A,2024,7/30/24,1.5,7/27/24,20240727_B7A_04296.jpg,-3,/mnt/research-projects/j/jlgage/RawUAVData01/uavforslb/final_image/final_sliced/20240727_B7A_04296.jpg
11143,I3B,2023,7/12/23,8.0,7/13/23,20230713_I3B_11143.jpg,1,/mnt/research-projects/j/jlgage/RawUAVData01/uavforslb/final_image/final_sliced/20230713_I3B_11143.jpg
1438,C6B,2024,7/19/24,8.5,7/18/24,20240718_C6B_01438.jpg,-1,/mnt/research-projects/j/jlgage/RawUAVData01/uavforslb/final_image/final_sliced/20240718_C6B_01438.jpg
3812,C6B,2024,7/30/24,5.0,8/2/24,20240802_C6B_03812.jpg,3,/mnt/research-projects/j/jlgage/RawUAVData01/uavforslb/final_image/final_sliced/20240802_C6B_03812.jpg
9694,I3B,2023,7/12/23,5.5,7/13/23,20230713_I3B_09694.jpg,1,/mnt/research-projects/j/jlgage/RawUAVData01/uavforslb/final_image/final_sliced/20230713_I3B_09694.jpg
9710,I3B,2023,7/12/23,6.5,7/13/23,20230713_I3B_09710.jpg,1,/mnt/research-projects/j/jlgage/RawUAVData01/uavforslb/final_image/final_sliced/20230713_I3B_09710.jpg
5568,B7A,2024,7/27/24,4.0,7/27/24,20240727_B7A_05568.jpg,0,/mnt/research-projects/j/jlgage/RawUAVData01/uavforslb/final_image/final_sliced/20240727_B7A_05568.jpg
8022,G3,2023,7/19/23,4.0,7/20/23,20230720_G3_08022.jpg,1,/mnt/research-projects/j/jlgage/RawUAVData01/uavforslb/final_image/final_sliced/20230720_G3_08022.jpg
7536,G3,2023,7/20/23,7.0,7/20/23,20230720_G3_07536.jpg,0,/mnt/research-projects/j/jlgage/RawUAVData01/uavforslb/final_image/final_sliced/20230720_G3_07536.jpg
1985,C6B,2024,7/19/24,4.0,7/18/24,20240718_C6B_01985.jpg,-1,/mnt/research-projects/j/jlgage/RawUAVData01/uavforslb/final_image/final_sliced/20240718_C6B_01985.jpg
7470,G3,2023,7/20/23,6.5,7/20/23,20230720_G3_07470.jpg,0,/mnt/research-projects/j/jlgage/RawUAVData01/uavforslb/final_image/final_sliced/20230720_G3_07470.jpg
3012,G3,2023,7/19/23,7.5,7/20/23,20230720_G3_03012.jpg,1,/mnt/research-projects/j/jlgage/RawUAVData01/uavforslb/final_image/final_sliced/20230720_G3_03012.jpg
1910,C6B,2024,7/19/24,6.0,7/18/24,20240718_C6B_01910.jpg,-1,/mnt/research-projects/j/jlgage/RawUAVData01/uavforslb/final_image/final_sliced/20240718_C6B_01910.jpg
3656,C6B,2024,7/30/24,4.0,8/2/24,20240802_C6B_03656.jpg,3,/mnt/research-projects/j/jlgage/RawUAVData01/uavforslb/final_image/final_sliced/20240802_C6B_03656.jpg
9670,I3B,2023,7/12/23,4.0,7/13/23,20230713_I3B_09670.jpg,1,/mnt/research-projects/j/jlgage/RawUAVData01/uavforslb/final_image/final_sliced/20230713_I3B_09670.jpg
9813,I3B,2023,7/12/23,5.5,7/13/23,20230713_I3B_09813.jpg,1,/mnt/research-projects/j/jlgage/RawUAVData01/uavforslb/final_image/final_sliced/20230713_I3B_09813.jpg
3686,C6B,2024,7/30/24,2.0,8/2/24,20240802_C6B_03686.jpg,3,/mnt/research-projects/j/jlgage/RawUAVData01/uavforslb/final_image/final_sliced/20240802_C6B_03686.jpg
7254,G3,2023,7/19/23,7.5,7/20/23,20230720_G3_07254.jpg,1,/mnt/research-projects/j/jlgage/RawUAVData01/uavforslb/final_image/final_sliced/20230720_G3_07254.jpg
1982,C6B,2024,7/19/24,4.0,7/18/24,20240718_C6B_01982.jpg,-1,/mnt/research-projects/j/jlgage/RawUAVData01/uavforslb/final_image/final_sliced/20240718_C6B_01982.jpg
4486,B7A,2024,7/15/24,8.0,7/16/24,20240716_B7A_04486.jpg,1,/mnt/research-projects/j/jlgage/RawUAVData01/uavforslb/final_image/final_sliced/20240716_B7A_04486.jpg
636,C6B,2024,7/29/24,3.5,7/26/24,20240726_C6B_00636.jpg,-3,/mnt/research-projects/j/jlgage/RawUAVData01/uavforslb/final_image/final_sliced/20240726_C6B_00636.jpg
10854,I3B,2023,7/19/23,6.0,7/20/23,20230720_I3B_10854.jpg,1,/mnt/research-projects/j/jlgage/RawUAVData01/uavforslb/final_image/final_sliced/20230720_I3B_10854.jpg
5030,C6B,2024,7/18/24,7.5,7/18/24,20240718_C6B_05030.jpg,0,/mnt/research-projects/j/jlgage/RawUAVData01/uavforslb/final_image/final_sliced/20240718_C6B_05030.jpg
611,C6B,2024,7/19/24,6.0,7/18/24,20240718_C6B_00611.jpg,-1,/mnt/research-projects/j/jlgage/RawUAVData01/uavforslb/final_image/final_sliced/20240718_C6B_00611.jpg
2597,C6B,2024,7/30/24,3.0,8/2/24,20240802_C6B_02597.jpg,3,/mnt/research-projects/j/jlgage/RawUAVData01/uavforslb/final_image/final_sliced/20240802_C6B_02597.jpg
10284,I3B,2023,7/25/23,3.0,7/27/23,20230727_I3B_10284.jpg,2,/mnt/research-projects/j/jlgage/RawUAVData01/uavforslb/final_image/final_sliced/20230727_I3B_10284.jpg
1403,C6B,2024,7/29/24,3.0,7/26/24,20240726_C6B_01403.jpg,-3,/mnt/research-projects/j/jlgage/RawUAVData01/uavforslb/final_image/final_sliced/20240726_C6B_01403.jpg
3879,B7A,2024,7/15/24,8.5,7/16/24,20240716_B7A_03879.jpg,1,/mnt/research-projects/j/jlgage/RawUAVData01/uavforslb/final_image/final_sliced/20240716_B7A_03879.jpg
2986,C6B,2024,7/30/24,1.5,8/2/24,20240802_C6B_02986.jpg,3,/mnt/research-projects/j/jlgage/RawUAVData01/uavforslb/final_image/final_sliced/20240802_C6B_02986.jpg
7473,G3,2023,7/26/23,4.0,7/27/23,20230727_G3_07473.jpg,1,/mnt/research-projects/j/jlgage/RawUAVData01/uavforslb/final_image/final_sliced/20230727_G3_07473.jpg
3582,C6B,2024,7/15/24,8.5,7/18/24,20240718_C6B_03582.jpg,3,/mnt/research-projects/j/jlgage/RawUAVData01/uavforslb/final_image/final_sliced/20240718_C6B_03582.jpg
11128,I3B,2023,7/12/23,8.0,7/13/23,20230713_I3B_11128.jpg,1,/mnt/research-projects/j/jlgage/RawUAVData01/uavforslb/final_image/final_sliced/20230713_I3B_11128.jpg
4292,B7A,2024,7/15/24,6.0,7/16/24,20240716_B7A_04292.jpg,1,/mnt/research-projects/j/jlgage/RawUAVData01/uavforslb/final_image/final_sliced/20240716_B7A_04292.jpg
4254,B7A,2024,7/15/24,6.5,7/16/24,20240716_B7A_04254.jpg,1,/mnt/research-projects/j/jlgage/RawUAVData01/uavforslb/final_image/final_sliced/20240716_B7A_04254.jpg
10869,I3B,2023,7/19/23,7.0,7/20/23,20230720_I3B_10869.jpg,1,/mnt/research-projects/j/jlgage/RawUAVData01/uavforslb/final_image/final_sliced/20230720_I3B_10869.jpg
7452,G3,2023,7/20/23,7.0,7/20/23,20230720_G3_07452.jpg,0,/mnt/research-projects/j/jlgage/RawUAVData01/uavforslb/final_image/final_sliced/20230720_G3_07452.jpg
2629,C6B,2024,7/15/24,7.5,7/18/24,20240718_C6B_02629.jpg,3,/mnt/research-projects/j/jlgage/RawUAVData01/uavforslb/final_image/final_sliced/20240718_C6B_02629.jpg
9740,I3B,2023,7/12/23,4.0,7/13/23,20230713_I3B_09740.jpg,1,/mnt/research-projects/j/jlgage/RawUAVData01/uavforslb/final_image/final_sliced/20230713_I3B_09740.jpg
727,C6B,2024,7/19/24,8.5,7/18/24,20240718_C6B_00727.jpg,-1,/mnt/research-projects/j/jlgage/RawUAVData01/uavforslb/final_image/final_sliced/20240718_C6B_00727.jpg
7281,G3,2023,7/20/23,7.0,7/20/23,20230720_G3_07281.jpg,0,/mnt/research-projects/j/jlgage/RawUAVData01/uavforslb/final_image/final_sliced/20230720_G3_07281.jpg
5031,C6B,2024,7/11/24,8.0,7/10/24,20240710_C6B_05031.jpg,-1,/mnt/research-projects/j/jlgage/RawUAVData01/uavforslb/final_image/final_sliced/20240710_C6B_05031.jpg
7525,G3,2023,7/26/23,8.0,7/27/23,20230727_G3_07525.jpg,1,/mnt/research-projects/j/jlgage/RawUAVData01/uavforslb/final_image/final_sliced/20230727_G3_07525.jpg
3170,C6B,2024,7/15/24,8.5,7/18/24,20240718_C6B_03170.jpg,3,/mnt/research-projects/j/jlgage/RawUAVData01/uavforslb/final_image/final_sliced/20240718_C6B_03170.jpg
3347,C6B,2024,7/15/24,8.0,7/18/24,20240718_C6B_03347.jpg,3,/mnt/research-projects/j/jlgage/RawUAVData01/uavforslb/final_image/final_sliced/20240718_C6B_03347.jpg
2806,C6B,2024,7/30/24,1.5,8/2/24,20240802_C6B_02806.jpg,3,/mnt/research-projects/j/jlgage/RawUAVData01/uavforslb/final_image/final_sliced/20240802_C6B_02806.jpg
7507,G3,2023,7/20/23,7.0,7/20/23,20230720_G3_07507.jpg,0,/mnt/research-projects/j/jlgage/RawUAVData01/uavforslb/final_image/final_sliced/20230720_G3_07507.jpg
3199,G3,2023,7/19/23,4.5,7/20/23,20230720_G3_03199.jpg,1,/mnt/research-projects/j/jlgage/RawUAVData01/uavforslb/final_image/final_sliced/20230720_G3_03199.jpg
11028,I3B,2023,7/12/23,7.0,7/13/23,20230713_I3B_11028.jpg,1,/mnt/research-projects/j/jlgage/RawUAVData01/uavforslb/final_image/final_sliced/20230713_I3B_11028.jpg
1267,C6B,2024,7/29/24,4.0,7/26/24,20240726_C6B_01267.jpg,-3,/mnt/research-projects/j/jlgage/RawUAVData01/uavforslb/final_image/final_sliced/20240726_C6B_01267.jpg
10994,I3B,2023,7/19/23,6.0,7/20/23,20230720_I3B_10994.jpg,1,/mnt/research-projects/j/jlgage/RawUAVData01/uavforslb/final_image/final_sliced/20230720_I3B_10994.jpg
11318,I3B,2023,7/19/23,5.5,7/20/23,20230720_I3B_11318.jpg,1,/mnt/research-projects/j/jlgage/RawUAVData01/uavforslb/final_image/final_sliced/20230720_I3B_11318.jpg
5567,B7A,2024,7/27/24,7.0,7/27/24,20240727_B7A_05567.jpg,0,/mnt/research-projects/j/jlgage/RawUAVData01/uavforslb/final_image/final_sliced/20240727_B7A_05567.jpg
10917,I3B,2023,7/19/23,6.0,7/20/23,20230720_I3B_10917.jpg,1,/mnt/research-projects/j/jlgage/RawUAVData01/uavforslb/final_image/final_sliced/20230720_I3B_10917.jpg
9769,I3B,2023,7/12/23,5.5,7/13/23,20230713_I3B_09769.jpg,1,/mnt/research-projects/j/jlgage/RawUAVData01/uavforslb/final_image/final_sliced/20230713_I3B_09769.jpg
7329,G3,2023,7/20/23,5.5,7/20/23,20230720_G3_07329.jpg,0,/mnt/research-projects/j/jlgage/RawUAVData01/uavforslb/final_image/final_sliced/20230720_G3_07329.jpg
1929,C6B,2024,7/29/24,1.5,7/26/24,20240726_C6B_01929.jpg,-3,/mnt/research-projects/j/jlgage/RawUAVData01/uavforslb/final_image/final_sliced/20240726_C6B_01929.jpg
4535,B7A,2024,7/30/24,1.5,7/27/24,20240727_B7A_04535.jpg,-3,/mnt/research-projects/j/jlgage/RawUAVData01/uavforslb/final_image/final_sliced/20240727_B7A_04535.jpg
4621,B7A,2024,7/15/24,7.0,7/16/24,20240716_B7A_04621.jpg,1,/mnt/research-projects/j/jlgage/RawUAVData01/uavforslb/final_image/final_sliced/20240716_B7A_04621.jpg
4643,B7A,2024,7/15/24,8.0,7/16/24,20240716_B7A_04643.jpg,1,/mnt/research-projects/j/jlgage/RawUAVData01/uavforslb/final_image/final_sliced/20240716_B7A_04643.jpg
3396,C6B,2024,7/30/24,3.5,8/2/24,20240802_C6B_03396.jpg,3,/mnt/research-projects/j/jlgage/RawUAVData01/uavforslb/final_image/final_sliced/20240802_C6B_03396.jpg
10241,I3B,2023,7/25/23,5.0,7/27/23,20230727_I3B_10241.jpg,2,/mnt/research-projects/j/jlgage/RawUAVData01/uavforslb/final_image/final_sliced/20230727_I3B_10241.jpg
10295,I3B,2023,7/25/23,3.0,7/27/23,20230727_I3B_10295.jpg,2,/mnt/research-projects/j/jlgage/RawUAVData01/uavforslb/final_image/final_sliced/20230727_I3B_10295.jpg
7451,G3,2023,7/20/23,7.0,7/20/23,20230720_G3_07451.jpg,0,/mnt/research-projects/j/jlgage/RawUAVData01/uavforslb/final_image/final_sliced/20230720_G3_07451.jpg
830,C6B,2024,7/19/24,5.5,7/18/24,20240718_C6B_00830.jpg,-1,/mnt/research-projects/j/jlgage/RawUAVData01/uavforslb/final_image/final_sliced/20240718_C6B_00830.jpg
10857,I3B,2023,7/19/23,5.0,7/20/23,20230720_I3B_10857.jpg,1,/mnt/research-projects/j/jlgage/RawUAVData01/uavforslb/final_image/final_sliced/20230720_I3B_10857.jpg
4554,B7A,2024,7/15/24,8.0,7/16/24,20240716_B7A_04554.jpg,1,/mnt/research-projects/j/jlgage/RawUAVData01/uavforslb/final_image/final_sliced/20240716_B7A_04554.jpg
895,C6B,2024,7/19/24,7.0,7/18/24,20240718_C6B_00895.jpg,-1,/mnt/research-projects/j/jlgage/RawUAVData01/uavforslb/final_image/final_sliced/20240718_C6B_00895.jpg
1610,C6B,2024,7/29/24,7.0,7/26/24,20240726_C6B_01610.jpg,-3,/mnt/research-projects/j/jlgage/RawUAVData01/uavforslb/final_image/final_sliced/20240726_C6B_01610.jpg
3074,G3,2023,7/19/23,8.0,7/20/23,20230720_G3_03074.jpg,1,/mnt/research-projects/j/jlgage/RawUAVData01/uavforslb/final_image/final_sliced/20230720_G3_03074.jpg
10033,I3B,2023,7/12/23,4.0,7/13/23,20230713_I3B_10033.jpg,1,/mnt/research-projects/j/jlgage/RawUAVData01/uavforslb/final_image/final_sliced/20230713_I3B_10033.jpg
3176,C6B,2024,7/15/24,8.0,7/18/24,20240718_C6B_03176.jpg,3,/mnt/research-projects/j/jlgage/RawUAVData01/uavforslb/final_image/final_sliced/20240718_C6B_03176.jpg
2109,C6B,2024,7/19/24,6.5,7/18/24,20240718_C6B_02109.jpg,-1,/mnt/research-projects/j/jlgage/RawUAVData01/uavforslb/final_image/final_sliced/20240718_C6B_02109.jpg
3593,C6B,2024,7/30/24,1.5,8/2/24,20240802_C6B_03593.jpg,3,/mnt/research-projects/j/jlgage/RawUAVData01/uavforslb/final_image/final_sliced/20240802_C6B_03593.jpg
2533,C6B,2024,7/27/24,4.0,7/26/24,20240726_C6B_02533.jpg,-1,/mnt/research-projects/j/jlgage/RawUAVData01/uavforslb/final_image/final_sliced/20240726_C6B_02533.jpg
11196,I3B,2023,7/19/23,6.0,7/20/23,20230720_I3B_11196.jpg,1,/mnt/research-projects/j/jlgage/RawUAVData01/uavforslb/final_image/final_sliced/20230720_I3B_11196.jpg
8118,G3,2023,7/26/23,7.5,7/27/23,20230727_G3_08118.jpg,1,/mnt/research-projects/j/jlgage/RawUAVData01/uavforslb/final_image/final_sliced/20230727_G3_08118.jpg
692,C6B,2024,7/29/24,3.0,7/26/24,20240726_C6B_00692.jpg,-3,/mnt/research-projects/j/jlgage/RawUAVData01/uavforslb/final_image/final_sliced/20240726_C6B_00692.jpg
1549,C6B,2024,7/29/24,5.0,7/26/24,20240726_C6B_01549.jpg,-3,/mnt/research-projects/j/jlgage/RawUAVData01/uavforslb/final_image/final_sliced/20240726_C6B_01549.jpg
1538,C6B,2024,7/29/24,2.0,7/26/24,20240726_C6B_01538.jpg,-3,/mnt/research-projects/j/jlgage/RawUAVData01/uavforslb/final_image/final_sliced/20240726_C6B_01538.jpg
3020,C6B,2024,7/30/24,1.5,8/2/24,20240802_C6B_03020.jpg,3,/mnt/research-projects/j/jlgage/RawUAVData01/uavforslb/final_image/final_sliced/20240802_C6B_03020.jpg
1284,C6B,2024,7/29/24,4.5,7/26/24,20240726_C6B_01284.jpg,-3,/mnt/research-projects/j/jlgage/RawUAVData01/uavforslb/final_image/final_sliced/20240726_C6B_01284.jpg
9643,I3B,2023,7/12/23,4.0,7/13/23,20230713_I3B_09643.jpg,1,/mnt/research-projects/j/jlgage/RawUAVData01/uavforslb/final_image/final_sliced/20230713_I3B_09643.jpg
1736,C6B,2024,7/29/24,4.0,7/26/24,20240726_C6B_01736.jpg,-3,/mnt/research-projects/j/jlgage/RawUAVData01/uavforslb/final_image/final_sliced/20240726_C6B_01736.jpg
9848,I3B,2023,7/12/23,4.0,7/13/23,20230713_I3B_09848.jpg,1,/mnt/research-projects/j/jlgage/RawUAVData01/uavforslb/final_image/final_sliced/20230713_I3B_09848.jpg
893,C6B,2024,7/29/24,5.0,7/26/24,20240726_C6B_00893.jpg,-3,/mnt/research-projects/j/jlgage/RawUAVData01/uavforslb/final_image/final_sliced/20240726_C6B_00893.jpg
10929,I3B,2023,7/19/23,5.5,7/20/23,20230720_I3B_10929.jpg,1,/mnt/research-projects/j/jlgage/RawUAVData01/uavforslb/final_image/final_sliced/20230720_I3B_10929.jpg
3474,C6B,2024,7/30/24,2.0,8/2/24,20240802_C6B_03474.jpg,3,/mnt/research-projects/j/jlgage/RawUAVData01/uavforslb/final_image/final_sliced/20240802_C6B_03474.jpg
661,C6B,2024,7/19/24,8.0,7/18/24,20240718_C6B_00661.jpg,-1,/mnt/research-projects/j/jlgage/RawUAVData01/uavforslb/final_image/final_sliced/20240718_C6B_00661.jpg
8027,G3,2023,7/26/23,7.5,7/27/23,20230727_G3_08027.jpg,1,/mnt/research-projects/j/jlgage/RawUAVData01/uavforslb/final_image/final_sliced/20230727_G3_08027.jpg
11230,I3B,2023,7/19/23,5.0,7/20/23,20230720_I3B_11230.jpg,1,/mnt/research-projects/j/jlgage/RawUAVData01/uavforslb/final_image/final_sliced/20230720_I3B_11230.jpg
3861,B7A,2024,7/15/24,7.5,7/16/24,20240716_B7A_03861.jpg,1,/mnt/research-projects/j/jlgage/RawUAVData01/uavforslb/final_image/final_sliced/20240716_B7A_03861.jpg
1485,C6B,2024,7/29/24,3.0,7/26/24,20240726_C6B_01485.jpg,-3,/mnt/research-projects/j/jlgage/RawUAVData01/uavforslb/final_image/final_sliced/20240726_C6B_01485.jpg
3712,C6B,2024,7/15/24,8.0,7/18/24,20240718_C6B_03712.jpg,3,/mnt/research-projects/j/jlgage/RawUAVData01/uavforslb/final_image/final_sliced/20240718_C6B_03712.jpg
11229,I3B,2023,7/19/23,5.5,7/20/23,20230720_I3B_11229.jpg,1,/mnt/research-projects/j/jlgage/RawUAVData01/uavforslb/final_image/final_sliced/20230720_I3B_11229.jpg
8153,G3,2023,7/20/23,8.0,7/20/23,20230720_G3_08153.jpg,0,/mnt/research-projects/j/jlgage/RawUAVData01/uavforslb/final_image/final_sliced/20230720_G3_08153.jpg
9648,I3B,2023,7/12/23,6.0,7/13/23,20230713_I3B_09648.jpg,1,/mnt/research-projects/j/jlgage/RawUAVData01/uavforslb/final_image/final_sliced/20230713_I3B_09648.jpg
1069,C6B,2024,7/29/24,2.0,7/26/24,20240726_C6B_01069.jpg,-3,/mnt/research-projects/j/jlgage/RawUAVData01/uavforslb/final_image/final_sliced/20240726_C6B_01069.jpg
1531,C6B,2024,7/29/24,4.0,7/26/24,20240726_C6B_01531.jpg,-3,/mnt/research-projects/j/jlgage/RawUAVData01/uavforslb/final_image/final_sliced/20240726_C6B_01531.jpg
11252,I3B,2023,7/19/23,5.0,7/20/23,20230720_I3B_11252.jpg,1,/mnt/research-projects/j/jlgage/RawUAVData01/uavforslb/final_image/final_sliced/20230720_I3B_11252.jpg
3637,C6B,2024,7/30/24,2.0,8/2/24,20240802_C6B_03637.jpg,3,/mnt/research-projects/j/jlgage/RawUAVData01/uavforslb/final_image/final_sliced/20240802_C6B_03637.jpg
2067,C6B,2024,7/29/24,2.5,7/26/24,20240726_C6B_02067.jpg,-3,/mnt/research-projects/j/jlgage/RawUAVData01/uavforslb/final_image/final_sliced/20240726_C6B_02067.jpg
170,C6B,2024,7/19/24,8.0,7/18/24,20240718_C6B_00170.jpg,-1,/mnt/research-projects/j/jlgage/RawUAVData01/uavforslb/final_image/final_sliced/20240718_C6B_00170.jpg
5049,C6B,2024,7/18/24,7.0,7/18/24,20240718_C6B_05049.jpg,0,/mnt/research-projects/j/jlgage/RawUAVData01/uavforslb/final_image/final_sliced/20240718_C6B_05049.jpg
9948,I3B,2023,7/12/23,4.5,7/13/23,20230713_I3B_09948.jpg,1,/mnt/research-projects/j/jlgage/RawUAVData01/uavforslb/final_image/final_sliced/20230713_I3B_09948.jpg
9999,I3B,2023,7/12/23,5.0,7/13/23,20230713_I3B_09999.jpg,1,/mnt/research-projects/j/jlgage/RawUAVData01/uavforslb/final_image/final_sliced/20230713_I3B_09999.jpg
5536,B7A,2024,7/1/24,8.0,7/3/24,20240703_B7A_05536.jpg,2,/mnt/research-projects/j/jlgage/RawUAVData01/uavforslb/final_image/final_sliced/20240703_B7A_05536.jpg
3110,G3,2023,7/19/23,7.5,7/20/23,20230720_G3_03110.jpg,1,/mnt/research-projects/j/jlgage/RawUAVData01/uavforslb/final_image/final_sliced/20230720_G3_03110.jpg
4135,B7A,2024,7/15/24,8.5,7/16/24,20240716_B7A_04135.jpg,1,/mnt/research-projects/j/jlgage/RawUAVData01/uavforslb/final_image/final_sliced/20240716_B7A_04135.jpg
4179,B7A,2024,7/30/24,3.0,7/27/24,20240727_B7A_04179.jpg,-3,/mnt/research-projects/j/jlgage/RawUAVData01/uavforslb/final_image/final_sliced/20240727_B7A_04179.jpg
3147,G3,2023,7/19/23,7.0,7/20/23,20230720_G3_03147.jpg,1,/mnt/research-projects/j/jlgage/RawUAVData01/uavforslb/final_image/final_sliced/20230720_G3_03147.jpg
5057,C6B,2024,7/27/24,7.5,7/26/24,20240726_C6B_05057.jpg,-1,/mnt/research-projects/j/jlgage/RawUAVData01/uavforslb/final_image/final_sliced/20240726_C6B_05057.jpg
7515,G3,2023,7/26/23,8.0,7/27/23,20230727_G3_07515.jpg,1,/mnt/research-projects/j/jlgage/RawUAVData01/uavforslb/final_image/final_sliced/20230727_G3_07515.jpg
7306,G3,2023,7/20/23,7.0,7/20/23,20230720_G3_07306.jpg,0,/mnt/research-projects/j/jlgage/RawUAVData01/uavforslb/final_image/final_sliced/20230720_G3_07306.jpg
7473,G3,2023,7/20/23,5.5,7/20/23,20230720_G3_07473.jpg,0,/mnt/research-projects/j/jlgage/RawUAVData01/uavforslb/final_image/final_sliced/20230720_G3_07473.jpg
4654,B7A,2024,7/15/24,8.0,7/16/24,20240716_B7A_04654.jpg,1,/mnt/research-projects/j/jlgage/RawUAVData01/uavforslb/final_image/final_sliced/20240716_B7A_04654.jpg
3653,C6B,2024,7/30/24,2.0,8/2/24,20240802_C6B_03653.jpg,3,/mnt/research-projects/j/jlgage/RawUAVData01/uavforslb/final_image/final_sliced/20240802_C6B_03653.jpg
10880,I3B,2023,7/19/23,6.5,7/20/23,20230720_I3B_10880.jpg,1,/mnt/research-projects/j/jlgage/RawUAVData01/uavforslb/final_image/final_sliced/20230720_I3B_10880.jpg
11334,I3B,2023,7/19/23,7.5,7/20/23,20230720_I3B_11334.jpg,1,/mnt/research-projects/j/jlgage/RawUAVData01/uavforslb/final_image/final_sliced/20230720_I3B_11334.jpg
10414,I3B,2023,7/25/23,4.0,7/27/23,20230727_I3B_10414.jpg,2,/mnt/research-projects/j/jlgage/RawUAVData01/uavforslb/final_image/final_sliced/20230727_I3B_10414.jpg
2532,C6B,2024,7/11/24,6.0,7/10/24,20240710_C6B_02532.jpg,-1,/mnt/research-projects/j/jlgage/RawUAVData01/uavforslb/final_image/final_sliced/20240710_C6B_02532.jpg
1335,C6B,2024,7/19/24,6.0,7/18/24,20240718_C6B_01335.jpg,-1,/mnt/research-projects/j/jlgage/RawUAVData01/uavforslb/final_image/final_sliced/20240718_C6B_01335.jpg
7415,G3,2023,7/20/23,8.0,7/20/23,20230720_G3_07415.jpg,0,/mnt/research-projects/j/jlgage/RawUAVData01/uavforslb/final_image/final_sliced/20230720_G3_07415.jpg
416,C6B,2024,7/19/24,6.5,7/18/24,20240718_C6B_00416.jpg,-1,/mnt/research-projects/j/jlgage/RawUAVData01/uavforslb/final_image/final_sliced/20240718_C6B_00416.jpg
9787,I3B,2023,7/12/23,4.5,7/13/23,20230713_I3B_09787.jpg,1,/mnt/research-projects/j/jlgage/RawUAVData01/uavforslb/final_image/final_sliced/20230713_I3B_09787.jpg
10794,I3B,2023,7/19/23,6.0,7/20/23,20230720_I3B_10794.jpg,1,/mnt/research-projects/j/jlgage/RawUAVData01/uavforslb/final_image/final_sliced/20230720_I3B_10794.jpg
10753,I3B,2023,7/19/23,5.5,7/20/23,20230720_I3B_10753.jpg,1,/mnt/research-projects/j/jlgage/RawUAVData01/uavforslb/final_image/final_sliced/20230720_I3B_10753.jpg
11258,I3B,2023,7/19/23,7.0,7/20/23,20230720_I3B_11258.jpg,1,/mnt/research-projects/j/jlgage/RawUAVData01/uavforslb/final_image/final_sliced/20230720_I3B_11258.jpg
7493,G3,2023,7/20/23,8.0,7/20/23,20230720_G3_07493.jpg,0,/mnt/research-projects/j/jlgage/RawUAVData01/uavforslb/final_image/final_sliced/20230720_G3_07493.jpg
5501,B7A,2024,7/1/24,8.5,7/3/24,20240703_B7A_05501.jpg,2,/mnt/research-projects/j/jlgage/RawUAVData01/uavforslb/final_image/final_sliced/20240703_B7A_05501.jpg
7260,G3,2023,7/26/23,3.5,7/27/23,20230727_G3_07260.jpg,1,/mnt/research-projects/j/jlgage/RawUAVData01/uavforslb/final_image/final_sliced/20230727_G3_07260.jpg
4199,B7A,2024,7/15/24,7.5,7/16/24,20240716_B7A_04199.jpg,1,/mnt/research-projects/j/jlgage/RawUAVData01/uavforslb/final_image/final_sliced/20240716_B7A_04199.jpg
9681,I3B,2023,7/12/23,4.5,7/13/23,20230713_I3B_09681.jpg,1,/mnt/research-projects/j/jlgage/RawUAVData01/uavforslb/final_image/final_sliced/20230713_I3B_09681.jpg
10242,I3B,2023,7/25/23,3.5,7/27/23,20230727_I3B_10242.jpg,2,/mnt/research-projects/j/jlgage/RawUAVData01/uavforslb/final_image/final_sliced/20230727_I3B_10242.jpg
8124,G3,2023,7/26/23,8.0,7/27/23,20230727_G3_08124.jpg,1,/mnt/research-projects/j/jlgage/RawUAVData01/uavforslb/final_image/final_sliced/20230727_G3_08124.jpg
8120,G3,2023,7/26/23,7.5,7/27/23,20230727_G3_08120.jpg,1,/mnt/research-projects/j/jlgage/RawUAVData01/uavforslb/final_image/final_sliced/20230727_G3_08120.jpg
3131,G3,2023,7/19/23,7.5,7/20/23,20230720_G3_03131.jpg,1,/mnt/research-projects/j/jlgage/RawUAVData01/uavforslb/final_image/final_sliced/20230720_G3_03131.jpg
11049,I3B,2023,7/12/23,7.5,7/13/23,20230713_I3B_11049.jpg,1,/mnt/research-projects/j/jlgage/RawUAVData01/uavforslb/final_image/final_sliced/20230713_I3B_11049.jpg
4407,B7A,2024,7/30/24,1.5,7/27/24,20240727_B7A_04407.jpg,-3,/mnt/research-projects/j/jlgage/RawUAVData01/uavforslb/final_image/final_sliced/20240727_B7A_04407.jpg
799,C6B,2024,7/19/24,7.0,7/18/24,20240718_C6B_00799.jpg,-1,/mnt/research-projects/j/jlgage/RawUAVData01/uavforslb/final_image/final_sliced/20240718_C6B_00799.jpg
9695,I3B,2023,7/12/23,4.5,7/13/23,20230713_I3B_09695.jpg,1,/mnt/research-projects/j/jlgage/RawUAVData01/uavforslb/final_image/final_sliced/20230713_I3B_09695.jpg
7290,G3,2023,7/26/23,8.0,7/27/23,20230727_G3_07290.jpg,1,/mnt/research-projects/j/jlgage/RawUAVData01/uavforslb/final_image/final_sliced/20230727_G3_07290.jpg
11293,I3B,2023,7/19/23,5.5,7/20/23,20230720_I3B_11293.jpg,1,/mnt/research-projects/j/jlgage/RawUAVData01/uavforslb/final_image/final_sliced/20230720_I3B_11293.jpg
5027,C6B,2024,7/18/24,8.0,7/18/24,20240718_C6B_05027.jpg,0,/mnt/research-projects/j/jlgage/RawUAVData01/uavforslb/final_image/final_sliced/20240718_C6B_05027.jpg
11208,I3B,2023,7/19/23,7.0,7/20/23,20230720_I3B_11208.jpg,1,/mnt/research-projects/j/jlgage/RawUAVData01/uavforslb/final_image/final_sliced/20230720_I3B_11208.jpg
2001,C6B,2024,7/19/24,7.0,7/18/24,20240718_C6B_02001.jpg,-1,/mnt/research-projects/j/jlgage/RawUAVData01/uavforslb/final_image/final_sliced/20240718_C6B_02001.jpg
10903,I3B,2023,7/19/23,5.0,7/20/23,20230720_I3B_10903.jpg,1,/mnt/research-projects/j/jlgage/RawUAVData01/uavforslb/final_image/final_sliced/20230720_I3B_10903.jpg
1239,C6B,2024,7/19/24,8.0,7/18/24,20240718_C6B_01239.jpg,-1,/mnt/research-projects/j/jlgage/RawUAVData01/uavforslb/final_image/final_sliced/20240718_C6B_01239.jpg
10333,I3B,2023,7/25/23,4.0,7/27/23,20230727_I3B_10333.jpg,2,/mnt/research-projects/j/jlgage/RawUAVData01/uavforslb/final_image/final_sliced/20230727_I3B_10333.jpg
10964,I3B,2023,7/19/23,7.0,7/20/23,20230720_I3B_10964.jpg,1,/mnt/research-projects/j/jlgage/RawUAVData01/uavforslb/final_image/final_sliced/20230720_I3B_10964.jpg
1517,C6B,2024,7/29/24,5.5,7/26/24,20240726_C6B_01517.jpg,-3,/mnt/research-projects/j/jlgage/RawUAVData01/uavforslb/final_image/final_sliced/20240726_C6B_01517.jpg
3774,C6B,2024,7/15/24,8.5,7/18/24,20240718_C6B_03774.jpg,3,/mnt/research-projects/j/jlgage/RawUAVData01/uavforslb/final_image/final_sliced/20240718_C6B_03774.jpg
4446,B7A,2024,7/30/24,4.0,7/27/24,20240727_B7A_04446.jpg,-3,/mnt/research-projects/j/jlgage/RawUAVData01/uavforslb/final_image/final_sliced/20240727_B7A_04446.jpg
11088,I3B,2023,7/12/23,7.0,7/13/23,20230713_I3B_11088.jpg,1,/mnt/research-projects/j/jlgage/RawUAVData01/uavforslb/final_image/final_sliced/20230713_I3B_11088.jpg
11249,I3B,2023,7/19/23,5.0,7/20/23,20230720_I3B_11249.jpg,1,/mnt/research-projects/j/jlgage/RawUAVData01/uavforslb/final_image/final_sliced/20230720_I3B_11249.jpg
7522,G3,2023,7/26/23,5.5,7/27/23,20230727_G3_07522.jpg,1,/mnt/research-projects/j/jlgage/RawUAVData01/uavforslb/final_image/final_sliced/20230727_G3_07522.jpg
7226,G3,2023,7/26/23,3.0,7/27/23,20230727_G3_07226.jpg,1,/mnt/research-projects/j/jlgage/RawUAVData01/uavforslb/final_image/final_sliced/20230727_G3_07226.jpg
593,C6B,2024,7/29/24,5.0,7/26/24,20240726_C6B_00593.jpg,-3,/mnt/research-projects/j/jlgage/RawUAVData01/uavforslb/final_image/final_sliced/20240726_C6B_00593.jpg
7427,G3,2023,7/20/23,7.0,7/20/23,20230720_G3_07427.jpg,0,/mnt/research-projects/j/jlgage/RawUAVData01/uavforslb/final_image/final_sliced/20230720_G3_07427.jpg
9759,I3B,2023,7/12/23,5.5,7/13/23,20230713_I3B_09759.jpg,1,/mnt/research-projects/j/jlgage/RawUAVData01/uavforslb/final_image/final_sliced/20230713_I3B_09759.jpg
3171,G3,2023,7/19/23,5.5,7/20/23,20230720_G3_03171.jpg,1,/mnt/research-projects/j/jlgage/RawUAVData01/uavforslb/final_image/final_sliced/20230720_G3_03171.jpg
3624,C6B,2024,7/15/24,8.0,7/18/24,20240718_C6B_03624.jpg,3,/mnt/research-projects/j/jlgage/RawUAVData01/uavforslb/final_image/final_sliced/20240718_C6B_03624.jpg
10330,I3B,2023,7/25/23,3.0,7/27/23,20230727_I3B_10330.jpg,2,/mnt/research-projects/j/jlgage/RawUAVData01/uavforslb/final_image/final_sliced/20230727_I3B_10330.jpg
2726,C6B,2024,7/15/24,7.5,7/18/24,20240718_C6B_02726.jpg,3,/mnt/research-projects/j/jlgage/RawUAVData01/uavforslb/final_image/final_sliced/20240718_C6B_02726.jpg
7237,G3,2023,7/19/23,5.0,7/20/23,20230720_G3_07237.jpg,1,/mnt/research-projects/j/jlgage/RawUAVData01/uavforslb/final_image/final_sliced/20230720_G3_07237.jpg
2839,C6B,2024,7/15/24,8.0,7/18/24,20240718_C6B_02839.jpg,3,/mnt/research-projects/j/jlgage/RawUAVData01/uavforslb/final_image/final_sliced/20240718_C6B_02839.jpg
1674,C6B,2024,7/19/24,8.5,7/18/24,20240718_C6B_01674.jpg,-1,/mnt/research-projects/j/jlgage/RawUAVData01/uavforslb/final_image/final_sliced/20240718_C6B_01674.jpg
7481,G3,2023,7/20/23,8.0,7/20/23,20230720_G3_07481.jpg,0,/mnt/research-projects/j/jlgage/RawUAVData01/uavforslb/final_image/final_sliced/20230720_G3_07481.jpg
7323,G3,2023,7/20/23,7.0,7/20/23,20230720_G3_07323.jpg,0,/mnt/research-projects/j/jlgage/RawUAVData01/uavforslb/final_image/final_sliced/20230720_G3_07323.jpg
11162,I3B,2023,7/12/23,7.5,7/13/23,20230713_I3B_11162.jpg,1,/mnt/research-projects/j/jlgage/RawUAVData01/uavforslb/final_image/final_sliced/20230713_I3B_11162.jpg
2526,C6B,2024,7/18/24,7.0,7/18/24,20240718_C6B_02526.jpg,0,/mnt/research-projects/j/jlgage/RawUAVData01/uavforslb/final_image/final_sliced/20240718_C6B_02526.jpg
4125,B7A,2024,7/15/24,7.0,7/16/24,20240716_B7A_04125.jpg,1,/mnt/research-projects/j/jlgage/RawUAVData01/uavforslb/final_image/final_sliced/20240716_B7A_04125.jpg
3293,C6B,2024,7/15/24,8.0,7/18/24,20240718_C6B_03293.jpg,3,/mnt/research-projects/j/jlgage/RawUAVData01/uavforslb/final_image/final_sliced/20240718_C6B_03293.jpg
3138,G3,2023,7/19/23,8.0,7/20/23,20230720_G3_03138.jpg,1,/mnt/research-projects/j/jlgage/RawUAVData01/uavforslb/final_image/final_sliced/20230720_G3_03138.jpg
3066,C6B,2024,7/30/24,2.0,8/2/24,20240802_C6B_03066.jpg,3,/mnt/research-projects/j/jlgage/RawUAVData01/uavforslb/final_image/final_sliced/20240802_C6B_03066.jpg
5002,C6B,2024,7/18/24,6.5,7/18/24,20240718_C6B_05002.jpg,0,/mnt/research-projects/j/jlgage/RawUAVData01/uavforslb/final_image/final_sliced/20240718_C6B_05002.jpg
7523,G3,2023,7/26/23,8.0,7/27/23,20230727_G3_07523.jpg,1,/mnt/research-projects/j/jlgage/RawUAVData01/uavforslb/final_image/final_sliced/20230727_G3_07523.jpg
7214,G3,2023,7/19/23,7.0,7/20/23,20230720_G3_07214.jpg,1,/mnt/research-projects/j/jlgage/RawUAVData01/uavforslb/final_image/final_sliced/20230720_G3_07214.jpg
2561,C6B,2024,7/11/24,8.0,7/10/24,20240710_C6B_02561.jpg,-1,/mnt/research-projects/j/jlgage/RawUAVData01/uavforslb/final_image/final_sliced/20240710_C6B_02561.jpg
11011,I3B,2023,7/19/23,5.0,7/20/23,20230720_I3B_11011.jpg,1,/mnt/research-projects/j/jlgage/RawUAVData01/uavforslb/final_image/final_sliced/20230720_I3B_11011.jpg
7245,G3,2023,7/19/23,7.0,7/20/23,20230720_G3_07245.jpg,1,/mnt/research-projects/j/jlgage/RawUAVData01/uavforslb/final_image/final_sliced/20230720_G3_07245.jpg
2061,C6B,2024,7/19/24,4.0,7/18/24,20240718_C6B_02061.jpg,-1,/mnt/research-projects/j/jlgage/RawUAVData01/uavforslb/final_image/final_sliced/20240718_C6B_02061.jpg
7366,G3,2023,7/20/23,7.0,7/20/23,20230720_G3_07366.jpg,0,/mnt/research-projects/j/jlgage/RawUAVData01/uavforslb/final_image/final_sliced/20230720_G3_07366.jpg
4215,B7A,2024,7/15/24,8.5,7/16/24,20240716_B7A_04215.jpg,1,/mnt/research-projects/j/jlgage/RawUAVData01/uavforslb/final_image/final_sliced/20240716_B7A_04215.jpg
2872,C6B,2024,7/30/24,2.0,8/2/24,20240802_C6B_02872.jpg,3,/mnt/research-projects/j/jlgage/RawUAVData01/uavforslb/final_image/final_sliced/20240802_C6B_02872.jpg
1764,C6B,2024,7/29/24,2.5,7/26/24,20240726_C6B_01764.jpg,-3,/mnt/research-projects/j/jlgage/RawUAVData01/uavforslb/final_image/final_sliced/20240726_C6B_01764.jpg
10776,I3B,2023,7/19/23,5.5,7/20/23,20230720_I3B_10776.jpg,1,/mnt/research-projects/j/jlgage/RawUAVData01/uavforslb/final_image/final_sliced/20230720_I3B_10776.jpg
5522,B7A,2024,7/18/24,7.0,7/16/24,20240716_B7A_05522.jpg,-2,/mnt/research-projects/j/jlgage/RawUAVData01/uavforslb/final_image/final_sliced/20240716_B7A_05522.jpg
4143,B7A,2024,7/30/24,1.5,7/27/24,20240727_B7A_04143.jpg,-3,/mnt/research-projects/j/jlgage/RawUAVData01/uavforslb/final_image/final_sliced/20240727_B7A_04143.jpg
10723,I3B,2023,7/19/23,5.0,7/20/23,20230720_I3B_10723.jpg,1,/mnt/research-projects/j/jlgage/RawUAVData01/uavforslb/final_image/final_sliced/20230720_I3B_10723.jpg
4645,B7A,2024,7/15/24,5.0,7/16/24,20240716_B7A_04645.jpg,1,/mnt/research-projects/j/jlgage/RawUAVData01/uavforslb/final_image/final_sliced/20240716_B7A_04645.jpg
8092,G3,2023,7/26/23,6.0,7/27/23,20230727_G3_08092.jpg,1,/mnt/research-projects/j/jlgage/RawUAVData01/uavforslb/final_image/final_sliced/20230727_G3_08092.jpg
3077,G3,2023,7/26/23,8.0,7/27/23,20230727_G3_03077.jpg,1,/mnt/research-projects/j/jlgage/RawUAVData01/uavforslb/final_image/final_sliced/20230727_G3_03077.jpg
7335,G3,2023,7/26/23,7.5,7/27/23,20230727_G3_07335.jpg,1,/mnt/research-projects/j/jlgage/RawUAVData01/uavforslb/final_image/final_sliced/20230727_G3_07335.jpg
9964,I3B,2023,7/12/23,5.0,7/13/23,20230713_I3B_09964.jpg,1,/mnt/research-projects/j/jlgage/RawUAVData01/uavforslb/final_image/final_sliced/20230713_I3B_09964.jpg
7254,G3,2023,7/26/23,6.0,7/27/23,20230727_G3_07254.jpg,1,/mnt/research-projects/j/jlgage/RawUAVData01/uavforslb/final_image/final_sliced/20230727_G3_07254.jpg
5520,B7A,2024,7/11/24,8.0,7/10/24,20240710_B7A_05520.jpg,-1,/mnt/research-projects/j/jlgage/RawUAVData01/uavforslb/final_image/final_sliced/20240710_B7A_05520.jpg
823,C6B,2024,7/19/24,8.0,7/18/24,20240718_C6B_00823.jpg,-1,/mnt/research-projects/j/jlgage/RawUAVData01/uavforslb/final_image/final_sliced/20240718_C6B_00823.jpg
10025,I3B,2023,7/12/23,5.0,7/13/23,20230713_I3B_10025.jpg,1,/mnt/research-projects/j/jlgage/RawUAVData01/uavforslb/final_image/final_sliced/20230713_I3B_10025.jpg
553,C6B,2024,7/29/24,7.0,7/26/24,20240726_C6B_00553.jpg,-3,/mnt/research-projects/j/jlgage/RawUAVData01/uavforslb/final_image/final_sliced/20240726_C6B_00553.jpg
817,C6B,2024,7/19/24,8.5,7/18/24,20240718_C6B_00817.jpg,-1,/mnt/research-projects/j/jlgage/RawUAVData01/uavforslb/final_image/final_sliced/20240718_C6B_00817.jpg
4652,B7A,2024,7/15/24,8.0,7/16/24,20240716_B7A_04652.jpg,1,/mnt/research-projects/j/jlgage/RawUAVData01/uavforslb/final_image/final_sliced/20240716_B7A_04652.jpg
4149,B7A,2024,7/30/24,1.5,7/27/24,20240727_B7A_04149.jpg,-3,/mnt/research-projects/j/jlgage/RawUAVData01/uavforslb/final_image/final_sliced/20240727_B7A_04149.jpg
11019,I3B,2023,7/19/23,4.0,7/20/23,20230720_I3B_11019.jpg,1,/mnt/research-projects/j/jlgage/RawUAVData01/uavforslb/final_image/final_sliced/20230720_I3B_11019.jpg
7314,G3,2023,7/26/23,8.0,7/27/23,20230727_G3_07314.jpg,1,/mnt/research-projects/j/jlgage/RawUAVData01/uavforslb/final_image/final_sliced/20230727_G3_07314.jpg
320,C6B,2024,7/29/24,5.0,7/26/24,20240726_C6B_00320.jpg,-3,/mnt/research-projects/j/jlgage/RawUAVData01/uavforslb/final_image/final_sliced/20240726_C6B_00320.jpg
3201,G3,2023,7/19/23,5.0,7/20/23,20230720_G3_03201.jpg,1,/mnt/research-projects/j/jlgage/RawUAVData01/uavforslb/final_image/final_sliced/20230720_G3_03201.jpg
8057,G3,2023,7/26/23,4.0,7/27/23,20230727_G3_08057.jpg,1,/mnt/research-projects/j/jlgage/RawUAVData01/uavforslb/final_image/final_sliced/20230727_G3_08057.jpg
5509,B7A,2024,7/11/24,7.5,7/10/24,20240710_B7A_05509.jpg,-1,/mnt/research-projects/j/jlgage/RawUAVData01/uavforslb/final_image/final_sliced/20240710_B7A_05509.jpg
3084,G3,2023,7/26/23,8.0,7/27/23,20230727_G3_03084.jpg,1,/mnt/research-projects/j/jlgage/RawUAVData01/uavforslb/final_image/final_sliced/20230727_G3_03084.jpg
3342,C6B,2024,7/30/24,1.5,8/2/24,20240802_C6B_03342.jpg,3,/mnt/research-projects/j/jlgage/RawUAVData01/uavforslb/final_image/final_sliced/20240802_C6B_03342.jpg
11320,I3B,2023,7/19/23,7.0,7/20/23,20230720_I3B_11320.jpg,1,/mnt/research-projects/j/jlgage/RawUAVData01/uavforslb/final_image/final_sliced/20230720_I3B_11320.jpg
3051,G3,2023,7/19/23,7.5,7/20/23,20230720_G3_03051.jpg,1,/mnt/research-projects/j/jlgage/RawUAVData01/uavforslb/final_image/final_sliced/20230720_G3_03051.jpg
10985,I3B,2023,7/19/23,6.0,7/20/23,20230720_I3B_10985.jpg,1,/mnt/research-projects/j/jlgage/RawUAVData01/uavforslb/final_image/final_sliced/20230720_I3B_10985.jpg
3102,G3,2023,7/19/23,8.0,7/20/23,20230720_G3_03102.jpg,1,/mnt/research-projects/j/jlgage/RawUAVData01/uavforslb/final_image/final_sliced/20230720_G3_03102.jpg
4158,B7A,2024,7/30/24,5.0,7/27/24,20240727_B7A_04158.jpg,-3,/mnt/research-projects/j/jlgage/RawUAVData01/uavforslb/final_image/final_sliced/20240727_B7A_04158.jpg
3957,B7A,2024,7/15/24,8.5,7/16/24,20240716_B7A_03957.jpg,1,/mnt/research-projects/j/jlgage/RawUAVData01/uavforslb/final_image/final_sliced/20240716_B7A_03957.jpg
7397,G3,2023,7/26/23,8.0,7/27/23,20230727_G3_07397.jpg,1,/mnt/research-projects/j/jlgage/RawUAVData01/uavforslb/final_image/final_sliced/20230727_G3_07397.jpg
7315,G3,2023,7/26/23,4.0,7/27/23,20230727_G3_07315.jpg,1,/mnt/research-projects/j/jlgage/RawUAVData01/uavforslb/final_image/final_sliced/20230727_G3_07315.jpg
3049,C6B,2024,7/15/24,5.0,7/18/24,20240718_C6B_03049.jpg,3,/mnt/research-projects/j/jlgage/RawUAVData01/uavforslb/final_image/final_sliced/20240718_C6B_03049.jpg
11342,I3B,2023,7/19/23,7.0,7/20/23,20230720_I3B_11342.jpg,1,/mnt/research-projects/j/jlgage/RawUAVData01/uavforslb/final_image/final_sliced/20230720_I3B_11342.jpg
3671,C6B,2024,7/15/24,8.5,7/18/24,20240718_C6B_03671.jpg,3,/mnt/research-projects/j/jlgage/RawUAVData01/uavforslb/final_image/final_sliced/20240718_C6B_03671.jpg
5016,C6B,2024,7/18/24,8.0,7/18/24,20240718_C6B_05016.jpg,0,/mnt/research-projects/j/jlgage/RawUAVData01/uavforslb/final_image/final_sliced/20240718_C6B_05016.jpg
11115,I3B,2023,7/12/23,7.0,7/13/23,20230713_I3B_11115.jpg,1,/mnt/research-projects/j/jlgage/RawUAVData01/uavforslb/final_image/final_sliced/20230713_I3B_11115.jpg
4137,B7A,2024,7/30/24,1.5,7/27/24,20240727_B7A_04137.jpg,-3,/mnt/research-projects/j/jlgage/RawUAVData01/uavforslb/final_image/final_sliced/20240727_B7A_04137.jpg
3716,C6B,2024,7/15/24,8.5,7/18/24,20240718_C6B_03716.jpg,3,/mnt/research-projects/j/jlgage/RawUAVData01/uavforslb/final_image/final_sliced/20240718_C6B_03716.jpg
3068,G3,2023,7/19/23,8.0,7/20/23,20230720_G3_03068.jpg,1,/mnt/research-projects/j/jlgage/RawUAVData01/uavforslb/final_image/final_sliced/20230720_G3_03068.jpg
1551,C6B,2024,7/19/24,8.0,7/18/24,20240718_C6B_01551.jpg,-1,/mnt/research-projects/j/jlgage/RawUAVData01/uavforslb/final_image/final_sliced/20240718_C6B_01551.jpg
115,C6B,2024,7/19/24,7.0,7/18/24,20240718_C6B_00115.jpg,-1,/mnt/research-projects/j/jlgage/RawUAVData01/uavforslb/final_image/final_sliced/20240718_C6B_00115.jpg
1939,C6B,2024,7/29/24,4.5,7/26/24,20240726_C6B_01939.jpg,-3,/mnt/research-projects/j/jlgage/RawUAVData01/uavforslb/final_image/final_sliced/20240726_C6B_01939.jpg
472,C6B,2024,7/29/24,5.0,7/26/24,20240726_C6B_00472.jpg,-3,/mnt/research-projects/j/jlgage/RawUAVData01/uavforslb/final_image/final_sliced/20240726_C6B_00472.jpg
3354,C6B,2024,7/30/24,1.0,8/2/24,20240802_C6B_03354.jpg,3,/mnt/research-projects/j/jlgage/RawUAVData01/uavforslb/final_image/final_sliced/20240802_C6B_03354.jpg
11121,I3B,2023,7/12/23,8.0,7/13/23,20230713_I3B_11121.jpg,1,/mnt/research-projects/j/jlgage/RawUAVData01/uavforslb/final_image/final_sliced/20230713_I3B_11121.jpg
2025,C6B,2024,7/19/24,5.0,7/18/24,20240718_C6B_02025.jpg,-1,/mnt/research-projects/j/jlgage/RawUAVData01/uavforslb/final_image/final_sliced/20240718_C6B_02025.jpg
7283,G3,2023,7/26/23,7.5,7/27/23,20230727_G3_07283.jpg,1,/mnt/research-projects/j/jlgage/RawUAVData01/uavforslb/final_image/final_sliced/20230727_G3_07283.jpg
9617,I3B,2023,7/12/23,6.5,7/13/23,20230713_I3B_09617.jpg,1,/mnt/research-projects/j/jlgage/RawUAVData01/uavforslb/final_image/final_sliced/20230713_I3B_09617.jpg
1524,C6B,2024,7/19/24,5.5,7/18/24,20240718_C6B_01524.jpg,-1,/mnt/research-projects/j/jlgage/RawUAVData01/uavforslb/final_image/final_sliced/20240718_C6B_01524.jpg
735,C6B,2024,7/29/24,4.0,7/26/24,20240726_C6B_00735.jpg,-3,/mnt/research-projects/j/jlgage/RawUAVData01/uavforslb/final_image/final_sliced/20240726_C6B_00735.jpg
2124,C6B,2024,7/29/24,2.0,7/26/24,20240726_C6B_02124.jpg,-3,/mnt/research-projects/j/jlgage/RawUAVData01/uavforslb/final_image/final_sliced/20240726_C6B_02124.jpg
3749,C6B,2024,7/30/24,7.0,8/2/24,20240802_C6B_03749.jpg,3,/mnt/research-projects/j/jlgage/RawUAVData01/uavforslb/final_image/final_sliced/20240802_C6B_03749.jpg
2022,C6B,2024,7/29/24,2.0,7/26/24,20240726_C6B_02022.jpg,-3,/mnt/research-projects/j/jlgage/RawUAVData01/uavforslb/final_image/final_sliced/20240726_C6B_02022.jpg
4212,B7A,2024,7/15/24,8.5,7/16/24,20240716_B7A_04212.jpg,1,/mnt/research-projects/j/jlgage/RawUAVData01/uavforslb/final_image/final_sliced/20240716_B7A_04212.jpg
9887,I3B,2023,7/12/23,4.0,7/13/23,20230713_I3B_09887.jpg,1,/mnt/research-projects/j/jlgage/RawUAVData01/uavforslb/final_image/final_sliced/20230713_I3B_09887.jpg
4440,B7A,2024,7/15/24,8.5,7/16/24,20240716_B7A_04440.jpg,1,/mnt/research-projects/j/jlgage/RawUAVData01/uavforslb/final_image/final_sliced/20240716_B7A_04440.jpg
7528,G3,2023,7/20/23,8.0,7/20/23,20230720_G3_07528.jpg,0,/mnt/research-projects/j/jlgage/RawUAVData01/uavforslb/final_image/final_sliced/20230720_G3_07528.jpg
3194,G3,2023,7/19/23,7.0,7/20/23,20230720_G3_03194.jpg,1,/mnt/research-projects/j/jlgage/RawUAVData01/uavforslb/final_image/final_sliced/20230720_G3_03194.jpg
920,C6B,2024,7/19/24,5.0,7/18/24,20240718_C6B_00920.jpg,-1,/mnt/research-projects/j/jlgage/RawUAVData01/uavforslb/final_image/final_sliced/20240718_C6B_00920.jpg
7411,G3,2023,7/26/23,7.0,7/27/23,20230727_G3_07411.jpg,1,/mnt/research-projects/j/jlgage/RawUAVData01/uavforslb/final_image/final_sliced/20230727_G3_07411.jpg
3964,B7A,2024,7/30/24,1.0,7/27/24,20240727_B7A_03964.jpg,-3,/mnt/research-projects/j/jlgage/RawUAVData01/uavforslb/final_image/final_sliced/20240727_B7A_03964.jpg
3168,C6B,2024,7/30/24,4.0,8/2/24,20240802_C6B_03168.jpg,3,/mnt/research-projects/j/jlgage/RawUAVData01/uavforslb/final_image/final_sliced/20240802_C6B_03168.jpg
8140,G3,2023,7/26/23,7.0,7/27/23,20230727_G3_08140.jpg,1,/mnt/research-projects/j/jlgage/RawUAVData01/uavforslb/final_image/final_sliced/20230727_G3_08140.jpg
10855,I3B,2023,7/19/23,6.0,7/20/23,20230720_I3B_10855.jpg,1,/mnt/research-projects/j/jlgage/RawUAVData01/uavforslb/final_image/final_sliced/20230720_I3B_10855.jpg
2816,C6B,2024,7/15/24,6.5,7/18/24,20240718_C6B_02816.jpg,3,/mnt/research-projects/j/jlgage/RawUAVData01/uavforslb/final_image/final_sliced/20240718_C6B_02816.jpg
1204,C6B,2024,7/29/24,7.0,7/26/24,20240726_C6B_01204.jpg,-3,/mnt/research-projects/j/jlgage/RawUAVData01/uavforslb/final_image/final_sliced/20240726_C6B_01204.jpg
8003,G3,2023,7/19/23,7.5,7/20/23,20230720_G3_08003.jpg,1,/mnt/research-projects/j/jlgage/RawUAVData01/uavforslb/final_image/final_sliced/20230720_G3_08003.jpg
2591,C6B,2024,7/15/24,7.5,7/18/24,20240718_C6B_02591.jpg,3,/mnt/research-projects/j/jlgage/RawUAVData01/uavforslb/final_image/final_sliced/20240718_C6B_02591.jpg
1487,C6B,2024,7/19/24,7.0,7/18/24,20240718_C6B_01487.jpg,-1,/mnt/research-projects/j/jlgage/RawUAVData01/uavforslb/final_image/final_sliced/20240718_C6B_01487.jpg
11041,I3B,2023,7/12/23,7.0,7/13/23,20230713_I3B_11041.jpg,1,/mnt/research-projects/j/jlgage/RawUAVData01/uavforslb/final_image/final_sliced/20230713_I3B_11041.jpg
10907,I3B,2023,7/19/23,4.5,7/20/23,20230720_I3B_10907.jpg,1,/mnt/research-projects/j/jlgage/RawUAVData01/uavforslb/final_image/final_sliced/20230720_I3B_10907.jpg
7212,G3,2023,7/19/23,7.0,7/20/23,20230720_G3_07212.jpg,1,/mnt/research-projects/j/jlgage/RawUAVData01/uavforslb/final_image/final_sliced/20230720_G3_07212.jpg
11357,I3B,2023,7/19/23,6.5,7/20/23,20230720_I3B_11357.jpg,1,/mnt/research-projects/j/jlgage/RawUAVData01/uavforslb/final_image/final_sliced/20230720_I3B_11357.jpg
3460,C6B,2024,7/30/24,3.0,8/2/24,20240802_C6B_03460.jpg,3,/mnt/research-projects/j/jlgage/RawUAVData01/uavforslb/final_image/final_sliced/20240802_C6B_03460.jpg
8129,G3,2023,7/26/23,7.5,7/27/23,20230727_G3_08129.jpg,1,/mnt/research-projects/j/jlgage/RawUAVData01/uavforslb/final_image/final_sliced/20230727_G3_08129.jpg
10984,I3B,2023,7/19/23,5.0,7/20/23,20230720_I3B_10984.jpg,1,/mnt/research-projects/j/jlgage/RawUAVData01/uavforslb/final_image/final_sliced/20230720_I3B_10984.jpg
9662,I3B,2023,7/12/23,5.0,7/13/23,20230713_I3B_09662.jpg,1,/mnt/research-projects/j/jlgage/RawUAVData01/uavforslb/final_image/final_sliced/20230713_I3B_09662.jpg
457,C6B,2024,7/29/24,4.0,7/26/24,20240726_C6B_00457.jpg,-3,/mnt/research-projects/j/jlgage/RawUAVData01/uavforslb/final_image/final_sliced/20240726_C6B_00457.jpg
8010,G3,2023,7/26/23,6.0,7/27/23,20230727_G3_08010.jpg,1,/mnt/research-projects/j/jlgage/RawUAVData01/uavforslb/final_image/final_sliced/20230727_G3_08010.jpg
7461,G3,2023,7/20/23,8.0,7/20/23,20230720_G3_07461.jpg,0,/mnt/research-projects/j/jlgage/RawUAVData01/uavforslb/final_image/final_sliced/20230720_G3_07461.jpg
2714,C6B,2024,7/30/24,4.0,8/2/24,20240802_C6B_02714.jpg,3,/mnt/research-projects/j/jlgage/RawUAVData01/uavforslb/final_image/final_sliced/20240802_C6B_02714.jpg
10860,I3B,2023,7/19/23,7.5,7/20/23,20230720_I3B_10860.jpg,1,/mnt/research-projects/j/jlgage/RawUAVData01/uavforslb/final_image/final_sliced/20230720_I3B_10860.jpg
11336,I3B,2023,7/19/23,7.0,7/20/23,20230720_I3B_11336.jpg,1,/mnt/research-projects/j/jlgage/RawUAVData01/uavforslb/final_image/final_sliced/20230720_I3B_11336.jpg
3135,G3,2023,7/19/23,8.0,7/20/23,20230720_G3_03135.jpg,1,/mnt/research-projects/j/jlgage/RawUAVData01/uavforslb/final_image/final_sliced/20230720_G3_03135.jpg
2085,C6B,2024,7/19/24,5.0,7/18/24,20240718_C6B_02085.jpg,-1,/mnt/research-projects/j/jlgage/RawUAVData01/uavforslb/final_image/final_sliced/20240718_C6B_02085.jpg
11257,I3B,2023,7/19/23,4.0,7/20/23,20230720_I3B_11257.jpg,1,/mnt/research-projects/j/jlgage/RawUAVData01/uavforslb/final_image/final_sliced/20230720_I3B_11257.jpg
10402,I3B,2023,7/25/23,3.0,7/27/23,20230727_I3B_10402.jpg,2,/mnt/research-projects/j/jlgage/RawUAVData01/uavforslb/final_image/final_sliced/20230727_I3B_10402.jpg
874,C6B,2024,7/19/24,5.5,7/18/24,20240718_C6B_00874.jpg,-1,/mnt/research-projects/j/jlgage/RawUAVData01/uavforslb/final_image/final_sliced/20240718_C6B_00874.jpg
2621,C6B,2024,7/15/24,5.5,7/18/24,20240718_C6B_02621.jpg,3,/mnt/research-projects/j/jlgage/RawUAVData01/uavforslb/final_image/final_sliced/20240718_C6B_02621.jpg
3097,G3,2023,7/19/23,7.5,7/20/23,20230720_G3_03097.jpg,1,/mnt/research-projects/j/jlgage/RawUAVData01/uavforslb/final_image/final_sliced/20230720_G3_03097.jpg
4273,B7A,2024,7/30/24,1.5,7/27/24,20240727_B7A_04273.jpg,-3,/mnt/research-projects/j/jlgage/RawUAVData01/uavforslb/final_image/final_sliced/20240727_B7A_04273.jpg
11069,I3B,2023,7/12/23,6.0,7/13/23,20230713_I3B_11069.jpg,1,/mnt/research-projects/j/jlgage/RawUAVData01/uavforslb/final_image/final_sliced/20230713_I3B_11069.jpg
5056,C6B,2024,7/1/24,8.0,7/3/24,20240703_C6B_05056.jpg,2,/mnt/research-projects/j/jlgage/RawUAVData01/uavforslb/final_image/final_sliced/20240703_C6B_05056.jpg
140,C6B,2024,7/29/24,5.5,7/26/24,20240726_C6B_00140.jpg,-3,/mnt/research-projects/j/jlgage/RawUAVData01/uavforslb/final_image/final_sliced/20240726_C6B_00140.jpg
707,C6B,2024,7/19/24,8.5,7/18/24,20240718_C6B_00707.jpg,-1,/mnt/research-projects/j/jlgage/RawUAVData01/uavforslb/final_image/final_sliced/20240718_C6B_00707.jpg
11248,I3B,2023,7/19/23,5.0,7/20/23,20230720_I3B_11248.jpg,1,/mnt/research-projects/j/jlgage/RawUAVData01/uavforslb/final_image/final_sliced/20230720_I3B_11248.jpg
9709,I3B,2023,7/12/23,6.0,7/13/23,20230713_I3B_09709.jpg,1,/mnt/research-projects/j/jlgage/RawUAVData01/uavforslb/final_image/final_sliced/20230713_I3B_09709.jpg
2106,C6B,2024,7/29/24,3.5,7/26/24,20240726_C6B_02106.jpg,-3,/mnt/research-projects/j/jlgage/RawUAVData01/uavforslb/final_image/final_sliced/20240726_C6B_02106.jpg
3817,C6B,2024,7/15/24,8.0,7/18/24,20240718_C6B_03817.jpg,3,/mnt/research-projects/j/jlgage/RawUAVData01/uavforslb/final_image/final_sliced/20240718_C6B_03817.jpg
7414,G3,2023,7/20/23,8.0,7/20/23,20230720_G3_07414.jpg,0,/mnt/research-projects/j/jlgage/RawUAVData01/uavforslb/final_image/final_sliced/20230720_G3_07414.jpg
3280,C6B,2024,7/15/24,8.0,7/18/24,20240718_C6B_03280.jpg,3,/mnt/research-projects/j/jlgage/RawUAVData01/uavforslb/final_image/final_sliced/20240718_C6B_03280.jpg
10774,I3B,2023,7/19/23,5.5,7/20/23,20230720_I3B_10774.jpg,1,/mnt/research-projects/j/jlgage/RawUAVData01/uavforslb/final_image/final_sliced/20230720_I3B_10774.jpg
3056,C6B,2024,7/15/24,8.0,7/18/24,20240718_C6B_03056.jpg,3,/mnt/research-projects/j/jlgage/RawUAVData01/uavforslb/final_image/final_sliced/20240718_C6B_03056.jpg
8117,G3,2023,7/20/23,6.5,7/20/23,20230720_G3_08117.jpg,0,/mnt/research-projects/j/jlgage/RawUAVData01/uavforslb/final_image/final_sliced/20230720_G3_08117.jpg
2869,C6B,2024,7/15/24,7.5,7/18/24,20240718_C6B_02869.jpg,3,/mnt/research-projects/j/jlgage/RawUAVData01/uavforslb/final_image/final_sliced/20240718_C6B_02869.jpg
2511,C6B,2024,7/27/24,7.0,7/26/24,20240726_C6B_02511.jpg,-1,/mnt/research-projects/j/jlgage/RawUAVData01/uavforslb/final_image/final_sliced/20240726_C6B_02511.jpg
3295,C6B,2024,7/30/24,1.5,8/2/24,20240802_C6B_03295.jpg,3,/mnt/research-projects/j/jlgage/RawUAVData01/uavforslb/final_image/final_sliced/20240802_C6B_03295.jpg
1399,C6B,2024,7/19/24,8.5,7/18/24,20240718_C6B_01399.jpg,-1,/mnt/research-projects/j/jlgage/RawUAVData01/uavforslb/final_image/final_sliced/20240718_C6B_01399.jpg
7287,G3,2023,7/26/23,5.0,7/27/23,20230727_G3_07287.jpg,1,/mnt/research-projects/j/jlgage/RawUAVData01/uavforslb/final_image/final_sliced/20230727_G3_07287.jpg
1952,C6B,2024,7/19/24,5.5,7/18/24,20240718_C6B_01952.jpg,-1,/mnt/research-projects/j/jlgage/RawUAVData01/uavforslb/final_image/final_sliced/20240718_C6B_01952.jpg
3929,B7A,2024,7/15/24,8.5,7/16/24,20240716_B7A_03929.jpg,1,/mnt/research-projects/j/jlgage/RawUAVData01/uavforslb/final_image/final_sliced/20240716_B7A_03929.jpg
3205,G3,2023,7/19/23,7.5,7/20/23,20230720_G3_03205.jpg,1,/mnt/research-projects/j/jlgage/RawUAVData01/uavforslb/final_image/final_sliced/20230720_G3_03205.jpg
9956,I3B,2023,7/12/23,6.5,7/13/23,20230713_I3B_09956.jpg,1,/mnt/research-projects/j/jlgage/RawUAVData01/uavforslb/final_image/final_sliced/20230713_I3B_09956.jpg
1108,C6B,2024,7/29/24,4.0,7/26/24,20240726_C6B_01108.jpg,-3,/mnt/research-projects/j/jlgage/RawUAVData01/uavforslb/final_image/final_sliced/20240726_C6B_01108.jpg
3388,C6B,2024,7/15/24,8.5,7/18/24,20240718_C6B_03388.jpg,3,/mnt/research-projects/j/jlgage/RawUAVData01/uavforslb/final_image/final_sliced/20240718_C6B_03388.jpg
10393,I3B,2023,7/25/23,3.0,7/27/23,20230727_I3B_10393.jpg,2,/mnt/research-projects/j/jlgage/RawUAVData01/uavforslb/final_image/final_sliced/20230727_I3B_10393.jpg
1399,C6B,2024,7/29/24,4.0,7/26/24,20240726_C6B_01399.jpg,-3,/mnt/research-projects/j/jlgage/RawUAVData01/uavforslb/final_image/final_sliced/20240726_C6B_01399.jpg
4375,B7A,2024,7/30/24,2.5,7/27/24,20240727_B7A_04375.jpg,-3,/mnt/research-projects/j/jlgage/RawUAVData01/uavforslb/final_image/final_sliced/20240727_B7A_04375.jpg
1345,C6B,2024,7/19/24,6.0,7/18/24,20240718_C6B_01345.jpg,-1,/mnt/research-projects/j/jlgage/RawUAVData01/uavforslb/final_image/final_sliced/20240718_C6B_01345.jpg
9786,I3B,2023,7/12/23,5.5,7/13/23,20230713_I3B_09786.jpg,1,/mnt/research-projects/j/jlgage/RawUAVData01/uavforslb/final_image/final_sliced/20230713_I3B_09786.jpg
650,C6B,2024,7/19/24,6.5,7/18/24,20240718_C6B_00650.jpg,-1,/mnt/research-projects/j/jlgage/RawUAVData01/uavforslb/final_image/final_sliced/20240718_C6B_00650.jpg
3136,G3,2023,7/19/23,5.5,7/20/23,20230720_G3_03136.jpg,1,/mnt/research-projects/j/jlgage/RawUAVData01/uavforslb/final_image/final_sliced/20230720_G3_03136.jpg
9929,I3B,2023,7/12/23,5.5,7/13/23,20230713_I3B_09929.jpg,1,/mnt/research-projects/j/jlgage/RawUAVData01/uavforslb/final_image/final_sliced/20230713_I3B_09929.jpg
11059,I3B,2023,7/12/23,6.5,7/13/23,20230713_I3B_11059.jpg,1,/mnt/research-projects/j/jlgage/RawUAVData01/uavforslb/final_image/final_sliced/20230713_I3B_11059.jpg
11297,I3B,2023,7/19/23,5.5,7/20/23,20230720_I3B_11297.jpg,1,/mnt/research-projects/j/jlgage/RawUAVData01/uavforslb/final_image/final_sliced/20230720_I3B_11297.jpg
3115,G3,2023,7/19/23,8.5,7/20/23,20230720_G3_03115.jpg,1,/mnt/research-projects/j/jlgage/RawUAVData01/uavforslb/final_image/final_sliced/20230720_G3_03115.jpg
1439,C6B,2024,7/29/24,4.0,7/26/24,20240726_C6B_01439.jpg,-3,/mnt/research-projects/j/jlgage/RawUAVData01/uavforslb/final_image/final_sliced/20240726_C6B_01439.jpg
3005,C6B,2024,7/15/24,8.5,7/18/24,20240718_C6B_03005.jpg,3,/mnt/research-projects/j/jlgage/RawUAVData01/uavforslb/final_image/final_sliced/20240718_C6B_03005.jpg
9901,I3B,2023,7/12/23,5.5,7/13/23,20230713_I3B_09901.jpg,1,/mnt/research-projects/j/jlgage/RawUAVData01/uavforslb/final_image/final_sliced/20230713_I3B_09901.jpg
5017,C6B,2024,7/18/24,7.5,7/18/24,20240718_C6B_05017.jpg,0,/mnt/research-projects/j/jlgage/RawUAVData01/uavforslb/final_image/final_sliced/20240718_C6B_05017.jpg
10760,I3B,2023,7/19/23,4.5,7/20/23,20230720_I3B_10760.jpg,1,/mnt/research-projects/j/jlgage/RawUAVData01/uavforslb/final_image/final_sliced/20230720_I3B_10760.jpg
1181,C6B,2024,7/19/24,8.0,7/18/24,20240718_C6B_01181.jpg,-1,/mnt/research-projects/j/jlgage/RawUAVData01/uavforslb/final_image/final_sliced/20240718_C6B_01181.jpg
10739,I3B,2023,7/19/23,6.0,7/20/23,20230720_I3B_10739.jpg,1,/mnt/research-projects/j/jlgage/RawUAVData01/uavforslb/final_image/final_sliced/20230720_I3B_10739.jpg
2087,C6B,2024,7/19/24,5.0,7/18/24,20240718_C6B_02087.jpg,-1,/mnt/research-projects/j/jlgage/RawUAVData01/uavforslb/final_image/final_sliced/20240718_C6B_02087.jpg
1420,C6B,2024,7/19/24,8.5,7/18/24,20240718_C6B_01420.jpg,-1,/mnt/research-projects/j/jlgage/RawUAVData01/uavforslb/final_image/final_sliced/20240718_C6B_01420.jpg
7234,G3,2023,7/26/23,5.5,7/27/23,20230727_G3_07234.jpg,1,/mnt/research-projects/j/jlgage/RawUAVData01/uavforslb/final_image/final_sliced/20230727_G3_07234.jpg
7467,G3,2023,7/26/23,5.5,7/27/23,20230727_G3_07467.jpg,1,/mnt/research-projects/j/jlgage/RawUAVData01/uavforslb/final_image/final_sliced/20230727_G3_07467.jpg
7475,G3,2023,7/26/23,5.0,7/27/23,20230727_G3_07475.jpg,1,/mnt/research-projects/j/jlgage/RawUAVData01/uavforslb/final_image/final_sliced/20230727_G3_07475.jpg
3596,C6B,2024,7/30/24,1.5,8/2/24,20240802_C6B_03596.jpg,3,/mnt/research-projects/j/jlgage/RawUAVData01/uavforslb/final_image/final_sliced/20240802_C6B_03596.jpg
1869,C6B,2024,7/19/24,7.5,7/18/24,20240718_C6B_01869.jpg,-1,/mnt/research-projects/j/jlgage/RawUAVData01/uavforslb/final_image/final_sliced/20240718_C6B_01869.jpg
3029,G3,2023,7/19/23,7.5,7/20/23,20230720_G3_03029.jpg,1,/mnt/research-projects/j/jlgage/RawUAVData01/uavforslb/final_image/final_sliced/20230720_G3_03029.jpg
4033,B7A,2024,7/30/24,4.0,7/27/24,20240727_B7A_04033.jpg,-3,/mnt/research-projects/j/jlgage/RawUAVData01/uavforslb/final_image/final_sliced/20240727_B7A_04033.jpg
11198,I3B,2023,7/19/23,5.5,7/20/23,20230720_I3B_11198.jpg,1,/mnt/research-projects/j/jlgage/RawUAVData01/uavforslb/final_image/final_sliced/20230720_I3B_11198.jpg
7208,G3,2023,7/19/23,5.0,7/20/23,20230720_G3_07208.jpg,1,/mnt/research-projects/j/jlgage/RawUAVData01/uavforslb/final_image/final_sliced/20230720_G3_07208.jpg
1747,C6B,2024,7/29/24,3.0,7/26/24,20240726_C6B_01747.jpg,-3,/mnt/research-projects/j/jlgage/RawUAVData01/uavforslb/final_image/final_sliced/20240726_C6B_01747.jpg
3105,G3,2023,7/26/23,7.5,7/27/23,20230727_G3_03105.jpg,1,/mnt/research-projects/j/jlgage/RawUAVData01/uavforslb/final_image/final_sliced/20230727_G3_03105.jpg
3782,C6B,2024,7/30/24,4.0,8/2/24,20240802_C6B_03782.jpg,3,/mnt/research-projects/j/jlgage/RawUAVData01/uavforslb/final_image/final_sliced/20240802_C6B_03782.jpg
1731,C6B,2024,7/19/24,8.0,7/18/24,20240718_C6B_01731.jpg,-1,/mnt/research-projects/j/jlgage/RawUAVData01/uavforslb/final_image/final_sliced/20240718_C6B_01731.jpg
2730,C6B,2024,7/30/24,3.0,8/2/24,20240802_C6B_02730.jpg,3,/mnt/research-projects/j/jlgage/RawUAVData01/uavforslb/final_image/final_sliced/20240802_C6B_02730.jpg
3050,G3,2023,7/26/23,6.5,7/27/23,20230727_G3_03050.jpg,1,/mnt/research-projects/j/jlgage/RawUAVData01/uavforslb/final_image/final_sliced/20230727_G3_03050.jpg
10287,I3B,2023,7/25/23,3.0,7/27/23,20230727_I3B_10287.jpg,2,/mnt/research-projects/j/jlgage/RawUAVData01/uavforslb/final_image/final_sliced/20230727_I3B_10287.jpg
11242,I3B,2023,7/19/23,4.0,7/20/23,20230720_I3B_11242.jpg,1,/mnt/research-projects/j/jlgage/RawUAVData01/uavforslb/final_image/final_sliced/20230720_I3B_11242.jpg
2953,C6B,2024,7/30/24,1.5,8/2/24,20240802_C6B_02953.jpg,3,/mnt/research-projects/j/jlgage/RawUAVData01/uavforslb/final_image/final_sliced/20240802_C6B_02953.jpg
377,C6B,2024,7/29/24,2.0,7/26/24,20240726_C6B_00377.jpg,-3,/mnt/research-projects/j/jlgage/RawUAVData01/uavforslb/final_image/final_sliced/20240726_C6B_00377.jpg
11292,I3B,2023,7/19/23,6.0,7/20/23,20230720_I3B_11292.jpg,1,/mnt/research-projects/j/jlgage/RawUAVData01/uavforslb/final_image/final_sliced/20230720_I3B_11292.jpg
10812,I3B,2023,7/19/23,5.5,7/20/23,20230720_I3B_10812.jpg,1,/mnt/research-projects/j/jlgage/RawUAVData01/uavforslb/final_image/final_sliced/20230720_I3B_10812.jpg
390,C6B,2024,7/29/24,3.0,7/26/24,20240726_C6B_00390.jpg,-3,/mnt/research-projects/j/jlgage/RawUAVData01/uavforslb/final_image/final_sliced/20240726_C6B_00390.jpg
1465,C6B,2024,7/19/24,6.5,7/18/24,20240718_C6B_01465.jpg,-1,/mnt/research-projects/j/jlgage/RawUAVData01/uavforslb/final_image/final_sliced/20240718_C6B_01465.jpg
354,C6B,2024,7/29/24,3.0,7/26/24,20240726_C6B_00354.jpg,-3,/mnt/research-projects/j/jlgage/RawUAVData01/uavforslb/final_image/final_sliced/20240726_C6B_00354.jpg
1458,C6B,2024,7/29/24,4.0,7/26/24,20240726_C6B_01458.jpg,-3,/mnt/research-projects/j/jlgage/RawUAVData01/uavforslb/final_image/final_sliced/20240726_C6B_01458.jpg
10272,I3B,2023,7/25/23,4.5,7/27/23,20230727_I3B_10272.jpg,2,/mnt/research-projects/j/jlgage/RawUAVData01/uavforslb/final_image/final_sliced/20230727_I3B_10272.jpg
11004,I3B,2023,7/19/23,5.5,7/20/23,20230720_I3B_11004.jpg,1,/mnt/research-projects/j/jlgage/RawUAVData01/uavforslb/final_image/final_sliced/20230720_I3B_11004.jpg
9774,I3B,2023,7/12/23,5.0,7/13/23,20230713_I3B_09774.jpg,1,/mnt/research-projects/j/jlgage/RawUAVData01/uavforslb/final_image/final_sliced/20230713_I3B_09774.jpg
10400,I3B,2023,7/25/23,3.5,7/27/23,20230727_I3B_10400.jpg,2,/mnt/research-projects/j/jlgage/RawUAVData01/uavforslb/final_image/final_sliced/20230727_I3B_10400.jpg
4268,B7A,2024,7/30/24,7.0,7/27/24,20240727_B7A_04268.jpg,-3,/mnt/research-projects/j/jlgage/RawUAVData01/uavforslb/final_image/final_sliced/20240727_B7A_04268.jpg
7230,G3,2023,7/26/23,5.5,7/27/23,20230727_G3_07230.jpg,1,/mnt/research-projects/j/jlgage/RawUAVData01/uavforslb/final_image/final_sliced/20230727_G3_07230.jpg
7379,G3,2023,7/20/23,8.0,7/20/23,20230720_G3_07379.jpg,0,/mnt/research-projects/j/jlgage/RawUAVData01/uavforslb/final_image/final_sliced/20230720_G3_07379.jpg
964,C6B,2024,7/19/24,7.5,7/18/24,20240718_C6B_00964.jpg,-1,/mnt/research-projects/j/jlgage/RawUAVData01/uavforslb/final_image/final_sliced/20240718_C6B_00964.jpg
10779,I3B,2023,7/19/23,7.0,7/20/23,20230720_I3B_10779.jpg,1,/mnt/research-projects/j/jlgage/RawUAVData01/uavforslb/final_image/final_sliced/20230720_I3B_10779.jpg
8132,G3,2023,7/20/23,7.0,7/20/23,20230720_G3_08132.jpg,0,/mnt/research-projects/j/jlgage/RawUAVData01/uavforslb/final_image/final_sliced/20230720_G3_08132.jpg
8070,G3,2023,7/26/23,8.0,7/27/23,20230727_G3_08070.jpg,1,/mnt/research-projects/j/jlgage/RawUAVData01/uavforslb/final_image/final_sliced/20230727_G3_08070.jpg
155,C6B,2024,7/29/24,4.0,7/26/24,20240726_C6B_00155.jpg,-3,/mnt/research-projects/j/jlgage/RawUAVData01/uavforslb/final_image/final_sliced/20240726_C6B_00155.jpg
8074,G3,2023,7/20/23,8.0,7/20/23,20230720_G3_08074.jpg,0,/mnt/research-projects/j/jlgage/RawUAVData01/uavforslb/final_image/final_sliced/20230720_G3_08074.jpg
11119,I3B,2023,7/12/23,6.5,7/13/23,20230713_I3B_11119.jpg,1,/mnt/research-projects/j/jlgage/RawUAVData01/uavforslb/final_image/final_sliced/20230713_I3B_11119.jpg
2128,C6B,2024,7/29/24,2.0,7/26/24,20240726_C6B_02128.jpg,-3,/mnt/research-projects/j/jlgage/RawUAVData01/uavforslb/final_image/final_sliced/20240726_C6B_02128.jpg
4368,B7A,2024,7/30/24,1.5,7/27/24,20240727_B7A_04368.jpg,-3,/mnt/research-projects/j/jlgage/RawUAVData01/uavforslb/final_image/final_sliced/20240727_B7A_04368.jpg
370,C6B,2024,7/19/24,8.0,7/18/24,20240718_C6B_00370.jpg,-1,/mnt/research-projects/j/jlgage/RawUAVData01/uavforslb/final_image/final_sliced/20240718_C6B_00370.jpg
9863,I3B,2023,7/12/23,4.0,7/13/23,20230713_I3B_09863.jpg,1,/mnt/research-projects/j/jlgage/RawUAVData01/uavforslb/final_image/final_sliced/20230713_I3B_09863.jpg
3293,C6B,2024,7/30/24,1.5,8/2/24,20240802_C6B_03293.jpg,3,/mnt/research-projects/j/jlgage/RawUAVData01/uavforslb/final_image/final_sliced/20240802_C6B_03293.jpg
4575,B7A,2024,7/30/24,1.5,7/27/24,20240727_B7A_04575.jpg,-3,/mnt/research-projects/j/jlgage/RawUAVData01/uavforslb/final_image/final_sliced/20240727_B7A_04575.jpg
8136,G3,2023,7/26/23,6.5,7/27/23,20230727_G3_08136.jpg,1,/mnt/research-projects/j/jlgage/RawUAVData01/uavforslb/final_image/final_sliced/20230727_G3_08136.jpg
8163,G3,2023,7/20/23,7.5,7/20/23,20230720_G3_08163.jpg,0,/mnt/research-projects/j/jlgage/RawUAVData01/uavforslb/final_image/final_sliced/20230720_G3_08163.jpg
1783,C6B,2024,7/29/24,5.0,7/26/24,20240726_C6B_01783.jpg,-3,/mnt/research-projects/j/jlgage/RawUAVData01/uavforslb/final_image/final_sliced/20240726_C6B_01783.jpg
8008,G3,2023,7/26/23,5.0,7/27/23,20230727_G3_08008.jpg,1,/mnt/research-projects/j/jlgage/RawUAVData01/uavforslb/final_image/final_sliced/20230727_G3_08008.jpg
3203,C6B,2024,7/30/24,4.0,8/2/24,20240802_C6B_03203.jpg,3,/mnt/research-projects/j/jlgage/RawUAVData01/uavforslb/final_image/final_sliced/20240802_C6B_03203.jpg
557,C6B,2024,7/19/24,8.5,7/18/24,20240718_C6B_00557.jpg,-1,/mnt/research-projects/j/jlgage/RawUAVData01/uavforslb/final_image/final_sliced/20240718_C6B_00557.jpg
5024,C6B,2024,7/18/24,8.0,7/18/24,20240718_C6B_05024.jpg,0,/mnt/research-projects/j/jlgage/RawUAVData01/uavforslb/final_image/final_sliced/20240718_C6B_05024.jpg
7368,G3,2023,7/26/23,6.0,7/27/23,20230727_G3_07368.jpg,1,/mnt/research-projects/j/jlgage/RawUAVData01/uavforslb/final_image/final_sliced/20230727_G3_07368.jpg
9828,I3B,2023,7/12/23,5.5,7/13/23,20230713_I3B_09828.jpg,1,/mnt/research-projects/j/jlgage/RawUAVData01/uavforslb/final_image/final_sliced/20230713_I3B_09828.jpg
2531,C6B,2024,7/11/24,9.0,7/10/24,20240710_C6B_02531.jpg,-1,/mnt/research-projects/j/jlgage/RawUAVData01/uavforslb/final_image/final_sliced/20240710_C6B_02531.jpg
7422,G3,2023,7/20/23,7.5,7/20/23,20230720_G3_07422.jpg,0,/mnt/research-projects/j/jlgage/RawUAVData01/uavforslb/final_image/final_sliced/20230720_G3_07422.jpg
4660,B7A,2024,7/30/24,3.0,7/27/24,20240727_B7A_04660.jpg,-3,/mnt/research-projects/j/jlgage/RawUAVData01/uavforslb/final_image/final_sliced/20240727_B7A_04660.jpg
3046,G3,2023,7/26/23,8.0,7/27/23,20230727_G3_03046.jpg,1,/mnt/research-projects/j/jlgage/RawUAVData01/uavforslb/final_image/final_sliced/20230727_G3_03046.jpg
8007,G3,2023,7/19/23,4.5,7/20/23,20230720_G3_08007.jpg,1,/mnt/research-projects/j/jlgage/RawUAVData01/uavforslb/final_image/final_sliced/20230720_G3_08007.jpg
10810,I3B,2023,7/19/23,5.0,7/20/23,20230720_I3B_10810.jpg,1,/mnt/research-projects/j/jlgage/RawUAVData01/uavforslb/final_image/final_sliced/20230720_I3B_10810.jpg
3035,G3,2023,7/19/23,7.0,7/20/23,20230720_G3_03035.jpg,1,/mnt/research-projects/j/jlgage/RawUAVData01/uavforslb/final_image/final_sliced/20230720_G3_03035.jpg
4607,B7A,2024,7/15/24,8.0,7/16/24,20240716_B7A_04607.jpg,1,/mnt/research-projects/j/jlgage/RawUAVData01/uavforslb/final_image/final_sliced/20240716_B7A_04607.jpg
1619,C6B,2024,7/29/24,2.0,7/26/24,20240726_C6B_01619.jpg,-3,/mnt/research-projects/j/jlgage/RawUAVData01/uavforslb/final_image/final_sliced/20240726_C6B_01619.jpg
10321,I3B,2023,7/25/23,3.0,7/27/23,20230727_I3B_10321.jpg,2,/mnt/research-projects/j/jlgage/RawUAVData01/uavforslb/final_image/final_sliced/20230727_I3B_10321.jpg
3111,C6B,2024,7/15/24,7.5,7/18/24,20240718_C6B_03111.jpg,3,/mnt/research-projects/j/jlgage/RawUAVData01/uavforslb/final_image/final_sliced/20240718_C6B_03111.jpg
7320,G3,2023,7/26/23,8.0,7/27/23,20230727_G3_07320.jpg,1,/mnt/research-projects/j/jlgage/RawUAVData01/uavforslb/final_image/final_sliced/20230727_G3_07320.jpg
5540,B7A,2024,7/11/24,7.5,7/10/24,20240710_B7A_05540.jpg,-1,/mnt/research-projects/j/jlgage/RawUAVData01/uavforslb/final_image/final_sliced/20240710_B7A_05540.jpg
11083,I3B,2023,7/12/23,7.0,7/13/23,20230713_I3B_11083.jpg,1,/mnt/research-projects/j/jlgage/RawUAVData01/uavforslb/final_image/final_sliced/20230713_I3B_11083.jpg
10858,I3B,2023,7/19/23,7.0,7/20/23,20230720_I3B_10858.jpg,1,/mnt/research-projects/j/jlgage/RawUAVData01/uavforslb/final_image/final_sliced/20230720_I3B_10858.jpg
8022,G3,2023,7/26/23,3.5,7/27/23,20230727_G3_08022.jpg,1,/mnt/research-projects/j/jlgage/RawUAVData01/uavforslb/final_image/final_sliced/20230727_G3_08022.jpg
953,C6B,2024,7/29/24,5.0,7/26/24,20240726_C6B_00953.jpg,-3,/mnt/research-projects/j/jlgage/RawUAVData01/uavforslb/final_image/final_sliced/20240726_C6B_00953.jpg
540,C6B,2024,7/29/24,6.0,7/26/24,20240726_C6B_00540.jpg,-3,/mnt/research-projects/j/jlgage/RawUAVData01/uavforslb/final_image/final_sliced/20240726_C6B_00540.jpg
547,C6B,2024,7/19/24,7.0,7/18/24,20240718_C6B_00547.jpg,-1,/mnt/research-projects/j/jlgage/RawUAVData01/uavforslb/final_image/final_sliced/20240718_C6B_00547.jpg
3093,G3,2023,7/19/23,7.5,7/20/23,20230720_G3_03093.jpg,1,/mnt/research-projects/j/jlgage/RawUAVData01/uavforslb/final_image/final_sliced/20230720_G3_03093.jpg
376,C6B,2024,7/29/24,4.0,7/26/24,20240726_C6B_00376.jpg,-3,/mnt/research-projects/j/jlgage/RawUAVData01/uavforslb/final_image/final_sliced/20240726_C6B_00376.jpg
7309,G3,2023,7/26/23,6.5,7/27/23,20230727_G3_07309.jpg,1,/mnt/research-projects/j/jlgage/RawUAVData01/uavforslb/final_image/final_sliced/20230727_G3_07309.jpg
7234,G3,2023,7/19/23,7.5,7/20/23,20230720_G3_07234.jpg,1,/mnt/research-projects/j/jlgage/RawUAVData01/uavforslb/final_image/final_sliced/20230720_G3_07234.jpg
8007,G3,2023,7/26/23,3.0,7/27/23,20230727_G3_08007.jpg,1,/mnt/research-projects/j/jlgage/RawUAVData01/uavforslb/final_image/final_sliced/20230727_G3_08007.jpg
10847,I3B,2023,7/19/23,5.0,7/20/23,20230720_I3B_10847.jpg,1,/mnt/research-projects/j/jlgage/RawUAVData01/uavforslb/final_image/final_sliced/20230720_I3B_10847.jpg
7354,G3,2023,7/20/23,7.0,7/20/23,20230720_G3_07354.jpg,0,/mnt/research-projects/j/jlgage/RawUAVData01/uavforslb/final_image/final_sliced/20230720_G3_07354.jpg
1494,C6B,2024,7/29/24,4.0,7/26/24,20240726_C6B_01494.jpg,-3,/mnt/research-projects/j/jlgage/RawUAVData01/uavforslb/final_image/final_sliced/20240726_C6B_01494.jpg
2842,C6B,2024,7/30/24,7.0,8/2/24,20240802_C6B_02842.jpg,3,/mnt/research-projects/j/jlgage/RawUAVData01/uavforslb/final_image/final_sliced/20240802_C6B_02842.jpg
9952,I3B,2023,7/12/23,5.5,7/13/23,20230713_I3B_09952.jpg,1,/mnt/research-projects/j/jlgage/RawUAVData01/uavforslb/final_image/final_sliced/20230713_I3B_09952.jpg
2602,C6B,2024,7/15/24,7.0,7/18/24,20240718_C6B_02602.jpg,3,/mnt/research-projects/j/jlgage/RawUAVData01/uavforslb/final_image/final_sliced/20240718_C6B_02602.jpg
4420,B7A,2024,7/30/24,1.5,7/27/24,20240727_B7A_04420.jpg,-3,/mnt/research-projects/j/jlgage/RawUAVData01/uavforslb/final_image/final_sliced/20240727_B7A_04420.jpg
2017,C6B,2024,7/29/24,3.0,7/26/24,20240726_C6B_02017.jpg,-3,/mnt/research-projects/j/jlgage/RawUAVData01/uavforslb/final_image/final_sliced/20240726_C6B_02017.jpg
11081,I3B,2023,7/12/23,6.5,7/13/23,20230713_I3B_11081.jpg,1,/mnt/research-projects/j/jlgage/RawUAVData01/uavforslb/final_image/final_sliced/20230713_I3B_11081.jpg
11294,I3B,2023,7/19/23,7.0,7/20/23,20230720_I3B_11294.jpg,1,/mnt/research-projects/j/jlgage/RawUAVData01/uavforslb/final_image/final_sliced/20230720_I3B_11294.jpg
7393,G3,2023,7/26/23,7.0,7/27/23,20230727_G3_07393.jpg,1,/mnt/research-projects/j/jlgage/RawUAVData01/uavforslb/final_image/final_sliced/20230727_G3_07393.jpg
11091,I3B,2023,7/12/23,7.5,7/13/23,20230713_I3B_11091.jpg,1,/mnt/research-projects/j/jlgage/RawUAVData01/uavforslb/final_image/final_sliced/20230713_I3B_11091.jpg
10332,I3B,2023,7/25/23,3.0,7/27/23,20230727_I3B_10332.jpg,2,/mnt/research-projects/j/jlgage/RawUAVData01/uavforslb/final_image/final_sliced/20230727_I3B_10332.jpg
8047,G3,2023,7/26/23,4.0,7/27/23,20230727_G3_08047.jpg,1,/mnt/research-projects/j/jlgage/RawUAVData01/uavforslb/final_image/final_sliced/20230727_G3_08047.jpg
1540,C6B,2024,7/19/24,4.5,7/18/24,20240718_C6B_01540.jpg,-1,/mnt/research-projects/j/jlgage/RawUAVData01/uavforslb/final_image/final_sliced/20240718_C6B_01540.jpg
447,C6B,2024,7/19/24,8.5,7/18/24,20240718_C6B_00447.jpg,-1,/mnt/research-projects/j/jlgage/RawUAVData01/uavforslb/final_image/final_sliced/20240718_C6B_00447.jpg
3001,C6B,2024,7/15/24,7.0,7/18/24,20240718_C6B_03001.jpg,3,/mnt/research-projects/j/jlgage/RawUAVData01/uavforslb/final_image/final_sliced/20240718_C6B_03001.jpg
9858,I3B,2023,7/12/23,6.0,7/13/23,20230713_I3B_09858.jpg,1,/mnt/research-projects/j/jlgage/RawUAVData01/uavforslb/final_image/final_sliced/20230713_I3B_09858.jpg
819,C6B,2024,7/19/24,7.0,7/18/24,20240718_C6B_00819.jpg,-1,/mnt/research-projects/j/jlgage/RawUAVData01/uavforslb/final_image/final_sliced/20240718_C6B_00819.jpg
10788,I3B,2023,7/19/23,5.5,7/20/23,20230720_I3B_10788.jpg,1,/mnt/research-projects/j/jlgage/RawUAVData01/uavforslb/final_image/final_sliced/20230720_I3B_10788.jpg
4231,B7A,2024,7/15/24,8.0,7/16/24,20240716_B7A_04231.jpg,1,/mnt/research-projects/j/jlgage/RawUAVData01/uavforslb/final_image/final_sliced/20240716_B7A_04231.jpg
2755,C6B,2024,7/30/24,2.5,8/2/24,20240802_C6B_02755.jpg,3,/mnt/research-projects/j/jlgage/RawUAVData01/uavforslb/final_image/final_sliced/20240802_C6B_02755.jpg
5038,C6B,2024,7/18/24,6.0,7/18/24,20240718_C6B_05038.jpg,0,/mnt/research-projects/j/jlgage/RawUAVData01/uavforslb/final_image/final_sliced/20240718_C6B_05038.jpg
408,C6B,2024,7/19/24,8.5,7/18/24,20240718_C6B_00408.jpg,-1,/mnt/research-projects/j/jlgage/RawUAVData01/uavforslb/final_image/final_sliced/20240718_C6B_00408.jpg
843,C6B,2024,7/19/24,8.0,7/18/24,20240718_C6B_00843.jpg,-1,/mnt/research-projects/j/jlgage/RawUAVData01/uavforslb/final_image/final_sliced/20240718_C6B_00843.jpg
295,C6B,2024,7/29/24,3.0,7/26/24,20240726_C6B_00295.jpg,-3,/mnt/research-projects/j/jlgage/RawUAVData01/uavforslb/final_image/final_sliced/20240726_C6B_00295.jpg
9830,I3B,2023,7/12/23,4.5,7/13/23,20230713_I3B_09830.jpg,1,/mnt/research-projects/j/jlgage/RawUAVData01/uavforslb/final_image/final_sliced/20230713_I3B_09830.jpg
3063,G3,2023,7/26/23,8.0,7/27/23,20230727_G3_03063.jpg,1,/mnt/research-projects/j/jlgage/RawUAVData01/uavforslb/final_image/final_sliced/20230727_G3_03063.jpg
7312,G3,2023,7/26/23,8.0,7/27/23,20230727_G3_07312.jpg,1,/mnt/research-projects/j/jlgage/RawUAVData01/uavforslb/final_image/final_sliced/20230727_G3_07312.jpg
9802,I3B,2023,7/12/23,4.5,7/13/23,20230713_I3B_09802.jpg,1,/mnt/research-projects/j/jlgage/RawUAVData01/uavforslb/final_image/final_sliced/20230713_I3B_09802.jpg
130,C6B,2024,7/19/24,6.5,7/18/24,20240718_C6B_00130.jpg,-1,/mnt/research-projects/j/jlgage/RawUAVData01/uavforslb/final_image/final_sliced/20240718_C6B_00130.jpg
7358,G3,2023,7/26/23,4.0,7/27/23,20230727_G3_07358.jpg,1,/mnt/research-projects/j/jlgage/RawUAVData01/uavforslb/final_image/final_sliced/20230727_G3_07358.jpg
9622,I3B,2023,7/12/23,5.0,7/13/23,20230713_I3B_09622.jpg,1,/mnt/research-projects/j/jlgage/RawUAVData01/uavforslb/final_image/final_sliced/20230713_I3B_09622.jpg
11323,I3B,2023,7/19/23,5.0,7/20/23,20230720_I3B_11323.jpg,1,/mnt/research-projects/j/jlgage/RawUAVData01/uavforslb/final_image/final_sliced/20230720_I3B_11323.jpg
1264,C6B,2024,7/19/24,8.0,7/18/24,20240718_C6B_01264.jpg,-1,/mnt/research-projects/j/jlgage/RawUAVData01/uavforslb/final_image/final_sliced/20240718_C6B_01264.jpg
3338,C6B,2024,7/30/24,2.5,8/2/24,20240802_C6B_03338.jpg,3,/mnt/research-projects/j/jlgage/RawUAVData01/uavforslb/final_image/final_sliced/20240802_C6B_03338.jpg
11178,I3B,2023,7/12/23,7.0,7/13/23,20230713_I3B_11178.jpg,1,/mnt/research-projects/j/jlgage/RawUAVData01/uavforslb/final_image/final_sliced/20230713_I3B_11178.jpg
5554,B7A,2024,7/1/24,8.0,7/3/24,20240703_B7A_05554.jpg,2,/mnt/research-projects/j/jlgage/RawUAVData01/uavforslb/final_image/final_sliced/20240703_B7A_05554.jpg
7231,G3,2023,7/19/23,4.5,7/20/23,20230720_G3_07231.jpg,1,/mnt/research-projects/j/jlgage/RawUAVData01/uavforslb/final_image/final_sliced/20230720_G3_07231.jpg
7491,G3,2023,7/20/23,8.0,7/20/23,20230720_G3_07491.jpg,0,/mnt/research-projects/j/jlgage/RawUAVData01/uavforslb/final_image/final_sliced/20230720_G3_07491.jpg
7368,G3,2023,7/20/23,7.0,7/20/23,20230720_G3_07368.jpg,0,/mnt/research-projects/j/jlgage/RawUAVData01/uavforslb/final_image/final_sliced/20230720_G3_07368.jpg
9744,I3B,2023,7/12/23,4.0,7/13/23,20230713_I3B_09744.jpg,1,/mnt/research-projects/j/jlgage/RawUAVData01/uavforslb/final_image/final_sliced/20230713_I3B_09744.jpg
8131,G3,2023,7/20/23,7.5,7/20/23,20230720_G3_08131.jpg,0,/mnt/research-projects/j/jlgage/RawUAVData01/uavforslb/final_image/final_sliced/20230720_G3_08131.jpg
10383,I3B,2023,7/25/23,6.0,7/27/23,20230727_I3B_10383.jpg,2,/mnt/research-projects/j/jlgage/RawUAVData01/uavforslb/final_image/final_sliced/20230727_I3B_10383.jpg
8032,G3,2023,7/26/23,5.0,7/27/23,20230727_G3_08032.jpg,1,/mnt/research-projects/j/jlgage/RawUAVData01/uavforslb/final_image/final_sliced/20230727_G3_08032.jpg
863,C6B,2024,7/29/24,6.5,7/26/24,20240726_C6B_00863.jpg,-3,/mnt/research-projects/j/jlgage/RawUAVData01/uavforslb/final_image/final_sliced/20240726_C6B_00863.jpg
2539,C6B,2024,7/1/24,8.0,7/3/24,20240703_C6B_02539.jpg,2,/mnt/research-projects/j/jlgage/RawUAVData01/uavforslb/final_image/final_sliced/20240703_C6B_02539.jpg
3406,C6B,2024,7/30/24,2.0,8/2/24,20240802_C6B_03406.jpg,3,/mnt/research-projects/j/jlgage/RawUAVData01/uavforslb/final_image/final_sliced/20240802_C6B_03406.jpg
2561,C6B,2024,7/27/24,5.0,7/26/24,20240726_C6B_02561.jpg,-1,/mnt/research-projects/j/jlgage/RawUAVData01/uavforslb/final_image/final_sliced/20240726_C6B_02561.jpg
480,C6B,2024,7/19/24,8.0,7/18/24,20240718_C6B_00480.jpg,-1,/mnt/research-projects/j/jlgage/RawUAVData01/uavforslb/final_image/final_sliced/20240718_C6B_00480.jpg
1272,C6B,2024,7/19/24,8.0,7/18/24,20240718_C6B_01272.jpg,-1,/mnt/research-projects/j/jlgage/RawUAVData01/uavforslb/final_image/final_sliced/20240718_C6B_01272.jpg
5528,B7A,2024,7/18/24,7.5,7/16/24,20240716_B7A_05528.jpg,-2,/mnt/research-projects/j/jlgage/RawUAVData01/uavforslb/final_image/final_sliced/20240716_B7A_05528.jpg
11038,I3B,2023,7/12/23,6.5,7/13/23,20230713_I3B_11038.jpg,1,/mnt/research-projects/j/jlgage/RawUAVData01/uavforslb/final_image/final_sliced/20230713_I3B_11038.jpg
3855,B7A,2024,7/30/24,3.5,7/27/24,20240727_B7A_03855.jpg,-3,/mnt/research-projects/j/jlgage/RawUAVData01/uavforslb/final_image/final_sliced/20240727_B7A_03855.jpg
2866,C6B,2024,7/15/24,8.0,7/18/24,20240718_C6B_02866.jpg,3,/mnt/research-projects/j/jlgage/RawUAVData01/uavforslb/final_image/final_sliced/20240718_C6B_02866.jpg
3778,C6B,2024,7/15/24,8.0,7/18/24,20240718_C6B_03778.jpg,3,/mnt/research-projects/j/jlgage/RawUAVData01/uavforslb/final_image/final_sliced/20240718_C6B_03778.jpg
3090,G3,2023,7/19/23,4.5,7/20/23,20230720_G3_03090.jpg,1,/mnt/research-projects/j/jlgage/RawUAVData01/uavforslb/final_image/final_sliced/20230720_G3_03090.jpg
11253,I3B,2023,7/19/23,6.5,7/20/23,20230720_I3B_11253.jpg,1,/mnt/research-projects/j/jlgage/RawUAVData01/uavforslb/final_image/final_sliced/20230720_I3B_11253.jpg
861,C6B,2024,7/29/24,3.0,7/26/24,20240726_C6B_00861.jpg,-3,/mnt/research-projects/j/jlgage/RawUAVData01/uavforslb/final_image/final_sliced/20240726_C6B_00861.jpg
2131,C6B,2024,7/19/24,7.0,7/18/24,20240718_C6B_02131.jpg,-1,/mnt/research-projects/j/jlgage/RawUAVData01/uavforslb/final_image/final_sliced/20240718_C6B_02131.jpg
10756,I3B,2023,7/19/23,6.0,7/20/23,20230720_I3B_10756.jpg,1,/mnt/research-projects/j/jlgage/RawUAVData01/uavforslb/final_image/final_sliced/20230720_I3B_10756.jpg
2046,C6B,2024,7/19/24,4.0,7/18/24,20240718_C6B_02046.jpg,-1,/mnt/research-projects/j/jlgage/RawUAVData01/uavforslb/final_image/final_sliced/20240718_C6B_02046.jpg
7364,G3,2023,7/26/23,5.0,7/27/23,20230727_G3_07364.jpg,1,/mnt/research-projects/j/jlgage/RawUAVData01/uavforslb/final_image/final_sliced/20230727_G3_07364.jpg
3928,B7A,2024,7/30/24,3.0,7/27/24,20240727_B7A_03928.jpg,-3,/mnt/research-projects/j/jlgage/RawUAVData01/uavforslb/final_image/final_sliced/20240727_B7A_03928.jpg
3107,G3,2023,7/19/23,8.0,7/20/23,20230720_G3_03107.jpg,1,/mnt/research-projects/j/jlgage/RawUAVData01/uavforslb/final_image/final_sliced/20230720_G3_03107.jpg
10833,I3B,2023,7/19/23,5.0,7/20/23,20230720_I3B_10833.jpg,1,/mnt/research-projects/j/jlgage/RawUAVData01/uavforslb/final_image/final_sliced/20230720_I3B_10833.jpg
2129,C6B,2024,7/19/24,4.0,7/18/24,20240718_C6B_02129.jpg,-1,/mnt/research-projects/j/jlgage/RawUAVData01/uavforslb/final_image/final_sliced/20240718_C6B_02129.jpg
4043,B7A,2024,7/30/24,1.5,7/27/24,20240727_B7A_04043.jpg,-3,/mnt/research-projects/j/jlgage/RawUAVData01/uavforslb/final_image/final_sliced/20240727_B7A_04043.jpg
3112,G3,2023,7/26/23,4.0,7/27/23,20230727_G3_03112.jpg,1,/mnt/research-projects/j/jlgage/RawUAVData01/uavforslb/final_image/final_sliced/20230727_G3_03112.jpg
3127,G3,2023,7/26/23,7.5,7/27/23,20230727_G3_03127.jpg,1,/mnt/research-projects/j/jlgage/RawUAVData01/uavforslb/final_image/final_sliced/20230727_G3_03127.jpg
944,C6B,2024,7/19/24,8.0,7/18/24,20240718_C6B_00944.jpg,-1,/mnt/research-projects/j/jlgage/RawUAVData01/uavforslb/final_image/final_sliced/20240718_C6B_00944.jpg
1800,C6B,2024,7/29/24,4.0,7/26/24,20240726_C6B_01800.jpg,-3,/mnt/research-projects/j/jlgage/RawUAVData01/uavforslb/final_image/final_sliced/20240726_C6B_01800.jpg
1395,C6B,2024,7/19/24,7.5,7/18/24,20240718_C6B_01395.jpg,-1,/mnt/research-projects/j/jlgage/RawUAVData01/uavforslb/final_image/final_sliced/20240718_C6B_01395.jpg
9649,I3B,2023,7/12/23,5.5,7/13/23,20230713_I3B_09649.jpg,1,/mnt/research-projects/j/jlgage/RawUAVData01/uavforslb/final_image/final_sliced/20230713_I3B_09649.jpg
11046,I3B,2023,7/12/23,6.5,7/13/23,20230713_I3B_11046.jpg,1,/mnt/research-projects/j/jlgage/RawUAVData01/uavforslb/final_image/final_sliced/20230713_I3B_11046.jpg
1470,C6B,2024,7/19/24,6.5,7/18/24,20240718_C6B_01470.jpg,-1,/mnt/research-projects/j/jlgage/RawUAVData01/uavforslb/final_image/final_sliced/20240718_C6B_01470.jpg
3586,C6B,2024,7/15/24,8.0,7/18/24,20240718_C6B_03586.jpg,3,/mnt/research-projects/j/jlgage/RawUAVData01/uavforslb/final_image/final_sliced/20240718_C6B_03586.jpg
784,C6B,2024,7/29/24,3.0,7/26/24,20240726_C6B_00784.jpg,-3,/mnt/research-projects/j/jlgage/RawUAVData01/uavforslb/final_image/final_sliced/20240726_C6B_00784.jpg
10408,I3B,2023,7/25/23,3.5,7/27/23,20230727_I3B_10408.jpg,2,/mnt/research-projects/j/jlgage/RawUAVData01/uavforslb/final_image/final_sliced/20230727_I3B_10408.jpg
11095,I3B,2023,7/12/23,7.0,7/13/23,20230713_I3B_11095.jpg,1,/mnt/research-projects/j/jlgage/RawUAVData01/uavforslb/final_image/final_sliced/20230713_I3B_11095.jpg
10360,I3B,2023,7/25/23,4.0,7/27/23,20230727_I3B_10360.jpg,2,/mnt/research-projects/j/jlgage/RawUAVData01/uavforslb/final_image/final_sliced/20230727_I3B_10360.jpg
9739,I3B,2023,7/12/23,4.0,7/13/23,20230713_I3B_09739.jpg,1,/mnt/research-projects/j/jlgage/RawUAVData01/uavforslb/final_image/final_sliced/20230713_I3B_09739.jpg
9989,I3B,2023,7/12/23,5.5,7/13/23,20230713_I3B_09989.jpg,1,/mnt/research-projects/j/jlgage/RawUAVData01/uavforslb/final_image/final_sliced/20230713_I3B_09989.jpg
11114,I3B,2023,7/12/23,7.5,7/13/23,20230713_I3B_11114.jpg,1,/mnt/research-projects/j/jlgage/RawUAVData01/uavforslb/final_image/final_sliced/20230713_I3B_11114.jpg
527,C6B,2024,7/29/24,5.5,7/26/24,20240726_C6B_00527.jpg,-3,/mnt/research-projects/j/jlgage/RawUAVData01/uavforslb/final_image/final_sliced/20240726_C6B_00527.jpg
3178,G3,2023,7/19/23,4.0,7/20/23,20230720_G3_03178.jpg,1,/mnt/research-projects/j/jlgage/RawUAVData01/uavforslb/final_image/final_sliced/20230720_G3_03178.jpg
3052,G3,2023,7/26/23,7.5,7/27/23,20230727_G3_03052.jpg,1,/mnt/research-projects/j/jlgage/RawUAVData01/uavforslb/final_image/final_sliced/20230727_G3_03052.jpg
10916,I3B,2023,7/19/23,5.5,7/20/23,20230720_I3B_10916.jpg,1,/mnt/research-projects/j/jlgage/RawUAVData01/uavforslb/final_image/final_sliced/20230720_I3B_10916.jpg
1297,C6B,2024,7/19/24,8.5,7/18/24,20240718_C6B_01297.jpg,-1,/mnt/research-projects/j/jlgage/RawUAVData01/uavforslb/final_image/final_sliced/20240718_C6B_01297.jpg
9621,I3B,2023,7/12/23,6.0,7/13/23,20230713_I3B_09621.jpg,1,/mnt/research-projects/j/jlgage/RawUAVData01/uavforslb/final_image/final_sliced/20230713_I3B_09621.jpg
616,C6B,2024,7/29/24,5.0,7/26/24,20240726_C6B_00616.jpg,-3,/mnt/research-projects/j/jlgage/RawUAVData01/uavforslb/final_image/final_sliced/20240726_C6B_00616.jpg
11080,I3B,2023,7/12/23,7.5,7/13/23,20230713_I3B_11080.jpg,1,/mnt/research-projects/j/jlgage/RawUAVData01/uavforslb/final_image/final_sliced/20230713_I3B_11080.jpg
1794,C6B,2024,7/19/24,6.0,7/18/24,20240718_C6B_01794.jpg,-1,/mnt/research-projects/j/jlgage/RawUAVData01/uavforslb/final_image/final_sliced/20240718_C6B_01794.jpg
10835,I3B,2023,7/19/23,6.5,7/20/23,20230720_I3B_10835.jpg,1,/mnt/research-projects/j/jlgage/RawUAVData01/uavforslb/final_image/final_sliced/20230720_I3B_10835.jpg
10992,I3B,2023,7/19/23,6.0,7/20/23,20230720_I3B_10992.jpg,1,/mnt/research-projects/j/jlgage/RawUAVData01/uavforslb/final_image/final_sliced/20230720_I3B_10992.jpg
9969,I3B,2023,7/12/23,5.0,7/13/23,20230713_I3B_09969.jpg,1,/mnt/research-projects/j/jlgage/RawUAVData01/uavforslb/final_image/final_sliced/20230713_I3B_09969.jpg
589,C6B,2024,7/29/24,5.0,7/26/24,20240726_C6B_00589.jpg,-3,/mnt/research-projects/j/jlgage/RawUAVData01/uavforslb/final_image/final_sliced/20240726_C6B_00589.jpg
7365,G3,2023,7/26/23,8.0,7/27/23,20230727_G3_07365.jpg,1,/mnt/research-projects/j/jlgage/RawUAVData01/uavforslb/final_image/final_sliced/20230727_G3_07365.jpg
10873,I3B,2023,7/19/23,7.0,7/20/23,20230720_I3B_10873.jpg,1,/mnt/research-projects/j/jlgage/RawUAVData01/uavforslb/final_image/final_sliced/20230720_I3B_10873.jpg
4620,B7A,2024,7/30/24,1.5,7/27/24,20240727_B7A_04620.jpg,-3,/mnt/research-projects/j/jlgage/RawUAVData01/uavforslb/final_image/final_sliced/20240727_B7A_04620.jpg
3148,G3,2023,7/19/23,5.0,7/20/23,20230720_G3_03148.jpg,1,/mnt/research-projects/j/jlgage/RawUAVData01/uavforslb/final_image/final_sliced/20230720_G3_03148.jpg
3315,C6B,2024,7/15/24,8.5,7/18/24,20240718_C6B_03315.jpg,3,/mnt/research-projects/j/jlgage/RawUAVData01/uavforslb/final_image/final_sliced/20240718_C6B_03315.jpg
10999,I3B,2023,7/19/23,6.0,7/20/23,20230720_I3B_10999.jpg,1,/mnt/research-projects/j/jlgage/RawUAVData01/uavforslb/final_image/final_sliced/20230720_I3B_10999.jpg
3784,C6B,2024,7/15/24,8.5,7/18/24,20240718_C6B_03784.jpg,3,/mnt/research-projects/j/jlgage/RawUAVData01/uavforslb/final_image/final_sliced/20240718_C6B_03784.jpg
9642,I3B,2023,7/12/23,4.5,7/13/23,20230713_I3B_09642.jpg,1,/mnt/research-projects/j/jlgage/RawUAVData01/uavforslb/final_image/final_sliced/20230713_I3B_09642.jpg
2548,C6B,2024,7/1/24,8.0,7/3/24,20240703_C6B_02548.jpg,2,/mnt/research-projects/j/jlgage/RawUAVData01/uavforslb/final_image/final_sliced/20240703_C6B_02548.jpg
5010,C6B,2024,7/1/24,8.0,7/3/24,20240703_C6B_05010.jpg,2,/mnt/research-projects/j/jlgage/RawUAVData01/uavforslb/final_image/final_sliced/20240703_C6B_05010.jpg
5004,C6B,2024,7/27/24,5.5,7/26/24,20240726_C6B_05004.jpg,-1,/mnt/research-projects/j/jlgage/RawUAVData01/uavforslb/final_image/final_sliced/20240726_C6B_05004.jpg
980,C6B,2024,7/29/24,4.5,7/26/24,20240726_C6B_00980.jpg,-3,/mnt/research-projects/j/jlgage/RawUAVData01/uavforslb/final_image/final_sliced/20240726_C6B_00980.jpg
4388,B7A,2024,7/15/24,8.5,7/16/24,20240716_B7A_04388.jpg,1,/mnt/research-projects/j/jlgage/RawUAVData01/uavforslb/final_image/final_sliced/20240716_B7A_04388.jpg
3419,C6B,2024,7/30/24,1.5,8/2/24,20240802_C6B_03419.jpg,3,/mnt/research-projects/j/jlgage/RawUAVData01/uavforslb/final_image/final_sliced/20240802_C6B_03419.jpg
3222,C6B,2024,7/30/24,4.0,8/2/24,20240802_C6B_03222.jpg,3,/mnt/research-projects/j/jlgage/RawUAVData01/uavforslb/final_image/final_sliced/20240802_C6B_03222.jpg
9904,I3B,2023,7/12/23,6.0,7/13/23,20230713_I3B_09904.jpg,1,/mnt/research-projects/j/jlgage/RawUAVData01/uavforslb/final_image/final_sliced/20230713_I3B_09904.jpg
3722,C6B,2024,7/30/24,4.5,8/2/24,20240802_C6B_03722.jpg,3,/mnt/research-projects/j/jlgage/RawUAVData01/uavforslb/final_image/final_sliced/20240802_C6B_03722.jpg
3252,C6B,2024,7/30/24,1.0,8/2/24,20240802_C6B_03252.jpg,3,/mnt/research-projects/j/jlgage/RawUAVData01/uavforslb/final_image/final_sliced/20240802_C6B_03252.jpg
4271,B7A,2024,7/30/24,1.5,7/27/24,20240727_B7A_04271.jpg,-3,/mnt/research-projects/j/jlgage/RawUAVData01/uavforslb/final_image/final_sliced/20240727_B7A_04271.jpg
778,C6B,2024,7/29/24,6.5,7/26/24,20240726_C6B_00778.jpg,-3,/mnt/research-projects/j/jlgage/RawUAVData01/uavforslb/final_image/final_sliced/20240726_C6B_00778.jpg
3087,G3,2023,7/19/23,8.5,7/20/23,20230720_G3_03087.jpg,1,/mnt/research-projects/j/jlgage/RawUAVData01/uavforslb/final_image/final_sliced/20230720_G3_03087.jpg
7378,G3,2023,7/26/23,5.5,7/27/23,20230727_G3_07378.jpg,1,/mnt/research-projects/j/jlgage/RawUAVData01/uavforslb/final_image/final_sliced/20230727_G3_07378.jpg
7220,G3,2023,7/26/23,5.0,7/27/23,20230727_G3_07220.jpg,1,/mnt/research-projects/j/jlgage/RawUAVData01/uavforslb/final_image/final_sliced/20230727_G3_07220.jpg
3118,G3,2023,7/19/23,8.0,7/20/23,20230720_G3_03118.jpg,1,/mnt/research-projects/j/jlgage/RawUAVData01/uavforslb/final_image/final_sliced/20230720_G3_03118.jpg
11048,I3B,2023,7/12/23,6.0,7/13/23,20230713_I3B_11048.jpg,1,/mnt/research-projects/j/jlgage/RawUAVData01/uavforslb/final_image/final_sliced/20230713_I3B_11048.jpg
1451,C6B,2024,7/29/24,5.0,7/26/24,20240726_C6B_01451.jpg,-3,/mnt/research-projects/j/jlgage/RawUAVData01/uavforslb/final_image/final_sliced/20240726_C6B_01451.jpg
693,C6B,2024,7/29/24,3.0,7/26/24,20240726_C6B_00693.jpg,-3,/mnt/research-projects/j/jlgage/RawUAVData01/uavforslb/final_image/final_sliced/20240726_C6B_00693.jpg
1680,C6B,2024,7/29/24,4.5,7/26/24,20240726_C6B_01680.jpg,-3,/mnt/research-projects/j/jlgage/RawUAVData01/uavforslb/final_image/final_sliced/20240726_C6B_01680.jpg
3190,G3,2023,7/19/23,7.0,7/20/23,20230720_G3_03190.jpg,1,/mnt/research-projects/j/jlgage/RawUAVData01/uavforslb/final_image/final_sliced/20230720_G3_03190.jpg
4534,B7A,2024,7/15/24,8.0,7/16/24,20240716_B7A_04534.jpg,1,/mnt/research-projects/j/jlgage/RawUAVData01/uavforslb/final_image/final_sliced/20240716_B7A_04534.jpg
888,C6B,2024,7/29/24,4.0,7/26/24,20240726_C6B_00888.jpg,-3,/mnt/research-projects/j/jlgage/RawUAVData01/uavforslb/final_image/final_sliced/20240726_C6B_00888.jpg
4438,B7A,2024,7/30/24,4.0,7/27/24,20240727_B7A_04438.jpg,-3,/mnt/research-projects/j/jlgage/RawUAVData01/uavforslb/final_image/final_sliced/20240727_B7A_04438.jpg
7516,G3,2023,7/26/23,5.0,7/27/23,20230727_G3_07516.jpg,1,/mnt/research-projects/j/jlgage/RawUAVData01/uavforslb/final_image/final_sliced/20230727_G3_07516.jpg
1334,C6B,2024,7/29/24,8.0,7/26/24,20240726_C6B_01334.jpg,-3,/mnt/research-projects/j/jlgage/RawUAVData01/uavforslb/final_image/final_sliced/20240726_C6B_01334.jpg
1318,C6B,2024,7/19/24,8.5,7/18/24,20240718_C6B_01318.jpg,-1,/mnt/research-projects/j/jlgage/RawUAVData01/uavforslb/final_image/final_sliced/20240718_C6B_01318.jpg
3059,G3,2023,7/19/23,8.5,7/20/23,20230720_G3_03059.jpg,1,/mnt/research-projects/j/jlgage/RawUAVData01/uavforslb/final_image/final_sliced/20230720_G3_03059.jpg
1936,C6B,2024,7/19/24,7.0,7/18/24,20240718_C6B_01936.jpg,-1,/mnt/research-projects/j/jlgage/RawUAVData01/uavforslb/final_image/final_sliced/20240718_C6B_01936.jpg
1436,C6B,2024,7/29/24,3.5,7/26/24,20240726_C6B_01436.jpg,-3,/mnt/research-projects/j/jlgage/RawUAVData01/uavforslb/final_image/final_sliced/20240726_C6B_01436.jpg
3510,C6B,2024,7/15/24,8.5,7/18/24,20240718_C6B_03510.jpg,3,/mnt/research-projects/j/jlgage/RawUAVData01/uavforslb/final_image/final_sliced/20240718_C6B_03510.jpg
3460,C6B,2024,7/15/24,8.0,7/18/24,20240718_C6B_03460.jpg,3,/mnt/research-projects/j/jlgage/RawUAVData01/uavforslb/final_image/final_sliced/20240718_C6B_03460.jpg
3081,G3,2023,7/19/23,8.0,7/20/23,20230720_G3_03081.jpg,1,/mnt/research-projects/j/jlgage/RawUAVData01/uavforslb/final_image/final_sliced/20230720_G3_03081.jpg
4500,B7A,2024,7/30/24,1.5,7/27/24,20240727_B7A_04500.jpg,-3,/mnt/research-projects/j/jlgage/RawUAVData01/uavforslb/final_image/final_sliced/20240727_B7A_04500.jpg
11073,I3B,2023,7/12/23,7.5,7/13/23,20230713_I3B_11073.jpg,1,/mnt/research-projects/j/jlgage/RawUAVData01/uavforslb/final_image/final_sliced/20230713_I3B_11073.jpg
3001,G3,2023,7/19/23,8.0,7/20/23,20230720_G3_03001.jpg,1,/mnt/research-projects/j/jlgage/RawUAVData01/uavforslb/final_image/final_sliced/20230720_G3_03001.jpg
10415,I3B,2023,7/25/23,6.0,7/27/23,20230727_I3B_10415.jpg,2,/mnt/research-projects/j/jlgage/RawUAVData01/uavforslb/final_image/final_sliced/20230727_I3B_10415.jpg
11107,I3B,2023,7/12/23,7.5,7/13/23,20230713_I3B_11107.jpg,1,/mnt/research-projects/j/jlgage/RawUAVData01/uavforslb/final_image/final_sliced/20230713_I3B_11107.jpg
1802,C6B,2024,7/19/24,8.0,7/18/24,20240718_C6B_01802.jpg,-1,/mnt/research-projects/j/jlgage/RawUAVData01/uavforslb/final_image/final_sliced/20240718_C6B_01802.jpg
3116,G3,2023,7/19/23,8.0,7/20/23,20230720_G3_03116.jpg,1,/mnt/research-projects/j/jlgage/RawUAVData01/uavforslb/final_image/final_sliced/20230720_G3_03116.jpg
1904,C6B,2024,7/29/24,2.5,7/26/24,20240726_C6B_01904.jpg,-3,/mnt/research-projects/j/jlgage/RawUAVData01/uavforslb/final_image/final_sliced/20240726_C6B_01904.jpg
11030,I3B,2023,7/12/23,7.5,7/13/23,20230713_I3B_11030.jpg,1,/mnt/research-projects/j/jlgage/RawUAVData01/uavforslb/final_image/final_sliced/20230713_I3B_11030.jpg
3945,B7A,2024,7/30/24,1.5,7/27/24,20240727_B7A_03945.jpg,-3,/mnt/research-projects/j/jlgage/RawUAVData01/uavforslb/final_image/final_sliced/20240727_B7A_03945.jpg
3207,G3,2023,7/19/23,7.0,7/20/23,20230720_G3_03207.jpg,1,/mnt/research-projects/j/jlgage/RawUAVData01/uavforslb/final_image/final_sliced/20230720_G3_03207.jpg
708,C6B,2024,7/29/24,4.0,7/26/24,20240726_C6B_00708.jpg,-3,/mnt/research-projects/j/jlgage/RawUAVData01/uavforslb/final_image/final_sliced/20240726_C6B_00708.jpg
3030,G3,2023,7/26/23,7.5,7/27/23,20230727_G3_03030.jpg,1,/mnt/research-projects/j/jlgage/RawUAVData01/uavforslb/final_image/final_sliced/20230727_G3_03030.jpg
10974,I3B,2023,7/19/23,6.5,7/20/23,20230720_I3B_10974.jpg,1,/mnt/research-projects/j/jlgage/RawUAVData01/uavforslb/final_image/final_sliced/20230720_I3B_10974.jpg
1141,C6B,2024,7/29/24,2.0,7/26/24,20240726_C6B_01141.jpg,-3,/mnt/research-projects/j/jlgage/RawUAVData01/uavforslb/final_image/final_sliced/20240726_C6B_01141.jpg
3742,C6B,2024,7/30/24,4.0,8/2/24,20240802_C6B_03742.jpg,3,/mnt/research-projects/j/jlgage/RawUAVData01/uavforslb/final_image/final_sliced/20240802_C6B_03742.jpg
7481,G3,2023,7/26/23,8.0,7/27/23,20230727_G3_07481.jpg,1,/mnt/research-projects/j/jlgage/RawUAVData01/uavforslb/final_image/final_sliced/20230727_G3_07481.jpg
3486,C6B,2024,7/30/24,1.5,8/2/24,20240802_C6B_03486.jpg,3,/mnt/research-projects/j/jlgage/RawUAVData01/uavforslb/final_image/final_sliced/20240802_C6B_03486.jpg
9780,I3B,2023,7/12/23,6.0,7/13/23,20230713_I3B_09780.jpg,1,/mnt/research-projects/j/jlgage/RawUAVData01/uavforslb/final_image/final_sliced/20230713_I3B_09780.jpg
914,C6B,2024,7/19/24,8.0,7/18/24,20240718_C6B_00914.jpg,-1,/mnt/research-projects/j/jlgage/RawUAVData01/uavforslb/final_image/final_sliced/20240718_C6B_00914.jpg
7485,G3,2023,7/26/23,4.0,7/27/23,20230727_G3_07485.jpg,1,/mnt/research-projects/j/jlgage/RawUAVData01/uavforslb/final_image/final_sliced/20230727_G3_07485.jpg
3156,G3,2023,7/19/23,7.5,7/20/23,20230720_G3_03156.jpg,1,/mnt/research-projects/j/jlgage/RawUAVData01/uavforslb/final_image/final_sliced/20230720_G3_03156.jpg
3647,C6B,2024,7/30/24,1.5,8/2/24,20240802_C6B_03647.jpg,3,/mnt/research-projects/j/jlgage/RawUAVData01/uavforslb/final_image/final_sliced/20240802_C6B_03647.jpg
3041,G3,2023,7/19/23,8.0,7/20/23,20230720_G3_03041.jpg,1,/mnt/research-projects/j/jlgage/RawUAVData01/uavforslb/final_image/final_sliced/20230720_G3_03041.jpg
9599,I3B,2023,7/12/23,5.0,7/13/23,20230713_I3B_09599.jpg,1,/mnt/research-projects/j/jlgage/RawUAVData01/uavforslb/final_image/final_sliced/20230713_I3B_09599.jpg
3919,B7A,2024,7/15/24,8.0,7/16/24,20240716_B7A_03919.jpg,1,/mnt/research-projects/j/jlgage/RawUAVData01/uavforslb/final_image/final_sliced/20240716_B7A_03919.jpg
10261,I3B,2023,7/25/23,5.0,7/27/23,20230727_I3B_10261.jpg,2,/mnt/research-projects/j/jlgage/RawUAVData01/uavforslb/final_image/final_sliced/20230727_I3B_10261.jpg
3364,C6B,2024,7/15/24,7.5,7/18/24,20240718_C6B_03364.jpg,3,/mnt/research-projects/j/jlgage/RawUAVData01/uavforslb/final_image/final_sliced/20240718_C6B_03364.jpg
3026,C6B,2024,7/15/24,7.5,7/18/24,20240718_C6B_03026.jpg,3,/mnt/research-projects/j/jlgage/RawUAVData01/uavforslb/final_image/final_sliced/20240718_C6B_03026.jpg
2954,C6B,2024,7/15/24,8.5,7/18/24,20240718_C6B_02954.jpg,3,/mnt/research-projects/j/jlgage/RawUAVData01/uavforslb/final_image/final_sliced/20240718_C6B_02954.jpg
4608,B7A,2024,7/15/24,7.5,7/16/24,20240716_B7A_04608.jpg,1,/mnt/research-projects/j/jlgage/RawUAVData01/uavforslb/final_image/final_sliced/20240716_B7A_04608.jpg
7462,G3,2023,7/26/23,4.0,7/27/23,20230727_G3_07462.jpg,1,/mnt/research-projects/j/jlgage/RawUAVData01/uavforslb/final_image/final_sliced/20230727_G3_07462.jpg
3161,G3,2023,7/26/23,5.0,7/27/23,20230727_G3_03161.jpg,1,/mnt/research-projects/j/jlgage/RawUAVData01/uavforslb/final_image/final_sliced/20230727_G3_03161.jpg
1892,C6B,2024,7/29/24,4.0,7/26/24,20240726_C6B_01892.jpg,-3,/mnt/research-projects/j/jlgage/RawUAVData01/uavforslb/final_image/final_sliced/20240726_C6B_01892.jpg
7333,G3,2023,7/26/23,8.0,7/27/23,20230727_G3_07333.jpg,1,/mnt/research-projects/j/jlgage/RawUAVData01/uavforslb/final_image/final_sliced/20230727_G3_07333.jpg
9690,I3B,2023,7/12/23,5.0,7/13/23,20230713_I3B_09690.jpg,1,/mnt/research-projects/j/jlgage/RawUAVData01/uavforslb/final_image/final_sliced/20230713_I3B_09690.jpg
1961,C6B,2024,7/19/24,7.5,7/18/24,20240718_C6B_01961.jpg,-1,/mnt/research-projects/j/jlgage/RawUAVData01/uavforslb/final_image/final_sliced/20240718_C6B_01961.jpg
9668,I3B,2023,7/12/23,5.0,7/13/23,20230713_I3B_09668.jpg,1,/mnt/research-projects/j/jlgage/RawUAVData01/uavforslb/final_image/final_sliced/20230713_I3B_09668.jpg
3374,C6B,2024,7/30/24,4.0,8/2/24,20240802_C6B_03374.jpg,3,/mnt/research-projects/j/jlgage/RawUAVData01/uavforslb/final_image/final_sliced/20240802_C6B_03374.jpg
3151,G3,2023,7/19/23,3.0,7/20/23,20230720_G3_03151.jpg,1,/mnt/research-projects/j/jlgage/RawUAVData01/uavforslb/final_image/final_sliced/20230720_G3_03151.jpg
1119,C6B,2024,7/19/24,7.0,7/18/24,20240718_C6B_01119.jpg,-1,/mnt/research-projects/j/jlgage/RawUAVData01/uavforslb/final_image/final_sliced/20240718_C6B_01119.jpg
7282,G3,2023,7/20/23,8.0,7/20/23,20230720_G3_07282.jpg,0,/mnt/research-projects/j/jlgage/RawUAVData01/uavforslb/final_image/final_sliced/20230720_G3_07282.jpg
11285,I3B,2023,7/19/23,4.0,7/20/23,20230720_I3B_11285.jpg,1,/mnt/research-projects/j/jlgage/RawUAVData01/uavforslb/final_image/final_sliced/20230720_I3B_11285.jpg
10413,I3B,2023,7/25/23,6.0,7/27/23,20230727_I3B_10413.jpg,2,/mnt/research-projects/j/jlgage/RawUAVData01/uavforslb/final_image/final_sliced/20230727_I3B_10413.jpg
4080,B7A,2024,7/30/24,4.0,7/27/24,20240727_B7A_04080.jpg,-3,/mnt/research-projects/j/jlgage/RawUAVData01/uavforslb/final_image/final_sliced/20240727_B7A_04080.jpg
7207,G3,2023,7/26/23,6.0,7/27/23,20230727_G3_07207.jpg,1,/mnt/research-projects/j/jlgage/RawUAVData01/uavforslb/final_image/final_sliced/20230727_G3_07207.jpg
11072,I3B,2023,7/12/23,7.0,7/13/23,20230713_I3B_11072.jpg,1,/mnt/research-projects/j/jlgage/RawUAVData01/uavforslb/final_image/final_sliced/20230713_I3B_11072.jpg
3591,C6B,2024,7/15/24,8.0,7/18/24,20240718_C6B_03591.jpg,3,/mnt/research-projects/j/jlgage/RawUAVData01/uavforslb/final_image/final_sliced/20240718_C6B_03591.jpg
3797,C6B,2024,7/30/24,4.0,8/2/24,20240802_C6B_03797.jpg,3,/mnt/research-projects/j/jlgage/RawUAVData01/uavforslb/final_image/final_sliced/20240802_C6B_03797.jpg
9703,I3B,2023,7/12/23,4.5,7/13/23,20230713_I3B_09703.jpg,1,/mnt/research-projects/j/jlgage/RawUAVData01/uavforslb/final_image/final_sliced/20230713_I3B_09703.jpg
4625,B7A,2024,7/15/24,6.0,7/16/24,20240716_B7A_04625.jpg,1,/mnt/research-projects/j/jlgage/RawUAVData01/uavforslb/final_image/final_sliced/20240716_B7A_04625.jpg
3574,C6B,2024,7/15/24,8.0,7/18/24,20240718_C6B_03574.jpg,3,/mnt/research-projects/j/jlgage/RawUAVData01/uavforslb/final_image/final_sliced/20240718_C6B_03574.jpg
10989,I3B,2023,7/19/23,7.0,7/20/23,20230720_I3B_10989.jpg,1,/mnt/research-projects/j/jlgage/RawUAVData01/uavforslb/final_image/final_sliced/20230720_I3B_10989.jpg
7455,G3,2023,7/26/23,6.5,7/27/23,20230727_G3_07455.jpg,1,/mnt/research-projects/j/jlgage/RawUAVData01/uavforslb/final_image/final_sliced/20230727_G3_07455.jpg
814,C6B,2024,7/19/24,6.5,7/18/24,20240718_C6B_00814.jpg,-1,/mnt/research-projects/j/jlgage/RawUAVData01/uavforslb/final_image/final_sliced/20240718_C6B_00814.jpg
3550,C6B,2024,7/15/24,8.5,7/18/24,20240718_C6B_03550.jpg,3,/mnt/research-projects/j/jlgage/RawUAVData01/uavforslb/final_image/final_sliced/20240718_C6B_03550.jpg
703,C6B,2024,7/29/24,7.0,7/26/24,20240726_C6B_00703.jpg,-3,/mnt/research-projects/j/jlgage/RawUAVData01/uavforslb/final_image/final_sliced/20240726_C6B_00703.jpg
4283,B7A,2024,7/30/24,1.5,7/27/24,20240727_B7A_04283.jpg,-3,/mnt/research-projects/j/jlgage/RawUAVData01/uavforslb/final_image/final_sliced/20240727_B7A_04283.jpg
10955,I3B,2023,7/19/23,5.5,7/20/23,20230720_I3B_10955.jpg,1,/mnt/research-projects/j/jlgage/RawUAVData01/uavforslb/final_image/final_sliced/20230720_I3B_10955.jpg
7352,G3,2023,7/20/23,7.0,7/20/23,20230720_G3_07352.jpg,0,/mnt/research-projects/j/jlgage/RawUAVData01/uavforslb/final_image/final_sliced/20230720_G3_07352.jpg
8004,G3,2023,7/26/23,6.0,7/27/23,20230727_G3_08004.jpg,1,/mnt/research-projects/j/jlgage/RawUAVData01/uavforslb/final_image/final_sliced/20230727_G3_08004.jpg
4424,B7A,2024,7/15/24,4.5,7/16/24,20240716_B7A_04424.jpg,1,/mnt/research-projects/j/jlgage/RawUAVData01/uavforslb/final_image/final_sliced/20240716_B7A_04424.jpg
730,C6B,2024,7/29/24,5.0,7/26/24,20240726_C6B_00730.jpg,-3,/mnt/research-projects/j/jlgage/RawUAVData01/uavforslb/final_image/final_sliced/20240726_C6B_00730.jpg
11014,I3B,2023,7/19/23,7.5,7/20/23,20230720_I3B_11014.jpg,1,/mnt/research-projects/j/jlgage/RawUAVData01/uavforslb/final_image/final_sliced/20230720_I3B_11014.jpg
7274,G3,2023,7/20/23,7.5,7/20/23,20230720_G3_07274.jpg,0,/mnt/research-projects/j/jlgage/RawUAVData01/uavforslb/final_image/final_sliced/20230720_G3_07274.jpg
4426,B7A,2024,7/30/24,1.5,7/27/24,20240727_B7A_04426.jpg,-3,/mnt/research-projects/j/jlgage/RawUAVData01/uavforslb/final_image/final_sliced/20240727_B7A_04426.jpg
11221,I3B,2023,7/19/23,6.0,7/20/23,20230720_I3B_11221.jpg,1,/mnt/research-projects/j/jlgage/RawUAVData01/uavforslb/final_image/final_sliced/20230720_I3B_11221.jpg
10392,I3B,2023,7/25/23,4.0,7/27/23,20230727_I3B_10392.jpg,2,/mnt/research-projects/j/jlgage/RawUAVData01/uavforslb/final_image/final_sliced/20230727_I3B_10392.jpg
285,C6B,2024,7/29/24,4.0,7/26/24,20240726_C6B_00285.jpg,-3,/mnt/research-projects/j/jlgage/RawUAVData01/uavforslb/final_image/final_sliced/20240726_C6B_00285.jpg
10296,I3B,2023,7/25/23,6.0,7/27/23,20230727_I3B_10296.jpg,2,/mnt/research-projects/j/jlgage/RawUAVData01/uavforslb/final_image/final_sliced/20230727_I3B_10296.jpg
5565,B7A,2024,7/11/24,8.0,7/10/24,20240710_B7A_05565.jpg,-1,/mnt/research-projects/j/jlgage/RawUAVData01/uavforslb/final_image/final_sliced/20240710_B7A_05565.jpg
11157,I3B,2023,7/12/23,6.5,7/13/23,20230713_I3B_11157.jpg,1,/mnt/research-projects/j/jlgage/RawUAVData01/uavforslb/final_image/final_sliced/20230713_I3B_11157.jpg
9698,I3B,2023,7/12/23,4.0,7/13/23,20230713_I3B_09698.jpg,1,/mnt/research-projects/j/jlgage/RawUAVData01/uavforslb/final_image/final_sliced/20230713_I3B_09698.jpg
1956,C6B,2024,7/19/24,5.0,7/18/24,20240718_C6B_01956.jpg,-1,/mnt/research-projects/j/jlgage/RawUAVData01/uavforslb/final_image/final_sliced/20240718_C6B_01956.jpg
4472,B7A,2024,7/15/24,7.5,7/16/24,20240716_B7A_04472.jpg,1,/mnt/research-projects/j/jlgage/RawUAVData01/uavforslb/final_image/final_sliced/20240716_B7A_04472.jpg
7451,G3,2023,7/26/23,5.0,7/27/23,20230727_G3_07451.jpg,1,/mnt/research-projects/j/jlgage/RawUAVData01/uavforslb/final_image/final_sliced/20230727_G3_07451.jpg
10390,I3B,2023,7/25/23,5.5,7/27/23,20230727_I3B_10390.jpg,2,/mnt/research-projects/j/jlgage/RawUAVData01/uavforslb/final_image/final_sliced/20230727_I3B_10390.jpg
2112,C6B,2024,7/19/24,7.0,7/18/24,20240718_C6B_02112.jpg,-1,/mnt/research-projects/j/jlgage/RawUAVData01/uavforslb/final_image/final_sliced/20240718_C6B_02112.jpg
2827,C6B,2024,7/30/24,5.0,8/2/24,20240802_C6B_02827.jpg,3,/mnt/research-projects/j/jlgage/RawUAVData01/uavforslb/final_image/final_sliced/20240802_C6B_02827.jpg
1385,C6B,2024,7/29/24,3.0,7/26/24,20240726_C6B_01385.jpg,-3,/mnt/research-projects/j/jlgage/RawUAVData01/uavforslb/final_image/final_sliced/20240726_C6B_01385.jpg
8012,G3,2023,7/19/23,8.0,7/20/23,20230720_G3_08012.jpg,1,/mnt/research-projects/j/jlgage/RawUAVData01/uavforslb/final_image/final_sliced/20230720_G3_08012.jpg
555,C6B,2024,7/19/24,8.5,7/18/24,20240718_C6B_00555.jpg,-1,/mnt/research-projects/j/jlgage/RawUAVData01/uavforslb/final_image/final_sliced/20240718_C6B_00555.jpg
10282,I3B,2023,7/25/23,5.0,7/27/23,20230727_I3B_10282.jpg,2,/mnt/research-projects/j/jlgage/RawUAVData01/uavforslb/final_image/final_sliced/20230727_I3B_10282.jpg
3543,C6B,2024,7/15/24,8.5,7/18/24,20240718_C6B_03543.jpg,3,/mnt/research-projects/j/jlgage/RawUAVData01/uavforslb/final_image/final_sliced/20240718_C6B_03543.jpg
1843,C6B,2024,7/19/24,5.0,7/18/24,20240718_C6B_01843.jpg,-1,/mnt/research-projects/j/jlgage/RawUAVData01/uavforslb/final_image/final_sliced/20240718_C6B_01843.jpg
8103,G3,2023,7/26/23,5.0,7/27/23,20230727_G3_08103.jpg,1,/mnt/research-projects/j/jlgage/RawUAVData01/uavforslb/final_image/final_sliced/20230727_G3_08103.jpg
11345,I3B,2023,7/19/23,6.0,7/20/23,20230720_I3B_11345.jpg,1,/mnt/research-projects/j/jlgage/RawUAVData01/uavforslb/final_image/final_sliced/20230720_I3B_11345.jpg
7255,G3,2023,7/26/23,6.0,7/27/23,20230727_G3_07255.jpg,1,/mnt/research-projects/j/jlgage/RawUAVData01/uavforslb/final_image/final_sliced/20230727_G3_07255.jpg
9962,I3B,2023,7/12/23,5.5,7/13/23,20230713_I3B_09962.jpg,1,/mnt/research-projects/j/jlgage/RawUAVData01/uavforslb/final_image/final_sliced/20230713_I3B_09962.jpg
3595,C6B,2024,7/30/24,2.5,8/2/24,20240802_C6B_03595.jpg,3,/mnt/research-projects/j/jlgage/RawUAVData01/uavforslb/final_image/final_sliced/20240802_C6B_03595.jpg
9592,I3B,2023,7/12/23,6.5,7/13/23,20230713_I3B_09592.jpg,1,/mnt/research-projects/j/jlgage/RawUAVData01/uavforslb/final_image/final_sliced/20230713_I3B_09592.jpg
11261,I3B,2023,7/19/23,5.5,7/20/23,20230720_I3B_11261.jpg,1,/mnt/research-projects/j/jlgage/RawUAVData01/uavforslb/final_image/final_sliced/20230720_I3B_11261.jpg
7373,G3,2023,7/20/23,5.0,7/20/23,20230720_G3_07373.jpg,0,/mnt/research-projects/j/jlgage/RawUAVData01/uavforslb/final_image/final_sliced/20230720_G3_07373.jpg
3221,C6B,2024,7/30/24,4.0,8/2/24,20240802_C6B_03221.jpg,3,/mnt/research-projects/j/jlgage/RawUAVData01/uavforslb/final_image/final_sliced/20240802_C6B_03221.jpg
130,C6B,2024,7/29/24,3.0,7/26/24,20240726_C6B_00130.jpg,-3,/mnt/research-projects/j/jlgage/RawUAVData01/uavforslb/final_image/final_sliced/20240726_C6B_00130.jpg
7256,G3,2023,7/19/23,8.5,7/20/23,20230720_G3_07256.jpg,1,/mnt/research-projects/j/jlgage/RawUAVData01/uavforslb/final_image/final_sliced/20230720_G3_07256.jpg
3852,B7A,2024,7/15/24,8.0,7/16/24,20240716_B7A_03852.jpg,1,/mnt/research-projects/j/jlgage/RawUAVData01/uavforslb/final_image/final_sliced/20240716_B7A_03852.jpg
9784,I3B,2023,7/12/23,4.5,7/13/23,20230713_I3B_09784.jpg,1,/mnt/research-projects/j/jlgage/RawUAVData01/uavforslb/final_image/final_sliced/20230713_I3B_09784.jpg
11346,I3B,2023,7/19/23,6.0,7/20/23,20230720_I3B_11346.jpg,1,/mnt/research-projects/j/jlgage/RawUAVData01/uavforslb/final_image/final_sliced/20230720_I3B_11346.jpg
11222,I3B,2023,7/19/23,6.0,7/20/23,20230720_I3B_11222.jpg,1,/mnt/research-projects/j/jlgage/RawUAVData01/uavforslb/final_image/final_sliced/20230720_I3B_11222.jpg
9924,I3B,2023,7/12/23,5.0,7/13/23,20230713_I3B_09924.jpg,1,/mnt/research-projects/j/jlgage/RawUAVData01/uavforslb/final_image/final_sliced/20230713_I3B_09924.jpg
11175,I3B,2023,7/12/23,7.0,7/13/23,20230713_I3B_11175.jpg,1,/mnt/research-projects/j/jlgage/RawUAVData01/uavforslb/final_image/final_sliced/20230713_I3B_11175.jpg
3137,C6B,2024,7/15/24,8.0,7/18/24,20240718_C6B_03137.jpg,3,/mnt/research-projects/j/jlgage/RawUAVData01/uavforslb/final_image/final_sliced/20240718_C6B_03137.jpg
11319,I3B,2023,7/19/23,7.5,7/20/23,20230720_I3B_11319.jpg,1,/mnt/research-projects/j/jlgage/RawUAVData01/uavforslb/final_image/final_sliced/20230720_I3B_11319.jpg
10874,I3B,2023,7/19/23,6.0,7/20/23,20230720_I3B_10874.jpg,1,/mnt/research-projects/j/jlgage/RawUAVData01/uavforslb/final_image/final_sliced/20230720_I3B_10874.jpg
1190,C6B,2024,7/19/24,7.5,7/18/24,20240718_C6B_01190.jpg,-1,/mnt/research-projects/j/jlgage/RawUAVData01/uavforslb/final_image/final_sliced/20240718_C6B_01190.jpg
1585,C6B,2024,7/19/24,7.0,7/18/24,20240718_C6B_01585.jpg,-1,/mnt/research-projects/j/jlgage/RawUAVData01/uavforslb/final_image/final_sliced/20240718_C6B_01585.jpg
8024,G3,2023,7/26/23,5.0,7/27/23,20230727_G3_08024.jpg,1,/mnt/research-projects/j/jlgage/RawUAVData01/uavforslb/final_image/final_sliced/20230727_G3_08024.jpg
2571,C6B,2024,7/1/24,8.5,7/3/24,20240703_C6B_02571.jpg,2,/mnt/research-projects/j/jlgage/RawUAVData01/uavforslb/final_image/final_sliced/20240703_C6B_02571.jpg
8070,G3,2023,7/20/23,8.0,7/20/23,20230720_G3_08070.jpg,0,/mnt/research-projects/j/jlgage/RawUAVData01/uavforslb/final_image/final_sliced/20230720_G3_08070.jpg
3028,G3,2023,7/19/23,7.5,7/20/23,20230720_G3_03028.jpg,1,/mnt/research-projects/j/jlgage/RawUAVData01/uavforslb/final_image/final_sliced/20230720_G3_03028.jpg
9829,I3B,2023,7/12/23,6.0,7/13/23,20230713_I3B_09829.jpg,1,/mnt/research-projects/j/jlgage/RawUAVData01/uavforslb/final_image/final_sliced/20230713_I3B_09829.jpg
1498,C6B,2024,7/29/24,8.5,7/26/24,20240726_C6B_01498.jpg,-3,/mnt/research-projects/j/jlgage/RawUAVData01/uavforslb/final_image/final_sliced/20240726_C6B_01498.jpg
3050,G3,2023,7/19/23,8.0,7/20/23,20230720_G3_03050.jpg,1,/mnt/research-projects/j/jlgage/RawUAVData01/uavforslb/final_image/final_sliced/20230720_G3_03050.jpg
3723,C6B,2024,7/30/24,3.5,8/2/24,20240802_C6B_03723.jpg,3,/mnt/research-projects/j/jlgage/RawUAVData01/uavforslb/final_image/final_sliced/20240802_C6B_03723.jpg
622,C6B,2024,7/29/24,5.0,7/26/24,20240726_C6B_00622.jpg,-3,/mnt/research-projects/j/jlgage/RawUAVData01/uavforslb/final_image/final_sliced/20240726_C6B_00622.jpg
3808,C6B,2024,7/15/24,8.0,7/18/24,20240718_C6B_03808.jpg,3,/mnt/research-projects/j/jlgage/RawUAVData01/uavforslb/final_image/final_sliced/20240718_C6B_03808.jpg
2552,C6B,2024,7/11/24,8.0,7/10/24,20240710_C6B_02552.jpg,-1,/mnt/research-projects/j/jlgage/RawUAVData01/uavforslb/final_image/final_sliced/20240710_C6B_02552.jpg
410,C6B,2024,7/19/24,6.5,7/18/24,20240718_C6B_00410.jpg,-1,/mnt/research-projects/j/jlgage/RawUAVData01/uavforslb/final_image/final_sliced/20240718_C6B_00410.jpg
9637,I3B,2023,7/12/23,6.5,7/13/23,20230713_I3B_09637.jpg,1,/mnt/research-projects/j/jlgage/RawUAVData01/uavforslb/final_image/final_sliced/20230713_I3B_09637.jpg
9826,I3B,2023,7/12/23,5.5,7/13/23,20230713_I3B_09826.jpg,1,/mnt/research-projects/j/jlgage/RawUAVData01/uavforslb/final_image/final_sliced/20230713_I3B_09826.jpg
3866,B7A,2024,7/30/24,3.0,7/27/24,20240727_B7A_03866.jpg,-3,/mnt/research-projects/j/jlgage/RawUAVData01/uavforslb/final_image/final_sliced/20240727_B7A_03866.jpg
3083,G3,2023,7/26/23,5.0,7/27/23,20230727_G3_03083.jpg,1,/mnt/research-projects/j/jlgage/RawUAVData01/uavforslb/final_image/final_sliced/20230727_G3_03083.jpg
4136,B7A,2024,7/15/24,6.5,7/16/24,20240716_B7A_04136.jpg,1,/mnt/research-projects/j/jlgage/RawUAVData01/uavforslb/final_image/final_sliced/20240716_B7A_04136.jpg
11017,I3B,2023,7/19/23,6.0,7/20/23,20230720_I3B_11017.jpg,1,/mnt/research-projects/j/jlgage/RawUAVData01/uavforslb/final_image/final_sliced/20230720_I3B_11017.jpg
9726,I3B,2023,7/12/23,4.5,7/13/23,20230713_I3B_09726.jpg,1,/mnt/research-projects/j/jlgage/RawUAVData01/uavforslb/final_image/final_sliced/20230713_I3B_09726.jpg
7272,G3,2023,7/19/23,7.0,7/20/23,20230720_G3_07272.jpg,1,/mnt/research-projects/j/jlgage/RawUAVData01/uavforslb/final_image/final_sliced/20230720_G3_07272.jpg
4439,B7A,2024,7/30/24,2.0,7/27/24,20240727_B7A_04439.jpg,-3,/mnt/research-projects/j/jlgage/RawUAVData01/uavforslb/final_image/final_sliced/20240727_B7A_04439.jpg
7394,G3,2023,7/20/23,6.5,7/20/23,20230720_G3_07394.jpg,0,/mnt/research-projects/j/jlgage/RawUAVData01/uavforslb/final_image/final_sliced/20230720_G3_07394.jpg
8091,G3,2023,7/26/23,8.0,7/27/23,20230727_G3_08091.jpg,1,/mnt/research-projects/j/jlgage/RawUAVData01/uavforslb/final_image/final_sliced/20230727_G3_08091.jpg
107,C6B,2024,7/19/24,8.5,7/18/24,20240718_C6B_00107.jpg,-1,/mnt/research-projects/j/jlgage/RawUAVData01/uavforslb/final_image/final_sliced/20240718_C6B_00107.jpg
7528,G3,2023,7/26/23,8.0,7/27/23,20230727_G3_07528.jpg,1,/mnt/research-projects/j/jlgage/RawUAVData01/uavforslb/final_image/final_sliced/20230727_G3_07528.jpg
367,C6B,2024,7/19/24,8.5,7/18/24,20240718_C6B_00367.jpg,-1,/mnt/research-projects/j/jlgage/RawUAVData01/uavforslb/final_image/final_sliced/20240718_C6B_00367.jpg
4174,B7A,2024,7/15/24,5.0,7/16/24,20240716_B7A_04174.jpg,1,/mnt/research-projects/j/jlgage/RawUAVData01/uavforslb/final_image/final_sliced/20240716_B7A_04174.jpg
4086,B7A,2024,7/15/24,8.5,7/16/24,20240716_B7A_04086.jpg,1,/mnt/research-projects/j/jlgage/RawUAVData01/uavforslb/final_image/final_sliced/20240716_B7A_04086.jpg
4577,B7A,2024,7/15/24,8.5,7/16/24,20240716_B7A_04577.jpg,1,/mnt/research-projects/j/jlgage/RawUAVData01/uavforslb/final_image/final_sliced/20240716_B7A_04577.jpg
3206,C6B,2024,7/15/24,8.5,7/18/24,20240718_C6B_03206.jpg,3,/mnt/research-projects/j/jlgage/RawUAVData01/uavforslb/final_image/final_sliced/20240718_C6B_03206.jpg
2592,C6B,2024,7/30/24,2.0,8/2/24,20240802_C6B_02592.jpg,3,/mnt/research-projects/j/jlgage/RawUAVData01/uavforslb/final_image/final_sliced/20240802_C6B_02592.jpg
8123,G3,2023,7/26/23,8.0,7/27/23,20230727_G3_08123.jpg,1,/mnt/research-projects/j/jlgage/RawUAVData01/uavforslb/final_image/final_sliced/20230727_G3_08123.jpg
10283,I3B,2023,7/25/23,3.0,7/27/23,20230727_I3B_10283.jpg,2,/mnt/research-projects/j/jlgage/RawUAVData01/uavforslb/final_image/final_sliced/20230727_I3B_10283.jpg
3859,B7A,2024,7/30/24,4.0,7/27/24,20240727_B7A_03859.jpg,-3,/mnt/research-projects/j/jlgage/RawUAVData01/uavforslb/final_image/final_sliced/20240727_B7A_03859.jpg
4636,B7A,2024,7/30/24,3.0,7/27/24,20240727_B7A_04636.jpg,-3,/mnt/research-projects/j/jlgage/RawUAVData01/uavforslb/final_image/final_sliced/20240727_B7A_04636.jpg
7261,G3,2023,7/26/23,4.0,7/27/23,20230727_G3_07261.jpg,1,/mnt/research-projects/j/jlgage/RawUAVData01/uavforslb/final_image/final_sliced/20230727_G3_07261.jpg
3074,C6B,2024,7/30/24,3.5,8/2/24,20240802_C6B_03074.jpg,3,/mnt/research-projects/j/jlgage/RawUAVData01/uavforslb/final_image/final_sliced/20240802_C6B_03074.jpg
2559,C6B,2024,7/18/24,6.5,7/18/24,20240718_C6B_02559.jpg,0,/mnt/research-projects/j/jlgage/RawUAVData01/uavforslb/final_image/final_sliced/20240718_C6B_02559.jpg
4153,B7A,2024,7/30/24,4.0,7/27/24,20240727_B7A_04153.jpg,-3,/mnt/research-projects/j/jlgage/RawUAVData01/uavforslb/final_image/final_sliced/20240727_B7A_04153.jpg
1575,C6B,2024,7/29/24,3.0,7/26/24,20240726_C6B_01575.jpg,-3,/mnt/research-projects/j/jlgage/RawUAVData01/uavforslb/final_image/final_sliced/20240726_C6B_01575.jpg
10811,I3B,2023,7/19/23,7.0,7/20/23,20230720_I3B_10811.jpg,1,/mnt/research-projects/j/jlgage/RawUAVData01/uavforslb/final_image/final_sliced/20230720_I3B_10811.jpg
9857,I3B,2023,7/12/23,5.0,7/13/23,20230713_I3B_09857.jpg,1,/mnt/research-projects/j/jlgage/RawUAVData01/uavforslb/final_image/final_sliced/20230713_I3B_09857.jpg
1459,C6B,2024,7/29/24,1.5,7/26/24,20240726_C6B_01459.jpg,-3,/mnt/research-projects/j/jlgage/RawUAVData01/uavforslb/final_image/final_sliced/20240726_C6B_01459.jpg
7425,G3,2023,7/26/23,6.0,7/27/23,20230727_G3_07425.jpg,1,/mnt/research-projects/j/jlgage/RawUAVData01/uavforslb/final_image/final_sliced/20230727_G3_07425.jpg
10047,I3B,2023,7/12/23,5.0,7/13/23,20230713_I3B_10047.jpg,1,/mnt/research-projects/j/jlgage/RawUAVData01/uavforslb/final_image/final_sliced/20230713_I3B_10047.jpg
1958,C6B,2024,7/19/24,4.0,7/18/24,20240718_C6B_01958.jpg,-1,/mnt/research-projects/j/jlgage/RawUAVData01/uavforslb/final_image/final_sliced/20240718_C6B_01958.jpg
11010,I3B,2023,7/19/23,5.5,7/20/23,20230720_I3B_11010.jpg,1,/mnt/research-projects/j/jlgage/RawUAVData01/uavforslb/final_image/final_sliced/20230720_I3B_11010.jpg
3005,G3,2023,7/26/23,8.0,7/27/23,20230727_G3_03005.jpg,1,/mnt/research-projects/j/jlgage/RawUAVData01/uavforslb/final_image/final_sliced/20230727_G3_03005.jpg
704,C6B,2024,7/19/24,7.0,7/18/24,20240718_C6B_00704.jpg,-1,/mnt/research-projects/j/jlgage/RawUAVData01/uavforslb/final_image/final_sliced/20240718_C6B_00704.jpg
3186,G3,2023,7/19/23,7.5,7/20/23,20230720_G3_03186.jpg,1,/mnt/research-projects/j/jlgage/RawUAVData01/uavforslb/final_image/final_sliced/20230720_G3_03186.jpg
3413,C6B,2024,7/15/24,8.5,7/18/24,20240718_C6B_03413.jpg,3,/mnt/research-projects/j/jlgage/RawUAVData01/uavforslb/final_image/final_sliced/20240718_C6B_03413.jpg
767,C6B,2024,7/19/24,8.0,7/18/24,20240718_C6B_00767.jpg,-1,/mnt/research-projects/j/jlgage/RawUAVData01/uavforslb/final_image/final_sliced/20240718_C6B_00767.jpg
11027,I3B,2023,7/12/23,7.5,7/13/23,20230713_I3B_11027.jpg,1,/mnt/research-projects/j/jlgage/RawUAVData01/uavforslb/final_image/final_sliced/20230713_I3B_11027.jpg
9632,I3B,2023,7/12/23,6.5,7/13/23,20230713_I3B_09632.jpg,1,/mnt/research-projects/j/jlgage/RawUAVData01/uavforslb/final_image/final_sliced/20230713_I3B_09632.jpg
11337,I3B,2023,7/19/23,6.5,7/20/23,20230720_I3B_11337.jpg,1,/mnt/research-projects/j/jlgage/RawUAVData01/uavforslb/final_image/final_sliced/20230720_I3B_11337.jpg
10244,I3B,2023,7/25/23,4.0,7/27/23,20230727_I3B_10244.jpg,2,/mnt/research-projects/j/jlgage/RawUAVData01/uavforslb/final_image/final_sliced/20230727_I3B_10244.jpg
3276,C6B,2024,7/30/24,2.0,8/2/24,20240802_C6B_03276.jpg,3,/mnt/research-projects/j/jlgage/RawUAVData01/uavforslb/final_image/final_sliced/20240802_C6B_03276.jpg
84,C6B,2024,7/19/24,8.5,7/18/24,20240718_C6B_00084.jpg,-1,/mnt/research-projects/j/jlgage/RawUAVData01/uavforslb/final_image/final_sliced/20240718_C6B_00084.jpg
3690,C6B,2024,7/30/24,5.0,8/2/24,20240802_C6B_03690.jpg,3,/mnt/research-projects/j/jlgage/RawUAVData01/uavforslb/final_image/final_sliced/20240802_C6B_03690.jpg
8011,G3,2023,7/26/23,4.0,7/27/23,20230727_G3_08011.jpg,1,/mnt/research-projects/j/jlgage/RawUAVData01/uavforslb/final_image/final_sliced/20230727_G3_08011.jpg
2852,C6B,2024,7/30/24,1.5,8/2/24,20240802_C6B_02852.jpg,3,/mnt/research-projects/j/jlgage/RawUAVData01/uavforslb/final_image/final_sliced/20240802_C6B_02852.jpg
8017,G3,2023,7/26/23,4.0,7/27/23,20230727_G3_08017.jpg,1,/mnt/research-projects/j/jlgage/RawUAVData01/uavforslb/final_image/final_sliced/20230727_G3_08017.jpg
1479,C6B,2024,7/19/24,7.0,7/18/24,20240718_C6B_01479.jpg,-1,/mnt/research-projects/j/jlgage/RawUAVData01/uavforslb/final_image/final_sliced/20240718_C6B_01479.jpg
741,C6B,2024,7/29/24,7.0,7/26/24,20240726_C6B_00741.jpg,-3,/mnt/research-projects/j/jlgage/RawUAVData01/uavforslb/final_image/final_sliced/20240726_C6B_00741.jpg
7391,G3,2023,7/26/23,7.5,7/27/23,20230727_G3_07391.jpg,1,/mnt/research-projects/j/jlgage/RawUAVData01/uavforslb/final_image/final_sliced/20230727_G3_07391.jpg
3362,C6B,2024,7/15/24,8.5,7/18/24,20240718_C6B_03362.jpg,3,/mnt/research-projects/j/jlgage/RawUAVData01/uavforslb/final_image/final_sliced/20240718_C6B_03362.jpg
3891,B7A,2024,7/15/24,8.0,7/16/24,20240716_B7A_03891.jpg,1,/mnt/research-projects/j/jlgage/RawUAVData01/uavforslb/final_image/final_sliced/20240716_B7A_03891.jpg
1596,C6B,2024,7/29/24,5.0,7/26/24,20240726_C6B_01596.jpg,-3,/mnt/research-projects/j/jlgage/RawUAVData01/uavforslb/final_image/final_sliced/20240726_C6B_01596.jpg
9782,I3B,2023,7/12/23,5.0,7/13/23,20230713_I3B_09782.jpg,1,/mnt/research-projects/j/jlgage/RawUAVData01/uavforslb/final_image/final_sliced/20230713_I3B_09782.jpg
11227,I3B,2023,7/19/23,5.0,7/20/23,20230720_I3B_11227.jpg,1,/mnt/research-projects/j/jlgage/RawUAVData01/uavforslb/final_image/final_sliced/20230720_I3B_11227.jpg
3021,G3,2023,7/26/23,7.5,7/27/23,20230727_G3_03021.jpg,1,/mnt/research-projects/j/jlgage/RawUAVData01/uavforslb/final_image/final_sliced/20230727_G3_03021.jpg
10727,I3B,2023,7/19/23,6.0,7/20/23,20230720_I3B_10727.jpg,1,/mnt/research-projects/j/jlgage/RawUAVData01/uavforslb/final_image/final_sliced/20230720_I3B_10727.jpg
10761,I3B,2023,7/19/23,4.5,7/20/23,20230720_I3B_10761.jpg,1,/mnt/research-projects/j/jlgage/RawUAVData01/uavforslb/final_image/final_sliced/20230720_I3B_10761.jpg
2704,C6B,2024,7/30/24,3.5,8/2/24,20240802_C6B_02704.jpg,3,/mnt/research-projects/j/jlgage/RawUAVData01/uavforslb/final_image/final_sliced/20240802_C6B_02704.jpg
795,C6B,2024,7/19/24,6.0,7/18/24,20240718_C6B_00795.jpg,-1,/mnt/research-projects/j/jlgage/RawUAVData01/uavforslb/final_image/final_sliced/20240718_C6B_00795.jpg
436,C6B,2024,7/29/24,4.0,7/26/24,20240726_C6B_00436.jpg,-3,/mnt/research-projects/j/jlgage/RawUAVData01/uavforslb/final_image/final_sliced/20240726_C6B_00436.jpg
3428,C6B,2024,7/15/24,8.5,7/18/24,20240718_C6B_03428.jpg,3,/mnt/research-projects/j/jlgage/RawUAVData01/uavforslb/final_image/final_sliced/20240718_C6B_03428.jpg
9930,I3B,2023,7/12/23,4.0,7/13/23,20230713_I3B_09930.jpg,1,/mnt/research-projects/j/jlgage/RawUAVData01/uavforslb/final_image/final_sliced/20230713_I3B_09930.jpg
3058,G3,2023,7/19/23,8.5,7/20/23,20230720_G3_03058.jpg,1,/mnt/research-projects/j/jlgage/RawUAVData01/uavforslb/final_image/final_sliced/20230720_G3_03058.jpg
4051,B7A,2024,7/30/24,2.0,7/27/24,20240727_B7A_04051.jpg,-3,/mnt/research-projects/j/jlgage/RawUAVData01/uavforslb/final_image/final_sliced/20240727_B7A_04051.jpg
8004,G3,2023,7/19/23,7.5,7/20/23,20230720_G3_08004.jpg,1,/mnt/research-projects/j/jlgage/RawUAVData01/uavforslb/final_image/final_sliced/20230720_G3_08004.jpg
9631,I3B,2023,7/12/23,6.5,7/13/23,20230713_I3B_09631.jpg,1,/mnt/research-projects/j/jlgage/RawUAVData01/uavforslb/final_image/final_sliced/20230713_I3B_09631.jpg
10267,I3B,2023,7/25/23,5.0,7/27/23,20230727_I3B_10267.jpg,2,/mnt/research-projects/j/jlgage/RawUAVData01/uavforslb/final_image/final_sliced/20230727_I3B_10267.jpg
2027,C6B,2024,7/19/24,7.0,7/18/24,20240718_C6B_02027.jpg,-1,/mnt/research-projects/j/jlgage/RawUAVData01/uavforslb/final_image/final_sliced/20240718_C6B_02027.jpg
8095,G3,2023,7/26/23,8.0,7/27/23,20230727_G3_08095.jpg,1,/mnt/research-projects/j/jlgage/RawUAVData01/uavforslb/final_image/final_sliced/20230727_G3_08095.jpg
7301,G3,2023,7/26/23,6.5,7/27/23,20230727_G3_07301.jpg,1,/mnt/research-projects/j/jlgage/RawUAVData01/uavforslb/final_image/final_sliced/20230727_G3_07301.jpg
1298,C6B,2024,7/19/24,5.5,7/18/24,20240718_C6B_01298.jpg,-1,/mnt/research-projects/j/jlgage/RawUAVData01/uavforslb/final_image/final_sliced/20240718_C6B_01298.jpg
7237,G3,2023,7/26/23,3.0,7/27/23,20230727_G3_07237.jpg,1,/mnt/research-projects/j/jlgage/RawUAVData01/uavforslb/final_image/final_sliced/20230727_G3_07237.jpg
3189,G3,2023,7/19/23,7.0,7/20/23,20230720_G3_03189.jpg,1,/mnt/research-projects/j/jlgage/RawUAVData01/uavforslb/final_image/final_sliced/20230720_G3_03189.jpg
9837,I3B,2023,7/12/23,5.0,7/13/23,20230713_I3B_09837.jpg,1,/mnt/research-projects/j/jlgage/RawUAVData01/uavforslb/final_image/final_sliced/20230713_I3B_09837.jpg
11364,I3B,2023,7/19/23,6.0,7/20/23,20230720_I3B_11364.jpg,1,/mnt/research-projects/j/jlgage/RawUAVData01/uavforslb/final_image/final_sliced/20230720_I3B_11364.jpg
4405,B7A,2024,7/30/24,1.5,7/27/24,20240727_B7A_04405.jpg,-3,/mnt/research-projects/j/jlgage/RawUAVData01/uavforslb/final_image/final_sliced/20240727_B7A_04405.jpg
3875,B7A,2024,7/15/24,8.5,7/16/24,20240716_B7A_03875.jpg,1,/mnt/research-projects/j/jlgage/RawUAVData01/uavforslb/final_image/final_sliced/20240716_B7A_03875.jpg
464,C6B,2024,7/29/24,6.0,7/26/24,20240726_C6B_00464.jpg,-3,/mnt/research-projects/j/jlgage/RawUAVData01/uavforslb/final_image/final_sliced/20240726_C6B_00464.jpg
9902,I3B,2023,7/12/23,6.5,7/13/23,20230713_I3B_09902.jpg,1,/mnt/research-projects/j/jlgage/RawUAVData01/uavforslb/final_image/final_sliced/20230713_I3B_09902.jpg
10280,I3B,2023,7/25/23,6.0,7/27/23,20230727_I3B_10280.jpg,2,/mnt/research-projects/j/jlgage/RawUAVData01/uavforslb/final_image/final_sliced/20230727_I3B_10280.jpg
10409,I3B,2023,7/25/23,5.0,7/27/23,20230727_I3B_10409.jpg,2,/mnt/research-projects/j/jlgage/RawUAVData01/uavforslb/final_image/final_sliced/20230727_I3B_10409.jpg
3011,C6B,2024,7/30/24,2.0,8/2/24,20240802_C6B_03011.jpg,3,/mnt/research-projects/j/jlgage/RawUAVData01/uavforslb/final_image/final_sliced/20240802_C6B_03011.jpg
9939,I3B,2023,7/12/23,4.5,7/13/23,20230713_I3B_09939.jpg,1,/mnt/research-projects/j/jlgage/RawUAVData01/uavforslb/final_image/final_sliced/20230713_I3B_09939.jpg
1277,C6B,2024,7/29/24,2.0,7/26/24,20240726_C6B_01277.jpg,-3,/mnt/research-projects/j/jlgage/RawUAVData01/uavforslb/final_image/final_sliced/20240726_C6B_01277.jpg
4339,B7A,2024,7/30/24,1.0,7/27/24,20240727_B7A_04339.jpg,-3,/mnt/research-projects/j/jlgage/RawUAVData01/uavforslb/final_image/final_sliced/20240727_B7A_04339.jpg
3007,G3,2023,7/26/23,8.0,7/27/23,20230727_G3_03007.jpg,1,/mnt/research-projects/j/jlgage/RawUAVData01/uavforslb/final_image/final_sliced/20230727_G3_03007.jpg
2975,C6B,2024,7/15/24,8.0,7/18/24,20240718_C6B_02975.jpg,3,/mnt/research-projects/j/jlgage/RawUAVData01/uavforslb/final_image/final_sliced/20240718_C6B_02975.jpg
1650,C6B,2024,7/19/24,9.0,7/18/24,20240718_C6B_01650.jpg,-1,/mnt/research-projects/j/jlgage/RawUAVData01/uavforslb/final_image/final_sliced/20240718_C6B_01650.jpg
171,C6B,2024,7/19/24,8.5,7/18/24,20240718_C6B_00171.jpg,-1,/mnt/research-projects/j/jlgage/RawUAVData01/uavforslb/final_image/final_sliced/20240718_C6B_00171.jpg
530,C6B,2024,7/29/24,4.5,7/26/24,20240726_C6B_00530.jpg,-3,/mnt/research-projects/j/jlgage/RawUAVData01/uavforslb/final_image/final_sliced/20240726_C6B_00530.jpg
9800,I3B,2023,7/12/23,5.5,7/13/23,20230713_I3B_09800.jpg,1,/mnt/research-projects/j/jlgage/RawUAVData01/uavforslb/final_image/final_sliced/20230713_I3B_09800.jpg
8097,G3,2023,7/20/23,7.0,7/20/23,20230720_G3_08097.jpg,0,/mnt/research-projects/j/jlgage/RawUAVData01/uavforslb/final_image/final_sliced/20230720_G3_08097.jpg
3548,C6B,2024,7/15/24,8.5,7/18/24,20240718_C6B_03548.jpg,3,/mnt/research-projects/j/jlgage/RawUAVData01/uavforslb/final_image/final_sliced/20240718_C6B_03548.jpg
2984,C6B,2024,7/30/24,2.0,8/2/24,20240802_C6B_02984.jpg,3,/mnt/research-projects/j/jlgage/RawUAVData01/uavforslb/final_image/final_sliced/20240802_C6B_02984.jpg
3847,B7A,2024,7/15/24,5.0,7/16/24,20240716_B7A_03847.jpg,1,/mnt/research-projects/j/jlgage/RawUAVData01/uavforslb/final_image/final_sliced/20240716_B7A_03847.jpg
2972,C6B,2024,7/30/24,4.0,8/2/24,20240802_C6B_02972.jpg,3,/mnt/research-projects/j/jlgage/RawUAVData01/uavforslb/final_image/final_sliced/20240802_C6B_02972.jpg
3743,C6B,2024,7/15/24,7.5,7/18/24,20240718_C6B_03743.jpg,3,/mnt/research-projects/j/jlgage/RawUAVData01/uavforslb/final_image/final_sliced/20240718_C6B_03743.jpg
4598,B7A,2024,7/30/24,2.0,7/27/24,20240727_B7A_04598.jpg,-3,/mnt/research-projects/j/jlgage/RawUAVData01/uavforslb/final_image/final_sliced/20240727_B7A_04598.jpg
10737,I3B,2023,7/19/23,5.5,7/20/23,20230720_I3B_10737.jpg,1,/mnt/research-projects/j/jlgage/RawUAVData01/uavforslb/final_image/final_sliced/20230720_I3B_10737.jpg
3763,C6B,2024,7/15/24,7.0,7/18/24,20240718_C6B_03763.jpg,3,/mnt/research-projects/j/jlgage/RawUAVData01/uavforslb/final_image/final_sliced/20240718_C6B_03763.jpg
7223,G3,2023,7/19/23,7.5,7/20/23,20230720_G3_07223.jpg,1,/mnt/research-projects/j/jlgage/RawUAVData01/uavforslb/final_image/final_sliced/20230720_G3_07223.jpg
5533,B7A,2024,7/1/24,7.5,7/3/24,20240703_B7A_05533.jpg,2,/mnt/research-projects/j/jlgage/RawUAVData01/uavforslb/final_image/final_sliced/20240703_B7A_05533.jpg
5050,C6B,2024,7/27/24,3.0,7/26/24,20240726_C6B_05050.jpg,-1,/mnt/research-projects/j/jlgage/RawUAVData01/uavforslb/final_image/final_sliced/20240726_C6B_05050.jpg
2072,C6B,2024,7/19/24,6.0,7/18/24,20240718_C6B_02072.jpg,-1,/mnt/research-projects/j/jlgage/RawUAVData01/uavforslb/final_image/final_sliced/20240718_C6B_02072.jpg
9729,I3B,2023,7/12/23,5.0,7/13/23,20230713_I3B_09729.jpg,1,/mnt/research-projects/j/jlgage/RawUAVData01/uavforslb/final_image/final_sliced/20230713_I3B_09729.jpg
3281,C6B,2024,7/30/24,1.5,8/2/24,20240802_C6B_03281.jpg,3,/mnt/research-projects/j/jlgage/RawUAVData01/uavforslb/final_image/final_sliced/20240802_C6B_03281.jpg
9880,I3B,2023,7/12/23,4.0,7/13/23,20230713_I3B_09880.jpg,1,/mnt/research-projects/j/jlgage/RawUAVData01/uavforslb/final_image/final_sliced/20230713_I3B_09880.jpg
4334,B7A,2024,7/15/24,8.5,7/16/24,20240716_B7A_04334.jpg,1,/mnt/research-projects/j/jlgage/RawUAVData01/uavforslb/final_image/final_sliced/20240716_B7A_04334.jpg
3041,G3,2023,7/26/23,8.0,7/27/23,20230727_G3_03041.jpg,1,/mnt/research-projects/j/jlgage/RawUAVData01/uavforslb/final_image/final_sliced/20230727_G3_03041.jpg
3174,C6B,2024,7/30/24,2.5,8/2/24,20240802_C6B_03174.jpg,3,/mnt/research-projects/j/jlgage/RawUAVData01/uavforslb/final_image/final_sliced/20240802_C6B_03174.jpg
1863,C6B,2024,7/29/24,2.0,7/26/24,20240726_C6B_01863.jpg,-3,/mnt/research-projects/j/jlgage/RawUAVData01/uavforslb/final_image/final_sliced/20240726_C6B_01863.jpg
4477,B7A,2024,7/30/24,2.5,7/27/24,20240727_B7A_04477.jpg,-3,/mnt/research-projects/j/jlgage/RawUAVData01/uavforslb/final_image/final_sliced/20240727_B7A_04477.jpg
1344,C6B,2024,7/19/24,7.0,7/18/24,20240718_C6B_01344.jpg,-1,/mnt/research-projects/j/jlgage/RawUAVData01/uavforslb/final_image/final_sliced/20240718_C6B_01344.jpg
2603,C6B,2024,7/15/24,7.0,7/18/24,20240718_C6B_02603.jpg,3,/mnt/research-projects/j/jlgage/RawUAVData01/uavforslb/final_image/final_sliced/20240718_C6B_02603.jpg
3432,C6B,2024,7/30/24,4.0,8/2/24,20240802_C6B_03432.jpg,3,/mnt/research-projects/j/jlgage/RawUAVData01/uavforslb/final_image/final_sliced/20240802_C6B_03432.jpg
174,C6B,2024,7/19/24,6.0,7/18/24,20240718_C6B_00174.jpg,-1,/mnt/research-projects/j/jlgage/RawUAVData01/uavforslb/final_image/final_sliced/20240718_C6B_00174.jpg
669,C6B,2024,7/29/24,3.0,7/26/24,20240726_C6B_00669.jpg,-3,/mnt/research-projects/j/jlgage/RawUAVData01/uavforslb/final_image/final_sliced/20240726_C6B_00669.jpg
9815,I3B,2023,7/12/23,5.0,7/13/23,20230713_I3B_09815.jpg,1,/mnt/research-projects/j/jlgage/RawUAVData01/uavforslb/final_image/final_sliced/20230713_I3B_09815.jpg
9764,I3B,2023,7/12/23,5.0,7/13/23,20230713_I3B_09764.jpg,1,/mnt/research-projects/j/jlgage/RawUAVData01/uavforslb/final_image/final_sliced/20230713_I3B_09764.jpg
7242,G3,2023,7/26/23,4.5,7/27/23,20230727_G3_07242.jpg,1,/mnt/research-projects/j/jlgage/RawUAVData01/uavforslb/final_image/final_sliced/20230727_G3_07242.jpg
1830,C6B,2024,7/19/24,8.0,7/18/24,20240718_C6B_01830.jpg,-1,/mnt/research-projects/j/jlgage/RawUAVData01/uavforslb/final_image/final_sliced/20240718_C6B_01830.jpg
7228,G3,2023,7/26/23,5.0,7/27/23,20230727_G3_07228.jpg,1,/mnt/research-projects/j/jlgage/RawUAVData01/uavforslb/final_image/final_sliced/20230727_G3_07228.jpg
855,C6B,2024,7/29/24,3.0,7/26/24,20240726_C6B_00855.jpg,-3,/mnt/research-projects/j/jlgage/RawUAVData01/uavforslb/final_image/final_sliced/20240726_C6B_00855.jpg
7445,G3,2023,7/26/23,8.0,7/27/23,20230727_G3_07445.jpg,1,/mnt/research-projects/j/jlgage/RawUAVData01/uavforslb/final_image/final_sliced/20230727_G3_07445.jpg
3743,C6B,2024,7/30/24,1.5,8/2/24,20240802_C6B_03743.jpg,3,/mnt/research-projects/j/jlgage/RawUAVData01/uavforslb/final_image/final_sliced/20240802_C6B_03743.jpg
1473,C6B,2024,7/19/24,7.5,7/18/24,20240718_C6B_01473.jpg,-1,/mnt/research-projects/j/jlgage/RawUAVData01/uavforslb/final_image/final_sliced/20240718_C6B_01473.jpg
9914,I3B,2023,7/12/23,4.0,7/13/23,20230713_I3B_09914.jpg,1,/mnt/research-projects/j/jlgage/RawUAVData01/uavforslb/final_image/final_sliced/20230713_I3B_09914.jpg
11246,I3B,2023,7/19/23,5.0,7/20/23,20230720_I3B_11246.jpg,1,/mnt/research-projects/j/jlgage/RawUAVData01/uavforslb/final_image/final_sliced/20230720_I3B_11246.jpg
5564,B7A,2024,7/27/24,3.5,7/27/24,20240727_B7A_05564.jpg,0,/mnt/research-projects/j/jlgage/RawUAVData01/uavforslb/final_image/final_sliced/20240727_B7A_05564.jpg
11168,I3B,2023,7/12/23,8.0,7/13/23,20230713_I3B_11168.jpg,1,/mnt/research-projects/j/jlgage/RawUAVData01/uavforslb/final_image/final_sliced/20230713_I3B_11168.jpg
3274,C6B,2024,7/15/24,8.5,7/18/24,20240718_C6B_03274.jpg,3,/mnt/research-projects/j/jlgage/RawUAVData01/uavforslb/final_image/final_sliced/20240718_C6B_03274.jpg
1615,C6B,2024,7/19/24,8.0,7/18/24,20240718_C6B_01615.jpg,-1,/mnt/research-projects/j/jlgage/RawUAVData01/uavforslb/final_image/final_sliced/20240718_C6B_01615.jpg
813,C6B,2024,7/19/24,8.5,7/18/24,20240718_C6B_00813.jpg,-1,/mnt/research-projects/j/jlgage/RawUAVData01/uavforslb/final_image/final_sliced/20240718_C6B_00813.jpg
3008,C6B,2024,7/30/24,3.0,8/2/24,20240802_C6B_03008.jpg,3,/mnt/research-projects/j/jlgage/RawUAVData01/uavforslb/final_image/final_sliced/20240802_C6B_03008.jpg
2985,C6B,2024,7/30/24,1.5,8/2/24,20240802_C6B_02985.jpg,3,/mnt/research-projects/j/jlgage/RawUAVData01/uavforslb/final_image/final_sliced/20240802_C6B_02985.jpg
11096,I3B,2023,7/12/23,7.5,7/13/23,20230713_I3B_11096.jpg,1,/mnt/research-projects/j/jlgage/RawUAVData01/uavforslb/final_image/final_sliced/20230713_I3B_11096.jpg
9919,I3B,2023,7/12/23,4.0,7/13/23,20230713_I3B_09919.jpg,1,/mnt/research-projects/j/jlgage/RawUAVData01/uavforslb/final_image/final_sliced/20230713_I3B_09919.jpg
3042,G3,2023,7/26/23,8.0,7/27/23,20230727_G3_03042.jpg,1,/mnt/research-projects/j/jlgage/RawUAVData01/uavforslb/final_image/final_sliced/20230727_G3_03042.jpg
7440,G3,2023,7/26/23,7.0,7/27/23,20230727_G3_07440.jpg,1,/mnt/research-projects/j/jlgage/RawUAVData01/uavforslb/final_image/final_sliced/20230727_G3_07440.jpg
4395,B7A,2024,7/30/24,3.0,7/27/24,20240727_B7A_04395.jpg,-3,/mnt/research-projects/j/jlgage/RawUAVData01/uavforslb/final_image/final_sliced/20240727_B7A_04395.jpg
2004,C6B,2024,7/19/24,4.0,7/18/24,20240718_C6B_02004.jpg,-1,/mnt/research-projects/j/jlgage/RawUAVData01/uavforslb/final_image/final_sliced/20240718_C6B_02004.jpg
11090,I3B,2023,7/12/23,7.5,7/13/23,20230713_I3B_11090.jpg,1,/mnt/research-projects/j/jlgage/RawUAVData01/uavforslb/final_image/final_sliced/20230713_I3B_11090.jpg
5566,B7A,2024,7/1/24,7.5,7/3/24,20240703_B7A_05566.jpg,2,/mnt/research-projects/j/jlgage/RawUAVData01/uavforslb/final_image/final_sliced/20240703_B7A_05566.jpg
4162,B7A,2024,7/15/24,8.5,7/16/24,20240716_B7A_04162.jpg,1,/mnt/research-projects/j/jlgage/RawUAVData01/uavforslb/final_image/final_sliced/20240716_B7A_04162.jpg
4177,B7A,2024,7/15/24,6.0,7/16/24,20240716_B7A_04177.jpg,1,/mnt/research-projects/j/jlgage/RawUAVData01/uavforslb/final_image/final_sliced/20240716_B7A_04177.jpg
1677,C6B,2024,7/19/24,8.5,7/18/24,20240718_C6B_01677.jpg,-1,/mnt/research-projects/j/jlgage/RawUAVData01/uavforslb/final_image/final_sliced/20240718_C6B_01677.jpg
2611,C6B,2024,7/15/24,8.0,7/18/24,20240718_C6B_02611.jpg,3,/mnt/research-projects/j/jlgage/RawUAVData01/uavforslb/final_image/final_sliced/20240718_C6B_02611.jpg
2020,C6B,2024,7/29/24,3.0,7/26/24,20240726_C6B_02020.jpg,-3,/mnt/research-projects/j/jlgage/RawUAVData01/uavforslb/final_image/final_sliced/20240726_C6B_02020.jpg
8020,G3,2023,7/26/23,5.0,7/27/23,20230727_G3_08020.jpg,1,/mnt/research-projects/j/jlgage/RawUAVData01/uavforslb/final_image/final_sliced/20230727_G3_08020.jpg
1927,C6B,2024,7/29/24,1.5,7/26/24,20240726_C6B_01927.jpg,-3,/mnt/research-projects/j/jlgage/RawUAVData01/uavforslb/final_image/final_sliced/20240726_C6B_01927.jpg
4612,B7A,2024,7/30/24,1.0,7/27/24,20240727_B7A_04612.jpg,-3,/mnt/research-projects/j/jlgage/RawUAVData01/uavforslb/final_image/final_sliced/20240727_B7A_04612.jpg
2599,C6B,2024,7/15/24,7.0,7/18/24,20240718_C6B_02599.jpg,3,/mnt/research-projects/j/jlgage/RawUAVData01/uavforslb/final_image/final_sliced/20240718_C6B_02599.jpg
7339,G3,2023,7/20/23,7.0,7/20/23,20230720_G3_07339.jpg,0,/mnt/research-projects/j/jlgage/RawUAVData01/uavforslb/final_image/final_sliced/20230720_G3_07339.jpg
919,C6B,2024,7/29/24,3.0,7/26/24,20240726_C6B_00919.jpg,-3,/mnt/research-projects/j/jlgage/RawUAVData01/uavforslb/final_image/final_sliced/20240726_C6B_00919.jpg
10887,I3B,2023,7/19/23,7.0,7/20/23,20230720_I3B_10887.jpg,1,/mnt/research-projects/j/jlgage/RawUAVData01/uavforslb/final_image/final_sliced/20230720_I3B_10887.jpg
4456,B7A,2024,7/30/24,1.5,7/27/24,20240727_B7A_04456.jpg,-3,/mnt/research-projects/j/jlgage/RawUAVData01/uavforslb/final_image/final_sliced/20240727_B7A_04456.jpg
609,C6B,2024,7/29/24,5.0,7/26/24,20240726_C6B_00609.jpg,-3,/mnt/research-projects/j/jlgage/RawUAVData01/uavforslb/final_image/final_sliced/20240726_C6B_00609.jpg
3584,C6B,2024,7/30/24,2.0,8/2/24,20240802_C6B_03584.jpg,3,/mnt/research-projects/j/jlgage/RawUAVData01/uavforslb/final_image/final_sliced/20240802_C6B_03584.jpg
4268,B7A,2024,7/15/24,8.5,7/16/24,20240716_B7A_04268.jpg,1,/mnt/research-projects/j/jlgage/RawUAVData01/uavforslb/final_image/final_sliced/20240716_B7A_04268.jpg
442,C6B,2024,7/29/24,5.0,7/26/24,20240726_C6B_00442.jpg,-3,/mnt/research-projects/j/jlgage/RawUAVData01/uavforslb/final_image/final_sliced/20240726_C6B_00442.jpg
3924,B7A,2024,7/30/24,5.0,7/27/24,20240727_B7A_03924.jpg,-3,/mnt/research-projects/j/jlgage/RawUAVData01/uavforslb/final_image/final_sliced/20240727_B7A_03924.jpg
3338,C6B,2024,7/15/24,8.5,7/18/24,20240718_C6B_03338.jpg,3,/mnt/research-projects/j/jlgage/RawUAVData01/uavforslb/final_image/final_sliced/20240718_C6B_03338.jpg
313,C6B,2024,7/19/24,8.0,7/18/24,20240718_C6B_00313.jpg,-1,/mnt/research-projects/j/jlgage/RawUAVData01/uavforslb/final_image/final_sliced/20240718_C6B_00313.jpg
7262,G3,2023,7/26/23,3.0,7/27/23,20230727_G3_07262.jpg,1,/mnt/research-projects/j/jlgage/RawUAVData01/uavforslb/final_image/final_sliced/20230727_G3_07262.jpg
3139,G3,2023,7/26/23,7.0,7/27/23,20230727_G3_03139.jpg,1,/mnt/research-projects/j/jlgage/RawUAVData01/uavforslb/final_image/final_sliced/20230727_G3_03139.jpg
2722,C6B,2024,7/15/24,8.5,7/18/24,20240718_C6B_02722.jpg,3,/mnt/research-projects/j/jlgage/RawUAVData01/uavforslb/final_image/final_sliced/20240718_C6B_02722.jpg
4068,B7A,2024,7/30/24,1.5,7/27/24,20240727_B7A_04068.jpg,-3,/mnt/research-projects/j/jlgage/RawUAVData01/uavforslb/final_image/final_sliced/20240727_B7A_04068.jpg
738,C6B,2024,7/29/24,4.0,7/26/24,20240726_C6B_00738.jpg,-3,/mnt/research-projects/j/jlgage/RawUAVData01/uavforslb/final_image/final_sliced/20240726_C6B_00738.jpg
11118,I3B,2023,7/12/23,7.0,7/13/23,20230713_I3B_11118.jpg,1,/mnt/research-projects/j/jlgage/RawUAVData01/uavforslb/final_image/final_sliced/20230713_I3B_11118.jpg
7206,G3,2023,7/19/23,8.5,7/20/23,20230720_G3_07206.jpg,1,/mnt/research-projects/j/jlgage/RawUAVData01/uavforslb/final_image/final_sliced/20230720_G3_07206.jpg
1236,C6B,2024,7/19/24,8.0,7/18/24,20240718_C6B_01236.jpg,-1,/mnt/research-projects/j/jlgage/RawUAVData01/uavforslb/final_image/final_sliced/20240718_C6B_01236.jpg
7357,G3,2023,7/26/23,8.0,7/27/23,20230727_G3_07357.jpg,1,/mnt/research-projects/j/jlgage/RawUAVData01/uavforslb/final_image/final_sliced/20230727_G3_07357.jpg
597,C6B,2024,7/29/24,4.0,7/26/24,20240726_C6B_00597.jpg,-3,/mnt/research-projects/j/jlgage/RawUAVData01/uavforslb/final_image/final_sliced/20240726_C6B_00597.jpg
135,C6B,2024,7/29/24,4.0,7/26/24,20240726_C6B_00135.jpg,-3,/mnt/research-projects/j/jlgage/RawUAVData01/uavforslb/final_image/final_sliced/20240726_C6B_00135.jpg
773,C6B,2024,7/19/24,7.5,7/18/24,20240718_C6B_00773.jpg,-1,/mnt/research-projects/j/jlgage/RawUAVData01/uavforslb/final_image/final_sliced/20240718_C6B_00773.jpg
9940,I3B,2023,7/12/23,5.5,7/13/23,20230713_I3B_09940.jpg,1,/mnt/research-projects/j/jlgage/RawUAVData01/uavforslb/final_image/final_sliced/20230713_I3B_09940.jpg
8085,G3,2023,7/26/23,8.0,7/27/23,20230727_G3_08085.jpg,1,/mnt/research-projects/j/jlgage/RawUAVData01/uavforslb/final_image/final_sliced/20230727_G3_08085.jpg
7244,G3,2023,7/19/23,7.0,7/20/23,20230720_G3_07244.jpg,1,/mnt/research-projects/j/jlgage/RawUAVData01/uavforslb/final_image/final_sliced/20230720_G3_07244.jpg
8170,G3,2023,7/26/23,8.0,7/27/23,20230727_G3_08170.jpg,1,/mnt/research-projects/j/jlgage/RawUAVData01/uavforslb/final_image/final_sliced/20230727_G3_08170.jpg
7456,G3,2023,7/20/23,7.5,7/20/23,20230720_G3_07456.jpg,0,/mnt/research-projects/j/jlgage/RawUAVData01/uavforslb/final_image/final_sliced/20230720_G3_07456.jpg
2562,C6B,2024,7/18/24,4.0,7/18/24,20240718_C6B_02562.jpg,0,/mnt/research-projects/j/jlgage/RawUAVData01/uavforslb/final_image/final_sliced/20240718_C6B_02562.jpg
5012,C6B,2024,7/27/24,8.0,7/26/24,20240726_C6B_05012.jpg,-1,/mnt/research-projects/j/jlgage/RawUAVData01/uavforslb/final_image/final_sliced/20240726_C6B_05012.jpg
761,C6B,2024,7/29/24,4.0,7/26/24,20240726_C6B_00761.jpg,-3,/mnt/research-projects/j/jlgage/RawUAVData01/uavforslb/final_image/final_sliced/20240726_C6B_00761.jpg
3470,C6B,2024,7/30/24,1.5,8/2/24,20240802_C6B_03470.jpg,3,/mnt/research-projects/j/jlgage/RawUAVData01/uavforslb/final_image/final_sliced/20240802_C6B_03470.jpg
641,C6B,2024,7/19/24,5.5,7/18/24,20240718_C6B_00641.jpg,-1,/mnt/research-projects/j/jlgage/RawUAVData01/uavforslb/final_image/final_sliced/20240718_C6B_00641.jpg
1169,C6B,2024,7/19/24,7.0,7/18/24,20240718_C6B_01169.jpg,-1,/mnt/research-projects/j/jlgage/RawUAVData01/uavforslb/final_image/final_sliced/20240718_C6B_01169.jpg
3040,G3,2023,7/26/23,7.5,7/27/23,20230727_G3_03040.jpg,1,/mnt/research-projects/j/jlgage/RawUAVData01/uavforslb/final_image/final_sliced/20230727_G3_03040.jpg
10304,I3B,2023,7/25/23,4.0,7/27/23,20230727_I3B_10304.jpg,2,/mnt/research-projects/j/jlgage/RawUAVData01/uavforslb/final_image/final_sliced/20230727_I3B_10304.jpg
2528,C6B,2024,7/11/24,7.0,7/10/24,20240710_C6B_02528.jpg,-1,/mnt/research-projects/j/jlgage/RawUAVData01/uavforslb/final_image/final_sliced/20240710_C6B_02528.jpg
3958,B7A,2024,7/30/24,5.5,7/27/24,20240727_B7A_03958.jpg,-3,/mnt/research-projects/j/jlgage/RawUAVData01/uavforslb/final_image/final_sliced/20240727_B7A_03958.jpg
8036,G3,2023,7/26/23,4.5,7/27/23,20230727_G3_08036.jpg,1,/mnt/research-projects/j/jlgage/RawUAVData01/uavforslb/final_image/final_sliced/20230727_G3_08036.jpg
1400,C6B,2024,7/19/24,4.0,7/18/24,20240718_C6B_01400.jpg,-1,/mnt/research-projects/j/jlgage/RawUAVData01/uavforslb/final_image/final_sliced/20240718_C6B_01400.jpg
834,C6B,2024,7/29/24,3.0,7/26/24,20240726_C6B_00834.jpg,-3,/mnt/research-projects/j/jlgage/RawUAVData01/uavforslb/final_image/final_sliced/20240726_C6B_00834.jpg
840,C6B,2024,7/29/24,3.0,7/26/24,20240726_C6B_00840.jpg,-3,/mnt/research-projects/j/jlgage/RawUAVData01/uavforslb/final_image/final_sliced/20240726_C6B_00840.jpg
10968,I3B,2023,7/19/23,6.5,7/20/23,20230720_I3B_10968.jpg,1,/mnt/research-projects/j/jlgage/RawUAVData01/uavforslb/final_image/final_sliced/20230720_I3B_10968.jpg
5539,B7A,2024,7/11/24,7.5,7/10/24,20240710_B7A_05539.jpg,-1,/mnt/research-projects/j/jlgage/RawUAVData01/uavforslb/final_image/final_sliced/20240710_B7A_05539.jpg
1617,C6B,2024,7/29/24,6.0,7/26/24,20240726_C6B_01617.jpg,-3,/mnt/research-projects/j/jlgage/RawUAVData01/uavforslb/final_image/final_sliced/20240726_C6B_01617.jpg
4527,B7A,2024,7/30/24,1.5,7/27/24,20240727_B7A_04527.jpg,-3,/mnt/research-projects/j/jlgage/RawUAVData01/uavforslb/final_image/final_sliced/20240727_B7A_04527.jpg
3424,C6B,2024,7/30/24,2.0,8/2/24,20240802_C6B_03424.jpg,3,/mnt/research-projects/j/jlgage/RawUAVData01/uavforslb/final_image/final_sliced/20240802_C6B_03424.jpg
7329,G3,2023,7/26/23,4.0,7/27/23,20230727_G3_07329.jpg,1,/mnt/research-projects/j/jlgage/RawUAVData01/uavforslb/final_image/final_sliced/20230727_G3_07329.jpg
1276,C6B,2024,7/19/24,8.5,7/18/24,20240718_C6B_01276.jpg,-1,/mnt/research-projects/j/jlgage/RawUAVData01/uavforslb/final_image/final_sliced/20240718_C6B_01276.jpg
9620,I3B,2023,7/12/23,6.5,7/13/23,20230713_I3B_09620.jpg,1,/mnt/research-projects/j/jlgage/RawUAVData01/uavforslb/final_image/final_sliced/20230713_I3B_09620.jpg
11277,I3B,2023,7/19/23,6.5,7/20/23,20230720_I3B_11277.jpg,1,/mnt/research-projects/j/jlgage/RawUAVData01/uavforslb/final_image/final_sliced/20230720_I3B_11277.jpg
11191,I3B,2023,7/19/23,6.0,7/20/23,20230720_I3B_11191.jpg,1,/mnt/research-projects/j/jlgage/RawUAVData01/uavforslb/final_image/final_sliced/20230720_I3B_11191.jpg
7411,G3,2023,7/20/23,7.5,7/20/23,20230720_G3_07411.jpg,0,/mnt/research-projects/j/jlgage/RawUAVData01/uavforslb/final_image/final_sliced/20230720_G3_07411.jpg
10757,I3B,2023,7/19/23,6.5,7/20/23,20230720_I3B_10757.jpg,1,/mnt/research-projects/j/jlgage/RawUAVData01/uavforslb/final_image/final_sliced/20230720_I3B_10757.jpg
7331,G3,2023,7/20/23,6.0,7/20/23,20230720_G3_07331.jpg,0,/mnt/research-projects/j/jlgage/RawUAVData01/uavforslb/final_image/final_sliced/20230720_G3_07331.jpg
7428,G3,2023,7/20/23,8.0,7/20/23,20230720_G3_07428.jpg,0,/mnt/research-projects/j/jlgage/RawUAVData01/uavforslb/final_image/final_sliced/20230720_G3_07428.jpg
3425,C6B,2024,7/15/24,8.0,7/18/24,20240718_C6B_03425.jpg,3,/mnt/research-projects/j/jlgage/RawUAVData01/uavforslb/final_image/final_sliced/20240718_C6B_03425.jpg
2551,C6B,2024,7/18/24,7.5,7/18/24,20240718_C6B_02551.jpg,0,/mnt/research-projects/j/jlgage/RawUAVData01/uavforslb/final_image/final_sliced/20240718_C6B_02551.jpg
797,C6B,2024,7/19/24,6.0,7/18/24,20240718_C6B_00797.jpg,-1,/mnt/research-projects/j/jlgage/RawUAVData01/uavforslb/final_image/final_sliced/20240718_C6B_00797.jpg
3123,G3,2023,7/19/23,7.5,7/20/23,20230720_G3_03123.jpg,1,/mnt/research-projects/j/jlgage/RawUAVData01/uavforslb/final_image/final_sliced/20230720_G3_03123.jpg
3148,G3,2023,7/26/23,3.5,7/27/23,20230727_G3_03148.jpg,1,/mnt/research-projects/j/jlgage/RawUAVData01/uavforslb/final_image/final_sliced/20230727_G3_03148.jpg
2044,C6B,2024,7/29/24,4.0,7/26/24,20240726_C6B_02044.jpg,-3,/mnt/research-projects/j/jlgage/RawUAVData01/uavforslb/final_image/final_sliced/20240726_C6B_02044.jpg
7540,G3,2023,7/26/23,8.0,7/27/23,20230727_G3_07540.jpg,1,/mnt/research-projects/j/jlgage/RawUAVData01/uavforslb/final_image/final_sliced/20230727_G3_07540.jpg
3617,C6B,2024,7/15/24,8.5,7/18/24,20240718_C6B_03617.jpg,3,/mnt/research-projects/j/jlgage/RawUAVData01/uavforslb/final_image/final_sliced/20240718_C6B_03617.jpg
10729,I3B,2023,7/19/23,6.0,7/20/23,20230720_I3B_10729.jpg,1,/mnt/research-projects/j/jlgage/RawUAVData01/uavforslb/final_image/final_sliced/20230720_I3B_10729.jpg
950,C6B,2024,7/19/24,5.0,7/18/24,20240718_C6B_00950.jpg,-1,/mnt/research-projects/j/jlgage/RawUAVData01/uavforslb/final_image/final_sliced/20240718_C6B_00950.jpg
7377,G3,2023,7/26/23,8.0,7/27/23,20230727_G3_07377.jpg,1,/mnt/research-projects/j/jlgage/RawUAVData01/uavforslb/final_image/final_sliced/20230727_G3_07377.jpg
1358,C6B,2024,7/29/24,4.0,7/26/24,20240726_C6B_01358.jpg,-3,/mnt/research-projects/j/jlgage/RawUAVData01/uavforslb/final_image/final_sliced/20240726_C6B_01358.jpg
7396,G3,2023,7/20/23,7.0,7/20/23,20230720_G3_07396.jpg,0,/mnt/research-projects/j/jlgage/RawUAVData01/uavforslb/final_image/final_sliced/20230720_G3_07396.jpg
1913,C6B,2024,7/29/24,3.0,7/26/24,20240726_C6B_01913.jpg,-3,/mnt/research-projects/j/jlgage/RawUAVData01/uavforslb/final_image/final_sliced/20240726_C6B_01913.jpg
1506,C6B,2024,7/19/24,8.5,7/18/24,20240718_C6B_01506.jpg,-1,/mnt/research-projects/j/jlgage/RawUAVData01/uavforslb/final_image/final_sliced/20240718_C6B_01506.jpg
10771,I3B,2023,7/19/23,4.5,7/20/23,20230720_I3B_10771.jpg,1,/mnt/research-projects/j/jlgage/RawUAVData01/uavforslb/final_image/final_sliced/20230720_I3B_10771.jpg
8167,G3,2023,7/26/23,8.0,7/27/23,20230727_G3_08167.jpg,1,/mnt/research-projects/j/jlgage/RawUAVData01/uavforslb/final_image/final_sliced/20230727_G3_08167.jpg
1502,C6B,2024,7/29/24,2.5,7/26/24,20240726_C6B_01502.jpg,-3,/mnt/research-projects/j/jlgage/RawUAVData01/uavforslb/final_image/final_sliced/20240726_C6B_01502.jpg
3271,C6B,2024,7/30/24,5.0,8/2/24,20240802_C6B_03271.jpg,3,/mnt/research-projects/j/jlgage/RawUAVData01/uavforslb/final_image/final_sliced/20240802_C6B_03271.jpg
9578,I3B,2023,7/12/23,7.0,7/13/23,20230713_I3B_09578.jpg,1,/mnt/research-projects/j/jlgage/RawUAVData01/uavforslb/final_image/final_sliced/20230713_I3B_09578.jpg
3746,C6B,2024,7/30/24,4.0,8/2/24,20240802_C6B_03746.jpg,3,/mnt/research-projects/j/jlgage/RawUAVData01/uavforslb/final_image/final_sliced/20240802_C6B_03746.jpg
7512,G3,2023,7/20/23,5.0,7/20/23,20230720_G3_07512.jpg,0,/mnt/research-projects/j/jlgage/RawUAVData01/uavforslb/final_image/final_sliced/20230720_G3_07512.jpg
1518,C6B,2024,7/29/24,4.0,7/26/24,20240726_C6B_01518.jpg,-3,/mnt/research-projects/j/jlgage/RawUAVData01/uavforslb/final_image/final_sliced/20240726_C6B_01518.jpg
9616,I3B,2023,7/12/23,5.0,7/13/23,20230713_I3B_09616.jpg,1,/mnt/research-projects/j/jlgage/RawUAVData01/uavforslb/final_image/final_sliced/20230713_I3B_09616.jpg
10951,I3B,2023,7/19/23,6.5,7/20/23,20230720_I3B_10951.jpg,1,/mnt/research-projects/j/jlgage/RawUAVData01/uavforslb/final_image/final_sliced/20230720_I3B_10951.jpg
7414,G3,2023,7/26/23,8.0,7/27/23,20230727_G3_07414.jpg,1,/mnt/research-projects/j/jlgage/RawUAVData01/uavforslb/final_image/final_sliced/20230727_G3_07414.jpg
3121,G3,2023,7/19/23,8.5,7/20/23,20230720_G3_03121.jpg,1,/mnt/research-projects/j/jlgage/RawUAVData01/uavforslb/final_image/final_sliced/20230720_G3_03121.jpg
3128,G3,2023,7/19/23,5.5,7/20/23,20230720_G3_03128.jpg,1,/mnt/research-projects/j/jlgage/RawUAVData01/uavforslb/final_image/final_sliced/20230720_G3_03128.jpg
7281,G3,2023,7/26/23,6.0,7/27/23,20230727_G3_07281.jpg,1,/mnt/research-projects/j/jlgage/RawUAVData01/uavforslb/final_image/final_sliced/20230727_G3_07281.jpg
854,C6B,2024,7/29/24,1.5,7/26/24,20240726_C6B_00854.jpg,-3,/mnt/research-projects/j/jlgage/RawUAVData01/uavforslb/final_image/final_sliced/20240726_C6B_00854.jpg
3013,G3,2023,7/19/23,8.0,7/20/23,20230720_G3_03013.jpg,1,/mnt/research-projects/j/jlgage/RawUAVData01/uavforslb/final_image/final_sliced/20230720_G3_03013.jpg
3599,C6B,2024,7/30/24,4.0,8/2/24,20240802_C6B_03599.jpg,3,/mnt/research-projects/j/jlgage/RawUAVData01/uavforslb/final_image/final_sliced/20240802_C6B_03599.jpg
3064,G3,2023,7/19/23,8.5,7/20/23,20230720_G3_03064.jpg,1,/mnt/research-projects/j/jlgage/RawUAVData01/uavforslb/final_image/final_sliced/20230720_G3_03064.jpg
9630,I3B,2023,7/12/23,7.0,7/13/23,20230713_I3B_09630.jpg,1,/mnt/research-projects/j/jlgage/RawUAVData01/uavforslb/final_image/final_sliced/20230713_I3B_09630.jpg
10724,I3B,2023,7/19/23,4.5,7/20/23,20230720_I3B_10724.jpg,1,/mnt/research-projects/j/jlgage/RawUAVData01/uavforslb/final_image/final_sliced/20230720_I3B_10724.jpg
2723,C6B,2024,7/30/24,3.0,8/2/24,20240802_C6B_02723.jpg,3,/mnt/research-projects/j/jlgage/RawUAVData01/uavforslb/final_image/final_sliced/20240802_C6B_02723.jpg
8025,G3,2023,7/26/23,6.0,7/27/23,20230727_G3_08025.jpg,1,/mnt/research-projects/j/jlgage/RawUAVData01/uavforslb/final_image/final_sliced/20230727_G3_08025.jpg
10394,I3B,2023,7/25/23,6.0,7/27/23,20230727_I3B_10394.jpg,2,/mnt/research-projects/j/jlgage/RawUAVData01/uavforslb/final_image/final_sliced/20230727_I3B_10394.jpg
10899,I3B,2023,7/19/23,5.5,7/20/23,20230720_I3B_10899.jpg,1,/mnt/research-projects/j/jlgage/RawUAVData01/uavforslb/final_image/final_sliced/20230720_I3B_10899.jpg
3714,C6B,2024,7/30/24,3.0,8/2/24,20240802_C6B_03714.jpg,3,/mnt/research-projects/j/jlgage/RawUAVData01/uavforslb/final_image/final_sliced/20240802_C6B_03714.jpg
1739,C6B,2024,7/19/24,8.5,7/18/24,20240718_C6B_01739.jpg,-1,/mnt/research-projects/j/jlgage/RawUAVData01/uavforslb/final_image/final_sliced/20240718_C6B_01739.jpg
9736,I3B,2023,7/12/23,5.0,7/13/23,20230713_I3B_09736.jpg,1,/mnt/research-projects/j/jlgage/RawUAVData01/uavforslb/final_image/final_sliced/20230713_I3B_09736.jpg
3161,G3,2023,7/19/23,7.0,7/20/23,20230720_G3_03161.jpg,1,/mnt/research-projects/j/jlgage/RawUAVData01/uavforslb/final_image/final_sliced/20230720_G3_03161.jpg
9892,I3B,2023,7/12/23,5.0,7/13/23,20230713_I3B_09892.jpg,1,/mnt/research-projects/j/jlgage/RawUAVData01/uavforslb/final_image/final_sliced/20230713_I3B_09892.jpg
9810,I3B,2023,7/12/23,6.0,7/13/23,20230713_I3B_09810.jpg,1,/mnt/research-projects/j/jlgage/RawUAVData01/uavforslb/final_image/final_sliced/20230713_I3B_09810.jpg
8093,G3,2023,7/26/23,8.0,7/27/23,20230727_G3_08093.jpg,1,/mnt/research-projects/j/jlgage/RawUAVData01/uavforslb/final_image/final_sliced/20230727_G3_08093.jpg
9934,I3B,2023,7/12/23,4.5,7/13/23,20230713_I3B_09934.jpg,1,/mnt/research-projects/j/jlgage/RawUAVData01/uavforslb/final_image/final_sliced/20230713_I3B_09934.jpg
3134,C6B,2024,7/30/24,1.5,8/2/24,20240802_C6B_03134.jpg,3,/mnt/research-projects/j/jlgage/RawUAVData01/uavforslb/final_image/final_sliced/20240802_C6B_03134.jpg
3075,G3,2023,7/26/23,8.5,7/27/23,20230727_G3_03075.jpg,1,/mnt/research-projects/j/jlgage/RawUAVData01/uavforslb/final_image/final_sliced/20230727_G3_03075.jpg
3453,C6B,2024,7/30/24,2.0,8/2/24,20240802_C6B_03453.jpg,3,/mnt/research-projects/j/jlgage/RawUAVData01/uavforslb/final_image/final_sliced/20240802_C6B_03453.jpg
3166,G3,2023,7/19/23,7.5,7/20/23,20230720_G3_03166.jpg,1,/mnt/research-projects/j/jlgage/RawUAVData01/uavforslb/final_image/final_sliced/20230720_G3_03166.jpg
10918,I3B,2023,7/19/23,5.5,7/20/23,20230720_I3B_10918.jpg,1,/mnt/research-projects/j/jlgage/RawUAVData01/uavforslb/final_image/final_sliced/20230720_I3B_10918.jpg
7535,G3,2023,7/20/23,6.5,7/20/23,20230720_G3_07535.jpg,0,/mnt/research-projects/j/jlgage/RawUAVData01/uavforslb/final_image/final_sliced/20230720_G3_07535.jpg
2162,C6B,2024,7/19/24,5.0,7/18/24,20240718_C6B_02162.jpg,-1,/mnt/research-projects/j/jlgage/RawUAVData01/uavforslb/final_image/final_sliced/20240718_C6B_02162.jpg
5044,C6B,2024,7/1/24,8.0,7/3/24,20240703_C6B_05044.jpg,2,/mnt/research-projects/j/jlgage/RawUAVData01/uavforslb/final_image/final_sliced/20240703_C6B_05044.jpg
2860,C6B,2024,7/30/24,3.0,8/2/24,20240802_C6B_02860.jpg,3,/mnt/research-projects/j/jlgage/RawUAVData01/uavforslb/final_image/final_sliced/20240802_C6B_02860.jpg
3839,B7A,2024,7/15/24,7.0,7/16/24,20240716_B7A_03839.jpg,1,/mnt/research-projects/j/jlgage/RawUAVData01/uavforslb/final_image/final_sliced/20240716_B7A_03839.jpg
9682,I3B,2023,7/12/23,5.5,7/13/23,20230713_I3B_09682.jpg,1,/mnt/research-projects/j/jlgage/RawUAVData01/uavforslb/final_image/final_sliced/20230713_I3B_09682.jpg
10959,I3B,2023,7/19/23,5.5,7/20/23,20230720_I3B_10959.jpg,1,/mnt/research-projects/j/jlgage/RawUAVData01/uavforslb/final_image/final_sliced/20230720_I3B_10959.jpg
4337,B7A,2024,7/15/24,7.0,7/16/24,20240716_B7A_04337.jpg,1,/mnt/research-projects/j/jlgage/RawUAVData01/uavforslb/final_image/final_sliced/20240716_B7A_04337.jpg
5509,B7A,2024,7/1/24,7.5,7/3/24,20240703_B7A_05509.jpg,2,/mnt/research-projects/j/jlgage/RawUAVData01/uavforslb/final_image/final_sliced/20240703_B7A_05509.jpg
7370,G3,2023,7/20/23,8.0,7/20/23,20230720_G3_07370.jpg,0,/mnt/research-projects/j/jlgage/RawUAVData01/uavforslb/final_image/final_sliced/20230720_G3_07370.jpg
5530,B7A,2024,7/27/24,4.0,7/27/24,20240727_B7A_05530.jpg,0,/mnt/research-projects/j/jlgage/RawUAVData01/uavforslb/final_image/final_sliced/20240727_B7A_05530.jpg
9980,I3B,2023,7/12/23,6.5,7/13/23,20230713_I3B_09980.jpg,1,/mnt/research-projects/j/jlgage/RawUAVData01/uavforslb/final_image/final_sliced/20230713_I3B_09980.jpg
9905,I3B,2023,7/12/23,5.0,7/13/23,20230713_I3B_09905.jpg,1,/mnt/research-projects/j/jlgage/RawUAVData01/uavforslb/final_image/final_sliced/20230713_I3B_09905.jpg
2565,C6B,2024,7/27/24,2.5,7/26/24,20240726_C6B_02565.jpg,-1,/mnt/research-projects/j/jlgage/RawUAVData01/uavforslb/final_image/final_sliced/20240726_C6B_02565.jpg
2160,C6B,2024,7/29/24,2.0,7/26/24,20240726_C6B_02160.jpg,-3,/mnt/research-projects/j/jlgage/RawUAVData01/uavforslb/final_image/final_sliced/20240726_C6B_02160.jpg
182,C6B,2024,7/19/24,8.0,7/18/24,20240718_C6B_00182.jpg,-1,/mnt/research-projects/j/jlgage/RawUAVData01/uavforslb/final_image/final_sliced/20240718_C6B_00182.jpg
5035,C6B,2024,7/27/24,3.0,7/26/24,20240726_C6B_05035.jpg,-1,/mnt/research-projects/j/jlgage/RawUAVData01/uavforslb/final_image/final_sliced/20240726_C6B_05035.jpg
2881,C6B,2024,7/30/24,2.0,8/2/24,20240802_C6B_02881.jpg,3,/mnt/research-projects/j/jlgage/RawUAVData01/uavforslb/final_image/final_sliced/20240802_C6B_02881.jpg
8013,G3,2023,7/19/23,7.0,7/20/23,20230720_G3_08013.jpg,1,/mnt/research-projects/j/jlgage/RawUAVData01/uavforslb/final_image/final_sliced/20230720_G3_08013.jpg
8066,G3,2023,7/26/23,3.0,7/27/23,20230727_G3_08066.jpg,1,/mnt/research-projects/j/jlgage/RawUAVData01/uavforslb/final_image/final_sliced/20230727_G3_08066.jpg
8052,G3,2023,7/19/23,8.0,7/20/23,20230720_G3_08052.jpg,1,/mnt/research-projects/j/jlgage/RawUAVData01/uavforslb/final_image/final_sliced/20230720_G3_08052.jpg
3070,G3,2023,7/26/23,4.0,7/27/23,20230727_G3_03070.jpg,1,/mnt/research-projects/j/jlgage/RawUAVData01/uavforslb/final_image/final_sliced/20230727_G3_03070.jpg
7222,G3,2023,7/26/23,7.5,7/27/23,20230727_G3_07222.jpg,1,/mnt/research-projects/j/jlgage/RawUAVData01/uavforslb/final_image/final_sliced/20230727_G3_07222.jpg
7395,G3,2023,7/26/23,6.5,7/27/23,20230727_G3_07395.jpg,1,/mnt/research-projects/j/jlgage/RawUAVData01/uavforslb/final_image/final_sliced/20230727_G3_07395.jpg
4019,B7A,2024,7/30/24,4.0,7/27/24,20240727_B7A_04019.jpg,-3,/mnt/research-projects/j/jlgage/RawUAVData01/uavforslb/final_image/final_sliced/20240727_B7A_04019.jpg
8161,G3,2023,7/26/23,8.0,7/27/23,20230727_G3_08161.jpg,1,/mnt/research-projects/j/jlgage/RawUAVData01/uavforslb/final_image/final_sliced/20230727_G3_08161.jpg
4325,B7A,2024,7/30/24,3.5,7/27/24,20240727_B7A_04325.jpg,-3,/mnt/research-projects/j/jlgage/RawUAVData01/uavforslb/final_image/final_sliced/20240727_B7A_04325.jpg
2799,C6B,2024,7/15/24,8.0,7/18/24,20240718_C6B_02799.jpg,3,/mnt/research-projects/j/jlgage/RawUAVData01/uavforslb/final_image/final_sliced/20240718_C6B_02799.jpg
4347,B7A,2024,7/30/24,3.0,7/27/24,20240727_B7A_04347.jpg,-3,/mnt/research-projects/j/jlgage/RawUAVData01/uavforslb/final_image/final_sliced/20240727_B7A_04347.jpg
1832,C6B,2024,7/19/24,7.0,7/18/24,20240718_C6B_01832.jpg,-1,/mnt/research-projects/j/jlgage/RawUAVData01/uavforslb/final_image/final_sliced/20240718_C6B_01832.jpg
2952,C6B,2024,7/30/24,2.0,8/2/24,20240802_C6B_02952.jpg,3,/mnt/research-projects/j/jlgage/RawUAVData01/uavforslb/final_image/final_sliced/20240802_C6B_02952.jpg
7513,G3,2023,7/20/23,7.0,7/20/23,20230720_G3_07513.jpg,0,/mnt/research-projects/j/jlgage/RawUAVData01/uavforslb/final_image/final_sliced/20230720_G3_07513.jpg
9865,I3B,2023,7/12/23,4.5,7/13/23,20230713_I3B_09865.jpg,1,/mnt/research-projects/j/jlgage/RawUAVData01/uavforslb/final_image/final_sliced/20230713_I3B_09865.jpg
3249,C6B,2024,7/30/24,1.0,8/2/24,20240802_C6B_03249.jpg,3,/mnt/research-projects/j/jlgage/RawUAVData01/uavforslb/final_image/final_sliced/20240802_C6B_03249.jpg
4605,B7A,2024,7/15/24,8.0,7/16/24,20240716_B7A_04605.jpg,1,/mnt/research-projects/j/jlgage/RawUAVData01/uavforslb/final_image/final_sliced/20240716_B7A_04605.jpg
3061,C6B,2024,7/30/24,3.0,8/2/24,20240802_C6B_03061.jpg,3,/mnt/research-projects/j/jlgage/RawUAVData01/uavforslb/final_image/final_sliced/20240802_C6B_03061.jpg
9875,I3B,2023,7/12/23,5.0,7/13/23,20230713_I3B_09875.jpg,1,/mnt/research-projects/j/jlgage/RawUAVData01/uavforslb/final_image/final_sliced/20230713_I3B_09875.jpg
2865,C6B,2024,7/30/24,3.0,8/2/24,20240802_C6B_02865.jpg,3,/mnt/research-projects/j/jlgage/RawUAVData01/uavforslb/final_image/final_sliced/20240802_C6B_02865.jpg
431,C6B,2024,7/29/24,4.0,7/26/24,20240726_C6B_00431.jpg,-3,/mnt/research-projects/j/jlgage/RawUAVData01/uavforslb/final_image/final_sliced/20240726_C6B_00431.jpg
2508,C6B,2024,7/27/24,5.5,7/26/24,20240726_C6B_02508.jpg,-1,/mnt/research-projects/j/jlgage/RawUAVData01/uavforslb/final_image/final_sliced/20240726_C6B_02508.jpg
11125,I3B,2023,7/12/23,7.5,7/13/23,20230713_I3B_11125.jpg,1,/mnt/research-projects/j/jlgage/RawUAVData01/uavforslb/final_image/final_sliced/20230713_I3B_11125.jpg
11063,I3B,2023,7/12/23,6.0,7/13/23,20230713_I3B_11063.jpg,1,/mnt/research-projects/j/jlgage/RawUAVData01/uavforslb/final_image/final_sliced/20230713_I3B_11063.jpg
336,C6B,2024,7/29/24,6.5,7/26/24,20240726_C6B_00336.jpg,-3,/mnt/research-projects/j/jlgage/RawUAVData01/uavforslb/final_image/final_sliced/20240726_C6B_00336.jpg
4060,B7A,2024,7/30/24,1.5,7/27/24,20240727_B7A_04060.jpg,-3,/mnt/research-projects/j/jlgage/RawUAVData01/uavforslb/final_image/final_sliced/20240727_B7A_04060.jpg
186,C6B,2024,7/19/24,7.5,7/18/24,20240718_C6B_00186.jpg,-1,/mnt/research-projects/j/jlgage/RawUAVData01/uavforslb/final_image/final_sliced/20240718_C6B_00186.jpg
10245,I3B,2023,7/25/23,4.0,7/27/23,20230727_I3B_10245.jpg,2,/mnt/research-projects/j/jlgage/RawUAVData01/uavforslb/final_image/final_sliced/20230727_I3B_10245.jpg
9998,I3B,2023,7/12/23,5.0,7/13/23,20230713_I3B_09998.jpg,1,/mnt/research-projects/j/jlgage/RawUAVData01/uavforslb/final_image/final_sliced/20230713_I3B_09998.jpg
197,C6B,2024,7/29/24,5.0,7/26/24,20240726_C6B_00197.jpg,-3,/mnt/research-projects/j/jlgage/RawUAVData01/uavforslb/final_image/final_sliced/20240726_C6B_00197.jpg
7327,G3,2023,7/26/23,7.5,7/27/23,20230727_G3_07327.jpg,1,/mnt/research-projects/j/jlgage/RawUAVData01/uavforslb/final_image/final_sliced/20230727_G3_07327.jpg
3080,C6B,2024,7/30/24,1.0,8/2/24,20240802_C6B_03080.jpg,3,/mnt/research-projects/j/jlgage/RawUAVData01/uavforslb/final_image/final_sliced/20240802_C6B_03080.jpg
1870,C6B,2024,7/19/24,8.5,7/18/24,20240718_C6B_01870.jpg,-1,/mnt/research-projects/j/jlgage/RawUAVData01/uavforslb/final_image/final_sliced/20240718_C6B_01870.jpg
312,C6B,2024,7/19/24,7.5,7/18/24,20240718_C6B_00312.jpg,-1,/mnt/research-projects/j/jlgage/RawUAVData01/uavforslb/final_image/final_sliced/20240718_C6B_00312.jpg
7271,G3,2023,7/19/23,7.5,7/20/23,20230720_G3_07271.jpg,1,/mnt/research-projects/j/jlgage/RawUAVData01/uavforslb/final_image/final_sliced/20230720_G3_07271.jpg
8107,G3,2023,7/20/23,5.0,7/20/23,20230720_G3_08107.jpg,0,/mnt/research-projects/j/jlgage/RawUAVData01/uavforslb/final_image/final_sliced/20230720_G3_08107.jpg
4647,B7A,2024,7/30/24,5.0,7/27/24,20240727_B7A_04647.jpg,-3,/mnt/research-projects/j/jlgage/RawUAVData01/uavforslb/final_image/final_sliced/20240727_B7A_04647.jpg
9997,I3B,2023,7/12/23,6.0,7/13/23,20230713_I3B_09997.jpg,1,/mnt/research-projects/j/jlgage/RawUAVData01/uavforslb/final_image/final_sliced/20230713_I3B_09997.jpg
7372,G3,2023,7/20/23,8.0,7/20/23,20230720_G3_07372.jpg,0,/mnt/research-projects/j/jlgage/RawUAVData01/uavforslb/final_image/final_sliced/20230720_G3_07372.jpg
10823,I3B,2023,7/19/23,6.0,7/20/23,20230720_I3B_10823.jpg,1,/mnt/research-projects/j/jlgage/RawUAVData01/uavforslb/final_image/final_sliced/20230720_I3B_10823.jpg
1316,C6B,2024,7/19/24,7.5,7/18/24,20240718_C6B_01316.jpg,-1,/mnt/research-projects/j/jlgage/RawUAVData01/uavforslb/final_image/final_sliced/20240718_C6B_01316.jpg
1836,C6B,2024,7/29/24,3.5,7/26/24,20240726_C6B_01836.jpg,-3,/mnt/research-projects/j/jlgage/RawUAVData01/uavforslb/final_image/final_sliced/20240726_C6B_01836.jpg
2836,C6B,2024,7/15/24,8.5,7/18/24,20240718_C6B_02836.jpg,3,/mnt/research-projects/j/jlgage/RawUAVData01/uavforslb/final_image/final_sliced/20240718_C6B_02836.jpg
9608,I3B,2023,7/12/23,6.0,7/13/23,20230713_I3B_09608.jpg,1,/mnt/research-projects/j/jlgage/RawUAVData01/uavforslb/final_image/final_sliced/20230713_I3B_09608.jpg
2982,C6B,2024,7/30/24,5.0,8/2/24,20240802_C6B_02982.jpg,3,/mnt/research-projects/j/jlgage/RawUAVData01/uavforslb/final_image/final_sliced/20240802_C6B_02982.jpg
7354,G3,2023,7/26/23,6.0,7/27/23,20230727_G3_07354.jpg,1,/mnt/research-projects/j/jlgage/RawUAVData01/uavforslb/final_image/final_sliced/20230727_G3_07354.jpg
10014,I3B,2023,7/12/23,4.0,7/13/23,20230713_I3B_10014.jpg,1,/mnt/research-projects/j/jlgage/RawUAVData01/uavforslb/final_image/final_sliced/20230713_I3B_10014.jpg
10909,I3B,2023,7/19/23,4.5,7/20/23,20230720_I3B_10909.jpg,1,/mnt/research-projects/j/jlgage/RawUAVData01/uavforslb/final_image/final_sliced/20230720_I3B_10909.jpg
5013,C6B,2024,7/18/24,8.0,7/18/24,20240718_C6B_05013.jpg,0,/mnt/research-projects/j/jlgage/RawUAVData01/uavforslb/final_image/final_sliced/20240718_C6B_05013.jpg
9913,I3B,2023,7/12/23,5.0,7/13/23,20230713_I3B_09913.jpg,1,/mnt/research-projects/j/jlgage/RawUAVData01/uavforslb/final_image/final_sliced/20230713_I3B_09913.jpg
3959,B7A,2024,7/30/24,8.0,7/27/24,20240727_B7A_03959.jpg,-3,/mnt/research-projects/j/jlgage/RawUAVData01/uavforslb/final_image/final_sliced/20240727_B7A_03959.jpg
3153,C6B,2024,7/30/24,3.0,8/2/24,20240802_C6B_03153.jpg,3,/mnt/research-projects/j/jlgage/RawUAVData01/uavforslb/final_image/final_sliced/20240802_C6B_03153.jpg
9660,I3B,2023,7/12/23,4.5,7/13/23,20230713_I3B_09660.jpg,1,/mnt/research-projects/j/jlgage/RawUAVData01/uavforslb/final_image/final_sliced/20230713_I3B_09660.jpg
11256,I3B,2023,7/19/23,7.5,7/20/23,20230720_I3B_11256.jpg,1,/mnt/research-projects/j/jlgage/RawUAVData01/uavforslb/final_image/final_sliced/20230720_I3B_11256.jpg
7214,G3,2023,7/26/23,6.0,7/27/23,20230727_G3_07214.jpg,1,/mnt/research-projects/j/jlgage/RawUAVData01/uavforslb/final_image/final_sliced/20230727_G3_07214.jpg
7359,G3,2023,7/20/23,7.5,7/20/23,20230720_G3_07359.jpg,0,/mnt/research-projects/j/jlgage/RawUAVData01/uavforslb/final_image/final_sliced/20230720_G3_07359.jpg
2558,C6B,2024,7/27/24,5.0,7/26/24,20240726_C6B_02558.jpg,-1,/mnt/research-projects/j/jlgage/RawUAVData01/uavforslb/final_image/final_sliced/20240726_C6B_02558.jpg
3075,C6B,2024,7/30/24,1.5,8/2/24,20240802_C6B_03075.jpg,3,/mnt/research-projects/j/jlgage/RawUAVData01/uavforslb/final_image/final_sliced/20240802_C6B_03075.jpg
7510,G3,2023,7/26/23,8.0,7/27/23,20230727_G3_07510.jpg,1,/mnt/research-projects/j/jlgage/RawUAVData01/uavforslb/final_image/final_sliced/20230727_G3_07510.jpg
4107,B7A,2024,7/15/24,8.0,7/16/24,20240716_B7A_04107.jpg,1,/mnt/research-projects/j/jlgage/RawUAVData01/uavforslb/final_image/final_sliced/20240716_B7A_04107.jpg
11163,I3B,2023,7/12/23,6.5,7/13/23,20230713_I3B_11163.jpg,1,/mnt/research-projects/j/jlgage/RawUAVData01/uavforslb/final_image/final_sliced/20230713_I3B_11163.jpg
11172,I3B,2023,7/12/23,7.5,7/13/23,20230713_I3B_11172.jpg,1,/mnt/research-projects/j/jlgage/RawUAVData01/uavforslb/final_image/final_sliced/20230713_I3B_11172.jpg
3539,C6B,2024,7/30/24,3.0,8/2/24,20240802_C6B_03539.jpg,3,/mnt/research-projects/j/jlgage/RawUAVData01/uavforslb/final_image/final_sliced/20240802_C6B_03539.jpg
1942,C6B,2024,7/19/24,7.0,7/18/24,20240718_C6B_01942.jpg,-1,/mnt/research-projects/j/jlgage/RawUAVData01/uavforslb/final_image/final_sliced/20240718_C6B_01942.jpg
2567,C6B,2024,7/27/24,3.0,7/26/24,20240726_C6B_02567.jpg,-1,/mnt/research-projects/j/jlgage/RawUAVData01/uavforslb/final_image/final_sliced/20240726_C6B_02567.jpg
5003,C6B,2024,7/27/24,7.5,7/26/24,20240726_C6B_05003.jpg,-1,/mnt/research-projects/j/jlgage/RawUAVData01/uavforslb/final_image/final_sliced/20240726_C6B_05003.jpg
4385,B7A,2024,7/30/24,4.0,7/27/24,20240727_B7A_04385.jpg,-3,/mnt/research-projects/j/jlgage/RawUAVData01/uavforslb/final_image/final_sliced/20240727_B7A_04385.jpg
9576,I3B,2023,7/12/23,5.0,7/13/23,20230713_I3B_09576.jpg,1,/mnt/research-projects/j/jlgage/RawUAVData01/uavforslb/final_image/final_sliced/20230713_I3B_09576.jpg
4457,B7A,2024,7/15/24,8.0,7/16/24,20240716_B7A_04457.jpg,1,/mnt/research-projects/j/jlgage/RawUAVData01/uavforslb/final_image/final_sliced/20240716_B7A_04457.jpg
924,C6B,2024,7/29/24,3.0,7/26/24,20240726_C6B_00924.jpg,-3,/mnt/research-projects/j/jlgage/RawUAVData01/uavforslb/final_image/final_sliced/20240726_C6B_00924.jpg
2555,C6B,2024,7/27/24,4.5,7/26/24,20240726_C6B_02555.jpg,-1,/mnt/research-projects/j/jlgage/RawUAVData01/uavforslb/final_image/final_sliced/20240726_C6B_02555.jpg
11308,I3B,2023,7/19/23,7.5,7/20/23,20230720_I3B_11308.jpg,1,/mnt/research-projects/j/jlgage/RawUAVData01/uavforslb/final_image/final_sliced/20230720_I3B_11308.jpg
3320,C6B,2024,7/30/24,2.0,8/2/24,20240802_C6B_03320.jpg,3,/mnt/research-projects/j/jlgage/RawUAVData01/uavforslb/final_image/final_sliced/20240802_C6B_03320.jpg
10891,I3B,2023,7/19/23,5.0,7/20/23,20230720_I3B_10891.jpg,1,/mnt/research-projects/j/jlgage/RawUAVData01/uavforslb/final_image/final_sliced/20230720_I3B_10891.jpg
1533,C6B,2024,7/29/24,8.0,7/26/24,20240726_C6B_01533.jpg,-3,/mnt/research-projects/j/jlgage/RawUAVData01/uavforslb/final_image/final_sliced/20240726_C6B_01533.jpg
3144,G3,2023,7/26/23,3.5,7/27/23,20230727_G3_03144.jpg,1,/mnt/research-projects/j/jlgage/RawUAVData01/uavforslb/final_image/final_sliced/20230727_G3_03144.jpg
8065,G3,2023,7/26/23,3.5,7/27/23,20230727_G3_08065.jpg,1,/mnt/research-projects/j/jlgage/RawUAVData01/uavforslb/final_image/final_sliced/20230727_G3_08065.jpg
7345,G3,2023,7/20/23,7.0,7/20/23,20230720_G3_07345.jpg,0,/mnt/research-projects/j/jlgage/RawUAVData01/uavforslb/final_image/final_sliced/20230720_G3_07345.jpg
11103,I3B,2023,7/12/23,7.5,7/13/23,20230713_I3B_11103.jpg,1,/mnt/research-projects/j/jlgage/RawUAVData01/uavforslb/final_image/final_sliced/20230713_I3B_11103.jpg
7297,G3,2023,7/20/23,8.0,7/20/23,20230720_G3_07297.jpg,0,/mnt/research-projects/j/jlgage/RawUAVData01/uavforslb/final_image/final_sliced/20230720_G3_07297.jpg
1274,C6B,2024,7/19/24,7.5,7/18/24,20240718_C6B_01274.jpg,-1,/mnt/research-projects/j/jlgage/RawUAVData01/uavforslb/final_image/final_sliced/20240718_C6B_01274.jpg
4631,B7A,2024,7/30/24,3.0,7/27/24,20240727_B7A_04631.jpg,-3,/mnt/research-projects/j/jlgage/RawUAVData01/uavforslb/final_image/final_sliced/20240727_B7A_04631.jpg
9705,I3B,2023,7/12/23,5.0,7/13/23,20230713_I3B_09705.jpg,1,/mnt/research-projects/j/jlgage/RawUAVData01/uavforslb/final_image/final_sliced/20230713_I3B_09705.jpg
2888,C6B,2024,7/30/24,1.5,8/2/24,20240802_C6B_02888.jpg,3,/mnt/research-projects/j/jlgage/RawUAVData01/uavforslb/final_image/final_sliced/20240802_C6B_02888.jpg
9728,I3B,2023,7/12/23,5.5,7/13/23,20230713_I3B_09728.jpg,1,/mnt/research-projects/j/jlgage/RawUAVData01/uavforslb/final_image/final_sliced/20230713_I3B_09728.jpg
3020,G3,2023,7/26/23,7.5,7/27/23,20230727_G3_03020.jpg,1,/mnt/research-projects/j/jlgage/RawUAVData01/uavforslb/final_image/final_sliced/20230727_G3_03020.jpg
3823,B7A,2024,7/30/24,4.0,7/27/24,20240727_B7A_03823.jpg,-3,/mnt/research-projects/j/jlgage/RawUAVData01/uavforslb/final_image/final_sliced/20240727_B7A_03823.jpg
7437,G3,2023,7/26/23,7.0,7/27/23,20230727_G3_07437.jpg,1,/mnt/research-projects/j/jlgage/RawUAVData01/uavforslb/final_image/final_sliced/20230727_G3_07437.jpg
2524,C6B,2024,7/27/24,2.0,7/26/24,20240726_C6B_02524.jpg,-1,/mnt/research-projects/j/jlgage/RawUAVData01/uavforslb/final_image/final_sliced/20240726_C6B_02524.jpg
7295,G3,2023,7/26/23,8.0,7/27/23,20230727_G3_07295.jpg,1,/mnt/research-projects/j/jlgage/RawUAVData01/uavforslb/final_image/final_sliced/20230727_G3_07295.jpg
3085,C6B,2024,7/30/24,2.5,8/2/24,20240802_C6B_03085.jpg,3,/mnt/research-projects/j/jlgage/RawUAVData01/uavforslb/final_image/final_sliced/20240802_C6B_03085.jpg
9588,I3B,2023,7/12/23,6.0,7/13/23,20230713_I3B_09588.jpg,1,/mnt/research-projects/j/jlgage/RawUAVData01/uavforslb/final_image/final_sliced/20230713_I3B_09588.jpg
7400,G3,2023,7/20/23,8.0,7/20/23,20230720_G3_07400.jpg,0,/mnt/research-projects/j/jlgage/RawUAVData01/uavforslb/final_image/final_sliced/20230720_G3_07400.jpg
8046,G3,2023,7/26/23,7.5,7/27/23,20230727_G3_08046.jpg,1,/mnt/research-projects/j/jlgage/RawUAVData01/uavforslb/final_image/final_sliced/20230727_G3_08046.jpg
5059,C6B,2024,7/27/24,3.0,7/26/24,20240726_C6B_05059.jpg,-1,/mnt/research-projects/j/jlgage/RawUAVData01/uavforslb/final_image/final_sliced/20240726_C6B_05059.jpg
7363,G3,2023,7/20/23,7.5,7/20/23,20230720_G3_07363.jpg,0,/mnt/research-projects/j/jlgage/RawUAVData01/uavforslb/final_image/final_sliced/20230720_G3_07363.jpg
2729,C6B,2024,7/15/24,7.5,7/18/24,20240718_C6B_02729.jpg,3,/mnt/research-projects/j/jlgage/RawUAVData01/uavforslb/final_image/final_sliced/20240718_C6B_02729.jpg
7248,G3,2023,7/26/23,4.0,7/27/23,20230727_G3_07248.jpg,1,/mnt/research-projects/j/jlgage/RawUAVData01/uavforslb/final_image/final_sliced/20230727_G3_07248.jpg
1215,C6B,2024,7/29/24,4.5,7/26/24,20240726_C6B_01215.jpg,-3,/mnt/research-projects/j/jlgage/RawUAVData01/uavforslb/final_image/final_sliced/20240726_C6B_01215.jpg
3169,G3,2023,7/19/23,7.5,7/20/23,20230720_G3_03169.jpg,1,/mnt/research-projects/j/jlgage/RawUAVData01/uavforslb/final_image/final_sliced/20230720_G3_03169.jpg
4661,B7A,2024,7/30/24,6.0,7/27/24,20240727_B7A_04661.jpg,-3,/mnt/research-projects/j/jlgage/RawUAVData01/uavforslb/final_image/final_sliced/20240727_B7A_04661.jpg
9735,I3B,2023,7/12/23,5.0,7/13/23,20230713_I3B_09735.jpg,1,/mnt/research-projects/j/jlgage/RawUAVData01/uavforslb/final_image/final_sliced/20230713_I3B_09735.jpg
7439,G3,2023,7/26/23,8.0,7/27/23,20230727_G3_07439.jpg,1,/mnt/research-projects/j/jlgage/RawUAVData01/uavforslb/final_image/final_sliced/20230727_G3_07439.jpg
10327,I3B,2023,7/25/23,3.0,7/27/23,20230727_I3B_10327.jpg,2,/mnt/research-projects/j/jlgage/RawUAVData01/uavforslb/final_image/final_sliced/20230727_I3B_10327.jpg
2010,C6B,2024,7/29/24,1.5,7/26/24,20240726_C6B_02010.jpg,-3,/mnt/research-projects/j/jlgage/RawUAVData01/uavforslb/final_image/final_sliced/20240726_C6B_02010.jpg
3137,C6B,2024,7/30/24,3.0,8/2/24,20240802_C6B_03137.jpg,3,/mnt/research-projects/j/jlgage/RawUAVData01/uavforslb/final_image/final_sliced/20240802_C6B_03137.jpg
10898,I3B,2023,7/19/23,5.0,7/20/23,20230720_I3B_10898.jpg,1,/mnt/research-projects/j/jlgage/RawUAVData01/uavforslb/final_image/final_sliced/20230720_I3B_10898.jpg
9730,I3B,2023,7/12/23,5.0,7/13/23,20230713_I3B_09730.jpg,1,/mnt/research-projects/j/jlgage/RawUAVData01/uavforslb/final_image/final_sliced/20230713_I3B_09730.jpg
3201,G3,2023,7/26/23,4.0,7/27/23,20230727_G3_03201.jpg,1,/mnt/research-projects/j/jlgage/RawUAVData01/uavforslb/final_image/final_sliced/20230727_G3_03201.jpg
9987,I3B,2023,7/12/23,6.0,7/13/23,20230713_I3B_09987.jpg,1,/mnt/research-projects/j/jlgage/RawUAVData01/uavforslb/final_image/final_sliced/20230713_I3B_09987.jpg
11288,I3B,2023,7/19/23,7.0,7/20/23,20230720_I3B_11288.jpg,1,/mnt/research-projects/j/jlgage/RawUAVData01/uavforslb/final_image/final_sliced/20230720_I3B_11288.jpg
11289,I3B,2023,7/19/23,6.0,7/20/23,20230720_I3B_11289.jpg,1,/mnt/research-projects/j/jlgage/RawUAVData01/uavforslb/final_image/final_sliced/20230720_I3B_11289.jpg
3786,C6B,2024,7/30/24,1.5,8/2/24,20240802_C6B_03786.jpg,3,/mnt/research-projects/j/jlgage/RawUAVData01/uavforslb/final_image/final_sliced/20240802_C6B_03786.jpg
9656,I3B,2023,7/12/23,4.5,7/13/23,20230713_I3B_09656.jpg,1,/mnt/research-projects/j/jlgage/RawUAVData01/uavforslb/final_image/final_sliced/20230713_I3B_09656.jpg
3092,G3,2023,7/26/23,8.0,7/27/23,20230727_G3_03092.jpg,1,/mnt/research-projects/j/jlgage/RawUAVData01/uavforslb/final_image/final_sliced/20230727_G3_03092.jpg
4435,B7A,2024,7/30/24,3.0,7/27/24,20240727_B7A_04435.jpg,-3,/mnt/research-projects/j/jlgage/RawUAVData01/uavforslb/final_image/final_sliced/20240727_B7A_04435.jpg
4035,B7A,2024,7/30/24,3.5,7/27/24,20240727_B7A_04035.jpg,-3,/mnt/research-projects/j/jlgage/RawUAVData01/uavforslb/final_image/final_sliced/20240727_B7A_04035.jpg
11111,I3B,2023,7/12/23,8.0,7/13/23,20230713_I3B_11111.jpg,1,/mnt/research-projects/j/jlgage/RawUAVData01/uavforslb/final_image/final_sliced/20230713_I3B_11111.jpg
11054,I3B,2023,7/12/23,7.0,7/13/23,20230713_I3B_11054.jpg,1,/mnt/research-projects/j/jlgage/RawUAVData01/uavforslb/final_image/final_sliced/20230713_I3B_11054.jpg
3089,G3,2023,7/26/23,8.0,7/27/23,20230727_G3_03089.jpg,1,/mnt/research-projects/j/jlgage/RawUAVData01/uavforslb/final_image/final_sliced/20230727_G3_03089.jpg
8115,G3,2023,7/26/23,6.0,7/27/23,20230727_G3_08115.jpg,1,/mnt/research-projects/j/jlgage/RawUAVData01/uavforslb/final_image/final_sliced/20230727_G3_08115.jpg
1841,C6B,2024,7/19/24,5.5,7/18/24,20240718_C6B_01841.jpg,-1,/mnt/research-projects/j/jlgage/RawUAVData01/uavforslb/final_image/final_sliced/20240718_C6B_01841.jpg
296,C6B,2024,7/19/24,7.5,7/18/24,20240718_C6B_00296.jpg,-1,/mnt/research-projects/j/jlgage/RawUAVData01/uavforslb/final_image/final_sliced/20240718_C6B_00296.jpg
3000,C6B,2024,7/15/24,6.0,7/18/24,20240718_C6B_03000.jpg,3,/mnt/research-projects/j/jlgage/RawUAVData01/uavforslb/final_image/final_sliced/20240718_C6B_03000.jpg
1586,C6B,2024,7/29/24,6.0,7/26/24,20240726_C6B_01586.jpg,-3,/mnt/research-projects/j/jlgage/RawUAVData01/uavforslb/final_image/final_sliced/20240726_C6B_01586.jpg
1377,C6B,2024,7/19/24,5.0,7/18/24,20240718_C6B_01377.jpg,-1,/mnt/research-projects/j/jlgage/RawUAVData01/uavforslb/final_image/final_sliced/20240718_C6B_01377.jpg
7380,G3,2023,7/20/23,7.0,7/20/23,20230720_G3_07380.jpg,0,/mnt/research-projects/j/jlgage/RawUAVData01/uavforslb/final_image/final_sliced/20230720_G3_07380.jpg
2774,C6B,2024,7/15/24,8.0,7/18/24,20240718_C6B_02774.jpg,3,/mnt/research-projects/j/jlgage/RawUAVData01/uavforslb/final_image/final_sliced/20240718_C6B_02774.jpg
3079,G3,2023,7/19/23,8.5,7/20/23,20230720_G3_03079.jpg,1,/mnt/research-projects/j/jlgage/RawUAVData01/uavforslb/final_image/final_sliced/20230720_G3_03079.jpg
9611,I3B,2023,7/12/23,6.5,7/13/23,20230713_I3B_09611.jpg,1,/mnt/research-projects/j/jlgage/RawUAVData01/uavforslb/final_image/final_sliced/20230713_I3B_09611.jpg
3029,G3,2023,7/26/23,7.0,7/27/23,20230727_G3_03029.jpg,1,/mnt/research-projects/j/jlgage/RawUAVData01/uavforslb/final_image/final_sliced/20230727_G3_03029.jpg
7378,G3,2023,7/20/23,7.0,7/20/23,20230720_G3_07378.jpg,0,/mnt/research-projects/j/jlgage/RawUAVData01/uavforslb/final_image/final_sliced/20230720_G3_07378.jpg
1115,C6B,2024,7/29/24,2.0,7/26/24,20240726_C6B_01115.jpg,-3,/mnt/research-projects/j/jlgage/RawUAVData01/uavforslb/final_image/final_sliced/20240726_C6B_01115.jpg
679,C6B,2024,7/19/24,8.0,7/18/24,20240718_C6B_00679.jpg,-1,/mnt/research-projects/j/jlgage/RawUAVData01/uavforslb/final_image/final_sliced/20240718_C6B_00679.jpg
9697,I3B,2023,7/12/23,4.0,7/13/23,20230713_I3B_09697.jpg,1,/mnt/research-projects/j/jlgage/RawUAVData01/uavforslb/final_image/final_sliced/20230713_I3B_09697.jpg
11132,I3B,2023,7/12/23,7.5,7/13/23,20230713_I3B_11132.jpg,1,/mnt/research-projects/j/jlgage/RawUAVData01/uavforslb/final_image/final_sliced/20230713_I3B_11132.jpg
3753,C6B,2024,7/15/24,8.0,7/18/24,20240718_C6B_03753.jpg,3,/mnt/research-projects/j/jlgage/RawUAVData01/uavforslb/final_image/final_sliced/20240718_C6B_03753.jpg
4128,B7A,2024,7/30/24,1.5,7/27/24,20240727_B7A_04128.jpg,-3,/mnt/research-projects/j/jlgage/RawUAVData01/uavforslb/final_image/final_sliced/20240727_B7A_04128.jpg
10814,I3B,2023,7/19/23,4.0,7/20/23,20230720_I3B_10814.jpg,1,/mnt/research-projects/j/jlgage/RawUAVData01/uavforslb/final_image/final_sliced/20230720_I3B_10814.jpg
9605,I3B,2023,7/12/23,7.0,7/13/23,20230713_I3B_09605.jpg,1,/mnt/research-projects/j/jlgage/RawUAVData01/uavforslb/final_image/final_sliced/20230713_I3B_09605.jpg
10830,I3B,2023,7/19/23,6.0,7/20/23,20230720_I3B_10830.jpg,1,/mnt/research-projects/j/jlgage/RawUAVData01/uavforslb/final_image/final_sliced/20230720_I3B_10830.jpg
10722,I3B,2023,7/19/23,6.0,7/20/23,20230720_I3B_10722.jpg,1,/mnt/research-projects/j/jlgage/RawUAVData01/uavforslb/final_image/final_sliced/20230720_I3B_10722.jpg
3141,G3,2023,7/19/23,7.0,7/20/23,20230720_G3_03141.jpg,1,/mnt/research-projects/j/jlgage/RawUAVData01/uavforslb/final_image/final_sliced/20230720_G3_03141.jpg
2850,C6B,2024,7/21/24,5.0,7/18/24,20240718_C6B_02850.jpg,-3,/mnt/research-projects/j/jlgage/RawUAVData01/uavforslb/final_image/final_sliced/20240718_C6B_02850.jpg
881,C6B,2024,7/19/24,8.0,7/18/24,20240718_C6B_00881.jpg,-1,/mnt/research-projects/j/jlgage/RawUAVData01/uavforslb/final_image/final_sliced/20240718_C6B_00881.jpg
3587,C6B,2024,7/15/24,8.5,7/18/24,20240718_C6B_03587.jpg,3,/mnt/research-projects/j/jlgage/RawUAVData01/uavforslb/final_image/final_sliced/20240718_C6B_03587.jpg
7300,G3,2023,7/20/23,5.0,7/20/23,20230720_G3_07300.jpg,0,/mnt/research-projects/j/jlgage/RawUAVData01/uavforslb/final_image/final_sliced/20230720_G3_07300.jpg
3060,G3,2023,7/26/23,7.5,7/27/23,20230727_G3_03060.jpg,1,/mnt/research-projects/j/jlgage/RawUAVData01/uavforslb/final_image/final_sliced/20230727_G3_03060.jpg
200,C6B,2024,7/19/24,8.5,7/18/24,20240718_C6B_00200.jpg,-1,/mnt/research-projects/j/jlgage/RawUAVData01/uavforslb/final_image/final_sliced/20240718_C6B_00200.jpg
7302,G3,2023,7/26/23,4.0,7/27/23,20230727_G3_07302.jpg,1,/mnt/research-projects/j/jlgage/RawUAVData01/uavforslb/final_image/final_sliced/20230727_G3_07302.jpg
3886,B7A,2024,7/30/24,4.0,7/27/24,20240727_B7A_03886.jpg,-3,/mnt/research-projects/j/jlgage/RawUAVData01/uavforslb/final_image/final_sliced/20240727_B7A_03886.jpg
3857,B7A,2024,7/15/24,8.5,7/16/24,20240716_B7A_03857.jpg,1,/mnt/research-projects/j/jlgage/RawUAVData01/uavforslb/final_image/final_sliced/20240716_B7A_03857.jpg
4189,B7A,2024,7/15/24,8.0,7/16/24,20240716_B7A_04189.jpg,1,/mnt/research-projects/j/jlgage/RawUAVData01/uavforslb/final_image/final_sliced/20240716_B7A_04189.jpg
5052,C6B,2024,7/27/24,5.5,7/26/24,20240726_C6B_05052.jpg,-1,/mnt/research-projects/j/jlgage/RawUAVData01/uavforslb/final_image/final_sliced/20240726_C6B_05052.jpg
10871,I3B,2023,7/19/23,5.5,7/20/23,20230720_I3B_10871.jpg,1,/mnt/research-projects/j/jlgage/RawUAVData01/uavforslb/final_image/final_sliced/20230720_I3B_10871.jpg
3155,G3,2023,7/26/23,4.0,7/27/23,20230727_G3_03155.jpg,1,/mnt/research-projects/j/jlgage/RawUAVData01/uavforslb/final_image/final_sliced/20230727_G3_03155.jpg
10825,I3B,2023,7/19/23,5.5,7/20/23,20230720_I3B_10825.jpg,1,/mnt/research-projects/j/jlgage/RawUAVData01/uavforslb/final_image/final_sliced/20230720_I3B_10825.jpg
4596,B7A,2024,7/30/24,3.0,7/27/24,20240727_B7A_04596.jpg,-3,/mnt/research-projects/j/jlgage/RawUAVData01/uavforslb/final_image/final_sliced/20240727_B7A_04596.jpg
4361,B7A,2024,7/15/24,4.5,7/16/24,20240716_B7A_04361.jpg,1,/mnt/research-projects/j/jlgage/RawUAVData01/uavforslb/final_image/final_sliced/20240716_B7A_04361.jpg
10018,I3B,2023,7/12/23,5.0,7/13/23,20230713_I3B_10018.jpg,1,/mnt/research-projects/j/jlgage/RawUAVData01/uavforslb/final_image/final_sliced/20230713_I3B_10018.jpg
4580,B7A,2024,7/15/24,7.5,7/16/24,20240716_B7A_04580.jpg,1,/mnt/research-projects/j/jlgage/RawUAVData01/uavforslb/final_image/final_sliced/20240716_B7A_04580.jpg
2761,C6B,2024,7/15/24,6.0,7/18/24,20240718_C6B_02761.jpg,3,/mnt/research-projects/j/jlgage/RawUAVData01/uavforslb/final_image/final_sliced/20240718_C6B_02761.jpg
7398,G3,2023,7/20/23,8.0,7/20/23,20230720_G3_07398.jpg,0,/mnt/research-projects/j/jlgage/RawUAVData01/uavforslb/final_image/final_sliced/20230720_G3_07398.jpg
1303,C6B,2024,7/19/24,5.0,7/18/24,20240718_C6B_01303.jpg,-1,/mnt/research-projects/j/jlgage/RawUAVData01/uavforslb/final_image/final_sliced/20240718_C6B_01303.jpg
3976,B7A,2024,7/15/24,7.0,7/16/24,20240716_B7A_03976.jpg,1,/mnt/research-projects/j/jlgage/RawUAVData01/uavforslb/final_image/final_sliced/20240716_B7A_03976.jpg
867,C6B,2024,7/19/24,7.0,7/18/24,20240718_C6B_00867.jpg,-1,/mnt/research-projects/j/jlgage/RawUAVData01/uavforslb/final_image/final_sliced/20240718_C6B_00867.jpg
1919,C6B,2024,7/29/24,5.0,7/26/24,20240726_C6B_01919.jpg,-3,/mnt/research-projects/j/jlgage/RawUAVData01/uavforslb/final_image/final_sliced/20240726_C6B_01919.jpg
3184,G3,2023,7/19/23,6.0,7/20/23,20230720_G3_03184.jpg,1,/mnt/research-projects/j/jlgage/RawUAVData01/uavforslb/final_image/final_sliced/20230720_G3_03184.jpg
4471,B7A,2024,7/15/24,8.0,7/16/24,20240716_B7A_04471.jpg,1,/mnt/research-projects/j/jlgage/RawUAVData01/uavforslb/final_image/final_sliced/20240716_B7A_04471.jpg
1866,C6B,2024,7/19/24,6.0,7/18/24,20240718_C6B_01866.jpg,-1,/mnt/research-projects/j/jlgage/RawUAVData01/uavforslb/final_image/final_sliced/20240718_C6B_01866.jpg
9832,I3B,2023,7/12/23,5.0,7/13/23,20230713_I3B_09832.jpg,1,/mnt/research-projects/j/jlgage/RawUAVData01/uavforslb/final_image/final_sliced/20230713_I3B_09832.jpg
8156,G3,2023,7/20/23,5.5,7/20/23,20230720_G3_08156.jpg,0,/mnt/research-projects/j/jlgage/RawUAVData01/uavforslb/final_image/final_sliced/20230720_G3_08156.jpg
1607,C6B,2024,7/29/24,4.5,7/26/24,20240726_C6B_01607.jpg,-3,/mnt/research-projects/j/jlgage/RawUAVData01/uavforslb/final_image/final_sliced/20240726_C6B_01607.jpg
3825,B7A,2024,7/30/24,1.5,7/27/24,20240727_B7A_03825.jpg,-3,/mnt/research-projects/j/jlgage/RawUAVData01/uavforslb/final_image/final_sliced/20240727_B7A_03825.jpg
10744,I3B,2023,7/19/23,6.5,7/20/23,20230720_I3B_10744.jpg,1,/mnt/research-projects/j/jlgage/RawUAVData01/uavforslb/final_image/final_sliced/20230720_I3B_10744.jpg
10738,I3B,2023,7/19/23,6.5,7/20/23,20230720_I3B_10738.jpg,1,/mnt/research-projects/j/jlgage/RawUAVData01/uavforslb/final_image/final_sliced/20230720_I3B_10738.jpg
4573,B7A,2024,7/15/24,8.0,7/16/24,20240716_B7A_04573.jpg,1,/mnt/research-projects/j/jlgage/RawUAVData01/uavforslb/final_image/final_sliced/20240716_B7A_04573.jpg
8048,G3,2023,7/26/23,5.5,7/27/23,20230727_G3_08048.jpg,1,/mnt/research-projects/j/jlgage/RawUAVData01/uavforslb/final_image/final_sliced/20230727_G3_08048.jpg
7386,G3,2023,7/20/23,7.5,7/20/23,20230720_G3_07386.jpg,0,/mnt/research-projects/j/jlgage/RawUAVData01/uavforslb/final_image/final_sliced/20230720_G3_07386.jpg
10977,I3B,2023,7/19/23,7.5,7/20/23,20230720_I3B_10977.jpg,1,/mnt/research-projects/j/jlgage/RawUAVData01/uavforslb/final_image/final_sliced/20230720_I3B_10977.jpg
10926,I3B,2023,7/19/23,5.5,7/20/23,20230720_I3B_10926.jpg,1,/mnt/research-projects/j/jlgage/RawUAVData01/uavforslb/final_image/final_sliced/20230720_I3B_10926.jpg
10938,I3B,2023,7/19/23,5.0,7/20/23,20230720_I3B_10938.jpg,1,/mnt/research-projects/j/jlgage/RawUAVData01/uavforslb/final_image/final_sliced/20230720_I3B_10938.jpg
10311,I3B,2023,7/25/23,3.0,7/27/23,20230727_I3B_10311.jpg,2,/mnt/research-projects/j/jlgage/RawUAVData01/uavforslb/final_image/final_sliced/20230727_I3B_10311.jpg
9753,I3B,2023,7/12/23,6.0,7/13/23,20230713_I3B_09753.jpg,1,/mnt/research-projects/j/jlgage/RawUAVData01/uavforslb/final_image/final_sliced/20230713_I3B_09753.jpg
7423,G3,2023,7/26/23,4.5,7/27/23,20230727_G3_07423.jpg,1,/mnt/research-projects/j/jlgage/RawUAVData01/uavforslb/final_image/final_sliced/20230727_G3_07423.jpg
3208,G3,2023,7/19/23,7.0,7/20/23,20230720_G3_03208.jpg,1,/mnt/research-projects/j/jlgage/RawUAVData01/uavforslb/final_image/final_sliced/20230720_G3_03208.jpg
2956,C6B,2024,7/30/24,1.5,8/2/24,20240802_C6B_02956.jpg,3,/mnt/research-projects/j/jlgage/RawUAVData01/uavforslb/final_image/final_sliced/20240802_C6B_02956.jpg
1765,C6B,2024,7/29/24,4.5,7/26/24,20240726_C6B_01765.jpg,-3,/mnt/research-projects/j/jlgage/RawUAVData01/uavforslb/final_image/final_sliced/20240726_C6B_01765.jpg
9589,I3B,2023,7/12/23,5.5,7/13/23,20230713_I3B_09589.jpg,1,/mnt/research-projects/j/jlgage/RawUAVData01/uavforslb/final_image/final_sliced/20230713_I3B_09589.jpg
8039,G3,2023,7/26/23,4.0,7/27/23,20230727_G3_08039.jpg,1,/mnt/research-projects/j/jlgage/RawUAVData01/uavforslb/final_image/final_sliced/20230727_G3_08039.jpg
4488,B7A,2024,7/30/24,1.5,7/27/24,20240727_B7A_04488.jpg,-3,/mnt/research-projects/j/jlgage/RawUAVData01/uavforslb/final_image/final_sliced/20240727_B7A_04488.jpg
8152,G3,2023,7/20/23,8.0,7/20/23,20230720_G3_08152.jpg,0,/mnt/research-projects/j/jlgage/RawUAVData01/uavforslb/final_image/final_sliced/20230720_G3_08152.jpg
8169,G3,2023,7/26/23,8.0,7/27/23,20230727_G3_08169.jpg,1,/mnt/research-projects/j/jlgage/RawUAVData01/uavforslb/final_image/final_sliced/20230727_G3_08169.jpg
8173,G3,2023,7/20/23,6.0,7/20/23,20230720_G3_08173.jpg,0,/mnt/research-projects/j/jlgage/RawUAVData01/uavforslb/final_image/final_sliced/20230720_G3_08173.jpg
4540,B7A,2024,7/15/24,8.5,7/16/24,20240716_B7A_04540.jpg,1,/mnt/research-projects/j/jlgage/RawUAVData01/uavforslb/final_image/final_sliced/20240716_B7A_04540.jpg
2935,C6B,2024,7/15/24,8.0,7/18/24,20240718_C6B_02935.jpg,3,/mnt/research-projects/j/jlgage/RawUAVData01/uavforslb/final_image/final_sliced/20240718_C6B_02935.jpg
11031,I3B,2023,7/12/23,6.5,7/13/23,20230713_I3B_11031.jpg,1,/mnt/research-projects/j/jlgage/RawUAVData01/uavforslb/final_image/final_sliced/20230713_I3B_11031.jpg
640,C6B,2024,7/29/24,4.5,7/26/24,20240726_C6B_00640.jpg,-3,/mnt/research-projects/j/jlgage/RawUAVData01/uavforslb/final_image/final_sliced/20240726_C6B_00640.jpg
4213,B7A,2024,7/15/24,8.5,7/16/24,20240716_B7A_04213.jpg,1,/mnt/research-projects/j/jlgage/RawUAVData01/uavforslb/final_image/final_sliced/20240716_B7A_04213.jpg
598,C6B,2024,7/19/24,7.5,7/18/24,20240718_C6B_00598.jpg,-1,/mnt/research-projects/j/jlgage/RawUAVData01/uavforslb/final_image/final_sliced/20240718_C6B_00598.jpg
3347,C6B,2024,7/30/24,2.5,8/2/24,20240802_C6B_03347.jpg,3,/mnt/research-projects/j/jlgage/RawUAVData01/uavforslb/final_image/final_sliced/20240802_C6B_03347.jpg
5549,B7A,2024,7/27/24,2.0,7/27/24,20240727_B7A_05549.jpg,0,/mnt/research-projects/j/jlgage/RawUAVData01/uavforslb/final_image/final_sliced/20240727_B7A_05549.jpg
2043,C6B,2024,7/19/24,7.0,7/18/24,20240718_C6B_02043.jpg,-1,/mnt/research-projects/j/jlgage/RawUAVData01/uavforslb/final_image/final_sliced/20240718_C6B_02043.jpg
1407,C6B,2024,7/19/24,8.0,7/18/24,20240718_C6B_01407.jpg,-1,/mnt/research-projects/j/jlgage/RawUAVData01/uavforslb/final_image/final_sliced/20240718_C6B_01407.jpg
3162,G3,2023,7/26/23,6.5,7/27/23,20230727_G3_03162.jpg,1,/mnt/research-projects/j/jlgage/RawUAVData01/uavforslb/final_image/final_sliced/20230727_G3_03162.jpg
3570,C6B,2024,7/15/24,8.0,7/18/24,20240718_C6B_03570.jpg,3,/mnt/research-projects/j/jlgage/RawUAVData01/uavforslb/final_image/final_sliced/20240718_C6B_03570.jpg
1331,C6B,2024,7/29/24,7.0,7/26/24,20240726_C6B_01331.jpg,-3,/mnt/research-projects/j/jlgage/RawUAVData01/uavforslb/final_image/final_sliced/20240726_C6B_01331.jpg
8028,G3,2023,7/26/23,4.5,7/27/23,20230727_G3_08028.jpg,1,/mnt/research-projects/j/jlgage/RawUAVData01/uavforslb/final_image/final_sliced/20230727_G3_08028.jpg
8026,G3,2023,7/26/23,5.5,7/27/23,20230727_G3_08026.jpg,1,/mnt/research-projects/j/jlgage/RawUAVData01/uavforslb/final_image/final_sliced/20230727_G3_08026.jpg
8118,G3,2023,7/20/23,8.0,7/20/23,20230720_G3_08118.jpg,0,/mnt/research-projects/j/jlgage/RawUAVData01/uavforslb/final_image/final_sliced/20230720_G3_08118.jpg
7211,G3,2023,7/26/23,4.0,7/27/23,20230727_G3_07211.jpg,1,/mnt/research-projects/j/jlgage/RawUAVData01/uavforslb/final_image/final_sliced/20230727_G3_07211.jpg
10364,I3B,2023,7/25/23,6.0,7/27/23,20230727_I3B_10364.jpg,2,/mnt/research-projects/j/jlgage/RawUAVData01/uavforslb/final_image/final_sliced/20230727_I3B_10364.jpg
1582,C6B,2024,7/29/24,5.0,7/26/24,20240726_C6B_01582.jpg,-3,/mnt/research-projects/j/jlgage/RawUAVData01/uavforslb/final_image/final_sliced/20240726_C6B_01582.jpg
7245,G3,2023,7/26/23,5.0,7/27/23,20230727_G3_07245.jpg,1,/mnt/research-projects/j/jlgage/RawUAVData01/uavforslb/final_image/final_sliced/20230727_G3_07245.jpg
3083,G3,2023,7/19/23,5.5,7/20/23,20230720_G3_03083.jpg,1,/mnt/research-projects/j/jlgage/RawUAVData01/uavforslb/final_image/final_sliced/20230720_G3_03083.jpg
10755,I3B,2023,7/19/23,4.0,7/20/23,20230720_I3B_10755.jpg,1,/mnt/research-projects/j/jlgage/RawUAVData01/uavforslb/final_image/final_sliced/20230720_I3B_10755.jpg
4071,B7A,2024,7/15/24,7.0,7/16/24,20240716_B7A_04071.jpg,1,/mnt/research-projects/j/jlgage/RawUAVData01/uavforslb/final_image/final_sliced/20240716_B7A_04071.jpg
914,C6B,2024,7/29/24,5.0,7/26/24,20240726_C6B_00914.jpg,-3,/mnt/research-projects/j/jlgage/RawUAVData01/uavforslb/final_image/final_sliced/20240726_C6B_00914.jpg
10388,I3B,2023,7/25/23,4.0,7/27/23,20230727_I3B_10388.jpg,2,/mnt/research-projects/j/jlgage/RawUAVData01/uavforslb/final_image/final_sliced/20230727_I3B_10388.jpg
1325,C6B,2024,7/29/24,3.0,7/26/24,20240726_C6B_01325.jpg,-3,/mnt/research-projects/j/jlgage/RawUAVData01/uavforslb/final_image/final_sliced/20240726_C6B_01325.jpg
8148,G3,2023,7/26/23,6.5,7/27/23,20230727_G3_08148.jpg,1,/mnt/research-projects/j/jlgage/RawUAVData01/uavforslb/final_image/final_sliced/20230727_G3_08148.jpg
2128,C6B,2024,7/19/24,6.0,7/18/24,20240718_C6B_02128.jpg,-1,/mnt/research-projects/j/jlgage/RawUAVData01/uavforslb/final_image/final_sliced/20240718_C6B_02128.jpg
9629,I3B,2023,7/12/23,7.0,7/13/23,20230713_I3B_09629.jpg,1,/mnt/research-projects/j/jlgage/RawUAVData01/uavforslb/final_image/final_sliced/20230713_I3B_09629.jpg
1255,C6B,2024,7/29/24,4.0,7/26/24,20240726_C6B_01255.jpg,-3,/mnt/research-projects/j/jlgage/RawUAVData01/uavforslb/final_image/final_sliced/20240726_C6B_01255.jpg
7218,G3,2023,7/26/23,6.0,7/27/23,20230727_G3_07218.jpg,1,/mnt/research-projects/j/jlgage/RawUAVData01/uavforslb/final_image/final_sliced/20230727_G3_07218.jpg
8102,G3,2023,7/20/23,6.5,7/20/23,20230720_G3_08102.jpg,0,/mnt/research-projects/j/jlgage/RawUAVData01/uavforslb/final_image/final_sliced/20230720_G3_08102.jpg
8020,G3,2023,7/19/23,5.5,7/20/23,20230720_G3_08020.jpg,1,/mnt/research-projects/j/jlgage/RawUAVData01/uavforslb/final_image/final_sliced/20230720_G3_08020.jpg
11127,I3B,2023,7/12/23,7.5,7/13/23,20230713_I3B_11127.jpg,1,/mnt/research-projects/j/jlgage/RawUAVData01/uavforslb/final_image/final_sliced/20230713_I3B_11127.jpg
11188,I3B,2023,7/12/23,7.0,7/13/23,20230713_I3B_11188.jpg,1,/mnt/research-projects/j/jlgage/RawUAVData01/uavforslb/final_image/final_sliced/20230713_I3B_11188.jpg
10325,I3B,2023,7/25/23,2.5,7/27/23,20230727_I3B_10325.jpg,2,/mnt/research-projects/j/jlgage/RawUAVData01/uavforslb/final_image/final_sliced/20230727_I3B_10325.jpg
2022,C6B,2024,7/19/24,4.0,7/18/24,20240718_C6B_02022.jpg,-1,/mnt/research-projects/j/jlgage/RawUAVData01/uavforslb/final_image/final_sliced/20240718_C6B_02022.jpg
559,C6B,2024,7/29/24,5.0,7/26/24,20240726_C6B_00559.jpg,-3,/mnt/research-projects/j/jlgage/RawUAVData01/uavforslb/final_image/final_sliced/20240726_C6B_00559.jpg
2690,C6B,2024,7/30/24,4.0,8/2/24,20240802_C6B_02690.jpg,3,/mnt/research-projects/j/jlgage/RawUAVData01/uavforslb/final_image/final_sliced/20240802_C6B_02690.jpg
3014,G3,2023,7/26/23,8.0,7/27/23,20230727_G3_03014.jpg,1,/mnt/research-projects/j/jlgage/RawUAVData01/uavforslb/final_image/final_sliced/20230727_G3_03014.jpg
7442,G3,2023,7/26/23,5.5,7/27/23,20230727_G3_07442.jpg,1,/mnt/research-projects/j/jlgage/RawUAVData01/uavforslb/final_image/final_sliced/20230727_G3_07442.jpg
10361,I3B,2023,7/25/23,4.0,7/27/23,20230727_I3B_10361.jpg,2,/mnt/research-projects/j/jlgage/RawUAVData01/uavforslb/final_image/final_sliced/20230727_I3B_10361.jpg
2540,C6B,2024,7/1/24,7.5,7/3/24,20240703_C6B_02540.jpg,2,/mnt/research-projects/j/jlgage/RawUAVData01/uavforslb/final_image/final_sliced/20240703_C6B_02540.jpg
3101,C6B,2024,7/30/24,1.5,8/2/24,20240802_C6B_03101.jpg,3,/mnt/research-projects/j/jlgage/RawUAVData01/uavforslb/final_image/final_sliced/20240802_C6B_03101.jpg
7292,G3,2023,7/26/23,8.0,7/27/23,20230727_G3_07292.jpg,1,/mnt/research-projects/j/jlgage/RawUAVData01/uavforslb/final_image/final_sliced/20230727_G3_07292.jpg
3168,G3,2023,7/26/23,6.0,7/27/23,20230727_G3_03168.jpg,1,/mnt/research-projects/j/jlgage/RawUAVData01/uavforslb/final_image/final_sliced/20230727_G3_03168.jpg
4462,B7A,2024,7/15/24,6.0,7/16/24,20240716_B7A_04462.jpg,1,/mnt/research-projects/j/jlgage/RawUAVData01/uavforslb/final_image/final_sliced/20240716_B7A_04462.jpg
7351,G3,2023,7/20/23,7.5,7/20/23,20230720_G3_07351.jpg,0,/mnt/research-projects/j/jlgage/RawUAVData01/uavforslb/final_image/final_sliced/20230720_G3_07351.jpg
3167,G3,2023,7/19/23,5.5,7/20/23,20230720_G3_03167.jpg,1,/mnt/research-projects/j/jlgage/RawUAVData01/uavforslb/final_image/final_sliced/20230720_G3_03167.jpg
11254,I3B,2023,7/19/23,6.0,7/20/23,20230720_I3B_11254.jpg,1,/mnt/research-projects/j/jlgage/RawUAVData01/uavforslb/final_image/final_sliced/20230720_I3B_11254.jpg
3618,C6B,2024,7/15/24,8.0,7/18/24,20240718_C6B_03618.jpg,3,/mnt/research-projects/j/jlgage/RawUAVData01/uavforslb/final_image/final_sliced/20240718_C6B_03618.jpg
7236,G3,2023,7/19/23,7.5,7/20/23,20230720_G3_07236.jpg,1,/mnt/research-projects/j/jlgage/RawUAVData01/uavforslb/final_image/final_sliced/20230720_G3_07236.jpg
10945,I3B,2023,7/19/23,7.0,7/20/23,20230720_I3B_10945.jpg,1,/mnt/research-projects/j/jlgage/RawUAVData01/uavforslb/final_image/final_sliced/20230720_I3B_10945.jpg
2898,C6B,2024,7/15/24,8.0,7/18/24,20240718_C6B_02898.jpg,3,/mnt/research-projects/j/jlgage/RawUAVData01/uavforslb/final_image/final_sliced/20240718_C6B_02898.jpg
5540,B7A,2024,7/1/24,7.5,7/3/24,20240703_B7A_05540.jpg,2,/mnt/research-projects/j/jlgage/RawUAVData01/uavforslb/final_image/final_sliced/20240703_B7A_05540.jpg
3170,G3,2023,7/26/23,7.5,7/27/23,20230727_G3_03170.jpg,1,/mnt/research-projects/j/jlgage/RawUAVData01/uavforslb/final_image/final_sliced/20230727_G3_03170.jpg
141,C6B,2024,7/29/24,8.0,7/26/24,20240726_C6B_00141.jpg,-3,/mnt/research-projects/j/jlgage/RawUAVData01/uavforslb/final_image/final_sliced/20240726_C6B_00141.jpg
4497,B7A,2024,7/30/24,1.5,7/27/24,20240727_B7A_04497.jpg,-3,/mnt/research-projects/j/jlgage/RawUAVData01/uavforslb/final_image/final_sliced/20240727_B7A_04497.jpg
3578,C6B,2024,7/15/24,8.0,7/18/24,20240718_C6B_03578.jpg,3,/mnt/research-projects/j/jlgage/RawUAVData01/uavforslb/final_image/final_sliced/20240718_C6B_03578.jpg
7410,G3,2023,7/20/23,7.0,7/20/23,20230720_G3_07410.jpg,0,/mnt/research-projects/j/jlgage/RawUAVData01/uavforslb/final_image/final_sliced/20230720_G3_07410.jpg
10957,I3B,2023,7/19/23,7.5,7/20/23,20230720_I3B_10957.jpg,1,/mnt/research-projects/j/jlgage/RawUAVData01/uavforslb/final_image/final_sliced/20230720_I3B_10957.jpg
3385,C6B,2024,7/15/24,8.5,7/18/24,20240718_C6B_03385.jpg,3,/mnt/research-projects/j/jlgage/RawUAVData01/uavforslb/final_image/final_sliced/20240718_C6B_03385.jpg
3696,C6B,2024,7/30/24,1.5,8/2/24,20240802_C6B_03696.jpg,3,/mnt/research-projects/j/jlgage/RawUAVData01/uavforslb/final_image/final_sliced/20240802_C6B_03696.jpg
657,C6B,2024,7/19/24,8.5,7/18/24,20240718_C6B_00657.jpg,-1,/mnt/research-projects/j/jlgage/RawUAVData01/uavforslb/final_image/final_sliced/20240718_C6B_00657.jpg
806,C6B,2024,7/29/24,4.0,7/26/24,20240726_C6B_00806.jpg,-3,/mnt/research-projects/j/jlgage/RawUAVData01/uavforslb/final_image/final_sliced/20240726_C6B_00806.jpg
8134,G3,2023,7/26/23,7.5,7/27/23,20230727_G3_08134.jpg,1,/mnt/research-projects/j/jlgage/RawUAVData01/uavforslb/final_image/final_sliced/20230727_G3_08134.jpg
10032,I3B,2023,7/12/23,5.0,7/13/23,20230713_I3B_10032.jpg,1,/mnt/research-projects/j/jlgage/RawUAVData01/uavforslb/final_image/final_sliced/20230713_I3B_10032.jpg
10883,I3B,2023,7/19/23,5.5,7/20/23,20230720_I3B_10883.jpg,1,/mnt/research-projects/j/jlgage/RawUAVData01/uavforslb/final_image/final_sliced/20230720_I3B_10883.jpg
10339,I3B,2023,7/25/23,3.5,7/27/23,20230727_I3B_10339.jpg,2,/mnt/research-projects/j/jlgage/RawUAVData01/uavforslb/final_image/final_sliced/20230727_I3B_10339.jpg
9669,I3B,2023,7/12/23,5.5,7/13/23,20230713_I3B_09669.jpg,1,/mnt/research-projects/j/jlgage/RawUAVData01/uavforslb/final_image/final_sliced/20230713_I3B_09669.jpg
4100,B7A,2024,7/15/24,8.5,7/16/24,20240716_B7A_04100.jpg,1,/mnt/research-projects/j/jlgage/RawUAVData01/uavforslb/final_image/final_sliced/20240716_B7A_04100.jpg
3785,C6B,2024,7/30/24,4.0,8/2/24,20240802_C6B_03785.jpg,3,/mnt/research-projects/j/jlgage/RawUAVData01/uavforslb/final_image/final_sliced/20240802_C6B_03785.jpg
7213,G3,2023,7/19/23,8.0,7/20/23,20230720_G3_07213.jpg,1,/mnt/research-projects/j/jlgage/RawUAVData01/uavforslb/final_image/final_sliced/20230720_G3_07213.jpg
9701,I3B,2023,7/12/23,5.5,7/13/23,20230713_I3B_09701.jpg,1,/mnt/research-projects/j/jlgage/RawUAVData01/uavforslb/final_image/final_sliced/20230713_I3B_09701.jpg
3198,G3,2023,7/19/23,7.0,7/20/23,20230720_G3_03198.jpg,1,/mnt/research-projects/j/jlgage/RawUAVData01/uavforslb/final_image/final_sliced/20230720_G3_03198.jpg
2074,C6B,2024,7/19/24,8.0,7/18/24,20240718_C6B_02074.jpg,-1,/mnt/research-projects/j/jlgage/RawUAVData01/uavforslb/final_image/final_sliced/20240718_C6B_02074.jpg
2991,C6B,2024,7/15/24,8.0,7/18/24,20240718_C6B_02991.jpg,3,/mnt/research-projects/j/jlgage/RawUAVData01/uavforslb/final_image/final_sliced/20240718_C6B_02991.jpg
10334,I3B,2023,7/25/23,3.0,7/27/23,20230727_I3B_10334.jpg,2,/mnt/research-projects/j/jlgage/RawUAVData01/uavforslb/final_image/final_sliced/20230727_I3B_10334.jpg
7316,G3,2023,7/20/23,6.0,7/20/23,20230720_G3_07316.jpg,0,/mnt/research-projects/j/jlgage/RawUAVData01/uavforslb/final_image/final_sliced/20230720_G3_07316.jpg
4246,B7A,2024,7/30/24,3.5,7/27/24,20240727_B7A_04246.jpg,-3,/mnt/research-projects/j/jlgage/RawUAVData01/uavforslb/final_image/final_sliced/20240727_B7A_04246.jpg
123,C6B,2024,7/19/24,6.0,7/18/24,20240718_C6B_00123.jpg,-1,/mnt/research-projects/j/jlgage/RawUAVData01/uavforslb/final_image/final_sliced/20240718_C6B_00123.jpg
1275,C6B,2024,7/29/24,4.0,7/26/24,20240726_C6B_01275.jpg,-3,/mnt/research-projects/j/jlgage/RawUAVData01/uavforslb/final_image/final_sliced/20240726_C6B_01275.jpg
7314,G3,2023,7/20/23,7.5,7/20/23,20230720_G3_07314.jpg,0,/mnt/research-projects/j/jlgage/RawUAVData01/uavforslb/final_image/final_sliced/20230720_G3_07314.jpg
8040,G3,2023,7/19/23,3.0,7/20/23,20230720_G3_08040.jpg,1,/mnt/research-projects/j/jlgage/RawUAVData01/uavforslb/final_image/final_sliced/20230720_G3_08040.jpg
7437,G3,2023,7/20/23,7.5,7/20/23,20230720_G3_07437.jpg,0,/mnt/research-projects/j/jlgage/RawUAVData01/uavforslb/final_image/final_sliced/20230720_G3_07437.jpg
3154,C6B,2024,7/30/24,1.5,8/2/24,20240802_C6B_03154.jpg,3,/mnt/research-projects/j/jlgage/RawUAVData01/uavforslb/final_image/final_sliced/20240802_C6B_03154.jpg
10897,I3B,2023,7/19/23,7.5,7/20/23,20230720_I3B_10897.jpg,1,/mnt/research-projects/j/jlgage/RawUAVData01/uavforslb/final_image/final_sliced/20230720_I3B_10897.jpg
2080,C6B,2024,7/19/24,6.0,7/18/24,20240718_C6B_02080.jpg,-1,/mnt/research-projects/j/jlgage/RawUAVData01/uavforslb/final_image/final_sliced/20240718_C6B_02080.jpg
5014,C6B,2024,7/27/24,3.0,7/26/24,20240726_C6B_05014.jpg,-1,/mnt/research-projects/j/jlgage/RawUAVData01/uavforslb/final_image/final_sliced/20240726_C6B_05014.jpg
11201,I3B,2023,7/19/23,7.0,7/20/23,20230720_I3B_11201.jpg,1,/mnt/research-projects/j/jlgage/RawUAVData01/uavforslb/final_image/final_sliced/20230720_I3B_11201.jpg
11104,I3B,2023,7/12/23,6.0,7/13/23,20230713_I3B_11104.jpg,1,/mnt/research-projects/j/jlgage/RawUAVData01/uavforslb/final_image/final_sliced/20230713_I3B_11104.jpg
4546,B7A,2024,7/15/24,7.0,7/16/24,20240716_B7A_04546.jpg,1,/mnt/research-projects/j/jlgage/RawUAVData01/uavforslb/final_image/final_sliced/20240716_B7A_04546.jpg
3096,C6B,2024,7/30/24,2.0,8/2/24,20240802_C6B_03096.jpg,3,/mnt/research-projects/j/jlgage/RawUAVData01/uavforslb/final_image/final_sliced/20240802_C6B_03096.jpg
444,C6B,2024,7/19/24,8.5,7/18/24,20240718_C6B_00444.jpg,-1,/mnt/research-projects/j/jlgage/RawUAVData01/uavforslb/final_image/final_sliced/20240718_C6B_00444.jpg
5006,C6B,2024,7/18/24,7.0,7/18/24,20240718_C6B_05006.jpg,0,/mnt/research-projects/j/jlgage/RawUAVData01/uavforslb/final_image/final_sliced/20240718_C6B_05006.jpg
10028,I3B,2023,7/12/23,6.5,7/13/23,20230713_I3B_10028.jpg,1,/mnt/research-projects/j/jlgage/RawUAVData01/uavforslb/final_image/final_sliced/20230713_I3B_10028.jpg
3080,G3,2023,7/26/23,7.5,7/27/23,20230727_G3_03080.jpg,1,/mnt/research-projects/j/jlgage/RawUAVData01/uavforslb/final_image/final_sliced/20230727_G3_03080.jpg
10248,I3B,2023,7/25/23,6.5,7/27/23,20230727_I3B_10248.jpg,2,/mnt/research-projects/j/jlgage/RawUAVData01/uavforslb/final_image/final_sliced/20230727_I3B_10248.jpg
5560,B7A,2024,7/27/24,4.0,7/27/24,20240727_B7A_05560.jpg,0,/mnt/research-projects/j/jlgage/RawUAVData01/uavforslb/final_image/final_sliced/20240727_B7A_05560.jpg
4435,B7A,2024,7/15/24,8.0,7/16/24,20240716_B7A_04435.jpg,1,/mnt/research-projects/j/jlgage/RawUAVData01/uavforslb/final_image/final_sliced/20240716_B7A_04435.jpg
9942,I3B,2023,7/12/23,5.5,7/13/23,20230713_I3B_09942.jpg,1,/mnt/research-projects/j/jlgage/RawUAVData01/uavforslb/final_image/final_sliced/20230713_I3B_09942.jpg
3600,C6B,2024,7/30/24,1.5,8/2/24,20240802_C6B_03600.jpg,3,/mnt/research-projects/j/jlgage/RawUAVData01/uavforslb/final_image/final_sliced/20240802_C6B_03600.jpg
10802,I3B,2023,7/19/23,6.0,7/20/23,20230720_I3B_10802.jpg,1,/mnt/research-projects/j/jlgage/RawUAVData01/uavforslb/final_image/final_sliced/20230720_I3B_10802.jpg
9882,I3B,2023,7/12/23,5.0,7/13/23,20230713_I3B_09882.jpg,1,/mnt/research-projects/j/jlgage/RawUAVData01/uavforslb/final_image/final_sliced/20230713_I3B_09882.jpg
884,C6B,2024,7/29/24,3.0,7/26/24,20240726_C6B_00884.jpg,-3,/mnt/research-projects/j/jlgage/RawUAVData01/uavforslb/final_image/final_sliced/20240726_C6B_00884.jpg
3175,G3,2023,7/26/23,3.0,7/27/23,20230727_G3_03175.jpg,1,/mnt/research-projects/j/jlgage/RawUAVData01/uavforslb/final_image/final_sliced/20230727_G3_03175.jpg
3109,G3,2023,7/26/23,7.0,7/27/23,20230727_G3_03109.jpg,1,/mnt/research-projects/j/jlgage/RawUAVData01/uavforslb/final_image/final_sliced/20230727_G3_03109.jpg
828,C6B,2024,7/19/24,8.0,7/18/24,20240718_C6B_00828.jpg,-1,/mnt/research-projects/j/jlgage/RawUAVData01/uavforslb/final_image/final_sliced/20240718_C6B_00828.jpg
2060,C6B,2024,7/19/24,7.0,7/18/24,20240718_C6B_02060.jpg,-1,/mnt/research-projects/j/jlgage/RawUAVData01/uavforslb/final_image/final_sliced/20240718_C6B_02060.jpg
8062,G3,2023,7/26/23,7.5,7/27/23,20230727_G3_08062.jpg,1,/mnt/research-projects/j/jlgage/RawUAVData01/uavforslb/final_image/final_sliced/20230727_G3_08062.jpg
4427,B7A,2024,7/30/24,2.5,7/27/24,20240727_B7A_04427.jpg,-3,/mnt/research-projects/j/jlgage/RawUAVData01/uavforslb/final_image/final_sliced/20240727_B7A_04427.jpg
1153,C6B,2024,7/19/24,7.5,7/18/24,20240718_C6B_01153.jpg,-1,/mnt/research-projects/j/jlgage/RawUAVData01/uavforslb/final_image/final_sliced/20240718_C6B_01153.jpg
9626,I3B,2023,7/12/23,5.5,7/13/23,20230713_I3B_09626.jpg,1,/mnt/research-projects/j/jlgage/RawUAVData01/uavforslb/final_image/final_sliced/20230713_I3B_09626.jpg
10997,I3B,2023,7/19/23,5.0,7/20/23,20230720_I3B_10997.jpg,1,/mnt/research-projects/j/jlgage/RawUAVData01/uavforslb/final_image/final_sliced/20230720_I3B_10997.jpg
9741,I3B,2023,7/12/23,5.5,7/13/23,20230713_I3B_09741.jpg,1,/mnt/research-projects/j/jlgage/RawUAVData01/uavforslb/final_image/final_sliced/20230713_I3B_09741.jpg
9624,I3B,2023,7/12/23,6.5,7/13/23,20230713_I3B_09624.jpg,1,/mnt/research-projects/j/jlgage/RawUAVData01/uavforslb/final_image/final_sliced/20230713_I3B_09624.jpg
3159,G3,2023,7/19/23,7.0,7/20/23,20230720_G3_03159.jpg,1,/mnt/research-projects/j/jlgage/RawUAVData01/uavforslb/final_image/final_sliced/20230720_G3_03159.jpg
3810,C6B,2024,7/30/24,2.0,8/2/24,20240802_C6B_03810.jpg,3,/mnt/research-projects/j/jlgage/RawUAVData01/uavforslb/final_image/final_sliced/20240802_C6B_03810.jpg
10914,I3B,2023,7/19/23,5.5,7/20/23,20230720_I3B_10914.jpg,1,/mnt/research-projects/j/jlgage/RawUAVData01/uavforslb/final_image/final_sliced/20230720_I3B_10914.jpg
406,C6B,2024,7/29/24,4.0,7/26/24,20240726_C6B_00406.jpg,-3,/mnt/research-projects/j/jlgage/RawUAVData01/uavforslb/final_image/final_sliced/20240726_C6B_00406.jpg
1595,C6B,2024,7/19/24,8.0,7/18/24,20240718_C6B_01595.jpg,-1,/mnt/research-projects/j/jlgage/RawUAVData01/uavforslb/final_image/final_sliced/20240718_C6B_01595.jpg
900,C6B,2024,7/29/24,6.0,7/26/24,20240726_C6B_00900.jpg,-3,/mnt/research-projects/j/jlgage/RawUAVData01/uavforslb/final_image/final_sliced/20240726_C6B_00900.jpg
8038,G3,2023,7/19/23,7.0,7/20/23,20230720_G3_08038.jpg,1,/mnt/research-projects/j/jlgage/RawUAVData01/uavforslb/final_image/final_sliced/20230720_G3_08038.jpg
10922,I3B,2023,7/19/23,5.5,7/20/23,20230720_I3B_10922.jpg,1,/mnt/research-projects/j/jlgage/RawUAVData01/uavforslb/final_image/final_sliced/20230720_I3B_10922.jpg
10795,I3B,2023,7/19/23,5.5,7/20/23,20230720_I3B_10795.jpg,1,/mnt/research-projects/j/jlgage/RawUAVData01/uavforslb/final_image/final_sliced/20230720_I3B_10795.jpg
5048,C6B,2024,7/1/24,8.0,7/3/24,20240703_C6B_05048.jpg,2,/mnt/research-projects/j/jlgage/RawUAVData01/uavforslb/final_image/final_sliced/20240703_C6B_05048.jpg
7426,G3,2023,7/20/23,7.5,7/20/23,20230720_G3_07426.jpg,0,/mnt/research-projects/j/jlgage/RawUAVData01/uavforslb/final_image/final_sliced/20230720_G3_07426.jpg
4145,B7A,2024,7/30/24,5.0,7/27/24,20240727_B7A_04145.jpg,-3,/mnt/research-projects/j/jlgage/RawUAVData01/uavforslb/final_image/final_sliced/20240727_B7A_04145.jpg
7484,G3,2023,7/26/23,6.0,7/27/23,20230727_G3_07484.jpg,1,/mnt/research-projects/j/jlgage/RawUAVData01/uavforslb/final_image/final_sliced/20230727_G3_07484.jpg
5034,C6B,2024,7/1/24,8.0,7/3/24,20240703_C6B_05034.jpg,2,/mnt/research-projects/j/jlgage/RawUAVData01/uavforslb/final_image/final_sliced/20240703_C6B_05034.jpg
7522,G3,2023,7/20/23,6.5,7/20/23,20230720_G3_07522.jpg,0,/mnt/research-projects/j/jlgage/RawUAVData01/uavforslb/final_image/final_sliced/20230720_G3_07522.jpg
10970,I3B,2023,7/19/23,6.0,7/20/23,20230720_I3B_10970.jpg,1,/mnt/research-projects/j/jlgage/RawUAVData01/uavforslb/final_image/final_sliced/20230720_I3B_10970.jpg
9625,I3B,2023,7/12/23,6.0,7/13/23,20230713_I3B_09625.jpg,1,/mnt/research-projects/j/jlgage/RawUAVData01/uavforslb/final_image/final_sliced/20230713_I3B_09625.jpg
10848,I3B,2023,7/19/23,6.0,7/20/23,20230720_I3B_10848.jpg,1,/mnt/research-projects/j/jlgage/RawUAVData01/uavforslb/final_image/final_sliced/20230720_I3B_10848.jpg
11233,I3B,2023,7/19/23,7.0,7/20/23,20230720_I3B_11233.jpg,1,/mnt/research-projects/j/jlgage/RawUAVData01/uavforslb/final_image/final_sliced/20230720_I3B_11233.jpg
1278,C6B,2024,7/19/24,8.0,7/18/24,20240718_C6B_01278.jpg,-1,/mnt/research-projects/j/jlgage/RawUAVData01/uavforslb/final_image/final_sliced/20240718_C6B_01278.jpg
223,C6B,2024,7/19/24,8.0,7/18/24,20240718_C6B_00223.jpg,-1,/mnt/research-projects/j/jlgage/RawUAVData01/uavforslb/final_image/final_sliced/20240718_C6B_00223.jpg
7340,G3,2023,7/20/23,6.0,7/20/23,20230720_G3_07340.jpg,0,/mnt/research-projects/j/jlgage/RawUAVData01/uavforslb/final_image/final_sliced/20230720_G3_07340.jpg
7444,G3,2023,7/20/23,7.5,7/20/23,20230720_G3_07444.jpg,0,/mnt/research-projects/j/jlgage/RawUAVData01/uavforslb/final_image/final_sliced/20230720_G3_07444.jpg
8082,G3,2023,7/26/23,7.0,7/27/23,20230727_G3_08082.jpg,1,/mnt/research-projects/j/jlgage/RawUAVData01/uavforslb/final_image/final_sliced/20230727_G3_08082.jpg
3134,G3,2023,7/19/23,8.0,7/20/23,20230720_G3_03134.jpg,1,/mnt/research-projects/j/jlgage/RawUAVData01/uavforslb/final_image/final_sliced/20230720_G3_03134.jpg
2697,C6B,2024,7/15/24,8.5,7/18/24,20240718_C6B_02697.jpg,3,/mnt/research-projects/j/jlgage/RawUAVData01/uavforslb/final_image/final_sliced/20240718_C6B_02697.jpg
3215,C6B,2024,7/30/24,4.0,8/2/24,20240802_C6B_03215.jpg,3,/mnt/research-projects/j/jlgage/RawUAVData01/uavforslb/final_image/final_sliced/20240802_C6B_03215.jpg
2834,C6B,2024,7/15/24,8.5,7/18/24,20240718_C6B_02834.jpg,3,/mnt/research-projects/j/jlgage/RawUAVData01/uavforslb/final_image/final_sliced/20240718_C6B_02834.jpg
4066,B7A,2024,7/15/24,8.5,7/16/24,20240716_B7A_04066.jpg,1,/mnt/research-projects/j/jlgage/RawUAVData01/uavforslb/final_image/final_sliced/20240716_B7A_04066.jpg
10950,I3B,2023,7/19/23,5.5,7/20/23,20230720_I3B_10950.jpg,1,/mnt/research-projects/j/jlgage/RawUAVData01/uavforslb/final_image/final_sliced/20230720_I3B_10950.jpg
7500,G3,2023,7/20/23,8.0,7/20/23,20230720_G3_07500.jpg,0,/mnt/research-projects/j/jlgage/RawUAVData01/uavforslb/final_image/final_sliced/20230720_G3_07500.jpg
3411,C6B,2024,7/15/24,8.5,7/18/24,20240718_C6B_03411.jpg,3,/mnt/research-projects/j/jlgage/RawUAVData01/uavforslb/final_image/final_sliced/20240718_C6B_03411.jpg
8105,G3,2023,7/26/23,5.0,7/27/23,20230727_G3_08105.jpg,1,/mnt/research-projects/j/jlgage/RawUAVData01/uavforslb/final_image/final_sliced/20230727_G3_08105.jpg
4460,B7A,2024,7/30/24,1.0,7/27/24,20240727_B7A_04460.jpg,-3,/mnt/research-projects/j/jlgage/RawUAVData01/uavforslb/final_image/final_sliced/20240727_B7A_04460.jpg
1350,C6B,2024,7/29/24,4.0,7/26/24,20240726_C6B_01350.jpg,-3,/mnt/research-projects/j/jlgage/RawUAVData01/uavforslb/final_image/final_sliced/20240726_C6B_01350.jpg
1603,C6B,2024,7/19/24,7.5,7/18/24,20240718_C6B_01603.jpg,-1,/mnt/research-projects/j/jlgage/RawUAVData01/uavforslb/final_image/final_sliced/20240718_C6B_01603.jpg
2137,C6B,2024,7/29/24,3.0,7/26/24,20240726_C6B_02137.jpg,-3,/mnt/research-projects/j/jlgage/RawUAVData01/uavforslb/final_image/final_sliced/20240726_C6B_02137.jpg
3953,B7A,2024,7/15/24,8.0,7/16/24,20240716_B7A_03953.jpg,1,/mnt/research-projects/j/jlgage/RawUAVData01/uavforslb/final_image/final_sliced/20240716_B7A_03953.jpg
10350,I3B,2023,7/25/23,3.0,7/27/23,20230727_I3B_10350.jpg,2,/mnt/research-projects/j/jlgage/RawUAVData01/uavforslb/final_image/final_sliced/20230727_I3B_10350.jpg
711,C6B,2024,7/29/24,5.0,7/26/24,20240726_C6B_00711.jpg,-3,/mnt/research-projects/j/jlgage/RawUAVData01/uavforslb/final_image/final_sliced/20240726_C6B_00711.jpg
3838,B7A,2024,7/15/24,8.0,7/16/24,20240716_B7A_03838.jpg,1,/mnt/research-projects/j/jlgage/RawUAVData01/uavforslb/final_image/final_sliced/20240716_B7A_03838.jpg
10829,I3B,2023,7/19/23,6.0,7/20/23,20230720_I3B_10829.jpg,1,/mnt/research-projects/j/jlgage/RawUAVData01/uavforslb/final_image/final_sliced/20230720_I3B_10829.jpg
7271,G3,2023,7/26/23,5.5,7/27/23,20230727_G3_07271.jpg,1,/mnt/research-projects/j/jlgage/RawUAVData01/uavforslb/final_image/final_sliced/20230727_G3_07271.jpg
3039,G3,2023,7/26/23,7.0,7/27/23,20230727_G3_03039.jpg,1,/mnt/research-projects/j/jlgage/RawUAVData01/uavforslb/final_image/final_sliced/20230727_G3_03039.jpg
372,C6B,2024,7/19/24,5.5,7/18/24,20240718_C6B_00372.jpg,-1,/mnt/research-projects/j/jlgage/RawUAVData01/uavforslb/final_image/final_sliced/20240718_C6B_00372.jpg
5558,B7A,2024,7/18/24,7.0,7/16/24,20240716_B7A_05558.jpg,-2,/mnt/research-projects/j/jlgage/RawUAVData01/uavforslb/final_image/final_sliced/20240716_B7A_05558.jpg
4628,B7A,2024,7/15/24,8.0,7/16/24,20240716_B7A_04628.jpg,1,/mnt/research-projects/j/jlgage/RawUAVData01/uavforslb/final_image/final_sliced/20240716_B7A_04628.jpg
8109,G3,2023,7/26/23,8.0,7/27/23,20230727_G3_08109.jpg,1,/mnt/research-projects/j/jlgage/RawUAVData01/uavforslb/final_image/final_sliced/20230727_G3_08109.jpg
10863,I3B,2023,7/19/23,5.5,7/20/23,20230720_I3B_10863.jpg,1,/mnt/research-projects/j/jlgage/RawUAVData01/uavforslb/final_image/final_sliced/20230720_I3B_10863.jpg
9574,I3B,2023,7/12/23,6.5,7/13/23,20230713_I3B_09574.jpg,1,/mnt/research-projects/j/jlgage/RawUAVData01/uavforslb/final_image/final_sliced/20230713_I3B_09574.jpg
3045,C6B,2024,7/30/24,1.5,8/2/24,20240802_C6B_03045.jpg,3,/mnt/research-projects/j/jlgage/RawUAVData01/uavforslb/final_image/final_sliced/20240802_C6B_03045.jpg
4649,B7A,2024,7/30/24,2.0,7/27/24,20240727_B7A_04649.jpg,-3,/mnt/research-projects/j/jlgage/RawUAVData01/uavforslb/final_image/final_sliced/20240727_B7A_04649.jpg
865,C6B,2024,7/19/24,7.5,7/18/24,20240718_C6B_00865.jpg,-1,/mnt/research-projects/j/jlgage/RawUAVData01/uavforslb/final_image/final_sliced/20240718_C6B_00865.jpg
5530,B7A,2024,7/11/24,7.0,7/10/24,20240710_B7A_05530.jpg,-1,/mnt/research-projects/j/jlgage/RawUAVData01/uavforslb/final_image/final_sliced/20240710_B7A_05530.jpg
3606,C6B,2024,7/15/24,8.5,7/18/24,20240718_C6B_03606.jpg,3,/mnt/research-projects/j/jlgage/RawUAVData01/uavforslb/final_image/final_sliced/20240718_C6B_03606.jpg
7319,G3,2023,7/26/23,5.5,7/27/23,20230727_G3_07319.jpg,1,/mnt/research-projects/j/jlgage/RawUAVData01/uavforslb/final_image/final_sliced/20230727_G3_07319.jpg
8095,G3,2023,7/20/23,8.0,7/20/23,20230720_G3_08095.jpg,0,/mnt/research-projects/j/jlgage/RawUAVData01/uavforslb/final_image/final_sliced/20230720_G3_08095.jpg
2556,C6B,2024,7/1/24,8.0,7/3/24,20240703_C6B_02556.jpg,2,/mnt/research-projects/j/jlgage/RawUAVData01/uavforslb/final_image/final_sliced/20240703_C6B_02556.jpg
10953,I3B,2023,7/19/23,5.5,7/20/23,20230720_I3B_10953.jpg,1,/mnt/research-projects/j/jlgage/RawUAVData01/uavforslb/final_image/final_sliced/20230720_I3B_10953.jpg
3965,B7A,2024,7/15/24,8.5,7/16/24,20240716_B7A_03965.jpg,1,/mnt/research-projects/j/jlgage/RawUAVData01/uavforslb/final_image/final_sliced/20240716_B7A_03965.jpg
11079,I3B,2023,7/12/23,7.0,7/13/23,20230713_I3B_11079.jpg,1,/mnt/research-projects/j/jlgage/RawUAVData01/uavforslb/final_image/final_sliced/20230713_I3B_11079.jpg
7543,G3,2023,7/26/23,7.5,7/27/23,20230727_G3_07543.jpg,1,/mnt/research-projects/j/jlgage/RawUAVData01/uavforslb/final_image/final_sliced/20230727_G3_07543.jpg
4380,B7A,2024,7/30/24,3.0,7/27/24,20240727_B7A_04380.jpg,-3,/mnt/research-projects/j/jlgage/RawUAVData01/uavforslb/final_image/final_sliced/20240727_B7A_04380.jpg
9575,I3B,2023,7/12/23,7.0,7/13/23,20230713_I3B_09575.jpg,1,/mnt/research-projects/j/jlgage/RawUAVData01/uavforslb/final_image/final_sliced/20230713_I3B_09575.jpg
222,C6B,2024,7/19/24,8.5,7/18/24,20240718_C6B_00222.jpg,-1,/mnt/research-projects/j/jlgage/RawUAVData01/uavforslb/final_image/final_sliced/20240718_C6B_00222.jpg
1985,C6B,2024,7/29/24,1.5,7/26/24,20240726_C6B_01985.jpg,-3,/mnt/research-projects/j/jlgage/RawUAVData01/uavforslb/final_image/final_sliced/20240726_C6B_01985.jpg
3882,B7A,2024,7/30/24,4.0,7/27/24,20240727_B7A_03882.jpg,-3,/mnt/research-projects/j/jlgage/RawUAVData01/uavforslb/final_image/final_sliced/20240727_B7A_03882.jpg
7539,G3,2023,7/26/23,6.0,7/27/23,20230727_G3_07539.jpg,1,/mnt/research-projects/j/jlgage/RawUAVData01/uavforslb/final_image/final_sliced/20230727_G3_07539.jpg
9871,I3B,2023,7/12/23,5.5,7/13/23,20230713_I3B_09871.jpg,1,/mnt/research-projects/j/jlgage/RawUAVData01/uavforslb/final_image/final_sliced/20230713_I3B_09871.jpg
1090,C6B,2024,7/19/24,7.0,7/18/24,20240718_C6B_01090.jpg,-1,/mnt/research-projects/j/jlgage/RawUAVData01/uavforslb/final_image/final_sliced/20240718_C6B_01090.jpg
10288,I3B,2023,7/25/23,4.0,7/27/23,20230727_I3B_10288.jpg,2,/mnt/research-projects/j/jlgage/RawUAVData01/uavforslb/final_image/final_sliced/20230727_I3B_10288.jpg
8097,G3,2023,7/26/23,6.0,7/27/23,20230727_G3_08097.jpg,1,/mnt/research-projects/j/jlgage/RawUAVData01/uavforslb/final_image/final_sliced/20230727_G3_08097.jpg
9747,I3B,2023,7/12/23,5.0,7/13/23,20230713_I3B_09747.jpg,1,/mnt/research-projects/j/jlgage/RawUAVData01/uavforslb/final_image/final_sliced/20230713_I3B_09747.jpg
7341,G3,2023,7/20/23,8.0,7/20/23,20230720_G3_07341.jpg,0,/mnt/research-projects/j/jlgage/RawUAVData01/uavforslb/final_image/final_sliced/20230720_G3_07341.jpg
11087,I3B,2023,7/12/23,6.5,7/13/23,20230713_I3B_11087.jpg,1,/mnt/research-projects/j/jlgage/RawUAVData01/uavforslb/final_image/final_sliced/20230713_I3B_11087.jpg
4122,B7A,2024,7/30/24,4.0,7/27/24,20240727_B7A_04122.jpg,-3,/mnt/research-projects/j/jlgage/RawUAVData01/uavforslb/final_image/final_sliced/20240727_B7A_04122.jpg
858,C6B,2024,7/19/24,7.5,7/18/24,20240718_C6B_00858.jpg,-1,/mnt/research-projects/j/jlgage/RawUAVData01/uavforslb/final_image/final_sliced/20240718_C6B_00858.jpg
2114,C6B,2024,7/19/24,5.0,7/18/24,20240718_C6B_02114.jpg,-1,/mnt/research-projects/j/jlgage/RawUAVData01/uavforslb/final_image/final_sliced/20240718_C6B_02114.jpg
3202,G3,2023,7/19/23,4.0,7/20/23,20230720_G3_03202.jpg,1,/mnt/research-projects/j/jlgage/RawUAVData01/uavforslb/final_image/final_sliced/20230720_G3_03202.jpg
5065,C6B,2024,7/27/24,4.0,7/26/24,20240726_C6B_05065.jpg,-1,/mnt/research-projects/j/jlgage/RawUAVData01/uavforslb/final_image/final_sliced/20240726_C6B_05065.jpg
913,C6B,2024,7/19/24,8.5,7/18/24,20240718_C6B_00913.jpg,-1,/mnt/research-projects/j/jlgage/RawUAVData01/uavforslb/final_image/final_sliced/20240718_C6B_00913.jpg
7506,G3,2023,7/20/23,7.5,7/20/23,20230720_G3_07506.jpg,0,/mnt/research-projects/j/jlgage/RawUAVData01/uavforslb/final_image/final_sliced/20230720_G3_07506.jpg
1405,C6B,2024,7/29/24,5.5,7/26/24,20240726_C6B_01405.jpg,-3,/mnt/research-projects/j/jlgage/RawUAVData01/uavforslb/final_image/final_sliced/20240726_C6B_01405.jpg
7502,G3,2023,7/26/23,8.0,7/27/23,20230727_G3_07502.jpg,1,/mnt/research-projects/j/jlgage/RawUAVData01/uavforslb/final_image/final_sliced/20230727_G3_07502.jpg
4505,B7A,2024,7/30/24,2.5,7/27/24,20240727_B7A_04505.jpg,-3,/mnt/research-projects/j/jlgage/RawUAVData01/uavforslb/final_image/final_sliced/20240727_B7A_04505.jpg
10376,I3B,2023,7/25/23,4.0,7/27/23,20230727_I3B_10376.jpg,2,/mnt/research-projects/j/jlgage/RawUAVData01/uavforslb/final_image/final_sliced/20230727_I3B_10376.jpg
1361,C6B,2024,7/19/24,8.0,7/18/24,20240718_C6B_01361.jpg,-1,/mnt/research-projects/j/jlgage/RawUAVData01/uavforslb/final_image/final_sliced/20240718_C6B_01361.jpg
1726,C6B,2024,7/19/24,8.0,7/18/24,20240718_C6B_01726.jpg,-1,/mnt/research-projects/j/jlgage/RawUAVData01/uavforslb/final_image/final_sliced/20240718_C6B_01726.jpg
1661,C6B,2024,7/19/24,7.0,7/18/24,20240718_C6B_01661.jpg,-1,/mnt/research-projects/j/jlgage/RawUAVData01/uavforslb/final_image/final_sliced/20240718_C6B_01661.jpg
7408,G3,2023,7/20/23,6.5,7/20/23,20230720_G3_07408.jpg,0,/mnt/research-projects/j/jlgage/RawUAVData01/uavforslb/final_image/final_sliced/20230720_G3_07408.jpg
2692,C6B,2024,7/15/24,8.5,7/18/24,20240718_C6B_02692.jpg,3,/mnt/research-projects/j/jlgage/RawUAVData01/uavforslb/final_image/final_sliced/20240718_C6B_02692.jpg
7301,G3,2023,7/20/23,7.5,7/20/23,20230720_G3_07301.jpg,0,/mnt/research-projects/j/jlgage/RawUAVData01/uavforslb/final_image/final_sliced/20230720_G3_07301.jpg
7330,G3,2023,7/26/23,6.0,7/27/23,20230727_G3_07330.jpg,1,/mnt/research-projects/j/jlgage/RawUAVData01/uavforslb/final_image/final_sliced/20230727_G3_07330.jpg
3512,C6B,2024,7/15/24,8.5,7/18/24,20240718_C6B_03512.jpg,3,/mnt/research-projects/j/jlgage/RawUAVData01/uavforslb/final_image/final_sliced/20240718_C6B_03512.jpg
11352,I3B,2023,7/19/23,6.0,7/20/23,20230720_I3B_11352.jpg,1,/mnt/research-projects/j/jlgage/RawUAVData01/uavforslb/final_image/final_sliced/20230720_I3B_11352.jpg
10911,I3B,2023,7/19/23,7.0,7/20/23,20230720_I3B_10911.jpg,1,/mnt/research-projects/j/jlgage/RawUAVData01/uavforslb/final_image/final_sliced/20230720_I3B_10911.jpg
7399,G3,2023,7/20/23,8.0,7/20/23,20230720_G3_07399.jpg,0,/mnt/research-projects/j/jlgage/RawUAVData01/uavforslb/final_image/final_sliced/20230720_G3_07399.jpg
851,C6B,2024,7/19/24,5.0,7/18/24,20240718_C6B_00851.jpg,-1,/mnt/research-projects/j/jlgage/RawUAVData01/uavforslb/final_image/final_sliced/20240718_C6B_00851.jpg
7286,G3,2023,7/20/23,7.5,7/20/23,20230720_G3_07286.jpg,0,/mnt/research-projects/j/jlgage/RawUAVData01/uavforslb/final_image/final_sliced/20230720_G3_07286.jpg
2588,C6B,2024,7/15/24,7.0,7/18/24,20240718_C6B_02588.jpg,3,/mnt/research-projects/j/jlgage/RawUAVData01/uavforslb/final_image/final_sliced/20240718_C6B_02588.jpg
7225,G3,2023,7/19/23,4.5,7/20/23,20230720_G3_07225.jpg,1,/mnt/research-projects/j/jlgage/RawUAVData01/uavforslb/final_image/final_sliced/20230720_G3_07225.jpg
11133,I3B,2023,7/12/23,8.0,7/13/23,20230713_I3B_11133.jpg,1,/mnt/research-projects/j/jlgage/RawUAVData01/uavforslb/final_image/final_sliced/20230713_I3B_11133.jpg
4510,B7A,2024,7/15/24,7.5,7/16/24,20240716_B7A_04510.jpg,1,/mnt/research-projects/j/jlgage/RawUAVData01/uavforslb/final_image/final_sliced/20240716_B7A_04510.jpg
4190,B7A,2024,7/15/24,8.5,7/16/24,20240716_B7A_04190.jpg,1,/mnt/research-projects/j/jlgage/RawUAVData01/uavforslb/final_image/final_sliced/20240716_B7A_04190.jpg
1931,C6B,2024,7/29/24,4.0,7/26/24,20240726_C6B_01931.jpg,-3,/mnt/research-projects/j/jlgage/RawUAVData01/uavforslb/final_image/final_sliced/20240726_C6B_01931.jpg
7494,G3,2023,7/26/23,6.5,7/27/23,20230727_G3_07494.jpg,1,/mnt/research-projects/j/jlgage/RawUAVData01/uavforslb/final_image/final_sliced/20230727_G3_07494.jpg
8171,G3,2023,7/26/23,3.5,7/27/23,20230727_G3_08171.jpg,1,/mnt/research-projects/j/jlgage/RawUAVData01/uavforslb/final_image/final_sliced/20230727_G3_08171.jpg
10763,I3B,2023,7/19/23,5.5,7/20/23,20230720_I3B_10763.jpg,1,/mnt/research-projects/j/jlgage/RawUAVData01/uavforslb/final_image/final_sliced/20230720_I3B_10763.jpg
1646,C6B,2024,7/19/24,8.0,7/18/24,20240718_C6B_01646.jpg,-1,/mnt/research-projects/j/jlgage/RawUAVData01/uavforslb/final_image/final_sliced/20240718_C6B_01646.jpg
1833,C6B,2024,7/29/24,4.0,7/26/24,20240726_C6B_01833.jpg,-3,/mnt/research-projects/j/jlgage/RawUAVData01/uavforslb/final_image/final_sliced/20240726_C6B_01833.jpg
11363,I3B,2023,7/19/23,7.0,7/20/23,20230720_I3B_11363.jpg,1,/mnt/research-projects/j/jlgage/RawUAVData01/uavforslb/final_image/final_sliced/20230720_I3B_11363.jpg
7328,G3,2023,7/26/23,8.0,7/27/23,20230727_G3_07328.jpg,1,/mnt/research-projects/j/jlgage/RawUAVData01/uavforslb/final_image/final_sliced/20230727_G3_07328.jpg
10782,I3B,2023,7/19/23,5.5,7/20/23,20230720_I3B_10782.jpg,1,/mnt/research-projects/j/jlgage/RawUAVData01/uavforslb/final_image/final_sliced/20230720_I3B_10782.jpg
11211,I3B,2023,7/19/23,5.0,7/20/23,20230720_I3B_11211.jpg,1,/mnt/research-projects/j/jlgage/RawUAVData01/uavforslb/final_image/final_sliced/20230720_I3B_11211.jpg
8015,G3,2023,7/19/23,7.5,7/20/23,20230720_G3_08015.jpg,1,/mnt/research-projects/j/jlgage/RawUAVData01/uavforslb/final_image/final_sliced/20230720_G3_08015.jpg
7480,G3,2023,7/20/23,7.0,7/20/23,20230720_G3_07480.jpg,0,/mnt/research-projects/j/jlgage/RawUAVData01/uavforslb/final_image/final_sliced/20230720_G3_07480.jpg
11275,I3B,2023,7/19/23,7.0,7/20/23,20230720_I3B_11275.jpg,1,/mnt/research-projects/j/jlgage/RawUAVData01/uavforslb/final_image/final_sliced/20230720_I3B_11275.jpg
11179,I3B,2023,7/12/23,7.5,7/13/23,20230713_I3B_11179.jpg,1,/mnt/research-projects/j/jlgage/RawUAVData01/uavforslb/final_image/final_sliced/20230713_I3B_11179.jpg
7348,G3,2023,7/20/23,7.0,7/20/23,20230720_G3_07348.jpg,0,/mnt/research-projects/j/jlgage/RawUAVData01/uavforslb/final_image/final_sliced/20230720_G3_07348.jpg
3968,B7A,2024,7/30/24,2.5,7/27/24,20240727_B7A_03968.jpg,-3,/mnt/research-projects/j/jlgage/RawUAVData01/uavforslb/final_image/final_sliced/20240727_B7A_03968.jpg
4335,B7A,2024,7/30/24,1.0,7/27/24,20240727_B7A_04335.jpg,-3,/mnt/research-projects/j/jlgage/RawUAVData01/uavforslb/final_image/final_sliced/20240727_B7A_04335.jpg
10993,I3B,2023,7/19/23,6.0,7/20/23,20230720_I3B_10993.jpg,1,/mnt/research-projects/j/jlgage/RawUAVData01/uavforslb/final_image/final_sliced/20230720_I3B_10993.jpg
1968,C6B,2024,7/29/24,1.5,7/26/24,20240726_C6B_01968.jpg,-3,/mnt/research-projects/j/jlgage/RawUAVData01/uavforslb/final_image/final_sliced/20240726_C6B_01968.jpg
4636,B7A,2024,7/15/24,8.0,7/16/24,20240716_B7A_04636.jpg,1,/mnt/research-projects/j/jlgage/RawUAVData01/uavforslb/final_image/final_sliced/20240716_B7A_04636.jpg
4337,B7A,2024,7/30/24,1.5,7/27/24,20240727_B7A_04337.jpg,-3,/mnt/research-projects/j/jlgage/RawUAVData01/uavforslb/final_image/final_sliced/20240727_B7A_04337.jpg
1346,C6B,2024,7/29/24,3.0,7/26/24,20240726_C6B_01346.jpg,-3,/mnt/research-projects/j/jlgage/RawUAVData01/uavforslb/final_image/final_sliced/20240726_C6B_01346.jpg
4422,B7A,2024,7/30/24,8.0,7/27/24,20240727_B7A_04422.jpg,-3,/mnt/research-projects/j/jlgage/RawUAVData01/uavforslb/final_image/final_sliced/20240727_B7A_04422.jpg
9961,I3B,2023,7/12/23,5.0,7/13/23,20230713_I3B_09961.jpg,1,/mnt/research-projects/j/jlgage/RawUAVData01/uavforslb/final_image/final_sliced/20230713_I3B_09961.jpg
683,C6B,2024,7/29/24,4.0,7/26/24,20240726_C6B_00683.jpg,-3,/mnt/research-projects/j/jlgage/RawUAVData01/uavforslb/final_image/final_sliced/20240726_C6B_00683.jpg
4118,B7A,2024,7/15/24,8.5,7/16/24,20240716_B7A_04118.jpg,1,/mnt/research-projects/j/jlgage/RawUAVData01/uavforslb/final_image/final_sliced/20240716_B7A_04118.jpg
1085,C6B,2024,7/29/24,1.5,7/26/24,20240726_C6B_01085.jpg,-3,/mnt/research-projects/j/jlgage/RawUAVData01/uavforslb/final_image/final_sliced/20240726_C6B_01085.jpg
9818,I3B,2023,7/12/23,5.0,7/13/23,20230713_I3B_09818.jpg,1,/mnt/research-projects/j/jlgage/RawUAVData01/uavforslb/final_image/final_sliced/20230713_I3B_09818.jpg
7459,G3,2023,7/26/23,8.0,7/27/23,20230727_G3_07459.jpg,1,/mnt/research-projects/j/jlgage/RawUAVData01/uavforslb/final_image/final_sliced/20230727_G3_07459.jpg
5068,C6B,2024,7/27/24,6.0,7/26/24,20240726_C6B_05068.jpg,-1,/mnt/research-projects/j/jlgage/RawUAVData01/uavforslb/final_image/final_sliced/20240726_C6B_05068.jpg
1341,C6B,2024,7/19/24,7.0,7/18/24,20240718_C6B_01341.jpg,-1,/mnt/research-projects/j/jlgage/RawUAVData01/uavforslb/final_image/final_sliced/20240718_C6B_01341.jpg
9931,I3B,2023,7/12/23,4.5,7/13/23,20230713_I3B_09931.jpg,1,/mnt/research-projects/j/jlgage/RawUAVData01/uavforslb/final_image/final_sliced/20230713_I3B_09931.jpg
7306,G3,2023,7/26/23,5.0,7/27/23,20230727_G3_07306.jpg,1,/mnt/research-projects/j/jlgage/RawUAVData01/uavforslb/final_image/final_sliced/20230727_G3_07306.jpg
616,C6B,2024,7/19/24,8.0,7/18/24,20240718_C6B_00616.jpg,-1,/mnt/research-projects/j/jlgage/RawUAVData01/uavforslb/final_image/final_sliced/20240718_C6B_00616.jpg
11066,I3B,2023,7/12/23,6.5,7/13/23,20230713_I3B_11066.jpg,1,/mnt/research-projects/j/jlgage/RawUAVData01/uavforslb/final_image/final_sliced/20230713_I3B_11066.jpg
7274,G3,2023,7/26/23,8.0,7/27/23,20230727_G3_07274.jpg,1,/mnt/research-projects/j/jlgage/RawUAVData01/uavforslb/final_image/final_sliced/20230727_G3_07274.jpg
2824,C6B,2024,7/15/24,7.0,7/18/24,20240718_C6B_02824.jpg,3,/mnt/research-projects/j/jlgage/RawUAVData01/uavforslb/final_image/final_sliced/20240718_C6B_02824.jpg
5053,C6B,2024,7/11/24,9.0,7/10/24,20240710_C6B_05053.jpg,-1,/mnt/research-projects/j/jlgage/RawUAVData01/uavforslb/final_image/final_sliced/20240710_C6B_05053.jpg
9799,I3B,2023,7/12/23,5.5,7/13/23,20230713_I3B_09799.jpg,1,/mnt/research-projects/j/jlgage/RawUAVData01/uavforslb/final_image/final_sliced/20230713_I3B_09799.jpg
4659,B7A,2024,7/15/24,8.5,7/16/24,20240716_B7A_04659.jpg,1,/mnt/research-projects/j/jlgage/RawUAVData01/uavforslb/final_image/final_sliced/20240716_B7A_04659.jpg
3368,C6B,2024,7/15/24,6.0,7/18/24,20240718_C6B_03368.jpg,3,/mnt/research-projects/j/jlgage/RawUAVData01/uavforslb/final_image/final_sliced/20240718_C6B_03368.jpg
898,C6B,2024,7/29/24,4.0,7/26/24,20240726_C6B_00898.jpg,-3,/mnt/research-projects/j/jlgage/RawUAVData01/uavforslb/final_image/final_sliced/20240726_C6B_00898.jpg
1471,C6B,2024,7/19/24,8.5,7/18/24,20240718_C6B_01471.jpg,-1,/mnt/research-projects/j/jlgage/RawUAVData01/uavforslb/final_image/final_sliced/20240718_C6B_01471.jpg
8141,G3,2023,7/20/23,5.0,7/20/23,20230720_G3_08141.jpg,0,/mnt/research-projects/j/jlgage/RawUAVData01/uavforslb/final_image/final_sliced/20230720_G3_08141.jpg
2598,C6B,2024,7/30/24,1.5,8/2/24,20240802_C6B_02598.jpg,3,/mnt/research-projects/j/jlgage/RawUAVData01/uavforslb/final_image/final_sliced/20240802_C6B_02598.jpg
3270,C6B,2024,7/30/24,1.5,8/2/24,20240802_C6B_03270.jpg,3,/mnt/research-projects/j/jlgage/RawUAVData01/uavforslb/final_image/final_sliced/20240802_C6B_03270.jpg
158,C6B,2024,7/19/24,6.0,7/18/24,20240718_C6B_00158.jpg,-1,/mnt/research-projects/j/jlgage/RawUAVData01/uavforslb/final_image/final_sliced/20240718_C6B_00158.jpg
11200,I3B,2023,7/19/23,5.5,7/20/23,20230720_I3B_11200.jpg,1,/mnt/research-projects/j/jlgage/RawUAVData01/uavforslb/final_image/final_sliced/20230720_I3B_11200.jpg
7263,G3,2023,7/26/23,5.0,7/27/23,20230727_G3_07263.jpg,1,/mnt/research-projects/j/jlgage/RawUAVData01/uavforslb/final_image/final_sliced/20230727_G3_07263.jpg
5053,C6B,2024,7/1/24,9.0,7/3/24,20240703_C6B_05053.jpg,2,/mnt/research-projects/j/jlgage/RawUAVData01/uavforslb/final_image/final_sliced/20240703_C6B_05053.jpg
10741,I3B,2023,7/19/23,7.0,7/20/23,20230720_I3B_10741.jpg,1,/mnt/research-projects/j/jlgage/RawUAVData01/uavforslb/final_image/final_sliced/20230720_I3B_10741.jpg
3095,G3,2023,7/19/23,8.0,7/20/23,20230720_G3_03095.jpg,1,/mnt/research-projects/j/jlgage/RawUAVData01/uavforslb/final_image/final_sliced/20230720_G3_03095.jpg
7418,G3,2023,7/26/23,5.0,7/27/23,20230727_G3_07418.jpg,1,/mnt/research-projects/j/jlgage/RawUAVData01/uavforslb/final_image/final_sliced/20230727_G3_07418.jpg
10315,I3B,2023,7/25/23,3.0,7/27/23,20230727_I3B_10315.jpg,2,/mnt/research-projects/j/jlgage/RawUAVData01/uavforslb/final_image/final_sliced/20230727_I3B_10315.jpg
7243,G3,2023,7/26/23,4.0,7/27/23,20230727_G3_07243.jpg,1,/mnt/research-projects/j/jlgage/RawUAVData01/uavforslb/final_image/final_sliced/20230727_G3_07243.jpg
4468,B7A,2024,7/15/24,7.0,7/16/24,20240716_B7A_04468.jpg,1,/mnt/research-projects/j/jlgage/RawUAVData01/uavforslb/final_image/final_sliced/20240716_B7A_04468.jpg
820,C6B,2024,7/19/24,5.5,7/18/24,20240718_C6B_00820.jpg,-1,/mnt/research-projects/j/jlgage/RawUAVData01/uavforslb/final_image/final_sliced/20240718_C6B_00820.jpg
1434,C6B,2024,7/29/24,4.0,7/26/24,20240726_C6B_01434.jpg,-3,/mnt/research-projects/j/jlgage/RawUAVData01/uavforslb/final_image/final_sliced/20240726_C6B_01434.jpg
7445,G3,2023,7/20/23,7.5,7/20/23,20230720_G3_07445.jpg,0,/mnt/research-projects/j/jlgage/RawUAVData01/uavforslb/final_image/final_sliced/20230720_G3_07445.jpg
7521,G3,2023,7/20/23,8.0,7/20/23,20230720_G3_07521.jpg,0,/mnt/research-projects/j/jlgage/RawUAVData01/uavforslb/final_image/final_sliced/20230720_G3_07521.jpg
9873,I3B,2023,7/12/23,5.0,7/13/23,20230713_I3B_09873.jpg,1,/mnt/research-projects/j/jlgage/RawUAVData01/uavforslb/final_image/final_sliced/20230713_I3B_09873.jpg
284,C6B,2024,7/29/24,4.0,7/26/24,20240726_C6B_00284.jpg,-3,/mnt/research-projects/j/jlgage/RawUAVData01/uavforslb/final_image/final_sliced/20240726_C6B_00284.jpg
867,C6B,2024,7/29/24,4.0,7/26/24,20240726_C6B_00867.jpg,-3,/mnt/research-projects/j/jlgage/RawUAVData01/uavforslb/final_image/final_sliced/20240726_C6B_00867.jpg
4116,B7A,2024,7/30/24,1.5,7/27/24,20240727_B7A_04116.jpg,-3,/mnt/research-projects/j/jlgage/RawUAVData01/uavforslb/final_image/final_sliced/20240727_B7A_04116.jpg
1552,C6B,2024,7/29/24,3.0,7/26/24,20240726_C6B_01552.jpg,-3,/mnt/research-projects/j/jlgage/RawUAVData01/uavforslb/final_image/final_sliced/20240726_C6B_01552.jpg
7370,G3,2023,7/26/23,8.0,7/27/23,20230727_G3_07370.jpg,1,/mnt/research-projects/j/jlgage/RawUAVData01/uavforslb/final_image/final_sliced/20230727_G3_07370.jpg
7542,G3,2023,7/26/23,4.0,7/27/23,20230727_G3_07542.jpg,1,/mnt/research-projects/j/jlgage/RawUAVData01/uavforslb/final_image/final_sliced/20230727_G3_07542.jpg
3072,G3,2023,7/19/23,8.0,7/20/23,20230720_G3_03072.jpg,1,/mnt/research-projects/j/jlgage/RawUAVData01/uavforslb/final_image/final_sliced/20230720_G3_03072.jpg
7302,G3,2023,7/20/23,6.5,7/20/23,20230720_G3_07302.jpg,0,/mnt/research-projects/j/jlgage/RawUAVData01/uavforslb/final_image/final_sliced/20230720_G3_07302.jpg
10365,I3B,2023,7/25/23,3.0,7/27/23,20230727_I3B_10365.jpg,2,/mnt/research-projects/j/jlgage/RawUAVData01/uavforslb/final_image/final_sliced/20230727_I3B_10365.jpg
2896,C6B,2024,7/15/24,7.0,7/18/24,20240718_C6B_02896.jpg,3,/mnt/research-projects/j/jlgage/RawUAVData01/uavforslb/final_image/final_sliced/20240718_C6B_02896.jpg
2065,C6B,2024,7/19/24,8.0,7/18/24,20240718_C6B_02065.jpg,-1,/mnt/research-projects/j/jlgage/RawUAVData01/uavforslb/final_image/final_sliced/20240718_C6B_02065.jpg
8154,G3,2023,7/20/23,8.0,7/20/23,20230720_G3_08154.jpg,0,/mnt/research-projects/j/jlgage/RawUAVData01/uavforslb/final_image/final_sliced/20230720_G3_08154.jpg
1437,C6B,2024,7/29/24,4.0,7/26/24,20240726_C6B_01437.jpg,-3,/mnt/research-projects/j/jlgage/RawUAVData01/uavforslb/final_image/final_sliced/20240726_C6B_01437.jpg
861,C6B,2024,7/19/24,6.0,7/18/24,20240718_C6B_00861.jpg,-1,/mnt/research-projects/j/jlgage/RawUAVData01/uavforslb/final_image/final_sliced/20240718_C6B_00861.jpg
7432,G3,2023,7/26/23,5.0,7/27/23,20230727_G3_07432.jpg,1,/mnt/research-projects/j/jlgage/RawUAVData01/uavforslb/final_image/final_sliced/20230727_G3_07432.jpg
10943,I3B,2023,7/19/23,5.0,7/20/23,20230720_I3B_10943.jpg,1,/mnt/research-projects/j/jlgage/RawUAVData01/uavforslb/final_image/final_sliced/20230720_I3B_10943.jpg
10314,I3B,2023,7/25/23,3.0,7/27/23,20230727_I3B_10314.jpg,2,/mnt/research-projects/j/jlgage/RawUAVData01/uavforslb/final_image/final_sliced/20230727_I3B_10314.jpg
9860,I3B,2023,7/12/23,5.5,7/13/23,20230713_I3B_09860.jpg,1,/mnt/research-projects/j/jlgage/RawUAVData01/uavforslb/final_image/final_sliced/20230713_I3B_09860.jpg
11176,I3B,2023,7/12/23,7.0,7/13/23,20230713_I3B_11176.jpg,1,/mnt/research-projects/j/jlgage/RawUAVData01/uavforslb/final_image/final_sliced/20230713_I3B_11176.jpg
7235,G3,2023,7/26/23,3.0,7/27/23,20230727_G3_07235.jpg,1,/mnt/research-projects/j/jlgage/RawUAVData01/uavforslb/final_image/final_sliced/20230727_G3_07235.jpg
10003,I3B,2023,7/12/23,5.5,7/13/23,20230713_I3B_10003.jpg,1,/mnt/research-projects/j/jlgage/RawUAVData01/uavforslb/final_image/final_sliced/20230713_I3B_10003.jpg
10986,I3B,2023,7/19/23,6.0,7/20/23,20230720_I3B_10986.jpg,1,/mnt/research-projects/j/jlgage/RawUAVData01/uavforslb/final_image/final_sliced/20230720_I3B_10986.jpg
1330,C6B,2024,7/19/24,7.0,7/18/24,20240718_C6B_01330.jpg,-1,/mnt/research-projects/j/jlgage/RawUAVData01/uavforslb/final_image/final_sliced/20240718_C6B_01330.jpg
8035,G3,2023,7/26/23,6.0,7/27/23,20230727_G3_08035.jpg,1,/mnt/research-projects/j/jlgage/RawUAVData01/uavforslb/final_image/final_sliced/20230727_G3_08035.jpg
2569,C6B,2024,7/11/24,8.0,7/10/24,20240710_C6B_02569.jpg,-1,/mnt/research-projects/j/jlgage/RawUAVData01/uavforslb/final_image/final_sliced/20240710_C6B_02569.jpg
3056,G3,2023,7/26/23,7.0,7/27/23,20230727_G3_03056.jpg,1,/mnt/research-projects/j/jlgage/RawUAVData01/uavforslb/final_image/final_sliced/20230727_G3_03056.jpg
8009,G3,2023,7/19/23,8.0,7/20/23,20230720_G3_08009.jpg,1,/mnt/research-projects/j/jlgage/RawUAVData01/uavforslb/final_image/final_sliced/20230720_G3_08009.jpg
4159,B7A,2024,7/15/24,8.5,7/16/24,20240716_B7A_04159.jpg,1,/mnt/research-projects/j/jlgage/RawUAVData01/uavforslb/final_image/final_sliced/20240716_B7A_04159.jpg
187,C6B,2024,7/29/24,4.0,7/26/24,20240726_C6B_00187.jpg,-3,/mnt/research-projects/j/jlgage/RawUAVData01/uavforslb/final_image/final_sliced/20240726_C6B_00187.jpg
3456,C6B,2024,7/30/24,2.0,8/2/24,20240802_C6B_03456.jpg,3,/mnt/research-projects/j/jlgage/RawUAVData01/uavforslb/final_image/final_sliced/20240802_C6B_03456.jpg
10733,I3B,2023,7/19/23,6.5,7/20/23,20230720_I3B_10733.jpg,1,/mnt/research-projects/j/jlgage/RawUAVData01/uavforslb/final_image/final_sliced/20230720_I3B_10733.jpg
4048,B7A,2024,7/30/24,4.0,7/27/24,20240727_B7A_04048.jpg,-3,/mnt/research-projects/j/jlgage/RawUAVData01/uavforslb/final_image/final_sliced/20240727_B7A_04048.jpg
4008,B7A,2024,7/15/24,7.5,7/16/24,20240716_B7A_04008.jpg,1,/mnt/research-projects/j/jlgage/RawUAVData01/uavforslb/final_image/final_sliced/20240716_B7A_04008.jpg
2832,C6B,2024,7/15/24,8.0,7/18/24,20240718_C6B_02832.jpg,3,/mnt/research-projects/j/jlgage/RawUAVData01/uavforslb/final_image/final_sliced/20240718_C6B_02832.jpg
4518,B7A,2024,7/15/24,7.0,7/16/24,20240716_B7A_04518.jpg,1,/mnt/research-projects/j/jlgage/RawUAVData01/uavforslb/final_image/final_sliced/20240716_B7A_04518.jpg
10798,I3B,2023,7/19/23,5.5,7/20/23,20230720_I3B_10798.jpg,1,/mnt/research-projects/j/jlgage/RawUAVData01/uavforslb/final_image/final_sliced/20230720_I3B_10798.jpg
11224,I3B,2023,7/19/23,6.0,7/20/23,20230720_I3B_11224.jpg,1,/mnt/research-projects/j/jlgage/RawUAVData01/uavforslb/final_image/final_sliced/20230720_I3B_11224.jpg
3232,C6B,2024,7/15/24,8.0,7/18/24,20240718_C6B_03232.jpg,3,/mnt/research-projects/j/jlgage/RawUAVData01/uavforslb/final_image/final_sliced/20240718_C6B_03232.jpg
9996,I3B,2023,7/12/23,5.5,7/13/23,20230713_I3B_09996.jpg,1,/mnt/research-projects/j/jlgage/RawUAVData01/uavforslb/final_image/final_sliced/20230713_I3B_09996.jpg
2844,C6B,2024,7/30/24,2.0,8/2/24,20240802_C6B_02844.jpg,3,/mnt/research-projects/j/jlgage/RawUAVData01/uavforslb/final_image/final_sliced/20240802_C6B_02844.jpg
7435,G3,2023,7/20/23,7.5,7/20/23,20230720_G3_07435.jpg,0,/mnt/research-projects/j/jlgage/RawUAVData01/uavforslb/final_image/final_sliced/20230720_G3_07435.jpg
2560,C6B,2024,7/11/24,7.0,7/10/24,20240710_C6B_02560.jpg,-1,/mnt/research-projects/j/jlgage/RawUAVData01/uavforslb/final_image/final_sliced/20240710_C6B_02560.jpg
2565,C6B,2024,7/7/24,7.0,7/10/24,20240710_C6B_02565.jpg,3,/mnt/research-projects/j/jlgage/RawUAVData01/uavforslb/final_image/final_sliced/20240710_C6B_02565.jpg
7325,G3,2023,7/26/23,7.0,7/27/23,20230727_G3_07325.jpg,1,/mnt/research-projects/j/jlgage/RawUAVData01/uavforslb/final_image/final_sliced/20230727_G3_07325.jpg
7460,G3,2023,7/20/23,8.0,7/20/23,20230720_G3_07460.jpg,0,/mnt/research-projects/j/jlgage/RawUAVData01/uavforslb/final_image/final_sliced/20230720_G3_07460.jpg
10344,I3B,2023,7/25/23,5.5,7/27/23,20230727_I3B_10344.jpg,2,/mnt/research-projects/j/jlgage/RawUAVData01/uavforslb/final_image/final_sliced/20230727_I3B_10344.jpg
3052,G3,2023,7/19/23,7.5,7/20/23,20230720_G3_03052.jpg,1,/mnt/research-projects/j/jlgage/RawUAVData01/uavforslb/final_image/final_sliced/20230720_G3_03052.jpg
7519,G3,2023,7/20/23,7.5,7/20/23,20230720_G3_07519.jpg,0,/mnt/research-projects/j/jlgage/RawUAVData01/uavforslb/final_image/final_sliced/20230720_G3_07519.jpg
10766,I3B,2023,7/19/23,4.5,7/20/23,20230720_I3B_10766.jpg,1,/mnt/research-projects/j/jlgage/RawUAVData01/uavforslb/final_image/final_sliced/20230720_I3B_10766.jpg
3635,C6B,2024,7/15/24,8.0,7/18/24,20240718_C6B_03635.jpg,3,/mnt/research-projects/j/jlgage/RawUAVData01/uavforslb/final_image/final_sliced/20240718_C6B_03635.jpg
9972,I3B,2023,7/12/23,5.5,7/13/23,20230713_I3B_09972.jpg,1,/mnt/research-projects/j/jlgage/RawUAVData01/uavforslb/final_image/final_sliced/20230713_I3B_09972.jpg
3515,C6B,2024,7/15/24,8.5,7/18/24,20240718_C6B_03515.jpg,3,/mnt/research-projects/j/jlgage/RawUAVData01/uavforslb/final_image/final_sliced/20240718_C6B_03515.jpg
10263,I3B,2023,7/25/23,5.5,7/27/23,20230727_I3B_10263.jpg,2,/mnt/research-projects/j/jlgage/RawUAVData01/uavforslb/final_image/final_sliced/20230727_I3B_10263.jpg
3970,B7A,2024,7/15/24,7.0,7/16/24,20240716_B7A_03970.jpg,1,/mnt/research-projects/j/jlgage/RawUAVData01/uavforslb/final_image/final_sliced/20240716_B7A_03970.jpg
2505,C6B,2024,7/18/24,6.0,7/18/24,20240718_C6B_02505.jpg,0,/mnt/research-projects/j/jlgage/RawUAVData01/uavforslb/final_image/final_sliced/20240718_C6B_02505.jpg
5039,C6B,2024,7/1/24,8.0,7/3/24,20240703_C6B_05039.jpg,2,/mnt/research-projects/j/jlgage/RawUAVData01/uavforslb/final_image/final_sliced/20240703_C6B_05039.jpg
8056,G3,2023,7/19/23,6.5,7/20/23,20230720_G3_08056.jpg,1,/mnt/research-projects/j/jlgage/RawUAVData01/uavforslb/final_image/final_sliced/20230720_G3_08056.jpg
7405,G3,2023,7/26/23,7.5,7/27/23,20230727_G3_07405.jpg,1,/mnt/research-projects/j/jlgage/RawUAVData01/uavforslb/final_image/final_sliced/20230727_G3_07405.jpg
9667,I3B,2023,7/12/23,4.5,7/13/23,20230713_I3B_09667.jpg,1,/mnt/research-projects/j/jlgage/RawUAVData01/uavforslb/final_image/final_sliced/20230713_I3B_09667.jpg
11040,I3B,2023,7/12/23,7.5,7/13/23,20230713_I3B_11040.jpg,1,/mnt/research-projects/j/jlgage/RawUAVData01/uavforslb/final_image/final_sliced/20230713_I3B_11040.jpg
145,C6B,2024,7/19/24,8.5,7/18/24,20240718_C6B_00145.jpg,-1,/mnt/research-projects/j/jlgage/RawUAVData01/uavforslb/final_image/final_sliced/20240718_C6B_00145.jpg
1784,C6B,2024,7/19/24,8.5,7/18/24,20240718_C6B_01784.jpg,-1,/mnt/research-projects/j/jlgage/RawUAVData01/uavforslb/final_image/final_sliced/20240718_C6B_01784.jpg
8154,G3,2023,7/26/23,8.0,7/27/23,20230727_G3_08154.jpg,1,/mnt/research-projects/j/jlgage/RawUAVData01/uavforslb/final_image/final_sliced/20230727_G3_08154.jpg
5044,C6B,2024,7/11/24,7.5,7/10/24,20240710_C6B_05044.jpg,-1,/mnt/research-projects/j/jlgage/RawUAVData01/uavforslb/final_image/final_sliced/20240710_C6B_05044.jpg
3174,G3,2023,7/26/23,4.0,7/27/23,20230727_G3_03174.jpg,1,/mnt/research-projects/j/jlgage/RawUAVData01/uavforslb/final_image/final_sliced/20230727_G3_03174.jpg
3010,G3,2023,7/26/23,1.5,7/27/23,20230727_G3_03010.jpg,1,/mnt/research-projects/j/jlgage/RawUAVData01/uavforslb/final_image/final_sliced/20230727_G3_03010.jpg
11136,I3B,2023,7/12/23,7.0,7/13/23,20230713_I3B_11136.jpg,1,/mnt/research-projects/j/jlgage/RawUAVData01/uavforslb/final_image/final_sliced/20230713_I3B_11136.jpg
1918,C6B,2024,7/19/24,7.0,7/18/24,20240718_C6B_01918.jpg,-1,/mnt/research-projects/j/jlgage/RawUAVData01/uavforslb/final_image/final_sliced/20240718_C6B_01918.jpg
2785,C6B,2024,7/15/24,7.0,7/18/24,20240718_C6B_02785.jpg,3,/mnt/research-projects/j/jlgage/RawUAVData01/uavforslb/final_image/final_sliced/20240718_C6B_02785.jpg
8146,G3,2023,7/26/23,7.5,7/27/23,20230727_G3_08146.jpg,1,/mnt/research-projects/j/jlgage/RawUAVData01/uavforslb/final_image/final_sliced/20230727_G3_08146.jpg
10353,I3B,2023,7/25/23,4.0,7/27/23,20230727_I3B_10353.jpg,2,/mnt/research-projects/j/jlgage/RawUAVData01/uavforslb/final_image/final_sliced/20230727_I3B_10353.jpg
8049,G3,2023,7/26/23,3.0,7/27/23,20230727_G3_08049.jpg,1,/mnt/research-projects/j/jlgage/RawUAVData01/uavforslb/final_image/final_sliced/20230727_G3_08049.jpg
2572,C6B,2024,7/18/24,6.5,7/18/24,20240718_C6B_02572.jpg,0,/mnt/research-projects/j/jlgage/RawUAVData01/uavforslb/final_image/final_sliced/20240718_C6B_02572.jpg
5038,C6B,2024,7/11/24,7.5,7/10/24,20240710_C6B_05038.jpg,-1,/mnt/research-projects/j/jlgage/RawUAVData01/uavforslb/final_image/final_sliced/20240710_C6B_05038.jpg
4132,B7A,2024,7/30/24,1.5,7/27/24,20240727_B7A_04132.jpg,-3,/mnt/research-projects/j/jlgage/RawUAVData01/uavforslb/final_image/final_sliced/20240727_B7A_04132.jpg
5503,B7A,2024,7/18/24,7.5,7/16/24,20240716_B7A_05503.jpg,-2,/mnt/research-projects/j/jlgage/RawUAVData01/uavforslb/final_image/final_sliced/20240716_B7A_05503.jpg
10793,I3B,2023,7/19/23,6.0,7/20/23,20230720_I3B_10793.jpg,1,/mnt/research-projects/j/jlgage/RawUAVData01/uavforslb/final_image/final_sliced/20230720_I3B_10793.jpg
3106,G3,2023,7/26/23,7.5,7/27/23,20230727_G3_03106.jpg,1,/mnt/research-projects/j/jlgage/RawUAVData01/uavforslb/final_image/final_sliced/20230727_G3_03106.jpg
10243,I3B,2023,7/25/23,4.0,7/27/23,20230727_I3B_10243.jpg,2,/mnt/research-projects/j/jlgage/RawUAVData01/uavforslb/final_image/final_sliced/20230727_I3B_10243.jpg
11174,I3B,2023,7/12/23,7.0,7/13/23,20230713_I3B_11174.jpg,1,/mnt/research-projects/j/jlgage/RawUAVData01/uavforslb/final_image/final_sliced/20230713_I3B_11174.jpg
10378,I3B,2023,7/25/23,4.0,7/27/23,20230727_I3B_10378.jpg,2,/mnt/research-projects/j/jlgage/RawUAVData01/uavforslb/final_image/final_sliced/20230727_I3B_10378.jpg
11141,I3B,2023,7/12/23,7.5,7/13/23,20230713_I3B_11141.jpg,1,/mnt/research-projects/j/jlgage/RawUAVData01/uavforslb/final_image/final_sliced/20230713_I3B_11141.jpg
3168,G3,2023,7/19/23,7.0,7/20/23,20230720_G3_03168.jpg,1,/mnt/research-projects/j/jlgage/RawUAVData01/uavforslb/final_image/final_sliced/20230720_G3_03168.jpg
9971,I3B,2023,7/12/23,5.5,7/13/23,20230713_I3B_09971.jpg,1,/mnt/research-projects/j/jlgage/RawUAVData01/uavforslb/final_image/final_sliced/20230713_I3B_09971.jpg
8050,G3,2023,7/19/23,5.5,7/20/23,20230720_G3_08050.jpg,1,/mnt/research-projects/j/jlgage/RawUAVData01/uavforslb/final_image/final_sliced/20230720_G3_08050.jpg
4055,B7A,2024,7/30/24,7.0,7/27/24,20240727_B7A_04055.jpg,-3,/mnt/research-projects/j/jlgage/RawUAVData01/uavforslb/final_image/final_sliced/20240727_B7A_04055.jpg
9765,I3B,2023,7/12/23,5.5,7/13/23,20230713_I3B_09765.jpg,1,/mnt/research-projects/j/jlgage/RawUAVData01/uavforslb/final_image/final_sliced/20230713_I3B_09765.jpg
2123,C6B,2024,7/29/24,1.0,7/26/24,20240726_C6B_02123.jpg,-3,/mnt/research-projects/j/jlgage/RawUAVData01/uavforslb/final_image/final_sliced/20240726_C6B_02123.jpg
8116,G3,2023,7/26/23,8.0,7/27/23,20230727_G3_08116.jpg,1,/mnt/research-projects/j/jlgage/RawUAVData01/uavforslb/final_image/final_sliced/20230727_G3_08116.jpg
10965,I3B,2023,7/19/23,5.5,7/20/23,20230720_I3B_10965.jpg,1,/mnt/research-projects/j/jlgage/RawUAVData01/uavforslb/final_image/final_sliced/20230720_I3B_10965.jpg
3430,C6B,2024,7/30/24,2.0,8/2/24,20240802_C6B_03430.jpg,3,/mnt/research-projects/j/jlgage/RawUAVData01/uavforslb/final_image/final_sliced/20240802_C6B_03430.jpg
5046,C6B,2024,7/11/24,8.0,7/10/24,20240710_C6B_05046.jpg,-1,/mnt/research-projects/j/jlgage/RawUAVData01/uavforslb/final_image/final_sliced/20240710_C6B_05046.jpg
1473,C6B,2024,7/29/24,4.0,7/26/24,20240726_C6B_01473.jpg,-3,/mnt/research-projects/j/jlgage/RawUAVData01/uavforslb/final_image/final_sliced/20240726_C6B_01473.jpg
4539,B7A,2024,7/30/24,2.0,7/27/24,20240727_B7A_04539.jpg,-3,/mnt/research-projects/j/jlgage/RawUAVData01/uavforslb/final_image/final_sliced/20240727_B7A_04539.jpg
1145,C6B,2024,7/19/24,7.0,7/18/24,20240718_C6B_01145.jpg,-1,/mnt/research-projects/j/jlgage/RawUAVData01/uavforslb/final_image/final_sliced/20240718_C6B_01145.jpg
10731,I3B,2023,7/19/23,4.0,7/20/23,20230720_I3B_10731.jpg,1,/mnt/research-projects/j/jlgage/RawUAVData01/uavforslb/final_image/final_sliced/20230720_I3B_10731.jpg
4485,B7A,2024,7/15/24,8.0,7/16/24,20240716_B7A_04485.jpg,1,/mnt/research-projects/j/jlgage/RawUAVData01/uavforslb/final_image/final_sliced/20240716_B7A_04485.jpg
400,C6B,2024,7/29/24,5.0,7/26/24,20240726_C6B_00400.jpg,-3,/mnt/research-projects/j/jlgage/RawUAVData01/uavforslb/final_image/final_sliced/20240726_C6B_00400.jpg
690,C6B,2024,7/29/24,5.0,7/26/24,20240726_C6B_00690.jpg,-3,/mnt/research-projects/j/jlgage/RawUAVData01/uavforslb/final_image/final_sliced/20240726_C6B_00690.jpg
4656,B7A,2024,7/15/24,4.5,7/16/24,20240716_B7A_04656.jpg,1,/mnt/research-projects/j/jlgage/RawUAVData01/uavforslb/final_image/final_sliced/20240716_B7A_04656.jpg
3402,C6B,2024,7/30/24,1.5,8/2/24,20240802_C6B_03402.jpg,3,/mnt/research-projects/j/jlgage/RawUAVData01/uavforslb/final_image/final_sliced/20240802_C6B_03402.jpg
10324,I3B,2023,7/25/23,5.0,7/27/23,20230727_I3B_10324.jpg,2,/mnt/research-projects/j/jlgage/RawUAVData01/uavforslb/final_image/final_sliced/20230727_I3B_10324.jpg
7403,G3,2023,7/26/23,4.0,7/27/23,20230727_G3_07403.jpg,1,/mnt/research-projects/j/jlgage/RawUAVData01/uavforslb/final_image/final_sliced/20230727_G3_07403.jpg
3440,C6B,2024,7/15/24,8.5,7/18/24,20240718_C6B_03440.jpg,3,/mnt/research-projects/j/jlgage/RawUAVData01/uavforslb/final_image/final_sliced/20240718_C6B_03440.jpg
7508,G3,2023,7/20/23,7.5,7/20/23,20230720_G3_07508.jpg,0,/mnt/research-projects/j/jlgage/RawUAVData01/uavforslb/final_image/final_sliced/20230720_G3_07508.jpg
196,C6B,2024,7/19/24,7.0,7/18/24,20240718_C6B_00196.jpg,-1,/mnt/research-projects/j/jlgage/RawUAVData01/uavforslb/final_image/final_sliced/20240718_C6B_00196.jpg
1307,C6B,2024,7/29/24,4.0,7/26/24,20240726_C6B_01307.jpg,-3,/mnt/research-projects/j/jlgage/RawUAVData01/uavforslb/final_image/final_sliced/20240726_C6B_01307.jpg
1626,C6B,2024,7/19/24,8.0,7/18/24,20240718_C6B_01626.jpg,-1,/mnt/research-projects/j/jlgage/RawUAVData01/uavforslb/final_image/final_sliced/20240718_C6B_01626.jpg
2558,C6B,2024,7/11/24,8.0,7/10/24,20240710_C6B_02558.jpg,-1,/mnt/research-projects/j/jlgage/RawUAVData01/uavforslb/final_image/final_sliced/20240710_C6B_02558.jpg
7294,G3,2023,7/26/23,8.5,7/27/23,20230727_G3_07294.jpg,1,/mnt/research-projects/j/jlgage/RawUAVData01/uavforslb/final_image/final_sliced/20230727_G3_07294.jpg
10347,I3B,2023,7/25/23,3.5,7/27/23,20230727_I3B_10347.jpg,2,/mnt/research-projects/j/jlgage/RawUAVData01/uavforslb/final_image/final_sliced/20230727_I3B_10347.jpg
755,C6B,2024,7/29/24,7.0,7/26/24,20240726_C6B_00755.jpg,-3,/mnt/research-projects/j/jlgage/RawUAVData01/uavforslb/final_image/final_sliced/20240726_C6B_00755.jpg
3024,G3,2023,7/26/23,8.0,7/27/23,20230727_G3_03024.jpg,1,/mnt/research-projects/j/jlgage/RawUAVData01/uavforslb/final_image/final_sliced/20230727_G3_03024.jpg
8137,G3,2023,7/26/23,8.0,7/27/23,20230727_G3_08137.jpg,1,/mnt/research-projects/j/jlgage/RawUAVData01/uavforslb/final_image/final_sliced/20230727_G3_08137.jpg
7501,G3,2023,7/26/23,5.0,7/27/23,20230727_G3_07501.jpg,1,/mnt/research-projects/j/jlgage/RawUAVData01/uavforslb/final_image/final_sliced/20230727_G3_07501.jpg
2538,C6B,2024,7/1/24,8.5,7/3/24,20240703_C6B_02538.jpg,2,/mnt/research-projects/j/jlgage/RawUAVData01/uavforslb/final_image/final_sliced/20240703_C6B_02538.jpg
2698,C6B,2024,7/15/24,8.0,7/18/24,20240718_C6B_02698.jpg,3,/mnt/research-projects/j/jlgage/RawUAVData01/uavforslb/final_image/final_sliced/20240718_C6B_02698.jpg
3909,B7A,2024,7/15/24,8.0,7/16/24,20240716_B7A_03909.jpg,1,/mnt/research-projects/j/jlgage/RawUAVData01/uavforslb/final_image/final_sliced/20240716_B7A_03909.jpg
151,C6B,2024,7/19/24,8.5,7/18/24,20240718_C6B_00151.jpg,-1,/mnt/research-projects/j/jlgage/RawUAVData01/uavforslb/final_image/final_sliced/20240718_C6B_00151.jpg
547,C6B,2024,7/29/24,4.0,7/26/24,20240726_C6B_00547.jpg,-3,/mnt/research-projects/j/jlgage/RawUAVData01/uavforslb/final_image/final_sliced/20240726_C6B_00547.jpg
10982,I3B,2023,7/19/23,6.5,7/20/23,20230720_I3B_10982.jpg,1,/mnt/research-projects/j/jlgage/RawUAVData01/uavforslb/final_image/final_sliced/20230720_I3B_10982.jpg
1101,C6B,2024,7/19/24,5.5,7/18/24,20240718_C6B_01101.jpg,-1,/mnt/research-projects/j/jlgage/RawUAVData01/uavforslb/final_image/final_sliced/20240718_C6B_01101.jpg
2541,C6B,2024,7/27/24,1.5,7/26/24,20240726_C6B_02541.jpg,-1,/mnt/research-projects/j/jlgage/RawUAVData01/uavforslb/final_image/final_sliced/20240726_C6B_02541.jpg
11213,I3B,2023,7/19/23,5.5,7/20/23,20230720_I3B_11213.jpg,1,/mnt/research-projects/j/jlgage/RawUAVData01/uavforslb/final_image/final_sliced/20230720_I3B_11213.jpg
7282,G3,2023,7/26/23,7.5,7/27/23,20230727_G3_07282.jpg,1,/mnt/research-projects/j/jlgage/RawUAVData01/uavforslb/final_image/final_sliced/20230727_G3_07282.jpg
1070,C6B,2024,7/29/24,4.0,7/26/24,20240726_C6B_01070.jpg,-3,/mnt/research-projects/j/jlgage/RawUAVData01/uavforslb/final_image/final_sliced/20240726_C6B_01070.jpg
3217,C6B,2024,7/15/24,8.5,7/18/24,20240718_C6B_03217.jpg,3,/mnt/research-projects/j/jlgage/RawUAVData01/uavforslb/final_image/final_sliced/20240718_C6B_03217.jpg
1839,C6B,2024,7/29/24,4.0,7/26/24,20240726_C6B_01839.jpg,-3,/mnt/research-projects/j/jlgage/RawUAVData01/uavforslb/final_image/final_sliced/20240726_C6B_01839.jpg
8066,G3,2023,7/19/23,5.0,7/20/23,20230720_G3_08066.jpg,1,/mnt/research-projects/j/jlgage/RawUAVData01/uavforslb/final_image/final_sliced/20230720_G3_08066.jpg
7334,G3,2023,7/26/23,5.5,7/27/23,20230727_G3_07334.jpg,1,/mnt/research-projects/j/jlgage/RawUAVData01/uavforslb/final_image/final_sliced/20230727_G3_07334.jpg
2528,C6B,2024,7/1/24,7.5,7/3/24,20240703_C6B_02528.jpg,2,/mnt/research-projects/j/jlgage/RawUAVData01/uavforslb/final_image/final_sliced/20240703_C6B_02528.jpg
3132,G3,2023,7/26/23,7.0,7/27/23,20230727_G3_03132.jpg,1,/mnt/research-projects/j/jlgage/RawUAVData01/uavforslb/final_image/final_sliced/20230727_G3_03132.jpg
4492,B7A,2024,7/15/24,7.0,7/16/24,20240716_B7A_04492.jpg,1,/mnt/research-projects/j/jlgage/RawUAVData01/uavforslb/final_image/final_sliced/20240716_B7A_04492.jpg
785,C6B,2024,7/29/24,5.0,7/26/24,20240726_C6B_00785.jpg,-3,/mnt/research-projects/j/jlgage/RawUAVData01/uavforslb/final_image/final_sliced/20240726_C6B_00785.jpg
11002,I3B,2023,7/19/23,5.5,7/20/23,20230720_I3B_11002.jpg,1,/mnt/research-projects/j/jlgage/RawUAVData01/uavforslb/final_image/final_sliced/20230720_I3B_11002.jpg
2864,C6B,2024,7/15/24,7.0,7/18/24,20240718_C6B_02864.jpg,3,/mnt/research-projects/j/jlgage/RawUAVData01/uavforslb/final_image/final_sliced/20240718_C6B_02864.jpg
2958,C6B,2024,7/15/24,8.0,7/18/24,20240718_C6B_02958.jpg,3,/mnt/research-projects/j/jlgage/RawUAVData01/uavforslb/final_image/final_sliced/20240718_C6B_02958.jpg
8014,G3,2023,7/26/23,5.0,7/27/23,20230727_G3_08014.jpg,1,/mnt/research-projects/j/jlgage/RawUAVData01/uavforslb/final_image/final_sliced/20230727_G3_08014.jpg
11061,I3B,2023,7/12/23,7.5,7/13/23,20230713_I3B_11061.jpg,1,/mnt/research-projects/j/jlgage/RawUAVData01/uavforslb/final_image/final_sliced/20230713_I3B_11061.jpg
9610,I3B,2023,7/12/23,7.0,7/13/23,20230713_I3B_09610.jpg,1,/mnt/research-projects/j/jlgage/RawUAVData01/uavforslb/final_image/final_sliced/20230713_I3B_09610.jpg
10735,I3B,2023,7/19/23,5.0,7/20/23,20230720_I3B_10735.jpg,1,/mnt/research-projects/j/jlgage/RawUAVData01/uavforslb/final_image/final_sliced/20230720_I3B_10735.jpg
2524,C6B,2024,7/1/24,7.0,7/3/24,20240703_C6B_02524.jpg,2,/mnt/research-projects/j/jlgage/RawUAVData01/uavforslb/final_image/final_sliced/20240703_C6B_02524.jpg
1288,C6B,2024,7/29/24,3.0,7/26/24,20240726_C6B_01288.jpg,-3,/mnt/research-projects/j/jlgage/RawUAVData01/uavforslb/final_image/final_sliced/20240726_C6B_01288.jpg
4534,B7A,2024,7/30/24,5.0,7/27/24,20240727_B7A_04534.jpg,-3,/mnt/research-projects/j/jlgage/RawUAVData01/uavforslb/final_image/final_sliced/20240727_B7A_04534.jpg
7382,G3,2023,7/26/23,5.5,7/27/23,20230727_G3_07382.jpg,1,/mnt/research-projects/j/jlgage/RawUAVData01/uavforslb/final_image/final_sliced/20230727_G3_07382.jpg
4248,B7A,2024,7/30/24,1.5,7/27/24,20240727_B7A_04248.jpg,-3,/mnt/research-projects/j/jlgage/RawUAVData01/uavforslb/final_image/final_sliced/20240727_B7A_04248.jpg
7223,G3,2023,7/26/23,5.0,7/27/23,20230727_G3_07223.jpg,1,/mnt/research-projects/j/jlgage/RawUAVData01/uavforslb/final_image/final_sliced/20230727_G3_07223.jpg
311,C6B,2024,7/19/24,8.5,7/18/24,20240718_C6B_00311.jpg,-1,/mnt/research-projects/j/jlgage/RawUAVData01/uavforslb/final_image/final_sliced/20240718_C6B_00311.jpg
3758,C6B,2024,7/30/24,1.5,8/2/24,20240802_C6B_03758.jpg,3,/mnt/research-projects/j/jlgage/RawUAVData01/uavforslb/final_image/final_sliced/20240802_C6B_03758.jpg
1173,C6B,2024,7/29/24,4.0,7/26/24,20240726_C6B_01173.jpg,-3,/mnt/research-projects/j/jlgage/RawUAVData01/uavforslb/final_image/final_sliced/20240726_C6B_01173.jpg
3769,C6B,2024,7/30/24,5.0,8/2/24,20240802_C6B_03769.jpg,3,/mnt/research-projects/j/jlgage/RawUAVData01/uavforslb/final_image/final_sliced/20240802_C6B_03769.jpg
3276,C6B,2024,7/15/24,8.5,7/18/24,20240718_C6B_03276.jpg,3,/mnt/research-projects/j/jlgage/RawUAVData01/uavforslb/final_image/final_sliced/20240718_C6B_03276.jpg
749,C6B,2024,7/19/24,8.5,7/18/24,20240718_C6B_00749.jpg,-1,/mnt/research-projects/j/jlgage/RawUAVData01/uavforslb/final_image/final_sliced/20240718_C6B_00749.jpg
10866,I3B,2023,7/19/23,5.0,7/20/23,20230720_I3B_10866.jpg,1,/mnt/research-projects/j/jlgage/RawUAVData01/uavforslb/final_image/final_sliced/20230720_I3B_10866.jpg
426,C6B,2024,7/19/24,8.0,7/18/24,20240718_C6B_00426.jpg,-1,/mnt/research-projects/j/jlgage/RawUAVData01/uavforslb/final_image/final_sliced/20240718_C6B_00426.jpg
134,C6B,2024,7/19/24,8.5,7/18/24,20240718_C6B_00134.jpg,-1,/mnt/research-projects/j/jlgage/RawUAVData01/uavforslb/final_image/final_sliced/20240718_C6B_00134.jpg
3719,C6B,2024,7/30/24,2.0,8/2/24,20240802_C6B_03719.jpg,3,/mnt/research-projects/j/jlgage/RawUAVData01/uavforslb/final_image/final_sliced/20240802_C6B_03719.jpg
2758,C6B,2024,7/30/24,3.5,8/2/24,20240802_C6B_02758.jpg,3,/mnt/research-projects/j/jlgage/RawUAVData01/uavforslb/final_image/final_sliced/20240802_C6B_02758.jpg
5551,B7A,2024,7/11/24,7.5,7/10/24,20240710_B7A_05551.jpg,-1,/mnt/research-projects/j/jlgage/RawUAVData01/uavforslb/final_image/final_sliced/20240710_B7A_05551.jpg
2790,C6B,2024,7/30/24,4.0,8/2/24,20240802_C6B_02790.jpg,3,/mnt/research-projects/j/jlgage/RawUAVData01/uavforslb/final_image/final_sliced/20240802_C6B_02790.jpg
7387,G3,2023,7/26/23,4.5,7/27/23,20230727_G3_07387.jpg,1,/mnt/research-projects/j/jlgage/RawUAVData01/uavforslb/final_image/final_sliced/20230727_G3_07387.jpg
7238,G3,2023,7/26/23,4.5,7/27/23,20230727_G3_07238.jpg,1,/mnt/research-projects/j/jlgage/RawUAVData01/uavforslb/final_image/final_sliced/20230727_G3_07238.jpg
485,C6B,2024,7/19/24,8.0,7/18/24,20240718_C6B_00485.jpg,-1,/mnt/research-projects/j/jlgage/RawUAVData01/uavforslb/final_image/final_sliced/20240718_C6B_00485.jpg
7338,G3,2023,7/26/23,6.0,7/27/23,20230727_G3_07338.jpg,1,/mnt/research-projects/j/jlgage/RawUAVData01/uavforslb/final_image/final_sliced/20230727_G3_07338.jpg
1654,C6B,2024,7/19/24,8.0,7/18/24,20240718_C6B_01654.jpg,-1,/mnt/research-projects/j/jlgage/RawUAVData01/uavforslb/final_image/final_sliced/20240718_C6B_01654.jpg
7310,G3,2023,7/20/23,7.0,7/20/23,20230720_G3_07310.jpg,0,/mnt/research-projects/j/jlgage/RawUAVData01/uavforslb/final_image/final_sliced/20230720_G3_07310.jpg
10962,I3B,2023,7/19/23,5.5,7/20/23,20230720_I3B_10962.jpg,1,/mnt/research-projects/j/jlgage/RawUAVData01/uavforslb/final_image/final_sliced/20230720_I3B_10962.jpg
8117,G3,2023,7/26/23,5.0,7/27/23,20230727_G3_08117.jpg,1,/mnt/research-projects/j/jlgage/RawUAVData01/uavforslb/final_image/final_sliced/20230727_G3_08117.jpg
10781,I3B,2023,7/19/23,5.5,7/20/23,20230720_I3B_10781.jpg,1,/mnt/research-projects/j/jlgage/RawUAVData01/uavforslb/final_image/final_sliced/20230720_I3B_10781.jpg
8114,G3,2023,7/26/23,8.0,7/27/23,20230727_G3_08114.jpg,1,/mnt/research-projects/j/jlgage/RawUAVData01/uavforslb/final_image/final_sliced/20230727_G3_08114.jpg
1205,C6B,2024,7/29/24,4.5,7/26/24,20240726_C6B_01205.jpg,-3,/mnt/research-projects/j/jlgage/RawUAVData01/uavforslb/final_image/final_sliced/20240726_C6B_01205.jpg
1878,C6B,2024,7/29/24,3.0,7/26/24,20240726_C6B_01878.jpg,-3,/mnt/research-projects/j/jlgage/RawUAVData01/uavforslb/final_image/final_sliced/20240726_C6B_01878.jpg
10258,I3B,2023,7/25/23,5.0,7/27/23,20230727_I3B_10258.jpg,2,/mnt/research-projects/j/jlgage/RawUAVData01/uavforslb/final_image/final_sliced/20230727_I3B_10258.jpg
9909,I3B,2023,7/12/23,5.0,7/13/23,20230713_I3B_09909.jpg,1,/mnt/research-projects/j/jlgage/RawUAVData01/uavforslb/final_image/final_sliced/20230713_I3B_09909.jpg
3727,C6B,2024,7/15/24,8.0,7/18/24,20240718_C6B_03727.jpg,3,/mnt/research-projects/j/jlgage/RawUAVData01/uavforslb/final_image/final_sliced/20240718_C6B_03727.jpg
2572,C6B,2024,7/1/24,7.5,7/3/24,20240703_C6B_02572.jpg,2,/mnt/research-projects/j/jlgage/RawUAVData01/uavforslb/final_image/final_sliced/20240703_C6B_02572.jpg
1624,C6B,2024,7/29/24,4.0,7/26/24,20240726_C6B_01624.jpg,-3,/mnt/research-projects/j/jlgage/RawUAVData01/uavforslb/final_image/final_sliced/20240726_C6B_01624.jpg
3045,G3,2023,7/26/23,8.0,7/27/23,20230727_G3_03045.jpg,1,/mnt/research-projects/j/jlgage/RawUAVData01/uavforslb/final_image/final_sliced/20230727_G3_03045.jpg
3036,G3,2023,7/26/23,6.5,7/27/23,20230727_G3_03036.jpg,1,/mnt/research-projects/j/jlgage/RawUAVData01/uavforslb/final_image/final_sliced/20230727_G3_03036.jpg
3196,G3,2023,7/26/23,5.0,7/27/23,20230727_G3_03196.jpg,1,/mnt/research-projects/j/jlgage/RawUAVData01/uavforslb/final_image/final_sliced/20230727_G3_03196.jpg
9945,I3B,2023,7/12/23,5.5,7/13/23,20230713_I3B_09945.jpg,1,/mnt/research-projects/j/jlgage/RawUAVData01/uavforslb/final_image/final_sliced/20230713_I3B_09945.jpg
8072,G3,2023,7/26/23,8.0,7/27/23,20230727_G3_08072.jpg,1,/mnt/research-projects/j/jlgage/RawUAVData01/uavforslb/final_image/final_sliced/20230727_G3_08072.jpg
2052,C6B,2024,7/29/24,3.5,7/26/24,20240726_C6B_02052.jpg,-3,/mnt/research-projects/j/jlgage/RawUAVData01/uavforslb/final_image/final_sliced/20240726_C6B_02052.jpg
4034,B7A,2024,7/15/24,8.5,7/16/24,20240716_B7A_04034.jpg,1,/mnt/research-projects/j/jlgage/RawUAVData01/uavforslb/final_image/final_sliced/20240716_B7A_04034.jpg
2587,C6B,2024,7/15/24,8.5,7/18/24,20240718_C6B_02587.jpg,3,/mnt/research-projects/j/jlgage/RawUAVData01/uavforslb/final_image/final_sliced/20240718_C6B_02587.jpg
7278,G3,2023,7/26/23,8.0,7/27/23,20230727_G3_07278.jpg,1,/mnt/research-projects/j/jlgage/RawUAVData01/uavforslb/final_image/final_sliced/20230727_G3_07278.jpg
9569,I3B,2023,7/12/23,6.0,7/13/23,20230713_I3B_09569.jpg,1,/mnt/research-projects/j/jlgage/RawUAVData01/uavforslb/final_image/final_sliced/20230713_I3B_09569.jpg
3897,B7A,2024,7/15/24,7.0,7/16/24,20240716_B7A_03897.jpg,1,/mnt/research-projects/j/jlgage/RawUAVData01/uavforslb/final_image/final_sliced/20240716_B7A_03897.jpg
1220,C6B,2024,7/19/24,8.0,7/18/24,20240718_C6B_01220.jpg,-1,/mnt/research-projects/j/jlgage/RawUAVData01/uavforslb/final_image/final_sliced/20240718_C6B_01220.jpg
5514,B7A,2024,7/11/24,8.0,7/10/24,20240710_B7A_05514.jpg,-1,/mnt/research-projects/j/jlgage/RawUAVData01/uavforslb/final_image/final_sliced/20240710_B7A_05514.jpg
937,C6B,2024,7/19/24,8.0,7/18/24,20240718_C6B_00937.jpg,-1,/mnt/research-projects/j/jlgage/RawUAVData01/uavforslb/final_image/final_sliced/20240718_C6B_00937.jpg
10035,I3B,2023,7/12/23,6.0,7/13/23,20230713_I3B_10035.jpg,1,/mnt/research-projects/j/jlgage/RawUAVData01/uavforslb/final_image/final_sliced/20230713_I3B_10035.jpg
3585,C6B,2024,7/15/24,7.5,7/18/24,20240718_C6B_03585.jpg,3,/mnt/research-projects/j/jlgage/RawUAVData01/uavforslb/final_image/final_sliced/20240718_C6B_03585.jpg
2120,C6B,2024,7/19/24,7.0,7/18/24,20240718_C6B_02120.jpg,-1,/mnt/research-projects/j/jlgage/RawUAVData01/uavforslb/final_image/final_sliced/20240718_C6B_02120.jpg
3940,B7A,2024,7/30/24,2.0,7/27/24,20240727_B7A_03940.jpg,-3,/mnt/research-projects/j/jlgage/RawUAVData01/uavforslb/final_image/final_sliced/20240727_B7A_03940.jpg
4650,B7A,2024,7/30/24,3.0,7/27/24,20240727_B7A_04650.jpg,-3,/mnt/research-projects/j/jlgage/RawUAVData01/uavforslb/final_image/final_sliced/20240727_B7A_04650.jpg
7359,G3,2023,7/26/23,7.0,7/27/23,20230727_G3_07359.jpg,1,/mnt/research-projects/j/jlgage/RawUAVData01/uavforslb/final_image/final_sliced/20230727_G3_07359.jpg
11060,I3B,2023,7/12/23,7.0,7/13/23,20230713_I3B_11060.jpg,1,/mnt/research-projects/j/jlgage/RawUAVData01/uavforslb/final_image/final_sliced/20230713_I3B_11060.jpg
422,C6B,2024,7/29/24,2.0,7/26/24,20240726_C6B_00422.jpg,-3,/mnt/research-projects/j/jlgage/RawUAVData01/uavforslb/final_image/final_sliced/20240726_C6B_00422.jpg
4483,B7A,2024,7/15/24,8.5,7/16/24,20240716_B7A_04483.jpg,1,/mnt/research-projects/j/jlgage/RawUAVData01/uavforslb/final_image/final_sliced/20240716_B7A_04483.jpg
7544,G3,2023,7/20/23,6.5,7/20/23,20230720_G3_07544.jpg,0,/mnt/research-projects/j/jlgage/RawUAVData01/uavforslb/final_image/final_sliced/20230720_G3_07544.jpg
1626,C6B,2024,7/29/24,4.5,7/26/24,20240726_C6B_01626.jpg,-3,/mnt/research-projects/j/jlgage/RawUAVData01/uavforslb/final_image/final_sliced/20240726_C6B_01626.jpg
5005,C6B,2024,7/18/24,8.0,7/18/24,20240718_C6B_05005.jpg,0,/mnt/research-projects/j/jlgage/RawUAVData01/uavforslb/final_image/final_sliced/20240718_C6B_05005.jpg
5531,B7A,2024,7/18/24,7.0,7/16/24,20240716_B7A_05531.jpg,-2,/mnt/research-projects/j/jlgage/RawUAVData01/uavforslb/final_image/final_sliced/20240716_B7A_05531.jpg
9944,I3B,2023,7/12/23,5.0,7/13/23,20230713_I3B_09944.jpg,1,/mnt/research-projects/j/jlgage/RawUAVData01/uavforslb/final_image/final_sliced/20230713_I3B_09944.jpg
4432,B7A,2024,7/15/24,8.0,7/16/24,20240716_B7A_04432.jpg,1,/mnt/research-projects/j/jlgage/RawUAVData01/uavforslb/final_image/final_sliced/20240716_B7A_04432.jpg
9966,I3B,2023,7/12/23,4.0,7/13/23,20230713_I3B_09966.jpg,1,/mnt/research-projects/j/jlgage/RawUAVData01/uavforslb/final_image/final_sliced/20230713_I3B_09966.jpg
753,C6B,2024,7/29/24,4.0,7/26/24,20240726_C6B_00753.jpg,-3,/mnt/research-projects/j/jlgage/RawUAVData01/uavforslb/final_image/final_sliced/20240726_C6B_00753.jpg
7220,G3,2023,7/19/23,7.5,7/20/23,20230720_G3_07220.jpg,1,/mnt/research-projects/j/jlgage/RawUAVData01/uavforslb/final_image/final_sliced/20230720_G3_07220.jpg
7438,G3,2023,7/26/23,5.5,7/27/23,20230727_G3_07438.jpg,1,/mnt/research-projects/j/jlgage/RawUAVData01/uavforslb/final_image/final_sliced/20230727_G3_07438.jpg
5563,B7A,2024,7/11/24,7.5,7/10/24,20240710_B7A_05563.jpg,-1,/mnt/research-projects/j/jlgage/RawUAVData01/uavforslb/final_image/final_sliced/20240710_B7A_05563.jpg
10861,I3B,2023,7/19/23,6.0,7/20/23,20230720_I3B_10861.jpg,1,/mnt/research-projects/j/jlgage/RawUAVData01/uavforslb/final_image/final_sliced/20230720_I3B_10861.jpg
3088,G3,2023,7/19/23,8.5,7/20/23,20230720_G3_03088.jpg,1,/mnt/research-projects/j/jlgage/RawUAVData01/uavforslb/final_image/final_sliced/20230720_G3_03088.jpg
8086,G3,2023,7/20/23,6.0,7/20/23,20230720_G3_08086.jpg,0,/mnt/research-projects/j/jlgage/RawUAVData01/uavforslb/final_image/final_sliced/20230720_G3_08086.jpg
3004,G3,2023,7/19/23,8.0,7/20/23,20230720_G3_03004.jpg,1,/mnt/research-projects/j/jlgage/RawUAVData01/uavforslb/final_image/final_sliced/20230720_G3_03004.jpg
8151,G3,2023,7/26/23,6.0,7/27/23,20230727_G3_08151.jpg,1,/mnt/research-projects/j/jlgage/RawUAVData01/uavforslb/final_image/final_sliced/20230727_G3_08151.jpg
1892,C6B,2024,7/19/24,6.0,7/18/24,20240718_C6B_01892.jpg,-1,/mnt/research-projects/j/jlgage/RawUAVData01/uavforslb/final_image/final_sliced/20240718_C6B_01892.jpg
11348,I3B,2023,7/19/23,6.5,7/20/23,20230720_I3B_11348.jpg,1,/mnt/research-projects/j/jlgage/RawUAVData01/uavforslb/final_image/final_sliced/20230720_I3B_11348.jpg
1417,C6B,2024,7/19/24,7.0,7/18/24,20240718_C6B_01417.jpg,-1,/mnt/research-projects/j/jlgage/RawUAVData01/uavforslb/final_image/final_sliced/20240718_C6B_01417.jpg
11324,I3B,2023,7/19/23,5.0,7/20/23,20230720_I3B_11324.jpg,1,/mnt/research-projects/j/jlgage/RawUAVData01/uavforslb/final_image/final_sliced/20230720_I3B_11324.jpg
2081,C6B,2024,7/29/24,2.0,7/26/24,20240726_C6B_02081.jpg,-3,/mnt/research-projects/j/jlgage/RawUAVData01/uavforslb/final_image/final_sliced/20240726_C6B_02081.jpg
11057,I3B,2023,7/12/23,8.0,7/13/23,20230713_I3B_11057.jpg,1,/mnt/research-projects/j/jlgage/RawUAVData01/uavforslb/final_image/final_sliced/20230713_I3B_11057.jpg
10021,I3B,2023,7/12/23,6.0,7/13/23,20230713_I3B_10021.jpg,1,/mnt/research-projects/j/jlgage/RawUAVData01/uavforslb/final_image/final_sliced/20230713_I3B_10021.jpg
7219,G3,2023,7/19/23,7.0,7/20/23,20230720_G3_07219.jpg,1,/mnt/research-projects/j/jlgage/RawUAVData01/uavforslb/final_image/final_sliced/20230720_G3_07219.jpg
4588,B7A,2024,7/30/24,1.5,7/27/24,20240727_B7A_04588.jpg,-3,/mnt/research-projects/j/jlgage/RawUAVData01/uavforslb/final_image/final_sliced/20240727_B7A_04588.jpg
1641,C6B,2024,7/19/24,8.0,7/18/24,20240718_C6B_01641.jpg,-1,/mnt/research-projects/j/jlgage/RawUAVData01/uavforslb/final_image/final_sliced/20240718_C6B_01641.jpg
9734,I3B,2023,7/12/23,5.0,7/13/23,20230713_I3B_09734.jpg,1,/mnt/research-projects/j/jlgage/RawUAVData01/uavforslb/final_image/final_sliced/20230713_I3B_09734.jpg
4614,B7A,2024,7/30/24,1.5,7/27/24,20240727_B7A_04614.jpg,-3,/mnt/research-projects/j/jlgage/RawUAVData01/uavforslb/final_image/final_sliced/20240727_B7A_04614.jpg
3059,G3,2023,7/26/23,8.0,7/27/23,20230727_G3_03059.jpg,1,/mnt/research-projects/j/jlgage/RawUAVData01/uavforslb/final_image/final_sliced/20230727_G3_03059.jpg
7298,G3,2023,7/20/23,7.5,7/20/23,20230720_G3_07298.jpg,0,/mnt/research-projects/j/jlgage/RawUAVData01/uavforslb/final_image/final_sliced/20230720_G3_07298.jpg
10884,I3B,2023,7/19/23,5.0,7/20/23,20230720_I3B_10884.jpg,1,/mnt/research-projects/j/jlgage/RawUAVData01/uavforslb/final_image/final_sliced/20230720_I3B_10884.jpg
10020,I3B,2023,7/12/23,5.0,7/13/23,20230713_I3B_10020.jpg,1,/mnt/research-projects/j/jlgage/RawUAVData01/uavforslb/final_image/final_sliced/20230713_I3B_10020.jpg
3270,C6B,2024,7/15/24,8.5,7/18/24,20240718_C6B_03270.jpg,3,/mnt/research-projects/j/jlgage/RawUAVData01/uavforslb/final_image/final_sliced/20240718_C6B_03270.jpg
326,C6B,2024,7/29/24,2.0,7/26/24,20240726_C6B_00326.jpg,-3,/mnt/research-projects/j/jlgage/RawUAVData01/uavforslb/final_image/final_sliced/20240726_C6B_00326.jpg
9801,I3B,2023,7/12/23,5.0,7/13/23,20230713_I3B_09801.jpg,1,/mnt/research-projects/j/jlgage/RawUAVData01/uavforslb/final_image/final_sliced/20230713_I3B_09801.jpg
10328,I3B,2023,7/25/23,6.0,7/27/23,20230727_I3B_10328.jpg,2,/mnt/research-projects/j/jlgage/RawUAVData01/uavforslb/final_image/final_sliced/20230727_I3B_10328.jpg
2882,C6B,2024,7/15/24,7.0,7/18/24,20240718_C6B_02882.jpg,3,/mnt/research-projects/j/jlgage/RawUAVData01/uavforslb/final_image/final_sliced/20240718_C6B_02882.jpg
3869,B7A,2024,7/30/24,1.5,7/27/24,20240727_B7A_03869.jpg,-3,/mnt/research-projects/j/jlgage/RawUAVData01/uavforslb/final_image/final_sliced/20240727_B7A_03869.jpg
3185,C6B,2024,7/15/24,8.0,7/18/24,20240718_C6B_03185.jpg,3,/mnt/research-projects/j/jlgage/RawUAVData01/uavforslb/final_image/final_sliced/20240718_C6B_03185.jpg
1301,C6B,2024,7/19/24,7.0,7/18/24,20240718_C6B_01301.jpg,-1,/mnt/research-projects/j/jlgage/RawUAVData01/uavforslb/final_image/final_sliced/20240718_C6B_01301.jpg
7487,G3,2023,7/26/23,5.0,7/27/23,20230727_G3_07487.jpg,1,/mnt/research-projects/j/jlgage/RawUAVData01/uavforslb/final_image/final_sliced/20230727_G3_07487.jpg
10821,I3B,2023,7/19/23,5.0,7/20/23,20230720_I3B_10821.jpg,1,/mnt/research-projects/j/jlgage/RawUAVData01/uavforslb/final_image/final_sliced/20230720_I3B_10821.jpg
1360,C6B,2024,7/19/24,8.5,7/18/24,20240718_C6B_01360.jpg,-1,/mnt/research-projects/j/jlgage/RawUAVData01/uavforslb/final_image/final_sliced/20240718_C6B_01360.jpg
7304,G3,2023,7/26/23,6.0,7/27/23,20230727_G3_07304.jpg,1,/mnt/research-projects/j/jlgage/RawUAVData01/uavforslb/final_image/final_sliced/20230727_G3_07304.jpg
3114,G3,2023,7/19/23,8.0,7/20/23,20230720_G3_03114.jpg,1,/mnt/research-projects/j/jlgage/RawUAVData01/uavforslb/final_image/final_sliced/20230720_G3_03114.jpg
1934,C6B,2024,7/19/24,8.0,7/18/24,20240718_C6B_01934.jpg,-1,/mnt/research-projects/j/jlgage/RawUAVData01/uavforslb/final_image/final_sliced/20240718_C6B_01934.jpg
9732,I3B,2023,7/12/23,6.0,7/13/23,20230713_I3B_09732.jpg,1,/mnt/research-projects/j/jlgage/RawUAVData01/uavforslb/final_image/final_sliced/20230713_I3B_09732.jpg
1651,C6B,2024,7/19/24,7.5,7/18/24,20240718_C6B_01651.jpg,-1,/mnt/research-projects/j/jlgage/RawUAVData01/uavforslb/final_image/final_sliced/20240718_C6B_01651.jpg
3569,C6B,2024,7/30/24,1.5,8/2/24,20240802_C6B_03569.jpg,3,/mnt/research-projects/j/jlgage/RawUAVData01/uavforslb/final_image/final_sliced/20240802_C6B_03569.jpg
3180,C6B,2024,7/30/24,2.0,8/2/24,20240802_C6B_03180.jpg,3,/mnt/research-projects/j/jlgage/RawUAVData01/uavforslb/final_image/final_sliced/20240802_C6B_03180.jpg
7416,G3,2023,7/26/23,8.0,7/27/23,20230727_G3_07416.jpg,1,/mnt/research-projects/j/jlgage/RawUAVData01/uavforslb/final_image/final_sliced/20230727_G3_07416.jpg
179,C6B,2024,7/29/24,6.0,7/26/24,20240726_C6B_00179.jpg,-3,/mnt/research-projects/j/jlgage/RawUAVData01/uavforslb/final_image/final_sliced/20240726_C6B_00179.jpg
7511,G3,2023,7/26/23,8.0,7/27/23,20230727_G3_07511.jpg,1,/mnt/research-projects/j/jlgage/RawUAVData01/uavforslb/final_image/final_sliced/20230727_G3_07511.jpg
342,C6B,2024,7/29/24,1.5,7/26/24,20240726_C6B_00342.jpg,-3,/mnt/research-projects/j/jlgage/RawUAVData01/uavforslb/final_image/final_sliced/20240726_C6B_00342.jpg
11358,I3B,2023,7/19/23,7.0,7/20/23,20230720_I3B_11358.jpg,1,/mnt/research-projects/j/jlgage/RawUAVData01/uavforslb/final_image/final_sliced/20230720_I3B_11358.jpg
1769,C6B,2024,7/29/24,4.0,7/26/24,20240726_C6B_01769.jpg,-3,/mnt/research-projects/j/jlgage/RawUAVData01/uavforslb/final_image/final_sliced/20240726_C6B_01769.jpg
3033,G3,2023,7/26/23,8.0,7/27/23,20230727_G3_03033.jpg,1,/mnt/research-projects/j/jlgage/RawUAVData01/uavforslb/final_image/final_sliced/20230727_G3_03033.jpg
7349,G3,2023,7/20/23,7.5,7/20/23,20230720_G3_07349.jpg,0,/mnt/research-projects/j/jlgage/RawUAVData01/uavforslb/final_image/final_sliced/20230720_G3_07349.jpg
9856,I3B,2023,7/12/23,4.5,7/13/23,20230713_I3B_09856.jpg,1,/mnt/research-projects/j/jlgage/RawUAVData01/uavforslb/final_image/final_sliced/20230713_I3B_09856.jpg
3306,C6B,2024,7/15/24,8.0,7/18/24,20240718_C6B_03306.jpg,3,/mnt/research-projects/j/jlgage/RawUAVData01/uavforslb/final_image/final_sliced/20240718_C6B_03306.jpg
3770,C6B,2024,7/30/24,5.0,8/2/24,20240802_C6B_03770.jpg,3,/mnt/research-projects/j/jlgage/RawUAVData01/uavforslb/final_image/final_sliced/20240802_C6B_03770.jpg
1871,C6B,2024,7/19/24,5.0,7/18/24,20240718_C6B_01871.jpg,-1,/mnt/research-projects/j/jlgage/RawUAVData01/uavforslb/final_image/final_sliced/20240718_C6B_01871.jpg
10042,I3B,2023,7/12/23,5.0,7/13/23,20230713_I3B_10042.jpg,1,/mnt/research-projects/j/jlgage/RawUAVData01/uavforslb/final_image/final_sliced/20230713_I3B_10042.jpg
2895,C6B,2024,7/15/24,7.5,7/18/24,20240718_C6B_02895.jpg,3,/mnt/research-projects/j/jlgage/RawUAVData01/uavforslb/final_image/final_sliced/20240718_C6B_02895.jpg
2535,C6B,2024,7/27/24,1.5,7/26/24,20240726_C6B_02535.jpg,-1,/mnt/research-projects/j/jlgage/RawUAVData01/uavforslb/final_image/final_sliced/20240726_C6B_02535.jpg
10395,I3B,2023,7/25/23,5.0,7/27/23,20230727_I3B_10395.jpg,2,/mnt/research-projects/j/jlgage/RawUAVData01/uavforslb/final_image/final_sliced/20230727_I3B_10395.jpg
4338,B7A,2024,7/15/24,8.0,7/16/24,20240716_B7A_04338.jpg,1,/mnt/research-projects/j/jlgage/RawUAVData01/uavforslb/final_image/final_sliced/20240716_B7A_04338.jpg
2887,C6B,2024,7/30/24,1.5,8/2/24,20240802_C6B_02887.jpg,3,/mnt/research-projects/j/jlgage/RawUAVData01/uavforslb/final_image/final_sliced/20240802_C6B_02887.jpg
9748,I3B,2023,7/12/23,6.0,7/13/23,20230713_I3B_09748.jpg,1,/mnt/research-projects/j/jlgage/RawUAVData01/uavforslb/final_image/final_sliced/20230713_I3B_09748.jpg
3341,C6B,2024,7/30/24,3.5,8/2/24,20240802_C6B_03341.jpg,3,/mnt/research-projects/j/jlgage/RawUAVData01/uavforslb/final_image/final_sliced/20240802_C6B_03341.jpg
9895,I3B,2023,7/12/23,4.5,7/13/23,20230713_I3B_09895.jpg,1,/mnt/research-projects/j/jlgage/RawUAVData01/uavforslb/final_image/final_sliced/20230713_I3B_09895.jpg
10369,I3B,2023,7/25/23,3.0,7/27/23,20230727_I3B_10369.jpg,2,/mnt/research-projects/j/jlgage/RawUAVData01/uavforslb/final_image/final_sliced/20230727_I3B_10369.jpg
7369,G3,2023,7/20/23,8.0,7/20/23,20230720_G3_07369.jpg,0,/mnt/research-projects/j/jlgage/RawUAVData01/uavforslb/final_image/final_sliced/20230720_G3_07369.jpg
4155,B7A,2024,7/15/24,8.0,7/16/24,20240716_B7A_04155.jpg,1,/mnt/research-projects/j/jlgage/RawUAVData01/uavforslb/final_image/final_sliced/20240716_B7A_04155.jpg
3462,C6B,2024,7/15/24,8.5,7/18/24,20240718_C6B_03462.jpg,3,/mnt/research-projects/j/jlgage/RawUAVData01/uavforslb/final_image/final_sliced/20240718_C6B_03462.jpg
10240,I3B,2023,7/25/23,6.0,7/27/23,20230727_I3B_10240.jpg,2,/mnt/research-projects/j/jlgage/RawUAVData01/uavforslb/final_image/final_sliced/20230727_I3B_10240.jpg
8031,G3,2023,7/19/23,8.0,7/20/23,20230720_G3_08031.jpg,1,/mnt/research-projects/j/jlgage/RawUAVData01/uavforslb/final_image/final_sliced/20230720_G3_08031.jpg
10843,I3B,2023,7/19/23,6.0,7/20/23,20230720_I3B_10843.jpg,1,/mnt/research-projects/j/jlgage/RawUAVData01/uavforslb/final_image/final_sliced/20230720_I3B_10843.jpg
3360,C6B,2024,7/15/24,5.0,7/18/24,20240718_C6B_03360.jpg,3,/mnt/research-projects/j/jlgage/RawUAVData01/uavforslb/final_image/final_sliced/20240718_C6B_03360.jpg
3997,B7A,2024,7/30/24,4.0,7/27/24,20240727_B7A_03997.jpg,-3,/mnt/research-projects/j/jlgage/RawUAVData01/uavforslb/final_image/final_sliced/20240727_B7A_03997.jpg
2529,C6B,2024,7/27/24,4.0,7/26/24,20240726_C6B_02529.jpg,-1,/mnt/research-projects/j/jlgage/RawUAVData01/uavforslb/final_image/final_sliced/20240726_C6B_02529.jpg
7347,G3,2023,7/26/23,7.5,7/27/23,20230727_G3_07347.jpg,1,/mnt/research-projects/j/jlgage/RawUAVData01/uavforslb/final_image/final_sliced/20230727_G3_07347.jpg
3436,C6B,2024,7/15/24,7.5,7/18/24,20240718_C6B_03436.jpg,3,/mnt/research-projects/j/jlgage/RawUAVData01/uavforslb/final_image/final_sliced/20240718_C6B_03436.jpg
2921,C6B,2024,7/30/24,1.5,8/2/24,20240802_C6B_02921.jpg,3,/mnt/research-projects/j/jlgage/RawUAVData01/uavforslb/final_image/final_sliced/20240802_C6B_02921.jpg
1630,C6B,2024,7/29/24,3.0,7/26/24,20240726_C6B_01630.jpg,-3,/mnt/research-projects/j/jlgage/RawUAVData01/uavforslb/final_image/final_sliced/20240726_C6B_01630.jpg
3250,C6B,2024,7/30/24,1.5,8/2/24,20240802_C6B_03250.jpg,3,/mnt/research-projects/j/jlgage/RawUAVData01/uavforslb/final_image/final_sliced/20240802_C6B_03250.jpg
1729,C6B,2024,7/29/24,5.5,7/26/24,20240726_C6B_01729.jpg,-3,/mnt/research-projects/j/jlgage/RawUAVData01/uavforslb/final_image/final_sliced/20240726_C6B_01729.jpg
5068,C6B,2024,7/18/24,7.5,7/18/24,20240718_C6B_05068.jpg,0,/mnt/research-projects/j/jlgage/RawUAVData01/uavforslb/final_image/final_sliced/20240718_C6B_05068.jpg
3818,C6B,2024,7/30/24,4.0,8/2/24,20240802_C6B_03818.jpg,3,/mnt/research-projects/j/jlgage/RawUAVData01/uavforslb/final_image/final_sliced/20240802_C6B_03818.jpg
11023,I3B,2023,7/12/23,6.5,7/13/23,20230713_I3B_11023.jpg,1,/mnt/research-projects/j/jlgage/RawUAVData01/uavforslb/final_image/final_sliced/20230713_I3B_11023.jpg
11074,I3B,2023,7/12/23,7.0,7/13/23,20230713_I3B_11074.jpg,1,/mnt/research-projects/j/jlgage/RawUAVData01/uavforslb/final_image/final_sliced/20230713_I3B_11074.jpg
4139,B7A,2024,7/30/24,1.0,7/27/24,20240727_B7A_04139.jpg,-3,/mnt/research-projects/j/jlgage/RawUAVData01/uavforslb/final_image/final_sliced/20240727_B7A_04139.jpg
8111,G3,2023,7/20/23,5.0,7/20/23,20230720_G3_08111.jpg,0,/mnt/research-projects/j/jlgage/RawUAVData01/uavforslb/final_image/final_sliced/20230720_G3_08111.jpg
3464,C6B,2024,7/15/24,7.5,7/18/24,20240718_C6B_03464.jpg,3,/mnt/research-projects/j/jlgage/RawUAVData01/uavforslb/final_image/final_sliced/20240718_C6B_03464.jpg
9778,I3B,2023,7/12/23,4.0,7/13/23,20230713_I3B_09778.jpg,1,/mnt/research-projects/j/jlgage/RawUAVData01/uavforslb/final_image/final_sliced/20230713_I3B_09778.jpg
7269,G3,2023,7/19/23,6.0,7/20/23,20230720_G3_07269.jpg,1,/mnt/research-projects/j/jlgage/RawUAVData01/uavforslb/final_image/final_sliced/20230720_G3_07269.jpg
3980,B7A,2024,7/15/24,5.0,7/16/24,20240716_B7A_03980.jpg,1,/mnt/research-projects/j/jlgage/RawUAVData01/uavforslb/final_image/final_sliced/20240716_B7A_03980.jpg
3060,C6B,2024,7/15/24,8.0,7/18/24,20240718_C6B_03060.jpg,3,/mnt/research-projects/j/jlgage/RawUAVData01/uavforslb/final_image/final_sliced/20240718_C6B_03060.jpg
10322,I3B,2023,7/25/23,4.0,7/27/23,20230727_I3B_10322.jpg,2,/mnt/research-projects/j/jlgage/RawUAVData01/uavforslb/final_image/final_sliced/20230727_I3B_10322.jpg
3503,C6B,2024,7/30/24,1.0,8/2/24,20240802_C6B_03503.jpg,3,/mnt/research-projects/j/jlgage/RawUAVData01/uavforslb/final_image/final_sliced/20240802_C6B_03503.jpg
7297,G3,2023,7/26/23,8.0,7/27/23,20230727_G3_07297.jpg,1,/mnt/research-projects/j/jlgage/RawUAVData01/uavforslb/final_image/final_sliced/20230727_G3_07297.jpg
2728,C6B,2024,7/30/24,8.5,8/2/24,20240802_C6B_02728.jpg,3,/mnt/research-projects/j/jlgage/RawUAVData01/uavforslb/final_image/final_sliced/20240802_C6B_02728.jpg
519,C6B,2024,7/29/24,6.0,7/26/24,20240726_C6B_00519.jpg,-3,/mnt/research-projects/j/jlgage/RawUAVData01/uavforslb/final_image/final_sliced/20240726_C6B_00519.jpg
7293,G3,2023,7/26/23,5.5,7/27/23,20230727_G3_07293.jpg,1,/mnt/research-projects/j/jlgage/RawUAVData01/uavforslb/final_image/final_sliced/20230727_G3_07293.jpg
8083,G3,2023,7/20/23,6.5,7/20/23,20230720_G3_08083.jpg,0,/mnt/research-projects/j/jlgage/RawUAVData01/uavforslb/final_image/final_sliced/20230720_G3_08083.jpg
8140,G3,2023,7/20/23,7.5,7/20/23,20230720_G3_08140.jpg,0,/mnt/research-projects/j/jlgage/RawUAVData01/uavforslb/final_image/final_sliced/20230720_G3_08140.jpg
2123,C6B,2024,7/19/24,3.0,7/18/24,20240718_C6B_02123.jpg,-1,/mnt/research-projects/j/jlgage/RawUAVData01/uavforslb/final_image/final_sliced/20240718_C6B_02123.jpg
3574,C6B,2024,7/30/24,2.0,8/2/24,20240802_C6B_03574.jpg,3,/mnt/research-projects/j/jlgage/RawUAVData01/uavforslb/final_image/final_sliced/20240802_C6B_03574.jpg
4236,B7A,2024,7/15/24,8.5,7/16/24,20240716_B7A_04236.jpg,1,/mnt/research-projects/j/jlgage/RawUAVData01/uavforslb/final_image/final_sliced/20240716_B7A_04236.jpg
3199,G3,2023,7/26/23,3.0,7/27/23,20230727_G3_03199.jpg,1,/mnt/research-projects/j/jlgage/RawUAVData01/uavforslb/final_image/final_sliced/20230727_G3_03199.jpg
1447,C6B,2024,7/29/24,5.0,7/26/24,20240726_C6B_01447.jpg,-3,/mnt/research-projects/j/jlgage/RawUAVData01/uavforslb/final_image/final_sliced/20240726_C6B_01447.jpg
8133,G3,2023,7/26/23,7.5,7/27/23,20230727_G3_08133.jpg,1,/mnt/research-projects/j/jlgage/RawUAVData01/uavforslb/final_image/final_sliced/20230727_G3_08133.jpg
7345,G3,2023,7/26/23,5.0,7/27/23,20230727_G3_07345.jpg,1,/mnt/research-projects/j/jlgage/RawUAVData01/uavforslb/final_image/final_sliced/20230727_G3_07345.jpg
11146,I3B,2023,7/12/23,6.0,7/13/23,20230713_I3B_11146.jpg,1,/mnt/research-projects/j/jlgage/RawUAVData01/uavforslb/final_image/final_sliced/20230713_I3B_11146.jpg
10366,I3B,2023,7/25/23,3.0,7/27/23,20230727_I3B_10366.jpg,2,/mnt/research-projects/j/jlgage/RawUAVData01/uavforslb/final_image/final_sliced/20230727_I3B_10366.jpg
7495,G3,2023,7/20/23,8.0,7/20/23,20230720_G3_07495.jpg,0,/mnt/research-projects/j/jlgage/RawUAVData01/uavforslb/final_image/final_sliced/20230720_G3_07495.jpg
1951,C6B,2024,7/19/24,6.5,7/18/24,20240718_C6B_01951.jpg,-1,/mnt/research-projects/j/jlgage/RawUAVData01/uavforslb/final_image/final_sliced/20240718_C6B_01951.jpg
11350,I3B,2023,7/19/23,7.0,7/20/23,20230720_I3B_11350.jpg,1,/mnt/research-projects/j/jlgage/RawUAVData01/uavforslb/final_image/final_sliced/20230720_I3B_11350.jpg
3072,G3,2023,7/26/23,8.0,7/27/23,20230727_G3_03072.jpg,1,/mnt/research-projects/j/jlgage/RawUAVData01/uavforslb/final_image/final_sliced/20230727_G3_03072.jpg
7226,G3,2023,7/19/23,4.0,7/20/23,20230720_G3_07226.jpg,1,/mnt/research-projects/j/jlgage/RawUAVData01/uavforslb/final_image/final_sliced/20230720_G3_07226.jpg
2916,C6B,2024,7/15/24,8.5,7/18/24,20240718_C6B_02916.jpg,3,/mnt/research-projects/j/jlgage/RawUAVData01/uavforslb/final_image/final_sliced/20240718_C6B_02916.jpg
7496,G3,2023,7/26/23,7.0,7/27/23,20230727_G3_07496.jpg,1,/mnt/research-projects/j/jlgage/RawUAVData01/uavforslb/final_image/final_sliced/20230727_G3_07496.jpg
8119,G3,2023,7/20/23,7.0,7/20/23,20230720_G3_08119.jpg,0,/mnt/research-projects/j/jlgage/RawUAVData01/uavforslb/final_image/final_sliced/20230720_G3_08119.jpg
8114,G3,2023,7/20/23,8.0,7/20/23,20230720_G3_08114.jpg,0,/mnt/research-projects/j/jlgage/RawUAVData01/uavforslb/final_image/final_sliced/20230720_G3_08114.jpg
7288,G3,2023,7/26/23,8.5,7/27/23,20230727_G3_07288.jpg,1,/mnt/research-projects/j/jlgage/RawUAVData01/uavforslb/final_image/final_sliced/20230727_G3_07288.jpg
11055,I3B,2023,7/12/23,7.0,7/13/23,20230713_I3B_11055.jpg,1,/mnt/research-projects/j/jlgage/RawUAVData01/uavforslb/final_image/final_sliced/20230713_I3B_11055.jpg
3264,C6B,2024,7/15/24,8.5,7/18/24,20240718_C6B_03264.jpg,3,/mnt/research-projects/j/jlgage/RawUAVData01/uavforslb/final_image/final_sliced/20240718_C6B_03264.jpg
4394,B7A,2024,7/15/24,8.0,7/16/24,20240716_B7A_04394.jpg,1,/mnt/research-projects/j/jlgage/RawUAVData01/uavforslb/final_image/final_sliced/20240716_B7A_04394.jpg
477,C6B,2024,7/19/24,8.0,7/18/24,20240718_C6B_00477.jpg,-1,/mnt/research-projects/j/jlgage/RawUAVData01/uavforslb/final_image/final_sliced/20240718_C6B_00477.jpg
11181,I3B,2023,7/12/23,6.5,7/13/23,20230713_I3B_11181.jpg,1,/mnt/research-projects/j/jlgage/RawUAVData01/uavforslb/final_image/final_sliced/20230713_I3B_11181.jpg
3072,C6B,2024,7/15/24,8.5,7/18/24,20240718_C6B_03072.jpg,3,/mnt/research-projects/j/jlgage/RawUAVData01/uavforslb/final_image/final_sliced/20240718_C6B_03072.jpg
5035,C6B,2024,7/11/24,8.0,7/10/24,20240710_C6B_05035.jpg,-1,/mnt/research-projects/j/jlgage/RawUAVData01/uavforslb/final_image/final_sliced/20240710_C6B_05035.jpg
1206,C6B,2024,7/29/24,5.0,7/26/24,20240726_C6B_01206.jpg,-3,/mnt/research-projects/j/jlgage/RawUAVData01/uavforslb/final_image/final_sliced/20240726_C6B_01206.jpg
8080,G3,2023,7/20/23,8.0,7/20/23,20230720_G3_08080.jpg,0,/mnt/research-projects/j/jlgage/RawUAVData01/uavforslb/final_image/final_sliced/20230720_G3_08080.jpg
10736,I3B,2023,7/19/23,6.0,7/20/23,20230720_I3B_10736.jpg,1,/mnt/research-projects/j/jlgage/RawUAVData01/uavforslb/final_image/final_sliced/20230720_I3B_10736.jpg
523,C6B,2024,7/29/24,5.0,7/26/24,20240726_C6B_00523.jpg,-3,/mnt/research-projects/j/jlgage/RawUAVData01/uavforslb/final_image/final_sliced/20240726_C6B_00523.jpg
7265,G3,2023,7/26/23,7.0,7/27/23,20230727_G3_07265.jpg,1,/mnt/research-projects/j/jlgage/RawUAVData01/uavforslb/final_image/final_sliced/20230727_G3_07265.jpg
2629,C6B,2024,7/30/24,2.5,8/2/24,20240802_C6B_02629.jpg,3,/mnt/research-projects/j/jlgage/RawUAVData01/uavforslb/final_image/final_sliced/20240802_C6B_02629.jpg
7407,G3,2023,7/26/23,7.5,7/27/23,20230727_G3_07407.jpg,1,/mnt/research-projects/j/jlgage/RawUAVData01/uavforslb/final_image/final_sliced/20230727_G3_07407.jpg
8088,G3,2023,7/26/23,5.0,7/27/23,20230727_G3_08088.jpg,1,/mnt/research-projects/j/jlgage/RawUAVData01/uavforslb/final_image/final_sliced/20230727_G3_08088.jpg
348,C6B,2024,7/19/24,7.0,7/18/24,20240718_C6B_00348.jpg,-1,/mnt/research-projects/j/jlgage/RawUAVData01/uavforslb/final_image/final_sliced/20240718_C6B_00348.jpg
10877,I3B,2023,7/19/23,5.0,7/20/23,20230720_I3B_10877.jpg,1,/mnt/research-projects/j/jlgage/RawUAVData01/uavforslb/final_image/final_sliced/20230720_I3B_10877.jpg
7424,G3,2023,7/20/23,7.5,7/20/23,20230720_G3_07424.jpg,0,/mnt/research-projects/j/jlgage/RawUAVData01/uavforslb/final_image/final_sliced/20230720_G3_07424.jpg
3204,C6B,2024,7/30/24,1.5,8/2/24,20240802_C6B_03204.jpg,3,/mnt/research-projects/j/jlgage/RawUAVData01/uavforslb/final_image/final_sliced/20240802_C6B_03204.jpg
3407,C6B,2024,7/15/24,8.0,7/18/24,20240718_C6B_03407.jpg,3,/mnt/research-projects/j/jlgage/RawUAVData01/uavforslb/final_image/final_sliced/20240718_C6B_03407.jpg
10254,I3B,2023,7/25/23,4.0,7/27/23,20230727_I3B_10254.jpg,2,/mnt/research-projects/j/jlgage/RawUAVData01/uavforslb/final_image/final_sliced/20230727_I3B_10254.jpg
11271,I3B,2023,7/19/23,4.5,7/20/23,20230720_I3B_11271.jpg,1,/mnt/research-projects/j/jlgage/RawUAVData01/uavforslb/final_image/final_sliced/20230720_I3B_11271.jpg
3562,C6B,2024,7/15/24,8.5,7/18/24,20240718_C6B_03562.jpg,3,/mnt/research-projects/j/jlgage/RawUAVData01/uavforslb/final_image/final_sliced/20240718_C6B_03562.jpg
3114,C6B,2024,7/15/24,4.0,7/18/24,20240718_C6B_03114.jpg,3,/mnt/research-projects/j/jlgage/RawUAVData01/uavforslb/final_image/final_sliced/20240718_C6B_03114.jpg
1894,C6B,2024,7/19/24,4.5,7/18/24,20240718_C6B_01894.jpg,-1,/mnt/research-projects/j/jlgage/RawUAVData01/uavforslb/final_image/final_sliced/20240718_C6B_01894.jpg
9869,I3B,2023,7/12/23,5.5,7/13/23,20230713_I3B_09869.jpg,1,/mnt/research-projects/j/jlgage/RawUAVData01/uavforslb/final_image/final_sliced/20230713_I3B_09869.jpg
10421,I3B,2023,7/25/23,4.0,7/27/23,20230727_I3B_10421.jpg,2,/mnt/research-projects/j/jlgage/RawUAVData01/uavforslb/final_image/final_sliced/20230727_I3B_10421.jpg
7383,G3,2023,7/26/23,8.0,7/27/23,20230727_G3_07383.jpg,1,/mnt/research-projects/j/jlgage/RawUAVData01/uavforslb/final_image/final_sliced/20230727_G3_07383.jpg
11099,I3B,2023,7/12/23,7.5,7/13/23,20230713_I3B_11099.jpg,1,/mnt/research-projects/j/jlgage/RawUAVData01/uavforslb/final_image/final_sliced/20230713_I3B_11099.jpg
2807,C6B,2024,7/15/24,8.5,7/18/24,20240718_C6B_02807.jpg,3,/mnt/research-projects/j/jlgage/RawUAVData01/uavforslb/final_image/final_sliced/20240718_C6B_02807.jpg
351,C6B,2024,7/19/24,7.5,7/18/24,20240718_C6B_00351.jpg,-1,/mnt/research-projects/j/jlgage/RawUAVData01/uavforslb/final_image/final_sliced/20240718_C6B_00351.jpg
4491,B7A,2024,7/30/24,3.0,7/27/24,20240727_B7A_04491.jpg,-3,/mnt/research-projects/j/jlgage/RawUAVData01/uavforslb/final_image/final_sliced/20240727_B7A_04491.jpg
890,C6B,2024,7/29/24,6.0,7/26/24,20240726_C6B_00890.jpg,-3,/mnt/research-projects/j/jlgage/RawUAVData01/uavforslb/final_image/final_sliced/20240726_C6B_00890.jpg
4400,B7A,2024,7/15/24,8.0,7/16/24,20240716_B7A_04400.jpg,1,/mnt/research-projects/j/jlgage/RawUAVData01/uavforslb/final_image/final_sliced/20240716_B7A_04400.jpg
9850,I3B,2023,7/12/23,6.0,7/13/23,20230713_I3B_09850.jpg,1,/mnt/research-projects/j/jlgage/RawUAVData01/uavforslb/final_image/final_sliced/20230713_I3B_09850.jpg
4144,B7A,2024,7/30/24,3.0,7/27/24,20240727_B7A_04144.jpg,-3,/mnt/research-projects/j/jlgage/RawUAVData01/uavforslb/final_image/final_sliced/20240727_B7A_04144.jpg
2532,C6B,2024,7/27/24,4.5,7/26/24,20240726_C6B_02532.jpg,-1,/mnt/research-projects/j/jlgage/RawUAVData01/uavforslb/final_image/final_sliced/20240726_C6B_02532.jpg
8105,G3,2023,7/20/23,6.0,7/20/23,20230720_G3_08105.jpg,0,/mnt/research-projects/j/jlgage/RawUAVData01/uavforslb/final_image/final_sliced/20230720_G3_08105.jpg
7465,G3,2023,7/20/23,7.0,7/20/23,20230720_G3_07465.jpg,0,/mnt/research-projects/j/jlgage/RawUAVData01/uavforslb/final_image/final_sliced/20230720_G3_07465.jpg
4171,B7A,2024,7/30/24,8.0,7/27/24,20240727_B7A_04171.jpg,-3,/mnt/research-projects/j/jlgage/RawUAVData01/uavforslb/final_image/final_sliced/20240727_B7A_04171.jpg
9671,I3B,2023,7/12/23,5.0,7/13/23,20230713_I3B_09671.jpg,1,/mnt/research-projects/j/jlgage/RawUAVData01/uavforslb/final_image/final_sliced/20230713_I3B_09671.jpg
9721,I3B,2023,7/12/23,4.5,7/13/23,20230713_I3B_09721.jpg,1,/mnt/research-projects/j/jlgage/RawUAVData01/uavforslb/final_image/final_sliced/20230713_I3B_09721.jpg
7208,G3,2023,7/26/23,4.0,7/27/23,20230727_G3_07208.jpg,1,/mnt/research-projects/j/jlgage/RawUAVData01/uavforslb/final_image/final_sliced/20230727_G3_07208.jpg
9628,I3B,2023,7/12/23,5.0,7/13/23,20230713_I3B_09628.jpg,1,/mnt/research-projects/j/jlgage/RawUAVData01/uavforslb/final_image/final_sliced/20230713_I3B_09628.jpg
10036,I3B,2023,7/12/23,5.0,7/13/23,20230713_I3B_10036.jpg,1,/mnt/research-projects/j/jlgage/RawUAVData01/uavforslb/final_image/final_sliced/20230713_I3B_10036.jpg
703,C6B,2024,7/19/24,8.5,7/18/24,20240718_C6B_00703.jpg,-1,/mnt/research-projects/j/jlgage/RawUAVData01/uavforslb/final_image/final_sliced/20240718_C6B_00703.jpg
10764,I3B,2023,7/19/23,5.0,7/20/23,20230720_I3B_10764.jpg,1,/mnt/research-projects/j/jlgage/RawUAVData01/uavforslb/final_image/final_sliced/20230720_I3B_10764.jpg
1566,C6B,2024,7/29/24,3.0,7/26/24,20240726_C6B_01566.jpg,-3,/mnt/research-projects/j/jlgage/RawUAVData01/uavforslb/final_image/final_sliced/20240726_C6B_01566.jpg
3123,G3,2023,7/26/23,7.5,7/27/23,20230727_G3_03123.jpg,1,/mnt/research-projects/j/jlgage/RawUAVData01/uavforslb/final_image/final_sliced/20230727_G3_03123.jpg
1975,C6B,2024,7/19/24,7.0,7/18/24,20240718_C6B_01975.jpg,-1,/mnt/research-projects/j/jlgage/RawUAVData01/uavforslb/final_image/final_sliced/20240718_C6B_01975.jpg
10908,I3B,2023,7/19/23,5.5,7/20/23,20230720_I3B_10908.jpg,1,/mnt/research-projects/j/jlgage/RawUAVData01/uavforslb/final_image/final_sliced/20230720_I3B_10908.jpg
3937,B7A,2024,7/15/24,8.5,7/16/24,20240716_B7A_03937.jpg,1,/mnt/research-projects/j/jlgage/RawUAVData01/uavforslb/final_image/final_sliced/20240716_B7A_03937.jpg
7446,G3,2023,7/20/23,7.5,7/20/23,20230720_G3_07446.jpg,0,/mnt/research-projects/j/jlgage/RawUAVData01/uavforslb/final_image/final_sliced/20230720_G3_07446.jpg
2605,C6B,2024,7/30/24,4.0,8/2/24,20240802_C6B_02605.jpg,3,/mnt/research-projects/j/jlgage/RawUAVData01/uavforslb/final_image/final_sliced/20240802_C6B_02605.jpg
3840,B7A,2024,7/15/24,6.5,7/16/24,20240716_B7A_03840.jpg,1,/mnt/research-projects/j/jlgage/RawUAVData01/uavforslb/final_image/final_sliced/20240716_B7A_03840.jpg
4504,B7A,2024,7/15/24,8.0,7/16/24,20240716_B7A_04504.jpg,1,/mnt/research-projects/j/jlgage/RawUAVData01/uavforslb/final_image/final_sliced/20240716_B7A_04504.jpg
10895,I3B,2023,7/19/23,7.0,7/20/23,20230720_I3B_10895.jpg,1,/mnt/research-projects/j/jlgage/RawUAVData01/uavforslb/final_image/final_sliced/20230720_I3B_10895.jpg
4367,B7A,2024,7/15/24,7.5,7/16/24,20240716_B7A_04367.jpg,1,/mnt/research-projects/j/jlgage/RawUAVData01/uavforslb/final_image/final_sliced/20240716_B7A_04367.jpg
10354,I3B,2023,7/25/23,3.0,7/27/23,20230727_I3B_10354.jpg,2,/mnt/research-projects/j/jlgage/RawUAVData01/uavforslb/final_image/final_sliced/20230727_I3B_10354.jpg
11225,I3B,2023,7/19/23,5.0,7/20/23,20230720_I3B_11225.jpg,1,/mnt/research-projects/j/jlgage/RawUAVData01/uavforslb/final_image/final_sliced/20230720_I3B_11225.jpg
2596,C6B,2024,7/30/24,2.5,8/2/24,20240802_C6B_02596.jpg,3,/mnt/research-projects/j/jlgage/RawUAVData01/uavforslb/final_image/final_sliced/20240802_C6B_02596.jpg
11215,I3B,2023,7/19/23,5.0,7/20/23,20230720_I3B_11215.jpg,1,/mnt/research-projects/j/jlgage/RawUAVData01/uavforslb/final_image/final_sliced/20230720_I3B_11215.jpg
3589,C6B,2024,7/15/24,8.0,7/18/24,20240718_C6B_03589.jpg,3,/mnt/research-projects/j/jlgage/RawUAVData01/uavforslb/final_image/final_sliced/20240718_C6B_03589.jpg
8155,G3,2023,7/26/23,8.0,7/27/23,20230727_G3_08155.jpg,1,/mnt/research-projects/j/jlgage/RawUAVData01/uavforslb/final_image/final_sliced/20230727_G3_08155.jpg
2085,C6B,2024,7/29/24,2.5,7/26/24,20240726_C6B_02085.jpg,-3,/mnt/research-projects/j/jlgage/RawUAVData01/uavforslb/final_image/final_sliced/20240726_C6B_02085.jpg
3816,C6B,2024,7/30/24,4.5,8/2/24,20240802_C6B_03816.jpg,3,/mnt/research-projects/j/jlgage/RawUAVData01/uavforslb/final_image/final_sliced/20240802_C6B_03816.jpg
8034,G3,2023,7/19/23,7.0,7/20/23,20230720_G3_08034.jpg,1,/mnt/research-projects/j/jlgage/RawUAVData01/uavforslb/final_image/final_sliced/20230720_G3_08034.jpg
9612,I3B,2023,7/12/23,6.0,7/13/23,20230713_I3B_09612.jpg,1,/mnt/research-projects/j/jlgage/RawUAVData01/uavforslb/final_image/final_sliced/20230713_I3B_09612.jpg
2016,C6B,2024,7/19/24,7.0,7/18/24,20240718_C6B_02016.jpg,-1,/mnt/research-projects/j/jlgage/RawUAVData01/uavforslb/final_image/final_sliced/20240718_C6B_02016.jpg
8108,G3,2023,7/20/23,7.5,7/20/23,20230720_G3_08108.jpg,0,/mnt/research-projects/j/jlgage/RawUAVData01/uavforslb/final_image/final_sliced/20230720_G3_08108.jpg
5557,B7A,2024,7/11/24,7.5,7/10/24,20240710_B7A_05557.jpg,-1,/mnt/research-projects/j/jlgage/RawUAVData01/uavforslb/final_image/final_sliced/20240710_B7A_05557.jpg
3110,G3,2023,7/26/23,7.0,7/27/23,20230727_G3_03110.jpg,1,/mnt/research-projects/j/jlgage/RawUAVData01/uavforslb/final_image/final_sliced/20230727_G3_03110.jpg
1726,C6B,2024,7/29/24,4.0,7/26/24,20240726_C6B_01726.jpg,-3,/mnt/research-projects/j/jlgage/RawUAVData01/uavforslb/final_image/final_sliced/20240726_C6B_01726.jpg
7324,G3,2023,7/20/23,7.5,7/20/23,20230720_G3_07324.jpg,0,/mnt/research-projects/j/jlgage/RawUAVData01/uavforslb/final_image/final_sliced/20230720_G3_07324.jpg
8164,G3,2023,7/20/23,6.0,7/20/23,20230720_G3_08164.jpg,0,/mnt/research-projects/j/jlgage/RawUAVData01/uavforslb/final_image/final_sliced/20230720_G3_08164.jpg
2526,C6B,2024,7/11/24,7.5,7/10/24,20240710_C6B_02526.jpg,-1,/mnt/research-projects/j/jlgage/RawUAVData01/uavforslb/final_image/final_sliced/20240710_C6B_02526.jpg
3983,B7A,2024,7/15/24,8.5,7/16/24,20240716_B7A_03983.jpg,1,/mnt/research-projects/j/jlgage/RawUAVData01/uavforslb/final_image/final_sliced/20240716_B7A_03983.jpg
4230,B7A,2024,7/30/24,1.5,7/27/24,20240727_B7A_04230.jpg,-3,/mnt/research-projects/j/jlgage/RawUAVData01/uavforslb/final_image/final_sliced/20240727_B7A_04230.jpg
9963,I3B,2023,7/12/23,5.5,7/13/23,20230713_I3B_09963.jpg,1,/mnt/research-projects/j/jlgage/RawUAVData01/uavforslb/final_image/final_sliced/20230713_I3B_09963.jpg
3147,G3,2023,7/26/23,6.0,7/27/23,20230727_G3_03147.jpg,1,/mnt/research-projects/j/jlgage/RawUAVData01/uavforslb/final_image/final_sliced/20230727_G3_03147.jpg
10252,I3B,2023,7/25/23,6.0,7/27/23,20230727_I3B_10252.jpg,2,/mnt/research-projects/j/jlgage/RawUAVData01/uavforslb/final_image/final_sliced/20230727_I3B_10252.jpg
486,C6B,2024,7/29/24,6.0,7/26/24,20240726_C6B_00486.jpg,-3,/mnt/research-projects/j/jlgage/RawUAVData01/uavforslb/final_image/final_sliced/20240726_C6B_00486.jpg
11343,I3B,2023,7/19/23,5.0,7/20/23,20230720_I3B_11343.jpg,1,/mnt/research-projects/j/jlgage/RawUAVData01/uavforslb/final_image/final_sliced/20230720_I3B_11343.jpg
3395,C6B,2024,7/15/24,8.5,7/18/24,20240718_C6B_03395.jpg,3,/mnt/research-projects/j/jlgage/RawUAVData01/uavforslb/final_image/final_sliced/20240718_C6B_03395.jpg
105,C6B,2024,7/19/24,7.5,7/18/24,20240718_C6B_00105.jpg,-1,/mnt/research-projects/j/jlgage/RawUAVData01/uavforslb/final_image/final_sliced/20240718_C6B_00105.jpg
4531,B7A,2024,7/30/24,1.5,7/27/24,20240727_B7A_04531.jpg,-3,/mnt/research-projects/j/jlgage/RawUAVData01/uavforslb/final_image/final_sliced/20240727_B7A_04531.jpg
3065,C6B,2024,7/30/24,2.5,8/2/24,20240802_C6B_03065.jpg,3,/mnt/research-projects/j/jlgage/RawUAVData01/uavforslb/final_image/final_sliced/20240802_C6B_03065.jpg
3200,G3,2023,7/26/23,3.0,7/27/23,20230727_G3_03200.jpg,1,/mnt/research-projects/j/jlgage/RawUAVData01/uavforslb/final_image/final_sliced/20230727_G3_03200.jpg
10260,I3B,2023,7/25/23,5.5,7/27/23,20230727_I3B_10260.jpg,2,/mnt/research-projects/j/jlgage/RawUAVData01/uavforslb/final_image/final_sliced/20230727_I3B_10260.jpg
11029,I3B,2023,7/12/23,8.0,7/13/23,20230713_I3B_11029.jpg,1,/mnt/research-projects/j/jlgage/RawUAVData01/uavforslb/final_image/final_sliced/20230713_I3B_11029.jpg
1468,C6B,2024,7/29/24,5.0,7/26/24,20240726_C6B_01468.jpg,-3,/mnt/research-projects/j/jlgage/RawUAVData01/uavforslb/final_image/final_sliced/20240726_C6B_01468.jpg
11160,I3B,2023,7/12/23,8.0,7/13/23,20230713_I3B_11160.jpg,1,/mnt/research-projects/j/jlgage/RawUAVData01/uavforslb/final_image/final_sliced/20230713_I3B_11160.jpg
10420,I3B,2023,7/25/23,3.0,7/27/23,20230727_I3B_10420.jpg,2,/mnt/research-projects/j/jlgage/RawUAVData01/uavforslb/final_image/final_sliced/20230727_I3B_10420.jpg
4328,B7A,2024,7/30/24,5.0,7/27/24,20240727_B7A_04328.jpg,-3,/mnt/research-projects/j/jlgage/RawUAVData01/uavforslb/final_image/final_sliced/20240727_B7A_04328.jpg
8076,G3,2023,7/20/23,8.0,7/20/23,20230720_G3_08076.jpg,0,/mnt/research-projects/j/jlgage/RawUAVData01/uavforslb/final_image/final_sliced/20230720_G3_08076.jpg
2020,C6B,2024,7/19/24,7.0,7/18/24,20240718_C6B_02020.jpg,-1,/mnt/research-projects/j/jlgage/RawUAVData01/uavforslb/final_image/final_sliced/20240718_C6B_02020.jpg
5515,B7A,2024,7/11/24,7.5,7/10/24,20240710_B7A_05515.jpg,-1,/mnt/research-projects/j/jlgage/RawUAVData01/uavforslb/final_image/final_sliced/20240710_B7A_05515.jpg
9884,I3B,2023,7/12/23,5.0,7/13/23,20230713_I3B_09884.jpg,1,/mnt/research-projects/j/jlgage/RawUAVData01/uavforslb/final_image/final_sliced/20230713_I3B_09884.jpg
289,C6B,2024,7/19/24,7.5,7/18/24,20240718_C6B_00289.jpg,-1,/mnt/research-projects/j/jlgage/RawUAVData01/uavforslb/final_image/final_sliced/20240718_C6B_00289.jpg
511,C6B,2024,7/19/24,8.5,7/18/24,20240718_C6B_00511.jpg,-1,/mnt/research-projects/j/jlgage/RawUAVData01/uavforslb/final_image/final_sliced/20240718_C6B_00511.jpg
1827,C6B,2024,7/29/24,3.0,7/26/24,20240726_C6B_01827.jpg,-3,/mnt/research-projects/j/jlgage/RawUAVData01/uavforslb/final_image/final_sliced/20240726_C6B_01827.jpg
9598,I3B,2023,7/12/23,5.5,7/13/23,20230713_I3B_09598.jpg,1,/mnt/research-projects/j/jlgage/RawUAVData01/uavforslb/final_image/final_sliced/20230713_I3B_09598.jpg
1577,C6B,2024,7/29/24,5.5,7/26/24,20240726_C6B_01577.jpg,-3,/mnt/research-projects/j/jlgage/RawUAVData01/uavforslb/final_image/final_sliced/20240726_C6B_01577.jpg
10864,I3B,2023,7/19/23,5.5,7/20/23,20230720_I3B_10864.jpg,1,/mnt/research-projects/j/jlgage/RawUAVData01/uavforslb/final_image/final_sliced/20230720_I3B_10864.jpg
3040,C6B,2024,7/30/24,1.0,8/2/24,20240802_C6B_03040.jpg,3,/mnt/research-projects/j/jlgage/RawUAVData01/uavforslb/final_image/final_sliced/20240802_C6B_03040.jpg
11109,I3B,2023,7/12/23,7.5,7/13/23,20230713_I3B_11109.jpg,1,/mnt/research-projects/j/jlgage/RawUAVData01/uavforslb/final_image/final_sliced/20230713_I3B_11109.jpg
8165,G3,2023,7/20/23,7.5,7/20/23,20230720_G3_08165.jpg,0,/mnt/research-projects/j/jlgage/RawUAVData01/uavforslb/final_image/final_sliced/20230720_G3_08165.jpg
3877,B7A,2024,7/30/24,2.0,7/27/24,20240727_B7A_03877.jpg,-3,/mnt/research-projects/j/jlgage/RawUAVData01/uavforslb/final_image/final_sliced/20240727_B7A_03877.jpg
1887,C6B,2024,7/29/24,1.5,7/26/24,20240726_C6B_01887.jpg,-3,/mnt/research-projects/j/jlgage/RawUAVData01/uavforslb/final_image/final_sliced/20240726_C6B_01887.jpg
3473,C6B,2024,7/15/24,8.5,7/18/24,20240718_C6B_03473.jpg,3,/mnt/research-projects/j/jlgage/RawUAVData01/uavforslb/final_image/final_sliced/20240718_C6B_03473.jpg
4341,B7A,2024,7/15/24,5.0,7/16/24,20240716_B7A_04341.jpg,1,/mnt/research-projects/j/jlgage/RawUAVData01/uavforslb/final_image/final_sliced/20240716_B7A_04341.jpg
3195,G3,2023,7/26/23,6.0,7/27/23,20230727_G3_03195.jpg,1,/mnt/research-projects/j/jlgage/RawUAVData01/uavforslb/final_image/final_sliced/20230727_G3_03195.jpg
11026,I3B,2023,7/12/23,7.5,7/13/23,20230713_I3B_11026.jpg,1,/mnt/research-projects/j/jlgage/RawUAVData01/uavforslb/final_image/final_sliced/20230713_I3B_11026.jpg
1664,C6B,2024,7/19/24,8.0,7/18/24,20240718_C6B_01664.jpg,-1,/mnt/research-projects/j/jlgage/RawUAVData01/uavforslb/final_image/final_sliced/20240718_C6B_01664.jpg
485,C6B,2024,7/29/24,5.5,7/26/24,20240726_C6B_00485.jpg,-3,/mnt/research-projects/j/jlgage/RawUAVData01/uavforslb/final_image/final_sliced/20240726_C6B_00485.jpg
9600,I3B,2023,7/12/23,6.5,7/13/23,20230713_I3B_09600.jpg,1,/mnt/research-projects/j/jlgage/RawUAVData01/uavforslb/final_image/final_sliced/20230713_I3B_09600.jpg
2886,C6B,2024,7/30/24,2.0,8/2/24,20240802_C6B_02886.jpg,3,/mnt/research-projects/j/jlgage/RawUAVData01/uavforslb/final_image/final_sliced/20240802_C6B_02886.jpg
11068,I3B,2023,7/12/23,6.0,7/13/23,20230713_I3B_11068.jpg,1,/mnt/research-projects/j/jlgage/RawUAVData01/uavforslb/final_image/final_sliced/20230713_I3B_11068.jpg
10015,I3B,2023,7/12/23,4.5,7/13/23,20230713_I3B_10015.jpg,1,/mnt/research-projects/j/jlgage/RawUAVData01/uavforslb/final_image/final_sliced/20230713_I3B_10015.jpg
3968,B7A,2024,7/15/24,6.0,7/16/24,20240716_B7A_03968.jpg,1,/mnt/research-projects/j/jlgage/RawUAVData01/uavforslb/final_image/final_sliced/20240716_B7A_03968.jpg
7457,G3,2023,7/26/23,6.5,7/27/23,20230727_G3_07457.jpg,1,/mnt/research-projects/j/jlgage/RawUAVData01/uavforslb/final_image/final_sliced/20230727_G3_07457.jpg
7456,G3,2023,7/26/23,7.5,7/27/23,20230727_G3_07456.jpg,1,/mnt/research-projects/j/jlgage/RawUAVData01/uavforslb/final_image/final_sliced/20230727_G3_07456.jpg
5545,B7A,2024,7/11/24,8.5,7/10/24,20240710_B7A_05545.jpg,-1,/mnt/research-projects/j/jlgage/RawUAVData01/uavforslb/final_image/final_sliced/20240710_B7A_05545.jpg
4545,B7A,2024,7/30/24,2.0,7/27/24,20240727_B7A_04545.jpg,-3,/mnt/research-projects/j/jlgage/RawUAVData01/uavforslb/final_image/final_sliced/20240727_B7A_04545.jpg
2108,C6B,2024,7/19/24,7.0,7/18/24,20240718_C6B_02108.jpg,-1,/mnt/research-projects/j/jlgage/RawUAVData01/uavforslb/final_image/final_sliced/20240718_C6B_02108.jpg
3832,B7A,2024,7/15/24,7.5,7/16/24,20240716_B7A_03832.jpg,1,/mnt/research-projects/j/jlgage/RawUAVData01/uavforslb/final_image/final_sliced/20240716_B7A_03832.jpg
8032,G3,2023,7/19/23,6.5,7/20/23,20230720_G3_08032.jpg,1,/mnt/research-projects/j/jlgage/RawUAVData01/uavforslb/final_image/final_sliced/20230720_G3_08032.jpg
7337,G3,2023,7/26/23,6.0,7/27/23,20230727_G3_07337.jpg,1,/mnt/research-projects/j/jlgage/RawUAVData01/uavforslb/final_image/final_sliced/20230727_G3_07337.jpg
4324,B7A,2024,7/30/24,1.5,7/27/24,20240727_B7A_04324.jpg,-3,/mnt/research-projects/j/jlgage/RawUAVData01/uavforslb/final_image/final_sliced/20240727_B7A_04324.jpg
8142,G3,2023,7/26/23,5.0,7/27/23,20230727_G3_08142.jpg,1,/mnt/research-projects/j/jlgage/RawUAVData01/uavforslb/final_image/final_sliced/20230727_G3_08142.jpg
2132,C6B,2024,7/29/24,4.0,7/26/24,20240726_C6B_02132.jpg,-3,/mnt/research-projects/j/jlgage/RawUAVData01/uavforslb/final_image/final_sliced/20240726_C6B_02132.jpg
11171,I3B,2023,7/12/23,6.5,7/13/23,20230713_I3B_11171.jpg,1,/mnt/research-projects/j/jlgage/RawUAVData01/uavforslb/final_image/final_sliced/20230713_I3B_11171.jpg
8060,G3,2023,7/19/23,5.5,7/20/23,20230720_G3_08060.jpg,1,/mnt/research-projects/j/jlgage/RawUAVData01/uavforslb/final_image/final_sliced/20230720_G3_08060.jpg
11194,I3B,2023,7/19/23,5.5,7/20/23,20230720_I3B_11194.jpg,1,/mnt/research-projects/j/jlgage/RawUAVData01/uavforslb/final_image/final_sliced/20230720_I3B_11194.jpg
4487,B7A,2024,7/30/24,1.5,7/27/24,20240727_B7A_04487.jpg,-3,/mnt/research-projects/j/jlgage/RawUAVData01/uavforslb/final_image/final_sliced/20240727_B7A_04487.jpg
9893,I3B,2023,7/12/23,5.5,7/13/23,20230713_I3B_09893.jpg,1,/mnt/research-projects/j/jlgage/RawUAVData01/uavforslb/final_image/final_sliced/20230713_I3B_09893.jpg
9635,I3B,2023,7/12/23,5.5,7/13/23,20230713_I3B_09635.jpg,1,/mnt/research-projects/j/jlgage/RawUAVData01/uavforslb/final_image/final_sliced/20230713_I3B_09635.jpg
11301,I3B,2023,7/19/23,6.5,7/20/23,20230720_I3B_11301.jpg,1,/mnt/research-projects/j/jlgage/RawUAVData01/uavforslb/final_image/final_sliced/20230720_I3B_11301.jpg
3096,G3,2023,7/26/23,8.0,7/27/23,20230727_G3_03096.jpg,1,/mnt/research-projects/j/jlgage/RawUAVData01/uavforslb/final_image/final_sliced/20230727_G3_03096.jpg
10815,I3B,2023,7/19/23,5.0,7/20/23,20230720_I3B_10815.jpg,1,/mnt/research-projects/j/jlgage/RawUAVData01/uavforslb/final_image/final_sliced/20230720_I3B_10815.jpg
2948,C6B,2024,7/15/24,8.0,7/18/24,20240718_C6B_02948.jpg,3,/mnt/research-projects/j/jlgage/RawUAVData01/uavforslb/final_image/final_sliced/20240718_C6B_02948.jpg
3137,G3,2023,7/19/23,7.5,7/20/23,20230720_G3_03137.jpg,1,/mnt/research-projects/j/jlgage/RawUAVData01/uavforslb/final_image/final_sliced/20230720_G3_03137.jpg
2771,C6B,2024,7/15/24,8.5,7/18/24,20240718_C6B_02771.jpg,3,/mnt/research-projects/j/jlgage/RawUAVData01/uavforslb/final_image/final_sliced/20240718_C6B_02771.jpg
2999,C6B,2024,7/15/24,7.0,7/18/24,20240718_C6B_02999.jpg,3,/mnt/research-projects/j/jlgage/RawUAVData01/uavforslb/final_image/final_sliced/20240718_C6B_02999.jpg
10725,I3B,2023,7/19/23,5.0,7/20/23,20230720_I3B_10725.jpg,1,/mnt/research-projects/j/jlgage/RawUAVData01/uavforslb/final_image/final_sliced/20230720_I3B_10725.jpg
9720,I3B,2023,7/12/23,6.0,7/13/23,20230713_I3B_09720.jpg,1,/mnt/research-projects/j/jlgage/RawUAVData01/uavforslb/final_image/final_sliced/20230713_I3B_09720.jpg
3322,C6B,2024,7/30/24,4.5,8/2/24,20240802_C6B_03322.jpg,3,/mnt/research-projects/j/jlgage/RawUAVData01/uavforslb/final_image/final_sliced/20240802_C6B_03322.jpg
3529,C6B,2024,7/30/24,2.0,8/2/24,20240802_C6B_03529.jpg,3,/mnt/research-projects/j/jlgage/RawUAVData01/uavforslb/final_image/final_sliced/20240802_C6B_03529.jpg
8106,G3,2023,7/26/23,4.5,7/27/23,20230727_G3_08106.jpg,1,/mnt/research-projects/j/jlgage/RawUAVData01/uavforslb/final_image/final_sliced/20230727_G3_08106.jpg
8147,G3,2023,7/26/23,5.5,7/27/23,20230727_G3_08147.jpg,1,/mnt/research-projects/j/jlgage/RawUAVData01/uavforslb/final_image/final_sliced/20230727_G3_08147.jpg
1347,C6B,2024,7/29/24,2.0,7/26/24,20240726_C6B_01347.jpg,-3,/mnt/research-projects/j/jlgage/RawUAVData01/uavforslb/final_image/final_sliced/20240726_C6B_01347.jpg
1527,C6B,2024,7/19/24,8.5,7/18/24,20240718_C6B_01527.jpg,-1,/mnt/research-projects/j/jlgage/RawUAVData01/uavforslb/final_image/final_sliced/20240718_C6B_01527.jpg
3722,C6B,2024,7/15/24,8.5,7/18/24,20240718_C6B_03722.jpg,3,/mnt/research-projects/j/jlgage/RawUAVData01/uavforslb/final_image/final_sliced/20240718_C6B_03722.jpg
7215,G3,2023,7/19/23,7.5,7/20/23,20230720_G3_07215.jpg,1,/mnt/research-projects/j/jlgage/RawUAVData01/uavforslb/final_image/final_sliced/20230720_G3_07215.jpg
7205,G3,2023,7/19/23,7.0,7/20/23,20230720_G3_07205.jpg,1,/mnt/research-projects/j/jlgage/RawUAVData01/uavforslb/final_image/final_sliced/20230720_G3_07205.jpg
160,C6B,2024,7/19/24,8.5,7/18/24,20240718_C6B_00160.jpg,-1,/mnt/research-projects/j/jlgage/RawUAVData01/uavforslb/final_image/final_sliced/20240718_C6B_00160.jpg
7518,G3,2023,7/20/23,6.5,7/20/23,20230720_G3_07518.jpg,0,/mnt/research-projects/j/jlgage/RawUAVData01/uavforslb/final_image/final_sliced/20230720_G3_07518.jpg
3266,C6B,2024,7/30/24,3.0,8/2/24,20240802_C6B_03266.jpg,3,/mnt/research-projects/j/jlgage/RawUAVData01/uavforslb/final_image/final_sliced/20240802_C6B_03266.jpg
4191,B7A,2024,7/30/24,1.5,7/27/24,20240727_B7A_04191.jpg,-3,/mnt/research-projects/j/jlgage/RawUAVData01/uavforslb/final_image/final_sliced/20240727_B7A_04191.jpg
7228,G3,2023,7/19/23,7.0,7/20/23,20230720_G3_07228.jpg,1,/mnt/research-projects/j/jlgage/RawUAVData01/uavforslb/final_image/final_sliced/20230720_G3_07228.jpg
3218,C6B,2024,7/15/24,8.5,7/18/24,20240718_C6B_03218.jpg,3,/mnt/research-projects/j/jlgage/RawUAVData01/uavforslb/final_image/final_sliced/20240718_C6B_03218.jpg
5011,C6B,2024,7/11/24,8.0,7/10/24,20240710_C6B_05011.jpg,-1,/mnt/research-projects/j/jlgage/RawUAVData01/uavforslb/final_image/final_sliced/20240710_C6B_05011.jpg
7229,G3,2023,7/19/23,7.0,7/20/23,20230720_G3_07229.jpg,1,/mnt/research-projects/j/jlgage/RawUAVData01/uavforslb/final_image/final_sliced/20230720_G3_07229.jpg
8156,G3,2023,7/26/23,4.0,7/27/23,20230727_G3_08156.jpg,1,/mnt/research-projects/j/jlgage/RawUAVData01/uavforslb/final_image/final_sliced/20230727_G3_08156.jpg
10417,I3B,2023,7/25/23,3.0,7/27/23,20230727_I3B_10417.jpg,2,/mnt/research-projects/j/jlgage/RawUAVData01/uavforslb/final_image/final_sliced/20230727_I3B_10417.jpg
1140,C6B,2024,7/29/24,6.0,7/26/24,20240726_C6B_01140.jpg,-3,/mnt/research-projects/j/jlgage/RawUAVData01/uavforslb/final_image/final_sliced/20240726_C6B_01140.jpg
8012,G3,2023,7/26/23,6.0,7/27/23,20230727_G3_08012.jpg,1,/mnt/research-projects/j/jlgage/RawUAVData01/uavforslb/final_image/final_sliced/20230727_G3_08012.jpg
2056,C6B,2024,7/19/24,5.0,7/18/24,20240718_C6B_02056.jpg,-1,/mnt/research-projects/j/jlgage/RawUAVData01/uavforslb/final_image/final_sliced/20240718_C6B_02056.jpg
10791,I3B,2023,7/19/23,4.0,7/20/23,20230720_I3B_10791.jpg,1,/mnt/research-projects/j/jlgage/RawUAVData01/uavforslb/final_image/final_sliced/20230720_I3B_10791.jpg
11036,I3B,2023,7/12/23,7.5,7/13/23,20230713_I3B_11036.jpg,1,/mnt/research-projects/j/jlgage/RawUAVData01/uavforslb/final_image/final_sliced/20230713_I3B_11036.jpg
220,C6B,2024,7/19/24,8.5,7/18/24,20240718_C6B_00220.jpg,-1,/mnt/research-projects/j/jlgage/RawUAVData01/uavforslb/final_image/final_sliced/20240718_C6B_00220.jpg
9842,I3B,2023,7/12/23,5.0,7/13/23,20230713_I3B_09842.jpg,1,/mnt/research-projects/j/jlgage/RawUAVData01/uavforslb/final_image/final_sliced/20230713_I3B_09842.jpg
7441,G3,2023,7/26/23,7.5,7/27/23,20230727_G3_07441.jpg,1,/mnt/research-projects/j/jlgage/RawUAVData01/uavforslb/final_image/final_sliced/20230727_G3_07441.jpg
8058,G3,2023,7/26/23,5.0,7/27/23,20230727_G3_08058.jpg,1,/mnt/research-projects/j/jlgage/RawUAVData01/uavforslb/final_image/final_sliced/20230727_G3_08058.jpg
893,C6B,2024,7/19/24,7.5,7/18/24,20240718_C6B_00893.jpg,-1,/mnt/research-projects/j/jlgage/RawUAVData01/uavforslb/final_image/final_sliced/20240718_C6B_00893.jpg
709,C6B,2024,7/29/24,4.0,7/26/24,20240726_C6B_00709.jpg,-3,/mnt/research-projects/j/jlgage/RawUAVData01/uavforslb/final_image/final_sliced/20240726_C6B_00709.jpg
4004,B7A,2024,7/30/24,4.0,7/27/24,20240727_B7A_04004.jpg,-3,/mnt/research-projects/j/jlgage/RawUAVData01/uavforslb/final_image/final_sliced/20240727_B7A_04004.jpg
2100,C6B,2024,7/29/24,5.0,7/26/24,20240726_C6B_02100.jpg,-3,/mnt/research-projects/j/jlgage/RawUAVData01/uavforslb/final_image/final_sliced/20240726_C6B_02100.jpg
7416,G3,2023,7/20/23,8.0,7/20/23,20230720_G3_07416.jpg,0,/mnt/research-projects/j/jlgage/RawUAVData01/uavforslb/final_image/final_sliced/20230720_G3_07416.jpg
11235,I3B,2023,7/19/23,7.5,7/20/23,20230720_I3B_11235.jpg,1,/mnt/research-projects/j/jlgage/RawUAVData01/uavforslb/final_image/final_sliced/20230720_I3B_11235.jpg
699,C6B,2024,7/29/24,6.0,7/26/24,20240726_C6B_00699.jpg,-3,/mnt/research-projects/j/jlgage/RawUAVData01/uavforslb/final_image/final_sliced/20240726_C6B_00699.jpg
9867,I3B,2023,7/12/23,6.0,7/13/23,20230713_I3B_09867.jpg,1,/mnt/research-projects/j/jlgage/RawUAVData01/uavforslb/final_image/final_sliced/20230713_I3B_09867.jpg
7284,G3,2023,7/26/23,8.0,7/27/23,20230727_G3_07284.jpg,1,/mnt/research-projects/j/jlgage/RawUAVData01/uavforslb/final_image/final_sliced/20230727_G3_07284.jpg
10842,I3B,2023,7/19/23,6.0,7/20/23,20230720_I3B_10842.jpg,1,/mnt/research-projects/j/jlgage/RawUAVData01/uavforslb/final_image/final_sliced/20230720_I3B_10842.jpg
3477,C6B,2024,7/30/24,1.0,8/2/24,20240802_C6B_03477.jpg,3,/mnt/research-projects/j/jlgage/RawUAVData01/uavforslb/final_image/final_sliced/20240802_C6B_03477.jpg
2688,C6B,2024,7/30/24,3.5,8/2/24,20240802_C6B_02688.jpg,3,/mnt/research-projects/j/jlgage/RawUAVData01/uavforslb/final_image/final_sliced/20240802_C6B_02688.jpg
8081,G3,2023,7/20/23,5.0,7/20/23,20230720_G3_08081.jpg,0,/mnt/research-projects/j/jlgage/RawUAVData01/uavforslb/final_image/final_sliced/20230720_G3_08081.jpg
3307,C6B,2024,7/15/24,8.5,7/18/24,20240718_C6B_03307.jpg,3,/mnt/research-projects/j/jlgage/RawUAVData01/uavforslb/final_image/final_sliced/20240718_C6B_03307.jpg
5548,B7A,2024,7/1/24,8.0,7/3/24,20240703_B7A_05548.jpg,2,/mnt/research-projects/j/jlgage/RawUAVData01/uavforslb/final_image/final_sliced/20240703_B7A_05548.jpg
8139,G3,2023,7/20/23,8.0,7/20/23,20230720_G3_08139.jpg,0,/mnt/research-projects/j/jlgage/RawUAVData01/uavforslb/final_image/final_sliced/20230720_G3_08139.jpg
9817,I3B,2023,7/12/23,6.0,7/13/23,20230713_I3B_09817.jpg,1,/mnt/research-projects/j/jlgage/RawUAVData01/uavforslb/final_image/final_sliced/20230713_I3B_09817.jpg
7502,G3,2023,7/20/23,7.5,7/20/23,20230720_G3_07502.jpg,0,/mnt/research-projects/j/jlgage/RawUAVData01/uavforslb/final_image/final_sliced/20230720_G3_07502.jpg
2140,C6B,2024,7/19/24,5.0,7/18/24,20240718_C6B_02140.jpg,-1,/mnt/research-projects/j/jlgage/RawUAVData01/uavforslb/final_image/final_sliced/20240718_C6B_02140.jpg
8043,G3,2023,7/26/23,6.0,7/27/23,20230727_G3_08043.jpg,1,/mnt/research-projects/j/jlgage/RawUAVData01/uavforslb/final_image/final_sliced/20230727_G3_08043.jpg
9950,I3B,2023,7/12/23,5.5,7/13/23,20230713_I3B_09950.jpg,1,/mnt/research-projects/j/jlgage/RawUAVData01/uavforslb/final_image/final_sliced/20230713_I3B_09950.jpg
5525,B7A,2024,7/11/24,7.5,7/10/24,20240710_B7A_05525.jpg,-1,/mnt/research-projects/j/jlgage/RawUAVData01/uavforslb/final_image/final_sliced/20240710_B7A_05525.jpg
10919,I3B,2023,7/19/23,6.0,7/20/23,20230720_I3B_10919.jpg,1,/mnt/research-projects/j/jlgage/RawUAVData01/uavforslb/final_image/final_sliced/20230720_I3B_10919.jpg
2802,C6B,2024,7/30/24,1.5,8/2/24,20240802_C6B_02802.jpg,3,/mnt/research-projects/j/jlgage/RawUAVData01/uavforslb/final_image/final_sliced/20240802_C6B_02802.jpg
3034,G3,2023,7/26/23,7.0,7/27/23,20230727_G3_03034.jpg,1,/mnt/research-projects/j/jlgage/RawUAVData01/uavforslb/final_image/final_sliced/20230727_G3_03034.jpg
4448,B7A,2024,7/30/24,4.0,7/27/24,20240727_B7A_04448.jpg,-3,/mnt/research-projects/j/jlgage/RawUAVData01/uavforslb/final_image/final_sliced/20240727_B7A_04448.jpg
7501,G3,2023,7/20/23,5.5,7/20/23,20230720_G3_07501.jpg,0,/mnt/research-projects/j/jlgage/RawUAVData01/uavforslb/final_image/final_sliced/20230720_G3_07501.jpg
812,C6B,2024,7/29/24,4.0,7/26/24,20240726_C6B_00812.jpg,-3,/mnt/research-projects/j/jlgage/RawUAVData01/uavforslb/final_image/final_sliced/20240726_C6B_00812.jpg
3002,G3,2023,7/26/23,8.0,7/27/23,20230727_G3_03002.jpg,1,/mnt/research-projects/j/jlgage/RawUAVData01/uavforslb/final_image/final_sliced/20230727_G3_03002.jpg
10305,I3B,2023,7/25/23,6.5,7/27/23,20230727_I3B_10305.jpg,2,/mnt/research-projects/j/jlgage/RawUAVData01/uavforslb/final_image/final_sliced/20230727_I3B_10305.jpg
468,C6B,2024,7/29/24,7.0,7/26/24,20240726_C6B_00468.jpg,-3,/mnt/research-projects/j/jlgage/RawUAVData01/uavforslb/final_image/final_sliced/20240726_C6B_00468.jpg
1907,C6B,2024,7/29/24,2.0,7/26/24,20240726_C6B_01907.jpg,-3,/mnt/research-projects/j/jlgage/RawUAVData01/uavforslb/final_image/final_sliced/20240726_C6B_01907.jpg
8089,G3,2023,7/26/23,8.0,7/27/23,20230727_G3_08089.jpg,1,/mnt/research-projects/j/jlgage/RawUAVData01/uavforslb/final_image/final_sliced/20230727_G3_08089.jpg
1172,C6B,2024,7/29/24,7.0,7/26/24,20240726_C6B_01172.jpg,-3,/mnt/research-projects/j/jlgage/RawUAVData01/uavforslb/final_image/final_sliced/20240726_C6B_01172.jpg
9597,I3B,2023,7/12/23,6.0,7/13/23,20230713_I3B_09597.jpg,1,/mnt/research-projects/j/jlgage/RawUAVData01/uavforslb/final_image/final_sliced/20230713_I3B_09597.jpg
296,C6B,2024,7/29/24,4.0,7/26/24,20240726_C6B_00296.jpg,-3,/mnt/research-projects/j/jlgage/RawUAVData01/uavforslb/final_image/final_sliced/20240726_C6B_00296.jpg
154,C6B,2024,7/29/24,5.0,7/26/24,20240726_C6B_00154.jpg,-3,/mnt/research-projects/j/jlgage/RawUAVData01/uavforslb/final_image/final_sliced/20240726_C6B_00154.jpg
10249,I3B,2023,7/25/23,5.5,7/27/23,20230727_I3B_10249.jpg,2,/mnt/research-projects/j/jlgage/RawUAVData01/uavforslb/final_image/final_sliced/20230727_I3B_10249.jpg
2521,C6B,2024,7/18/24,5.0,7/18/24,20240718_C6B_02521.jpg,0,/mnt/research-projects/j/jlgage/RawUAVData01/uavforslb/final_image/final_sliced/20240718_C6B_02521.jpg
10980,I3B,2023,7/19/23,7.0,7/20/23,20230720_I3B_10980.jpg,1,/mnt/research-projects/j/jlgage/RawUAVData01/uavforslb/final_image/final_sliced/20230720_I3B_10980.jpg
3063,G3,2023,7/19/23,8.0,7/20/23,20230720_G3_03063.jpg,1,/mnt/research-projects/j/jlgage/RawUAVData01/uavforslb/final_image/final_sliced/20230720_G3_03063.jpg
11013,I3B,2023,7/19/23,7.5,7/20/23,20230720_I3B_11013.jpg,1,/mnt/research-projects/j/jlgage/RawUAVData01/uavforslb/final_image/final_sliced/20230720_I3B_11013.jpg
7492,G3,2023,7/26/23,5.5,7/27/23,20230727_G3_07492.jpg,1,/mnt/research-projects/j/jlgage/RawUAVData01/uavforslb/final_image/final_sliced/20230727_G3_07492.jpg
3320,C6B,2024,7/15/24,8.0,7/18/24,20240718_C6B_03320.jpg,3,/mnt/research-projects/j/jlgage/RawUAVData01/uavforslb/final_image/final_sliced/20240718_C6B_03320.jpg
5506,B7A,2024,7/11/24,8.0,7/10/24,20240710_B7A_05506.jpg,-1,/mnt/research-projects/j/jlgage/RawUAVData01/uavforslb/final_image/final_sliced/20240710_B7A_05506.jpg
7382,G3,2023,7/20/23,7.0,7/20/23,20230720_G3_07382.jpg,0,/mnt/research-projects/j/jlgage/RawUAVData01/uavforslb/final_image/final_sliced/20230720_G3_07382.jpg
8021,G3,2023,7/19/23,5.5,7/20/23,20230720_G3_08021.jpg,1,/mnt/research-projects/j/jlgage/RawUAVData01/uavforslb/final_image/final_sliced/20230720_G3_08021.jpg
11084,I3B,2023,7/12/23,7.5,7/13/23,20230713_I3B_11084.jpg,1,/mnt/research-projects/j/jlgage/RawUAVData01/uavforslb/final_image/final_sliced/20230713_I3B_11084.jpg
3754,C6B,2024,7/30/24,5.0,8/2/24,20240802_C6B_03754.jpg,3,/mnt/research-projects/j/jlgage/RawUAVData01/uavforslb/final_image/final_sliced/20240802_C6B_03754.jpg
8082,G3,2023,7/20/23,7.5,7/20/23,20230720_G3_08082.jpg,0,/mnt/research-projects/j/jlgage/RawUAVData01/uavforslb/final_image/final_sliced/20230720_G3_08082.jpg
7255,G3,2023,7/19/23,7.5,7/20/23,20230720_G3_07255.jpg,1,/mnt/research-projects/j/jlgage/RawUAVData01/uavforslb/final_image/final_sliced/20230720_G3_07255.jpg
3064,G3,2023,7/26/23,8.0,7/27/23,20230727_G3_03064.jpg,1,/mnt/research-projects/j/jlgage/RawUAVData01/uavforslb/final_image/final_sliced/20230727_G3_03064.jpg
11255,I3B,2023,7/19/23,5.5,7/20/23,20230720_I3B_11255.jpg,1,/mnt/research-projects/j/jlgage/RawUAVData01/uavforslb/final_image/final_sliced/20230720_I3B_11255.jpg
8025,G3,2023,7/19/23,7.5,7/20/23,20230720_G3_08025.jpg,1,/mnt/research-projects/j/jlgage/RawUAVData01/uavforslb/final_image/final_sliced/20230720_G3_08025.jpg
10892,I3B,2023,7/19/23,6.0,7/20/23,20230720_I3B_10892.jpg,1,/mnt/research-projects/j/jlgage/RawUAVData01/uavforslb/final_image/final_sliced/20230720_I3B_10892.jpg
2083,C6B,2024,7/29/24,1.5,7/26/24,20240726_C6B_02083.jpg,-3,/mnt/research-projects/j/jlgage/RawUAVData01/uavforslb/final_image/final_sliced/20240726_C6B_02083.jpg
8077,G3,2023,7/26/23,6.0,7/27/23,20230727_G3_08077.jpg,1,/mnt/research-projects/j/jlgage/RawUAVData01/uavforslb/final_image/final_sliced/20230727_G3_08077.jpg
9573,I3B,2023,7/12/23,6.5,7/13/23,20230713_I3B_09573.jpg,1,/mnt/research-projects/j/jlgage/RawUAVData01/uavforslb/final_image/final_sliced/20230713_I3B_09573.jpg
9770,I3B,2023,7/12/23,4.0,7/13/23,20230713_I3B_09770.jpg,1,/mnt/research-projects/j/jlgage/RawUAVData01/uavforslb/final_image/final_sliced/20230713_I3B_09770.jpg
3073,G3,2023,7/26/23,7.0,7/27/23,20230727_G3_03073.jpg,1,/mnt/research-projects/j/jlgage/RawUAVData01/uavforslb/final_image/final_sliced/20230727_G3_03073.jpg
3112,G3,2023,7/19/23,5.5,7/20/23,20230720_G3_03112.jpg,1,/mnt/research-projects/j/jlgage/RawUAVData01/uavforslb/final_image/final_sliced/20230720_G3_03112.jpg
8083,G3,2023,7/26/23,5.0,7/27/23,20230727_G3_08083.jpg,1,/mnt/research-projects/j/jlgage/RawUAVData01/uavforslb/final_image/final_sliced/20230727_G3_08083.jpg
11205,I3B,2023,7/19/23,5.0,7/20/23,20230720_I3B_11205.jpg,1,/mnt/research-projects/j/jlgage/RawUAVData01/uavforslb/final_image/final_sliced/20230720_I3B_11205.jpg
1864,C6B,2024,7/19/24,5.0,7/18/24,20240718_C6B_01864.jpg,-1,/mnt/research-projects/j/jlgage/RawUAVData01/uavforslb/final_image/final_sliced/20240718_C6B_01864.jpg
4591,B7A,2024,7/15/24,8.0,7/16/24,20240716_B7A_04591.jpg,1,/mnt/research-projects/j/jlgage/RawUAVData01/uavforslb/final_image/final_sliced/20240716_B7A_04591.jpg
2879,C6B,2024,7/15/24,7.5,7/18/24,20240718_C6B_02879.jpg,3,/mnt/research-projects/j/jlgage/RawUAVData01/uavforslb/final_image/final_sliced/20240718_C6B_02879.jpg
3359,C6B,2024,7/15/24,8.5,7/18/24,20240718_C6B_03359.jpg,3,/mnt/research-projects/j/jlgage/RawUAVData01/uavforslb/final_image/final_sliced/20240718_C6B_03359.jpg
2926,C6B,2024,7/15/24,8.5,7/18/24,20240718_C6B_02926.jpg,3,/mnt/research-projects/j/jlgage/RawUAVData01/uavforslb/final_image/final_sliced/20240718_C6B_02926.jpg
3039,G3,2023,7/19/23,8.0,7/20/23,20230720_G3_03039.jpg,1,/mnt/research-projects/j/jlgage/RawUAVData01/uavforslb/final_image/final_sliced/20230720_G3_03039.jpg
4463,B7A,2024,7/15/24,7.0,7/16/24,20240716_B7A_04463.jpg,1,/mnt/research-projects/j/jlgage/RawUAVData01/uavforslb/final_image/final_sliced/20240716_B7A_04463.jpg
7283,G3,2023,7/20/23,7.5,7/20/23,20230720_G3_07283.jpg,0,/mnt/research-projects/j/jlgage/RawUAVData01/uavforslb/final_image/final_sliced/20230720_G3_07283.jpg
1647,C6B,2024,7/29/24,5.5,7/26/24,20240726_C6B_01647.jpg,-3,/mnt/research-projects/j/jlgage/RawUAVData01/uavforslb/final_image/final_sliced/20240726_C6B_01647.jpg
510,C6B,2024,7/29/24,4.5,7/26/24,20240726_C6B_00510.jpg,-3,/mnt/research-projects/j/jlgage/RawUAVData01/uavforslb/final_image/final_sliced/20240726_C6B_00510.jpg
9712,I3B,2023,7/12/23,5.0,7/13/23,20230713_I3B_09712.jpg,1,/mnt/research-projects/j/jlgage/RawUAVData01/uavforslb/final_image/final_sliced/20230713_I3B_09712.jpg
10297,I3B,2023,7/25/23,6.0,7/27/23,20230727_I3B_10297.jpg,2,/mnt/research-projects/j/jlgage/RawUAVData01/uavforslb/final_image/final_sliced/20230727_I3B_10297.jpg
1723,C6B,2024,7/19/24,6.5,7/18/24,20240718_C6B_01723.jpg,-1,/mnt/research-projects/j/jlgage/RawUAVData01/uavforslb/final_image/final_sliced/20240718_C6B_01723.jpg
3070,G3,2023,7/19/23,5.5,7/20/23,20230720_G3_03070.jpg,1,/mnt/research-projects/j/jlgage/RawUAVData01/uavforslb/final_image/final_sliced/20230720_G3_03070.jpg
11209,I3B,2023,7/19/23,6.5,7/20/23,20230720_I3B_11209.jpg,1,/mnt/research-projects/j/jlgage/RawUAVData01/uavforslb/final_image/final_sliced/20230720_I3B_11209.jpg
643,C6B,2024,7/19/24,7.0,7/18/24,20240718_C6B_00643.jpg,-1,/mnt/research-projects/j/jlgage/RawUAVData01/uavforslb/final_image/final_sliced/20240718_C6B_00643.jpg
3087,G3,2023,7/26/23,8.5,7/27/23,20230727_G3_03087.jpg,1,/mnt/research-projects/j/jlgage/RawUAVData01/uavforslb/final_image/final_sliced/20230727_G3_03087.jpg
7344,G3,2023,7/20/23,5.0,7/20/23,20230720_G3_07344.jpg,0,/mnt/research-projects/j/jlgage/RawUAVData01/uavforslb/final_image/final_sliced/20230720_G3_07344.jpg
3206,G3,2023,7/19/23,8.0,7/20/23,20230720_G3_03206.jpg,1,/mnt/research-projects/j/jlgage/RawUAVData01/uavforslb/final_image/final_sliced/20230720_G3_03206.jpg
9933,I3B,2023,7/12/23,4.0,7/13/23,20230713_I3B_09933.jpg,1,/mnt/research-projects/j/jlgage/RawUAVData01/uavforslb/final_image/final_sliced/20230713_I3B_09933.jpg
8001,G3,2023,7/26/23,5.0,7/27/23,20230727_G3_08001.jpg,1,/mnt/research-projects/j/jlgage/RawUAVData01/uavforslb/final_image/final_sliced/20230727_G3_08001.jpg
1220,C6B,2024,7/29/24,4.0,7/26/24,20240726_C6B_01220.jpg,-3,/mnt/research-projects/j/jlgage/RawUAVData01/uavforslb/final_image/final_sliced/20240726_C6B_01220.jpg
9595,I3B,2023,7/12/23,6.5,7/13/23,20230713_I3B_09595.jpg,1,/mnt/research-projects/j/jlgage/RawUAVData01/uavforslb/final_image/final_sliced/20230713_I3B_09595.jpg
3027,G3,2023,7/19/23,7.0,7/20/23,20230720_G3_03027.jpg,1,/mnt/research-projects/j/jlgage/RawUAVData01/uavforslb/final_image/final_sliced/20230720_G3_03027.jpg
3162,C6B,2024,7/15/24,8.5,7/18/24,20240718_C6B_03162.jpg,3,/mnt/research-projects/j/jlgage/RawUAVData01/uavforslb/final_image/final_sliced/20240718_C6B_03162.jpg
7441,G3,2023,7/20/23,7.5,7/20/23,20230720_G3_07441.jpg,0,/mnt/research-projects/j/jlgage/RawUAVData01/uavforslb/final_image/final_sliced/20230720_G3_07441.jpg
3179,G3,2023,7/19/23,7.5,7/20/23,20230720_G3_03179.jpg,1,/mnt/research-projects/j/jlgage/RawUAVData01/uavforslb/final_image/final_sliced/20230720_G3_03179.jpg
1768,C6B,2024,7/29/24,6.0,7/26/24,20240726_C6B_01768.jpg,-3,/mnt/research-projects/j/jlgage/RawUAVData01/uavforslb/final_image/final_sliced/20240726_C6B_01768.jpg
885,C6B,2024,7/19/24,7.5,7/18/24,20240718_C6B_00885.jpg,-1,/mnt/research-projects/j/jlgage/RawUAVData01/uavforslb/final_image/final_sliced/20240718_C6B_00885.jpg
7407,G3,2023,7/20/23,7.5,7/20/23,20230720_G3_07407.jpg,0,/mnt/research-projects/j/jlgage/RawUAVData01/uavforslb/final_image/final_sliced/20230720_G3_07407.jpg
3074,C6B,2024,7/15/24,8.5,7/18/24,20240718_C6B_03074.jpg,3,/mnt/research-projects/j/jlgage/RawUAVData01/uavforslb/final_image/final_sliced/20240718_C6B_03074.jpg
2520,C6B,2024,7/11/24,7.5,7/10/24,20240710_C6B_02520.jpg,-1,/mnt/research-projects/j/jlgage/RawUAVData01/uavforslb/final_image/final_sliced/20240710_C6B_02520.jpg
1976,C6B,2024,7/19/24,5.0,7/18/24,20240718_C6B_01976.jpg,-1,/mnt/research-projects/j/jlgage/RawUAVData01/uavforslb/final_image/final_sliced/20240718_C6B_01976.jpg
4359,B7A,2024,7/30/24,3.5,7/27/24,20240727_B7A_04359.jpg,-3,/mnt/research-projects/j/jlgage/RawUAVData01/uavforslb/final_image/final_sliced/20240727_B7A_04359.jpg
2149,C6B,2024,7/29/24,2.5,7/26/24,20240726_C6B_02149.jpg,-3,/mnt/research-projects/j/jlgage/RawUAVData01/uavforslb/final_image/final_sliced/20240726_C6B_02149.jpg
4628,B7A,2024,7/30/24,2.0,7/27/24,20240727_B7A_04628.jpg,-3,/mnt/research-projects/j/jlgage/RawUAVData01/uavforslb/final_image/final_sliced/20240727_B7A_04628.jpg
10046,I3B,2023,7/12/23,5.0,7/13/23,20230713_I3B_10046.jpg,1,/mnt/research-projects/j/jlgage/RawUAVData01/uavforslb/final_image/final_sliced/20230713_I3B_10046.jpg
3208,G3,2023,7/26/23,5.5,7/27/23,20230727_G3_03208.jpg,1,/mnt/research-projects/j/jlgage/RawUAVData01/uavforslb/final_image/final_sliced/20230727_G3_03208.jpg
2884,C6B,2024,7/30/24,3.5,8/2/24,20240802_C6B_02884.jpg,3,/mnt/research-projects/j/jlgage/RawUAVData01/uavforslb/final_image/final_sliced/20240802_C6B_02884.jpg
2962,C6B,2024,7/30/24,3.0,8/2/24,20240802_C6B_02962.jpg,3,/mnt/research-projects/j/jlgage/RawUAVData01/uavforslb/final_image/final_sliced/20240802_C6B_02962.jpg
10865,I3B,2023,7/19/23,7.0,7/20/23,20230720_I3B_10865.jpg,1,/mnt/research-projects/j/jlgage/RawUAVData01/uavforslb/final_image/final_sliced/20230720_I3B_10865.jpg
9993,I3B,2023,7/12/23,6.5,7/13/23,20230713_I3B_09993.jpg,1,/mnt/research-projects/j/jlgage/RawUAVData01/uavforslb/final_image/final_sliced/20230713_I3B_09993.jpg
4664,B7A,2024,7/30/24,1.5,7/27/24,20240727_B7A_04664.jpg,-3,/mnt/research-projects/j/jlgage/RawUAVData01/uavforslb/final_image/final_sliced/20240727_B7A_04664.jpg
3825,B7A,2024,7/15/24,8.0,7/16/24,20240716_B7A_03825.jpg,1,/mnt/research-projects/j/jlgage/RawUAVData01/uavforslb/final_image/final_sliced/20240716_B7A_03825.jpg
7357,G3,2023,7/20/23,8.0,7/20/23,20230720_G3_07357.jpg,0,/mnt/research-projects/j/jlgage/RawUAVData01/uavforslb/final_image/final_sliced/20230720_G3_07357.jpg
4173,B7A,2024,7/15/24,8.0,7/16/24,20240716_B7A_04173.jpg,1,/mnt/research-projects/j/jlgage/RawUAVData01/uavforslb/final_image/final_sliced/20240716_B7A_04173.jpg
3713,C6B,2024,7/30/24,2.0,8/2/24,20240802_C6B_03713.jpg,3,/mnt/research-projects/j/jlgage/RawUAVData01/uavforslb/final_image/final_sliced/20240802_C6B_03713.jpg
8161,G3,2023,7/20/23,8.0,7/20/23,20230720_G3_08161.jpg,0,/mnt/research-projects/j/jlgage/RawUAVData01/uavforslb/final_image/final_sliced/20230720_G3_08161.jpg
860,C6B,2024,7/19/24,6.5,7/18/24,20240718_C6B_00860.jpg,-1,/mnt/research-projects/j/jlgage/RawUAVData01/uavforslb/final_image/final_sliced/20240718_C6B_00860.jpg
9878,I3B,2023,7/12/23,4.5,7/13/23,20230713_I3B_09878.jpg,1,/mnt/research-projects/j/jlgage/RawUAVData01/uavforslb/final_image/final_sliced/20230713_I3B_09878.jpg
4209,B7A,2024,7/15/24,8.0,7/16/24,20240716_B7A_04209.jpg,1,/mnt/research-projects/j/jlgage/RawUAVData01/uavforslb/final_image/final_sliced/20240716_B7A_04209.jpg
4084,B7A,2024,7/30/24,4.0,7/27/24,20240727_B7A_04084.jpg,-3,/mnt/research-projects/j/jlgage/RawUAVData01/uavforslb/final_image/final_sliced/20240727_B7A_04084.jpg
3089,C6B,2024,7/15/24,8.0,7/18/24,20240718_C6B_03089.jpg,3,/mnt/research-projects/j/jlgage/RawUAVData01/uavforslb/final_image/final_sliced/20240718_C6B_03089.jpg
1785,C6B,2024,7/29/24,3.0,7/26/24,20240726_C6B_01785.jpg,-3,/mnt/research-projects/j/jlgage/RawUAVData01/uavforslb/final_image/final_sliced/20240726_C6B_01785.jpg
11299,I3B,2023,7/19/23,6.0,7/20/23,20230720_I3B_11299.jpg,1,/mnt/research-projects/j/jlgage/RawUAVData01/uavforslb/final_image/final_sliced/20230720_I3B_11299.jpg
3881,B7A,2024,7/30/24,4.0,7/27/24,20240727_B7A_03881.jpg,-3,/mnt/research-projects/j/jlgage/RawUAVData01/uavforslb/final_image/final_sliced/20240727_B7A_03881.jpg
1837,C6B,2024,7/19/24,4.5,7/18/24,20240718_C6B_01837.jpg,-1,/mnt/research-projects/j/jlgage/RawUAVData01/uavforslb/final_image/final_sliced/20240718_C6B_01837.jpg
3183,G3,2023,7/19/23,5.0,7/20/23,20230720_G3_03183.jpg,1,/mnt/research-projects/j/jlgage/RawUAVData01/uavforslb/final_image/final_sliced/20230720_G3_03183.jpg
1168,C6B,2024,7/19/24,8.5,7/18/24,20240718_C6B_01168.jpg,-1,/mnt/research-projects/j/jlgage/RawUAVData01/uavforslb/final_image/final_sliced/20240718_C6B_01168.jpg
11237,I3B,2023,7/19/23,6.0,7/20/23,20230720_I3B_11237.jpg,1,/mnt/research-projects/j/jlgage/RawUAVData01/uavforslb/final_image/final_sliced/20230720_I3B_11237.jpg
3970,B7A,2024,7/30/24,3.0,7/27/24,20240727_B7A_03970.jpg,-3,/mnt/research-projects/j/jlgage/RawUAVData01/uavforslb/final_image/final_sliced/20240727_B7A_03970.jpg
1104,C6B,2024,7/29/24,4.0,7/26/24,20240726_C6B_01104.jpg,-3,/mnt/research-projects/j/jlgage/RawUAVData01/uavforslb/final_image/final_sliced/20240726_C6B_01104.jpg
3757,C6B,2024,7/15/24,8.0,7/18/24,20240718_C6B_03757.jpg,3,/mnt/research-projects/j/jlgage/RawUAVData01/uavforslb/final_image/final_sliced/20240718_C6B_03757.jpg
9647,I3B,2023,7/12/23,5.0,7/13/23,20230713_I3B_09647.jpg,1,/mnt/research-projects/j/jlgage/RawUAVData01/uavforslb/final_image/final_sliced/20230713_I3B_09647.jpg
5568,B7A,2024,7/1/24,8.0,7/3/24,20240703_B7A_05568.jpg,2,/mnt/research-projects/j/jlgage/RawUAVData01/uavforslb/final_image/final_sliced/20240703_B7A_05568.jpg
2118,C6B,2024,7/19/24,8.5,7/18/24,20240718_C6B_02118.jpg,-1,/mnt/research-projects/j/jlgage/RawUAVData01/uavforslb/final_image/final_sliced/20240718_C6B_02118.jpg
1996,C6B,2024,7/19/24,7.5,7/18/24,20240718_C6B_01996.jpg,-1,/mnt/research-projects/j/jlgage/RawUAVData01/uavforslb/final_image/final_sliced/20240718_C6B_01996.jpg
3040,C6B,2024,7/15/24,5.0,7/18/24,20240718_C6B_03040.jpg,3,/mnt/research-projects/j/jlgage/RawUAVData01/uavforslb/final_image/final_sliced/20240718_C6B_03040.jpg
7366,G3,2023,7/26/23,6.0,7/27/23,20230727_G3_07366.jpg,1,/mnt/research-projects/j/jlgage/RawUAVData01/uavforslb/final_image/final_sliced/20230727_G3_07366.jpg
10960,I3B,2023,7/19/23,6.5,7/20/23,20230720_I3B_10960.jpg,1,/mnt/research-projects/j/jlgage/RawUAVData01/uavforslb/final_image/final_sliced/20230720_I3B_10960.jpg
7328,G3,2023,7/20/23,8.0,7/20/23,20230720_G3_07328.jpg,0,/mnt/research-projects/j/jlgage/RawUAVData01/uavforslb/final_image/final_sliced/20230720_G3_07328.jpg
4560,B7A,2024,7/15/24,8.5,7/16/24,20240716_B7A_04560.jpg,1,/mnt/research-projects/j/jlgage/RawUAVData01/uavforslb/final_image/final_sliced/20240716_B7A_04560.jpg
10247,I3B,2023,7/25/23,3.0,7/27/23,20230727_I3B_10247.jpg,2,/mnt/research-projects/j/jlgage/RawUAVData01/uavforslb/final_image/final_sliced/20230727_I3B_10247.jpg
8111,G3,2023,7/26/23,4.0,7/27/23,20230727_G3_08111.jpg,1,/mnt/research-projects/j/jlgage/RawUAVData01/uavforslb/final_image/final_sliced/20230727_G3_08111.jpg
152,C6B,2024,7/29/24,3.0,7/26/24,20240726_C6B_00152.jpg,-3,/mnt/research-projects/j/jlgage/RawUAVData01/uavforslb/final_image/final_sliced/20240726_C6B_00152.jpg
4146,B7A,2024,7/30/24,1.5,7/27/24,20240727_B7A_04146.jpg,-3,/mnt/research-projects/j/jlgage/RawUAVData01/uavforslb/final_image/final_sliced/20240727_B7A_04146.jpg
9755,I3B,2023,7/12/23,5.0,7/13/23,20230713_I3B_09755.jpg,1,/mnt/research-projects/j/jlgage/RawUAVData01/uavforslb/final_image/final_sliced/20230713_I3B_09755.jpg
4333,B7A,2024,7/30/24,4.0,7/27/24,20240727_B7A_04333.jpg,-3,/mnt/research-projects/j/jlgage/RawUAVData01/uavforslb/final_image/final_sliced/20240727_B7A_04333.jpg
3086,C6B,2024,7/30/24,1.5,8/2/24,20240802_C6B_03086.jpg,3,/mnt/research-projects/j/jlgage/RawUAVData01/uavforslb/final_image/final_sliced/20240802_C6B_03086.jpg
3079,C6B,2024,7/30/24,1.5,8/2/24,20240802_C6B_03079.jpg,3,/mnt/research-projects/j/jlgage/RawUAVData01/uavforslb/final_image/final_sliced/20240802_C6B_03079.jpg
9691,I3B,2023,7/12/23,5.0,7/13/23,20230713_I3B_09691.jpg,1,/mnt/research-projects/j/jlgage/RawUAVData01/uavforslb/final_image/final_sliced/20230713_I3B_09691.jpg
11310,I3B,2023,7/19/23,7.5,7/20/23,20230720_I3B_11310.jpg,1,/mnt/research-projects/j/jlgage/RawUAVData01/uavforslb/final_image/final_sliced/20230720_I3B_11310.jpg
4241,B7A,2024,7/30/24,5.5,7/27/24,20240727_B7A_04241.jpg,-3,/mnt/research-projects/j/jlgage/RawUAVData01/uavforslb/final_image/final_sliced/20240727_B7A_04241.jpg
3780,C6B,2024,7/15/24,8.5,7/18/24,20240718_C6B_03780.jpg,3,/mnt/research-projects/j/jlgage/RawUAVData01/uavforslb/final_image/final_sliced/20240718_C6B_03780.jpg
7447,G3,2023,7/20/23,5.0,7/20/23,20230720_G3_07447.jpg,0,/mnt/research-projects/j/jlgage/RawUAVData01/uavforslb/final_image/final_sliced/20230720_G3_07447.jpg
794,C6B,2024,7/29/24,5.0,7/26/24,20240726_C6B_00794.jpg,-3,/mnt/research-projects/j/jlgage/RawUAVData01/uavforslb/final_image/final_sliced/20240726_C6B_00794.jpg
3025,G3,2023,7/26/23,8.0,7/27/23,20230727_G3_03025.jpg,1,/mnt/research-projects/j/jlgage/RawUAVData01/uavforslb/final_image/final_sliced/20230727_G3_03025.jpg
3032,G3,2023,7/26/23,7.5,7/27/23,20230727_G3_03032.jpg,1,/mnt/research-projects/j/jlgage/RawUAVData01/uavforslb/final_image/final_sliced/20230727_G3_03032.jpg
8008,G3,2023,7/19/23,7.0,7/20/23,20230720_G3_08008.jpg,1,/mnt/research-projects/j/jlgage/RawUAVData01/uavforslb/final_image/final_sliced/20230720_G3_08008.jpg
8069,G3,2023,7/19/23,8.5,7/20/23,20230720_G3_08069.jpg,1,/mnt/research-projects/j/jlgage/RawUAVData01/uavforslb/final_image/final_sliced/20230720_G3_08069.jpg
3343,C6B,2024,7/15/24,8.5,7/18/24,20240718_C6B_03343.jpg,3,/mnt/research-projects/j/jlgage/RawUAVData01/uavforslb/final_image/final_sliced/20240718_C6B_03343.jpg
530,C6B,2024,7/19/24,6.5,7/18/24,20240718_C6B_00530.jpg,-1,/mnt/research-projects/j/jlgage/RawUAVData01/uavforslb/final_image/final_sliced/20240718_C6B_00530.jpg
1402,C6B,2024,7/29/24,4.0,7/26/24,20240726_C6B_01402.jpg,-3,/mnt/research-projects/j/jlgage/RawUAVData01/uavforslb/final_image/final_sliced/20240726_C6B_01402.jpg
1222,C6B,2024,7/19/24,8.0,7/18/24,20240718_C6B_01222.jpg,-1,/mnt/research-projects/j/jlgage/RawUAVData01/uavforslb/final_image/final_sliced/20240718_C6B_01222.jpg
1895,C6B,2024,7/29/24,5.0,7/26/24,20240726_C6B_01895.jpg,-3,/mnt/research-projects/j/jlgage/RawUAVData01/uavforslb/final_image/final_sliced/20240726_C6B_01895.jpg
4309,B7A,2024,7/15/24,7.0,7/16/24,20240716_B7A_04309.jpg,1,/mnt/research-projects/j/jlgage/RawUAVData01/uavforslb/final_image/final_sliced/20240716_B7A_04309.jpg
10752,I3B,2023,7/19/23,6.5,7/20/23,20230720_I3B_10752.jpg,1,/mnt/research-projects/j/jlgage/RawUAVData01/uavforslb/final_image/final_sliced/20230720_I3B_10752.jpg
381,C6B,2024,7/29/24,6.0,7/26/24,20240726_C6B_00381.jpg,-3,/mnt/research-projects/j/jlgage/RawUAVData01/uavforslb/final_image/final_sliced/20240726_C6B_00381.jpg
7392,G3,2023,7/26/23,5.0,7/27/23,20230727_G3_07392.jpg,1,/mnt/research-projects/j/jlgage/RawUAVData01/uavforslb/final_image/final_sliced/20230727_G3_07392.jpg
2016,C6B,2024,7/29/24,4.0,7/26/24,20240726_C6B_02016.jpg,-3,/mnt/research-projects/j/jlgage/RawUAVData01/uavforslb/final_image/final_sliced/20240726_C6B_02016.jpg
3187,G3,2023,7/19/23,7.5,7/20/23,20230720_G3_03187.jpg,1,/mnt/research-projects/j/jlgage/RawUAVData01/uavforslb/final_image/final_sliced/20230720_G3_03187.jpg
3944,B7A,2024,7/30/24,1.5,7/27/24,20240727_B7A_03944.jpg,-3,/mnt/research-projects/j/jlgage/RawUAVData01/uavforslb/final_image/final_sliced/20240727_B7A_03944.jpg
1435,C6B,2024,7/19/24,8.5,7/18/24,20240718_C6B_01435.jpg,-1,/mnt/research-projects/j/jlgage/RawUAVData01/uavforslb/final_image/final_sliced/20240718_C6B_01435.jpg
2109,C6B,2024,7/29/24,4.0,7/26/24,20240726_C6B_02109.jpg,-3,/mnt/research-projects/j/jlgage/RawUAVData01/uavforslb/final_image/final_sliced/20240726_C6B_02109.jpg
608,C6B,2024,7/29/24,8.0,7/26/24,20240726_C6B_00608.jpg,-3,/mnt/research-projects/j/jlgage/RawUAVData01/uavforslb/final_image/final_sliced/20240726_C6B_00608.jpg
2800,C6B,2024,7/30/24,7.0,8/2/24,20240802_C6B_02800.jpg,3,/mnt/research-projects/j/jlgage/RawUAVData01/uavforslb/final_image/final_sliced/20240802_C6B_02800.jpg
10308,I3B,2023,7/25/23,6.0,7/27/23,20230727_I3B_10308.jpg,2,/mnt/research-projects/j/jlgage/RawUAVData01/uavforslb/final_image/final_sliced/20230727_I3B_10308.jpg
9791,I3B,2023,7/12/23,5.0,7/13/23,20230713_I3B_09791.jpg,1,/mnt/research-projects/j/jlgage/RawUAVData01/uavforslb/final_image/final_sliced/20230713_I3B_09791.jpg
8045,G3,2023,7/19/23,8.5,7/20/23,20230720_G3_08045.jpg,1,/mnt/research-projects/j/jlgage/RawUAVData01/uavforslb/final_image/final_sliced/20230720_G3_08045.jpg
5569,B7A,2024,7/18/24,7.5,7/16/24,20240716_B7A_05569.jpg,-2,/mnt/research-projects/j/jlgage/RawUAVData01/uavforslb/final_image/final_sliced/20240716_B7A_05569.jpg
7343,G3,2023,7/26/23,7.5,7/27/23,20230727_G3_07343.jpg,1,/mnt/research-projects/j/jlgage/RawUAVData01/uavforslb/final_image/final_sliced/20230727_G3_07343.jpg
7241,G3,2023,7/26/23,5.5,7/27/23,20230727_G3_07241.jpg,1,/mnt/research-projects/j/jlgage/RawUAVData01/uavforslb/final_image/final_sliced/20230727_G3_07241.jpg
9797,I3B,2023,7/12/23,5.5,7/13/23,20230713_I3B_09797.jpg,1,/mnt/research-projects/j/jlgage/RawUAVData01/uavforslb/final_image/final_sliced/20230713_I3B_09797.jpg
7496,G3,2023,7/20/23,7.0,7/20/23,20230720_G3_07496.jpg,0,/mnt/research-projects/j/jlgage/RawUAVData01/uavforslb/final_image/final_sliced/20230720_G3_07496.jpg
1958,C6B,2024,7/29/24,2.0,7/26/24,20240726_C6B_01958.jpg,-3,/mnt/research-projects/j/jlgage/RawUAVData01/uavforslb/final_image/final_sliced/20240726_C6B_01958.jpg
3974,B7A,2024,7/30/24,3.0,7/27/24,20240727_B7A_03974.jpg,-3,/mnt/research-projects/j/jlgage/RawUAVData01/uavforslb/final_image/final_sliced/20240727_B7A_03974.jpg
7215,G3,2023,7/26/23,5.5,7/27/23,20230727_G3_07215.jpg,1,/mnt/research-projects/j/jlgage/RawUAVData01/uavforslb/final_image/final_sliced/20230727_G3_07215.jpg
9889,I3B,2023,7/12/23,4.5,7/13/23,20230713_I3B_09889.jpg,1,/mnt/research-projects/j/jlgage/RawUAVData01/uavforslb/final_image/final_sliced/20230713_I3B_09889.jpg
10256,I3B,2023,7/25/23,3.0,7/27/23,20230727_I3B_10256.jpg,2,/mnt/research-projects/j/jlgage/RawUAVData01/uavforslb/final_image/final_sliced/20230727_I3B_10256.jpg
2951,C6B,2024,7/30/24,2.0,8/2/24,20240802_C6B_02951.jpg,3,/mnt/research-projects/j/jlgage/RawUAVData01/uavforslb/final_image/final_sliced/20240802_C6B_02951.jpg
3120,G3,2023,7/26/23,8.0,7/27/23,20230727_G3_03120.jpg,1,/mnt/research-projects/j/jlgage/RawUAVData01/uavforslb/final_image/final_sliced/20230727_G3_03120.jpg
1579,C6B,2024,7/29/24,5.0,7/26/24,20240726_C6B_01579.jpg,-3,/mnt/research-projects/j/jlgage/RawUAVData01/uavforslb/final_image/final_sliced/20240726_C6B_01579.jpg
3096,C6B,2024,7/15/24,8.0,7/18/24,20240718_C6B_03096.jpg,3,/mnt/research-projects/j/jlgage/RawUAVData01/uavforslb/final_image/final_sliced/20240718_C6B_03096.jpg
7350,G3,2023,7/26/23,5.0,7/27/23,20230727_G3_07350.jpg,1,/mnt/research-projects/j/jlgage/RawUAVData01/uavforslb/final_image/final_sliced/20230727_G3_07350.jpg
2034,C6B,2024,7/19/24,5.0,7/18/24,20240718_C6B_02034.jpg,-1,/mnt/research-projects/j/jlgage/RawUAVData01/uavforslb/final_image/final_sliced/20240718_C6B_02034.jpg
7406,G3,2023,7/26/23,5.0,7/27/23,20230727_G3_07406.jpg,1,/mnt/research-projects/j/jlgage/RawUAVData01/uavforslb/final_image/final_sliced/20230727_G3_07406.jpg
2765,C6B,2024,7/30/24,1.5,8/2/24,20240802_C6B_02765.jpg,3,/mnt/research-projects/j/jlgage/RawUAVData01/uavforslb/final_image/final_sliced/20240802_C6B_02765.jpg
3621,C6B,2024,7/30/24,4.0,8/2/24,20240802_C6B_03621.jpg,3,/mnt/research-projects/j/jlgage/RawUAVData01/uavforslb/final_image/final_sliced/20240802_C6B_03621.jpg
5052,C6B,2024,7/1/24,8.5,7/3/24,20240703_C6B_05052.jpg,2,/mnt/research-projects/j/jlgage/RawUAVData01/uavforslb/final_image/final_sliced/20240703_C6B_05052.jpg
10355,I3B,2023,7/25/23,3.0,7/27/23,20230727_I3B_10355.jpg,2,/mnt/research-projects/j/jlgage/RawUAVData01/uavforslb/final_image/final_sliced/20230727_I3B_10355.jpg
2738,C6B,2024,7/15/24,8.0,7/18/24,20240718_C6B_02738.jpg,3,/mnt/research-projects/j/jlgage/RawUAVData01/uavforslb/final_image/final_sliced/20240718_C6B_02738.jpg
3421,C6B,2024,7/30/24,1.5,8/2/24,20240802_C6B_03421.jpg,3,/mnt/research-projects/j/jlgage/RawUAVData01/uavforslb/final_image/final_sliced/20240802_C6B_03421.jpg
3272,C6B,2024,7/30/24,3.0,8/2/24,20240802_C6B_03272.jpg,3,/mnt/research-projects/j/jlgage/RawUAVData01/uavforslb/final_image/final_sliced/20240802_C6B_03272.jpg
10944,I3B,2023,7/19/23,5.5,7/20/23,20230720_I3B_10944.jpg,1,/mnt/research-projects/j/jlgage/RawUAVData01/uavforslb/final_image/final_sliced/20230720_I3B_10944.jpg
8048,G3,2023,7/19/23,7.5,7/20/23,20230720_G3_08048.jpg,1,/mnt/research-projects/j/jlgage/RawUAVData01/uavforslb/final_image/final_sliced/20230720_G3_08048.jpg
7390,G3,2023,7/26/23,5.5,7/27/23,20230727_G3_07390.jpg,1,/mnt/research-projects/j/jlgage/RawUAVData01/uavforslb/final_image/final_sliced/20230727_G3_07390.jpg
3145,G3,2023,7/26/23,6.0,7/27/23,20230727_G3_03145.jpg,1,/mnt/research-projects/j/jlgage/RawUAVData01/uavforslb/final_image/final_sliced/20230727_G3_03145.jpg
2539,C6B,2024,7/27/24,5.5,7/26/24,20240726_C6B_02539.jpg,-1,/mnt/research-projects/j/jlgage/RawUAVData01/uavforslb/final_image/final_sliced/20240726_C6B_02539.jpg
7453,G3,2023,7/26/23,5.0,7/27/23,20230727_G3_07453.jpg,1,/mnt/research-projects/j/jlgage/RawUAVData01/uavforslb/final_image/final_sliced/20230727_G3_07453.jpg
3827,B7A,2024,7/15/24,8.5,7/16/24,20240716_B7A_03827.jpg,1,/mnt/research-projects/j/jlgage/RawUAVData01/uavforslb/final_image/final_sliced/20240716_B7A_03827.jpg
10927,I3B,2023,7/19/23,5.0,7/20/23,20230720_I3B_10927.jpg,1,/mnt/research-projects/j/jlgage/RawUAVData01/uavforslb/final_image/final_sliced/20230720_I3B_10927.jpg
3809,C6B,2024,7/30/24,4.0,8/2/24,20240802_C6B_03809.jpg,3,/mnt/research-projects/j/jlgage/RawUAVData01/uavforslb/final_image/final_sliced/20240802_C6B_03809.jpg
11112,I3B,2023,7/12/23,6.5,7/13/23,20230713_I3B_11112.jpg,1,/mnt/research-projects/j/jlgage/RawUAVData01/uavforslb/final_image/final_sliced/20230713_I3B_11112.jpg
204,C6B,2024,7/29/24,5.5,7/26/24,20240726_C6B_00204.jpg,-3,/mnt/research-projects/j/jlgage/RawUAVData01/uavforslb/final_image/final_sliced/20240726_C6B_00204.jpg
457,C6B,2024,7/19/24,8.0,7/18/24,20240718_C6B_00457.jpg,-1,/mnt/research-projects/j/jlgage/RawUAVData01/uavforslb/final_image/final_sliced/20240718_C6B_00457.jpg
2786,C6B,2024,7/30/24,4.0,8/2/24,20240802_C6B_02786.jpg,3,/mnt/research-projects/j/jlgage/RawUAVData01/uavforslb/final_image/final_sliced/20240802_C6B_02786.jpg
10341,I3B,2023,7/25/23,6.0,7/27/23,20230727_I3B_10341.jpg,2,/mnt/research-projects/j/jlgage/RawUAVData01/uavforslb/final_image/final_sliced/20230727_I3B_10341.jpg
417,C6B,2024,7/29/24,4.5,7/26/24,20240726_C6B_00417.jpg,-3,/mnt/research-projects/j/jlgage/RawUAVData01/uavforslb/final_image/final_sliced/20240726_C6B_00417.jpg
5552,B7A,2024,7/18/24,6.5,7/16/24,20240716_B7A_05552.jpg,-2,/mnt/research-projects/j/jlgage/RawUAVData01/uavforslb/final_image/final_sliced/20240716_B7A_05552.jpg
384,C6B,2024,7/19/24,8.5,7/18/24,20240718_C6B_00384.jpg,-1,/mnt/research-projects/j/jlgage/RawUAVData01/uavforslb/final_image/final_sliced/20240718_C6B_00384.jpg
3909,B7A,2024,7/30/24,2.0,7/27/24,20240727_B7A_03909.jpg,-3,/mnt/research-projects/j/jlgage/RawUAVData01/uavforslb/final_image/final_sliced/20240727_B7A_03909.jpg
3011,G3,2023,7/26/23,7.0,7/27/23,20230727_G3_03011.jpg,1,/mnt/research-projects/j/jlgage/RawUAVData01/uavforslb/final_image/final_sliced/20230727_G3_03011.jpg
3914,B7A,2024,7/30/24,4.0,7/27/24,20240727_B7A_03914.jpg,-3,/mnt/research-projects/j/jlgage/RawUAVData01/uavforslb/final_image/final_sliced/20240727_B7A_03914.jpg
9851,I3B,2023,7/12/23,6.0,7/13/23,20230713_I3B_09851.jpg,1,/mnt/research-projects/j/jlgage/RawUAVData01/uavforslb/final_image/final_sliced/20230713_I3B_09851.jpg
10808,I3B,2023,7/19/23,5.5,7/20/23,20230720_I3B_10808.jpg,1,/mnt/research-projects/j/jlgage/RawUAVData01/uavforslb/final_image/final_sliced/20230720_I3B_10808.jpg
4410,B7A,2024,7/30/24,1.5,7/27/24,20240727_B7A_04410.jpg,-3,/mnt/research-projects/j/jlgage/RawUAVData01/uavforslb/final_image/final_sliced/20240727_B7A_04410.jpg
7401,G3,2023,7/26/23,4.0,7/27/23,20230727_G3_07401.jpg,1,/mnt/research-projects/j/jlgage/RawUAVData01/uavforslb/final_image/final_sliced/20230727_G3_07401.jpg
8131,G3,2023,7/26/23,7.5,7/27/23,20230727_G3_08131.jpg,1,/mnt/research-projects/j/jlgage/RawUAVData01/uavforslb/final_image/final_sliced/20230727_G3_08131.jpg
3296,C6B,2024,7/15/24,8.5,7/18/24,20240718_C6B_03296.jpg,3,/mnt/research-projects/j/jlgage/RawUAVData01/uavforslb/final_image/final_sliced/20240718_C6B_03296.jpg
8069,G3,2023,7/26/23,8.5,7/27/23,20230727_G3_08069.jpg,1,/mnt/research-projects/j/jlgage/RawUAVData01/uavforslb/final_image/final_sliced/20230727_G3_08069.jpg
3135,G3,2023,7/26/23,7.0,7/27/23,20230727_G3_03135.jpg,1,/mnt/research-projects/j/jlgage/RawUAVData01/uavforslb/final_image/final_sliced/20230727_G3_03135.jpg
9793,I3B,2023,7/12/23,6.0,7/13/23,20230713_I3B_09793.jpg,1,/mnt/research-projects/j/jlgage/RawUAVData01/uavforslb/final_image/final_sliced/20230713_I3B_09793.jpg
9565,I3B,2023,7/12/23,6.5,7/13/23,20230713_I3B_09565.jpg,1,/mnt/research-projects/j/jlgage/RawUAVData01/uavforslb/final_image/final_sliced/20230713_I3B_09565.jpg
11284,I3B,2023,7/19/23,5.0,7/20/23,20230720_I3B_11284.jpg,1,/mnt/research-projects/j/jlgage/RawUAVData01/uavforslb/final_image/final_sliced/20230720_I3B_11284.jpg
3843,B7A,2024,7/15/24,8.0,7/16/24,20240716_B7A_03843.jpg,1,/mnt/research-projects/j/jlgage/RawUAVData01/uavforslb/final_image/final_sliced/20240716_B7A_03843.jpg
10772,I3B,2023,7/19/23,5.0,7/20/23,20230720_I3B_10772.jpg,1,/mnt/research-projects/j/jlgage/RawUAVData01/uavforslb/final_image/final_sliced/20230720_I3B_10772.jpg
5548,B7A,2024,7/11/24,7.0,7/10/24,20240710_B7A_05548.jpg,-1,/mnt/research-projects/j/jlgage/RawUAVData01/uavforslb/final_image/final_sliced/20240710_B7A_05548.jpg
3092,G3,2023,7/19/23,8.0,7/20/23,20230720_G3_03092.jpg,1,/mnt/research-projects/j/jlgage/RawUAVData01/uavforslb/final_image/final_sliced/20230720_G3_03092.jpg
5519,B7A,2024,7/11/24,7.5,7/10/24,20240710_B7A_05519.jpg,-1,/mnt/research-projects/j/jlgage/RawUAVData01/uavforslb/final_image/final_sliced/20240710_B7A_05519.jpg
3478,C6B,2024,7/15/24,8.0,7/18/24,20240718_C6B_03478.jpg,3,/mnt/research-projects/j/jlgage/RawUAVData01/uavforslb/final_image/final_sliced/20240718_C6B_03478.jpg
3806,C6B,2024,7/15/24,8.0,7/18/24,20240718_C6B_03806.jpg,3,/mnt/research-projects/j/jlgage/RawUAVData01/uavforslb/final_image/final_sliced/20240718_C6B_03806.jpg
5002,C6B,2024,7/27/24,4.0,7/26/24,20240726_C6B_05002.jpg,-1,/mnt/research-projects/j/jlgage/RawUAVData01/uavforslb/final_image/final_sliced/20240726_C6B_05002.jpg
3227,C6B,2024,7/30/24,8.0,8/2/24,20240802_C6B_03227.jpg,3,/mnt/research-projects/j/jlgage/RawUAVData01/uavforslb/final_image/final_sliced/20240802_C6B_03227.jpg
10029,I3B,2023,7/12/23,4.5,7/13/23,20230713_I3B_10029.jpg,1,/mnt/research-projects/j/jlgage/RawUAVData01/uavforslb/final_image/final_sliced/20230713_I3B_10029.jpg
4478,B7A,2024,7/30/24,1.5,7/27/24,20240727_B7A_04478.jpg,-3,/mnt/research-projects/j/jlgage/RawUAVData01/uavforslb/final_image/final_sliced/20240727_B7A_04478.jpg
1312,C6B,2024,7/19/24,7.0,7/18/24,20240718_C6B_01312.jpg,-1,/mnt/research-projects/j/jlgage/RawUAVData01/uavforslb/final_image/final_sliced/20240718_C6B_01312.jpg
1760,C6B,2024,7/19/24,8.0,7/18/24,20240718_C6B_01760.jpg,-1,/mnt/research-projects/j/jlgage/RawUAVData01/uavforslb/final_image/final_sliced/20240718_C6B_01760.jpg
647,C6B,2024,7/29/24,8.0,7/26/24,20240726_C6B_00647.jpg,-3,/mnt/research-projects/j/jlgage/RawUAVData01/uavforslb/final_image/final_sliced/20240726_C6B_00647.jpg
3197,C6B,2024,7/30/24,4.0,8/2/24,20240802_C6B_03197.jpg,3,/mnt/research-projects/j/jlgage/RawUAVData01/uavforslb/final_image/final_sliced/20240802_C6B_03197.jpg
4658,B7A,2024,7/15/24,8.5,7/16/24,20240716_B7A_04658.jpg,1,/mnt/research-projects/j/jlgage/RawUAVData01/uavforslb/final_image/final_sliced/20240716_B7A_04658.jpg
5551,B7A,2024,7/1/24,8.0,7/3/24,20240703_B7A_05551.jpg,2,/mnt/research-projects/j/jlgage/RawUAVData01/uavforslb/final_image/final_sliced/20240703_B7A_05551.jpg
5552,B7A,2024,7/27/24,4.5,7/27/24,20240727_B7A_05552.jpg,0,/mnt/research-projects/j/jlgage/RawUAVData01/uavforslb/final_image/final_sliced/20240727_B7A_05552.jpg
3114,G3,2023,7/26/23,8.0,7/27/23,20230727_G3_03114.jpg,1,/mnt/research-projects/j/jlgage/RawUAVData01/uavforslb/final_image/final_sliced/20230727_G3_03114.jpg
9737,I3B,2023,7/12/23,4.5,7/13/23,20230713_I3B_09737.jpg,1,/mnt/research-projects/j/jlgage/RawUAVData01/uavforslb/final_image/final_sliced/20230713_I3B_09737.jpg
3742,C6B,2024,7/15/24,8.5,7/18/24,20240718_C6B_03742.jpg,3,/mnt/research-projects/j/jlgage/RawUAVData01/uavforslb/final_image/final_sliced/20240718_C6B_03742.jpg
2002,C6B,2024,7/29/24,3.0,7/26/24,20240726_C6B_02002.jpg,-3,/mnt/research-projects/j/jlgage/RawUAVData01/uavforslb/final_image/final_sliced/20240726_C6B_02002.jpg
2573,C6B,2024,7/18/24,5.0,7/18/24,20240718_C6B_02573.jpg,0,/mnt/research-projects/j/jlgage/RawUAVData01/uavforslb/final_image/final_sliced/20240718_C6B_02573.jpg
9689,I3B,2023,7/12/23,5.5,7/13/23,20230713_I3B_09689.jpg,1,/mnt/research-projects/j/jlgage/RawUAVData01/uavforslb/final_image/final_sliced/20230713_I3B_09689.jpg
11238,I3B,2023,7/19/23,5.0,7/20/23,20230720_I3B_11238.jpg,1,/mnt/research-projects/j/jlgage/RawUAVData01/uavforslb/final_image/final_sliced/20230720_I3B_11238.jpg
3053,G3,2023,7/19/23,5.0,7/20/23,20230720_G3_03053.jpg,1,/mnt/research-projects/j/jlgage/RawUAVData01/uavforslb/final_image/final_sliced/20230720_G3_03053.jpg
365,C6B,2024,7/29/24,5.0,7/26/24,20240726_C6B_00365.jpg,-3,/mnt/research-projects/j/jlgage/RawUAVData01/uavforslb/final_image/final_sliced/20240726_C6B_00365.jpg
574,C6B,2024,7/29/24,4.0,7/26/24,20240726_C6B_00574.jpg,-3,/mnt/research-projects/j/jlgage/RawUAVData01/uavforslb/final_image/final_sliced/20240726_C6B_00574.jpg
9862,I3B,2023,7/12/23,5.5,7/13/23,20230713_I3B_09862.jpg,1,/mnt/research-projects/j/jlgage/RawUAVData01/uavforslb/final_image/final_sliced/20230713_I3B_09862.jpg
8073,G3,2023,7/26/23,6.0,7/27/23,20230727_G3_08073.jpg,1,/mnt/research-projects/j/jlgage/RawUAVData01/uavforslb/final_image/final_sliced/20230727_G3_08073.jpg
1902,C6B,2024,7/29/24,4.0,7/26/24,20240726_C6B_01902.jpg,-3,/mnt/research-projects/j/jlgage/RawUAVData01/uavforslb/final_image/final_sliced/20240726_C6B_01902.jpg
3074,G3,2023,7/26/23,7.5,7/27/23,20230727_G3_03074.jpg,1,/mnt/research-projects/j/jlgage/RawUAVData01/uavforslb/final_image/final_sliced/20230727_G3_03074.jpg
10411,I3B,2023,7/25/23,4.0,7/27/23,20230727_I3B_10411.jpg,2,/mnt/research-projects/j/jlgage/RawUAVData01/uavforslb/final_image/final_sliced/20230727_I3B_10411.jpg
8149,G3,2023,7/26/23,6.5,7/27/23,20230727_G3_08149.jpg,1,/mnt/research-projects/j/jlgage/RawUAVData01/uavforslb/final_image/final_sliced/20230727_G3_08149.jpg
4197,B7A,2024,7/30/24,3.5,7/27/24,20240727_B7A_04197.jpg,-3,/mnt/research-projects/j/jlgage/RawUAVData01/uavforslb/final_image/final_sliced/20240727_B7A_04197.jpg
688,C6B,2024,7/19/24,8.0,7/18/24,20240718_C6B_00688.jpg,-1,/mnt/research-projects/j/jlgage/RawUAVData01/uavforslb/final_image/final_sliced/20240718_C6B_00688.jpg
3559,C6B,2024,7/15/24,8.5,7/18/24,20240718_C6B_03559.jpg,3,/mnt/research-projects/j/jlgage/RawUAVData01/uavforslb/final_image/final_sliced/20240718_C6B_03559.jpg
3043,G3,2023,7/26/23,7.0,7/27/23,20230727_G3_03043.jpg,1,/mnt/research-projects/j/jlgage/RawUAVData01/uavforslb/final_image/final_sliced/20230727_G3_03043.jpg
1508,C6B,2024,7/19/24,7.5,7/18/24,20240718_C6B_01508.jpg,-1,/mnt/research-projects/j/jlgage/RawUAVData01/uavforslb/final_image/final_sliced/20240718_C6B_01508.jpg
9763,I3B,2023,7/12/23,5.5,7/13/23,20230713_I3B_09763.jpg,1,/mnt/research-projects/j/jlgage/RawUAVData01/uavforslb/final_image/final_sliced/20230713_I3B_09763.jpg
2158,C6B,2024,7/29/24,4.0,7/26/24,20240726_C6B_02158.jpg,-3,/mnt/research-projects/j/jlgage/RawUAVData01/uavforslb/final_image/final_sliced/20240726_C6B_02158.jpg
611,C6B,2024,7/29/24,3.0,7/26/24,20240726_C6B_00611.jpg,-3,/mnt/research-projects/j/jlgage/RawUAVData01/uavforslb/final_image/final_sliced/20240726_C6B_00611.jpg
11245,I3B,2023,7/19/23,7.5,7/20/23,20230720_I3B_11245.jpg,1,/mnt/research-projects/j/jlgage/RawUAVData01/uavforslb/final_image/final_sliced/20230720_I3B_11245.jpg
1409,C6B,2024,7/29/24,3.0,7/26/24,20240726_C6B_01409.jpg,-3,/mnt/research-projects/j/jlgage/RawUAVData01/uavforslb/final_image/final_sliced/20240726_C6B_01409.jpg
10371,I3B,2023,7/25/23,3.0,7/27/23,20230727_I3B_10371.jpg,2,/mnt/research-projects/j/jlgage/RawUAVData01/uavforslb/final_image/final_sliced/20230727_I3B_10371.jpg
9968,I3B,2023,7/12/23,5.0,7/13/23,20230713_I3B_09968.jpg,1,/mnt/research-projects/j/jlgage/RawUAVData01/uavforslb/final_image/final_sliced/20230713_I3B_09968.jpg
3202,G3,2023,7/26/23,3.0,7/27/23,20230727_G3_03202.jpg,1,/mnt/research-projects/j/jlgage/RawUAVData01/uavforslb/final_image/final_sliced/20230727_G3_03202.jpg
839,C6B,2024,7/29/24,5.0,7/26/24,20240726_C6B_00839.jpg,-3,/mnt/research-projects/j/jlgage/RawUAVData01/uavforslb/final_image/final_sliced/20240726_C6B_00839.jpg
8001,G3,2023,7/19/23,7.0,7/20/23,20230720_G3_08001.jpg,1,/mnt/research-projects/j/jlgage/RawUAVData01/uavforslb/final_image/final_sliced/20230720_G3_08001.jpg
8068,G3,2023,7/19/23,4.5,7/20/23,20230720_G3_08068.jpg,1,/mnt/research-projects/j/jlgage/RawUAVData01/uavforslb/final_image/final_sliced/20230720_G3_08068.jpg
8015,G3,2023,7/26/23,6.0,7/27/23,20230727_G3_08015.jpg,1,/mnt/research-projects/j/jlgage/RawUAVData01/uavforslb/final_image/final_sliced/20230727_G3_08015.jpg
3740,C6B,2024,7/30/24,4.0,8/2/24,20240802_C6B_03740.jpg,3,/mnt/research-projects/j/jlgage/RawUAVData01/uavforslb/final_image/final_sliced/20240802_C6B_03740.jpg
3787,C6B,2024,7/30/24,3.0,8/2/24,20240802_C6B_03787.jpg,3,/mnt/research-projects/j/jlgage/RawUAVData01/uavforslb/final_image/final_sliced/20240802_C6B_03787.jpg
1558,C6B,2024,7/19/24,7.0,7/18/24,20240718_C6B_01558.jpg,-1,/mnt/research-projects/j/jlgage/RawUAVData01/uavforslb/final_image/final_sliced/20240718_C6B_01558.jpg
1162,C6B,2024,7/19/24,7.5,7/18/24,20240718_C6B_01162.jpg,-1,/mnt/research-projects/j/jlgage/RawUAVData01/uavforslb/final_image/final_sliced/20240718_C6B_01162.jpg
7504,G3,2023,7/20/23,7.5,7/20/23,20230720_G3_07504.jpg,0,/mnt/research-projects/j/jlgage/RawUAVData01/uavforslb/final_image/final_sliced/20230720_G3_07504.jpg
7493,G3,2023,7/26/23,7.5,7/27/23,20230727_G3_07493.jpg,1,/mnt/research-projects/j/jlgage/RawUAVData01/uavforslb/final_image/final_sliced/20230727_G3_07493.jpg
10026,I3B,2023,7/12/23,5.5,7/13/23,20230713_I3B_10026.jpg,1,/mnt/research-projects/j/jlgage/RawUAVData01/uavforslb/final_image/final_sliced/20230713_I3B_10026.jpg
1937,C6B,2024,7/29/24,4.0,7/26/24,20240726_C6B_01937.jpg,-3,/mnt/research-projects/j/jlgage/RawUAVData01/uavforslb/final_image/final_sliced/20240726_C6B_01937.jpg
10270,I3B,2023,7/25/23,4.5,7/27/23,20230727_I3B_10270.jpg,2,/mnt/research-projects/j/jlgage/RawUAVData01/uavforslb/final_image/final_sliced/20230727_I3B_10270.jpg
4093,B7A,2024,7/30/24,4.0,7/27/24,20240727_B7A_04093.jpg,-3,/mnt/research-projects/j/jlgage/RawUAVData01/uavforslb/final_image/final_sliced/20240727_B7A_04093.jpg
4249,B7A,2024,7/30/24,1.5,7/27/24,20240727_B7A_04249.jpg,-3,/mnt/research-projects/j/jlgage/RawUAVData01/uavforslb/final_image/final_sliced/20240727_B7A_04249.jpg
7247,G3,2023,7/26/23,5.0,7/27/23,20230727_G3_07247.jpg,1,/mnt/research-projects/j/jlgage/RawUAVData01/uavforslb/final_image/final_sliced/20230727_G3_07247.jpg
8062,G3,2023,7/19/23,8.0,7/20/23,20230720_G3_08062.jpg,1,/mnt/research-projects/j/jlgage/RawUAVData01/uavforslb/final_image/final_sliced/20230720_G3_08062.jpg
11075,I3B,2023,7/12/23,8.0,7/13/23,20230713_I3B_11075.jpg,1,/mnt/research-projects/j/jlgage/RawUAVData01/uavforslb/final_image/final_sliced/20230713_I3B_11075.jpg
7278,G3,2023,7/20/23,7.5,7/20/23,20230720_G3_07278.jpg,0,/mnt/research-projects/j/jlgage/RawUAVData01/uavforslb/final_image/final_sliced/20230720_G3_07278.jpg
546,C6B,2024,7/19/24,8.0,7/18/24,20240718_C6B_00546.jpg,-1,/mnt/research-projects/j/jlgage/RawUAVData01/uavforslb/final_image/final_sliced/20240718_C6B_00546.jpg
4469,B7A,2024,7/15/24,8.0,7/16/24,20240716_B7A_04469.jpg,1,/mnt/research-projects/j/jlgage/RawUAVData01/uavforslb/final_image/final_sliced/20240716_B7A_04469.jpg
3139,C6B,2024,7/15/24,8.5,7/18/24,20240718_C6B_03139.jpg,3,/mnt/research-projects/j/jlgage/RawUAVData01/uavforslb/final_image/final_sliced/20240718_C6B_03139.jpg
613,C6B,2024,7/19/24,7.0,7/18/24,20240718_C6B_00613.jpg,-1,/mnt/research-projects/j/jlgage/RawUAVData01/uavforslb/final_image/final_sliced/20240718_C6B_00613.jpg
5018,C6B,2024,7/11/24,7.5,7/10/24,20240710_C6B_05018.jpg,-1,/mnt/research-projects/j/jlgage/RawUAVData01/uavforslb/final_image/final_sliced/20240710_C6B_05018.jpg
4158,B7A,2024,7/15/24,8.0,7/16/24,20240716_B7A_04158.jpg,1,/mnt/research-projects/j/jlgage/RawUAVData01/uavforslb/final_image/final_sliced/20240716_B7A_04158.jpg
8049,G3,2023,7/19/23,4.0,7/20/23,20230720_G3_08049.jpg,1,/mnt/research-projects/j/jlgage/RawUAVData01/uavforslb/final_image/final_sliced/20230720_G3_08049.jpg
4412,B7A,2024,7/15/24,4.0,7/16/24,20240716_B7A_04412.jpg,1,/mnt/research-projects/j/jlgage/RawUAVData01/uavforslb/final_image/final_sliced/20240716_B7A_04412.jpg
876,C6B,2024,7/29/24,4.0,7/26/24,20240726_C6B_00876.jpg,-3,/mnt/research-projects/j/jlgage/RawUAVData01/uavforslb/final_image/final_sliced/20240726_C6B_00876.jpg
1372,C6B,2024,7/19/24,8.0,7/18/24,20240718_C6B_01372.jpg,-1,/mnt/research-projects/j/jlgage/RawUAVData01/uavforslb/final_image/final_sliced/20240718_C6B_01372.jpg
1949,C6B,2024,7/19/24,6.5,7/18/24,20240718_C6B_01949.jpg,-1,/mnt/research-projects/j/jlgage/RawUAVData01/uavforslb/final_image/final_sliced/20240718_C6B_01949.jpg
2593,C6B,2024,7/15/24,8.0,7/18/24,20240718_C6B_02593.jpg,3,/mnt/research-projects/j/jlgage/RawUAVData01/uavforslb/final_image/final_sliced/20240718_C6B_02593.jpg
9762,I3B,2023,7/12/23,5.5,7/13/23,20230713_I3B_09762.jpg,1,/mnt/research-projects/j/jlgage/RawUAVData01/uavforslb/final_image/final_sliced/20230713_I3B_09762.jpg
1740,C6B,2024,7/29/24,4.0,7/26/24,20240726_C6B_01740.jpg,-3,/mnt/research-projects/j/jlgage/RawUAVData01/uavforslb/final_image/final_sliced/20240726_C6B_01740.jpg
8149,G3,2023,7/20/23,6.5,7/20/23,20230720_G3_08149.jpg,0,/mnt/research-projects/j/jlgage/RawUAVData01/uavforslb/final_image/final_sliced/20230720_G3_08149.jpg
7307,G3,2023,7/20/23,7.0,7/20/23,20230720_G3_07307.jpg,0,/mnt/research-projects/j/jlgage/RawUAVData01/uavforslb/final_image/final_sliced/20230720_G3_07307.jpg
2880,C6B,2024,7/30/24,4.0,8/2/24,20240802_C6B_02880.jpg,3,/mnt/research-projects/j/jlgage/RawUAVData01/uavforslb/final_image/final_sliced/20240802_C6B_02880.jpg
857,C6B,2024,7/19/24,7.5,7/18/24,20240718_C6B_00857.jpg,-1,/mnt/research-projects/j/jlgage/RawUAVData01/uavforslb/final_image/final_sliced/20240718_C6B_00857.jpg
4616,B7A,2024,7/15/24,8.5,7/16/24,20240716_B7A_04616.jpg,1,/mnt/research-projects/j/jlgage/RawUAVData01/uavforslb/final_image/final_sliced/20240716_B7A_04616.jpg
357,C6B,2024,7/29/24,3.0,7/26/24,20240726_C6B_00357.jpg,-3,/mnt/research-projects/j/jlgage/RawUAVData01/uavforslb/final_image/final_sliced/20240726_C6B_00357.jpg
1803,C6B,2024,7/19/24,7.0,7/18/24,20240718_C6B_01803.jpg,-1,/mnt/research-projects/j/jlgage/RawUAVData01/uavforslb/final_image/final_sliced/20240718_C6B_01803.jpg
10040,I3B,2023,7/12/23,4.0,7/13/23,20230713_I3B_10040.jpg,1,/mnt/research-projects/j/jlgage/RawUAVData01/uavforslb/final_image/final_sliced/20230713_I3B_10040.jpg
711,C6B,2024,7/19/24,8.5,7/18/24,20240718_C6B_00711.jpg,-1,/mnt/research-projects/j/jlgage/RawUAVData01/uavforslb/final_image/final_sliced/20240718_C6B_00711.jpg
10806,I3B,2023,7/19/23,6.0,7/20/23,20230720_I3B_10806.jpg,1,/mnt/research-projects/j/jlgage/RawUAVData01/uavforslb/final_image/final_sliced/20230720_I3B_10806.jpg
980,C6B,2024,7/19/24,7.5,7/18/24,20240718_C6B_00980.jpg,-1,/mnt/research-projects/j/jlgage/RawUAVData01/uavforslb/final_image/final_sliced/20240718_C6B_00980.jpg
10747,I3B,2023,7/19/23,5.0,7/20/23,20230720_I3B_10747.jpg,1,/mnt/research-projects/j/jlgage/RawUAVData01/uavforslb/final_image/final_sliced/20230720_I3B_10747.jpg
102,C6B,2024,7/19/24,8.0,7/18/24,20240718_C6B_00102.jpg,-1,/mnt/research-projects/j/jlgage/RawUAVData01/uavforslb/final_image/final_sliced/20240718_C6B_00102.jpg
2820,C6B,2024,7/15/24,8.0,7/18/24,20240718_C6B_02820.jpg,3,/mnt/research-projects/j/jlgage/RawUAVData01/uavforslb/final_image/final_sliced/20240718_C6B_02820.jpg
1279,C6B,2024,7/29/24,4.0,7/26/24,20240726_C6B_01279.jpg,-3,/mnt/research-projects/j/jlgage/RawUAVData01/uavforslb/final_image/final_sliced/20240726_C6B_01279.jpg
3387,C6B,2024,7/30/24,1.0,8/2/24,20240802_C6B_03387.jpg,3,/mnt/research-projects/j/jlgage/RawUAVData01/uavforslb/final_image/final_sliced/20240802_C6B_03387.jpg
9874,I3B,2023,7/12/23,4.0,7/13/23,20230713_I3B_09874.jpg,1,/mnt/research-projects/j/jlgage/RawUAVData01/uavforslb/final_image/final_sliced/20230713_I3B_09874.jpg
11236,I3B,2023,7/19/23,7.5,7/20/23,20230720_I3B_11236.jpg,1,/mnt/research-projects/j/jlgage/RawUAVData01/uavforslb/final_image/final_sliced/20230720_I3B_11236.jpg
9900,I3B,2023,7/12/23,6.0,7/13/23,20230713_I3B_09900.jpg,1,/mnt/research-projects/j/jlgage/RawUAVData01/uavforslb/final_image/final_sliced/20230713_I3B_09900.jpg
8088,G3,2023,7/20/23,6.5,7/20/23,20230720_G3_08088.jpg,0,/mnt/research-projects/j/jlgage/RawUAVData01/uavforslb/final_image/final_sliced/20230720_G3_08088.jpg
7318,G3,2023,7/20/23,7.5,7/20/23,20230720_G3_07318.jpg,0,/mnt/research-projects/j/jlgage/RawUAVData01/uavforslb/final_image/final_sliced/20230720_G3_07318.jpg
11300,I3B,2023,7/19/23,6.0,7/20/23,20230720_I3B_11300.jpg,1,/mnt/research-projects/j/jlgage/RawUAVData01/uavforslb/final_image/final_sliced/20230720_I3B_11300.jpg
9928,I3B,2023,7/12/23,5.0,7/13/23,20230713_I3B_09928.jpg,1,/mnt/research-projects/j/jlgage/RawUAVData01/uavforslb/final_image/final_sliced/20230713_I3B_09928.jpg
3080,G3,2023,7/19/23,7.5,7/20/23,20230720_G3_03080.jpg,1,/mnt/research-projects/j/jlgage/RawUAVData01/uavforslb/final_image/final_sliced/20230720_G3_03080.jpg
9706,I3B,2023,7/12/23,4.5,7/13/23,20230713_I3B_09706.jpg,1,/mnt/research-projects/j/jlgage/RawUAVData01/uavforslb/final_image/final_sliced/20230713_I3B_09706.jpg
1894,C6B,2024,7/29/24,2.0,7/26/24,20240726_C6B_01894.jpg,-3,/mnt/research-projects/j/jlgage/RawUAVData01/uavforslb/final_image/final_sliced/20240726_C6B_01894.jpg
569,C6B,2024,7/29/24,4.0,7/26/24,20240726_C6B_00569.jpg,-3,/mnt/research-projects/j/jlgage/RawUAVData01/uavforslb/final_image/final_sliced/20240726_C6B_00569.jpg
1989,C6B,2024,7/29/24,1.5,7/26/24,20240726_C6B_01989.jpg,-3,/mnt/research-projects/j/jlgage/RawUAVData01/uavforslb/final_image/final_sliced/20240726_C6B_01989.jpg
9951,I3B,2023,7/12/23,6.0,7/13/23,20230713_I3B_09951.jpg,1,/mnt/research-projects/j/jlgage/RawUAVData01/uavforslb/final_image/final_sliced/20230713_I3B_09951.jpg
10299,I3B,2023,7/25/23,3.0,7/27/23,20230727_I3B_10299.jpg,2,/mnt/research-projects/j/jlgage/RawUAVData01/uavforslb/final_image/final_sliced/20230727_I3B_10299.jpg
809,C6B,2024,7/19/24,7.5,7/18/24,20240718_C6B_00809.jpg,-1,/mnt/research-projects/j/jlgage/RawUAVData01/uavforslb/final_image/final_sliced/20240718_C6B_00809.jpg
2892,C6B,2024,7/15/24,8.0,7/18/24,20240718_C6B_02892.jpg,3,/mnt/research-projects/j/jlgage/RawUAVData01/uavforslb/final_image/final_sliced/20240718_C6B_02892.jpg
3956,B7A,2024,7/30/24,2.0,7/27/24,20240727_B7A_03956.jpg,-3,/mnt/research-projects/j/jlgage/RawUAVData01/uavforslb/final_image/final_sliced/20240727_B7A_03956.jpg
7364,G3,2023,7/20/23,6.5,7/20/23,20230720_G3_07364.jpg,0,/mnt/research-projects/j/jlgage/RawUAVData01/uavforslb/final_image/final_sliced/20230720_G3_07364.jpg
7333,G3,2023,7/20/23,7.5,7/20/23,20230720_G3_07333.jpg,0,/mnt/research-projects/j/jlgage/RawUAVData01/uavforslb/final_image/final_sliced/20230720_G3_07333.jpg
7251,G3,2023,7/26/23,7.0,7/27/23,20230727_G3_07251.jpg,1,/mnt/research-projects/j/jlgage/RawUAVData01/uavforslb/final_image/final_sliced/20230727_G3_07251.jpg
10750,I3B,2023,7/19/23,5.0,7/20/23,20230720_I3B_10750.jpg,1,/mnt/research-projects/j/jlgage/RawUAVData01/uavforslb/final_image/final_sliced/20230720_I3B_10750.jpg
3062,G3,2023,7/19/23,8.0,7/20/23,20230720_G3_03062.jpg,1,/mnt/research-projects/j/jlgage/RawUAVData01/uavforslb/final_image/final_sliced/20230720_G3_03062.jpg
9925,I3B,2023,7/12/23,6.0,7/13/23,20230713_I3B_09925.jpg,1,/mnt/research-projects/j/jlgage/RawUAVData01/uavforslb/final_image/final_sliced/20230713_I3B_09925.jpg
298,C6B,2024,7/19/24,8.5,7/18/24,20240718_C6B_00298.jpg,-1,/mnt/research-projects/j/jlgage/RawUAVData01/uavforslb/final_image/final_sliced/20240718_C6B_00298.jpg
10784,I3B,2023,7/19/23,4.0,7/20/23,20230720_I3B_10784.jpg,1,/mnt/research-projects/j/jlgage/RawUAVData01/uavforslb/final_image/final_sliced/20230720_I3B_10784.jpg
8073,G3,2023,7/20/23,6.5,7/20/23,20230720_G3_08073.jpg,0,/mnt/research-projects/j/jlgage/RawUAVData01/uavforslb/final_image/final_sliced/20230720_G3_08073.jpg
808,C6B,2024,7/19/24,6.0,7/18/24,20240718_C6B_00808.jpg,-1,/mnt/research-projects/j/jlgage/RawUAVData01/uavforslb/final_image/final_sliced/20240718_C6B_00808.jpg
8054,G3,2023,7/19/23,5.5,7/20/23,20230720_G3_08054.jpg,1,/mnt/research-projects/j/jlgage/RawUAVData01/uavforslb/final_image/final_sliced/20230720_G3_08054.jpg
1755,C6B,2024,7/29/24,5.0,7/26/24,20240726_C6B_01755.jpg,-3,/mnt/research-projects/j/jlgage/RawUAVData01/uavforslb/final_image/final_sliced/20240726_C6B_01755.jpg
2146,C6B,2024,7/29/24,2.5,7/26/24,20240726_C6B_02146.jpg,-3,/mnt/research-projects/j/jlgage/RawUAVData01/uavforslb/final_image/final_sliced/20240726_C6B_02146.jpg
7351,G3,2023,7/26/23,7.5,7/27/23,20230727_G3_07351.jpg,1,/mnt/research-projects/j/jlgage/RawUAVData01/uavforslb/final_image/final_sliced/20230727_G3_07351.jpg
2527,C6B,2024,7/18/24,6.5,7/18/24,20240718_C6B_02527.jpg,0,/mnt/research-projects/j/jlgage/RawUAVData01/uavforslb/final_image/final_sliced/20240718_C6B_02527.jpg
3708,C6B,2024,7/15/24,8.0,7/18/24,20240718_C6B_03708.jpg,3,/mnt/research-projects/j/jlgage/RawUAVData01/uavforslb/final_image/final_sliced/20240718_C6B_03708.jpg
10425,I3B,2023,7/25/23,3.0,7/27/23,20230727_I3B_10425.jpg,2,/mnt/research-projects/j/jlgage/RawUAVData01/uavforslb/final_image/final_sliced/20230727_I3B_10425.jpg
2924,C6B,2024,7/30/24,3.5,8/2/24,20240802_C6B_02924.jpg,3,/mnt/research-projects/j/jlgage/RawUAVData01/uavforslb/final_image/final_sliced/20240802_C6B_02924.jpg
2620,C6B,2024,7/30/24,3.5,8/2/24,20240802_C6B_02620.jpg,3,/mnt/research-projects/j/jlgage/RawUAVData01/uavforslb/final_image/final_sliced/20240802_C6B_02620.jpg
898,C6B,2024,7/19/24,5.0,7/18/24,20240718_C6B_00898.jpg,-1,/mnt/research-projects/j/jlgage/RawUAVData01/uavforslb/final_image/final_sliced/20240718_C6B_00898.jpg
9825,I3B,2023,7/12/23,5.0,7/13/23,20230713_I3B_09825.jpg,1,/mnt/research-projects/j/jlgage/RawUAVData01/uavforslb/final_image/final_sliced/20230713_I3B_09825.jpg
666,C6B,2024,7/29/24,4.0,7/26/24,20240726_C6B_00666.jpg,-3,/mnt/research-projects/j/jlgage/RawUAVData01/uavforslb/final_image/final_sliced/20240726_C6B_00666.jpg
508,C6B,2024,7/29/24,4.0,7/26/24,20240726_C6B_00508.jpg,-3,/mnt/research-projects/j/jlgage/RawUAVData01/uavforslb/final_image/final_sliced/20240726_C6B_00508.jpg
4168,B7A,2024,7/30/24,4.0,7/27/24,20240727_B7A_04168.jpg,-3,/mnt/research-projects/j/jlgage/RawUAVData01/uavforslb/final_image/final_sliced/20240727_B7A_04168.jpg
10372,I3B,2023,7/25/23,5.5,7/27/23,20230727_I3B_10372.jpg,2,/mnt/research-projects/j/jlgage/RawUAVData01/uavforslb/final_image/final_sliced/20230727_I3B_10372.jpg
10859,I3B,2023,7/19/23,5.5,7/20/23,20230720_I3B_10859.jpg,1,/mnt/research-projects/j/jlgage/RawUAVData01/uavforslb/final_image/final_sliced/20230720_I3B_10859.jpg
10867,I3B,2023,7/19/23,7.5,7/20/23,20230720_I3B_10867.jpg,1,/mnt/research-projects/j/jlgage/RawUAVData01/uavforslb/final_image/final_sliced/20230720_I3B_10867.jpg
4041,B7A,2024,7/15/24,7.0,7/16/24,20240716_B7A_04041.jpg,1,/mnt/research-projects/j/jlgage/RawUAVData01/uavforslb/final_image/final_sliced/20240716_B7A_04041.jpg
9627,I3B,2023,7/12/23,5.0,7/13/23,20230713_I3B_09627.jpg,1,/mnt/research-projects/j/jlgage/RawUAVData01/uavforslb/final_image/final_sliced/20230713_I3B_09627.jpg
9920,I3B,2023,7/12/23,5.5,7/13/23,20230713_I3B_09920.jpg,1,/mnt/research-projects/j/jlgage/RawUAVData01/uavforslb/final_image/final_sliced/20230713_I3B_09920.jpg
3119,G3,2023,7/26/23,7.5,7/27/23,20230727_G3_03119.jpg,1,/mnt/research-projects/j/jlgage/RawUAVData01/uavforslb/final_image/final_sliced/20230727_G3_03119.jpg
9652,I3B,2023,7/12/23,5.5,7/13/23,20230713_I3B_09652.jpg,1,/mnt/research-projects/j/jlgage/RawUAVData01/uavforslb/final_image/final_sliced/20230713_I3B_09652.jpg
434,C6B,2024,7/19/24,8.0,7/18/24,20240718_C6B_00434.jpg,-1,/mnt/research-projects/j/jlgage/RawUAVData01/uavforslb/final_image/final_sliced/20240718_C6B_00434.jpg
7426,G3,2023,7/26/23,7.5,7/27/23,20230727_G3_07426.jpg,1,/mnt/research-projects/j/jlgage/RawUAVData01/uavforslb/final_image/final_sliced/20230727_G3_07426.jpg
11183,I3B,2023,7/12/23,7.0,7/13/23,20230713_I3B_11183.jpg,1,/mnt/research-projects/j/jlgage/RawUAVData01/uavforslb/final_image/final_sliced/20230713_I3B_11183.jpg
2001,C6B,2024,7/29/24,3.0,7/26/24,20240726_C6B_02001.jpg,-3,/mnt/research-projects/j/jlgage/RawUAVData01/uavforslb/final_image/final_sliced/20240726_C6B_02001.jpg
1430,C6B,2024,7/29/24,4.0,7/26/24,20240726_C6B_01430.jpg,-3,/mnt/research-projects/j/jlgage/RawUAVData01/uavforslb/final_image/final_sliced/20240726_C6B_01430.jpg
3604,C6B,2024,7/30/24,3.0,8/2/24,20240802_C6B_03604.jpg,3,/mnt/research-projects/j/jlgage/RawUAVData01/uavforslb/final_image/final_sliced/20240802_C6B_03604.jpg
7224,G3,2023,7/19/23,5.5,7/20/23,20230720_G3_07224.jpg,1,/mnt/research-projects/j/jlgage/RawUAVData01/uavforslb/final_image/final_sliced/20230720_G3_07224.jpg
7276,G3,2023,7/26/23,8.0,7/27/23,20230727_G3_07276.jpg,1,/mnt/research-projects/j/jlgage/RawUAVData01/uavforslb/final_image/final_sliced/20230727_G3_07276.jpg
2042,C6B,2024,7/19/24,5.0,7/18/24,20240718_C6B_02042.jpg,-1,/mnt/research-projects/j/jlgage/RawUAVData01/uavforslb/final_image/final_sliced/20240718_C6B_02042.jpg
1398,C6B,2024,7/29/24,3.0,7/26/24,20240726_C6B_01398.jpg,-3,/mnt/research-projects/j/jlgage/RawUAVData01/uavforslb/final_image/final_sliced/20240726_C6B_01398.jpg
10912,I3B,2023,7/19/23,4.5,7/20/23,20230720_I3B_10912.jpg,1,/mnt/research-projects/j/jlgage/RawUAVData01/uavforslb/final_image/final_sliced/20230720_I3B_10912.jpg
10975,I3B,2023,7/19/23,5.5,7/20/23,20230720_I3B_10975.jpg,1,/mnt/research-projects/j/jlgage/RawUAVData01/uavforslb/final_image/final_sliced/20230720_I3B_10975.jpg
9654,I3B,2023,7/12/23,4.5,7/13/23,20230713_I3B_09654.jpg,1,/mnt/research-projects/j/jlgage/RawUAVData01/uavforslb/final_image/final_sliced/20230713_I3B_09654.jpg
9845,I3B,2023,7/12/23,5.0,7/13/23,20230713_I3B_09845.jpg,1,/mnt/research-projects/j/jlgage/RawUAVData01/uavforslb/final_image/final_sliced/20230713_I3B_09845.jpg
4009,B7A,2024,7/30/24,4.0,7/27/24,20240727_B7A_04009.jpg,-3,/mnt/research-projects/j/jlgage/RawUAVData01/uavforslb/final_image/final_sliced/20240727_B7A_04009.jpg
1256,C6B,2024,7/19/24,8.5,7/18/24,20240718_C6B_01256.jpg,-1,/mnt/research-projects/j/jlgage/RawUAVData01/uavforslb/final_image/final_sliced/20240718_C6B_01256.jpg
1184,C6B,2024,7/29/24,4.0,7/26/24,20240726_C6B_01184.jpg,-3,/mnt/research-projects/j/jlgage/RawUAVData01/uavforslb/final_image/final_sliced/20240726_C6B_01184.jpg
7452,G3,2023,7/26/23,6.0,7/27/23,20230727_G3_07452.jpg,1,/mnt/research-projects/j/jlgage/RawUAVData01/uavforslb/final_image/final_sliced/20230727_G3_07452.jpg
880,C6B,2024,7/29/24,5.5,7/26/24,20240726_C6B_00880.jpg,-3,/mnt/research-projects/j/jlgage/RawUAVData01/uavforslb/final_image/final_sliced/20240726_C6B_00880.jpg
11126,I3B,2023,7/12/23,7.5,7/13/23,20230713_I3B_11126.jpg,1,/mnt/research-projects/j/jlgage/RawUAVData01/uavforslb/final_image/final_sliced/20230713_I3B_11126.jpg
7447,G3,2023,7/26/23,4.0,7/27/23,20230727_G3_07447.jpg,1,/mnt/research-projects/j/jlgage/RawUAVData01/uavforslb/final_image/final_sliced/20230727_G3_07447.jpg
7374,G3,2023,7/20/23,6.0,7/20/23,20230720_G3_07374.jpg,0,/mnt/research-projects/j/jlgage/RawUAVData01/uavforslb/final_image/final_sliced/20230720_G3_07374.jpg
1945,C6B,2024,7/19/24,7.0,7/18/24,20240718_C6B_01945.jpg,-1,/mnt/research-projects/j/jlgage/RawUAVData01/uavforslb/final_image/final_sliced/20240718_C6B_01945.jpg
7517,G3,2023,7/20/23,8.0,7/20/23,20230720_G3_07517.jpg,0,/mnt/research-projects/j/jlgage/RawUAVData01/uavforslb/final_image/final_sliced/20230720_G3_07517.jpg
4401,B7A,2024,7/30/24,1.5,7/27/24,20240727_B7A_04401.jpg,-3,/mnt/research-projects/j/jlgage/RawUAVData01/uavforslb/final_image/final_sliced/20240727_B7A_04401.jpg
3048,G3,2023,7/26/23,5.0,7/27/23,20230727_G3_03048.jpg,1,/mnt/research-projects/j/jlgage/RawUAVData01/uavforslb/final_image/final_sliced/20230727_G3_03048.jpg
11232,I3B,2023,7/19/23,6.0,7/20/23,20230720_I3B_11232.jpg,1,/mnt/research-projects/j/jlgage/RawUAVData01/uavforslb/final_image/final_sliced/20230720_I3B_11232.jpg
9743,I3B,2023,7/12/23,5.0,7/13/23,20230713_I3B_09743.jpg,1,/mnt/research-projects/j/jlgage/RawUAVData01/uavforslb/final_image/final_sliced/20230713_I3B_09743.jpg
7337,G3,2023,7/20/23,7.0,7/20/23,20230720_G3_07337.jpg,0,/mnt/research-projects/j/jlgage/RawUAVData01/uavforslb/final_image/final_sliced/20230720_G3_07337.jpg
1587,C6B,2024,7/19/24,5.0,7/18/24,20240718_C6B_01587.jpg,-1,/mnt/research-projects/j/jlgage/RawUAVData01/uavforslb/final_image/final_sliced/20240718_C6B_01587.jpg
2893,C6B,2024,7/30/24,1.5,8/2/24,20240802_C6B_02893.jpg,3,/mnt/research-projects/j/jlgage/RawUAVData01/uavforslb/final_image/final_sliced/20240802_C6B_02893.jpg
7531,G3,2023,7/20/23,6.5,7/20/23,20230720_G3_07531.jpg,0,/mnt/research-projects/j/jlgage/RawUAVData01/uavforslb/final_image/final_sliced/20230720_G3_07531.jpg
9692,I3B,2023,7/12/23,5.5,7/13/23,20230713_I3B_09692.jpg,1,/mnt/research-projects/j/jlgage/RawUAVData01/uavforslb/final_image/final_sliced/20230713_I3B_09692.jpg
285,C6B,2024,7/19/24,8.5,7/18/24,20240718_C6B_00285.jpg,-1,/mnt/research-projects/j/jlgage/RawUAVData01/uavforslb/final_image/final_sliced/20240718_C6B_00285.jpg
3136,G3,2023,7/26/23,4.0,7/27/23,20230727_G3_03136.jpg,1,/mnt/research-projects/j/jlgage/RawUAVData01/uavforslb/final_image/final_sliced/20230727_G3_03136.jpg
11265,I3B,2023,7/19/23,6.5,7/20/23,20230720_I3B_11265.jpg,1,/mnt/research-projects/j/jlgage/RawUAVData01/uavforslb/final_image/final_sliced/20230720_I3B_11265.jpg
9954,I3B,2023,7/12/23,4.0,7/13/23,20230713_I3B_09954.jpg,1,/mnt/research-projects/j/jlgage/RawUAVData01/uavforslb/final_image/final_sliced/20230713_I3B_09954.jpg
1416,C6B,2024,7/29/24,3.5,7/26/24,20240726_C6B_01416.jpg,-3,/mnt/research-projects/j/jlgage/RawUAVData01/uavforslb/final_image/final_sliced/20240726_C6B_01416.jpg
2987,C6B,2024,7/30/24,4.0,8/2/24,20240802_C6B_02987.jpg,3,/mnt/research-projects/j/jlgage/RawUAVData01/uavforslb/final_image/final_sliced/20240802_C6B_02987.jpg
7483,G3,2023,7/20/23,8.0,7/20/23,20230720_G3_07483.jpg,0,/mnt/research-projects/j/jlgage/RawUAVData01/uavforslb/final_image/final_sliced/20230720_G3_07483.jpg
2120,C6B,2024,7/29/24,4.0,7/26/24,20240726_C6B_02120.jpg,-3,/mnt/research-projects/j/jlgage/RawUAVData01/uavforslb/final_image/final_sliced/20240726_C6B_02120.jpg
3353,C6B,2024,7/30/24,1.0,8/2/24,20240802_C6B_03353.jpg,3,/mnt/research-projects/j/jlgage/RawUAVData01/uavforslb/final_image/final_sliced/20240802_C6B_03353.jpg
9618,I3B,2023,7/12/23,7.0,7/13/23,20230713_I3B_09618.jpg,1,/mnt/research-projects/j/jlgage/RawUAVData01/uavforslb/final_image/final_sliced/20230713_I3B_09618.jpg
7440,G3,2023,7/20/23,7.5,7/20/23,20230720_G3_07440.jpg,0,/mnt/research-projects/j/jlgage/RawUAVData01/uavforslb/final_image/final_sliced/20230720_G3_07440.jpg
946,C6B,2024,7/29/24,4.0,7/26/24,20240726_C6B_00946.jpg,-3,/mnt/research-projects/j/jlgage/RawUAVData01/uavforslb/final_image/final_sliced/20240726_C6B_00946.jpg
7540,G3,2023,7/20/23,8.0,7/20/23,20230720_G3_07540.jpg,0,/mnt/research-projects/j/jlgage/RawUAVData01/uavforslb/final_image/final_sliced/20230720_G3_07540.jpg
3101,G3,2023,7/19/23,8.0,7/20/23,20230720_G3_03101.jpg,1,/mnt/research-projects/j/jlgage/RawUAVData01/uavforslb/final_image/final_sliced/20230720_G3_03101.jpg
377,C6B,2024,7/19/24,6.5,7/18/24,20240718_C6B_00377.jpg,-1,/mnt/research-projects/j/jlgage/RawUAVData01/uavforslb/final_image/final_sliced/20240718_C6B_00377.jpg
8100,G3,2023,7/20/23,7.0,7/20/23,20230720_G3_08100.jpg,0,/mnt/research-projects/j/jlgage/RawUAVData01/uavforslb/final_image/final_sliced/20230720_G3_08100.jpg
3155,G3,2023,7/19/23,5.0,7/20/23,20230720_G3_03155.jpg,1,/mnt/research-projects/j/jlgage/RawUAVData01/uavforslb/final_image/final_sliced/20230720_G3_03155.jpg
3561,C6B,2024,7/15/24,8.0,7/18/24,20240718_C6B_03561.jpg,3,/mnt/research-projects/j/jlgage/RawUAVData01/uavforslb/final_image/final_sliced/20240718_C6B_03561.jpg
10775,I3B,2023,7/19/23,6.0,7/20/23,20230720_I3B_10775.jpg,1,/mnt/research-projects/j/jlgage/RawUAVData01/uavforslb/final_image/final_sliced/20230720_I3B_10775.jpg
9679,I3B,2023,7/12/23,5.0,7/13/23,20230713_I3B_09679.jpg,1,/mnt/research-projects/j/jlgage/RawUAVData01/uavforslb/final_image/final_sliced/20230713_I3B_09679.jpg
4613,B7A,2024,7/15/24,8.5,7/16/24,20240716_B7A_04613.jpg,1,/mnt/research-projects/j/jlgage/RawUAVData01/uavforslb/final_image/final_sliced/20240716_B7A_04613.jpg
1790,C6B,2024,7/19/24,6.0,7/18/24,20240718_C6B_01790.jpg,-1,/mnt/research-projects/j/jlgage/RawUAVData01/uavforslb/final_image/final_sliced/20240718_C6B_01790.jpg
7289,G3,2023,7/26/23,5.5,7/27/23,20230727_G3_07289.jpg,1,/mnt/research-projects/j/jlgage/RawUAVData01/uavforslb/final_image/final_sliced/20230727_G3_07289.jpg
210,C6B,2024,7/29/24,5.0,7/26/24,20240726_C6B_00210.jpg,-3,/mnt/research-projects/j/jlgage/RawUAVData01/uavforslb/final_image/final_sliced/20240726_C6B_00210.jpg
7460,G3,2023,7/26/23,8.0,7/27/23,20230727_G3_07460.jpg,1,/mnt/research-projects/j/jlgage/RawUAVData01/uavforslb/final_image/final_sliced/20230727_G3_07460.jpg
11283,I3B,2023,7/19/23,7.5,7/20/23,20230720_I3B_11283.jpg,1,/mnt/research-projects/j/jlgage/RawUAVData01/uavforslb/final_image/final_sliced/20230720_I3B_11283.jpg
11244,I3B,2023,7/19/23,5.5,7/20/23,20230720_I3B_11244.jpg,1,/mnt/research-projects/j/jlgage/RawUAVData01/uavforslb/final_image/final_sliced/20230720_I3B_11244.jpg
8023,G3,2023,7/26/23,3.0,7/27/23,20230727_G3_08023.jpg,1,/mnt/research-projects/j/jlgage/RawUAVData01/uavforslb/final_image/final_sliced/20230727_G3_08023.jpg
3128,G3,2023,7/26/23,3.5,7/27/23,20230727_G3_03128.jpg,1,/mnt/research-projects/j/jlgage/RawUAVData01/uavforslb/final_image/final_sliced/20230727_G3_03128.jpg
2519,C6B,2024,7/18/24,7.0,7/18/24,20240718_C6B_02519.jpg,0,/mnt/research-projects/j/jlgage/RawUAVData01/uavforslb/final_image/final_sliced/20240718_C6B_02519.jpg
3024,G3,2023,7/19/23,8.0,7/20/23,20230720_G3_03024.jpg,1,/mnt/research-projects/j/jlgage/RawUAVData01/uavforslb/final_image/final_sliced/20230720_G3_03024.jpg
11047,I3B,2023,7/12/23,8.0,7/13/23,20230713_I3B_11047.jpg,1,/mnt/research-projects/j/jlgage/RawUAVData01/uavforslb/final_image/final_sliced/20230713_I3B_11047.jpg
7444,G3,2023,7/26/23,8.0,7/27/23,20230727_G3_07444.jpg,1,/mnt/research-projects/j/jlgage/RawUAVData01/uavforslb/final_image/final_sliced/20230727_G3_07444.jpg
4163,B7A,2024,7/30/24,2.0,7/27/24,20240727_B7A_04163.jpg,-3,/mnt/research-projects/j/jlgage/RawUAVData01/uavforslb/final_image/final_sliced/20240727_B7A_04163.jpg
7512,G3,2023,7/26/23,4.5,7/27/23,20230727_G3_07512.jpg,1,/mnt/research-projects/j/jlgage/RawUAVData01/uavforslb/final_image/final_sliced/20230727_G3_07512.jpg
10034,I3B,2023,7/12/23,4.5,7/13/23,20230713_I3B_10034.jpg,1,/mnt/research-projects/j/jlgage/RawUAVData01/uavforslb/final_image/final_sliced/20230713_I3B_10034.jpg
3657,C6B,2024,7/15/24,8.0,7/18/24,20240718_C6B_03657.jpg,3,/mnt/research-projects/j/jlgage/RawUAVData01/uavforslb/final_image/final_sliced/20240718_C6B_03657.jpg
3960,B7A,2024,7/15/24,4.0,7/16/24,20240716_B7A_03960.jpg,1,/mnt/research-projects/j/jlgage/RawUAVData01/uavforslb/final_image/final_sliced/20240716_B7A_03960.jpg
7468,G3,2023,7/26/23,5.0,7/27/23,20230727_G3_07468.jpg,1,/mnt/research-projects/j/jlgage/RawUAVData01/uavforslb/final_image/final_sliced/20230727_G3_07468.jpg
7520,G3,2023,7/20/23,7.0,7/20/23,20230720_G3_07520.jpg,0,/mnt/research-projects/j/jlgage/RawUAVData01/uavforslb/final_image/final_sliced/20230720_G3_07520.jpg
710,C6B,2024,7/19/24,8.0,7/18/24,20240718_C6B_00710.jpg,-1,/mnt/research-projects/j/jlgage/RawUAVData01/uavforslb/final_image/final_sliced/20240718_C6B_00710.jpg
11120,I3B,2023,7/12/23,7.5,7/13/23,20230713_I3B_11120.jpg,1,/mnt/research-projects/j/jlgage/RawUAVData01/uavforslb/final_image/final_sliced/20230713_I3B_11120.jpg
11307,I3B,2023,7/19/23,5.5,7/20/23,20230720_I3B_11307.jpg,1,/mnt/research-projects/j/jlgage/RawUAVData01/uavforslb/final_image/final_sliced/20230720_I3B_11307.jpg
10837,I3B,2023,7/19/23,6.5,7/20/23,20230720_I3B_10837.jpg,1,/mnt/research-projects/j/jlgage/RawUAVData01/uavforslb/final_image/final_sliced/20230720_I3B_10837.jpg
3679,C6B,2024,7/15/24,8.5,7/18/24,20240718_C6B_03679.jpg,3,/mnt/research-projects/j/jlgage/RawUAVData01/uavforslb/final_image/final_sliced/20240718_C6B_03679.jpg
3209,G3,2023,7/26/23,6.0,7/27/23,20230727_G3_03209.jpg,1,/mnt/research-projects/j/jlgage/RawUAVData01/uavforslb/final_image/final_sliced/20230727_G3_03209.jpg
5010,C6B,2024,7/11/24,7.0,7/10/24,20240710_C6B_05010.jpg,-1,/mnt/research-projects/j/jlgage/RawUAVData01/uavforslb/final_image/final_sliced/20240710_C6B_05010.jpg
1931,C6B,2024,7/19/24,7.5,7/18/24,20240718_C6B_01931.jpg,-1,/mnt/research-projects/j/jlgage/RawUAVData01/uavforslb/final_image/final_sliced/20240718_C6B_01931.jpg
3177,G3,2023,7/19/23,7.0,7/20/23,20230720_G3_03177.jpg,1,/mnt/research-projects/j/jlgage/RawUAVData01/uavforslb/final_image/final_sliced/20230720_G3_03177.jpg
10797,I3B,2023,7/19/23,5.5,7/20/23,20230720_I3B_10797.jpg,1,/mnt/research-projects/j/jlgage/RawUAVData01/uavforslb/final_image/final_sliced/20230720_I3B_10797.jpg
11042,I3B,2023,7/12/23,7.0,7/13/23,20230713_I3B_11042.jpg,1,/mnt/research-projects/j/jlgage/RawUAVData01/uavforslb/final_image/final_sliced/20230713_I3B_11042.jpg
3009,G3,2023,7/26/23,2.5,7/27/23,20230727_G3_03009.jpg,1,/mnt/research-projects/j/jlgage/RawUAVData01/uavforslb/final_image/final_sliced/20230727_G3_03009.jpg
3065,G3,2023,7/26/23,7.5,7/27/23,20230727_G3_03065.jpg,1,/mnt/research-projects/j/jlgage/RawUAVData01/uavforslb/final_image/final_sliced/20230727_G3_03065.jpg
648,C6B,2024,7/29/24,3.0,7/26/24,20240726_C6B_00648.jpg,-3,/mnt/research-projects/j/jlgage/RawUAVData01/uavforslb/final_image/final_sliced/20240726_C6B_00648.jpg
2080,C6B,2024,7/29/24,3.0,7/26/24,20240726_C6B_02080.jpg,-3,/mnt/research-projects/j/jlgage/RawUAVData01/uavforslb/final_image/final_sliced/20240726_C6B_02080.jpg
1157,C6B,2024,7/29/24,5.5,7/26/24,20240726_C6B_01157.jpg,-3,/mnt/research-projects/j/jlgage/RawUAVData01/uavforslb/final_image/final_sliced/20240726_C6B_01157.jpg
877,C6B,2024,7/29/24,4.0,7/26/24,20240726_C6B_00877.jpg,-3,/mnt/research-projects/j/jlgage/RawUAVData01/uavforslb/final_image/final_sliced/20240726_C6B_00877.jpg
3001,G3,2023,7/26/23,8.0,7/27/23,20230727_G3_03001.jpg,1,/mnt/research-projects/j/jlgage/RawUAVData01/uavforslb/final_image/final_sliced/20230727_G3_03001.jpg
7458,G3,2023,7/26/23,8.0,7/27/23,20230727_G3_07458.jpg,1,/mnt/research-projects/j/jlgage/RawUAVData01/uavforslb/final_image/final_sliced/20230727_G3_07458.jpg
8150,G3,2023,7/20/23,6.5,7/20/23,20230720_G3_08150.jpg,0,/mnt/research-projects/j/jlgage/RawUAVData01/uavforslb/final_image/final_sliced/20230720_G3_08150.jpg
4455,B7A,2024,7/15/24,7.5,7/16/24,20240716_B7A_04455.jpg,1,/mnt/research-projects/j/jlgage/RawUAVData01/uavforslb/final_image/final_sliced/20240716_B7A_04455.jpg
11117,I3B,2023,7/12/23,6.5,7/13/23,20230713_I3B_11117.jpg,1,/mnt/research-projects/j/jlgage/RawUAVData01/uavforslb/final_image/final_sliced/20230713_I3B_11117.jpg
9658,I3B,2023,7/12/23,5.0,7/13/23,20230713_I3B_09658.jpg,1,/mnt/research-projects/j/jlgage/RawUAVData01/uavforslb/final_image/final_sliced/20230713_I3B_09658.jpg
9843,I3B,2023,7/12/23,5.0,7/13/23,20230713_I3B_09843.jpg,1,/mnt/research-projects/j/jlgage/RawUAVData01/uavforslb/final_image/final_sliced/20230713_I3B_09843.jpg
290,C6B,2024,7/19/24,8.5,7/18/24,20240718_C6B_00290.jpg,-1,/mnt/research-projects/j/jlgage/RawUAVData01/uavforslb/final_image/final_sliced/20240718_C6B_00290.jpg
4120,B7A,2024,7/15/24,8.5,7/16/24,20240716_B7A_04120.jpg,1,/mnt/research-projects/j/jlgage/RawUAVData01/uavforslb/final_image/final_sliced/20240716_B7A_04120.jpg
11250,I3B,2023,7/19/23,6.0,7/20/23,20230720_I3B_11250.jpg,1,/mnt/research-projects/j/jlgage/RawUAVData01/uavforslb/final_image/final_sliced/20230720_I3B_11250.jpg
7527,G3,2023,7/20/23,5.5,7/20/23,20230720_G3_07527.jpg,0,/mnt/research-projects/j/jlgage/RawUAVData01/uavforslb/final_image/final_sliced/20230720_G3_07527.jpg
7362,G3,2023,7/20/23,6.5,7/20/23,20230720_G3_07362.jpg,0,/mnt/research-projects/j/jlgage/RawUAVData01/uavforslb/final_image/final_sliced/20230720_G3_07362.jpg
886,C6B,2024,7/29/24,5.5,7/26/24,20240726_C6B_00886.jpg,-3,/mnt/research-projects/j/jlgage/RawUAVData01/uavforslb/final_image/final_sliced/20240726_C6B_00886.jpg
1759,C6B,2024,7/29/24,2.5,7/26/24,20240726_C6B_01759.jpg,-3,/mnt/research-projects/j/jlgage/RawUAVData01/uavforslb/final_image/final_sliced/20240726_C6B_01759.jpg
727,C6B,2024,7/29/24,5.0,7/26/24,20240726_C6B_00727.jpg,-3,/mnt/research-projects/j/jlgage/RawUAVData01/uavforslb/final_image/final_sliced/20240726_C6B_00727.jpg
7379,G3,2023,7/26/23,8.0,7/27/23,20230727_G3_07379.jpg,1,/mnt/research-projects/j/jlgage/RawUAVData01/uavforslb/final_image/final_sliced/20230727_G3_07379.jpg
4088,B7A,2024,7/15/24,8.5,7/16/24,20240716_B7A_04088.jpg,1,/mnt/research-projects/j/jlgage/RawUAVData01/uavforslb/final_image/final_sliced/20240716_B7A_04088.jpg
4233,B7A,2024,7/15/24,8.5,7/16/24,20240716_B7A_04233.jpg,1,/mnt/research-projects/j/jlgage/RawUAVData01/uavforslb/final_image/final_sliced/20240716_B7A_04233.jpg
10743,I3B,2023,7/19/23,6.0,7/20/23,20230720_I3B_10743.jpg,1,/mnt/research-projects/j/jlgage/RawUAVData01/uavforslb/final_image/final_sliced/20230720_I3B_10743.jpg
8009,G3,2023,7/26/23,7.5,7/27/23,20230727_G3_08009.jpg,1,/mnt/research-projects/j/jlgage/RawUAVData01/uavforslb/final_image/final_sliced/20230727_G3_08009.jpg
3165,G3,2023,7/26/23,4.0,7/27/23,20230727_G3_03165.jpg,1,/mnt/research-projects/j/jlgage/RawUAVData01/uavforslb/final_image/final_sliced/20230727_G3_03165.jpg
419,C6B,2024,7/19/24,5.5,7/18/24,20240718_C6B_00419.jpg,-1,/mnt/research-projects/j/jlgage/RawUAVData01/uavforslb/final_image/final_sliced/20240718_C6B_00419.jpg
8071,G3,2023,7/20/23,6.0,7/20/23,20230720_G3_08071.jpg,0,/mnt/research-projects/j/jlgage/RawUAVData01/uavforslb/final_image/final_sliced/20230720_G3_08071.jpg
1355,C6B,2024,7/19/24,8.5,7/18/24,20240718_C6B_01355.jpg,-1,/mnt/research-projects/j/jlgage/RawUAVData01/uavforslb/final_image/final_sliced/20240718_C6B_01355.jpg
2900,C6B,2024,7/15/24,6.0,7/18/24,20240718_C6B_02900.jpg,3,/mnt/research-projects/j/jlgage/RawUAVData01/uavforslb/final_image/final_sliced/20240718_C6B_02900.jpg
3669,C6B,2024,7/30/24,4.0,8/2/24,20240802_C6B_03669.jpg,3,/mnt/research-projects/j/jlgage/RawUAVData01/uavforslb/final_image/final_sliced/20240802_C6B_03669.jpg
3367,C6B,2024,7/30/24,2.0,8/2/24,20240802_C6B_03367.jpg,3,/mnt/research-projects/j/jlgage/RawUAVData01/uavforslb/final_image/final_sliced/20240802_C6B_03367.jpg
7216,G3,2023,7/26/23,5.0,7/27/23,20230727_G3_07216.jpg,1,/mnt/research-projects/j/jlgage/RawUAVData01/uavforslb/final_image/final_sliced/20230727_G3_07216.jpg
688,C6B,2024,7/29/24,5.5,7/26/24,20240726_C6B_00688.jpg,-3,/mnt/research-projects/j/jlgage/RawUAVData01/uavforslb/final_image/final_sliced/20240726_C6B_00688.jpg
11347,I3B,2023,7/19/23,7.5,7/20/23,20230720_I3B_11347.jpg,1,/mnt/research-projects/j/jlgage/RawUAVData01/uavforslb/final_image/final_sliced/20230720_I3B_11347.jpg
8078,G3,2023,7/20/23,8.0,7/20/23,20230720_G3_08078.jpg,0,/mnt/research-projects/j/jlgage/RawUAVData01/uavforslb/final_image/final_sliced/20230720_G3_08078.jpg
440,C6B,2024,7/19/24,8.0,7/18/24,20240718_C6B_00440.jpg,-1,/mnt/research-projects/j/jlgage/RawUAVData01/uavforslb/final_image/final_sliced/20240718_C6B_00440.jpg
5542,B7A,2024,7/27/24,5.0,7/27/24,20240727_B7A_05542.jpg,0,/mnt/research-projects/j/jlgage/RawUAVData01/uavforslb/final_image/final_sliced/20240727_B7A_05542.jpg
2874,C6B,2024,7/30/24,1.5,8/2/24,20240802_C6B_02874.jpg,3,/mnt/research-projects/j/jlgage/RawUAVData01/uavforslb/final_image/final_sliced/20240802_C6B_02874.jpg
3353,C6B,2024,7/15/24,8.0,7/18/24,20240718_C6B_03353.jpg,3,/mnt/research-projects/j/jlgage/RawUAVData01/uavforslb/final_image/final_sliced/20240718_C6B_03353.jpg
3042,C6B,2024,7/15/24,8.0,7/18/24,20240718_C6B_03042.jpg,3,/mnt/research-projects/j/jlgage/RawUAVData01/uavforslb/final_image/final_sliced/20240718_C6B_03042.jpg
9906,I3B,2023,7/12/23,5.5,7/13/23,20230713_I3B_09906.jpg,1,/mnt/research-projects/j/jlgage/RawUAVData01/uavforslb/final_image/final_sliced/20230713_I3B_09906.jpg
756,C6B,2024,7/29/24,6.0,7/26/24,20240726_C6B_00756.jpg,-3,/mnt/research-projects/j/jlgage/RawUAVData01/uavforslb/final_image/final_sliced/20240726_C6B_00756.jpg
10868,I3B,2023,7/19/23,7.5,7/20/23,20230720_I3B_10868.jpg,1,/mnt/research-projects/j/jlgage/RawUAVData01/uavforslb/final_image/final_sliced/20230720_I3B_10868.jpg
10952,I3B,2023,7/19/23,6.5,7/20/23,20230720_I3B_10952.jpg,1,/mnt/research-projects/j/jlgage/RawUAVData01/uavforslb/final_image/final_sliced/20230720_I3B_10952.jpg
539,C6B,2024,7/19/24,7.5,7/18/24,20240718_C6B_00539.jpg,-1,/mnt/research-projects/j/jlgage/RawUAVData01/uavforslb/final_image/final_sliced/20240718_C6B_00539.jpg
3987,B7A,2024,7/30/24,2.0,7/27/24,20240727_B7A_03987.jpg,-3,/mnt/research-projects/j/jlgage/RawUAVData01/uavforslb/final_image/final_sliced/20240727_B7A_03987.jpg
3268,C6B,2024,7/30/24,1.5,8/2/24,20240802_C6B_03268.jpg,3,/mnt/research-projects/j/jlgage/RawUAVData01/uavforslb/final_image/final_sliced/20240802_C6B_03268.jpg
10827,I3B,2023,7/19/23,6.0,7/20/23,20230720_I3B_10827.jpg,1,/mnt/research-projects/j/jlgage/RawUAVData01/uavforslb/final_image/final_sliced/20230720_I3B_10827.jpg
10002,I3B,2023,7/12/23,4.5,7/13/23,20230713_I3B_10002.jpg,1,/mnt/research-projects/j/jlgage/RawUAVData01/uavforslb/final_image/final_sliced/20230713_I3B_10002.jpg
10422,I3B,2023,7/25/23,3.5,7/27/23,20230727_I3B_10422.jpg,2,/mnt/research-projects/j/jlgage/RawUAVData01/uavforslb/final_image/final_sliced/20230727_I3B_10422.jpg
1164,C6B,2024,7/29/24,4.0,7/26/24,20240726_C6B_01164.jpg,-3,/mnt/research-projects/j/jlgage/RawUAVData01/uavforslb/final_image/final_sliced/20240726_C6B_01164.jpg
10342,I3B,2023,7/25/23,3.0,7/27/23,20230727_I3B_10342.jpg,2,/mnt/research-projects/j/jlgage/RawUAVData01/uavforslb/final_image/final_sliced/20230727_I3B_10342.jpg
10770,I3B,2023,7/19/23,5.5,7/20/23,20230720_I3B_10770.jpg,1,/mnt/research-projects/j/jlgage/RawUAVData01/uavforslb/final_image/final_sliced/20230720_I3B_10770.jpg
7367,G3,2023,7/20/23,7.5,7/20/23,20230720_G3_07367.jpg,0,/mnt/research-projects/j/jlgage/RawUAVData01/uavforslb/final_image/final_sliced/20230720_G3_07367.jpg
4076,B7A,2024,7/15/24,8.5,7/16/24,20240716_B7A_04076.jpg,1,/mnt/research-projects/j/jlgage/RawUAVData01/uavforslb/final_image/final_sliced/20240716_B7A_04076.jpg
2966,C6B,2024,7/30/24,2.5,8/2/24,20240802_C6B_02966.jpg,3,/mnt/research-projects/j/jlgage/RawUAVData01/uavforslb/final_image/final_sliced/20240802_C6B_02966.jpg
4351,B7A,2024,7/30/24,1.5,7/27/24,20240727_B7A_04351.jpg,-3,/mnt/research-projects/j/jlgage/RawUAVData01/uavforslb/final_image/final_sliced/20240727_B7A_04351.jpg
1984,C6B,2024,7/29/24,3.0,7/26/24,20240726_C6B_01984.jpg,-3,/mnt/research-projects/j/jlgage/RawUAVData01/uavforslb/final_image/final_sliced/20240726_C6B_01984.jpg
1327,C6B,2024,7/19/24,8.5,7/18/24,20240718_C6B_01327.jpg,-1,/mnt/research-projects/j/jlgage/RawUAVData01/uavforslb/final_image/final_sliced/20240718_C6B_01327.jpg
1570,C6B,2024,7/29/24,5.0,7/26/24,20240726_C6B_01570.jpg,-3,/mnt/research-projects/j/jlgage/RawUAVData01/uavforslb/final_image/final_sliced/20240726_C6B_01570.jpg
9566,I3B,2023,7/12/23,6.0,7/13/23,20230713_I3B_09566.jpg,1,/mnt/research-projects/j/jlgage/RawUAVData01/uavforslb/final_image/final_sliced/20230713_I3B_09566.jpg
10251,I3B,2023,7/25/23,4.0,7/27/23,20230727_I3B_10251.jpg,2,/mnt/research-projects/j/jlgage/RawUAVData01/uavforslb/final_image/final_sliced/20230727_I3B_10251.jpg
10946,I3B,2023,7/19/23,7.0,7/20/23,20230720_I3B_10946.jpg,1,/mnt/research-projects/j/jlgage/RawUAVData01/uavforslb/final_image/final_sliced/20230720_I3B_10946.jpg
9935,I3B,2023,7/12/23,4.0,7/13/23,20230713_I3B_09935.jpg,1,/mnt/research-projects/j/jlgage/RawUAVData01/uavforslb/final_image/final_sliced/20230713_I3B_09935.jpg
2002,C6B,2024,7/19/24,7.5,7/18/24,20240718_C6B_02002.jpg,-1,/mnt/research-projects/j/jlgage/RawUAVData01/uavforslb/final_image/final_sliced/20240718_C6B_02002.jpg
607,C6B,2024,7/29/24,6.0,7/26/24,20240726_C6B_00607.jpg,-3,/mnt/research-projects/j/jlgage/RawUAVData01/uavforslb/final_image/final_sliced/20240726_C6B_00607.jpg
7389,G3,2023,7/26/23,8.0,7/27/23,20230727_G3_07389.jpg,1,/mnt/research-projects/j/jlgage/RawUAVData01/uavforslb/final_image/final_sliced/20230727_G3_07389.jpg
1732,C6B,2024,7/29/24,4.0,7/26/24,20240726_C6B_01732.jpg,-3,/mnt/research-projects/j/jlgage/RawUAVData01/uavforslb/final_image/final_sliced/20240726_C6B_01732.jpg
2746,C6B,2024,7/30/24,4.0,8/2/24,20240802_C6B_02746.jpg,3,/mnt/research-projects/j/jlgage/RawUAVData01/uavforslb/final_image/final_sliced/20240802_C6B_02746.jpg
1380,C6B,2024,7/19/24,6.5,7/18/24,20240718_C6B_01380.jpg,-1,/mnt/research-projects/j/jlgage/RawUAVData01/uavforslb/final_image/final_sliced/20240718_C6B_01380.jpg
4210,B7A,2024,7/30/24,5.5,7/27/24,20240727_B7A_04210.jpg,-3,/mnt/research-projects/j/jlgage/RawUAVData01/uavforslb/final_image/final_sliced/20240727_B7A_04210.jpg
1155,C6B,2024,7/29/24,2.0,7/26/24,20240726_C6B_01155.jpg,-3,/mnt/research-projects/j/jlgage/RawUAVData01/uavforslb/final_image/final_sliced/20240726_C6B_01155.jpg
1322,C6B,2024,7/19/24,8.0,7/18/24,20240718_C6B_01322.jpg,-1,/mnt/research-projects/j/jlgage/RawUAVData01/uavforslb/final_image/final_sliced/20240718_C6B_01322.jpg
1225,C6B,2024,7/29/24,5.0,7/26/24,20240726_C6B_01225.jpg,-3,/mnt/research-projects/j/jlgage/RawUAVData01/uavforslb/final_image/final_sliced/20240726_C6B_01225.jpg
3062,G3,2023,7/26/23,8.0,7/27/23,20230727_G3_03062.jpg,1,/mnt/research-projects/j/jlgage/RawUAVData01/uavforslb/final_image/final_sliced/20230727_G3_03062.jpg
10893,I3B,2023,7/19/23,5.5,7/20/23,20230720_I3B_10893.jpg,1,/mnt/research-projects/j/jlgage/RawUAVData01/uavforslb/final_image/final_sliced/20230720_I3B_10893.jpg
3375,C6B,2024,7/15/24,8.0,7/18/24,20240718_C6B_03375.jpg,3,/mnt/research-projects/j/jlgage/RawUAVData01/uavforslb/final_image/final_sliced/20240718_C6B_03375.jpg
10000,I3B,2023,7/12/23,5.5,7/13/23,20230713_I3B_10000.jpg,1,/mnt/research-projects/j/jlgage/RawUAVData01/uavforslb/final_image/final_sliced/20230713_I3B_10000.jpg
3194,C6B,2024,7/30/24,6.0,8/2/24,20240802_C6B_03194.jpg,3,/mnt/research-projects/j/jlgage/RawUAVData01/uavforslb/final_image/final_sliced/20240802_C6B_03194.jpg
5560,B7A,2024,7/1/24,8.0,7/3/24,20240703_B7A_05560.jpg,2,/mnt/research-projects/j/jlgage/RawUAVData01/uavforslb/final_image/final_sliced/20240703_B7A_05560.jpg
4323,B7A,2024,7/15/24,7.5,7/16/24,20240716_B7A_04323.jpg,1,/mnt/research-projects/j/jlgage/RawUAVData01/uavforslb/final_image/final_sliced/20240716_B7A_04323.jpg
7511,G3,2023,7/20/23,7.5,7/20/23,20230720_G3_07511.jpg,0,/mnt/research-projects/j/jlgage/RawUAVData01/uavforslb/final_image/final_sliced/20230720_G3_07511.jpg
10813,I3B,2023,7/19/23,5.5,7/20/23,20230720_I3B_10813.jpg,1,/mnt/research-projects/j/jlgage/RawUAVData01/uavforslb/final_image/final_sliced/20230720_I3B_10813.jpg
3819,C6B,2024,7/30/24,2.0,8/2/24,20240802_C6B_03819.jpg,3,/mnt/research-projects/j/jlgage/RawUAVData01/uavforslb/final_image/final_sliced/20240802_C6B_03819.jpg
1503,C6B,2024,7/19/24,7.0,7/18/24,20240718_C6B_01503.jpg,-1,/mnt/research-projects/j/jlgage/RawUAVData01/uavforslb/final_image/final_sliced/20240718_C6B_01503.jpg
4487,B7A,2024,7/15/24,8.5,7/16/24,20240716_B7A_04487.jpg,1,/mnt/research-projects/j/jlgage/RawUAVData01/uavforslb/final_image/final_sliced/20240716_B7A_04487.jpg
7361,G3,2023,7/20/23,7.5,7/20/23,20230720_G3_07361.jpg,0,/mnt/research-projects/j/jlgage/RawUAVData01/uavforslb/final_image/final_sliced/20230720_G3_07361.jpg
11360,I3B,2023,7/19/23,7.0,7/20/23,20230720_I3B_11360.jpg,1,/mnt/research-projects/j/jlgage/RawUAVData01/uavforslb/final_image/final_sliced/20230720_I3B_11360.jpg
7233,G3,2023,7/19/23,7.5,7/20/23,20230720_G3_07233.jpg,1,/mnt/research-projects/j/jlgage/RawUAVData01/uavforslb/final_image/final_sliced/20230720_G3_07233.jpg
4319,B7A,2024,7/15/24,8.5,7/16/24,20240716_B7A_04319.jpg,1,/mnt/research-projects/j/jlgage/RawUAVData01/uavforslb/final_image/final_sliced/20240716_B7A_04319.jpg
9844,I3B,2023,7/12/23,5.0,7/13/23,20230713_I3B_09844.jpg,1,/mnt/research-projects/j/jlgage/RawUAVData01/uavforslb/final_image/final_sliced/20230713_I3B_09844.jpg
3056,G3,2023,7/19/23,7.5,7/20/23,20230720_G3_03056.jpg,1,/mnt/research-projects/j/jlgage/RawUAVData01/uavforslb/final_image/final_sliced/20230720_G3_03056.jpg
3987,B7A,2024,7/15/24,7.0,7/16/24,20240716_B7A_03987.jpg,1,/mnt/research-projects/j/jlgage/RawUAVData01/uavforslb/final_image/final_sliced/20240716_B7A_03987.jpg
4273,B7A,2024,7/15/24,8.0,7/16/24,20240716_B7A_04273.jpg,1,/mnt/research-projects/j/jlgage/RawUAVData01/uavforslb/final_image/final_sliced/20240716_B7A_04273.jpg
8059,G3,2023,7/26/23,4.0,7/27/23,20230727_G3_08059.jpg,1,/mnt/research-projects/j/jlgage/RawUAVData01/uavforslb/final_image/final_sliced/20230727_G3_08059.jpg
11182,I3B,2023,7/12/23,6.5,7/13/23,20230713_I3B_11182.jpg,1,/mnt/research-projects/j/jlgage/RawUAVData01/uavforslb/final_image/final_sliced/20230713_I3B_11182.jpg
9603,I3B,2023,7/12/23,5.0,7/13/23,20230713_I3B_09603.jpg,1,/mnt/research-projects/j/jlgage/RawUAVData01/uavforslb/final_image/final_sliced/20230713_I3B_09603.jpg
3628,C6B,2024,7/30/24,4.0,8/2/24,20240802_C6B_03628.jpg,3,/mnt/research-projects/j/jlgage/RawUAVData01/uavforslb/final_image/final_sliced/20240802_C6B_03628.jpg
7469,G3,2023,7/20/23,7.5,7/20/23,20230720_G3_07469.jpg,0,/mnt/research-projects/j/jlgage/RawUAVData01/uavforslb/final_image/final_sliced/20230720_G3_07469.jpg
3360,C6B,2024,7/30/24,1.0,8/2/24,20240802_C6B_03360.jpg,3,/mnt/research-projects/j/jlgage/RawUAVData01/uavforslb/final_image/final_sliced/20240802_C6B_03360.jpg
4106,B7A,2024,7/30/24,1.5,7/27/24,20240727_B7A_04106.jpg,-3,/mnt/research-projects/j/jlgage/RawUAVData01/uavforslb/final_image/final_sliced/20240727_B7A_04106.jpg
3905,B7A,2024,7/15/24,8.5,7/16/24,20240716_B7A_03905.jpg,1,/mnt/research-projects/j/jlgage/RawUAVData01/uavforslb/final_image/final_sliced/20240716_B7A_03905.jpg
3207,G3,2023,7/26/23,6.0,7/27/23,20230727_G3_03207.jpg,1,/mnt/research-projects/j/jlgage/RawUAVData01/uavforslb/final_image/final_sliced/20230727_G3_03207.jpg
7230,G3,2023,7/19/23,7.5,7/20/23,20230720_G3_07230.jpg,1,/mnt/research-projects/j/jlgage/RawUAVData01/uavforslb/final_image/final_sliced/20230720_G3_07230.jpg
2571,C6B,2024,7/11/24,8.5,7/10/24,20240710_C6B_02571.jpg,-1,/mnt/research-projects/j/jlgage/RawUAVData01/uavforslb/final_image/final_sliced/20240710_C6B_02571.jpg
4634,B7A,2024,7/30/24,1.5,7/27/24,20240727_B7A_04634.jpg,-3,/mnt/research-projects/j/jlgage/RawUAVData01/uavforslb/final_image/final_sliced/20240727_B7A_04634.jpg
11173,I3B,2023,7/12/23,6.0,7/13/23,20230713_I3B_11173.jpg,1,/mnt/research-projects/j/jlgage/RawUAVData01/uavforslb/final_image/final_sliced/20230713_I3B_11173.jpg
7240,G3,2023,7/19/23,7.5,7/20/23,20230720_G3_07240.jpg,1,/mnt/research-projects/j/jlgage/RawUAVData01/uavforslb/final_image/final_sliced/20230720_G3_07240.jpg
10971,I3B,2023,7/19/23,5.5,7/20/23,20230720_I3B_10971.jpg,1,/mnt/research-projects/j/jlgage/RawUAVData01/uavforslb/final_image/final_sliced/20230720_I3B_10971.jpg
11064,I3B,2023,7/12/23,7.0,7/13/23,20230713_I3B_11064.jpg,1,/mnt/research-projects/j/jlgage/RawUAVData01/uavforslb/final_image/final_sliced/20230713_I3B_11064.jpg
3796,C6B,2024,7/30/24,3.0,8/2/24,20240802_C6B_03796.jpg,3,/mnt/research-projects/j/jlgage/RawUAVData01/uavforslb/final_image/final_sliced/20240802_C6B_03796.jpg
9659,I3B,2023,7/12/23,5.0,7/13/23,20230713_I3B_09659.jpg,1,/mnt/research-projects/j/jlgage/RawUAVData01/uavforslb/final_image/final_sliced/20230713_I3B_09659.jpg
7429,G3,2023,7/26/23,8.0,7/27/23,20230727_G3_07429.jpg,1,/mnt/research-projects/j/jlgage/RawUAVData01/uavforslb/final_image/final_sliced/20230727_G3_07429.jpg
7536,G3,2023,7/26/23,7.0,7/27/23,20230727_G3_07536.jpg,1,/mnt/research-projects/j/jlgage/RawUAVData01/uavforslb/final_image/final_sliced/20230727_G3_07536.jpg
7498,G3,2023,7/20/23,6.0,7/20/23,20230720_G3_07498.jpg,0,/mnt/research-projects/j/jlgage/RawUAVData01/uavforslb/final_image/final_sliced/20230720_G3_07498.jpg
7292,G3,2023,7/20/23,7.0,7/20/23,20230720_G3_07292.jpg,0,/mnt/research-projects/j/jlgage/RawUAVData01/uavforslb/final_image/final_sliced/20230720_G3_07292.jpg
304,C6B,2024,7/19/24,8.0,7/18/24,20240718_C6B_00304.jpg,-1,/mnt/research-projects/j/jlgage/RawUAVData01/uavforslb/final_image/final_sliced/20240718_C6B_00304.jpg
7466,G3,2023,7/26/23,5.5,7/27/23,20230727_G3_07466.jpg,1,/mnt/research-projects/j/jlgage/RawUAVData01/uavforslb/final_image/final_sliced/20230727_G3_07466.jpg
10012,I3B,2023,7/12/23,5.0,7/13/23,20230713_I3B_10012.jpg,1,/mnt/research-projects/j/jlgage/RawUAVData01/uavforslb/final_image/final_sliced/20230713_I3B_10012.jpg
613,C6B,2024,7/29/24,4.0,7/26/24,20240726_C6B_00613.jpg,-3,/mnt/research-projects/j/jlgage/RawUAVData01/uavforslb/final_image/final_sliced/20240726_C6B_00613.jpg
10010,I3B,2023,7/12/23,4.5,7/13/23,20230713_I3B_10010.jpg,1,/mnt/research-projects/j/jlgage/RawUAVData01/uavforslb/final_image/final_sliced/20230713_I3B_10010.jpg
11131,I3B,2023,7/12/23,7.0,7/13/23,20230713_I3B_11131.jpg,1,/mnt/research-projects/j/jlgage/RawUAVData01/uavforslb/final_image/final_sliced/20230713_I3B_11131.jpg
11240,I3B,2023,7/19/23,5.5,7/20/23,20230720_I3B_11240.jpg,1,/mnt/research-projects/j/jlgage/RawUAVData01/uavforslb/final_image/final_sliced/20230720_I3B_11240.jpg
4059,B7A,2024,7/30/24,1.5,7/27/24,20240727_B7A_04059.jpg,-3,/mnt/research-projects/j/jlgage/RawUAVData01/uavforslb/final_image/final_sliced/20240727_B7A_04059.jpg
10001,I3B,2023,7/12/23,6.0,7/13/23,20230713_I3B_10001.jpg,1,/mnt/research-projects/j/jlgage/RawUAVData01/uavforslb/final_image/final_sliced/20230713_I3B_10001.jpg
4370,B7A,2024,7/15/24,8.5,7/16/24,20240716_B7A_04370.jpg,1,/mnt/research-projects/j/jlgage/RawUAVData01/uavforslb/final_image/final_sliced/20240716_B7A_04370.jpg
3395,C6B,2024,7/30/24,4.0,8/2/24,20240802_C6B_03395.jpg,3,/mnt/research-projects/j/jlgage/RawUAVData01/uavforslb/final_image/final_sliced/20240802_C6B_03395.jpg
1528,C6B,2024,7/29/24,8.0,7/26/24,20240726_C6B_01528.jpg,-3,/mnt/research-projects/j/jlgage/RawUAVData01/uavforslb/final_image/final_sliced/20240726_C6B_01528.jpg
7331,G3,2023,7/26/23,5.0,7/27/23,20230727_G3_07331.jpg,1,/mnt/research-projects/j/jlgage/RawUAVData01/uavforslb/final_image/final_sliced/20230727_G3_07331.jpg
7399,G3,2023,7/26/23,8.0,7/27/23,20230727_G3_07399.jpg,1,/mnt/research-projects/j/jlgage/RawUAVData01/uavforslb/final_image/final_sliced/20230727_G3_07399.jpg
10790,I3B,2023,7/19/23,5.5,7/20/23,20230720_I3B_10790.jpg,1,/mnt/research-projects/j/jlgage/RawUAVData01/uavforslb/final_image/final_sliced/20230720_I3B_10790.jpg
7474,G3,2023,7/26/23,6.0,7/27/23,20230727_G3_07474.jpg,1,/mnt/research-projects/j/jlgage/RawUAVData01/uavforslb/final_image/final_sliced/20230727_G3_07474.jpg
11062,I3B,2023,7/12/23,7.0,7/13/23,20230713_I3B_11062.jpg,1,/mnt/research-projects/j/jlgage/RawUAVData01/uavforslb/final_image/final_sliced/20230713_I3B_11062.jpg
2512,C6B,2024,7/1/24,7.5,7/3/24,20240703_C6B_02512.jpg,2,/mnt/research-projects/j/jlgage/RawUAVData01/uavforslb/final_image/final_sliced/20240703_C6B_02512.jpg
7487,G3,2023,7/20/23,6.5,7/20/23,20230720_G3_07487.jpg,0,/mnt/research-projects/j/jlgage/RawUAVData01/uavforslb/final_image/final_sliced/20230720_G3_07487.jpg
1252,C6B,2024,7/29/24,3.0,7/26/24,20240726_C6B_01252.jpg,-3,/mnt/research-projects/j/jlgage/RawUAVData01/uavforslb/final_image/final_sliced/20240726_C6B_01252.jpg
4506,B7A,2024,7/15/24,7.0,7/16/24,20240716_B7A_04506.jpg,1,/mnt/research-projects/j/jlgage/RawUAVData01/uavforslb/final_image/final_sliced/20240716_B7A_04506.jpg
11291,I3B,2023,7/19/23,6.5,7/20/23,20230720_I3B_11291.jpg,1,/mnt/research-projects/j/jlgage/RawUAVData01/uavforslb/final_image/final_sliced/20230720_I3B_11291.jpg
3492,C6B,2024,7/30/24,1.5,8/2/24,20240802_C6B_03492.jpg,3,/mnt/research-projects/j/jlgage/RawUAVData01/uavforslb/final_image/final_sliced/20240802_C6B_03492.jpg
11302,I3B,2023,7/19/23,5.0,7/20/23,20230720_I3B_11302.jpg,1,/mnt/research-projects/j/jlgage/RawUAVData01/uavforslb/final_image/final_sliced/20230720_I3B_11302.jpg
9852,I3B,2023,7/12/23,5.5,7/13/23,20230713_I3B_09852.jpg,1,/mnt/research-projects/j/jlgage/RawUAVData01/uavforslb/final_image/final_sliced/20230713_I3B_09852.jpg
3188,G3,2023,7/26/23,7.5,7/27/23,20230727_G3_03188.jpg,1,/mnt/research-projects/j/jlgage/RawUAVData01/uavforslb/final_image/final_sliced/20230727_G3_03188.jpg
4474,B7A,2024,7/15/24,8.0,7/16/24,20240716_B7A_04474.jpg,1,/mnt/research-projects/j/jlgage/RawUAVData01/uavforslb/final_image/final_sliced/20240716_B7A_04474.jpg
813,C6B,2024,7/29/24,6.0,7/26/24,20240726_C6B_00813.jpg,-3,/mnt/research-projects/j/jlgage/RawUAVData01/uavforslb/final_image/final_sliced/20240726_C6B_00813.jpg
1745,C6B,2024,7/29/24,5.5,7/26/24,20240726_C6B_01745.jpg,-3,/mnt/research-projects/j/jlgage/RawUAVData01/uavforslb/final_image/final_sliced/20240726_C6B_01745.jpg
1981,C6B,2024,7/29/24,2.5,7/26/24,20240726_C6B_01981.jpg,-3,/mnt/research-projects/j/jlgage/RawUAVData01/uavforslb/final_image/final_sliced/20240726_C6B_01981.jpg
3465,C6B,2024,7/15/24,8.5,7/18/24,20240718_C6B_03465.jpg,3,/mnt/research-projects/j/jlgage/RawUAVData01/uavforslb/final_image/final_sliced/20240718_C6B_03465.jpg
3170,G3,2023,7/19/23,7.5,7/20/23,20230720_G3_03170.jpg,1,/mnt/research-projects/j/jlgage/RawUAVData01/uavforslb/final_image/final_sliced/20230720_G3_03170.jpg
7503,G3,2023,7/26/23,6.5,7/27/23,20230727_G3_07503.jpg,1,/mnt/research-projects/j/jlgage/RawUAVData01/uavforslb/final_image/final_sliced/20230727_G3_07503.jpg
3437,C6B,2024,7/15/24,7.0,7/18/24,20240718_C6B_03437.jpg,3,/mnt/research-projects/j/jlgage/RawUAVData01/uavforslb/final_image/final_sliced/20240718_C6B_03437.jpg
10377,I3B,2023,7/25/23,4.0,7/27/23,20230727_I3B_10377.jpg,2,/mnt/research-projects/j/jlgage/RawUAVData01/uavforslb/final_image/final_sliced/20230727_I3B_10377.jpg
10956,I3B,2023,7/19/23,5.5,7/20/23,20230720_I3B_10956.jpg,1,/mnt/research-projects/j/jlgage/RawUAVData01/uavforslb/final_image/final_sliced/20230720_I3B_10956.jpg
10838,I3B,2023,7/19/23,5.0,7/20/23,20230720_I3B_10838.jpg,1,/mnt/research-projects/j/jlgage/RawUAVData01/uavforslb/final_image/final_sliced/20230720_I3B_10838.jpg
7478,G3,2023,7/20/23,7.0,7/20/23,20230720_G3_07478.jpg,0,/mnt/research-projects/j/jlgage/RawUAVData01/uavforslb/final_image/final_sliced/20230720_G3_07478.jpg
3445,C6B,2024,7/30/24,4.0,8/2/24,20240802_C6B_03445.jpg,3,/mnt/research-projects/j/jlgage/RawUAVData01/uavforslb/final_image/final_sliced/20240802_C6B_03445.jpg
1525,C6B,2024,7/19/24,5.0,7/18/24,20240718_C6B_01525.jpg,-1,/mnt/research-projects/j/jlgage/RawUAVData01/uavforslb/final_image/final_sliced/20240718_C6B_01525.jpg
7386,G3,2023,7/26/23,5.0,7/27/23,20230727_G3_07386.jpg,1,/mnt/research-projects/j/jlgage/RawUAVData01/uavforslb/final_image/final_sliced/20230727_G3_07386.jpg
3231,C6B,2024,7/15/24,8.5,7/18/24,20240718_C6B_03231.jpg,3,/mnt/research-projects/j/jlgage/RawUAVData01/uavforslb/final_image/final_sliced/20240718_C6B_03231.jpg
1955,C6B,2024,7/29/24,3.5,7/26/24,20240726_C6B_01955.jpg,-3,/mnt/research-projects/j/jlgage/RawUAVData01/uavforslb/final_image/final_sliced/20240726_C6B_01955.jpg
1466,C6B,2024,7/29/24,3.0,7/26/24,20240726_C6B_01466.jpg,-3,/mnt/research-projects/j/jlgage/RawUAVData01/uavforslb/final_image/final_sliced/20240726_C6B_01466.jpg
509,C6B,2024,7/29/24,4.0,7/26/24,20240726_C6B_00509.jpg,-3,/mnt/research-projects/j/jlgage/RawUAVData01/uavforslb/final_image/final_sliced/20240726_C6B_00509.jpg
2521,C6B,2024,7/1/24,7.5,7/3/24,20240703_C6B_02521.jpg,2,/mnt/research-projects/j/jlgage/RawUAVData01/uavforslb/final_image/final_sliced/20240703_C6B_02521.jpg
1778,C6B,2024,7/19/24,7.0,7/18/24,20240718_C6B_01778.jpg,-1,/mnt/research-projects/j/jlgage/RawUAVData01/uavforslb/final_image/final_sliced/20240718_C6B_01778.jpg
7252,G3,2023,7/19/23,8.0,7/20/23,20230720_G3_07252.jpg,1,/mnt/research-projects/j/jlgage/RawUAVData01/uavforslb/final_image/final_sliced/20230720_G3_07252.jpg
10745,I3B,2023,7/19/23,6.0,7/20/23,20230720_I3B_10745.jpg,1,/mnt/research-projects/j/jlgage/RawUAVData01/uavforslb/final_image/final_sliced/20230720_I3B_10745.jpg
3011,G3,2023,7/19/23,7.0,7/20/23,20230720_G3_03011.jpg,1,/mnt/research-projects/j/jlgage/RawUAVData01/uavforslb/final_image/final_sliced/20230720_G3_03011.jpg
5055,C6B,2024,7/18/24,7.0,7/18/24,20240718_C6B_05055.jpg,0,/mnt/research-projects/j/jlgage/RawUAVData01/uavforslb/final_image/final_sliced/20240718_C6B_05055.jpg
2036,C6B,2024,7/29/24,1.5,7/26/24,20240726_C6B_02036.jpg,-3,/mnt/research-projects/j/jlgage/RawUAVData01/uavforslb/final_image/final_sliced/20240726_C6B_02036.jpg
4124,B7A,2024,7/30/24,1.5,7/27/24,20240727_B7A_04124.jpg,-3,/mnt/research-projects/j/jlgage/RawUAVData01/uavforslb/final_image/final_sliced/20240727_B7A_04124.jpg
3082,G3,2023,7/26/23,3.5,7/27/23,20230727_G3_03082.jpg,1,/mnt/research-projects/j/jlgage/RawUAVData01/uavforslb/final_image/final_sliced/20230727_G3_03082.jpg
3016,G3,2023,7/19/23,8.0,7/20/23,20230720_G3_03016.jpg,1,/mnt/research-projects/j/jlgage/RawUAVData01/uavforslb/final_image/final_sliced/20230720_G3_03016.jpg
3076,G3,2023,7/26/23,8.5,7/27/23,20230727_G3_03076.jpg,1,/mnt/research-projects/j/jlgage/RawUAVData01/uavforslb/final_image/final_sliced/20230727_G3_03076.jpg
3923,B7A,2024,7/15/24,6.5,7/16/24,20240716_B7A_03923.jpg,1,/mnt/research-projects/j/jlgage/RawUAVData01/uavforslb/final_image/final_sliced/20240716_B7A_03923.jpg
1915,C6B,2024,7/19/24,5.0,7/18/24,20240718_C6B_01915.jpg,-1,/mnt/research-projects/j/jlgage/RawUAVData01/uavforslb/final_image/final_sliced/20240718_C6B_01915.jpg
3768,C6B,2024,7/15/24,8.5,7/18/24,20240718_C6B_03768.jpg,3,/mnt/research-projects/j/jlgage/RawUAVData01/uavforslb/final_image/final_sliced/20240718_C6B_03768.jpg
2134,C6B,2024,7/29/24,3.0,7/26/24,20240726_C6B_02134.jpg,-3,/mnt/research-projects/j/jlgage/RawUAVData01/uavforslb/final_image/final_sliced/20240726_C6B_02134.jpg
5029,C6B,2024,7/18/24,5.0,7/18/24,20240718_C6B_05029.jpg,0,/mnt/research-projects/j/jlgage/RawUAVData01/uavforslb/final_image/final_sliced/20240718_C6B_05029.jpg
2559,C6B,2024,7/11/24,7.5,7/10/24,20240710_C6B_02559.jpg,-1,/mnt/research-projects/j/jlgage/RawUAVData01/uavforslb/final_image/final_sliced/20240710_C6B_02559.jpg
4439,B7A,2024,7/15/24,8.5,7/16/24,20240716_B7A_04439.jpg,1,/mnt/research-projects/j/jlgage/RawUAVData01/uavforslb/final_image/final_sliced/20240716_B7A_04439.jpg
2996,C6B,2024,7/15/24,7.0,7/18/24,20240718_C6B_02996.jpg,3,/mnt/research-projects/j/jlgage/RawUAVData01/uavforslb/final_image/final_sliced/20240718_C6B_02996.jpg
347,C6B,2024,7/29/24,4.0,7/26/24,20240726_C6B_00347.jpg,-3,/mnt/research-projects/j/jlgage/RawUAVData01/uavforslb/final_image/final_sliced/20240726_C6B_00347.jpg
2801,C6B,2024,7/30/24,3.0,8/2/24,20240802_C6B_02801.jpg,3,/mnt/research-projects/j/jlgage/RawUAVData01/uavforslb/final_image/final_sliced/20240802_C6B_02801.jpg
7381,G3,2023,7/26/23,8.0,7/27/23,20230727_G3_07381.jpg,1,/mnt/research-projects/j/jlgage/RawUAVData01/uavforslb/final_image/final_sliced/20230727_G3_07381.jpg
7477,G3,2023,7/26/23,8.5,7/27/23,20230727_G3_07477.jpg,1,/mnt/research-projects/j/jlgage/RawUAVData01/uavforslb/final_image/final_sliced/20230727_G3_07477.jpg
9607,I3B,2023,7/12/23,7.0,7/13/23,20230713_I3B_09607.jpg,1,/mnt/research-projects/j/jlgage/RawUAVData01/uavforslb/final_image/final_sliced/20230713_I3B_09607.jpg
1512,C6B,2024,7/29/24,4.0,7/26/24,20240726_C6B_01512.jpg,-3,/mnt/research-projects/j/jlgage/RawUAVData01/uavforslb/final_image/final_sliced/20240726_C6B_01512.jpg
2626,C6B,2024,7/30/24,4.0,8/2/24,20240802_C6B_02626.jpg,3,/mnt/research-projects/j/jlgage/RawUAVData01/uavforslb/final_image/final_sliced/20240802_C6B_02626.jpg
7516,G3,2023,7/20/23,7.0,7/20/23,20230720_G3_07516.jpg,0,/mnt/research-projects/j/jlgage/RawUAVData01/uavforslb/final_image/final_sliced/20230720_G3_07516.jpg
1548,C6B,2024,7/19/24,8.0,7/18/24,20240718_C6B_01548.jpg,-1,/mnt/research-projects/j/jlgage/RawUAVData01/uavforslb/final_image/final_sliced/20240718_C6B_01548.jpg
862,C6B,2024,7/29/24,4.0,7/26/24,20240726_C6B_00862.jpg,-3,/mnt/research-projects/j/jlgage/RawUAVData01/uavforslb/final_image/final_sliced/20240726_C6B_00862.jpg
2724,C6B,2024,7/30/24,2.0,8/2/24,20240802_C6B_02724.jpg,3,/mnt/research-projects/j/jlgage/RawUAVData01/uavforslb/final_image/final_sliced/20240802_C6B_02724.jpg
3679,C6B,2024,7/30/24,3.0,8/2/24,20240802_C6B_03679.jpg,3,/mnt/research-projects/j/jlgage/RawUAVData01/uavforslb/final_image/final_sliced/20240802_C6B_03679.jpg
3834,B7A,2024,7/30/24,1.0,7/27/24,20240727_B7A_03834.jpg,-3,/mnt/research-projects/j/jlgage/RawUAVData01/uavforslb/final_image/final_sliced/20240727_B7A_03834.jpg
7384,G3,2023,7/26/23,6.5,7/27/23,20230727_G3_07384.jpg,1,/mnt/research-projects/j/jlgage/RawUAVData01/uavforslb/final_image/final_sliced/20230727_G3_07384.jpg
4567,B7A,2024,7/30/24,1.5,7/27/24,20240727_B7A_04567.jpg,-3,/mnt/research-projects/j/jlgage/RawUAVData01/uavforslb/final_image/final_sliced/20240727_B7A_04567.jpg
2780,C6B,2024,7/15/24,5.0,7/18/24,20240718_C6B_02780.jpg,3,/mnt/research-projects/j/jlgage/RawUAVData01/uavforslb/final_image/final_sliced/20240718_C6B_02780.jpg
8030,G3,2023,7/26/23,5.5,7/27/23,20230727_G3_08030.jpg,1,/mnt/research-projects/j/jlgage/RawUAVData01/uavforslb/final_image/final_sliced/20230727_G3_08030.jpg
5527,B7A,2024,7/1/24,8.5,7/3/24,20240703_B7A_05527.jpg,2,/mnt/research-projects/j/jlgage/RawUAVData01/uavforslb/final_image/final_sliced/20240703_B7A_05527.jpg
8038,G3,2023,7/26/23,5.5,7/27/23,20230727_G3_08038.jpg,1,/mnt/research-projects/j/jlgage/RawUAVData01/uavforslb/final_image/final_sliced/20230727_G3_08038.jpg
3076,G3,2023,7/19/23,8.5,7/20/23,20230720_G3_03076.jpg,1,/mnt/research-projects/j/jlgage/RawUAVData01/uavforslb/final_image/final_sliced/20230720_G3_03076.jpg
9702,I3B,2023,7/12/23,4.5,7/13/23,20230713_I3B_09702.jpg,1,/mnt/research-projects/j/jlgage/RawUAVData01/uavforslb/final_image/final_sliced/20230713_I3B_09702.jpg
3605,C6B,2024,7/15/24,7.0,7/18/24,20240718_C6B_03605.jpg,3,/mnt/research-projects/j/jlgage/RawUAVData01/uavforslb/final_image/final_sliced/20240718_C6B_03605.jpg
513,C6B,2024,7/19/24,5.0,7/18/24,20240718_C6B_00513.jpg,-1,/mnt/research-projects/j/jlgage/RawUAVData01/uavforslb/final_image/final_sliced/20240718_C6B_00513.jpg
5070,C6B,2024,7/18/24,6.0,7/18/24,20240718_C6B_05070.jpg,0,/mnt/research-projects/j/jlgage/RawUAVData01/uavforslb/final_image/final_sliced/20240718_C6B_05070.jpg
4121,B7A,2024,7/30/24,4.0,7/27/24,20240727_B7A_04121.jpg,-3,/mnt/research-projects/j/jlgage/RawUAVData01/uavforslb/final_image/final_sliced/20240727_B7A_04121.jpg
8029,G3,2023,7/26/23,5.0,7/27/23,20230727_G3_08029.jpg,1,/mnt/research-projects/j/jlgage/RawUAVData01/uavforslb/final_image/final_sliced/20230727_G3_08029.jpg
10924,I3B,2023,7/19/23,6.0,7/20/23,20230720_I3B_10924.jpg,1,/mnt/research-projects/j/jlgage/RawUAVData01/uavforslb/final_image/final_sliced/20230720_I3B_10924.jpg
4601,B7A,2024,7/15/24,8.0,7/16/24,20240716_B7A_04601.jpg,1,/mnt/research-projects/j/jlgage/RawUAVData01/uavforslb/final_image/final_sliced/20240716_B7A_04601.jpg
11140,I3B,2023,7/12/23,7.5,7/13/23,20230713_I3B_11140.jpg,1,/mnt/research-projects/j/jlgage/RawUAVData01/uavforslb/final_image/final_sliced/20230713_I3B_11140.jpg
10294,I3B,2023,7/25/23,4.5,7/27/23,20230727_I3B_10294.jpg,2,/mnt/research-projects/j/jlgage/RawUAVData01/uavforslb/final_image/final_sliced/20230727_I3B_10294.jpg
379,C6B,2024,7/19/24,5.0,7/18/24,20240718_C6B_00379.jpg,-1,/mnt/research-projects/j/jlgage/RawUAVData01/uavforslb/final_image/final_sliced/20240718_C6B_00379.jpg
3630,C6B,2024,7/15/24,8.5,7/18/24,20240718_C6B_03630.jpg,3,/mnt/research-projects/j/jlgage/RawUAVData01/uavforslb/final_image/final_sliced/20240718_C6B_03630.jpg
2143,C6B,2024,7/19/24,8.0,7/18/24,20240718_C6B_02143.jpg,-1,/mnt/research-projects/j/jlgage/RawUAVData01/uavforslb/final_image/final_sliced/20240718_C6B_02143.jpg
10801,I3B,2023,7/19/23,5.0,7/20/23,20230720_I3B_10801.jpg,1,/mnt/research-projects/j/jlgage/RawUAVData01/uavforslb/final_image/final_sliced/20230720_I3B_10801.jpg
4074,B7A,2024,7/30/24,2.0,7/27/24,20240727_B7A_04074.jpg,-3,/mnt/research-projects/j/jlgage/RawUAVData01/uavforslb/final_image/final_sliced/20240727_B7A_04074.jpg
3002,G3,2023,7/19/23,8.0,7/20/23,20230720_G3_03002.jpg,1,/mnt/research-projects/j/jlgage/RawUAVData01/uavforslb/final_image/final_sliced/20230720_G3_03002.jpg
7305,G3,2023,7/26/23,5.0,7/27/23,20230727_G3_07305.jpg,1,/mnt/research-projects/j/jlgage/RawUAVData01/uavforslb/final_image/final_sliced/20230727_G3_07305.jpg
8155,G3,2023,7/20/23,8.0,7/20/23,20230720_G3_08155.jpg,0,/mnt/research-projects/j/jlgage/RawUAVData01/uavforslb/final_image/final_sliced/20230720_G3_08155.jpg
3857,B7A,2024,7/30/24,3.5,7/27/24,20240727_B7A_03857.jpg,-3,/mnt/research-projects/j/jlgage/RawUAVData01/uavforslb/final_image/final_sliced/20240727_B7A_03857.jpg
9816,I3B,2023,7/12/23,5.0,7/13/23,20230713_I3B_09816.jpg,1,/mnt/research-projects/j/jlgage/RawUAVData01/uavforslb/final_image/final_sliced/20230713_I3B_09816.jpg
3551,C6B,2024,7/30/24,1.5,8/2/24,20240802_C6B_03551.jpg,3,/mnt/research-projects/j/jlgage/RawUAVData01/uavforslb/final_image/final_sliced/20240802_C6B_03551.jpg
3013,C6B,2024,7/30/24,1.5,8/2/24,20240802_C6B_03013.jpg,3,/mnt/research-projects/j/jlgage/RawUAVData01/uavforslb/final_image/final_sliced/20240802_C6B_03013.jpg
7541,G3,2023,7/20/23,8.0,7/20/23,20230720_G3_07541.jpg,0,/mnt/research-projects/j/jlgage/RawUAVData01/uavforslb/final_image/final_sliced/20230720_G3_07541.jpg
4656,B7A,2024,7/30/24,1.0,7/27/24,20240727_B7A_04656.jpg,-3,/mnt/research-projects/j/jlgage/RawUAVData01/uavforslb/final_image/final_sliced/20240727_B7A_04656.jpg
11044,I3B,2023,7/12/23,7.5,7/13/23,20230713_I3B_11044.jpg,1,/mnt/research-projects/j/jlgage/RawUAVData01/uavforslb/final_image/final_sliced/20230713_I3B_11044.jpg
10238,I3B,2023,7/25/23,3.0,7/27/23,20230727_I3B_10238.jpg,2,/mnt/research-projects/j/jlgage/RawUAVData01/uavforslb/final_image/final_sliced/20230727_I3B_10238.jpg
7209,G3,2023,7/19/23,6.0,7/20/23,20230720_G3_07209.jpg,1,/mnt/research-projects/j/jlgage/RawUAVData01/uavforslb/final_image/final_sliced/20230720_G3_07209.jpg
10934,I3B,2023,7/19/23,5.0,7/20/23,20230720_I3B_10934.jpg,1,/mnt/research-projects/j/jlgage/RawUAVData01/uavforslb/final_image/final_sliced/20230720_I3B_10934.jpg
1886,C6B,2024,7/29/24,2.0,7/26/24,20240726_C6B_01886.jpg,-3,/mnt/research-projects/j/jlgage/RawUAVData01/uavforslb/final_image/final_sliced/20240726_C6B_01886.jpg
11139,I3B,2023,7/12/23,7.5,7/13/23,20230713_I3B_11139.jpg,1,/mnt/research-projects/j/jlgage/RawUAVData01/uavforslb/final_image/final_sliced/20230713_I3B_11139.jpg
2910,C6B,2024,7/15/24,7.0,7/18/24,20240718_C6B_02910.jpg,3,/mnt/research-projects/j/jlgage/RawUAVData01/uavforslb/final_image/final_sliced/20240718_C6B_02910.jpg
9995,I3B,2023,7/12/23,5.5,7/13/23,20230713_I3B_09995.jpg,1,/mnt/research-projects/j/jlgage/RawUAVData01/uavforslb/final_image/final_sliced/20230713_I3B_09995.jpg
4225,B7A,2024,7/30/24,3.0,7/27/24,20240727_B7A_04225.jpg,-3,/mnt/research-projects/j/jlgage/RawUAVData01/uavforslb/final_image/final_sliced/20240727_B7A_04225.jpg
8072,G3,2023,7/20/23,8.0,7/20/23,20230720_G3_08072.jpg,0,/mnt/research-projects/j/jlgage/RawUAVData01/uavforslb/final_image/final_sliced/20230720_G3_08072.jpg
2573,C6B,2024,7/27/24,3.0,7/26/24,20240726_C6B_02573.jpg,-1,/mnt/research-projects/j/jlgage/RawUAVData01/uavforslb/final_image/final_sliced/20240726_C6B_02573.jpg
4310,B7A,2024,7/15/24,8.5,7/16/24,20240716_B7A_04310.jpg,1,/mnt/research-projects/j/jlgage/RawUAVData01/uavforslb/final_image/final_sliced/20240716_B7A_04310.jpg
7247,G3,2023,7/19/23,6.0,7/20/23,20230720_G3_07247.jpg,1,/mnt/research-projects/j/jlgage/RawUAVData01/uavforslb/final_image/final_sliced/20230720_G3_07247.jpg
3146,G3,2023,7/19/23,7.5,7/20/23,20230720_G3_03146.jpg,1,/mnt/research-projects/j/jlgage/RawUAVData01/uavforslb/final_image/final_sliced/20230720_G3_03146.jpg
10045,I3B,2023,7/12/23,5.0,7/13/23,20230713_I3B_10045.jpg,1,/mnt/research-projects/j/jlgage/RawUAVData01/uavforslb/final_image/final_sliced/20230713_I3B_10045.jpg
3926,B7A,2024,7/30/24,2.0,7/27/24,20240727_B7A_03926.jpg,-3,/mnt/research-projects/j/jlgage/RawUAVData01/uavforslb/final_image/final_sliced/20240727_B7A_03926.jpg
11305,I3B,2023,7/19/23,7.0,7/20/23,20230720_I3B_11305.jpg,1,/mnt/research-projects/j/jlgage/RawUAVData01/uavforslb/final_image/final_sliced/20230720_I3B_11305.jpg
2550,C6B,2024,7/27/24,9.0,7/26/24,20240726_C6B_02550.jpg,-1,/mnt/research-projects/j/jlgage/RawUAVData01/uavforslb/final_image/final_sliced/20240726_C6B_02550.jpg
3017,G3,2023,7/19/23,8.0,7/20/23,20230720_G3_03017.jpg,1,/mnt/research-projects/j/jlgage/RawUAVData01/uavforslb/final_image/final_sliced/20230720_G3_03017.jpg
603,C6B,2024,7/19/24,8.5,7/18/24,20240718_C6B_00603.jpg,-1,/mnt/research-projects/j/jlgage/RawUAVData01/uavforslb/final_image/final_sliced/20240718_C6B_00603.jpg
4476,B7A,2024,7/15/24,8.0,7/16/24,20240716_B7A_04476.jpg,1,/mnt/research-projects/j/jlgage/RawUAVData01/uavforslb/final_image/final_sliced/20240716_B7A_04476.jpg
3117,G3,2023,7/26/23,8.0,7/27/23,20230727_G3_03117.jpg,1,/mnt/research-projects/j/jlgage/RawUAVData01/uavforslb/final_image/final_sliced/20230727_G3_03117.jpg
8033,G3,2023,7/26/23,5.0,7/27/23,20230727_G3_08033.jpg,1,/mnt/research-projects/j/jlgage/RawUAVData01/uavforslb/final_image/final_sliced/20230727_G3_08033.jpg
3633,C6B,2024,7/15/24,8.0,7/18/24,20240718_C6B_03633.jpg,3,/mnt/research-projects/j/jlgage/RawUAVData01/uavforslb/final_image/final_sliced/20240718_C6B_03633.jpg
9718,I3B,2023,7/12/23,4.5,7/13/23,20230713_I3B_09718.jpg,1,/mnt/research-projects/j/jlgage/RawUAVData01/uavforslb/final_image/final_sliced/20230713_I3B_09718.jpg
7285,G3,2023,7/26/23,4.0,7/27/23,20230727_G3_07285.jpg,1,/mnt/research-projects/j/jlgage/RawUAVData01/uavforslb/final_image/final_sliced/20230727_G3_07285.jpg
11220,I3B,2023,7/19/23,7.5,7/20/23,20230720_I3B_11220.jpg,1,/mnt/research-projects/j/jlgage/RawUAVData01/uavforslb/final_image/final_sliced/20230720_I3B_11220.jpg
4601,B7A,2024,7/30/24,2.5,7/27/24,20240727_B7A_04601.jpg,-3,/mnt/research-projects/j/jlgage/RawUAVData01/uavforslb/final_image/final_sliced/20240727_B7A_04601.jpg
962,C6B,2024,7/19/24,8.5,7/18/24,20240718_C6B_00962.jpg,-1,/mnt/research-projects/j/jlgage/RawUAVData01/uavforslb/final_image/final_sliced/20240718_C6B_00962.jpg
9981,I3B,2023,7/12/23,5.5,7/13/23,20230713_I3B_09981.jpg,1,/mnt/research-projects/j/jlgage/RawUAVData01/uavforslb/final_image/final_sliced/20230713_I3B_09981.jpg
1667,C6B,2024,7/29/24,6.0,7/26/24,20240726_C6B_01667.jpg,-3,/mnt/research-projects/j/jlgage/RawUAVData01/uavforslb/final_image/final_sliced/20240726_C6B_01667.jpg
2912,C6B,2024,7/15/24,7.0,7/18/24,20240718_C6B_02912.jpg,3,/mnt/research-projects/j/jlgage/RawUAVData01/uavforslb/final_image/final_sliced/20240718_C6B_02912.jpg
4450,B7A,2024,7/30/24,3.0,7/27/24,20240727_B7A_04450.jpg,-3,/mnt/research-projects/j/jlgage/RawUAVData01/uavforslb/final_image/final_sliced/20240727_B7A_04450.jpg
8061,G3,2023,7/19/23,4.0,7/20/23,20230720_G3_08061.jpg,1,/mnt/research-projects/j/jlgage/RawUAVData01/uavforslb/final_image/final_sliced/20230720_G3_08061.jpg
3921,B7A,2024,7/15/24,7.5,7/16/24,20240716_B7A_03921.jpg,1,/mnt/research-projects/j/jlgage/RawUAVData01/uavforslb/final_image/final_sliced/20240716_B7A_03921.jpg
9883,I3B,2023,7/12/23,5.0,7/13/23,20230713_I3B_09883.jpg,1,/mnt/research-projects/j/jlgage/RawUAVData01/uavforslb/final_image/final_sliced/20230713_I3B_09883.jpg
1286,C6B,2024,7/29/24,2.5,7/26/24,20240726_C6B_01286.jpg,-3,/mnt/research-projects/j/jlgage/RawUAVData01/uavforslb/final_image/final_sliced/20240726_C6B_01286.jpg
3483,C6B,2024,7/30/24,4.0,8/2/24,20240802_C6B_03483.jpg,3,/mnt/research-projects/j/jlgage/RawUAVData01/uavforslb/final_image/final_sliced/20240802_C6B_03483.jpg
3057,G3,2023,7/19/23,7.5,7/20/23,20230720_G3_03057.jpg,1,/mnt/research-projects/j/jlgage/RawUAVData01/uavforslb/final_image/final_sliced/20230720_G3_03057.jpg
10346,I3B,2023,7/25/23,5.0,7/27/23,20230727_I3B_10346.jpg,2,/mnt/research-projects/j/jlgage/RawUAVData01/uavforslb/final_image/final_sliced/20230727_I3B_10346.jpg
1928,C6B,2024,7/19/24,4.0,7/18/24,20240718_C6B_01928.jpg,-1,/mnt/research-projects/j/jlgage/RawUAVData01/uavforslb/final_image/final_sliced/20240718_C6B_01928.jpg
8075,G3,2023,7/20/23,7.0,7/20/23,20230720_G3_08075.jpg,0,/mnt/research-projects/j/jlgage/RawUAVData01/uavforslb/final_image/final_sliced/20230720_G3_08075.jpg
7218,G3,2023,7/19/23,7.5,7/20/23,20230720_G3_07218.jpg,1,/mnt/research-projects/j/jlgage/RawUAVData01/uavforslb/final_image/final_sliced/20230720_G3_07218.jpg
322,C6B,2024,7/29/24,5.0,7/26/24,20240726_C6B_00322.jpg,-3,/mnt/research-projects/j/jlgage/RawUAVData01/uavforslb/final_image/final_sliced/20240726_C6B_00322.jpg
7258,G3,2023,7/19/23,7.0,7/20/23,20230720_G3_07258.jpg,1,/mnt/research-projects/j/jlgage/RawUAVData01/uavforslb/final_image/final_sliced/20230720_G3_07258.jpg
8065,G3,2023,7/19/23,5.0,7/20/23,20230720_G3_08065.jpg,1,/mnt/research-projects/j/jlgage/RawUAVData01/uavforslb/final_image/final_sliced/20230720_G3_08065.jpg
1103,C6B,2024,7/29/24,3.0,7/26/24,20240726_C6B_01103.jpg,-3,/mnt/research-projects/j/jlgage/RawUAVData01/uavforslb/final_image/final_sliced/20240726_C6B_01103.jpg
2119,C6B,2024,7/19/24,7.0,7/18/24,20240718_C6B_02119.jpg,-1,/mnt/research-projects/j/jlgage/RawUAVData01/uavforslb/final_image/final_sliced/20240718_C6B_02119.jpg
10004,I3B,2023,7/12/23,4.0,7/13/23,20230713_I3B_10004.jpg,1,/mnt/research-projects/j/jlgage/RawUAVData01/uavforslb/final_image/final_sliced/20230713_I3B_10004.jpg
7300,G3,2023,7/26/23,4.0,7/27/23,20230727_G3_07300.jpg,1,/mnt/research-projects/j/jlgage/RawUAVData01/uavforslb/final_image/final_sliced/20230727_G3_07300.jpg
8090,G3,2023,7/26/23,5.0,7/27/23,20230727_G3_08090.jpg,1,/mnt/research-projects/j/jlgage/RawUAVData01/uavforslb/final_image/final_sliced/20230727_G3_08090.jpg
3298,C6B,2024,7/15/24,8.5,7/18/24,20240718_C6B_03298.jpg,3,/mnt/research-projects/j/jlgage/RawUAVData01/uavforslb/final_image/final_sliced/20240718_C6B_03298.jpg
927,C6B,2024,7/29/24,4.0,7/26/24,20240726_C6B_00927.jpg,-3,/mnt/research-projects/j/jlgage/RawUAVData01/uavforslb/final_image/final_sliced/20240726_C6B_00927.jpg
1115,C6B,2024,7/19/24,5.0,7/18/24,20240718_C6B_01115.jpg,-1,/mnt/research-projects/j/jlgage/RawUAVData01/uavforslb/final_image/final_sliced/20240718_C6B_01115.jpg
2153,C6B,2024,7/29/24,2.5,7/26/24,20240726_C6B_02153.jpg,-3,/mnt/research-projects/j/jlgage/RawUAVData01/uavforslb/final_image/final_sliced/20240726_C6B_02153.jpg
2553,C6B,2024,7/27/24,3.0,7/26/24,20240726_C6B_02553.jpg,-1,/mnt/research-projects/j/jlgage/RawUAVData01/uavforslb/final_image/final_sliced/20240726_C6B_02553.jpg
7280,G3,2023,7/26/23,8.0,7/27/23,20230727_G3_07280.jpg,1,/mnt/research-projects/j/jlgage/RawUAVData01/uavforslb/final_image/final_sliced/20230727_G3_07280.jpg
10302,I3B,2023,7/25/23,4.0,7/27/23,20230727_I3B_10302.jpg,2,/mnt/research-projects/j/jlgage/RawUAVData01/uavforslb/final_image/final_sliced/20230727_I3B_10302.jpg
11166,I3B,2023,7/12/23,6.0,7/13/23,20230713_I3B_11166.jpg,1,/mnt/research-projects/j/jlgage/RawUAVData01/uavforslb/final_image/final_sliced/20230713_I3B_11166.jpg
7355,G3,2023,7/26/23,8.0,7/27/23,20230727_G3_07355.jpg,1,/mnt/research-projects/j/jlgage/RawUAVData01/uavforslb/final_image/final_sliced/20230727_G3_07355.jpg
3233,C6B,2024,7/15/24,8.5,7/18/24,20240718_C6B_03233.jpg,3,/mnt/research-projects/j/jlgage/RawUAVData01/uavforslb/final_image/final_sliced/20240718_C6B_03233.jpg
7212,G3,2023,7/26/23,5.0,7/27/23,20230727_G3_07212.jpg,1,/mnt/research-projects/j/jlgage/RawUAVData01/uavforslb/final_image/final_sliced/20230727_G3_07212.jpg
1911,C6B,2024,7/19/24,7.0,7/18/24,20240718_C6B_01911.jpg,-1,/mnt/research-projects/j/jlgage/RawUAVData01/uavforslb/final_image/final_sliced/20240718_C6B_01911.jpg
10773,I3B,2023,7/19/23,5.5,7/20/23,20230720_I3B_10773.jpg,1,/mnt/research-projects/j/jlgage/RawUAVData01/uavforslb/final_image/final_sliced/20230720_I3B_10773.jpg
117,C6B,2024,7/19/24,6.5,7/18/24,20240718_C6B_00117.jpg,-1,/mnt/research-projects/j/jlgage/RawUAVData01/uavforslb/final_image/final_sliced/20240718_C6B_00117.jpg
3057,C6B,2024,7/30/24,1.5,8/2/24,20240802_C6B_03057.jpg,3,/mnt/research-projects/j/jlgage/RawUAVData01/uavforslb/final_image/final_sliced/20240802_C6B_03057.jpg
5564,B7A,2024,7/1/24,8.0,7/3/24,20240703_B7A_05564.jpg,2,/mnt/research-projects/j/jlgage/RawUAVData01/uavforslb/final_image/final_sliced/20240703_B7A_05564.jpg
9792,I3B,2023,7/12/23,5.0,7/13/23,20230713_I3B_09792.jpg,1,/mnt/research-projects/j/jlgage/RawUAVData01/uavforslb/final_image/final_sliced/20230713_I3B_09792.jpg
10271,I3B,2023,7/25/23,4.0,7/27/23,20230727_I3B_10271.jpg,2,/mnt/research-projects/j/jlgage/RawUAVData01/uavforslb/final_image/final_sliced/20230727_I3B_10271.jpg
10730,I3B,2023,7/19/23,4.5,7/20/23,20230720_I3B_10730.jpg,1,/mnt/research-projects/j/jlgage/RawUAVData01/uavforslb/final_image/final_sliced/20230720_I3B_10730.jpg
11045,I3B,2023,7/12/23,7.5,7/13/23,20230713_I3B_11045.jpg,1,/mnt/research-projects/j/jlgage/RawUAVData01/uavforslb/final_image/final_sliced/20230713_I3B_11045.jpg
3579,C6B,2024,7/30/24,4.0,8/2/24,20240802_C6B_03579.jpg,3,/mnt/research-projects/j/jlgage/RawUAVData01/uavforslb/final_image/final_sliced/20240802_C6B_03579.jpg
3086,G3,2023,7/19/23,7.5,7/20/23,20230720_G3_03086.jpg,1,/mnt/research-projects/j/jlgage/RawUAVData01/uavforslb/final_image/final_sliced/20230720_G3_03086.jpg
8050,G3,2023,7/26/23,4.0,7/27/23,20230727_G3_08050.jpg,1,/mnt/research-projects/j/jlgage/RawUAVData01/uavforslb/final_image/final_sliced/20230727_G3_08050.jpg
7267,G3,2023,7/19/23,5.5,7/20/23,20230720_G3_07267.jpg,1,/mnt/research-projects/j/jlgage/RawUAVData01/uavforslb/final_image/final_sliced/20230720_G3_07267.jpg
286,C6B,2024,7/19/24,8.0,7/18/24,20240718_C6B_00286.jpg,-1,/mnt/research-projects/j/jlgage/RawUAVData01/uavforslb/final_image/final_sliced/20240718_C6B_00286.jpg
1797,C6B,2024,7/19/24,6.5,7/18/24,20240718_C6B_01797.jpg,-1,/mnt/research-projects/j/jlgage/RawUAVData01/uavforslb/final_image/final_sliced/20240718_C6B_01797.jpg
1195,C6B,2024,7/29/24,7.0,7/26/24,20240726_C6B_01195.jpg,-3,/mnt/research-projects/j/jlgage/RawUAVData01/uavforslb/final_image/final_sliced/20240726_C6B_01195.jpg
11043,I3B,2023,7/12/23,6.0,7/13/23,20230713_I3B_11043.jpg,1,/mnt/research-projects/j/jlgage/RawUAVData01/uavforslb/final_image/final_sliced/20230713_I3B_11043.jpg
4238,B7A,2024,7/15/24,8.5,7/16/24,20240716_B7A_04238.jpg,1,/mnt/research-projects/j/jlgage/RawUAVData01/uavforslb/final_image/final_sliced/20240716_B7A_04238.jpg
590,C6B,2024,7/19/24,6.5,7/18/24,20240718_C6B_00590.jpg,-1,/mnt/research-projects/j/jlgage/RawUAVData01/uavforslb/final_image/final_sliced/20240718_C6B_00590.jpg
8159,G3,2023,7/26/23,7.5,7/27/23,20230727_G3_08159.jpg,1,/mnt/research-projects/j/jlgage/RawUAVData01/uavforslb/final_image/final_sliced/20230727_G3_08159.jpg
10278,I3B,2023,7/25/23,4.0,7/27/23,20230727_I3B_10278.jpg,2,/mnt/research-projects/j/jlgage/RawUAVData01/uavforslb/final_image/final_sliced/20230727_I3B_10278.jpg
10048,I3B,2023,7/12/23,5.5,7/13/23,20230713_I3B_10048.jpg,1,/mnt/research-projects/j/jlgage/RawUAVData01/uavforslb/final_image/final_sliced/20230713_I3B_10048.jpg
10805,I3B,2023,7/19/23,5.5,7/20/23,20230720_I3B_10805.jpg,1,/mnt/research-projects/j/jlgage/RawUAVData01/uavforslb/final_image/final_sliced/20230720_I3B_10805.jpg
3257,C6B,2024,7/30/24,3.0,8/2/24,20240802_C6B_03257.jpg,3,/mnt/research-projects/j/jlgage/RawUAVData01/uavforslb/final_image/final_sliced/20240802_C6B_03257.jpg
9650,I3B,2023,7/12/23,4.0,7/13/23,20230713_I3B_09650.jpg,1,/mnt/research-projects/j/jlgage/RawUAVData01/uavforslb/final_image/final_sliced/20230713_I3B_09650.jpg
11071,I3B,2023,7/12/23,7.5,7/13/23,20230713_I3B_11071.jpg,1,/mnt/research-projects/j/jlgage/RawUAVData01/uavforslb/final_image/final_sliced/20230713_I3B_11071.jpg
2033,C6B,2024,7/29/24,3.0,7/26/24,20240726_C6B_02033.jpg,-3,/mnt/research-projects/j/jlgage/RawUAVData01/uavforslb/final_image/final_sliced/20240726_C6B_02033.jpg
1426,C6B,2024,7/19/24,7.0,7/18/24,20240718_C6B_01426.jpg,-1,/mnt/research-projects/j/jlgage/RawUAVData01/uavforslb/final_image/final_sliced/20240718_C6B_01426.jpg
10836,I3B,2023,7/19/23,6.0,7/20/23,20230720_I3B_10836.jpg,1,/mnt/research-projects/j/jlgage/RawUAVData01/uavforslb/final_image/final_sliced/20230720_I3B_10836.jpg
3858,B7A,2024,7/30/24,4.0,7/27/24,20240727_B7A_03858.jpg,-3,/mnt/research-projects/j/jlgage/RawUAVData01/uavforslb/final_image/final_sliced/20240727_B7A_03858.jpg
1298,C6B,2024,7/29/24,3.0,7/26/24,20240726_C6B_01298.jpg,-3,/mnt/research-projects/j/jlgage/RawUAVData01/uavforslb/final_image/final_sliced/20240726_C6B_01298.jpg
2546,C6B,2024,7/27/24,6.0,7/26/24,20240726_C6B_02546.jpg,-1,/mnt/research-projects/j/jlgage/RawUAVData01/uavforslb/final_image/final_sliced/20240726_C6B_02546.jpg
644,C6B,2024,7/19/24,7.0,7/18/24,20240718_C6B_00644.jpg,-1,/mnt/research-projects/j/jlgage/RawUAVData01/uavforslb/final_image/final_sliced/20240718_C6B_00644.jpg
11078,I3B,2023,7/12/23,7.5,7/13/23,20230713_I3B_11078.jpg,1,/mnt/research-projects/j/jlgage/RawUAVData01/uavforslb/final_image/final_sliced/20230713_I3B_11078.jpg
8019,G3,2023,7/19/23,5.0,7/20/23,20230720_G3_08019.jpg,1,/mnt/research-projects/j/jlgage/RawUAVData01/uavforslb/final_image/final_sliced/20230720_G3_08019.jpg
7413,G3,2023,7/20/23,8.0,7/20/23,20230720_G3_07413.jpg,0,/mnt/research-projects/j/jlgage/RawUAVData01/uavforslb/final_image/final_sliced/20230720_G3_07413.jpg
7264,G3,2023,7/26/23,7.0,7/27/23,20230727_G3_07264.jpg,1,/mnt/research-projects/j/jlgage/RawUAVData01/uavforslb/final_image/final_sliced/20230727_G3_07264.jpg
3014,C6B,2024,7/30/24,4.0,8/2/24,20240802_C6B_03014.jpg,3,/mnt/research-projects/j/jlgage/RawUAVData01/uavforslb/final_image/final_sliced/20240802_C6B_03014.jpg
11151,I3B,2023,7/12/23,6.5,7/13/23,20230713_I3B_11151.jpg,1,/mnt/research-projects/j/jlgage/RawUAVData01/uavforslb/final_image/final_sliced/20230713_I3B_11151.jpg
2912,C6B,2024,7/30/24,1.0,8/2/24,20240802_C6B_02912.jpg,3,/mnt/research-projects/j/jlgage/RawUAVData01/uavforslb/final_image/final_sliced/20240802_C6B_02912.jpg
4523,B7A,2024,7/30/24,1.5,7/27/24,20240727_B7A_04523.jpg,-3,/mnt/research-projects/j/jlgage/RawUAVData01/uavforslb/final_image/final_sliced/20240727_B7A_04523.jpg
1520,C6B,2024,7/19/24,7.0,7/18/24,20240718_C6B_01520.jpg,-1,/mnt/research-projects/j/jlgage/RawUAVData01/uavforslb/final_image/final_sliced/20240718_C6B_01520.jpg
1644,C6B,2024,7/19/24,5.5,7/18/24,20240718_C6B_01644.jpg,-1,/mnt/research-projects/j/jlgage/RawUAVData01/uavforslb/final_image/final_sliced/20240718_C6B_01644.jpg
4281,B7A,2024,7/15/24,8.0,7/16/24,20240716_B7A_04281.jpg,1,/mnt/research-projects/j/jlgage/RawUAVData01/uavforslb/final_image/final_sliced/20240716_B7A_04281.jpg
3160,G3,2023,7/19/23,8.0,7/20/23,20230720_G3_03160.jpg,1,/mnt/research-projects/j/jlgage/RawUAVData01/uavforslb/final_image/final_sliced/20230720_G3_03160.jpg
1593,C6B,2024,7/19/24,8.0,7/18/24,20240718_C6B_01593.jpg,-1,/mnt/research-projects/j/jlgage/RawUAVData01/uavforslb/final_image/final_sliced/20240718_C6B_01593.jpg
11184,I3B,2023,7/12/23,7.0,7/13/23,20230713_I3B_11184.jpg,1,/mnt/research-projects/j/jlgage/RawUAVData01/uavforslb/final_image/final_sliced/20230713_I3B_11184.jpg
4608,B7A,2024,7/30/24,1.5,7/27/24,20240727_B7A_04608.jpg,-3,/mnt/research-projects/j/jlgage/RawUAVData01/uavforslb/final_image/final_sliced/20240727_B7A_04608.jpg
3191,G3,2023,7/26/23,4.5,7/27/23,20230727_G3_03191.jpg,1,/mnt/research-projects/j/jlgage/RawUAVData01/uavforslb/final_image/final_sliced/20230727_G3_03191.jpg
9808,I3B,2023,7/12/23,5.0,7/13/23,20230713_I3B_09808.jpg,1,/mnt/research-projects/j/jlgage/RawUAVData01/uavforslb/final_image/final_sliced/20230713_I3B_09808.jpg
1595,C6B,2024,7/29/24,4.5,7/26/24,20240726_C6B_01595.jpg,-3,/mnt/research-projects/j/jlgage/RawUAVData01/uavforslb/final_image/final_sliced/20240726_C6B_01595.jpg
4433,B7A,2024,7/30/24,1.5,7/27/24,20240727_B7A_04433.jpg,-3,/mnt/research-projects/j/jlgage/RawUAVData01/uavforslb/final_image/final_sliced/20240727_B7A_04433.jpg
9912,I3B,2023,7/12/23,5.0,7/13/23,20230713_I3B_09912.jpg,1,/mnt/research-projects/j/jlgage/RawUAVData01/uavforslb/final_image/final_sliced/20230713_I3B_09912.jpg
3773,C6B,2024,7/15/24,8.5,7/18/24,20240718_C6B_03773.jpg,3,/mnt/research-projects/j/jlgage/RawUAVData01/uavforslb/final_image/final_sliced/20240718_C6B_03773.jpg
443,C6B,2024,7/19/24,8.0,7/18/24,20240718_C6B_00443.jpg,-1,/mnt/research-projects/j/jlgage/RawUAVData01/uavforslb/final_image/final_sliced/20240718_C6B_00443.jpg
1066,C6B,2024,7/29/24,4.0,7/26/24,20240726_C6B_01066.jpg,-3,/mnt/research-projects/j/jlgage/RawUAVData01/uavforslb/final_image/final_sliced/20240726_C6B_01066.jpg
1589,C6B,2024,7/19/24,7.0,7/18/24,20240718_C6B_01589.jpg,-1,/mnt/research-projects/j/jlgage/RawUAVData01/uavforslb/final_image/final_sliced/20240718_C6B_01589.jpg
10937,I3B,2023,7/19/23,6.5,7/20/23,20230720_I3B_10937.jpg,1,/mnt/research-projects/j/jlgage/RawUAVData01/uavforslb/final_image/final_sliced/20230720_I3B_10937.jpg
3108,G3,2023,7/19/23,8.0,7/20/23,20230720_G3_03108.jpg,1,/mnt/research-projects/j/jlgage/RawUAVData01/uavforslb/final_image/final_sliced/20230720_G3_03108.jpg
3098,G3,2023,7/26/23,7.5,7/27/23,20230727_G3_03098.jpg,1,/mnt/research-projects/j/jlgage/RawUAVData01/uavforslb/final_image/final_sliced/20230727_G3_03098.jpg
8053,G3,2023,7/26/23,6.0,7/27/23,20230727_G3_08053.jpg,1,/mnt/research-projects/j/jlgage/RawUAVData01/uavforslb/final_image/final_sliced/20230727_G3_08053.jpg
2525,C6B,2024,7/27/24,5.0,7/26/24,20240726_C6B_02525.jpg,-1,/mnt/research-projects/j/jlgage/RawUAVData01/uavforslb/final_image/final_sliced/20240726_C6B_02525.jpg
9775,I3B,2023,7/12/23,5.0,7/13/23,20230713_I3B_09775.jpg,1,/mnt/research-projects/j/jlgage/RawUAVData01/uavforslb/final_image/final_sliced/20230713_I3B_09775.jpg
7533,G3,2023,7/20/23,6.0,7/20/23,20230720_G3_07533.jpg,0,/mnt/research-projects/j/jlgage/RawUAVData01/uavforslb/final_image/final_sliced/20230720_G3_07533.jpg
3850,B7A,2024,7/30/24,2.0,7/27/24,20240727_B7A_03850.jpg,-3,/mnt/research-projects/j/jlgage/RawUAVData01/uavforslb/final_image/final_sliced/20240727_B7A_03850.jpg
2858,C6B,2024,7/15/24,7.0,7/18/24,20240718_C6B_02858.jpg,3,/mnt/research-projects/j/jlgage/RawUAVData01/uavforslb/final_image/final_sliced/20240718_C6B_02858.jpg
934,C6B,2024,7/19/24,8.5,7/18/24,20240718_C6B_00934.jpg,-1,/mnt/research-projects/j/jlgage/RawUAVData01/uavforslb/final_image/final_sliced/20240718_C6B_00934.jpg
7432,G3,2023,7/20/23,7.5,7/20/23,20230720_G3_07432.jpg,0,/mnt/research-projects/j/jlgage/RawUAVData01/uavforslb/final_image/final_sliced/20230720_G3_07432.jpg
3510,C6B,2024,7/30/24,4.0,8/2/24,20240802_C6B_03510.jpg,3,/mnt/research-projects/j/jlgage/RawUAVData01/uavforslb/final_image/final_sliced/20240802_C6B_03510.jpg
11295,I3B,2023,7/19/23,6.0,7/20/23,20230720_I3B_11295.jpg,1,/mnt/research-projects/j/jlgage/RawUAVData01/uavforslb/final_image/final_sliced/20230720_I3B_11295.jpg
4178,B7A,2024,7/30/24,3.0,7/27/24,20240727_B7A_04178.jpg,-3,/mnt/research-projects/j/jlgage/RawUAVData01/uavforslb/final_image/final_sliced/20240727_B7A_04178.jpg
7530,G3,2023,7/20/23,8.0,7/20/23,20230720_G3_07530.jpg,0,/mnt/research-projects/j/jlgage/RawUAVData01/uavforslb/final_image/final_sliced/20230720_G3_07530.jpg
3152,G3,2023,7/26/23,5.0,7/27/23,20230727_G3_03152.jpg,1,/mnt/research-projects/j/jlgage/RawUAVData01/uavforslb/final_image/final_sliced/20230727_G3_03152.jpg
10925,I3B,2023,7/19/23,6.0,7/20/23,20230720_I3B_10925.jpg,1,/mnt/research-projects/j/jlgage/RawUAVData01/uavforslb/final_image/final_sliced/20230720_I3B_10925.jpg
1095,C6B,2024,7/19/24,8.5,7/18/24,20240718_C6B_01095.jpg,-1,/mnt/research-projects/j/jlgage/RawUAVData01/uavforslb/final_image/final_sliced/20240718_C6B_01095.jpg
2779,C6B,2024,7/15/24,8.0,7/18/24,20240718_C6B_02779.jpg,3,/mnt/research-projects/j/jlgage/RawUAVData01/uavforslb/final_image/final_sliced/20240718_C6B_02779.jpg
3155,C6B,2024,7/30/24,1.5,8/2/24,20240802_C6B_03155.jpg,3,/mnt/research-projects/j/jlgage/RawUAVData01/uavforslb/final_image/final_sliced/20240802_C6B_03155.jpg
3508,C6B,2024,7/15/24,8.5,7/18/24,20240718_C6B_03508.jpg,3,/mnt/research-projects/j/jlgage/RawUAVData01/uavforslb/final_image/final_sliced/20240718_C6B_03508.jpg
7310,G3,2023,7/26/23,6.0,7/27/23,20230727_G3_07310.jpg,1,/mnt/research-projects/j/jlgage/RawUAVData01/uavforslb/final_image/final_sliced/20230727_G3_07310.jpg
7385,G3,2023,7/26/23,4.0,7/27/23,20230727_G3_07385.jpg,1,/mnt/research-projects/j/jlgage/RawUAVData01/uavforslb/final_image/final_sliced/20230727_G3_07385.jpg
7525,G3,2023,7/20/23,8.0,7/20/23,20230720_G3_07525.jpg,0,/mnt/research-projects/j/jlgage/RawUAVData01/uavforslb/final_image/final_sliced/20230720_G3_07525.jpg
7443,G3,2023,7/26/23,8.0,7/27/23,20230727_G3_07443.jpg,1,/mnt/research-projects/j/jlgage/RawUAVData01/uavforslb/final_image/final_sliced/20230727_G3_07443.jpg
2812,C6B,2024,7/30/24,2.0,8/2/24,20240802_C6B_02812.jpg,3,/mnt/research-projects/j/jlgage/RawUAVData01/uavforslb/final_image/final_sliced/20240802_C6B_02812.jpg
2533,C6B,2024,7/18/24,5.0,7/18/24,20240718_C6B_02533.jpg,0,/mnt/research-projects/j/jlgage/RawUAVData01/uavforslb/final_image/final_sliced/20240718_C6B_02533.jpg
1799,C6B,2024,7/19/24,8.0,7/18/24,20240718_C6B_01799.jpg,-1,/mnt/research-projects/j/jlgage/RawUAVData01/uavforslb/final_image/final_sliced/20240718_C6B_01799.jpg
3382,C6B,2024,7/15/24,7.0,7/18/24,20240718_C6B_03382.jpg,3,/mnt/research-projects/j/jlgage/RawUAVData01/uavforslb/final_image/final_sliced/20240718_C6B_03382.jpg
4021,B7A,2024,7/15/24,8.5,7/16/24,20240716_B7A_04021.jpg,1,/mnt/research-projects/j/jlgage/RawUAVData01/uavforslb/final_image/final_sliced/20240716_B7A_04021.jpg
7342,G3,2023,7/26/23,7.5,7/27/23,20230727_G3_07342.jpg,1,/mnt/research-projects/j/jlgage/RawUAVData01/uavforslb/final_image/final_sliced/20230727_G3_07342.jpg
3235,C6B,2024,7/15/24,8.5,7/18/24,20240718_C6B_03235.jpg,3,/mnt/research-projects/j/jlgage/RawUAVData01/uavforslb/final_image/final_sliced/20240718_C6B_03235.jpg
1250,C6B,2024,7/29/24,3.0,7/26/24,20240726_C6B_01250.jpg,-3,/mnt/research-projects/j/jlgage/RawUAVData01/uavforslb/final_image/final_sliced/20240726_C6B_01250.jpg
10406,I3B,2023,7/25/23,6.0,7/27/23,20230727_I3B_10406.jpg,2,/mnt/research-projects/j/jlgage/RawUAVData01/uavforslb/final_image/final_sliced/20230727_I3B_10406.jpg
9898,I3B,2023,7/12/23,5.0,7/13/23,20230713_I3B_09898.jpg,1,/mnt/research-projects/j/jlgage/RawUAVData01/uavforslb/final_image/final_sliced/20230713_I3B_09898.jpg
372,C6B,2024,7/29/24,3.0,7/26/24,20240726_C6B_00372.jpg,-3,/mnt/research-projects/j/jlgage/RawUAVData01/uavforslb/final_image/final_sliced/20240726_C6B_00372.jpg
2867,C6B,2024,7/30/24,1.5,8/2/24,20240802_C6B_02867.jpg,3,/mnt/research-projects/j/jlgage/RawUAVData01/uavforslb/final_image/final_sliced/20240802_C6B_02867.jpg
11332,I3B,2023,7/19/23,7.5,7/20/23,20230720_I3B_11332.jpg,1,/mnt/research-projects/j/jlgage/RawUAVData01/uavforslb/final_image/final_sliced/20230720_I3B_11332.jpg
9666,I3B,2023,7/12/23,5.0,7/13/23,20230713_I3B_09666.jpg,1,/mnt/research-projects/j/jlgage/RawUAVData01/uavforslb/final_image/final_sliced/20230713_I3B_09666.jpg
10318,I3B,2023,7/25/23,6.0,7/27/23,20230727_I3B_10318.jpg,2,/mnt/research-projects/j/jlgage/RawUAVData01/uavforslb/final_image/final_sliced/20230727_I3B_10318.jpg
11304,I3B,2023,7/19/23,5.5,7/20/23,20230720_I3B_11304.jpg,1,/mnt/research-projects/j/jlgage/RawUAVData01/uavforslb/final_image/final_sliced/20230720_I3B_11304.jpg
8055,G3,2023,7/26/23,8.0,7/27/23,20230727_G3_08055.jpg,1,/mnt/research-projects/j/jlgage/RawUAVData01/uavforslb/final_image/final_sliced/20230727_G3_08055.jpg
1126,C6B,2024,7/19/24,8.0,7/18/24,20240718_C6B_01126.jpg,-1,/mnt/research-projects/j/jlgage/RawUAVData01/uavforslb/final_image/final_sliced/20240718_C6B_01126.jpg
10804,I3B,2023,7/19/23,7.0,7/20/23,20230720_I3B_10804.jpg,1,/mnt/research-projects/j/jlgage/RawUAVData01/uavforslb/final_image/final_sliced/20230720_I3B_10804.jpg
8102,G3,2023,7/26/23,5.5,7/27/23,20230727_G3_08102.jpg,1,/mnt/research-projects/j/jlgage/RawUAVData01/uavforslb/final_image/final_sliced/20230727_G3_08102.jpg
7389,G3,2023,7/20/23,8.0,7/20/23,20230720_G3_07389.jpg,0,/mnt/research-projects/j/jlgage/RawUAVData01/uavforslb/final_image/final_sliced/20230720_G3_07389.jpg
3544,C6B,2024,7/15/24,8.5,7/18/24,20240718_C6B_03544.jpg,3,/mnt/research-projects/j/jlgage/RawUAVData01/uavforslb/final_image/final_sliced/20240718_C6B_03544.jpg
9713,I3B,2023,7/12/23,5.0,7/13/23,20230713_I3B_09713.jpg,1,/mnt/research-projects/j/jlgage/RawUAVData01/uavforslb/final_image/final_sliced/20230713_I3B_09713.jpg
7349,G3,2023,7/26/23,6.0,7/27/23,20230727_G3_07349.jpg,1,/mnt/research-projects/j/jlgage/RawUAVData01/uavforslb/final_image/final_sliced/20230727_G3_07349.jpg
10921,I3B,2023,7/19/23,4.5,7/20/23,20230720_I3B_10921.jpg,1,/mnt/research-projects/j/jlgage/RawUAVData01/uavforslb/final_image/final_sliced/20230720_I3B_10921.jpg
9708,I3B,2023,7/12/23,5.5,7/13/23,20230713_I3B_09708.jpg,1,/mnt/research-projects/j/jlgage/RawUAVData01/uavforslb/final_image/final_sliced/20230713_I3B_09708.jpg
9861,I3B,2023,7/12/23,5.5,7/13/23,20230713_I3B_09861.jpg,1,/mnt/research-projects/j/jlgage/RawUAVData01/uavforslb/final_image/final_sliced/20230713_I3B_09861.jpg
7211,G3,2023,7/19/23,5.5,7/20/23,20230720_G3_07211.jpg,1,/mnt/research-projects/j/jlgage/RawUAVData01/uavforslb/final_image/final_sliced/20230720_G3_07211.jpg
5066,C6B,2024,7/1/24,8.5,7/3/24,20240703_C6B_05066.jpg,2,/mnt/research-projects/j/jlgage/RawUAVData01/uavforslb/final_image/final_sliced/20240703_C6B_05066.jpg
7221,G3,2023,7/19/23,7.0,7/20/23,20230720_G3_07221.jpg,1,/mnt/research-projects/j/jlgage/RawUAVData01/uavforslb/final_image/final_sliced/20230720_G3_07221.jpg
975,C6B,2024,7/29/24,4.0,7/26/24,20240726_C6B_00975.jpg,-3,/mnt/research-projects/j/jlgage/RawUAVData01/uavforslb/final_image/final_sliced/20240726_C6B_00975.jpg
551,C6B,2024,7/19/24,8.5,7/18/24,20240718_C6B_00551.jpg,-1,/mnt/research-projects/j/jlgage/RawUAVData01/uavforslb/final_image/final_sliced/20240718_C6B_00551.jpg
2537,C6B,2024,7/18/24,6.0,7/18/24,20240718_C6B_02537.jpg,0,/mnt/research-projects/j/jlgage/RawUAVData01/uavforslb/final_image/final_sliced/20240718_C6B_02537.jpg
3126,G3,2023,7/19/23,7.0,7/20/23,20230720_G3_03126.jpg,1,/mnt/research-projects/j/jlgage/RawUAVData01/uavforslb/final_image/final_sliced/20230720_G3_03126.jpg
7205,G3,2023,7/26/23,5.5,7/27/23,20230727_G3_07205.jpg,1,/mnt/research-projects/j/jlgage/RawUAVData01/uavforslb/final_image/final_sliced/20230727_G3_07205.jpg
9922,I3B,2023,7/12/23,5.5,7/13/23,20230713_I3B_09922.jpg,1,/mnt/research-projects/j/jlgage/RawUAVData01/uavforslb/final_image/final_sliced/20230713_I3B_09922.jpg
10831,I3B,2023,7/19/23,7.0,7/20/23,20230720_I3B_10831.jpg,1,/mnt/research-projects/j/jlgage/RawUAVData01/uavforslb/final_image/final_sliced/20230720_I3B_10831.jpg
3726,C6B,2024,7/30/24,4.0,8/2/24,20240802_C6B_03726.jpg,3,/mnt/research-projects/j/jlgage/RawUAVData01/uavforslb/final_image/final_sliced/20240802_C6B_03726.jpg
3446,C6B,2024,7/15/24,8.0,7/18/24,20240718_C6B_03446.jpg,3,/mnt/research-projects/j/jlgage/RawUAVData01/uavforslb/final_image/final_sliced/20240718_C6B_03446.jpg
2627,C6B,2024,7/30/24,2.0,8/2/24,20240802_C6B_02627.jpg,3,/mnt/research-projects/j/jlgage/RawUAVData01/uavforslb/final_image/final_sliced/20240802_C6B_02627.jpg
7397,G3,2023,7/20/23,8.0,7/20/23,20230720_G3_07397.jpg,0,/mnt/research-projects/j/jlgage/RawUAVData01/uavforslb/final_image/final_sliced/20230720_G3_07397.jpg
3319,C6B,2024,7/30/24,2.0,8/2/24,20240802_C6B_03319.jpg,3,/mnt/research-projects/j/jlgage/RawUAVData01/uavforslb/final_image/final_sliced/20240802_C6B_03319.jpg
3088,G3,2023,7/26/23,8.5,7/27/23,20230727_G3_03088.jpg,1,/mnt/research-projects/j/jlgage/RawUAVData01/uavforslb/final_image/final_sliced/20230727_G3_03088.jpg
10905,I3B,2023,7/19/23,5.5,7/20/23,20230720_I3B_10905.jpg,1,/mnt/research-projects/j/jlgage/RawUAVData01/uavforslb/final_image/final_sliced/20230720_I3B_10905.jpg
8130,G3,2023,7/20/23,6.0,7/20/23,20230720_G3_08130.jpg,0,/mnt/research-projects/j/jlgage/RawUAVData01/uavforslb/final_image/final_sliced/20230720_G3_08130.jpg
10269,I3B,2023,7/25/23,3.5,7/27/23,20230727_I3B_10269.jpg,2,/mnt/research-projects/j/jlgage/RawUAVData01/uavforslb/final_image/final_sliced/20230727_I3B_10269.jpg
10007,I3B,2023,7/12/23,5.0,7/13/23,20230713_I3B_10007.jpg,1,/mnt/research-projects/j/jlgage/RawUAVData01/uavforslb/final_image/final_sliced/20230713_I3B_10007.jpg
3035,G3,2023,7/26/23,6.5,7/27/23,20230727_G3_03035.jpg,1,/mnt/research-projects/j/jlgage/RawUAVData01/uavforslb/final_image/final_sliced/20230727_G3_03035.jpg
7236,G3,2023,7/26/23,5.0,7/27/23,20230727_G3_07236.jpg,1,/mnt/research-projects/j/jlgage/RawUAVData01/uavforslb/final_image/final_sliced/20230727_G3_07236.jpg
853,C6B,2024,7/29/24,3.0,7/26/24,20240726_C6B_00853.jpg,-3,/mnt/research-projects/j/jlgage/RawUAVData01/uavforslb/final_image/final_sliced/20240726_C6B_00853.jpg
7532,G3,2023,7/26/23,8.0,7/27/23,20230727_G3_07532.jpg,1,/mnt/research-projects/j/jlgage/RawUAVData01/uavforslb/final_image/final_sliced/20230727_G3_07532.jpg
497,C6B,2024,7/19/24,8.0,7/18/24,20240718_C6B_00497.jpg,-1,/mnt/research-projects/j/jlgage/RawUAVData01/uavforslb/final_image/final_sliced/20240718_C6B_00497.jpg
3913,B7A,2024,7/30/24,2.0,7/27/24,20240727_B7A_03913.jpg,-3,/mnt/research-projects/j/jlgage/RawUAVData01/uavforslb/final_image/final_sliced/20240727_B7A_03913.jpg
9896,I3B,2023,7/12/23,5.0,7/13/23,20230713_I3B_09896.jpg,1,/mnt/research-projects/j/jlgage/RawUAVData01/uavforslb/final_image/final_sliced/20230713_I3B_09896.jpg
387,C6B,2024,7/19/24,8.5,7/18/24,20240718_C6B_00387.jpg,-1,/mnt/research-projects/j/jlgage/RawUAVData01/uavforslb/final_image/final_sliced/20240718_C6B_00387.jpg
660,C6B,2024,7/19/24,7.0,7/18/24,20240718_C6B_00660.jpg,-1,/mnt/research-projects/j/jlgage/RawUAVData01/uavforslb/final_image/final_sliced/20240718_C6B_00660.jpg
9711,I3B,2023,7/12/23,4.0,7/13/23,20230713_I3B_09711.jpg,1,/mnt/research-projects/j/jlgage/RawUAVData01/uavforslb/final_image/final_sliced/20230713_I3B_09711.jpg
923,C6B,2024,7/29/24,4.0,7/26/24,20240726_C6B_00923.jpg,-3,/mnt/research-projects/j/jlgage/RawUAVData01/uavforslb/final_image/final_sliced/20240726_C6B_00923.jpg
802,C6B,2024,7/29/24,3.0,7/26/24,20240726_C6B_00802.jpg,-3,/mnt/research-projects/j/jlgage/RawUAVData01/uavforslb/final_image/final_sliced/20240726_C6B_00802.jpg
11033,I3B,2023,7/12/23,6.0,7/13/23,20230713_I3B_11033.jpg,1,/mnt/research-projects/j/jlgage/RawUAVData01/uavforslb/final_image/final_sliced/20230713_I3B_11033.jpg
8042,G3,2023,7/19/23,7.0,7/20/23,20230720_G3_08042.jpg,1,/mnt/research-projects/j/jlgage/RawUAVData01/uavforslb/final_image/final_sliced/20230720_G3_08042.jpg
2803,C6B,2024,7/15/24,8.0,7/18/24,20240718_C6B_02803.jpg,3,/mnt/research-projects/j/jlgage/RawUAVData01/uavforslb/final_image/final_sliced/20240718_C6B_02803.jpg
3054,G3,2023,7/19/23,7.0,7/20/23,20230720_G3_03054.jpg,1,/mnt/research-projects/j/jlgage/RawUAVData01/uavforslb/final_image/final_sliced/20230720_G3_03054.jpg
11315,I3B,2023,7/19/23,6.0,7/20/23,20230720_I3B_11315.jpg,1,/mnt/research-projects/j/jlgage/RawUAVData01/uavforslb/final_image/final_sliced/20230720_I3B_11315.jpg
3709,C6B,2024,7/30/24,4.0,8/2/24,20240802_C6B_03709.jpg,3,/mnt/research-projects/j/jlgage/RawUAVData01/uavforslb/final_image/final_sliced/20240802_C6B_03709.jpg
1379,C6B,2024,7/19/24,8.5,7/18/24,20240718_C6B_01379.jpg,-1,/mnt/research-projects/j/jlgage/RawUAVData01/uavforslb/final_image/final_sliced/20240718_C6B_01379.jpg
8037,G3,2023,7/19/23,5.5,7/20/23,20230720_G3_08037.jpg,1,/mnt/research-projects/j/jlgage/RawUAVData01/uavforslb/final_image/final_sliced/20230720_G3_08037.jpg
9970,I3B,2023,7/12/23,5.0,7/13/23,20230713_I3B_09970.jpg,1,/mnt/research-projects/j/jlgage/RawUAVData01/uavforslb/final_image/final_sliced/20230713_I3B_09970.jpg
11145,I3B,2023,7/12/23,7.5,7/13/23,20230713_I3B_11145.jpg,1,/mnt/research-projects/j/jlgage/RawUAVData01/uavforslb/final_image/final_sliced/20230713_I3B_11145.jpg
8087,G3,2023,7/26/23,8.0,7/27/23,20230727_G3_08087.jpg,1,/mnt/research-projects/j/jlgage/RawUAVData01/uavforslb/final_image/final_sliced/20230727_G3_08087.jpg
1258,C6B,2024,7/19/24,6.0,7/18/24,20240718_C6B_01258.jpg,-1,/mnt/research-projects/j/jlgage/RawUAVData01/uavforslb/final_image/final_sliced/20240718_C6B_01258.jpg
327,C6B,2024,7/19/24,7.0,7/18/24,20240718_C6B_00327.jpg,-1,/mnt/research-projects/j/jlgage/RawUAVData01/uavforslb/final_image/final_sliced/20240718_C6B_00327.jpg
9663,I3B,2023,7/12/23,4.5,7/13/23,20230713_I3B_09663.jpg,1,/mnt/research-projects/j/jlgage/RawUAVData01/uavforslb/final_image/final_sliced/20230713_I3B_09663.jpg
10404,I3B,2023,7/25/23,4.0,7/27/23,20230727_I3B_10404.jpg,2,/mnt/research-projects/j/jlgage/RawUAVData01/uavforslb/final_image/final_sliced/20230727_I3B_10404.jpg
1584,C6B,2024,7/29/24,4.0,7/26/24,20240726_C6B_01584.jpg,-3,/mnt/research-projects/j/jlgage/RawUAVData01/uavforslb/final_image/final_sliced/20240726_C6B_01584.jpg
9932,I3B,2023,7/12/23,5.5,7/13/23,20230713_I3B_09932.jpg,1,/mnt/research-projects/j/jlgage/RawUAVData01/uavforslb/final_image/final_sliced/20230713_I3B_09932.jpg
9936,I3B,2023,7/12/23,5.5,7/13/23,20230713_I3B_09936.jpg,1,/mnt/research-projects/j/jlgage/RawUAVData01/uavforslb/final_image/final_sliced/20230713_I3B_09936.jpg
214,C6B,2024,7/29/24,5.0,7/26/24,20240726_C6B_00214.jpg,-3,/mnt/research-projects/j/jlgage/RawUAVData01/uavforslb/final_image/final_sliced/20240726_C6B_00214.jpg
8121,G3,2023,7/26/23,8.0,7/27/23,20230727_G3_08121.jpg,1,/mnt/research-projects/j/jlgage/RawUAVData01/uavforslb/final_image/final_sliced/20230727_G3_08121.jpg
10338,I3B,2023,7/25/23,3.5,7/27/23,20230727_I3B_10338.jpg,2,/mnt/research-projects/j/jlgage/RawUAVData01/uavforslb/final_image/final_sliced/20230727_I3B_10338.jpg
9577,I3B,2023,7/12/23,7.0,7/13/23,20230713_I3B_09577.jpg,1,/mnt/research-projects/j/jlgage/RawUAVData01/uavforslb/final_image/final_sliced/20230713_I3B_09577.jpg
2117,C6B,2024,7/19/24,8.0,7/18/24,20240718_C6B_02117.jpg,-1,/mnt/research-projects/j/jlgage/RawUAVData01/uavforslb/final_image/final_sliced/20240718_C6B_02117.jpg
4109,B7A,2024,7/30/24,1.5,7/27/24,20240727_B7A_04109.jpg,-3,/mnt/research-projects/j/jlgage/RawUAVData01/uavforslb/final_image/final_sliced/20240727_B7A_04109.jpg
4529,B7A,2024,7/30/24,4.0,7/27/24,20240727_B7A_04529.jpg,-3,/mnt/research-projects/j/jlgage/RawUAVData01/uavforslb/final_image/final_sliced/20240727_B7A_04529.jpg
10398,I3B,2023,7/25/23,6.0,7/27/23,20230727_I3B_10398.jpg,2,/mnt/research-projects/j/jlgage/RawUAVData01/uavforslb/final_image/final_sliced/20230727_I3B_10398.jpg
2791,C6B,2024,7/15/24,5.0,7/18/24,20240718_C6B_02791.jpg,3,/mnt/research-projects/j/jlgage/RawUAVData01/uavforslb/final_image/final_sliced/20240718_C6B_02791.jpg
2560,C6B,2024,7/1/24,8.0,7/3/24,20240703_C6B_02560.jpg,2,/mnt/research-projects/j/jlgage/RawUAVData01/uavforslb/final_image/final_sliced/20240703_C6B_02560.jpg
1390,C6B,2024,7/29/24,6.0,7/26/24,20240726_C6B_01390.jpg,-3,/mnt/research-projects/j/jlgage/RawUAVData01/uavforslb/final_image/final_sliced/20240726_C6B_01390.jpg
4509,B7A,2024,7/15/24,7.0,7/16/24,20240716_B7A_04509.jpg,1,/mnt/research-projects/j/jlgage/RawUAVData01/uavforslb/final_image/final_sliced/20240716_B7A_04509.jpg
2990,C6B,2024,7/30/24,2.0,8/2/24,20240802_C6B_02990.jpg,3,/mnt/research-projects/j/jlgage/RawUAVData01/uavforslb/final_image/final_sliced/20240802_C6B_02990.jpg
9967,I3B,2023,7/12/23,6.0,7/13/23,20230713_I3B_09967.jpg,1,/mnt/research-projects/j/jlgage/RawUAVData01/uavforslb/final_image/final_sliced/20230713_I3B_09967.jpg
2983,C6B,2024,7/30/24,2.5,8/2/24,20240802_C6B_02983.jpg,3,/mnt/research-projects/j/jlgage/RawUAVData01/uavforslb/final_image/final_sliced/20240802_C6B_02983.jpg
