plot,field,year,date,score,flight_date,image_filename,signed_days_diff,_abs_path
8086,G3,2023,7/20/23,6.0,7/20/23,20230720_G3_08086.jpg,0,/mnt/research-projects/j/jlgage/RawUAVData01/uavforslb/final_image/final_sliced/20230720_G3_08086.jpg
4522,C10,2025,7/2/25,6.0,7/4/25,20250704_C10_04522.jpg,2,/mnt/research-projects/j/jlgage/RawUAVData01/uavforslb/final_image/final_sliced/20250704_C10_04522.jpg
84,C7B,2025,6/30/25,7.5,7/1/25,20250701_C7B_00084.jpg,1,/mnt/research-projects/j/jlgage/RawUAVData01/uavforslb/final_image/final_sliced/20250701_C7B_00084.jpg
10238,I3B,2023,7/25/23,3.0,7/27/23,20230727_I3B_10238.jpg,2,/mnt/research-projects/j/jlgage/RawUAVData01/uavforslb/final_image/final_sliced/20230727_I3B_10238.jpg
9570,I3B,2023,7/12/23,6.5,7/13/23,20230713_I3B_09570.jpg,1,/mnt/research-projects/j/jlgage/RawUAVData01/uavforslb/final_image/final_sliced/20230713_I3B_09570.jpg
11067,I3B,2023,7/12/23,7.0,7/13/23,20230713_I3B_11067.jpg,1,/mnt/research-projects/j/jlgage/RawUAVData01/uavforslb/final_image/final_sliced/20230713_I3B_11067.jpg
4354,C10,2025,7/11/25,6.0,7/11/25,20250711_C10_04354.jpg,0,/mnt/research-projects/j/jlgage/RawUAVData01/uavforslb/final_image/final_sliced/20250711_C10_04354.jpg
7400,G3,2023,7/26/23,8.0,7/27/23,20230727_G3_07400.jpg,1,/mnt/research-projects/j/jlgage/RawUAVData01/uavforslb/final_image/final_sliced/20230727_G3_07400.jpg
10037,I3B,2023,7/12/23,4.5,7/13/23,20230713_I3B_10037.jpg,1,/mnt/research-projects/j/jlgage/RawUAVData01/uavforslb/final_image/final_sliced/20230713_I3B_10037.jpg
5997,C10,2025,7/2/25,6.5,7/4/25,20250704_C10_05997.jpg,2,/mnt/research-projects/j/jlgage/RawUAVData01/uavforslb/final_image/final_sliced/20250704_C10_05997.jpg
4797,C10,2025,7/2/25,5.0,7/4/25,20250704_C10_04797.jpg,2,/mnt/research-projects/j/jlgage/RawUAVData01/uavforslb/final_image/final_sliced/20250704_C10_04797.jpg
788,C7B,2025,7/10/25,5.5,7/10/25,20250710_C7B_00788.jpg,0,/mnt/research-projects/j/jlgage/RawUAVData01/uavforslb/final_image/final_sliced/20250710_C7B_00788.jpg
3002,G3,2023,7/26/23,8.0,7/27/23,20230727_G3_03002.jpg,1,/mnt/research-projects/j/jlgage/RawUAVData01/uavforslb/final_image/final_sliced/20230727_G3_03002.jpg
5330,C10,2025,7/20/25,2.0,7/21/25,20250721_C10_05330.jpg,1,/mnt/research-projects/j/jlgage/RawUAVData01/uavforslb/final_image/final_sliced/20250721_C10_05330.jpg
424,C7B,2025,7/18/25,3.0,7/18/25,20250718_C7B_00424.jpg,0,/mnt/research-projects/j/jlgage/RawUAVData01/uavforslb/final_image/final_sliced/20250718_C7B_00424.jpg
5148,C10,2025,7/11/25,4.0,7/11/25,20250711_C10_05148.jpg,0,/mnt/research-projects/j/jlgage/RawUAVData01/uavforslb/final_image/final_sliced/20250711_C10_05148.jpg
8093,G3,2023,7/20/23,8.0,7/20/23,20230720_G3_08093.jpg,0,/mnt/research-projects/j/jlgage/RawUAVData01/uavforslb/final_image/final_sliced/20230720_G3_08093.jpg
11227,I3B,2023,7/19/23,5.0,7/20/23,20230720_I3B_11227.jpg,1,/mnt/research-projects/j/jlgage/RawUAVData01/uavforslb/final_image/final_sliced/20230720_I3B_11227.jpg
10261,I3B,2023,7/25/23,5.0,7/27/23,20230727_I3B_10261.jpg,2,/mnt/research-projects/j/jlgage/RawUAVData01/uavforslb/final_image/final_sliced/20230727_I3B_10261.jpg
1256,C7B,2025,7/18/25,1.5,7/18/25,20250718_C7B_01256.jpg,0,/mnt/research-projects/j/jlgage/RawUAVData01/uavforslb/final_image/final_sliced/20250718_C7B_01256.jpg
9786,I3B,2023,7/12/23,5.5,7/13/23,20230713_I3B_09786.jpg,1,/mnt/research-projects/j/jlgage/RawUAVData01/uavforslb/final_image/final_sliced/20230713_I3B_09786.jpg
3209,G3,2023,7/19/23,7.0,7/20/23,20230720_G3_03209.jpg,1,/mnt/research-projects/j/jlgage/RawUAVData01/uavforslb/final_image/final_sliced/20230720_G3_03209.jpg
4324,C10,2025,7/11/25,5.5,7/11/25,20250711_C10_04324.jpg,0,/mnt/research-projects/j/jlgage/RawUAVData01/uavforslb/final_image/final_sliced/20250711_C10_04324.jpg
9943,I3B,2023,7/12/23,4.5,7/13/23,20230713_I3B_09943.jpg,1,/mnt/research-projects/j/jlgage/RawUAVData01/uavforslb/final_image/final_sliced/20230713_I3B_09943.jpg
4563,C10,2025,7/20/25,4.0,7/21/25,20250721_C10_04563.jpg,1,/mnt/research-projects/j/jlgage/RawUAVData01/uavforslb/final_image/final_sliced/20250721_C10_04563.jpg
4666,C10,2025,7/2/25,5.5,7/4/25,20250704_C10_04666.jpg,2,/mnt/research-projects/j/jlgage/RawUAVData01/uavforslb/final_image/final_sliced/20250704_C10_04666.jpg
9589,I3B,2023,7/12/23,5.5,7/13/23,20230713_I3B_09589.jpg,1,/mnt/research-projects/j/jlgage/RawUAVData01/uavforslb/final_image/final_sliced/20230713_I3B_09589.jpg
11167,I3B,2023,7/12/23,7.0,7/13/23,20230713_I3B_11167.jpg,1,/mnt/research-projects/j/jlgage/RawUAVData01/uavforslb/final_image/final_sliced/20230713_I3B_11167.jpg
2753,C7B,2025,6/30/25,8.0,7/1/25,20250701_C7B_02753.jpg,1,/mnt/research-projects/j/jlgage/RawUAVData01/uavforslb/final_image/final_sliced/20250701_C7B_02753.jpg
9645,I3B,2023,7/12/23,4.5,7/13/23,20230713_I3B_09645.jpg,1,/mnt/research-projects/j/jlgage/RawUAVData01/uavforslb/final_image/final_sliced/20230713_I3B_09645.jpg
1734,C7B,2025,7/1/25,8.0,7/1/25,20250701_C7B_01734.jpg,0,/mnt/research-projects/j/jlgage/RawUAVData01/uavforslb/final_image/final_sliced/20250701_C7B_01734.jpg
4561,C10,2025,7/2/25,6.5,7/4/25,20250704_C10_04561.jpg,2,/mnt/research-projects/j/jlgage/RawUAVData01/uavforslb/final_image/final_sliced/20250704_C10_04561.jpg
7350,G3,2023,7/26/23,5.0,7/27/23,20230727_G3_07350.jpg,1,/mnt/research-projects/j/jlgage/RawUAVData01/uavforslb/final_image/final_sliced/20230727_G3_07350.jpg
10894,I3B,2023,7/19/23,5.5,7/20/23,20230720_I3B_10894.jpg,1,/mnt/research-projects/j/jlgage/RawUAVData01/uavforslb/final_image/final_sliced/20230720_I3B_10894.jpg
9985,I3B,2023,7/12/23,6.0,7/13/23,20230713_I3B_09985.jpg,1,/mnt/research-projects/j/jlgage/RawUAVData01/uavforslb/final_image/final_sliced/20230713_I3B_09985.jpg
4331,C10,2025,7/7/25,5.5,7/7/25,20250707_C10_04331.jpg,0,/mnt/research-projects/j/jlgage/RawUAVData01/uavforslb/final_image/final_sliced/20250707_C10_04331.jpg
3054,G3,2023,7/19/23,7.0,7/20/23,20230720_G3_03054.jpg,1,/mnt/research-projects/j/jlgage/RawUAVData01/uavforslb/final_image/final_sliced/20230720_G3_03054.jpg
10955,I3B,2023,7/19/23,5.5,7/20/23,20230720_I3B_10955.jpg,1,/mnt/research-projects/j/jlgage/RawUAVData01/uavforslb/final_image/final_sliced/20230720_I3B_10955.jpg
4640,C10,2025,7/20/25,3.5,7/21/25,20250721_C10_04640.jpg,1,/mnt/research-projects/j/jlgage/RawUAVData01/uavforslb/final_image/final_sliced/20250721_C10_04640.jpg
1265,C7B,2025,7/10/25,4.0,7/10/25,20250710_C7B_01265.jpg,0,/mnt/research-projects/j/jlgage/RawUAVData01/uavforslb/final_image/final_sliced/20250710_C7B_01265.jpg
10926,I3B,2023,7/19/23,5.5,7/20/23,20230720_I3B_10926.jpg,1,/mnt/research-projects/j/jlgage/RawUAVData01/uavforslb/final_image/final_sliced/20230720_I3B_10926.jpg
9951,I3B,2023,7/12/23,6.0,7/13/23,20230713_I3B_09951.jpg,1,/mnt/research-projects/j/jlgage/RawUAVData01/uavforslb/final_image/final_sliced/20230713_I3B_09951.jpg
8048,G3,2023,7/19/23,7.5,7/20/23,20230720_G3_08048.jpg,1,/mnt/research-projects/j/jlgage/RawUAVData01/uavforslb/final_image/final_sliced/20230720_G3_08048.jpg
10974,I3B,2023,7/19/23,6.5,7/20/23,20230720_I3B_10974.jpg,1,/mnt/research-projects/j/jlgage/RawUAVData01/uavforslb/final_image/final_sliced/20230720_I3B_10974.jpg
2033,C7B,2025,7/10/25,5.0,7/10/25,20250710_C7B_02033.jpg,0,/mnt/research-projects/j/jlgage/RawUAVData01/uavforslb/final_image/final_sliced/20250710_C7B_02033.jpg
5464,C10,2025,7/11/25,5.0,7/11/25,20250711_C10_05464.jpg,0,/mnt/research-projects/j/jlgage/RawUAVData01/uavforslb/final_image/final_sliced/20250711_C10_05464.jpg
5231,C10,2025,7/11/25,6.0,7/11/25,20250711_C10_05231.jpg,0,/mnt/research-projects/j/jlgage/RawUAVData01/uavforslb/final_image/final_sliced/20250711_C10_05231.jpg
4325,C10,2025,7/7/25,5.5,7/7/25,20250707_C10_04325.jpg,0,/mnt/research-projects/j/jlgage/RawUAVData01/uavforslb/final_image/final_sliced/20250707_C10_04325.jpg
10996,I3B,2023,7/19/23,6.0,7/20/23,20230720_I3B_10996.jpg,1,/mnt/research-projects/j/jlgage/RawUAVData01/uavforslb/final_image/final_sliced/20230720_I3B_10996.jpg
4364,C10,2025,6/30/25,5.5,6/28/25,20250628_C10_04364.jpg,-2,/mnt/research-projects/j/jlgage/RawUAVData01/uavforslb/final_image/final_sliced/20250628_C10_04364.jpg
10834,I3B,2023,7/19/23,5.0,7/20/23,20230720_I3B_10834.jpg,1,/mnt/research-projects/j/jlgage/RawUAVData01/uavforslb/final_image/final_sliced/20230720_I3B_10834.jpg
814,C7B,2025,7/10/25,4.0,7/10/25,20250710_C7B_00814.jpg,0,/mnt/research-projects/j/jlgage/RawUAVData01/uavforslb/final_image/final_sliced/20250710_C7B_00814.jpg
7447,G3,2023,7/26/23,4.0,7/27/23,20230727_G3_07447.jpg,1,/mnt/research-projects/j/jlgage/RawUAVData01/uavforslb/final_image/final_sliced/20230727_G3_07447.jpg
5354,C10,2025,7/11/25,4.0,7/11/25,20250711_C10_05354.jpg,0,/mnt/research-projects/j/jlgage/RawUAVData01/uavforslb/final_image/final_sliced/20250711_C10_05354.jpg
10272,I3B,2023,7/25/23,4.5,7/27/23,20230727_I3B_10272.jpg,2,/mnt/research-projects/j/jlgage/RawUAVData01/uavforslb/final_image/final_sliced/20230727_I3B_10272.jpg
5217,C10,2025,7/20/25,2.5,7/21/25,20250721_C10_05217.jpg,1,/mnt/research-projects/j/jlgage/RawUAVData01/uavforslb/final_image/final_sliced/20250721_C10_05217.jpg
1471,C7B,2025,7/10/25,6.0,7/10/25,20250710_C7B_01471.jpg,0,/mnt/research-projects/j/jlgage/RawUAVData01/uavforslb/final_image/final_sliced/20250710_C7B_01471.jpg
10937,I3B,2023,7/19/23,6.5,7/20/23,20230720_I3B_10937.jpg,1,/mnt/research-projects/j/jlgage/RawUAVData01/uavforslb/final_image/final_sliced/20230720_I3B_10937.jpg
10982,I3B,2023,7/19/23,6.5,7/20/23,20230720_I3B_10982.jpg,1,/mnt/research-projects/j/jlgage/RawUAVData01/uavforslb/final_image/final_sliced/20230720_I3B_10982.jpg
5032,C10,2025,7/20/25,2.0,7/21/25,20250721_C10_05032.jpg,1,/mnt/research-projects/j/jlgage/RawUAVData01/uavforslb/final_image/final_sliced/20250721_C10_05032.jpg
5841,C10,2025,7/19/25,2.0,7/18/25,20250718_C10_05841.jpg,-1,/mnt/research-projects/j/jlgage/RawUAVData01/uavforslb/final_image/final_sliced/20250718_C10_05841.jpg
4266,C10,2025,7/7/25,5.0,7/7/25,20250707_C10_04266.jpg,0,/mnt/research-projects/j/jlgage/RawUAVData01/uavforslb/final_image/final_sliced/20250707_C10_04266.jpg
858,C7B,2025,7/18/25,4.0,7/18/25,20250718_C7B_00858.jpg,0,/mnt/research-projects/j/jlgage/RawUAVData01/uavforslb/final_image/final_sliced/20250718_C7B_00858.jpg
3194,G3,2023,7/19/23,7.0,7/20/23,20230720_G3_03194.jpg,1,/mnt/research-projects/j/jlgage/RawUAVData01/uavforslb/final_image/final_sliced/20230720_G3_03194.jpg
3076,G3,2023,7/26/23,8.5,7/27/23,20230727_G3_03076.jpg,1,/mnt/research-projects/j/jlgage/RawUAVData01/uavforslb/final_image/final_sliced/20230727_G3_03076.jpg
2037,C7B,2025,7/10/25,5.0,7/10/25,20250710_C7B_02037.jpg,0,/mnt/research-projects/j/jlgage/RawUAVData01/uavforslb/final_image/final_sliced/20250710_C7B_02037.jpg
10020,I3B,2023,7/12/23,5.0,7/13/23,20230713_I3B_10020.jpg,1,/mnt/research-projects/j/jlgage/RawUAVData01/uavforslb/final_image/final_sliced/20230713_I3B_10020.jpg
1960,C7B,2025,7/19/25,2.5,7/18/25,20250718_C7B_01960.jpg,-1,/mnt/research-projects/j/jlgage/RawUAVData01/uavforslb/final_image/final_sliced/20250718_C7B_01960.jpg
5052,C10,2025,7/11/25,5.0,7/11/25,20250711_C10_05052.jpg,0,/mnt/research-projects/j/jlgage/RawUAVData01/uavforslb/final_image/final_sliced/20250711_C10_05052.jpg
22,C7B,2025,6/30/25,8.0,7/1/25,20250701_C7B_00022.jpg,1,/mnt/research-projects/j/jlgage/RawUAVData01/uavforslb/final_image/final_sliced/20250701_C7B_00022.jpg
10285,I3B,2023,7/25/23,4.0,7/27/23,20230727_I3B_10285.jpg,2,/mnt/research-projects/j/jlgage/RawUAVData01/uavforslb/final_image/final_sliced/20230727_I3B_10285.jpg
3103,G3,2023,7/26/23,7.0,7/27/23,20230727_G3_03103.jpg,1,/mnt/research-projects/j/jlgage/RawUAVData01/uavforslb/final_image/final_sliced/20230727_G3_03103.jpg
827,C7B,2025,7/1/25,6.0,7/1/25,20250701_C7B_00827.jpg,0,/mnt/research-projects/j/jlgage/RawUAVData01/uavforslb/final_image/final_sliced/20250701_C7B_00827.jpg
7473,G3,2023,7/26/23,4.0,7/27/23,20230727_G3_07473.jpg,1,/mnt/research-projects/j/jlgage/RawUAVData01/uavforslb/final_image/final_sliced/20230727_G3_07473.jpg
3102,G3,2023,7/19/23,8.0,7/20/23,20230720_G3_03102.jpg,1,/mnt/research-projects/j/jlgage/RawUAVData01/uavforslb/final_image/final_sliced/20230720_G3_03102.jpg
893,C7B,2025,7/10/25,5.0,7/10/25,20250710_C7B_00893.jpg,0,/mnt/research-projects/j/jlgage/RawUAVData01/uavforslb/final_image/final_sliced/20250710_C7B_00893.jpg
11301,I3B,2023,7/19/23,6.5,7/20/23,20230720_I3B_11301.jpg,1,/mnt/research-projects/j/jlgage/RawUAVData01/uavforslb/final_image/final_sliced/20230720_I3B_11301.jpg
1113,C7B,2025,7/1/25,6.0,7/1/25,20250701_C7B_01113.jpg,0,/mnt/research-projects/j/jlgage/RawUAVData01/uavforslb/final_image/final_sliced/20250701_C7B_01113.jpg
7382,G3,2023,7/26/23,5.5,7/27/23,20230727_G3_07382.jpg,1,/mnt/research-projects/j/jlgage/RawUAVData01/uavforslb/final_image/final_sliced/20230727_G3_07382.jpg
5489,C10,2025,7/11/25,6.0,7/11/25,20250711_C10_05489.jpg,0,/mnt/research-projects/j/jlgage/RawUAVData01/uavforslb/final_image/final_sliced/20250711_C10_05489.jpg
11142,I3B,2023,7/12/23,8.0,7/13/23,20230713_I3B_11142.jpg,1,/mnt/research-projects/j/jlgage/RawUAVData01/uavforslb/final_image/final_sliced/20230713_I3B_11142.jpg
10046,I3B,2023,7/12/23,5.0,7/13/23,20230713_I3B_10046.jpg,1,/mnt/research-projects/j/jlgage/RawUAVData01/uavforslb/final_image/final_sliced/20230713_I3B_10046.jpg
3040,G3,2023,7/19/23,7.5,7/20/23,20230720_G3_03040.jpg,1,/mnt/research-projects/j/jlgage/RawUAVData01/uavforslb/final_image/final_sliced/20230720_G3_03040.jpg
4208,C10,2025,6/30/25,7.0,6/28/25,20250628_C10_04208.jpg,-2,/mnt/research-projects/j/jlgage/RawUAVData01/uavforslb/final_image/final_sliced/20250628_C10_04208.jpg
1400,C7B,2025,7/1/25,6.0,7/1/25,20250701_C7B_01400.jpg,0,/mnt/research-projects/j/jlgage/RawUAVData01/uavforslb/final_image/final_sliced/20250701_C7B_01400.jpg
10370,I3B,2023,7/25/23,4.0,7/27/23,20230727_I3B_10370.jpg,2,/mnt/research-projects/j/jlgage/RawUAVData01/uavforslb/final_image/final_sliced/20230727_I3B_10370.jpg
6708,C10,2025,7/8/25,7.5,7/7/25,20250707_C10_06708.jpg,-1,/mnt/research-projects/j/jlgage/RawUAVData01/uavforslb/final_image/final_sliced/20250707_C10_06708.jpg
4706,C10,2025,7/11/25,5.5,7/11/25,20250711_C10_04706.jpg,0,/mnt/research-projects/j/jlgage/RawUAVData01/uavforslb/final_image/final_sliced/20250711_C10_04706.jpg
10040,I3B,2023,7/12/23,4.0,7/13/23,20230713_I3B_10040.jpg,1,/mnt/research-projects/j/jlgage/RawUAVData01/uavforslb/final_image/final_sliced/20230713_I3B_10040.jpg
9781,I3B,2023,7/12/23,5.5,7/13/23,20230713_I3B_09781.jpg,1,/mnt/research-projects/j/jlgage/RawUAVData01/uavforslb/final_image/final_sliced/20230713_I3B_09781.jpg
410,C7B,2025,7/10/25,5.0,7/10/25,20250710_C7B_00410.jpg,0,/mnt/research-projects/j/jlgage/RawUAVData01/uavforslb/final_image/final_sliced/20250710_C7B_00410.jpg
7339,G3,2023,7/26/23,6.0,7/27/23,20230727_G3_07339.jpg,1,/mnt/research-projects/j/jlgage/RawUAVData01/uavforslb/final_image/final_sliced/20230727_G3_07339.jpg
5362,C10,2025,7/20/25,2.5,7/21/25,20250721_C10_05362.jpg,1,/mnt/research-projects/j/jlgage/RawUAVData01/uavforslb/final_image/final_sliced/20250721_C10_05362.jpg
5622,C10,2025,7/11/25,4.5,7/11/25,20250711_C10_05622.jpg,0,/mnt/research-projects/j/jlgage/RawUAVData01/uavforslb/final_image/final_sliced/20250711_C10_05622.jpg
7414,G3,2023,7/26/23,8.0,7/27/23,20230727_G3_07414.jpg,1,/mnt/research-projects/j/jlgage/RawUAVData01/uavforslb/final_image/final_sliced/20230727_G3_07414.jpg
4344,C10,2025,7/19/25,2.0,7/18/25,20250718_C10_04344.jpg,-1,/mnt/research-projects/j/jlgage/RawUAVData01/uavforslb/final_image/final_sliced/20250718_C10_04344.jpg
8091,G3,2023,7/20/23,8.0,7/20/23,20230720_G3_08091.jpg,0,/mnt/research-projects/j/jlgage/RawUAVData01/uavforslb/final_image/final_sliced/20230720_G3_08091.jpg
3151,G3,2023,7/26/23,3.0,7/27/23,20230727_G3_03151.jpg,1,/mnt/research-projects/j/jlgage/RawUAVData01/uavforslb/final_image/final_sliced/20230727_G3_03151.jpg
7336,G3,2023,7/26/23,7.0,7/27/23,20230727_G3_07336.jpg,1,/mnt/research-projects/j/jlgage/RawUAVData01/uavforslb/final_image/final_sliced/20230727_G3_07336.jpg
559,C7B,2025,7/18/25,4.0,7/18/25,20250718_C7B_00559.jpg,0,/mnt/research-projects/j/jlgage/RawUAVData01/uavforslb/final_image/final_sliced/20250718_C7B_00559.jpg
7377,G3,2023,7/20/23,8.0,7/20/23,20230720_G3_07377.jpg,0,/mnt/research-projects/j/jlgage/RawUAVData01/uavforslb/final_image/final_sliced/20230720_G3_07377.jpg
4381,C10,2025,7/19/25,3.0,7/18/25,20250718_C10_04381.jpg,-1,/mnt/research-projects/j/jlgage/RawUAVData01/uavforslb/final_image/final_sliced/20250718_C10_04381.jpg
7535,G3,2023,7/26/23,6.0,7/27/23,20230727_G3_07535.jpg,1,/mnt/research-projects/j/jlgage/RawUAVData01/uavforslb/final_image/final_sliced/20230727_G3_07535.jpg
2807,C7B,2025,7/8/25,6.5,7/7/25,20250707_C7B_02807.jpg,-1,/mnt/research-projects/j/jlgage/RawUAVData01/uavforslb/final_image/final_sliced/20250707_C7B_02807.jpg
10007,I3B,2023,7/12/23,5.0,7/13/23,20230713_I3B_10007.jpg,1,/mnt/research-projects/j/jlgage/RawUAVData01/uavforslb/final_image/final_sliced/20230713_I3B_10007.jpg
11022,I3B,2023,7/12/23,7.0,7/13/23,20230713_I3B_11022.jpg,1,/mnt/research-projects/j/jlgage/RawUAVData01/uavforslb/final_image/final_sliced/20230713_I3B_11022.jpg
8032,G3,2023,7/26/23,5.0,7/27/23,20230727_G3_08032.jpg,1,/mnt/research-projects/j/jlgage/RawUAVData01/uavforslb/final_image/final_sliced/20230727_G3_08032.jpg
7311,G3,2023,7/20/23,7.0,7/20/23,20230720_G3_07311.jpg,0,/mnt/research-projects/j/jlgage/RawUAVData01/uavforslb/final_image/final_sliced/20230720_G3_07311.jpg
7324,G3,2023,7/26/23,7.5,7/27/23,20230727_G3_07324.jpg,1,/mnt/research-projects/j/jlgage/RawUAVData01/uavforslb/final_image/final_sliced/20230727_G3_07324.jpg
3067,G3,2023,7/26/23,8.0,7/27/23,20230727_G3_03067.jpg,1,/mnt/research-projects/j/jlgage/RawUAVData01/uavforslb/final_image/final_sliced/20230727_G3_03067.jpg
3066,G3,2023,7/26/23,7.5,7/27/23,20230727_G3_03066.jpg,1,/mnt/research-projects/j/jlgage/RawUAVData01/uavforslb/final_image/final_sliced/20230727_G3_03066.jpg
11157,I3B,2023,7/12/23,6.5,7/13/23,20230713_I3B_11157.jpg,1,/mnt/research-projects/j/jlgage/RawUAVData01/uavforslb/final_image/final_sliced/20230713_I3B_11157.jpg
8009,G3,2023,7/26/23,7.5,7/27/23,20230727_G3_08009.jpg,1,/mnt/research-projects/j/jlgage/RawUAVData01/uavforslb/final_image/final_sliced/20230727_G3_08009.jpg
10796,I3B,2023,7/19/23,6.5,7/20/23,20230720_I3B_10796.jpg,1,/mnt/research-projects/j/jlgage/RawUAVData01/uavforslb/final_image/final_sliced/20230720_I3B_10796.jpg
10971,I3B,2023,7/19/23,5.5,7/20/23,20230720_I3B_10971.jpg,1,/mnt/research-projects/j/jlgage/RawUAVData01/uavforslb/final_image/final_sliced/20230720_I3B_10971.jpg
5752,C10,2025,7/11/25,5.0,7/11/25,20250711_C10_05752.jpg,0,/mnt/research-projects/j/jlgage/RawUAVData01/uavforslb/final_image/final_sliced/20250711_C10_05752.jpg
4039,C10,2025,6/30/25,7.5,6/28/25,20250628_C10_04039.jpg,-2,/mnt/research-projects/j/jlgage/RawUAVData01/uavforslb/final_image/final_sliced/20250628_C10_04039.jpg
4565,C10,2025,7/2/25,5.5,7/4/25,20250704_C10_04565.jpg,2,/mnt/research-projects/j/jlgage/RawUAVData01/uavforslb/final_image/final_sliced/20250704_C10_04565.jpg
7208,G3,2023,7/26/23,4.0,7/27/23,20230727_G3_07208.jpg,1,/mnt/research-projects/j/jlgage/RawUAVData01/uavforslb/final_image/final_sliced/20230727_G3_07208.jpg
10404,I3B,2023,7/25/23,4.0,7/27/23,20230727_I3B_10404.jpg,2,/mnt/research-projects/j/jlgage/RawUAVData01/uavforslb/final_image/final_sliced/20230727_I3B_10404.jpg
60,C7B,2025,7/4/25,7.0,7/4/25,20250704_C7B_00060.jpg,0,/mnt/research-projects/j/jlgage/RawUAVData01/uavforslb/final_image/final_sliced/20250704_C7B_00060.jpg
1295,C7B,2025,7/10/25,4.0,7/10/25,20250710_C7B_01295.jpg,0,/mnt/research-projects/j/jlgage/RawUAVData01/uavforslb/final_image/final_sliced/20250710_C7B_01295.jpg
1379,C7B,2025,7/18/25,2.0,7/18/25,20250718_C7B_01379.jpg,0,/mnt/research-projects/j/jlgage/RawUAVData01/uavforslb/final_image/final_sliced/20250718_C7B_01379.jpg
9632,I3B,2023,7/12/23,6.5,7/13/23,20230713_I3B_09632.jpg,1,/mnt/research-projects/j/jlgage/RawUAVData01/uavforslb/final_image/final_sliced/20230713_I3B_09632.jpg
11327,I3B,2023,7/19/23,5.0,7/20/23,20230720_I3B_11327.jpg,1,/mnt/research-projects/j/jlgage/RawUAVData01/uavforslb/final_image/final_sliced/20230720_I3B_11327.jpg
768,C7B,2025,7/10/25,7.5,7/10/25,20250710_C7B_00768.jpg,0,/mnt/research-projects/j/jlgage/RawUAVData01/uavforslb/final_image/final_sliced/20250710_C7B_00768.jpg
4140,C10,2025,7/7/25,6.0,7/7/25,20250707_C10_04140.jpg,0,/mnt/research-projects/j/jlgage/RawUAVData01/uavforslb/final_image/final_sliced/20250707_C10_04140.jpg
4753,C10,2025,7/11/25,5.0,7/11/25,20250711_C10_04753.jpg,0,/mnt/research-projects/j/jlgage/RawUAVData01/uavforslb/final_image/final_sliced/20250711_C10_04753.jpg
9574,I3B,2023,7/12/23,6.5,7/13/23,20230713_I3B_09574.jpg,1,/mnt/research-projects/j/jlgage/RawUAVData01/uavforslb/final_image/final_sliced/20230713_I3B_09574.jpg
3078,G3,2023,7/26/23,8.0,7/27/23,20230727_G3_03078.jpg,1,/mnt/research-projects/j/jlgage/RawUAVData01/uavforslb/final_image/final_sliced/20230727_G3_03078.jpg
6773,C10,2025,7/18/25,8.0,7/18/25,20250718_C10_06773.jpg,0,/mnt/research-projects/j/jlgage/RawUAVData01/uavforslb/final_image/final_sliced/20250718_C10_06773.jpg
8064,G3,2023,7/19/23,5.5,7/20/23,20230720_G3_08064.jpg,1,/mnt/research-projects/j/jlgage/RawUAVData01/uavforslb/final_image/final_sliced/20230720_G3_08064.jpg
10952,I3B,2023,7/19/23,6.5,7/20/23,20230720_I3B_10952.jpg,1,/mnt/research-projects/j/jlgage/RawUAVData01/uavforslb/final_image/final_sliced/20230720_I3B_10952.jpg
1830,C7B,2025,7/19/25,2.0,7/18/25,20250718_C7B_01830.jpg,-1,/mnt/research-projects/j/jlgage/RawUAVData01/uavforslb/final_image/final_sliced/20250718_C7B_01830.jpg
7334,G3,2023,7/20/23,6.5,7/20/23,20230720_G3_07334.jpg,0,/mnt/research-projects/j/jlgage/RawUAVData01/uavforslb/final_image/final_sliced/20230720_G3_07334.jpg
4532,C10,2025,7/11/25,6.0,7/11/25,20250711_C10_04532.jpg,0,/mnt/research-projects/j/jlgage/RawUAVData01/uavforslb/final_image/final_sliced/20250711_C10_04532.jpg
6027,C10,2025,7/11/25,7.0,7/11/25,20250711_C10_06027.jpg,0,/mnt/research-projects/j/jlgage/RawUAVData01/uavforslb/final_image/final_sliced/20250711_C10_06027.jpg
5459,C10,2025,7/11/25,4.0,7/11/25,20250711_C10_05459.jpg,0,/mnt/research-projects/j/jlgage/RawUAVData01/uavforslb/final_image/final_sliced/20250711_C10_05459.jpg
1810,C7B,2025,7/1/25,6.5,7/1/25,20250701_C7B_01810.jpg,0,/mnt/research-projects/j/jlgage/RawUAVData01/uavforslb/final_image/final_sliced/20250701_C7B_01810.jpg
3019,G3,2023,7/26/23,7.5,7/27/23,20230727_G3_03019.jpg,1,/mnt/research-projects/j/jlgage/RawUAVData01/uavforslb/final_image/final_sliced/20230727_G3_03019.jpg
3045,G3,2023,7/26/23,8.0,7/27/23,20230727_G3_03045.jpg,1,/mnt/research-projects/j/jlgage/RawUAVData01/uavforslb/final_image/final_sliced/20230727_G3_03045.jpg
139,C7B,2025,7/18/25,6.5,7/18/25,20250718_C7B_00139.jpg,0,/mnt/research-projects/j/jlgage/RawUAVData01/uavforslb/final_image/final_sliced/20250718_C7B_00139.jpg
305,C7B,2025,7/4/25,6.5,7/4/25,20250704_C7B_00305.jpg,0,/mnt/research-projects/j/jlgage/RawUAVData01/uavforslb/final_image/final_sliced/20250704_C7B_00305.jpg
3117,G3,2023,7/19/23,8.0,7/20/23,20230720_G3_03117.jpg,1,/mnt/research-projects/j/jlgage/RawUAVData01/uavforslb/final_image/final_sliced/20230720_G3_03117.jpg
7253,G3,2023,7/26/23,7.0,7/27/23,20230727_G3_07253.jpg,1,/mnt/research-projects/j/jlgage/RawUAVData01/uavforslb/final_image/final_sliced/20230727_G3_07253.jpg
9793,I3B,2023,7/12/23,6.0,7/13/23,20230713_I3B_09793.jpg,1,/mnt/research-projects/j/jlgage/RawUAVData01/uavforslb/final_image/final_sliced/20230713_I3B_09793.jpg
10253,I3B,2023,7/25/23,3.0,7/27/23,20230727_I3B_10253.jpg,2,/mnt/research-projects/j/jlgage/RawUAVData01/uavforslb/final_image/final_sliced/20230727_I3B_10253.jpg
10994,I3B,2023,7/19/23,6.0,7/20/23,20230720_I3B_10994.jpg,1,/mnt/research-projects/j/jlgage/RawUAVData01/uavforslb/final_image/final_sliced/20230720_I3B_10994.jpg
405,C7B,2025,7/10/25,6.0,7/10/25,20250710_C7B_00405.jpg,0,/mnt/research-projects/j/jlgage/RawUAVData01/uavforslb/final_image/final_sliced/20250710_C7B_00405.jpg
9745,I3B,2023,7/12/23,5.0,7/13/23,20230713_I3B_09745.jpg,1,/mnt/research-projects/j/jlgage/RawUAVData01/uavforslb/final_image/final_sliced/20230713_I3B_09745.jpg
11085,I3B,2023,7/12/23,6.5,7/13/23,20230713_I3B_11085.jpg,1,/mnt/research-projects/j/jlgage/RawUAVData01/uavforslb/final_image/final_sliced/20230713_I3B_11085.jpg
10319,I3B,2023,7/25/23,3.0,7/27/23,20230727_I3B_10319.jpg,2,/mnt/research-projects/j/jlgage/RawUAVData01/uavforslb/final_image/final_sliced/20230727_I3B_10319.jpg
4786,C10,2025,7/2/25,7.0,7/4/25,20250704_C10_04786.jpg,2,/mnt/research-projects/j/jlgage/RawUAVData01/uavforslb/final_image/final_sliced/20250704_C10_04786.jpg
818,C7B,2025,7/10/25,5.5,7/10/25,20250710_C7B_00818.jpg,0,/mnt/research-projects/j/jlgage/RawUAVData01/uavforslb/final_image/final_sliced/20250710_C7B_00818.jpg
5936,C10,2025,7/19/25,2.5,7/18/25,20250718_C10_05936.jpg,-1,/mnt/research-projects/j/jlgage/RawUAVData01/uavforslb/final_image/final_sliced/20250718_C10_05936.jpg
1817,C7B,2025,7/19/25,4.0,7/18/25,20250718_C7B_01817.jpg,-1,/mnt/research-projects/j/jlgage/RawUAVData01/uavforslb/final_image/final_sliced/20250718_C7B_01817.jpg
8058,G3,2023,7/19/23,7.0,7/20/23,20230720_G3_08058.jpg,1,/mnt/research-projects/j/jlgage/RawUAVData01/uavforslb/final_image/final_sliced/20230720_G3_08058.jpg
10861,I3B,2023,7/19/23,6.0,7/20/23,20230720_I3B_10861.jpg,1,/mnt/research-projects/j/jlgage/RawUAVData01/uavforslb/final_image/final_sliced/20230720_I3B_10861.jpg
3184,G3,2023,7/26/23,5.0,7/27/23,20230727_G3_03184.jpg,1,/mnt/research-projects/j/jlgage/RawUAVData01/uavforslb/final_image/final_sliced/20230727_G3_03184.jpg
10009,I3B,2023,7/12/23,6.0,7/13/23,20230713_I3B_10009.jpg,1,/mnt/research-projects/j/jlgage/RawUAVData01/uavforslb/final_image/final_sliced/20230713_I3B_10009.jpg
911,C7B,2025,7/18/25,4.5,7/18/25,20250718_C7B_00911.jpg,0,/mnt/research-projects/j/jlgage/RawUAVData01/uavforslb/final_image/final_sliced/20250718_C7B_00911.jpg
9746,I3B,2023,7/12/23,4.5,7/13/23,20230713_I3B_09746.jpg,1,/mnt/research-projects/j/jlgage/RawUAVData01/uavforslb/final_image/final_sliced/20230713_I3B_09746.jpg
6705,C10,2025,7/14/25,6.5,7/14/25,20250714_C10_06705.jpg,0,/mnt/research-projects/j/jlgage/RawUAVData01/uavforslb/final_image/final_sliced/20250714_C10_06705.jpg
11291,I3B,2023,7/19/23,6.5,7/20/23,20230720_I3B_11291.jpg,1,/mnt/research-projects/j/jlgage/RawUAVData01/uavforslb/final_image/final_sliced/20230720_I3B_11291.jpg
10350,I3B,2023,7/25/23,3.0,7/27/23,20230727_I3B_10350.jpg,2,/mnt/research-projects/j/jlgage/RawUAVData01/uavforslb/final_image/final_sliced/20230727_I3B_10350.jpg
4889,C10,2025,7/2/25,6.5,7/4/25,20250704_C10_04889.jpg,2,/mnt/research-projects/j/jlgage/RawUAVData01/uavforslb/final_image/final_sliced/20250704_C10_04889.jpg
7356,G3,2023,7/20/23,8.0,7/20/23,20230720_G3_07356.jpg,0,/mnt/research-projects/j/jlgage/RawUAVData01/uavforslb/final_image/final_sliced/20230720_G3_07356.jpg
8010,G3,2023,7/19/23,7.0,7/20/23,20230720_G3_08010.jpg,1,/mnt/research-projects/j/jlgage/RawUAVData01/uavforslb/final_image/final_sliced/20230720_G3_08010.jpg
1810,C7B,2025,7/7/25,5.0,7/7/25,20250707_C7B_01810.jpg,0,/mnt/research-projects/j/jlgage/RawUAVData01/uavforslb/final_image/final_sliced/20250707_C7B_01810.jpg
7390,G3,2023,7/26/23,5.5,7/27/23,20230727_G3_07390.jpg,1,/mnt/research-projects/j/jlgage/RawUAVData01/uavforslb/final_image/final_sliced/20230727_G3_07390.jpg
5299,C10,2025,7/20/25,2.5,7/21/25,20250721_C10_05299.jpg,1,/mnt/research-projects/j/jlgage/RawUAVData01/uavforslb/final_image/final_sliced/20250721_C10_05299.jpg
10944,I3B,2023,7/19/23,5.5,7/20/23,20230720_I3B_10944.jpg,1,/mnt/research-projects/j/jlgage/RawUAVData01/uavforslb/final_image/final_sliced/20230720_I3B_10944.jpg
3121,G3,2023,7/19/23,8.5,7/20/23,20230720_G3_03121.jpg,1,/mnt/research-projects/j/jlgage/RawUAVData01/uavforslb/final_image/final_sliced/20230720_G3_03121.jpg
4002,C10,2025,7/7/25,7.5,7/7/25,20250707_C10_04002.jpg,0,/mnt/research-projects/j/jlgage/RawUAVData01/uavforslb/final_image/final_sliced/20250707_C10_04002.jpg
7428,G3,2023,7/20/23,8.0,7/20/23,20230720_G3_07428.jpg,0,/mnt/research-projects/j/jlgage/RawUAVData01/uavforslb/final_image/final_sliced/20230720_G3_07428.jpg
251,C7B,2025,7/4/25,6.0,7/4/25,20250704_C7B_00251.jpg,0,/mnt/research-projects/j/jlgage/RawUAVData01/uavforslb/final_image/final_sliced/20250704_C7B_00251.jpg
2752,C7B,2025,7/13/25,8.0,7/12/25,20250712_C7B_02752.jpg,-1,/mnt/research-projects/j/jlgage/RawUAVData01/uavforslb/final_image/final_sliced/20250712_C7B_02752.jpg
9892,I3B,2023,7/12/23,5.0,7/13/23,20230713_I3B_09892.jpg,1,/mnt/research-projects/j/jlgage/RawUAVData01/uavforslb/final_image/final_sliced/20230713_I3B_09892.jpg
4929,C10,2025,7/2/25,7.0,7/4/25,20250704_C10_04929.jpg,2,/mnt/research-projects/j/jlgage/RawUAVData01/uavforslb/final_image/final_sliced/20250704_C10_04929.jpg
5944,C10,2025,7/2/25,7.5,7/4/25,20250704_C10_05944.jpg,2,/mnt/research-projects/j/jlgage/RawUAVData01/uavforslb/final_image/final_sliced/20250704_C10_05944.jpg
10959,I3B,2023,7/19/23,5.5,7/20/23,20230720_I3B_10959.jpg,1,/mnt/research-projects/j/jlgage/RawUAVData01/uavforslb/final_image/final_sliced/20230720_I3B_10959.jpg
4566,C10,2025,7/20/25,2.0,7/21/25,20250721_C10_04566.jpg,1,/mnt/research-projects/j/jlgage/RawUAVData01/uavforslb/final_image/final_sliced/20250721_C10_04566.jpg
1964,C7B,2025,7/7/25,5.0,7/7/25,20250707_C7B_01964.jpg,0,/mnt/research-projects/j/jlgage/RawUAVData01/uavforslb/final_image/final_sliced/20250707_C7B_01964.jpg
4737,C10,2025,7/2/25,7.5,7/4/25,20250704_C10_04737.jpg,2,/mnt/research-projects/j/jlgage/RawUAVData01/uavforslb/final_image/final_sliced/20250704_C10_04737.jpg
5755,C10,2025,7/19/25,5.0,7/18/25,20250718_C10_05755.jpg,-1,/mnt/research-projects/j/jlgage/RawUAVData01/uavforslb/final_image/final_sliced/20250718_C10_05755.jpg
10935,I3B,2023,7/19/23,6.0,7/20/23,20230720_I3B_10935.jpg,1,/mnt/research-projects/j/jlgage/RawUAVData01/uavforslb/final_image/final_sliced/20230720_I3B_10935.jpg
9979,I3B,2023,7/12/23,5.5,7/13/23,20230713_I3B_09979.jpg,1,/mnt/research-projects/j/jlgage/RawUAVData01/uavforslb/final_image/final_sliced/20230713_I3B_09979.jpg
11298,I3B,2023,7/19/23,7.0,7/20/23,20230720_I3B_11298.jpg,1,/mnt/research-projects/j/jlgage/RawUAVData01/uavforslb/final_image/final_sliced/20230720_I3B_11298.jpg
4171,C10,2025,7/11/25,5.5,7/11/25,20250711_C10_04171.jpg,0,/mnt/research-projects/j/jlgage/RawUAVData01/uavforslb/final_image/final_sliced/20250711_C10_04171.jpg
11046,I3B,2023,7/12/23,6.5,7/13/23,20230713_I3B_11046.jpg,1,/mnt/research-projects/j/jlgage/RawUAVData01/uavforslb/final_image/final_sliced/20230713_I3B_11046.jpg
3083,G3,2023,7/19/23,5.5,7/20/23,20230720_G3_03083.jpg,1,/mnt/research-projects/j/jlgage/RawUAVData01/uavforslb/final_image/final_sliced/20230720_G3_03083.jpg
2831,C7B,2025,6/30/25,8.5,7/1/25,20250701_C7B_02831.jpg,1,/mnt/research-projects/j/jlgage/RawUAVData01/uavforslb/final_image/final_sliced/20250701_C7B_02831.jpg
1880,C7B,2025,7/1/25,7.5,7/1/25,20250701_C7B_01880.jpg,0,/mnt/research-projects/j/jlgage/RawUAVData01/uavforslb/final_image/final_sliced/20250701_C7B_01880.jpg
8139,G3,2023,7/20/23,8.0,7/20/23,20230720_G3_08139.jpg,0,/mnt/research-projects/j/jlgage/RawUAVData01/uavforslb/final_image/final_sliced/20230720_G3_08139.jpg
5150,C10,2025,7/20/25,3.0,7/21/25,20250721_C10_05150.jpg,1,/mnt/research-projects/j/jlgage/RawUAVData01/uavforslb/final_image/final_sliced/20250721_C10_05150.jpg
6669,C10,2025,7/3/25,7.0,7/4/25,20250704_C10_06669.jpg,1,/mnt/research-projects/j/jlgage/RawUAVData01/uavforslb/final_image/final_sliced/20250704_C10_06669.jpg
6775,C10,2025,7/18/25,8.0,7/18/25,20250718_C10_06775.jpg,0,/mnt/research-projects/j/jlgage/RawUAVData01/uavforslb/final_image/final_sliced/20250718_C10_06775.jpg
5920,C10,2025,7/1/25,7.0,6/28/25,20250628_C10_05920.jpg,-3,/mnt/research-projects/j/jlgage/RawUAVData01/uavforslb/final_image/final_sliced/20250628_C10_05920.jpg
4273,C10,2025,7/11/25,6.0,7/11/25,20250711_C10_04273.jpg,0,/mnt/research-projects/j/jlgage/RawUAVData01/uavforslb/final_image/final_sliced/20250711_C10_04273.jpg
3008,G3,2023,7/26/23,8.0,7/27/23,20230727_G3_03008.jpg,1,/mnt/research-projects/j/jlgage/RawUAVData01/uavforslb/final_image/final_sliced/20230727_G3_03008.jpg
11118,I3B,2023,7/12/23,7.0,7/13/23,20230713_I3B_11118.jpg,1,/mnt/research-projects/j/jlgage/RawUAVData01/uavforslb/final_image/final_sliced/20230713_I3B_11118.jpg
3029,G3,2023,7/19/23,7.5,7/20/23,20230720_G3_03029.jpg,1,/mnt/research-projects/j/jlgage/RawUAVData01/uavforslb/final_image/final_sliced/20230720_G3_03029.jpg
8105,G3,2023,7/26/23,5.0,7/27/23,20230727_G3_08105.jpg,1,/mnt/research-projects/j/jlgage/RawUAVData01/uavforslb/final_image/final_sliced/20230727_G3_08105.jpg
3092,G3,2023,7/19/23,8.0,7/20/23,20230720_G3_03092.jpg,1,/mnt/research-projects/j/jlgage/RawUAVData01/uavforslb/final_image/final_sliced/20230720_G3_03092.jpg
9600,I3B,2023,7/12/23,6.5,7/13/23,20230713_I3B_09600.jpg,1,/mnt/research-projects/j/jlgage/RawUAVData01/uavforslb/final_image/final_sliced/20230713_I3B_09600.jpg
236,C7B,2025,6/30/25,7.0,7/1/25,20250701_C7B_00236.jpg,1,/mnt/research-projects/j/jlgage/RawUAVData01/uavforslb/final_image/final_sliced/20250701_C7B_00236.jpg
10858,I3B,2023,7/19/23,7.0,7/20/23,20230720_I3B_10858.jpg,1,/mnt/research-projects/j/jlgage/RawUAVData01/uavforslb/final_image/final_sliced/20230720_I3B_10858.jpg
159,C7B,2025,7/10/25,3.5,7/10/25,20250710_C7B_00159.jpg,0,/mnt/research-projects/j/jlgage/RawUAVData01/uavforslb/final_image/final_sliced/20250710_C7B_00159.jpg
7282,G3,2023,7/26/23,7.5,7/27/23,20230727_G3_07282.jpg,1,/mnt/research-projects/j/jlgage/RawUAVData01/uavforslb/final_image/final_sliced/20230727_G3_07282.jpg
3049,G3,2023,7/19/23,7.5,7/20/23,20230720_G3_03049.jpg,1,/mnt/research-projects/j/jlgage/RawUAVData01/uavforslb/final_image/final_sliced/20230720_G3_03049.jpg
1116,C7B,2025,7/18/25,3.0,7/18/25,20250718_C7B_01116.jpg,0,/mnt/research-projects/j/jlgage/RawUAVData01/uavforslb/final_image/final_sliced/20250718_C7B_01116.jpg
4115,C10,2025,7/7/25,8.0,7/7/25,20250707_C10_04115.jpg,0,/mnt/research-projects/j/jlgage/RawUAVData01/uavforslb/final_image/final_sliced/20250707_C10_04115.jpg
10338,I3B,2023,7/25/23,3.5,7/27/23,20230727_I3B_10338.jpg,2,/mnt/research-projects/j/jlgage/RawUAVData01/uavforslb/final_image/final_sliced/20230727_I3B_10338.jpg
4898,C10,2025,7/2/25,7.0,7/4/25,20250704_C10_04898.jpg,2,/mnt/research-projects/j/jlgage/RawUAVData01/uavforslb/final_image/final_sliced/20250704_C10_04898.jpg
11106,I3B,2023,7/12/23,7.5,7/13/23,20230713_I3B_11106.jpg,1,/mnt/research-projects/j/jlgage/RawUAVData01/uavforslb/final_image/final_sliced/20230713_I3B_11106.jpg
1403,C7B,2025,7/18/25,3.0,7/18/25,20250718_C7B_01403.jpg,0,/mnt/research-projects/j/jlgage/RawUAVData01/uavforslb/final_image/final_sliced/20250718_C7B_01403.jpg
7348,G3,2023,7/20/23,7.0,7/20/23,20230720_G3_07348.jpg,0,/mnt/research-projects/j/jlgage/RawUAVData01/uavforslb/final_image/final_sliced/20230720_G3_07348.jpg
1128,C7B,2025,7/1/25,6.0,7/1/25,20250701_C7B_01128.jpg,0,/mnt/research-projects/j/jlgage/RawUAVData01/uavforslb/final_image/final_sliced/20250701_C7B_01128.jpg
4320,C10,2025,6/30/25,7.5,6/28/25,20250628_C10_04320.jpg,-2,/mnt/research-projects/j/jlgage/RawUAVData01/uavforslb/final_image/final_sliced/20250628_C10_04320.jpg
3160,G3,2023,7/19/23,8.0,7/20/23,20230720_G3_03160.jpg,1,/mnt/research-projects/j/jlgage/RawUAVData01/uavforslb/final_image/final_sliced/20230720_G3_03160.jpg
204,C7B,2025,6/30/25,6.0,7/1/25,20250701_C7B_00204.jpg,1,/mnt/research-projects/j/jlgage/RawUAVData01/uavforslb/final_image/final_sliced/20250701_C7B_00204.jpg
5553,C10,2025,7/20/25,5.0,7/21/25,20250721_C10_05553.jpg,1,/mnt/research-projects/j/jlgage/RawUAVData01/uavforslb/final_image/final_sliced/20250721_C10_05553.jpg
7349,G3,2023,7/26/23,6.0,7/27/23,20230727_G3_07349.jpg,1,/mnt/research-projects/j/jlgage/RawUAVData01/uavforslb/final_image/final_sliced/20230727_G3_07349.jpg
7218,G3,2023,7/19/23,7.5,7/20/23,20230720_G3_07218.jpg,1,/mnt/research-projects/j/jlgage/RawUAVData01/uavforslb/final_image/final_sliced/20230720_G3_07218.jpg
9961,I3B,2023,7/12/23,5.0,7/13/23,20230713_I3B_09961.jpg,1,/mnt/research-projects/j/jlgage/RawUAVData01/uavforslb/final_image/final_sliced/20230713_I3B_09961.jpg
5451,C10,2025,7/20/25,4.0,7/21/25,20250721_C10_05451.jpg,1,/mnt/research-projects/j/jlgage/RawUAVData01/uavforslb/final_image/final_sliced/20250721_C10_05451.jpg
5866,C10,2025,7/19/25,2.0,7/18/25,20250718_C10_05866.jpg,-1,/mnt/research-projects/j/jlgage/RawUAVData01/uavforslb/final_image/final_sliced/20250718_C10_05866.jpg
1304,C7B,2025,7/1/25,7.5,7/1/25,20250701_C7B_01304.jpg,0,/mnt/research-projects/j/jlgage/RawUAVData01/uavforslb/final_image/final_sliced/20250701_C7B_01304.jpg
9627,I3B,2023,7/12/23,5.0,7/13/23,20230713_I3B_09627.jpg,1,/mnt/research-projects/j/jlgage/RawUAVData01/uavforslb/final_image/final_sliced/20230713_I3B_09627.jpg
3151,G3,2023,7/19/23,3.0,7/20/23,20230720_G3_03151.jpg,1,/mnt/research-projects/j/jlgage/RawUAVData01/uavforslb/final_image/final_sliced/20230720_G3_03151.jpg
1927,C7B,2025,7/10/25,9.0,7/10/25,20250710_C7B_01927.jpg,0,/mnt/research-projects/j/jlgage/RawUAVData01/uavforslb/final_image/final_sliced/20250710_C7B_01927.jpg
11179,I3B,2023,7/12/23,7.5,7/13/23,20230713_I3B_11179.jpg,1,/mnt/research-projects/j/jlgage/RawUAVData01/uavforslb/final_image/final_sliced/20230713_I3B_11179.jpg
10388,I3B,2023,7/25/23,4.0,7/27/23,20230727_I3B_10388.jpg,2,/mnt/research-projects/j/jlgage/RawUAVData01/uavforslb/final_image/final_sliced/20230727_I3B_10388.jpg
9803,I3B,2023,7/12/23,6.0,7/13/23,20230713_I3B_09803.jpg,1,/mnt/research-projects/j/jlgage/RawUAVData01/uavforslb/final_image/final_sliced/20230713_I3B_09803.jpg
3169,G3,2023,7/26/23,7.0,7/27/23,20230727_G3_03169.jpg,1,/mnt/research-projects/j/jlgage/RawUAVData01/uavforslb/final_image/final_sliced/20230727_G3_03169.jpg
4470,C10,2025,7/2/25,6.5,7/4/25,20250704_C10_04470.jpg,2,/mnt/research-projects/j/jlgage/RawUAVData01/uavforslb/final_image/final_sliced/20250704_C10_04470.jpg
8100,G3,2023,7/20/23,7.0,7/20/23,20230720_G3_08100.jpg,0,/mnt/research-projects/j/jlgage/RawUAVData01/uavforslb/final_image/final_sliced/20230720_G3_08100.jpg
3106,G3,2023,7/19/23,7.5,7/20/23,20230720_G3_03106.jpg,1,/mnt/research-projects/j/jlgage/RawUAVData01/uavforslb/final_image/final_sliced/20230720_G3_03106.jpg
11109,I3B,2023,7/12/23,7.5,7/13/23,20230713_I3B_11109.jpg,1,/mnt/research-projects/j/jlgage/RawUAVData01/uavforslb/final_image/final_sliced/20230713_I3B_11109.jpg
89,C7B,2025,6/30/25,7.5,7/1/25,20250701_C7B_00089.jpg,1,/mnt/research-projects/j/jlgage/RawUAVData01/uavforslb/final_image/final_sliced/20250701_C7B_00089.jpg
7439,G3,2023,7/26/23,8.0,7/27/23,20230727_G3_07439.jpg,1,/mnt/research-projects/j/jlgage/RawUAVData01/uavforslb/final_image/final_sliced/20230727_G3_07439.jpg
7426,G3,2023,7/20/23,7.5,7/20/23,20230720_G3_07426.jpg,0,/mnt/research-projects/j/jlgage/RawUAVData01/uavforslb/final_image/final_sliced/20230720_G3_07426.jpg
331,C7B,2025,7/4/25,7.5,7/4/25,20250704_C7B_00331.jpg,0,/mnt/research-projects/j/jlgage/RawUAVData01/uavforslb/final_image/final_sliced/20250704_C7B_00331.jpg
4800,C10,2025,7/11/25,5.0,7/11/25,20250711_C10_04800.jpg,0,/mnt/research-projects/j/jlgage/RawUAVData01/uavforslb/final_image/final_sliced/20250711_C10_04800.jpg
7252,G3,2023,7/19/23,8.0,7/20/23,20230720_G3_07252.jpg,1,/mnt/research-projects/j/jlgage/RawUAVData01/uavforslb/final_image/final_sliced/20230720_G3_07252.jpg
219,C7B,2025,6/30/25,6.0,7/1/25,20250701_C7B_00219.jpg,1,/mnt/research-projects/j/jlgage/RawUAVData01/uavforslb/final_image/final_sliced/20250701_C7B_00219.jpg
1664,C7B,2025,7/1/25,4.5,7/1/25,20250701_C7B_01664.jpg,0,/mnt/research-projects/j/jlgage/RawUAVData01/uavforslb/final_image/final_sliced/20250701_C7B_01664.jpg
414,C7B,2025,7/4/25,5.0,7/4/25,20250704_C7B_00414.jpg,0,/mnt/research-projects/j/jlgage/RawUAVData01/uavforslb/final_image/final_sliced/20250704_C7B_00414.jpg
1472,C7B,2025,7/18/25,3.0,7/18/25,20250718_C7B_01472.jpg,0,/mnt/research-projects/j/jlgage/RawUAVData01/uavforslb/final_image/final_sliced/20250718_C7B_01472.jpg
7389,G3,2023,7/20/23,8.0,7/20/23,20230720_G3_07389.jpg,0,/mnt/research-projects/j/jlgage/RawUAVData01/uavforslb/final_image/final_sliced/20230720_G3_07389.jpg
7543,G3,2023,7/20/23,8.0,7/20/23,20230720_G3_07543.jpg,0,/mnt/research-projects/j/jlgage/RawUAVData01/uavforslb/final_image/final_sliced/20230720_G3_07543.jpg
5957,C10,2025,7/8/25,4.0,7/7/25,20250707_C10_05957.jpg,-1,/mnt/research-projects/j/jlgage/RawUAVData01/uavforslb/final_image/final_sliced/20250707_C10_05957.jpg
7246,G3,2023,7/19/23,7.0,7/20/23,20230720_G3_07246.jpg,1,/mnt/research-projects/j/jlgage/RawUAVData01/uavforslb/final_image/final_sliced/20230720_G3_07246.jpg
3210,G3,2023,7/19/23,7.5,7/20/23,20230720_G3_03210.jpg,1,/mnt/research-projects/j/jlgage/RawUAVData01/uavforslb/final_image/final_sliced/20230720_G3_03210.jpg
5282,C10,2025,7/11/25,3.0,7/11/25,20250711_C10_05282.jpg,0,/mnt/research-projects/j/jlgage/RawUAVData01/uavforslb/final_image/final_sliced/20250711_C10_05282.jpg
31,C7B,2025,7/11/25,7.0,7/10/25,20250710_C7B_00031.jpg,-1,/mnt/research-projects/j/jlgage/RawUAVData01/uavforslb/final_image/final_sliced/20250710_C7B_00031.jpg
1939,C7B,2025,7/7/25,7.5,7/7/25,20250707_C7B_01939.jpg,0,/mnt/research-projects/j/jlgage/RawUAVData01/uavforslb/final_image/final_sliced/20250707_C7B_01939.jpg
1101,C7B,2025,7/10/25,5.0,7/10/25,20250710_C7B_01101.jpg,0,/mnt/research-projects/j/jlgage/RawUAVData01/uavforslb/final_image/final_sliced/20250710_C7B_01101.jpg
4447,C10,2025,7/11/25,7.0,7/11/25,20250711_C10_04447.jpg,0,/mnt/research-projects/j/jlgage/RawUAVData01/uavforslb/final_image/final_sliced/20250711_C10_04447.jpg
5271,C10,2025,7/2/25,5.0,7/4/25,20250704_C10_05271.jpg,2,/mnt/research-projects/j/jlgage/RawUAVData01/uavforslb/final_image/final_sliced/20250704_C10_05271.jpg
4152,C10,2025,7/11/25,4.0,7/11/25,20250711_C10_04152.jpg,0,/mnt/research-projects/j/jlgage/RawUAVData01/uavforslb/final_image/final_sliced/20250711_C10_04152.jpg
10724,I3B,2023,7/19/23,4.5,7/20/23,20230720_I3B_10724.jpg,1,/mnt/research-projects/j/jlgage/RawUAVData01/uavforslb/final_image/final_sliced/20230720_I3B_10724.jpg
968,C7B,2025,7/10/25,8.0,7/10/25,20250710_C7B_00968.jpg,0,/mnt/research-projects/j/jlgage/RawUAVData01/uavforslb/final_image/final_sliced/20250710_C7B_00968.jpg
1082,C7B,2025,7/10/25,3.5,7/10/25,20250710_C7B_01082.jpg,0,/mnt/research-projects/j/jlgage/RawUAVData01/uavforslb/final_image/final_sliced/20250710_C7B_01082.jpg
9978,I3B,2023,7/12/23,5.0,7/13/23,20230713_I3B_09978.jpg,1,/mnt/research-projects/j/jlgage/RawUAVData01/uavforslb/final_image/final_sliced/20230713_I3B_09978.jpg
5042,C10,2025,7/20/25,1.0,7/21/25,20250721_C10_05042.jpg,1,/mnt/research-projects/j/jlgage/RawUAVData01/uavforslb/final_image/final_sliced/20250721_C10_05042.jpg
4403,C10,2025,7/19/25,1.5,7/18/25,20250718_C10_04403.jpg,-1,/mnt/research-projects/j/jlgage/RawUAVData01/uavforslb/final_image/final_sliced/20250718_C10_04403.jpg
1557,C7B,2025,7/1/25,5.0,7/1/25,20250701_C7B_01557.jpg,0,/mnt/research-projects/j/jlgage/RawUAVData01/uavforslb/final_image/final_sliced/20250701_C7B_01557.jpg
9902,I3B,2023,7/12/23,6.5,7/13/23,20230713_I3B_09902.jpg,1,/mnt/research-projects/j/jlgage/RawUAVData01/uavforslb/final_image/final_sliced/20230713_I3B_09902.jpg
678,C7B,2025,6/30/25,6.0,7/1/25,20250701_C7B_00678.jpg,1,/mnt/research-projects/j/jlgage/RawUAVData01/uavforslb/final_image/final_sliced/20250701_C7B_00678.jpg
11183,I3B,2023,7/12/23,7.0,7/13/23,20230713_I3B_11183.jpg,1,/mnt/research-projects/j/jlgage/RawUAVData01/uavforslb/final_image/final_sliced/20230713_I3B_11183.jpg
3082,G3,2023,7/26/23,3.5,7/27/23,20230727_G3_03082.jpg,1,/mnt/research-projects/j/jlgage/RawUAVData01/uavforslb/final_image/final_sliced/20230727_G3_03082.jpg
9825,I3B,2023,7/12/23,5.0,7/13/23,20230713_I3B_09825.jpg,1,/mnt/research-projects/j/jlgage/RawUAVData01/uavforslb/final_image/final_sliced/20230713_I3B_09825.jpg
7214,G3,2023,7/26/23,6.0,7/27/23,20230727_G3_07214.jpg,1,/mnt/research-projects/j/jlgage/RawUAVData01/uavforslb/final_image/final_sliced/20230727_G3_07214.jpg
10422,I3B,2023,7/25/23,3.5,7/27/23,20230727_I3B_10422.jpg,2,/mnt/research-projects/j/jlgage/RawUAVData01/uavforslb/final_image/final_sliced/20230727_I3B_10422.jpg
5703,C10,2025,7/19/25,2.0,7/18/25,20250718_C10_05703.jpg,-1,/mnt/research-projects/j/jlgage/RawUAVData01/uavforslb/final_image/final_sliced/20250718_C10_05703.jpg
4444,C10,2025,7/19/25,4.5,7/18/25,20250718_C10_04444.jpg,-1,/mnt/research-projects/j/jlgage/RawUAVData01/uavforslb/final_image/final_sliced/20250718_C10_04444.jpg
4690,C10,2025,7/20/25,3.0,7/21/25,20250721_C10_04690.jpg,1,/mnt/research-projects/j/jlgage/RawUAVData01/uavforslb/final_image/final_sliced/20250721_C10_04690.jpg
655,C7B,2025,6/30/25,7.0,7/1/25,20250701_C7B_00655.jpg,1,/mnt/research-projects/j/jlgage/RawUAVData01/uavforslb/final_image/final_sliced/20250701_C7B_00655.jpg
1645,C7B,2025,7/18/25,2.0,7/18/25,20250718_C7B_01645.jpg,0,/mnt/research-projects/j/jlgage/RawUAVData01/uavforslb/final_image/final_sliced/20250718_C7B_01645.jpg
7481,G3,2023,7/20/23,8.0,7/20/23,20230720_G3_07481.jpg,0,/mnt/research-projects/j/jlgage/RawUAVData01/uavforslb/final_image/final_sliced/20230720_G3_07481.jpg
10936,I3B,2023,7/19/23,6.0,7/20/23,20230720_I3B_10936.jpg,1,/mnt/research-projects/j/jlgage/RawUAVData01/uavforslb/final_image/final_sliced/20230720_I3B_10936.jpg
1866,C7B,2025,7/7/25,5.0,7/7/25,20250707_C7B_01866.jpg,0,/mnt/research-projects/j/jlgage/RawUAVData01/uavforslb/final_image/final_sliced/20250707_C7B_01866.jpg
7416,G3,2023,7/20/23,8.0,7/20/23,20230720_G3_07416.jpg,0,/mnt/research-projects/j/jlgage/RawUAVData01/uavforslb/final_image/final_sliced/20230720_G3_07416.jpg
5821,C10,2025,7/19/25,5.5,7/18/25,20250718_C10_05821.jpg,-1,/mnt/research-projects/j/jlgage/RawUAVData01/uavforslb/final_image/final_sliced/20250718_C10_05821.jpg
9585,I3B,2023,7/12/23,6.0,7/13/23,20230713_I3B_09585.jpg,1,/mnt/research-projects/j/jlgage/RawUAVData01/uavforslb/final_image/final_sliced/20230713_I3B_09585.jpg
6814,C10,2025,7/14/25,7.5,7/14/25,20250714_C10_06814.jpg,0,/mnt/research-projects/j/jlgage/RawUAVData01/uavforslb/final_image/final_sliced/20250714_C10_06814.jpg
421,C7B,2025,6/30/25,6.0,7/1/25,20250701_C7B_00421.jpg,1,/mnt/research-projects/j/jlgage/RawUAVData01/uavforslb/final_image/final_sliced/20250701_C7B_00421.jpg
5877,C10,2025,7/1/25,7.5,6/28/25,20250628_C10_05877.jpg,-3,/mnt/research-projects/j/jlgage/RawUAVData01/uavforslb/final_image/final_sliced/20250628_C10_05877.jpg
6800,C10,2025,7/18/25,6.0,7/18/25,20250718_C10_06800.jpg,0,/mnt/research-projects/j/jlgage/RawUAVData01/uavforslb/final_image/final_sliced/20250718_C10_06800.jpg
2690,C7B,2025,7/8/25,8.5,7/7/25,20250707_C7B_02690.jpg,-1,/mnt/research-projects/j/jlgage/RawUAVData01/uavforslb/final_image/final_sliced/20250707_C7B_02690.jpg
950,C7B,2025,7/18/25,3.0,7/18/25,20250718_C7B_00950.jpg,0,/mnt/research-projects/j/jlgage/RawUAVData01/uavforslb/final_image/final_sliced/20250718_C7B_00950.jpg
4175,C10,2025,7/19/25,2.5,7/18/25,20250718_C10_04175.jpg,-1,/mnt/research-projects/j/jlgage/RawUAVData01/uavforslb/final_image/final_sliced/20250718_C10_04175.jpg
7505,G3,2023,7/20/23,7.0,7/20/23,20230720_G3_07505.jpg,0,/mnt/research-projects/j/jlgage/RawUAVData01/uavforslb/final_image/final_sliced/20230720_G3_07505.jpg
11174,I3B,2023,7/12/23,7.0,7/13/23,20230713_I3B_11174.jpg,1,/mnt/research-projects/j/jlgage/RawUAVData01/uavforslb/final_image/final_sliced/20230713_I3B_11174.jpg
306,C7B,2025,7/4/25,7.0,7/4/25,20250704_C7B_00306.jpg,0,/mnt/research-projects/j/jlgage/RawUAVData01/uavforslb/final_image/final_sliced/20250704_C7B_00306.jpg
956,C7B,2025,7/10/25,7.0,7/10/25,20250710_C7B_00956.jpg,0,/mnt/research-projects/j/jlgage/RawUAVData01/uavforslb/final_image/final_sliced/20250710_C7B_00956.jpg
4123,C10,2025,6/30/25,7.0,6/28/25,20250628_C10_04123.jpg,-2,/mnt/research-projects/j/jlgage/RawUAVData01/uavforslb/final_image/final_sliced/20250628_C10_04123.jpg
6755,C10,2025,7/14/25,6.5,7/14/25,20250714_C10_06755.jpg,0,/mnt/research-projects/j/jlgage/RawUAVData01/uavforslb/final_image/final_sliced/20250714_C10_06755.jpg
814,C7B,2025,7/18/25,2.0,7/18/25,20250718_C7B_00814.jpg,0,/mnt/research-projects/j/jlgage/RawUAVData01/uavforslb/final_image/final_sliced/20250718_C7B_00814.jpg
3206,G3,2023,7/26/23,8.0,7/27/23,20230727_G3_03206.jpg,1,/mnt/research-projects/j/jlgage/RawUAVData01/uavforslb/final_image/final_sliced/20230727_G3_03206.jpg
5644,C10,2025,7/20/25,2.5,7/21/25,20250721_C10_05644.jpg,1,/mnt/research-projects/j/jlgage/RawUAVData01/uavforslb/final_image/final_sliced/20250721_C10_05644.jpg
4326,C10,2025,7/19/25,1.5,7/18/25,20250718_C10_04326.jpg,-1,/mnt/research-projects/j/jlgage/RawUAVData01/uavforslb/final_image/final_sliced/20250718_C10_04326.jpg
11110,I3B,2023,7/12/23,7.0,7/13/23,20230713_I3B_11110.jpg,1,/mnt/research-projects/j/jlgage/RawUAVData01/uavforslb/final_image/final_sliced/20230713_I3B_11110.jpg
4236,C10,2025,7/19/25,3.0,7/18/25,20250718_C10_04236.jpg,-1,/mnt/research-projects/j/jlgage/RawUAVData01/uavforslb/final_image/final_sliced/20250718_C10_04236.jpg
10722,I3B,2023,7/19/23,6.0,7/20/23,20230720_I3B_10722.jpg,1,/mnt/research-projects/j/jlgage/RawUAVData01/uavforslb/final_image/final_sliced/20230720_I3B_10722.jpg
795,C7B,2025,6/30/25,7.0,7/1/25,20250701_C7B_00795.jpg,1,/mnt/research-projects/j/jlgage/RawUAVData01/uavforslb/final_image/final_sliced/20250701_C7B_00795.jpg
9706,I3B,2023,7/12/23,4.5,7/13/23,20230713_I3B_09706.jpg,1,/mnt/research-projects/j/jlgage/RawUAVData01/uavforslb/final_image/final_sliced/20230713_I3B_09706.jpg
3055,G3,2023,7/26/23,7.5,7/27/23,20230727_G3_03055.jpg,1,/mnt/research-projects/j/jlgage/RawUAVData01/uavforslb/final_image/final_sliced/20230727_G3_03055.jpg
7213,G3,2023,7/26/23,7.0,7/27/23,20230727_G3_07213.jpg,1,/mnt/research-projects/j/jlgage/RawUAVData01/uavforslb/final_image/final_sliced/20230727_G3_07213.jpg
8023,G3,2023,7/19/23,4.5,7/20/23,20230720_G3_08023.jpg,1,/mnt/research-projects/j/jlgage/RawUAVData01/uavforslb/final_image/final_sliced/20230720_G3_08023.jpg
3137,G3,2023,7/26/23,6.5,7/27/23,20230727_G3_03137.jpg,1,/mnt/research-projects/j/jlgage/RawUAVData01/uavforslb/final_image/final_sliced/20230727_G3_03137.jpg
1041,C7B,2025,7/10/25,6.0,7/10/25,20250710_C7B_01041.jpg,0,/mnt/research-projects/j/jlgage/RawUAVData01/uavforslb/final_image/final_sliced/20250710_C7B_01041.jpg
10927,I3B,2023,7/19/23,5.0,7/20/23,20230720_I3B_10927.jpg,1,/mnt/research-projects/j/jlgage/RawUAVData01/uavforslb/final_image/final_sliced/20230720_I3B_10927.jpg
3130,G3,2023,7/26/23,8.0,7/27/23,20230727_G3_03130.jpg,1,/mnt/research-projects/j/jlgage/RawUAVData01/uavforslb/final_image/final_sliced/20230727_G3_03130.jpg
11317,I3B,2023,7/19/23,7.5,7/20/23,20230720_I3B_11317.jpg,1,/mnt/research-projects/j/jlgage/RawUAVData01/uavforslb/final_image/final_sliced/20230720_I3B_11317.jpg
3052,G3,2023,7/19/23,7.5,7/20/23,20230720_G3_03052.jpg,1,/mnt/research-projects/j/jlgage/RawUAVData01/uavforslb/final_image/final_sliced/20230720_G3_03052.jpg
2023,C7B,2025,7/10/25,4.0,7/10/25,20250710_C7B_02023.jpg,0,/mnt/research-projects/j/jlgage/RawUAVData01/uavforslb/final_image/final_sliced/20250710_C7B_02023.jpg
6713,C10,2025,7/3/25,7.5,7/4/25,20250704_C10_06713.jpg,1,/mnt/research-projects/j/jlgage/RawUAVData01/uavforslb/final_image/final_sliced/20250704_C10_06713.jpg
11343,I3B,2023,7/19/23,5.0,7/20/23,20230720_I3B_11343.jpg,1,/mnt/research-projects/j/jlgage/RawUAVData01/uavforslb/final_image/final_sliced/20230720_I3B_11343.jpg
7369,G3,2023,7/26/23,8.0,7/27/23,20230727_G3_07369.jpg,1,/mnt/research-projects/j/jlgage/RawUAVData01/uavforslb/final_image/final_sliced/20230727_G3_07369.jpg
8043,G3,2023,7/26/23,6.0,7/27/23,20230727_G3_08043.jpg,1,/mnt/research-projects/j/jlgage/RawUAVData01/uavforslb/final_image/final_sliced/20230727_G3_08043.jpg
802,C7B,2025,7/1/25,6.5,7/1/25,20250701_C7B_00802.jpg,0,/mnt/research-projects/j/jlgage/RawUAVData01/uavforslb/final_image/final_sliced/20250701_C7B_00802.jpg
4927,C10,2025,7/2/25,7.5,7/4/25,20250704_C10_04927.jpg,2,/mnt/research-projects/j/jlgage/RawUAVData01/uavforslb/final_image/final_sliced/20250704_C10_04927.jpg
10395,I3B,2023,7/25/23,5.0,7/27/23,20230727_I3B_10395.jpg,2,/mnt/research-projects/j/jlgage/RawUAVData01/uavforslb/final_image/final_sliced/20230727_I3B_10395.jpg
51,C7B,2025,7/11/25,6.5,7/10/25,20250710_C7B_00051.jpg,-1,/mnt/research-projects/j/jlgage/RawUAVData01/uavforslb/final_image/final_sliced/20250710_C7B_00051.jpg
8050,G3,2023,7/19/23,5.5,7/20/23,20230720_G3_08050.jpg,1,/mnt/research-projects/j/jlgage/RawUAVData01/uavforslb/final_image/final_sliced/20230720_G3_08050.jpg
9963,I3B,2023,7/12/23,5.5,7/13/23,20230713_I3B_09963.jpg,1,/mnt/research-projects/j/jlgage/RawUAVData01/uavforslb/final_image/final_sliced/20230713_I3B_09963.jpg
7274,G3,2023,7/20/23,7.5,7/20/23,20230720_G3_07274.jpg,0,/mnt/research-projects/j/jlgage/RawUAVData01/uavforslb/final_image/final_sliced/20230720_G3_07274.jpg
3001,G3,2023,7/19/23,8.0,7/20/23,20230720_G3_03001.jpg,1,/mnt/research-projects/j/jlgage/RawUAVData01/uavforslb/final_image/final_sliced/20230720_G3_03001.jpg
3025,G3,2023,7/26/23,8.0,7/27/23,20230727_G3_03025.jpg,1,/mnt/research-projects/j/jlgage/RawUAVData01/uavforslb/final_image/final_sliced/20230727_G3_03025.jpg
4517,C10,2025,7/2/25,6.0,7/4/25,20250704_C10_04517.jpg,2,/mnt/research-projects/j/jlgage/RawUAVData01/uavforslb/final_image/final_sliced/20250704_C10_04517.jpg
7452,G3,2023,7/20/23,7.0,7/20/23,20230720_G3_07452.jpg,0,/mnt/research-projects/j/jlgage/RawUAVData01/uavforslb/final_image/final_sliced/20230720_G3_07452.jpg
11155,I3B,2023,7/12/23,7.0,7/13/23,20230713_I3B_11155.jpg,1,/mnt/research-projects/j/jlgage/RawUAVData01/uavforslb/final_image/final_sliced/20230713_I3B_11155.jpg
7294,G3,2023,7/20/23,6.5,7/20/23,20230720_G3_07294.jpg,0,/mnt/research-projects/j/jlgage/RawUAVData01/uavforslb/final_image/final_sliced/20230720_G3_07294.jpg
11328,I3B,2023,7/19/23,5.0,7/20/23,20230720_I3B_11328.jpg,1,/mnt/research-projects/j/jlgage/RawUAVData01/uavforslb/final_image/final_sliced/20230720_I3B_11328.jpg
9661,I3B,2023,7/12/23,4.5,7/13/23,20230713_I3B_09661.jpg,1,/mnt/research-projects/j/jlgage/RawUAVData01/uavforslb/final_image/final_sliced/20230713_I3B_09661.jpg
8110,G3,2023,7/20/23,7.5,7/20/23,20230720_G3_08110.jpg,0,/mnt/research-projects/j/jlgage/RawUAVData01/uavforslb/final_image/final_sliced/20230720_G3_08110.jpg
4371,C10,2025,7/11/25,3.5,7/11/25,20250711_C10_04371.jpg,0,/mnt/research-projects/j/jlgage/RawUAVData01/uavforslb/final_image/final_sliced/20250711_C10_04371.jpg
4777,C10,2025,7/2/25,5.0,7/4/25,20250704_C10_04777.jpg,2,/mnt/research-projects/j/jlgage/RawUAVData01/uavforslb/final_image/final_sliced/20250704_C10_04777.jpg
11341,I3B,2023,7/19/23,7.0,7/20/23,20230720_I3B_11341.jpg,1,/mnt/research-projects/j/jlgage/RawUAVData01/uavforslb/final_image/final_sliced/20230720_I3B_11341.jpg
5324,C10,2025,7/2/25,5.5,7/4/25,20250704_C10_05324.jpg,2,/mnt/research-projects/j/jlgage/RawUAVData01/uavforslb/final_image/final_sliced/20250704_C10_05324.jpg
7224,G3,2023,7/19/23,5.5,7/20/23,20230720_G3_07224.jpg,1,/mnt/research-projects/j/jlgage/RawUAVData01/uavforslb/final_image/final_sliced/20230720_G3_07224.jpg
3171,G3,2023,7/26/23,4.0,7/27/23,20230727_G3_03171.jpg,1,/mnt/research-projects/j/jlgage/RawUAVData01/uavforslb/final_image/final_sliced/20230727_G3_03171.jpg
11218,I3B,2023,7/19/23,5.0,7/20/23,20230720_I3B_11218.jpg,1,/mnt/research-projects/j/jlgage/RawUAVData01/uavforslb/final_image/final_sliced/20230720_I3B_11218.jpg
3124,G3,2023,7/26/23,8.0,7/27/23,20230727_G3_03124.jpg,1,/mnt/research-projects/j/jlgage/RawUAVData01/uavforslb/final_image/final_sliced/20230727_G3_03124.jpg
8125,G3,2023,7/20/23,5.0,7/20/23,20230720_G3_08125.jpg,0,/mnt/research-projects/j/jlgage/RawUAVData01/uavforslb/final_image/final_sliced/20230720_G3_08125.jpg
3110,G3,2023,7/19/23,7.5,7/20/23,20230720_G3_03110.jpg,1,/mnt/research-projects/j/jlgage/RawUAVData01/uavforslb/final_image/final_sliced/20230720_G3_03110.jpg
4235,C10,2025,7/11/25,4.0,7/11/25,20250711_C10_04235.jpg,0,/mnt/research-projects/j/jlgage/RawUAVData01/uavforslb/final_image/final_sliced/20250711_C10_04235.jpg
3016,G3,2023,7/19/23,8.0,7/20/23,20230720_G3_03016.jpg,1,/mnt/research-projects/j/jlgage/RawUAVData01/uavforslb/final_image/final_sliced/20230720_G3_03016.jpg
78,C7B,2025,7/4/25,5.5,7/4/25,20250704_C7B_00078.jpg,0,/mnt/research-projects/j/jlgage/RawUAVData01/uavforslb/final_image/final_sliced/20250704_C7B_00078.jpg
5728,C10,2025,7/1/25,5.0,6/28/25,20250628_C10_05728.jpg,-3,/mnt/research-projects/j/jlgage/RawUAVData01/uavforslb/final_image/final_sliced/20250628_C10_05728.jpg
5368,C10,2025,7/20/25,2.0,7/21/25,20250721_C10_05368.jpg,1,/mnt/research-projects/j/jlgage/RawUAVData01/uavforslb/final_image/final_sliced/20250721_C10_05368.jpg
11105,I3B,2023,7/12/23,6.5,7/13/23,20230713_I3B_11105.jpg,1,/mnt/research-projects/j/jlgage/RawUAVData01/uavforslb/final_image/final_sliced/20230713_I3B_11105.jpg
1081,C7B,2025,7/1/25,6.0,7/1/25,20250701_C7B_01081.jpg,0,/mnt/research-projects/j/jlgage/RawUAVData01/uavforslb/final_image/final_sliced/20250701_C7B_01081.jpg
9571,I3B,2023,7/12/23,5.5,7/13/23,20230713_I3B_09571.jpg,1,/mnt/research-projects/j/jlgage/RawUAVData01/uavforslb/final_image/final_sliced/20230713_I3B_09571.jpg
10986,I3B,2023,7/19/23,6.0,7/20/23,20230720_I3B_10986.jpg,1,/mnt/research-projects/j/jlgage/RawUAVData01/uavforslb/final_image/final_sliced/20230720_I3B_10986.jpg
11033,I3B,2023,7/12/23,6.0,7/13/23,20230713_I3B_11033.jpg,1,/mnt/research-projects/j/jlgage/RawUAVData01/uavforslb/final_image/final_sliced/20230713_I3B_11033.jpg
10356,I3B,2023,7/25/23,3.5,7/27/23,20230727_I3B_10356.jpg,2,/mnt/research-projects/j/jlgage/RawUAVData01/uavforslb/final_image/final_sliced/20230727_I3B_10356.jpg
7258,G3,2023,7/19/23,7.0,7/20/23,20230720_G3_07258.jpg,1,/mnt/research-projects/j/jlgage/RawUAVData01/uavforslb/final_image/final_sliced/20230720_G3_07258.jpg
16,C7B,2025,7/11/25,5.0,7/10/25,20250710_C7B_00016.jpg,-1,/mnt/research-projects/j/jlgage/RawUAVData01/uavforslb/final_image/final_sliced/20250710_C7B_00016.jpg
4840,C10,2025,7/11/25,5.0,7/11/25,20250711_C10_04840.jpg,0,/mnt/research-projects/j/jlgage/RawUAVData01/uavforslb/final_image/final_sliced/20250711_C10_04840.jpg
10901,I3B,2023,7/19/23,6.0,7/20/23,20230720_I3B_10901.jpg,1,/mnt/research-projects/j/jlgage/RawUAVData01/uavforslb/final_image/final_sliced/20230720_I3B_10901.jpg
3207,G3,2023,7/26/23,6.0,7/27/23,20230727_G3_03207.jpg,1,/mnt/research-projects/j/jlgage/RawUAVData01/uavforslb/final_image/final_sliced/20230727_G3_03207.jpg
4494,C10,2025,7/2/25,6.0,7/4/25,20250704_C10_04494.jpg,2,/mnt/research-projects/j/jlgage/RawUAVData01/uavforslb/final_image/final_sliced/20250704_C10_04494.jpg
454,C7B,2025,7/4/25,6.5,7/4/25,20250704_C7B_00454.jpg,0,/mnt/research-projects/j/jlgage/RawUAVData01/uavforslb/final_image/final_sliced/20250704_C7B_00454.jpg
1975,C7B,2025,7/19/25,2.0,7/18/25,20250718_C7B_01975.jpg,-1,/mnt/research-projects/j/jlgage/RawUAVData01/uavforslb/final_image/final_sliced/20250718_C7B_01975.jpg
7489,G3,2023,7/26/23,8.0,7/27/23,20230727_G3_07489.jpg,1,/mnt/research-projects/j/jlgage/RawUAVData01/uavforslb/final_image/final_sliced/20230727_G3_07489.jpg
1654,C7B,2025,7/1/25,8.0,7/1/25,20250701_C7B_01654.jpg,0,/mnt/research-projects/j/jlgage/RawUAVData01/uavforslb/final_image/final_sliced/20250701_C7B_01654.jpg
7279,G3,2023,7/20/23,7.0,7/20/23,20230720_G3_07279.jpg,0,/mnt/research-projects/j/jlgage/RawUAVData01/uavforslb/final_image/final_sliced/20230720_G3_07279.jpg
8047,G3,2023,7/26/23,4.0,7/27/23,20230727_G3_08047.jpg,1,/mnt/research-projects/j/jlgage/RawUAVData01/uavforslb/final_image/final_sliced/20230727_G3_08047.jpg
5957,C10,2025,7/19/25,2.0,7/18/25,20250718_C10_05957.jpg,-1,/mnt/research-projects/j/jlgage/RawUAVData01/uavforslb/final_image/final_sliced/20250718_C10_05957.jpg
2770,C7B,2025,7/13/25,7.0,7/12/25,20250712_C7B_02770.jpg,-1,/mnt/research-projects/j/jlgage/RawUAVData01/uavforslb/final_image/final_sliced/20250712_C7B_02770.jpg
4885,C10,2025,7/2/25,6.0,7/4/25,20250704_C10_04885.jpg,2,/mnt/research-projects/j/jlgage/RawUAVData01/uavforslb/final_image/final_sliced/20250704_C10_04885.jpg
9716,I3B,2023,7/12/23,5.0,7/13/23,20230713_I3B_09716.jpg,1,/mnt/research-projects/j/jlgage/RawUAVData01/uavforslb/final_image/final_sliced/20230713_I3B_09716.jpg
407,C7B,2025,7/10/25,6.5,7/10/25,20250710_C7B_00407.jpg,0,/mnt/research-projects/j/jlgage/RawUAVData01/uavforslb/final_image/final_sliced/20250710_C7B_00407.jpg
4408,C10,2025,7/19/25,2.0,7/18/25,20250718_C10_04408.jpg,-1,/mnt/research-projects/j/jlgage/RawUAVData01/uavforslb/final_image/final_sliced/20250718_C10_04408.jpg
2876,C7B,2025,7/18/25,7.5,7/18/25,20250718_C7B_02876.jpg,0,/mnt/research-projects/j/jlgage/RawUAVData01/uavforslb/final_image/final_sliced/20250718_C7B_02876.jpg
1559,C7B,2025,7/1/25,6.0,7/1/25,20250701_C7B_01559.jpg,0,/mnt/research-projects/j/jlgage/RawUAVData01/uavforslb/final_image/final_sliced/20250701_C7B_01559.jpg
10379,I3B,2023,7/25/23,4.0,7/27/23,20230727_I3B_10379.jpg,2,/mnt/research-projects/j/jlgage/RawUAVData01/uavforslb/final_image/final_sliced/20230727_I3B_10379.jpg
5067,C10,2025,7/11/25,5.0,7/11/25,20250711_C10_05067.jpg,0,/mnt/research-projects/j/jlgage/RawUAVData01/uavforslb/final_image/final_sliced/20250711_C10_05067.jpg
9864,I3B,2023,7/12/23,5.0,7/13/23,20230713_I3B_09864.jpg,1,/mnt/research-projects/j/jlgage/RawUAVData01/uavforslb/final_image/final_sliced/20230713_I3B_09864.jpg
1516,C7B,2025,7/1/25,6.0,7/1/25,20250701_C7B_01516.jpg,0,/mnt/research-projects/j/jlgage/RawUAVData01/uavforslb/final_image/final_sliced/20250701_C7B_01516.jpg
8013,G3,2023,7/26/23,4.5,7/27/23,20230727_G3_08013.jpg,1,/mnt/research-projects/j/jlgage/RawUAVData01/uavforslb/final_image/final_sliced/20230727_G3_08013.jpg
1768,C7B,2025,7/10/25,5.0,7/10/25,20250710_C7B_01768.jpg,0,/mnt/research-projects/j/jlgage/RawUAVData01/uavforslb/final_image/final_sliced/20250710_C7B_01768.jpg
7281,G3,2023,7/26/23,6.0,7/27/23,20230727_G3_07281.jpg,1,/mnt/research-projects/j/jlgage/RawUAVData01/uavforslb/final_image/final_sliced/20230727_G3_07281.jpg
7290,G3,2023,7/26/23,8.0,7/27/23,20230727_G3_07290.jpg,1,/mnt/research-projects/j/jlgage/RawUAVData01/uavforslb/final_image/final_sliced/20230727_G3_07290.jpg
4803,C10,2025,7/20/25,5.0,7/21/25,20250721_C10_04803.jpg,1,/mnt/research-projects/j/jlgage/RawUAVData01/uavforslb/final_image/final_sliced/20250721_C10_04803.jpg
6842,C10,2025,7/14/25,6.0,7/14/25,20250714_C10_06842.jpg,0,/mnt/research-projects/j/jlgage/RawUAVData01/uavforslb/final_image/final_sliced/20250714_C10_06842.jpg
5932,C10,2025,7/19/25,5.0,7/18/25,20250718_C10_05932.jpg,-1,/mnt/research-projects/j/jlgage/RawUAVData01/uavforslb/final_image/final_sliced/20250718_C10_05932.jpg
11171,I3B,2023,7/12/23,6.5,7/13/23,20230713_I3B_11171.jpg,1,/mnt/research-projects/j/jlgage/RawUAVData01/uavforslb/final_image/final_sliced/20230713_I3B_11171.jpg
9820,I3B,2023,7/12/23,6.5,7/13/23,20230713_I3B_09820.jpg,1,/mnt/research-projects/j/jlgage/RawUAVData01/uavforslb/final_image/final_sliced/20230713_I3B_09820.jpg
1099,C7B,2025,7/18/25,2.5,7/18/25,20250718_C7B_01099.jpg,0,/mnt/research-projects/j/jlgage/RawUAVData01/uavforslb/final_image/final_sliced/20250718_C7B_01099.jpg
3159,G3,2023,7/19/23,7.0,7/20/23,20230720_G3_03159.jpg,1,/mnt/research-projects/j/jlgage/RawUAVData01/uavforslb/final_image/final_sliced/20230720_G3_03159.jpg
8167,G3,2023,7/26/23,8.0,7/27/23,20230727_G3_08167.jpg,1,/mnt/research-projects/j/jlgage/RawUAVData01/uavforslb/final_image/final_sliced/20230727_G3_08167.jpg
4629,C10,2025,7/11/25,4.0,7/11/25,20250711_C10_04629.jpg,0,/mnt/research-projects/j/jlgage/RawUAVData01/uavforslb/final_image/final_sliced/20250711_C10_04629.jpg
11092,I3B,2023,7/12/23,6.5,7/13/23,20230713_I3B_11092.jpg,1,/mnt/research-projects/j/jlgage/RawUAVData01/uavforslb/final_image/final_sliced/20230713_I3B_11092.jpg
4575,C10,2025,7/20/25,3.0,7/21/25,20250721_C10_04575.jpg,1,/mnt/research-projects/j/jlgage/RawUAVData01/uavforslb/final_image/final_sliced/20250721_C10_04575.jpg
3156,G3,2023,7/19/23,7.5,7/20/23,20230720_G3_03156.jpg,1,/mnt/research-projects/j/jlgage/RawUAVData01/uavforslb/final_image/final_sliced/20230720_G3_03156.jpg
9649,I3B,2023,7/12/23,5.5,7/13/23,20230713_I3B_09649.jpg,1,/mnt/research-projects/j/jlgage/RawUAVData01/uavforslb/final_image/final_sliced/20230713_I3B_09649.jpg
6645,C10,2025,7/14/25,7.5,7/14/25,20250714_C10_06645.jpg,0,/mnt/research-projects/j/jlgage/RawUAVData01/uavforslb/final_image/final_sliced/20250714_C10_06645.jpg
9651,I3B,2023,7/12/23,4.5,7/13/23,20230713_I3B_09651.jpg,1,/mnt/research-projects/j/jlgage/RawUAVData01/uavforslb/final_image/final_sliced/20230713_I3B_09651.jpg
964,C7B,2025,7/1/25,7.5,7/1/25,20250701_C7B_00964.jpg,0,/mnt/research-projects/j/jlgage/RawUAVData01/uavforslb/final_image/final_sliced/20250701_C7B_00964.jpg
9730,I3B,2023,7/12/23,5.0,7/13/23,20230713_I3B_09730.jpg,1,/mnt/research-projects/j/jlgage/RawUAVData01/uavforslb/final_image/final_sliced/20230713_I3B_09730.jpg
3054,G3,2023,7/26/23,6.0,7/27/23,20230727_G3_03054.jpg,1,/mnt/research-projects/j/jlgage/RawUAVData01/uavforslb/final_image/final_sliced/20230727_G3_03054.jpg
10246,I3B,2023,7/25/23,5.0,7/27/23,20230727_I3B_10246.jpg,2,/mnt/research-projects/j/jlgage/RawUAVData01/uavforslb/final_image/final_sliced/20230727_I3B_10246.jpg
4088,C10,2025,6/30/25,7.5,6/28/25,20250628_C10_04088.jpg,-2,/mnt/research-projects/j/jlgage/RawUAVData01/uavforslb/final_image/final_sliced/20250628_C10_04088.jpg
9656,I3B,2023,7/12/23,4.5,7/13/23,20230713_I3B_09656.jpg,1,/mnt/research-projects/j/jlgage/RawUAVData01/uavforslb/final_image/final_sliced/20230713_I3B_09656.jpg
1495,C7B,2025,7/1/25,7.0,7/1/25,20250701_C7B_01495.jpg,0,/mnt/research-projects/j/jlgage/RawUAVData01/uavforslb/final_image/final_sliced/20250701_C7B_01495.jpg
3013,G3,2023,7/19/23,8.0,7/20/23,20230720_G3_03013.jpg,1,/mnt/research-projects/j/jlgage/RawUAVData01/uavforslb/final_image/final_sliced/20230720_G3_03013.jpg
9917,I3B,2023,7/12/23,4.5,7/13/23,20230713_I3B_09917.jpg,1,/mnt/research-projects/j/jlgage/RawUAVData01/uavforslb/final_image/final_sliced/20230713_I3B_09917.jpg
764,C7B,2025,7/18/25,3.0,7/18/25,20250718_C7B_00764.jpg,0,/mnt/research-projects/j/jlgage/RawUAVData01/uavforslb/final_image/final_sliced/20250718_C7B_00764.jpg
7250,G3,2023,7/19/23,8.0,7/20/23,20230720_G3_07250.jpg,1,/mnt/research-projects/j/jlgage/RawUAVData01/uavforslb/final_image/final_sliced/20230720_G3_07250.jpg
3191,G3,2023,7/19/23,6.0,7/20/23,20230720_G3_03191.jpg,1,/mnt/research-projects/j/jlgage/RawUAVData01/uavforslb/final_image/final_sliced/20230720_G3_03191.jpg
7510,G3,2023,7/26/23,8.0,7/27/23,20230727_G3_07510.jpg,1,/mnt/research-projects/j/jlgage/RawUAVData01/uavforslb/final_image/final_sliced/20230727_G3_07510.jpg
103,C7B,2025,6/30/25,7.0,7/1/25,20250701_C7B_00103.jpg,1,/mnt/research-projects/j/jlgage/RawUAVData01/uavforslb/final_image/final_sliced/20250701_C7B_00103.jpg
5703,C10,2025,7/8/25,4.0,7/7/25,20250707_C10_05703.jpg,-1,/mnt/research-projects/j/jlgage/RawUAVData01/uavforslb/final_image/final_sliced/20250707_C10_05703.jpg
4480,C10,2025,7/2/25,7.5,7/4/25,20250704_C10_04480.jpg,2,/mnt/research-projects/j/jlgage/RawUAVData01/uavforslb/final_image/final_sliced/20250704_C10_04480.jpg
1498,C7B,2025,7/18/25,4.5,7/18/25,20250718_C7B_01498.jpg,0,/mnt/research-projects/j/jlgage/RawUAVData01/uavforslb/final_image/final_sliced/20250718_C7B_01498.jpg
2672,C7B,2025,7/8/25,8.0,7/7/25,20250707_C7B_02672.jpg,-1,/mnt/research-projects/j/jlgage/RawUAVData01/uavforslb/final_image/final_sliced/20250707_C7B_02672.jpg
7525,G3,2023,7/20/23,8.0,7/20/23,20230720_G3_07525.jpg,0,/mnt/research-projects/j/jlgage/RawUAVData01/uavforslb/final_image/final_sliced/20230720_G3_07525.jpg
9826,I3B,2023,7/12/23,5.5,7/13/23,20230713_I3B_09826.jpg,1,/mnt/research-projects/j/jlgage/RawUAVData01/uavforslb/final_image/final_sliced/20230713_I3B_09826.jpg
8131,G3,2023,7/26/23,7.5,7/27/23,20230727_G3_08131.jpg,1,/mnt/research-projects/j/jlgage/RawUAVData01/uavforslb/final_image/final_sliced/20230727_G3_08131.jpg
3072,G3,2023,7/26/23,8.0,7/27/23,20230727_G3_03072.jpg,1,/mnt/research-projects/j/jlgage/RawUAVData01/uavforslb/final_image/final_sliced/20230727_G3_03072.jpg
9931,I3B,2023,7/12/23,4.5,7/13/23,20230713_I3B_09931.jpg,1,/mnt/research-projects/j/jlgage/RawUAVData01/uavforslb/final_image/final_sliced/20230713_I3B_09931.jpg
1746,C7B,2025,7/7/25,7.0,7/7/25,20250707_C7B_01746.jpg,0,/mnt/research-projects/j/jlgage/RawUAVData01/uavforslb/final_image/final_sliced/20250707_C7B_01746.jpg
8081,G3,2023,7/20/23,5.0,7/20/23,20230720_G3_08081.jpg,0,/mnt/research-projects/j/jlgage/RawUAVData01/uavforslb/final_image/final_sliced/20230720_G3_08081.jpg
234,C7B,2025,7/4/25,5.0,7/4/25,20250704_C7B_00234.jpg,0,/mnt/research-projects/j/jlgage/RawUAVData01/uavforslb/final_image/final_sliced/20250704_C7B_00234.jpg
614,C7B,2025,7/18/25,4.0,7/18/25,20250718_C7B_00614.jpg,0,/mnt/research-projects/j/jlgage/RawUAVData01/uavforslb/final_image/final_sliced/20250718_C7B_00614.jpg
429,C7B,2025,7/10/25,6.5,7/10/25,20250710_C7B_00429.jpg,0,/mnt/research-projects/j/jlgage/RawUAVData01/uavforslb/final_image/final_sliced/20250710_C7B_00429.jpg
11245,I3B,2023,7/19/23,7.5,7/20/23,20230720_I3B_11245.jpg,1,/mnt/research-projects/j/jlgage/RawUAVData01/uavforslb/final_image/final_sliced/20230720_I3B_11245.jpg
5162,C10,2025,7/2/25,7.0,7/4/25,20250704_C10_05162.jpg,2,/mnt/research-projects/j/jlgage/RawUAVData01/uavforslb/final_image/final_sliced/20250704_C10_05162.jpg
7245,G3,2023,7/26/23,5.0,7/27/23,20230727_G3_07245.jpg,1,/mnt/research-projects/j/jlgage/RawUAVData01/uavforslb/final_image/final_sliced/20230727_G3_07245.jpg
10383,I3B,2023,7/25/23,6.0,7/27/23,20230727_I3B_10383.jpg,2,/mnt/research-projects/j/jlgage/RawUAVData01/uavforslb/final_image/final_sliced/20230727_I3B_10383.jpg
205,C7B,2025,7/18/25,6.0,7/18/25,20250718_C7B_00205.jpg,0,/mnt/research-projects/j/jlgage/RawUAVData01/uavforslb/final_image/final_sliced/20250718_C7B_00205.jpg
1238,C7B,2025,7/1/25,6.0,7/1/25,20250701_C7B_01238.jpg,0,/mnt/research-projects/j/jlgage/RawUAVData01/uavforslb/final_image/final_sliced/20250701_C7B_01238.jpg
7256,G3,2023,7/26/23,8.5,7/27/23,20230727_G3_07256.jpg,1,/mnt/research-projects/j/jlgage/RawUAVData01/uavforslb/final_image/final_sliced/20230727_G3_07256.jpg
7542,G3,2023,7/20/23,5.0,7/20/23,20230720_G3_07542.jpg,0,/mnt/research-projects/j/jlgage/RawUAVData01/uavforslb/final_image/final_sliced/20230720_G3_07542.jpg
2706,C7B,2025,7/13/25,7.5,7/12/25,20250712_C7B_02706.jpg,-1,/mnt/research-projects/j/jlgage/RawUAVData01/uavforslb/final_image/final_sliced/20250712_C7B_02706.jpg
11257,I3B,2023,7/19/23,4.0,7/20/23,20230720_I3B_11257.jpg,1,/mnt/research-projects/j/jlgage/RawUAVData01/uavforslb/final_image/final_sliced/20230720_I3B_11257.jpg
304,C7B,2025,7/10/25,6.0,7/10/25,20250710_C7B_00304.jpg,0,/mnt/research-projects/j/jlgage/RawUAVData01/uavforslb/final_image/final_sliced/20250710_C7B_00304.jpg
7539,G3,2023,7/20/23,7.5,7/20/23,20230720_G3_07539.jpg,0,/mnt/research-projects/j/jlgage/RawUAVData01/uavforslb/final_image/final_sliced/20230720_G3_07539.jpg
7352,G3,2023,7/26/23,6.0,7/27/23,20230727_G3_07352.jpg,1,/mnt/research-projects/j/jlgage/RawUAVData01/uavforslb/final_image/final_sliced/20230727_G3_07352.jpg
4684,C10,2025,7/2/25,7.0,7/4/25,20250704_C10_04684.jpg,2,/mnt/research-projects/j/jlgage/RawUAVData01/uavforslb/final_image/final_sliced/20250704_C10_04684.jpg
11173,I3B,2023,7/12/23,6.0,7/13/23,20230713_I3B_11173.jpg,1,/mnt/research-projects/j/jlgage/RawUAVData01/uavforslb/final_image/final_sliced/20230713_I3B_11173.jpg
11280,I3B,2023,7/19/23,6.0,7/20/23,20230720_I3B_11280.jpg,1,/mnt/research-projects/j/jlgage/RawUAVData01/uavforslb/final_image/final_sliced/20230720_I3B_11280.jpg
2861,C7B,2025,7/8/25,7.5,7/7/25,20250707_C7B_02861.jpg,-1,/mnt/research-projects/j/jlgage/RawUAVData01/uavforslb/final_image/final_sliced/20250707_C7B_02861.jpg
11124,I3B,2023,7/12/23,7.5,7/13/23,20230713_I3B_11124.jpg,1,/mnt/research-projects/j/jlgage/RawUAVData01/uavforslb/final_image/final_sliced/20230713_I3B_11124.jpg
9758,I3B,2023,7/12/23,6.0,7/13/23,20230713_I3B_09758.jpg,1,/mnt/research-projects/j/jlgage/RawUAVData01/uavforslb/final_image/final_sliced/20230713_I3B_09758.jpg
1055,C7B,2025,7/18/25,2.0,7/18/25,20250718_C7B_01055.jpg,0,/mnt/research-projects/j/jlgage/RawUAVData01/uavforslb/final_image/final_sliced/20250718_C7B_01055.jpg
4207,C10,2025,7/19/25,2.5,7/18/25,20250718_C10_04207.jpg,-1,/mnt/research-projects/j/jlgage/RawUAVData01/uavforslb/final_image/final_sliced/20250718_C10_04207.jpg
1169,C7B,2025,7/18/25,4.0,7/18/25,20250718_C7B_01169.jpg,0,/mnt/research-projects/j/jlgage/RawUAVData01/uavforslb/final_image/final_sliced/20250718_C7B_01169.jpg
11095,I3B,2023,7/12/23,7.0,7/13/23,20230713_I3B_11095.jpg,1,/mnt/research-projects/j/jlgage/RawUAVData01/uavforslb/final_image/final_sliced/20230713_I3B_11095.jpg
10256,I3B,2023,7/25/23,3.0,7/27/23,20230727_I3B_10256.jpg,2,/mnt/research-projects/j/jlgage/RawUAVData01/uavforslb/final_image/final_sliced/20230727_I3B_10256.jpg
5727,C10,2025,7/8/25,4.5,7/7/25,20250707_C10_05727.jpg,-1,/mnt/research-projects/j/jlgage/RawUAVData01/uavforslb/final_image/final_sliced/20250707_C10_05727.jpg
4462,C10,2025,7/20/25,2.0,7/21/25,20250721_C10_04462.jpg,1,/mnt/research-projects/j/jlgage/RawUAVData01/uavforslb/final_image/final_sliced/20250721_C10_04462.jpg
2863,C7B,2025,7/13/25,5.0,7/12/25,20250712_C7B_02863.jpg,-1,/mnt/research-projects/j/jlgage/RawUAVData01/uavforslb/final_image/final_sliced/20250712_C7B_02863.jpg
8101,G3,2023,7/26/23,4.5,7/27/23,20230727_G3_08101.jpg,1,/mnt/research-projects/j/jlgage/RawUAVData01/uavforslb/final_image/final_sliced/20230727_G3_08101.jpg
7210,G3,2023,7/26/23,7.5,7/27/23,20230727_G3_07210.jpg,1,/mnt/research-projects/j/jlgage/RawUAVData01/uavforslb/final_image/final_sliced/20230727_G3_07210.jpg
6786,C10,2025,6/30/25,8.5,6/28/25,20250628_C10_06786.jpg,-2,/mnt/research-projects/j/jlgage/RawUAVData01/uavforslb/final_image/final_sliced/20250628_C10_06786.jpg
7468,G3,2023,7/26/23,5.0,7/27/23,20230727_G3_07468.jpg,1,/mnt/research-projects/j/jlgage/RawUAVData01/uavforslb/final_image/final_sliced/20230727_G3_07468.jpg
10240,I3B,2023,7/25/23,6.0,7/27/23,20230727_I3B_10240.jpg,2,/mnt/research-projects/j/jlgage/RawUAVData01/uavforslb/final_image/final_sliced/20230727_I3B_10240.jpg
5551,C10,2025,7/11/25,6.0,7/11/25,20250711_C10_05551.jpg,0,/mnt/research-projects/j/jlgage/RawUAVData01/uavforslb/final_image/final_sliced/20250711_C10_05551.jpg
11044,I3B,2023,7/12/23,7.5,7/13/23,20230713_I3B_11044.jpg,1,/mnt/research-projects/j/jlgage/RawUAVData01/uavforslb/final_image/final_sliced/20230713_I3B_11044.jpg
5068,C10,2025,7/20/25,2.0,7/21/25,20250721_C10_05068.jpg,1,/mnt/research-projects/j/jlgage/RawUAVData01/uavforslb/final_image/final_sliced/20250721_C10_05068.jpg
3200,G3,2023,7/19/23,5.0,7/20/23,20230720_G3_03200.jpg,1,/mnt/research-projects/j/jlgage/RawUAVData01/uavforslb/final_image/final_sliced/20230720_G3_03200.jpg
10364,I3B,2023,7/25/23,6.0,7/27/23,20230727_I3B_10364.jpg,2,/mnt/research-projects/j/jlgage/RawUAVData01/uavforslb/final_image/final_sliced/20230727_I3B_10364.jpg
3091,G3,2023,7/19/23,7.5,7/20/23,20230720_G3_03091.jpg,1,/mnt/research-projects/j/jlgage/RawUAVData01/uavforslb/final_image/final_sliced/20230720_G3_03091.jpg
10305,I3B,2023,7/25/23,6.5,7/27/23,20230727_I3B_10305.jpg,2,/mnt/research-projects/j/jlgage/RawUAVData01/uavforslb/final_image/final_sliced/20230727_I3B_10305.jpg
11149,I3B,2023,7/12/23,6.5,7/13/23,20230713_I3B_11149.jpg,1,/mnt/research-projects/j/jlgage/RawUAVData01/uavforslb/final_image/final_sliced/20230713_I3B_11149.jpg
6705,C10,2025,7/3/25,8.0,7/4/25,20250704_C10_06705.jpg,1,/mnt/research-projects/j/jlgage/RawUAVData01/uavforslb/final_image/final_sliced/20250704_C10_06705.jpg
1517,C7B,2025,7/18/25,3.0,7/18/25,20250718_C7B_01517.jpg,0,/mnt/research-projects/j/jlgage/RawUAVData01/uavforslb/final_image/final_sliced/20250718_C7B_01517.jpg
11238,I3B,2023,7/19/23,5.0,7/20/23,20230720_I3B_11238.jpg,1,/mnt/research-projects/j/jlgage/RawUAVData01/uavforslb/final_image/final_sliced/20230720_I3B_11238.jpg
1192,C7B,2025,7/1/25,7.5,7/1/25,20250701_C7B_01192.jpg,0,/mnt/research-projects/j/jlgage/RawUAVData01/uavforslb/final_image/final_sliced/20250701_C7B_01192.jpg
5590,C10,2025,7/2/25,5.0,7/4/25,20250704_C10_05590.jpg,2,/mnt/research-projects/j/jlgage/RawUAVData01/uavforslb/final_image/final_sliced/20250704_C10_05590.jpg
84,C7B,2025,7/18/25,4.5,7/18/25,20250718_C7B_00084.jpg,0,/mnt/research-projects/j/jlgage/RawUAVData01/uavforslb/final_image/final_sliced/20250718_C7B_00084.jpg
92,C7B,2025,6/30/25,6.5,7/1/25,20250701_C7B_00092.jpg,1,/mnt/research-projects/j/jlgage/RawUAVData01/uavforslb/final_image/final_sliced/20250701_C7B_00092.jpg
9877,I3B,2023,7/12/23,5.0,7/13/23,20230713_I3B_09877.jpg,1,/mnt/research-projects/j/jlgage/RawUAVData01/uavforslb/final_image/final_sliced/20230713_I3B_09877.jpg
10019,I3B,2023,7/12/23,4.5,7/13/23,20230713_I3B_10019.jpg,1,/mnt/research-projects/j/jlgage/RawUAVData01/uavforslb/final_image/final_sliced/20230713_I3B_10019.jpg
4710,C10,2025,7/2/25,8.0,7/4/25,20250704_C10_04710.jpg,2,/mnt/research-projects/j/jlgage/RawUAVData01/uavforslb/final_image/final_sliced/20250704_C10_04710.jpg
3059,G3,2023,7/19/23,8.5,7/20/23,20230720_G3_03059.jpg,1,/mnt/research-projects/j/jlgage/RawUAVData01/uavforslb/final_image/final_sliced/20230720_G3_03059.jpg
9769,I3B,2023,7/12/23,5.5,7/13/23,20230713_I3B_09769.jpg,1,/mnt/research-projects/j/jlgage/RawUAVData01/uavforslb/final_image/final_sliced/20230713_I3B_09769.jpg
5846,C10,2025,7/8/25,6.5,7/7/25,20250707_C10_05846.jpg,-1,/mnt/research-projects/j/jlgage/RawUAVData01/uavforslb/final_image/final_sliced/20250707_C10_05846.jpg
7430,G3,2023,7/26/23,8.0,7/27/23,20230727_G3_07430.jpg,1,/mnt/research-projects/j/jlgage/RawUAVData01/uavforslb/final_image/final_sliced/20230727_G3_07430.jpg
3165,G3,2023,7/26/23,4.0,7/27/23,20230727_G3_03165.jpg,1,/mnt/research-projects/j/jlgage/RawUAVData01/uavforslb/final_image/final_sliced/20230727_G3_03165.jpg
7287,G3,2023,7/26/23,5.0,7/27/23,20230727_G3_07287.jpg,1,/mnt/research-projects/j/jlgage/RawUAVData01/uavforslb/final_image/final_sliced/20230727_G3_07287.jpg
4738,C10,2025,7/2/25,7.0,7/4/25,20250704_C10_04738.jpg,2,/mnt/research-projects/j/jlgage/RawUAVData01/uavforslb/final_image/final_sliced/20250704_C10_04738.jpg
10966,I3B,2023,7/19/23,6.0,7/20/23,20230720_I3B_10966.jpg,1,/mnt/research-projects/j/jlgage/RawUAVData01/uavforslb/final_image/final_sliced/20230720_I3B_10966.jpg
3042,G3,2023,7/19/23,7.5,7/20/23,20230720_G3_03042.jpg,1,/mnt/research-projects/j/jlgage/RawUAVData01/uavforslb/final_image/final_sliced/20230720_G3_03042.jpg
5113,C10,2025,7/2/25,6.0,7/4/25,20250704_C10_05113.jpg,2,/mnt/research-projects/j/jlgage/RawUAVData01/uavforslb/final_image/final_sliced/20250704_C10_05113.jpg
5896,C10,2025,7/1/25,5.0,6/28/25,20250628_C10_05896.jpg,-3,/mnt/research-projects/j/jlgage/RawUAVData01/uavforslb/final_image/final_sliced/20250628_C10_05896.jpg
7300,G3,2023,7/20/23,5.0,7/20/23,20230720_G3_07300.jpg,0,/mnt/research-projects/j/jlgage/RawUAVData01/uavforslb/final_image/final_sliced/20230720_G3_07300.jpg
8026,G3,2023,7/26/23,5.5,7/27/23,20230727_G3_08026.jpg,1,/mnt/research-projects/j/jlgage/RawUAVData01/uavforslb/final_image/final_sliced/20230727_G3_08026.jpg
10262,I3B,2023,7/25/23,3.5,7/27/23,20230727_I3B_10262.jpg,2,/mnt/research-projects/j/jlgage/RawUAVData01/uavforslb/final_image/final_sliced/20230727_I3B_10262.jpg
9749,I3B,2023,7/12/23,6.0,7/13/23,20230713_I3B_09749.jpg,1,/mnt/research-projects/j/jlgage/RawUAVData01/uavforslb/final_image/final_sliced/20230713_I3B_09749.jpg
7370,G3,2023,7/26/23,8.0,7/27/23,20230727_G3_07370.jpg,1,/mnt/research-projects/j/jlgage/RawUAVData01/uavforslb/final_image/final_sliced/20230727_G3_07370.jpg
1160,C7B,2025,7/1/25,7.5,7/1/25,20250701_C7B_01160.jpg,0,/mnt/research-projects/j/jlgage/RawUAVData01/uavforslb/final_image/final_sliced/20250701_C7B_01160.jpg
10307,I3B,2023,7/25/23,6.5,7/27/23,20230727_I3B_10307.jpg,2,/mnt/research-projects/j/jlgage/RawUAVData01/uavforslb/final_image/final_sliced/20230727_I3B_10307.jpg
7392,G3,2023,7/26/23,5.0,7/27/23,20230727_G3_07392.jpg,1,/mnt/research-projects/j/jlgage/RawUAVData01/uavforslb/final_image/final_sliced/20230727_G3_07392.jpg
1181,C7B,2025,7/18/25,3.0,7/18/25,20250718_C7B_01181.jpg,0,/mnt/research-projects/j/jlgage/RawUAVData01/uavforslb/final_image/final_sliced/20250718_C7B_01181.jpg
5234,C10,2025,7/11/25,5.0,7/11/25,20250711_C10_05234.jpg,0,/mnt/research-projects/j/jlgage/RawUAVData01/uavforslb/final_image/final_sliced/20250711_C10_05234.jpg
2870,C7B,2025,6/30/25,8.0,7/1/25,20250701_C7B_02870.jpg,1,/mnt/research-projects/j/jlgage/RawUAVData01/uavforslb/final_image/final_sliced/20250701_C7B_02870.jpg
11060,I3B,2023,7/12/23,7.0,7/13/23,20230713_I3B_11060.jpg,1,/mnt/research-projects/j/jlgage/RawUAVData01/uavforslb/final_image/final_sliced/20230713_I3B_11060.jpg
1857,C7B,2025,7/7/25,7.5,7/7/25,20250707_C7B_01857.jpg,0,/mnt/research-projects/j/jlgage/RawUAVData01/uavforslb/final_image/final_sliced/20250707_C7B_01857.jpg
7485,G3,2023,7/26/23,4.0,7/27/23,20230727_G3_07485.jpg,1,/mnt/research-projects/j/jlgage/RawUAVData01/uavforslb/final_image/final_sliced/20230727_G3_07485.jpg
7502,G3,2023,7/26/23,8.0,7/27/23,20230727_G3_07502.jpg,1,/mnt/research-projects/j/jlgage/RawUAVData01/uavforslb/final_image/final_sliced/20230727_G3_07502.jpg
2745,C7B,2025,6/30/25,8.5,7/1/25,20250701_C7B_02745.jpg,1,/mnt/research-projects/j/jlgage/RawUAVData01/uavforslb/final_image/final_sliced/20250701_C7B_02745.jpg
10808,I3B,2023,7/19/23,5.5,7/20/23,20230720_I3B_10808.jpg,1,/mnt/research-projects/j/jlgage/RawUAVData01/uavforslb/final_image/final_sliced/20230720_I3B_10808.jpg
385,C7B,2025,6/30/25,5.5,7/1/25,20250701_C7B_00385.jpg,1,/mnt/research-projects/j/jlgage/RawUAVData01/uavforslb/final_image/final_sliced/20250701_C7B_00385.jpg
339,C7B,2025,7/18/25,2.0,7/18/25,20250718_C7B_00339.jpg,0,/mnt/research-projects/j/jlgage/RawUAVData01/uavforslb/final_image/final_sliced/20250718_C7B_00339.jpg
4452,C10,2025,7/7/25,6.5,7/7/25,20250707_C10_04452.jpg,0,/mnt/research-projects/j/jlgage/RawUAVData01/uavforslb/final_image/final_sliced/20250707_C10_04452.jpg
11337,I3B,2023,7/19/23,6.5,7/20/23,20230720_I3B_11337.jpg,1,/mnt/research-projects/j/jlgage/RawUAVData01/uavforslb/final_image/final_sliced/20230720_I3B_11337.jpg
117,C7B,2025,6/30/25,7.0,7/1/25,20250701_C7B_00117.jpg,1,/mnt/research-projects/j/jlgage/RawUAVData01/uavforslb/final_image/final_sliced/20250701_C7B_00117.jpg
5018,C10,2025,7/2/25,6.0,7/4/25,20250704_C10_05018.jpg,2,/mnt/research-projects/j/jlgage/RawUAVData01/uavforslb/final_image/final_sliced/20250704_C10_05018.jpg
1271,C7B,2025,7/1/25,5.5,7/1/25,20250701_C7B_01271.jpg,0,/mnt/research-projects/j/jlgage/RawUAVData01/uavforslb/final_image/final_sliced/20250701_C7B_01271.jpg
8154,G3,2023,7/20/23,8.0,7/20/23,20230720_G3_08154.jpg,0,/mnt/research-projects/j/jlgage/RawUAVData01/uavforslb/final_image/final_sliced/20230720_G3_08154.jpg
4983,C10,2025,7/20/25,1.5,7/21/25,20250721_C10_04983.jpg,1,/mnt/research-projects/j/jlgage/RawUAVData01/uavforslb/final_image/final_sliced/20250721_C10_04983.jpg
5512,C10,2025,7/11/25,4.0,7/11/25,20250711_C10_05512.jpg,0,/mnt/research-projects/j/jlgage/RawUAVData01/uavforslb/final_image/final_sliced/20250711_C10_05512.jpg
10400,I3B,2023,7/25/23,3.5,7/27/23,20230727_I3B_10400.jpg,2,/mnt/research-projects/j/jlgage/RawUAVData01/uavforslb/final_image/final_sliced/20230727_I3B_10400.jpg
9568,I3B,2023,7/12/23,7.0,7/13/23,20230713_I3B_09568.jpg,1,/mnt/research-projects/j/jlgage/RawUAVData01/uavforslb/final_image/final_sliced/20230713_I3B_09568.jpg
4530,C10,2025,7/20/25,2.0,7/21/25,20250721_C10_04530.jpg,1,/mnt/research-projects/j/jlgage/RawUAVData01/uavforslb/final_image/final_sliced/20250721_C10_04530.jpg
11281,I3B,2023,7/19/23,5.5,7/20/23,20230720_I3B_11281.jpg,1,/mnt/research-projects/j/jlgage/RawUAVData01/uavforslb/final_image/final_sliced/20230720_I3B_11281.jpg
5869,C10,2025,7/11/25,4.0,7/11/25,20250711_C10_05869.jpg,0,/mnt/research-projects/j/jlgage/RawUAVData01/uavforslb/final_image/final_sliced/20250711_C10_05869.jpg
4488,C10,2025,7/11/25,5.0,7/11/25,20250711_C10_04488.jpg,0,/mnt/research-projects/j/jlgage/RawUAVData01/uavforslb/final_image/final_sliced/20250711_C10_04488.jpg
10723,I3B,2023,7/19/23,5.0,7/20/23,20230720_I3B_10723.jpg,1,/mnt/research-projects/j/jlgage/RawUAVData01/uavforslb/final_image/final_sliced/20230720_I3B_10723.jpg
1280,C7B,2025,7/18/25,3.0,7/18/25,20250718_C7B_01280.jpg,0,/mnt/research-projects/j/jlgage/RawUAVData01/uavforslb/final_image/final_sliced/20250718_C7B_01280.jpg
1651,C7B,2025,7/18/25,2.0,7/18/25,20250718_C7B_01651.jpg,0,/mnt/research-projects/j/jlgage/RawUAVData01/uavforslb/final_image/final_sliced/20250718_C7B_01651.jpg
10385,I3B,2023,7/25/23,5.0,7/27/23,20230727_I3B_10385.jpg,2,/mnt/research-projects/j/jlgage/RawUAVData01/uavforslb/final_image/final_sliced/20230727_I3B_10385.jpg
5290,C10,2025,7/20/25,1.5,7/21/25,20250721_C10_05290.jpg,1,/mnt/research-projects/j/jlgage/RawUAVData01/uavforslb/final_image/final_sliced/20250721_C10_05290.jpg
161,C7B,2025,7/4/25,5.0,7/4/25,20250704_C7B_00161.jpg,0,/mnt/research-projects/j/jlgage/RawUAVData01/uavforslb/final_image/final_sliced/20250704_C7B_00161.jpg
944,C7B,2025,7/10/25,5.5,7/10/25,20250710_C7B_00944.jpg,0,/mnt/research-projects/j/jlgage/RawUAVData01/uavforslb/final_image/final_sliced/20250710_C7B_00944.jpg
915,C7B,2025,7/18/25,2.0,7/18/25,20250718_C7B_00915.jpg,0,/mnt/research-projects/j/jlgage/RawUAVData01/uavforslb/final_image/final_sliced/20250718_C7B_00915.jpg
4973,C10,2025,7/20/25,2.0,7/21/25,20250721_C10_04973.jpg,1,/mnt/research-projects/j/jlgage/RawUAVData01/uavforslb/final_image/final_sliced/20250721_C10_04973.jpg
11190,I3B,2023,7/19/23,5.0,7/20/23,20230720_I3B_11190.jpg,1,/mnt/research-projects/j/jlgage/RawUAVData01/uavforslb/final_image/final_sliced/20230720_I3B_11190.jpg
3070,G3,2023,7/26/23,4.0,7/27/23,20230727_G3_03070.jpg,1,/mnt/research-projects/j/jlgage/RawUAVData01/uavforslb/final_image/final_sliced/20230727_G3_03070.jpg
9662,I3B,2023,7/12/23,5.0,7/13/23,20230713_I3B_09662.jpg,1,/mnt/research-projects/j/jlgage/RawUAVData01/uavforslb/final_image/final_sliced/20230713_I3B_09662.jpg
7450,G3,2023,7/26/23,6.0,7/27/23,20230727_G3_07450.jpg,1,/mnt/research-projects/j/jlgage/RawUAVData01/uavforslb/final_image/final_sliced/20230727_G3_07450.jpg
8038,G3,2023,7/19/23,7.0,7/20/23,20230720_G3_08038.jpg,1,/mnt/research-projects/j/jlgage/RawUAVData01/uavforslb/final_image/final_sliced/20230720_G3_08038.jpg
9614,I3B,2023,7/12/23,6.5,7/13/23,20230713_I3B_09614.jpg,1,/mnt/research-projects/j/jlgage/RawUAVData01/uavforslb/final_image/final_sliced/20230713_I3B_09614.jpg
4370,C10,2025,7/7/25,5.0,7/7/25,20250707_C10_04370.jpg,0,/mnt/research-projects/j/jlgage/RawUAVData01/uavforslb/final_image/final_sliced/20250707_C10_04370.jpg
5465,C10,2025,7/2/25,5.0,7/4/25,20250704_C10_05465.jpg,2,/mnt/research-projects/j/jlgage/RawUAVData01/uavforslb/final_image/final_sliced/20250704_C10_05465.jpg
1023,C7B,2025,7/1/25,7.5,7/1/25,20250701_C7B_01023.jpg,0,/mnt/research-projects/j/jlgage/RawUAVData01/uavforslb/final_image/final_sliced/20250701_C7B_01023.jpg
11063,I3B,2023,7/12/23,6.0,7/13/23,20230713_I3B_11063.jpg,1,/mnt/research-projects/j/jlgage/RawUAVData01/uavforslb/final_image/final_sliced/20230713_I3B_11063.jpg
889,C7B,2025,7/18/25,7.0,7/18/25,20250718_C7B_00889.jpg,0,/mnt/research-projects/j/jlgage/RawUAVData01/uavforslb/final_image/final_sliced/20250718_C7B_00889.jpg
4447,C10,2025,7/19/25,5.0,7/18/25,20250718_C10_04447.jpg,-1,/mnt/research-projects/j/jlgage/RawUAVData01/uavforslb/final_image/final_sliced/20250718_C10_04447.jpg
5266,C10,2025,7/20/25,3.0,7/21/25,20250721_C10_05266.jpg,1,/mnt/research-projects/j/jlgage/RawUAVData01/uavforslb/final_image/final_sliced/20250721_C10_05266.jpg
10869,I3B,2023,7/19/23,7.0,7/20/23,20230720_I3B_10869.jpg,1,/mnt/research-projects/j/jlgage/RawUAVData01/uavforslb/final_image/final_sliced/20230720_I3B_10869.jpg
342,C7B,2025,7/4/25,4.5,7/4/25,20250704_C7B_00342.jpg,0,/mnt/research-projects/j/jlgage/RawUAVData01/uavforslb/final_image/final_sliced/20250704_C7B_00342.jpg
10931,I3B,2023,7/19/23,6.5,7/20/23,20230720_I3B_10931.jpg,1,/mnt/research-projects/j/jlgage/RawUAVData01/uavforslb/final_image/final_sliced/20230720_I3B_10931.jpg
6005,C10,2025,7/19/25,3.0,7/18/25,20250718_C10_06005.jpg,-1,/mnt/research-projects/j/jlgage/RawUAVData01/uavforslb/final_image/final_sliced/20250718_C10_06005.jpg
73,C7B,2025,6/30/25,6.0,7/1/25,20250701_C7B_00073.jpg,1,/mnt/research-projects/j/jlgage/RawUAVData01/uavforslb/final_image/final_sliced/20250701_C7B_00073.jpg
7340,G3,2023,7/20/23,6.0,7/20/23,20230720_G3_07340.jpg,0,/mnt/research-projects/j/jlgage/RawUAVData01/uavforslb/final_image/final_sliced/20230720_G3_07340.jpg
4373,C10,2025,7/19/25,3.0,7/18/25,20250718_C10_04373.jpg,-1,/mnt/research-projects/j/jlgage/RawUAVData01/uavforslb/final_image/final_sliced/20250718_C10_04373.jpg
4415,C10,2025,7/11/25,4.0,7/11/25,20250711_C10_04415.jpg,0,/mnt/research-projects/j/jlgage/RawUAVData01/uavforslb/final_image/final_sliced/20250711_C10_04415.jpg
3062,G3,2023,7/19/23,8.0,7/20/23,20230720_G3_03062.jpg,1,/mnt/research-projects/j/jlgage/RawUAVData01/uavforslb/final_image/final_sliced/20230720_G3_03062.jpg
2845,C7B,2025,6/30/25,7.0,7/1/25,20250701_C7B_02845.jpg,1,/mnt/research-projects/j/jlgage/RawUAVData01/uavforslb/final_image/final_sliced/20250701_C7B_02845.jpg
5806,C10,2025,7/19/25,2.0,7/18/25,20250718_C10_05806.jpg,-1,/mnt/research-projects/j/jlgage/RawUAVData01/uavforslb/final_image/final_sliced/20250718_C10_05806.jpg
10827,I3B,2023,7/19/23,6.0,7/20/23,20230720_I3B_10827.jpg,1,/mnt/research-projects/j/jlgage/RawUAVData01/uavforslb/final_image/final_sliced/20230720_I3B_10827.jpg
2727,C7B,2025,7/18/25,7.0,7/18/25,20250718_C7B_02727.jpg,0,/mnt/research-projects/j/jlgage/RawUAVData01/uavforslb/final_image/final_sliced/20250718_C7B_02727.jpg
11079,I3B,2023,7/12/23,7.0,7/13/23,20230713_I3B_11079.jpg,1,/mnt/research-projects/j/jlgage/RawUAVData01/uavforslb/final_image/final_sliced/20230713_I3B_11079.jpg
4125,C10,2025,6/30/25,6.5,6/28/25,20250628_C10_04125.jpg,-2,/mnt/research-projects/j/jlgage/RawUAVData01/uavforslb/final_image/final_sliced/20250628_C10_04125.jpg
7373,G3,2023,7/20/23,5.0,7/20/23,20230720_G3_07373.jpg,0,/mnt/research-projects/j/jlgage/RawUAVData01/uavforslb/final_image/final_sliced/20230720_G3_07373.jpg
1760,C7B,2025,7/7/25,5.5,7/7/25,20250707_C7B_01760.jpg,0,/mnt/research-projects/j/jlgage/RawUAVData01/uavforslb/final_image/final_sliced/20250707_C7B_01760.jpg
1025,C7B,2025,7/1/25,7.0,7/1/25,20250701_C7B_01025.jpg,0,/mnt/research-projects/j/jlgage/RawUAVData01/uavforslb/final_image/final_sliced/20250701_C7B_01025.jpg
609,C7B,2025,7/18/25,2.5,7/18/25,20250718_C7B_00609.jpg,0,/mnt/research-projects/j/jlgage/RawUAVData01/uavforslb/final_image/final_sliced/20250718_C7B_00609.jpg
10008,I3B,2023,7/12/23,5.5,7/13/23,20230713_I3B_10008.jpg,1,/mnt/research-projects/j/jlgage/RawUAVData01/uavforslb/final_image/final_sliced/20230713_I3B_10008.jpg
7368,G3,2023,7/20/23,7.0,7/20/23,20230720_G3_07368.jpg,0,/mnt/research-projects/j/jlgage/RawUAVData01/uavforslb/final_image/final_sliced/20230720_G3_07368.jpg
3168,G3,2023,7/19/23,7.0,7/20/23,20230720_G3_03168.jpg,1,/mnt/research-projects/j/jlgage/RawUAVData01/uavforslb/final_image/final_sliced/20230720_G3_03168.jpg
6869,C10,2025,7/3/25,7.5,7/4/25,20250704_C10_06869.jpg,1,/mnt/research-projects/j/jlgage/RawUAVData01/uavforslb/final_image/final_sliced/20250704_C10_06869.jpg
1757,C7B,2025,7/10/25,5.0,7/10/25,20250710_C7B_01757.jpg,0,/mnt/research-projects/j/jlgage/RawUAVData01/uavforslb/final_image/final_sliced/20250710_C7B_01757.jpg
427,C7B,2025,7/4/25,5.5,7/4/25,20250704_C7B_00427.jpg,0,/mnt/research-projects/j/jlgage/RawUAVData01/uavforslb/final_image/final_sliced/20250704_C7B_00427.jpg
4490,C10,2025,7/20/25,1.5,7/21/25,20250721_C10_04490.jpg,1,/mnt/research-projects/j/jlgage/RawUAVData01/uavforslb/final_image/final_sliced/20250721_C10_04490.jpg
11107,I3B,2023,7/12/23,7.5,7/13/23,20230713_I3B_11107.jpg,1,/mnt/research-projects/j/jlgage/RawUAVData01/uavforslb/final_image/final_sliced/20230713_I3B_11107.jpg
1342,C7B,2025,7/10/25,5.0,7/10/25,20250710_C7B_01342.jpg,0,/mnt/research-projects/j/jlgage/RawUAVData01/uavforslb/final_image/final_sliced/20250710_C7B_01342.jpg
4237,C10,2025,7/19/25,3.5,7/18/25,20250718_C10_04237.jpg,-1,/mnt/research-projects/j/jlgage/RawUAVData01/uavforslb/final_image/final_sliced/20250718_C10_04237.jpg
1617,C7B,2025,7/10/25,5.0,7/10/25,20250710_C7B_01617.jpg,0,/mnt/research-projects/j/jlgage/RawUAVData01/uavforslb/final_image/final_sliced/20250710_C7B_01617.jpg
10043,I3B,2023,7/12/23,5.0,7/13/23,20230713_I3B_10043.jpg,1,/mnt/research-projects/j/jlgage/RawUAVData01/uavforslb/final_image/final_sliced/20230713_I3B_10043.jpg
8114,G3,2023,7/20/23,8.0,7/20/23,20230720_G3_08114.jpg,0,/mnt/research-projects/j/jlgage/RawUAVData01/uavforslb/final_image/final_sliced/20230720_G3_08114.jpg
3144,G3,2023,7/26/23,3.5,7/27/23,20230727_G3_03144.jpg,1,/mnt/research-projects/j/jlgage/RawUAVData01/uavforslb/final_image/final_sliced/20230727_G3_03144.jpg
7367,G3,2023,7/20/23,7.5,7/20/23,20230720_G3_07367.jpg,0,/mnt/research-projects/j/jlgage/RawUAVData01/uavforslb/final_image/final_sliced/20230720_G3_07367.jpg
10956,I3B,2023,7/19/23,5.5,7/20/23,20230720_I3B_10956.jpg,1,/mnt/research-projects/j/jlgage/RawUAVData01/uavforslb/final_image/final_sliced/20230720_I3B_10956.jpg
5022,C10,2025,7/11/25,5.0,7/11/25,20250711_C10_05022.jpg,0,/mnt/research-projects/j/jlgage/RawUAVData01/uavforslb/final_image/final_sliced/20250711_C10_05022.jpg
7415,G3,2023,7/26/23,8.0,7/27/23,20230727_G3_07415.jpg,1,/mnt/research-projects/j/jlgage/RawUAVData01/uavforslb/final_image/final_sliced/20230727_G3_07415.jpg
10760,I3B,2023,7/19/23,4.5,7/20/23,20230720_I3B_10760.jpg,1,/mnt/research-projects/j/jlgage/RawUAVData01/uavforslb/final_image/final_sliced/20230720_I3B_10760.jpg
524,C7B,2025,6/30/25,6.0,7/1/25,20250701_C7B_00524.jpg,1,/mnt/research-projects/j/jlgage/RawUAVData01/uavforslb/final_image/final_sliced/20250701_C7B_00524.jpg
9753,I3B,2023,7/12/23,6.0,7/13/23,20230713_I3B_09753.jpg,1,/mnt/research-projects/j/jlgage/RawUAVData01/uavforslb/final_image/final_sliced/20230713_I3B_09753.jpg
11073,I3B,2023,7/12/23,7.5,7/13/23,20230713_I3B_11073.jpg,1,/mnt/research-projects/j/jlgage/RawUAVData01/uavforslb/final_image/final_sliced/20230713_I3B_11073.jpg
3176,G3,2023,7/26/23,8.0,7/27/23,20230727_G3_03176.jpg,1,/mnt/research-projects/j/jlgage/RawUAVData01/uavforslb/final_image/final_sliced/20230727_G3_03176.jpg
5218,C10,2025,7/11/25,4.0,7/11/25,20250711_C10_05218.jpg,0,/mnt/research-projects/j/jlgage/RawUAVData01/uavforslb/final_image/final_sliced/20250711_C10_05218.jpg
9808,I3B,2023,7/12/23,5.0,7/13/23,20230713_I3B_09808.jpg,1,/mnt/research-projects/j/jlgage/RawUAVData01/uavforslb/final_image/final_sliced/20230713_I3B_09808.jpg
10840,I3B,2023,7/19/23,5.5,7/20/23,20230720_I3B_10840.jpg,1,/mnt/research-projects/j/jlgage/RawUAVData01/uavforslb/final_image/final_sliced/20230720_I3B_10840.jpg
2703,C7B,2025,7/13/25,7.5,7/12/25,20250712_C7B_02703.jpg,-1,/mnt/research-projects/j/jlgage/RawUAVData01/uavforslb/final_image/final_sliced/20250712_C7B_02703.jpg
5640,C10,2025,7/11/25,5.0,7/11/25,20250711_C10_05640.jpg,0,/mnt/research-projects/j/jlgage/RawUAVData01/uavforslb/final_image/final_sliced/20250711_C10_05640.jpg
4960,C10,2025,7/11/25,4.0,7/11/25,20250711_C10_04960.jpg,0,/mnt/research-projects/j/jlgage/RawUAVData01/uavforslb/final_image/final_sliced/20250711_C10_04960.jpg
4279,C10,2025,7/7/25,7.0,7/7/25,20250707_C10_04279.jpg,0,/mnt/research-projects/j/jlgage/RawUAVData01/uavforslb/final_image/final_sliced/20250707_C10_04279.jpg
5975,C10,2025,7/2/25,6.0,7/4/25,20250704_C10_05975.jpg,2,/mnt/research-projects/j/jlgage/RawUAVData01/uavforslb/final_image/final_sliced/20250704_C10_05975.jpg
3085,G3,2023,7/26/23,5.0,7/27/23,20230727_G3_03085.jpg,1,/mnt/research-projects/j/jlgage/RawUAVData01/uavforslb/final_image/final_sliced/20230727_G3_03085.jpg
4016,C10,2025,7/11/25,6.0,7/11/25,20250711_C10_04016.jpg,0,/mnt/research-projects/j/jlgage/RawUAVData01/uavforslb/final_image/final_sliced/20250711_C10_04016.jpg
2787,C7B,2025,6/30/25,8.5,7/1/25,20250701_C7B_02787.jpg,1,/mnt/research-projects/j/jlgage/RawUAVData01/uavforslb/final_image/final_sliced/20250701_C7B_02787.jpg
7236,G3,2023,7/19/23,7.5,7/20/23,20230720_G3_07236.jpg,1,/mnt/research-projects/j/jlgage/RawUAVData01/uavforslb/final_image/final_sliced/20230720_G3_07236.jpg
11043,I3B,2023,7/12/23,6.0,7/13/23,20230713_I3B_11043.jpg,1,/mnt/research-projects/j/jlgage/RawUAVData01/uavforslb/final_image/final_sliced/20230713_I3B_11043.jpg
7276,G3,2023,7/26/23,8.0,7/27/23,20230727_G3_07276.jpg,1,/mnt/research-projects/j/jlgage/RawUAVData01/uavforslb/final_image/final_sliced/20230727_G3_07276.jpg
11228,I3B,2023,7/19/23,6.5,7/20/23,20230720_I3B_11228.jpg,1,/mnt/research-projects/j/jlgage/RawUAVData01/uavforslb/final_image/final_sliced/20230720_I3B_11228.jpg
10913,I3B,2023,7/19/23,6.0,7/20/23,20230720_I3B_10913.jpg,1,/mnt/research-projects/j/jlgage/RawUAVData01/uavforslb/final_image/final_sliced/20230720_I3B_10913.jpg
851,C7B,2025,7/10/25,3.0,7/10/25,20250710_C7B_00851.jpg,0,/mnt/research-projects/j/jlgage/RawUAVData01/uavforslb/final_image/final_sliced/20250710_C7B_00851.jpg
5974,C10,2025,7/11/25,5.0,7/11/25,20250711_C10_05974.jpg,0,/mnt/research-projects/j/jlgage/RawUAVData01/uavforslb/final_image/final_sliced/20250711_C10_05974.jpg
5500,C10,2025,7/20/25,7.5,7/21/25,20250721_C10_05500.jpg,1,/mnt/research-projects/j/jlgage/RawUAVData01/uavforslb/final_image/final_sliced/20250721_C10_05500.jpg
7450,G3,2023,7/20/23,7.5,7/20/23,20230720_G3_07450.jpg,0,/mnt/research-projects/j/jlgage/RawUAVData01/uavforslb/final_image/final_sliced/20230720_G3_07450.jpg
7337,G3,2023,7/20/23,7.0,7/20/23,20230720_G3_07337.jpg,0,/mnt/research-projects/j/jlgage/RawUAVData01/uavforslb/final_image/final_sliced/20230720_G3_07337.jpg
6815,C10,2025,7/3/25,5.0,7/4/25,20250704_C10_06815.jpg,1,/mnt/research-projects/j/jlgage/RawUAVData01/uavforslb/final_image/final_sliced/20250704_C10_06815.jpg
7375,G3,2023,7/20/23,7.5,7/20/23,20230720_G3_07375.jpg,0,/mnt/research-projects/j/jlgage/RawUAVData01/uavforslb/final_image/final_sliced/20230720_G3_07375.jpg
3107,G3,2023,7/26/23,8.0,7/27/23,20230727_G3_03107.jpg,1,/mnt/research-projects/j/jlgage/RawUAVData01/uavforslb/final_image/final_sliced/20230727_G3_03107.jpg
255,C7B,2025,7/10/25,6.0,7/10/25,20250710_C7B_00255.jpg,0,/mnt/research-projects/j/jlgage/RawUAVData01/uavforslb/final_image/final_sliced/20250710_C7B_00255.jpg
9721,I3B,2023,7/12/23,4.5,7/13/23,20230713_I3B_09721.jpg,1,/mnt/research-projects/j/jlgage/RawUAVData01/uavforslb/final_image/final_sliced/20230713_I3B_09721.jpg
7223,G3,2023,7/19/23,7.5,7/20/23,20230720_G3_07223.jpg,1,/mnt/research-projects/j/jlgage/RawUAVData01/uavforslb/final_image/final_sliced/20230720_G3_07223.jpg
3018,G3,2023,7/26/23,7.0,7/27/23,20230727_G3_03018.jpg,1,/mnt/research-projects/j/jlgage/RawUAVData01/uavforslb/final_image/final_sliced/20230727_G3_03018.jpg
11204,I3B,2023,7/19/23,6.5,7/20/23,20230720_I3B_11204.jpg,1,/mnt/research-projects/j/jlgage/RawUAVData01/uavforslb/final_image/final_sliced/20230720_I3B_11204.jpg
7363,G3,2023,7/26/23,7.5,7/27/23,20230727_G3_07363.jpg,1,/mnt/research-projects/j/jlgage/RawUAVData01/uavforslb/final_image/final_sliced/20230727_G3_07363.jpg
1067,C7B,2025,7/10/25,5.5,7/10/25,20250710_C7B_01067.jpg,0,/mnt/research-projects/j/jlgage/RawUAVData01/uavforslb/final_image/final_sliced/20250710_C7B_01067.jpg
9598,I3B,2023,7/12/23,5.5,7/13/23,20230713_I3B_09598.jpg,1,/mnt/research-projects/j/jlgage/RawUAVData01/uavforslb/final_image/final_sliced/20230713_I3B_09598.jpg
10359,I3B,2023,7/25/23,6.5,7/27/23,20230727_I3B_10359.jpg,2,/mnt/research-projects/j/jlgage/RawUAVData01/uavforslb/final_image/final_sliced/20230727_I3B_10359.jpg
5991,C10,2025,7/8/25,7.5,7/7/25,20250707_C10_05991.jpg,-1,/mnt/research-projects/j/jlgage/RawUAVData01/uavforslb/final_image/final_sliced/20250707_C10_05991.jpg
2023,C7B,2025,7/7/25,7.5,7/7/25,20250707_C7B_02023.jpg,0,/mnt/research-projects/j/jlgage/RawUAVData01/uavforslb/final_image/final_sliced/20250707_C7B_02023.jpg
9668,I3B,2023,7/12/23,5.0,7/13/23,20230713_I3B_09668.jpg,1,/mnt/research-projects/j/jlgage/RawUAVData01/uavforslb/final_image/final_sliced/20230713_I3B_09668.jpg
10851,I3B,2023,7/19/23,7.0,7/20/23,20230720_I3B_10851.jpg,1,/mnt/research-projects/j/jlgage/RawUAVData01/uavforslb/final_image/final_sliced/20230720_I3B_10851.jpg
7359,G3,2023,7/20/23,7.5,7/20/23,20230720_G3_07359.jpg,0,/mnt/research-projects/j/jlgage/RawUAVData01/uavforslb/final_image/final_sliced/20230720_G3_07359.jpg
7518,G3,2023,7/26/23,5.0,7/27/23,20230727_G3_07518.jpg,1,/mnt/research-projects/j/jlgage/RawUAVData01/uavforslb/final_image/final_sliced/20230727_G3_07518.jpg
1231,C7B,2025,7/1/25,7.0,7/1/25,20250701_C7B_01231.jpg,0,/mnt/research-projects/j/jlgage/RawUAVData01/uavforslb/final_image/final_sliced/20250701_C7B_01231.jpg
1624,C7B,2025,7/18/25,3.0,7/18/25,20250718_C7B_01624.jpg,0,/mnt/research-projects/j/jlgage/RawUAVData01/uavforslb/final_image/final_sliced/20250718_C7B_01624.jpg
10806,I3B,2023,7/19/23,6.0,7/20/23,20230720_I3B_10806.jpg,1,/mnt/research-projects/j/jlgage/RawUAVData01/uavforslb/final_image/final_sliced/20230720_I3B_10806.jpg
534,C7B,2025,7/10/25,6.0,7/10/25,20250710_C7B_00534.jpg,0,/mnt/research-projects/j/jlgage/RawUAVData01/uavforslb/final_image/final_sliced/20250710_C7B_00534.jpg
9906,I3B,2023,7/12/23,5.5,7/13/23,20230713_I3B_09906.jpg,1,/mnt/research-projects/j/jlgage/RawUAVData01/uavforslb/final_image/final_sliced/20230713_I3B_09906.jpg
7395,G3,2023,7/26/23,6.5,7/27/23,20230727_G3_07395.jpg,1,/mnt/research-projects/j/jlgage/RawUAVData01/uavforslb/final_image/final_sliced/20230727_G3_07395.jpg
7243,G3,2023,7/26/23,4.0,7/27/23,20230727_G3_07243.jpg,1,/mnt/research-projects/j/jlgage/RawUAVData01/uavforslb/final_image/final_sliced/20230727_G3_07243.jpg
55,C7B,2025,7/18/25,4.0,7/18/25,20250718_C7B_00055.jpg,0,/mnt/research-projects/j/jlgage/RawUAVData01/uavforslb/final_image/final_sliced/20250718_C7B_00055.jpg
7244,G3,2023,7/19/23,7.0,7/20/23,20230720_G3_07244.jpg,1,/mnt/research-projects/j/jlgage/RawUAVData01/uavforslb/final_image/final_sliced/20230720_G3_07244.jpg
7543,G3,2023,7/26/23,7.5,7/27/23,20230727_G3_07543.jpg,1,/mnt/research-projects/j/jlgage/RawUAVData01/uavforslb/final_image/final_sliced/20230727_G3_07543.jpg
10380,I3B,2023,7/25/23,3.0,7/27/23,20230727_I3B_10380.jpg,2,/mnt/research-projects/j/jlgage/RawUAVData01/uavforslb/final_image/final_sliced/20230727_I3B_10380.jpg
4297,C10,2025,7/7/25,5.5,7/7/25,20250707_C10_04297.jpg,0,/mnt/research-projects/j/jlgage/RawUAVData01/uavforslb/final_image/final_sliced/20250707_C10_04297.jpg
2030,C7B,2025,7/19/25,3.0,7/18/25,20250718_C7B_02030.jpg,-1,/mnt/research-projects/j/jlgage/RawUAVData01/uavforslb/final_image/final_sliced/20250718_C7B_02030.jpg
3005,G3,2023,7/26/23,8.0,7/27/23,20230727_G3_03005.jpg,1,/mnt/research-projects/j/jlgage/RawUAVData01/uavforslb/final_image/final_sliced/20230727_G3_03005.jpg
100,C7B,2025,7/10/25,6.0,7/10/25,20250710_C7B_00100.jpg,0,/mnt/research-projects/j/jlgage/RawUAVData01/uavforslb/final_image/final_sliced/20250710_C7B_00100.jpg
1423,C7B,2025,7/10/25,6.0,7/10/25,20250710_C7B_01423.jpg,0,/mnt/research-projects/j/jlgage/RawUAVData01/uavforslb/final_image/final_sliced/20250710_C7B_01423.jpg
10775,I3B,2023,7/19/23,6.0,7/20/23,20230720_I3B_10775.jpg,1,/mnt/research-projects/j/jlgage/RawUAVData01/uavforslb/final_image/final_sliced/20230720_I3B_10775.jpg
1361,C7B,2025,7/18/25,4.0,7/18/25,20250718_C7B_01361.jpg,0,/mnt/research-projects/j/jlgage/RawUAVData01/uavforslb/final_image/final_sliced/20250718_C7B_01361.jpg
9653,I3B,2023,7/12/23,5.0,7/13/23,20230713_I3B_09653.jpg,1,/mnt/research-projects/j/jlgage/RawUAVData01/uavforslb/final_image/final_sliced/20230713_I3B_09653.jpg
7306,G3,2023,7/26/23,5.0,7/27/23,20230727_G3_07306.jpg,1,/mnt/research-projects/j/jlgage/RawUAVData01/uavforslb/final_image/final_sliced/20230727_G3_07306.jpg
8039,G3,2023,7/19/23,5.5,7/20/23,20230720_G3_08039.jpg,1,/mnt/research-projects/j/jlgage/RawUAVData01/uavforslb/final_image/final_sliced/20230720_G3_08039.jpg
6711,C10,2025,7/3/25,8.0,7/4/25,20250704_C10_06711.jpg,1,/mnt/research-projects/j/jlgage/RawUAVData01/uavforslb/final_image/final_sliced/20250704_C10_06711.jpg
5636,C10,2025,7/20/25,1.0,7/21/25,20250721_C10_05636.jpg,1,/mnt/research-projects/j/jlgage/RawUAVData01/uavforslb/final_image/final_sliced/20250721_C10_05636.jpg
4824,C10,2025,7/20/25,2.0,7/21/25,20250721_C10_04824.jpg,1,/mnt/research-projects/j/jlgage/RawUAVData01/uavforslb/final_image/final_sliced/20250721_C10_04824.jpg
9579,I3B,2023,7/12/23,6.0,7/13/23,20230713_I3B_09579.jpg,1,/mnt/research-projects/j/jlgage/RawUAVData01/uavforslb/final_image/final_sliced/20230713_I3B_09579.jpg
9989,I3B,2023,7/12/23,5.5,7/13/23,20230713_I3B_09989.jpg,1,/mnt/research-projects/j/jlgage/RawUAVData01/uavforslb/final_image/final_sliced/20230713_I3B_09989.jpg
7291,G3,2023,7/20/23,8.0,7/20/23,20230720_G3_07291.jpg,0,/mnt/research-projects/j/jlgage/RawUAVData01/uavforslb/final_image/final_sliced/20230720_G3_07291.jpg
10987,I3B,2023,7/19/23,7.5,7/20/23,20230720_I3B_10987.jpg,1,/mnt/research-projects/j/jlgage/RawUAVData01/uavforslb/final_image/final_sliced/20230720_I3B_10987.jpg
1982,C7B,2025,7/10/25,3.0,7/10/25,20250710_C7B_01982.jpg,0,/mnt/research-projects/j/jlgage/RawUAVData01/uavforslb/final_image/final_sliced/20250710_C7B_01982.jpg
9984,I3B,2023,7/12/23,5.0,7/13/23,20230713_I3B_09984.jpg,1,/mnt/research-projects/j/jlgage/RawUAVData01/uavforslb/final_image/final_sliced/20230713_I3B_09984.jpg
11082,I3B,2023,7/12/23,7.0,7/13/23,20230713_I3B_11082.jpg,1,/mnt/research-projects/j/jlgage/RawUAVData01/uavforslb/final_image/final_sliced/20230713_I3B_11082.jpg
10390,I3B,2023,7/25/23,5.5,7/27/23,20230727_I3B_10390.jpg,2,/mnt/research-projects/j/jlgage/RawUAVData01/uavforslb/final_image/final_sliced/20230727_I3B_10390.jpg
10398,I3B,2023,7/25/23,6.0,7/27/23,20230727_I3B_10398.jpg,2,/mnt/research-projects/j/jlgage/RawUAVData01/uavforslb/final_image/final_sliced/20230727_I3B_10398.jpg
2807,C7B,2025,6/30/25,7.5,7/1/25,20250701_C7B_02807.jpg,1,/mnt/research-projects/j/jlgage/RawUAVData01/uavforslb/final_image/final_sliced/20250701_C7B_02807.jpg
11211,I3B,2023,7/19/23,5.0,7/20/23,20230720_I3B_11211.jpg,1,/mnt/research-projects/j/jlgage/RawUAVData01/uavforslb/final_image/final_sliced/20230720_I3B_11211.jpg
5251,C10,2025,7/11/25,3.0,7/11/25,20250711_C10_05251.jpg,0,/mnt/research-projects/j/jlgage/RawUAVData01/uavforslb/final_image/final_sliced/20250711_C10_05251.jpg
10263,I3B,2023,7/25/23,5.5,7/27/23,20230727_I3B_10263.jpg,2,/mnt/research-projects/j/jlgage/RawUAVData01/uavforslb/final_image/final_sliced/20230727_I3B_10263.jpg
5084,C10,2025,7/20/25,1.5,7/21/25,20250721_C10_05084.jpg,1,/mnt/research-projects/j/jlgage/RawUAVData01/uavforslb/final_image/final_sliced/20250721_C10_05084.jpg
6655,C10,2025,7/3/25,7.0,7/4/25,20250704_C10_06655.jpg,1,/mnt/research-projects/j/jlgage/RawUAVData01/uavforslb/final_image/final_sliced/20250704_C10_06655.jpg
6654,C10,2025,7/3/25,7.5,7/4/25,20250704_C10_06654.jpg,1,/mnt/research-projects/j/jlgage/RawUAVData01/uavforslb/final_image/final_sliced/20250704_C10_06654.jpg
4168,C10,2025,6/30/25,7.5,6/28/25,20250628_C10_04168.jpg,-2,/mnt/research-projects/j/jlgage/RawUAVData01/uavforslb/final_image/final_sliced/20250628_C10_04168.jpg
7362,G3,2023,7/20/23,6.5,7/20/23,20230720_G3_07362.jpg,0,/mnt/research-projects/j/jlgage/RawUAVData01/uavforslb/final_image/final_sliced/20230720_G3_07362.jpg
5368,C10,2025,7/2/25,6.0,7/4/25,20250704_C10_05368.jpg,2,/mnt/research-projects/j/jlgage/RawUAVData01/uavforslb/final_image/final_sliced/20250704_C10_05368.jpg
6807,C10,2025,7/18/25,5.5,7/18/25,20250718_C10_06807.jpg,0,/mnt/research-projects/j/jlgage/RawUAVData01/uavforslb/final_image/final_sliced/20250718_C10_06807.jpg
10848,I3B,2023,7/19/23,6.0,7/20/23,20230720_I3B_10848.jpg,1,/mnt/research-projects/j/jlgage/RawUAVData01/uavforslb/final_image/final_sliced/20230720_I3B_10848.jpg
5422,C10,2025,7/11/25,3.0,7/11/25,20250711_C10_05422.jpg,0,/mnt/research-projects/j/jlgage/RawUAVData01/uavforslb/final_image/final_sliced/20250711_C10_05422.jpg
2772,C7B,2025,6/30/25,8.0,7/1/25,20250701_C7B_02772.jpg,1,/mnt/research-projects/j/jlgage/RawUAVData01/uavforslb/final_image/final_sliced/20250701_C7B_02772.jpg
7279,G3,2023,7/26/23,6.0,7/27/23,20230727_G3_07279.jpg,1,/mnt/research-projects/j/jlgage/RawUAVData01/uavforslb/final_image/final_sliced/20230727_G3_07279.jpg
1388,C7B,2025,7/1/25,7.0,7/1/25,20250701_C7B_01388.jpg,0,/mnt/research-projects/j/jlgage/RawUAVData01/uavforslb/final_image/final_sliced/20250701_C7B_01388.jpg
3098,G3,2023,7/19/23,8.0,7/20/23,20230720_G3_03098.jpg,1,/mnt/research-projects/j/jlgage/RawUAVData01/uavforslb/final_image/final_sliced/20230720_G3_03098.jpg
7528,G3,2023,7/26/23,8.0,7/27/23,20230727_G3_07528.jpg,1,/mnt/research-projects/j/jlgage/RawUAVData01/uavforslb/final_image/final_sliced/20230727_G3_07528.jpg
7436,G3,2023,7/26/23,5.0,7/27/23,20230727_G3_07436.jpg,1,/mnt/research-projects/j/jlgage/RawUAVData01/uavforslb/final_image/final_sliced/20230727_G3_07436.jpg
10792,I3B,2023,7/19/23,5.0,7/20/23,20230720_I3B_10792.jpg,1,/mnt/research-projects/j/jlgage/RawUAVData01/uavforslb/final_image/final_sliced/20230720_I3B_10792.jpg
9590,I3B,2023,7/12/23,5.0,7/13/23,20230713_I3B_09590.jpg,1,/mnt/research-projects/j/jlgage/RawUAVData01/uavforslb/final_image/final_sliced/20230713_I3B_09590.jpg
9707,I3B,2023,7/12/23,5.0,7/13/23,20230713_I3B_09707.jpg,1,/mnt/research-projects/j/jlgage/RawUAVData01/uavforslb/final_image/final_sliced/20230713_I3B_09707.jpg
986,C7B,2025,7/1/25,8.0,7/1/25,20250701_C7B_00986.jpg,0,/mnt/research-projects/j/jlgage/RawUAVData01/uavforslb/final_image/final_sliced/20250701_C7B_00986.jpg
4090,C10,2025,7/11/25,5.5,7/11/25,20250711_C10_04090.jpg,0,/mnt/research-projects/j/jlgage/RawUAVData01/uavforslb/final_image/final_sliced/20250711_C10_04090.jpg
7296,G3,2023,7/26/23,5.5,7/27/23,20230727_G3_07296.jpg,1,/mnt/research-projects/j/jlgage/RawUAVData01/uavforslb/final_image/final_sliced/20230727_G3_07296.jpg
5522,C10,2025,7/20/25,2.0,7/21/25,20250721_C10_05522.jpg,1,/mnt/research-projects/j/jlgage/RawUAVData01/uavforslb/final_image/final_sliced/20250721_C10_05522.jpg
1383,C7B,2025,7/1/25,8.0,7/1/25,20250701_C7B_01383.jpg,0,/mnt/research-projects/j/jlgage/RawUAVData01/uavforslb/final_image/final_sliced/20250701_C7B_01383.jpg
4360,C10,2025,7/19/25,2.0,7/18/25,20250718_C10_04360.jpg,-1,/mnt/research-projects/j/jlgage/RawUAVData01/uavforslb/final_image/final_sliced/20250718_C10_04360.jpg
10925,I3B,2023,7/19/23,6.0,7/20/23,20230720_I3B_10925.jpg,1,/mnt/research-projects/j/jlgage/RawUAVData01/uavforslb/final_image/final_sliced/20230720_I3B_10925.jpg
5189,C10,2025,7/2/25,5.5,7/4/25,20250704_C10_05189.jpg,2,/mnt/research-projects/j/jlgage/RawUAVData01/uavforslb/final_image/final_sliced/20250704_C10_05189.jpg
1566,C7B,2025,7/1/25,6.0,7/1/25,20250701_C7B_01566.jpg,0,/mnt/research-projects/j/jlgage/RawUAVData01/uavforslb/final_image/final_sliced/20250701_C7B_01566.jpg
9754,I3B,2023,7/12/23,5.0,7/13/23,20230713_I3B_09754.jpg,1,/mnt/research-projects/j/jlgage/RawUAVData01/uavforslb/final_image/final_sliced/20230713_I3B_09754.jpg
1444,C7B,2025,7/1/25,6.0,7/1/25,20250701_C7B_01444.jpg,0,/mnt/research-projects/j/jlgage/RawUAVData01/uavforslb/final_image/final_sliced/20250701_C7B_01444.jpg
1849,C7B,2025,7/7/25,3.0,7/7/25,20250707_C7B_01849.jpg,0,/mnt/research-projects/j/jlgage/RawUAVData01/uavforslb/final_image/final_sliced/20250707_C7B_01849.jpg
327,C7B,2025,7/4/25,7.5,7/4/25,20250704_C7B_00327.jpg,0,/mnt/research-projects/j/jlgage/RawUAVData01/uavforslb/final_image/final_sliced/20250704_C7B_00327.jpg
163,C7B,2025,7/4/25,5.5,7/4/25,20250704_C7B_00163.jpg,0,/mnt/research-projects/j/jlgage/RawUAVData01/uavforslb/final_image/final_sliced/20250704_C7B_00163.jpg
3060,G3,2023,7/26/23,7.5,7/27/23,20230727_G3_03060.jpg,1,/mnt/research-projects/j/jlgage/RawUAVData01/uavforslb/final_image/final_sliced/20230727_G3_03060.jpg
11062,I3B,2023,7/12/23,7.0,7/13/23,20230713_I3B_11062.jpg,1,/mnt/research-projects/j/jlgage/RawUAVData01/uavforslb/final_image/final_sliced/20230713_I3B_11062.jpg
1949,C7B,2025,7/7/25,8.0,7/7/25,20250707_C7B_01949.jpg,0,/mnt/research-projects/j/jlgage/RawUAVData01/uavforslb/final_image/final_sliced/20250707_C7B_01949.jpg
8066,G3,2023,7/19/23,5.0,7/20/23,20230720_G3_08066.jpg,1,/mnt/research-projects/j/jlgage/RawUAVData01/uavforslb/final_image/final_sliced/20230720_G3_08066.jpg
5470,C10,2025,7/11/25,5.0,7/11/25,20250711_C10_05470.jpg,0,/mnt/research-projects/j/jlgage/RawUAVData01/uavforslb/final_image/final_sliced/20250711_C10_05470.jpg
7228,G3,2023,7/19/23,7.0,7/20/23,20230720_G3_07228.jpg,1,/mnt/research-projects/j/jlgage/RawUAVData01/uavforslb/final_image/final_sliced/20230720_G3_07228.jpg
8062,G3,2023,7/19/23,8.0,7/20/23,20230720_G3_08062.jpg,1,/mnt/research-projects/j/jlgage/RawUAVData01/uavforslb/final_image/final_sliced/20230720_G3_08062.jpg
5728,C10,2025,7/19/25,2.5,7/18/25,20250718_C10_05728.jpg,-1,/mnt/research-projects/j/jlgage/RawUAVData01/uavforslb/final_image/final_sliced/20250718_C10_05728.jpg
9742,I3B,2023,7/12/23,5.0,7/13/23,20230713_I3B_09742.jpg,1,/mnt/research-projects/j/jlgage/RawUAVData01/uavforslb/final_image/final_sliced/20230713_I3B_09742.jpg
5115,C10,2025,7/20/25,2.5,7/21/25,20250721_C10_05115.jpg,1,/mnt/research-projects/j/jlgage/RawUAVData01/uavforslb/final_image/final_sliced/20250721_C10_05115.jpg
2687,C7B,2025,7/13/25,8.0,7/12/25,20250712_C7B_02687.jpg,-1,/mnt/research-projects/j/jlgage/RawUAVData01/uavforslb/final_image/final_sliced/20250712_C7B_02687.jpg
7324,G3,2023,7/20/23,7.5,7/20/23,20230720_G3_07324.jpg,0,/mnt/research-projects/j/jlgage/RawUAVData01/uavforslb/final_image/final_sliced/20230720_G3_07324.jpg
7225,G3,2023,7/26/23,2.5,7/27/23,20230727_G3_07225.jpg,1,/mnt/research-projects/j/jlgage/RawUAVData01/uavforslb/final_image/final_sliced/20230727_G3_07225.jpg
1619,C7B,2025,7/10/25,5.0,7/10/25,20250710_C7B_01619.jpg,0,/mnt/research-projects/j/jlgage/RawUAVData01/uavforslb/final_image/final_sliced/20250710_C7B_01619.jpg
11277,I3B,2023,7/19/23,6.5,7/20/23,20230720_I3B_11277.jpg,1,/mnt/research-projects/j/jlgage/RawUAVData01/uavforslb/final_image/final_sliced/20230720_I3B_11277.jpg
1948,C7B,2025,7/19/25,2.0,7/18/25,20250718_C7B_01948.jpg,-1,/mnt/research-projects/j/jlgage/RawUAVData01/uavforslb/final_image/final_sliced/20250718_C7B_01948.jpg
10817,I3B,2023,7/19/23,7.5,7/20/23,20230720_I3B_10817.jpg,1,/mnt/research-projects/j/jlgage/RawUAVData01/uavforslb/final_image/final_sliced/20230720_I3B_10817.jpg
1715,C7B,2025,7/7/25,5.0,7/7/25,20250707_C7B_01715.jpg,0,/mnt/research-projects/j/jlgage/RawUAVData01/uavforslb/final_image/final_sliced/20250707_C7B_01715.jpg
7435,G3,2023,7/20/23,7.5,7/20/23,20230720_G3_07435.jpg,0,/mnt/research-projects/j/jlgage/RawUAVData01/uavforslb/final_image/final_sliced/20230720_G3_07435.jpg
9998,I3B,2023,7/12/23,5.0,7/13/23,20230713_I3B_09998.jpg,1,/mnt/research-projects/j/jlgage/RawUAVData01/uavforslb/final_image/final_sliced/20230713_I3B_09998.jpg
268,C7B,2025,7/4/25,7.0,7/4/25,20250704_C7B_00268.jpg,0,/mnt/research-projects/j/jlgage/RawUAVData01/uavforslb/final_image/final_sliced/20250704_C7B_00268.jpg
6672,C10,2025,7/18/25,7.5,7/18/25,20250718_C10_06672.jpg,0,/mnt/research-projects/j/jlgage/RawUAVData01/uavforslb/final_image/final_sliced/20250718_C10_06672.jpg
4206,C10,2025,7/11/25,4.0,7/11/25,20250711_C10_04206.jpg,0,/mnt/research-projects/j/jlgage/RawUAVData01/uavforslb/final_image/final_sliced/20250711_C10_04206.jpg
7507,G3,2023,7/26/23,6.0,7/27/23,20230727_G3_07507.jpg,1,/mnt/research-projects/j/jlgage/RawUAVData01/uavforslb/final_image/final_sliced/20230727_G3_07507.jpg
10805,I3B,2023,7/19/23,5.5,7/20/23,20230720_I3B_10805.jpg,1,/mnt/research-projects/j/jlgage/RawUAVData01/uavforslb/final_image/final_sliced/20230720_I3B_10805.jpg
4952,C10,2025,7/11/25,4.0,7/11/25,20250711_C10_04952.jpg,0,/mnt/research-projects/j/jlgage/RawUAVData01/uavforslb/final_image/final_sliced/20250711_C10_04952.jpg
5112,C10,2025,7/11/25,5.0,7/11/25,20250711_C10_05112.jpg,0,/mnt/research-projects/j/jlgage/RawUAVData01/uavforslb/final_image/final_sliced/20250711_C10_05112.jpg
10014,I3B,2023,7/12/23,4.0,7/13/23,20230713_I3B_10014.jpg,1,/mnt/research-projects/j/jlgage/RawUAVData01/uavforslb/final_image/final_sliced/20230713_I3B_10014.jpg
6019,C10,2025,7/19/25,4.0,7/18/25,20250718_C10_06019.jpg,-1,/mnt/research-projects/j/jlgage/RawUAVData01/uavforslb/final_image/final_sliced/20250718_C10_06019.jpg
4698,C10,2025,7/20/25,3.0,7/21/25,20250721_C10_04698.jpg,1,/mnt/research-projects/j/jlgage/RawUAVData01/uavforslb/final_image/final_sliced/20250721_C10_04698.jpg
11102,I3B,2023,7/12/23,6.0,7/13/23,20230713_I3B_11102.jpg,1,/mnt/research-projects/j/jlgage/RawUAVData01/uavforslb/final_image/final_sliced/20230713_I3B_11102.jpg
11266,I3B,2023,7/19/23,5.0,7/20/23,20230720_I3B_11266.jpg,1,/mnt/research-projects/j/jlgage/RawUAVData01/uavforslb/final_image/final_sliced/20230720_I3B_11266.jpg
8038,G3,2023,7/26/23,5.5,7/27/23,20230727_G3_08038.jpg,1,/mnt/research-projects/j/jlgage/RawUAVData01/uavforslb/final_image/final_sliced/20230727_G3_08038.jpg
3202,G3,2023,7/26/23,3.0,7/27/23,20230727_G3_03202.jpg,1,/mnt/research-projects/j/jlgage/RawUAVData01/uavforslb/final_image/final_sliced/20230727_G3_03202.jpg
2727,C7B,2025,6/30/25,8.0,7/1/25,20250701_C7B_02727.jpg,1,/mnt/research-projects/j/jlgage/RawUAVData01/uavforslb/final_image/final_sliced/20250701_C7B_02727.jpg
4063,C10,2025,7/7/25,7.0,7/7/25,20250707_C10_04063.jpg,0,/mnt/research-projects/j/jlgage/RawUAVData01/uavforslb/final_image/final_sliced/20250707_C10_04063.jpg
6737,C10,2025,7/18/25,7.5,7/18/25,20250718_C10_06737.jpg,0,/mnt/research-projects/j/jlgage/RawUAVData01/uavforslb/final_image/final_sliced/20250718_C10_06737.jpg
4807,C10,2025,7/2/25,7.0,7/4/25,20250704_C10_04807.jpg,2,/mnt/research-projects/j/jlgage/RawUAVData01/uavforslb/final_image/final_sliced/20250704_C10_04807.jpg
1861,C7B,2025,7/19/25,5.0,7/18/25,20250718_C7B_01861.jpg,-1,/mnt/research-projects/j/jlgage/RawUAVData01/uavforslb/final_image/final_sliced/20250718_C7B_01861.jpg
5535,C10,2025,7/11/25,5.0,7/11/25,20250711_C10_05535.jpg,0,/mnt/research-projects/j/jlgage/RawUAVData01/uavforslb/final_image/final_sliced/20250711_C10_05535.jpg
10855,I3B,2023,7/19/23,6.0,7/20/23,20230720_I3B_10855.jpg,1,/mnt/research-projects/j/jlgage/RawUAVData01/uavforslb/final_image/final_sliced/20230720_I3B_10855.jpg
10268,I3B,2023,7/25/23,3.5,7/27/23,20230727_I3B_10268.jpg,2,/mnt/research-projects/j/jlgage/RawUAVData01/uavforslb/final_image/final_sliced/20230727_I3B_10268.jpg
4382,C10,2025,7/19/25,2.0,7/18/25,20250718_C10_04382.jpg,-1,/mnt/research-projects/j/jlgage/RawUAVData01/uavforslb/final_image/final_sliced/20250718_C10_04382.jpg
5867,C10,2025,7/11/25,6.0,7/11/25,20250711_C10_05867.jpg,0,/mnt/research-projects/j/jlgage/RawUAVData01/uavforslb/final_image/final_sliced/20250711_C10_05867.jpg
7386,G3,2023,7/20/23,7.5,7/20/23,20230720_G3_07386.jpg,0,/mnt/research-projects/j/jlgage/RawUAVData01/uavforslb/final_image/final_sliced/20230720_G3_07386.jpg
4977,C10,2025,7/20/25,3.0,7/21/25,20250721_C10_04977.jpg,1,/mnt/research-projects/j/jlgage/RawUAVData01/uavforslb/final_image/final_sliced/20250721_C10_04977.jpg
5611,C10,2025,7/11/25,4.0,7/11/25,20250711_C10_05611.jpg,0,/mnt/research-projects/j/jlgage/RawUAVData01/uavforslb/final_image/final_sliced/20250711_C10_05611.jpg
202,C7B,2025,7/18/25,4.0,7/18/25,20250718_C7B_00202.jpg,0,/mnt/research-projects/j/jlgage/RawUAVData01/uavforslb/final_image/final_sliced/20250718_C7B_00202.jpg
277,C7B,2025,6/30/25,7.0,7/1/25,20250701_C7B_00277.jpg,1,/mnt/research-projects/j/jlgage/RawUAVData01/uavforslb/final_image/final_sliced/20250701_C7B_00277.jpg
5050,C10,2025,7/20/25,1.5,7/21/25,20250721_C10_05050.jpg,1,/mnt/research-projects/j/jlgage/RawUAVData01/uavforslb/final_image/final_sliced/20250721_C10_05050.jpg
3044,G3,2023,7/26/23,6.0,7/27/23,20230727_G3_03044.jpg,1,/mnt/research-projects/j/jlgage/RawUAVData01/uavforslb/final_image/final_sliced/20230727_G3_03044.jpg
4041,C10,2025,7/19/25,4.0,7/18/25,20250718_C10_04041.jpg,-1,/mnt/research-projects/j/jlgage/RawUAVData01/uavforslb/final_image/final_sliced/20250718_C10_04041.jpg
10371,I3B,2023,7/25/23,3.0,7/27/23,20230727_I3B_10371.jpg,2,/mnt/research-projects/j/jlgage/RawUAVData01/uavforslb/final_image/final_sliced/20230727_I3B_10371.jpg
10811,I3B,2023,7/19/23,7.0,7/20/23,20230720_I3B_10811.jpg,1,/mnt/research-projects/j/jlgage/RawUAVData01/uavforslb/final_image/final_sliced/20230720_I3B_10811.jpg
11335,I3B,2023,7/19/23,7.5,7/20/23,20230720_I3B_11335.jpg,1,/mnt/research-projects/j/jlgage/RawUAVData01/uavforslb/final_image/final_sliced/20230720_I3B_11335.jpg
1362,C7B,2025,7/10/25,5.0,7/10/25,20250710_C7B_01362.jpg,0,/mnt/research-projects/j/jlgage/RawUAVData01/uavforslb/final_image/final_sliced/20250710_C7B_01362.jpg
6713,C10,2025,7/14/25,6.5,7/14/25,20250714_C10_06713.jpg,0,/mnt/research-projects/j/jlgage/RawUAVData01/uavforslb/final_image/final_sliced/20250714_C10_06713.jpg
11094,I3B,2023,7/12/23,6.5,7/13/23,20230713_I3B_11094.jpg,1,/mnt/research-projects/j/jlgage/RawUAVData01/uavforslb/final_image/final_sliced/20230713_I3B_11094.jpg
11222,I3B,2023,7/19/23,6.0,7/20/23,20230720_I3B_11222.jpg,1,/mnt/research-projects/j/jlgage/RawUAVData01/uavforslb/final_image/final_sliced/20230720_I3B_11222.jpg
10804,I3B,2023,7/19/23,7.0,7/20/23,20230720_I3B_10804.jpg,1,/mnt/research-projects/j/jlgage/RawUAVData01/uavforslb/final_image/final_sliced/20230720_I3B_10804.jpg
10732,I3B,2023,7/19/23,6.5,7/20/23,20230720_I3B_10732.jpg,1,/mnt/research-projects/j/jlgage/RawUAVData01/uavforslb/final_image/final_sliced/20230720_I3B_10732.jpg
7492,G3,2023,7/20/23,6.5,7/20/23,20230720_G3_07492.jpg,0,/mnt/research-projects/j/jlgage/RawUAVData01/uavforslb/final_image/final_sliced/20230720_G3_07492.jpg
3105,G3,2023,7/19/23,8.0,7/20/23,20230720_G3_03105.jpg,1,/mnt/research-projects/j/jlgage/RawUAVData01/uavforslb/final_image/final_sliced/20230720_G3_03105.jpg
190,C7B,2025,7/4/25,7.5,7/4/25,20250704_C7B_00190.jpg,0,/mnt/research-projects/j/jlgage/RawUAVData01/uavforslb/final_image/final_sliced/20250704_C7B_00190.jpg
4783,C10,2025,7/20/25,3.0,7/21/25,20250721_C10_04783.jpg,1,/mnt/research-projects/j/jlgage/RawUAVData01/uavforslb/final_image/final_sliced/20250721_C10_04783.jpg
4323,C10,2025,7/19/25,3.0,7/18/25,20250718_C10_04323.jpg,-1,/mnt/research-projects/j/jlgage/RawUAVData01/uavforslb/final_image/final_sliced/20250718_C10_04323.jpg
5076,C10,2025,7/11/25,4.0,7/11/25,20250711_C10_05076.jpg,0,/mnt/research-projects/j/jlgage/RawUAVData01/uavforslb/final_image/final_sliced/20250711_C10_05076.jpg
721,C7B,2025,7/18/25,2.5,7/18/25,20250718_C7B_00721.jpg,0,/mnt/research-projects/j/jlgage/RawUAVData01/uavforslb/final_image/final_sliced/20250718_C7B_00721.jpg
9779,I3B,2023,7/12/23,5.5,7/13/23,20230713_I3B_09779.jpg,1,/mnt/research-projects/j/jlgage/RawUAVData01/uavforslb/final_image/final_sliced/20230713_I3B_09779.jpg
7260,G3,2023,7/19/23,5.5,7/20/23,20230720_G3_07260.jpg,1,/mnt/research-projects/j/jlgage/RawUAVData01/uavforslb/final_image/final_sliced/20230720_G3_07260.jpg
929,C7B,2025,7/1/25,7.0,7/1/25,20250701_C7B_00929.jpg,0,/mnt/research-projects/j/jlgage/RawUAVData01/uavforslb/final_image/final_sliced/20250701_C7B_00929.jpg
369,C7B,2025,7/18/25,6.5,7/18/25,20250718_C7B_00369.jpg,0,/mnt/research-projects/j/jlgage/RawUAVData01/uavforslb/final_image/final_sliced/20250718_C7B_00369.jpg
5938,C10,2025,7/19/25,2.0,7/18/25,20250718_C10_05938.jpg,-1,/mnt/research-projects/j/jlgage/RawUAVData01/uavforslb/final_image/final_sliced/20250718_C10_05938.jpg
3143,G3,2023,7/19/23,6.5,7/20/23,20230720_G3_03143.jpg,1,/mnt/research-projects/j/jlgage/RawUAVData01/uavforslb/final_image/final_sliced/20230720_G3_03143.jpg
9839,I3B,2023,7/12/23,5.5,7/13/23,20230713_I3B_09839.jpg,1,/mnt/research-projects/j/jlgage/RawUAVData01/uavforslb/final_image/final_sliced/20230713_I3B_09839.jpg
7454,G3,2023,7/26/23,6.5,7/27/23,20230727_G3_07454.jpg,1,/mnt/research-projects/j/jlgage/RawUAVData01/uavforslb/final_image/final_sliced/20230727_G3_07454.jpg
135,C7B,2025,7/10/25,7.5,7/10/25,20250710_C7B_00135.jpg,0,/mnt/research-projects/j/jlgage/RawUAVData01/uavforslb/final_image/final_sliced/20250710_C7B_00135.jpg
4819,C10,2025,7/20/25,3.0,7/21/25,20250721_C10_04819.jpg,1,/mnt/research-projects/j/jlgage/RawUAVData01/uavforslb/final_image/final_sliced/20250721_C10_04819.jpg
9655,I3B,2023,7/12/23,5.0,7/13/23,20230713_I3B_09655.jpg,1,/mnt/research-projects/j/jlgage/RawUAVData01/uavforslb/final_image/final_sliced/20230713_I3B_09655.jpg
11199,I3B,2023,7/19/23,4.5,7/20/23,20230720_I3B_11199.jpg,1,/mnt/research-projects/j/jlgage/RawUAVData01/uavforslb/final_image/final_sliced/20230720_I3B_11199.jpg
9973,I3B,2023,7/12/23,6.0,7/13/23,20230713_I3B_09973.jpg,1,/mnt/research-projects/j/jlgage/RawUAVData01/uavforslb/final_image/final_sliced/20230713_I3B_09973.jpg
9915,I3B,2023,7/12/23,4.5,7/13/23,20230713_I3B_09915.jpg,1,/mnt/research-projects/j/jlgage/RawUAVData01/uavforslb/final_image/final_sliced/20230713_I3B_09915.jpg
4994,C10,2025,7/2/25,5.0,7/4/25,20250704_C10_04994.jpg,2,/mnt/research-projects/j/jlgage/RawUAVData01/uavforslb/final_image/final_sliced/20250704_C10_04994.jpg
11206,I3B,2023,7/19/23,6.5,7/20/23,20230720_I3B_11206.jpg,1,/mnt/research-projects/j/jlgage/RawUAVData01/uavforslb/final_image/final_sliced/20230720_I3B_11206.jpg
7474,G3,2023,7/26/23,6.0,7/27/23,20230727_G3_07474.jpg,1,/mnt/research-projects/j/jlgage/RawUAVData01/uavforslb/final_image/final_sliced/20230727_G3_07474.jpg
3057,G3,2023,7/26/23,7.0,7/27/23,20230727_G3_03057.jpg,1,/mnt/research-projects/j/jlgage/RawUAVData01/uavforslb/final_image/final_sliced/20230727_G3_03057.jpg
3100,G3,2023,7/19/23,7.5,7/20/23,20230720_G3_03100.jpg,1,/mnt/research-projects/j/jlgage/RawUAVData01/uavforslb/final_image/final_sliced/20230720_G3_03100.jpg
4936,C10,2025,7/2/25,7.5,7/4/25,20250704_C10_04936.jpg,2,/mnt/research-projects/j/jlgage/RawUAVData01/uavforslb/final_image/final_sliced/20250704_C10_04936.jpg
3093,G3,2023,7/26/23,7.0,7/27/23,20230727_G3_03093.jpg,1,/mnt/research-projects/j/jlgage/RawUAVData01/uavforslb/final_image/final_sliced/20230727_G3_03093.jpg
612,C7B,2025,7/18/25,3.0,7/18/25,20250718_C7B_00612.jpg,0,/mnt/research-projects/j/jlgage/RawUAVData01/uavforslb/final_image/final_sliced/20250718_C7B_00612.jpg
215,C7B,2025,7/4/25,6.5,7/4/25,20250704_C7B_00215.jpg,0,/mnt/research-projects/j/jlgage/RawUAVData01/uavforslb/final_image/final_sliced/20250704_C7B_00215.jpg
1456,C7B,2025,7/10/25,5.0,7/10/25,20250710_C7B_01456.jpg,0,/mnt/research-projects/j/jlgage/RawUAVData01/uavforslb/final_image/final_sliced/20250710_C7B_01456.jpg
2659,C7B,2025,7/8/25,8.0,7/7/25,20250707_C7B_02659.jpg,-1,/mnt/research-projects/j/jlgage/RawUAVData01/uavforslb/final_image/final_sliced/20250707_C7B_02659.jpg
4681,C10,2025,7/11/25,4.0,7/11/25,20250711_C10_04681.jpg,0,/mnt/research-projects/j/jlgage/RawUAVData01/uavforslb/final_image/final_sliced/20250711_C10_04681.jpg
4139,C10,2025,7/19/25,7.5,7/18/25,20250718_C10_04139.jpg,-1,/mnt/research-projects/j/jlgage/RawUAVData01/uavforslb/final_image/final_sliced/20250718_C10_04139.jpg
9609,I3B,2023,7/12/23,6.0,7/13/23,20230713_I3B_09609.jpg,1,/mnt/research-projects/j/jlgage/RawUAVData01/uavforslb/final_image/final_sliced/20230713_I3B_09609.jpg
5281,C10,2025,7/2/25,7.0,7/4/25,20250704_C10_05281.jpg,2,/mnt/research-projects/j/jlgage/RawUAVData01/uavforslb/final_image/final_sliced/20250704_C10_05281.jpg
6661,C10,2025,7/3/25,8.0,7/4/25,20250704_C10_06661.jpg,1,/mnt/research-projects/j/jlgage/RawUAVData01/uavforslb/final_image/final_sliced/20250704_C10_06661.jpg
4294,C10,2025,6/30/25,5.5,6/28/25,20250628_C10_04294.jpg,-2,/mnt/research-projects/j/jlgage/RawUAVData01/uavforslb/final_image/final_sliced/20250628_C10_04294.jpg
3095,G3,2023,7/26/23,8.0,7/27/23,20230727_G3_03095.jpg,1,/mnt/research-projects/j/jlgage/RawUAVData01/uavforslb/final_image/final_sliced/20230727_G3_03095.jpg
11141,I3B,2023,7/12/23,7.5,7/13/23,20230713_I3B_11141.jpg,1,/mnt/research-projects/j/jlgage/RawUAVData01/uavforslb/final_image/final_sliced/20230713_I3B_11141.jpg
10737,I3B,2023,7/19/23,5.5,7/20/23,20230720_I3B_10737.jpg,1,/mnt/research-projects/j/jlgage/RawUAVData01/uavforslb/final_image/final_sliced/20230720_I3B_10737.jpg
3132,G3,2023,7/26/23,7.0,7/27/23,20230727_G3_03132.jpg,1,/mnt/research-projects/j/jlgage/RawUAVData01/uavforslb/final_image/final_sliced/20230727_G3_03132.jpg
6870,C10,2025,7/3/25,6.0,7/4/25,20250704_C10_06870.jpg,1,/mnt/research-projects/j/jlgage/RawUAVData01/uavforslb/final_image/final_sliced/20250704_C10_06870.jpg
11145,I3B,2023,7/12/23,7.5,7/13/23,20230713_I3B_11145.jpg,1,/mnt/research-projects/j/jlgage/RawUAVData01/uavforslb/final_image/final_sliced/20230713_I3B_11145.jpg
9886,I3B,2023,7/12/23,5.0,7/13/23,20230713_I3B_09886.jpg,1,/mnt/research-projects/j/jlgage/RawUAVData01/uavforslb/final_image/final_sliced/20230713_I3B_09886.jpg
10794,I3B,2023,7/19/23,6.0,7/20/23,20230720_I3B_10794.jpg,1,/mnt/research-projects/j/jlgage/RawUAVData01/uavforslb/final_image/final_sliced/20230720_I3B_10794.jpg
6697,C10,2025,7/3/25,7.0,7/4/25,20250704_C10_06697.jpg,1,/mnt/research-projects/j/jlgage/RawUAVData01/uavforslb/final_image/final_sliced/20250704_C10_06697.jpg
778,C7B,2025,7/18/25,2.0,7/18/25,20250718_C7B_00778.jpg,0,/mnt/research-projects/j/jlgage/RawUAVData01/uavforslb/final_image/final_sliced/20250718_C7B_00778.jpg
11175,I3B,2023,7/12/23,7.0,7/13/23,20230713_I3B_11175.jpg,1,/mnt/research-projects/j/jlgage/RawUAVData01/uavforslb/final_image/final_sliced/20230713_I3B_11175.jpg
5914,C10,2025,7/11/25,3.0,7/11/25,20250711_C10_05914.jpg,0,/mnt/research-projects/j/jlgage/RawUAVData01/uavforslb/final_image/final_sliced/20250711_C10_05914.jpg
1991,C7B,2025,7/7/25,6.0,7/7/25,20250707_C7B_01991.jpg,0,/mnt/research-projects/j/jlgage/RawUAVData01/uavforslb/final_image/final_sliced/20250707_C7B_01991.jpg
342,C7B,2025,7/18/25,2.0,7/18/25,20250718_C7B_00342.jpg,0,/mnt/research-projects/j/jlgage/RawUAVData01/uavforslb/final_image/final_sliced/20250718_C7B_00342.jpg
5528,C10,2025,7/2/25,6.5,7/4/25,20250704_C10_05528.jpg,2,/mnt/research-projects/j/jlgage/RawUAVData01/uavforslb/final_image/final_sliced/20250704_C10_05528.jpg
3178,G3,2023,7/19/23,4.0,7/20/23,20230720_G3_03178.jpg,1,/mnt/research-projects/j/jlgage/RawUAVData01/uavforslb/final_image/final_sliced/20230720_G3_03178.jpg
4348,C10,2025,6/30/25,5.5,6/28/25,20250628_C10_04348.jpg,-2,/mnt/research-projects/j/jlgage/RawUAVData01/uavforslb/final_image/final_sliced/20250628_C10_04348.jpg
10859,I3B,2023,7/19/23,5.5,7/20/23,20230720_I3B_10859.jpg,1,/mnt/research-projects/j/jlgage/RawUAVData01/uavforslb/final_image/final_sliced/20230720_I3B_10859.jpg
1393,C7B,2025,7/1/25,7.5,7/1/25,20250701_C7B_01393.jpg,0,/mnt/research-projects/j/jlgage/RawUAVData01/uavforslb/final_image/final_sliced/20250701_C7B_01393.jpg
3148,G3,2023,7/19/23,5.0,7/20/23,20230720_G3_03148.jpg,1,/mnt/research-projects/j/jlgage/RawUAVData01/uavforslb/final_image/final_sliced/20230720_G3_03148.jpg
5783,C10,2025,7/19/25,5.0,7/18/25,20250718_C10_05783.jpg,-1,/mnt/research-projects/j/jlgage/RawUAVData01/uavforslb/final_image/final_sliced/20250718_C10_05783.jpg
10773,I3B,2023,7/19/23,5.5,7/20/23,20230720_I3B_10773.jpg,1,/mnt/research-projects/j/jlgage/RawUAVData01/uavforslb/final_image/final_sliced/20230720_I3B_10773.jpg
1853,C7B,2025,7/10/25,7.5,7/10/25,20250710_C7B_01853.jpg,0,/mnt/research-projects/j/jlgage/RawUAVData01/uavforslb/final_image/final_sliced/20250710_C7B_01853.jpg
1335,C7B,2025,7/10/25,6.0,7/10/25,20250710_C7B_01335.jpg,0,/mnt/research-projects/j/jlgage/RawUAVData01/uavforslb/final_image/final_sliced/20250710_C7B_01335.jpg
10045,I3B,2023,7/12/23,5.0,7/13/23,20230713_I3B_10045.jpg,1,/mnt/research-projects/j/jlgage/RawUAVData01/uavforslb/final_image/final_sliced/20230713_I3B_10045.jpg
9685,I3B,2023,7/12/23,5.5,7/13/23,20230713_I3B_09685.jpg,1,/mnt/research-projects/j/jlgage/RawUAVData01/uavforslb/final_image/final_sliced/20230713_I3B_09685.jpg
10798,I3B,2023,7/19/23,5.5,7/20/23,20230720_I3B_10798.jpg,1,/mnt/research-projects/j/jlgage/RawUAVData01/uavforslb/final_image/final_sliced/20230720_I3B_10798.jpg
9913,I3B,2023,7/12/23,5.0,7/13/23,20230713_I3B_09913.jpg,1,/mnt/research-projects/j/jlgage/RawUAVData01/uavforslb/final_image/final_sliced/20230713_I3B_09913.jpg
1662,C7B,2025,7/10/25,3.0,7/10/25,20250710_C7B_01662.jpg,0,/mnt/research-projects/j/jlgage/RawUAVData01/uavforslb/final_image/final_sliced/20250710_C7B_01662.jpg
9934,I3B,2023,7/12/23,4.5,7/13/23,20230713_I3B_09934.jpg,1,/mnt/research-projects/j/jlgage/RawUAVData01/uavforslb/final_image/final_sliced/20230713_I3B_09934.jpg
7538,G3,2023,7/20/23,8.0,7/20/23,20230720_G3_07538.jpg,0,/mnt/research-projects/j/jlgage/RawUAVData01/uavforslb/final_image/final_sliced/20230720_G3_07538.jpg
6840,C10,2025,7/18/25,7.0,7/18/25,20250718_C10_06840.jpg,0,/mnt/research-projects/j/jlgage/RawUAVData01/uavforslb/final_image/final_sliced/20250718_C10_06840.jpg
9852,I3B,2023,7/12/23,5.5,7/13/23,20230713_I3B_09852.jpg,1,/mnt/research-projects/j/jlgage/RawUAVData01/uavforslb/final_image/final_sliced/20230713_I3B_09852.jpg
765,C7B,2025,7/18/25,2.0,7/18/25,20250718_C7B_00765.jpg,0,/mnt/research-projects/j/jlgage/RawUAVData01/uavforslb/final_image/final_sliced/20250718_C7B_00765.jpg
1568,C7B,2025,7/18/25,2.0,7/18/25,20250718_C7B_01568.jpg,0,/mnt/research-projects/j/jlgage/RawUAVData01/uavforslb/final_image/final_sliced/20250718_C7B_01568.jpg
287,C7B,2025,7/18/25,5.5,7/18/25,20250718_C7B_00287.jpg,0,/mnt/research-projects/j/jlgage/RawUAVData01/uavforslb/final_image/final_sliced/20250718_C7B_00287.jpg
5378,C10,2025,7/2/25,5.5,7/4/25,20250704_C10_05378.jpg,2,/mnt/research-projects/j/jlgage/RawUAVData01/uavforslb/final_image/final_sliced/20250704_C10_05378.jpg
4239,C10,2025,7/11/25,6.5,7/11/25,20250711_C10_04239.jpg,0,/mnt/research-projects/j/jlgage/RawUAVData01/uavforslb/final_image/final_sliced/20250711_C10_04239.jpg
5961,C10,2025,7/11/25,4.0,7/11/25,20250711_C10_05961.jpg,0,/mnt/research-projects/j/jlgage/RawUAVData01/uavforslb/final_image/final_sliced/20250711_C10_05961.jpg
7495,G3,2023,7/26/23,8.0,7/27/23,20230727_G3_07495.jpg,1,/mnt/research-projects/j/jlgage/RawUAVData01/uavforslb/final_image/final_sliced/20230727_G3_07495.jpg
9708,I3B,2023,7/12/23,5.5,7/13/23,20230713_I3B_09708.jpg,1,/mnt/research-projects/j/jlgage/RawUAVData01/uavforslb/final_image/final_sliced/20230713_I3B_09708.jpg
7209,G3,2023,7/19/23,6.0,7/20/23,20230720_G3_07209.jpg,1,/mnt/research-projects/j/jlgage/RawUAVData01/uavforslb/final_image/final_sliced/20230720_G3_07209.jpg
1553,C7B,2025,7/10/25,6.0,7/10/25,20250710_C7B_01553.jpg,0,/mnt/research-projects/j/jlgage/RawUAVData01/uavforslb/final_image/final_sliced/20250710_C7B_01553.jpg
1797,C7B,2025,7/1/25,6.0,7/1/25,20250701_C7B_01797.jpg,0,/mnt/research-projects/j/jlgage/RawUAVData01/uavforslb/final_image/final_sliced/20250701_C7B_01797.jpg
8012,G3,2023,7/26/23,6.0,7/27/23,20230727_G3_08012.jpg,1,/mnt/research-projects/j/jlgage/RawUAVData01/uavforslb/final_image/final_sliced/20230727_G3_08012.jpg
7330,G3,2023,7/26/23,6.0,7/27/23,20230727_G3_07330.jpg,1,/mnt/research-projects/j/jlgage/RawUAVData01/uavforslb/final_image/final_sliced/20230727_G3_07330.jpg
8168,G3,2023,7/20/23,8.0,7/20/23,20230720_G3_08168.jpg,0,/mnt/research-projects/j/jlgage/RawUAVData01/uavforslb/final_image/final_sliced/20230720_G3_08168.jpg
1594,C7B,2025,7/10/25,5.0,7/10/25,20250710_C7B_01594.jpg,0,/mnt/research-projects/j/jlgage/RawUAVData01/uavforslb/final_image/final_sliced/20250710_C7B_01594.jpg
4046,C10,2025,7/19/25,5.0,7/18/25,20250718_C10_04046.jpg,-1,/mnt/research-projects/j/jlgage/RawUAVData01/uavforslb/final_image/final_sliced/20250718_C10_04046.jpg
8130,G3,2023,7/26/23,5.5,7/27/23,20230727_G3_08130.jpg,1,/mnt/research-projects/j/jlgage/RawUAVData01/uavforslb/final_image/final_sliced/20230727_G3_08130.jpg
328,C7B,2025,7/18/25,2.5,7/18/25,20250718_C7B_00328.jpg,0,/mnt/research-projects/j/jlgage/RawUAVData01/uavforslb/final_image/final_sliced/20250718_C7B_00328.jpg
3070,G3,2023,7/19/23,5.5,7/20/23,20230720_G3_03070.jpg,1,/mnt/research-projects/j/jlgage/RawUAVData01/uavforslb/final_image/final_sliced/20230720_G3_03070.jpg
10347,I3B,2023,7/25/23,3.5,7/27/23,20230727_I3B_10347.jpg,2,/mnt/research-projects/j/jlgage/RawUAVData01/uavforslb/final_image/final_sliced/20230727_I3B_10347.jpg
4721,C10,2025,7/11/25,5.0,7/11/25,20250711_C10_04721.jpg,0,/mnt/research-projects/j/jlgage/RawUAVData01/uavforslb/final_image/final_sliced/20250711_C10_04721.jpg
1581,C7B,2025,7/1/25,6.5,7/1/25,20250701_C7B_01581.jpg,0,/mnt/research-projects/j/jlgage/RawUAVData01/uavforslb/final_image/final_sliced/20250701_C7B_01581.jpg
6864,C10,2025,7/18/25,7.5,7/18/25,20250718_C10_06864.jpg,0,/mnt/research-projects/j/jlgage/RawUAVData01/uavforslb/final_image/final_sliced/20250718_C10_06864.jpg
10420,I3B,2023,7/25/23,3.0,7/27/23,20230727_I3B_10420.jpg,2,/mnt/research-projects/j/jlgage/RawUAVData01/uavforslb/final_image/final_sliced/20230727_I3B_10420.jpg
2794,C7B,2025,7/13/25,7.5,7/12/25,20250712_C7B_02794.jpg,-1,/mnt/research-projects/j/jlgage/RawUAVData01/uavforslb/final_image/final_sliced/20250712_C7B_02794.jpg
11081,I3B,2023,7/12/23,6.5,7/13/23,20230713_I3B_11081.jpg,1,/mnt/research-projects/j/jlgage/RawUAVData01/uavforslb/final_image/final_sliced/20230713_I3B_11081.jpg
11012,I3B,2023,7/19/23,7.5,7/20/23,20230720_I3B_11012.jpg,1,/mnt/research-projects/j/jlgage/RawUAVData01/uavforslb/final_image/final_sliced/20230720_I3B_11012.jpg
7521,G3,2023,7/26/23,8.0,7/27/23,20230727_G3_07521.jpg,1,/mnt/research-projects/j/jlgage/RawUAVData01/uavforslb/final_image/final_sliced/20230727_G3_07521.jpg
10310,I3B,2023,7/25/23,3.0,7/27/23,20230727_I3B_10310.jpg,2,/mnt/research-projects/j/jlgage/RawUAVData01/uavforslb/final_image/final_sliced/20230727_I3B_10310.jpg
5942,C10,2025,7/19/25,2.0,7/18/25,20250718_C10_05942.jpg,-1,/mnt/research-projects/j/jlgage/RawUAVData01/uavforslb/final_image/final_sliced/20250718_C10_05942.jpg
1828,C7B,2025,7/10/25,5.5,7/10/25,20250710_C7B_01828.jpg,0,/mnt/research-projects/j/jlgage/RawUAVData01/uavforslb/final_image/final_sliced/20250710_C7B_01828.jpg
5708,C10,2025,7/11/25,5.0,7/11/25,20250711_C10_05708.jpg,0,/mnt/research-projects/j/jlgage/RawUAVData01/uavforslb/final_image/final_sliced/20250711_C10_05708.jpg
7225,G3,2023,7/19/23,4.5,7/20/23,20230720_G3_07225.jpg,1,/mnt/research-projects/j/jlgage/RawUAVData01/uavforslb/final_image/final_sliced/20230720_G3_07225.jpg
9802,I3B,2023,7/12/23,4.5,7/13/23,20230713_I3B_09802.jpg,1,/mnt/research-projects/j/jlgage/RawUAVData01/uavforslb/final_image/final_sliced/20230713_I3B_09802.jpg
8152,G3,2023,7/26/23,8.0,7/27/23,20230727_G3_08152.jpg,1,/mnt/research-projects/j/jlgage/RawUAVData01/uavforslb/final_image/final_sliced/20230727_G3_08152.jpg
8173,G3,2023,7/20/23,6.0,7/20/23,20230720_G3_08173.jpg,0,/mnt/research-projects/j/jlgage/RawUAVData01/uavforslb/final_image/final_sliced/20230720_G3_08173.jpg
4580,C10,2025,7/2/25,7.5,7/4/25,20250704_C10_04580.jpg,2,/mnt/research-projects/j/jlgage/RawUAVData01/uavforslb/final_image/final_sliced/20250704_C10_04580.jpg
7403,G3,2023,7/26/23,4.0,7/27/23,20230727_G3_07403.jpg,1,/mnt/research-projects/j/jlgage/RawUAVData01/uavforslb/final_image/final_sliced/20230727_G3_07403.jpg
5101,C10,2025,7/20/25,1.5,7/21/25,20250721_C10_05101.jpg,1,/mnt/research-projects/j/jlgage/RawUAVData01/uavforslb/final_image/final_sliced/20250721_C10_05101.jpg
8166,G3,2023,7/26/23,6.0,7/27/23,20230727_G3_08166.jpg,1,/mnt/research-projects/j/jlgage/RawUAVData01/uavforslb/final_image/final_sliced/20230727_G3_08166.jpg
3056,G3,2023,7/19/23,7.5,7/20/23,20230720_G3_03056.jpg,1,/mnt/research-projects/j/jlgage/RawUAVData01/uavforslb/final_image/final_sliced/20230720_G3_03056.jpg
5436,C10,2025,7/2/25,7.0,7/4/25,20250704_C10_05436.jpg,2,/mnt/research-projects/j/jlgage/RawUAVData01/uavforslb/final_image/final_sliced/20250704_C10_05436.jpg
9996,I3B,2023,7/12/23,5.5,7/13/23,20230713_I3B_09996.jpg,1,/mnt/research-projects/j/jlgage/RawUAVData01/uavforslb/final_image/final_sliced/20230713_I3B_09996.jpg
6733,C10,2025,7/18/25,8.5,7/18/25,20250718_C10_06733.jpg,0,/mnt/research-projects/j/jlgage/RawUAVData01/uavforslb/final_image/final_sliced/20250718_C10_06733.jpg
11128,I3B,2023,7/12/23,8.0,7/13/23,20230713_I3B_11128.jpg,1,/mnt/research-projects/j/jlgage/RawUAVData01/uavforslb/final_image/final_sliced/20230713_I3B_11128.jpg
602,C7B,2025,6/30/25,6.0,7/1/25,20250701_C7B_00602.jpg,1,/mnt/research-projects/j/jlgage/RawUAVData01/uavforslb/final_image/final_sliced/20250701_C7B_00602.jpg
2716,C7B,2025,7/18/25,6.5,7/18/25,20250718_C7B_02716.jpg,0,/mnt/research-projects/j/jlgage/RawUAVData01/uavforslb/final_image/final_sliced/20250718_C7B_02716.jpg
6747,C10,2025,7/14/25,8.0,7/14/25,20250714_C10_06747.jpg,0,/mnt/research-projects/j/jlgage/RawUAVData01/uavforslb/final_image/final_sliced/20250714_C10_06747.jpg
10276,I3B,2023,7/25/23,3.0,7/27/23,20230727_I3B_10276.jpg,2,/mnt/research-projects/j/jlgage/RawUAVData01/uavforslb/final_image/final_sliced/20230727_I3B_10276.jpg
11283,I3B,2023,7/19/23,7.5,7/20/23,20230720_I3B_11283.jpg,1,/mnt/research-projects/j/jlgage/RawUAVData01/uavforslb/final_image/final_sliced/20230720_I3B_11283.jpg
10778,I3B,2023,7/19/23,5.0,7/20/23,20230720_I3B_10778.jpg,1,/mnt/research-projects/j/jlgage/RawUAVData01/uavforslb/final_image/final_sliced/20230720_I3B_10778.jpg
10399,I3B,2023,7/25/23,4.0,7/27/23,20230727_I3B_10399.jpg,2,/mnt/research-projects/j/jlgage/RawUAVData01/uavforslb/final_image/final_sliced/20230727_I3B_10399.jpg
2674,C7B,2025,7/18/25,7.0,7/18/25,20250718_C7B_02674.jpg,0,/mnt/research-projects/j/jlgage/RawUAVData01/uavforslb/final_image/final_sliced/20250718_C7B_02674.jpg
5128,C10,2025,7/2/25,7.0,7/4/25,20250704_C10_05128.jpg,2,/mnt/research-projects/j/jlgage/RawUAVData01/uavforslb/final_image/final_sliced/20250704_C10_05128.jpg
4089,C10,2025,7/11/25,4.0,7/11/25,20250711_C10_04089.jpg,0,/mnt/research-projects/j/jlgage/RawUAVData01/uavforslb/final_image/final_sliced/20250711_C10_04089.jpg
7270,G3,2023,7/26/23,8.0,7/27/23,20230727_G3_07270.jpg,1,/mnt/research-projects/j/jlgage/RawUAVData01/uavforslb/final_image/final_sliced/20230727_G3_07270.jpg
4353,C10,2025,6/30/25,7.0,6/28/25,20250628_C10_04353.jpg,-2,/mnt/research-projects/j/jlgage/RawUAVData01/uavforslb/final_image/final_sliced/20250628_C10_04353.jpg
10866,I3B,2023,7/19/23,5.0,7/20/23,20230720_I3B_10866.jpg,1,/mnt/research-projects/j/jlgage/RawUAVData01/uavforslb/final_image/final_sliced/20230720_I3B_10866.jpg
9992,I3B,2023,7/12/23,6.0,7/13/23,20230713_I3B_09992.jpg,1,/mnt/research-projects/j/jlgage/RawUAVData01/uavforslb/final_image/final_sliced/20230713_I3B_09992.jpg
6695,C10,2025,7/14/25,4.0,7/14/25,20250714_C10_06695.jpg,0,/mnt/research-projects/j/jlgage/RawUAVData01/uavforslb/final_image/final_sliced/20250714_C10_06695.jpg
4127,C10,2025,7/19/25,6.0,7/18/25,20250718_C10_04127.jpg,-1,/mnt/research-projects/j/jlgage/RawUAVData01/uavforslb/final_image/final_sliced/20250718_C10_04127.jpg
9755,I3B,2023,7/12/23,5.0,7/13/23,20230713_I3B_09755.jpg,1,/mnt/research-projects/j/jlgage/RawUAVData01/uavforslb/final_image/final_sliced/20230713_I3B_09755.jpg
7468,G3,2023,7/20/23,6.0,7/20/23,20230720_G3_07468.jpg,0,/mnt/research-projects/j/jlgage/RawUAVData01/uavforslb/final_image/final_sliced/20230720_G3_07468.jpg
5868,C10,2025,7/1/25,6.5,6/28/25,20250628_C10_05868.jpg,-3,/mnt/research-projects/j/jlgage/RawUAVData01/uavforslb/final_image/final_sliced/20250628_C10_05868.jpg
9572,I3B,2023,7/12/23,5.5,7/13/23,20230713_I3B_09572.jpg,1,/mnt/research-projects/j/jlgage/RawUAVData01/uavforslb/final_image/final_sliced/20230713_I3B_09572.jpg
7429,G3,2023,7/26/23,8.0,7/27/23,20230727_G3_07429.jpg,1,/mnt/research-projects/j/jlgage/RawUAVData01/uavforslb/final_image/final_sliced/20230727_G3_07429.jpg
6701,C10,2025,6/30/25,7.5,6/28/25,20250628_C10_06701.jpg,-2,/mnt/research-projects/j/jlgage/RawUAVData01/uavforslb/final_image/final_sliced/20250628_C10_06701.jpg
9672,I3B,2023,7/12/23,5.5,7/13/23,20230713_I3B_09672.jpg,1,/mnt/research-projects/j/jlgage/RawUAVData01/uavforslb/final_image/final_sliced/20230713_I3B_09672.jpg
6637,C10,2025,6/30/25,8.0,6/28/25,20250628_C10_06637.jpg,-2,/mnt/research-projects/j/jlgage/RawUAVData01/uavforslb/final_image/final_sliced/20250628_C10_06637.jpg
1546,C7B,2025,7/18/25,4.0,7/18/25,20250718_C7B_01546.jpg,0,/mnt/research-projects/j/jlgage/RawUAVData01/uavforslb/final_image/final_sliced/20250718_C7B_01546.jpg
9868,I3B,2023,7/12/23,4.5,7/13/23,20230713_I3B_09868.jpg,1,/mnt/research-projects/j/jlgage/RawUAVData01/uavforslb/final_image/final_sliced/20230713_I3B_09868.jpg
8058,G3,2023,7/26/23,5.0,7/27/23,20230727_G3_08058.jpg,1,/mnt/research-projects/j/jlgage/RawUAVData01/uavforslb/final_image/final_sliced/20230727_G3_08058.jpg
7282,G3,2023,7/20/23,8.0,7/20/23,20230720_G3_07282.jpg,0,/mnt/research-projects/j/jlgage/RawUAVData01/uavforslb/final_image/final_sliced/20230720_G3_07282.jpg
4242,C10,2025,6/30/25,5.0,6/28/25,20250628_C10_04242.jpg,-2,/mnt/research-projects/j/jlgage/RawUAVData01/uavforslb/final_image/final_sliced/20250628_C10_04242.jpg
34,C7B,2025,7/11/25,6.0,7/10/25,20250710_C7B_00034.jpg,-1,/mnt/research-projects/j/jlgage/RawUAVData01/uavforslb/final_image/final_sliced/20250710_C7B_00034.jpg
8057,G3,2023,7/26/23,4.0,7/27/23,20230727_G3_08057.jpg,1,/mnt/research-projects/j/jlgage/RawUAVData01/uavforslb/final_image/final_sliced/20230727_G3_08057.jpg
10865,I3B,2023,7/19/23,7.0,7/20/23,20230720_I3B_10865.jpg,1,/mnt/research-projects/j/jlgage/RawUAVData01/uavforslb/final_image/final_sliced/20230720_I3B_10865.jpg
1684,C7B,2025,7/10/25,6.5,7/10/25,20250710_C7B_01684.jpg,0,/mnt/research-projects/j/jlgage/RawUAVData01/uavforslb/final_image/final_sliced/20250710_C7B_01684.jpg
754,C7B,2025,7/10/25,6.0,7/10/25,20250710_C7B_00754.jpg,0,/mnt/research-projects/j/jlgage/RawUAVData01/uavforslb/final_image/final_sliced/20250710_C7B_00754.jpg
1851,C7B,2025,7/10/25,6.0,7/10/25,20250710_C7B_01851.jpg,0,/mnt/research-projects/j/jlgage/RawUAVData01/uavforslb/final_image/final_sliced/20250710_C7B_01851.jpg
5947,C10,2025,7/19/25,4.0,7/18/25,20250718_C10_05947.jpg,-1,/mnt/research-projects/j/jlgage/RawUAVData01/uavforslb/final_image/final_sliced/20250718_C10_05947.jpg
9660,I3B,2023,7/12/23,4.5,7/13/23,20230713_I3B_09660.jpg,1,/mnt/research-projects/j/jlgage/RawUAVData01/uavforslb/final_image/final_sliced/20230713_I3B_09660.jpg
10375,I3B,2023,7/25/23,4.0,7/27/23,20230727_I3B_10375.jpg,2,/mnt/research-projects/j/jlgage/RawUAVData01/uavforslb/final_image/final_sliced/20230727_I3B_10375.jpg
5726,C10,2025,7/1/25,8.0,6/28/25,20250628_C10_05726.jpg,-3,/mnt/research-projects/j/jlgage/RawUAVData01/uavforslb/final_image/final_sliced/20250628_C10_05726.jpg
10874,I3B,2023,7/19/23,6.0,7/20/23,20230720_I3B_10874.jpg,1,/mnt/research-projects/j/jlgage/RawUAVData01/uavforslb/final_image/final_sliced/20230720_I3B_10874.jpg
10801,I3B,2023,7/19/23,5.0,7/20/23,20230720_I3B_10801.jpg,1,/mnt/research-projects/j/jlgage/RawUAVData01/uavforslb/final_image/final_sliced/20230720_I3B_10801.jpg
1640,C7B,2025,7/1/25,7.5,7/1/25,20250701_C7B_01640.jpg,0,/mnt/research-projects/j/jlgage/RawUAVData01/uavforslb/final_image/final_sliced/20250701_C7B_01640.jpg
9867,I3B,2023,7/12/23,6.0,7/13/23,20230713_I3B_09867.jpg,1,/mnt/research-projects/j/jlgage/RawUAVData01/uavforslb/final_image/final_sliced/20230713_I3B_09867.jpg
5826,C10,2025,7/8/25,5.0,7/7/25,20250707_C10_05826.jpg,-1,/mnt/research-projects/j/jlgage/RawUAVData01/uavforslb/final_image/final_sliced/20250707_C10_05826.jpg
4060,C10,2025,7/19/25,5.0,7/18/25,20250718_C10_04060.jpg,-1,/mnt/research-projects/j/jlgage/RawUAVData01/uavforslb/final_image/final_sliced/20250718_C10_04060.jpg
10745,I3B,2023,7/19/23,6.0,7/20/23,20230720_I3B_10745.jpg,1,/mnt/research-projects/j/jlgage/RawUAVData01/uavforslb/final_image/final_sliced/20230720_I3B_10745.jpg
7451,G3,2023,7/26/23,5.0,7/27/23,20230727_G3_07451.jpg,1,/mnt/research-projects/j/jlgage/RawUAVData01/uavforslb/final_image/final_sliced/20230727_G3_07451.jpg
5613,C10,2025,7/2/25,7.0,7/4/25,20250704_C10_05613.jpg,2,/mnt/research-projects/j/jlgage/RawUAVData01/uavforslb/final_image/final_sliced/20250704_C10_05613.jpg
4130,C10,2025,7/11/25,4.0,7/11/25,20250711_C10_04130.jpg,0,/mnt/research-projects/j/jlgage/RawUAVData01/uavforslb/final_image/final_sliced/20250711_C10_04130.jpg
7329,G3,2023,7/26/23,4.0,7/27/23,20230727_G3_07329.jpg,1,/mnt/research-projects/j/jlgage/RawUAVData01/uavforslb/final_image/final_sliced/20230727_G3_07329.jpg
3129,G3,2023,7/26/23,4.0,7/27/23,20230727_G3_03129.jpg,1,/mnt/research-projects/j/jlgage/RawUAVData01/uavforslb/final_image/final_sliced/20230727_G3_03129.jpg
5181,C10,2025,7/11/25,6.5,7/11/25,20250711_C10_05181.jpg,0,/mnt/research-projects/j/jlgage/RawUAVData01/uavforslb/final_image/final_sliced/20250711_C10_05181.jpg
9666,I3B,2023,7/12/23,5.0,7/13/23,20230713_I3B_09666.jpg,1,/mnt/research-projects/j/jlgage/RawUAVData01/uavforslb/final_image/final_sliced/20230713_I3B_09666.jpg
7512,G3,2023,7/20/23,5.0,7/20/23,20230720_G3_07512.jpg,0,/mnt/research-projects/j/jlgage/RawUAVData01/uavforslb/final_image/final_sliced/20230720_G3_07512.jpg
3113,G3,2023,7/19/23,5.0,7/20/23,20230720_G3_03113.jpg,1,/mnt/research-projects/j/jlgage/RawUAVData01/uavforslb/final_image/final_sliced/20230720_G3_03113.jpg
3059,G3,2023,7/26/23,8.0,7/27/23,20230727_G3_03059.jpg,1,/mnt/research-projects/j/jlgage/RawUAVData01/uavforslb/final_image/final_sliced/20230727_G3_03059.jpg
10334,I3B,2023,7/25/23,3.0,7/27/23,20230727_I3B_10334.jpg,2,/mnt/research-projects/j/jlgage/RawUAVData01/uavforslb/final_image/final_sliced/20230727_I3B_10334.jpg
3135,G3,2023,7/19/23,8.0,7/20/23,20230720_G3_03135.jpg,1,/mnt/research-projects/j/jlgage/RawUAVData01/uavforslb/final_image/final_sliced/20230720_G3_03135.jpg
5246,C10,2025,7/11/25,4.0,7/11/25,20250711_C10_05246.jpg,0,/mnt/research-projects/j/jlgage/RawUAVData01/uavforslb/final_image/final_sliced/20250711_C10_05246.jpg
5710,C10,2025,7/1/25,7.0,6/28/25,20250628_C10_05710.jpg,-3,/mnt/research-projects/j/jlgage/RawUAVData01/uavforslb/final_image/final_sliced/20250628_C10_05710.jpg
9631,I3B,2023,7/12/23,6.5,7/13/23,20230713_I3B_09631.jpg,1,/mnt/research-projects/j/jlgage/RawUAVData01/uavforslb/final_image/final_sliced/20230713_I3B_09631.jpg
11150,I3B,2023,7/12/23,6.0,7/13/23,20230713_I3B_11150.jpg,1,/mnt/research-projects/j/jlgage/RawUAVData01/uavforslb/final_image/final_sliced/20230713_I3B_11150.jpg
7408,G3,2023,7/20/23,6.5,7/20/23,20230720_G3_07408.jpg,0,/mnt/research-projects/j/jlgage/RawUAVData01/uavforslb/final_image/final_sliced/20230720_G3_07408.jpg
5504,C10,2025,7/11/25,4.0,7/11/25,20250711_C10_05504.jpg,0,/mnt/research-projects/j/jlgage/RawUAVData01/uavforslb/final_image/final_sliced/20250711_C10_05504.jpg
3006,G3,2023,7/19/23,8.0,7/20/23,20230720_G3_03006.jpg,1,/mnt/research-projects/j/jlgage/RawUAVData01/uavforslb/final_image/final_sliced/20230720_G3_03006.jpg
7235,G3,2023,7/26/23,3.0,7/27/23,20230727_G3_07235.jpg,1,/mnt/research-projects/j/jlgage/RawUAVData01/uavforslb/final_image/final_sliced/20230727_G3_07235.jpg
7326,G3,2023,7/26/23,8.0,7/27/23,20230727_G3_07326.jpg,1,/mnt/research-projects/j/jlgage/RawUAVData01/uavforslb/final_image/final_sliced/20230727_G3_07326.jpg
3115,G3,2023,7/19/23,8.5,7/20/23,20230720_G3_03115.jpg,1,/mnt/research-projects/j/jlgage/RawUAVData01/uavforslb/final_image/final_sliced/20230720_G3_03115.jpg
5274,C10,2025,7/11/25,4.0,7/11/25,20250711_C10_05274.jpg,0,/mnt/research-projects/j/jlgage/RawUAVData01/uavforslb/final_image/final_sliced/20250711_C10_05274.jpg
3134,G3,2023,7/19/23,8.0,7/20/23,20230720_G3_03134.jpg,1,/mnt/research-projects/j/jlgage/RawUAVData01/uavforslb/final_image/final_sliced/20230720_G3_03134.jpg
1186,C7B,2025,7/10/25,6.5,7/10/25,20250710_C7B_01186.jpg,0,/mnt/research-projects/j/jlgage/RawUAVData01/uavforslb/final_image/final_sliced/20250710_C7B_01186.jpg
8140,G3,2023,7/20/23,7.5,7/20/23,20230720_G3_08140.jpg,0,/mnt/research-projects/j/jlgage/RawUAVData01/uavforslb/final_image/final_sliced/20230720_G3_08140.jpg
6854,C10,2025,6/30/25,8.0,6/28/25,20250628_C10_06854.jpg,-2,/mnt/research-projects/j/jlgage/RawUAVData01/uavforslb/final_image/final_sliced/20250628_C10_06854.jpg
5314,C10,2025,7/2/25,5.0,7/4/25,20250704_C10_05314.jpg,2,/mnt/research-projects/j/jlgage/RawUAVData01/uavforslb/final_image/final_sliced/20250704_C10_05314.jpg
4791,C10,2025,7/2/25,7.0,7/4/25,20250704_C10_04791.jpg,2,/mnt/research-projects/j/jlgage/RawUAVData01/uavforslb/final_image/final_sliced/20250704_C10_04791.jpg
10868,I3B,2023,7/19/23,7.5,7/20/23,20230720_I3B_10868.jpg,1,/mnt/research-projects/j/jlgage/RawUAVData01/uavforslb/final_image/final_sliced/20230720_I3B_10868.jpg
5085,C10,2025,7/2/25,8.0,7/4/25,20250704_C10_05085.jpg,2,/mnt/research-projects/j/jlgage/RawUAVData01/uavforslb/final_image/final_sliced/20250704_C10_05085.jpg
1728,C7B,2025,7/7/25,6.0,7/7/25,20250707_C7B_01728.jpg,0,/mnt/research-projects/j/jlgage/RawUAVData01/uavforslb/final_image/final_sliced/20250707_C7B_01728.jpg
236,C7B,2025,7/10/25,6.0,7/10/25,20250710_C7B_00236.jpg,0,/mnt/research-projects/j/jlgage/RawUAVData01/uavforslb/final_image/final_sliced/20250710_C7B_00236.jpg
10028,I3B,2023,7/12/23,6.5,7/13/23,20230713_I3B_10028.jpg,1,/mnt/research-projects/j/jlgage/RawUAVData01/uavforslb/final_image/final_sliced/20230713_I3B_10028.jpg
1647,C7B,2025,7/10/25,7.0,7/10/25,20250710_C7B_01647.jpg,0,/mnt/research-projects/j/jlgage/RawUAVData01/uavforslb/final_image/final_sliced/20250710_C7B_01647.jpg
199,C7B,2025,6/30/25,7.0,7/1/25,20250701_C7B_00199.jpg,1,/mnt/research-projects/j/jlgage/RawUAVData01/uavforslb/final_image/final_sliced/20250701_C7B_00199.jpg
2686,C7B,2025,7/13/25,7.0,7/12/25,20250712_C7B_02686.jpg,-1,/mnt/research-projects/j/jlgage/RawUAVData01/uavforslb/final_image/final_sliced/20250712_C7B_02686.jpg
3103,G3,2023,7/19/23,7.5,7/20/23,20230720_G3_03103.jpg,1,/mnt/research-projects/j/jlgage/RawUAVData01/uavforslb/final_image/final_sliced/20230720_G3_03103.jpg
9936,I3B,2023,7/12/23,5.5,7/13/23,20230713_I3B_09936.jpg,1,/mnt/research-projects/j/jlgage/RawUAVData01/uavforslb/final_image/final_sliced/20230713_I3B_09936.jpg
11364,I3B,2023,7/19/23,6.0,7/20/23,20230720_I3B_11364.jpg,1,/mnt/research-projects/j/jlgage/RawUAVData01/uavforslb/final_image/final_sliced/20230720_I3B_11364.jpg
4178,C10,2025,7/11/25,4.0,7/11/25,20250711_C10_04178.jpg,0,/mnt/research-projects/j/jlgage/RawUAVData01/uavforslb/final_image/final_sliced/20250711_C10_04178.jpg
5952,C10,2025,7/11/25,3.0,7/11/25,20250711_C10_05952.jpg,0,/mnt/research-projects/j/jlgage/RawUAVData01/uavforslb/final_image/final_sliced/20250711_C10_05952.jpg
6667,C10,2025,7/3/25,8.0,7/4/25,20250704_C10_06667.jpg,1,/mnt/research-projects/j/jlgage/RawUAVData01/uavforslb/final_image/final_sliced/20250704_C10_06667.jpg
9736,I3B,2023,7/12/23,5.0,7/13/23,20230713_I3B_09736.jpg,1,/mnt/research-projects/j/jlgage/RawUAVData01/uavforslb/final_image/final_sliced/20230713_I3B_09736.jpg
537,C7B,2025,7/10/25,4.5,7/10/25,20250710_C7B_00537.jpg,0,/mnt/research-projects/j/jlgage/RawUAVData01/uavforslb/final_image/final_sliced/20250710_C7B_00537.jpg
5186,C10,2025,7/20/25,2.0,7/21/25,20250721_C10_05186.jpg,1,/mnt/research-projects/j/jlgage/RawUAVData01/uavforslb/final_image/final_sliced/20250721_C10_05186.jpg
4502,C10,2025,7/11/25,7.0,7/11/25,20250711_C10_04502.jpg,0,/mnt/research-projects/j/jlgage/RawUAVData01/uavforslb/final_image/final_sliced/20250711_C10_04502.jpg
10414,I3B,2023,7/25/23,4.0,7/27/23,20230727_I3B_10414.jpg,2,/mnt/research-projects/j/jlgage/RawUAVData01/uavforslb/final_image/final_sliced/20230727_I3B_10414.jpg
4216,C10,2025,6/30/25,6.0,6/28/25,20250628_C10_04216.jpg,-2,/mnt/research-projects/j/jlgage/RawUAVData01/uavforslb/final_image/final_sliced/20250628_C10_04216.jpg
11140,I3B,2023,7/12/23,7.5,7/13/23,20230713_I3B_11140.jpg,1,/mnt/research-projects/j/jlgage/RawUAVData01/uavforslb/final_image/final_sliced/20230713_I3B_11140.jpg
7250,G3,2023,7/26/23,7.5,7/27/23,20230727_G3_07250.jpg,1,/mnt/research-projects/j/jlgage/RawUAVData01/uavforslb/final_image/final_sliced/20230727_G3_07250.jpg
8085,G3,2023,7/26/23,8.0,7/27/23,20230727_G3_08085.jpg,1,/mnt/research-projects/j/jlgage/RawUAVData01/uavforslb/final_image/final_sliced/20230727_G3_08085.jpg
9806,I3B,2023,7/12/23,7.0,7/13/23,20230713_I3B_09806.jpg,1,/mnt/research-projects/j/jlgage/RawUAVData01/uavforslb/final_image/final_sliced/20230713_I3B_09806.jpg
4766,C10,2025,7/20/25,2.0,7/21/25,20250721_C10_04766.jpg,1,/mnt/research-projects/j/jlgage/RawUAVData01/uavforslb/final_image/final_sliced/20250721_C10_04766.jpg
9796,I3B,2023,7/12/23,5.5,7/13/23,20230713_I3B_09796.jpg,1,/mnt/research-projects/j/jlgage/RawUAVData01/uavforslb/final_image/final_sliced/20230713_I3B_09796.jpg
9665,I3B,2023,7/12/23,4.0,7/13/23,20230713_I3B_09665.jpg,1,/mnt/research-projects/j/jlgage/RawUAVData01/uavforslb/final_image/final_sliced/20230713_I3B_09665.jpg
7491,G3,2023,7/20/23,8.0,7/20/23,20230720_G3_07491.jpg,0,/mnt/research-projects/j/jlgage/RawUAVData01/uavforslb/final_image/final_sliced/20230720_G3_07491.jpg
7294,G3,2023,7/26/23,8.5,7/27/23,20230727_G3_07294.jpg,1,/mnt/research-projects/j/jlgage/RawUAVData01/uavforslb/final_image/final_sliced/20230727_G3_07294.jpg
7325,G3,2023,7/26/23,7.0,7/27/23,20230727_G3_07325.jpg,1,/mnt/research-projects/j/jlgage/RawUAVData01/uavforslb/final_image/final_sliced/20230727_G3_07325.jpg
8059,G3,2023,7/19/23,6.5,7/20/23,20230720_G3_08059.jpg,1,/mnt/research-projects/j/jlgage/RawUAVData01/uavforslb/final_image/final_sliced/20230720_G3_08059.jpg
9967,I3B,2023,7/12/23,6.0,7/13/23,20230713_I3B_09967.jpg,1,/mnt/research-projects/j/jlgage/RawUAVData01/uavforslb/final_image/final_sliced/20230713_I3B_09967.jpg
7417,G3,2023,7/26/23,4.5,7/27/23,20230727_G3_07417.jpg,1,/mnt/research-projects/j/jlgage/RawUAVData01/uavforslb/final_image/final_sliced/20230727_G3_07417.jpg
4532,C10,2025,7/20/25,4.0,7/21/25,20250721_C10_04532.jpg,1,/mnt/research-projects/j/jlgage/RawUAVData01/uavforslb/final_image/final_sliced/20250721_C10_04532.jpg
9669,I3B,2023,7/12/23,5.5,7/13/23,20230713_I3B_09669.jpg,1,/mnt/research-projects/j/jlgage/RawUAVData01/uavforslb/final_image/final_sliced/20230713_I3B_09669.jpg
9910,I3B,2023,7/12/23,4.5,7/13/23,20230713_I3B_09910.jpg,1,/mnt/research-projects/j/jlgage/RawUAVData01/uavforslb/final_image/final_sliced/20230713_I3B_09910.jpg
9795,I3B,2023,7/12/23,5.0,7/13/23,20230713_I3B_09795.jpg,1,/mnt/research-projects/j/jlgage/RawUAVData01/uavforslb/final_image/final_sliced/20230713_I3B_09795.jpg
2670,C7B,2025,7/13/25,7.5,7/12/25,20250712_C7B_02670.jpg,-1,/mnt/research-projects/j/jlgage/RawUAVData01/uavforslb/final_image/final_sliced/20250712_C7B_02670.jpg
11088,I3B,2023,7/12/23,7.0,7/13/23,20230713_I3B_11088.jpg,1,/mnt/research-projects/j/jlgage/RawUAVData01/uavforslb/final_image/final_sliced/20230713_I3B_11088.jpg
10353,I3B,2023,7/25/23,4.0,7/27/23,20230727_I3B_10353.jpg,2,/mnt/research-projects/j/jlgage/RawUAVData01/uavforslb/final_image/final_sliced/20230727_I3B_10353.jpg
8041,G3,2023,7/19/23,8.0,7/20/23,20230720_G3_08041.jpg,1,/mnt/research-projects/j/jlgage/RawUAVData01/uavforslb/final_image/final_sliced/20230720_G3_08041.jpg
7366,G3,2023,7/26/23,6.0,7/27/23,20230727_G3_07366.jpg,1,/mnt/research-projects/j/jlgage/RawUAVData01/uavforslb/final_image/final_sliced/20230727_G3_07366.jpg
11346,I3B,2023,7/19/23,6.0,7/20/23,20230720_I3B_11346.jpg,1,/mnt/research-projects/j/jlgage/RawUAVData01/uavforslb/final_image/final_sliced/20230720_I3B_11346.jpg
4990,C10,2025,7/11/25,5.0,7/11/25,20250711_C10_04990.jpg,0,/mnt/research-projects/j/jlgage/RawUAVData01/uavforslb/final_image/final_sliced/20250711_C10_04990.jpg
5870,C10,2025,7/1/25,7.0,6/28/25,20250628_C10_05870.jpg,-3,/mnt/research-projects/j/jlgage/RawUAVData01/uavforslb/final_image/final_sliced/20250628_C10_05870.jpg
7295,G3,2023,7/26/23,8.0,7/27/23,20230727_G3_07295.jpg,1,/mnt/research-projects/j/jlgage/RawUAVData01/uavforslb/final_image/final_sliced/20230727_G3_07295.jpg
5382,C10,2025,7/2/25,6.5,7/4/25,20250704_C10_05382.jpg,2,/mnt/research-projects/j/jlgage/RawUAVData01/uavforslb/final_image/final_sliced/20250704_C10_05382.jpg
7544,G3,2023,7/26/23,4.5,7/27/23,20230727_G3_07544.jpg,1,/mnt/research-projects/j/jlgage/RawUAVData01/uavforslb/final_image/final_sliced/20230727_G3_07544.jpg
1547,C7B,2025,7/1/25,7.5,7/1/25,20250701_C7B_01547.jpg,0,/mnt/research-projects/j/jlgage/RawUAVData01/uavforslb/final_image/final_sliced/20250701_C7B_01547.jpg
7471,G3,2023,7/26/23,6.0,7/27/23,20230727_G3_07471.jpg,1,/mnt/research-projects/j/jlgage/RawUAVData01/uavforslb/final_image/final_sliced/20230727_G3_07471.jpg
1760,C7B,2025,7/19/25,2.0,7/18/25,20250718_C7B_01760.jpg,-1,/mnt/research-projects/j/jlgage/RawUAVData01/uavforslb/final_image/final_sliced/20250718_C7B_01760.jpg
3015,G3,2023,7/26/23,7.0,7/27/23,20230727_G3_03015.jpg,1,/mnt/research-projects/j/jlgage/RawUAVData01/uavforslb/final_image/final_sliced/20230727_G3_03015.jpg
11232,I3B,2023,7/19/23,6.0,7/20/23,20230720_I3B_11232.jpg,1,/mnt/research-projects/j/jlgage/RawUAVData01/uavforslb/final_image/final_sliced/20230720_I3B_11232.jpg
7311,G3,2023,7/26/23,5.5,7/27/23,20230727_G3_07311.jpg,1,/mnt/research-projects/j/jlgage/RawUAVData01/uavforslb/final_image/final_sliced/20230727_G3_07311.jpg
4194,C10,2025,7/7/25,5.0,7/7/25,20250707_C10_04194.jpg,0,/mnt/research-projects/j/jlgage/RawUAVData01/uavforslb/final_image/final_sliced/20250707_C10_04194.jpg
6748,C10,2025,7/14/25,7.5,7/14/25,20250714_C10_06748.jpg,0,/mnt/research-projects/j/jlgage/RawUAVData01/uavforslb/final_image/final_sliced/20250714_C10_06748.jpg
7344,G3,2023,7/20/23,5.0,7/20/23,20230720_G3_07344.jpg,0,/mnt/research-projects/j/jlgage/RawUAVData01/uavforslb/final_image/final_sliced/20230720_G3_07344.jpg
3069,G3,2023,7/19/23,7.5,7/20/23,20230720_G3_03069.jpg,1,/mnt/research-projects/j/jlgage/RawUAVData01/uavforslb/final_image/final_sliced/20230720_G3_03069.jpg
8127,G3,2023,7/20/23,6.5,7/20/23,20230720_G3_08127.jpg,0,/mnt/research-projects/j/jlgage/RawUAVData01/uavforslb/final_image/final_sliced/20230720_G3_08127.jpg
9920,I3B,2023,7/12/23,5.5,7/13/23,20230713_I3B_09920.jpg,1,/mnt/research-projects/j/jlgage/RawUAVData01/uavforslb/final_image/final_sliced/20230713_I3B_09920.jpg
7399,G3,2023,7/20/23,8.0,7/20/23,20230720_G3_07399.jpg,0,/mnt/research-projects/j/jlgage/RawUAVData01/uavforslb/final_image/final_sliced/20230720_G3_07399.jpg
7229,G3,2023,7/26/23,5.0,7/27/23,20230727_G3_07229.jpg,1,/mnt/research-projects/j/jlgage/RawUAVData01/uavforslb/final_image/final_sliced/20230727_G3_07229.jpg
1831,C7B,2025,7/7/25,7.0,7/7/25,20250707_C7B_01831.jpg,0,/mnt/research-projects/j/jlgage/RawUAVData01/uavforslb/final_image/final_sliced/20250707_C7B_01831.jpg
9865,I3B,2023,7/12/23,4.5,7/13/23,20230713_I3B_09865.jpg,1,/mnt/research-projects/j/jlgage/RawUAVData01/uavforslb/final_image/final_sliced/20230713_I3B_09865.jpg
3096,G3,2023,7/19/23,8.5,7/20/23,20230720_G3_03096.jpg,1,/mnt/research-projects/j/jlgage/RawUAVData01/uavforslb/final_image/final_sliced/20230720_G3_03096.jpg
6756,C10,2025,6/30/25,8.5,6/28/25,20250628_C10_06756.jpg,-2,/mnt/research-projects/j/jlgage/RawUAVData01/uavforslb/final_image/final_sliced/20250628_C10_06756.jpg
4933,C10,2025,7/20/25,2.0,7/21/25,20250721_C10_04933.jpg,1,/mnt/research-projects/j/jlgage/RawUAVData01/uavforslb/final_image/final_sliced/20250721_C10_04933.jpg
11261,I3B,2023,7/19/23,5.5,7/20/23,20230720_I3B_11261.jpg,1,/mnt/research-projects/j/jlgage/RawUAVData01/uavforslb/final_image/final_sliced/20230720_I3B_11261.jpg
4760,C10,2025,7/2/25,7.0,7/4/25,20250704_C10_04760.jpg,2,/mnt/research-projects/j/jlgage/RawUAVData01/uavforslb/final_image/final_sliced/20250704_C10_04760.jpg
7448,G3,2023,7/26/23,4.5,7/27/23,20230727_G3_07448.jpg,1,/mnt/research-projects/j/jlgage/RawUAVData01/uavforslb/final_image/final_sliced/20230727_G3_07448.jpg
4905,C10,2025,7/11/25,4.0,7/11/25,20250711_C10_04905.jpg,0,/mnt/research-projects/j/jlgage/RawUAVData01/uavforslb/final_image/final_sliced/20250711_C10_04905.jpg
205,C7B,2025,7/4/25,8.0,7/4/25,20250704_C7B_00205.jpg,0,/mnt/research-projects/j/jlgage/RawUAVData01/uavforslb/final_image/final_sliced/20250704_C7B_00205.jpg
837,C7B,2025,7/10/25,5.0,7/10/25,20250710_C7B_00837.jpg,0,/mnt/research-projects/j/jlgage/RawUAVData01/uavforslb/final_image/final_sliced/20250710_C7B_00837.jpg
1050,C7B,2025,7/18/25,3.0,7/18/25,20250718_C7B_01050.jpg,0,/mnt/research-projects/j/jlgage/RawUAVData01/uavforslb/final_image/final_sliced/20250718_C7B_01050.jpg
4447,C10,2025,6/30/25,7.5,6/28/25,20250628_C10_04447.jpg,-2,/mnt/research-projects/j/jlgage/RawUAVData01/uavforslb/final_image/final_sliced/20250628_C10_04447.jpg
969,C7B,2025,7/18/25,4.0,7/18/25,20250718_C7B_00969.jpg,0,/mnt/research-projects/j/jlgage/RawUAVData01/uavforslb/final_image/final_sliced/20250718_C7B_00969.jpg
4754,C10,2025,7/20/25,1.5,7/21/25,20250721_C10_04754.jpg,1,/mnt/research-projects/j/jlgage/RawUAVData01/uavforslb/final_image/final_sliced/20250721_C10_04754.jpg
6767,C10,2025,7/8/25,7.5,7/7/25,20250707_C10_06767.jpg,-1,/mnt/research-projects/j/jlgage/RawUAVData01/uavforslb/final_image/final_sliced/20250707_C10_06767.jpg
962,C7B,2025,7/10/25,7.0,7/10/25,20250710_C7B_00962.jpg,0,/mnt/research-projects/j/jlgage/RawUAVData01/uavforslb/final_image/final_sliced/20250710_C7B_00962.jpg
6750,C10,2025,7/14/25,8.0,7/14/25,20250714_C10_06750.jpg,0,/mnt/research-projects/j/jlgage/RawUAVData01/uavforslb/final_image/final_sliced/20250714_C10_06750.jpg
7335,G3,2023,7/26/23,7.5,7/27/23,20230727_G3_07335.jpg,1,/mnt/research-projects/j/jlgage/RawUAVData01/uavforslb/final_image/final_sliced/20230727_G3_07335.jpg
3208,G3,2023,7/19/23,7.0,7/20/23,20230720_G3_03208.jpg,1,/mnt/research-projects/j/jlgage/RawUAVData01/uavforslb/final_image/final_sliced/20230720_G3_03208.jpg
4137,C10,2025,7/7/25,4.0,7/7/25,20250707_C10_04137.jpg,0,/mnt/research-projects/j/jlgage/RawUAVData01/uavforslb/final_image/final_sliced/20250707_C10_04137.jpg
4781,C10,2025,7/11/25,4.0,7/11/25,20250711_C10_04781.jpg,0,/mnt/research-projects/j/jlgage/RawUAVData01/uavforslb/final_image/final_sliced/20250711_C10_04781.jpg
11194,I3B,2023,7/19/23,5.5,7/20/23,20230720_I3B_11194.jpg,1,/mnt/research-projects/j/jlgage/RawUAVData01/uavforslb/final_image/final_sliced/20230720_I3B_11194.jpg
4778,C10,2025,7/2/25,6.5,7/4/25,20250704_C10_04778.jpg,2,/mnt/research-projects/j/jlgage/RawUAVData01/uavforslb/final_image/final_sliced/20250704_C10_04778.jpg
1905,C7B,2025,7/10/25,5.0,7/10/25,20250710_C7B_01905.jpg,0,/mnt/research-projects/j/jlgage/RawUAVData01/uavforslb/final_image/final_sliced/20250710_C7B_01905.jpg
1493,C7B,2025,7/18/25,4.0,7/18/25,20250718_C7B_01493.jpg,0,/mnt/research-projects/j/jlgage/RawUAVData01/uavforslb/final_image/final_sliced/20250718_C7B_01493.jpg
9810,I3B,2023,7/12/23,6.0,7/13/23,20230713_I3B_09810.jpg,1,/mnt/research-projects/j/jlgage/RawUAVData01/uavforslb/final_image/final_sliced/20230713_I3B_09810.jpg
3060,G3,2023,7/19/23,8.0,7/20/23,20230720_G3_03060.jpg,1,/mnt/research-projects/j/jlgage/RawUAVData01/uavforslb/final_image/final_sliced/20230720_G3_03060.jpg
7531,G3,2023,7/20/23,6.5,7/20/23,20230720_G3_07531.jpg,0,/mnt/research-projects/j/jlgage/RawUAVData01/uavforslb/final_image/final_sliced/20230720_G3_07531.jpg
5860,C10,2025,7/11/25,5.5,7/11/25,20250711_C10_05860.jpg,0,/mnt/research-projects/j/jlgage/RawUAVData01/uavforslb/final_image/final_sliced/20250711_C10_05860.jpg
9626,I3B,2023,7/12/23,5.5,7/13/23,20230713_I3B_09626.jpg,1,/mnt/research-projects/j/jlgage/RawUAVData01/uavforslb/final_image/final_sliced/20230713_I3B_09626.jpg
10275,I3B,2023,7/25/23,3.0,7/27/23,20230727_I3B_10275.jpg,2,/mnt/research-projects/j/jlgage/RawUAVData01/uavforslb/final_image/final_sliced/20230727_I3B_10275.jpg
392,C7B,2025,6/30/25,6.0,7/1/25,20250701_C7B_00392.jpg,1,/mnt/research-projects/j/jlgage/RawUAVData01/uavforslb/final_image/final_sliced/20250701_C7B_00392.jpg
11004,I3B,2023,7/19/23,5.5,7/20/23,20230720_I3B_11004.jpg,1,/mnt/research-projects/j/jlgage/RawUAVData01/uavforslb/final_image/final_sliced/20230720_I3B_11004.jpg
4223,C10,2025,7/19/25,4.0,7/18/25,20250718_C10_04223.jpg,-1,/mnt/research-projects/j/jlgage/RawUAVData01/uavforslb/final_image/final_sliced/20250718_C10_04223.jpg
5587,C10,2025,7/2/25,6.5,7/4/25,20250704_C10_05587.jpg,2,/mnt/research-projects/j/jlgage/RawUAVData01/uavforslb/final_image/final_sliced/20250704_C10_05587.jpg
9765,I3B,2023,7/12/23,5.5,7/13/23,20230713_I3B_09765.jpg,1,/mnt/research-projects/j/jlgage/RawUAVData01/uavforslb/final_image/final_sliced/20230713_I3B_09765.jpg
7248,G3,2023,7/26/23,4.0,7/27/23,20230727_G3_07248.jpg,1,/mnt/research-projects/j/jlgage/RawUAVData01/uavforslb/final_image/final_sliced/20230727_G3_07248.jpg
5619,C10,2025,7/2/25,7.0,7/4/25,20250704_C10_05619.jpg,2,/mnt/research-projects/j/jlgage/RawUAVData01/uavforslb/final_image/final_sliced/20250704_C10_05619.jpg
7487,G3,2023,7/20/23,6.5,7/20/23,20230720_G3_07487.jpg,0,/mnt/research-projects/j/jlgage/RawUAVData01/uavforslb/final_image/final_sliced/20230720_G3_07487.jpg
7527,G3,2023,7/20/23,5.5,7/20/23,20230720_G3_07527.jpg,0,/mnt/research-projects/j/jlgage/RawUAVData01/uavforslb/final_image/final_sliced/20230720_G3_07527.jpg
8131,G3,2023,7/20/23,7.5,7/20/23,20230720_G3_08131.jpg,0,/mnt/research-projects/j/jlgage/RawUAVData01/uavforslb/final_image/final_sliced/20230720_G3_08131.jpg
91,C7B,2025,7/4/25,5.5,7/4/25,20250704_C7B_00091.jpg,0,/mnt/research-projects/j/jlgage/RawUAVData01/uavforslb/final_image/final_sliced/20250704_C7B_00091.jpg
4326,C10,2025,7/11/25,5.0,7/11/25,20250711_C10_04326.jpg,0,/mnt/research-projects/j/jlgage/RawUAVData01/uavforslb/final_image/final_sliced/20250711_C10_04326.jpg
9619,I3B,2023,7/12/23,6.0,7/13/23,20230713_I3B_09619.jpg,1,/mnt/research-projects/j/jlgage/RawUAVData01/uavforslb/final_image/final_sliced/20230713_I3B_09619.jpg
7433,G3,2023,7/20/23,6.5,7/20/23,20230720_G3_07433.jpg,0,/mnt/research-projects/j/jlgage/RawUAVData01/uavforslb/final_image/final_sliced/20230720_G3_07433.jpg
1827,C7B,2025,7/7/25,6.0,7/7/25,20250707_C7B_01827.jpg,0,/mnt/research-projects/j/jlgage/RawUAVData01/uavforslb/final_image/final_sliced/20250707_C7B_01827.jpg
10759,I3B,2023,7/19/23,5.0,7/20/23,20230720_I3B_10759.jpg,1,/mnt/research-projects/j/jlgage/RawUAVData01/uavforslb/final_image/final_sliced/20230720_I3B_10759.jpg
9847,I3B,2023,7/12/23,5.0,7/13/23,20230713_I3B_09847.jpg,1,/mnt/research-projects/j/jlgage/RawUAVData01/uavforslb/final_image/final_sliced/20230713_I3B_09847.jpg
8078,G3,2023,7/26/23,8.0,7/27/23,20230727_G3_08078.jpg,1,/mnt/research-projects/j/jlgage/RawUAVData01/uavforslb/final_image/final_sliced/20230727_G3_08078.jpg
7341,G3,2023,7/20/23,8.0,7/20/23,20230720_G3_07341.jpg,0,/mnt/research-projects/j/jlgage/RawUAVData01/uavforslb/final_image/final_sliced/20230720_G3_07341.jpg
11265,I3B,2023,7/19/23,6.5,7/20/23,20230720_I3B_11265.jpg,1,/mnt/research-projects/j/jlgage/RawUAVData01/uavforslb/final_image/final_sliced/20230720_I3B_11265.jpg
1786,C7B,2025,7/19/25,4.0,7/18/25,20250718_C7B_01786.jpg,-1,/mnt/research-projects/j/jlgage/RawUAVData01/uavforslb/final_image/final_sliced/20250718_C7B_01786.jpg
1009,C7B,2025,7/18/25,5.5,7/18/25,20250718_C7B_01009.jpg,0,/mnt/research-projects/j/jlgage/RawUAVData01/uavforslb/final_image/final_sliced/20250718_C7B_01009.jpg
1130,C7B,2025,7/18/25,4.0,7/18/25,20250718_C7B_01130.jpg,0,/mnt/research-projects/j/jlgage/RawUAVData01/uavforslb/final_image/final_sliced/20250718_C7B_01130.jpg
4045,C10,2025,7/11/25,5.0,7/11/25,20250711_C10_04045.jpg,0,/mnt/research-projects/j/jlgage/RawUAVData01/uavforslb/final_image/final_sliced/20250711_C10_04045.jpg
5247,C10,2025,7/20/25,2.0,7/21/25,20250721_C10_05247.jpg,1,/mnt/research-projects/j/jlgage/RawUAVData01/uavforslb/final_image/final_sliced/20250721_C10_05247.jpg
351,C7B,2025,6/30/25,6.0,7/1/25,20250701_C7B_00351.jpg,1,/mnt/research-projects/j/jlgage/RawUAVData01/uavforslb/final_image/final_sliced/20250701_C7B_00351.jpg
5383,C10,2025,7/2/25,7.5,7/4/25,20250704_C10_05383.jpg,2,/mnt/research-projects/j/jlgage/RawUAVData01/uavforslb/final_image/final_sliced/20250704_C10_05383.jpg
5998,C10,2025,7/11/25,4.5,7/11/25,20250711_C10_05998.jpg,0,/mnt/research-projects/j/jlgage/RawUAVData01/uavforslb/final_image/final_sliced/20250711_C10_05998.jpg
11246,I3B,2023,7/19/23,5.0,7/20/23,20230720_I3B_11246.jpg,1,/mnt/research-projects/j/jlgage/RawUAVData01/uavforslb/final_image/final_sliced/20230720_I3B_11246.jpg
8054,G3,2023,7/19/23,5.5,7/20/23,20230720_G3_08054.jpg,1,/mnt/research-projects/j/jlgage/RawUAVData01/uavforslb/final_image/final_sliced/20230720_G3_08054.jpg
1027,C7B,2025,7/1/25,6.0,7/1/25,20250701_C7B_01027.jpg,0,/mnt/research-projects/j/jlgage/RawUAVData01/uavforslb/final_image/final_sliced/20250701_C7B_01027.jpg
5523,C10,2025,7/11/25,4.0,7/11/25,20250711_C10_05523.jpg,0,/mnt/research-projects/j/jlgage/RawUAVData01/uavforslb/final_image/final_sliced/20250711_C10_05523.jpg
123,C7B,2025,6/30/25,5.5,7/1/25,20250701_C7B_00123.jpg,1,/mnt/research-projects/j/jlgage/RawUAVData01/uavforslb/final_image/final_sliced/20250701_C7B_00123.jpg
9822,I3B,2023,7/12/23,5.5,7/13/23,20230713_I3B_09822.jpg,1,/mnt/research-projects/j/jlgage/RawUAVData01/uavforslb/final_image/final_sliced/20230713_I3B_09822.jpg
3041,G3,2023,7/26/23,8.0,7/27/23,20230727_G3_03041.jpg,1,/mnt/research-projects/j/jlgage/RawUAVData01/uavforslb/final_image/final_sliced/20230727_G3_03041.jpg
7430,G3,2023,7/20/23,8.0,7/20/23,20230720_G3_07430.jpg,0,/mnt/research-projects/j/jlgage/RawUAVData01/uavforslb/final_image/final_sliced/20230720_G3_07430.jpg
4833,C10,2025,7/11/25,6.0,7/11/25,20250711_C10_04833.jpg,0,/mnt/research-projects/j/jlgage/RawUAVData01/uavforslb/final_image/final_sliced/20250711_C10_04833.jpg
7408,G3,2023,7/26/23,5.0,7/27/23,20230727_G3_07408.jpg,1,/mnt/research-projects/j/jlgage/RawUAVData01/uavforslb/final_image/final_sliced/20230727_G3_07408.jpg
820,C7B,2025,7/1/25,7.0,7/1/25,20250701_C7B_00820.jpg,0,/mnt/research-projects/j/jlgage/RawUAVData01/uavforslb/final_image/final_sliced/20250701_C7B_00820.jpg
3091,G3,2023,7/26/23,7.5,7/27/23,20230727_G3_03091.jpg,1,/mnt/research-projects/j/jlgage/RawUAVData01/uavforslb/final_image/final_sliced/20230727_G3_03091.jpg
521,C7B,2025,6/30/25,7.5,7/1/25,20250701_C7B_00521.jpg,1,/mnt/research-projects/j/jlgage/RawUAVData01/uavforslb/final_image/final_sliced/20250701_C7B_00521.jpg
4879,C10,2025,7/11/25,4.0,7/11/25,20250711_C10_04879.jpg,0,/mnt/research-projects/j/jlgage/RawUAVData01/uavforslb/final_image/final_sliced/20250711_C10_04879.jpg
10849,I3B,2023,7/19/23,6.0,7/20/23,20230720_I3B_10849.jpg,1,/mnt/research-projects/j/jlgage/RawUAVData01/uavforslb/final_image/final_sliced/20230720_I3B_10849.jpg
4958,C10,2025,7/11/25,5.0,7/11/25,20250711_C10_04958.jpg,0,/mnt/research-projects/j/jlgage/RawUAVData01/uavforslb/final_image/final_sliced/20250711_C10_04958.jpg
7531,G3,2023,7/26/23,6.0,7/27/23,20230727_G3_07531.jpg,1,/mnt/research-projects/j/jlgage/RawUAVData01/uavforslb/final_image/final_sliced/20230727_G3_07531.jpg
10736,I3B,2023,7/19/23,6.0,7/20/23,20230720_I3B_10736.jpg,1,/mnt/research-projects/j/jlgage/RawUAVData01/uavforslb/final_image/final_sliced/20230720_I3B_10736.jpg
10828,I3B,2023,7/19/23,5.5,7/20/23,20230720_I3B_10828.jpg,1,/mnt/research-projects/j/jlgage/RawUAVData01/uavforslb/final_image/final_sliced/20230720_I3B_10828.jpg
11039,I3B,2023,7/12/23,6.5,7/13/23,20230713_I3B_11039.jpg,1,/mnt/research-projects/j/jlgage/RawUAVData01/uavforslb/final_image/final_sliced/20230713_I3B_11039.jpg
6804,C10,2025,6/30/25,7.5,6/28/25,20250628_C10_06804.jpg,-2,/mnt/research-projects/j/jlgage/RawUAVData01/uavforslb/final_image/final_sliced/20250628_C10_06804.jpg
4004,C10,2025,7/19/25,4.5,7/18/25,20250718_C10_04004.jpg,-1,/mnt/research-projects/j/jlgage/RawUAVData01/uavforslb/final_image/final_sliced/20250718_C10_04004.jpg
9628,I3B,2023,7/12/23,5.0,7/13/23,20230713_I3B_09628.jpg,1,/mnt/research-projects/j/jlgage/RawUAVData01/uavforslb/final_image/final_sliced/20230713_I3B_09628.jpg
11284,I3B,2023,7/19/23,5.0,7/20/23,20230720_I3B_11284.jpg,1,/mnt/research-projects/j/jlgage/RawUAVData01/uavforslb/final_image/final_sliced/20230720_I3B_11284.jpg
9885,I3B,2023,7/12/23,5.0,7/13/23,20230713_I3B_09885.jpg,1,/mnt/research-projects/j/jlgage/RawUAVData01/uavforslb/final_image/final_sliced/20230713_I3B_09885.jpg
3173,G3,2023,7/19/23,5.5,7/20/23,20230720_G3_03173.jpg,1,/mnt/research-projects/j/jlgage/RawUAVData01/uavforslb/final_image/final_sliced/20230720_G3_03173.jpg
9688,I3B,2023,7/12/23,4.5,7/13/23,20230713_I3B_09688.jpg,1,/mnt/research-projects/j/jlgage/RawUAVData01/uavforslb/final_image/final_sliced/20230713_I3B_09688.jpg
1250,C7B,2025,7/1/25,7.0,7/1/25,20250701_C7B_01250.jpg,0,/mnt/research-projects/j/jlgage/RawUAVData01/uavforslb/final_image/final_sliced/20250701_C7B_01250.jpg
7266,G3,2023,7/19/23,7.0,7/20/23,20230720_G3_07266.jpg,1,/mnt/research-projects/j/jlgage/RawUAVData01/uavforslb/final_image/final_sliced/20230720_G3_07266.jpg
4751,C10,2025,7/20/25,3.0,7/21/25,20250721_C10_04751.jpg,1,/mnt/research-projects/j/jlgage/RawUAVData01/uavforslb/final_image/final_sliced/20250721_C10_04751.jpg
4482,C10,2025,7/20/25,4.0,7/21/25,20250721_C10_04482.jpg,1,/mnt/research-projects/j/jlgage/RawUAVData01/uavforslb/final_image/final_sliced/20250721_C10_04482.jpg
835,C7B,2025,7/18/25,3.0,7/18/25,20250718_C7B_00835.jpg,0,/mnt/research-projects/j/jlgage/RawUAVData01/uavforslb/final_image/final_sliced/20250718_C7B_00835.jpg
10898,I3B,2023,7/19/23,5.0,7/20/23,20230720_I3B_10898.jpg,1,/mnt/research-projects/j/jlgage/RawUAVData01/uavforslb/final_image/final_sliced/20230720_I3B_10898.jpg
3138,G3,2023,7/19/23,8.0,7/20/23,20230720_G3_03138.jpg,1,/mnt/research-projects/j/jlgage/RawUAVData01/uavforslb/final_image/final_sliced/20230720_G3_03138.jpg
6811,C10,2025,7/8/25,7.5,7/7/25,20250707_C10_06811.jpg,-1,/mnt/research-projects/j/jlgage/RawUAVData01/uavforslb/final_image/final_sliced/20250707_C10_06811.jpg
7384,G3,2023,7/20/23,7.5,7/20/23,20230720_G3_07384.jpg,0,/mnt/research-projects/j/jlgage/RawUAVData01/uavforslb/final_image/final_sliced/20230720_G3_07384.jpg
7480,G3,2023,7/20/23,7.0,7/20/23,20230720_G3_07480.jpg,0,/mnt/research-projects/j/jlgage/RawUAVData01/uavforslb/final_image/final_sliced/20230720_G3_07480.jpg
3095,G3,2023,7/19/23,8.0,7/20/23,20230720_G3_03095.jpg,1,/mnt/research-projects/j/jlgage/RawUAVData01/uavforslb/final_image/final_sliced/20230720_G3_03095.jpg
6769,C10,2025,7/3/25,8.0,7/4/25,20250704_C10_06769.jpg,1,/mnt/research-projects/j/jlgage/RawUAVData01/uavforslb/final_image/final_sliced/20250704_C10_06769.jpg
308,C7B,2025,6/30/25,6.0,7/1/25,20250701_C7B_00308.jpg,1,/mnt/research-projects/j/jlgage/RawUAVData01/uavforslb/final_image/final_sliced/20250701_C7B_00308.jpg
11000,I3B,2023,7/19/23,5.5,7/20/23,20230720_I3B_11000.jpg,1,/mnt/research-projects/j/jlgage/RawUAVData01/uavforslb/final_image/final_sliced/20230720_I3B_11000.jpg
7337,G3,2023,7/26/23,6.0,7/27/23,20230727_G3_07337.jpg,1,/mnt/research-projects/j/jlgage/RawUAVData01/uavforslb/final_image/final_sliced/20230727_G3_07337.jpg
3024,G3,2023,7/26/23,8.0,7/27/23,20230727_G3_03024.jpg,1,/mnt/research-projects/j/jlgage/RawUAVData01/uavforslb/final_image/final_sliced/20230727_G3_03024.jpg
9942,I3B,2023,7/12/23,5.5,7/13/23,20230713_I3B_09942.jpg,1,/mnt/research-projects/j/jlgage/RawUAVData01/uavforslb/final_image/final_sliced/20230713_I3B_09942.jpg
939,C7B,2025,7/1/25,7.0,7/1/25,20250701_C7B_00939.jpg,0,/mnt/research-projects/j/jlgage/RawUAVData01/uavforslb/final_image/final_sliced/20250701_C7B_00939.jpg
1688,C7B,2025,7/10/25,7.5,7/10/25,20250710_C7B_01688.jpg,0,/mnt/research-projects/j/jlgage/RawUAVData01/uavforslb/final_image/final_sliced/20250710_C7B_01688.jpg
7490,G3,2023,7/26/23,5.0,7/27/23,20230727_G3_07490.jpg,1,/mnt/research-projects/j/jlgage/RawUAVData01/uavforslb/final_image/final_sliced/20230727_G3_07490.jpg
10900,I3B,2023,7/19/23,5.0,7/20/23,20230720_I3B_10900.jpg,1,/mnt/research-projects/j/jlgage/RawUAVData01/uavforslb/final_image/final_sliced/20230720_I3B_10900.jpg
2680,C7B,2025,6/30/25,7.5,7/1/25,20250701_C7B_02680.jpg,1,/mnt/research-projects/j/jlgage/RawUAVData01/uavforslb/final_image/final_sliced/20250701_C7B_02680.jpg
1053,C7B,2025,7/18/25,4.0,7/18/25,20250718_C7B_01053.jpg,0,/mnt/research-projects/j/jlgage/RawUAVData01/uavforslb/final_image/final_sliced/20250718_C7B_01053.jpg
4561,C10,2025,7/20/25,4.0,7/21/25,20250721_C10_04561.jpg,1,/mnt/research-projects/j/jlgage/RawUAVData01/uavforslb/final_image/final_sliced/20250721_C10_04561.jpg
5450,C10,2025,7/11/25,5.0,7/11/25,20250711_C10_05450.jpg,0,/mnt/research-projects/j/jlgage/RawUAVData01/uavforslb/final_image/final_sliced/20250711_C10_05450.jpg
847,C7B,2025,7/10/25,4.0,7/10/25,20250710_C7B_00847.jpg,0,/mnt/research-projects/j/jlgage/RawUAVData01/uavforslb/final_image/final_sliced/20250710_C7B_00847.jpg
1212,C7B,2025,7/1/25,6.0,7/1/25,20250701_C7B_01212.jpg,0,/mnt/research-projects/j/jlgage/RawUAVData01/uavforslb/final_image/final_sliced/20250701_C7B_01212.jpg
7299,G3,2023,7/20/23,8.0,7/20/23,20230720_G3_07299.jpg,0,/mnt/research-projects/j/jlgage/RawUAVData01/uavforslb/final_image/final_sliced/20230720_G3_07299.jpg
11340,I3B,2023,7/19/23,5.0,7/20/23,20230720_I3B_11340.jpg,1,/mnt/research-projects/j/jlgage/RawUAVData01/uavforslb/final_image/final_sliced/20230720_I3B_11340.jpg
11205,I3B,2023,7/19/23,5.0,7/20/23,20230720_I3B_11205.jpg,1,/mnt/research-projects/j/jlgage/RawUAVData01/uavforslb/final_image/final_sliced/20230720_I3B_11205.jpg
5537,C10,2025,7/11/25,3.5,7/11/25,20250711_C10_05537.jpg,0,/mnt/research-projects/j/jlgage/RawUAVData01/uavforslb/final_image/final_sliced/20250711_C10_05537.jpg
2798,C7B,2025,7/18/25,8.0,7/18/25,20250718_C7B_02798.jpg,0,/mnt/research-projects/j/jlgage/RawUAVData01/uavforslb/final_image/final_sliced/20250718_C7B_02798.jpg
9658,I3B,2023,7/12/23,5.0,7/13/23,20230713_I3B_09658.jpg,1,/mnt/research-projects/j/jlgage/RawUAVData01/uavforslb/final_image/final_sliced/20230713_I3B_09658.jpg
10977,I3B,2023,7/19/23,7.5,7/20/23,20230720_I3B_10977.jpg,1,/mnt/research-projects/j/jlgage/RawUAVData01/uavforslb/final_image/final_sliced/20230720_I3B_10977.jpg
5595,C10,2025,7/11/25,5.5,7/11/25,20250711_C10_05595.jpg,0,/mnt/research-projects/j/jlgage/RawUAVData01/uavforslb/final_image/final_sliced/20250711_C10_05595.jpg
5826,C10,2025,7/11/25,5.0,7/11/25,20250711_C10_05826.jpg,0,/mnt/research-projects/j/jlgage/RawUAVData01/uavforslb/final_image/final_sliced/20250711_C10_05826.jpg
7469,G3,2023,7/20/23,7.5,7/20/23,20230720_G3_07469.jpg,0,/mnt/research-projects/j/jlgage/RawUAVData01/uavforslb/final_image/final_sliced/20230720_G3_07469.jpg
5289,C10,2025,7/11/25,4.0,7/11/25,20250711_C10_05289.jpg,0,/mnt/research-projects/j/jlgage/RawUAVData01/uavforslb/final_image/final_sliced/20250711_C10_05289.jpg
7218,G3,2023,7/26/23,6.0,7/27/23,20230727_G3_07218.jpg,1,/mnt/research-projects/j/jlgage/RawUAVData01/uavforslb/final_image/final_sliced/20230727_G3_07218.jpg
10755,I3B,2023,7/19/23,4.0,7/20/23,20230720_I3B_10755.jpg,1,/mnt/research-projects/j/jlgage/RawUAVData01/uavforslb/final_image/final_sliced/20230720_I3B_10755.jpg
7533,G3,2023,7/26/23,5.0,7/27/23,20230727_G3_07533.jpg,1,/mnt/research-projects/j/jlgage/RawUAVData01/uavforslb/final_image/final_sliced/20230727_G3_07533.jpg
714,C7B,2025,7/18/25,5.0,7/18/25,20250718_C7B_00714.jpg,0,/mnt/research-projects/j/jlgage/RawUAVData01/uavforslb/final_image/final_sliced/20250718_C7B_00714.jpg
9828,I3B,2023,7/12/23,5.5,7/13/23,20230713_I3B_09828.jpg,1,/mnt/research-projects/j/jlgage/RawUAVData01/uavforslb/final_image/final_sliced/20230713_I3B_09828.jpg
10327,I3B,2023,7/25/23,3.0,7/27/23,20230727_I3B_10327.jpg,2,/mnt/research-projects/j/jlgage/RawUAVData01/uavforslb/final_image/final_sliced/20230727_I3B_10327.jpg
2636,C7B,2025,7/13/25,5.5,7/12/25,20250712_C7B_02636.jpg,-1,/mnt/research-projects/j/jlgage/RawUAVData01/uavforslb/final_image/final_sliced/20250712_C7B_02636.jpg
729,C7B,2025,6/30/25,6.0,7/1/25,20250701_C7B_00729.jpg,1,/mnt/research-projects/j/jlgage/RawUAVData01/uavforslb/final_image/final_sliced/20250701_C7B_00729.jpg
956,C7B,2025,7/1/25,7.0,7/1/25,20250701_C7B_00956.jpg,0,/mnt/research-projects/j/jlgage/RawUAVData01/uavforslb/final_image/final_sliced/20250701_C7B_00956.jpg
1931,C7B,2025,7/7/25,6.0,7/7/25,20250707_C7B_01931.jpg,0,/mnt/research-projects/j/jlgage/RawUAVData01/uavforslb/final_image/final_sliced/20250707_C7B_01931.jpg
2701,C7B,2025,7/13/25,7.0,7/12/25,20250712_C7B_02701.jpg,-1,/mnt/research-projects/j/jlgage/RawUAVData01/uavforslb/final_image/final_sliced/20250712_C7B_02701.jpg
3027,G3,2023,7/19/23,7.0,7/20/23,20230720_G3_03027.jpg,1,/mnt/research-projects/j/jlgage/RawUAVData01/uavforslb/final_image/final_sliced/20230720_G3_03027.jpg
250,C7B,2025,6/30/25,7.5,7/1/25,20250701_C7B_00250.jpg,1,/mnt/research-projects/j/jlgage/RawUAVData01/uavforslb/final_image/final_sliced/20250701_C7B_00250.jpg
8072,G3,2023,7/26/23,8.0,7/27/23,20230727_G3_08072.jpg,1,/mnt/research-projects/j/jlgage/RawUAVData01/uavforslb/final_image/final_sliced/20230727_G3_08072.jpg
1983,C7B,2025,7/7/25,4.0,7/7/25,20250707_C7B_01983.jpg,0,/mnt/research-projects/j/jlgage/RawUAVData01/uavforslb/final_image/final_sliced/20250707_C7B_01983.jpg
9899,I3B,2023,7/12/23,5.5,7/13/23,20230713_I3B_09899.jpg,1,/mnt/research-projects/j/jlgage/RawUAVData01/uavforslb/final_image/final_sliced/20230713_I3B_09899.jpg
1275,C7B,2025,7/18/25,4.5,7/18/25,20250718_C7B_01275.jpg,0,/mnt/research-projects/j/jlgage/RawUAVData01/uavforslb/final_image/final_sliced/20250718_C7B_01275.jpg
255,C7B,2025,6/30/25,7.0,7/1/25,20250701_C7B_00255.jpg,1,/mnt/research-projects/j/jlgage/RawUAVData01/uavforslb/final_image/final_sliced/20250701_C7B_00255.jpg
11268,I3B,2023,7/19/23,5.0,7/20/23,20230720_I3B_11268.jpg,1,/mnt/research-projects/j/jlgage/RawUAVData01/uavforslb/final_image/final_sliced/20230720_I3B_11268.jpg
9797,I3B,2023,7/12/23,5.5,7/13/23,20230713_I3B_09797.jpg,1,/mnt/research-projects/j/jlgage/RawUAVData01/uavforslb/final_image/final_sliced/20230713_I3B_09797.jpg
1578,C7B,2025,7/1/25,7.0,7/1/25,20250701_C7B_01578.jpg,0,/mnt/research-projects/j/jlgage/RawUAVData01/uavforslb/final_image/final_sliced/20250701_C7B_01578.jpg
9970,I3B,2023,7/12/23,5.0,7/13/23,20230713_I3B_09970.jpg,1,/mnt/research-projects/j/jlgage/RawUAVData01/uavforslb/final_image/final_sliced/20230713_I3B_09970.jpg
3013,G3,2023,7/26/23,8.0,7/27/23,20230727_G3_03013.jpg,1,/mnt/research-projects/j/jlgage/RawUAVData01/uavforslb/final_image/final_sliced/20230727_G3_03013.jpg
5873,C10,2025,7/19/25,3.0,7/18/25,20250718_C10_05873.jpg,-1,/mnt/research-projects/j/jlgage/RawUAVData01/uavforslb/final_image/final_sliced/20250718_C10_05873.jpg
1321,C7B,2025,7/10/25,5.0,7/10/25,20250710_C7B_01321.jpg,0,/mnt/research-projects/j/jlgage/RawUAVData01/uavforslb/final_image/final_sliced/20250710_C7B_01321.jpg
6856,C10,2025,7/8/25,7.5,7/7/25,20250707_C10_06856.jpg,-1,/mnt/research-projects/j/jlgage/RawUAVData01/uavforslb/final_image/final_sliced/20250707_C10_06856.jpg
2749,C7B,2025,7/8/25,8.0,7/7/25,20250707_C7B_02749.jpg,-1,/mnt/research-projects/j/jlgage/RawUAVData01/uavforslb/final_image/final_sliced/20250707_C7B_02749.jpg
4249,C10,2025,7/11/25,5.0,7/11/25,20250711_C10_04249.jpg,0,/mnt/research-projects/j/jlgage/RawUAVData01/uavforslb/final_image/final_sliced/20250711_C10_04249.jpg
9719,I3B,2023,7/12/23,5.0,7/13/23,20230713_I3B_09719.jpg,1,/mnt/research-projects/j/jlgage/RawUAVData01/uavforslb/final_image/final_sliced/20230713_I3B_09719.jpg
11230,I3B,2023,7/19/23,5.0,7/20/23,20230720_I3B_11230.jpg,1,/mnt/research-projects/j/jlgage/RawUAVData01/uavforslb/final_image/final_sliced/20230720_I3B_11230.jpg
11143,I3B,2023,7/12/23,8.0,7/13/23,20230713_I3B_11143.jpg,1,/mnt/research-projects/j/jlgage/RawUAVData01/uavforslb/final_image/final_sliced/20230713_I3B_11143.jpg
2763,C7B,2025,7/18/25,7.5,7/18/25,20250718_C7B_02763.jpg,0,/mnt/research-projects/j/jlgage/RawUAVData01/uavforslb/final_image/final_sliced/20250718_C7B_02763.jpg
4203,C10,2025,7/7/25,6.0,7/7/25,20250707_C10_04203.jpg,0,/mnt/research-projects/j/jlgage/RawUAVData01/uavforslb/final_image/final_sliced/20250707_C10_04203.jpg
1499,C7B,2025,7/1/25,7.5,7/1/25,20250701_C7B_01499.jpg,0,/mnt/research-projects/j/jlgage/RawUAVData01/uavforslb/final_image/final_sliced/20250701_C7B_01499.jpg
630,C7B,2025,7/18/25,3.0,7/18/25,20250718_C7B_00630.jpg,0,/mnt/research-projects/j/jlgage/RawUAVData01/uavforslb/final_image/final_sliced/20250718_C7B_00630.jpg
6677,C10,2025,7/8/25,8.0,7/7/25,20250707_C10_06677.jpg,-1,/mnt/research-projects/j/jlgage/RawUAVData01/uavforslb/final_image/final_sliced/20250707_C10_06677.jpg
738,C7B,2025,6/30/25,7.0,7/1/25,20250701_C7B_00738.jpg,1,/mnt/research-projects/j/jlgage/RawUAVData01/uavforslb/final_image/final_sliced/20250701_C7B_00738.jpg
3024,G3,2023,7/19/23,8.0,7/20/23,20230720_G3_03024.jpg,1,/mnt/research-projects/j/jlgage/RawUAVData01/uavforslb/final_image/final_sliced/20230720_G3_03024.jpg
6776,C10,2025,7/8/25,7.5,7/7/25,20250707_C10_06776.jpg,-1,/mnt/research-projects/j/jlgage/RawUAVData01/uavforslb/final_image/final_sliced/20250707_C10_06776.jpg
11271,I3B,2023,7/19/23,4.5,7/20/23,20230720_I3B_11271.jpg,1,/mnt/research-projects/j/jlgage/RawUAVData01/uavforslb/final_image/final_sliced/20230720_I3B_11271.jpg
187,C7B,2025,7/18/25,4.0,7/18/25,20250718_C7B_00187.jpg,0,/mnt/research-projects/j/jlgage/RawUAVData01/uavforslb/final_image/final_sliced/20250718_C7B_00187.jpg
5519,C10,2025,7/2/25,7.0,7/4/25,20250704_C10_05519.jpg,2,/mnt/research-projects/j/jlgage/RawUAVData01/uavforslb/final_image/final_sliced/20250704_C10_05519.jpg
3126,G3,2023,7/26/23,5.0,7/27/23,20230727_G3_03126.jpg,1,/mnt/research-projects/j/jlgage/RawUAVData01/uavforslb/final_image/final_sliced/20230727_G3_03126.jpg
1512,C7B,2025,7/1/25,5.5,7/1/25,20250701_C7B_01512.jpg,0,/mnt/research-projects/j/jlgage/RawUAVData01/uavforslb/final_image/final_sliced/20250701_C7B_01512.jpg
3090,G3,2023,7/26/23,4.0,7/27/23,20230727_G3_03090.jpg,1,/mnt/research-projects/j/jlgage/RawUAVData01/uavforslb/final_image/final_sliced/20230727_G3_03090.jpg
2702,C7B,2025,7/8/25,8.0,7/7/25,20250707_C7B_02702.jpg,-1,/mnt/research-projects/j/jlgage/RawUAVData01/uavforslb/final_image/final_sliced/20250707_C7B_02702.jpg
1827,C7B,2025,7/1/25,7.5,7/1/25,20250701_C7B_01827.jpg,0,/mnt/research-projects/j/jlgage/RawUAVData01/uavforslb/final_image/final_sliced/20250701_C7B_01827.jpg
4451,C10,2025,7/19/25,4.0,7/18/25,20250718_C10_04451.jpg,-1,/mnt/research-projects/j/jlgage/RawUAVData01/uavforslb/final_image/final_sliced/20250718_C10_04451.jpg
690,C7B,2025,7/10/25,6.0,7/10/25,20250710_C7B_00690.jpg,0,/mnt/research-projects/j/jlgage/RawUAVData01/uavforslb/final_image/final_sliced/20250710_C7B_00690.jpg
4107,C10,2025,7/11/25,6.5,7/11/25,20250711_C10_04107.jpg,0,/mnt/research-projects/j/jlgage/RawUAVData01/uavforslb/final_image/final_sliced/20250711_C10_04107.jpg
1254,C7B,2025,7/1/25,6.0,7/1/25,20250701_C7B_01254.jpg,0,/mnt/research-projects/j/jlgage/RawUAVData01/uavforslb/final_image/final_sliced/20250701_C7B_01254.jpg
9945,I3B,2023,7/12/23,5.5,7/13/23,20230713_I3B_09945.jpg,1,/mnt/research-projects/j/jlgage/RawUAVData01/uavforslb/final_image/final_sliced/20230713_I3B_09945.jpg
279,C7B,2025,6/30/25,8.0,7/1/25,20250701_C7B_00279.jpg,1,/mnt/research-projects/j/jlgage/RawUAVData01/uavforslb/final_image/final_sliced/20250701_C7B_00279.jpg
10984,I3B,2023,7/19/23,5.0,7/20/23,20230720_I3B_10984.jpg,1,/mnt/research-projects/j/jlgage/RawUAVData01/uavforslb/final_image/final_sliced/20230720_I3B_10984.jpg
306,C7B,2025,7/18/25,3.0,7/18/25,20250718_C7B_00306.jpg,0,/mnt/research-projects/j/jlgage/RawUAVData01/uavforslb/final_image/final_sliced/20250718_C7B_00306.jpg
4901,C10,2025,7/11/25,6.5,7/11/25,20250711_C10_04901.jpg,0,/mnt/research-projects/j/jlgage/RawUAVData01/uavforslb/final_image/final_sliced/20250711_C10_04901.jpg
5471,C10,2025,7/20/25,2.5,7/21/25,20250721_C10_05471.jpg,1,/mnt/research-projects/j/jlgage/RawUAVData01/uavforslb/final_image/final_sliced/20250721_C10_05471.jpg
6757,C10,2025,7/3/25,8.0,7/4/25,20250704_C10_06757.jpg,1,/mnt/research-projects/j/jlgage/RawUAVData01/uavforslb/final_image/final_sliced/20250704_C10_06757.jpg
4480,C10,2025,7/11/25,6.0,7/11/25,20250711_C10_04480.jpg,0,/mnt/research-projects/j/jlgage/RawUAVData01/uavforslb/final_image/final_sliced/20250711_C10_04480.jpg
6744,C10,2025,7/14/25,6.5,7/14/25,20250714_C10_06744.jpg,0,/mnt/research-projects/j/jlgage/RawUAVData01/uavforslb/final_image/final_sliced/20250714_C10_06744.jpg
8035,G3,2023,7/26/23,6.0,7/27/23,20230727_G3_08035.jpg,1,/mnt/research-projects/j/jlgage/RawUAVData01/uavforslb/final_image/final_sliced/20230727_G3_08035.jpg
4382,C10,2025,6/30/25,6.0,6/28/25,20250628_C10_04382.jpg,-2,/mnt/research-projects/j/jlgage/RawUAVData01/uavforslb/final_image/final_sliced/20250628_C10_04382.jpg
3199,G3,2023,7/19/23,4.5,7/20/23,20230720_G3_03199.jpg,1,/mnt/research-projects/j/jlgage/RawUAVData01/uavforslb/final_image/final_sliced/20230720_G3_03199.jpg
19,C7B,2025,6/30/25,7.5,7/1/25,20250701_C7B_00019.jpg,1,/mnt/research-projects/j/jlgage/RawUAVData01/uavforslb/final_image/final_sliced/20250701_C7B_00019.jpg
6817,C10,2025,7/18/25,5.5,7/18/25,20250718_C10_06817.jpg,0,/mnt/research-projects/j/jlgage/RawUAVData01/uavforslb/final_image/final_sliced/20250718_C10_06817.jpg
7342,G3,2023,7/26/23,7.5,7/27/23,20230727_G3_07342.jpg,1,/mnt/research-projects/j/jlgage/RawUAVData01/uavforslb/final_image/final_sliced/20230727_G3_07342.jpg
2868,C7B,2025,6/30/25,8.5,7/1/25,20250701_C7B_02868.jpg,1,/mnt/research-projects/j/jlgage/RawUAVData01/uavforslb/final_image/final_sliced/20250701_C7B_02868.jpg
2775,C7B,2025,7/13/25,7.5,7/12/25,20250712_C7B_02775.jpg,-1,/mnt/research-projects/j/jlgage/RawUAVData01/uavforslb/final_image/final_sliced/20250712_C7B_02775.jpg
6720,C10,2025,7/3/25,8.0,7/4/25,20250704_C10_06720.jpg,1,/mnt/research-projects/j/jlgage/RawUAVData01/uavforslb/final_image/final_sliced/20250704_C10_06720.jpg
9720,I3B,2023,7/12/23,6.0,7/13/23,20230713_I3B_09720.jpg,1,/mnt/research-projects/j/jlgage/RawUAVData01/uavforslb/final_image/final_sliced/20230713_I3B_09720.jpg
4087,C10,2025,7/11/25,5.5,7/11/25,20250711_C10_04087.jpg,0,/mnt/research-projects/j/jlgage/RawUAVData01/uavforslb/final_image/final_sliced/20250711_C10_04087.jpg
3004,G3,2023,7/19/23,8.0,7/20/23,20230720_G3_03004.jpg,1,/mnt/research-projects/j/jlgage/RawUAVData01/uavforslb/final_image/final_sliced/20230720_G3_03004.jpg
10329,I3B,2023,7/25/23,6.0,7/27/23,20230727_I3B_10329.jpg,2,/mnt/research-projects/j/jlgage/RawUAVData01/uavforslb/final_image/final_sliced/20230727_I3B_10329.jpg
111,C7B,2025,7/4/25,6.5,7/4/25,20250704_C7B_00111.jpg,0,/mnt/research-projects/j/jlgage/RawUAVData01/uavforslb/final_image/final_sliced/20250704_C7B_00111.jpg
10985,I3B,2023,7/19/23,6.0,7/20/23,20230720_I3B_10985.jpg,1,/mnt/research-projects/j/jlgage/RawUAVData01/uavforslb/final_image/final_sliced/20230720_I3B_10985.jpg
4614,C10,2025,7/11/25,4.0,7/11/25,20250711_C10_04614.jpg,0,/mnt/research-projects/j/jlgage/RawUAVData01/uavforslb/final_image/final_sliced/20250711_C10_04614.jpg
11247,I3B,2023,7/19/23,7.5,7/20/23,20230720_I3B_11247.jpg,1,/mnt/research-projects/j/jlgage/RawUAVData01/uavforslb/final_image/final_sliced/20230720_I3B_11247.jpg
6703,C10,2025,7/14/25,8.0,7/14/25,20250714_C10_06703.jpg,0,/mnt/research-projects/j/jlgage/RawUAVData01/uavforslb/final_image/final_sliced/20250714_C10_06703.jpg
4415,C10,2025,7/19/25,1.5,7/18/25,20250718_C10_04415.jpg,-1,/mnt/research-projects/j/jlgage/RawUAVData01/uavforslb/final_image/final_sliced/20250718_C10_04415.jpg
11253,I3B,2023,7/19/23,6.5,7/20/23,20230720_I3B_11253.jpg,1,/mnt/research-projects/j/jlgage/RawUAVData01/uavforslb/final_image/final_sliced/20230720_I3B_11253.jpg
9712,I3B,2023,7/12/23,5.0,7/13/23,20230713_I3B_09712.jpg,1,/mnt/research-projects/j/jlgage/RawUAVData01/uavforslb/final_image/final_sliced/20230713_I3B_09712.jpg
7304,G3,2023,7/20/23,7.5,7/20/23,20230720_G3_07304.jpg,0,/mnt/research-projects/j/jlgage/RawUAVData01/uavforslb/final_image/final_sliced/20230720_G3_07304.jpg
8029,G3,2023,7/26/23,5.0,7/27/23,20230727_G3_08029.jpg,1,/mnt/research-projects/j/jlgage/RawUAVData01/uavforslb/final_image/final_sliced/20230727_G3_08029.jpg
608,C7B,2025,6/30/25,7.0,7/1/25,20250701_C7B_00608.jpg,1,/mnt/research-projects/j/jlgage/RawUAVData01/uavforslb/final_image/final_sliced/20250701_C7B_00608.jpg
10733,I3B,2023,7/19/23,6.5,7/20/23,20230720_I3B_10733.jpg,1,/mnt/research-projects/j/jlgage/RawUAVData01/uavforslb/final_image/final_sliced/20230720_I3B_10733.jpg
4675,C10,2025,7/11/25,4.0,7/11/25,20250711_C10_04675.jpg,0,/mnt/research-projects/j/jlgage/RawUAVData01/uavforslb/final_image/final_sliced/20250711_C10_04675.jpg
6806,C10,2025,7/18/25,6.5,7/18/25,20250718_C10_06806.jpg,0,/mnt/research-projects/j/jlgage/RawUAVData01/uavforslb/final_image/final_sliced/20250718_C10_06806.jpg
10345,I3B,2023,7/25/23,6.5,7/27/23,20230727_I3B_10345.jpg,2,/mnt/research-projects/j/jlgage/RawUAVData01/uavforslb/final_image/final_sliced/20230727_I3B_10345.jpg
11260,I3B,2023,7/19/23,4.5,7/20/23,20230720_I3B_11260.jpg,1,/mnt/research-projects/j/jlgage/RawUAVData01/uavforslb/final_image/final_sliced/20230720_I3B_11260.jpg
3152,G3,2023,7/26/23,5.0,7/27/23,20230727_G3_03152.jpg,1,/mnt/research-projects/j/jlgage/RawUAVData01/uavforslb/final_image/final_sliced/20230727_G3_03152.jpg
7435,G3,2023,7/26/23,7.5,7/27/23,20230727_G3_07435.jpg,1,/mnt/research-projects/j/jlgage/RawUAVData01/uavforslb/final_image/final_sliced/20230727_G3_07435.jpg
452,C7B,2025,7/18/25,4.0,7/18/25,20250718_C7B_00452.jpg,0,/mnt/research-projects/j/jlgage/RawUAVData01/uavforslb/final_image/final_sliced/20250718_C7B_00452.jpg
161,C7B,2025,7/10/25,5.0,7/10/25,20250710_C7B_00161.jpg,0,/mnt/research-projects/j/jlgage/RawUAVData01/uavforslb/final_image/final_sliced/20250710_C7B_00161.jpg
9624,I3B,2023,7/12/23,6.5,7/13/23,20230713_I3B_09624.jpg,1,/mnt/research-projects/j/jlgage/RawUAVData01/uavforslb/final_image/final_sliced/20230713_I3B_09624.jpg
1083,C7B,2025,7/10/25,5.0,7/10/25,20250710_C7B_01083.jpg,0,/mnt/research-projects/j/jlgage/RawUAVData01/uavforslb/final_image/final_sliced/20250710_C7B_01083.jpg
10003,I3B,2023,7/12/23,5.5,7/13/23,20230713_I3B_10003.jpg,1,/mnt/research-projects/j/jlgage/RawUAVData01/uavforslb/final_image/final_sliced/20230713_I3B_10003.jpg
5912,C10,2025,7/19/25,3.0,7/18/25,20250718_C10_05912.jpg,-1,/mnt/research-projects/j/jlgage/RawUAVData01/uavforslb/final_image/final_sliced/20250718_C10_05912.jpg
5414,C10,2025,7/20/25,2.0,7/21/25,20250721_C10_05414.jpg,1,/mnt/research-projects/j/jlgage/RawUAVData01/uavforslb/final_image/final_sliced/20250721_C10_05414.jpg
5140,C10,2025,7/2/25,5.5,7/4/25,20250704_C10_05140.jpg,2,/mnt/research-projects/j/jlgage/RawUAVData01/uavforslb/final_image/final_sliced/20250704_C10_05140.jpg
4656,C10,2025,7/11/25,5.0,7/11/25,20250711_C10_04656.jpg,0,/mnt/research-projects/j/jlgage/RawUAVData01/uavforslb/final_image/final_sliced/20250711_C10_04656.jpg
8056,G3,2023,7/19/23,6.5,7/20/23,20230720_G3_08056.jpg,1,/mnt/research-projects/j/jlgage/RawUAVData01/uavforslb/final_image/final_sliced/20230720_G3_08056.jpg
8090,G3,2023,7/20/23,6.5,7/20/23,20230720_G3_08090.jpg,0,/mnt/research-projects/j/jlgage/RawUAVData01/uavforslb/final_image/final_sliced/20230720_G3_08090.jpg
3116,G3,2023,7/26/23,8.0,7/27/23,20230727_G3_03116.jpg,1,/mnt/research-projects/j/jlgage/RawUAVData01/uavforslb/final_image/final_sliced/20230727_G3_03116.jpg
7278,G3,2023,7/20/23,7.5,7/20/23,20230720_G3_07278.jpg,0,/mnt/research-projects/j/jlgage/RawUAVData01/uavforslb/final_image/final_sliced/20230720_G3_07278.jpg
9757,I3B,2023,7/12/23,6.0,7/13/23,20230713_I3B_09757.jpg,1,/mnt/research-projects/j/jlgage/RawUAVData01/uavforslb/final_image/final_sliced/20230713_I3B_09757.jpg
10797,I3B,2023,7/19/23,5.5,7/20/23,20230720_I3B_10797.jpg,1,/mnt/research-projects/j/jlgage/RawUAVData01/uavforslb/final_image/final_sliced/20230720_I3B_10797.jpg
10916,I3B,2023,7/19/23,5.5,7/20/23,20230720_I3B_10916.jpg,1,/mnt/research-projects/j/jlgage/RawUAVData01/uavforslb/final_image/final_sliced/20230720_I3B_10916.jpg
639,C7B,2025,7/10/25,6.0,7/10/25,20250710_C7B_00639.jpg,0,/mnt/research-projects/j/jlgage/RawUAVData01/uavforslb/final_image/final_sliced/20250710_C7B_00639.jpg
8080,G3,2023,7/20/23,8.0,7/20/23,20230720_G3_08080.jpg,0,/mnt/research-projects/j/jlgage/RawUAVData01/uavforslb/final_image/final_sliced/20230720_G3_08080.jpg
4056,C10,2025,6/30/25,7.0,6/28/25,20250628_C10_04056.jpg,-2,/mnt/research-projects/j/jlgage/RawUAVData01/uavforslb/final_image/final_sliced/20250628_C10_04056.jpg
5557,C10,2025,7/11/25,4.0,7/11/25,20250711_C10_05557.jpg,0,/mnt/research-projects/j/jlgage/RawUAVData01/uavforslb/final_image/final_sliced/20250711_C10_05557.jpg
8171,G3,2023,7/26/23,3.5,7/27/23,20230727_G3_08171.jpg,1,/mnt/research-projects/j/jlgage/RawUAVData01/uavforslb/final_image/final_sliced/20230727_G3_08171.jpg
4506,C10,2025,7/20/25,1.0,7/21/25,20250721_C10_04506.jpg,1,/mnt/research-projects/j/jlgage/RawUAVData01/uavforslb/final_image/final_sliced/20250721_C10_04506.jpg
1877,C7B,2025,7/10/25,4.5,7/10/25,20250710_C7B_01877.jpg,0,/mnt/research-projects/j/jlgage/RawUAVData01/uavforslb/final_image/final_sliced/20250710_C7B_01877.jpg
10412,I3B,2023,7/25/23,3.0,7/27/23,20230727_I3B_10412.jpg,2,/mnt/research-projects/j/jlgage/RawUAVData01/uavforslb/final_image/final_sliced/20230727_I3B_10412.jpg
6818,C10,2025,7/8/25,7.5,7/7/25,20250707_C10_06818.jpg,-1,/mnt/research-projects/j/jlgage/RawUAVData01/uavforslb/final_image/final_sliced/20250707_C10_06818.jpg
7253,G3,2023,7/19/23,8.0,7/20/23,20230720_G3_07253.jpg,1,/mnt/research-projects/j/jlgage/RawUAVData01/uavforslb/final_image/final_sliced/20230720_G3_07253.jpg
7481,G3,2023,7/26/23,8.0,7/27/23,20230727_G3_07481.jpg,1,/mnt/research-projects/j/jlgage/RawUAVData01/uavforslb/final_image/final_sliced/20230727_G3_07481.jpg
5592,C10,2025,7/2/25,5.5,7/4/25,20250704_C10_05592.jpg,2,/mnt/research-projects/j/jlgage/RawUAVData01/uavforslb/final_image/final_sliced/20250704_C10_05592.jpg
2712,C7B,2025,7/18/25,7.0,7/18/25,20250718_C7B_02712.jpg,0,/mnt/research-projects/j/jlgage/RawUAVData01/uavforslb/final_image/final_sliced/20250718_C7B_02712.jpg
5794,C10,2025,7/11/25,6.0,7/11/25,20250711_C10_05794.jpg,0,/mnt/research-projects/j/jlgage/RawUAVData01/uavforslb/final_image/final_sliced/20250711_C10_05794.jpg
4431,C10,2025,7/19/25,2.0,7/18/25,20250718_C10_04431.jpg,-1,/mnt/research-projects/j/jlgage/RawUAVData01/uavforslb/final_image/final_sliced/20250718_C10_04431.jpg
120,C7B,2025,7/18/25,5.5,7/18/25,20250718_C7B_00120.jpg,0,/mnt/research-projects/j/jlgage/RawUAVData01/uavforslb/final_image/final_sliced/20250718_C7B_00120.jpg
6680,C10,2025,6/30/25,7.5,6/28/25,20250628_C10_06680.jpg,-2,/mnt/research-projects/j/jlgage/RawUAVData01/uavforslb/final_image/final_sliced/20250628_C10_06680.jpg
5944,C10,2025,7/19/25,3.0,7/18/25,20250718_C10_05944.jpg,-1,/mnt/research-projects/j/jlgage/RawUAVData01/uavforslb/final_image/final_sliced/20250718_C10_05944.jpg
3041,G3,2023,7/19/23,8.0,7/20/23,20230720_G3_03041.jpg,1,/mnt/research-projects/j/jlgage/RawUAVData01/uavforslb/final_image/final_sliced/20230720_G3_03041.jpg
3099,G3,2023,7/26/23,6.0,7/27/23,20230727_G3_03099.jpg,1,/mnt/research-projects/j/jlgage/RawUAVData01/uavforslb/final_image/final_sliced/20230727_G3_03099.jpg
10881,I3B,2023,7/19/23,6.0,7/20/23,20230720_I3B_10881.jpg,1,/mnt/research-projects/j/jlgage/RawUAVData01/uavforslb/final_image/final_sliced/20230720_I3B_10881.jpg
7504,G3,2023,7/20/23,7.5,7/20/23,20230720_G3_07504.jpg,0,/mnt/research-projects/j/jlgage/RawUAVData01/uavforslb/final_image/final_sliced/20230720_G3_07504.jpg
6732,C10,2025,7/14/25,7.5,7/14/25,20250714_C10_06732.jpg,0,/mnt/research-projects/j/jlgage/RawUAVData01/uavforslb/final_image/final_sliced/20250714_C10_06732.jpg
1389,C7B,2025,7/18/25,2.5,7/18/25,20250718_C7B_01389.jpg,0,/mnt/research-projects/j/jlgage/RawUAVData01/uavforslb/final_image/final_sliced/20250718_C7B_01389.jpg
897,C7B,2025,7/1/25,7.0,7/1/25,20250701_C7B_00897.jpg,0,/mnt/research-projects/j/jlgage/RawUAVData01/uavforslb/final_image/final_sliced/20250701_C7B_00897.jpg
1884,C7B,2025,7/19/25,2.0,7/18/25,20250718_C7B_01884.jpg,-1,/mnt/research-projects/j/jlgage/RawUAVData01/uavforslb/final_image/final_sliced/20250718_C7B_01884.jpg
11146,I3B,2023,7/12/23,6.0,7/13/23,20230713_I3B_11146.jpg,1,/mnt/research-projects/j/jlgage/RawUAVData01/uavforslb/final_image/final_sliced/20230713_I3B_11146.jpg
7482,G3,2023,7/26/23,5.5,7/27/23,20230727_G3_07482.jpg,1,/mnt/research-projects/j/jlgage/RawUAVData01/uavforslb/final_image/final_sliced/20230727_G3_07482.jpg
9637,I3B,2023,7/12/23,6.5,7/13/23,20230713_I3B_09637.jpg,1,/mnt/research-projects/j/jlgage/RawUAVData01/uavforslb/final_image/final_sliced/20230713_I3B_09637.jpg
5380,C10,2025,7/11/25,4.0,7/11/25,20250711_C10_05380.jpg,0,/mnt/research-projects/j/jlgage/RawUAVData01/uavforslb/final_image/final_sliced/20250711_C10_05380.jpg
9741,I3B,2023,7/12/23,5.5,7/13/23,20230713_I3B_09741.jpg,1,/mnt/research-projects/j/jlgage/RawUAVData01/uavforslb/final_image/final_sliced/20230713_I3B_09741.jpg
2007,C7B,2025,7/10/25,7.0,7/10/25,20250710_C7B_02007.jpg,0,/mnt/research-projects/j/jlgage/RawUAVData01/uavforslb/final_image/final_sliced/20250710_C7B_02007.jpg
8156,G3,2023,7/26/23,4.0,7/27/23,20230727_G3_08156.jpg,1,/mnt/research-projects/j/jlgage/RawUAVData01/uavforslb/final_image/final_sliced/20230727_G3_08156.jpg
4353,C10,2025,7/11/25,6.5,7/11/25,20250711_C10_04353.jpg,0,/mnt/research-projects/j/jlgage/RawUAVData01/uavforslb/final_image/final_sliced/20250711_C10_04353.jpg
7382,G3,2023,7/20/23,7.0,7/20/23,20230720_G3_07382.jpg,0,/mnt/research-projects/j/jlgage/RawUAVData01/uavforslb/final_image/final_sliced/20230720_G3_07382.jpg
2774,C7B,2025,7/13/25,6.0,7/12/25,20250712_C7B_02774.jpg,-1,/mnt/research-projects/j/jlgage/RawUAVData01/uavforslb/final_image/final_sliced/20250712_C7B_02774.jpg
5608,C10,2025,7/11/25,4.0,7/11/25,20250711_C10_05608.jpg,0,/mnt/research-projects/j/jlgage/RawUAVData01/uavforslb/final_image/final_sliced/20250711_C10_05608.jpg
6766,C10,2025,7/3/25,7.0,7/4/25,20250704_C10_06766.jpg,1,/mnt/research-projects/j/jlgage/RawUAVData01/uavforslb/final_image/final_sliced/20250704_C10_06766.jpg
2831,C7B,2025,7/18/25,7.0,7/18/25,20250718_C7B_02831.jpg,0,/mnt/research-projects/j/jlgage/RawUAVData01/uavforslb/final_image/final_sliced/20250718_C7B_02831.jpg
6034,C10,2025,7/19/25,4.5,7/18/25,20250718_C10_06034.jpg,-1,/mnt/research-projects/j/jlgage/RawUAVData01/uavforslb/final_image/final_sliced/20250718_C10_06034.jpg
10883,I3B,2023,7/19/23,5.5,7/20/23,20230720_I3B_10883.jpg,1,/mnt/research-projects/j/jlgage/RawUAVData01/uavforslb/final_image/final_sliced/20230720_I3B_10883.jpg
9687,I3B,2023,7/12/23,5.0,7/13/23,20230713_I3B_09687.jpg,1,/mnt/research-projects/j/jlgage/RawUAVData01/uavforslb/final_image/final_sliced/20230713_I3B_09687.jpg
5128,C10,2025,7/20/25,2.5,7/21/25,20250721_C10_05128.jpg,1,/mnt/research-projects/j/jlgage/RawUAVData01/uavforslb/final_image/final_sliced/20250721_C10_05128.jpg
8149,G3,2023,7/20/23,6.5,7/20/23,20230720_G3_08149.jpg,0,/mnt/research-projects/j/jlgage/RawUAVData01/uavforslb/final_image/final_sliced/20230720_G3_08149.jpg
7318,G3,2023,7/20/23,7.5,7/20/23,20230720_G3_07318.jpg,0,/mnt/research-projects/j/jlgage/RawUAVData01/uavforslb/final_image/final_sliced/20230720_G3_07318.jpg
5525,C10,2025,7/2/25,6.5,7/4/25,20250704_C10_05525.jpg,2,/mnt/research-projects/j/jlgage/RawUAVData01/uavforslb/final_image/final_sliced/20250704_C10_05525.jpg
2722,C7B,2025,7/13/25,8.0,7/12/25,20250712_C7B_02722.jpg,-1,/mnt/research-projects/j/jlgage/RawUAVData01/uavforslb/final_image/final_sliced/20250712_C7B_02722.jpg
7487,G3,2023,7/26/23,5.0,7/27/23,20230727_G3_07487.jpg,1,/mnt/research-projects/j/jlgage/RawUAVData01/uavforslb/final_image/final_sliced/20230727_G3_07487.jpg
10389,I3B,2023,7/25/23,4.5,7/27/23,20230727_I3B_10389.jpg,2,/mnt/research-projects/j/jlgage/RawUAVData01/uavforslb/final_image/final_sliced/20230727_I3B_10389.jpg
8132,G3,2023,7/20/23,7.0,7/20/23,20230720_G3_08132.jpg,0,/mnt/research-projects/j/jlgage/RawUAVData01/uavforslb/final_image/final_sliced/20230720_G3_08132.jpg
4660,C10,2025,7/11/25,6.0,7/11/25,20250711_C10_04660.jpg,0,/mnt/research-projects/j/jlgage/RawUAVData01/uavforslb/final_image/final_sliced/20250711_C10_04660.jpg
5344,C10,2025,7/20/25,2.0,7/21/25,20250721_C10_05344.jpg,1,/mnt/research-projects/j/jlgage/RawUAVData01/uavforslb/final_image/final_sliced/20250721_C10_05344.jpg
4566,C10,2025,7/2/25,6.0,7/4/25,20250704_C10_04566.jpg,2,/mnt/research-projects/j/jlgage/RawUAVData01/uavforslb/final_image/final_sliced/20250704_C10_04566.jpg
664,C7B,2025,7/10/25,5.0,7/10/25,20250710_C7B_00664.jpg,0,/mnt/research-projects/j/jlgage/RawUAVData01/uavforslb/final_image/final_sliced/20250710_C7B_00664.jpg
348,C7B,2025,7/4/25,7.0,7/4/25,20250704_C7B_00348.jpg,0,/mnt/research-projects/j/jlgage/RawUAVData01/uavforslb/final_image/final_sliced/20250704_C7B_00348.jpg
11288,I3B,2023,7/19/23,7.0,7/20/23,20230720_I3B_11288.jpg,1,/mnt/research-projects/j/jlgage/RawUAVData01/uavforslb/final_image/final_sliced/20230720_I3B_11288.jpg
9848,I3B,2023,7/12/23,4.0,7/13/23,20230713_I3B_09848.jpg,1,/mnt/research-projects/j/jlgage/RawUAVData01/uavforslb/final_image/final_sliced/20230713_I3B_09848.jpg
432,C7B,2025,7/10/25,7.0,7/10/25,20250710_C7B_00432.jpg,0,/mnt/research-projects/j/jlgage/RawUAVData01/uavforslb/final_image/final_sliced/20250710_C7B_00432.jpg
4337,C10,2025,6/30/25,7.5,6/28/25,20250628_C10_04337.jpg,-2,/mnt/research-projects/j/jlgage/RawUAVData01/uavforslb/final_image/final_sliced/20250628_C10_04337.jpg
1432,C7B,2025,7/1/25,5.0,7/1/25,20250701_C7B_01432.jpg,0,/mnt/research-projects/j/jlgage/RawUAVData01/uavforslb/final_image/final_sliced/20250701_C7B_01432.jpg
7292,G3,2023,7/26/23,8.0,7/27/23,20230727_G3_07292.jpg,1,/mnt/research-projects/j/jlgage/RawUAVData01/uavforslb/final_image/final_sliced/20230727_G3_07292.jpg
11332,I3B,2023,7/19/23,7.5,7/20/23,20230720_I3B_11332.jpg,1,/mnt/research-projects/j/jlgage/RawUAVData01/uavforslb/final_image/final_sliced/20230720_I3B_11332.jpg
5582,C10,2025,7/11/25,4.0,7/11/25,20250711_C10_05582.jpg,0,/mnt/research-projects/j/jlgage/RawUAVData01/uavforslb/final_image/final_sliced/20250711_C10_05582.jpg
4633,C10,2025,7/11/25,4.0,7/11/25,20250711_C10_04633.jpg,0,/mnt/research-projects/j/jlgage/RawUAVData01/uavforslb/final_image/final_sliced/20250711_C10_04633.jpg
1595,C7B,2025,7/1/25,7.0,7/1/25,20250701_C7B_01595.jpg,0,/mnt/research-projects/j/jlgage/RawUAVData01/uavforslb/final_image/final_sliced/20250701_C7B_01595.jpg
6667,C10,2025,7/8/25,7.5,7/7/25,20250707_C10_06667.jpg,-1,/mnt/research-projects/j/jlgage/RawUAVData01/uavforslb/final_image/final_sliced/20250707_C10_06667.jpg
1607,C7B,2025,7/1/25,6.0,7/1/25,20250701_C7B_01607.jpg,0,/mnt/research-projects/j/jlgage/RawUAVData01/uavforslb/final_image/final_sliced/20250701_C7B_01607.jpg
1856,C7B,2025,7/1/25,7.0,7/1/25,20250701_C7B_01856.jpg,0,/mnt/research-projects/j/jlgage/RawUAVData01/uavforslb/final_image/final_sliced/20250701_C7B_01856.jpg
7345,G3,2023,7/26/23,5.0,7/27/23,20230727_G3_07345.jpg,1,/mnt/research-projects/j/jlgage/RawUAVData01/uavforslb/final_image/final_sliced/20230727_G3_07345.jpg
10738,I3B,2023,7/19/23,6.5,7/20/23,20230720_I3B_10738.jpg,1,/mnt/research-projects/j/jlgage/RawUAVData01/uavforslb/final_image/final_sliced/20230720_I3B_10738.jpg
5958,C10,2025,7/8/25,5.5,7/7/25,20250707_C10_05958.jpg,-1,/mnt/research-projects/j/jlgage/RawUAVData01/uavforslb/final_image/final_sliced/20250707_C10_05958.jpg
10320,I3B,2023,7/25/23,3.0,7/27/23,20230727_I3B_10320.jpg,2,/mnt/research-projects/j/jlgage/RawUAVData01/uavforslb/final_image/final_sliced/20230727_I3B_10320.jpg
22,C7B,2025,7/18/25,5.5,7/18/25,20250718_C7B_00022.jpg,0,/mnt/research-projects/j/jlgage/RawUAVData01/uavforslb/final_image/final_sliced/20250718_C7B_00022.jpg
1589,C7B,2025,7/10/25,7.5,7/10/25,20250710_C7B_01589.jpg,0,/mnt/research-projects/j/jlgage/RawUAVData01/uavforslb/final_image/final_sliced/20250710_C7B_01589.jpg
387,C7B,2025,7/18/25,4.0,7/18/25,20250718_C7B_00387.jpg,0,/mnt/research-projects/j/jlgage/RawUAVData01/uavforslb/final_image/final_sliced/20250718_C7B_00387.jpg
7484,G3,2023,7/20/23,7.5,7/20/23,20230720_G3_07484.jpg,0,/mnt/research-projects/j/jlgage/RawUAVData01/uavforslb/final_image/final_sliced/20230720_G3_07484.jpg
4285,C10,2025,7/7/25,5.5,7/7/25,20250707_C10_04285.jpg,0,/mnt/research-projects/j/jlgage/RawUAVData01/uavforslb/final_image/final_sliced/20250707_C10_04285.jpg
10837,I3B,2023,7/19/23,6.5,7/20/23,20230720_I3B_10837.jpg,1,/mnt/research-projects/j/jlgage/RawUAVData01/uavforslb/final_image/final_sliced/20230720_I3B_10837.jpg
6723,C10,2025,7/8/25,8.0,7/7/25,20250707_C10_06723.jpg,-1,/mnt/research-projects/j/jlgage/RawUAVData01/uavforslb/final_image/final_sliced/20250707_C10_06723.jpg
931,C7B,2025,7/1/25,6.0,7/1/25,20250701_C7B_00931.jpg,0,/mnt/research-projects/j/jlgage/RawUAVData01/uavforslb/final_image/final_sliced/20250701_C7B_00931.jpg
7463,G3,2023,7/20/23,7.0,7/20/23,20230720_G3_07463.jpg,0,/mnt/research-projects/j/jlgage/RawUAVData01/uavforslb/final_image/final_sliced/20230720_G3_07463.jpg
5381,C10,2025,7/20/25,1.5,7/21/25,20250721_C10_05381.jpg,1,/mnt/research-projects/j/jlgage/RawUAVData01/uavforslb/final_image/final_sliced/20250721_C10_05381.jpg
1068,C7B,2025,7/10/25,5.0,7/10/25,20250710_C7B_01068.jpg,0,/mnt/research-projects/j/jlgage/RawUAVData01/uavforslb/final_image/final_sliced/20250710_C7B_01068.jpg
7523,G3,2023,7/26/23,8.0,7/27/23,20230727_G3_07523.jpg,1,/mnt/research-projects/j/jlgage/RawUAVData01/uavforslb/final_image/final_sliced/20230727_G3_07523.jpg
1610,C7B,2025,7/18/25,2.0,7/18/25,20250718_C7B_01610.jpg,0,/mnt/research-projects/j/jlgage/RawUAVData01/uavforslb/final_image/final_sliced/20250718_C7B_01610.jpg
7234,G3,2023,7/26/23,5.5,7/27/23,20230727_G3_07234.jpg,1,/mnt/research-projects/j/jlgage/RawUAVData01/uavforslb/final_image/final_sliced/20230727_G3_07234.jpg
7423,G3,2023,7/26/23,4.5,7/27/23,20230727_G3_07423.jpg,1,/mnt/research-projects/j/jlgage/RawUAVData01/uavforslb/final_image/final_sliced/20230727_G3_07423.jpg
909,C7B,2025,7/18/25,3.0,7/18/25,20250718_C7B_00909.jpg,0,/mnt/research-projects/j/jlgage/RawUAVData01/uavforslb/final_image/final_sliced/20250718_C7B_00909.jpg
7479,G3,2023,7/20/23,8.0,7/20/23,20230720_G3_07479.jpg,0,/mnt/research-projects/j/jlgage/RawUAVData01/uavforslb/final_image/final_sliced/20230720_G3_07479.jpg
10762,I3B,2023,7/19/23,5.5,7/20/23,20230720_I3B_10762.jpg,1,/mnt/research-projects/j/jlgage/RawUAVData01/uavforslb/final_image/final_sliced/20230720_I3B_10762.jpg
11028,I3B,2023,7/12/23,7.0,7/13/23,20230713_I3B_11028.jpg,1,/mnt/research-projects/j/jlgage/RawUAVData01/uavforslb/final_image/final_sliced/20230713_I3B_11028.jpg
3177,G3,2023,7/19/23,7.0,7/20/23,20230720_G3_03177.jpg,1,/mnt/research-projects/j/jlgage/RawUAVData01/uavforslb/final_image/final_sliced/20230720_G3_03177.jpg
9900,I3B,2023,7/12/23,6.0,7/13/23,20230713_I3B_09900.jpg,1,/mnt/research-projects/j/jlgage/RawUAVData01/uavforslb/final_image/final_sliced/20230713_I3B_09900.jpg
4229,C10,2025,7/19/25,3.5,7/18/25,20250718_C10_04229.jpg,-1,/mnt/research-projects/j/jlgage/RawUAVData01/uavforslb/final_image/final_sliced/20250718_C10_04229.jpg
1979,C7B,2025,7/19/25,3.0,7/18/25,20250718_C7B_01979.jpg,-1,/mnt/research-projects/j/jlgage/RawUAVData01/uavforslb/final_image/final_sliced/20250718_C7B_01979.jpg
769,C7B,2025,7/10/25,5.0,7/10/25,20250710_C7B_00769.jpg,0,/mnt/research-projects/j/jlgage/RawUAVData01/uavforslb/final_image/final_sliced/20250710_C7B_00769.jpg
1559,C7B,2025,7/18/25,2.0,7/18/25,20250718_C7B_01559.jpg,0,/mnt/research-projects/j/jlgage/RawUAVData01/uavforslb/final_image/final_sliced/20250718_C7B_01559.jpg
4147,C10,2025,7/11/25,4.0,7/11/25,20250711_C10_04147.jpg,0,/mnt/research-projects/j/jlgage/RawUAVData01/uavforslb/final_image/final_sliced/20250711_C10_04147.jpg
4972,C10,2025,7/20/25,3.0,7/21/25,20250721_C10_04972.jpg,1,/mnt/research-projects/j/jlgage/RawUAVData01/uavforslb/final_image/final_sliced/20250721_C10_04972.jpg
4844,C10,2025,7/11/25,5.0,7/11/25,20250711_C10_04844.jpg,0,/mnt/research-projects/j/jlgage/RawUAVData01/uavforslb/final_image/final_sliced/20250711_C10_04844.jpg
5721,C10,2025,7/8/25,4.0,7/7/25,20250707_C10_05721.jpg,-1,/mnt/research-projects/j/jlgage/RawUAVData01/uavforslb/final_image/final_sliced/20250707_C10_05721.jpg
755,C7B,2025,7/18/25,2.5,7/18/25,20250718_C7B_00755.jpg,0,/mnt/research-projects/j/jlgage/RawUAVData01/uavforslb/final_image/final_sliced/20250718_C7B_00755.jpg
1910,C7B,2025,7/19/25,4.0,7/18/25,20250718_C7B_01910.jpg,-1,/mnt/research-projects/j/jlgage/RawUAVData01/uavforslb/final_image/final_sliced/20250718_C7B_01910.jpg
11161,I3B,2023,7/12/23,7.0,7/13/23,20230713_I3B_11161.jpg,1,/mnt/research-projects/j/jlgage/RawUAVData01/uavforslb/final_image/final_sliced/20230713_I3B_11161.jpg
11221,I3B,2023,7/19/23,6.0,7/20/23,20230720_I3B_11221.jpg,1,/mnt/research-projects/j/jlgage/RawUAVData01/uavforslb/final_image/final_sliced/20230720_I3B_11221.jpg
11185,I3B,2023,7/12/23,7.0,7/13/23,20230713_I3B_11185.jpg,1,/mnt/research-projects/j/jlgage/RawUAVData01/uavforslb/final_image/final_sliced/20230713_I3B_11185.jpg
9958,I3B,2023,7/12/23,4.0,7/13/23,20230713_I3B_09958.jpg,1,/mnt/research-projects/j/jlgage/RawUAVData01/uavforslb/final_image/final_sliced/20230713_I3B_09958.jpg
3064,G3,2023,7/26/23,8.0,7/27/23,20230727_G3_03064.jpg,1,/mnt/research-projects/j/jlgage/RawUAVData01/uavforslb/final_image/final_sliced/20230727_G3_03064.jpg
10812,I3B,2023,7/19/23,5.5,7/20/23,20230720_I3B_10812.jpg,1,/mnt/research-projects/j/jlgage/RawUAVData01/uavforslb/final_image/final_sliced/20230720_I3B_10812.jpg
6,C7B,2025,7/18/25,5.5,7/18/25,20250718_C7B_00006.jpg,0,/mnt/research-projects/j/jlgage/RawUAVData01/uavforslb/final_image/final_sliced/20250718_C7B_00006.jpg
1654,C7B,2025,7/10/25,6.5,7/10/25,20250710_C7B_01654.jpg,0,/mnt/research-projects/j/jlgage/RawUAVData01/uavforslb/final_image/final_sliced/20250710_C7B_01654.jpg
4080,C10,2025,7/11/25,6.0,7/11/25,20250711_C10_04080.jpg,0,/mnt/research-projects/j/jlgage/RawUAVData01/uavforslb/final_image/final_sliced/20250711_C10_04080.jpg
925,C7B,2025,7/10/25,5.0,7/10/25,20250710_C7B_00925.jpg,0,/mnt/research-projects/j/jlgage/RawUAVData01/uavforslb/final_image/final_sliced/20250710_C7B_00925.jpg
10753,I3B,2023,7/19/23,5.5,7/20/23,20230720_I3B_10753.jpg,1,/mnt/research-projects/j/jlgage/RawUAVData01/uavforslb/final_image/final_sliced/20230720_I3B_10753.jpg
33,C7B,2025,7/11/25,4.0,7/10/25,20250710_C7B_00033.jpg,-1,/mnt/research-projects/j/jlgage/RawUAVData01/uavforslb/final_image/final_sliced/20250710_C7B_00033.jpg
3181,G3,2023,7/26/23,3.5,7/27/23,20230727_G3_03181.jpg,1,/mnt/research-projects/j/jlgage/RawUAVData01/uavforslb/final_image/final_sliced/20230727_G3_03181.jpg
1583,C7B,2025,7/10/25,6.5,7/10/25,20250710_C7B_01583.jpg,0,/mnt/research-projects/j/jlgage/RawUAVData01/uavforslb/final_image/final_sliced/20250710_C7B_01583.jpg
9959,I3B,2023,7/12/23,5.5,7/13/23,20230713_I3B_09959.jpg,1,/mnt/research-projects/j/jlgage/RawUAVData01/uavforslb/final_image/final_sliced/20230713_I3B_09959.jpg
7215,G3,2023,7/26/23,5.5,7/27/23,20230727_G3_07215.jpg,1,/mnt/research-projects/j/jlgage/RawUAVData01/uavforslb/final_image/final_sliced/20230727_G3_07215.jpg
6752,C10,2025,7/18/25,7.5,7/18/25,20250718_C10_06752.jpg,0,/mnt/research-projects/j/jlgage/RawUAVData01/uavforslb/final_image/final_sliced/20250718_C10_06752.jpg
7457,G3,2023,7/26/23,6.5,7/27/23,20230727_G3_07457.jpg,1,/mnt/research-projects/j/jlgage/RawUAVData01/uavforslb/final_image/final_sliced/20230727_G3_07457.jpg
10017,I3B,2023,7/12/23,5.0,7/13/23,20230713_I3B_10017.jpg,1,/mnt/research-projects/j/jlgage/RawUAVData01/uavforslb/final_image/final_sliced/20230713_I3B_10017.jpg
5694,C10,2025,7/11/25,7.0,7/11/25,20250711_C10_05694.jpg,0,/mnt/research-projects/j/jlgage/RawUAVData01/uavforslb/final_image/final_sliced/20250711_C10_05694.jpg
8083,G3,2023,7/26/23,5.0,7/27/23,20230727_G3_08083.jpg,1,/mnt/research-projects/j/jlgage/RawUAVData01/uavforslb/final_image/final_sliced/20230727_G3_08083.jpg
330,C7B,2025,7/4/25,6.0,7/4/25,20250704_C7B_00330.jpg,0,/mnt/research-projects/j/jlgage/RawUAVData01/uavforslb/final_image/final_sliced/20250704_C7B_00330.jpg
11077,I3B,2023,7/12/23,7.0,7/13/23,20230713_I3B_11077.jpg,1,/mnt/research-projects/j/jlgage/RawUAVData01/uavforslb/final_image/final_sliced/20230713_I3B_11077.jpg
10800,I3B,2023,7/19/23,6.0,7/20/23,20230720_I3B_10800.jpg,1,/mnt/research-projects/j/jlgage/RawUAVData01/uavforslb/final_image/final_sliced/20230720_I3B_10800.jpg
3089,G3,2023,7/19/23,8.5,7/20/23,20230720_G3_03089.jpg,1,/mnt/research-projects/j/jlgage/RawUAVData01/uavforslb/final_image/final_sliced/20230720_G3_03089.jpg
4858,C10,2025,7/20/25,4.5,7/21/25,20250721_C10_04858.jpg,1,/mnt/research-projects/j/jlgage/RawUAVData01/uavforslb/final_image/final_sliced/20250721_C10_04858.jpg
3049,G3,2023,7/26/23,7.0,7/27/23,20230727_G3_03049.jpg,1,/mnt/research-projects/j/jlgage/RawUAVData01/uavforslb/final_image/final_sliced/20230727_G3_03049.jpg
618,C7B,2025,6/30/25,6.5,7/1/25,20250701_C7B_00618.jpg,1,/mnt/research-projects/j/jlgage/RawUAVData01/uavforslb/final_image/final_sliced/20250701_C7B_00618.jpg
3009,G3,2023,7/26/23,2.5,7/27/23,20230727_G3_03009.jpg,1,/mnt/research-projects/j/jlgage/RawUAVData01/uavforslb/final_image/final_sliced/20230727_G3_03009.jpg
1287,C7B,2025,7/1/25,7.0,7/1/25,20250701_C7B_01287.jpg,0,/mnt/research-projects/j/jlgage/RawUAVData01/uavforslb/final_image/final_sliced/20250701_C7B_01287.jpg
4944,C10,2025,7/2/25,7.0,7/4/25,20250704_C10_04944.jpg,2,/mnt/research-projects/j/jlgage/RawUAVData01/uavforslb/final_image/final_sliced/20250704_C10_04944.jpg
8165,G3,2023,7/26/23,6.5,7/27/23,20230727_G3_08165.jpg,1,/mnt/research-projects/j/jlgage/RawUAVData01/uavforslb/final_image/final_sliced/20230727_G3_08165.jpg
8154,G3,2023,7/26/23,8.0,7/27/23,20230727_G3_08154.jpg,1,/mnt/research-projects/j/jlgage/RawUAVData01/uavforslb/final_image/final_sliced/20230727_G3_08154.jpg
5756,C10,2025,7/11/25,4.0,7/11/25,20250711_C10_05756.jpg,0,/mnt/research-projects/j/jlgage/RawUAVData01/uavforslb/final_image/final_sliced/20250711_C10_05756.jpg
8126,G3,2023,7/26/23,6.0,7/27/23,20230727_G3_08126.jpg,1,/mnt/research-projects/j/jlgage/RawUAVData01/uavforslb/final_image/final_sliced/20230727_G3_08126.jpg
7459,G3,2023,7/26/23,8.0,7/27/23,20230727_G3_07459.jpg,1,/mnt/research-projects/j/jlgage/RawUAVData01/uavforslb/final_image/final_sliced/20230727_G3_07459.jpg
8161,G3,2023,7/20/23,8.0,7/20/23,20230720_G3_08161.jpg,0,/mnt/research-projects/j/jlgage/RawUAVData01/uavforslb/final_image/final_sliced/20230720_G3_08161.jpg
3006,G3,2023,7/26/23,8.0,7/27/23,20230727_G3_03006.jpg,1,/mnt/research-projects/j/jlgage/RawUAVData01/uavforslb/final_image/final_sliced/20230727_G3_03006.jpg
11006,I3B,2023,7/19/23,6.5,7/20/23,20230720_I3B_11006.jpg,1,/mnt/research-projects/j/jlgage/RawUAVData01/uavforslb/final_image/final_sliced/20230720_I3B_11006.jpg
4051,C10,2025,6/30/25,7.5,6/28/25,20250628_C10_04051.jpg,-2,/mnt/research-projects/j/jlgage/RawUAVData01/uavforslb/final_image/final_sliced/20250628_C10_04051.jpg
1318,C7B,2025,7/1/25,7.5,7/1/25,20250701_C7B_01318.jpg,0,/mnt/research-projects/j/jlgage/RawUAVData01/uavforslb/final_image/final_sliced/20250701_C7B_01318.jpg
2871,C7B,2025,7/18/25,6.0,7/18/25,20250718_C7B_02871.jpg,0,/mnt/research-projects/j/jlgage/RawUAVData01/uavforslb/final_image/final_sliced/20250718_C7B_02871.jpg
4436,C10,2025,6/30/25,7.0,6/28/25,20250628_C10_04436.jpg,-2,/mnt/research-projects/j/jlgage/RawUAVData01/uavforslb/final_image/final_sliced/20250628_C10_04436.jpg
4258,C10,2025,7/19/25,6.0,7/18/25,20250718_C10_04258.jpg,-1,/mnt/research-projects/j/jlgage/RawUAVData01/uavforslb/final_image/final_sliced/20250718_C10_04258.jpg
2812,C7B,2025,7/18/25,5.0,7/18/25,20250718_C7B_02812.jpg,0,/mnt/research-projects/j/jlgage/RawUAVData01/uavforslb/final_image/final_sliced/20250718_C7B_02812.jpg
11045,I3B,2023,7/12/23,7.5,7/13/23,20230713_I3B_11045.jpg,1,/mnt/research-projects/j/jlgage/RawUAVData01/uavforslb/final_image/final_sliced/20230713_I3B_11045.jpg
7247,G3,2023,7/26/23,5.0,7/27/23,20230727_G3_07247.jpg,1,/mnt/research-projects/j/jlgage/RawUAVData01/uavforslb/final_image/final_sliced/20230727_G3_07247.jpg
4298,C10,2025,7/11/25,5.0,7/11/25,20250711_C10_04298.jpg,0,/mnt/research-projects/j/jlgage/RawUAVData01/uavforslb/final_image/final_sliced/20250711_C10_04298.jpg
5224,C10,2025,7/20/25,2.0,7/21/25,20250721_C10_05224.jpg,1,/mnt/research-projects/j/jlgage/RawUAVData01/uavforslb/final_image/final_sliced/20250721_C10_05224.jpg
8133,G3,2023,7/26/23,7.5,7/27/23,20230727_G3_08133.jpg,1,/mnt/research-projects/j/jlgage/RawUAVData01/uavforslb/final_image/final_sliced/20230727_G3_08133.jpg
5937,C10,2025,7/11/25,7.5,7/11/25,20250711_C10_05937.jpg,0,/mnt/research-projects/j/jlgage/RawUAVData01/uavforslb/final_image/final_sliced/20250711_C10_05937.jpg
1195,C7B,2025,7/10/25,5.0,7/10/25,20250710_C7B_01195.jpg,0,/mnt/research-projects/j/jlgage/RawUAVData01/uavforslb/final_image/final_sliced/20250710_C7B_01195.jpg
65,C7B,2025,7/4/25,6.0,7/4/25,20250704_C7B_00065.jpg,0,/mnt/research-projects/j/jlgage/RawUAVData01/uavforslb/final_image/final_sliced/20250704_C7B_00065.jpg
11104,I3B,2023,7/12/23,6.0,7/13/23,20230713_I3B_11104.jpg,1,/mnt/research-projects/j/jlgage/RawUAVData01/uavforslb/final_image/final_sliced/20230713_I3B_11104.jpg
10892,I3B,2023,7/19/23,6.0,7/20/23,20230720_I3B_10892.jpg,1,/mnt/research-projects/j/jlgage/RawUAVData01/uavforslb/final_image/final_sliced/20230720_I3B_10892.jpg
11032,I3B,2023,7/12/23,6.0,7/13/23,20230713_I3B_11032.jpg,1,/mnt/research-projects/j/jlgage/RawUAVData01/uavforslb/final_image/final_sliced/20230713_I3B_11032.jpg
11208,I3B,2023,7/19/23,7.0,7/20/23,20230720_I3B_11208.jpg,1,/mnt/research-projects/j/jlgage/RawUAVData01/uavforslb/final_image/final_sliced/20230720_I3B_11208.jpg
4866,C10,2025,7/2/25,5.0,7/4/25,20250704_C10_04866.jpg,2,/mnt/research-projects/j/jlgage/RawUAVData01/uavforslb/final_image/final_sliced/20250704_C10_04866.jpg
4942,C10,2025,7/11/25,4.0,7/11/25,20250711_C10_04942.jpg,0,/mnt/research-projects/j/jlgage/RawUAVData01/uavforslb/final_image/final_sliced/20250711_C10_04942.jpg
9654,I3B,2023,7/12/23,4.5,7/13/23,20230713_I3B_09654.jpg,1,/mnt/research-projects/j/jlgage/RawUAVData01/uavforslb/final_image/final_sliced/20230713_I3B_09654.jpg
1303,C7B,2025,7/18/25,4.0,7/18/25,20250718_C7B_01303.jpg,0,/mnt/research-projects/j/jlgage/RawUAVData01/uavforslb/final_image/final_sliced/20250718_C7B_01303.jpg
10822,I3B,2023,7/19/23,6.0,7/20/23,20230720_I3B_10822.jpg,1,/mnt/research-projects/j/jlgage/RawUAVData01/uavforslb/final_image/final_sliced/20230720_I3B_10822.jpg
4218,C10,2025,7/11/25,8.0,7/11/25,20250711_C10_04218.jpg,0,/mnt/research-projects/j/jlgage/RawUAVData01/uavforslb/final_image/final_sliced/20250711_C10_04218.jpg
7238,G3,2023,7/26/23,4.5,7/27/23,20230727_G3_07238.jpg,1,/mnt/research-projects/j/jlgage/RawUAVData01/uavforslb/final_image/final_sliced/20230727_G3_07238.jpg
10923,I3B,2023,7/19/23,6.0,7/20/23,20230720_I3B_10923.jpg,1,/mnt/research-projects/j/jlgage/RawUAVData01/uavforslb/final_image/final_sliced/20230720_I3B_10923.jpg
5991,C10,2025,7/2/25,8.0,7/4/25,20250704_C10_05991.jpg,2,/mnt/research-projects/j/jlgage/RawUAVData01/uavforslb/final_image/final_sliced/20250704_C10_05991.jpg
994,C7B,2025,7/10/25,6.5,7/10/25,20250710_C7B_00994.jpg,0,/mnt/research-projects/j/jlgage/RawUAVData01/uavforslb/final_image/final_sliced/20250710_C7B_00994.jpg
3025,G3,2023,7/19/23,8.0,7/20/23,20230720_G3_03025.jpg,1,/mnt/research-projects/j/jlgage/RawUAVData01/uavforslb/final_image/final_sliced/20230720_G3_03025.jpg
7365,G3,2023,7/20/23,7.5,7/20/23,20230720_G3_07365.jpg,0,/mnt/research-projects/j/jlgage/RawUAVData01/uavforslb/final_image/final_sliced/20230720_G3_07365.jpg
5648,C10,2025,7/20/25,4.5,7/21/25,20250721_C10_05648.jpg,1,/mnt/research-projects/j/jlgage/RawUAVData01/uavforslb/final_image/final_sliced/20250721_C10_05648.jpg
11084,I3B,2023,7/12/23,7.5,7/13/23,20230713_I3B_11084.jpg,1,/mnt/research-projects/j/jlgage/RawUAVData01/uavforslb/final_image/final_sliced/20230713_I3B_11084.jpg
8092,G3,2023,7/20/23,6.0,7/20/23,20230720_G3_08092.jpg,0,/mnt/research-projects/j/jlgage/RawUAVData01/uavforslb/final_image/final_sliced/20230720_G3_08092.jpg
8082,G3,2023,7/20/23,7.5,7/20/23,20230720_G3_08082.jpg,0,/mnt/research-projects/j/jlgage/RawUAVData01/uavforslb/final_image/final_sliced/20230720_G3_08082.jpg
7398,G3,2023,7/20/23,8.0,7/20/23,20230720_G3_07398.jpg,0,/mnt/research-projects/j/jlgage/RawUAVData01/uavforslb/final_image/final_sliced/20230720_G3_07398.jpg
10880,I3B,2023,7/19/23,6.5,7/20/23,20230720_I3B_10880.jpg,1,/mnt/research-projects/j/jlgage/RawUAVData01/uavforslb/final_image/final_sliced/20230720_I3B_10880.jpg
1343,C7B,2025,7/10/25,3.5,7/10/25,20250710_C7B_01343.jpg,0,/mnt/research-projects/j/jlgage/RawUAVData01/uavforslb/final_image/final_sliced/20250710_C7B_01343.jpg
3020,G3,2023,7/26/23,7.5,7/27/23,20230727_G3_03020.jpg,1,/mnt/research-projects/j/jlgage/RawUAVData01/uavforslb/final_image/final_sliced/20230727_G3_03020.jpg
8118,G3,2023,7/20/23,8.0,7/20/23,20230720_G3_08118.jpg,0,/mnt/research-projects/j/jlgage/RawUAVData01/uavforslb/final_image/final_sliced/20230720_G3_08118.jpg
937,C7B,2025,7/1/25,6.5,7/1/25,20250701_C7B_00937.jpg,0,/mnt/research-projects/j/jlgage/RawUAVData01/uavforslb/final_image/final_sliced/20250701_C7B_00937.jpg
1318,C7B,2025,7/18/25,4.0,7/18/25,20250718_C7B_01318.jpg,0,/mnt/research-projects/j/jlgage/RawUAVData01/uavforslb/final_image/final_sliced/20250718_C7B_01318.jpg
573,C7B,2025,6/30/25,6.0,7/1/25,20250701_C7B_00573.jpg,1,/mnt/research-projects/j/jlgage/RawUAVData01/uavforslb/final_image/final_sliced/20250701_C7B_00573.jpg
457,C7B,2025,6/30/25,6.0,7/1/25,20250701_C7B_00457.jpg,1,/mnt/research-projects/j/jlgage/RawUAVData01/uavforslb/final_image/final_sliced/20250701_C7B_00457.jpg
7364,G3,2023,7/20/23,6.5,7/20/23,20230720_G3_07364.jpg,0,/mnt/research-projects/j/jlgage/RawUAVData01/uavforslb/final_image/final_sliced/20230720_G3_07364.jpg
4374,C10,2025,7/19/25,2.0,7/18/25,20250718_C10_04374.jpg,-1,/mnt/research-projects/j/jlgage/RawUAVData01/uavforslb/final_image/final_sliced/20250718_C10_04374.jpg
1128,C7B,2025,7/10/25,5.0,7/10/25,20250710_C7B_01128.jpg,0,/mnt/research-projects/j/jlgage/RawUAVData01/uavforslb/final_image/final_sliced/20250710_C7B_01128.jpg
5705,C10,2025,7/1/25,6.5,6/28/25,20250628_C10_05705.jpg,-3,/mnt/research-projects/j/jlgage/RawUAVData01/uavforslb/final_image/final_sliced/20250628_C10_05705.jpg
8159,G3,2023,7/26/23,7.5,7/27/23,20230727_G3_08159.jpg,1,/mnt/research-projects/j/jlgage/RawUAVData01/uavforslb/final_image/final_sliced/20230727_G3_08159.jpg
10906,I3B,2023,7/19/23,4.5,7/20/23,20230720_I3B_10906.jpg,1,/mnt/research-projects/j/jlgage/RawUAVData01/uavforslb/final_image/final_sliced/20230720_I3B_10906.jpg
4181,C10,2025,7/7/25,5.5,7/7/25,20250707_C10_04181.jpg,0,/mnt/research-projects/j/jlgage/RawUAVData01/uavforslb/final_image/final_sliced/20250707_C10_04181.jpg
8141,G3,2023,7/20/23,5.0,7/20/23,20230720_G3_08141.jpg,0,/mnt/research-projects/j/jlgage/RawUAVData01/uavforslb/final_image/final_sliced/20230720_G3_08141.jpg
632,C7B,2025,7/18/25,5.5,7/18/25,20250718_C7B_00632.jpg,0,/mnt/research-projects/j/jlgage/RawUAVData01/uavforslb/final_image/final_sliced/20250718_C7B_00632.jpg
8080,G3,2023,7/26/23,8.0,7/27/23,20230727_G3_08080.jpg,1,/mnt/research-projects/j/jlgage/RawUAVData01/uavforslb/final_image/final_sliced/20230727_G3_08080.jpg
1735,C7B,2025,7/1/25,8.0,7/1/25,20250701_C7B_01735.jpg,0,/mnt/research-projects/j/jlgage/RawUAVData01/uavforslb/final_image/final_sliced/20250701_C7B_01735.jpg
3186,G3,2023,7/26/23,7.5,7/27/23,20230727_G3_03186.jpg,1,/mnt/research-projects/j/jlgage/RawUAVData01/uavforslb/final_image/final_sliced/20230727_G3_03186.jpg
5828,C10,2025,7/1/25,7.0,6/28/25,20250628_C10_05828.jpg,-3,/mnt/research-projects/j/jlgage/RawUAVData01/uavforslb/final_image/final_sliced/20250628_C10_05828.jpg
4305,C10,2025,6/30/25,7.5,6/28/25,20250628_C10_04305.jpg,-2,/mnt/research-projects/j/jlgage/RawUAVData01/uavforslb/final_image/final_sliced/20250628_C10_04305.jpg
5311,C10,2025,7/11/25,6.0,7/11/25,20250711_C10_05311.jpg,0,/mnt/research-projects/j/jlgage/RawUAVData01/uavforslb/final_image/final_sliced/20250711_C10_05311.jpg
9751,I3B,2023,7/12/23,7.0,7/13/23,20230713_I3B_09751.jpg,1,/mnt/research-projects/j/jlgage/RawUAVData01/uavforslb/final_image/final_sliced/20230713_I3B_09751.jpg
2669,C7B,2025,7/13/25,4.0,7/12/25,20250712_C7B_02669.jpg,-1,/mnt/research-projects/j/jlgage/RawUAVData01/uavforslb/final_image/final_sliced/20250712_C7B_02669.jpg
5865,C10,2025,7/1/25,3.0,6/28/25,20250628_C10_05865.jpg,-3,/mnt/research-projects/j/jlgage/RawUAVData01/uavforslb/final_image/final_sliced/20250628_C10_05865.jpg
4878,C10,2025,7/20/25,2.5,7/21/25,20250721_C10_04878.jpg,1,/mnt/research-projects/j/jlgage/RawUAVData01/uavforslb/final_image/final_sliced/20250721_C10_04878.jpg
7359,G3,2023,7/26/23,7.0,7/27/23,20230727_G3_07359.jpg,1,/mnt/research-projects/j/jlgage/RawUAVData01/uavforslb/final_image/final_sliced/20230727_G3_07359.jpg
11188,I3B,2023,7/12/23,7.0,7/13/23,20230713_I3B_11188.jpg,1,/mnt/research-projects/j/jlgage/RawUAVData01/uavforslb/final_image/final_sliced/20230713_I3B_11188.jpg
7513,G3,2023,7/26/23,7.0,7/27/23,20230727_G3_07513.jpg,1,/mnt/research-projects/j/jlgage/RawUAVData01/uavforslb/final_image/final_sliced/20230727_G3_07513.jpg
1356,C7B,2025,7/1/25,6.0,7/1/25,20250701_C7B_01356.jpg,0,/mnt/research-projects/j/jlgage/RawUAVData01/uavforslb/final_image/final_sliced/20250701_C7B_01356.jpg
9965,I3B,2023,7/12/23,5.5,7/13/23,20230713_I3B_09965.jpg,1,/mnt/research-projects/j/jlgage/RawUAVData01/uavforslb/final_image/final_sliced/20230713_I3B_09965.jpg
9988,I3B,2023,7/12/23,6.0,7/13/23,20230713_I3B_09988.jpg,1,/mnt/research-projects/j/jlgage/RawUAVData01/uavforslb/final_image/final_sliced/20230713_I3B_09988.jpg
2863,C7B,2025,7/8/25,7.5,7/7/25,20250707_C7B_02863.jpg,-1,/mnt/research-projects/j/jlgage/RawUAVData01/uavforslb/final_image/final_sliced/20250707_C7B_02863.jpg
4524,C10,2025,7/2/25,5.5,7/4/25,20250704_C10_04524.jpg,2,/mnt/research-projects/j/jlgage/RawUAVData01/uavforslb/final_image/final_sliced/20250704_C10_04524.jpg
10419,I3B,2023,7/25/23,3.0,7/27/23,20230727_I3B_10419.jpg,2,/mnt/research-projects/j/jlgage/RawUAVData01/uavforslb/final_image/final_sliced/20230727_I3B_10419.jpg
11131,I3B,2023,7/12/23,7.0,7/13/23,20230713_I3B_11131.jpg,1,/mnt/research-projects/j/jlgage/RawUAVData01/uavforslb/final_image/final_sliced/20230713_I3B_11131.jpg
7530,G3,2023,7/20/23,8.0,7/20/23,20230720_G3_07530.jpg,0,/mnt/research-projects/j/jlgage/RawUAVData01/uavforslb/final_image/final_sliced/20230720_G3_07530.jpg
10288,I3B,2023,7/25/23,4.0,7/27/23,20230727_I3B_10288.jpg,2,/mnt/research-projects/j/jlgage/RawUAVData01/uavforslb/final_image/final_sliced/20230727_I3B_10288.jpg
1799,C7B,2025,7/7/25,5.5,7/7/25,20250707_C7B_01799.jpg,0,/mnt/research-projects/j/jlgage/RawUAVData01/uavforslb/final_image/final_sliced/20250707_C7B_01799.jpg
9774,I3B,2023,7/12/23,5.0,7/13/23,20230713_I3B_09774.jpg,1,/mnt/research-projects/j/jlgage/RawUAVData01/uavforslb/final_image/final_sliced/20230713_I3B_09774.jpg
3161,G3,2023,7/26/23,5.0,7/27/23,20230727_G3_03161.jpg,1,/mnt/research-projects/j/jlgage/RawUAVData01/uavforslb/final_image/final_sliced/20230727_G3_03161.jpg
6030,C10,2025,7/11/25,3.0,7/11/25,20250711_C10_06030.jpg,0,/mnt/research-projects/j/jlgage/RawUAVData01/uavforslb/final_image/final_sliced/20250711_C10_06030.jpg
6818,C10,2025,6/30/25,8.0,6/28/25,20250628_C10_06818.jpg,-2,/mnt/research-projects/j/jlgage/RawUAVData01/uavforslb/final_image/final_sliced/20250628_C10_06818.jpg
9954,I3B,2023,7/12/23,4.0,7/13/23,20230713_I3B_09954.jpg,1,/mnt/research-projects/j/jlgage/RawUAVData01/uavforslb/final_image/final_sliced/20230713_I3B_09954.jpg
10953,I3B,2023,7/19/23,5.5,7/20/23,20230720_I3B_10953.jpg,1,/mnt/research-projects/j/jlgage/RawUAVData01/uavforslb/final_image/final_sliced/20230720_I3B_10953.jpg
5684,C10,2025,7/11/25,5.0,7/11/25,20250711_C10_05684.jpg,0,/mnt/research-projects/j/jlgage/RawUAVData01/uavforslb/final_image/final_sliced/20250711_C10_05684.jpg
9907,I3B,2023,7/12/23,5.5,7/13/23,20230713_I3B_09907.jpg,1,/mnt/research-projects/j/jlgage/RawUAVData01/uavforslb/final_image/final_sliced/20230713_I3B_09907.jpg
542,C7B,2025,7/10/25,8.0,7/10/25,20250710_C7B_00542.jpg,0,/mnt/research-projects/j/jlgage/RawUAVData01/uavforslb/final_image/final_sliced/20250710_C7B_00542.jpg
7431,G3,2023,7/26/23,4.0,7/27/23,20230727_G3_07431.jpg,1,/mnt/research-projects/j/jlgage/RawUAVData01/uavforslb/final_image/final_sliced/20230727_G3_07431.jpg
9783,I3B,2023,7/12/23,4.5,7/13/23,20230713_I3B_09783.jpg,1,/mnt/research-projects/j/jlgage/RawUAVData01/uavforslb/final_image/final_sliced/20230713_I3B_09783.jpg
7374,G3,2023,7/20/23,6.0,7/20/23,20230720_G3_07374.jpg,0,/mnt/research-projects/j/jlgage/RawUAVData01/uavforslb/final_image/final_sliced/20230720_G3_07374.jpg
4299,C10,2025,7/11/25,5.0,7/11/25,20250711_C10_04299.jpg,0,/mnt/research-projects/j/jlgage/RawUAVData01/uavforslb/final_image/final_sliced/20250711_C10_04299.jpg
11078,I3B,2023,7/12/23,7.5,7/13/23,20230713_I3B_11078.jpg,1,/mnt/research-projects/j/jlgage/RawUAVData01/uavforslb/final_image/final_sliced/20230713_I3B_11078.jpg
1941,C7B,2025,7/19/25,6.0,7/18/25,20250718_C7B_01941.jpg,-1,/mnt/research-projects/j/jlgage/RawUAVData01/uavforslb/final_image/final_sliced/20250718_C7B_01941.jpg
9618,I3B,2023,7/12/23,7.0,7/13/23,20230713_I3B_09618.jpg,1,/mnt/research-projects/j/jlgage/RawUAVData01/uavforslb/final_image/final_sliced/20230713_I3B_09618.jpg
4328,C10,2025,7/19/25,2.0,7/18/25,20250718_C10_04328.jpg,-1,/mnt/research-projects/j/jlgage/RawUAVData01/uavforslb/final_image/final_sliced/20250718_C10_04328.jpg
4638,C10,2025,7/11/25,4.0,7/11/25,20250711_C10_04638.jpg,0,/mnt/research-projects/j/jlgage/RawUAVData01/uavforslb/final_image/final_sliced/20250711_C10_04638.jpg
6754,C10,2025,7/3/25,7.5,7/4/25,20250704_C10_06754.jpg,1,/mnt/research-projects/j/jlgage/RawUAVData01/uavforslb/final_image/final_sliced/20250704_C10_06754.jpg
3189,G3,2023,7/19/23,7.0,7/20/23,20230720_G3_03189.jpg,1,/mnt/research-projects/j/jlgage/RawUAVData01/uavforslb/final_image/final_sliced/20230720_G3_03189.jpg
3048,G3,2023,7/26/23,5.0,7/27/23,20230727_G3_03048.jpg,1,/mnt/research-projects/j/jlgage/RawUAVData01/uavforslb/final_image/final_sliced/20230727_G3_03048.jpg
3155,G3,2023,7/19/23,5.0,7/20/23,20230720_G3_03155.jpg,1,/mnt/research-projects/j/jlgage/RawUAVData01/uavforslb/final_image/final_sliced/20230720_G3_03155.jpg
7251,G3,2023,7/19/23,8.0,7/20/23,20230720_G3_07251.jpg,1,/mnt/research-projects/j/jlgage/RawUAVData01/uavforslb/final_image/final_sliced/20230720_G3_07251.jpg
5030,C10,2025,7/2/25,5.5,7/4/25,20250704_C10_05030.jpg,2,/mnt/research-projects/j/jlgage/RawUAVData01/uavforslb/final_image/final_sliced/20250704_C10_05030.jpg
8026,G3,2023,7/19/23,7.5,7/20/23,20230720_G3_08026.jpg,1,/mnt/research-projects/j/jlgage/RawUAVData01/uavforslb/final_image/final_sliced/20230720_G3_08026.jpg
8070,G3,2023,7/20/23,8.0,7/20/23,20230720_G3_08070.jpg,0,/mnt/research-projects/j/jlgage/RawUAVData01/uavforslb/final_image/final_sliced/20230720_G3_08070.jpg
5423,C10,2025,7/2/25,6.0,7/4/25,20250704_C10_05423.jpg,2,/mnt/research-projects/j/jlgage/RawUAVData01/uavforslb/final_image/final_sliced/20250704_C10_05423.jpg
10872,I3B,2023,7/19/23,6.0,7/20/23,20230720_I3B_10872.jpg,1,/mnt/research-projects/j/jlgage/RawUAVData01/uavforslb/final_image/final_sliced/20230720_I3B_10872.jpg
5408,C10,2025,7/20/25,3.0,7/21/25,20250721_C10_05408.jpg,1,/mnt/research-projects/j/jlgage/RawUAVData01/uavforslb/final_image/final_sliced/20250721_C10_05408.jpg
7515,G3,2023,7/20/23,8.0,7/20/23,20230720_G3_07515.jpg,0,/mnt/research-projects/j/jlgage/RawUAVData01/uavforslb/final_image/final_sliced/20230720_G3_07515.jpg
1515,C7B,2025,7/1/25,7.0,7/1/25,20250701_C7B_01515.jpg,0,/mnt/research-projects/j/jlgage/RawUAVData01/uavforslb/final_image/final_sliced/20250701_C7B_01515.jpg
1358,C7B,2025,7/1/25,7.5,7/1/25,20250701_C7B_01358.jpg,0,/mnt/research-projects/j/jlgage/RawUAVData01/uavforslb/final_image/final_sliced/20250701_C7B_01358.jpg
7205,G3,2023,7/19/23,7.0,7/20/23,20230720_G3_07205.jpg,1,/mnt/research-projects/j/jlgage/RawUAVData01/uavforslb/final_image/final_sliced/20230720_G3_07205.jpg
4192,C10,2025,7/7/25,4.5,7/7/25,20250707_C10_04192.jpg,0,/mnt/research-projects/j/jlgage/RawUAVData01/uavforslb/final_image/final_sliced/20250707_C10_04192.jpg
7234,G3,2023,7/19/23,7.5,7/20/23,20230720_G3_07234.jpg,1,/mnt/research-projects/j/jlgage/RawUAVData01/uavforslb/final_image/final_sliced/20230720_G3_07234.jpg
9962,I3B,2023,7/12/23,5.5,7/13/23,20230713_I3B_09962.jpg,1,/mnt/research-projects/j/jlgage/RawUAVData01/uavforslb/final_image/final_sliced/20230713_I3B_09962.jpg
10343,I3B,2023,7/25/23,5.5,7/27/23,20230727_I3B_10343.jpg,2,/mnt/research-projects/j/jlgage/RawUAVData01/uavforslb/final_image/final_sliced/20230727_I3B_10343.jpg
5702,C10,2025,7/1/25,7.0,6/28/25,20250628_C10_05702.jpg,-3,/mnt/research-projects/j/jlgage/RawUAVData01/uavforslb/final_image/final_sliced/20250628_C10_05702.jpg
10963,I3B,2023,7/19/23,5.5,7/20/23,20230720_I3B_10963.jpg,1,/mnt/research-projects/j/jlgage/RawUAVData01/uavforslb/final_image/final_sliced/20230720_I3B_10963.jpg
10023,I3B,2023,7/12/23,4.5,7/13/23,20230713_I3B_10023.jpg,1,/mnt/research-projects/j/jlgage/RawUAVData01/uavforslb/final_image/final_sliced/20230713_I3B_10023.jpg
5122,C10,2025,7/11/25,4.0,7/11/25,20250711_C10_05122.jpg,0,/mnt/research-projects/j/jlgage/RawUAVData01/uavforslb/final_image/final_sliced/20250711_C10_05122.jpg
8039,G3,2023,7/26/23,4.0,7/27/23,20230727_G3_08039.jpg,1,/mnt/research-projects/j/jlgage/RawUAVData01/uavforslb/final_image/final_sliced/20230727_G3_08039.jpg
1488,C7B,2025,7/18/25,2.0,7/18/25,20250718_C7B_01488.jpg,0,/mnt/research-projects/j/jlgage/RawUAVData01/uavforslb/final_image/final_sliced/20250718_C7B_01488.jpg
7502,G3,2023,7/20/23,7.5,7/20/23,20230720_G3_07502.jpg,0,/mnt/research-projects/j/jlgage/RawUAVData01/uavforslb/final_image/final_sliced/20230720_G3_07502.jpg
879,C7B,2025,7/10/25,6.0,7/10/25,20250710_C7B_00879.jpg,0,/mnt/research-projects/j/jlgage/RawUAVData01/uavforslb/final_image/final_sliced/20250710_C7B_00879.jpg
4430,C10,2025,6/30/25,7.0,6/28/25,20250628_C10_04430.jpg,-2,/mnt/research-projects/j/jlgage/RawUAVData01/uavforslb/final_image/final_sliced/20250628_C10_04430.jpg
8020,G3,2023,7/19/23,5.5,7/20/23,20230720_G3_08020.jpg,1,/mnt/research-projects/j/jlgage/RawUAVData01/uavforslb/final_image/final_sliced/20230720_G3_08020.jpg
4888,C10,2025,7/20/25,2.5,7/21/25,20250721_C10_04888.jpg,1,/mnt/research-projects/j/jlgage/RawUAVData01/uavforslb/final_image/final_sliced/20250721_C10_04888.jpg
2651,C7B,2025,7/8/25,7.5,7/7/25,20250707_C7B_02651.jpg,-1,/mnt/research-projects/j/jlgage/RawUAVData01/uavforslb/final_image/final_sliced/20250707_C7B_02651.jpg
5870,C10,2025,7/11/25,6.0,7/11/25,20250711_C10_05870.jpg,0,/mnt/research-projects/j/jlgage/RawUAVData01/uavforslb/final_image/final_sliced/20250711_C10_05870.jpg
5257,C10,2025,7/11/25,5.0,7/11/25,20250711_C10_05257.jpg,0,/mnt/research-projects/j/jlgage/RawUAVData01/uavforslb/final_image/final_sliced/20250711_C10_05257.jpg
4950,C10,2025,7/20/25,3.0,7/21/25,20250721_C10_04950.jpg,1,/mnt/research-projects/j/jlgage/RawUAVData01/uavforslb/final_image/final_sliced/20250721_C10_04950.jpg
11293,I3B,2023,7/19/23,5.5,7/20/23,20230720_I3B_11293.jpg,1,/mnt/research-projects/j/jlgage/RawUAVData01/uavforslb/final_image/final_sliced/20230720_I3B_11293.jpg
3058,G3,2023,7/26/23,8.5,7/27/23,20230727_G3_03058.jpg,1,/mnt/research-projects/j/jlgage/RawUAVData01/uavforslb/final_image/final_sliced/20230727_G3_03058.jpg
3187,G3,2023,7/19/23,7.5,7/20/23,20230720_G3_03187.jpg,1,/mnt/research-projects/j/jlgage/RawUAVData01/uavforslb/final_image/final_sliced/20230720_G3_03187.jpg
11034,I3B,2023,7/12/23,8.0,7/13/23,20230713_I3B_11034.jpg,1,/mnt/research-projects/j/jlgage/RawUAVData01/uavforslb/final_image/final_sliced/20230713_I3B_11034.jpg
1533,C7B,2025,7/1/25,5.5,7/1/25,20250701_C7B_01533.jpg,0,/mnt/research-projects/j/jlgage/RawUAVData01/uavforslb/final_image/final_sliced/20250701_C7B_01533.jpg
1427,C7B,2025,7/18/25,1.5,7/18/25,20250718_C7B_01427.jpg,0,/mnt/research-projects/j/jlgage/RawUAVData01/uavforslb/final_image/final_sliced/20250718_C7B_01427.jpg
954,C7B,2025,7/18/25,3.0,7/18/25,20250718_C7B_00954.jpg,0,/mnt/research-projects/j/jlgage/RawUAVData01/uavforslb/final_image/final_sliced/20250718_C7B_00954.jpg
97,C7B,2025,7/18/25,5.5,7/18/25,20250718_C7B_00097.jpg,0,/mnt/research-projects/j/jlgage/RawUAVData01/uavforslb/final_image/final_sliced/20250718_C7B_00097.jpg
2685,C7B,2025,7/8/25,8.0,7/7/25,20250707_C7B_02685.jpg,-1,/mnt/research-projects/j/jlgage/RawUAVData01/uavforslb/final_image/final_sliced/20250707_C7B_02685.jpg
7541,G3,2023,7/20/23,8.0,7/20/23,20230720_G3_07541.jpg,0,/mnt/research-projects/j/jlgage/RawUAVData01/uavforslb/final_image/final_sliced/20230720_G3_07541.jpg
5029,C10,2025,7/20/25,2.0,7/21/25,20250721_C10_05029.jpg,1,/mnt/research-projects/j/jlgage/RawUAVData01/uavforslb/final_image/final_sliced/20250721_C10_05029.jpg
9819,I3B,2023,7/12/23,5.0,7/13/23,20230713_I3B_09819.jpg,1,/mnt/research-projects/j/jlgage/RawUAVData01/uavforslb/final_image/final_sliced/20230713_I3B_09819.jpg
9732,I3B,2023,7/12/23,6.0,7/13/23,20230713_I3B_09732.jpg,1,/mnt/research-projects/j/jlgage/RawUAVData01/uavforslb/final_image/final_sliced/20230713_I3B_09732.jpg
8121,G3,2023,7/26/23,8.0,7/27/23,20230727_G3_08121.jpg,1,/mnt/research-projects/j/jlgage/RawUAVData01/uavforslb/final_image/final_sliced/20230727_G3_08121.jpg
5553,C10,2025,7/11/25,7.0,7/11/25,20250711_C10_05553.jpg,0,/mnt/research-projects/j/jlgage/RawUAVData01/uavforslb/final_image/final_sliced/20250711_C10_05553.jpg
4923,C10,2025,7/11/25,7.0,7/11/25,20250711_C10_04923.jpg,0,/mnt/research-projects/j/jlgage/RawUAVData01/uavforslb/final_image/final_sliced/20250711_C10_04923.jpg
3080,G3,2023,7/19/23,7.5,7/20/23,20230720_G3_03080.jpg,1,/mnt/research-projects/j/jlgage/RawUAVData01/uavforslb/final_image/final_sliced/20230720_G3_03080.jpg
5248,C10,2025,7/20/25,2.0,7/21/25,20250721_C10_05248.jpg,1,/mnt/research-projects/j/jlgage/RawUAVData01/uavforslb/final_image/final_sliced/20250721_C10_05248.jpg
415,C7B,2025,7/10/25,3.0,7/10/25,20250710_C7B_00415.jpg,0,/mnt/research-projects/j/jlgage/RawUAVData01/uavforslb/final_image/final_sliced/20250710_C7B_00415.jpg
4964,C10,2025,7/20/25,3.0,7/21/25,20250721_C10_04964.jpg,1,/mnt/research-projects/j/jlgage/RawUAVData01/uavforslb/final_image/final_sliced/20250721_C10_04964.jpg
4006,C10,2025,7/7/25,5.5,7/7/25,20250707_C10_04006.jpg,0,/mnt/research-projects/j/jlgage/RawUAVData01/uavforslb/final_image/final_sliced/20250707_C10_04006.jpg
7460,G3,2023,7/26/23,8.0,7/27/23,20230727_G3_07460.jpg,1,/mnt/research-projects/j/jlgage/RawUAVData01/uavforslb/final_image/final_sliced/20230727_G3_07460.jpg
7275,G3,2023,7/20/23,7.0,7/20/23,20230720_G3_07275.jpg,0,/mnt/research-projects/j/jlgage/RawUAVData01/uavforslb/final_image/final_sliced/20230720_G3_07275.jpg
5604,C10,2025,7/11/25,6.0,7/11/25,20250711_C10_05604.jpg,0,/mnt/research-projects/j/jlgage/RawUAVData01/uavforslb/final_image/final_sliced/20250711_C10_05604.jpg
508,C7B,2025,6/30/25,7.0,7/1/25,20250701_C7B_00508.jpg,1,/mnt/research-projects/j/jlgage/RawUAVData01/uavforslb/final_image/final_sliced/20250701_C7B_00508.jpg
3147,G3,2023,7/26/23,6.0,7/27/23,20230727_G3_03147.jpg,1,/mnt/research-projects/j/jlgage/RawUAVData01/uavforslb/final_image/final_sliced/20230727_G3_03147.jpg
11290,I3B,2023,7/19/23,7.5,7/20/23,20230720_I3B_11290.jpg,1,/mnt/research-projects/j/jlgage/RawUAVData01/uavforslb/final_image/final_sliced/20230720_I3B_11290.jpg
3017,G3,2023,7/26/23,7.5,7/27/23,20230727_G3_03017.jpg,1,/mnt/research-projects/j/jlgage/RawUAVData01/uavforslb/final_image/final_sliced/20230727_G3_03017.jpg
10921,I3B,2023,7/19/23,4.5,7/20/23,20230720_I3B_10921.jpg,1,/mnt/research-projects/j/jlgage/RawUAVData01/uavforslb/final_image/final_sliced/20230720_I3B_10921.jpg
808,C7B,2025,7/1/25,7.0,7/1/25,20250701_C7B_00808.jpg,0,/mnt/research-projects/j/jlgage/RawUAVData01/uavforslb/final_image/final_sliced/20250701_C7B_00808.jpg
10366,I3B,2023,7/25/23,3.0,7/27/23,20230727_I3B_10366.jpg,2,/mnt/research-projects/j/jlgage/RawUAVData01/uavforslb/final_image/final_sliced/20230727_I3B_10366.jpg
7423,G3,2023,7/20/23,6.0,7/20/23,20230720_G3_07423.jpg,0,/mnt/research-projects/j/jlgage/RawUAVData01/uavforslb/final_image/final_sliced/20230720_G3_07423.jpg
202,C7B,2025,7/10/25,4.0,7/10/25,20250710_C7B_00202.jpg,0,/mnt/research-projects/j/jlgage/RawUAVData01/uavforslb/final_image/final_sliced/20250710_C7B_00202.jpg
9856,I3B,2023,7/12/23,4.5,7/13/23,20230713_I3B_09856.jpg,1,/mnt/research-projects/j/jlgage/RawUAVData01/uavforslb/final_image/final_sliced/20230713_I3B_09856.jpg
7354,G3,2023,7/26/23,6.0,7/27/23,20230727_G3_07354.jpg,1,/mnt/research-projects/j/jlgage/RawUAVData01/uavforslb/final_image/final_sliced/20230727_G3_07354.jpg
7407,G3,2023,7/20/23,7.5,7/20/23,20230720_G3_07407.jpg,0,/mnt/research-projects/j/jlgage/RawUAVData01/uavforslb/final_image/final_sliced/20230720_G3_07407.jpg
1997,C7B,2025,7/1/25,6.0,7/1/25,20250701_C7B_01997.jpg,0,/mnt/research-projects/j/jlgage/RawUAVData01/uavforslb/final_image/final_sliced/20250701_C7B_01997.jpg
10838,I3B,2023,7/19/23,5.0,7/20/23,20230720_I3B_10838.jpg,1,/mnt/research-projects/j/jlgage/RawUAVData01/uavforslb/final_image/final_sliced/20230720_I3B_10838.jpg
4935,C10,2025,7/2/25,7.5,7/4/25,20250704_C10_04935.jpg,2,/mnt/research-projects/j/jlgage/RawUAVData01/uavforslb/final_image/final_sliced/20250704_C10_04935.jpg
10416,I3B,2023,7/25/23,4.0,7/27/23,20230727_I3B_10416.jpg,2,/mnt/research-projects/j/jlgage/RawUAVData01/uavforslb/final_image/final_sliced/20230727_I3B_10416.jpg
1703,C7B,2025,7/1/25,6.5,7/1/25,20250701_C7B_01703.jpg,0,/mnt/research-projects/j/jlgage/RawUAVData01/uavforslb/final_image/final_sliced/20250701_C7B_01703.jpg
5926,C10,2025,7/8/25,5.0,7/7/25,20250707_C10_05926.jpg,-1,/mnt/research-projects/j/jlgage/RawUAVData01/uavforslb/final_image/final_sliced/20250707_C10_05926.jpg
1397,C7B,2025,7/10/25,5.0,7/10/25,20250710_C7B_01397.jpg,0,/mnt/research-projects/j/jlgage/RawUAVData01/uavforslb/final_image/final_sliced/20250710_C7B_01397.jpg
8002,G3,2023,7/26/23,2.0,7/27/23,20230727_G3_08002.jpg,1,/mnt/research-projects/j/jlgage/RawUAVData01/uavforslb/final_image/final_sliced/20230727_G3_08002.jpg
7391,G3,2023,7/20/23,7.5,7/20/23,20230720_G3_07391.jpg,0,/mnt/research-projects/j/jlgage/RawUAVData01/uavforslb/final_image/final_sliced/20230720_G3_07391.jpg
7380,G3,2023,7/26/23,5.5,7/27/23,20230727_G3_07380.jpg,1,/mnt/research-projects/j/jlgage/RawUAVData01/uavforslb/final_image/final_sliced/20230727_G3_07380.jpg
8076,G3,2023,7/26/23,8.0,7/27/23,20230727_G3_08076.jpg,1,/mnt/research-projects/j/jlgage/RawUAVData01/uavforslb/final_image/final_sliced/20230727_G3_08076.jpg
3067,G3,2023,7/19/23,8.0,7/20/23,20230720_G3_03067.jpg,1,/mnt/research-projects/j/jlgage/RawUAVData01/uavforslb/final_image/final_sliced/20230720_G3_03067.jpg
6032,C10,2025,7/2/25,6.0,7/4/25,20250704_C10_06032.jpg,2,/mnt/research-projects/j/jlgage/RawUAVData01/uavforslb/final_image/final_sliced/20250704_C10_06032.jpg
7258,G3,2023,7/26/23,6.0,7/27/23,20230727_G3_07258.jpg,1,/mnt/research-projects/j/jlgage/RawUAVData01/uavforslb/final_image/final_sliced/20230727_G3_07258.jpg
238,C7B,2025,7/4/25,6.5,7/4/25,20250704_C7B_00238.jpg,0,/mnt/research-projects/j/jlgage/RawUAVData01/uavforslb/final_image/final_sliced/20250704_C7B_00238.jpg
10787,I3B,2023,7/19/23,5.0,7/20/23,20230720_I3B_10787.jpg,1,/mnt/research-projects/j/jlgage/RawUAVData01/uavforslb/final_image/final_sliced/20230720_I3B_10787.jpg
2751,C7B,2025,7/18/25,7.0,7/18/25,20250718_C7B_02751.jpg,0,/mnt/research-projects/j/jlgage/RawUAVData01/uavforslb/final_image/final_sliced/20250718_C7B_02751.jpg
3104,G3,2023,7/19/23,8.0,7/20/23,20230720_G3_03104.jpg,1,/mnt/research-projects/j/jlgage/RawUAVData01/uavforslb/final_image/final_sliced/20230720_G3_03104.jpg
246,C7B,2025,7/4/25,6.5,7/4/25,20250704_C7B_00246.jpg,0,/mnt/research-projects/j/jlgage/RawUAVData01/uavforslb/final_image/final_sliced/20250704_C7B_00246.jpg
1674,C7B,2025,7/7/25,5.0,7/7/25,20250707_C7B_01674.jpg,0,/mnt/research-projects/j/jlgage/RawUAVData01/uavforslb/final_image/final_sliced/20250707_C7B_01674.jpg
1879,C7B,2025,7/1/25,8.0,7/1/25,20250701_C7B_01879.jpg,0,/mnt/research-projects/j/jlgage/RawUAVData01/uavforslb/final_image/final_sliced/20250701_C7B_01879.jpg
10311,I3B,2023,7/25/23,3.0,7/27/23,20230727_I3B_10311.jpg,2,/mnt/research-projects/j/jlgage/RawUAVData01/uavforslb/final_image/final_sliced/20230727_I3B_10311.jpg
10964,I3B,2023,7/19/23,7.0,7/20/23,20230720_I3B_10964.jpg,1,/mnt/research-projects/j/jlgage/RawUAVData01/uavforslb/final_image/final_sliced/20230720_I3B_10964.jpg
7259,G3,2023,7/26/23,4.0,7/27/23,20230727_G3_07259.jpg,1,/mnt/research-projects/j/jlgage/RawUAVData01/uavforslb/final_image/final_sliced/20230727_G3_07259.jpg
5531,C10,2025,7/20/25,2.0,7/21/25,20250721_C10_05531.jpg,1,/mnt/research-projects/j/jlgage/RawUAVData01/uavforslb/final_image/final_sliced/20250721_C10_05531.jpg
4014,C10,2025,7/19/25,3.5,7/18/25,20250718_C10_04014.jpg,-1,/mnt/research-projects/j/jlgage/RawUAVData01/uavforslb/final_image/final_sliced/20250718_C10_04014.jpg
5851,C10,2025,7/19/25,3.0,7/18/25,20250718_C10_05851.jpg,-1,/mnt/research-projects/j/jlgage/RawUAVData01/uavforslb/final_image/final_sliced/20250718_C10_05851.jpg
5370,C10,2025,7/20/25,2.0,7/21/25,20250721_C10_05370.jpg,1,/mnt/research-projects/j/jlgage/RawUAVData01/uavforslb/final_image/final_sliced/20250721_C10_05370.jpg
10879,I3B,2023,7/19/23,6.5,7/20/23,20230720_I3B_10879.jpg,1,/mnt/research-projects/j/jlgage/RawUAVData01/uavforslb/final_image/final_sliced/20230720_I3B_10879.jpg
8007,G3,2023,7/19/23,4.5,7/20/23,20230720_G3_08007.jpg,1,/mnt/research-projects/j/jlgage/RawUAVData01/uavforslb/final_image/final_sliced/20230720_G3_08007.jpg
9733,I3B,2023,7/12/23,5.0,7/13/23,20230713_I3B_09733.jpg,1,/mnt/research-projects/j/jlgage/RawUAVData01/uavforslb/final_image/final_sliced/20230713_I3B_09733.jpg
3119,G3,2023,7/26/23,7.5,7/27/23,20230727_G3_03119.jpg,1,/mnt/research-projects/j/jlgage/RawUAVData01/uavforslb/final_image/final_sliced/20230727_G3_03119.jpg
11029,I3B,2023,7/12/23,8.0,7/13/23,20230713_I3B_11029.jpg,1,/mnt/research-projects/j/jlgage/RawUAVData01/uavforslb/final_image/final_sliced/20230713_I3B_11029.jpg
8001,G3,2023,7/26/23,5.0,7/27/23,20230727_G3_08001.jpg,1,/mnt/research-projects/j/jlgage/RawUAVData01/uavforslb/final_image/final_sliced/20230727_G3_08001.jpg
9844,I3B,2023,7/12/23,5.0,7/13/23,20230713_I3B_09844.jpg,1,/mnt/research-projects/j/jlgage/RawUAVData01/uavforslb/final_image/final_sliced/20230713_I3B_09844.jpg
7503,G3,2023,7/20/23,7.0,7/20/23,20230720_G3_07503.jpg,0,/mnt/research-projects/j/jlgage/RawUAVData01/uavforslb/final_image/final_sliced/20230720_G3_07503.jpg
2733,C7B,2025,7/18/25,8.0,7/18/25,20250718_C7B_02733.jpg,0,/mnt/research-projects/j/jlgage/RawUAVData01/uavforslb/final_image/final_sliced/20250718_C7B_02733.jpg
11023,I3B,2023,7/12/23,6.5,7/13/23,20230713_I3B_11023.jpg,1,/mnt/research-projects/j/jlgage/RawUAVData01/uavforslb/final_image/final_sliced/20230713_I3B_11023.jpg
5574,C10,2025,7/11/25,3.5,7/11/25,20250711_C10_05574.jpg,0,/mnt/research-projects/j/jlgage/RawUAVData01/uavforslb/final_image/final_sliced/20250711_C10_05574.jpg
7266,G3,2023,7/26/23,6.0,7/27/23,20230727_G3_07266.jpg,1,/mnt/research-projects/j/jlgage/RawUAVData01/uavforslb/final_image/final_sliced/20230727_G3_07266.jpg
1835,C7B,2025,7/10/25,6.0,7/10/25,20250710_C7B_01835.jpg,0,/mnt/research-projects/j/jlgage/RawUAVData01/uavforslb/final_image/final_sliced/20250710_C7B_01835.jpg
9792,I3B,2023,7/12/23,5.0,7/13/23,20230713_I3B_09792.jpg,1,/mnt/research-projects/j/jlgage/RawUAVData01/uavforslb/final_image/final_sliced/20230713_I3B_09792.jpg
1508,C7B,2025,7/18/25,3.0,7/18/25,20250718_C7B_01508.jpg,0,/mnt/research-projects/j/jlgage/RawUAVData01/uavforslb/final_image/final_sliced/20250718_C7B_01508.jpg
3092,G3,2023,7/26/23,8.0,7/27/23,20230727_G3_03092.jpg,1,/mnt/research-projects/j/jlgage/RawUAVData01/uavforslb/final_image/final_sliced/20230727_G3_03092.jpg
8006,G3,2023,7/19/23,7.0,7/20/23,20230720_G3_08006.jpg,1,/mnt/research-projects/j/jlgage/RawUAVData01/uavforslb/final_image/final_sliced/20230720_G3_08006.jpg
8163,G3,2023,7/20/23,7.5,7/20/23,20230720_G3_08163.jpg,0,/mnt/research-projects/j/jlgage/RawUAVData01/uavforslb/final_image/final_sliced/20230720_G3_08163.jpg
8042,G3,2023,7/26/23,5.0,7/27/23,20230727_G3_08042.jpg,1,/mnt/research-projects/j/jlgage/RawUAVData01/uavforslb/final_image/final_sliced/20230727_G3_08042.jpg
4297,C10,2025,6/30/25,8.0,6/28/25,20250628_C10_04297.jpg,-2,/mnt/research-projects/j/jlgage/RawUAVData01/uavforslb/final_image/final_sliced/20250628_C10_04297.jpg
7538,G3,2023,7/26/23,8.0,7/27/23,20230727_G3_07538.jpg,1,/mnt/research-projects/j/jlgage/RawUAVData01/uavforslb/final_image/final_sliced/20230727_G3_07538.jpg
4502,C10,2025,7/2/25,7.0,7/4/25,20250704_C10_04502.jpg,2,/mnt/research-projects/j/jlgage/RawUAVData01/uavforslb/final_image/final_sliced/20250704_C10_04502.jpg
7245,G3,2023,7/19/23,7.0,7/20/23,20230720_G3_07245.jpg,1,/mnt/research-projects/j/jlgage/RawUAVData01/uavforslb/final_image/final_sliced/20230720_G3_07245.jpg
5873,C10,2025,7/1/25,6.0,6/28/25,20250628_C10_05873.jpg,-3,/mnt/research-projects/j/jlgage/RawUAVData01/uavforslb/final_image/final_sliced/20250628_C10_05873.jpg
4274,C10,2025,7/7/25,5.0,7/7/25,20250707_C10_04274.jpg,0,/mnt/research-projects/j/jlgage/RawUAVData01/uavforslb/final_image/final_sliced/20250707_C10_04274.jpg
5607,C10,2025,7/20/25,2.0,7/21/25,20250721_C10_05607.jpg,1,/mnt/research-projects/j/jlgage/RawUAVData01/uavforslb/final_image/final_sliced/20250721_C10_05607.jpg
7309,G3,2023,7/20/23,7.0,7/20/23,20230720_G3_07309.jpg,0,/mnt/research-projects/j/jlgage/RawUAVData01/uavforslb/final_image/final_sliced/20230720_G3_07309.jpg
6775,C10,2025,7/8/25,8.5,7/7/25,20250707_C10_06775.jpg,-1,/mnt/research-projects/j/jlgage/RawUAVData01/uavforslb/final_image/final_sliced/20250707_C10_06775.jpg
9976,I3B,2023,7/12/23,5.5,7/13/23,20230713_I3B_09976.jpg,1,/mnt/research-projects/j/jlgage/RawUAVData01/uavforslb/final_image/final_sliced/20230713_I3B_09976.jpg
4833,C10,2025,7/2/25,5.5,7/4/25,20250704_C10_04833.jpg,2,/mnt/research-projects/j/jlgage/RawUAVData01/uavforslb/final_image/final_sliced/20250704_C10_04833.jpg
6015,C10,2025,7/11/25,7.5,7/11/25,20250711_C10_06015.jpg,0,/mnt/research-projects/j/jlgage/RawUAVData01/uavforslb/final_image/final_sliced/20250711_C10_06015.jpg
5606,C10,2025,7/11/25,3.5,7/11/25,20250711_C10_05606.jpg,0,/mnt/research-projects/j/jlgage/RawUAVData01/uavforslb/final_image/final_sliced/20250711_C10_05606.jpg
5223,C10,2025,7/11/25,4.0,7/11/25,20250711_C10_05223.jpg,0,/mnt/research-projects/j/jlgage/RawUAVData01/uavforslb/final_image/final_sliced/20250711_C10_05223.jpg
3031,G3,2023,7/26/23,8.0,7/27/23,20230727_G3_03031.jpg,1,/mnt/research-projects/j/jlgage/RawUAVData01/uavforslb/final_image/final_sliced/20230727_G3_03031.jpg
9930,I3B,2023,7/12/23,4.0,7/13/23,20230713_I3B_09930.jpg,1,/mnt/research-projects/j/jlgage/RawUAVData01/uavforslb/final_image/final_sliced/20230713_I3B_09930.jpg
9636,I3B,2023,7/12/23,6.0,7/13/23,20230713_I3B_09636.jpg,1,/mnt/research-projects/j/jlgage/RawUAVData01/uavforslb/final_image/final_sliced/20230713_I3B_09636.jpg
3055,G3,2023,7/19/23,8.0,7/20/23,20230720_G3_03055.jpg,1,/mnt/research-projects/j/jlgage/RawUAVData01/uavforslb/final_image/final_sliced/20230720_G3_03055.jpg
4474,C10,2025,7/2/25,7.0,7/4/25,20250704_C10_04474.jpg,2,/mnt/research-projects/j/jlgage/RawUAVData01/uavforslb/final_image/final_sliced/20250704_C10_04474.jpg
5842,C10,2025,7/11/25,4.0,7/11/25,20250711_C10_05842.jpg,0,/mnt/research-projects/j/jlgage/RawUAVData01/uavforslb/final_image/final_sliced/20250711_C10_05842.jpg
1033,C7B,2025,7/18/25,3.0,7/18/25,20250718_C7B_01033.jpg,0,/mnt/research-projects/j/jlgage/RawUAVData01/uavforslb/final_image/final_sliced/20250718_C7B_01033.jpg
6650,C10,2025,7/3/25,7.5,7/4/25,20250704_C10_06650.jpg,1,/mnt/research-projects/j/jlgage/RawUAVData01/uavforslb/final_image/final_sliced/20250704_C10_06650.jpg
4634,C10,2025,7/11/25,4.0,7/11/25,20250711_C10_04634.jpg,0,/mnt/research-projects/j/jlgage/RawUAVData01/uavforslb/final_image/final_sliced/20250711_C10_04634.jpg
3162,G3,2023,7/19/23,7.0,7/20/23,20230720_G3_03162.jpg,1,/mnt/research-projects/j/jlgage/RawUAVData01/uavforslb/final_image/final_sliced/20230720_G3_03162.jpg
2001,C7B,2025,7/19/25,3.0,7/18/25,20250718_C7B_02001.jpg,-1,/mnt/research-projects/j/jlgage/RawUAVData01/uavforslb/final_image/final_sliced/20250718_C7B_02001.jpg
7298,G3,2023,7/26/23,7.0,7/27/23,20230727_G3_07298.jpg,1,/mnt/research-projects/j/jlgage/RawUAVData01/uavforslb/final_image/final_sliced/20230727_G3_07298.jpg
617,C7B,2025,7/18/25,3.0,7/18/25,20250718_C7B_00617.jpg,0,/mnt/research-projects/j/jlgage/RawUAVData01/uavforslb/final_image/final_sliced/20250718_C7B_00617.jpg
1697,C7B,2025,7/19/25,6.0,7/18/25,20250718_C7B_01697.jpg,-1,/mnt/research-projects/j/jlgage/RawUAVData01/uavforslb/final_image/final_sliced/20250718_C7B_01697.jpg
2021,C7B,2025,7/10/25,5.0,7/10/25,20250710_C7B_02021.jpg,0,/mnt/research-projects/j/jlgage/RawUAVData01/uavforslb/final_image/final_sliced/20250710_C7B_02021.jpg
4856,C10,2025,7/11/25,5.0,7/11/25,20250711_C10_04856.jpg,0,/mnt/research-projects/j/jlgage/RawUAVData01/uavforslb/final_image/final_sliced/20250711_C10_04856.jpg
9697,I3B,2023,7/12/23,4.0,7/13/23,20230713_I3B_09697.jpg,1,/mnt/research-projects/j/jlgage/RawUAVData01/uavforslb/final_image/final_sliced/20230713_I3B_09697.jpg
975,C7B,2025,7/18/25,4.0,7/18/25,20250718_C7B_00975.jpg,0,/mnt/research-projects/j/jlgage/RawUAVData01/uavforslb/final_image/final_sliced/20250718_C7B_00975.jpg
10731,I3B,2023,7/19/23,4.0,7/20/23,20230720_I3B_10731.jpg,1,/mnt/research-projects/j/jlgage/RawUAVData01/uavforslb/final_image/final_sliced/20230720_I3B_10731.jpg
8161,G3,2023,7/26/23,8.0,7/27/23,20230727_G3_08161.jpg,1,/mnt/research-projects/j/jlgage/RawUAVData01/uavforslb/final_image/final_sliced/20230727_G3_08161.jpg
4410,C10,2025,7/7/25,4.5,7/7/25,20250707_C10_04410.jpg,0,/mnt/research-projects/j/jlgage/RawUAVData01/uavforslb/final_image/final_sliced/20250707_C10_04410.jpg
10354,I3B,2023,7/25/23,3.0,7/27/23,20230727_I3B_10354.jpg,2,/mnt/research-projects/j/jlgage/RawUAVData01/uavforslb/final_image/final_sliced/20230727_I3B_10354.jpg
7243,G3,2023,7/19/23,7.0,7/20/23,20230720_G3_07243.jpg,1,/mnt/research-projects/j/jlgage/RawUAVData01/uavforslb/final_image/final_sliced/20230720_G3_07243.jpg
8104,G3,2023,7/20/23,6.0,7/20/23,20230720_G3_08104.jpg,0,/mnt/research-projects/j/jlgage/RawUAVData01/uavforslb/final_image/final_sliced/20230720_G3_08104.jpg
9993,I3B,2023,7/12/23,6.5,7/13/23,20230713_I3B_09993.jpg,1,/mnt/research-projects/j/jlgage/RawUAVData01/uavforslb/final_image/final_sliced/20230713_I3B_09993.jpg
7414,G3,2023,7/20/23,8.0,7/20/23,20230720_G3_07414.jpg,0,/mnt/research-projects/j/jlgage/RawUAVData01/uavforslb/final_image/final_sliced/20230720_G3_07414.jpg
10022,I3B,2023,7/12/23,5.5,7/13/23,20230713_I3B_10022.jpg,1,/mnt/research-projects/j/jlgage/RawUAVData01/uavforslb/final_image/final_sliced/20230713_I3B_10022.jpg
4360,C10,2025,7/11/25,5.0,7/11/25,20250711_C10_04360.jpg,0,/mnt/research-projects/j/jlgage/RawUAVData01/uavforslb/final_image/final_sliced/20250711_C10_04360.jpg
7444,G3,2023,7/26/23,8.0,7/27/23,20230727_G3_07444.jpg,1,/mnt/research-projects/j/jlgage/RawUAVData01/uavforslb/final_image/final_sliced/20230727_G3_07444.jpg
10271,I3B,2023,7/25/23,4.0,7/27/23,20230727_I3B_10271.jpg,2,/mnt/research-projects/j/jlgage/RawUAVData01/uavforslb/final_image/final_sliced/20230727_I3B_10271.jpg
2867,C7B,2025,7/18/25,8.0,7/18/25,20250718_C7B_02867.jpg,0,/mnt/research-projects/j/jlgage/RawUAVData01/uavforslb/final_image/final_sliced/20250718_C7B_02867.jpg
5910,C10,2025,7/19/25,4.5,7/18/25,20250718_C10_05910.jpg,-1,/mnt/research-projects/j/jlgage/RawUAVData01/uavforslb/final_image/final_sliced/20250718_C10_05910.jpg
7321,G3,2023,7/20/23,7.0,7/20/23,20230720_G3_07321.jpg,0,/mnt/research-projects/j/jlgage/RawUAVData01/uavforslb/final_image/final_sliced/20230720_G3_07321.jpg
8087,G3,2023,7/26/23,8.0,7/27/23,20230727_G3_08087.jpg,1,/mnt/research-projects/j/jlgage/RawUAVData01/uavforslb/final_image/final_sliced/20230727_G3_08087.jpg
961,C7B,2025,7/1/25,8.0,7/1/25,20250701_C7B_00961.jpg,0,/mnt/research-projects/j/jlgage/RawUAVData01/uavforslb/final_image/final_sliced/20250701_C7B_00961.jpg
1824,C7B,2025,7/1/25,7.5,7/1/25,20250701_C7B_01824.jpg,0,/mnt/research-projects/j/jlgage/RawUAVData01/uavforslb/final_image/final_sliced/20250701_C7B_01824.jpg
4705,C10,2025,7/11/25,3.0,7/11/25,20250711_C10_04705.jpg,0,/mnt/research-projects/j/jlgage/RawUAVData01/uavforslb/final_image/final_sliced/20250711_C10_04705.jpg
4068,C10,2025,7/11/25,7.5,7/11/25,20250711_C10_04068.jpg,0,/mnt/research-projects/j/jlgage/RawUAVData01/uavforslb/final_image/final_sliced/20250711_C10_04068.jpg
4213,C10,2025,7/11/25,5.0,7/11/25,20250711_C10_04213.jpg,0,/mnt/research-projects/j/jlgage/RawUAVData01/uavforslb/final_image/final_sliced/20250711_C10_04213.jpg
7477,G3,2023,7/26/23,8.5,7/27/23,20230727_G3_07477.jpg,1,/mnt/research-projects/j/jlgage/RawUAVData01/uavforslb/final_image/final_sliced/20230727_G3_07477.jpg
10411,I3B,2023,7/25/23,4.0,7/27/23,20230727_I3B_10411.jpg,2,/mnt/research-projects/j/jlgage/RawUAVData01/uavforslb/final_image/final_sliced/20230727_I3B_10411.jpg
2829,C7B,2025,7/18/25,6.0,7/18/25,20250718_C7B_02829.jpg,0,/mnt/research-projects/j/jlgage/RawUAVData01/uavforslb/final_image/final_sliced/20250718_C7B_02829.jpg
11306,I3B,2023,7/19/23,5.0,7/20/23,20230720_I3B_11306.jpg,1,/mnt/research-projects/j/jlgage/RawUAVData01/uavforslb/final_image/final_sliced/20230720_I3B_11306.jpg
3177,G3,2023,7/26/23,5.0,7/27/23,20230727_G3_03177.jpg,1,/mnt/research-projects/j/jlgage/RawUAVData01/uavforslb/final_image/final_sliced/20230727_G3_03177.jpg
7240,G3,2023,7/19/23,7.5,7/20/23,20230720_G3_07240.jpg,1,/mnt/research-projects/j/jlgage/RawUAVData01/uavforslb/final_image/final_sliced/20230720_G3_07240.jpg
10989,I3B,2023,7/19/23,7.0,7/20/23,20230720_I3B_10989.jpg,1,/mnt/research-projects/j/jlgage/RawUAVData01/uavforslb/final_image/final_sliced/20230720_I3B_10989.jpg
3167,G3,2023,7/19/23,5.5,7/20/23,20230720_G3_03167.jpg,1,/mnt/research-projects/j/jlgage/RawUAVData01/uavforslb/final_image/final_sliced/20230720_G3_03167.jpg
679,C7B,2025,7/18/25,1.5,7/18/25,20250718_C7B_00679.jpg,0,/mnt/research-projects/j/jlgage/RawUAVData01/uavforslb/final_image/final_sliced/20250718_C7B_00679.jpg
3148,G3,2023,7/26/23,3.5,7/27/23,20230727_G3_03148.jpg,1,/mnt/research-projects/j/jlgage/RawUAVData01/uavforslb/final_image/final_sliced/20230727_G3_03148.jpg
11196,I3B,2023,7/19/23,6.0,7/20/23,20230720_I3B_11196.jpg,1,/mnt/research-projects/j/jlgage/RawUAVData01/uavforslb/final_image/final_sliced/20230720_I3B_11196.jpg
8137,G3,2023,7/26/23,8.0,7/27/23,20230727_G3_08137.jpg,1,/mnt/research-projects/j/jlgage/RawUAVData01/uavforslb/final_image/final_sliced/20230727_G3_08137.jpg
901,C7B,2025,7/18/25,2.5,7/18/25,20250718_C7B_00901.jpg,0,/mnt/research-projects/j/jlgage/RawUAVData01/uavforslb/final_image/final_sliced/20250718_C7B_00901.jpg
9857,I3B,2023,7/12/23,5.0,7/13/23,20230713_I3B_09857.jpg,1,/mnt/research-projects/j/jlgage/RawUAVData01/uavforslb/final_image/final_sliced/20230713_I3B_09857.jpg
1545,C7B,2025,7/18/25,2.0,7/18/25,20250718_C7B_01545.jpg,0,/mnt/research-projects/j/jlgage/RawUAVData01/uavforslb/final_image/final_sliced/20250718_C7B_01545.jpg
4472,C10,2025,7/1/25,6.0,6/28/25,20250628_C10_04472.jpg,-3,/mnt/research-projects/j/jlgage/RawUAVData01/uavforslb/final_image/final_sliced/20250628_C10_04472.jpg
11015,I3B,2023,7/19/23,5.0,7/20/23,20230720_I3B_11015.jpg,1,/mnt/research-projects/j/jlgage/RawUAVData01/uavforslb/final_image/final_sliced/20230720_I3B_11015.jpg
10910,I3B,2023,7/19/23,5.5,7/20/23,20230720_I3B_10910.jpg,1,/mnt/research-projects/j/jlgage/RawUAVData01/uavforslb/final_image/final_sliced/20230720_I3B_10910.jpg
5039,C10,2025,7/2/25,7.0,7/4/25,20250704_C10_05039.jpg,2,/mnt/research-projects/j/jlgage/RawUAVData01/uavforslb/final_image/final_sliced/20250704_C10_05039.jpg
1655,C7B,2025,7/10/25,6.0,7/10/25,20250710_C7B_01655.jpg,0,/mnt/research-projects/j/jlgage/RawUAVData01/uavforslb/final_image/final_sliced/20250710_C7B_01655.jpg
2783,C7B,2025,6/30/25,8.0,7/1/25,20250701_C7B_02783.jpg,1,/mnt/research-projects/j/jlgage/RawUAVData01/uavforslb/final_image/final_sliced/20250701_C7B_02783.jpg
7383,G3,2023,7/26/23,8.0,7/27/23,20230727_G3_07383.jpg,1,/mnt/research-projects/j/jlgage/RawUAVData01/uavforslb/final_image/final_sliced/20230727_G3_07383.jpg
4464,C10,2025,7/20/25,2.0,7/21/25,20250721_C10_04464.jpg,1,/mnt/research-projects/j/jlgage/RawUAVData01/uavforslb/final_image/final_sliced/20250721_C10_04464.jpg
11068,I3B,2023,7/12/23,6.0,7/13/23,20230713_I3B_11068.jpg,1,/mnt/research-projects/j/jlgage/RawUAVData01/uavforslb/final_image/final_sliced/20230713_I3B_11068.jpg
8067,G3,2023,7/26/23,5.0,7/27/23,20230727_G3_08067.jpg,1,/mnt/research-projects/j/jlgage/RawUAVData01/uavforslb/final_image/final_sliced/20230727_G3_08067.jpg
1523,C7B,2025,7/18/25,2.0,7/18/25,20250718_C7B_01523.jpg,0,/mnt/research-projects/j/jlgage/RawUAVData01/uavforslb/final_image/final_sliced/20250718_C7B_01523.jpg
3128,G3,2023,7/26/23,3.5,7/27/23,20230727_G3_03128.jpg,1,/mnt/research-projects/j/jlgage/RawUAVData01/uavforslb/final_image/final_sliced/20230727_G3_03128.jpg
11166,I3B,2023,7/12/23,6.0,7/13/23,20230713_I3B_11166.jpg,1,/mnt/research-projects/j/jlgage/RawUAVData01/uavforslb/final_image/final_sliced/20230713_I3B_11166.jpg
1741,C7B,2025,7/1/25,8.0,7/1/25,20250701_C7B_01741.jpg,0,/mnt/research-projects/j/jlgage/RawUAVData01/uavforslb/final_image/final_sliced/20250701_C7B_01741.jpg
4528,C10,2025,7/2/25,4.0,7/4/25,20250704_C10_04528.jpg,2,/mnt/research-projects/j/jlgage/RawUAVData01/uavforslb/final_image/final_sliced/20250704_C10_04528.jpg
9756,I3B,2023,7/12/23,5.5,7/13/23,20230713_I3B_09756.jpg,1,/mnt/research-projects/j/jlgage/RawUAVData01/uavforslb/final_image/final_sliced/20230713_I3B_09756.jpg
7475,G3,2023,7/26/23,5.0,7/27/23,20230727_G3_07475.jpg,1,/mnt/research-projects/j/jlgage/RawUAVData01/uavforslb/final_image/final_sliced/20230727_G3_07475.jpg
5284,C10,2025,7/11/25,4.0,7/11/25,20250711_C10_05284.jpg,0,/mnt/research-projects/j/jlgage/RawUAVData01/uavforslb/final_image/final_sliced/20250711_C10_05284.jpg
8103,G3,2023,7/26/23,5.0,7/27/23,20230727_G3_08103.jpg,1,/mnt/research-projects/j/jlgage/RawUAVData01/uavforslb/final_image/final_sliced/20230727_G3_08103.jpg
10278,I3B,2023,7/25/23,4.0,7/27/23,20230727_I3B_10278.jpg,2,/mnt/research-projects/j/jlgage/RawUAVData01/uavforslb/final_image/final_sliced/20230727_I3B_10278.jpg
911,C7B,2025,7/1/25,7.5,7/1/25,20250701_C7B_00911.jpg,0,/mnt/research-projects/j/jlgage/RawUAVData01/uavforslb/final_image/final_sliced/20250701_C7B_00911.jpg
4242,C10,2025,7/19/25,1.0,7/18/25,20250718_C10_04242.jpg,-1,/mnt/research-projects/j/jlgage/RawUAVData01/uavforslb/final_image/final_sliced/20250718_C10_04242.jpg
4405,C10,2025,7/19/25,2.0,7/18/25,20250718_C10_04405.jpg,-1,/mnt/research-projects/j/jlgage/RawUAVData01/uavforslb/final_image/final_sliced/20250718_C10_04405.jpg
1701,C7B,2025,7/1/25,5.0,7/1/25,20250701_C7B_01701.jpg,0,/mnt/research-projects/j/jlgage/RawUAVData01/uavforslb/final_image/final_sliced/20250701_C7B_01701.jpg
7364,G3,2023,7/26/23,5.0,7/27/23,20230727_G3_07364.jpg,1,/mnt/research-projects/j/jlgage/RawUAVData01/uavforslb/final_image/final_sliced/20230727_G3_07364.jpg
593,C7B,2025,7/18/25,3.0,7/18/25,20250718_C7B_00593.jpg,0,/mnt/research-projects/j/jlgage/RawUAVData01/uavforslb/final_image/final_sliced/20250718_C7B_00593.jpg
11325,I3B,2023,7/19/23,7.0,7/20/23,20230720_I3B_11325.jpg,1,/mnt/research-projects/j/jlgage/RawUAVData01/uavforslb/final_image/final_sliced/20230720_I3B_11325.jpg
557,C7B,2025,6/30/25,7.0,7/1/25,20250701_C7B_00557.jpg,1,/mnt/research-projects/j/jlgage/RawUAVData01/uavforslb/final_image/final_sliced/20250701_C7B_00557.jpg
60,C7B,2025,7/18/25,5.0,7/18/25,20250718_C7B_00060.jpg,0,/mnt/research-projects/j/jlgage/RawUAVData01/uavforslb/final_image/final_sliced/20250718_C7B_00060.jpg
7524,G3,2023,7/20/23,7.5,7/20/23,20230720_G3_07524.jpg,0,/mnt/research-projects/j/jlgage/RawUAVData01/uavforslb/final_image/final_sliced/20230720_G3_07524.jpg
1962,C7B,2025,7/19/25,4.0,7/18/25,20250718_C7B_01962.jpg,-1,/mnt/research-projects/j/jlgage/RawUAVData01/uavforslb/final_image/final_sliced/20250718_C7B_01962.jpg
3051,G3,2023,7/26/23,7.5,7/27/23,20230727_G3_03051.jpg,1,/mnt/research-projects/j/jlgage/RawUAVData01/uavforslb/final_image/final_sliced/20230727_G3_03051.jpg
5879,C10,2025,7/19/25,5.0,7/18/25,20250718_C10_05879.jpg,-1,/mnt/research-projects/j/jlgage/RawUAVData01/uavforslb/final_image/final_sliced/20250718_C10_05879.jpg
3117,G3,2023,7/26/23,8.0,7/27/23,20230727_G3_03117.jpg,1,/mnt/research-projects/j/jlgage/RawUAVData01/uavforslb/final_image/final_sliced/20230727_G3_03117.jpg
10888,I3B,2023,7/19/23,4.5,7/20/23,20230720_I3B_10888.jpg,1,/mnt/research-projects/j/jlgage/RawUAVData01/uavforslb/final_image/final_sliced/20230720_I3B_10888.jpg
4433,C10,2025,6/30/25,5.5,6/28/25,20250628_C10_04433.jpg,-2,/mnt/research-projects/j/jlgage/RawUAVData01/uavforslb/final_image/final_sliced/20250628_C10_04433.jpg
1531,C7B,2025,7/18/25,2.0,7/18/25,20250718_C7B_01531.jpg,0,/mnt/research-projects/j/jlgage/RawUAVData01/uavforslb/final_image/final_sliced/20250718_C7B_01531.jpg
9681,I3B,2023,7/12/23,4.5,7/13/23,20230713_I3B_09681.jpg,1,/mnt/research-projects/j/jlgage/RawUAVData01/uavforslb/final_image/final_sliced/20230713_I3B_09681.jpg
5051,C10,2025,7/20/25,1.5,7/21/25,20250721_C10_05051.jpg,1,/mnt/research-projects/j/jlgage/RawUAVData01/uavforslb/final_image/final_sliced/20250721_C10_05051.jpg
10339,I3B,2023,7/25/23,3.5,7/27/23,20230727_I3B_10339.jpg,2,/mnt/research-projects/j/jlgage/RawUAVData01/uavforslb/final_image/final_sliced/20230727_I3B_10339.jpg
1190,C7B,2025,7/1/25,7.0,7/1/25,20250701_C7B_01190.jpg,0,/mnt/research-projects/j/jlgage/RawUAVData01/uavforslb/final_image/final_sliced/20250701_C7B_01190.jpg
1136,C7B,2025,7/1/25,8.0,7/1/25,20250701_C7B_01136.jpg,0,/mnt/research-projects/j/jlgage/RawUAVData01/uavforslb/final_image/final_sliced/20250701_C7B_01136.jpg
8024,G3,2023,7/26/23,5.0,7/27/23,20230727_G3_08024.jpg,1,/mnt/research-projects/j/jlgage/RawUAVData01/uavforslb/final_image/final_sliced/20230727_G3_08024.jpg
907,C7B,2025,7/10/25,5.0,7/10/25,20250710_C7B_00907.jpg,0,/mnt/research-projects/j/jlgage/RawUAVData01/uavforslb/final_image/final_sliced/20250710_C7B_00907.jpg
7465,G3,2023,7/20/23,7.0,7/20/23,20230720_G3_07465.jpg,0,/mnt/research-projects/j/jlgage/RawUAVData01/uavforslb/final_image/final_sliced/20230720_G3_07465.jpg
305,C7B,2025,6/30/25,7.0,7/1/25,20250701_C7B_00305.jpg,1,/mnt/research-projects/j/jlgage/RawUAVData01/uavforslb/final_image/final_sliced/20250701_C7B_00305.jpg
4656,C10,2025,7/2/25,6.0,7/4/25,20250704_C10_04656.jpg,2,/mnt/research-projects/j/jlgage/RawUAVData01/uavforslb/final_image/final_sliced/20250704_C10_04656.jpg
5372,C10,2025,7/11/25,4.0,7/11/25,20250711_C10_05372.jpg,0,/mnt/research-projects/j/jlgage/RawUAVData01/uavforslb/final_image/final_sliced/20250711_C10_05372.jpg
6730,C10,2025,7/14/25,6.5,7/14/25,20250714_C10_06730.jpg,0,/mnt/research-projects/j/jlgage/RawUAVData01/uavforslb/final_image/final_sliced/20250714_C10_06730.jpg
8118,G3,2023,7/26/23,7.5,7/27/23,20230727_G3_08118.jpg,1,/mnt/research-projects/j/jlgage/RawUAVData01/uavforslb/final_image/final_sliced/20230727_G3_08118.jpg
1006,C7B,2025,7/10/25,5.0,7/10/25,20250710_C7B_01006.jpg,0,/mnt/research-projects/j/jlgage/RawUAVData01/uavforslb/final_image/final_sliced/20250710_C7B_01006.jpg
278,C7B,2025,7/4/25,6.5,7/4/25,20250704_C7B_00278.jpg,0,/mnt/research-projects/j/jlgage/RawUAVData01/uavforslb/final_image/final_sliced/20250704_C7B_00278.jpg
9622,I3B,2023,7/12/23,5.0,7/13/23,20230713_I3B_09622.jpg,1,/mnt/research-projects/j/jlgage/RawUAVData01/uavforslb/final_image/final_sliced/20230713_I3B_09622.jpg
8055,G3,2023,7/19/23,8.0,7/20/23,20230720_G3_08055.jpg,1,/mnt/research-projects/j/jlgage/RawUAVData01/uavforslb/final_image/final_sliced/20230720_G3_08055.jpg
903,C7B,2025,7/18/25,3.0,7/18/25,20250718_C7B_00903.jpg,0,/mnt/research-projects/j/jlgage/RawUAVData01/uavforslb/final_image/final_sliced/20250718_C7B_00903.jpg
468,C7B,2025,6/30/25,6.0,7/1/25,20250701_C7B_00468.jpg,1,/mnt/research-projects/j/jlgage/RawUAVData01/uavforslb/final_image/final_sliced/20250701_C7B_00468.jpg
9675,I3B,2023,7/12/23,5.0,7/13/23,20230713_I3B_09675.jpg,1,/mnt/research-projects/j/jlgage/RawUAVData01/uavforslb/final_image/final_sliced/20230713_I3B_09675.jpg
3158,G3,2023,7/26/23,4.0,7/27/23,20230727_G3_03158.jpg,1,/mnt/research-projects/j/jlgage/RawUAVData01/uavforslb/final_image/final_sliced/20230727_G3_03158.jpg
9612,I3B,2023,7/12/23,6.0,7/13/23,20230713_I3B_09612.jpg,1,/mnt/research-projects/j/jlgage/RawUAVData01/uavforslb/final_image/final_sliced/20230713_I3B_09612.jpg
7319,G3,2023,7/20/23,7.0,7/20/23,20230720_G3_07319.jpg,0,/mnt/research-projects/j/jlgage/RawUAVData01/uavforslb/final_image/final_sliced/20230720_G3_07319.jpg
7381,G3,2023,7/20/23,8.0,7/20/23,20230720_G3_07381.jpg,0,/mnt/research-projects/j/jlgage/RawUAVData01/uavforslb/final_image/final_sliced/20230720_G3_07381.jpg
10774,I3B,2023,7/19/23,5.5,7/20/23,20230720_I3B_10774.jpg,1,/mnt/research-projects/j/jlgage/RawUAVData01/uavforslb/final_image/final_sliced/20230720_I3B_10774.jpg
10352,I3B,2023,7/25/23,5.0,7/27/23,20230727_I3B_10352.jpg,2,/mnt/research-projects/j/jlgage/RawUAVData01/uavforslb/final_image/final_sliced/20230727_I3B_10352.jpg
7540,G3,2023,7/20/23,8.0,7/20/23,20230720_G3_07540.jpg,0,/mnt/research-projects/j/jlgage/RawUAVData01/uavforslb/final_image/final_sliced/20230720_G3_07540.jpg
22,C7B,2025,7/11/25,7.0,7/10/25,20250710_C7B_00022.jpg,-1,/mnt/research-projects/j/jlgage/RawUAVData01/uavforslb/final_image/final_sliced/20250710_C7B_00022.jpg
7454,G3,2023,7/20/23,7.5,7/20/23,20230720_G3_07454.jpg,0,/mnt/research-projects/j/jlgage/RawUAVData01/uavforslb/final_image/final_sliced/20230720_G3_07454.jpg
7534,G3,2023,7/26/23,8.5,7/27/23,20230727_G3_07534.jpg,1,/mnt/research-projects/j/jlgage/RawUAVData01/uavforslb/final_image/final_sliced/20230727_G3_07534.jpg
3002,G3,2023,7/19/23,8.0,7/20/23,20230720_G3_03002.jpg,1,/mnt/research-projects/j/jlgage/RawUAVData01/uavforslb/final_image/final_sliced/20230720_G3_03002.jpg
1283,C7B,2025,7/10/25,4.0,7/10/25,20250710_C7B_01283.jpg,0,/mnt/research-projects/j/jlgage/RawUAVData01/uavforslb/final_image/final_sliced/20250710_C7B_01283.jpg
8112,G3,2023,7/20/23,5.0,7/20/23,20230720_G3_08112.jpg,0,/mnt/research-projects/j/jlgage/RawUAVData01/uavforslb/final_image/final_sliced/20230720_G3_08112.jpg
10027,I3B,2023,7/12/23,4.5,7/13/23,20230713_I3B_10027.jpg,1,/mnt/research-projects/j/jlgage/RawUAVData01/uavforslb/final_image/final_sliced/20230713_I3B_10027.jpg
4076,C10,2025,7/19/25,1.5,7/18/25,20250718_C10_04076.jpg,-1,/mnt/research-projects/j/jlgage/RawUAVData01/uavforslb/final_image/final_sliced/20250718_C10_04076.jpg
11087,I3B,2023,7/12/23,6.5,7/13/23,20230713_I3B_11087.jpg,1,/mnt/research-projects/j/jlgage/RawUAVData01/uavforslb/final_image/final_sliced/20230713_I3B_11087.jpg
722,C7B,2025,6/30/25,7.0,7/1/25,20250701_C7B_00722.jpg,1,/mnt/research-projects/j/jlgage/RawUAVData01/uavforslb/final_image/final_sliced/20250701_C7B_00722.jpg
685,C7B,2025,6/30/25,7.5,7/1/25,20250701_C7B_00685.jpg,1,/mnt/research-projects/j/jlgage/RawUAVData01/uavforslb/final_image/final_sliced/20250701_C7B_00685.jpg
4028,C10,2025,7/11/25,7.0,7/11/25,20250711_C10_04028.jpg,0,/mnt/research-projects/j/jlgage/RawUAVData01/uavforslb/final_image/final_sliced/20250711_C10_04028.jpg
10005,I3B,2023,7/12/23,5.5,7/13/23,20230713_I3B_10005.jpg,1,/mnt/research-projects/j/jlgage/RawUAVData01/uavforslb/final_image/final_sliced/20230713_I3B_10005.jpg
4020,C10,2025,7/7/25,7.5,7/7/25,20250707_C10_04020.jpg,0,/mnt/research-projects/j/jlgage/RawUAVData01/uavforslb/final_image/final_sliced/20250707_C10_04020.jpg
10903,I3B,2023,7/19/23,5.0,7/20/23,20230720_I3B_10903.jpg,1,/mnt/research-projects/j/jlgage/RawUAVData01/uavforslb/final_image/final_sliced/20230720_I3B_10903.jpg
11154,I3B,2023,7/12/23,7.0,7/13/23,20230713_I3B_11154.jpg,1,/mnt/research-projects/j/jlgage/RawUAVData01/uavforslb/final_image/final_sliced/20230713_I3B_11154.jpg
408,C7B,2025,6/30/25,5.0,7/1/25,20250701_C7B_00408.jpg,1,/mnt/research-projects/j/jlgage/RawUAVData01/uavforslb/final_image/final_sliced/20250701_C7B_00408.jpg
3088,G3,2023,7/19/23,8.5,7/20/23,20230720_G3_03088.jpg,1,/mnt/research-projects/j/jlgage/RawUAVData01/uavforslb/final_image/final_sliced/20230720_G3_03088.jpg
6658,C10,2025,6/30/25,7.5,6/28/25,20250628_C10_06658.jpg,-2,/mnt/research-projects/j/jlgage/RawUAVData01/uavforslb/final_image/final_sliced/20250628_C10_06658.jpg
6830,C10,2025,7/3/25,7.5,7/4/25,20250704_C10_06830.jpg,1,/mnt/research-projects/j/jlgage/RawUAVData01/uavforslb/final_image/final_sliced/20250704_C10_06830.jpg
9882,I3B,2023,7/12/23,5.0,7/13/23,20230713_I3B_09882.jpg,1,/mnt/research-projects/j/jlgage/RawUAVData01/uavforslb/final_image/final_sliced/20230713_I3B_09882.jpg
3028,G3,2023,7/26/23,7.5,7/27/23,20230727_G3_03028.jpg,1,/mnt/research-projects/j/jlgage/RawUAVData01/uavforslb/final_image/final_sliced/20230727_G3_03028.jpg
5214,C10,2025,7/20/25,2.0,7/21/25,20250721_C10_05214.jpg,1,/mnt/research-projects/j/jlgage/RawUAVData01/uavforslb/final_image/final_sliced/20250721_C10_05214.jpg
9850,I3B,2023,7/12/23,6.0,7/13/23,20230713_I3B_09850.jpg,1,/mnt/research-projects/j/jlgage/RawUAVData01/uavforslb/final_image/final_sliced/20230713_I3B_09850.jpg
7527,G3,2023,7/26/23,4.5,7/27/23,20230727_G3_07527.jpg,1,/mnt/research-projects/j/jlgage/RawUAVData01/uavforslb/final_image/final_sliced/20230727_G3_07527.jpg
3107,G3,2023,7/19/23,8.0,7/20/23,20230720_G3_03107.jpg,1,/mnt/research-projects/j/jlgage/RawUAVData01/uavforslb/final_image/final_sliced/20230720_G3_03107.jpg
1047,C7B,2025,7/18/25,4.0,7/18/25,20250718_C7B_01047.jpg,0,/mnt/research-projects/j/jlgage/RawUAVData01/uavforslb/final_image/final_sliced/20250718_C7B_01047.jpg
4065,C10,2025,7/11/25,6.0,7/11/25,20250711_C10_04065.jpg,0,/mnt/research-projects/j/jlgage/RawUAVData01/uavforslb/final_image/final_sliced/20250711_C10_04065.jpg
5045,C10,2025,7/2/25,5.0,7/4/25,20250704_C10_05045.jpg,2,/mnt/research-projects/j/jlgage/RawUAVData01/uavforslb/final_image/final_sliced/20250704_C10_05045.jpg
3136,G3,2023,7/19/23,5.5,7/20/23,20230720_G3_03136.jpg,1,/mnt/research-projects/j/jlgage/RawUAVData01/uavforslb/final_image/final_sliced/20230720_G3_03136.jpg
1025,C7B,2025,7/18/25,4.0,7/18/25,20250718_C7B_01025.jpg,0,/mnt/research-projects/j/jlgage/RawUAVData01/uavforslb/final_image/final_sliced/20250718_C7B_01025.jpg
11305,I3B,2023,7/19/23,7.0,7/20/23,20230720_I3B_11305.jpg,1,/mnt/research-projects/j/jlgage/RawUAVData01/uavforslb/final_image/final_sliced/20230720_I3B_11305.jpg
4886,C10,2025,7/2/25,5.5,7/4/25,20250704_C10_04886.jpg,2,/mnt/research-projects/j/jlgage/RawUAVData01/uavforslb/final_image/final_sliced/20250704_C10_04886.jpg
11358,I3B,2023,7/19/23,7.0,7/20/23,20230720_I3B_11358.jpg,1,/mnt/research-projects/j/jlgage/RawUAVData01/uavforslb/final_image/final_sliced/20230720_I3B_11358.jpg
9759,I3B,2023,7/12/23,5.5,7/13/23,20230713_I3B_09759.jpg,1,/mnt/research-projects/j/jlgage/RawUAVData01/uavforslb/final_image/final_sliced/20230713_I3B_09759.jpg
4409,C10,2025,7/11/25,4.5,7/11/25,20250711_C10_04409.jpg,0,/mnt/research-projects/j/jlgage/RawUAVData01/uavforslb/final_image/final_sliced/20250711_C10_04409.jpg
1988,C7B,2025,7/7/25,7.0,7/7/25,20250707_C7B_01988.jpg,0,/mnt/research-projects/j/jlgage/RawUAVData01/uavforslb/final_image/final_sliced/20250707_C7B_01988.jpg
4753,C10,2025,7/20/25,3.0,7/21/25,20250721_C10_04753.jpg,1,/mnt/research-projects/j/jlgage/RawUAVData01/uavforslb/final_image/final_sliced/20250721_C10_04753.jpg
10024,I3B,2023,7/12/23,5.5,7/13/23,20230713_I3B_10024.jpg,1,/mnt/research-projects/j/jlgage/RawUAVData01/uavforslb/final_image/final_sliced/20230713_I3B_10024.jpg
4051,C10,2025,7/19/25,5.0,7/18/25,20250718_C10_04051.jpg,-1,/mnt/research-projects/j/jlgage/RawUAVData01/uavforslb/final_image/final_sliced/20250718_C10_04051.jpg
2014,C7B,2025,7/7/25,7.0,7/7/25,20250707_C7B_02014.jpg,0,/mnt/research-projects/j/jlgage/RawUAVData01/uavforslb/final_image/final_sliced/20250707_C7B_02014.jpg
2686,C7B,2025,6/30/25,8.5,7/1/25,20250701_C7B_02686.jpg,1,/mnt/research-projects/j/jlgage/RawUAVData01/uavforslb/final_image/final_sliced/20250701_C7B_02686.jpg
279,C7B,2025,7/4/25,8.0,7/4/25,20250704_C7B_00279.jpg,0,/mnt/research-projects/j/jlgage/RawUAVData01/uavforslb/final_image/final_sliced/20250704_C7B_00279.jpg
1253,C7B,2025,7/10/25,6.0,7/10/25,20250710_C7B_01253.jpg,0,/mnt/research-projects/j/jlgage/RawUAVData01/uavforslb/final_image/final_sliced/20250710_C7B_01253.jpg
1476,C7B,2025,7/1/25,6.0,7/1/25,20250701_C7B_01476.jpg,0,/mnt/research-projects/j/jlgage/RawUAVData01/uavforslb/final_image/final_sliced/20250701_C7B_01476.jpg
11349,I3B,2023,7/19/23,6.5,7/20/23,20230720_I3B_11349.jpg,1,/mnt/research-projects/j/jlgage/RawUAVData01/uavforslb/final_image/final_sliced/20230720_I3B_11349.jpg
1956,C7B,2025,7/1/25,6.5,7/1/25,20250701_C7B_01956.jpg,0,/mnt/research-projects/j/jlgage/RawUAVData01/uavforslb/final_image/final_sliced/20250701_C7B_01956.jpg
7519,G3,2023,7/20/23,7.5,7/20/23,20230720_G3_07519.jpg,0,/mnt/research-projects/j/jlgage/RawUAVData01/uavforslb/final_image/final_sliced/20230720_G3_07519.jpg
1939,C7B,2025,7/10/25,7.0,7/10/25,20250710_C7B_01939.jpg,0,/mnt/research-projects/j/jlgage/RawUAVData01/uavforslb/final_image/final_sliced/20250710_C7B_01939.jpg
1477,C7B,2025,7/10/25,5.0,7/10/25,20250710_C7B_01477.jpg,0,/mnt/research-projects/j/jlgage/RawUAVData01/uavforslb/final_image/final_sliced/20250710_C7B_01477.jpg
5625,C10,2025,7/2/25,7.0,7/4/25,20250704_C10_05625.jpg,2,/mnt/research-projects/j/jlgage/RawUAVData01/uavforslb/final_image/final_sliced/20250704_C10_05625.jpg
2756,C7B,2025,7/13/25,7.0,7/12/25,20250712_C7B_02756.jpg,-1,/mnt/research-projects/j/jlgage/RawUAVData01/uavforslb/final_image/final_sliced/20250712_C7B_02756.jpg
5810,C10,2025,7/8/25,6.0,7/7/25,20250707_C10_05810.jpg,-1,/mnt/research-projects/j/jlgage/RawUAVData01/uavforslb/final_image/final_sliced/20250707_C10_05810.jpg
2765,C7B,2025,7/13/25,8.0,7/12/25,20250712_C7B_02765.jpg,-1,/mnt/research-projects/j/jlgage/RawUAVData01/uavforslb/final_image/final_sliced/20250712_C7B_02765.jpg
5623,C10,2025,7/2/25,4.5,7/4/25,20250704_C10_05623.jpg,2,/mnt/research-projects/j/jlgage/RawUAVData01/uavforslb/final_image/final_sliced/20250704_C10_05623.jpg
8052,G3,2023,7/19/23,8.0,7/20/23,20230720_G3_08052.jpg,1,/mnt/research-projects/j/jlgage/RawUAVData01/uavforslb/final_image/final_sliced/20230720_G3_08052.jpg
3166,G3,2023,7/26/23,5.0,7/27/23,20230727_G3_03166.jpg,1,/mnt/research-projects/j/jlgage/RawUAVData01/uavforslb/final_image/final_sliced/20230727_G3_03166.jpg
8030,G3,2023,7/26/23,5.5,7/27/23,20230727_G3_08030.jpg,1,/mnt/research-projects/j/jlgage/RawUAVData01/uavforslb/final_image/final_sliced/20230727_G3_08030.jpg
7368,G3,2023,7/26/23,6.0,7/27/23,20230727_G3_07368.jpg,1,/mnt/research-projects/j/jlgage/RawUAVData01/uavforslb/final_image/final_sliced/20230727_G3_07368.jpg
576,C7B,2025,7/18/25,2.5,7/18/25,20250718_C7B_00576.jpg,0,/mnt/research-projects/j/jlgage/RawUAVData01/uavforslb/final_image/final_sliced/20250718_C7B_00576.jpg
10033,I3B,2023,7/12/23,4.0,7/13/23,20230713_I3B_10033.jpg,1,/mnt/research-projects/j/jlgage/RawUAVData01/uavforslb/final_image/final_sliced/20230713_I3B_10033.jpg
9891,I3B,2023,7/12/23,5.0,7/13/23,20230713_I3B_09891.jpg,1,/mnt/research-projects/j/jlgage/RawUAVData01/uavforslb/final_image/final_sliced/20230713_I3B_09891.jpg
659,C7B,2025,6/30/25,6.5,7/1/25,20250701_C7B_00659.jpg,1,/mnt/research-projects/j/jlgage/RawUAVData01/uavforslb/final_image/final_sliced/20250701_C7B_00659.jpg
4228,C10,2025,7/19/25,3.5,7/18/25,20250718_C10_04228.jpg,-1,/mnt/research-projects/j/jlgage/RawUAVData01/uavforslb/final_image/final_sliced/20250718_C10_04228.jpg
488,C7B,2025,7/10/25,5.5,7/10/25,20250710_C7B_00488.jpg,0,/mnt/research-projects/j/jlgage/RawUAVData01/uavforslb/final_image/final_sliced/20250710_C7B_00488.jpg
11244,I3B,2023,7/19/23,5.5,7/20/23,20230720_I3B_11244.jpg,1,/mnt/research-projects/j/jlgage/RawUAVData01/uavforslb/final_image/final_sliced/20230720_I3B_11244.jpg
5940,C10,2025,7/11/25,4.5,7/11/25,20250711_C10_05940.jpg,0,/mnt/research-projects/j/jlgage/RawUAVData01/uavforslb/final_image/final_sliced/20250711_C10_05940.jpg
9588,I3B,2023,7/12/23,6.0,7/13/23,20230713_I3B_09588.jpg,1,/mnt/research-projects/j/jlgage/RawUAVData01/uavforslb/final_image/final_sliced/20230713_I3B_09588.jpg
4293,C10,2025,6/30/25,7.5,6/28/25,20250628_C10_04293.jpg,-2,/mnt/research-projects/j/jlgage/RawUAVData01/uavforslb/final_image/final_sliced/20250628_C10_04293.jpg
11322,I3B,2023,7/19/23,5.5,7/20/23,20230720_I3B_11322.jpg,1,/mnt/research-projects/j/jlgage/RawUAVData01/uavforslb/final_image/final_sliced/20230720_I3B_11322.jpg
4575,C10,2025,7/11/25,6.0,7/11/25,20250711_C10_04575.jpg,0,/mnt/research-projects/j/jlgage/RawUAVData01/uavforslb/final_image/final_sliced/20250711_C10_04575.jpg
2653,C7B,2025,7/13/25,7.0,7/12/25,20250712_C7B_02653.jpg,-1,/mnt/research-projects/j/jlgage/RawUAVData01/uavforslb/final_image/final_sliced/20250712_C7B_02653.jpg
11123,I3B,2023,7/12/23,7.0,7/13/23,20230713_I3B_11123.jpg,1,/mnt/research-projects/j/jlgage/RawUAVData01/uavforslb/final_image/final_sliced/20230713_I3B_11123.jpg
10836,I3B,2023,7/19/23,6.0,7/20/23,20230720_I3B_10836.jpg,1,/mnt/research-projects/j/jlgage/RawUAVData01/uavforslb/final_image/final_sliced/20230720_I3B_10836.jpg
11363,I3B,2023,7/19/23,7.0,7/20/23,20230720_I3B_11363.jpg,1,/mnt/research-projects/j/jlgage/RawUAVData01/uavforslb/final_image/final_sliced/20230720_I3B_11363.jpg
2819,C7B,2025,7/8/25,8.0,7/7/25,20250707_C7B_02819.jpg,-1,/mnt/research-projects/j/jlgage/RawUAVData01/uavforslb/final_image/final_sliced/20250707_C7B_02819.jpg
3029,G3,2023,7/26/23,7.0,7/27/23,20230727_G3_03029.jpg,1,/mnt/research-projects/j/jlgage/RawUAVData01/uavforslb/final_image/final_sliced/20230727_G3_03029.jpg
146,C7B,2025,7/18/25,4.0,7/18/25,20250718_C7B_00146.jpg,0,/mnt/research-projects/j/jlgage/RawUAVData01/uavforslb/final_image/final_sliced/20250718_C7B_00146.jpg
4425,C10,2025,7/7/25,3.0,7/7/25,20250707_C10_04425.jpg,0,/mnt/research-projects/j/jlgage/RawUAVData01/uavforslb/final_image/final_sliced/20250707_C10_04425.jpg
8142,G3,2023,7/20/23,6.5,7/20/23,20230720_G3_08142.jpg,0,/mnt/research-projects/j/jlgage/RawUAVData01/uavforslb/final_image/final_sliced/20230720_G3_08142.jpg
9790,I3B,2023,7/12/23,4.5,7/13/23,20230713_I3B_09790.jpg,1,/mnt/research-projects/j/jlgage/RawUAVData01/uavforslb/final_image/final_sliced/20230713_I3B_09790.jpg
10763,I3B,2023,7/19/23,5.5,7/20/23,20230720_I3B_10763.jpg,1,/mnt/research-projects/j/jlgage/RawUAVData01/uavforslb/final_image/final_sliced/20230720_I3B_10763.jpg
1571,C7B,2025,7/10/25,4.0,7/10/25,20250710_C7B_01571.jpg,0,/mnt/research-projects/j/jlgage/RawUAVData01/uavforslb/final_image/final_sliced/20250710_C7B_01571.jpg
8138,G3,2023,7/26/23,8.0,7/27/23,20230727_G3_08138.jpg,1,/mnt/research-projects/j/jlgage/RawUAVData01/uavforslb/final_image/final_sliced/20230727_G3_08138.jpg
3131,G3,2023,7/19/23,7.5,7/20/23,20230720_G3_03131.jpg,1,/mnt/research-projects/j/jlgage/RawUAVData01/uavforslb/final_image/final_sliced/20230720_G3_03131.jpg
271,C7B,2025,7/4/25,7.0,7/4/25,20250704_C7B_00271.jpg,0,/mnt/research-projects/j/jlgage/RawUAVData01/uavforslb/final_image/final_sliced/20250704_C7B_00271.jpg
5640,C10,2025,7/20/25,1.5,7/21/25,20250721_C10_05640.jpg,1,/mnt/research-projects/j/jlgage/RawUAVData01/uavforslb/final_image/final_sliced/20250721_C10_05640.jpg
2,C7B,2025,6/30/25,8.0,7/1/25,20250701_C7B_00002.jpg,1,/mnt/research-projects/j/jlgage/RawUAVData01/uavforslb/final_image/final_sliced/20250701_C7B_00002.jpg
8167,G3,2023,7/20/23,8.0,7/20/23,20230720_G3_08167.jpg,0,/mnt/research-projects/j/jlgage/RawUAVData01/uavforslb/final_image/final_sliced/20230720_G3_08167.jpg
203,C7B,2025,6/30/25,6.0,7/1/25,20250701_C7B_00203.jpg,1,/mnt/research-projects/j/jlgage/RawUAVData01/uavforslb/final_image/final_sliced/20250701_C7B_00203.jpg
4072,C10,2025,6/30/25,8.0,6/28/25,20250628_C10_04072.jpg,-2,/mnt/research-projects/j/jlgage/RawUAVData01/uavforslb/final_image/final_sliced/20250628_C10_04072.jpg
1095,C7B,2025,7/10/25,5.5,7/10/25,20250710_C7B_01095.jpg,0,/mnt/research-projects/j/jlgage/RawUAVData01/uavforslb/final_image/final_sliced/20250710_C7B_01095.jpg
6808,C10,2025,7/8/25,8.0,7/7/25,20250707_C10_06808.jpg,-1,/mnt/research-projects/j/jlgage/RawUAVData01/uavforslb/final_image/final_sliced/20250707_C10_06808.jpg
259,C7B,2025,7/4/25,7.5,7/4/25,20250704_C7B_00259.jpg,0,/mnt/research-projects/j/jlgage/RawUAVData01/uavforslb/final_image/final_sliced/20250704_C7B_00259.jpg
1828,C7B,2025,7/19/25,2.5,7/18/25,20250718_C7B_01828.jpg,-1,/mnt/research-projects/j/jlgage/RawUAVData01/uavforslb/final_image/final_sliced/20250718_C7B_01828.jpg
7216,G3,2023,7/26/23,5.0,7/27/23,20230727_G3_07216.jpg,1,/mnt/research-projects/j/jlgage/RawUAVData01/uavforslb/final_image/final_sliced/20230727_G3_07216.jpg
10915,I3B,2023,7/19/23,5.0,7/20/23,20230720_I3B_10915.jpg,1,/mnt/research-projects/j/jlgage/RawUAVData01/uavforslb/final_image/final_sliced/20230720_I3B_10915.jpg
3114,G3,2023,7/19/23,8.0,7/20/23,20230720_G3_03114.jpg,1,/mnt/research-projects/j/jlgage/RawUAVData01/uavforslb/final_image/final_sliced/20230720_G3_03114.jpg
10294,I3B,2023,7/25/23,4.5,7/27/23,20230727_I3B_10294.jpg,2,/mnt/research-projects/j/jlgage/RawUAVData01/uavforslb/final_image/final_sliced/20230727_I3B_10294.jpg
4146,C10,2025,6/30/25,6.5,6/28/25,20250628_C10_04146.jpg,-2,/mnt/research-projects/j/jlgage/RawUAVData01/uavforslb/final_image/final_sliced/20250628_C10_04146.jpg
7226,G3,2023,7/26/23,3.0,7/27/23,20230727_G3_07226.jpg,1,/mnt/research-projects/j/jlgage/RawUAVData01/uavforslb/final_image/final_sliced/20230727_G3_07226.jpg
8074,G3,2023,7/26/23,8.0,7/27/23,20230727_G3_08074.jpg,1,/mnt/research-projects/j/jlgage/RawUAVData01/uavforslb/final_image/final_sliced/20230727_G3_08074.jpg
3127,G3,2023,7/19/23,7.5,7/20/23,20230720_G3_03127.jpg,1,/mnt/research-projects/j/jlgage/RawUAVData01/uavforslb/final_image/final_sliced/20230720_G3_03127.jpg
431,C7B,2025,6/30/25,5.0,7/1/25,20250701_C7B_00431.jpg,1,/mnt/research-projects/j/jlgage/RawUAVData01/uavforslb/final_image/final_sliced/20250701_C7B_00431.jpg
2728,C7B,2025,6/30/25,8.0,7/1/25,20250701_C7B_02728.jpg,1,/mnt/research-projects/j/jlgage/RawUAVData01/uavforslb/final_image/final_sliced/20250701_C7B_02728.jpg
9767,I3B,2023,7/12/23,5.5,7/13/23,20230713_I3B_09767.jpg,1,/mnt/research-projects/j/jlgage/RawUAVData01/uavforslb/final_image/final_sliced/20230713_I3B_09767.jpg
8019,G3,2023,7/19/23,5.0,7/20/23,20230720_G3_08019.jpg,1,/mnt/research-projects/j/jlgage/RawUAVData01/uavforslb/final_image/final_sliced/20230720_G3_08019.jpg
140,C7B,2025,7/18/25,3.0,7/18/25,20250718_C7B_00140.jpg,0,/mnt/research-projects/j/jlgage/RawUAVData01/uavforslb/final_image/final_sliced/20250718_C7B_00140.jpg
4018,C10,2025,6/30/25,7.0,6/28/25,20250628_C10_04018.jpg,-2,/mnt/research-projects/j/jlgage/RawUAVData01/uavforslb/final_image/final_sliced/20250628_C10_04018.jpg
8100,G3,2023,7/26/23,5.5,7/27/23,20230727_G3_08100.jpg,1,/mnt/research-projects/j/jlgage/RawUAVData01/uavforslb/final_image/final_sliced/20230727_G3_08100.jpg
3114,G3,2023,7/26/23,8.0,7/27/23,20230727_G3_03114.jpg,1,/mnt/research-projects/j/jlgage/RawUAVData01/uavforslb/final_image/final_sliced/20230727_G3_03114.jpg
8004,G3,2023,7/19/23,7.5,7/20/23,20230720_G3_08004.jpg,1,/mnt/research-projects/j/jlgage/RawUAVData01/uavforslb/final_image/final_sliced/20230720_G3_08004.jpg
10769,I3B,2023,7/19/23,5.5,7/20/23,20230720_I3B_10769.jpg,1,/mnt/research-projects/j/jlgage/RawUAVData01/uavforslb/final_image/final_sliced/20230720_I3B_10769.jpg
5229,C10,2025,7/11/25,4.0,7/11/25,20250711_C10_05229.jpg,0,/mnt/research-projects/j/jlgage/RawUAVData01/uavforslb/final_image/final_sliced/20250711_C10_05229.jpg
738,C7B,2025,7/18/25,2.0,7/18/25,20250718_C7B_00738.jpg,0,/mnt/research-projects/j/jlgage/RawUAVData01/uavforslb/final_image/final_sliced/20250718_C7B_00738.jpg
4006,C10,2025,6/30/25,6.5,6/28/25,20250628_C10_04006.jpg,-2,/mnt/research-projects/j/jlgage/RawUAVData01/uavforslb/final_image/final_sliced/20250628_C10_04006.jpg
5353,C10,2025,7/11/25,4.0,7/11/25,20250711_C10_05353.jpg,0,/mnt/research-projects/j/jlgage/RawUAVData01/uavforslb/final_image/final_sliced/20250711_C10_05353.jpg
4258,C10,2025,6/30/25,8.0,6/28/25,20250628_C10_04258.jpg,-2,/mnt/research-projects/j/jlgage/RawUAVData01/uavforslb/final_image/final_sliced/20250628_C10_04258.jpg
5256,C10,2025,7/20/25,1.5,7/21/25,20250721_C10_05256.jpg,1,/mnt/research-projects/j/jlgage/RawUAVData01/uavforslb/final_image/final_sliced/20250721_C10_05256.jpg
8120,G3,2023,7/20/23,8.0,7/20/23,20230720_G3_08120.jpg,0,/mnt/research-projects/j/jlgage/RawUAVData01/uavforslb/final_image/final_sliced/20230720_G3_08120.jpg
11348,I3B,2023,7/19/23,6.5,7/20/23,20230720_I3B_11348.jpg,1,/mnt/research-projects/j/jlgage/RawUAVData01/uavforslb/final_image/final_sliced/20230720_I3B_11348.jpg
11007,I3B,2023,7/19/23,7.0,7/20/23,20230720_I3B_11007.jpg,1,/mnt/research-projects/j/jlgage/RawUAVData01/uavforslb/final_image/final_sliced/20230720_I3B_11007.jpg
5077,C10,2025,7/2/25,5.0,7/4/25,20250704_C10_05077.jpg,2,/mnt/research-projects/j/jlgage/RawUAVData01/uavforslb/final_image/final_sliced/20250704_C10_05077.jpg
11139,I3B,2023,7/12/23,7.5,7/13/23,20230713_I3B_11139.jpg,1,/mnt/research-projects/j/jlgage/RawUAVData01/uavforslb/final_image/final_sliced/20230713_I3B_11139.jpg
1833,C7B,2025,7/19/25,2.0,7/18/25,20250718_C7B_01833.jpg,-1,/mnt/research-projects/j/jlgage/RawUAVData01/uavforslb/final_image/final_sliced/20250718_C7B_01833.jpg
5292,C10,2025,7/20/25,2.0,7/21/25,20250721_C10_05292.jpg,1,/mnt/research-projects/j/jlgage/RawUAVData01/uavforslb/final_image/final_sliced/20250721_C10_05292.jpg
8077,G3,2023,7/20/23,7.0,7/20/23,20230720_G3_08077.jpg,0,/mnt/research-projects/j/jlgage/RawUAVData01/uavforslb/final_image/final_sliced/20230720_G3_08077.jpg
3164,G3,2023,7/26/23,6.0,7/27/23,20230727_G3_03164.jpg,1,/mnt/research-projects/j/jlgage/RawUAVData01/uavforslb/final_image/final_sliced/20230727_G3_03164.jpg
2747,C7B,2025,7/18/25,7.5,7/18/25,20250718_C7B_02747.jpg,0,/mnt/research-projects/j/jlgage/RawUAVData01/uavforslb/final_image/final_sliced/20250718_C7B_02747.jpg
7369,G3,2023,7/20/23,8.0,7/20/23,20230720_G3_07369.jpg,0,/mnt/research-projects/j/jlgage/RawUAVData01/uavforslb/final_image/final_sliced/20230720_G3_07369.jpg
598,C7B,2025,6/30/25,8.0,7/1/25,20250701_C7B_00598.jpg,1,/mnt/research-projects/j/jlgage/RawUAVData01/uavforslb/final_image/final_sliced/20250701_C7B_00598.jpg
6742,C10,2025,7/8/25,7.5,7/7/25,20250707_C10_06742.jpg,-1,/mnt/research-projects/j/jlgage/RawUAVData01/uavforslb/final_image/final_sliced/20250707_C10_06742.jpg
16,C7B,2025,7/4/25,6.5,7/4/25,20250704_C7B_00016.jpg,0,/mnt/research-projects/j/jlgage/RawUAVData01/uavforslb/final_image/final_sliced/20250704_C7B_00016.jpg
11111,I3B,2023,7/12/23,8.0,7/13/23,20230713_I3B_11111.jpg,1,/mnt/research-projects/j/jlgage/RawUAVData01/uavforslb/final_image/final_sliced/20230713_I3B_11111.jpg
6008,C10,2025,7/2/25,5.0,7/4/25,20250704_C10_06008.jpg,2,/mnt/research-projects/j/jlgage/RawUAVData01/uavforslb/final_image/final_sliced/20250704_C10_06008.jpg
11165,I3B,2023,7/12/23,7.0,7/13/23,20230713_I3B_11165.jpg,1,/mnt/research-projects/j/jlgage/RawUAVData01/uavforslb/final_image/final_sliced/20230713_I3B_11165.jpg
3126,G3,2023,7/19/23,7.0,7/20/23,20230720_G3_03126.jpg,1,/mnt/research-projects/j/jlgage/RawUAVData01/uavforslb/final_image/final_sliced/20230720_G3_03126.jpg
9650,I3B,2023,7/12/23,4.0,7/13/23,20230713_I3B_09650.jpg,1,/mnt/research-projects/j/jlgage/RawUAVData01/uavforslb/final_image/final_sliced/20230713_I3B_09650.jpg
8046,G3,2023,7/26/23,7.5,7/27/23,20230727_G3_08046.jpg,1,/mnt/research-projects/j/jlgage/RawUAVData01/uavforslb/final_image/final_sliced/20230727_G3_08046.jpg
1375,C7B,2025,7/10/25,5.0,7/10/25,20250710_C7B_01375.jpg,0,/mnt/research-projects/j/jlgage/RawUAVData01/uavforslb/final_image/final_sliced/20250710_C7B_01375.jpg
10012,I3B,2023,7/12/23,5.0,7/13/23,20230713_I3B_10012.jpg,1,/mnt/research-projects/j/jlgage/RawUAVData01/uavforslb/final_image/final_sliced/20230713_I3B_10012.jpg
4957,C10,2025,7/20/25,2.0,7/21/25,20250721_C10_04957.jpg,1,/mnt/research-projects/j/jlgage/RawUAVData01/uavforslb/final_image/final_sliced/20250721_C10_04957.jpg
1157,C7B,2025,7/10/25,5.0,7/10/25,20250710_C7B_01157.jpg,0,/mnt/research-projects/j/jlgage/RawUAVData01/uavforslb/final_image/final_sliced/20250710_C7B_01157.jpg
8127,G3,2023,7/26/23,5.0,7/27/23,20230727_G3_08127.jpg,1,/mnt/research-projects/j/jlgage/RawUAVData01/uavforslb/final_image/final_sliced/20230727_G3_08127.jpg
1686,C7B,2025,7/19/25,2.5,7/18/25,20250718_C7B_01686.jpg,-1,/mnt/research-projects/j/jlgage/RawUAVData01/uavforslb/final_image/final_sliced/20250718_C7B_01686.jpg
7424,G3,2023,7/26/23,7.5,7/27/23,20230727_G3_07424.jpg,1,/mnt/research-projects/j/jlgage/RawUAVData01/uavforslb/final_image/final_sliced/20230727_G3_07424.jpg
104,C7B,2025,7/4/25,7.0,7/4/25,20250704_C7B_00104.jpg,0,/mnt/research-projects/j/jlgage/RawUAVData01/uavforslb/final_image/final_sliced/20250704_C7B_00104.jpg
1985,C7B,2025,7/1/25,5.5,7/1/25,20250701_C7B_01985.jpg,0,/mnt/research-projects/j/jlgage/RawUAVData01/uavforslb/final_image/final_sliced/20250701_C7B_01985.jpg
8025,G3,2023,7/26/23,6.0,7/27/23,20230727_G3_08025.jpg,1,/mnt/research-projects/j/jlgage/RawUAVData01/uavforslb/final_image/final_sliced/20230727_G3_08025.jpg
1809,C7B,2025,7/10/25,4.0,7/10/25,20250710_C7B_01809.jpg,0,/mnt/research-projects/j/jlgage/RawUAVData01/uavforslb/final_image/final_sliced/20250710_C7B_01809.jpg
7224,G3,2023,7/26/23,3.0,7/27/23,20230727_G3_07224.jpg,1,/mnt/research-projects/j/jlgage/RawUAVData01/uavforslb/final_image/final_sliced/20230727_G3_07224.jpg
4538,C10,2025,7/2/25,5.0,7/4/25,20250704_C10_04538.jpg,2,/mnt/research-projects/j/jlgage/RawUAVData01/uavforslb/final_image/final_sliced/20250704_C10_04538.jpg
11272,I3B,2023,7/19/23,5.0,7/20/23,20230720_I3B_11272.jpg,1,/mnt/research-projects/j/jlgage/RawUAVData01/uavforslb/final_image/final_sliced/20230720_I3B_11272.jpg
1649,C7B,2025,7/10/25,6.0,7/10/25,20250710_C7B_01649.jpg,0,/mnt/research-projects/j/jlgage/RawUAVData01/uavforslb/final_image/final_sliced/20250710_C7B_01649.jpg
1436,C7B,2025,7/18/25,3.5,7/18/25,20250718_C7B_01436.jpg,0,/mnt/research-projects/j/jlgage/RawUAVData01/uavforslb/final_image/final_sliced/20250718_C7B_01436.jpg
128,C7B,2025,6/30/25,7.5,7/1/25,20250701_C7B_00128.jpg,1,/mnt/research-projects/j/jlgage/RawUAVData01/uavforslb/final_image/final_sliced/20250701_C7B_00128.jpg
3001,G3,2023,7/26/23,8.0,7/27/23,20230727_G3_03001.jpg,1,/mnt/research-projects/j/jlgage/RawUAVData01/uavforslb/final_image/final_sliced/20230727_G3_03001.jpg
1152,C7B,2025,7/18/25,4.5,7/18/25,20250718_C7B_01152.jpg,0,/mnt/research-projects/j/jlgage/RawUAVData01/uavforslb/final_image/final_sliced/20250718_C7B_01152.jpg
6857,C10,2025,7/3/25,8.0,7/4/25,20250704_C10_06857.jpg,1,/mnt/research-projects/j/jlgage/RawUAVData01/uavforslb/final_image/final_sliced/20250704_C10_06857.jpg
8089,G3,2023,7/26/23,8.0,7/27/23,20230727_G3_08089.jpg,1,/mnt/research-projects/j/jlgage/RawUAVData01/uavforslb/final_image/final_sliced/20230727_G3_08089.jpg
2736,C7B,2025,7/18/25,6.5,7/18/25,20250718_C7B_02736.jpg,0,/mnt/research-projects/j/jlgage/RawUAVData01/uavforslb/final_image/final_sliced/20250718_C7B_02736.jpg
8059,G3,2023,7/26/23,4.0,7/27/23,20230727_G3_08059.jpg,1,/mnt/research-projects/j/jlgage/RawUAVData01/uavforslb/final_image/final_sliced/20230727_G3_08059.jpg
1249,C7B,2025,7/1/25,7.0,7/1/25,20250701_C7B_01249.jpg,0,/mnt/research-projects/j/jlgage/RawUAVData01/uavforslb/final_image/final_sliced/20250701_C7B_01249.jpg
8144,G3,2023,7/26/23,7.0,7/27/23,20230727_G3_08144.jpg,1,/mnt/research-projects/j/jlgage/RawUAVData01/uavforslb/final_image/final_sliced/20230727_G3_08144.jpg
7442,G3,2023,7/20/23,7.0,7/20/23,20230720_G3_07442.jpg,0,/mnt/research-projects/j/jlgage/RawUAVData01/uavforslb/final_image/final_sliced/20230720_G3_07442.jpg
10781,I3B,2023,7/19/23,5.5,7/20/23,20230720_I3B_10781.jpg,1,/mnt/research-projects/j/jlgage/RawUAVData01/uavforslb/final_image/final_sliced/20230720_I3B_10781.jpg
570,C7B,2025,6/30/25,7.5,7/1/25,20250701_C7B_00570.jpg,1,/mnt/research-projects/j/jlgage/RawUAVData01/uavforslb/final_image/final_sliced/20250701_C7B_00570.jpg
6701,C10,2025,7/8/25,7.5,7/7/25,20250707_C10_06701.jpg,-1,/mnt/research-projects/j/jlgage/RawUAVData01/uavforslb/final_image/final_sliced/20250707_C10_06701.jpg
11037,I3B,2023,7/12/23,7.0,7/13/23,20230713_I3B_11037.jpg,1,/mnt/research-projects/j/jlgage/RawUAVData01/uavforslb/final_image/final_sliced/20230713_I3B_11037.jpg
152,C7B,2025,6/30/25,7.0,7/1/25,20250701_C7B_00152.jpg,1,/mnt/research-projects/j/jlgage/RawUAVData01/uavforslb/final_image/final_sliced/20250701_C7B_00152.jpg
1945,C7B,2025,7/19/25,3.5,7/18/25,20250718_C7B_01945.jpg,-1,/mnt/research-projects/j/jlgage/RawUAVData01/uavforslb/final_image/final_sliced/20250718_C7B_01945.jpg
11313,I3B,2023,7/19/23,5.0,7/20/23,20230720_I3B_11313.jpg,1,/mnt/research-projects/j/jlgage/RawUAVData01/uavforslb/final_image/final_sliced/20230720_I3B_11313.jpg
1880,C7B,2025,7/7/25,5.5,7/7/25,20250707_C7B_01880.jpg,0,/mnt/research-projects/j/jlgage/RawUAVData01/uavforslb/final_image/final_sliced/20250707_C7B_01880.jpg
440,C7B,2025,7/10/25,5.0,7/10/25,20250710_C7B_00440.jpg,0,/mnt/research-projects/j/jlgage/RawUAVData01/uavforslb/final_image/final_sliced/20250710_C7B_00440.jpg
7413,G3,2023,7/20/23,8.0,7/20/23,20230720_G3_07413.jpg,0,/mnt/research-projects/j/jlgage/RawUAVData01/uavforslb/final_image/final_sliced/20230720_G3_07413.jpg
10902,I3B,2023,7/19/23,6.5,7/20/23,20230720_I3B_10902.jpg,1,/mnt/research-projects/j/jlgage/RawUAVData01/uavforslb/final_image/final_sliced/20230720_I3B_10902.jpg
10757,I3B,2023,7/19/23,6.5,7/20/23,20230720_I3B_10757.jpg,1,/mnt/research-projects/j/jlgage/RawUAVData01/uavforslb/final_image/final_sliced/20230720_I3B_10757.jpg
1390,C7B,2025,7/18/25,2.5,7/18/25,20250718_C7B_01390.jpg,0,/mnt/research-projects/j/jlgage/RawUAVData01/uavforslb/final_image/final_sliced/20250718_C7B_01390.jpg
2683,C7B,2025,6/30/25,8.5,7/1/25,20250701_C7B_02683.jpg,1,/mnt/research-projects/j/jlgage/RawUAVData01/uavforslb/final_image/final_sliced/20250701_C7B_02683.jpg
1662,C7B,2025,7/7/25,3.0,7/7/25,20250707_C7B_01662.jpg,0,/mnt/research-projects/j/jlgage/RawUAVData01/uavforslb/final_image/final_sliced/20250707_C7B_01662.jpg
5043,C10,2025,7/11/25,4.0,7/11/25,20250711_C10_05043.jpg,0,/mnt/research-projects/j/jlgage/RawUAVData01/uavforslb/final_image/final_sliced/20250711_C10_05043.jpg
4147,C10,2025,7/7/25,4.0,7/7/25,20250707_C10_04147.jpg,0,/mnt/research-projects/j/jlgage/RawUAVData01/uavforslb/final_image/final_sliced/20250707_C10_04147.jpg
3030,G3,2023,7/26/23,7.5,7/27/23,20230727_G3_03030.jpg,1,/mnt/research-projects/j/jlgage/RawUAVData01/uavforslb/final_image/final_sliced/20230727_G3_03030.jpg
1972,C7B,2025,7/19/25,5.0,7/18/25,20250718_C7B_01972.jpg,-1,/mnt/research-projects/j/jlgage/RawUAVData01/uavforslb/final_image/final_sliced/20250718_C7B_01972.jpg
11112,I3B,2023,7/12/23,6.5,7/13/23,20230713_I3B_11112.jpg,1,/mnt/research-projects/j/jlgage/RawUAVData01/uavforslb/final_image/final_sliced/20230713_I3B_11112.jpg
9835,I3B,2023,7/12/23,5.5,7/13/23,20230713_I3B_09835.jpg,1,/mnt/research-projects/j/jlgage/RawUAVData01/uavforslb/final_image/final_sliced/20230713_I3B_09835.jpg
7520,G3,2023,7/26/23,5.5,7/27/23,20230727_G3_07520.jpg,1,/mnt/research-projects/j/jlgage/RawUAVData01/uavforslb/final_image/final_sliced/20230727_G3_07520.jpg
6864,C10,2025,6/30/25,8.5,6/28/25,20250628_C10_06864.jpg,-2,/mnt/research-projects/j/jlgage/RawUAVData01/uavforslb/final_image/final_sliced/20250628_C10_06864.jpg
10032,I3B,2023,7/12/23,5.0,7/13/23,20230713_I3B_10032.jpg,1,/mnt/research-projects/j/jlgage/RawUAVData01/uavforslb/final_image/final_sliced/20230713_I3B_10032.jpg
315,C7B,2025,6/30/25,7.5,7/1/25,20250701_C7B_00315.jpg,1,/mnt/research-projects/j/jlgage/RawUAVData01/uavforslb/final_image/final_sliced/20250701_C7B_00315.jpg
4254,C10,2025,7/19/25,1.5,7/18/25,20250718_C10_04254.jpg,-1,/mnt/research-projects/j/jlgage/RawUAVData01/uavforslb/final_image/final_sliced/20250718_C10_04254.jpg
7443,G3,2023,7/26/23,8.0,7/27/23,20230727_G3_07443.jpg,1,/mnt/research-projects/j/jlgage/RawUAVData01/uavforslb/final_image/final_sliced/20230727_G3_07443.jpg
10857,I3B,2023,7/19/23,5.0,7/20/23,20230720_I3B_10857.jpg,1,/mnt/research-projects/j/jlgage/RawUAVData01/uavforslb/final_image/final_sliced/20230720_I3B_10857.jpg
6845,C10,2025,7/3/25,7.5,7/4/25,20250704_C10_06845.jpg,1,/mnt/research-projects/j/jlgage/RawUAVData01/uavforslb/final_image/final_sliced/20250704_C10_06845.jpg
10995,I3B,2023,7/19/23,5.5,7/20/23,20230720_I3B_10995.jpg,1,/mnt/research-projects/j/jlgage/RawUAVData01/uavforslb/final_image/final_sliced/20230720_I3B_10995.jpg
1787,C7B,2025,7/1/25,6.0,7/1/25,20250701_C7B_01787.jpg,0,/mnt/research-projects/j/jlgage/RawUAVData01/uavforslb/final_image/final_sliced/20250701_C7B_01787.jpg
4319,C10,2025,6/30/25,6.0,6/28/25,20250628_C10_04319.jpg,-2,/mnt/research-projects/j/jlgage/RawUAVData01/uavforslb/final_image/final_sliced/20250628_C10_04319.jpg
9773,I3B,2023,7/12/23,4.5,7/13/23,20230713_I3B_09773.jpg,1,/mnt/research-projects/j/jlgage/RawUAVData01/uavforslb/final_image/final_sliced/20230713_I3B_09773.jpg
2827,C7B,2025,7/18/25,7.0,7/18/25,20250718_C7B_02827.jpg,0,/mnt/research-projects/j/jlgage/RawUAVData01/uavforslb/final_image/final_sliced/20250718_C7B_02827.jpg
1326,C7B,2025,7/10/25,5.0,7/10/25,20250710_C7B_01326.jpg,0,/mnt/research-projects/j/jlgage/RawUAVData01/uavforslb/final_image/final_sliced/20250710_C7B_01326.jpg
4718,C10,2025,7/2/25,5.5,7/4/25,20250704_C10_04718.jpg,2,/mnt/research-projects/j/jlgage/RawUAVData01/uavforslb/final_image/final_sliced/20250704_C10_04718.jpg
1702,C7B,2025,7/1/25,5.0,7/1/25,20250701_C7B_01702.jpg,0,/mnt/research-projects/j/jlgage/RawUAVData01/uavforslb/final_image/final_sliced/20250701_C7B_01702.jpg
2699,C7B,2025,7/8/25,4.0,7/7/25,20250707_C7B_02699.jpg,-1,/mnt/research-projects/j/jlgage/RawUAVData01/uavforslb/final_image/final_sliced/20250707_C7B_02699.jpg
7349,G3,2023,7/20/23,7.5,7/20/23,20230720_G3_07349.jpg,0,/mnt/research-projects/j/jlgage/RawUAVData01/uavforslb/final_image/final_sliced/20230720_G3_07349.jpg
611,C7B,2025,6/30/25,7.0,7/1/25,20250701_C7B_00611.jpg,1,/mnt/research-projects/j/jlgage/RawUAVData01/uavforslb/final_image/final_sliced/20250701_C7B_00611.jpg
11285,I3B,2023,7/19/23,4.0,7/20/23,20230720_I3B_11285.jpg,1,/mnt/research-projects/j/jlgage/RawUAVData01/uavforslb/final_image/final_sliced/20230720_I3B_11285.jpg
6858,C10,2025,7/14/25,5.0,7/14/25,20250714_C10_06858.jpg,0,/mnt/research-projects/j/jlgage/RawUAVData01/uavforslb/final_image/final_sliced/20250714_C10_06858.jpg
9964,I3B,2023,7/12/23,5.0,7/13/23,20230713_I3B_09964.jpg,1,/mnt/research-projects/j/jlgage/RawUAVData01/uavforslb/final_image/final_sliced/20230713_I3B_09964.jpg
5139,C10,2025,7/20/25,1.5,7/21/25,20250721_C10_05139.jpg,1,/mnt/research-projects/j/jlgage/RawUAVData01/uavforslb/final_image/final_sliced/20250721_C10_05139.jpg
5137,C10,2025,7/11/25,7.0,7/11/25,20250711_C10_05137.jpg,0,/mnt/research-projects/j/jlgage/RawUAVData01/uavforslb/final_image/final_sliced/20250711_C10_05137.jpg
5059,C10,2025,7/20/25,2.0,7/21/25,20250721_C10_05059.jpg,1,/mnt/research-projects/j/jlgage/RawUAVData01/uavforslb/final_image/final_sliced/20250721_C10_05059.jpg
8095,G3,2023,7/20/23,8.0,7/20/23,20230720_G3_08095.jpg,0,/mnt/research-projects/j/jlgage/RawUAVData01/uavforslb/final_image/final_sliced/20230720_G3_08095.jpg
4582,C10,2025,7/20/25,2.0,7/21/25,20250721_C10_04582.jpg,1,/mnt/research-projects/j/jlgage/RawUAVData01/uavforslb/final_image/final_sliced/20250721_C10_04582.jpg
8151,G3,2023,7/20/23,6.0,7/20/23,20230720_G3_08151.jpg,0,/mnt/research-projects/j/jlgage/RawUAVData01/uavforslb/final_image/final_sliced/20230720_G3_08151.jpg
6657,C10,2025,7/18/25,3.0,7/18/25,20250718_C10_06657.jpg,0,/mnt/research-projects/j/jlgage/RawUAVData01/uavforslb/final_image/final_sliced/20250718_C10_06657.jpg
4608,C10,2025,7/20/25,3.0,7/21/25,20250721_C10_04608.jpg,1,/mnt/research-projects/j/jlgage/RawUAVData01/uavforslb/final_image/final_sliced/20250721_C10_04608.jpg
7401,G3,2023,7/26/23,4.0,7/27/23,20230727_G3_07401.jpg,1,/mnt/research-projects/j/jlgage/RawUAVData01/uavforslb/final_image/final_sliced/20230727_G3_07401.jpg
53,C7B,2025,7/11/25,3.0,7/10/25,20250710_C7B_00053.jpg,-1,/mnt/research-projects/j/jlgage/RawUAVData01/uavforslb/final_image/final_sliced/20250710_C7B_00053.jpg
7536,G3,2023,7/26/23,7.0,7/27/23,20230727_G3_07536.jpg,1,/mnt/research-projects/j/jlgage/RawUAVData01/uavforslb/final_image/final_sliced/20230727_G3_07536.jpg
10047,I3B,2023,7/12/23,5.0,7/13/23,20230713_I3B_10047.jpg,1,/mnt/research-projects/j/jlgage/RawUAVData01/uavforslb/final_image/final_sliced/20230713_I3B_10047.jpg
1441,C7B,2025,7/18/25,1.5,7/18/25,20250718_C7B_01441.jpg,0,/mnt/research-projects/j/jlgage/RawUAVData01/uavforslb/final_image/final_sliced/20250718_C7B_01441.jpg
8151,G3,2023,7/26/23,6.0,7/27/23,20230727_G3_08151.jpg,1,/mnt/research-projects/j/jlgage/RawUAVData01/uavforslb/final_image/final_sliced/20230727_G3_08151.jpg
5706,C10,2025,7/19/25,3.5,7/18/25,20250718_C10_05706.jpg,-1,/mnt/research-projects/j/jlgage/RawUAVData01/uavforslb/final_image/final_sliced/20250718_C10_05706.jpg
9643,I3B,2023,7/12/23,4.0,7/13/23,20230713_I3B_09643.jpg,1,/mnt/research-projects/j/jlgage/RawUAVData01/uavforslb/final_image/final_sliced/20230713_I3B_09643.jpg
4059,C10,2025,7/7/25,5.0,7/7/25,20250707_C10_04059.jpg,0,/mnt/research-projects/j/jlgage/RawUAVData01/uavforslb/final_image/final_sliced/20250707_C10_04059.jpg
9694,I3B,2023,7/12/23,5.5,7/13/23,20230713_I3B_09694.jpg,1,/mnt/research-projects/j/jlgage/RawUAVData01/uavforslb/final_image/final_sliced/20230713_I3B_09694.jpg
10795,I3B,2023,7/19/23,5.5,7/20/23,20230720_I3B_10795.jpg,1,/mnt/research-projects/j/jlgage/RawUAVData01/uavforslb/final_image/final_sliced/20230720_I3B_10795.jpg
1154,C7B,2025,7/10/25,4.0,7/10/25,20250710_C7B_01154.jpg,0,/mnt/research-projects/j/jlgage/RawUAVData01/uavforslb/final_image/final_sliced/20250710_C7B_01154.jpg
9956,I3B,2023,7/12/23,6.5,7/13/23,20230713_I3B_09956.jpg,1,/mnt/research-projects/j/jlgage/RawUAVData01/uavforslb/final_image/final_sliced/20230713_I3B_09956.jpg
7334,G3,2023,7/26/23,5.5,7/27/23,20230727_G3_07334.jpg,1,/mnt/research-projects/j/jlgage/RawUAVData01/uavforslb/final_image/final_sliced/20230727_G3_07334.jpg
336,C7B,2025,6/30/25,7.5,7/1/25,20250701_C7B_00336.jpg,1,/mnt/research-projects/j/jlgage/RawUAVData01/uavforslb/final_image/final_sliced/20250701_C7B_00336.jpg
5963,C10,2025,7/11/25,6.5,7/11/25,20250711_C10_05963.jpg,0,/mnt/research-projects/j/jlgage/RawUAVData01/uavforslb/final_image/final_sliced/20250711_C10_05963.jpg
9630,I3B,2023,7/12/23,7.0,7/13/23,20230713_I3B_09630.jpg,1,/mnt/research-projects/j/jlgage/RawUAVData01/uavforslb/final_image/final_sliced/20230713_I3B_09630.jpg
4022,C10,2025,6/30/25,7.0,6/28/25,20250628_C10_04022.jpg,-2,/mnt/research-projects/j/jlgage/RawUAVData01/uavforslb/final_image/final_sliced/20250628_C10_04022.jpg
70,C7B,2025,6/30/25,7.0,7/1/25,20250701_C7B_00070.jpg,1,/mnt/research-projects/j/jlgage/RawUAVData01/uavforslb/final_image/final_sliced/20250701_C7B_00070.jpg
5249,C10,2025,7/11/25,4.0,7/11/25,20250711_C10_05249.jpg,0,/mnt/research-projects/j/jlgage/RawUAVData01/uavforslb/final_image/final_sliced/20250711_C10_05249.jpg
10734,I3B,2023,7/19/23,7.5,7/20/23,20230720_I3B_10734.jpg,1,/mnt/research-projects/j/jlgage/RawUAVData01/uavforslb/final_image/final_sliced/20230720_I3B_10734.jpg
645,C7B,2025,7/10/25,6.0,7/10/25,20250710_C7B_00645.jpg,0,/mnt/research-projects/j/jlgage/RawUAVData01/uavforslb/final_image/final_sliced/20250710_C7B_00645.jpg
9933,I3B,2023,7/12/23,4.0,7/13/23,20230713_I3B_09933.jpg,1,/mnt/research-projects/j/jlgage/RawUAVData01/uavforslb/final_image/final_sliced/20230713_I3B_09933.jpg
5927,C10,2025,7/11/25,4.0,7/11/25,20250711_C10_05927.jpg,0,/mnt/research-projects/j/jlgage/RawUAVData01/uavforslb/final_image/final_sliced/20250711_C10_05927.jpg
4675,C10,2025,7/2/25,6.0,7/4/25,20250704_C10_04675.jpg,2,/mnt/research-projects/j/jlgage/RawUAVData01/uavforslb/final_image/final_sliced/20250704_C10_04675.jpg
727,C7B,2025,7/10/25,4.0,7/10/25,20250710_C7B_00727.jpg,0,/mnt/research-projects/j/jlgage/RawUAVData01/uavforslb/final_image/final_sliced/20250710_C7B_00727.jpg
174,C7B,2025,7/18/25,4.0,7/18/25,20250718_C7B_00174.jpg,0,/mnt/research-projects/j/jlgage/RawUAVData01/uavforslb/final_image/final_sliced/20250718_C7B_00174.jpg
9735,I3B,2023,7/12/23,5.0,7/13/23,20230713_I3B_09735.jpg,1,/mnt/research-projects/j/jlgage/RawUAVData01/uavforslb/final_image/final_sliced/20230713_I3B_09735.jpg
9974,I3B,2023,7/12/23,5.5,7/13/23,20230713_I3B_09974.jpg,1,/mnt/research-projects/j/jlgage/RawUAVData01/uavforslb/final_image/final_sliced/20230713_I3B_09974.jpg
877,C7B,2025,7/10/25,7.5,7/10/25,20250710_C7B_00877.jpg,0,/mnt/research-projects/j/jlgage/RawUAVData01/uavforslb/final_image/final_sliced/20250710_C7B_00877.jpg
9821,I3B,2023,7/12/23,5.0,7/13/23,20230713_I3B_09821.jpg,1,/mnt/research-projects/j/jlgage/RawUAVData01/uavforslb/final_image/final_sliced/20230713_I3B_09821.jpg
9667,I3B,2023,7/12/23,4.5,7/13/23,20230713_I3B_09667.jpg,1,/mnt/research-projects/j/jlgage/RawUAVData01/uavforslb/final_image/final_sliced/20230713_I3B_09667.jpg
9863,I3B,2023,7/12/23,4.0,7/13/23,20230713_I3B_09863.jpg,1,/mnt/research-projects/j/jlgage/RawUAVData01/uavforslb/final_image/final_sliced/20230713_I3B_09863.jpg
1322,C7B,2025,7/1/25,5.0,7/1/25,20250701_C7B_01322.jpg,0,/mnt/research-projects/j/jlgage/RawUAVData01/uavforslb/final_image/final_sliced/20250701_C7B_01322.jpg
3109,G3,2023,7/19/23,7.5,7/20/23,20230720_G3_03109.jpg,1,/mnt/research-projects/j/jlgage/RawUAVData01/uavforslb/final_image/final_sliced/20230720_G3_03109.jpg
10852,I3B,2023,7/19/23,6.5,7/20/23,20230720_I3B_10852.jpg,1,/mnt/research-projects/j/jlgage/RawUAVData01/uavforslb/final_image/final_sliced/20230720_I3B_10852.jpg
873,C7B,2025,7/10/25,4.5,7/10/25,20250710_C7B_00873.jpg,0,/mnt/research-projects/j/jlgage/RawUAVData01/uavforslb/final_image/final_sliced/20250710_C7B_00873.jpg
5312,C10,2025,7/2/25,6.0,7/4/25,20250704_C10_05312.jpg,2,/mnt/research-projects/j/jlgage/RawUAVData01/uavforslb/final_image/final_sliced/20250704_C10_05312.jpg
281,C7B,2025,6/30/25,7.0,7/1/25,20250701_C7B_00281.jpg,1,/mnt/research-projects/j/jlgage/RawUAVData01/uavforslb/final_image/final_sliced/20250701_C7B_00281.jpg
1689,C7B,2025,7/19/25,2.0,7/18/25,20250718_C7B_01689.jpg,-1,/mnt/research-projects/j/jlgage/RawUAVData01/uavforslb/final_image/final_sliced/20250718_C7B_01689.jpg
357,C7B,2025,7/10/25,7.0,7/10/25,20250710_C7B_00357.jpg,0,/mnt/research-projects/j/jlgage/RawUAVData01/uavforslb/final_image/final_sliced/20250710_C7B_00357.jpg
9705,I3B,2023,7/12/23,5.0,7/13/23,20230713_I3B_09705.jpg,1,/mnt/research-projects/j/jlgage/RawUAVData01/uavforslb/final_image/final_sliced/20230713_I3B_09705.jpg
966,C7B,2025,7/18/25,5.0,7/18/25,20250718_C7B_00966.jpg,0,/mnt/research-projects/j/jlgage/RawUAVData01/uavforslb/final_image/final_sliced/20250718_C7B_00966.jpg
7254,G3,2023,7/26/23,6.0,7/27/23,20230727_G3_07254.jpg,1,/mnt/research-projects/j/jlgage/RawUAVData01/uavforslb/final_image/final_sliced/20230727_G3_07254.jpg
11329,I3B,2023,7/19/23,7.0,7/20/23,20230720_I3B_11329.jpg,1,/mnt/research-projects/j/jlgage/RawUAVData01/uavforslb/final_image/final_sliced/20230720_I3B_11329.jpg
1802,C7B,2025,7/19/25,3.0,7/18/25,20250718_C7B_01802.jpg,-1,/mnt/research-projects/j/jlgage/RawUAVData01/uavforslb/final_image/final_sliced/20250718_C7B_01802.jpg
9737,I3B,2023,7/12/23,4.5,7/13/23,20230713_I3B_09737.jpg,1,/mnt/research-projects/j/jlgage/RawUAVData01/uavforslb/final_image/final_sliced/20230713_I3B_09737.jpg
656,C7B,2025,6/30/25,7.0,7/1/25,20250701_C7B_00656.jpg,1,/mnt/research-projects/j/jlgage/RawUAVData01/uavforslb/final_image/final_sliced/20250701_C7B_00656.jpg
4625,C10,2025,7/2/25,4.5,7/4/25,20250704_C10_04625.jpg,2,/mnt/research-projects/j/jlgage/RawUAVData01/uavforslb/final_image/final_sliced/20250704_C10_04625.jpg
11236,I3B,2023,7/19/23,7.5,7/20/23,20230720_I3B_11236.jpg,1,/mnt/research-projects/j/jlgage/RawUAVData01/uavforslb/final_image/final_sliced/20230720_I3B_11236.jpg
2716,C7B,2025,6/30/25,8.0,7/1/25,20250701_C7B_02716.jpg,1,/mnt/research-projects/j/jlgage/RawUAVData01/uavforslb/final_image/final_sliced/20250701_C7B_02716.jpg
8157,G3,2023,7/26/23,6.0,7/27/23,20230727_G3_08157.jpg,1,/mnt/research-projects/j/jlgage/RawUAVData01/uavforslb/final_image/final_sliced/20230727_G3_08157.jpg
494,C7B,2025,7/18/25,2.5,7/18/25,20250718_C7B_00494.jpg,0,/mnt/research-projects/j/jlgage/RawUAVData01/uavforslb/final_image/final_sliced/20250718_C7B_00494.jpg
10870,I3B,2023,7/19/23,5.0,7/20/23,20230720_I3B_10870.jpg,1,/mnt/research-projects/j/jlgage/RawUAVData01/uavforslb/final_image/final_sliced/20230720_I3B_10870.jpg
1667,C7B,2025,7/10/25,5.0,7/10/25,20250710_C7B_01667.jpg,0,/mnt/research-projects/j/jlgage/RawUAVData01/uavforslb/final_image/final_sliced/20250710_C7B_01667.jpg
1704,C7B,2025,7/10/25,6.0,7/10/25,20250710_C7B_01704.jpg,0,/mnt/research-projects/j/jlgage/RawUAVData01/uavforslb/final_image/final_sliced/20250710_C7B_01704.jpg
7216,G3,2023,7/19/23,7.0,7/20/23,20230720_G3_07216.jpg,1,/mnt/research-projects/j/jlgage/RawUAVData01/uavforslb/final_image/final_sliced/20230720_G3_07216.jpg
5608,C10,2025,7/20/25,2.0,7/21/25,20250721_C10_05608.jpg,1,/mnt/research-projects/j/jlgage/RawUAVData01/uavforslb/final_image/final_sliced/20250721_C10_05608.jpg
9829,I3B,2023,7/12/23,6.0,7/13/23,20230713_I3B_09829.jpg,1,/mnt/research-projects/j/jlgage/RawUAVData01/uavforslb/final_image/final_sliced/20230713_I3B_09829.jpg
11190,I3B,2023,7/12/23,6.5,7/13/23,20230713_I3B_11190.jpg,1,/mnt/research-projects/j/jlgage/RawUAVData01/uavforslb/final_image/final_sliced/20230713_I3B_11190.jpg
5219,C10,2025,7/11/25,4.0,7/11/25,20250711_C10_05219.jpg,0,/mnt/research-projects/j/jlgage/RawUAVData01/uavforslb/final_image/final_sliced/20250711_C10_05219.jpg
4908,C10,2025,7/11/25,5.0,7/11/25,20250711_C10_04908.jpg,0,/mnt/research-projects/j/jlgage/RawUAVData01/uavforslb/final_image/final_sliced/20250711_C10_04908.jpg
549,C7B,2025,6/30/25,6.0,7/1/25,20250701_C7B_00549.jpg,1,/mnt/research-projects/j/jlgage/RawUAVData01/uavforslb/final_image/final_sliced/20250701_C7B_00549.jpg
10391,I3B,2023,7/25/23,3.5,7/27/23,20230727_I3B_10391.jpg,2,/mnt/research-projects/j/jlgage/RawUAVData01/uavforslb/final_image/final_sliced/20230727_I3B_10391.jpg
3097,G3,2023,7/19/23,7.5,7/20/23,20230720_G3_03097.jpg,1,/mnt/research-projects/j/jlgage/RawUAVData01/uavforslb/final_image/final_sliced/20230720_G3_03097.jpg
10030,I3B,2023,7/12/23,5.5,7/13/23,20230713_I3B_10030.jpg,1,/mnt/research-projects/j/jlgage/RawUAVData01/uavforslb/final_image/final_sliced/20230713_I3B_10030.jpg
8149,G3,2023,7/26/23,6.5,7/27/23,20230727_G3_08149.jpg,1,/mnt/research-projects/j/jlgage/RawUAVData01/uavforslb/final_image/final_sliced/20230727_G3_08149.jpg
5712,C10,2025,7/8/25,4.0,7/7/25,20250707_C10_05712.jpg,-1,/mnt/research-projects/j/jlgage/RawUAVData01/uavforslb/final_image/final_sliced/20250707_C10_05712.jpg
8049,G3,2023,7/26/23,3.0,7/27/23,20230727_G3_08049.jpg,1,/mnt/research-projects/j/jlgage/RawUAVData01/uavforslb/final_image/final_sliced/20230727_G3_08049.jpg
1002,C7B,2025,7/1/25,7.5,7/1/25,20250701_C7B_01002.jpg,0,/mnt/research-projects/j/jlgage/RawUAVData01/uavforslb/final_image/final_sliced/20250701_C7B_01002.jpg
1644,C7B,2025,7/10/25,6.0,7/10/25,20250710_C7B_01644.jpg,0,/mnt/research-projects/j/jlgage/RawUAVData01/uavforslb/final_image/final_sliced/20250710_C7B_01644.jpg
8077,G3,2023,7/26/23,6.0,7/27/23,20230727_G3_08077.jpg,1,/mnt/research-projects/j/jlgage/RawUAVData01/uavforslb/final_image/final_sliced/20230727_G3_08077.jpg
7278,G3,2023,7/26/23,8.0,7/27/23,20230727_G3_07278.jpg,1,/mnt/research-projects/j/jlgage/RawUAVData01/uavforslb/final_image/final_sliced/20230727_G3_07278.jpg
8054,G3,2023,7/26/23,4.0,7/27/23,20230727_G3_08054.jpg,1,/mnt/research-projects/j/jlgage/RawUAVData01/uavforslb/final_image/final_sliced/20230727_G3_08054.jpg
4784,C10,2025,7/20/25,3.0,7/21/25,20250721_C10_04784.jpg,1,/mnt/research-projects/j/jlgage/RawUAVData01/uavforslb/final_image/final_sliced/20250721_C10_04784.jpg
10783,I3B,2023,7/19/23,5.5,7/20/23,20230720_I3B_10783.jpg,1,/mnt/research-projects/j/jlgage/RawUAVData01/uavforslb/final_image/final_sliced/20230720_I3B_10783.jpg
7345,G3,2023,7/20/23,7.0,7/20/23,20230720_G3_07345.jpg,0,/mnt/research-projects/j/jlgage/RawUAVData01/uavforslb/final_image/final_sliced/20230720_G3_07345.jpg
7318,G3,2023,7/26/23,7.0,7/27/23,20230727_G3_07318.jpg,1,/mnt/research-projects/j/jlgage/RawUAVData01/uavforslb/final_image/final_sliced/20230727_G3_07318.jpg
2642,C7B,2025,7/8/25,6.5,7/7/25,20250707_C7B_02642.jpg,-1,/mnt/research-projects/j/jlgage/RawUAVData01/uavforslb/final_image/final_sliced/20250707_C7B_02642.jpg
11202,I3B,2023,7/19/23,6.5,7/20/23,20230720_I3B_11202.jpg,1,/mnt/research-projects/j/jlgage/RawUAVData01/uavforslb/final_image/final_sliced/20230720_I3B_11202.jpg
10735,I3B,2023,7/19/23,5.0,7/20/23,20230720_I3B_10735.jpg,1,/mnt/research-projects/j/jlgage/RawUAVData01/uavforslb/final_image/final_sliced/20230720_I3B_10735.jpg
7528,G3,2023,7/20/23,8.0,7/20/23,20230720_G3_07528.jpg,0,/mnt/research-projects/j/jlgage/RawUAVData01/uavforslb/final_image/final_sliced/20230720_G3_07528.jpg
1631,C7B,2025,7/18/25,2.5,7/18/25,20250718_C7B_01631.jpg,0,/mnt/research-projects/j/jlgage/RawUAVData01/uavforslb/final_image/final_sliced/20250718_C7B_01631.jpg
7544,G3,2023,7/20/23,6.5,7/20/23,20230720_G3_07544.jpg,0,/mnt/research-projects/j/jlgage/RawUAVData01/uavforslb/final_image/final_sliced/20230720_G3_07544.jpg
6822,C10,2025,7/3/25,8.0,7/4/25,20250704_C10_06822.jpg,1,/mnt/research-projects/j/jlgage/RawUAVData01/uavforslb/final_image/final_sliced/20250704_C10_06822.jpg
11338,I3B,2023,7/19/23,7.0,7/20/23,20230720_I3B_11338.jpg,1,/mnt/research-projects/j/jlgage/RawUAVData01/uavforslb/final_image/final_sliced/20230720_I3B_11338.jpg
5917,C10,2025,7/19/25,2.0,7/18/25,20250718_C10_05917.jpg,-1,/mnt/research-projects/j/jlgage/RawUAVData01/uavforslb/final_image/final_sliced/20250718_C10_05917.jpg
11318,I3B,2023,7/19/23,5.5,7/20/23,20230720_I3B_11318.jpg,1,/mnt/research-projects/j/jlgage/RawUAVData01/uavforslb/final_image/final_sliced/20230720_I3B_11318.jpg
11080,I3B,2023,7/12/23,7.5,7/13/23,20230713_I3B_11080.jpg,1,/mnt/research-projects/j/jlgage/RawUAVData01/uavforslb/final_image/final_sliced/20230713_I3B_11080.jpg
10779,I3B,2023,7/19/23,7.0,7/20/23,20230720_I3B_10779.jpg,1,/mnt/research-projects/j/jlgage/RawUAVData01/uavforslb/final_image/final_sliced/20230720_I3B_10779.jpg
9889,I3B,2023,7/12/23,4.5,7/13/23,20230713_I3B_09889.jpg,1,/mnt/research-projects/j/jlgage/RawUAVData01/uavforslb/final_image/final_sliced/20230713_I3B_09889.jpg
5096,C10,2025,7/11/25,6.5,7/11/25,20250711_C10_05096.jpg,0,/mnt/research-projects/j/jlgage/RawUAVData01/uavforslb/final_image/final_sliced/20250711_C10_05096.jpg
565,C7B,2025,7/18/25,4.0,7/18/25,20250718_C7B_00565.jpg,0,/mnt/research-projects/j/jlgage/RawUAVData01/uavforslb/final_image/final_sliced/20250718_C7B_00565.jpg
9616,I3B,2023,7/12/23,5.0,7/13/23,20230713_I3B_09616.jpg,1,/mnt/research-projects/j/jlgage/RawUAVData01/uavforslb/final_image/final_sliced/20230713_I3B_09616.jpg
11279,I3B,2023,7/19/23,5.0,7/20/23,20230720_I3B_11279.jpg,1,/mnt/research-projects/j/jlgage/RawUAVData01/uavforslb/final_image/final_sliced/20230720_I3B_11279.jpg
6726,C10,2025,7/14/25,7.5,7/14/25,20250714_C10_06726.jpg,0,/mnt/research-projects/j/jlgage/RawUAVData01/uavforslb/final_image/final_sliced/20250714_C10_06726.jpg
9778,I3B,2023,7/12/23,4.0,7/13/23,20230713_I3B_09778.jpg,1,/mnt/research-projects/j/jlgage/RawUAVData01/uavforslb/final_image/final_sliced/20230713_I3B_09778.jpg
9709,I3B,2023,7/12/23,6.0,7/13/23,20230713_I3B_09709.jpg,1,/mnt/research-projects/j/jlgage/RawUAVData01/uavforslb/final_image/final_sliced/20230713_I3B_09709.jpg
1655,C7B,2025,7/1/25,6.0,7/1/25,20250701_C7B_01655.jpg,0,/mnt/research-projects/j/jlgage/RawUAVData01/uavforslb/final_image/final_sliced/20250701_C7B_01655.jpg
10764,I3B,2023,7/19/23,5.0,7/20/23,20230720_I3B_10764.jpg,1,/mnt/research-projects/j/jlgage/RawUAVData01/uavforslb/final_image/final_sliced/20230720_I3B_10764.jpg
5838,C10,2025,7/8/25,8.0,7/7/25,20250707_C10_05838.jpg,-1,/mnt/research-projects/j/jlgage/RawUAVData01/uavforslb/final_image/final_sliced/20250707_C10_05838.jpg
9853,I3B,2023,7/12/23,5.5,7/13/23,20230713_I3B_09853.jpg,1,/mnt/research-projects/j/jlgage/RawUAVData01/uavforslb/final_image/final_sliced/20230713_I3B_09853.jpg
4191,C10,2025,7/19/25,2.0,7/18/25,20250718_C10_04191.jpg,-1,/mnt/research-projects/j/jlgage/RawUAVData01/uavforslb/final_image/final_sliced/20250718_C10_04191.jpg
341,C7B,2025,6/30/25,6.0,7/1/25,20250701_C7B_00341.jpg,1,/mnt/research-projects/j/jlgage/RawUAVData01/uavforslb/final_image/final_sliced/20250701_C7B_00341.jpg
5311,C10,2025,7/2/25,7.0,7/4/25,20250704_C10_05311.jpg,2,/mnt/research-projects/j/jlgage/RawUAVData01/uavforslb/final_image/final_sliced/20250704_C10_05311.jpg
9873,I3B,2023,7/12/23,5.0,7/13/23,20230713_I3B_09873.jpg,1,/mnt/research-projects/j/jlgage/RawUAVData01/uavforslb/final_image/final_sliced/20230713_I3B_09873.jpg
5484,C10,2025,7/2/25,6.0,7/4/25,20250704_C10_05484.jpg,2,/mnt/research-projects/j/jlgage/RawUAVData01/uavforslb/final_image/final_sliced/20250704_C10_05484.jpg
246,C7B,2025,6/30/25,7.0,7/1/25,20250701_C7B_00246.jpg,1,/mnt/research-projects/j/jlgage/RawUAVData01/uavforslb/final_image/final_sliced/20250701_C7B_00246.jpg
7412,G3,2023,7/20/23,7.0,7/20/23,20230720_G3_07412.jpg,0,/mnt/research-projects/j/jlgage/RawUAVData01/uavforslb/final_image/final_sliced/20230720_G3_07412.jpg
1949,C7B,2025,7/19/25,7.0,7/18/25,20250718_C7B_01949.jpg,-1,/mnt/research-projects/j/jlgage/RawUAVData01/uavforslb/final_image/final_sliced/20250718_C7B_01949.jpg
4536,C10,2025,7/2/25,6.5,7/4/25,20250704_C10_04536.jpg,2,/mnt/research-projects/j/jlgage/RawUAVData01/uavforslb/final_image/final_sliced/20250704_C10_04536.jpg
4904,C10,2025,7/11/25,5.5,7/11/25,20250711_C10_04904.jpg,0,/mnt/research-projects/j/jlgage/RawUAVData01/uavforslb/final_image/final_sliced/20250711_C10_04904.jpg
3074,G3,2023,7/26/23,7.5,7/27/23,20230727_G3_03074.jpg,1,/mnt/research-projects/j/jlgage/RawUAVData01/uavforslb/final_image/final_sliced/20230727_G3_03074.jpg
3210,G3,2023,7/26/23,7.0,7/27/23,20230727_G3_03210.jpg,1,/mnt/research-projects/j/jlgage/RawUAVData01/uavforslb/final_image/final_sliced/20230727_G3_03210.jpg
10378,I3B,2023,7/25/23,4.0,7/27/23,20230727_I3B_10378.jpg,2,/mnt/research-projects/j/jlgage/RawUAVData01/uavforslb/final_image/final_sliced/20230727_I3B_10378.jpg
77,C7B,2025,7/4/25,5.0,7/4/25,20250704_C7B_00077.jpg,0,/mnt/research-projects/j/jlgage/RawUAVData01/uavforslb/final_image/final_sliced/20250704_C7B_00077.jpg
8011,G3,2023,7/26/23,4.0,7/27/23,20230727_G3_08011.jpg,1,/mnt/research-projects/j/jlgage/RawUAVData01/uavforslb/final_image/final_sliced/20230727_G3_08011.jpg
8109,G3,2023,7/20/23,7.5,7/20/23,20230720_G3_08109.jpg,0,/mnt/research-projects/j/jlgage/RawUAVData01/uavforslb/final_image/final_sliced/20230720_G3_08109.jpg
7401,G3,2023,7/20/23,5.5,7/20/23,20230720_G3_07401.jpg,0,/mnt/research-projects/j/jlgage/RawUAVData01/uavforslb/final_image/final_sliced/20230720_G3_07401.jpg
4098,C10,2025,7/11/25,5.0,7/11/25,20250711_C10_04098.jpg,0,/mnt/research-projects/j/jlgage/RawUAVData01/uavforslb/final_image/final_sliced/20250711_C10_04098.jpg
802,C7B,2025,7/18/25,3.5,7/18/25,20250718_C7B_00802.jpg,0,/mnt/research-projects/j/jlgage/RawUAVData01/uavforslb/final_image/final_sliced/20250718_C7B_00802.jpg
1618,C7B,2025,7/18/25,2.0,7/18/25,20250718_C7B_01618.jpg,0,/mnt/research-projects/j/jlgage/RawUAVData01/uavforslb/final_image/final_sliced/20250718_C7B_01618.jpg
7441,G3,2023,7/26/23,7.5,7/27/23,20230727_G3_07441.jpg,1,/mnt/research-projects/j/jlgage/RawUAVData01/uavforslb/final_image/final_sliced/20230727_G3_07441.jpg
7347,G3,2023,7/20/23,7.5,7/20/23,20230720_G3_07347.jpg,0,/mnt/research-projects/j/jlgage/RawUAVData01/uavforslb/final_image/final_sliced/20230720_G3_07347.jpg
4407,C10,2025,7/19/25,4.0,7/18/25,20250718_C10_04407.jpg,-1,/mnt/research-projects/j/jlgage/RawUAVData01/uavforslb/final_image/final_sliced/20250718_C10_04407.jpg
4093,C10,2025,7/7/25,7.0,7/7/25,20250707_C10_04093.jpg,0,/mnt/research-projects/j/jlgage/RawUAVData01/uavforslb/final_image/final_sliced/20250707_C10_04093.jpg
7378,G3,2023,7/26/23,5.5,7/27/23,20230727_G3_07378.jpg,1,/mnt/research-projects/j/jlgage/RawUAVData01/uavforslb/final_image/final_sliced/20230727_G3_07378.jpg
5824,C10,2025,7/11/25,6.0,7/11/25,20250711_C10_05824.jpg,0,/mnt/research-projects/j/jlgage/RawUAVData01/uavforslb/final_image/final_sliced/20250711_C10_05824.jpg
11076,I3B,2023,7/12/23,7.5,7/13/23,20230713_I3B_11076.jpg,1,/mnt/research-projects/j/jlgage/RawUAVData01/uavforslb/final_image/final_sliced/20230713_I3B_11076.jpg
7257,G3,2023,7/19/23,8.0,7/20/23,20230720_G3_07257.jpg,1,/mnt/research-projects/j/jlgage/RawUAVData01/uavforslb/final_image/final_sliced/20230720_G3_07257.jpg
7358,G3,2023,7/26/23,4.0,7/27/23,20230727_G3_07358.jpg,1,/mnt/research-projects/j/jlgage/RawUAVData01/uavforslb/final_image/final_sliced/20230727_G3_07358.jpg
450,C7B,2025,7/18/25,3.5,7/18/25,20250718_C7B_00450.jpg,0,/mnt/research-projects/j/jlgage/RawUAVData01/uavforslb/final_image/final_sliced/20250718_C7B_00450.jpg
2675,C7B,2025,7/18/25,6.5,7/18/25,20250718_C7B_02675.jpg,0,/mnt/research-projects/j/jlgage/RawUAVData01/uavforslb/final_image/final_sliced/20250718_C7B_02675.jpg
4806,C10,2025,7/20/25,2.0,7/21/25,20250721_C10_04806.jpg,1,/mnt/research-projects/j/jlgage/RawUAVData01/uavforslb/final_image/final_sliced/20250721_C10_04806.jpg
1124,C7B,2025,7/10/25,4.0,7/10/25,20250710_C7B_01124.jpg,0,/mnt/research-projects/j/jlgage/RawUAVData01/uavforslb/final_image/final_sliced/20250710_C7B_01124.jpg
9693,I3B,2023,7/12/23,5.0,7/13/23,20230713_I3B_09693.jpg,1,/mnt/research-projects/j/jlgage/RawUAVData01/uavforslb/final_image/final_sliced/20230713_I3B_09693.jpg
10933,I3B,2023,7/19/23,7.0,7/20/23,20230720_I3B_10933.jpg,1,/mnt/research-projects/j/jlgage/RawUAVData01/uavforslb/final_image/final_sliced/20230720_I3B_10933.jpg
4128,C10,2025,7/7/25,5.5,7/7/25,20250707_C10_04128.jpg,0,/mnt/research-projects/j/jlgage/RawUAVData01/uavforslb/final_image/final_sliced/20250707_C10_04128.jpg
1556,C7B,2025,7/18/25,3.0,7/18/25,20250718_C7B_01556.jpg,0,/mnt/research-projects/j/jlgage/RawUAVData01/uavforslb/final_image/final_sliced/20250718_C7B_01556.jpg
1591,C7B,2025,7/1/25,7.5,7/1/25,20250701_C7B_01591.jpg,0,/mnt/research-projects/j/jlgage/RawUAVData01/uavforslb/final_image/final_sliced/20250701_C7B_01591.jpg
4347,C10,2025,7/11/25,5.0,7/11/25,20250711_C10_04347.jpg,0,/mnt/research-projects/j/jlgage/RawUAVData01/uavforslb/final_image/final_sliced/20250711_C10_04347.jpg
7355,G3,2023,7/20/23,8.0,7/20/23,20230720_G3_07355.jpg,0,/mnt/research-projects/j/jlgage/RawUAVData01/uavforslb/final_image/final_sliced/20230720_G3_07355.jpg
9567,I3B,2023,7/12/23,6.5,7/13/23,20230713_I3B_09567.jpg,1,/mnt/research-projects/j/jlgage/RawUAVData01/uavforslb/final_image/final_sliced/20230713_I3B_09567.jpg
9761,I3B,2023,7/12/23,5.5,7/13/23,20230713_I3B_09761.jpg,1,/mnt/research-projects/j/jlgage/RawUAVData01/uavforslb/final_image/final_sliced/20230713_I3B_09761.jpg
6838,C10,2025,7/8/25,7.5,7/7/25,20250707_C10_06838.jpg,-1,/mnt/research-projects/j/jlgage/RawUAVData01/uavforslb/final_image/final_sliced/20250707_C10_06838.jpg
2786,C7B,2025,7/13/25,6.0,7/12/25,20250712_C7B_02786.jpg,-1,/mnt/research-projects/j/jlgage/RawUAVData01/uavforslb/final_image/final_sliced/20250712_C7B_02786.jpg
3086,G3,2023,7/26/23,6.5,7/27/23,20230727_G3_03086.jpg,1,/mnt/research-projects/j/jlgage/RawUAVData01/uavforslb/final_image/final_sliced/20230727_G3_03086.jpg
7421,G3,2023,7/20/23,6.5,7/20/23,20230720_G3_07421.jpg,0,/mnt/research-projects/j/jlgage/RawUAVData01/uavforslb/final_image/final_sliced/20230720_G3_07421.jpg
1217,C7B,2025,7/10/25,5.0,7/10/25,20250710_C7B_01217.jpg,0,/mnt/research-projects/j/jlgage/RawUAVData01/uavforslb/final_image/final_sliced/20250710_C7B_01217.jpg
10250,I3B,2023,7/25/23,4.5,7/27/23,20230727_I3B_10250.jpg,2,/mnt/research-projects/j/jlgage/RawUAVData01/uavforslb/final_image/final_sliced/20230727_I3B_10250.jpg
1759,C7B,2025,7/10/25,7.0,7/10/25,20250710_C7B_01759.jpg,0,/mnt/research-projects/j/jlgage/RawUAVData01/uavforslb/final_image/final_sliced/20250710_C7B_01759.jpg
7272,G3,2023,7/19/23,7.0,7/20/23,20230720_G3_07272.jpg,1,/mnt/research-projects/j/jlgage/RawUAVData01/uavforslb/final_image/final_sliced/20230720_G3_07272.jpg
1083,C7B,2025,7/18/25,3.0,7/18/25,20250718_C7B_01083.jpg,0,/mnt/research-projects/j/jlgage/RawUAVData01/uavforslb/final_image/final_sliced/20250718_C7B_01083.jpg
10282,I3B,2023,7/25/23,5.0,7/27/23,20230727_I3B_10282.jpg,2,/mnt/research-projects/j/jlgage/RawUAVData01/uavforslb/final_image/final_sliced/20230727_I3B_10282.jpg
7355,G3,2023,7/26/23,8.0,7/27/23,20230727_G3_07355.jpg,1,/mnt/research-projects/j/jlgage/RawUAVData01/uavforslb/final_image/final_sliced/20230727_G3_07355.jpg
11275,I3B,2023,7/19/23,7.0,7/20/23,20230720_I3B_11275.jpg,1,/mnt/research-projects/j/jlgage/RawUAVData01/uavforslb/final_image/final_sliced/20230720_I3B_11275.jpg
8062,G3,2023,7/26/23,7.5,7/27/23,20230727_G3_08062.jpg,1,/mnt/research-projects/j/jlgage/RawUAVData01/uavforslb/final_image/final_sliced/20230727_G3_08062.jpg
7221,G3,2023,7/26/23,5.0,7/27/23,20230727_G3_07221.jpg,1,/mnt/research-projects/j/jlgage/RawUAVData01/uavforslb/final_image/final_sliced/20230727_G3_07221.jpg
7427,G3,2023,7/20/23,7.0,7/20/23,20230720_G3_07427.jpg,0,/mnt/research-projects/j/jlgage/RawUAVData01/uavforslb/final_image/final_sliced/20230720_G3_07427.jpg
7494,G3,2023,7/20/23,7.0,7/20/23,20230720_G3_07494.jpg,0,/mnt/research-projects/j/jlgage/RawUAVData01/uavforslb/final_image/final_sliced/20230720_G3_07494.jpg
5981,C10,2025,7/2/25,5.5,7/4/25,20250704_C10_05981.jpg,2,/mnt/research-projects/j/jlgage/RawUAVData01/uavforslb/final_image/final_sliced/20250704_C10_05981.jpg
1242,C7B,2025,7/10/25,5.5,7/10/25,20250710_C7B_01242.jpg,0,/mnt/research-projects/j/jlgage/RawUAVData01/uavforslb/final_image/final_sliced/20250710_C7B_01242.jpg
10744,I3B,2023,7/19/23,6.5,7/20/23,20230720_I3B_10744.jpg,1,/mnt/research-projects/j/jlgage/RawUAVData01/uavforslb/final_image/final_sliced/20230720_I3B_10744.jpg
3200,G3,2023,7/26/23,3.0,7/27/23,20230727_G3_03200.jpg,1,/mnt/research-projects/j/jlgage/RawUAVData01/uavforslb/final_image/final_sliced/20230727_G3_03200.jpg
5171,C10,2025,7/20/25,1.5,7/21/25,20250721_C10_05171.jpg,1,/mnt/research-projects/j/jlgage/RawUAVData01/uavforslb/final_image/final_sliced/20250721_C10_05171.jpg
4489,C10,2025,7/11/25,6.5,7/11/25,20250711_C10_04489.jpg,0,/mnt/research-projects/j/jlgage/RawUAVData01/uavforslb/final_image/final_sliced/20250711_C10_04489.jpg
5533,C10,2025,7/2/25,5.0,7/4/25,20250704_C10_05533.jpg,2,/mnt/research-projects/j/jlgage/RawUAVData01/uavforslb/final_image/final_sliced/20250704_C10_05533.jpg
4242,C10,2025,7/7/25,3.5,7/7/25,20250707_C10_04242.jpg,0,/mnt/research-projects/j/jlgage/RawUAVData01/uavforslb/final_image/final_sliced/20250707_C10_04242.jpg
5977,C10,2025,7/19/25,2.0,7/18/25,20250718_C10_05977.jpg,-1,/mnt/research-projects/j/jlgage/RawUAVData01/uavforslb/final_image/final_sliced/20250718_C10_05977.jpg
8017,G3,2023,7/19/23,5.5,7/20/23,20230720_G3_08017.jpg,1,/mnt/research-projects/j/jlgage/RawUAVData01/uavforslb/final_image/final_sliced/20230720_G3_08017.jpg
7284,G3,2023,7/26/23,8.0,7/27/23,20230727_G3_07284.jpg,1,/mnt/research-projects/j/jlgage/RawUAVData01/uavforslb/final_image/final_sliced/20230727_G3_07284.jpg
5544,C10,2025,7/20/25,5.0,7/21/25,20250721_C10_05544.jpg,1,/mnt/research-projects/j/jlgage/RawUAVData01/uavforslb/final_image/final_sliced/20250721_C10_05544.jpg
9911,I3B,2023,7/12/23,4.5,7/13/23,20230713_I3B_09911.jpg,1,/mnt/research-projects/j/jlgage/RawUAVData01/uavforslb/final_image/final_sliced/20230713_I3B_09911.jpg
7516,G3,2023,7/20/23,7.0,7/20/23,20230720_G3_07516.jpg,0,/mnt/research-projects/j/jlgage/RawUAVData01/uavforslb/final_image/final_sliced/20230720_G3_07516.jpg
9591,I3B,2023,7/12/23,6.5,7/13/23,20230713_I3B_09591.jpg,1,/mnt/research-projects/j/jlgage/RawUAVData01/uavforslb/final_image/final_sliced/20230713_I3B_09591.jpg
1427,C7B,2025,7/1/25,5.5,7/1/25,20250701_C7B_01427.jpg,0,/mnt/research-projects/j/jlgage/RawUAVData01/uavforslb/final_image/final_sliced/20250701_C7B_01427.jpg
1122,C7B,2025,7/10/25,4.5,7/10/25,20250710_C7B_01122.jpg,0,/mnt/research-projects/j/jlgage/RawUAVData01/uavforslb/final_image/final_sliced/20250710_C7B_01122.jpg
4025,C10,2025,7/7/25,5.5,7/7/25,20250707_C10_04025.jpg,0,/mnt/research-projects/j/jlgage/RawUAVData01/uavforslb/final_image/final_sliced/20250707_C10_04025.jpg
1092,C7B,2025,7/1/25,7.5,7/1/25,20250701_C7B_01092.jpg,0,/mnt/research-projects/j/jlgage/RawUAVData01/uavforslb/final_image/final_sliced/20250701_C7B_01092.jpg
7257,G3,2023,7/26/23,7.5,7/27/23,20230727_G3_07257.jpg,1,/mnt/research-projects/j/jlgage/RawUAVData01/uavforslb/final_image/final_sliced/20230727_G3_07257.jpg
1918,C7B,2025,7/10/25,4.0,7/10/25,20250710_C7B_01918.jpg,0,/mnt/research-projects/j/jlgage/RawUAVData01/uavforslb/final_image/final_sliced/20250710_C7B_01918.jpg
7227,G3,2023,7/26/23,2.0,7/27/23,20230727_G3_07227.jpg,1,/mnt/research-projects/j/jlgage/RawUAVData01/uavforslb/final_image/final_sliced/20230727_G3_07227.jpg
5226,C10,2025,7/2/25,5.5,7/4/25,20250704_C10_05226.jpg,2,/mnt/research-projects/j/jlgage/RawUAVData01/uavforslb/final_image/final_sliced/20250704_C10_05226.jpg
1824,C7B,2025,7/10/25,7.0,7/10/25,20250710_C7B_01824.jpg,0,/mnt/research-projects/j/jlgage/RawUAVData01/uavforslb/final_image/final_sliced/20250710_C7B_01824.jpg
8044,G3,2023,7/19/23,7.0,7/20/23,20230720_G3_08044.jpg,1,/mnt/research-projects/j/jlgage/RawUAVData01/uavforslb/final_image/final_sliced/20230720_G3_08044.jpg
3065,G3,2023,7/19/23,8.0,7/20/23,20230720_G3_03065.jpg,1,/mnt/research-projects/j/jlgage/RawUAVData01/uavforslb/final_image/final_sliced/20230720_G3_03065.jpg
6714,C10,2025,7/8/25,7.5,7/7/25,20250707_C10_06714.jpg,-1,/mnt/research-projects/j/jlgage/RawUAVData01/uavforslb/final_image/final_sliced/20250707_C10_06714.jpg
5657,C10,2025,7/20/25,2.0,7/21/25,20250721_C10_05657.jpg,1,/mnt/research-projects/j/jlgage/RawUAVData01/uavforslb/final_image/final_sliced/20250721_C10_05657.jpg
7503,G3,2023,7/26/23,6.5,7/27/23,20230727_G3_07503.jpg,1,/mnt/research-projects/j/jlgage/RawUAVData01/uavforslb/final_image/final_sliced/20230727_G3_07503.jpg
7204,G3,2023,7/19/23,7.5,7/20/23,20230720_G3_07204.jpg,1,/mnt/research-projects/j/jlgage/RawUAVData01/uavforslb/final_image/final_sliced/20230720_G3_07204.jpg
3188,G3,2023,7/26/23,7.5,7/27/23,20230727_G3_03188.jpg,1,/mnt/research-projects/j/jlgage/RawUAVData01/uavforslb/final_image/final_sliced/20230727_G3_03188.jpg
568,C7B,2025,7/18/25,3.0,7/18/25,20250718_C7B_00568.jpg,0,/mnt/research-projects/j/jlgage/RawUAVData01/uavforslb/final_image/final_sliced/20250718_C7B_00568.jpg
169,C7B,2025,6/30/25,7.0,7/1/25,20250701_C7B_00169.jpg,1,/mnt/research-projects/j/jlgage/RawUAVData01/uavforslb/final_image/final_sliced/20250701_C7B_00169.jpg
7341,G3,2023,7/26/23,7.5,7/27/23,20230727_G3_07341.jpg,1,/mnt/research-projects/j/jlgage/RawUAVData01/uavforslb/final_image/final_sliced/20230727_G3_07341.jpg
10729,I3B,2023,7/19/23,6.0,7/20/23,20230720_I3B_10729.jpg,1,/mnt/research-projects/j/jlgage/RawUAVData01/uavforslb/final_image/final_sliced/20230720_I3B_10729.jpg
11115,I3B,2023,7/12/23,7.0,7/13/23,20230713_I3B_11115.jpg,1,/mnt/research-projects/j/jlgage/RawUAVData01/uavforslb/final_image/final_sliced/20230713_I3B_11115.jpg
7494,G3,2023,7/26/23,6.5,7/27/23,20230727_G3_07494.jpg,1,/mnt/research-projects/j/jlgage/RawUAVData01/uavforslb/final_image/final_sliced/20230727_G3_07494.jpg
3069,G3,2023,7/26/23,7.0,7/27/23,20230727_G3_03069.jpg,1,/mnt/research-projects/j/jlgage/RawUAVData01/uavforslb/final_image/final_sliced/20230727_G3_03069.jpg
10316,I3B,2023,7/25/23,4.0,7/27/23,20230727_I3B_10316.jpg,2,/mnt/research-projects/j/jlgage/RawUAVData01/uavforslb/final_image/final_sliced/20230727_I3B_10316.jpg
7393,G3,2023,7/20/23,7.5,7/20/23,20230720_G3_07393.jpg,0,/mnt/research-projects/j/jlgage/RawUAVData01/uavforslb/final_image/final_sliced/20230720_G3_07393.jpg
403,C7B,2025,7/10/25,4.0,7/10/25,20250710_C7B_00403.jpg,0,/mnt/research-projects/j/jlgage/RawUAVData01/uavforslb/final_image/final_sliced/20250710_C7B_00403.jpg
5535,C10,2025,7/2/25,6.0,7/4/25,20250704_C10_05535.jpg,2,/mnt/research-projects/j/jlgage/RawUAVData01/uavforslb/final_image/final_sliced/20250704_C10_05535.jpg
912,C7B,2025,7/10/25,4.0,7/10/25,20250710_C7B_00912.jpg,0,/mnt/research-projects/j/jlgage/RawUAVData01/uavforslb/final_image/final_sliced/20250710_C7B_00912.jpg
3101,G3,2023,7/19/23,8.0,7/20/23,20230720_G3_03101.jpg,1,/mnt/research-projects/j/jlgage/RawUAVData01/uavforslb/final_image/final_sliced/20230720_G3_03101.jpg
4309,C10,2025,7/11/25,6.0,7/11/25,20250711_C10_04309.jpg,0,/mnt/research-projects/j/jlgage/RawUAVData01/uavforslb/final_image/final_sliced/20250711_C10_04309.jpg
254,C7B,2025,7/18/25,4.0,7/18/25,20250718_C7B_00254.jpg,0,/mnt/research-projects/j/jlgage/RawUAVData01/uavforslb/final_image/final_sliced/20250718_C7B_00254.jpg
1065,C7B,2025,7/18/25,2.5,7/18/25,20250718_C7B_01065.jpg,0,/mnt/research-projects/j/jlgage/RawUAVData01/uavforslb/final_image/final_sliced/20250718_C7B_01065.jpg
11251,I3B,2023,7/19/23,7.5,7/20/23,20230720_I3B_11251.jpg,1,/mnt/research-projects/j/jlgage/RawUAVData01/uavforslb/final_image/final_sliced/20230720_I3B_11251.jpg
10260,I3B,2023,7/25/23,5.5,7/27/23,20230727_I3B_10260.jpg,2,/mnt/research-projects/j/jlgage/RawUAVData01/uavforslb/final_image/final_sliced/20230727_I3B_10260.jpg
10978,I3B,2023,7/19/23,6.0,7/20/23,20230720_I3B_10978.jpg,1,/mnt/research-projects/j/jlgage/RawUAVData01/uavforslb/final_image/final_sliced/20230720_I3B_10978.jpg
8092,G3,2023,7/26/23,6.0,7/27/23,20230727_G3_08092.jpg,1,/mnt/research-projects/j/jlgage/RawUAVData01/uavforslb/final_image/final_sliced/20230727_G3_08092.jpg
8111,G3,2023,7/26/23,4.0,7/27/23,20230727_G3_08111.jpg,1,/mnt/research-projects/j/jlgage/RawUAVData01/uavforslb/final_image/final_sliced/20230727_G3_08111.jpg
2674,C7B,2025,7/8/25,7.5,7/7/25,20250707_C7B_02674.jpg,-1,/mnt/research-projects/j/jlgage/RawUAVData01/uavforslb/final_image/final_sliced/20250707_C7B_02674.jpg
8160,G3,2023,7/26/23,5.0,7/27/23,20230727_G3_08160.jpg,1,/mnt/research-projects/j/jlgage/RawUAVData01/uavforslb/final_image/final_sliced/20230727_G3_08160.jpg
10957,I3B,2023,7/19/23,7.5,7/20/23,20230720_I3B_10957.jpg,1,/mnt/research-projects/j/jlgage/RawUAVData01/uavforslb/final_image/final_sliced/20230720_I3B_10957.jpg
9929,I3B,2023,7/12/23,5.5,7/13/23,20230713_I3B_09929.jpg,1,/mnt/research-projects/j/jlgage/RawUAVData01/uavforslb/final_image/final_sliced/20230713_I3B_09929.jpg
1943,C7B,2025,7/10/25,6.5,7/10/25,20250710_C7B_01943.jpg,0,/mnt/research-projects/j/jlgage/RawUAVData01/uavforslb/final_image/final_sliced/20250710_C7B_01943.jpg
7386,G3,2023,7/26/23,5.0,7/27/23,20230727_G3_07386.jpg,1,/mnt/research-projects/j/jlgage/RawUAVData01/uavforslb/final_image/final_sliced/20230727_G3_07386.jpg
7251,G3,2023,7/26/23,7.0,7/27/23,20230727_G3_07251.jpg,1,/mnt/research-projects/j/jlgage/RawUAVData01/uavforslb/final_image/final_sliced/20230727_G3_07251.jpg
497,C7B,2025,7/10/25,7.5,7/10/25,20250710_C7B_00497.jpg,0,/mnt/research-projects/j/jlgage/RawUAVData01/uavforslb/final_image/final_sliced/20250710_C7B_00497.jpg
7515,G3,2023,7/26/23,8.0,7/27/23,20230727_G3_07515.jpg,1,/mnt/research-projects/j/jlgage/RawUAVData01/uavforslb/final_image/final_sliced/20230727_G3_07515.jpg
7271,G3,2023,7/19/23,7.5,7/20/23,20230720_G3_07271.jpg,1,/mnt/research-projects/j/jlgage/RawUAVData01/uavforslb/final_image/final_sliced/20230720_G3_07271.jpg
10819,I3B,2023,7/19/23,4.0,7/20/23,20230720_I3B_10819.jpg,1,/mnt/research-projects/j/jlgage/RawUAVData01/uavforslb/final_image/final_sliced/20230720_I3B_10819.jpg
7516,G3,2023,7/26/23,5.0,7/27/23,20230727_G3_07516.jpg,1,/mnt/research-projects/j/jlgage/RawUAVData01/uavforslb/final_image/final_sliced/20230727_G3_07516.jpg
10243,I3B,2023,7/25/23,4.0,7/27/23,20230727_I3B_10243.jpg,2,/mnt/research-projects/j/jlgage/RawUAVData01/uavforslb/final_image/final_sliced/20230727_I3B_10243.jpg
7213,G3,2023,7/19/23,8.0,7/20/23,20230720_G3_07213.jpg,1,/mnt/research-projects/j/jlgage/RawUAVData01/uavforslb/final_image/final_sliced/20230720_G3_07213.jpg
4084,C10,2025,7/7/25,5.0,7/7/25,20250707_C10_04084.jpg,0,/mnt/research-projects/j/jlgage/RawUAVData01/uavforslb/final_image/final_sliced/20250707_C10_04084.jpg
7445,G3,2023,7/26/23,8.0,7/27/23,20230727_G3_07445.jpg,1,/mnt/research-projects/j/jlgage/RawUAVData01/uavforslb/final_image/final_sliced/20230727_G3_07445.jpg
9800,I3B,2023,7/12/23,5.5,7/13/23,20230713_I3B_09800.jpg,1,/mnt/research-projects/j/jlgage/RawUAVData01/uavforslb/final_image/final_sliced/20230713_I3B_09800.jpg
10330,I3B,2023,7/25/23,3.0,7/27/23,20230727_I3B_10330.jpg,2,/mnt/research-projects/j/jlgage/RawUAVData01/uavforslb/final_image/final_sliced/20230727_I3B_10330.jpg
1065,C7B,2025,7/10/25,4.0,7/10/25,20250710_C7B_01065.jpg,0,/mnt/research-projects/j/jlgage/RawUAVData01/uavforslb/final_image/final_sliced/20250710_C7B_01065.jpg
3137,G3,2023,7/19/23,7.5,7/20/23,20230720_G3_03137.jpg,1,/mnt/research-projects/j/jlgage/RawUAVData01/uavforslb/final_image/final_sliced/20230720_G3_03137.jpg
3084,G3,2023,7/19/23,8.0,7/20/23,20230720_G3_03084.jpg,1,/mnt/research-projects/j/jlgage/RawUAVData01/uavforslb/final_image/final_sliced/20230720_G3_03084.jpg
5462,C10,2025,7/11/25,4.0,7/11/25,20250711_C10_05462.jpg,0,/mnt/research-projects/j/jlgage/RawUAVData01/uavforslb/final_image/final_sliced/20250711_C10_05462.jpg
5622,C10,2025,7/2/25,5.5,7/4/25,20250704_C10_05622.jpg,2,/mnt/research-projects/j/jlgage/RawUAVData01/uavforslb/final_image/final_sliced/20250704_C10_05622.jpg
3202,G3,2023,7/19/23,4.0,7/20/23,20230720_G3_03202.jpg,1,/mnt/research-projects/j/jlgage/RawUAVData01/uavforslb/final_image/final_sliced/20230720_G3_03202.jpg
370,C7B,2025,6/30/25,6.0,7/1/25,20250701_C7B_00370.jpg,1,/mnt/research-projects/j/jlgage/RawUAVData01/uavforslb/final_image/final_sliced/20250701_C7B_00370.jpg
10940,I3B,2023,7/19/23,5.5,7/20/23,20230720_I3B_10940.jpg,1,/mnt/research-projects/j/jlgage/RawUAVData01/uavforslb/final_image/final_sliced/20230720_I3B_10940.jpg
6777,C10,2025,7/3/25,7.5,7/4/25,20250704_C10_06777.jpg,1,/mnt/research-projects/j/jlgage/RawUAVData01/uavforslb/final_image/final_sliced/20250704_C10_06777.jpg
748,C7B,2025,7/18/25,2.0,7/18/25,20250718_C7B_00748.jpg,0,/mnt/research-projects/j/jlgage/RawUAVData01/uavforslb/final_image/final_sliced/20250718_C7B_00748.jpg
4811,C10,2025,7/11/25,5.5,7/11/25,20250711_C10_04811.jpg,0,/mnt/research-projects/j/jlgage/RawUAVData01/uavforslb/final_image/final_sliced/20250711_C10_04811.jpg
1919,C7B,2025,7/7/25,5.5,7/7/25,20250707_C7B_01919.jpg,0,/mnt/research-projects/j/jlgage/RawUAVData01/uavforslb/final_image/final_sliced/20250707_C7B_01919.jpg
10887,I3B,2023,7/19/23,7.0,7/20/23,20230720_I3B_10887.jpg,1,/mnt/research-projects/j/jlgage/RawUAVData01/uavforslb/final_image/final_sliced/20230720_I3B_10887.jpg
8097,G3,2023,7/26/23,6.0,7/27/23,20230727_G3_08097.jpg,1,/mnt/research-projects/j/jlgage/RawUAVData01/uavforslb/final_image/final_sliced/20230727_G3_08097.jpg
6706,C10,2025,7/14/25,6.0,7/14/25,20250714_C10_06706.jpg,0,/mnt/research-projects/j/jlgage/RawUAVData01/uavforslb/final_image/final_sliced/20250714_C10_06706.jpg
1359,C7B,2025,7/10/25,6.5,7/10/25,20250710_C7B_01359.jpg,0,/mnt/research-projects/j/jlgage/RawUAVData01/uavforslb/final_image/final_sliced/20250710_C7B_01359.jpg
6762,C10,2025,7/8/25,8.0,7/7/25,20250707_C10_06762.jpg,-1,/mnt/research-projects/j/jlgage/RawUAVData01/uavforslb/final_image/final_sliced/20250707_C10_06762.jpg
3165,G3,2023,7/19/23,6.0,7/20/23,20230720_G3_03165.jpg,1,/mnt/research-projects/j/jlgage/RawUAVData01/uavforslb/final_image/final_sliced/20230720_G3_03165.jpg
1893,C7B,2025,7/19/25,2.0,7/18/25,20250718_C7B_01893.jpg,-1,/mnt/research-projects/j/jlgage/RawUAVData01/uavforslb/final_image/final_sliced/20250718_C7B_01893.jpg
9673,I3B,2023,7/12/23,5.0,7/13/23,20230713_I3B_09673.jpg,1,/mnt/research-projects/j/jlgage/RawUAVData01/uavforslb/final_image/final_sliced/20230713_I3B_09673.jpg
9977,I3B,2023,7/12/23,6.0,7/13/23,20230713_I3B_09977.jpg,1,/mnt/research-projects/j/jlgage/RawUAVData01/uavforslb/final_image/final_sliced/20230713_I3B_09977.jpg
4336,C10,2025,7/7/25,7.5,7/7/25,20250707_C10_04336.jpg,0,/mnt/research-projects/j/jlgage/RawUAVData01/uavforslb/final_image/final_sliced/20250707_C10_04336.jpg
642,C7B,2025,7/10/25,5.5,7/10/25,20250710_C7B_00642.jpg,0,/mnt/research-projects/j/jlgage/RawUAVData01/uavforslb/final_image/final_sliced/20250710_C7B_00642.jpg
9599,I3B,2023,7/12/23,5.0,7/13/23,20230713_I3B_09599.jpg,1,/mnt/research-projects/j/jlgage/RawUAVData01/uavforslb/final_image/final_sliced/20230713_I3B_09599.jpg
1703,C7B,2025,7/7/25,7.0,7/7/25,20250707_C7B_01703.jpg,0,/mnt/research-projects/j/jlgage/RawUAVData01/uavforslb/final_image/final_sliced/20250707_C7B_01703.jpg
6853,C10,2025,6/30/25,7.5,6/28/25,20250628_C10_06853.jpg,-2,/mnt/research-projects/j/jlgage/RawUAVData01/uavforslb/final_image/final_sliced/20250628_C10_06853.jpg
1687,C7B,2025,7/19/25,4.0,7/18/25,20250718_C7B_01687.jpg,-1,/mnt/research-projects/j/jlgage/RawUAVData01/uavforslb/final_image/final_sliced/20250718_C7B_01687.jpg
1738,C7B,2025,7/1/25,8.0,7/1/25,20250701_C7B_01738.jpg,0,/mnt/research-projects/j/jlgage/RawUAVData01/uavforslb/final_image/final_sliced/20250701_C7B_01738.jpg
5887,C10,2025,7/19/25,3.5,7/18/25,20250718_C10_05887.jpg,-1,/mnt/research-projects/j/jlgage/RawUAVData01/uavforslb/final_image/final_sliced/20250718_C10_05887.jpg
4347,C10,2025,7/19/25,3.0,7/18/25,20250718_C10_04347.jpg,-1,/mnt/research-projects/j/jlgage/RawUAVData01/uavforslb/final_image/final_sliced/20250718_C10_04347.jpg
7353,G3,2023,7/26/23,6.5,7/27/23,20230727_G3_07353.jpg,1,/mnt/research-projects/j/jlgage/RawUAVData01/uavforslb/final_image/final_sliced/20230727_G3_07353.jpg
10993,I3B,2023,7/19/23,6.0,7/20/23,20230720_I3B_10993.jpg,1,/mnt/research-projects/j/jlgage/RawUAVData01/uavforslb/final_image/final_sliced/20230720_I3B_10993.jpg
4188,C10,2025,6/30/25,6.5,6/28/25,20250628_C10_04188.jpg,-2,/mnt/research-projects/j/jlgage/RawUAVData01/uavforslb/final_image/final_sliced/20250628_C10_04188.jpg
5247,C10,2025,7/11/25,5.0,7/11/25,20250711_C10_05247.jpg,0,/mnt/research-projects/j/jlgage/RawUAVData01/uavforslb/final_image/final_sliced/20250711_C10_05247.jpg
4138,C10,2025,6/30/25,6.5,6/28/25,20250628_C10_04138.jpg,-2,/mnt/research-projects/j/jlgage/RawUAVData01/uavforslb/final_image/final_sliced/20250628_C10_04138.jpg
5644,C10,2025,7/11/25,5.5,7/11/25,20250711_C10_05644.jpg,0,/mnt/research-projects/j/jlgage/RawUAVData01/uavforslb/final_image/final_sliced/20250711_C10_05644.jpg
6774,C10,2025,7/8/25,7.5,7/7/25,20250707_C10_06774.jpg,-1,/mnt/research-projects/j/jlgage/RawUAVData01/uavforslb/final_image/final_sliced/20250707_C10_06774.jpg
8104,G3,2023,7/26/23,5.5,7/27/23,20230727_G3_08104.jpg,1,/mnt/research-projects/j/jlgage/RawUAVData01/uavforslb/final_image/final_sliced/20230727_G3_08104.jpg
9813,I3B,2023,7/12/23,5.5,7/13/23,20230713_I3B_09813.jpg,1,/mnt/research-projects/j/jlgage/RawUAVData01/uavforslb/final_image/final_sliced/20230713_I3B_09813.jpg
4134,C10,2025,7/11/25,5.0,7/11/25,20250711_C10_04134.jpg,0,/mnt/research-projects/j/jlgage/RawUAVData01/uavforslb/final_image/final_sliced/20250711_C10_04134.jpg
7472,G3,2023,7/26/23,5.5,7/27/23,20230727_G3_07472.jpg,1,/mnt/research-projects/j/jlgage/RawUAVData01/uavforslb/final_image/final_sliced/20230727_G3_07472.jpg
11259,I3B,2023,7/19/23,5.0,7/20/23,20230720_I3B_11259.jpg,1,/mnt/research-projects/j/jlgage/RawUAVData01/uavforslb/final_image/final_sliced/20230720_I3B_11259.jpg
4097,C10,2025,6/30/25,7.0,6/28/25,20250628_C10_04097.jpg,-2,/mnt/research-projects/j/jlgage/RawUAVData01/uavforslb/final_image/final_sliced/20250628_C10_04097.jpg
2732,C7B,2025,7/18/25,8.0,7/18/25,20250718_C7B_02732.jpg,0,/mnt/research-projects/j/jlgage/RawUAVData01/uavforslb/final_image/final_sliced/20250718_C7B_02732.jpg
3183,G3,2023,7/19/23,5.0,7/20/23,20230720_G3_03183.jpg,1,/mnt/research-projects/j/jlgage/RawUAVData01/uavforslb/final_image/final_sliced/20230720_G3_03183.jpg
1360,C7B,2025,7/10/25,8.0,7/10/25,20250710_C7B_01360.jpg,0,/mnt/research-projects/j/jlgage/RawUAVData01/uavforslb/final_image/final_sliced/20250710_C7B_01360.jpg
4655,C10,2025,7/2/25,5.0,7/4/25,20250704_C10_04655.jpg,2,/mnt/research-projects/j/jlgage/RawUAVData01/uavforslb/final_image/final_sliced/20250704_C10_04655.jpg
5432,C10,2025,7/2/25,5.5,7/4/25,20250704_C10_05432.jpg,2,/mnt/research-projects/j/jlgage/RawUAVData01/uavforslb/final_image/final_sliced/20250704_C10_05432.jpg
10358,I3B,2023,7/25/23,6.0,7/27/23,20230727_I3B_10358.jpg,2,/mnt/research-projects/j/jlgage/RawUAVData01/uavforslb/final_image/final_sliced/20230727_I3B_10358.jpg
1713,C7B,2025,7/1/25,8.0,7/1/25,20250701_C7B_01713.jpg,0,/mnt/research-projects/j/jlgage/RawUAVData01/uavforslb/final_image/final_sliced/20250701_C7B_01713.jpg
9644,I3B,2023,7/12/23,5.0,7/13/23,20230713_I3B_09644.jpg,1,/mnt/research-projects/j/jlgage/RawUAVData01/uavforslb/final_image/final_sliced/20230713_I3B_09644.jpg
4670,C10,2025,7/20/25,1.5,7/21/25,20250721_C10_04670.jpg,1,/mnt/research-projects/j/jlgage/RawUAVData01/uavforslb/final_image/final_sliced/20250721_C10_04670.jpg
663,C7B,2025,7/10/25,6.5,7/10/25,20250710_C7B_00663.jpg,0,/mnt/research-projects/j/jlgage/RawUAVData01/uavforslb/final_image/final_sliced/20250710_C7B_00663.jpg
5243,C10,2025,7/11/25,4.5,7/11/25,20250711_C10_05243.jpg,0,/mnt/research-projects/j/jlgage/RawUAVData01/uavforslb/final_image/final_sliced/20250711_C10_05243.jpg
7212,G3,2023,7/26/23,5.0,7/27/23,20230727_G3_07212.jpg,1,/mnt/research-projects/j/jlgage/RawUAVData01/uavforslb/final_image/final_sliced/20230727_G3_07212.jpg
10418,I3B,2023,7/25/23,4.0,7/27/23,20230727_I3B_10418.jpg,2,/mnt/research-projects/j/jlgage/RawUAVData01/uavforslb/final_image/final_sliced/20230727_I3B_10418.jpg
8172,G3,2023,7/26/23,4.5,7/27/23,20230727_G3_08172.jpg,1,/mnt/research-projects/j/jlgage/RawUAVData01/uavforslb/final_image/final_sliced/20230727_G3_08172.jpg
248,C7B,2025,7/4/25,8.0,7/4/25,20250704_C7B_00248.jpg,0,/mnt/research-projects/j/jlgage/RawUAVData01/uavforslb/final_image/final_sliced/20250704_C7B_00248.jpg
11116,I3B,2023,7/12/23,7.0,7/13/23,20230713_I3B_11116.jpg,1,/mnt/research-projects/j/jlgage/RawUAVData01/uavforslb/final_image/final_sliced/20230713_I3B_11116.jpg
9909,I3B,2023,7/12/23,5.0,7/13/23,20230713_I3B_09909.jpg,1,/mnt/research-projects/j/jlgage/RawUAVData01/uavforslb/final_image/final_sliced/20230713_I3B_09909.jpg
1603,C7B,2025,7/10/25,6.5,7/10/25,20250710_C7B_01603.jpg,0,/mnt/research-projects/j/jlgage/RawUAVData01/uavforslb/final_image/final_sliced/20250710_C7B_01603.jpg
5106,C10,2025,7/11/25,6.0,7/11/25,20250711_C10_05106.jpg,0,/mnt/research-projects/j/jlgage/RawUAVData01/uavforslb/final_image/final_sliced/20250711_C10_05106.jpg
10899,I3B,2023,7/19/23,5.5,7/20/23,20230720_I3B_10899.jpg,1,/mnt/research-projects/j/jlgage/RawUAVData01/uavforslb/final_image/final_sliced/20230720_I3B_10899.jpg
8164,G3,2023,7/20/23,6.0,7/20/23,20230720_G3_08164.jpg,0,/mnt/research-projects/j/jlgage/RawUAVData01/uavforslb/final_image/final_sliced/20230720_G3_08164.jpg
115,C7B,2025,6/30/25,7.0,7/1/25,20250701_C7B_00115.jpg,1,/mnt/research-projects/j/jlgage/RawUAVData01/uavforslb/final_image/final_sliced/20250701_C7B_00115.jpg
11090,I3B,2023,7/12/23,7.5,7/13/23,20230713_I3B_11090.jpg,1,/mnt/research-projects/j/jlgage/RawUAVData01/uavforslb/final_image/final_sliced/20230713_I3B_11090.jpg
412,C7B,2025,6/30/25,5.5,7/1/25,20250701_C7B_00412.jpg,1,/mnt/research-projects/j/jlgage/RawUAVData01/uavforslb/final_image/final_sliced/20250701_C7B_00412.jpg
11027,I3B,2023,7/12/23,7.5,7/13/23,20230713_I3B_11027.jpg,1,/mnt/research-projects/j/jlgage/RawUAVData01/uavforslb/final_image/final_sliced/20230713_I3B_11027.jpg
2864,C7B,2025,7/18/25,6.0,7/18/25,20250718_C7B_02864.jpg,0,/mnt/research-projects/j/jlgage/RawUAVData01/uavforslb/final_image/final_sliced/20250718_C7B_02864.jpg
5126,C10,2025,7/11/25,5.0,7/11/25,20250711_C10_05126.jpg,0,/mnt/research-projects/j/jlgage/RawUAVData01/uavforslb/final_image/final_sliced/20250711_C10_05126.jpg
2747,C7B,2025,7/13/25,8.0,7/12/25,20250712_C7B_02747.jpg,-1,/mnt/research-projects/j/jlgage/RawUAVData01/uavforslb/final_image/final_sliced/20250712_C7B_02747.jpg
1793,C7B,2025,7/1/25,8.0,7/1/25,20250701_C7B_01793.jpg,0,/mnt/research-projects/j/jlgage/RawUAVData01/uavforslb/final_image/final_sliced/20250701_C7B_01793.jpg
9604,I3B,2023,7/12/23,7.0,7/13/23,20230713_I3B_09604.jpg,1,/mnt/research-projects/j/jlgage/RawUAVData01/uavforslb/final_image/final_sliced/20230713_I3B_09604.jpg
6648,C10,2025,7/3/25,7.5,7/4/25,20250704_C10_06648.jpg,1,/mnt/research-projects/j/jlgage/RawUAVData01/uavforslb/final_image/final_sliced/20250704_C10_06648.jpg
8075,G3,2023,7/26/23,6.0,7/27/23,20230727_G3_08075.jpg,1,/mnt/research-projects/j/jlgage/RawUAVData01/uavforslb/final_image/final_sliced/20230727_G3_08075.jpg
8003,G3,2023,7/19/23,7.5,7/20/23,20230720_G3_08003.jpg,1,/mnt/research-projects/j/jlgage/RawUAVData01/uavforslb/final_image/final_sliced/20230720_G3_08003.jpg
1266,C7B,2025,7/10/25,4.0,7/10/25,20250710_C7B_01266.jpg,0,/mnt/research-projects/j/jlgage/RawUAVData01/uavforslb/final_image/final_sliced/20250710_C7B_01266.jpg
3153,G3,2023,7/26/23,5.5,7/27/23,20230727_G3_03153.jpg,1,/mnt/research-projects/j/jlgage/RawUAVData01/uavforslb/final_image/final_sliced/20230727_G3_03153.jpg
6763,C10,2025,7/3/25,7.5,7/4/25,20250704_C10_06763.jpg,1,/mnt/research-projects/j/jlgage/RawUAVData01/uavforslb/final_image/final_sliced/20250704_C10_06763.jpg
7351,G3,2023,7/26/23,7.5,7/27/23,20230727_G3_07351.jpg,1,/mnt/research-projects/j/jlgage/RawUAVData01/uavforslb/final_image/final_sliced/20230727_G3_07351.jpg
6013,C10,2025,7/2/25,6.0,7/4/25,20250704_C10_06013.jpg,2,/mnt/research-projects/j/jlgage/RawUAVData01/uavforslb/final_image/final_sliced/20250704_C10_06013.jpg
9771,I3B,2023,7/12/23,6.0,7/13/23,20230713_I3B_09771.jpg,1,/mnt/research-projects/j/jlgage/RawUAVData01/uavforslb/final_image/final_sliced/20230713_I3B_09771.jpg
9883,I3B,2023,7/12/23,5.0,7/13/23,20230713_I3B_09883.jpg,1,/mnt/research-projects/j/jlgage/RawUAVData01/uavforslb/final_image/final_sliced/20230713_I3B_09883.jpg
4626,C10,2025,7/11/25,4.0,7/11/25,20250711_C10_04626.jpg,0,/mnt/research-projects/j/jlgage/RawUAVData01/uavforslb/final_image/final_sliced/20250711_C10_04626.jpg
8111,G3,2023,7/20/23,5.0,7/20/23,20230720_G3_08111.jpg,0,/mnt/research-projects/j/jlgage/RawUAVData01/uavforslb/final_image/final_sliced/20230720_G3_08111.jpg
10752,I3B,2023,7/19/23,6.5,7/20/23,20230720_I3B_10752.jpg,1,/mnt/research-projects/j/jlgage/RawUAVData01/uavforslb/final_image/final_sliced/20230720_I3B_10752.jpg
9904,I3B,2023,7/12/23,6.0,7/13/23,20230713_I3B_09904.jpg,1,/mnt/research-projects/j/jlgage/RawUAVData01/uavforslb/final_image/final_sliced/20230713_I3B_09904.jpg
1514,C7B,2025,7/10/25,5.5,7/10/25,20250710_C7B_01514.jpg,0,/mnt/research-projects/j/jlgage/RawUAVData01/uavforslb/final_image/final_sliced/20250710_C7B_01514.jpg
2691,C7B,2025,7/18/25,6.0,7/18/25,20250718_C7B_02691.jpg,0,/mnt/research-projects/j/jlgage/RawUAVData01/uavforslb/final_image/final_sliced/20250718_C7B_02691.jpg
499,C7B,2025,7/18/25,3.0,7/18/25,20250718_C7B_00499.jpg,0,/mnt/research-projects/j/jlgage/RawUAVData01/uavforslb/final_image/final_sliced/20250718_C7B_00499.jpg
8106,G3,2023,7/20/23,5.5,7/20/23,20230720_G3_08106.jpg,0,/mnt/research-projects/j/jlgage/RawUAVData01/uavforslb/final_image/final_sliced/20230720_G3_08106.jpg
2851,C7B,2025,6/30/25,8.0,7/1/25,20250701_C7B_02851.jpg,1,/mnt/research-projects/j/jlgage/RawUAVData01/uavforslb/final_image/final_sliced/20250701_C7B_02851.jpg
7333,G3,2023,7/20/23,7.5,7/20/23,20230720_G3_07333.jpg,0,/mnt/research-projects/j/jlgage/RawUAVData01/uavforslb/final_image/final_sliced/20230720_G3_07333.jpg
3168,G3,2023,7/26/23,6.0,7/27/23,20230727_G3_03168.jpg,1,/mnt/research-projects/j/jlgage/RawUAVData01/uavforslb/final_image/final_sliced/20230727_G3_03168.jpg
3118,G3,2023,7/19/23,8.0,7/20/23,20230720_G3_03118.jpg,1,/mnt/research-projects/j/jlgage/RawUAVData01/uavforslb/final_image/final_sliced/20230720_G3_03118.jpg
1895,C7B,2025,7/7/25,5.0,7/7/25,20250707_C7B_01895.jpg,0,/mnt/research-projects/j/jlgage/RawUAVData01/uavforslb/final_image/final_sliced/20250707_C7B_01895.jpg
2717,C7B,2025,7/18/25,7.5,7/18/25,20250718_C7B_02717.jpg,0,/mnt/research-projects/j/jlgage/RawUAVData01/uavforslb/final_image/final_sliced/20250718_C7B_02717.jpg
8153,G3,2023,7/20/23,8.0,7/20/23,20230720_G3_08153.jpg,0,/mnt/research-projects/j/jlgage/RawUAVData01/uavforslb/final_image/final_sliced/20230720_G3_08153.jpg
9990,I3B,2023,7/12/23,6.5,7/13/23,20230713_I3B_09990.jpg,1,/mnt/research-projects/j/jlgage/RawUAVData01/uavforslb/final_image/final_sliced/20230713_I3B_09990.jpg
5571,C10,2025,7/20/25,5.0,7/21/25,20250721_C10_05571.jpg,1,/mnt/research-projects/j/jlgage/RawUAVData01/uavforslb/final_image/final_sliced/20250721_C10_05571.jpg
5598,C10,2025,7/2/25,7.5,7/4/25,20250704_C10_05598.jpg,2,/mnt/research-projects/j/jlgage/RawUAVData01/uavforslb/final_image/final_sliced/20250704_C10_05598.jpg
10299,I3B,2023,7/25/23,3.0,7/27/23,20230727_I3B_10299.jpg,2,/mnt/research-projects/j/jlgage/RawUAVData01/uavforslb/final_image/final_sliced/20230727_I3B_10299.jpg
4653,C10,2025,7/20/25,2.0,7/21/25,20250721_C10_04653.jpg,1,/mnt/research-projects/j/jlgage/RawUAVData01/uavforslb/final_image/final_sliced/20250721_C10_04653.jpg
1819,C7B,2025,7/19/25,3.0,7/18/25,20250718_C7B_01819.jpg,-1,/mnt/research-projects/j/jlgage/RawUAVData01/uavforslb/final_image/final_sliced/20250718_C7B_01819.jpg
4926,C10,2025,7/11/25,5.5,7/11/25,20250711_C10_04926.jpg,0,/mnt/research-projects/j/jlgage/RawUAVData01/uavforslb/final_image/final_sliced/20250711_C10_04926.jpg
5822,C10,2025,7/19/25,1.5,7/18/25,20250718_C10_05822.jpg,-1,/mnt/research-projects/j/jlgage/RawUAVData01/uavforslb/final_image/final_sliced/20250718_C10_05822.jpg
10939,I3B,2023,7/19/23,5.0,7/20/23,20230720_I3B_10939.jpg,1,/mnt/research-projects/j/jlgage/RawUAVData01/uavforslb/final_image/final_sliced/20230720_I3B_10939.jpg
4809,C10,2025,7/20/25,2.0,7/21/25,20250721_C10_04809.jpg,1,/mnt/research-projects/j/jlgage/RawUAVData01/uavforslb/final_image/final_sliced/20250721_C10_04809.jpg
399,C7B,2025,7/18/25,2.0,7/18/25,20250718_C7B_00399.jpg,0,/mnt/research-projects/j/jlgage/RawUAVData01/uavforslb/final_image/final_sliced/20250718_C7B_00399.jpg
4017,C10,2025,7/19/25,8.0,7/18/25,20250718_C10_04017.jpg,-1,/mnt/research-projects/j/jlgage/RawUAVData01/uavforslb/final_image/final_sliced/20250718_C10_04017.jpg
7205,G3,2023,7/26/23,5.5,7/27/23,20230727_G3_07205.jpg,1,/mnt/research-projects/j/jlgage/RawUAVData01/uavforslb/final_image/final_sliced/20230727_G3_07205.jpg
7373,G3,2023,7/26/23,4.0,7/27/23,20230727_G3_07373.jpg,1,/mnt/research-projects/j/jlgage/RawUAVData01/uavforslb/final_image/final_sliced/20230727_G3_07373.jpg
4976,C10,2025,7/2/25,6.5,7/4/25,20250704_C10_04976.jpg,2,/mnt/research-projects/j/jlgage/RawUAVData01/uavforslb/final_image/final_sliced/20250704_C10_04976.jpg
7375,G3,2023,7/26/23,5.0,7/27/23,20230727_G3_07375.jpg,1,/mnt/research-projects/j/jlgage/RawUAVData01/uavforslb/final_image/final_sliced/20230727_G3_07375.jpg
8017,G3,2023,7/26/23,4.0,7/27/23,20230727_G3_08017.jpg,1,/mnt/research-projects/j/jlgage/RawUAVData01/uavforslb/final_image/final_sliced/20230727_G3_08017.jpg
10975,I3B,2023,7/19/23,5.5,7/20/23,20230720_I3B_10975.jpg,1,/mnt/research-projects/j/jlgage/RawUAVData01/uavforslb/final_image/final_sliced/20230720_I3B_10975.jpg
10970,I3B,2023,7/19/23,6.0,7/20/23,20230720_I3B_10970.jpg,1,/mnt/research-projects/j/jlgage/RawUAVData01/uavforslb/final_image/final_sliced/20230720_I3B_10970.jpg
11203,I3B,2023,7/19/23,5.5,7/20/23,20230720_I3B_11203.jpg,1,/mnt/research-projects/j/jlgage/RawUAVData01/uavforslb/final_image/final_sliced/20230720_I3B_11203.jpg
692,C7B,2025,6/30/25,7.5,7/1/25,20250701_C7B_00692.jpg,1,/mnt/research-projects/j/jlgage/RawUAVData01/uavforslb/final_image/final_sliced/20250701_C7B_00692.jpg
7510,G3,2023,7/20/23,7.5,7/20/23,20230720_G3_07510.jpg,0,/mnt/research-projects/j/jlgage/RawUAVData01/uavforslb/final_image/final_sliced/20230720_G3_07510.jpg
6689,C10,2025,7/8/25,7.5,7/7/25,20250707_C10_06689.jpg,-1,/mnt/research-projects/j/jlgage/RawUAVData01/uavforslb/final_image/final_sliced/20250707_C10_06689.jpg
9823,I3B,2023,7/12/23,6.0,7/13/23,20230713_I3B_09823.jpg,1,/mnt/research-projects/j/jlgage/RawUAVData01/uavforslb/final_image/final_sliced/20230713_I3B_09823.jpg
1350,C7B,2025,7/10/25,5.0,7/10/25,20250710_C7B_01350.jpg,0,/mnt/research-projects/j/jlgage/RawUAVData01/uavforslb/final_image/final_sliced/20250710_C7B_01350.jpg
4849,C10,2025,7/11/25,4.5,7/11/25,20250711_C10_04849.jpg,0,/mnt/research-projects/j/jlgage/RawUAVData01/uavforslb/final_image/final_sliced/20250711_C10_04849.jpg
1475,C7B,2025,7/18/25,5.0,7/18/25,20250718_C7B_01475.jpg,0,/mnt/research-projects/j/jlgage/RawUAVData01/uavforslb/final_image/final_sliced/20250718_C7B_01475.jpg
6658,C10,2025,7/14/25,3.0,7/14/25,20250714_C10_06658.jpg,0,/mnt/research-projects/j/jlgage/RawUAVData01/uavforslb/final_image/final_sliced/20250714_C10_06658.jpg
2873,C7B,2025,6/30/25,7.5,7/1/25,20250701_C7B_02873.jpg,1,/mnt/research-projects/j/jlgage/RawUAVData01/uavforslb/final_image/final_sliced/20250701_C7B_02873.jpg
9971,I3B,2023,7/12/23,5.5,7/13/23,20230713_I3B_09971.jpg,1,/mnt/research-projects/j/jlgage/RawUAVData01/uavforslb/final_image/final_sliced/20230713_I3B_09971.jpg
1348,C7B,2025,7/10/25,3.0,7/10/25,20250710_C7B_01348.jpg,0,/mnt/research-projects/j/jlgage/RawUAVData01/uavforslb/final_image/final_sliced/20250710_C7B_01348.jpg
5485,C10,2025,7/20/25,2.0,7/21/25,20250721_C10_05485.jpg,1,/mnt/research-projects/j/jlgage/RawUAVData01/uavforslb/final_image/final_sliced/20250721_C10_05485.jpg
8061,G3,2023,7/26/23,3.0,7/27/23,20230727_G3_08061.jpg,1,/mnt/research-projects/j/jlgage/RawUAVData01/uavforslb/final_image/final_sliced/20230727_G3_08061.jpg
6666,C10,2025,7/8/25,7.5,7/7/25,20250707_C10_06666.jpg,-1,/mnt/research-projects/j/jlgage/RawUAVData01/uavforslb/final_image/final_sliced/20250707_C10_06666.jpg
8162,G3,2023,7/20/23,6.0,7/20/23,20230720_G3_08162.jpg,0,/mnt/research-projects/j/jlgage/RawUAVData01/uavforslb/final_image/final_sliced/20230720_G3_08162.jpg
10406,I3B,2023,7/25/23,6.0,7/27/23,20230727_I3B_10406.jpg,2,/mnt/research-projects/j/jlgage/RawUAVData01/uavforslb/final_image/final_sliced/20230727_I3B_10406.jpg
11310,I3B,2023,7/19/23,7.5,7/20/23,20230720_I3B_11310.jpg,1,/mnt/research-projects/j/jlgage/RawUAVData01/uavforslb/final_image/final_sliced/20230720_I3B_11310.jpg
11224,I3B,2023,7/19/23,6.0,7/20/23,20230720_I3B_11224.jpg,1,/mnt/research-projects/j/jlgage/RawUAVData01/uavforslb/final_image/final_sliced/20230720_I3B_11224.jpg
9663,I3B,2023,7/12/23,4.5,7/13/23,20230713_I3B_09663.jpg,1,/mnt/research-projects/j/jlgage/RawUAVData01/uavforslb/final_image/final_sliced/20230713_I3B_09663.jpg
1964,C7B,2025,7/10/25,5.0,7/10/25,20250710_C7B_01964.jpg,0,/mnt/research-projects/j/jlgage/RawUAVData01/uavforslb/final_image/final_sliced/20250710_C7B_01964.jpg
1347,C7B,2025,7/10/25,5.0,7/10/25,20250710_C7B_01347.jpg,0,/mnt/research-projects/j/jlgage/RawUAVData01/uavforslb/final_image/final_sliced/20250710_C7B_01347.jpg
4567,C10,2025,7/2/25,7.0,7/4/25,20250704_C10_04567.jpg,2,/mnt/research-projects/j/jlgage/RawUAVData01/uavforslb/final_image/final_sliced/20250704_C10_04567.jpg
11101,I3B,2023,7/12/23,6.5,7/13/23,20230713_I3B_11101.jpg,1,/mnt/research-projects/j/jlgage/RawUAVData01/uavforslb/final_image/final_sliced/20230713_I3B_11101.jpg
7447,G3,2023,7/20/23,5.0,7/20/23,20230720_G3_07447.jpg,0,/mnt/research-projects/j/jlgage/RawUAVData01/uavforslb/final_image/final_sliced/20230720_G3_07447.jpg
4564,C10,2025,7/20/25,3.5,7/21/25,20250721_C10_04564.jpg,1,/mnt/research-projects/j/jlgage/RawUAVData01/uavforslb/final_image/final_sliced/20250721_C10_04564.jpg
4342,C10,2025,6/30/25,7.5,6/28/25,20250628_C10_04342.jpg,-2,/mnt/research-projects/j/jlgage/RawUAVData01/uavforslb/final_image/final_sliced/20250628_C10_04342.jpg
2025,C7B,2025,7/7/25,4.0,7/7/25,20250707_C7B_02025.jpg,0,/mnt/research-projects/j/jlgage/RawUAVData01/uavforslb/final_image/final_sliced/20250707_C7B_02025.jpg
3003,G3,2023,7/19/23,8.0,7/20/23,20230720_G3_03003.jpg,1,/mnt/research-projects/j/jlgage/RawUAVData01/uavforslb/final_image/final_sliced/20230720_G3_03003.jpg
1025,C7B,2025,7/10/25,5.5,7/10/25,20250710_C7B_01025.jpg,0,/mnt/research-projects/j/jlgage/RawUAVData01/uavforslb/final_image/final_sliced/20250710_C7B_01025.jpg
8129,G3,2023,7/26/23,7.5,7/27/23,20230727_G3_08129.jpg,1,/mnt/research-projects/j/jlgage/RawUAVData01/uavforslb/final_image/final_sliced/20230727_G3_08129.jpg
10377,I3B,2023,7/25/23,4.0,7/27/23,20230727_I3B_10377.jpg,2,/mnt/research-projects/j/jlgage/RawUAVData01/uavforslb/final_image/final_sliced/20230727_I3B_10377.jpg
1669,C7B,2025,7/1/25,7.5,7/1/25,20250701_C7B_01669.jpg,0,/mnt/research-projects/j/jlgage/RawUAVData01/uavforslb/final_image/final_sliced/20250701_C7B_01669.jpg
10878,I3B,2023,7/19/23,6.0,7/20/23,20230720_I3B_10878.jpg,1,/mnt/research-projects/j/jlgage/RawUAVData01/uavforslb/final_image/final_sliced/20230720_I3B_10878.jpg
5880,C10,2025,7/8/25,5.0,7/7/25,20250707_C10_05880.jpg,-1,/mnt/research-projects/j/jlgage/RawUAVData01/uavforslb/final_image/final_sliced/20250707_C10_05880.jpg
5366,C10,2025,7/2/25,7.0,7/4/25,20250704_C10_05366.jpg,2,/mnt/research-projects/j/jlgage/RawUAVData01/uavforslb/final_image/final_sliced/20250704_C10_05366.jpg
7387,G3,2023,7/20/23,6.5,7/20/23,20230720_G3_07387.jpg,0,/mnt/research-projects/j/jlgage/RawUAVData01/uavforslb/final_image/final_sliced/20230720_G3_07387.jpg
8119,G3,2023,7/26/23,7.0,7/27/23,20230727_G3_08119.jpg,1,/mnt/research-projects/j/jlgage/RawUAVData01/uavforslb/final_image/final_sliced/20230727_G3_08119.jpg
7340,G3,2023,7/26/23,5.0,7/27/23,20230727_G3_07340.jpg,1,/mnt/research-projects/j/jlgage/RawUAVData01/uavforslb/final_image/final_sliced/20230727_G3_07340.jpg
4440,C10,2025,7/19/25,2.5,7/18/25,20250718_C10_04440.jpg,-1,/mnt/research-projects/j/jlgage/RawUAVData01/uavforslb/final_image/final_sliced/20250718_C10_04440.jpg
11292,I3B,2023,7/19/23,6.0,7/20/23,20230720_I3B_11292.jpg,1,/mnt/research-projects/j/jlgage/RawUAVData01/uavforslb/final_image/final_sliced/20230720_I3B_11292.jpg
7223,G3,2023,7/26/23,5.0,7/27/23,20230727_G3_07223.jpg,1,/mnt/research-projects/j/jlgage/RawUAVData01/uavforslb/final_image/final_sliced/20230727_G3_07223.jpg
10252,I3B,2023,7/25/23,6.0,7/27/23,20230727_I3B_10252.jpg,2,/mnt/research-projects/j/jlgage/RawUAVData01/uavforslb/final_image/final_sliced/20230727_I3B_10252.jpg
6017,C10,2025,7/19/25,4.0,7/18/25,20250718_C10_06017.jpg,-1,/mnt/research-projects/j/jlgage/RawUAVData01/uavforslb/final_image/final_sliced/20250718_C10_06017.jpg
8069,G3,2023,7/26/23,8.5,7/27/23,20230727_G3_08069.jpg,1,/mnt/research-projects/j/jlgage/RawUAVData01/uavforslb/final_image/final_sliced/20230727_G3_08069.jpg
9638,I3B,2023,7/12/23,7.0,7/13/23,20230713_I3B_09638.jpg,1,/mnt/research-projects/j/jlgage/RawUAVData01/uavforslb/final_image/final_sliced/20230713_I3B_09638.jpg
6820,C10,2025,7/14/25,6.0,7/14/25,20250714_C10_06820.jpg,0,/mnt/research-projects/j/jlgage/RawUAVData01/uavforslb/final_image/final_sliced/20250714_C10_06820.jpg
9565,I3B,2023,7/12/23,6.5,7/13/23,20230713_I3B_09565.jpg,1,/mnt/research-projects/j/jlgage/RawUAVData01/uavforslb/final_image/final_sliced/20230713_I3B_09565.jpg
11226,I3B,2023,7/19/23,5.0,7/20/23,20230720_I3B_11226.jpg,1,/mnt/research-projects/j/jlgage/RawUAVData01/uavforslb/final_image/final_sliced/20230720_I3B_11226.jpg
269,C7B,2025,7/18/25,2.0,7/18/25,20250718_C7B_00269.jpg,0,/mnt/research-projects/j/jlgage/RawUAVData01/uavforslb/final_image/final_sliced/20250718_C7B_00269.jpg
3208,G3,2023,7/26/23,5.5,7/27/23,20230727_G3_03208.jpg,1,/mnt/research-projects/j/jlgage/RawUAVData01/uavforslb/final_image/final_sliced/20230727_G3_03208.jpg
4497,C10,2025,7/20/25,2.0,7/21/25,20250721_C10_04497.jpg,1,/mnt/research-projects/j/jlgage/RawUAVData01/uavforslb/final_image/final_sliced/20250721_C10_04497.jpg
7329,G3,2023,7/20/23,5.5,7/20/23,20230720_G3_07329.jpg,0,/mnt/research-projects/j/jlgage/RawUAVData01/uavforslb/final_image/final_sliced/20230720_G3_07329.jpg
6676,C10,2025,7/18/25,7.0,7/18/25,20250718_C10_06676.jpg,0,/mnt/research-projects/j/jlgage/RawUAVData01/uavforslb/final_image/final_sliced/20250718_C10_06676.jpg
1589,C7B,2025,7/1/25,7.5,7/1/25,20250701_C7B_01589.jpg,0,/mnt/research-projects/j/jlgage/RawUAVData01/uavforslb/final_image/final_sliced/20250701_C7B_01589.jpg
6760,C10,2025,7/8/25,8.0,7/7/25,20250707_C10_06760.jpg,-1,/mnt/research-projects/j/jlgage/RawUAVData01/uavforslb/final_image/final_sliced/20250707_C10_06760.jpg
3003,G3,2023,7/26/23,8.0,7/27/23,20230727_G3_03003.jpg,1,/mnt/research-projects/j/jlgage/RawUAVData01/uavforslb/final_image/final_sliced/20230727_G3_03003.jpg
4443,C10,2025,6/30/25,5.5,6/28/25,20250628_C10_04443.jpg,-2,/mnt/research-projects/j/jlgage/RawUAVData01/uavforslb/final_image/final_sliced/20250628_C10_04443.jpg
676,C7B,2025,7/10/25,5.5,7/10/25,20250710_C7B_00676.jpg,0,/mnt/research-projects/j/jlgage/RawUAVData01/uavforslb/final_image/final_sliced/20250710_C7B_00676.jpg
10743,I3B,2023,7/19/23,6.0,7/20/23,20230720_I3B_10743.jpg,1,/mnt/research-projects/j/jlgage/RawUAVData01/uavforslb/final_image/final_sliced/20230720_I3B_10743.jpg
2834,C7B,2025,6/30/25,8.0,7/1/25,20250701_C7B_02834.jpg,1,/mnt/research-projects/j/jlgage/RawUAVData01/uavforslb/final_image/final_sliced/20250701_C7B_02834.jpg
1408,C7B,2025,7/18/25,3.0,7/18/25,20250718_C7B_01408.jpg,0,/mnt/research-projects/j/jlgage/RawUAVData01/uavforslb/final_image/final_sliced/20250718_C7B_01408.jpg
5713,C10,2025,7/8/25,5.0,7/7/25,20250707_C10_05713.jpg,-1,/mnt/research-projects/j/jlgage/RawUAVData01/uavforslb/final_image/final_sliced/20250707_C10_05713.jpg
7237,G3,2023,7/26/23,3.0,7/27/23,20230727_G3_07237.jpg,1,/mnt/research-projects/j/jlgage/RawUAVData01/uavforslb/final_image/final_sliced/20230727_G3_07237.jpg
3063,G3,2023,7/19/23,8.0,7/20/23,20230720_G3_03063.jpg,1,/mnt/research-projects/j/jlgage/RawUAVData01/uavforslb/final_image/final_sliced/20230720_G3_03063.jpg
5393,C10,2025,7/20/25,2.5,7/21/25,20250721_C10_05393.jpg,1,/mnt/research-projects/j/jlgage/RawUAVData01/uavforslb/final_image/final_sliced/20250721_C10_05393.jpg
4893,C10,2025,7/2/25,5.0,7/4/25,20250704_C10_04893.jpg,2,/mnt/research-projects/j/jlgage/RawUAVData01/uavforslb/final_image/final_sliced/20250704_C10_04893.jpg
10396,I3B,2023,7/25/23,6.0,7/27/23,20230727_I3B_10396.jpg,2,/mnt/research-projects/j/jlgage/RawUAVData01/uavforslb/final_image/final_sliced/20230727_I3B_10396.jpg
7323,G3,2023,7/20/23,7.0,7/20/23,20230720_G3_07323.jpg,0,/mnt/research-projects/j/jlgage/RawUAVData01/uavforslb/final_image/final_sliced/20230720_G3_07323.jpg
11153,I3B,2023,7/12/23,7.0,7/13/23,20230713_I3B_11153.jpg,1,/mnt/research-projects/j/jlgage/RawUAVData01/uavforslb/final_image/final_sliced/20230713_I3B_11153.jpg
5063,C10,2025,7/2/25,4.0,7/4/25,20250704_C10_05063.jpg,2,/mnt/research-projects/j/jlgage/RawUAVData01/uavforslb/final_image/final_sliced/20250704_C10_05063.jpg
3004,G3,2023,7/26/23,7.5,7/27/23,20230727_G3_03004.jpg,1,/mnt/research-projects/j/jlgage/RawUAVData01/uavforslb/final_image/final_sliced/20230727_G3_03004.jpg
1022,C7B,2025,7/10/25,5.0,7/10/25,20250710_C7B_01022.jpg,0,/mnt/research-projects/j/jlgage/RawUAVData01/uavforslb/final_image/final_sliced/20250710_C7B_01022.jpg
1542,C7B,2025,7/18/25,3.0,7/18/25,20250718_C7B_01542.jpg,0,/mnt/research-projects/j/jlgage/RawUAVData01/uavforslb/final_image/final_sliced/20250718_C7B_01542.jpg
10780,I3B,2023,7/19/23,4.0,7/20/23,20230720_I3B_10780.jpg,1,/mnt/research-projects/j/jlgage/RawUAVData01/uavforslb/final_image/final_sliced/20230720_I3B_10780.jpg
8155,G3,2023,7/26/23,8.0,7/27/23,20230727_G3_08155.jpg,1,/mnt/research-projects/j/jlgage/RawUAVData01/uavforslb/final_image/final_sliced/20230727_G3_08155.jpg
11065,I3B,2023,7/12/23,7.5,7/13/23,20230713_I3B_11065.jpg,1,/mnt/research-projects/j/jlgage/RawUAVData01/uavforslb/final_image/final_sliced/20230713_I3B_11065.jpg
6047,C10,2025,7/19/25,4.0,7/18/25,20250718_C10_06047.jpg,-1,/mnt/research-projects/j/jlgage/RawUAVData01/uavforslb/final_image/final_sliced/20250718_C10_06047.jpg
4954,C10,2025,7/20/25,3.0,7/21/25,20250721_C10_04954.jpg,1,/mnt/research-projects/j/jlgage/RawUAVData01/uavforslb/final_image/final_sliced/20250721_C10_04954.jpg
4131,C10,2025,7/19/25,1.5,7/18/25,20250718_C10_04131.jpg,-1,/mnt/research-projects/j/jlgage/RawUAVData01/uavforslb/final_image/final_sliced/20250718_C10_04131.jpg
8064,G3,2023,7/26/23,5.0,7/27/23,20230727_G3_08064.jpg,1,/mnt/research-projects/j/jlgage/RawUAVData01/uavforslb/final_image/final_sliced/20230727_G3_08064.jpg
9775,I3B,2023,7/12/23,5.0,7/13/23,20230713_I3B_09775.jpg,1,/mnt/research-projects/j/jlgage/RawUAVData01/uavforslb/final_image/final_sliced/20230713_I3B_09775.jpg
1241,C7B,2025,7/1/25,4.0,7/1/25,20250701_C7B_01241.jpg,0,/mnt/research-projects/j/jlgage/RawUAVData01/uavforslb/final_image/final_sliced/20250701_C7B_01241.jpg
4463,C10,2025,7/1/25,6.0,6/28/25,20250628_C10_04463.jpg,-3,/mnt/research-projects/j/jlgage/RawUAVData01/uavforslb/final_image/final_sliced/20250628_C10_04463.jpg
597,C7B,2025,7/10/25,4.0,7/10/25,20250710_C7B_00597.jpg,0,/mnt/research-projects/j/jlgage/RawUAVData01/uavforslb/final_image/final_sliced/20250710_C7B_00597.jpg
7272,G3,2023,7/26/23,5.5,7/27/23,20230727_G3_07272.jpg,1,/mnt/research-projects/j/jlgage/RawUAVData01/uavforslb/final_image/final_sliced/20230727_G3_07272.jpg
7394,G3,2023,7/26/23,5.0,7/27/23,20230727_G3_07394.jpg,1,/mnt/research-projects/j/jlgage/RawUAVData01/uavforslb/final_image/final_sliced/20230727_G3_07394.jpg
5272,C10,2025,7/11/25,5.0,7/11/25,20250711_C10_05272.jpg,0,/mnt/research-projects/j/jlgage/RawUAVData01/uavforslb/final_image/final_sliced/20250711_C10_05272.jpg
11041,I3B,2023,7/12/23,7.0,7/13/23,20230713_I3B_11041.jpg,1,/mnt/research-projects/j/jlgage/RawUAVData01/uavforslb/final_image/final_sliced/20230713_I3B_11041.jpg
7259,G3,2023,7/19/23,5.0,7/20/23,20230720_G3_07259.jpg,1,/mnt/research-projects/j/jlgage/RawUAVData01/uavforslb/final_image/final_sliced/20230720_G3_07259.jpg
10791,I3B,2023,7/19/23,4.0,7/20/23,20230720_I3B_10791.jpg,1,/mnt/research-projects/j/jlgage/RawUAVData01/uavforslb/final_image/final_sliced/20230720_I3B_10791.jpg
4672,C10,2025,7/2/25,7.0,7/4/25,20250704_C10_04672.jpg,2,/mnt/research-projects/j/jlgage/RawUAVData01/uavforslb/final_image/final_sliced/20250704_C10_04672.jpg
3010,G3,2023,7/26/23,1.5,7/27/23,20230727_G3_03010.jpg,1,/mnt/research-projects/j/jlgage/RawUAVData01/uavforslb/final_image/final_sliced/20230727_G3_03010.jpg
8075,G3,2023,7/20/23,7.0,7/20/23,20230720_G3_08075.jpg,0,/mnt/research-projects/j/jlgage/RawUAVData01/uavforslb/final_image/final_sliced/20230720_G3_08075.jpg
5792,C10,2025,7/11/25,5.0,7/11/25,20250711_C10_05792.jpg,0,/mnt/research-projects/j/jlgage/RawUAVData01/uavforslb/final_image/final_sliced/20250711_C10_05792.jpg
10015,I3B,2023,7/12/23,4.5,7/13/23,20230713_I3B_10015.jpg,1,/mnt/research-projects/j/jlgage/RawUAVData01/uavforslb/final_image/final_sliced/20230713_I3B_10015.jpg
5775,C10,2025,7/19/25,3.0,7/18/25,20250718_C10_05775.jpg,-1,/mnt/research-projects/j/jlgage/RawUAVData01/uavforslb/final_image/final_sliced/20250718_C10_05775.jpg
11214,I3B,2023,7/19/23,7.5,7/20/23,20230720_I3B_11214.jpg,1,/mnt/research-projects/j/jlgage/RawUAVData01/uavforslb/final_image/final_sliced/20230720_I3B_11214.jpg
7440,G3,2023,7/26/23,7.0,7/27/23,20230727_G3_07440.jpg,1,/mnt/research-projects/j/jlgage/RawUAVData01/uavforslb/final_image/final_sliced/20230727_G3_07440.jpg
2665,C7B,2025,6/30/25,7.5,7/1/25,20250701_C7B_02665.jpg,1,/mnt/research-projects/j/jlgage/RawUAVData01/uavforslb/final_image/final_sliced/20250701_C7B_02665.jpg
6686,C10,2025,7/3/25,8.0,7/4/25,20250704_C10_06686.jpg,1,/mnt/research-projects/j/jlgage/RawUAVData01/uavforslb/final_image/final_sliced/20250704_C10_06686.jpg
4359,C10,2025,7/7/25,5.0,7/7/25,20250707_C10_04359.jpg,0,/mnt/research-projects/j/jlgage/RawUAVData01/uavforslb/final_image/final_sliced/20250707_C10_04359.jpg
8049,G3,2023,7/19/23,4.0,7/20/23,20230720_G3_08049.jpg,1,/mnt/research-projects/j/jlgage/RawUAVData01/uavforslb/final_image/final_sliced/20230720_G3_08049.jpg
5015,C10,2025,7/2/25,7.5,7/4/25,20250704_C10_05015.jpg,2,/mnt/research-projects/j/jlgage/RawUAVData01/uavforslb/final_image/final_sliced/20250704_C10_05015.jpg
4126,C10,2025,7/19/25,1.5,7/18/25,20250718_C10_04126.jpg,-1,/mnt/research-projects/j/jlgage/RawUAVData01/uavforslb/final_image/final_sliced/20250718_C10_04126.jpg
755,C7B,2025,6/30/25,7.5,7/1/25,20250701_C7B_00755.jpg,1,/mnt/research-projects/j/jlgage/RawUAVData01/uavforslb/final_image/final_sliced/20250701_C7B_00755.jpg
11017,I3B,2023,7/19/23,6.0,7/20/23,20230720_I3B_11017.jpg,1,/mnt/research-projects/j/jlgage/RawUAVData01/uavforslb/final_image/final_sliced/20230720_I3B_11017.jpg
1464,C7B,2025,7/10/25,3.0,7/10/25,20250710_C7B_01464.jpg,0,/mnt/research-projects/j/jlgage/RawUAVData01/uavforslb/final_image/final_sliced/20250710_C7B_01464.jpg
8145,G3,2023,7/26/23,5.5,7/27/23,20230727_G3_08145.jpg,1,/mnt/research-projects/j/jlgage/RawUAVData01/uavforslb/final_image/final_sliced/20230727_G3_08145.jpg
3206,G3,2023,7/19/23,8.0,7/20/23,20230720_G3_03206.jpg,1,/mnt/research-projects/j/jlgage/RawUAVData01/uavforslb/final_image/final_sliced/20230720_G3_03206.jpg
3032,G3,2023,7/26/23,7.5,7/27/23,20230727_G3_03032.jpg,1,/mnt/research-projects/j/jlgage/RawUAVData01/uavforslb/final_image/final_sliced/20230727_G3_03032.jpg
7322,G3,2023,7/20/23,8.0,7/20/23,20230720_G3_07322.jpg,0,/mnt/research-projects/j/jlgage/RawUAVData01/uavforslb/final_image/final_sliced/20230720_G3_07322.jpg
1942,C7B,2025,7/7/25,7.5,7/7/25,20250707_C7B_01942.jpg,0,/mnt/research-projects/j/jlgage/RawUAVData01/uavforslb/final_image/final_sliced/20250707_C7B_01942.jpg
6652,C10,2025,6/30/25,8.0,6/28/25,20250628_C10_06652.jpg,-2,/mnt/research-projects/j/jlgage/RawUAVData01/uavforslb/final_image/final_sliced/20250628_C10_06652.jpg
10413,I3B,2023,7/25/23,6.0,7/27/23,20230727_I3B_10413.jpg,2,/mnt/research-projects/j/jlgage/RawUAVData01/uavforslb/final_image/final_sliced/20230727_I3B_10413.jpg
4364,C10,2025,7/19/25,2.0,7/18/25,20250718_C10_04364.jpg,-1,/mnt/research-projects/j/jlgage/RawUAVData01/uavforslb/final_image/final_sliced/20250718_C10_04364.jpg
9991,I3B,2023,7/12/23,5.5,7/13/23,20230713_I3B_09991.jpg,1,/mnt/research-projects/j/jlgage/RawUAVData01/uavforslb/final_image/final_sliced/20230713_I3B_09991.jpg
4689,C10,2025,7/20/25,3.0,7/21/25,20250721_C10_04689.jpg,1,/mnt/research-projects/j/jlgage/RawUAVData01/uavforslb/final_image/final_sliced/20250721_C10_04689.jpg
4604,C10,2025,7/20/25,3.0,7/21/25,20250721_C10_04604.jpg,1,/mnt/research-projects/j/jlgage/RawUAVData01/uavforslb/final_image/final_sliced/20250721_C10_04604.jpg
5847,C10,2025,7/19/25,6.5,7/18/25,20250718_C10_05847.jpg,-1,/mnt/research-projects/j/jlgage/RawUAVData01/uavforslb/final_image/final_sliced/20250718_C10_05847.jpg
11093,I3B,2023,7/12/23,7.0,7/13/23,20230713_I3B_11093.jpg,1,/mnt/research-projects/j/jlgage/RawUAVData01/uavforslb/final_image/final_sliced/20230713_I3B_11093.jpg
5599,C10,2025,7/20/25,4.0,7/21/25,20250721_C10_05599.jpg,1,/mnt/research-projects/j/jlgage/RawUAVData01/uavforslb/final_image/final_sliced/20250721_C10_05599.jpg
8032,G3,2023,7/19/23,6.5,7/20/23,20230720_G3_08032.jpg,1,/mnt/research-projects/j/jlgage/RawUAVData01/uavforslb/final_image/final_sliced/20230720_G3_08032.jpg
4107,C10,2025,7/19/25,4.0,7/18/25,20250718_C10_04107.jpg,-1,/mnt/research-projects/j/jlgage/RawUAVData01/uavforslb/final_image/final_sliced/20250718_C10_04107.jpg
7478,G3,2023,7/26/23,4.5,7/27/23,20230727_G3_07478.jpg,1,/mnt/research-projects/j/jlgage/RawUAVData01/uavforslb/final_image/final_sliced/20230727_G3_07478.jpg
117,C7B,2025,7/18/25,4.0,7/18/25,20250718_C7B_00117.jpg,0,/mnt/research-projects/j/jlgage/RawUAVData01/uavforslb/final_image/final_sliced/20250718_C7B_00117.jpg
517,C7B,2025,7/10/25,6.5,7/10/25,20250710_C7B_00517.jpg,0,/mnt/research-projects/j/jlgage/RawUAVData01/uavforslb/final_image/final_sliced/20250710_C7B_00517.jpg
90,C7B,2025,7/10/25,5.5,7/10/25,20250710_C7B_00090.jpg,0,/mnt/research-projects/j/jlgage/RawUAVData01/uavforslb/final_image/final_sliced/20250710_C7B_00090.jpg
9968,I3B,2023,7/12/23,5.0,7/13/23,20230713_I3B_09968.jpg,1,/mnt/research-projects/j/jlgage/RawUAVData01/uavforslb/final_image/final_sliced/20230713_I3B_09968.jpg
6795,C10,2025,6/30/25,9.0,6/28/25,20250628_C10_06795.jpg,-2,/mnt/research-projects/j/jlgage/RawUAVData01/uavforslb/final_image/final_sliced/20250628_C10_06795.jpg
7286,G3,2023,7/26/23,7.5,7/27/23,20230727_G3_07286.jpg,1,/mnt/research-projects/j/jlgage/RawUAVData01/uavforslb/final_image/final_sliced/20230727_G3_07286.jpg
6809,C10,2025,7/14/25,4.0,7/14/25,20250714_C10_06809.jpg,0,/mnt/research-projects/j/jlgage/RawUAVData01/uavforslb/final_image/final_sliced/20250714_C10_06809.jpg
4712,C10,2025,7/11/25,6.0,7/11/25,20250711_C10_04712.jpg,0,/mnt/research-projects/j/jlgage/RawUAVData01/uavforslb/final_image/final_sliced/20250711_C10_04712.jpg
7413,G3,2023,7/26/23,8.0,7/27/23,20230727_G3_07413.jpg,1,/mnt/research-projects/j/jlgage/RawUAVData01/uavforslb/final_image/final_sliced/20230727_G3_07413.jpg
238,C7B,2025,7/18/25,4.0,7/18/25,20250718_C7B_00238.jpg,0,/mnt/research-projects/j/jlgage/RawUAVData01/uavforslb/final_image/final_sliced/20250718_C7B_00238.jpg
1320,C7B,2025,7/18/25,4.0,7/18/25,20250718_C7B_01320.jpg,0,/mnt/research-projects/j/jlgage/RawUAVData01/uavforslb/final_image/final_sliced/20250718_C7B_01320.jpg
9633,I3B,2023,7/12/23,6.5,7/13/23,20230713_I3B_09633.jpg,1,/mnt/research-projects/j/jlgage/RawUAVData01/uavforslb/final_image/final_sliced/20230713_I3B_09633.jpg
7530,G3,2023,7/26/23,8.0,7/27/23,20230727_G3_07530.jpg,1,/mnt/research-projects/j/jlgage/RawUAVData01/uavforslb/final_image/final_sliced/20230727_G3_07530.jpg
11099,I3B,2023,7/12/23,7.5,7/13/23,20230713_I3B_11099.jpg,1,/mnt/research-projects/j/jlgage/RawUAVData01/uavforslb/final_image/final_sliced/20230713_I3B_11099.jpg
11361,I3B,2023,7/19/23,7.0,7/20/23,20230720_I3B_11361.jpg,1,/mnt/research-projects/j/jlgage/RawUAVData01/uavforslb/final_image/final_sliced/20230720_I3B_11361.jpg
7462,G3,2023,7/26/23,4.0,7/27/23,20230727_G3_07462.jpg,1,/mnt/research-projects/j/jlgage/RawUAVData01/uavforslb/final_image/final_sliced/20230727_G3_07462.jpg
4315,C10,2025,7/19/25,2.0,7/18/25,20250718_C10_04315.jpg,-1,/mnt/research-projects/j/jlgage/RawUAVData01/uavforslb/final_image/final_sliced/20250718_C10_04315.jpg
4326,C10,2025,6/30/25,7.0,6/28/25,20250628_C10_04326.jpg,-2,/mnt/research-projects/j/jlgage/RawUAVData01/uavforslb/final_image/final_sliced/20250628_C10_04326.jpg
4946,C10,2025,7/11/25,5.5,7/11/25,20250711_C10_04946.jpg,0,/mnt/research-projects/j/jlgage/RawUAVData01/uavforslb/final_image/final_sliced/20250711_C10_04946.jpg
7283,G3,2023,7/20/23,7.5,7/20/23,20230720_G3_07283.jpg,0,/mnt/research-projects/j/jlgage/RawUAVData01/uavforslb/final_image/final_sliced/20230720_G3_07283.jpg
4669,C10,2025,7/2/25,6.0,7/4/25,20250704_C10_04669.jpg,2,/mnt/research-projects/j/jlgage/RawUAVData01/uavforslb/final_image/final_sliced/20250704_C10_04669.jpg
3016,G3,2023,7/26/23,7.5,7/27/23,20230727_G3_03016.jpg,1,/mnt/research-projects/j/jlgage/RawUAVData01/uavforslb/final_image/final_sliced/20230727_G3_03016.jpg
7467,G3,2023,7/20/23,7.0,7/20/23,20230720_G3_07467.jpg,0,/mnt/research-projects/j/jlgage/RawUAVData01/uavforslb/final_image/final_sliced/20230720_G3_07467.jpg
834,C7B,2025,7/18/25,2.0,7/18/25,20250718_C7B_00834.jpg,0,/mnt/research-projects/j/jlgage/RawUAVData01/uavforslb/final_image/final_sliced/20250718_C7B_00834.jpg
11158,I3B,2023,7/12/23,7.0,7/13/23,20230713_I3B_11158.jpg,1,/mnt/research-projects/j/jlgage/RawUAVData01/uavforslb/final_image/final_sliced/20230713_I3B_11158.jpg
5410,C10,2025,7/20/25,1.5,7/21/25,20250721_C10_05410.jpg,1,/mnt/research-projects/j/jlgage/RawUAVData01/uavforslb/final_image/final_sliced/20250721_C10_05410.jpg
5349,C10,2025,7/20/25,2.0,7/21/25,20250721_C10_05349.jpg,1,/mnt/research-projects/j/jlgage/RawUAVData01/uavforslb/final_image/final_sliced/20250721_C10_05349.jpg
9791,I3B,2023,7/12/23,5.0,7/13/23,20230713_I3B_09791.jpg,1,/mnt/research-projects/j/jlgage/RawUAVData01/uavforslb/final_image/final_sliced/20230713_I3B_09791.jpg
8122,G3,2023,7/26/23,8.0,7/27/23,20230727_G3_08122.jpg,1,/mnt/research-projects/j/jlgage/RawUAVData01/uavforslb/final_image/final_sliced/20230727_G3_08122.jpg
8025,G3,2023,7/19/23,7.5,7/20/23,20230720_G3_08025.jpg,1,/mnt/research-projects/j/jlgage/RawUAVData01/uavforslb/final_image/final_sliced/20230720_G3_08025.jpg
4917,C10,2025,7/11/25,4.0,7/11/25,20250711_C10_04917.jpg,0,/mnt/research-projects/j/jlgage/RawUAVData01/uavforslb/final_image/final_sliced/20250711_C10_04917.jpg
3129,G3,2023,7/19/23,6.0,7/20/23,20230720_G3_03129.jpg,1,/mnt/research-projects/j/jlgage/RawUAVData01/uavforslb/final_image/final_sliced/20230720_G3_03129.jpg
626,C7B,2025,7/18/25,4.5,7/18/25,20250718_C7B_00626.jpg,0,/mnt/research-projects/j/jlgage/RawUAVData01/uavforslb/final_image/final_sliced/20250718_C7B_00626.jpg
54,C7B,2025,7/11/25,5.5,7/10/25,20250710_C7B_00054.jpg,-1,/mnt/research-projects/j/jlgage/RawUAVData01/uavforslb/final_image/final_sliced/20250710_C7B_00054.jpg
231,C7B,2025,7/18/25,3.0,7/18/25,20250718_C7B_00231.jpg,0,/mnt/research-projects/j/jlgage/RawUAVData01/uavforslb/final_image/final_sliced/20250718_C7B_00231.jpg
10287,I3B,2023,7/25/23,3.0,7/27/23,20230727_I3B_10287.jpg,2,/mnt/research-projects/j/jlgage/RawUAVData01/uavforslb/final_image/final_sliced/20230727_I3B_10287.jpg
5495,C10,2025,7/11/25,4.0,7/11/25,20250711_C10_05495.jpg,0,/mnt/research-projects/j/jlgage/RawUAVData01/uavforslb/final_image/final_sliced/20250711_C10_05495.jpg
1522,C7B,2025,7/10/25,6.0,7/10/25,20250710_C7B_01522.jpg,0,/mnt/research-projects/j/jlgage/RawUAVData01/uavforslb/final_image/final_sliced/20250710_C7B_01522.jpg
5014,C10,2025,7/2/25,7.0,7/4/25,20250704_C10_05014.jpg,2,/mnt/research-projects/j/jlgage/RawUAVData01/uavforslb/final_image/final_sliced/20250704_C10_05014.jpg
6807,C10,2025,7/14/25,6.5,7/14/25,20250714_C10_06807.jpg,0,/mnt/research-projects/j/jlgage/RawUAVData01/uavforslb/final_image/final_sliced/20250714_C10_06807.jpg
11297,I3B,2023,7/19/23,5.5,7/20/23,20230720_I3B_11297.jpg,1,/mnt/research-projects/j/jlgage/RawUAVData01/uavforslb/final_image/final_sliced/20230720_I3B_11297.jpg
7300,G3,2023,7/26/23,4.0,7/27/23,20230727_G3_07300.jpg,1,/mnt/research-projects/j/jlgage/RawUAVData01/uavforslb/final_image/final_sliced/20230727_G3_07300.jpg
5455,C10,2025,7/11/25,4.0,7/11/25,20250711_C10_05455.jpg,0,/mnt/research-projects/j/jlgage/RawUAVData01/uavforslb/final_image/final_sliced/20250711_C10_05455.jpg
9635,I3B,2023,7/12/23,5.5,7/13/23,20230713_I3B_09635.jpg,1,/mnt/research-projects/j/jlgage/RawUAVData01/uavforslb/final_image/final_sliced/20230713_I3B_09635.jpg
7539,G3,2023,7/26/23,6.0,7/27/23,20230727_G3_07539.jpg,1,/mnt/research-projects/j/jlgage/RawUAVData01/uavforslb/final_image/final_sliced/20230727_G3_07539.jpg
7308,G3,2023,7/26/23,6.0,7/27/23,20230727_G3_07308.jpg,1,/mnt/research-projects/j/jlgage/RawUAVData01/uavforslb/final_image/final_sliced/20230727_G3_07308.jpg
11209,I3B,2023,7/19/23,6.5,7/20/23,20230720_I3B_11209.jpg,1,/mnt/research-projects/j/jlgage/RawUAVData01/uavforslb/final_image/final_sliced/20230720_I3B_11209.jpg
564,C7B,2025,7/10/25,7.0,7/10/25,20250710_C7B_00564.jpg,0,/mnt/research-projects/j/jlgage/RawUAVData01/uavforslb/final_image/final_sliced/20250710_C7B_00564.jpg
2688,C7B,2025,6/30/25,8.0,7/1/25,20250701_C7B_02688.jpg,1,/mnt/research-projects/j/jlgage/RawUAVData01/uavforslb/final_image/final_sliced/20250701_C7B_02688.jpg
9768,I3B,2023,7/12/23,6.0,7/13/23,20230713_I3B_09768.jpg,1,/mnt/research-projects/j/jlgage/RawUAVData01/uavforslb/final_image/final_sliced/20230713_I3B_09768.jpg
3135,G3,2023,7/26/23,7.0,7/27/23,20230727_G3_03135.jpg,1,/mnt/research-projects/j/jlgage/RawUAVData01/uavforslb/final_image/final_sliced/20230727_G3_03135.jpg
567,C7B,2025,6/30/25,7.0,7/1/25,20250701_C7B_00567.jpg,1,/mnt/research-projects/j/jlgage/RawUAVData01/uavforslb/final_image/final_sliced/20250701_C7B_00567.jpg
7330,G3,2023,7/20/23,7.5,7/20/23,20230720_G3_07330.jpg,0,/mnt/research-projects/j/jlgage/RawUAVData01/uavforslb/final_image/final_sliced/20230720_G3_07330.jpg
8004,G3,2023,7/26/23,6.0,7/27/23,20230727_G3_08004.jpg,1,/mnt/research-projects/j/jlgage/RawUAVData01/uavforslb/final_image/final_sliced/20230727_G3_08004.jpg
3110,G3,2023,7/26/23,7.0,7/27/23,20230727_G3_03110.jpg,1,/mnt/research-projects/j/jlgage/RawUAVData01/uavforslb/final_image/final_sliced/20230727_G3_03110.jpg
4519,C10,2025,7/11/25,3.5,7/11/25,20250711_C10_04519.jpg,0,/mnt/research-projects/j/jlgage/RawUAVData01/uavforslb/final_image/final_sliced/20250711_C10_04519.jpg
3191,G3,2023,7/26/23,4.5,7/27/23,20230727_G3_03191.jpg,1,/mnt/research-projects/j/jlgage/RawUAVData01/uavforslb/final_image/final_sliced/20230727_G3_03191.jpg
11201,I3B,2023,7/19/23,7.0,7/20/23,20230720_I3B_11201.jpg,1,/mnt/research-projects/j/jlgage/RawUAVData01/uavforslb/final_image/final_sliced/20230720_I3B_11201.jpg
3120,G3,2023,7/19/23,8.0,7/20/23,20230720_G3_03120.jpg,1,/mnt/research-projects/j/jlgage/RawUAVData01/uavforslb/final_image/final_sliced/20230720_G3_03120.jpg
1472,C7B,2025,7/1/25,6.5,7/1/25,20250701_C7B_01472.jpg,0,/mnt/research-projects/j/jlgage/RawUAVData01/uavforslb/final_image/final_sliced/20250701_C7B_01472.jpg
10983,I3B,2023,7/19/23,5.5,7/20/23,20230720_I3B_10983.jpg,1,/mnt/research-projects/j/jlgage/RawUAVData01/uavforslb/final_image/final_sliced/20230720_I3B_10983.jpg
11169,I3B,2023,7/12/23,7.5,7/13/23,20230713_I3B_11169.jpg,1,/mnt/research-projects/j/jlgage/RawUAVData01/uavforslb/final_image/final_sliced/20230713_I3B_11169.jpg
10303,I3B,2023,7/25/23,3.5,7/27/23,20230727_I3B_10303.jpg,2,/mnt/research-projects/j/jlgage/RawUAVData01/uavforslb/final_image/final_sliced/20230727_I3B_10303.jpg
8071,G3,2023,7/26/23,5.0,7/27/23,20230727_G3_08071.jpg,1,/mnt/research-projects/j/jlgage/RawUAVData01/uavforslb/final_image/final_sliced/20230727_G3_08071.jpg
1653,C7B,2025,7/18/25,2.5,7/18/25,20250718_C7B_01653.jpg,0,/mnt/research-projects/j/jlgage/RawUAVData01/uavforslb/final_image/final_sliced/20250718_C7B_01653.jpg
6844,C10,2025,7/8/25,8.0,7/7/25,20250707_C10_06844.jpg,-1,/mnt/research-projects/j/jlgage/RawUAVData01/uavforslb/final_image/final_sliced/20250707_C10_06844.jpg
10750,I3B,2023,7/19/23,5.0,7/20/23,20230720_I3B_10750.jpg,1,/mnt/research-projects/j/jlgage/RawUAVData01/uavforslb/final_image/final_sliced/20230720_I3B_10750.jpg
6637,C10,2025,7/3/25,7.5,7/4/25,20250704_C10_06637.jpg,1,/mnt/research-projects/j/jlgage/RawUAVData01/uavforslb/final_image/final_sliced/20250704_C10_06637.jpg
4611,C10,2025,7/20/25,3.0,7/21/25,20250721_C10_04611.jpg,1,/mnt/research-projects/j/jlgage/RawUAVData01/uavforslb/final_image/final_sliced/20250721_C10_04611.jpg
11213,I3B,2023,7/19/23,5.5,7/20/23,20230720_I3B_11213.jpg,1,/mnt/research-projects/j/jlgage/RawUAVData01/uavforslb/final_image/final_sliced/20230720_I3B_11213.jpg
6790,C10,2025,6/30/25,8.5,6/28/25,20250628_C10_06790.jpg,-2,/mnt/research-projects/j/jlgage/RawUAVData01/uavforslb/final_image/final_sliced/20250628_C10_06790.jpg
10321,I3B,2023,7/25/23,3.0,7/27/23,20230727_I3B_10321.jpg,2,/mnt/research-projects/j/jlgage/RawUAVData01/uavforslb/final_image/final_sliced/20230727_I3B_10321.jpg
5567,C10,2025,7/11/25,4.5,7/11/25,20250711_C10_05567.jpg,0,/mnt/research-projects/j/jlgage/RawUAVData01/uavforslb/final_image/final_sliced/20250711_C10_05567.jpg
195,C7B,2025,6/30/25,4.0,7/1/25,20250701_C7B_00195.jpg,1,/mnt/research-projects/j/jlgage/RawUAVData01/uavforslb/final_image/final_sliced/20250701_C7B_00195.jpg
8173,G3,2023,7/26/23,5.0,7/27/23,20230727_G3_08173.jpg,1,/mnt/research-projects/j/jlgage/RawUAVData01/uavforslb/final_image/final_sliced/20230727_G3_08173.jpg
4571,C10,2025,7/2/25,6.5,7/4/25,20250704_C10_04571.jpg,2,/mnt/research-projects/j/jlgage/RawUAVData01/uavforslb/final_image/final_sliced/20250704_C10_04571.jpg
5857,C10,2025,7/11/25,6.5,7/11/25,20250711_C10_05857.jpg,0,/mnt/research-projects/j/jlgage/RawUAVData01/uavforslb/final_image/final_sliced/20250711_C10_05857.jpg
3186,G3,2023,7/19/23,7.5,7/20/23,20230720_G3_03186.jpg,1,/mnt/research-projects/j/jlgage/RawUAVData01/uavforslb/final_image/final_sliced/20230720_G3_03186.jpg
7220,G3,2023,7/26/23,5.0,7/27/23,20230727_G3_07220.jpg,1,/mnt/research-projects/j/jlgage/RawUAVData01/uavforslb/final_image/final_sliced/20230727_G3_07220.jpg
1951,C7B,2025,7/7/25,6.0,7/7/25,20250707_C7B_01951.jpg,0,/mnt/research-projects/j/jlgage/RawUAVData01/uavforslb/final_image/final_sliced/20250707_C7B_01951.jpg
10361,I3B,2023,7/25/23,4.0,7/27/23,20230727_I3B_10361.jpg,2,/mnt/research-projects/j/jlgage/RawUAVData01/uavforslb/final_image/final_sliced/20230727_I3B_10361.jpg
6012,C10,2025,7/2/25,7.0,7/4/25,20250704_C10_06012.jpg,2,/mnt/research-projects/j/jlgage/RawUAVData01/uavforslb/final_image/final_sliced/20250704_C10_06012.jpg
10247,I3B,2023,7/25/23,3.0,7/27/23,20230727_I3B_10247.jpg,2,/mnt/research-projects/j/jlgage/RawUAVData01/uavforslb/final_image/final_sliced/20230727_I3B_10247.jpg
3039,G3,2023,7/19/23,8.0,7/20/23,20230720_G3_03039.jpg,1,/mnt/research-projects/j/jlgage/RawUAVData01/uavforslb/final_image/final_sliced/20230720_G3_03039.jpg
5122,C10,2025,7/2/25,5.0,7/4/25,20250704_C10_05122.jpg,2,/mnt/research-projects/j/jlgage/RawUAVData01/uavforslb/final_image/final_sliced/20250704_C10_05122.jpg
7242,G3,2023,7/26/23,4.5,7/27/23,20230727_G3_07242.jpg,1,/mnt/research-projects/j/jlgage/RawUAVData01/uavforslb/final_image/final_sliced/20230727_G3_07242.jpg
2049,C7B,2025,7/19/25,3.0,7/18/25,20250718_C7B_02049.jpg,-1,/mnt/research-projects/j/jlgage/RawUAVData01/uavforslb/final_image/final_sliced/20250718_C7B_02049.jpg
1863,C7B,2025,7/1/25,6.0,7/1/25,20250701_C7B_01863.jpg,0,/mnt/research-projects/j/jlgage/RawUAVData01/uavforslb/final_image/final_sliced/20250701_C7B_01863.jpg
9586,I3B,2023,7/12/23,7.0,7/13/23,20230713_I3B_09586.jpg,1,/mnt/research-projects/j/jlgage/RawUAVData01/uavforslb/final_image/final_sliced/20230713_I3B_09586.jpg
528,C7B,2025,7/18/25,5.0,7/18/25,20250718_C7B_00528.jpg,0,/mnt/research-projects/j/jlgage/RawUAVData01/uavforslb/final_image/final_sliced/20250718_C7B_00528.jpg
872,C7B,2025,7/18/25,2.0,7/18/25,20250718_C7B_00872.jpg,0,/mnt/research-projects/j/jlgage/RawUAVData01/uavforslb/final_image/final_sliced/20250718_C7B_00872.jpg
1728,C7B,2025,7/1/25,8.0,7/1/25,20250701_C7B_01728.jpg,0,/mnt/research-projects/j/jlgage/RawUAVData01/uavforslb/final_image/final_sliced/20250701_C7B_01728.jpg
4152,C10,2025,7/7/25,5.0,7/7/25,20250707_C10_04152.jpg,0,/mnt/research-projects/j/jlgage/RawUAVData01/uavforslb/final_image/final_sliced/20250707_C10_04152.jpg
5335,C10,2025,7/2/25,6.0,7/4/25,20250704_C10_05335.jpg,2,/mnt/research-projects/j/jlgage/RawUAVData01/uavforslb/final_image/final_sliced/20250704_C10_05335.jpg
5233,C10,2025,7/20/25,5.0,7/21/25,20250721_C10_05233.jpg,1,/mnt/research-projects/j/jlgage/RawUAVData01/uavforslb/final_image/final_sliced/20250721_C10_05233.jpg
7511,G3,2023,7/26/23,8.0,7/27/23,20230727_G3_07511.jpg,1,/mnt/research-projects/j/jlgage/RawUAVData01/uavforslb/final_image/final_sliced/20230727_G3_07511.jpg
7471,G3,2023,7/20/23,7.5,7/20/23,20230720_G3_07471.jpg,0,/mnt/research-projects/j/jlgage/RawUAVData01/uavforslb/final_image/final_sliced/20230720_G3_07471.jpg
5430,C10,2025,7/2/25,5.0,7/4/25,20250704_C10_05430.jpg,2,/mnt/research-projects/j/jlgage/RawUAVData01/uavforslb/final_image/final_sliced/20250704_C10_05430.jpg
4718,C10,2025,7/20/25,2.0,7/21/25,20250721_C10_04718.jpg,1,/mnt/research-projects/j/jlgage/RawUAVData01/uavforslb/final_image/final_sliced/20250721_C10_04718.jpg
7439,G3,2023,7/20/23,7.5,7/20/23,20230720_G3_07439.jpg,0,/mnt/research-projects/j/jlgage/RawUAVData01/uavforslb/final_image/final_sliced/20230720_G3_07439.jpg
10004,I3B,2023,7/12/23,4.0,7/13/23,20230713_I3B_10004.jpg,1,/mnt/research-projects/j/jlgage/RawUAVData01/uavforslb/final_image/final_sliced/20230713_I3B_10004.jpg
2867,C7B,2025,7/8/25,8.5,7/7/25,20250707_C7B_02867.jpg,-1,/mnt/research-projects/j/jlgage/RawUAVData01/uavforslb/final_image/final_sliced/20250707_C7B_02867.jpg
9981,I3B,2023,7/12/23,5.5,7/13/23,20230713_I3B_09981.jpg,1,/mnt/research-projects/j/jlgage/RawUAVData01/uavforslb/final_image/final_sliced/20230713_I3B_09981.jpg
9921,I3B,2023,7/12/23,6.0,7/13/23,20230713_I3B_09921.jpg,1,/mnt/research-projects/j/jlgage/RawUAVData01/uavforslb/final_image/final_sliced/20230713_I3B_09921.jpg
2682,C7B,2025,7/13/25,5.5,7/12/25,20250712_C7B_02682.jpg,-1,/mnt/research-projects/j/jlgage/RawUAVData01/uavforslb/final_image/final_sliced/20250712_C7B_02682.jpg
7396,G3,2023,7/20/23,7.0,7/20/23,20230720_G3_07396.jpg,0,/mnt/research-projects/j/jlgage/RawUAVData01/uavforslb/final_image/final_sliced/20230720_G3_07396.jpg
1212,C7B,2025,7/18/25,1.5,7/18/25,20250718_C7B_01212.jpg,0,/mnt/research-projects/j/jlgage/RawUAVData01/uavforslb/final_image/final_sliced/20250718_C7B_01212.jpg
4102,C10,2025,7/11/25,6.0,7/11/25,20250711_C10_04102.jpg,0,/mnt/research-projects/j/jlgage/RawUAVData01/uavforslb/final_image/final_sliced/20250711_C10_04102.jpg
7203,G3,2023,7/19/23,5.5,7/20/23,20230720_G3_07203.jpg,1,/mnt/research-projects/j/jlgage/RawUAVData01/uavforslb/final_image/final_sliced/20230720_G3_07203.jpg
6014,C10,2025,7/2/25,5.5,7/4/25,20250704_C10_06014.jpg,2,/mnt/research-projects/j/jlgage/RawUAVData01/uavforslb/final_image/final_sliced/20250704_C10_06014.jpg
4207,C10,2025,6/30/25,6.5,6/28/25,20250628_C10_04207.jpg,-2,/mnt/research-projects/j/jlgage/RawUAVData01/uavforslb/final_image/final_sliced/20250628_C10_04207.jpg
7390,G3,2023,7/20/23,7.0,7/20/23,20230720_G3_07390.jpg,0,/mnt/research-projects/j/jlgage/RawUAVData01/uavforslb/final_image/final_sliced/20230720_G3_07390.jpg
11351,I3B,2023,7/19/23,7.5,7/20/23,20230720_I3B_11351.jpg,1,/mnt/research-projects/j/jlgage/RawUAVData01/uavforslb/final_image/final_sliced/20230720_I3B_11351.jpg
10298,I3B,2023,7/25/23,3.0,7/27/23,20230727_I3B_10298.jpg,2,/mnt/research-projects/j/jlgage/RawUAVData01/uavforslb/final_image/final_sliced/20230727_I3B_10298.jpg
8057,G3,2023,7/19/23,6.5,7/20/23,20230720_G3_08057.jpg,1,/mnt/research-projects/j/jlgage/RawUAVData01/uavforslb/final_image/final_sliced/20230720_G3_08057.jpg
9893,I3B,2023,7/12/23,5.5,7/13/23,20230713_I3B_09893.jpg,1,/mnt/research-projects/j/jlgage/RawUAVData01/uavforslb/final_image/final_sliced/20230713_I3B_09893.jpg
3167,G3,2023,7/26/23,4.0,7/27/23,20230727_G3_03167.jpg,1,/mnt/research-projects/j/jlgage/RawUAVData01/uavforslb/final_image/final_sliced/20230727_G3_03167.jpg
10871,I3B,2023,7/19/23,5.5,7/20/23,20230720_I3B_10871.jpg,1,/mnt/research-projects/j/jlgage/RawUAVData01/uavforslb/final_image/final_sliced/20230720_I3B_10871.jpg
4484,C10,2025,7/2/25,7.0,7/4/25,20250704_C10_04484.jpg,2,/mnt/research-projects/j/jlgage/RawUAVData01/uavforslb/final_image/final_sliced/20250704_C10_04484.jpg
4804,C10,2025,7/20/25,2.0,7/21/25,20250721_C10_04804.jpg,1,/mnt/research-projects/j/jlgage/RawUAVData01/uavforslb/final_image/final_sliced/20250721_C10_04804.jpg
4966,C10,2025,7/20/25,2.0,7/21/25,20250721_C10_04966.jpg,1,/mnt/research-projects/j/jlgage/RawUAVData01/uavforslb/final_image/final_sliced/20250721_C10_04966.jpg
386,C7B,2025,7/4/25,6.0,7/4/25,20250704_C7B_00386.jpg,0,/mnt/research-projects/j/jlgage/RawUAVData01/uavforslb/final_image/final_sliced/20250704_C7B_00386.jpg
887,C7B,2025,7/18/25,4.0,7/18/25,20250718_C7B_00887.jpg,0,/mnt/research-projects/j/jlgage/RawUAVData01/uavforslb/final_image/final_sliced/20250718_C7B_00887.jpg
280,C7B,2025,6/30/25,6.5,7/1/25,20250701_C7B_00280.jpg,1,/mnt/research-projects/j/jlgage/RawUAVData01/uavforslb/final_image/final_sliced/20250701_C7B_00280.jpg
9670,I3B,2023,7/12/23,4.0,7/13/23,20230713_I3B_09670.jpg,1,/mnt/research-projects/j/jlgage/RawUAVData01/uavforslb/final_image/final_sliced/20230713_I3B_09670.jpg
7438,G3,2023,7/20/23,7.0,7/20/23,20230720_G3_07438.jpg,0,/mnt/research-projects/j/jlgage/RawUAVData01/uavforslb/final_image/final_sliced/20230720_G3_07438.jpg
4068,C10,2025,7/19/25,6.0,7/18/25,20250718_C10_04068.jpg,-1,/mnt/research-projects/j/jlgage/RawUAVData01/uavforslb/final_image/final_sliced/20250718_C10_04068.jpg
595,C7B,2025,7/18/25,3.0,7/18/25,20250718_C7B_00595.jpg,0,/mnt/research-projects/j/jlgage/RawUAVData01/uavforslb/final_image/final_sliced/20250718_C7B_00595.jpg
4011,C10,2025,6/30/25,7.0,6/28/25,20250628_C10_04011.jpg,-2,/mnt/research-projects/j/jlgage/RawUAVData01/uavforslb/final_image/final_sliced/20250628_C10_04011.jpg
1783,C7B,2025,7/7/25,4.0,7/7/25,20250707_C7B_01783.jpg,0,/mnt/research-projects/j/jlgage/RawUAVData01/uavforslb/final_image/final_sliced/20250707_C7B_01783.jpg
3123,G3,2023,7/19/23,7.5,7/20/23,20230720_G3_03123.jpg,1,/mnt/research-projects/j/jlgage/RawUAVData01/uavforslb/final_image/final_sliced/20230720_G3_03123.jpg
173,C7B,2025,7/18/25,3.5,7/18/25,20250718_C7B_00173.jpg,0,/mnt/research-projects/j/jlgage/RawUAVData01/uavforslb/final_image/final_sliced/20250718_C7B_00173.jpg
10842,I3B,2023,7/19/23,6.0,7/20/23,20230720_I3B_10842.jpg,1,/mnt/research-projects/j/jlgage/RawUAVData01/uavforslb/final_image/final_sliced/20230720_I3B_10842.jpg
4260,C10,2025,7/7/25,3.0,7/7/25,20250707_C10_04260.jpg,0,/mnt/research-projects/j/jlgage/RawUAVData01/uavforslb/final_image/final_sliced/20250707_C10_04260.jpg
10789,I3B,2023,7/19/23,6.0,7/20/23,20230720_I3B_10789.jpg,1,/mnt/research-projects/j/jlgage/RawUAVData01/uavforslb/final_image/final_sliced/20230720_I3B_10789.jpg
8112,G3,2023,7/26/23,4.5,7/27/23,20230727_G3_08112.jpg,1,/mnt/research-projects/j/jlgage/RawUAVData01/uavforslb/final_image/final_sliced/20230727_G3_08112.jpg
394,C7B,2025,7/18/25,2.0,7/18/25,20250718_C7B_00394.jpg,0,/mnt/research-projects/j/jlgage/RawUAVData01/uavforslb/final_image/final_sliced/20250718_C7B_00394.jpg
9575,I3B,2023,7/12/23,7.0,7/13/23,20230713_I3B_09575.jpg,1,/mnt/research-projects/j/jlgage/RawUAVData01/uavforslb/final_image/final_sliced/20230713_I3B_09575.jpg
4399,C10,2025,7/19/25,2.0,7/18/25,20250718_C10_04399.jpg,-1,/mnt/research-projects/j/jlgage/RawUAVData01/uavforslb/final_image/final_sliced/20250718_C10_04399.jpg
9940,I3B,2023,7/12/23,5.5,7/13/23,20230713_I3B_09940.jpg,1,/mnt/research-projects/j/jlgage/RawUAVData01/uavforslb/final_image/final_sliced/20230713_I3B_09940.jpg
4171,C10,2025,7/19/25,3.0,7/18/25,20250718_C10_04171.jpg,-1,/mnt/research-projects/j/jlgage/RawUAVData01/uavforslb/final_image/final_sliced/20250718_C10_04171.jpg
7302,G3,2023,7/26/23,4.0,7/27/23,20230727_G3_07302.jpg,1,/mnt/research-projects/j/jlgage/RawUAVData01/uavforslb/final_image/final_sliced/20230727_G3_07302.jpg
7362,G3,2023,7/26/23,5.0,7/27/23,20230727_G3_07362.jpg,1,/mnt/research-projects/j/jlgage/RawUAVData01/uavforslb/final_image/final_sliced/20230727_G3_07362.jpg
7424,G3,2023,7/20/23,7.5,7/20/23,20230720_G3_07424.jpg,0,/mnt/research-projects/j/jlgage/RawUAVData01/uavforslb/final_image/final_sliced/20230720_G3_07424.jpg
1364,C7B,2025,7/1/25,6.0,7/1/25,20250701_C7B_01364.jpg,0,/mnt/research-projects/j/jlgage/RawUAVData01/uavforslb/final_image/final_sliced/20250701_C7B_01364.jpg
4220,C10,2025,6/30/25,7.5,6/28/25,20250628_C10_04220.jpg,-2,/mnt/research-projects/j/jlgage/RawUAVData01/uavforslb/final_image/final_sliced/20250628_C10_04220.jpg
10302,I3B,2023,7/25/23,4.0,7/27/23,20230727_I3B_10302.jpg,2,/mnt/research-projects/j/jlgage/RawUAVData01/uavforslb/final_image/final_sliced/20230727_I3B_10302.jpg
6711,C10,2025,7/18/25,7.5,7/18/25,20250718_C10_06711.jpg,0,/mnt/research-projects/j/jlgage/RawUAVData01/uavforslb/final_image/final_sliced/20250718_C10_06711.jpg
10325,I3B,2023,7/25/23,2.5,7/27/23,20230727_I3B_10325.jpg,2,/mnt/research-projects/j/jlgage/RawUAVData01/uavforslb/final_image/final_sliced/20230727_I3B_10325.jpg
9714,I3B,2023,7/12/23,5.0,7/13/23,20230713_I3B_09714.jpg,1,/mnt/research-projects/j/jlgage/RawUAVData01/uavforslb/final_image/final_sliced/20230713_I3B_09714.jpg
4851,C10,2025,7/2/25,5.0,7/4/25,20250704_C10_04851.jpg,2,/mnt/research-projects/j/jlgage/RawUAVData01/uavforslb/final_image/final_sliced/20250704_C10_04851.jpg
7379,G3,2023,7/20/23,8.0,7/20/23,20230720_G3_07379.jpg,0,/mnt/research-projects/j/jlgage/RawUAVData01/uavforslb/final_image/final_sliced/20230720_G3_07379.jpg
1845,C7B,2025,7/19/25,1.5,7/18/25,20250718_C7B_01845.jpg,-1,/mnt/research-projects/j/jlgage/RawUAVData01/uavforslb/final_image/final_sliced/20250718_C7B_01845.jpg
2832,C7B,2025,6/30/25,8.5,7/1/25,20250701_C7B_02832.jpg,1,/mnt/research-projects/j/jlgage/RawUAVData01/uavforslb/final_image/final_sliced/20250701_C7B_02832.jpg
7308,G3,2023,7/20/23,7.0,7/20/23,20230720_G3_07308.jpg,0,/mnt/research-projects/j/jlgage/RawUAVData01/uavforslb/final_image/final_sliced/20230720_G3_07308.jpg
7410,G3,2023,7/20/23,7.0,7/20/23,20230720_G3_07410.jpg,0,/mnt/research-projects/j/jlgage/RawUAVData01/uavforslb/final_image/final_sliced/20230720_G3_07410.jpg
9995,I3B,2023,7/12/23,5.5,7/13/23,20230713_I3B_09995.jpg,1,/mnt/research-projects/j/jlgage/RawUAVData01/uavforslb/final_image/final_sliced/20230713_I3B_09995.jpg
7442,G3,2023,7/26/23,5.5,7/27/23,20230727_G3_07442.jpg,1,/mnt/research-projects/j/jlgage/RawUAVData01/uavforslb/final_image/final_sliced/20230727_G3_07442.jpg
434,C7B,2025,7/10/25,6.0,7/10/25,20250710_C7B_00434.jpg,0,/mnt/research-projects/j/jlgage/RawUAVData01/uavforslb/final_image/final_sliced/20250710_C7B_00434.jpg
7478,G3,2023,7/20/23,7.0,7/20/23,20230720_G3_07478.jpg,0,/mnt/research-projects/j/jlgage/RawUAVData01/uavforslb/final_image/final_sliced/20230720_G3_07478.jpg
377,C7B,2025,6/30/25,6.0,7/1/25,20250701_C7B_00377.jpg,1,/mnt/research-projects/j/jlgage/RawUAVData01/uavforslb/final_image/final_sliced/20250701_C7B_00377.jpg
10979,I3B,2023,7/19/23,7.0,7/20/23,20230720_I3B_10979.jpg,1,/mnt/research-projects/j/jlgage/RawUAVData01/uavforslb/final_image/final_sliced/20230720_I3B_10979.jpg
1575,C7B,2025,7/18/25,2.0,7/18/25,20250718_C7B_01575.jpg,0,/mnt/research-projects/j/jlgage/RawUAVData01/uavforslb/final_image/final_sliced/20250718_C7B_01575.jpg
49,C7B,2025,6/30/25,7.0,7/1/25,20250701_C7B_00049.jpg,1,/mnt/research-projects/j/jlgage/RawUAVData01/uavforslb/final_image/final_sliced/20250701_C7B_00049.jpg
4952,C10,2025,7/2/25,5.5,7/4/25,20250704_C10_04952.jpg,2,/mnt/research-projects/j/jlgage/RawUAVData01/uavforslb/final_image/final_sliced/20250704_C10_04952.jpg
9734,I3B,2023,7/12/23,5.0,7/13/23,20230713_I3B_09734.jpg,1,/mnt/research-projects/j/jlgage/RawUAVData01/uavforslb/final_image/final_sliced/20230713_I3B_09734.jpg
4676,C10,2025,7/2/25,5.5,7/4/25,20250704_C10_04676.jpg,2,/mnt/research-projects/j/jlgage/RawUAVData01/uavforslb/final_image/final_sliced/20250704_C10_04676.jpg
5809,C10,2025,7/19/25,4.0,7/18/25,20250718_C10_05809.jpg,-1,/mnt/research-projects/j/jlgage/RawUAVData01/uavforslb/final_image/final_sliced/20250718_C10_05809.jpg
11215,I3B,2023,7/19/23,5.0,7/20/23,20230720_I3B_11215.jpg,1,/mnt/research-projects/j/jlgage/RawUAVData01/uavforslb/final_image/final_sliced/20230720_I3B_11215.jpg
5391,C10,2025,7/2/25,7.0,7/4/25,20250704_C10_05391.jpg,2,/mnt/research-projects/j/jlgage/RawUAVData01/uavforslb/final_image/final_sliced/20250704_C10_05391.jpg
5201,C10,2025,7/2/25,5.5,7/4/25,20250704_C10_05201.jpg,2,/mnt/research-projects/j/jlgage/RawUAVData01/uavforslb/final_image/final_sliced/20250704_C10_05201.jpg
7207,G3,2023,7/19/23,7.5,7/20/23,20230720_G3_07207.jpg,1,/mnt/research-projects/j/jlgage/RawUAVData01/uavforslb/final_image/final_sliced/20230720_G3_07207.jpg
5450,C10,2025,7/20/25,2.0,7/21/25,20250721_C10_05450.jpg,1,/mnt/research-projects/j/jlgage/RawUAVData01/uavforslb/final_image/final_sliced/20250721_C10_05450.jpg
9912,I3B,2023,7/12/23,5.0,7/13/23,20230713_I3B_09912.jpg,1,/mnt/research-projects/j/jlgage/RawUAVData01/uavforslb/final_image/final_sliced/20230713_I3B_09912.jpg
7323,G3,2023,7/26/23,6.0,7/27/23,20230727_G3_07323.jpg,1,/mnt/research-projects/j/jlgage/RawUAVData01/uavforslb/final_image/final_sliced/20230727_G3_07323.jpg
4645,C10,2025,7/2/25,6.0,7/4/25,20250704_C10_04645.jpg,2,/mnt/research-projects/j/jlgage/RawUAVData01/uavforslb/final_image/final_sliced/20250704_C10_04645.jpg
8005,G3,2023,7/19/23,7.5,7/20/23,20230720_G3_08005.jpg,1,/mnt/research-projects/j/jlgage/RawUAVData01/uavforslb/final_image/final_sliced/20230720_G3_08005.jpg
1736,C7B,2025,7/10/25,4.5,7/10/25,20250710_C7B_01736.jpg,0,/mnt/research-projects/j/jlgage/RawUAVData01/uavforslb/final_image/final_sliced/20250710_C7B_01736.jpg
9946,I3B,2023,7/12/23,4.0,7/13/23,20230713_I3B_09946.jpg,1,/mnt/research-projects/j/jlgage/RawUAVData01/uavforslb/final_image/final_sliced/20230713_I3B_09946.jpg
7256,G3,2023,7/19/23,8.5,7/20/23,20230720_G3_07256.jpg,1,/mnt/research-projects/j/jlgage/RawUAVData01/uavforslb/final_image/final_sliced/20230720_G3_07256.jpg
3085,G3,2023,7/19/23,6.5,7/20/23,20230720_G3_03085.jpg,1,/mnt/research-projects/j/jlgage/RawUAVData01/uavforslb/final_image/final_sliced/20230720_G3_03085.jpg
8015,G3,2023,7/19/23,7.5,7/20/23,20230720_G3_08015.jpg,1,/mnt/research-projects/j/jlgage/RawUAVData01/uavforslb/final_image/final_sliced/20230720_G3_08015.jpg
8108,G3,2023,7/26/23,7.5,7/27/23,20230727_G3_08108.jpg,1,/mnt/research-projects/j/jlgage/RawUAVData01/uavforslb/final_image/final_sliced/20230727_G3_08108.jpg
9711,I3B,2023,7/12/23,4.0,7/13/23,20230713_I3B_09711.jpg,1,/mnt/research-projects/j/jlgage/RawUAVData01/uavforslb/final_image/final_sliced/20230713_I3B_09711.jpg
5669,C10,2025,7/11/25,6.5,7/11/25,20250711_C10_05669.jpg,0,/mnt/research-projects/j/jlgage/RawUAVData01/uavforslb/final_image/final_sliced/20250711_C10_05669.jpg
7262,G3,2023,7/19/23,4.0,7/20/23,20230720_G3_07262.jpg,1,/mnt/research-projects/j/jlgage/RawUAVData01/uavforslb/final_image/final_sliced/20230720_G3_07262.jpg
8031,G3,2023,7/26/23,7.0,7/27/23,20230727_G3_08031.jpg,1,/mnt/research-projects/j/jlgage/RawUAVData01/uavforslb/final_image/final_sliced/20230727_G3_08031.jpg
5310,C10,2025,7/11/25,4.0,7/11/25,20250711_C10_05310.jpg,0,/mnt/research-projects/j/jlgage/RawUAVData01/uavforslb/final_image/final_sliced/20250711_C10_05310.jpg
5068,C10,2025,7/11/25,5.0,7/11/25,20250711_C10_05068.jpg,0,/mnt/research-projects/j/jlgage/RawUAVData01/uavforslb/final_image/final_sliced/20250711_C10_05068.jpg
6763,C10,2025,7/14/25,7.5,7/14/25,20250714_C10_06763.jpg,0,/mnt/research-projects/j/jlgage/RawUAVData01/uavforslb/final_image/final_sliced/20250714_C10_06763.jpg
4256,C10,2025,7/19/25,1.5,7/18/25,20250718_C10_04256.jpg,-1,/mnt/research-projects/j/jlgage/RawUAVData01/uavforslb/final_image/final_sliced/20250718_C10_04256.jpg
5732,C10,2025,7/11/25,5.0,7/11/25,20250711_C10_05732.jpg,0,/mnt/research-projects/j/jlgage/RawUAVData01/uavforslb/final_image/final_sliced/20250711_C10_05732.jpg
7378,G3,2023,7/20/23,7.0,7/20/23,20230720_G3_07378.jpg,0,/mnt/research-projects/j/jlgage/RawUAVData01/uavforslb/final_image/final_sliced/20230720_G3_07378.jpg
4759,C10,2025,7/20/25,4.0,7/21/25,20250721_C10_04759.jpg,1,/mnt/research-projects/j/jlgage/RawUAVData01/uavforslb/final_image/final_sliced/20250721_C10_04759.jpg
5116,C10,2025,7/2/25,5.0,7/4/25,20250704_C10_05116.jpg,2,/mnt/research-projects/j/jlgage/RawUAVData01/uavforslb/final_image/final_sliced/20250704_C10_05116.jpg
7230,G3,2023,7/19/23,7.5,7/20/23,20230720_G3_07230.jpg,1,/mnt/research-projects/j/jlgage/RawUAVData01/uavforslb/final_image/final_sliced/20230720_G3_07230.jpg
108,C7B,2025,7/18/25,4.0,7/18/25,20250718_C7B_00108.jpg,0,/mnt/research-projects/j/jlgage/RawUAVData01/uavforslb/final_image/final_sliced/20250718_C7B_00108.jpg
4321,C10,2025,7/11/25,4.0,7/11/25,20250711_C10_04321.jpg,0,/mnt/research-projects/j/jlgage/RawUAVData01/uavforslb/final_image/final_sliced/20250711_C10_04321.jpg
3145,G3,2023,7/26/23,6.0,7/27/23,20230727_G3_03145.jpg,1,/mnt/research-projects/j/jlgage/RawUAVData01/uavforslb/final_image/final_sliced/20230727_G3_03145.jpg
3074,G3,2023,7/19/23,8.0,7/20/23,20230720_G3_03074.jpg,1,/mnt/research-projects/j/jlgage/RawUAVData01/uavforslb/final_image/final_sliced/20230720_G3_03074.jpg
6705,C10,2025,6/30/25,8.0,6/28/25,20250628_C10_06705.jpg,-2,/mnt/research-projects/j/jlgage/RawUAVData01/uavforslb/final_image/final_sliced/20250628_C10_06705.jpg
7289,G3,2023,7/20/23,8.0,7/20/23,20230720_G3_07289.jpg,0,/mnt/research-projects/j/jlgage/RawUAVData01/uavforslb/final_image/final_sliced/20230720_G3_07289.jpg
797,C7B,2025,7/18/25,2.0,7/18/25,20250718_C7B_00797.jpg,0,/mnt/research-projects/j/jlgage/RawUAVData01/uavforslb/final_image/final_sliced/20250718_C7B_00797.jpg
5276,C10,2025,7/11/25,4.5,7/11/25,20250711_C10_05276.jpg,0,/mnt/research-projects/j/jlgage/RawUAVData01/uavforslb/final_image/final_sliced/20250711_C10_05276.jpg
3193,G3,2023,7/26/23,2.5,7/27/23,20230727_G3_03193.jpg,1,/mnt/research-projects/j/jlgage/RawUAVData01/uavforslb/final_image/final_sliced/20230727_G3_03193.jpg
687,C7B,2025,7/18/25,5.0,7/18/25,20250718_C7B_00687.jpg,0,/mnt/research-projects/j/jlgage/RawUAVData01/uavforslb/final_image/final_sliced/20250718_C7B_00687.jpg
1706,C7B,2025,7/1/25,7.0,7/1/25,20250701_C7B_01706.jpg,0,/mnt/research-projects/j/jlgage/RawUAVData01/uavforslb/final_image/final_sliced/20250701_C7B_01706.jpg
9657,I3B,2023,7/12/23,5.0,7/13/23,20230713_I3B_09657.jpg,1,/mnt/research-projects/j/jlgage/RawUAVData01/uavforslb/final_image/final_sliced/20230713_I3B_09657.jpg
11069,I3B,2023,7/12/23,6.0,7/13/23,20230713_I3B_11069.jpg,1,/mnt/research-projects/j/jlgage/RawUAVData01/uavforslb/final_image/final_sliced/20230713_I3B_11069.jpg
10402,I3B,2023,7/25/23,3.0,7/27/23,20230727_I3B_10402.jpg,2,/mnt/research-projects/j/jlgage/RawUAVData01/uavforslb/final_image/final_sliced/20230727_I3B_10402.jpg
3207,G3,2023,7/19/23,7.0,7/20/23,20230720_G3_03207.jpg,1,/mnt/research-projects/j/jlgage/RawUAVData01/uavforslb/final_image/final_sliced/20230720_G3_03207.jpg
5517,C10,2025,7/11/25,4.0,7/11/25,20250711_C10_05517.jpg,0,/mnt/research-projects/j/jlgage/RawUAVData01/uavforslb/final_image/final_sliced/20250711_C10_05517.jpg
7307,G3,2023,7/20/23,7.0,7/20/23,20230720_G3_07307.jpg,0,/mnt/research-projects/j/jlgage/RawUAVData01/uavforslb/final_image/final_sliced/20230720_G3_07307.jpg
11309,I3B,2023,7/19/23,7.5,7/20/23,20230720_I3B_11309.jpg,1,/mnt/research-projects/j/jlgage/RawUAVData01/uavforslb/final_image/final_sliced/20230720_I3B_11309.jpg
1963,C7B,2025,7/1/25,6.5,7/1/25,20250701_C7B_01963.jpg,0,/mnt/research-projects/j/jlgage/RawUAVData01/uavforslb/final_image/final_sliced/20250701_C7B_01963.jpg
1183,C7B,2025,7/10/25,3.0,7/10/25,20250710_C7B_01183.jpg,0,/mnt/research-projects/j/jlgage/RawUAVData01/uavforslb/final_image/final_sliced/20250710_C7B_01183.jpg
10897,I3B,2023,7/19/23,7.5,7/20/23,20230720_I3B_10897.jpg,1,/mnt/research-projects/j/jlgage/RawUAVData01/uavforslb/final_image/final_sliced/20230720_I3B_10897.jpg
7363,G3,2023,7/20/23,7.5,7/20/23,20230720_G3_07363.jpg,0,/mnt/research-projects/j/jlgage/RawUAVData01/uavforslb/final_image/final_sliced/20230720_G3_07363.jpg
4794,C10,2025,7/11/25,4.0,7/11/25,20250711_C10_04794.jpg,0,/mnt/research-projects/j/jlgage/RawUAVData01/uavforslb/final_image/final_sliced/20250711_C10_04794.jpg
4065,C10,2025,7/7/25,5.5,7/7/25,20250707_C10_04065.jpg,0,/mnt/research-projects/j/jlgage/RawUAVData01/uavforslb/final_image/final_sliced/20250707_C10_04065.jpg
1,C7B,2025,7/4/25,7.5,7/4/25,20250704_C7B_00001.jpg,0,/mnt/research-projects/j/jlgage/RawUAVData01/uavforslb/final_image/final_sliced/20250704_C7B_00001.jpg
4460,C10,2025,7/11/25,7.5,7/11/25,20250711_C10_04460.jpg,0,/mnt/research-projects/j/jlgage/RawUAVData01/uavforslb/final_image/final_sliced/20250711_C10_04460.jpg
8060,G3,2023,7/19/23,5.5,7/20/23,20230720_G3_08060.jpg,1,/mnt/research-projects/j/jlgage/RawUAVData01/uavforslb/final_image/final_sliced/20230720_G3_08060.jpg
10741,I3B,2023,7/19/23,7.0,7/20/23,20230720_I3B_10741.jpg,1,/mnt/research-projects/j/jlgage/RawUAVData01/uavforslb/final_image/final_sliced/20230720_I3B_10741.jpg
10333,I3B,2023,7/25/23,4.0,7/27/23,20230727_I3B_10333.jpg,2,/mnt/research-projects/j/jlgage/RawUAVData01/uavforslb/final_image/final_sliced/20230727_I3B_10333.jpg
1407,C7B,2025,7/18/25,2.5,7/18/25,20250718_C7B_01407.jpg,0,/mnt/research-projects/j/jlgage/RawUAVData01/uavforslb/final_image/final_sliced/20250718_C7B_01407.jpg
8028,G3,2023,7/26/23,4.5,7/27/23,20230727_G3_08028.jpg,1,/mnt/research-projects/j/jlgage/RawUAVData01/uavforslb/final_image/final_sliced/20230727_G3_08028.jpg
9855,I3B,2023,7/12/23,5.5,7/13/23,20230713_I3B_09855.jpg,1,/mnt/research-projects/j/jlgage/RawUAVData01/uavforslb/final_image/final_sliced/20230713_I3B_09855.jpg
1439,C7B,2025,7/10/25,5.0,7/10/25,20250710_C7B_01439.jpg,0,/mnt/research-projects/j/jlgage/RawUAVData01/uavforslb/final_image/final_sliced/20250710_C7B_01439.jpg
5724,C10,2025,7/8/25,3.5,7/7/25,20250707_C10_05724.jpg,-1,/mnt/research-projects/j/jlgage/RawUAVData01/uavforslb/final_image/final_sliced/20250707_C10_05724.jpg
1139,C7B,2025,7/10/25,6.5,7/10/25,20250710_C7B_01139.jpg,0,/mnt/research-projects/j/jlgage/RawUAVData01/uavforslb/final_image/final_sliced/20250710_C7B_01139.jpg
8097,G3,2023,7/20/23,7.0,7/20/23,20230720_G3_08097.jpg,0,/mnt/research-projects/j/jlgage/RawUAVData01/uavforslb/final_image/final_sliced/20230720_G3_08097.jpg
3184,G3,2023,7/19/23,6.0,7/20/23,20230720_G3_03184.jpg,1,/mnt/research-projects/j/jlgage/RawUAVData01/uavforslb/final_image/final_sliced/20230720_G3_03184.jpg
8061,G3,2023,7/19/23,4.0,7/20/23,20230720_G3_08061.jpg,1,/mnt/research-projects/j/jlgage/RawUAVData01/uavforslb/final_image/final_sliced/20230720_G3_08061.jpg
9830,I3B,2023,7/12/23,4.5,7/13/23,20230713_I3B_09830.jpg,1,/mnt/research-projects/j/jlgage/RawUAVData01/uavforslb/final_image/final_sliced/20230713_I3B_09830.jpg
5150,C10,2025,7/2/25,7.0,7/4/25,20250704_C10_05150.jpg,2,/mnt/research-projects/j/jlgage/RawUAVData01/uavforslb/final_image/final_sliced/20250704_C10_05150.jpg
10315,I3B,2023,7/25/23,3.0,7/27/23,20230727_I3B_10315.jpg,2,/mnt/research-projects/j/jlgage/RawUAVData01/uavforslb/final_image/final_sliced/20230727_I3B_10315.jpg
5023,C10,2025,7/20/25,2.0,7/21/25,20250721_C10_05023.jpg,1,/mnt/research-projects/j/jlgage/RawUAVData01/uavforslb/final_image/final_sliced/20250721_C10_05023.jpg
189,C7B,2025,7/10/25,7.0,7/10/25,20250710_C7B_00189.jpg,0,/mnt/research-projects/j/jlgage/RawUAVData01/uavforslb/final_image/final_sliced/20250710_C7B_00189.jpg
525,C7B,2025,6/30/25,7.5,7/1/25,20250701_C7B_00525.jpg,1,/mnt/research-projects/j/jlgage/RawUAVData01/uavforslb/final_image/final_sliced/20250701_C7B_00525.jpg
8027,G3,2023,7/26/23,7.5,7/27/23,20230727_G3_08027.jpg,1,/mnt/research-projects/j/jlgage/RawUAVData01/uavforslb/final_image/final_sliced/20230727_G3_08027.jpg
7305,G3,2023,7/20/23,6.0,7/20/23,20230720_G3_07305.jpg,0,/mnt/research-projects/j/jlgage/RawUAVData01/uavforslb/final_image/final_sliced/20230720_G3_07305.jpg
1559,C7B,2025,7/10/25,5.0,7/10/25,20250710_C7B_01559.jpg,0,/mnt/research-projects/j/jlgage/RawUAVData01/uavforslb/final_image/final_sliced/20250710_C7B_01559.jpg
1846,C7B,2025,7/10/25,7.0,7/10/25,20250710_C7B_01846.jpg,0,/mnt/research-projects/j/jlgage/RawUAVData01/uavforslb/final_image/final_sliced/20250710_C7B_01846.jpg
6827,C10,2025,7/18/25,6.0,7/18/25,20250718_C10_06827.jpg,0,/mnt/research-projects/j/jlgage/RawUAVData01/uavforslb/final_image/final_sliced/20250718_C10_06827.jpg
2002,C7B,2025,7/19/25,6.0,7/18/25,20250718_C7B_02002.jpg,-1,/mnt/research-projects/j/jlgage/RawUAVData01/uavforslb/final_image/final_sliced/20250718_C7B_02002.jpg
9722,I3B,2023,7/12/23,5.5,7/13/23,20230713_I3B_09722.jpg,1,/mnt/research-projects/j/jlgage/RawUAVData01/uavforslb/final_image/final_sliced/20230713_I3B_09722.jpg
1397,C7B,2025,7/1/25,6.0,7/1/25,20250701_C7B_01397.jpg,0,/mnt/research-projects/j/jlgage/RawUAVData01/uavforslb/final_image/final_sliced/20250701_C7B_01397.jpg
3040,G3,2023,7/26/23,7.5,7/27/23,20230727_G3_03040.jpg,1,/mnt/research-projects/j/jlgage/RawUAVData01/uavforslb/final_image/final_sliced/20230727_G3_03040.jpg
11160,I3B,2023,7/12/23,8.0,7/13/23,20230713_I3B_11160.jpg,1,/mnt/research-projects/j/jlgage/RawUAVData01/uavforslb/final_image/final_sliced/20230713_I3B_11160.jpg
7397,G3,2023,7/20/23,8.0,7/20/23,20230720_G3_07397.jpg,0,/mnt/research-projects/j/jlgage/RawUAVData01/uavforslb/final_image/final_sliced/20230720_G3_07397.jpg
1793,C7B,2025,7/7/25,7.5,7/7/25,20250707_C7B_01793.jpg,0,/mnt/research-projects/j/jlgage/RawUAVData01/uavforslb/final_image/final_sliced/20250707_C7B_01793.jpg
7505,G3,2023,7/26/23,6.0,7/27/23,20230727_G3_07505.jpg,1,/mnt/research-projects/j/jlgage/RawUAVData01/uavforslb/final_image/final_sliced/20230727_G3_07505.jpg
5626,C10,2025,7/11/25,4.0,7/11/25,20250711_C10_05626.jpg,0,/mnt/research-projects/j/jlgage/RawUAVData01/uavforslb/final_image/final_sliced/20250711_C10_05626.jpg
11025,I3B,2023,7/12/23,7.5,7/13/23,20230713_I3B_11025.jpg,1,/mnt/research-projects/j/jlgage/RawUAVData01/uavforslb/final_image/final_sliced/20230713_I3B_11025.jpg
2845,C7B,2025,7/13/25,3.0,7/12/25,20250712_C7B_02845.jpg,-1,/mnt/research-projects/j/jlgage/RawUAVData01/uavforslb/final_image/final_sliced/20250712_C7B_02845.jpg
11072,I3B,2023,7/12/23,7.0,7/13/23,20230713_I3B_11072.jpg,1,/mnt/research-projects/j/jlgage/RawUAVData01/uavforslb/final_image/final_sliced/20230713_I3B_11072.jpg
2866,C7B,2025,7/8/25,7.0,7/7/25,20250707_C7B_02866.jpg,-1,/mnt/research-projects/j/jlgage/RawUAVData01/uavforslb/final_image/final_sliced/20250707_C7B_02866.jpg
7542,G3,2023,7/26/23,4.0,7/27/23,20230727_G3_07542.jpg,1,/mnt/research-projects/j/jlgage/RawUAVData01/uavforslb/final_image/final_sliced/20230727_G3_07542.jpg
1482,C7B,2025,7/18/25,3.0,7/18/25,20250718_C7B_01482.jpg,0,/mnt/research-projects/j/jlgage/RawUAVData01/uavforslb/final_image/final_sliced/20250718_C7B_01482.jpg
1218,C7B,2025,7/1/25,6.0,7/1/25,20250701_C7B_01218.jpg,0,/mnt/research-projects/j/jlgage/RawUAVData01/uavforslb/final_image/final_sliced/20250701_C7B_01218.jpg
2744,C7B,2025,7/13/25,6.0,7/12/25,20250712_C7B_02744.jpg,-1,/mnt/research-projects/j/jlgage/RawUAVData01/uavforslb/final_image/final_sliced/20250712_C7B_02744.jpg
10739,I3B,2023,7/19/23,6.0,7/20/23,20230720_I3B_10739.jpg,1,/mnt/research-projects/j/jlgage/RawUAVData01/uavforslb/final_image/final_sliced/20230720_I3B_10739.jpg
3100,G3,2023,7/26/23,6.5,7/27/23,20230727_G3_03100.jpg,1,/mnt/research-projects/j/jlgage/RawUAVData01/uavforslb/final_image/final_sliced/20230727_G3_03100.jpg
2820,C7B,2025,7/13/25,4.5,7/12/25,20250712_C7B_02820.jpg,-1,/mnt/research-projects/j/jlgage/RawUAVData01/uavforslb/final_image/final_sliced/20250712_C7B_02820.jpg
1933,C7B,2025,7/10/25,7.0,7/10/25,20250710_C7B_01933.jpg,0,/mnt/research-projects/j/jlgage/RawUAVData01/uavforslb/final_image/final_sliced/20250710_C7B_01933.jpg
1901,C7B,2025,7/10/25,8.0,7/10/25,20250710_C7B_01901.jpg,0,/mnt/research-projects/j/jlgage/RawUAVData01/uavforslb/final_image/final_sliced/20250710_C7B_01901.jpg
9812,I3B,2023,7/12/23,5.5,7/13/23,20230713_I3B_09812.jpg,1,/mnt/research-projects/j/jlgage/RawUAVData01/uavforslb/final_image/final_sliced/20230713_I3B_09812.jpg
8045,G3,2023,7/26/23,7.5,7/27/23,20230727_G3_08045.jpg,1,/mnt/research-projects/j/jlgage/RawUAVData01/uavforslb/final_image/final_sliced/20230727_G3_08045.jpg
6870,C10,2025,6/30/25,8.5,6/28/25,20250628_C10_06870.jpg,-2,/mnt/research-projects/j/jlgage/RawUAVData01/uavforslb/final_image/final_sliced/20250628_C10_06870.jpg
10277,I3B,2023,7/25/23,4.0,7/27/23,20230727_I3B_10277.jpg,2,/mnt/research-projects/j/jlgage/RawUAVData01/uavforslb/final_image/final_sliced/20230727_I3B_10277.jpg
1419,C7B,2025,7/18/25,3.0,7/18/25,20250718_C7B_01419.jpg,0,/mnt/research-projects/j/jlgage/RawUAVData01/uavforslb/final_image/final_sliced/20250718_C7B_01419.jpg
3081,G3,2023,7/19/23,8.0,7/20/23,20230720_G3_03081.jpg,1,/mnt/research-projects/j/jlgage/RawUAVData01/uavforslb/final_image/final_sliced/20230720_G3_03081.jpg
7428,G3,2023,7/26/23,8.0,7/27/23,20230727_G3_07428.jpg,1,/mnt/research-projects/j/jlgage/RawUAVData01/uavforslb/final_image/final_sliced/20230727_G3_07428.jpg
9679,I3B,2023,7/12/23,5.0,7/13/23,20230713_I3B_09679.jpg,1,/mnt/research-projects/j/jlgage/RawUAVData01/uavforslb/final_image/final_sliced/20230713_I3B_09679.jpg
7293,G3,2023,7/26/23,5.5,7/27/23,20230727_G3_07293.jpg,1,/mnt/research-projects/j/jlgage/RawUAVData01/uavforslb/final_image/final_sliced/20230727_G3_07293.jpg
380,C7B,2025,7/18/25,4.0,7/18/25,20250718_C7B_00380.jpg,0,/mnt/research-projects/j/jlgage/RawUAVData01/uavforslb/final_image/final_sliced/20250718_C7B_00380.jpg
834,C7B,2025,7/1/25,5.5,7/1/25,20250701_C7B_00834.jpg,0,/mnt/research-projects/j/jlgage/RawUAVData01/uavforslb/final_image/final_sliced/20250701_C7B_00834.jpg
577,C7B,2025,7/18/25,3.0,7/18/25,20250718_C7B_00577.jpg,0,/mnt/research-projects/j/jlgage/RawUAVData01/uavforslb/final_image/final_sliced/20250718_C7B_00577.jpg
9950,I3B,2023,7/12/23,5.5,7/13/23,20230713_I3B_09950.jpg,1,/mnt/research-projects/j/jlgage/RawUAVData01/uavforslb/final_image/final_sliced/20230713_I3B_09950.jpg
9738,I3B,2023,7/12/23,4.5,7/13/23,20230713_I3B_09738.jpg,1,/mnt/research-projects/j/jlgage/RawUAVData01/uavforslb/final_image/final_sliced/20230713_I3B_09738.jpg
7407,G3,2023,7/26/23,7.5,7/27/23,20230727_G3_07407.jpg,1,/mnt/research-projects/j/jlgage/RawUAVData01/uavforslb/final_image/final_sliced/20230727_G3_07407.jpg
11119,I3B,2023,7/12/23,6.5,7/13/23,20230713_I3B_11119.jpg,1,/mnt/research-projects/j/jlgage/RawUAVData01/uavforslb/final_image/final_sliced/20230713_I3B_11119.jpg
8009,G3,2023,7/19/23,8.0,7/20/23,20230720_G3_08009.jpg,1,/mnt/research-projects/j/jlgage/RawUAVData01/uavforslb/final_image/final_sliced/20230720_G3_08009.jpg
7289,G3,2023,7/26/23,5.5,7/27/23,20230727_G3_07289.jpg,1,/mnt/research-projects/j/jlgage/RawUAVData01/uavforslb/final_image/final_sliced/20230727_G3_07289.jpg
70,C7B,2025,7/4/25,6.5,7/4/25,20250704_C7B_00070.jpg,0,/mnt/research-projects/j/jlgage/RawUAVData01/uavforslb/final_image/final_sliced/20250704_C7B_00070.jpg
1148,C7B,2025,7/1/25,6.0,7/1/25,20250701_C7B_01148.jpg,0,/mnt/research-projects/j/jlgage/RawUAVData01/uavforslb/final_image/final_sliced/20250701_C7B_01148.jpg
1610,C7B,2025,7/10/25,5.5,7/10/25,20250710_C7B_01610.jpg,0,/mnt/research-projects/j/jlgage/RawUAVData01/uavforslb/final_image/final_sliced/20250710_C7B_01610.jpg
10265,I3B,2023,7/25/23,6.0,7/27/23,20230727_I3B_10265.jpg,2,/mnt/research-projects/j/jlgage/RawUAVData01/uavforslb/final_image/final_sliced/20230727_I3B_10265.jpg
11207,I3B,2023,7/19/23,7.0,7/20/23,20230720_I3B_11207.jpg,1,/mnt/research-projects/j/jlgage/RawUAVData01/uavforslb/final_image/final_sliced/20230720_I3B_11207.jpg
5288,C10,2025,7/11/25,6.0,7/11/25,20250711_C10_05288.jpg,0,/mnt/research-projects/j/jlgage/RawUAVData01/uavforslb/final_image/final_sliced/20250711_C10_05288.jpg
3143,G3,2023,7/26/23,5.0,7/27/23,20230727_G3_03143.jpg,1,/mnt/research-projects/j/jlgage/RawUAVData01/uavforslb/final_image/final_sliced/20230727_G3_03143.jpg
9932,I3B,2023,7/12/23,5.5,7/13/23,20230713_I3B_09932.jpg,1,/mnt/research-projects/j/jlgage/RawUAVData01/uavforslb/final_image/final_sliced/20230713_I3B_09932.jpg
4303,C10,2025,7/11/25,5.0,7/11/25,20250711_C10_04303.jpg,0,/mnt/research-projects/j/jlgage/RawUAVData01/uavforslb/final_image/final_sliced/20250711_C10_04303.jpg
5046,C10,2025,7/11/25,5.0,7/11/25,20250711_C10_05046.jpg,0,/mnt/research-projects/j/jlgage/RawUAVData01/uavforslb/final_image/final_sliced/20250711_C10_05046.jpg
7264,G3,2023,7/26/23,7.0,7/27/23,20230727_G3_07264.jpg,1,/mnt/research-projects/j/jlgage/RawUAVData01/uavforslb/final_image/final_sliced/20230727_G3_07264.jpg
10394,I3B,2023,7/25/23,6.0,7/27/23,20230727_I3B_10394.jpg,2,/mnt/research-projects/j/jlgage/RawUAVData01/uavforslb/final_image/final_sliced/20230727_I3B_10394.jpg
7534,G3,2023,7/20/23,7.5,7/20/23,20230720_G3_07534.jpg,0,/mnt/research-projects/j/jlgage/RawUAVData01/uavforslb/final_image/final_sliced/20230720_G3_07534.jpg
11314,I3B,2023,7/19/23,7.0,7/20/23,20230720_I3B_11314.jpg,1,/mnt/research-projects/j/jlgage/RawUAVData01/uavforslb/final_image/final_sliced/20230720_I3B_11314.jpg
1284,C7B,2025,7/10/25,5.5,7/10/25,20250710_C7B_01284.jpg,0,/mnt/research-projects/j/jlgage/RawUAVData01/uavforslb/final_image/final_sliced/20250710_C7B_01284.jpg
8018,G3,2023,7/26/23,8.0,7/27/23,20230727_G3_08018.jpg,1,/mnt/research-projects/j/jlgage/RawUAVData01/uavforslb/final_image/final_sliced/20230727_G3_08018.jpg
11030,I3B,2023,7/12/23,7.5,7/13/23,20230713_I3B_11030.jpg,1,/mnt/research-projects/j/jlgage/RawUAVData01/uavforslb/final_image/final_sliced/20230713_I3B_11030.jpg
9728,I3B,2023,7/12/23,5.5,7/13/23,20230713_I3B_09728.jpg,1,/mnt/research-projects/j/jlgage/RawUAVData01/uavforslb/final_image/final_sliced/20230713_I3B_09728.jpg
8008,G3,2023,7/26/23,5.0,7/27/23,20230727_G3_08008.jpg,1,/mnt/research-projects/j/jlgage/RawUAVData01/uavforslb/final_image/final_sliced/20230727_G3_08008.jpg
1372,C7B,2025,7/18/25,1.5,7/18/25,20250718_C7B_01372.jpg,0,/mnt/research-projects/j/jlgage/RawUAVData01/uavforslb/final_image/final_sliced/20250718_C7B_01372.jpg
1426,C7B,2025,7/1/25,7.5,7/1/25,20250701_C7B_01426.jpg,0,/mnt/research-projects/j/jlgage/RawUAVData01/uavforslb/final_image/final_sliced/20250701_C7B_01426.jpg
11193,I3B,2023,7/19/23,5.5,7/20/23,20230720_I3B_11193.jpg,1,/mnt/research-projects/j/jlgage/RawUAVData01/uavforslb/final_image/final_sliced/20230720_I3B_11193.jpg
1778,C7B,2025,7/10/25,6.5,7/10/25,20250710_C7B_01778.jpg,0,/mnt/research-projects/j/jlgage/RawUAVData01/uavforslb/final_image/final_sliced/20250710_C7B_01778.jpg
1702,C7B,2025,7/7/25,4.0,7/7/25,20250707_C7B_01702.jpg,0,/mnt/research-projects/j/jlgage/RawUAVData01/uavforslb/final_image/final_sliced/20250707_C7B_01702.jpg
4470,C10,2025,7/11/25,5.0,7/11/25,20250711_C10_04470.jpg,0,/mnt/research-projects/j/jlgage/RawUAVData01/uavforslb/final_image/final_sliced/20250711_C10_04470.jpg
9975,I3B,2023,7/12/23,5.0,7/13/23,20230713_I3B_09975.jpg,1,/mnt/research-projects/j/jlgage/RawUAVData01/uavforslb/final_image/final_sliced/20230713_I3B_09975.jpg
5718,C10,2025,7/19/25,2.0,7/18/25,20250718_C10_05718.jpg,-1,/mnt/research-projects/j/jlgage/RawUAVData01/uavforslb/final_image/final_sliced/20250718_C10_05718.jpg
5192,C10,2025,7/20/25,3.0,7/21/25,20250721_C10_05192.jpg,1,/mnt/research-projects/j/jlgage/RawUAVData01/uavforslb/final_image/final_sliced/20250721_C10_05192.jpg
3072,G3,2023,7/19/23,8.0,7/20/23,20230720_G3_03072.jpg,1,/mnt/research-projects/j/jlgage/RawUAVData01/uavforslb/final_image/final_sliced/20230720_G3_03072.jpg
5604,C10,2025,7/2/25,7.0,7/4/25,20250704_C10_05604.jpg,2,/mnt/research-projects/j/jlgage/RawUAVData01/uavforslb/final_image/final_sliced/20250704_C10_05604.jpg
7206,G3,2023,7/19/23,8.5,7/20/23,20230720_G3_07206.jpg,1,/mnt/research-projects/j/jlgage/RawUAVData01/uavforslb/final_image/final_sliced/20230720_G3_07206.jpg
7416,G3,2023,7/26/23,8.0,7/27/23,20230727_G3_07416.jpg,1,/mnt/research-projects/j/jlgage/RawUAVData01/uavforslb/final_image/final_sliced/20230727_G3_07416.jpg
11360,I3B,2023,7/19/23,7.0,7/20/23,20230720_I3B_11360.jpg,1,/mnt/research-projects/j/jlgage/RawUAVData01/uavforslb/final_image/final_sliced/20230720_I3B_11360.jpg
1416,C7B,2025,7/18/25,6.0,7/18/25,20250718_C7B_01416.jpg,0,/mnt/research-projects/j/jlgage/RawUAVData01/uavforslb/final_image/final_sliced/20250718_C7B_01416.jpg
157,C7B,2025,7/10/25,5.5,7/10/25,20250710_C7B_00157.jpg,0,/mnt/research-projects/j/jlgage/RawUAVData01/uavforslb/final_image/final_sliced/20250710_C7B_00157.jpg
11108,I3B,2023,7/12/23,7.0,7/13/23,20230713_I3B_11108.jpg,1,/mnt/research-projects/j/jlgage/RawUAVData01/uavforslb/final_image/final_sliced/20230713_I3B_11108.jpg
8168,G3,2023,7/26/23,8.0,7/27/23,20230727_G3_08168.jpg,1,/mnt/research-projects/j/jlgage/RawUAVData01/uavforslb/final_image/final_sliced/20230727_G3_08168.jpg
3111,G3,2023,7/26/23,3.0,7/27/23,20230727_G3_03111.jpg,1,/mnt/research-projects/j/jlgage/RawUAVData01/uavforslb/final_image/final_sliced/20230727_G3_03111.jpg
4766,C10,2025,7/11/25,4.0,7/11/25,20250711_C10_04766.jpg,0,/mnt/research-projects/j/jlgage/RawUAVData01/uavforslb/final_image/final_sliced/20250711_C10_04766.jpg
4962,C10,2025,7/2/25,6.0,7/4/25,20250704_C10_04962.jpg,2,/mnt/research-projects/j/jlgage/RawUAVData01/uavforslb/final_image/final_sliced/20250704_C10_04962.jpg
7405,G3,2023,7/26/23,7.5,7/27/23,20230727_G3_07405.jpg,1,/mnt/research-projects/j/jlgage/RawUAVData01/uavforslb/final_image/final_sliced/20230727_G3_07405.jpg
10802,I3B,2023,7/19/23,6.0,7/20/23,20230720_I3B_10802.jpg,1,/mnt/research-projects/j/jlgage/RawUAVData01/uavforslb/final_image/final_sliced/20230720_I3B_10802.jpg
1887,C7B,2025,7/10/25,8.0,7/10/25,20250710_C7B_01887.jpg,0,/mnt/research-projects/j/jlgage/RawUAVData01/uavforslb/final_image/final_sliced/20250710_C7B_01887.jpg
7309,G3,2023,7/26/23,6.5,7/27/23,20230727_G3_07309.jpg,1,/mnt/research-projects/j/jlgage/RawUAVData01/uavforslb/final_image/final_sliced/20230727_G3_07309.jpg
9898,I3B,2023,7/12/23,5.0,7/13/23,20230713_I3B_09898.jpg,1,/mnt/research-projects/j/jlgage/RawUAVData01/uavforslb/final_image/final_sliced/20230713_I3B_09898.jpg
9875,I3B,2023,7/12/23,5.0,7/13/23,20230713_I3B_09875.jpg,1,/mnt/research-projects/j/jlgage/RawUAVData01/uavforslb/final_image/final_sliced/20230713_I3B_09875.jpg
2786,C7B,2025,7/8/25,7.0,7/7/25,20250707_C7B_02786.jpg,-1,/mnt/research-projects/j/jlgage/RawUAVData01/uavforslb/final_image/final_sliced/20250707_C7B_02786.jpg
5001,C10,2025,7/20/25,3.0,7/21/25,20250721_C10_05001.jpg,1,/mnt/research-projects/j/jlgage/RawUAVData01/uavforslb/final_image/final_sliced/20250721_C10_05001.jpg
7533,G3,2023,7/20/23,6.0,7/20/23,20230720_G3_07533.jpg,0,/mnt/research-projects/j/jlgage/RawUAVData01/uavforslb/final_image/final_sliced/20230720_G3_07533.jpg
5671,C10,2025,7/1/25,5.5,6/28/25,20250628_C10_05671.jpg,-3,/mnt/research-projects/j/jlgage/RawUAVData01/uavforslb/final_image/final_sliced/20250628_C10_05671.jpg
10747,I3B,2023,7/19/23,5.0,7/20/23,20230720_I3B_10747.jpg,1,/mnt/research-projects/j/jlgage/RawUAVData01/uavforslb/final_image/final_sliced/20230720_I3B_10747.jpg
7537,G3,2023,7/26/23,5.0,7/27/23,20230727_G3_07537.jpg,1,/mnt/research-projects/j/jlgage/RawUAVData01/uavforslb/final_image/final_sliced/20230727_G3_07537.jpg
2719,C7B,2025,7/18/25,4.0,7/18/25,20250718_C7B_02719.jpg,0,/mnt/research-projects/j/jlgage/RawUAVData01/uavforslb/final_image/final_sliced/20250718_C7B_02719.jpg
7277,G3,2023,7/20/23,6.5,7/20/23,20230720_G3_07277.jpg,0,/mnt/research-projects/j/jlgage/RawUAVData01/uavforslb/final_image/final_sliced/20230720_G3_07277.jpg
7319,G3,2023,7/26/23,5.5,7/27/23,20230727_G3_07319.jpg,1,/mnt/research-projects/j/jlgage/RawUAVData01/uavforslb/final_image/final_sliced/20230727_G3_07319.jpg
5598,C10,2025,7/20/25,3.0,7/21/25,20250721_C10_05598.jpg,1,/mnt/research-projects/j/jlgage/RawUAVData01/uavforslb/final_image/final_sliced/20250721_C10_05598.jpg
9770,I3B,2023,7/12/23,4.0,7/13/23,20230713_I3B_09770.jpg,1,/mnt/research-projects/j/jlgage/RawUAVData01/uavforslb/final_image/final_sliced/20230713_I3B_09770.jpg
5244,C10,2025,7/11/25,6.0,7/11/25,20250711_C10_05244.jpg,0,/mnt/research-projects/j/jlgage/RawUAVData01/uavforslb/final_image/final_sliced/20250711_C10_05244.jpg
5290,C10,2025,7/2/25,4.5,7/4/25,20250704_C10_05290.jpg,2,/mnt/research-projects/j/jlgage/RawUAVData01/uavforslb/final_image/final_sliced/20250704_C10_05290.jpg
11184,I3B,2023,7/12/23,7.0,7/13/23,20230713_I3B_11184.jpg,1,/mnt/research-projects/j/jlgage/RawUAVData01/uavforslb/final_image/final_sliced/20230713_I3B_11184.jpg
1492,C7B,2025,7/18/25,2.0,7/18/25,20250718_C7B_01492.jpg,0,/mnt/research-projects/j/jlgage/RawUAVData01/uavforslb/final_image/final_sliced/20250718_C7B_01492.jpg
1113,C7B,2025,7/10/25,5.5,7/10/25,20250710_C7B_01113.jpg,0,/mnt/research-projects/j/jlgage/RawUAVData01/uavforslb/final_image/final_sliced/20250710_C7B_01113.jpg
1751,C7B,2025,7/7/25,6.0,7/7/25,20250707_C7B_01751.jpg,0,/mnt/research-projects/j/jlgage/RawUAVData01/uavforslb/final_image/final_sliced/20250707_C7B_01751.jpg
9879,I3B,2023,7/12/23,5.0,7/13/23,20230713_I3B_09879.jpg,1,/mnt/research-projects/j/jlgage/RawUAVData01/uavforslb/final_image/final_sliced/20230713_I3B_09879.jpg
6841,C10,2025,7/8/25,7.5,7/7/25,20250707_C10_06841.jpg,-1,/mnt/research-projects/j/jlgage/RawUAVData01/uavforslb/final_image/final_sliced/20250707_C10_06841.jpg
11135,I3B,2023,7/12/23,6.5,7/13/23,20230713_I3B_11135.jpg,1,/mnt/research-projects/j/jlgage/RawUAVData01/uavforslb/final_image/final_sliced/20230713_I3B_11135.jpg
4979,C10,2025,7/11/25,4.0,7/11/25,20250711_C10_04979.jpg,0,/mnt/research-projects/j/jlgage/RawUAVData01/uavforslb/final_image/final_sliced/20250711_C10_04979.jpg
6851,C10,2025,7/14/25,4.0,7/14/25,20250714_C10_06851.jpg,0,/mnt/research-projects/j/jlgage/RawUAVData01/uavforslb/final_image/final_sliced/20250714_C10_06851.jpg
5476,C10,2025,7/2/25,5.5,7/4/25,20250704_C10_05476.jpg,2,/mnt/research-projects/j/jlgage/RawUAVData01/uavforslb/final_image/final_sliced/20250704_C10_05476.jpg
5053,C10,2025,7/11/25,4.0,7/11/25,20250711_C10_05053.jpg,0,/mnt/research-projects/j/jlgage/RawUAVData01/uavforslb/final_image/final_sliced/20250711_C10_05053.jpg
3043,G3,2023,7/26/23,7.0,7/27/23,20230727_G3_03043.jpg,1,/mnt/research-projects/j/jlgage/RawUAVData01/uavforslb/final_image/final_sliced/20230727_G3_03043.jpg
8096,G3,2023,7/20/23,5.0,7/20/23,20230720_G3_08096.jpg,0,/mnt/research-projects/j/jlgage/RawUAVData01/uavforslb/final_image/final_sliced/20230720_G3_08096.jpg
10340,I3B,2023,7/25/23,4.0,7/27/23,20230727_I3B_10340.jpg,2,/mnt/research-projects/j/jlgage/RawUAVData01/uavforslb/final_image/final_sliced/20230727_I3B_10340.jpg
1993,C7B,2025,7/7/25,7.0,7/7/25,20250707_C7B_01993.jpg,0,/mnt/research-projects/j/jlgage/RawUAVData01/uavforslb/final_image/final_sliced/20250707_C7B_01993.jpg
7267,G3,2023,7/19/23,5.5,7/20/23,20230720_G3_07267.jpg,1,/mnt/research-projects/j/jlgage/RawUAVData01/uavforslb/final_image/final_sliced/20230720_G3_07267.jpg
170,C7B,2025,6/30/25,7.0,7/1/25,20250701_C7B_00170.jpg,1,/mnt/research-projects/j/jlgage/RawUAVData01/uavforslb/final_image/final_sliced/20250701_C7B_00170.jpg
4475,C10,2025,7/2/25,6.5,7/4/25,20250704_C10_04475.jpg,2,/mnt/research-projects/j/jlgage/RawUAVData01/uavforslb/final_image/final_sliced/20250704_C10_04475.jpg
9566,I3B,2023,7/12/23,6.0,7/13/23,20230713_I3B_09566.jpg,1,/mnt/research-projects/j/jlgage/RawUAVData01/uavforslb/final_image/final_sliced/20230713_I3B_09566.jpg
11114,I3B,2023,7/12/23,7.5,7/13/23,20230713_I3B_11114.jpg,1,/mnt/research-projects/j/jlgage/RawUAVData01/uavforslb/final_image/final_sliced/20230713_I3B_11114.jpg
1296,C7B,2025,7/10/25,4.5,7/10/25,20250710_C7B_01296.jpg,0,/mnt/research-projects/j/jlgage/RawUAVData01/uavforslb/final_image/final_sliced/20250710_C7B_01296.jpg
1193,C7B,2025,7/1/25,6.5,7/1/25,20250701_C7B_01193.jpg,0,/mnt/research-projects/j/jlgage/RawUAVData01/uavforslb/final_image/final_sliced/20250701_C7B_01193.jpg
1169,C7B,2025,7/1/25,7.5,7/1/25,20250701_C7B_01169.jpg,0,/mnt/research-projects/j/jlgage/RawUAVData01/uavforslb/final_image/final_sliced/20250701_C7B_01169.jpg
6866,C10,2025,7/3/25,7.0,7/4/25,20250704_C10_06866.jpg,1,/mnt/research-projects/j/jlgage/RawUAVData01/uavforslb/final_image/final_sliced/20250704_C10_06866.jpg
10035,I3B,2023,7/12/23,6.0,7/13/23,20230713_I3B_10035.jpg,1,/mnt/research-projects/j/jlgage/RawUAVData01/uavforslb/final_image/final_sliced/20230713_I3B_10035.jpg
965,C7B,2025,7/1/25,7.0,7/1/25,20250701_C7B_00965.jpg,0,/mnt/research-projects/j/jlgage/RawUAVData01/uavforslb/final_image/final_sliced/20250701_C7B_00965.jpg
6010,C10,2025,7/2/25,7.0,7/4/25,20250704_C10_06010.jpg,2,/mnt/research-projects/j/jlgage/RawUAVData01/uavforslb/final_image/final_sliced/20250704_C10_06010.jpg
5771,C10,2025,7/1/25,7.0,6/28/25,20250628_C10_05771.jpg,-3,/mnt/research-projects/j/jlgage/RawUAVData01/uavforslb/final_image/final_sliced/20250628_C10_05771.jpg
11339,I3B,2023,7/19/23,7.0,7/20/23,20230720_I3B_11339.jpg,1,/mnt/research-projects/j/jlgage/RawUAVData01/uavforslb/final_image/final_sliced/20230720_I3B_11339.jpg
8040,G3,2023,7/26/23,3.0,7/27/23,20230727_G3_08040.jpg,1,/mnt/research-projects/j/jlgage/RawUAVData01/uavforslb/final_image/final_sliced/20230727_G3_08040.jpg
11336,I3B,2023,7/19/23,7.0,7/20/23,20230720_I3B_11336.jpg,1,/mnt/research-projects/j/jlgage/RawUAVData01/uavforslb/final_image/final_sliced/20230720_I3B_11336.jpg
53,C7B,2025,6/30/25,6.0,7/1/25,20250701_C7B_00053.jpg,1,/mnt/research-projects/j/jlgage/RawUAVData01/uavforslb/final_image/final_sliced/20250701_C7B_00053.jpg
11136,I3B,2023,7/12/23,7.0,7/13/23,20230713_I3B_11136.jpg,1,/mnt/research-projects/j/jlgage/RawUAVData01/uavforslb/final_image/final_sliced/20230713_I3B_11136.jpg
6790,C10,2025,7/3/25,8.0,7/4/25,20250704_C10_06790.jpg,1,/mnt/research-projects/j/jlgage/RawUAVData01/uavforslb/final_image/final_sliced/20250704_C10_06790.jpg
5298,C10,2025,7/2/25,4.0,7/4/25,20250704_C10_05298.jpg,2,/mnt/research-projects/j/jlgage/RawUAVData01/uavforslb/final_image/final_sliced/20250704_C10_05298.jpg
6834,C10,2025,7/8/25,7.5,7/7/25,20250707_C10_06834.jpg,-1,/mnt/research-projects/j/jlgage/RawUAVData01/uavforslb/final_image/final_sliced/20250707_C10_06834.jpg
4443,C10,2025,7/19/25,2.0,7/18/25,20250718_C10_04443.jpg,-1,/mnt/research-projects/j/jlgage/RawUAVData01/uavforslb/final_image/final_sliced/20250718_C10_04443.jpg
7383,G3,2023,7/20/23,8.0,7/20/23,20230720_G3_07383.jpg,0,/mnt/research-projects/j/jlgage/RawUAVData01/uavforslb/final_image/final_sliced/20230720_G3_07383.jpg
9838,I3B,2023,7/12/23,5.0,7/13/23,20230713_I3B_09838.jpg,1,/mnt/research-projects/j/jlgage/RawUAVData01/uavforslb/final_image/final_sliced/20230713_I3B_09838.jpg
8014,G3,2023,7/26/23,5.0,7/27/23,20230727_G3_08014.jpg,1,/mnt/research-projects/j/jlgage/RawUAVData01/uavforslb/final_image/final_sliced/20230727_G3_08014.jpg
1701,C7B,2025,7/10/25,3.0,7/10/25,20250710_C7B_01701.jpg,0,/mnt/research-projects/j/jlgage/RawUAVData01/uavforslb/final_image/final_sliced/20250710_C7B_01701.jpg
10833,I3B,2023,7/19/23,5.0,7/20/23,20230720_I3B_10833.jpg,1,/mnt/research-projects/j/jlgage/RawUAVData01/uavforslb/final_image/final_sliced/20230720_I3B_10833.jpg
8123,G3,2023,7/26/23,8.0,7/27/23,20230727_G3_08123.jpg,1,/mnt/research-projects/j/jlgage/RawUAVData01/uavforslb/final_image/final_sliced/20230727_G3_08123.jpg
2662,C7B,2025,7/13/25,4.0,7/12/25,20250712_C7B_02662.jpg,-1,/mnt/research-projects/j/jlgage/RawUAVData01/uavforslb/final_image/final_sliced/20250712_C7B_02662.jpg
160,C7B,2025,7/10/25,8.0,7/10/25,20250710_C7B_00160.jpg,0,/mnt/research-projects/j/jlgage/RawUAVData01/uavforslb/final_image/final_sliced/20250710_C7B_00160.jpg
11333,I3B,2023,7/19/23,5.5,7/20/23,20230720_I3B_11333.jpg,1,/mnt/research-projects/j/jlgage/RawUAVData01/uavforslb/final_image/final_sliced/20230720_I3B_11333.jpg
10726,I3B,2023,7/19/23,5.5,7/20/23,20230720_I3B_10726.jpg,1,/mnt/research-projects/j/jlgage/RawUAVData01/uavforslb/final_image/final_sliced/20230720_I3B_10726.jpg
7215,G3,2023,7/19/23,7.5,7/20/23,20230720_G3_07215.jpg,1,/mnt/research-projects/j/jlgage/RawUAVData01/uavforslb/final_image/final_sliced/20230720_G3_07215.jpg
11320,I3B,2023,7/19/23,7.0,7/20/23,20230720_I3B_11320.jpg,1,/mnt/research-projects/j/jlgage/RawUAVData01/uavforslb/final_image/final_sliced/20230720_I3B_11320.jpg
852,C7B,2025,7/18/25,4.0,7/18/25,20250718_C7B_00852.jpg,0,/mnt/research-projects/j/jlgage/RawUAVData01/uavforslb/final_image/final_sliced/20250718_C7B_00852.jpg
10363,I3B,2023,7/25/23,6.0,7/27/23,20230727_I3B_10363.jpg,2,/mnt/research-projects/j/jlgage/RawUAVData01/uavforslb/final_image/final_sliced/20230727_I3B_10363.jpg
4736,C10,2025,7/20/25,2.0,7/21/25,20250721_C10_04736.jpg,1,/mnt/research-projects/j/jlgage/RawUAVData01/uavforslb/final_image/final_sliced/20250721_C10_04736.jpg
4108,C10,2025,7/11/25,6.5,7/11/25,20250711_C10_04108.jpg,0,/mnt/research-projects/j/jlgage/RawUAVData01/uavforslb/final_image/final_sliced/20250711_C10_04108.jpg
9874,I3B,2023,7/12/23,4.0,7/13/23,20230713_I3B_09874.jpg,1,/mnt/research-projects/j/jlgage/RawUAVData01/uavforslb/final_image/final_sliced/20230713_I3B_09874.jpg
11075,I3B,2023,7/12/23,8.0,7/13/23,20230713_I3B_11075.jpg,1,/mnt/research-projects/j/jlgage/RawUAVData01/uavforslb/final_image/final_sliced/20230713_I3B_11075.jpg
7344,G3,2023,7/26/23,4.0,7/27/23,20230727_G3_07344.jpg,1,/mnt/research-projects/j/jlgage/RawUAVData01/uavforslb/final_image/final_sliced/20230727_G3_07344.jpg
2658,C7B,2025,7/8/25,7.5,7/7/25,20250707_C7B_02658.jpg,-1,/mnt/research-projects/j/jlgage/RawUAVData01/uavforslb/final_image/final_sliced/20250707_C7B_02658.jpg
125,C7B,2025,7/18/25,4.0,7/18/25,20250718_C7B_00125.jpg,0,/mnt/research-projects/j/jlgage/RawUAVData01/uavforslb/final_image/final_sliced/20250718_C7B_00125.jpg
6769,C10,2025,7/14/25,7.0,7/14/25,20250714_C10_06769.jpg,0,/mnt/research-projects/j/jlgage/RawUAVData01/uavforslb/final_image/final_sliced/20250714_C10_06769.jpg
7295,G3,2023,7/20/23,6.0,7/20/23,20230720_G3_07295.jpg,0,/mnt/research-projects/j/jlgage/RawUAVData01/uavforslb/final_image/final_sliced/20230720_G3_07295.jpg
4955,C10,2025,7/11/25,4.0,7/11/25,20250711_C10_04955.jpg,0,/mnt/research-projects/j/jlgage/RawUAVData01/uavforslb/final_image/final_sliced/20250711_C10_04955.jpg
5178,C10,2025,7/2/25,6.0,7/4/25,20250704_C10_05178.jpg,2,/mnt/research-projects/j/jlgage/RawUAVData01/uavforslb/final_image/final_sliced/20250704_C10_05178.jpg
3108,G3,2023,7/26/23,8.0,7/27/23,20230727_G3_03108.jpg,1,/mnt/research-projects/j/jlgage/RawUAVData01/uavforslb/final_image/final_sliced/20230727_G3_03108.jpg
10854,I3B,2023,7/19/23,6.0,7/20/23,20230720_I3B_10854.jpg,1,/mnt/research-projects/j/jlgage/RawUAVData01/uavforslb/final_image/final_sliced/20230720_I3B_10854.jpg
87,C7B,2025,7/10/25,5.0,7/10/25,20250710_C7B_00087.jpg,0,/mnt/research-projects/j/jlgage/RawUAVData01/uavforslb/final_image/final_sliced/20250710_C7B_00087.jpg
2672,C7B,2025,6/30/25,8.5,7/1/25,20250701_C7B_02672.jpg,1,/mnt/research-projects/j/jlgage/RawUAVData01/uavforslb/final_image/final_sliced/20250701_C7B_02672.jpg
10793,I3B,2023,7/19/23,6.0,7/20/23,20230720_I3B_10793.jpg,1,/mnt/research-projects/j/jlgage/RawUAVData01/uavforslb/final_image/final_sliced/20230720_I3B_10793.jpg
11352,I3B,2023,7/19/23,6.0,7/20/23,20230720_I3B_11352.jpg,1,/mnt/research-projects/j/jlgage/RawUAVData01/uavforslb/final_image/final_sliced/20230720_I3B_11352.jpg
8035,G3,2023,7/19/23,7.0,7/20/23,20230720_G3_08035.jpg,1,/mnt/research-projects/j/jlgage/RawUAVData01/uavforslb/final_image/final_sliced/20230720_G3_08035.jpg
3157,G3,2023,7/19/23,6.5,7/20/23,20230720_G3_03157.jpg,1,/mnt/research-projects/j/jlgage/RawUAVData01/uavforslb/final_image/final_sliced/20230720_G3_03157.jpg
1151,C7B,2025,7/18/25,2.0,7/18/25,20250718_C7B_01151.jpg,0,/mnt/research-projects/j/jlgage/RawUAVData01/uavforslb/final_image/final_sliced/20250718_C7B_01151.jpg
660,C7B,2025,7/10/25,7.0,7/10/25,20250710_C7B_00660.jpg,0,/mnt/research-projects/j/jlgage/RawUAVData01/uavforslb/final_image/final_sliced/20250710_C7B_00660.jpg
9690,I3B,2023,7/12/23,5.0,7/13/23,20230713_I3B_09690.jpg,1,/mnt/research-projects/j/jlgage/RawUAVData01/uavforslb/final_image/final_sliced/20230713_I3B_09690.jpg
5138,C10,2025,7/20/25,1.5,7/21/25,20250721_C10_05138.jpg,1,/mnt/research-projects/j/jlgage/RawUAVData01/uavforslb/final_image/final_sliced/20250721_C10_05138.jpg
1825,C7B,2025,7/10/25,6.5,7/10/25,20250710_C7B_01825.jpg,0,/mnt/research-projects/j/jlgage/RawUAVData01/uavforslb/final_image/final_sliced/20250710_C7B_01825.jpg
6046,C10,2025,7/11/25,5.0,7/11/25,20250711_C10_06046.jpg,0,/mnt/research-projects/j/jlgage/RawUAVData01/uavforslb/final_image/final_sliced/20250711_C10_06046.jpg
4453,C10,2025,7/19/25,3.5,7/18/25,20250718_C10_04453.jpg,-1,/mnt/research-projects/j/jlgage/RawUAVData01/uavforslb/final_image/final_sliced/20250718_C10_04453.jpg
5331,C10,2025,7/20/25,2.0,7/21/25,20250721_C10_05331.jpg,1,/mnt/research-projects/j/jlgage/RawUAVData01/uavforslb/final_image/final_sliced/20250721_C10_05331.jpg
526,C7B,2025,6/30/25,7.0,7/1/25,20250701_C7B_00526.jpg,1,/mnt/research-projects/j/jlgage/RawUAVData01/uavforslb/final_image/final_sliced/20250701_C7B_00526.jpg
10826,I3B,2023,7/19/23,7.0,7/20/23,20230720_I3B_10826.jpg,1,/mnt/research-projects/j/jlgage/RawUAVData01/uavforslb/final_image/final_sliced/20230720_I3B_10826.jpg
652,C7B,2025,7/10/25,6.0,7/10/25,20250710_C7B_00652.jpg,0,/mnt/research-projects/j/jlgage/RawUAVData01/uavforslb/final_image/final_sliced/20250710_C7B_00652.jpg
4620,C10,2025,7/11/25,7.5,7/11/25,20250711_C10_04620.jpg,0,/mnt/research-projects/j/jlgage/RawUAVData01/uavforslb/final_image/final_sliced/20250711_C10_04620.jpg
7269,G3,2023,7/26/23,4.0,7/27/23,20230727_G3_07269.jpg,1,/mnt/research-projects/j/jlgage/RawUAVData01/uavforslb/final_image/final_sliced/20230727_G3_07269.jpg
904,C7B,2025,7/10/25,7.5,7/10/25,20250710_C7B_00904.jpg,0,/mnt/research-projects/j/jlgage/RawUAVData01/uavforslb/final_image/final_sliced/20250710_C7B_00904.jpg
5560,C10,2025,7/2/25,5.0,7/4/25,20250704_C10_05560.jpg,2,/mnt/research-projects/j/jlgage/RawUAVData01/uavforslb/final_image/final_sliced/20250704_C10_05560.jpg
5656,C10,2025,7/20/25,4.5,7/21/25,20250721_C10_05656.jpg,1,/mnt/research-projects/j/jlgage/RawUAVData01/uavforslb/final_image/final_sliced/20250721_C10_05656.jpg
11200,I3B,2023,7/19/23,5.5,7/20/23,20230720_I3B_11200.jpg,1,/mnt/research-projects/j/jlgage/RawUAVData01/uavforslb/final_image/final_sliced/20230720_I3B_11200.jpg
548,C7B,2025,6/30/25,6.0,7/1/25,20250701_C7B_00548.jpg,1,/mnt/research-projects/j/jlgage/RawUAVData01/uavforslb/final_image/final_sliced/20250701_C7B_00548.jpg
6739,C10,2025,7/14/25,7.5,7/14/25,20250714_C10_06739.jpg,0,/mnt/research-projects/j/jlgage/RawUAVData01/uavforslb/final_image/final_sliced/20250714_C10_06739.jpg
7260,G3,2023,7/26/23,3.5,7/27/23,20230727_G3_07260.jpg,1,/mnt/research-projects/j/jlgage/RawUAVData01/uavforslb/final_image/final_sliced/20230727_G3_07260.jpg
9642,I3B,2023,7/12/23,4.5,7/13/23,20230713_I3B_09642.jpg,1,/mnt/research-projects/j/jlgage/RawUAVData01/uavforslb/final_image/final_sliced/20230713_I3B_09642.jpg
957,C7B,2025,7/18/25,4.0,7/18/25,20250718_C7B_00957.jpg,0,/mnt/research-projects/j/jlgage/RawUAVData01/uavforslb/final_image/final_sliced/20250718_C7B_00957.jpg
6668,C10,2025,6/30/25,7.5,6/28/25,20250628_C10_06668.jpg,-2,/mnt/research-projects/j/jlgage/RawUAVData01/uavforslb/final_image/final_sliced/20250628_C10_06668.jpg
5521,C10,2025,7/2/25,6.0,7/4/25,20250704_C10_05521.jpg,2,/mnt/research-projects/j/jlgage/RawUAVData01/uavforslb/final_image/final_sliced/20250704_C10_05521.jpg
869,C7B,2025,7/10/25,6.5,7/10/25,20250710_C7B_00869.jpg,0,/mnt/research-projects/j/jlgage/RawUAVData01/uavforslb/final_image/final_sliced/20250710_C7B_00869.jpg
5766,C10,2025,7/11/25,5.0,7/11/25,20250711_C10_05766.jpg,0,/mnt/research-projects/j/jlgage/RawUAVData01/uavforslb/final_image/final_sliced/20250711_C10_05766.jpg
843,C7B,2025,7/18/25,5.0,7/18/25,20250718_C7B_00843.jpg,0,/mnt/research-projects/j/jlgage/RawUAVData01/uavforslb/final_image/final_sliced/20250718_C7B_00843.jpg
3102,G3,2023,7/26/23,7.5,7/27/23,20230727_G3_03102.jpg,1,/mnt/research-projects/j/jlgage/RawUAVData01/uavforslb/final_image/final_sliced/20230727_G3_03102.jpg
3194,G3,2023,7/26/23,7.0,7/27/23,20230727_G3_03194.jpg,1,/mnt/research-projects/j/jlgage/RawUAVData01/uavforslb/final_image/final_sliced/20230727_G3_03194.jpg
8147,G3,2023,7/26/23,5.5,7/27/23,20230727_G3_08147.jpg,1,/mnt/research-projects/j/jlgage/RawUAVData01/uavforslb/final_image/final_sliced/20230727_G3_08147.jpg
9949,I3B,2023,7/12/23,6.0,7/13/23,20230713_I3B_09949.jpg,1,/mnt/research-projects/j/jlgage/RawUAVData01/uavforslb/final_image/final_sliced/20230713_I3B_09949.jpg
957,C7B,2025,7/1/25,7.0,7/1/25,20250701_C7B_00957.jpg,0,/mnt/research-projects/j/jlgage/RawUAVData01/uavforslb/final_image/final_sliced/20250701_C7B_00957.jpg
4835,C10,2025,7/2/25,5.0,7/4/25,20250704_C10_04835.jpg,2,/mnt/research-projects/j/jlgage/RawUAVData01/uavforslb/final_image/final_sliced/20250704_C10_04835.jpg
9648,I3B,2023,7/12/23,6.0,7/13/23,20230713_I3B_09648.jpg,1,/mnt/research-projects/j/jlgage/RawUAVData01/uavforslb/final_image/final_sliced/20230713_I3B_09648.jpg
1339,C7B,2025,7/10/25,6.0,7/10/25,20250710_C7B_01339.jpg,0,/mnt/research-projects/j/jlgage/RawUAVData01/uavforslb/final_image/final_sliced/20250710_C7B_01339.jpg
416,C7B,2025,7/4/25,6.0,7/4/25,20250704_C7B_00416.jpg,0,/mnt/research-projects/j/jlgage/RawUAVData01/uavforslb/final_image/final_sliced/20250704_C7B_00416.jpg
915,C7B,2025,7/1/25,6.0,7/1/25,20250701_C7B_00915.jpg,0,/mnt/research-projects/j/jlgage/RawUAVData01/uavforslb/final_image/final_sliced/20250701_C7B_00915.jpg
11138,I3B,2023,7/12/23,7.5,7/13/23,20230713_I3B_11138.jpg,1,/mnt/research-projects/j/jlgage/RawUAVData01/uavforslb/final_image/final_sliced/20230713_I3B_11138.jpg
4417,C10,2025,6/30/25,7.0,6/28/25,20250628_C10_04417.jpg,-2,/mnt/research-projects/j/jlgage/RawUAVData01/uavforslb/final_image/final_sliced/20250628_C10_04417.jpg
11177,I3B,2023,7/12/23,6.5,7/13/23,20230713_I3B_11177.jpg,1,/mnt/research-projects/j/jlgage/RawUAVData01/uavforslb/final_image/final_sliced/20230713_I3B_11177.jpg
11233,I3B,2023,7/19/23,7.0,7/20/23,20230720_I3B_11233.jpg,1,/mnt/research-projects/j/jlgage/RawUAVData01/uavforslb/final_image/final_sliced/20230720_I3B_11233.jpg
3205,G3,2023,7/26/23,6.0,7/27/23,20230727_G3_03205.jpg,1,/mnt/research-projects/j/jlgage/RawUAVData01/uavforslb/final_image/final_sliced/20230727_G3_03205.jpg
11061,I3B,2023,7/12/23,7.5,7/13/23,20230713_I3B_11061.jpg,1,/mnt/research-projects/j/jlgage/RawUAVData01/uavforslb/final_image/final_sliced/20230713_I3B_11061.jpg
1781,C7B,2025,7/1/25,8.0,7/1/25,20250701_C7B_01781.jpg,0,/mnt/research-projects/j/jlgage/RawUAVData01/uavforslb/final_image/final_sliced/20250701_C7B_01781.jpg
5125,C10,2025,7/20/25,3.0,7/21/25,20250721_C10_05125.jpg,1,/mnt/research-projects/j/jlgage/RawUAVData01/uavforslb/final_image/final_sliced/20250721_C10_05125.jpg
3101,G3,2023,7/26/23,8.0,7/27/23,20230727_G3_03101.jpg,1,/mnt/research-projects/j/jlgage/RawUAVData01/uavforslb/final_image/final_sliced/20230727_G3_03101.jpg
2638,C7B,2025,7/18/25,8.0,7/18/25,20250718_C7B_02638.jpg,0,/mnt/research-projects/j/jlgage/RawUAVData01/uavforslb/final_image/final_sliced/20250718_C7B_02638.jpg
7305,G3,2023,7/26/23,5.0,7/27/23,20230727_G3_07305.jpg,1,/mnt/research-projects/j/jlgage/RawUAVData01/uavforslb/final_image/final_sliced/20230727_G3_07305.jpg
7411,G3,2023,7/26/23,7.0,7/27/23,20230727_G3_07411.jpg,1,/mnt/research-projects/j/jlgage/RawUAVData01/uavforslb/final_image/final_sliced/20230727_G3_07411.jpg
6789,C10,2025,6/30/25,8.5,6/28/25,20250628_C10_06789.jpg,-2,/mnt/research-projects/j/jlgage/RawUAVData01/uavforslb/final_image/final_sliced/20250628_C10_06789.jpg
8142,G3,2023,7/26/23,5.0,7/27/23,20230727_G3_08142.jpg,1,/mnt/research-projects/j/jlgage/RawUAVData01/uavforslb/final_image/final_sliced/20230727_G3_08142.jpg
5842,C10,2025,7/19/25,2.0,7/18/25,20250718_C10_05842.jpg,-1,/mnt/research-projects/j/jlgage/RawUAVData01/uavforslb/final_image/final_sliced/20250718_C10_05842.jpg
752,C7B,2025,7/18/25,3.0,7/18/25,20250718_C7B_00752.jpg,0,/mnt/research-projects/j/jlgage/RawUAVData01/uavforslb/final_image/final_sliced/20250718_C7B_00752.jpg
3022,G3,2023,7/26/23,7.5,7/27/23,20230727_G3_03022.jpg,1,/mnt/research-projects/j/jlgage/RawUAVData01/uavforslb/final_image/final_sliced/20230727_G3_03022.jpg
10312,I3B,2023,7/25/23,3.0,7/27/23,20230727_I3B_10312.jpg,2,/mnt/research-projects/j/jlgage/RawUAVData01/uavforslb/final_image/final_sliced/20230727_I3B_10312.jpg
7420,G3,2023,7/26/23,7.0,7/27/23,20230727_G3_07420.jpg,1,/mnt/research-projects/j/jlgage/RawUAVData01/uavforslb/final_image/final_sliced/20230727_G3_07420.jpg
4260,C10,2025,7/11/25,3.0,7/11/25,20250711_C10_04260.jpg,0,/mnt/research-projects/j/jlgage/RawUAVData01/uavforslb/final_image/final_sliced/20250711_C10_04260.jpg
5888,C10,2025,7/11/25,4.5,7/11/25,20250711_C10_05888.jpg,0,/mnt/research-projects/j/jlgage/RawUAVData01/uavforslb/final_image/final_sliced/20250711_C10_05888.jpg
7486,G3,2023,7/20/23,7.5,7/20/23,20230720_G3_07486.jpg,0,/mnt/research-projects/j/jlgage/RawUAVData01/uavforslb/final_image/final_sliced/20230720_G3_07486.jpg
10972,I3B,2023,7/19/23,6.0,7/20/23,20230720_I3B_10972.jpg,1,/mnt/research-projects/j/jlgage/RawUAVData01/uavforslb/final_image/final_sliced/20230720_I3B_10972.jpg
6802,C10,2025,7/14/25,5.5,7/14/25,20250714_C10_06802.jpg,0,/mnt/research-projects/j/jlgage/RawUAVData01/uavforslb/final_image/final_sliced/20250714_C10_06802.jpg
4935,C10,2025,7/11/25,6.0,7/11/25,20250711_C10_04935.jpg,0,/mnt/research-projects/j/jlgage/RawUAVData01/uavforslb/final_image/final_sliced/20250711_C10_04935.jpg
11255,I3B,2023,7/19/23,5.5,7/20/23,20230720_I3B_11255.jpg,1,/mnt/research-projects/j/jlgage/RawUAVData01/uavforslb/final_image/final_sliced/20230720_I3B_11255.jpg
9982,I3B,2023,7/12/23,5.0,7/13/23,20230713_I3B_09982.jpg,1,/mnt/research-projects/j/jlgage/RawUAVData01/uavforslb/final_image/final_sliced/20230713_I3B_09982.jpg
5320,C10,2025,7/2/25,7.0,7/4/25,20250704_C10_05320.jpg,2,/mnt/research-projects/j/jlgage/RawUAVData01/uavforslb/final_image/final_sliced/20250704_C10_05320.jpg
55,C7B,2025,6/30/25,7.0,7/1/25,20250701_C7B_00055.jpg,1,/mnt/research-projects/j/jlgage/RawUAVData01/uavforslb/final_image/final_sliced/20250701_C7B_00055.jpg
7307,G3,2023,7/26/23,5.0,7/27/23,20230727_G3_07307.jpg,1,/mnt/research-projects/j/jlgage/RawUAVData01/uavforslb/final_image/final_sliced/20230727_G3_07307.jpg
10960,I3B,2023,7/19/23,6.5,7/20/23,20230720_I3B_10960.jpg,1,/mnt/research-projects/j/jlgage/RawUAVData01/uavforslb/final_image/final_sliced/20230720_I3B_10960.jpg
46,C7B,2025,7/18/25,2.0,7/18/25,20250718_C7B_00046.jpg,0,/mnt/research-projects/j/jlgage/RawUAVData01/uavforslb/final_image/final_sliced/20250718_C7B_00046.jpg
1731,C7B,2025,7/19/25,3.5,7/18/25,20250718_C7B_01731.jpg,-1,/mnt/research-projects/j/jlgage/RawUAVData01/uavforslb/final_image/final_sliced/20250718_C7B_01731.jpg
3005,G3,2023,7/19/23,8.0,7/20/23,20230720_G3_03005.jpg,1,/mnt/research-projects/j/jlgage/RawUAVData01/uavforslb/final_image/final_sliced/20230720_G3_03005.jpg
4009,C10,2025,7/11/25,6.0,7/11/25,20250711_C10_04009.jpg,0,/mnt/research-projects/j/jlgage/RawUAVData01/uavforslb/final_image/final_sliced/20250711_C10_04009.jpg
7377,G3,2023,7/26/23,8.0,7/27/23,20230727_G3_07377.jpg,1,/mnt/research-projects/j/jlgage/RawUAVData01/uavforslb/final_image/final_sliced/20230727_G3_07377.jpg
2817,C7B,2025,7/13/25,5.0,7/12/25,20250712_C7B_02817.jpg,-1,/mnt/research-projects/j/jlgage/RawUAVData01/uavforslb/final_image/final_sliced/20250712_C7B_02817.jpg
3012,G3,2023,7/26/23,7.5,7/27/23,20230727_G3_03012.jpg,1,/mnt/research-projects/j/jlgage/RawUAVData01/uavforslb/final_image/final_sliced/20230727_G3_03012.jpg
11040,I3B,2023,7/12/23,7.5,7/13/23,20230713_I3B_11040.jpg,1,/mnt/research-projects/j/jlgage/RawUAVData01/uavforslb/final_image/final_sliced/20230713_I3B_11040.jpg
1705,C7B,2025,7/1/25,5.0,7/1/25,20250701_C7B_01705.jpg,0,/mnt/research-projects/j/jlgage/RawUAVData01/uavforslb/final_image/final_sliced/20250701_C7B_01705.jpg
8095,G3,2023,7/26/23,8.0,7/27/23,20230727_G3_08095.jpg,1,/mnt/research-projects/j/jlgage/RawUAVData01/uavforslb/final_image/final_sliced/20230727_G3_08095.jpg
6816,C10,2025,7/14/25,6.0,7/14/25,20250714_C10_06816.jpg,0,/mnt/research-projects/j/jlgage/RawUAVData01/uavforslb/final_image/final_sliced/20250714_C10_06816.jpg
5524,C10,2025,7/2/25,7.0,7/4/25,20250704_C10_05524.jpg,2,/mnt/research-projects/j/jlgage/RawUAVData01/uavforslb/final_image/final_sliced/20250704_C10_05524.jpg
309,C7B,2025,7/10/25,4.0,7/10/25,20250710_C7B_00309.jpg,0,/mnt/research-projects/j/jlgage/RawUAVData01/uavforslb/final_image/final_sliced/20250710_C7B_00309.jpg
4434,C10,2025,7/11/25,6.5,7/11/25,20250711_C10_04434.jpg,0,/mnt/research-projects/j/jlgage/RawUAVData01/uavforslb/final_image/final_sliced/20250711_C10_04434.jpg
7320,G3,2023,7/26/23,8.0,7/27/23,20230727_G3_07320.jpg,1,/mnt/research-projects/j/jlgage/RawUAVData01/uavforslb/final_image/final_sliced/20230727_G3_07320.jpg
5127,C10,2025,7/11/25,4.0,7/11/25,20250711_C10_05127.jpg,0,/mnt/research-projects/j/jlgage/RawUAVData01/uavforslb/final_image/final_sliced/20250711_C10_05127.jpg
10324,I3B,2023,7/25/23,5.0,7/27/23,20230727_I3B_10324.jpg,2,/mnt/research-projects/j/jlgage/RawUAVData01/uavforslb/final_image/final_sliced/20230727_I3B_10324.jpg
4160,C10,2025,7/11/25,6.0,7/11/25,20250711_C10_04160.jpg,0,/mnt/research-projects/j/jlgage/RawUAVData01/uavforslb/final_image/final_sliced/20250711_C10_04160.jpg
10961,I3B,2023,7/19/23,5.5,7/20/23,20230720_I3B_10961.jpg,1,/mnt/research-projects/j/jlgage/RawUAVData01/uavforslb/final_image/final_sliced/20230720_I3B_10961.jpg
2833,C7B,2025,7/18/25,6.5,7/18/25,20250718_C7B_02833.jpg,0,/mnt/research-projects/j/jlgage/RawUAVData01/uavforslb/final_image/final_sliced/20250718_C7B_02833.jpg
3082,G3,2023,7/19/23,5.0,7/20/23,20230720_G3_03082.jpg,1,/mnt/research-projects/j/jlgage/RawUAVData01/uavforslb/final_image/final_sliced/20230720_G3_03082.jpg
7269,G3,2023,7/19/23,6.0,7/20/23,20230720_G3_07269.jpg,1,/mnt/research-projects/j/jlgage/RawUAVData01/uavforslb/final_image/final_sliced/20230720_G3_07269.jpg
5286,C10,2025,7/11/25,5.5,7/11/25,20250711_C10_05286.jpg,0,/mnt/research-projects/j/jlgage/RawUAVData01/uavforslb/final_image/final_sliced/20250711_C10_05286.jpg
7420,G3,2023,7/20/23,7.0,7/20/23,20230720_G3_07420.jpg,0,/mnt/research-projects/j/jlgage/RawUAVData01/uavforslb/final_image/final_sliced/20230720_G3_07420.jpg
872,C7B,2025,7/1/25,6.0,7/1/25,20250701_C7B_00872.jpg,0,/mnt/research-projects/j/jlgage/RawUAVData01/uavforslb/final_image/final_sliced/20250701_C7B_00872.jpg
487,C7B,2025,7/18/25,2.0,7/18/25,20250718_C7B_00487.jpg,0,/mnt/research-projects/j/jlgage/RawUAVData01/uavforslb/final_image/final_sliced/20250718_C7B_00487.jpg
7286,G3,2023,7/20/23,7.5,7/20/23,20230720_G3_07286.jpg,0,/mnt/research-projects/j/jlgage/RawUAVData01/uavforslb/final_image/final_sliced/20230720_G3_07286.jpg
4910,C10,2025,7/11/25,5.0,7/11/25,20250711_C10_04910.jpg,0,/mnt/research-projects/j/jlgage/RawUAVData01/uavforslb/final_image/final_sliced/20250711_C10_04910.jpg
7217,G3,2023,7/26/23,4.0,7/27/23,20230727_G3_07217.jpg,1,/mnt/research-projects/j/jlgage/RawUAVData01/uavforslb/final_image/final_sliced/20230727_G3_07217.jpg
10360,I3B,2023,7/25/23,4.0,7/27/23,20230727_I3B_10360.jpg,2,/mnt/research-projects/j/jlgage/RawUAVData01/uavforslb/final_image/final_sliced/20230727_I3B_10360.jpg
7314,G3,2023,7/26/23,8.0,7/27/23,20230727_G3_07314.jpg,1,/mnt/research-projects/j/jlgage/RawUAVData01/uavforslb/final_image/final_sliced/20230727_G3_07314.jpg
7327,G3,2023,7/20/23,7.5,7/20/23,20230720_G3_07327.jpg,0,/mnt/research-projects/j/jlgage/RawUAVData01/uavforslb/final_image/final_sliced/20230720_G3_07327.jpg
11302,I3B,2023,7/19/23,5.0,7/20/23,20230720_I3B_11302.jpg,1,/mnt/research-projects/j/jlgage/RawUAVData01/uavforslb/final_image/final_sliced/20230720_I3B_11302.jpg
7432,G3,2023,7/20/23,7.5,7/20/23,20230720_G3_07432.jpg,0,/mnt/research-projects/j/jlgage/RawUAVData01/uavforslb/final_image/final_sliced/20230720_G3_07432.jpg
1357,C7B,2025,7/18/25,3.0,7/18/25,20250718_C7B_01357.jpg,0,/mnt/research-projects/j/jlgage/RawUAVData01/uavforslb/final_image/final_sliced/20250718_C7B_01357.jpg
1491,C7B,2025,7/18/25,3.0,7/18/25,20250718_C7B_01491.jpg,0,/mnt/research-projects/j/jlgage/RawUAVData01/uavforslb/final_image/final_sliced/20250718_C7B_01491.jpg
14,C7B,2025,6/30/25,7.5,7/1/25,20250701_C7B_00014.jpg,1,/mnt/research-projects/j/jlgage/RawUAVData01/uavforslb/final_image/final_sliced/20250701_C7B_00014.jpg
1697,C7B,2025,7/1/25,8.0,7/1/25,20250701_C7B_01697.jpg,0,/mnt/research-projects/j/jlgage/RawUAVData01/uavforslb/final_image/final_sliced/20250701_C7B_01697.jpg
2006,C7B,2025,7/7/25,6.0,7/7/25,20250707_C7B_02006.jpg,0,/mnt/research-projects/j/jlgage/RawUAVData01/uavforslb/final_image/final_sliced/20250707_C7B_02006.jpg
9925,I3B,2023,7/12/23,6.0,7/13/23,20230713_I3B_09925.jpg,1,/mnt/research-projects/j/jlgage/RawUAVData01/uavforslb/final_image/final_sliced/20230713_I3B_09925.jpg
7506,G3,2023,7/26/23,8.0,7/27/23,20230727_G3_07506.jpg,1,/mnt/research-projects/j/jlgage/RawUAVData01/uavforslb/final_image/final_sliced/20230727_G3_07506.jpg
4189,C10,2025,7/7/25,7.0,7/7/25,20250707_C10_04189.jpg,0,/mnt/research-projects/j/jlgage/RawUAVData01/uavforslb/final_image/final_sliced/20250707_C10_04189.jpg
4375,C10,2025,6/30/25,6.0,6/28/25,20250628_C10_04375.jpg,-2,/mnt/research-projects/j/jlgage/RawUAVData01/uavforslb/final_image/final_sliced/20250628_C10_04375.jpg
1901,C7B,2025,7/1/25,8.0,7/1/25,20250701_C7B_01901.jpg,0,/mnt/research-projects/j/jlgage/RawUAVData01/uavforslb/final_image/final_sliced/20250701_C7B_01901.jpg
438,C7B,2025,7/18/25,6.0,7/18/25,20250718_C7B_00438.jpg,0,/mnt/research-projects/j/jlgage/RawUAVData01/uavforslb/final_image/final_sliced/20250718_C7B_00438.jpg
394,C7B,2025,6/30/25,6.0,7/1/25,20250701_C7B_00394.jpg,1,/mnt/research-projects/j/jlgage/RawUAVData01/uavforslb/final_image/final_sliced/20250701_C7B_00394.jpg
7252,G3,2023,7/26/23,7.5,7/27/23,20230727_G3_07252.jpg,1,/mnt/research-projects/j/jlgage/RawUAVData01/uavforslb/final_image/final_sliced/20230727_G3_07252.jpg
9702,I3B,2023,7/12/23,4.5,7/13/23,20230713_I3B_09702.jpg,1,/mnt/research-projects/j/jlgage/RawUAVData01/uavforslb/final_image/final_sliced/20230713_I3B_09702.jpg
8036,G3,2023,7/19/23,7.0,7/20/23,20230720_G3_08036.jpg,1,/mnt/research-projects/j/jlgage/RawUAVData01/uavforslb/final_image/final_sliced/20230720_G3_08036.jpg
4376,C10,2025,6/30/25,6.5,6/28/25,20250628_C10_04376.jpg,-2,/mnt/research-projects/j/jlgage/RawUAVData01/uavforslb/final_image/final_sliced/20250628_C10_04376.jpg
9747,I3B,2023,7/12/23,5.0,7/13/23,20230713_I3B_09747.jpg,1,/mnt/research-projects/j/jlgage/RawUAVData01/uavforslb/final_image/final_sliced/20230713_I3B_09747.jpg
4092,C10,2025,6/30/25,7.0,6/28/25,20250628_C10_04092.jpg,-2,/mnt/research-projects/j/jlgage/RawUAVData01/uavforslb/final_image/final_sliced/20250628_C10_04092.jpg
6847,C10,2025,7/8/25,8.0,7/7/25,20250707_C10_06847.jpg,-1,/mnt/research-projects/j/jlgage/RawUAVData01/uavforslb/final_image/final_sliced/20250707_C10_06847.jpg
5696,C10,2025,7/11/25,7.0,7/11/25,20250711_C10_05696.jpg,0,/mnt/research-projects/j/jlgage/RawUAVData01/uavforslb/final_image/final_sliced/20250711_C10_05696.jpg
8102,G3,2023,7/26/23,5.5,7/27/23,20230727_G3_08102.jpg,1,/mnt/research-projects/j/jlgage/RawUAVData01/uavforslb/final_image/final_sliced/20230727_G3_08102.jpg
10843,I3B,2023,7/19/23,6.0,7/20/23,20230720_I3B_10843.jpg,1,/mnt/research-projects/j/jlgage/RawUAVData01/uavforslb/final_image/final_sliced/20230720_I3B_10843.jpg
5060,C10,2025,7/20/25,3.0,7/21/25,20250721_C10_05060.jpg,1,/mnt/research-projects/j/jlgage/RawUAVData01/uavforslb/final_image/final_sliced/20250721_C10_05060.jpg
10249,I3B,2023,7/25/23,5.5,7/27/23,20230727_I3B_10249.jpg,2,/mnt/research-projects/j/jlgage/RawUAVData01/uavforslb/final_image/final_sliced/20230727_I3B_10249.jpg
3187,G3,2023,7/26/23,7.0,7/27/23,20230727_G3_03187.jpg,1,/mnt/research-projects/j/jlgage/RawUAVData01/uavforslb/final_image/final_sliced/20230727_G3_03187.jpg
521,C7B,2025,7/18/25,4.0,7/18/25,20250718_C7B_00521.jpg,0,/mnt/research-projects/j/jlgage/RawUAVData01/uavforslb/final_image/final_sliced/20250718_C7B_00521.jpg
11219,I3B,2023,7/19/23,6.0,7/20/23,20230720_I3B_11219.jpg,1,/mnt/research-projects/j/jlgage/RawUAVData01/uavforslb/final_image/final_sliced/20230720_I3B_11219.jpg
2804,C7B,2025,7/8/25,7.5,7/7/25,20250707_C7B_02804.jpg,-1,/mnt/research-projects/j/jlgage/RawUAVData01/uavforslb/final_image/final_sliced/20250707_C7B_02804.jpg
9843,I3B,2023,7/12/23,5.0,7/13/23,20230713_I3B_09843.jpg,1,/mnt/research-projects/j/jlgage/RawUAVData01/uavforslb/final_image/final_sliced/20230713_I3B_09843.jpg
9952,I3B,2023,7/12/23,5.5,7/13/23,20230713_I3B_09952.jpg,1,/mnt/research-projects/j/jlgage/RawUAVData01/uavforslb/final_image/final_sliced/20230713_I3B_09952.jpg
4042,C10,2025,7/7/25,8.0,7/7/25,20250707_C10_04042.jpg,0,/mnt/research-projects/j/jlgage/RawUAVData01/uavforslb/final_image/final_sliced/20250707_C10_04042.jpg
9584,I3B,2023,7/12/23,6.0,7/13/23,20230713_I3B_09584.jpg,1,/mnt/research-projects/j/jlgage/RawUAVData01/uavforslb/final_image/final_sliced/20230713_I3B_09584.jpg
1599,C7B,2025,7/10/25,6.0,7/10/25,20250710_C7B_01599.jpg,0,/mnt/research-projects/j/jlgage/RawUAVData01/uavforslb/final_image/final_sliced/20250710_C7B_01599.jpg
4217,C10,2025,7/7/25,7.0,7/7/25,20250707_C10_04217.jpg,0,/mnt/research-projects/j/jlgage/RawUAVData01/uavforslb/final_image/final_sliced/20250707_C10_04217.jpg
11021,I3B,2023,7/12/23,6.5,7/13/23,20230713_I3B_11021.jpg,1,/mnt/research-projects/j/jlgage/RawUAVData01/uavforslb/final_image/final_sliced/20230713_I3B_11021.jpg
5396,C10,2025,7/20/25,2.0,7/21/25,20250721_C10_05396.jpg,1,/mnt/research-projects/j/jlgage/RawUAVData01/uavforslb/final_image/final_sliced/20250721_C10_05396.jpg
9700,I3B,2023,7/12/23,5.0,7/13/23,20230713_I3B_09700.jpg,1,/mnt/research-projects/j/jlgage/RawUAVData01/uavforslb/final_image/final_sliced/20230713_I3B_09700.jpg
10756,I3B,2023,7/19/23,6.0,7/20/23,20230720_I3B_10756.jpg,1,/mnt/research-projects/j/jlgage/RawUAVData01/uavforslb/final_image/final_sliced/20230720_I3B_10756.jpg
6851,C10,2025,7/18/25,3.5,7/18/25,20250718_C10_06851.jpg,0,/mnt/research-projects/j/jlgage/RawUAVData01/uavforslb/final_image/final_sliced/20250718_C10_06851.jpg
11180,I3B,2023,7/12/23,7.0,7/13/23,20230713_I3B_11180.jpg,1,/mnt/research-projects/j/jlgage/RawUAVData01/uavforslb/final_image/final_sliced/20230713_I3B_11180.jpg
1998,C7B,2025,7/1/25,5.5,7/1/25,20250701_C7B_01998.jpg,0,/mnt/research-projects/j/jlgage/RawUAVData01/uavforslb/final_image/final_sliced/20250701_C7B_01998.jpg
4688,C10,2025,7/11/25,5.0,7/11/25,20250711_C10_04688.jpg,0,/mnt/research-projects/j/jlgage/RawUAVData01/uavforslb/final_image/final_sliced/20250711_C10_04688.jpg
6643,C10,2025,7/3/25,8.0,7/4/25,20250704_C10_06643.jpg,1,/mnt/research-projects/j/jlgage/RawUAVData01/uavforslb/final_image/final_sliced/20250704_C10_06643.jpg
7208,G3,2023,7/19/23,5.0,7/20/23,20230720_G3_07208.jpg,1,/mnt/research-projects/j/jlgage/RawUAVData01/uavforslb/final_image/final_sliced/20230720_G3_07208.jpg
5704,C10,2025,7/19/25,2.0,7/18/25,20250718_C10_05704.jpg,-1,/mnt/research-projects/j/jlgage/RawUAVData01/uavforslb/final_image/final_sliced/20250718_C10_05704.jpg
8069,G3,2023,7/19/23,8.5,7/20/23,20230720_G3_08069.jpg,1,/mnt/research-projects/j/jlgage/RawUAVData01/uavforslb/final_image/final_sliced/20230720_G3_08069.jpg
1453,C7B,2025,7/10/25,4.0,7/10/25,20250710_C7B_01453.jpg,0,/mnt/research-projects/j/jlgage/RawUAVData01/uavforslb/final_image/final_sliced/20250710_C7B_01453.jpg
9922,I3B,2023,7/12/23,5.5,7/13/23,20230713_I3B_09922.jpg,1,/mnt/research-projects/j/jlgage/RawUAVData01/uavforslb/final_image/final_sliced/20230713_I3B_09922.jpg
2746,C7B,2025,7/13/25,8.0,7/12/25,20250712_C7B_02746.jpg,-1,/mnt/research-projects/j/jlgage/RawUAVData01/uavforslb/final_image/final_sliced/20250712_C7B_02746.jpg
9851,I3B,2023,7/12/23,6.0,7/13/23,20230713_I3B_09851.jpg,1,/mnt/research-projects/j/jlgage/RawUAVData01/uavforslb/final_image/final_sliced/20230713_I3B_09851.jpg
10742,I3B,2023,7/19/23,6.0,7/20/23,20230720_I3B_10742.jpg,1,/mnt/research-projects/j/jlgage/RawUAVData01/uavforslb/final_image/final_sliced/20230720_I3B_10742.jpg
3053,G3,2023,7/19/23,5.0,7/20/23,20230720_G3_03053.jpg,1,/mnt/research-projects/j/jlgage/RawUAVData01/uavforslb/final_image/final_sliced/20230720_G3_03053.jpg
10891,I3B,2023,7/19/23,5.0,7/20/23,20230720_I3B_10891.jpg,1,/mnt/research-projects/j/jlgage/RawUAVData01/uavforslb/final_image/final_sliced/20230720_I3B_10891.jpg
3087,G3,2023,7/26/23,8.5,7/27/23,20230727_G3_03087.jpg,1,/mnt/research-projects/j/jlgage/RawUAVData01/uavforslb/final_image/final_sliced/20230727_G3_03087.jpg
11300,I3B,2023,7/19/23,6.0,7/20/23,20230720_I3B_11300.jpg,1,/mnt/research-projects/j/jlgage/RawUAVData01/uavforslb/final_image/final_sliced/20230720_I3B_11300.jpg
6802,C10,2025,6/30/25,8.0,6/28/25,20250628_C10_06802.jpg,-2,/mnt/research-projects/j/jlgage/RawUAVData01/uavforslb/final_image/final_sliced/20250628_C10_06802.jpg
7316,G3,2023,7/20/23,6.0,7/20/23,20230720_G3_07316.jpg,0,/mnt/research-projects/j/jlgage/RawUAVData01/uavforslb/final_image/final_sliced/20230720_G3_07316.jpg
7495,G3,2023,7/20/23,8.0,7/20/23,20230720_G3_07495.jpg,0,/mnt/research-projects/j/jlgage/RawUAVData01/uavforslb/final_image/final_sliced/20230720_G3_07495.jpg
4763,C10,2025,7/11/25,5.0,7/11/25,20250711_C10_04763.jpg,0,/mnt/research-projects/j/jlgage/RawUAVData01/uavforslb/final_image/final_sliced/20250711_C10_04763.jpg
2743,C7B,2025,7/8/25,8.0,7/7/25,20250707_C7B_02743.jpg,-1,/mnt/research-projects/j/jlgage/RawUAVData01/uavforslb/final_image/final_sliced/20250707_C7B_02743.jpg
6015,C10,2025,7/8/25,7.5,7/7/25,20250707_C10_06015.jpg,-1,/mnt/research-projects/j/jlgage/RawUAVData01/uavforslb/final_image/final_sliced/20250707_C10_06015.jpg
1702,C7B,2025,7/19/25,1.5,7/18/25,20250718_C7B_01702.jpg,-1,/mnt/research-projects/j/jlgage/RawUAVData01/uavforslb/final_image/final_sliced/20250718_C7B_01702.jpg
6865,C10,2025,7/8/25,8.0,7/7/25,20250707_C10_06865.jpg,-1,/mnt/research-projects/j/jlgage/RawUAVData01/uavforslb/final_image/final_sliced/20250707_C10_06865.jpg
5027,C10,2025,7/11/25,5.5,7/11/25,20250711_C10_05027.jpg,0,/mnt/research-projects/j/jlgage/RawUAVData01/uavforslb/final_image/final_sliced/20250711_C10_05027.jpg
4734,C10,2025,7/11/25,4.0,7/11/25,20250711_C10_04734.jpg,0,/mnt/research-projects/j/jlgage/RawUAVData01/uavforslb/final_image/final_sliced/20250711_C10_04734.jpg
3201,G3,2023,7/26/23,4.0,7/27/23,20230727_G3_03201.jpg,1,/mnt/research-projects/j/jlgage/RawUAVData01/uavforslb/final_image/final_sliced/20230727_G3_03201.jpg
5902,C10,2025,7/1/25,6.0,6/28/25,20250628_C10_05902.jpg,-3,/mnt/research-projects/j/jlgage/RawUAVData01/uavforslb/final_image/final_sliced/20250628_C10_05902.jpg
9878,I3B,2023,7/12/23,4.5,7/13/23,20230713_I3B_09878.jpg,1,/mnt/research-projects/j/jlgage/RawUAVData01/uavforslb/final_image/final_sliced/20230713_I3B_09878.jpg
7427,G3,2023,7/26/23,5.0,7/27/23,20230727_G3_07427.jpg,1,/mnt/research-projects/j/jlgage/RawUAVData01/uavforslb/final_image/final_sliced/20230727_G3_07427.jpg
10980,I3B,2023,7/19/23,7.0,7/20/23,20230720_I3B_10980.jpg,1,/mnt/research-projects/j/jlgage/RawUAVData01/uavforslb/final_image/final_sliced/20230720_I3B_10980.jpg
10264,I3B,2023,7/25/23,6.0,7/27/23,20230727_I3B_10264.jpg,2,/mnt/research-projects/j/jlgage/RawUAVData01/uavforslb/final_image/final_sliced/20230727_I3B_10264.jpg
4019,C10,2025,7/11/25,7.5,7/11/25,20250711_C10_04019.jpg,0,/mnt/research-projects/j/jlgage/RawUAVData01/uavforslb/final_image/final_sliced/20250711_C10_04019.jpg
4989,C10,2025,7/2/25,5.5,7/4/25,20250704_C10_04989.jpg,2,/mnt/research-projects/j/jlgage/RawUAVData01/uavforslb/final_image/final_sliced/20250704_C10_04989.jpg
4240,C10,2025,7/11/25,4.0,7/11/25,20250711_C10_04240.jpg,0,/mnt/research-projects/j/jlgage/RawUAVData01/uavforslb/final_image/final_sliced/20250711_C10_04240.jpg
402,C7B,2025,7/18/25,3.5,7/18/25,20250718_C7B_00402.jpg,0,/mnt/research-projects/j/jlgage/RawUAVData01/uavforslb/final_image/final_sliced/20250718_C7B_00402.jpg
5121,C10,2025,7/2/25,6.0,7/4/25,20250704_C10_05121.jpg,2,/mnt/research-projects/j/jlgage/RawUAVData01/uavforslb/final_image/final_sliced/20250704_C10_05121.jpg
7512,G3,2023,7/26/23,4.5,7/27/23,20230727_G3_07512.jpg,1,/mnt/research-projects/j/jlgage/RawUAVData01/uavforslb/final_image/final_sliced/20230727_G3_07512.jpg
8023,G3,2023,7/26/23,3.0,7/27/23,20230727_G3_08023.jpg,1,/mnt/research-projects/j/jlgage/RawUAVData01/uavforslb/final_image/final_sliced/20230727_G3_08023.jpg
2644,C7B,2025,7/13/25,7.0,7/12/25,20250712_C7B_02644.jpg,-1,/mnt/research-projects/j/jlgage/RawUAVData01/uavforslb/final_image/final_sliced/20250712_C7B_02644.jpg
7281,G3,2023,7/20/23,7.0,7/20/23,20230720_G3_07281.jpg,0,/mnt/research-projects/j/jlgage/RawUAVData01/uavforslb/final_image/final_sliced/20230720_G3_07281.jpg
10908,I3B,2023,7/19/23,5.5,7/20/23,20230720_I3B_10908.jpg,1,/mnt/research-projects/j/jlgage/RawUAVData01/uavforslb/final_image/final_sliced/20230720_I3B_10908.jpg
1102,C7B,2025,7/10/25,5.0,7/10/25,20250710_C7B_01102.jpg,0,/mnt/research-projects/j/jlgage/RawUAVData01/uavforslb/final_image/final_sliced/20250710_C7B_01102.jpg
1763,C7B,2025,7/10/25,4.0,7/10/25,20250710_C7B_01763.jpg,0,/mnt/research-projects/j/jlgage/RawUAVData01/uavforslb/final_image/final_sliced/20250710_C7B_01763.jpg
550,C7B,2025,7/18/25,4.0,7/18/25,20250718_C7B_00550.jpg,0,/mnt/research-projects/j/jlgage/RawUAVData01/uavforslb/final_image/final_sliced/20250718_C7B_00550.jpg
10376,I3B,2023,7/25/23,4.0,7/27/23,20230727_I3B_10376.jpg,2,/mnt/research-projects/j/jlgage/RawUAVData01/uavforslb/final_image/final_sliced/20230727_I3B_10376.jpg
6727,C10,2025,6/30/25,8.5,6/28/25,20250628_C10_06727.jpg,-2,/mnt/research-projects/j/jlgage/RawUAVData01/uavforslb/final_image/final_sliced/20250628_C10_06727.jpg
2872,C7B,2025,7/18/25,2.0,7/18/25,20250718_C7B_02872.jpg,0,/mnt/research-projects/j/jlgage/RawUAVData01/uavforslb/final_image/final_sliced/20250718_C7B_02872.jpg
7254,G3,2023,7/19/23,7.5,7/20/23,20230720_G3_07254.jpg,1,/mnt/research-projects/j/jlgage/RawUAVData01/uavforslb/final_image/final_sliced/20230720_G3_07254.jpg
4209,C10,2025,6/30/25,6.5,6/28/25,20250628_C10_04209.jpg,-2,/mnt/research-projects/j/jlgage/RawUAVData01/uavforslb/final_image/final_sliced/20250628_C10_04209.jpg
5829,C10,2025,7/8/25,4.5,7/7/25,20250707_C10_05829.jpg,-1,/mnt/research-projects/j/jlgage/RawUAVData01/uavforslb/final_image/final_sliced/20250707_C10_05829.jpg
9724,I3B,2023,7/12/23,5.0,7/13/23,20230713_I3B_09724.jpg,1,/mnt/research-projects/j/jlgage/RawUAVData01/uavforslb/final_image/final_sliced/20230713_I3B_09724.jpg
1038,C7B,2025,7/10/25,7.0,7/10/25,20250710_C7B_01038.jpg,0,/mnt/research-projects/j/jlgage/RawUAVData01/uavforslb/final_image/final_sliced/20250710_C7B_01038.jpg
9596,I3B,2023,7/12/23,7.0,7/13/23,20230713_I3B_09596.jpg,1,/mnt/research-projects/j/jlgage/RawUAVData01/uavforslb/final_image/final_sliced/20230713_I3B_09596.jpg
5577,C10,2025,7/20/25,2.0,7/21/25,20250721_C10_05577.jpg,1,/mnt/research-projects/j/jlgage/RawUAVData01/uavforslb/final_image/final_sliced/20250721_C10_05577.jpg
11231,I3B,2023,7/19/23,7.5,7/20/23,20230720_I3B_11231.jpg,1,/mnt/research-projects/j/jlgage/RawUAVData01/uavforslb/final_image/final_sliced/20230720_I3B_11231.jpg
296,C7B,2025,7/10/25,5.0,7/10/25,20250710_C7B_00296.jpg,0,/mnt/research-projects/j/jlgage/RawUAVData01/uavforslb/final_image/final_sliced/20250710_C7B_00296.jpg
3111,G3,2023,7/19/23,5.0,7/20/23,20230720_G3_03111.jpg,1,/mnt/research-projects/j/jlgage/RawUAVData01/uavforslb/final_image/final_sliced/20230720_G3_03111.jpg
1674,C7B,2025,7/10/25,4.0,7/10/25,20250710_C7B_01674.jpg,0,/mnt/research-projects/j/jlgage/RawUAVData01/uavforslb/final_image/final_sliced/20250710_C7B_01674.jpg
4310,C10,2025,7/7/25,5.5,7/7/25,20250707_C10_04310.jpg,0,/mnt/research-projects/j/jlgage/RawUAVData01/uavforslb/final_image/final_sliced/20250707_C10_04310.jpg
11295,I3B,2023,7/19/23,6.0,7/20/23,20230720_I3B_11295.jpg,1,/mnt/research-projects/j/jlgage/RawUAVData01/uavforslb/final_image/final_sliced/20230720_I3B_11295.jpg
5142,C10,2025,7/20/25,2.5,7/21/25,20250721_C10_05142.jpg,1,/mnt/research-projects/j/jlgage/RawUAVData01/uavforslb/final_image/final_sliced/20250721_C10_05142.jpg
6810,C10,2025,7/14/25,5.0,7/14/25,20250714_C10_06810.jpg,0,/mnt/research-projects/j/jlgage/RawUAVData01/uavforslb/final_image/final_sliced/20250714_C10_06810.jpg
6047,C10,2025,7/11/25,6.5,7/11/25,20250711_C10_06047.jpg,0,/mnt/research-projects/j/jlgage/RawUAVData01/uavforslb/final_image/final_sliced/20250711_C10_06047.jpg
11250,I3B,2023,7/19/23,6.0,7/20/23,20230720_I3B_11250.jpg,1,/mnt/research-projects/j/jlgage/RawUAVData01/uavforslb/final_image/final_sliced/20230720_I3B_11250.jpg
1945,C7B,2025,7/7/25,6.0,7/7/25,20250707_C7B_01945.jpg,0,/mnt/research-projects/j/jlgage/RawUAVData01/uavforslb/final_image/final_sliced/20250707_C7B_01945.jpg
7456,G3,2023,7/20/23,7.5,7/20/23,20230720_G3_07456.jpg,0,/mnt/research-projects/j/jlgage/RawUAVData01/uavforslb/final_image/final_sliced/20230720_G3_07456.jpg
10039,I3B,2023,7/12/23,5.0,7/13/23,20230713_I3B_10039.jpg,1,/mnt/research-projects/j/jlgage/RawUAVData01/uavforslb/final_image/final_sliced/20230713_I3B_10039.jpg
2706,C7B,2025,7/18/25,7.5,7/18/25,20250718_C7B_02706.jpg,0,/mnt/research-projects/j/jlgage/RawUAVData01/uavforslb/final_image/final_sliced/20250718_C7B_02706.jpg
8055,G3,2023,7/26/23,8.0,7/27/23,20230727_G3_08055.jpg,1,/mnt/research-projects/j/jlgage/RawUAVData01/uavforslb/final_image/final_sliced/20230727_G3_08055.jpg
4893,C10,2025,7/11/25,3.5,7/11/25,20250711_C10_04893.jpg,0,/mnt/research-projects/j/jlgage/RawUAVData01/uavforslb/final_image/final_sliced/20250711_C10_04893.jpg
3175,G3,2023,7/26/23,3.0,7/27/23,20230727_G3_03175.jpg,1,/mnt/research-projects/j/jlgage/RawUAVData01/uavforslb/final_image/final_sliced/20230727_G3_03175.jpg
7338,G3,2023,7/20/23,6.5,7/20/23,20230720_G3_07338.jpg,0,/mnt/research-projects/j/jlgage/RawUAVData01/uavforslb/final_image/final_sliced/20230720_G3_07338.jpg
4592,C10,2025,7/11/25,4.0,7/11/25,20250711_C10_04592.jpg,0,/mnt/research-projects/j/jlgage/RawUAVData01/uavforslb/final_image/final_sliced/20250711_C10_04592.jpg
7446,G3,2023,7/20/23,7.5,7/20/23,20230720_G3_07446.jpg,0,/mnt/research-projects/j/jlgage/RawUAVData01/uavforslb/final_image/final_sliced/20230720_G3_07446.jpg
4332,C10,2025,6/30/25,7.5,6/28/25,20250628_C10_04332.jpg,-2,/mnt/research-projects/j/jlgage/RawUAVData01/uavforslb/final_image/final_sliced/20250628_C10_04332.jpg
5278,C10,2025,7/11/25,6.5,7/11/25,20250711_C10_05278.jpg,0,/mnt/research-projects/j/jlgage/RawUAVData01/uavforslb/final_image/final_sliced/20250711_C10_05278.jpg
6013,C10,2025,7/8/25,5.0,7/7/25,20250707_C10_06013.jpg,-1,/mnt/research-projects/j/jlgage/RawUAVData01/uavforslb/final_image/final_sliced/20250707_C10_06013.jpg
696,C7B,2025,6/30/25,7.5,7/1/25,20250701_C7B_00696.jpg,1,/mnt/research-projects/j/jlgage/RawUAVData01/uavforslb/final_image/final_sliced/20250701_C7B_00696.jpg
2810,C7B,2025,6/30/25,8.0,7/1/25,20250701_C7B_02810.jpg,1,/mnt/research-projects/j/jlgage/RawUAVData01/uavforslb/final_image/final_sliced/20250701_C7B_02810.jpg
9834,I3B,2023,7/12/23,5.5,7/13/23,20230713_I3B_09834.jpg,1,/mnt/research-projects/j/jlgage/RawUAVData01/uavforslb/final_image/final_sliced/20230713_I3B_09834.jpg
5237,C10,2025,7/20/25,1.5,7/21/25,20250721_C10_05237.jpg,1,/mnt/research-projects/j/jlgage/RawUAVData01/uavforslb/final_image/final_sliced/20250721_C10_05237.jpg
8014,G3,2023,7/19/23,7.5,7/20/23,20230720_G3_08014.jpg,1,/mnt/research-projects/j/jlgage/RawUAVData01/uavforslb/final_image/final_sliced/20230720_G3_08014.jpg
9569,I3B,2023,7/12/23,6.0,7/13/23,20230713_I3B_09569.jpg,1,/mnt/research-projects/j/jlgage/RawUAVData01/uavforslb/final_image/final_sliced/20230713_I3B_09569.jpg
5955,C10,2025,7/2/25,6.5,7/4/25,20250704_C10_05955.jpg,2,/mnt/research-projects/j/jlgage/RawUAVData01/uavforslb/final_image/final_sliced/20250704_C10_05955.jpg
3195,G3,2023,7/19/23,6.0,7/20/23,20230720_G3_03195.jpg,1,/mnt/research-projects/j/jlgage/RawUAVData01/uavforslb/final_image/final_sliced/20230720_G3_03195.jpg
7393,G3,2023,7/26/23,7.0,7/27/23,20230727_G3_07393.jpg,1,/mnt/research-projects/j/jlgage/RawUAVData01/uavforslb/final_image/final_sliced/20230727_G3_07393.jpg
5502,C10,2025,7/11/25,4.5,7/11/25,20250711_C10_05502.jpg,0,/mnt/research-projects/j/jlgage/RawUAVData01/uavforslb/final_image/final_sliced/20250711_C10_05502.jpg
11330,I3B,2023,7/19/23,7.0,7/20/23,20230720_I3B_11330.jpg,1,/mnt/research-projects/j/jlgage/RawUAVData01/uavforslb/final_image/final_sliced/20230720_I3B_11330.jpg
7328,G3,2023,7/26/23,8.0,7/27/23,20230727_G3_07328.jpg,1,/mnt/research-projects/j/jlgage/RawUAVData01/uavforslb/final_image/final_sliced/20230727_G3_07328.jpg
7230,G3,2023,7/26/23,5.5,7/27/23,20230727_G3_07230.jpg,1,/mnt/research-projects/j/jlgage/RawUAVData01/uavforslb/final_image/final_sliced/20230727_G3_07230.jpg
1799,C7B,2025,7/1/25,7.0,7/1/25,20250701_C7B_01799.jpg,0,/mnt/research-projects/j/jlgage/RawUAVData01/uavforslb/final_image/final_sliced/20250701_C7B_01799.jpg
69,C7B,2025,7/4/25,5.0,7/4/25,20250704_C7B_00069.jpg,0,/mnt/research-projects/j/jlgage/RawUAVData01/uavforslb/final_image/final_sliced/20250704_C7B_00069.jpg
10885,I3B,2023,7/19/23,6.5,7/20/23,20230720_I3B_10885.jpg,1,/mnt/research-projects/j/jlgage/RawUAVData01/uavforslb/final_image/final_sliced/20230720_I3B_10885.jpg
383,C7B,2025,7/10/25,5.0,7/10/25,20250710_C7B_00383.jpg,0,/mnt/research-projects/j/jlgage/RawUAVData01/uavforslb/final_image/final_sliced/20250710_C7B_00383.jpg
450,C7B,2025,6/30/25,6.5,7/1/25,20250701_C7B_00450.jpg,1,/mnt/research-projects/j/jlgage/RawUAVData01/uavforslb/final_image/final_sliced/20250701_C7B_00450.jpg
11016,I3B,2023,7/19/23,6.0,7/20/23,20230720_I3B_11016.jpg,1,/mnt/research-projects/j/jlgage/RawUAVData01/uavforslb/final_image/final_sliced/20230720_I3B_11016.jpg
2698,C7B,2025,7/18/25,7.5,7/18/25,20250718_C7B_02698.jpg,0,/mnt/research-projects/j/jlgage/RawUAVData01/uavforslb/final_image/final_sliced/20250718_C7B_02698.jpg
2846,C7B,2025,7/8/25,6.5,7/7/25,20250707_C7B_02846.jpg,-1,/mnt/research-projects/j/jlgage/RawUAVData01/uavforslb/final_image/final_sliced/20250707_C7B_02846.jpg
11159,I3B,2023,7/12/23,7.5,7/13/23,20230713_I3B_11159.jpg,1,/mnt/research-projects/j/jlgage/RawUAVData01/uavforslb/final_image/final_sliced/20230713_I3B_11159.jpg
4832,C10,2025,7/11/25,4.5,7/11/25,20250711_C10_04832.jpg,0,/mnt/research-projects/j/jlgage/RawUAVData01/uavforslb/final_image/final_sliced/20250711_C10_04832.jpg
7532,G3,2023,7/26/23,8.0,7/27/23,20230727_G3_07532.jpg,1,/mnt/research-projects/j/jlgage/RawUAVData01/uavforslb/final_image/final_sliced/20230727_G3_07532.jpg
333,C7B,2025,6/30/25,7.0,7/1/25,20250701_C7B_00333.jpg,1,/mnt/research-projects/j/jlgage/RawUAVData01/uavforslb/final_image/final_sliced/20250701_C7B_00333.jpg
6812,C10,2025,7/14/25,8.0,7/14/25,20250714_C10_06812.jpg,0,/mnt/research-projects/j/jlgage/RawUAVData01/uavforslb/final_image/final_sliced/20250714_C10_06812.jpg
3170,G3,2023,7/26/23,7.5,7/27/23,20230727_G3_03170.jpg,1,/mnt/research-projects/j/jlgage/RawUAVData01/uavforslb/final_image/final_sliced/20230727_G3_03170.jpg
11091,I3B,2023,7/12/23,7.5,7/13/23,20230713_I3B_11091.jpg,1,/mnt/research-projects/j/jlgage/RawUAVData01/uavforslb/final_image/final_sliced/20230713_I3B_11091.jpg
337,C7B,2025,7/10/25,3.5,7/10/25,20250710_C7B_00337.jpg,0,/mnt/research-projects/j/jlgage/RawUAVData01/uavforslb/final_image/final_sliced/20250710_C7B_00337.jpg
8037,G3,2023,7/19/23,5.5,7/20/23,20230720_G3_08037.jpg,1,/mnt/research-projects/j/jlgage/RawUAVData01/uavforslb/final_image/final_sliced/20230720_G3_08037.jpg
4013,C10,2025,7/11/25,6.0,7/11/25,20250711_C10_04013.jpg,0,/mnt/research-projects/j/jlgage/RawUAVData01/uavforslb/final_image/final_sliced/20250711_C10_04013.jpg
10999,I3B,2023,7/19/23,6.0,7/20/23,20230720_I3B_10999.jpg,1,/mnt/research-projects/j/jlgage/RawUAVData01/uavforslb/final_image/final_sliced/20230720_I3B_10999.jpg
9580,I3B,2023,7/12/23,6.5,7/13/23,20230713_I3B_09580.jpg,1,/mnt/research-projects/j/jlgage/RawUAVData01/uavforslb/final_image/final_sliced/20230713_I3B_09580.jpg
6632,C10,2025,6/30/25,8.0,6/28/25,20250628_C10_06632.jpg,-2,/mnt/research-projects/j/jlgage/RawUAVData01/uavforslb/final_image/final_sliced/20250628_C10_06632.jpg
7463,G3,2023,7/26/23,5.5,7/27/23,20230727_G3_07463.jpg,1,/mnt/research-projects/j/jlgage/RawUAVData01/uavforslb/final_image/final_sliced/20230727_G3_07463.jpg
905,C7B,2025,7/18/25,3.0,7/18/25,20250718_C7B_00905.jpg,0,/mnt/research-projects/j/jlgage/RawUAVData01/uavforslb/final_image/final_sliced/20250718_C7B_00905.jpg
7392,G3,2023,7/20/23,6.5,7/20/23,20230720_G3_07392.jpg,0,/mnt/research-projects/j/jlgage/RawUAVData01/uavforslb/final_image/final_sliced/20230720_G3_07392.jpg
11132,I3B,2023,7/12/23,7.5,7/13/23,20230713_I3B_11132.jpg,1,/mnt/research-projects/j/jlgage/RawUAVData01/uavforslb/final_image/final_sliced/20230713_I3B_11132.jpg
7473,G3,2023,7/20/23,5.5,7/20/23,20230720_G3_07473.jpg,0,/mnt/research-projects/j/jlgage/RawUAVData01/uavforslb/final_image/final_sliced/20230720_G3_07473.jpg
25,C7B,2025,6/30/25,7.0,7/1/25,20250701_C7B_00025.jpg,1,/mnt/research-projects/j/jlgage/RawUAVData01/uavforslb/final_image/final_sliced/20250701_C7B_00025.jpg
11357,I3B,2023,7/19/23,6.5,7/20/23,20230720_I3B_11357.jpg,1,/mnt/research-projects/j/jlgage/RawUAVData01/uavforslb/final_image/final_sliced/20230720_I3B_11357.jpg
96,C7B,2025,6/30/25,7.5,7/1/25,20250701_C7B_00096.jpg,1,/mnt/research-projects/j/jlgage/RawUAVData01/uavforslb/final_image/final_sliced/20250701_C7B_00096.jpg
5521,C10,2025,7/20/25,2.0,7/21/25,20250721_C10_05521.jpg,1,/mnt/research-projects/j/jlgage/RawUAVData01/uavforslb/final_image/final_sliced/20250721_C10_05521.jpg
4436,C10,2025,7/11/25,4.5,7/11/25,20250711_C10_04436.jpg,0,/mnt/research-projects/j/jlgage/RawUAVData01/uavforslb/final_image/final_sliced/20250711_C10_04436.jpg
1077,C7B,2025,7/18/25,2.0,7/18/25,20250718_C7B_01077.jpg,0,/mnt/research-projects/j/jlgage/RawUAVData01/uavforslb/final_image/final_sliced/20250718_C7B_01077.jpg
2648,C7B,2025,7/13/25,7.5,7/12/25,20250712_C7B_02648.jpg,-1,/mnt/research-projects/j/jlgage/RawUAVData01/uavforslb/final_image/final_sliced/20250712_C7B_02648.jpg
10930,I3B,2023,7/19/23,6.0,7/20/23,20230720_I3B_10930.jpg,1,/mnt/research-projects/j/jlgage/RawUAVData01/uavforslb/final_image/final_sliced/20230720_I3B_10930.jpg
9860,I3B,2023,7/12/23,5.5,7/13/23,20230713_I3B_09860.jpg,1,/mnt/research-projects/j/jlgage/RawUAVData01/uavforslb/final_image/final_sliced/20230713_I3B_09860.jpg
349,C7B,2025,7/4/25,5.5,7/4/25,20250704_C7B_00349.jpg,0,/mnt/research-projects/j/jlgage/RawUAVData01/uavforslb/final_image/final_sliced/20250704_C7B_00349.jpg
4931,C10,2025,7/2/25,6.0,7/4/25,20250704_C10_04931.jpg,2,/mnt/research-projects/j/jlgage/RawUAVData01/uavforslb/final_image/final_sliced/20250704_C10_04931.jpg
9901,I3B,2023,7/12/23,5.5,7/13/23,20230713_I3B_09901.jpg,1,/mnt/research-projects/j/jlgage/RawUAVData01/uavforslb/final_image/final_sliced/20230713_I3B_09901.jpg
5467,C10,2025,7/20/25,2.5,7/21/25,20250721_C10_05467.jpg,1,/mnt/research-projects/j/jlgage/RawUAVData01/uavforslb/final_image/final_sliced/20250721_C10_05467.jpg
3011,G3,2023,7/19/23,7.0,7/20/23,20230720_G3_03011.jpg,1,/mnt/research-projects/j/jlgage/RawUAVData01/uavforslb/final_image/final_sliced/20230720_G3_03011.jpg
7387,G3,2023,7/26/23,4.5,7/27/23,20230727_G3_07387.jpg,1,/mnt/research-projects/j/jlgage/RawUAVData01/uavforslb/final_image/final_sliced/20230727_G3_07387.jpg
605,C7B,2025,7/18/25,3.0,7/18/25,20250718_C7B_00605.jpg,0,/mnt/research-projects/j/jlgage/RawUAVData01/uavforslb/final_image/final_sliced/20250718_C7B_00605.jpg
3146,G3,2023,7/26/23,7.0,7/27/23,20230727_G3_03146.jpg,1,/mnt/research-projects/j/jlgage/RawUAVData01/uavforslb/final_image/final_sliced/20230727_G3_03146.jpg
4649,C10,2025,7/20/25,2.5,7/21/25,20250721_C10_04649.jpg,1,/mnt/research-projects/j/jlgage/RawUAVData01/uavforslb/final_image/final_sliced/20250721_C10_04649.jpg
2005,C7B,2025,7/7/25,5.5,7/7/25,20250707_C7B_02005.jpg,0,/mnt/research-projects/j/jlgage/RawUAVData01/uavforslb/final_image/final_sliced/20250707_C7B_02005.jpg
6671,C10,2025,6/30/25,6.5,6/28/25,20250628_C10_06671.jpg,-2,/mnt/research-projects/j/jlgage/RawUAVData01/uavforslb/final_image/final_sliced/20250628_C10_06671.jpg
10244,I3B,2023,7/25/23,4.0,7/27/23,20230727_I3B_10244.jpg,2,/mnt/research-projects/j/jlgage/RawUAVData01/uavforslb/final_image/final_sliced/20230727_I3B_10244.jpg
1074,C7B,2025,7/1/25,7.0,7/1/25,20250701_C7B_01074.jpg,0,/mnt/research-projects/j/jlgage/RawUAVData01/uavforslb/final_image/final_sliced/20250701_C7B_01074.jpg
10821,I3B,2023,7/19/23,5.0,7/20/23,20230720_I3B_10821.jpg,1,/mnt/research-projects/j/jlgage/RawUAVData01/uavforslb/final_image/final_sliced/20230720_I3B_10821.jpg
4981,C10,2025,7/11/25,5.0,7/11/25,20250711_C10_04981.jpg,0,/mnt/research-projects/j/jlgage/RawUAVData01/uavforslb/final_image/final_sliced/20250711_C10_04981.jpg
8048,G3,2023,7/26/23,5.5,7/27/23,20230727_G3_08048.jpg,1,/mnt/research-projects/j/jlgage/RawUAVData01/uavforslb/final_image/final_sliced/20230727_G3_08048.jpg
5008,C10,2025,7/20/25,2.0,7/21/25,20250721_C10_05008.jpg,1,/mnt/research-projects/j/jlgage/RawUAVData01/uavforslb/final_image/final_sliced/20250721_C10_05008.jpg
10788,I3B,2023,7/19/23,5.5,7/20/23,20230720_I3B_10788.jpg,1,/mnt/research-projects/j/jlgage/RawUAVData01/uavforslb/final_image/final_sliced/20230720_I3B_10788.jpg
5478,C10,2025,7/2/25,5.5,7/4/25,20250704_C10_05478.jpg,2,/mnt/research-projects/j/jlgage/RawUAVData01/uavforslb/final_image/final_sliced/20250704_C10_05478.jpg
8155,G3,2023,7/20/23,8.0,7/20/23,20230720_G3_08155.jpg,0,/mnt/research-projects/j/jlgage/RawUAVData01/uavforslb/final_image/final_sliced/20230720_G3_08155.jpg
5874,C10,2025,7/19/25,7.0,7/18/25,20250718_C10_05874.jpg,-1,/mnt/research-projects/j/jlgage/RawUAVData01/uavforslb/final_image/final_sliced/20250718_C10_05874.jpg
5575,C10,2025,7/2/25,6.5,7/4/25,20250704_C10_05575.jpg,2,/mnt/research-projects/j/jlgage/RawUAVData01/uavforslb/final_image/final_sliced/20250704_C10_05575.jpg
3183,G3,2023,7/26/23,4.0,7/27/23,20230727_G3_03183.jpg,1,/mnt/research-projects/j/jlgage/RawUAVData01/uavforslb/final_image/final_sliced/20230727_G3_03183.jpg
11321,I3B,2023,7/19/23,7.0,7/20/23,20230720_I3B_11321.jpg,1,/mnt/research-projects/j/jlgage/RawUAVData01/uavforslb/final_image/final_sliced/20230720_I3B_11321.jpg
1615,C7B,2025,7/1/25,7.5,7/1/25,20250701_C7B_01615.jpg,0,/mnt/research-projects/j/jlgage/RawUAVData01/uavforslb/final_image/final_sliced/20250701_C7B_01615.jpg
7293,G3,2023,7/20/23,8.0,7/20/23,20230720_G3_07293.jpg,0,/mnt/research-projects/j/jlgage/RawUAVData01/uavforslb/final_image/final_sliced/20230720_G3_07293.jpg
575,C7B,2025,7/18/25,3.0,7/18/25,20250718_C7B_00575.jpg,0,/mnt/research-projects/j/jlgage/RawUAVData01/uavforslb/final_image/final_sliced/20250718_C7B_00575.jpg
11223,I3B,2023,7/19/23,6.0,7/20/23,20230720_I3B_11223.jpg,1,/mnt/research-projects/j/jlgage/RawUAVData01/uavforslb/final_image/final_sliced/20230720_I3B_11223.jpg
8165,G3,2023,7/20/23,7.5,7/20/23,20230720_G3_08165.jpg,0,/mnt/research-projects/j/jlgage/RawUAVData01/uavforslb/final_image/final_sliced/20230720_G3_08165.jpg
5307,C10,2025,7/11/25,7.0,7/11/25,20250711_C10_05307.jpg,0,/mnt/research-projects/j/jlgage/RawUAVData01/uavforslb/final_image/final_sliced/20250711_C10_05307.jpg
10813,I3B,2023,7/19/23,5.5,7/20/23,20230720_I3B_10813.jpg,1,/mnt/research-projects/j/jlgage/RawUAVData01/uavforslb/final_image/final_sliced/20230720_I3B_10813.jpg
2725,C7B,2025,6/30/25,8.5,7/1/25,20250701_C7B_02725.jpg,1,/mnt/research-projects/j/jlgage/RawUAVData01/uavforslb/final_image/final_sliced/20250701_C7B_02725.jpg
1562,C7B,2025,7/1/25,7.0,7/1/25,20250701_C7B_01562.jpg,0,/mnt/research-projects/j/jlgage/RawUAVData01/uavforslb/final_image/final_sliced/20250701_C7B_01562.jpg
11273,I3B,2023,7/19/23,7.0,7/20/23,20230720_I3B_11273.jpg,1,/mnt/research-projects/j/jlgage/RawUAVData01/uavforslb/final_image/final_sliced/20230720_I3B_11273.jpg
2747,C7B,2025,6/30/25,8.5,7/1/25,20250701_C7B_02747.jpg,1,/mnt/research-projects/j/jlgage/RawUAVData01/uavforslb/final_image/final_sliced/20250701_C7B_02747.jpg
2008,C7B,2025,7/19/25,5.5,7/18/25,20250718_C7B_02008.jpg,-1,/mnt/research-projects/j/jlgage/RawUAVData01/uavforslb/final_image/final_sliced/20250718_C7B_02008.jpg
4280,C10,2025,7/7/25,7.0,7/7/25,20250707_C10_04280.jpg,0,/mnt/research-projects/j/jlgage/RawUAVData01/uavforslb/final_image/final_sliced/20250707_C10_04280.jpg
7406,G3,2023,7/26/23,5.0,7/27/23,20230727_G3_07406.jpg,1,/mnt/research-projects/j/jlgage/RawUAVData01/uavforslb/final_image/final_sliced/20230727_G3_07406.jpg
1344,C7B,2025,7/10/25,4.0,7/10/25,20250710_C7B_01344.jpg,0,/mnt/research-projects/j/jlgage/RawUAVData01/uavforslb/final_image/final_sliced/20250710_C7B_01344.jpg
3171,G3,2023,7/19/23,5.5,7/20/23,20230720_G3_03171.jpg,1,/mnt/research-projects/j/jlgage/RawUAVData01/uavforslb/final_image/final_sliced/20230720_G3_03171.jpg
436,C7B,2025,7/4/25,7.5,7/4/25,20250704_C7B_00436.jpg,0,/mnt/research-projects/j/jlgage/RawUAVData01/uavforslb/final_image/final_sliced/20250704_C7B_00436.jpg
10306,I3B,2023,7/25/23,4.0,7/27/23,20230727_I3B_10306.jpg,2,/mnt/research-projects/j/jlgage/RawUAVData01/uavforslb/final_image/final_sliced/20230727_I3B_10306.jpg
4017,C10,2025,6/30/25,8.0,6/28/25,20250628_C10_04017.jpg,-2,/mnt/research-projects/j/jlgage/RawUAVData01/uavforslb/final_image/final_sliced/20250628_C10_04017.jpg
10314,I3B,2023,7/25/23,3.0,7/27/23,20230727_I3B_10314.jpg,2,/mnt/research-projects/j/jlgage/RawUAVData01/uavforslb/final_image/final_sliced/20230727_I3B_10314.jpg
865,C7B,2025,7/10/25,5.0,7/10/25,20250710_C7B_00865.jpg,0,/mnt/research-projects/j/jlgage/RawUAVData01/uavforslb/final_image/final_sliced/20250710_C7B_00865.jpg
10409,I3B,2023,7/25/23,5.0,7/27/23,20230727_I3B_10409.jpg,2,/mnt/research-projects/j/jlgage/RawUAVData01/uavforslb/final_image/final_sliced/20230727_I3B_10409.jpg
7322,G3,2023,7/26/23,8.0,7/27/23,20230727_G3_07322.jpg,1,/mnt/research-projects/j/jlgage/RawUAVData01/uavforslb/final_image/final_sliced/20230727_G3_07322.jpg
1699,C7B,2025,7/10/25,5.0,7/10/25,20250710_C7B_01699.jpg,0,/mnt/research-projects/j/jlgage/RawUAVData01/uavforslb/final_image/final_sliced/20250710_C7B_01699.jpg
10924,I3B,2023,7/19/23,6.0,7/20/23,20230720_I3B_10924.jpg,1,/mnt/research-projects/j/jlgage/RawUAVData01/uavforslb/final_image/final_sliced/20230720_I3B_10924.jpg
11198,I3B,2023,7/19/23,5.5,7/20/23,20230720_I3B_11198.jpg,1,/mnt/research-projects/j/jlgage/RawUAVData01/uavforslb/final_image/final_sliced/20230720_I3B_11198.jpg
11249,I3B,2023,7/19/23,5.0,7/20/23,20230720_I3B_11249.jpg,1,/mnt/research-projects/j/jlgage/RawUAVData01/uavforslb/final_image/final_sliced/20230720_I3B_11249.jpg
1531,C7B,2025,7/1/25,6.0,7/1/25,20250701_C7B_01531.jpg,0,/mnt/research-projects/j/jlgage/RawUAVData01/uavforslb/final_image/final_sliced/20250701_C7B_01531.jpg
11120,I3B,2023,7/12/23,7.5,7/13/23,20230713_I3B_11120.jpg,1,/mnt/research-projects/j/jlgage/RawUAVData01/uavforslb/final_image/final_sliced/20230713_I3B_11120.jpg
9957,I3B,2023,7/12/23,5.5,7/13/23,20230713_I3B_09957.jpg,1,/mnt/research-projects/j/jlgage/RawUAVData01/uavforslb/final_image/final_sliced/20230713_I3B_09957.jpg
3179,G3,2023,7/19/23,7.5,7/20/23,20230720_G3_03179.jpg,1,/mnt/research-projects/j/jlgage/RawUAVData01/uavforslb/final_image/final_sliced/20230720_G3_03179.jpg
7522,G3,2023,7/20/23,6.5,7/20/23,20230720_G3_07522.jpg,0,/mnt/research-projects/j/jlgage/RawUAVData01/uavforslb/final_image/final_sliced/20230720_G3_07522.jpg
11307,I3B,2023,7/19/23,5.5,7/20/23,20230720_I3B_11307.jpg,1,/mnt/research-projects/j/jlgage/RawUAVData01/uavforslb/final_image/final_sliced/20230720_I3B_11307.jpg
1817,C7B,2025,7/7/25,6.0,7/7/25,20250707_C7B_01817.jpg,0,/mnt/research-projects/j/jlgage/RawUAVData01/uavforslb/final_image/final_sliced/20250707_C7B_01817.jpg
707,C7B,2025,7/18/25,3.0,7/18/25,20250718_C7B_00707.jpg,0,/mnt/research-projects/j/jlgage/RawUAVData01/uavforslb/final_image/final_sliced/20250718_C7B_00707.jpg
9827,I3B,2023,7/12/23,4.5,7/13/23,20230713_I3B_09827.jpg,1,/mnt/research-projects/j/jlgage/RawUAVData01/uavforslb/final_image/final_sliced/20230713_I3B_09827.jpg
5239,C10,2025,7/11/25,5.0,7/11/25,20250711_C10_05239.jpg,0,/mnt/research-projects/j/jlgage/RawUAVData01/uavforslb/final_image/final_sliced/20250711_C10_05239.jpg
4075,C10,2025,7/11/25,3.5,7/11/25,20250711_C10_04075.jpg,0,/mnt/research-projects/j/jlgage/RawUAVData01/uavforslb/final_image/final_sliced/20250711_C10_04075.jpg
9725,I3B,2023,7/12/23,5.0,7/13/23,20230713_I3B_09725.jpg,1,/mnt/research-projects/j/jlgage/RawUAVData01/uavforslb/final_image/final_sliced/20230713_I3B_09725.jpg
8008,G3,2023,7/19/23,7.0,7/20/23,20230720_G3_08008.jpg,1,/mnt/research-projects/j/jlgage/RawUAVData01/uavforslb/final_image/final_sliced/20230720_G3_08008.jpg
10912,I3B,2023,7/19/23,4.5,7/20/23,20230720_I3B_10912.jpg,1,/mnt/research-projects/j/jlgage/RawUAVData01/uavforslb/final_image/final_sliced/20230720_I3B_10912.jpg
5853,C10,2025,7/19/25,1.5,7/18/25,20250718_C10_05853.jpg,-1,/mnt/research-projects/j/jlgage/RawUAVData01/uavforslb/final_image/final_sliced/20250718_C10_05853.jpg
4216,C10,2025,7/11/25,4.5,7/11/25,20250711_C10_04216.jpg,0,/mnt/research-projects/j/jlgage/RawUAVData01/uavforslb/final_image/final_sliced/20250711_C10_04216.jpg
7342,G3,2023,7/20/23,7.5,7/20/23,20230720_G3_07342.jpg,0,/mnt/research-projects/j/jlgage/RawUAVData01/uavforslb/final_image/final_sliced/20230720_G3_07342.jpg
3077,G3,2023,7/26/23,8.0,7/27/23,20230727_G3_03077.jpg,1,/mnt/research-projects/j/jlgage/RawUAVData01/uavforslb/final_image/final_sliced/20230727_G3_03077.jpg
8156,G3,2023,7/20/23,5.5,7/20/23,20230720_G3_08156.jpg,0,/mnt/research-projects/j/jlgage/RawUAVData01/uavforslb/final_image/final_sliced/20230720_G3_08156.jpg
4127,C10,2025,6/30/25,8.0,6/28/25,20250628_C10_04127.jpg,-2,/mnt/research-projects/j/jlgage/RawUAVData01/uavforslb/final_image/final_sliced/20250628_C10_04127.jpg
7343,G3,2023,7/20/23,8.0,7/20/23,20230720_G3_07343.jpg,0,/mnt/research-projects/j/jlgage/RawUAVData01/uavforslb/final_image/final_sliced/20230720_G3_07343.jpg
4370,C10,2025,7/11/25,4.0,7/11/25,20250711_C10_04370.jpg,0,/mnt/research-projects/j/jlgage/RawUAVData01/uavforslb/final_image/final_sliced/20250711_C10_04370.jpg
5767,C10,2025,7/11/25,3.0,7/11/25,20250711_C10_05767.jpg,0,/mnt/research-projects/j/jlgage/RawUAVData01/uavforslb/final_image/final_sliced/20250711_C10_05767.jpg
902,C7B,2025,7/1/25,7.0,7/1/25,20250701_C7B_00902.jpg,0,/mnt/research-projects/j/jlgage/RawUAVData01/uavforslb/final_image/final_sliced/20250701_C7B_00902.jpg
4746,C10,2025,7/20/25,2.0,7/21/25,20250721_C10_04746.jpg,1,/mnt/research-projects/j/jlgage/RawUAVData01/uavforslb/final_image/final_sliced/20250721_C10_04746.jpg
9908,I3B,2023,7/12/23,5.0,7/13/23,20230713_I3B_09908.jpg,1,/mnt/research-projects/j/jlgage/RawUAVData01/uavforslb/final_image/final_sliced/20230713_I3B_09908.jpg
7271,G3,2023,7/26/23,5.5,7/27/23,20230727_G3_07271.jpg,1,/mnt/research-projects/j/jlgage/RawUAVData01/uavforslb/final_image/final_sliced/20230727_G3_07271.jpg
7418,G3,2023,7/20/23,7.0,7/20/23,20230720_G3_07418.jpg,0,/mnt/research-projects/j/jlgage/RawUAVData01/uavforslb/final_image/final_sliced/20230720_G3_07418.jpg
572,C7B,2025,6/30/25,6.0,7/1/25,20250701_C7B_00572.jpg,1,/mnt/research-projects/j/jlgage/RawUAVData01/uavforslb/final_image/final_sliced/20250701_C7B_00572.jpg
8031,G3,2023,7/19/23,8.0,7/20/23,20230720_G3_08031.jpg,1,/mnt/research-projects/j/jlgage/RawUAVData01/uavforslb/final_image/final_sliced/20230720_G3_08031.jpg
3196,G3,2023,7/19/23,7.5,7/20/23,20230720_G3_03196.jpg,1,/mnt/research-projects/j/jlgage/RawUAVData01/uavforslb/final_image/final_sliced/20230720_G3_03196.jpg
7315,G3,2023,7/20/23,5.0,7/20/23,20230720_G3_07315.jpg,0,/mnt/research-projects/j/jlgage/RawUAVData01/uavforslb/final_image/final_sliced/20230720_G3_07315.jpg
9818,I3B,2023,7/12/23,5.0,7/13/23,20230713_I3B_09818.jpg,1,/mnt/research-projects/j/jlgage/RawUAVData01/uavforslb/final_image/final_sliced/20230713_I3B_09818.jpg
61,C7B,2025,7/18/25,4.5,7/18/25,20250718_C7B_00061.jpg,0,/mnt/research-projects/j/jlgage/RawUAVData01/uavforslb/final_image/final_sliced/20250718_C7B_00061.jpg
7335,G3,2023,7/20/23,7.5,7/20/23,20230720_G3_07335.jpg,0,/mnt/research-projects/j/jlgage/RawUAVData01/uavforslb/final_image/final_sliced/20230720_G3_07335.jpg
334,C7B,2025,7/10/25,5.0,7/10/25,20250710_C7B_00334.jpg,0,/mnt/research-projects/j/jlgage/RawUAVData01/uavforslb/final_image/final_sliced/20250710_C7B_00334.jpg
124,C7B,2025,7/18/25,3.0,7/18/25,20250718_C7B_00124.jpg,0,/mnt/research-projects/j/jlgage/RawUAVData01/uavforslb/final_image/final_sliced/20250718_C7B_00124.jpg
1523,C7B,2025,7/10/25,5.5,7/10/25,20250710_C7B_01523.jpg,0,/mnt/research-projects/j/jlgage/RawUAVData01/uavforslb/final_image/final_sliced/20250710_C7B_01523.jpg
11270,I3B,2023,7/19/23,5.5,7/20/23,20230720_I3B_11270.jpg,1,/mnt/research-projects/j/jlgage/RawUAVData01/uavforslb/final_image/final_sliced/20230720_I3B_11270.jpg
8027,G3,2023,7/19/23,8.0,7/20/23,20230720_G3_08027.jpg,1,/mnt/research-projects/j/jlgage/RawUAVData01/uavforslb/final_image/final_sliced/20230720_G3_08027.jpg
2775,C7B,2025,7/8/25,8.0,7/7/25,20250707_C7B_02775.jpg,-1,/mnt/research-projects/j/jlgage/RawUAVData01/uavforslb/final_image/final_sliced/20250707_C7B_02775.jpg
5118,C10,2025,7/20/25,2.0,7/21/25,20250721_C10_05118.jpg,1,/mnt/research-projects/j/jlgage/RawUAVData01/uavforslb/final_image/final_sliced/20250721_C10_05118.jpg
7280,G3,2023,7/26/23,8.0,7/27/23,20230727_G3_07280.jpg,1,/mnt/research-projects/j/jlgage/RawUAVData01/uavforslb/final_image/final_sliced/20230727_G3_07280.jpg
1886,C7B,2025,7/7/25,6.0,7/7/25,20250707_C7B_01886.jpg,0,/mnt/research-projects/j/jlgage/RawUAVData01/uavforslb/final_image/final_sliced/20250707_C7B_01886.jpg
5277,C10,2025,7/2/25,4.5,7/4/25,20250704_C10_05277.jpg,2,/mnt/research-projects/j/jlgage/RawUAVData01/uavforslb/final_image/final_sliced/20250704_C10_05277.jpg
9576,I3B,2023,7/12/23,5.0,7/13/23,20230713_I3B_09576.jpg,1,/mnt/research-projects/j/jlgage/RawUAVData01/uavforslb/final_image/final_sliced/20230713_I3B_09576.jpg
5491,C10,2025,7/2/25,7.0,7/4/25,20250704_C10_05491.jpg,2,/mnt/research-projects/j/jlgage/RawUAVData01/uavforslb/final_image/final_sliced/20250704_C10_05491.jpg
8002,G3,2023,7/19/23,4.0,7/20/23,20230720_G3_08002.jpg,1,/mnt/research-projects/j/jlgage/RawUAVData01/uavforslb/final_image/final_sliced/20230720_G3_08002.jpg
3033,G3,2023,7/26/23,8.0,7/27/23,20230727_G3_03033.jpg,1,/mnt/research-projects/j/jlgage/RawUAVData01/uavforslb/final_image/final_sliced/20230727_G3_03033.jpg
8091,G3,2023,7/26/23,8.0,7/27/23,20230727_G3_08091.jpg,1,/mnt/research-projects/j/jlgage/RawUAVData01/uavforslb/final_image/final_sliced/20230727_G3_08091.jpg
1598,C7B,2025,7/1/25,7.0,7/1/25,20250701_C7B_01598.jpg,0,/mnt/research-projects/j/jlgage/RawUAVData01/uavforslb/final_image/final_sliced/20250701_C7B_01598.jpg
11086,I3B,2023,7/12/23,6.0,7/13/23,20230713_I3B_11086.jpg,1,/mnt/research-projects/j/jlgage/RawUAVData01/uavforslb/final_image/final_sliced/20230713_I3B_11086.jpg
1362,C7B,2025,7/1/25,6.0,7/1/25,20250701_C7B_01362.jpg,0,/mnt/research-projects/j/jlgage/RawUAVData01/uavforslb/final_image/final_sliced/20250701_C7B_01362.jpg
7299,G3,2023,7/26/23,8.0,7/27/23,20230727_G3_07299.jpg,1,/mnt/research-projects/j/jlgage/RawUAVData01/uavforslb/final_image/final_sliced/20230727_G3_07299.jpg
10895,I3B,2023,7/19/23,7.0,7/20/23,20230720_I3B_10895.jpg,1,/mnt/research-projects/j/jlgage/RawUAVData01/uavforslb/final_image/final_sliced/20230720_I3B_10895.jpg
8042,G3,2023,7/19/23,7.0,7/20/23,20230720_G3_08042.jpg,1,/mnt/research-projects/j/jlgage/RawUAVData01/uavforslb/final_image/final_sliced/20230720_G3_08042.jpg
771,C7B,2025,6/30/25,7.5,7/1/25,20250701_C7B_00771.jpg,1,/mnt/research-projects/j/jlgage/RawUAVData01/uavforslb/final_image/final_sliced/20250701_C7B_00771.jpg
3141,G3,2023,7/26/23,6.0,7/27/23,20230727_G3_03141.jpg,1,/mnt/research-projects/j/jlgage/RawUAVData01/uavforslb/final_image/final_sliced/20230727_G3_03141.jpg
11098,I3B,2023,7/12/23,7.5,7/13/23,20230713_I3B_11098.jpg,1,/mnt/research-projects/j/jlgage/RawUAVData01/uavforslb/final_image/final_sliced/20230713_I3B_11098.jpg
9597,I3B,2023,7/12/23,6.0,7/13/23,20230713_I3B_09597.jpg,1,/mnt/research-projects/j/jlgage/RawUAVData01/uavforslb/final_image/final_sliced/20230713_I3B_09597.jpg
1244,C7B,2025,7/18/25,2.0,7/18/25,20250718_C7B_01244.jpg,0,/mnt/research-projects/j/jlgage/RawUAVData01/uavforslb/final_image/final_sliced/20250718_C7B_01244.jpg
8022,G3,2023,7/19/23,4.0,7/20/23,20230720_G3_08022.jpg,1,/mnt/research-projects/j/jlgage/RawUAVData01/uavforslb/final_image/final_sliced/20230720_G3_08022.jpg
4758,C10,2025,7/2/25,6.0,7/4/25,20250704_C10_04758.jpg,2,/mnt/research-projects/j/jlgage/RawUAVData01/uavforslb/final_image/final_sliced/20250704_C10_04758.jpg
5568,C10,2025,7/2/25,6.5,7/4/25,20250704_C10_05568.jpg,2,/mnt/research-projects/j/jlgage/RawUAVData01/uavforslb/final_image/final_sliced/20250704_C10_05568.jpg
10863,I3B,2023,7/19/23,5.5,7/20/23,20230720_I3B_10863.jpg,1,/mnt/research-projects/j/jlgage/RawUAVData01/uavforslb/final_image/final_sliced/20230720_I3B_10863.jpg
7458,G3,2023,7/26/23,8.0,7/27/23,20230727_G3_07458.jpg,1,/mnt/research-projects/j/jlgage/RawUAVData01/uavforslb/final_image/final_sliced/20230727_G3_07458.jpg
5304,C10,2025,7/2/25,6.0,7/4/25,20250704_C10_05304.jpg,2,/mnt/research-projects/j/jlgage/RawUAVData01/uavforslb/final_image/final_sliced/20250704_C10_05304.jpg
4064,C10,2025,7/19/25,5.5,7/18/25,20250718_C10_04064.jpg,-1,/mnt/research-projects/j/jlgage/RawUAVData01/uavforslb/final_image/final_sliced/20250718_C10_04064.jpg
6698,C10,2025,7/14/25,7.5,7/14/25,20250714_C10_06698.jpg,0,/mnt/research-projects/j/jlgage/RawUAVData01/uavforslb/final_image/final_sliced/20250714_C10_06698.jpg
11151,I3B,2023,7/12/23,6.5,7/13/23,20230713_I3B_11151.jpg,1,/mnt/research-projects/j/jlgage/RawUAVData01/uavforslb/final_image/final_sliced/20230713_I3B_11151.jpg
4082,C10,2025,7/11/25,5.0,7/11/25,20250711_C10_04082.jpg,0,/mnt/research-projects/j/jlgage/RawUAVData01/uavforslb/final_image/final_sliced/20250711_C10_04082.jpg
11178,I3B,2023,7/12/23,7.0,7/13/23,20230713_I3B_11178.jpg,1,/mnt/research-projects/j/jlgage/RawUAVData01/uavforslb/final_image/final_sliced/20230713_I3B_11178.jpg
4945,C10,2025,7/20/25,3.0,7/21/25,20250721_C10_04945.jpg,1,/mnt/research-projects/j/jlgage/RawUAVData01/uavforslb/final_image/final_sliced/20250721_C10_04945.jpg
8086,G3,2023,7/26/23,5.0,7/27/23,20230727_G3_08086.jpg,1,/mnt/research-projects/j/jlgage/RawUAVData01/uavforslb/final_image/final_sliced/20230727_G3_08086.jpg
7526,G3,2023,7/20/23,7.5,7/20/23,20230720_G3_07526.jpg,0,/mnt/research-projects/j/jlgage/RawUAVData01/uavforslb/final_image/final_sliced/20230720_G3_07526.jpg
10918,I3B,2023,7/19/23,5.5,7/20/23,20230720_I3B_10918.jpg,1,/mnt/research-projects/j/jlgage/RawUAVData01/uavforslb/final_image/final_sliced/20230720_I3B_10918.jpg
6829,C10,2025,7/3/25,7.5,7/4/25,20250704_C10_06829.jpg,1,/mnt/research-projects/j/jlgage/RawUAVData01/uavforslb/final_image/final_sliced/20250704_C10_06829.jpg
10280,I3B,2023,7/25/23,6.0,7/27/23,20230727_I3B_10280.jpg,2,/mnt/research-projects/j/jlgage/RawUAVData01/uavforslb/final_image/final_sliced/20230727_I3B_10280.jpg
2795,C7B,2025,6/30/25,9.0,7/1/25,20250701_C7B_02795.jpg,1,/mnt/research-projects/j/jlgage/RawUAVData01/uavforslb/final_image/final_sliced/20250701_C7B_02795.jpg
8130,G3,2023,7/20/23,6.0,7/20/23,20230720_G3_08130.jpg,0,/mnt/research-projects/j/jlgage/RawUAVData01/uavforslb/final_image/final_sliced/20230720_G3_08130.jpg
1656,C7B,2025,7/1/25,7.5,7/1/25,20250701_C7B_01656.jpg,0,/mnt/research-projects/j/jlgage/RawUAVData01/uavforslb/final_image/final_sliced/20250701_C7B_01656.jpg
3057,G3,2023,7/19/23,7.5,7/20/23,20230720_G3_03057.jpg,1,/mnt/research-projects/j/jlgage/RawUAVData01/uavforslb/final_image/final_sliced/20230720_G3_03057.jpg
7422,G3,2023,7/26/23,6.0,7/27/23,20230727_G3_07422.jpg,1,/mnt/research-projects/j/jlgage/RawUAVData01/uavforslb/final_image/final_sliced/20230727_G3_07422.jpg
7275,G3,2023,7/26/23,6.0,7/27/23,20230727_G3_07275.jpg,1,/mnt/research-projects/j/jlgage/RawUAVData01/uavforslb/final_image/final_sliced/20230727_G3_07275.jpg
8051,G3,2023,7/19/23,7.5,7/20/23,20230720_G3_08051.jpg,1,/mnt/research-projects/j/jlgage/RawUAVData01/uavforslb/final_image/final_sliced/20230720_G3_08051.jpg
11324,I3B,2023,7/19/23,5.0,7/20/23,20230720_I3B_11324.jpg,1,/mnt/research-projects/j/jlgage/RawUAVData01/uavforslb/final_image/final_sliced/20230720_I3B_11324.jpg
5345,C10,2025,7/20/25,2.5,7/21/25,20250721_C10_05345.jpg,1,/mnt/research-projects/j/jlgage/RawUAVData01/uavforslb/final_image/final_sliced/20250721_C10_05345.jpg
11303,I3B,2023,7/19/23,7.0,7/20/23,20230720_I3B_11303.jpg,1,/mnt/research-projects/j/jlgage/RawUAVData01/uavforslb/final_image/final_sliced/20230720_I3B_11303.jpg
11289,I3B,2023,7/19/23,6.0,7/20/23,20230720_I3B_11289.jpg,1,/mnt/research-projects/j/jlgage/RawUAVData01/uavforslb/final_image/final_sliced/20230720_I3B_11289.jpg
4933,C10,2025,7/2/25,6.0,7/4/25,20250704_C10_04933.jpg,2,/mnt/research-projects/j/jlgage/RawUAVData01/uavforslb/final_image/final_sliced/20250704_C10_04933.jpg
10283,I3B,2023,7/25/23,3.0,7/27/23,20230727_I3B_10283.jpg,2,/mnt/research-projects/j/jlgage/RawUAVData01/uavforslb/final_image/final_sliced/20230727_I3B_10283.jpg
2007,C7B,2025,7/7/25,7.0,7/7/25,20250707_C7B_02007.jpg,0,/mnt/research-projects/j/jlgage/RawUAVData01/uavforslb/final_image/final_sliced/20250707_C7B_02007.jpg
10770,I3B,2023,7/19/23,5.5,7/20/23,20230720_I3B_10770.jpg,1,/mnt/research-projects/j/jlgage/RawUAVData01/uavforslb/final_image/final_sliced/20230720_I3B_10770.jpg
958,C7B,2025,7/18/25,4.0,7/18/25,20250718_C7B_00958.jpg,0,/mnt/research-projects/j/jlgage/RawUAVData01/uavforslb/final_image/final_sliced/20250718_C7B_00958.jpg
6652,C10,2025,7/14/25,7.0,7/14/25,20250714_C10_06652.jpg,0,/mnt/research-projects/j/jlgage/RawUAVData01/uavforslb/final_image/final_sliced/20250714_C10_06652.jpg
7422,G3,2023,7/20/23,7.5,7/20/23,20230720_G3_07422.jpg,0,/mnt/research-projects/j/jlgage/RawUAVData01/uavforslb/final_image/final_sliced/20230720_G3_07422.jpg
8021,G3,2023,7/19/23,5.5,7/20/23,20230720_G3_08021.jpg,1,/mnt/research-projects/j/jlgage/RawUAVData01/uavforslb/final_image/final_sliced/20230720_G3_08021.jpg
9994,I3B,2023,7/12/23,5.5,7/13/23,20230713_I3B_09994.jpg,1,/mnt/research-projects/j/jlgage/RawUAVData01/uavforslb/final_image/final_sliced/20230713_I3B_09994.jpg
3071,G3,2023,7/19/23,8.0,7/20/23,20230720_G3_03071.jpg,1,/mnt/research-projects/j/jlgage/RawUAVData01/uavforslb/final_image/final_sliced/20230720_G3_03071.jpg
5211,C10,2025,7/11/25,3.0,7/11/25,20250711_C10_05211.jpg,0,/mnt/research-projects/j/jlgage/RawUAVData01/uavforslb/final_image/final_sliced/20250711_C10_05211.jpg
1985,C7B,2025,7/7/25,5.0,7/7/25,20250707_C7B_01985.jpg,0,/mnt/research-projects/j/jlgage/RawUAVData01/uavforslb/final_image/final_sliced/20250707_C7B_01985.jpg
11048,I3B,2023,7/12/23,6.0,7/13/23,20230713_I3B_11048.jpg,1,/mnt/research-projects/j/jlgage/RawUAVData01/uavforslb/final_image/final_sliced/20230713_I3B_11048.jpg
1336,C7B,2025,7/1/25,7.0,7/1/25,20250701_C7B_01336.jpg,0,/mnt/research-projects/j/jlgage/RawUAVData01/uavforslb/final_image/final_sliced/20250701_C7B_01336.jpg
4707,C10,2025,7/20/25,2.0,7/21/25,20250721_C10_04707.jpg,1,/mnt/research-projects/j/jlgage/RawUAVData01/uavforslb/final_image/final_sliced/20250721_C10_04707.jpg
11134,I3B,2023,7/12/23,7.5,7/13/23,20230713_I3B_11134.jpg,1,/mnt/research-projects/j/jlgage/RawUAVData01/uavforslb/final_image/final_sliced/20230713_I3B_11134.jpg
4455,C10,2025,7/11/25,6.0,7/11/25,20250711_C10_04455.jpg,0,/mnt/research-projects/j/jlgage/RawUAVData01/uavforslb/final_image/final_sliced/20250711_C10_04455.jpg
2036,C7B,2025,7/1/25,5.5,7/1/25,20250701_C7B_02036.jpg,0,/mnt/research-projects/j/jlgage/RawUAVData01/uavforslb/final_image/final_sliced/20250701_C7B_02036.jpg
9809,I3B,2023,7/12/23,5.5,7/13/23,20230713_I3B_09809.jpg,1,/mnt/research-projects/j/jlgage/RawUAVData01/uavforslb/final_image/final_sliced/20230713_I3B_09809.jpg
2780,C7B,2025,7/13/25,8.0,7/12/25,20250712_C7B_02780.jpg,-1,/mnt/research-projects/j/jlgage/RawUAVData01/uavforslb/final_image/final_sliced/20250712_C7B_02780.jpg
110,C7B,2025,6/30/25,7.0,7/1/25,20250701_C7B_00110.jpg,1,/mnt/research-projects/j/jlgage/RawUAVData01/uavforslb/final_image/final_sliced/20250701_C7B_00110.jpg
4102,C10,2025,7/7/25,7.5,7/7/25,20250707_C10_04102.jpg,0,/mnt/research-projects/j/jlgage/RawUAVData01/uavforslb/final_image/final_sliced/20250707_C10_04102.jpg
5830,C10,2025,7/8/25,7.5,7/7/25,20250707_C10_05830.jpg,-1,/mnt/research-projects/j/jlgage/RawUAVData01/uavforslb/final_image/final_sliced/20250707_C10_05830.jpg
1733,C7B,2025,7/19/25,6.0,7/18/25,20250718_C7B_01733.jpg,-1,/mnt/research-projects/j/jlgage/RawUAVData01/uavforslb/final_image/final_sliced/20250718_C7B_01733.jpg
4189,C10,2025,6/30/25,7.5,6/28/25,20250628_C10_04189.jpg,-2,/mnt/research-projects/j/jlgage/RawUAVData01/uavforslb/final_image/final_sliced/20250628_C10_04189.jpg
4718,C10,2025,7/11/25,4.0,7/11/25,20250711_C10_04718.jpg,0,/mnt/research-projects/j/jlgage/RawUAVData01/uavforslb/final_image/final_sliced/20250711_C10_04718.jpg
1478,C7B,2025,7/18/25,2.0,7/18/25,20250718_C7B_01478.jpg,0,/mnt/research-projects/j/jlgage/RawUAVData01/uavforslb/final_image/final_sliced/20250718_C7B_01478.jpg
10873,I3B,2023,7/19/23,7.0,7/20/23,20230720_I3B_10873.jpg,1,/mnt/research-projects/j/jlgage/RawUAVData01/uavforslb/final_image/final_sliced/20230720_I3B_10873.jpg
9780,I3B,2023,7/12/23,6.0,7/13/23,20230713_I3B_09780.jpg,1,/mnt/research-projects/j/jlgage/RawUAVData01/uavforslb/final_image/final_sliced/20230713_I3B_09780.jpg
7263,G3,2023,7/19/23,7.0,7/20/23,20230720_G3_07263.jpg,1,/mnt/research-projects/j/jlgage/RawUAVData01/uavforslb/final_image/final_sliced/20230720_G3_07263.jpg
7261,G3,2023,7/26/23,4.0,7/27/23,20230727_G3_07261.jpg,1,/mnt/research-projects/j/jlgage/RawUAVData01/uavforslb/final_image/final_sliced/20230727_G3_07261.jpg
7301,G3,2023,7/26/23,6.5,7/27/23,20230727_G3_07301.jpg,1,/mnt/research-projects/j/jlgage/RawUAVData01/uavforslb/final_image/final_sliced/20230727_G3_07301.jpg
4404,C10,2025,7/19/25,3.0,7/18/25,20250718_C10_04404.jpg,-1,/mnt/research-projects/j/jlgage/RawUAVData01/uavforslb/final_image/final_sliced/20250718_C10_04404.jpg
3026,G3,2023,7/19/23,7.5,7/20/23,20230720_G3_03026.jpg,1,/mnt/research-projects/j/jlgage/RawUAVData01/uavforslb/final_image/final_sliced/20230720_G3_03026.jpg
445,C7B,2025,7/10/25,7.0,7/10/25,20250710_C7B_00445.jpg,0,/mnt/research-projects/j/jlgage/RawUAVData01/uavforslb/final_image/final_sliced/20250710_C7B_00445.jpg
1213,C7B,2025,7/1/25,5.5,7/1/25,20250701_C7B_01213.jpg,0,/mnt/research-projects/j/jlgage/RawUAVData01/uavforslb/final_image/final_sliced/20250701_C7B_01213.jpg
7367,G3,2023,7/26/23,7.0,7/27/23,20230727_G3_07367.jpg,1,/mnt/research-projects/j/jlgage/RawUAVData01/uavforslb/final_image/final_sliced/20230727_G3_07367.jpg
10876,I3B,2023,7/19/23,5.0,7/20/23,20230720_I3B_10876.jpg,1,/mnt/research-projects/j/jlgage/RawUAVData01/uavforslb/final_image/final_sliced/20230720_I3B_10876.jpg
4400,C10,2025,7/11/25,5.0,7/11/25,20250711_C10_04400.jpg,0,/mnt/research-projects/j/jlgage/RawUAVData01/uavforslb/final_image/final_sliced/20250711_C10_04400.jpg
3090,G3,2023,7/19/23,4.5,7/20/23,20230720_G3_03090.jpg,1,/mnt/research-projects/j/jlgage/RawUAVData01/uavforslb/final_image/final_sliced/20230720_G3_03090.jpg
8013,G3,2023,7/19/23,7.0,7/20/23,20230720_G3_08013.jpg,1,/mnt/research-projects/j/jlgage/RawUAVData01/uavforslb/final_image/final_sliced/20230720_G3_08013.jpg
5543,C10,2025,7/20/25,3.0,7/21/25,20250721_C10_05543.jpg,1,/mnt/research-projects/j/jlgage/RawUAVData01/uavforslb/final_image/final_sliced/20250721_C10_05543.jpg
9927,I3B,2023,7/12/23,5.0,7/13/23,20230713_I3B_09927.jpg,1,/mnt/research-projects/j/jlgage/RawUAVData01/uavforslb/final_image/final_sliced/20230713_I3B_09927.jpg
7241,G3,2023,7/19/23,7.5,7/20/23,20230720_G3_07241.jpg,1,/mnt/research-projects/j/jlgage/RawUAVData01/uavforslb/final_image/final_sliced/20230720_G3_07241.jpg
9935,I3B,2023,7/12/23,4.0,7/13/23,20230713_I3B_09935.jpg,1,/mnt/research-projects/j/jlgage/RawUAVData01/uavforslb/final_image/final_sliced/20230713_I3B_09935.jpg
4159,C10,2025,7/7/25,6.0,7/7/25,20250707_C10_04159.jpg,0,/mnt/research-projects/j/jlgage/RawUAVData01/uavforslb/final_image/final_sliced/20250707_C10_04159.jpg
9744,I3B,2023,7/12/23,4.0,7/13/23,20230713_I3B_09744.jpg,1,/mnt/research-projects/j/jlgage/RawUAVData01/uavforslb/final_image/final_sliced/20230713_I3B_09744.jpg
10816,I3B,2023,7/19/23,5.0,7/20/23,20230720_I3B_10816.jpg,1,/mnt/research-projects/j/jlgage/RawUAVData01/uavforslb/final_image/final_sliced/20230720_I3B_10816.jpg
708,C7B,2025,7/18/25,3.0,7/18/25,20250718_C7B_00708.jpg,0,/mnt/research-projects/j/jlgage/RawUAVData01/uavforslb/final_image/final_sliced/20250718_C7B_00708.jpg
8076,G3,2023,7/20/23,8.0,7/20/23,20230720_G3_08076.jpg,0,/mnt/research-projects/j/jlgage/RawUAVData01/uavforslb/final_image/final_sliced/20230720_G3_08076.jpg
6725,C10,2025,7/14/25,7.0,7/14/25,20250714_C10_06725.jpg,0,/mnt/research-projects/j/jlgage/RawUAVData01/uavforslb/final_image/final_sliced/20250714_C10_06725.jpg
2745,C7B,2025,7/8/25,8.0,7/7/25,20250707_C7B_02745.jpg,-1,/mnt/research-projects/j/jlgage/RawUAVData01/uavforslb/final_image/final_sliced/20250707_C7B_02745.jpg
2858,C7B,2025,7/8/25,6.5,7/7/25,20250707_C7B_02858.jpg,-1,/mnt/research-projects/j/jlgage/RawUAVData01/uavforslb/final_image/final_sliced/20250707_C7B_02858.jpg
11235,I3B,2023,7/19/23,7.5,7/20/23,20230720_I3B_11235.jpg,1,/mnt/research-projects/j/jlgage/RawUAVData01/uavforslb/final_image/final_sliced/20230720_I3B_11235.jpg
11066,I3B,2023,7/12/23,6.5,7/13/23,20230713_I3B_11066.jpg,1,/mnt/research-projects/j/jlgage/RawUAVData01/uavforslb/final_image/final_sliced/20230713_I3B_11066.jpg
10965,I3B,2023,7/19/23,5.5,7/20/23,20230720_I3B_10965.jpg,1,/mnt/research-projects/j/jlgage/RawUAVData01/uavforslb/final_image/final_sliced/20230720_I3B_10965.jpg
10954,I3B,2023,7/19/23,5.0,7/20/23,20230720_I3B_10954.jpg,1,/mnt/research-projects/j/jlgage/RawUAVData01/uavforslb/final_image/final_sliced/20230720_I3B_10954.jpg
1433,C7B,2025,7/10/25,3.5,7/10/25,20250710_C7B_01433.jpg,0,/mnt/research-projects/j/jlgage/RawUAVData01/uavforslb/final_image/final_sliced/20250710_C7B_01433.jpg
3078,G3,2023,7/19/23,8.5,7/20/23,20230720_G3_03078.jpg,1,/mnt/research-projects/j/jlgage/RawUAVData01/uavforslb/final_image/final_sliced/20230720_G3_03078.jpg
1959,C7B,2025,7/1/25,7.0,7/1/25,20250701_C7B_01959.jpg,0,/mnt/research-projects/j/jlgage/RawUAVData01/uavforslb/final_image/final_sliced/20250701_C7B_01959.jpg
11242,I3B,2023,7/19/23,4.0,7/20/23,20230720_I3B_11242.jpg,1,/mnt/research-projects/j/jlgage/RawUAVData01/uavforslb/final_image/final_sliced/20230720_I3B_11242.jpg
10905,I3B,2023,7/19/23,5.5,7/20/23,20230720_I3B_10905.jpg,1,/mnt/research-projects/j/jlgage/RawUAVData01/uavforslb/final_image/final_sliced/20230720_I3B_10905.jpg
1991,C7B,2025,7/19/25,2.5,7/18/25,20250718_C7B_01991.jpg,-1,/mnt/research-projects/j/jlgage/RawUAVData01/uavforslb/final_image/final_sliced/20250718_C7B_01991.jpg
10907,I3B,2023,7/19/23,4.5,7/20/23,20230720_I3B_10907.jpg,1,/mnt/research-projects/j/jlgage/RawUAVData01/uavforslb/final_image/final_sliced/20230720_I3B_10907.jpg
8094,G3,2023,7/20/23,7.5,7/20/23,20230720_G3_08094.jpg,0,/mnt/research-projects/j/jlgage/RawUAVData01/uavforslb/final_image/final_sliced/20230720_G3_08094.jpg
5981,C10,2025,7/8/25,4.5,7/7/25,20250707_C10_05981.jpg,-1,/mnt/research-projects/j/jlgage/RawUAVData01/uavforslb/final_image/final_sliced/20250707_C10_05981.jpg
3189,G3,2023,7/26/23,6.0,7/27/23,20230727_G3_03189.jpg,1,/mnt/research-projects/j/jlgage/RawUAVData01/uavforslb/final_image/final_sliced/20230727_G3_03189.jpg
5151,C10,2025,7/2/25,6.0,7/4/25,20250704_C10_05151.jpg,2,/mnt/research-projects/j/jlgage/RawUAVData01/uavforslb/final_image/final_sliced/20250704_C10_05151.jpg
10814,I3B,2023,7/19/23,4.0,7/20/23,20230720_I3B_10814.jpg,1,/mnt/research-projects/j/jlgage/RawUAVData01/uavforslb/final_image/final_sliced/20230720_I3B_10814.jpg
8047,G3,2023,7/19/23,4.5,7/20/23,20230720_G3_08047.jpg,1,/mnt/research-projects/j/jlgage/RawUAVData01/uavforslb/final_image/final_sliced/20230720_G3_08047.jpg
7496,G3,2023,7/26/23,7.0,7/27/23,20230727_G3_07496.jpg,1,/mnt/research-projects/j/jlgage/RawUAVData01/uavforslb/final_image/final_sliced/20230727_G3_07496.jpg
10421,I3B,2023,7/25/23,4.0,7/27/23,20230727_I3B_10421.jpg,2,/mnt/research-projects/j/jlgage/RawUAVData01/uavforslb/final_image/final_sliced/20230727_I3B_10421.jpg
4483,C10,2025,7/2/25,6.0,7/4/25,20250704_C10_04483.jpg,2,/mnt/research-projects/j/jlgage/RawUAVData01/uavforslb/final_image/final_sliced/20250704_C10_04483.jpg
522,C7B,2025,7/10/25,5.5,7/10/25,20250710_C7B_00522.jpg,0,/mnt/research-projects/j/jlgage/RawUAVData01/uavforslb/final_image/final_sliced/20250710_C7B_00522.jpg
1332,C7B,2025,7/1/25,7.5,7/1/25,20250701_C7B_01332.jpg,0,/mnt/research-projects/j/jlgage/RawUAVData01/uavforslb/final_image/final_sliced/20250701_C7B_01332.jpg
5009,C10,2025,7/11/25,3.5,7/11/25,20250711_C10_05009.jpg,0,/mnt/research-projects/j/jlgage/RawUAVData01/uavforslb/final_image/final_sliced/20250711_C10_05009.jpg
132,C7B,2025,7/18/25,4.0,7/18/25,20250718_C7B_00132.jpg,0,/mnt/research-projects/j/jlgage/RawUAVData01/uavforslb/final_image/final_sliced/20250718_C7B_00132.jpg
7472,G3,2023,7/20/23,7.0,7/20/23,20230720_G3_07472.jpg,0,/mnt/research-projects/j/jlgage/RawUAVData01/uavforslb/final_image/final_sliced/20230720_G3_07472.jpg
3104,G3,2023,7/26/23,8.0,7/27/23,20230727_G3_03104.jpg,1,/mnt/research-projects/j/jlgage/RawUAVData01/uavforslb/final_image/final_sliced/20230727_G3_03104.jpg
7384,G3,2023,7/26/23,6.5,7/27/23,20230727_G3_07384.jpg,1,/mnt/research-projects/j/jlgage/RawUAVData01/uavforslb/final_image/final_sliced/20230727_G3_07384.jpg
8011,G3,2023,7/19/23,5.5,7/20/23,20230720_G3_08011.jpg,1,/mnt/research-projects/j/jlgage/RawUAVData01/uavforslb/final_image/final_sliced/20230720_G3_08011.jpg
2857,C7B,2025,7/13/25,6.0,7/12/25,20250712_C7B_02857.jpg,-1,/mnt/research-projects/j/jlgage/RawUAVData01/uavforslb/final_image/final_sliced/20250712_C7B_02857.jpg
1957,C7B,2025,7/1/25,7.0,7/1/25,20250701_C7B_01957.jpg,0,/mnt/research-projects/j/jlgage/RawUAVData01/uavforslb/final_image/final_sliced/20250701_C7B_01957.jpg
8081,G3,2023,7/26/23,4.0,7/27/23,20230727_G3_08081.jpg,1,/mnt/research-projects/j/jlgage/RawUAVData01/uavforslb/final_image/final_sliced/20230727_G3_08081.jpg
7227,G3,2023,7/19/23,3.0,7/20/23,20230720_G3_07227.jpg,1,/mnt/research-projects/j/jlgage/RawUAVData01/uavforslb/final_image/final_sliced/20230720_G3_07227.jpg
7214,G3,2023,7/19/23,7.0,7/20/23,20230720_G3_07214.jpg,1,/mnt/research-projects/j/jlgage/RawUAVData01/uavforslb/final_image/final_sliced/20230720_G3_07214.jpg
4833,C10,2025,7/20/25,3.0,7/21/25,20250721_C10_04833.jpg,1,/mnt/research-projects/j/jlgage/RawUAVData01/uavforslb/final_image/final_sliced/20250721_C10_04833.jpg
5506,C10,2025,7/11/25,5.0,7/11/25,20250711_C10_05506.jpg,0,/mnt/research-projects/j/jlgage/RawUAVData01/uavforslb/final_image/final_sliced/20250711_C10_05506.jpg
4558,C10,2025,7/2/25,7.0,7/4/25,20250704_C10_04558.jpg,2,/mnt/research-projects/j/jlgage/RawUAVData01/uavforslb/final_image/final_sliced/20250704_C10_04558.jpg
9811,I3B,2023,7/12/23,5.5,7/13/23,20230713_I3B_09811.jpg,1,/mnt/research-projects/j/jlgage/RawUAVData01/uavforslb/final_image/final_sliced/20230713_I3B_09811.jpg
1410,C7B,2025,7/1/25,6.0,7/1/25,20250701_C7B_01410.jpg,0,/mnt/research-projects/j/jlgage/RawUAVData01/uavforslb/final_image/final_sliced/20250701_C7B_01410.jpg
4204,C10,2025,7/7/25,5.5,7/7/25,20250707_C10_04204.jpg,0,/mnt/research-projects/j/jlgage/RawUAVData01/uavforslb/final_image/final_sliced/20250707_C10_04204.jpg
7353,G3,2023,7/20/23,7.5,7/20/23,20230720_G3_07353.jpg,0,/mnt/research-projects/j/jlgage/RawUAVData01/uavforslb/final_image/final_sliced/20230720_G3_07353.jpg
7452,G3,2023,7/26/23,6.0,7/27/23,20230727_G3_07452.jpg,1,/mnt/research-projects/j/jlgage/RawUAVData01/uavforslb/final_image/final_sliced/20230727_G3_07452.jpg
9582,I3B,2023,7/12/23,5.5,7/13/23,20230713_I3B_09582.jpg,1,/mnt/research-projects/j/jlgage/RawUAVData01/uavforslb/final_image/final_sliced/20230713_I3B_09582.jpg
3080,G3,2023,7/26/23,7.5,7/27/23,20230727_G3_03080.jpg,1,/mnt/research-projects/j/jlgage/RawUAVData01/uavforslb/final_image/final_sliced/20230727_G3_03080.jpg
302,C7B,2025,7/10/25,4.5,7/10/25,20250710_C7B_00302.jpg,0,/mnt/research-projects/j/jlgage/RawUAVData01/uavforslb/final_image/final_sliced/20250710_C7B_00302.jpg
6778,C10,2025,7/14/25,8.0,7/14/25,20250714_C10_06778.jpg,0,/mnt/research-projects/j/jlgage/RawUAVData01/uavforslb/final_image/final_sliced/20250714_C10_06778.jpg
784,C7B,2025,6/30/25,6.5,7/1/25,20250701_C7B_00784.jpg,1,/mnt/research-projects/j/jlgage/RawUAVData01/uavforslb/final_image/final_sliced/20250701_C7B_00784.jpg
3036,G3,2023,7/26/23,6.5,7/27/23,20230727_G3_03036.jpg,1,/mnt/research-projects/j/jlgage/RawUAVData01/uavforslb/final_image/final_sliced/20230727_G3_03036.jpg
58,C7B,2025,7/4/25,7.5,7/4/25,20250704_C7B_00058.jpg,0,/mnt/research-projects/j/jlgage/RawUAVData01/uavforslb/final_image/final_sliced/20250704_C7B_00058.jpg
11057,I3B,2023,7/12/23,8.0,7/13/23,20230713_I3B_11057.jpg,1,/mnt/research-projects/j/jlgage/RawUAVData01/uavforslb/final_image/final_sliced/20230713_I3B_11057.jpg
5616,C10,2025,7/2/25,7.0,7/4/25,20250704_C10_05616.jpg,2,/mnt/research-projects/j/jlgage/RawUAVData01/uavforslb/final_image/final_sliced/20250704_C10_05616.jpg
3068,G3,2023,7/19/23,8.0,7/20/23,20230720_G3_03068.jpg,1,/mnt/research-projects/j/jlgage/RawUAVData01/uavforslb/final_image/final_sliced/20230720_G3_03068.jpg
443,C7B,2025,6/30/25,7.5,7/1/25,20250701_C7B_00443.jpg,1,/mnt/research-projects/j/jlgage/RawUAVData01/uavforslb/final_image/final_sliced/20250701_C7B_00443.jpg
11286,I3B,2023,7/19/23,7.5,7/20/23,20230720_I3B_11286.jpg,1,/mnt/research-projects/j/jlgage/RawUAVData01/uavforslb/final_image/final_sliced/20230720_I3B_11286.jpg
7385,G3,2023,7/20/23,5.0,7/20/23,20230720_G3_07385.jpg,0,/mnt/research-projects/j/jlgage/RawUAVData01/uavforslb/final_image/final_sliced/20230720_G3_07385.jpg
3076,G3,2023,7/19/23,8.5,7/20/23,20230720_G3_03076.jpg,1,/mnt/research-projects/j/jlgage/RawUAVData01/uavforslb/final_image/final_sliced/20230720_G3_03076.jpg
10867,I3B,2023,7/19/23,7.5,7/20/23,20230720_I3B_10867.jpg,1,/mnt/research-projects/j/jlgage/RawUAVData01/uavforslb/final_image/final_sliced/20230720_I3B_10867.jpg
1042,C7B,2025,7/18/25,5.0,7/18/25,20250718_C7B_01042.jpg,0,/mnt/research-projects/j/jlgage/RawUAVData01/uavforslb/final_image/final_sliced/20250718_C7B_01042.jpg
7287,G3,2023,7/20/23,7.0,7/20/23,20230720_G3_07287.jpg,0,/mnt/research-projects/j/jlgage/RawUAVData01/uavforslb/final_image/final_sliced/20230720_G3_07287.jpg
3039,G3,2023,7/26/23,7.0,7/27/23,20230727_G3_03039.jpg,1,/mnt/research-projects/j/jlgage/RawUAVData01/uavforslb/final_image/final_sliced/20230727_G3_03039.jpg
7417,G3,2023,7/20/23,5.5,7/20/23,20230720_G3_07417.jpg,0,/mnt/research-projects/j/jlgage/RawUAVData01/uavforslb/final_image/final_sliced/20230720_G3_07417.jpg
3147,G3,2023,7/19/23,7.0,7/20/23,20230720_G3_03147.jpg,1,/mnt/research-projects/j/jlgage/RawUAVData01/uavforslb/final_image/final_sliced/20230720_G3_03147.jpg
3136,G3,2023,7/26/23,4.0,7/27/23,20230727_G3_03136.jpg,1,/mnt/research-projects/j/jlgage/RawUAVData01/uavforslb/final_image/final_sliced/20230727_G3_03136.jpg
2840,C7B,2025,7/8/25,7.5,7/7/25,20250707_C7B_02840.jpg,-1,/mnt/research-projects/j/jlgage/RawUAVData01/uavforslb/final_image/final_sliced/20250707_C7B_02840.jpg
8088,G3,2023,7/26/23,5.0,7/27/23,20230727_G3_08088.jpg,1,/mnt/research-projects/j/jlgage/RawUAVData01/uavforslb/final_image/final_sliced/20230727_G3_08088.jpg
5716,C10,2025,7/8/25,6.5,7/7/25,20250707_C10_05716.jpg,-1,/mnt/research-projects/j/jlgage/RawUAVData01/uavforslb/final_image/final_sliced/20250707_C10_05716.jpg
1892,C7B,2025,7/19/25,5.0,7/18/25,20250718_C7B_01892.jpg,-1,/mnt/research-projects/j/jlgage/RawUAVData01/uavforslb/final_image/final_sliced/20250718_C7B_01892.jpg
8150,G3,2023,7/26/23,7.0,7/27/23,20230727_G3_08150.jpg,1,/mnt/research-projects/j/jlgage/RawUAVData01/uavforslb/final_image/final_sliced/20230727_G3_08150.jpg
3113,G3,2023,7/26/23,4.0,7/27/23,20230727_G3_03113.jpg,1,/mnt/research-projects/j/jlgage/RawUAVData01/uavforslb/final_image/final_sliced/20230727_G3_03113.jpg
1910,C7B,2025,7/1/25,7.0,7/1/25,20250701_C7B_01910.jpg,0,/mnt/research-projects/j/jlgage/RawUAVData01/uavforslb/final_image/final_sliced/20250701_C7B_01910.jpg
8037,G3,2023,7/26/23,4.0,7/27/23,20230727_G3_08037.jpg,1,/mnt/research-projects/j/jlgage/RawUAVData01/uavforslb/final_image/final_sliced/20230727_G3_08037.jpg
550,C7B,2025,7/10/25,4.5,7/10/25,20250710_C7B_00550.jpg,0,/mnt/research-projects/j/jlgage/RawUAVData01/uavforslb/final_image/final_sliced/20250710_C7B_00550.jpg
8116,G3,2023,7/26/23,8.0,7/27/23,20230727_G3_08116.jpg,1,/mnt/research-projects/j/jlgage/RawUAVData01/uavforslb/final_image/final_sliced/20230727_G3_08116.jpg
11019,I3B,2023,7/19/23,4.0,7/20/23,20230720_I3B_11019.jpg,1,/mnt/research-projects/j/jlgage/RawUAVData01/uavforslb/final_image/final_sliced/20230720_I3B_11019.jpg
7237,G3,2023,7/19/23,5.0,7/20/23,20230720_G3_07237.jpg,1,/mnt/research-projects/j/jlgage/RawUAVData01/uavforslb/final_image/final_sliced/20230720_G3_07237.jpg
10790,I3B,2023,7/19/23,5.5,7/20/23,20230720_I3B_10790.jpg,1,/mnt/research-projects/j/jlgage/RawUAVData01/uavforslb/final_image/final_sliced/20230720_I3B_10790.jpg
4934,C10,2025,7/11/25,3.5,7/11/25,20250711_C10_04934.jpg,0,/mnt/research-projects/j/jlgage/RawUAVData01/uavforslb/final_image/final_sliced/20250711_C10_04934.jpg
3034,G3,2023,7/26/23,7.0,7/27/23,20230727_G3_03034.jpg,1,/mnt/research-projects/j/jlgage/RawUAVData01/uavforslb/final_image/final_sliced/20230727_G3_03034.jpg
7426,G3,2023,7/26/23,7.5,7/27/23,20230727_G3_07426.jpg,1,/mnt/research-projects/j/jlgage/RawUAVData01/uavforslb/final_image/final_sliced/20230727_G3_07426.jpg
162,C7B,2025,6/30/25,7.0,7/1/25,20250701_C7B_00162.jpg,1,/mnt/research-projects/j/jlgage/RawUAVData01/uavforslb/final_image/final_sliced/20250701_C7B_00162.jpg
4259,C10,2025,6/30/25,7.5,6/28/25,20250628_C10_04259.jpg,-2,/mnt/research-projects/j/jlgage/RawUAVData01/uavforslb/final_image/final_sliced/20250628_C10_04259.jpg
9880,I3B,2023,7/12/23,4.0,7/13/23,20230713_I3B_09880.jpg,1,/mnt/research-projects/j/jlgage/RawUAVData01/uavforslb/final_image/final_sliced/20230713_I3B_09880.jpg
4603,C10,2025,7/2/25,5.0,7/4/25,20250704_C10_04603.jpg,2,/mnt/research-projects/j/jlgage/RawUAVData01/uavforslb/final_image/final_sliced/20250704_C10_04603.jpg
7339,G3,2023,7/20/23,7.0,7/20/23,20230720_G3_07339.jpg,0,/mnt/research-projects/j/jlgage/RawUAVData01/uavforslb/final_image/final_sliced/20230720_G3_07339.jpg
1461,C7B,2025,7/10/25,6.0,7/10/25,20250710_C7B_01461.jpg,0,/mnt/research-projects/j/jlgage/RawUAVData01/uavforslb/final_image/final_sliced/20250710_C7B_01461.jpg
1312,C7B,2025,7/10/25,5.5,7/10/25,20250710_C7B_01312.jpg,0,/mnt/research-projects/j/jlgage/RawUAVData01/uavforslb/final_image/final_sliced/20250710_C7B_01312.jpg
4585,C10,2025,7/11/25,5.0,7/11/25,20250711_C10_04585.jpg,0,/mnt/research-projects/j/jlgage/RawUAVData01/uavforslb/final_image/final_sliced/20250711_C10_04585.jpg
3035,G3,2023,7/26/23,6.5,7/27/23,20230727_G3_03035.jpg,1,/mnt/research-projects/j/jlgage/RawUAVData01/uavforslb/final_image/final_sliced/20230727_G3_03035.jpg
10969,I3B,2023,7/19/23,7.5,7/20/23,20230720_I3B_10969.jpg,1,/mnt/research-projects/j/jlgage/RawUAVData01/uavforslb/final_image/final_sliced/20230720_I3B_10969.jpg
7469,G3,2023,7/26/23,7.0,7/27/23,20230727_G3_07469.jpg,1,/mnt/research-projects/j/jlgage/RawUAVData01/uavforslb/final_image/final_sliced/20230727_G3_07469.jpg
9664,I3B,2023,7/12/23,5.0,7/13/23,20230713_I3B_09664.jpg,1,/mnt/research-projects/j/jlgage/RawUAVData01/uavforslb/final_image/final_sliced/20230713_I3B_09664.jpg
11003,I3B,2023,7/19/23,5.5,7/20/23,20230720_I3B_11003.jpg,1,/mnt/research-projects/j/jlgage/RawUAVData01/uavforslb/final_image/final_sliced/20230720_I3B_11003.jpg
4318,C10,2025,7/11/25,4.0,7/11/25,20250711_C10_04318.jpg,0,/mnt/research-projects/j/jlgage/RawUAVData01/uavforslb/final_image/final_sliced/20250711_C10_04318.jpg
10909,I3B,2023,7/19/23,4.5,7/20/23,20230720_I3B_10909.jpg,1,/mnt/research-projects/j/jlgage/RawUAVData01/uavforslb/final_image/final_sliced/20230720_I3B_10909.jpg
4576,C10,2025,7/2/25,5.5,7/4/25,20250704_C10_04576.jpg,2,/mnt/research-projects/j/jlgage/RawUAVData01/uavforslb/final_image/final_sliced/20250704_C10_04576.jpg
7276,G3,2023,7/20/23,8.0,7/20/23,20230720_G3_07276.jpg,0,/mnt/research-projects/j/jlgage/RawUAVData01/uavforslb/final_image/final_sliced/20230720_G3_07276.jpg
9763,I3B,2023,7/12/23,5.5,7/13/23,20230713_I3B_09763.jpg,1,/mnt/research-projects/j/jlgage/RawUAVData01/uavforslb/final_image/final_sliced/20230713_I3B_09763.jpg
3178,G3,2023,7/26/23,3.0,7/27/23,20230727_G3_03178.jpg,1,/mnt/research-projects/j/jlgage/RawUAVData01/uavforslb/final_image/final_sliced/20230727_G3_03178.jpg
681,C7B,2025,7/10/25,7.5,7/10/25,20250710_C7B_00681.jpg,0,/mnt/research-projects/j/jlgage/RawUAVData01/uavforslb/final_image/final_sliced/20250710_C7B_00681.jpg
8105,G3,2023,7/20/23,6.0,7/20/23,20230720_G3_08105.jpg,0,/mnt/research-projects/j/jlgage/RawUAVData01/uavforslb/final_image/final_sliced/20230720_G3_08105.jpg
9784,I3B,2023,7/12/23,4.5,7/13/23,20230713_I3B_09784.jpg,1,/mnt/research-projects/j/jlgage/RawUAVData01/uavforslb/final_image/final_sliced/20230713_I3B_09784.jpg
7524,G3,2023,7/26/23,7.5,7/27/23,20230727_G3_07524.jpg,1,/mnt/research-projects/j/jlgage/RawUAVData01/uavforslb/final_image/final_sliced/20230727_G3_07524.jpg
5676,C10,2025,7/11/25,8.0,7/11/25,20250711_C10_05676.jpg,0,/mnt/research-projects/j/jlgage/RawUAVData01/uavforslb/final_image/final_sliced/20250711_C10_05676.jpg
4248,C10,2025,7/19/25,2.0,7/18/25,20250718_C10_04248.jpg,-1,/mnt/research-projects/j/jlgage/RawUAVData01/uavforslb/final_image/final_sliced/20250718_C10_04248.jpg
4473,C10,2025,7/2/25,6.0,7/4/25,20250704_C10_04473.jpg,2,/mnt/research-projects/j/jlgage/RawUAVData01/uavforslb/final_image/final_sliced/20250704_C10_04473.jpg
7229,G3,2023,7/19/23,7.0,7/20/23,20230720_G3_07229.jpg,1,/mnt/research-projects/j/jlgage/RawUAVData01/uavforslb/final_image/final_sliced/20230720_G3_07229.jpg
9997,I3B,2023,7/12/23,6.0,7/13/23,20230713_I3B_09997.jpg,1,/mnt/research-projects/j/jlgage/RawUAVData01/uavforslb/final_image/final_sliced/20230713_I3B_09997.jpg
3056,G3,2023,7/26/23,7.0,7/27/23,20230727_G3_03056.jpg,1,/mnt/research-projects/j/jlgage/RawUAVData01/uavforslb/final_image/final_sliced/20230727_G3_03056.jpg
5966,C10,2025,7/19/25,2.5,7/18/25,20250718_C10_05966.jpg,-1,/mnt/research-projects/j/jlgage/RawUAVData01/uavforslb/final_image/final_sliced/20250718_C10_05966.jpg
11225,I3B,2023,7/19/23,5.0,7/20/23,20230720_I3B_11225.jpg,1,/mnt/research-projects/j/jlgage/RawUAVData01/uavforslb/final_image/final_sliced/20230720_I3B_11225.jpg
10323,I3B,2023,7/25/23,3.0,7/27/23,20230727_I3B_10323.jpg,2,/mnt/research-projects/j/jlgage/RawUAVData01/uavforslb/final_image/final_sliced/20230727_I3B_10323.jpg
8033,G3,2023,7/26/23,5.0,7/27/23,20230727_G3_08033.jpg,1,/mnt/research-projects/j/jlgage/RawUAVData01/uavforslb/final_image/final_sliced/20230727_G3_08033.jpg
2876,C7B,2025,6/30/25,8.0,7/1/25,20250701_C7B_02876.jpg,1,/mnt/research-projects/j/jlgage/RawUAVData01/uavforslb/final_image/final_sliced/20250701_C7B_02876.jpg
2749,C7B,2025,7/13/25,7.5,7/12/25,20250712_C7B_02749.jpg,-1,/mnt/research-projects/j/jlgage/RawUAVData01/uavforslb/final_image/final_sliced/20250712_C7B_02749.jpg
5343,C10,2025,7/20/25,2.5,7/21/25,20250721_C10_05343.jpg,1,/mnt/research-projects/j/jlgage/RawUAVData01/uavforslb/final_image/final_sliced/20250721_C10_05343.jpg
834,C7B,2025,7/10/25,5.5,7/10/25,20250710_C7B_00834.jpg,0,/mnt/research-projects/j/jlgage/RawUAVData01/uavforslb/final_image/final_sliced/20250710_C7B_00834.jpg
5174,C10,2025,7/2/25,6.0,7/4/25,20250704_C10_05174.jpg,2,/mnt/research-projects/j/jlgage/RawUAVData01/uavforslb/final_image/final_sliced/20250704_C10_05174.jpg
4955,C10,2025,7/2/25,6.0,7/4/25,20250704_C10_04955.jpg,2,/mnt/research-projects/j/jlgage/RawUAVData01/uavforslb/final_image/final_sliced/20250704_C10_04955.jpg
1107,C7B,2025,7/10/25,6.0,7/10/25,20250710_C7B_01107.jpg,0,/mnt/research-projects/j/jlgage/RawUAVData01/uavforslb/final_image/final_sliced/20250710_C7B_01107.jpg
4668,C10,2025,7/2/25,7.0,7/4/25,20250704_C10_04668.jpg,2,/mnt/research-projects/j/jlgage/RawUAVData01/uavforslb/final_image/final_sliced/20250704_C10_04668.jpg
1839,C7B,2025,7/10/25,7.5,7/10/25,20250710_C7B_01839.jpg,0,/mnt/research-projects/j/jlgage/RawUAVData01/uavforslb/final_image/final_sliced/20250710_C7B_01839.jpg
10341,I3B,2023,7/25/23,6.0,7/27/23,20230727_I3B_10341.jpg,2,/mnt/research-projects/j/jlgage/RawUAVData01/uavforslb/final_image/final_sliced/20230727_I3B_10341.jpg
4119,C10,2025,7/19/25,2.0,7/18/25,20250718_C10_04119.jpg,-1,/mnt/research-projects/j/jlgage/RawUAVData01/uavforslb/final_image/final_sliced/20250718_C10_04119.jpg
3012,G3,2023,7/19/23,7.5,7/20/23,20230720_G3_03012.jpg,1,/mnt/research-projects/j/jlgage/RawUAVData01/uavforslb/final_image/final_sliced/20230720_G3_03012.jpg
10932,I3B,2023,7/19/23,6.5,7/20/23,20230720_I3B_10932.jpg,1,/mnt/research-projects/j/jlgage/RawUAVData01/uavforslb/final_image/final_sliced/20230720_I3B_10932.jpg
3118,G3,2023,7/26/23,8.5,7/27/23,20230727_G3_03118.jpg,1,/mnt/research-projects/j/jlgage/RawUAVData01/uavforslb/final_image/final_sliced/20230727_G3_03118.jpg
6770,C10,2025,7/18/25,8.0,7/18/25,20250718_C10_06770.jpg,0,/mnt/research-projects/j/jlgage/RawUAVData01/uavforslb/final_image/final_sliced/20250718_C10_06770.jpg
3174,G3,2023,7/26/23,4.0,7/27/23,20230727_G3_03174.jpg,1,/mnt/research-projects/j/jlgage/RawUAVData01/uavforslb/final_image/final_sliced/20230727_G3_03174.jpg
1796,C7B,2025,7/10/25,5.5,7/10/25,20250710_C7B_01796.jpg,0,/mnt/research-projects/j/jlgage/RawUAVData01/uavforslb/final_image/final_sliced/20250710_C7B_01796.jpg
11117,I3B,2023,7/12/23,6.5,7/13/23,20230713_I3B_11117.jpg,1,/mnt/research-projects/j/jlgage/RawUAVData01/uavforslb/final_image/final_sliced/20230713_I3B_11117.jpg
6801,C10,2025,7/14/25,6.0,7/14/25,20250714_C10_06801.jpg,0,/mnt/research-projects/j/jlgage/RawUAVData01/uavforslb/final_image/final_sliced/20250714_C10_06801.jpg
4475,C10,2025,7/1/25,6.0,6/28/25,20250628_C10_04475.jpg,-3,/mnt/research-projects/j/jlgage/RawUAVData01/uavforslb/final_image/final_sliced/20250628_C10_04475.jpg
10864,I3B,2023,7/19/23,5.5,7/20/23,20230720_I3B_10864.jpg,1,/mnt/research-projects/j/jlgage/RawUAVData01/uavforslb/final_image/final_sliced/20230720_I3B_10864.jpg
2802,C7B,2025,6/30/25,8.0,7/1/25,20250701_C7B_02802.jpg,1,/mnt/research-projects/j/jlgage/RawUAVData01/uavforslb/final_image/final_sliced/20250701_C7B_02802.jpg
11187,I3B,2023,7/12/23,7.0,7/13/23,20230713_I3B_11187.jpg,1,/mnt/research-projects/j/jlgage/RawUAVData01/uavforslb/final_image/final_sliced/20230713_I3B_11187.jpg
9919,I3B,2023,7/12/23,4.0,7/13/23,20230713_I3B_09919.jpg,1,/mnt/research-projects/j/jlgage/RawUAVData01/uavforslb/final_image/final_sliced/20230713_I3B_09919.jpg
4813,C10,2025,7/20/25,3.0,7/21/25,20250721_C10_04813.jpg,1,/mnt/research-projects/j/jlgage/RawUAVData01/uavforslb/final_image/final_sliced/20250721_C10_04813.jpg
478,C7B,2025,7/18/25,4.0,7/18/25,20250718_C7B_00478.jpg,0,/mnt/research-projects/j/jlgage/RawUAVData01/uavforslb/final_image/final_sliced/20250718_C7B_00478.jpg
7492,G3,2023,7/26/23,5.5,7/27/23,20230727_G3_07492.jpg,1,/mnt/research-projects/j/jlgage/RawUAVData01/uavforslb/final_image/final_sliced/20230727_G3_07492.jpg
1760,C7B,2025,7/1/25,7.0,7/1/25,20250701_C7B_01760.jpg,0,/mnt/research-projects/j/jlgage/RawUAVData01/uavforslb/final_image/final_sliced/20250701_C7B_01760.jpg
10962,I3B,2023,7/19/23,5.5,7/20/23,20230720_I3B_10962.jpg,1,/mnt/research-projects/j/jlgage/RawUAVData01/uavforslb/final_image/final_sliced/20230720_I3B_10962.jpg
5932,C10,2025,7/1/25,8.0,6/28/25,20250628_C10_05932.jpg,-3,/mnt/research-projects/j/jlgage/RawUAVData01/uavforslb/final_image/final_sliced/20250628_C10_05932.jpg
5354,C10,2025,7/20/25,2.0,7/21/25,20250721_C10_05354.jpg,1,/mnt/research-projects/j/jlgage/RawUAVData01/uavforslb/final_image/final_sliced/20250721_C10_05354.jpg
9923,I3B,2023,7/12/23,5.5,7/13/23,20230713_I3B_09923.jpg,1,/mnt/research-projects/j/jlgage/RawUAVData01/uavforslb/final_image/final_sliced/20230713_I3B_09923.jpg
3077,G3,2023,7/19/23,8.5,7/20/23,20230720_G3_03077.jpg,1,/mnt/research-projects/j/jlgage/RawUAVData01/uavforslb/final_image/final_sliced/20230720_G3_03077.jpg
7249,G3,2023,7/19/23,6.5,7/20/23,20230720_G3_07249.jpg,1,/mnt/research-projects/j/jlgage/RawUAVData01/uavforslb/final_image/final_sliced/20230720_G3_07249.jpg
5758,C10,2025,7/8/25,7.0,7/7/25,20250707_C10_05758.jpg,-1,/mnt/research-projects/j/jlgage/RawUAVData01/uavforslb/final_image/final_sliced/20250707_C10_05758.jpg
831,C7B,2025,7/1/25,5.0,7/1/25,20250701_C7B_00831.jpg,0,/mnt/research-projects/j/jlgage/RawUAVData01/uavforslb/final_image/final_sliced/20250701_C7B_00831.jpg
1019,C7B,2025,7/1/25,7.0,7/1/25,20250701_C7B_01019.jpg,0,/mnt/research-projects/j/jlgage/RawUAVData01/uavforslb/final_image/final_sliced/20250701_C7B_01019.jpg
8169,G3,2023,7/26/23,8.0,7/27/23,20230727_G3_08169.jpg,1,/mnt/research-projects/j/jlgage/RawUAVData01/uavforslb/final_image/final_sliced/20230727_G3_08169.jpg
3185,G3,2023,7/26/23,3.0,7/27/23,20230727_G3_03185.jpg,1,/mnt/research-projects/j/jlgage/RawUAVData01/uavforslb/final_image/final_sliced/20230727_G3_03185.jpg
10943,I3B,2023,7/19/23,5.0,7/20/23,20230720_I3B_10943.jpg,1,/mnt/research-projects/j/jlgage/RawUAVData01/uavforslb/final_image/final_sliced/20230720_I3B_10943.jpg
11195,I3B,2023,7/19/23,5.0,7/20/23,20230720_I3B_11195.jpg,1,/mnt/research-projects/j/jlgage/RawUAVData01/uavforslb/final_image/final_sliced/20230720_I3B_11195.jpg
9696,I3B,2023,7/12/23,5.0,7/13/23,20230713_I3B_09696.jpg,1,/mnt/research-projects/j/jlgage/RawUAVData01/uavforslb/final_image/final_sliced/20230713_I3B_09696.jpg
5896,C10,2025,7/19/25,4.0,7/18/25,20250718_C10_05896.jpg,-1,/mnt/research-projects/j/jlgage/RawUAVData01/uavforslb/final_image/final_sliced/20250718_C10_05896.jpg
7310,G3,2023,7/20/23,7.0,7/20/23,20230720_G3_07310.jpg,0,/mnt/research-projects/j/jlgage/RawUAVData01/uavforslb/final_image/final_sliced/20230720_G3_07310.jpg
5599,C10,2025,7/2/25,7.0,7/4/25,20250704_C10_05599.jpg,2,/mnt/research-projects/j/jlgage/RawUAVData01/uavforslb/final_image/final_sliced/20250704_C10_05599.jpg
1391,C7B,2025,7/10/25,4.0,7/10/25,20250710_C7B_01391.jpg,0,/mnt/research-projects/j/jlgage/RawUAVData01/uavforslb/final_image/final_sliced/20250710_C7B_01391.jpg
373,C7B,2025,7/18/25,3.0,7/18/25,20250718_C7B_00373.jpg,0,/mnt/research-projects/j/jlgage/RawUAVData01/uavforslb/final_image/final_sliced/20250718_C7B_00373.jpg
7389,G3,2023,7/26/23,8.0,7/27/23,20230727_G3_07389.jpg,1,/mnt/research-projects/j/jlgage/RawUAVData01/uavforslb/final_image/final_sliced/20230727_G3_07389.jpg
11011,I3B,2023,7/19/23,5.0,7/20/23,20230720_I3B_11011.jpg,1,/mnt/research-projects/j/jlgage/RawUAVData01/uavforslb/final_image/final_sliced/20230720_I3B_11011.jpg
10917,I3B,2023,7/19/23,6.0,7/20/23,20230720_I3B_10917.jpg,1,/mnt/research-projects/j/jlgage/RawUAVData01/uavforslb/final_image/final_sliced/20230720_I3B_10917.jpg
11053,I3B,2023,7/12/23,7.5,7/13/23,20230713_I3B_11053.jpg,1,/mnt/research-projects/j/jlgage/RawUAVData01/uavforslb/final_image/final_sliced/20230713_I3B_11053.jpg
8051,G3,2023,7/26/23,7.5,7/27/23,20230727_G3_08051.jpg,1,/mnt/research-projects/j/jlgage/RawUAVData01/uavforslb/final_image/final_sliced/20230727_G3_08051.jpg
9695,I3B,2023,7/12/23,4.5,7/13/23,20230713_I3B_09695.jpg,1,/mnt/research-projects/j/jlgage/RawUAVData01/uavforslb/final_image/final_sliced/20230713_I3B_09695.jpg
593,C7B,2025,6/30/25,6.5,7/1/25,20250701_C7B_00593.jpg,1,/mnt/research-projects/j/jlgage/RawUAVData01/uavforslb/final_image/final_sliced/20250701_C7B_00593.jpg
5796,C10,2025,7/11/25,4.0,7/11/25,20250711_C10_05796.jpg,0,/mnt/research-projects/j/jlgage/RawUAVData01/uavforslb/final_image/final_sliced/20250711_C10_05796.jpg
10919,I3B,2023,7/19/23,6.0,7/20/23,20230720_I3B_10919.jpg,1,/mnt/research-projects/j/jlgage/RawUAVData01/uavforslb/final_image/final_sliced/20230720_I3B_10919.jpg
10847,I3B,2023,7/19/23,5.0,7/20/23,20230720_I3B_10847.jpg,1,/mnt/research-projects/j/jlgage/RawUAVData01/uavforslb/final_image/final_sliced/20230720_I3B_10847.jpg
4670,C10,2025,7/2/25,6.0,7/4/25,20250704_C10_04670.jpg,2,/mnt/research-projects/j/jlgage/RawUAVData01/uavforslb/final_image/final_sliced/20250704_C10_04670.jpg
10824,I3B,2023,7/19/23,6.0,7/20/23,20230720_I3B_10824.jpg,1,/mnt/research-projects/j/jlgage/RawUAVData01/uavforslb/final_image/final_sliced/20230720_I3B_10824.jpg
2650,C7B,2025,7/8/25,7.5,7/7/25,20250707_C7B_02650.jpg,-1,/mnt/research-projects/j/jlgage/RawUAVData01/uavforslb/final_image/final_sliced/20250707_C7B_02650.jpg
3007,G3,2023,7/26/23,8.0,7/27/23,20230727_G3_03007.jpg,1,/mnt/research-projects/j/jlgage/RawUAVData01/uavforslb/final_image/final_sliced/20230727_G3_03007.jpg
5298,C10,2025,7/20/25,1.5,7/21/25,20250721_C10_05298.jpg,1,/mnt/research-projects/j/jlgage/RawUAVData01/uavforslb/final_image/final_sliced/20250721_C10_05298.jpg
8083,G3,2023,7/20/23,6.5,7/20/23,20230720_G3_08083.jpg,0,/mnt/research-projects/j/jlgage/RawUAVData01/uavforslb/final_image/final_sliced/20230720_G3_08083.jpg
59,C7B,2025,6/30/25,7.0,7/1/25,20250701_C7B_00059.jpg,1,/mnt/research-projects/j/jlgage/RawUAVData01/uavforslb/final_image/final_sliced/20250701_C7B_00059.jpg
7304,G3,2023,7/26/23,6.0,7/27/23,20230727_G3_07304.jpg,1,/mnt/research-projects/j/jlgage/RawUAVData01/uavforslb/final_image/final_sliced/20230727_G3_07304.jpg
11315,I3B,2023,7/19/23,6.0,7/20/23,20230720_I3B_11315.jpg,1,/mnt/research-projects/j/jlgage/RawUAVData01/uavforslb/final_image/final_sliced/20230720_I3B_11315.jpg
384,C7B,2025,7/10/25,5.0,7/10/25,20250710_C7B_00384.jpg,0,/mnt/research-projects/j/jlgage/RawUAVData01/uavforslb/final_image/final_sliced/20250710_C7B_00384.jpg
867,C7B,2025,7/1/25,5.5,7/1/25,20250701_C7B_00867.jpg,0,/mnt/research-projects/j/jlgage/RawUAVData01/uavforslb/final_image/final_sliced/20250701_C7B_00867.jpg
4256,C10,2025,7/11/25,3.0,7/11/25,20250711_C10_04256.jpg,0,/mnt/research-projects/j/jlgage/RawUAVData01/uavforslb/final_image/final_sliced/20250711_C10_04256.jpg
283,C7B,2025,7/4/25,6.5,7/4/25,20250704_C7B_00283.jpg,0,/mnt/research-projects/j/jlgage/RawUAVData01/uavforslb/final_image/final_sliced/20250704_C7B_00283.jpg
1428,C7B,2025,7/18/25,5.5,7/18/25,20250718_C7B_01428.jpg,0,/mnt/research-projects/j/jlgage/RawUAVData01/uavforslb/final_image/final_sliced/20250718_C7B_01428.jpg
11362,I3B,2023,7/19/23,5.5,7/20/23,20230720_I3B_11362.jpg,1,/mnt/research-projects/j/jlgage/RawUAVData01/uavforslb/final_image/final_sliced/20230720_I3B_11362.jpg
1967,C7B,2025,7/19/25,3.0,7/18/25,20250718_C7B_01967.jpg,-1,/mnt/research-projects/j/jlgage/RawUAVData01/uavforslb/final_image/final_sliced/20250718_C7B_01967.jpg
9972,I3B,2023,7/12/23,5.5,7/13/23,20230713_I3B_09972.jpg,1,/mnt/research-projects/j/jlgage/RawUAVData01/uavforslb/final_image/final_sliced/20230713_I3B_09972.jpg
4695,C10,2025,7/2/25,5.0,7/4/25,20250704_C10_04695.jpg,2,/mnt/research-projects/j/jlgage/RawUAVData01/uavforslb/final_image/final_sliced/20250704_C10_04695.jpg
7455,G3,2023,7/26/23,6.5,7/27/23,20230727_G3_07455.jpg,1,/mnt/research-projects/j/jlgage/RawUAVData01/uavforslb/final_image/final_sliced/20230727_G3_07455.jpg
7395,G3,2023,7/20/23,7.5,7/20/23,20230720_G3_07395.jpg,0,/mnt/research-projects/j/jlgage/RawUAVData01/uavforslb/final_image/final_sliced/20230720_G3_07395.jpg
7240,G3,2023,7/26/23,5.0,7/27/23,20230727_G3_07240.jpg,1,/mnt/research-projects/j/jlgage/RawUAVData01/uavforslb/final_image/final_sliced/20230727_G3_07240.jpg
11013,I3B,2023,7/19/23,7.5,7/20/23,20230720_I3B_11013.jpg,1,/mnt/research-projects/j/jlgage/RawUAVData01/uavforslb/final_image/final_sliced/20230720_I3B_11013.jpg
7520,G3,2023,7/20/23,7.0,7/20/23,20230720_G3_07520.jpg,0,/mnt/research-projects/j/jlgage/RawUAVData01/uavforslb/final_image/final_sliced/20230720_G3_07520.jpg
7461,G3,2023,7/20/23,8.0,7/20/23,20230720_G3_07461.jpg,0,/mnt/research-projects/j/jlgage/RawUAVData01/uavforslb/final_image/final_sliced/20230720_G3_07461.jpg
7474,G3,2023,7/20/23,7.5,7/20/23,20230720_G3_07474.jpg,0,/mnt/research-projects/j/jlgage/RawUAVData01/uavforslb/final_image/final_sliced/20230720_G3_07474.jpg
1805,C7B,2025,7/19/25,4.5,7/18/25,20250718_C7B_01805.jpg,-1,/mnt/research-projects/j/jlgage/RawUAVData01/uavforslb/final_image/final_sliced/20250718_C7B_01805.jpg
9607,I3B,2023,7/12/23,7.0,7/13/23,20230713_I3B_09607.jpg,1,/mnt/research-projects/j/jlgage/RawUAVData01/uavforslb/final_image/final_sliced/20230713_I3B_09607.jpg
9798,I3B,2023,7/12/23,5.5,7/13/23,20230713_I3B_09798.jpg,1,/mnt/research-projects/j/jlgage/RawUAVData01/uavforslb/final_image/final_sliced/20230713_I3B_09798.jpg
5335,C10,2025,7/20/25,2.0,7/21/25,20250721_C10_05335.jpg,1,/mnt/research-projects/j/jlgage/RawUAVData01/uavforslb/final_image/final_sliced/20250721_C10_05335.jpg
9846,I3B,2023,7/12/23,5.5,7/13/23,20230713_I3B_09846.jpg,1,/mnt/research-projects/j/jlgage/RawUAVData01/uavforslb/final_image/final_sliced/20230713_I3B_09846.jpg
9815,I3B,2023,7/12/23,5.0,7/13/23,20230713_I3B_09815.jpg,1,/mnt/research-projects/j/jlgage/RawUAVData01/uavforslb/final_image/final_sliced/20230713_I3B_09815.jpg
631,C7B,2025,7/18/25,4.0,7/18/25,20250718_C7B_00631.jpg,0,/mnt/research-projects/j/jlgage/RawUAVData01/uavforslb/final_image/final_sliced/20250718_C7B_00631.jpg
13,C7B,2025,7/11/25,8.0,7/10/25,20250710_C7B_00013.jpg,-1,/mnt/research-projects/j/jlgage/RawUAVData01/uavforslb/final_image/final_sliced/20250710_C7B_00013.jpg
7540,G3,2023,7/26/23,8.0,7/27/23,20230727_G3_07540.jpg,1,/mnt/research-projects/j/jlgage/RawUAVData01/uavforslb/final_image/final_sliced/20230727_G3_07540.jpg
11287,I3B,2023,7/19/23,7.5,7/20/23,20230720_I3B_11287.jpg,1,/mnt/research-projects/j/jlgage/RawUAVData01/uavforslb/final_image/final_sliced/20230720_I3B_11287.jpg
1371,C7B,2025,7/1/25,6.5,7/1/25,20250701_C7B_01371.jpg,0,/mnt/research-projects/j/jlgage/RawUAVData01/uavforslb/final_image/final_sliced/20250701_C7B_01371.jpg
3050,G3,2023,7/19/23,8.0,7/20/23,20230720_G3_03050.jpg,1,/mnt/research-projects/j/jlgage/RawUAVData01/uavforslb/final_image/final_sliced/20230720_G3_03050.jpg
8116,G3,2023,7/20/23,7.5,7/20/23,20230720_G3_08116.jpg,0,/mnt/research-projects/j/jlgage/RawUAVData01/uavforslb/final_image/final_sliced/20230720_G3_08116.jpg
5536,C10,2025,7/20/25,3.0,7/21/25,20250721_C10_05536.jpg,1,/mnt/research-projects/j/jlgage/RawUAVData01/uavforslb/final_image/final_sliced/20250721_C10_05536.jpg
5491,C10,2025,7/20/25,3.0,7/21/25,20250721_C10_05491.jpg,1,/mnt/research-projects/j/jlgage/RawUAVData01/uavforslb/final_image/final_sliced/20250721_C10_05491.jpg
1350,C7B,2025,7/1/25,6.5,7/1/25,20250701_C7B_01350.jpg,0,/mnt/research-projects/j/jlgage/RawUAVData01/uavforslb/final_image/final_sliced/20250701_C7B_01350.jpg
3015,G3,2023,7/19/23,8.0,7/20/23,20230720_G3_03015.jpg,1,/mnt/research-projects/j/jlgage/RawUAVData01/uavforslb/final_image/final_sliced/20230720_G3_03015.jpg
3093,G3,2023,7/19/23,7.5,7/20/23,20230720_G3_03093.jpg,1,/mnt/research-projects/j/jlgage/RawUAVData01/uavforslb/final_image/final_sliced/20230720_G3_03093.jpg
450,C7B,2025,7/4/25,6.0,7/4/25,20250704_C7B_00450.jpg,0,/mnt/research-projects/j/jlgage/RawUAVData01/uavforslb/final_image/final_sliced/20250704_C7B_00450.jpg
787,C7B,2025,7/18/25,3.0,7/18/25,20250718_C7B_00787.jpg,0,/mnt/research-projects/j/jlgage/RawUAVData01/uavforslb/final_image/final_sliced/20250718_C7B_00787.jpg
5093,C10,2025,7/2/25,5.5,7/4/25,20250704_C10_05093.jpg,2,/mnt/research-projects/j/jlgage/RawUAVData01/uavforslb/final_image/final_sliced/20250704_C10_05093.jpg
354,C7B,2025,7/4/25,6.0,7/4/25,20250704_C7B_00354.jpg,0,/mnt/research-projects/j/jlgage/RawUAVData01/uavforslb/final_image/final_sliced/20250704_C7B_00354.jpg
10841,I3B,2023,7/19/23,6.5,7/20/23,20230720_I3B_10841.jpg,1,/mnt/research-projects/j/jlgage/RawUAVData01/uavforslb/final_image/final_sliced/20230720_I3B_10841.jpg
10938,I3B,2023,7/19/23,5.0,7/20/23,20230720_I3B_10938.jpg,1,/mnt/research-projects/j/jlgage/RawUAVData01/uavforslb/final_image/final_sliced/20230720_I3B_10938.jpg
10809,I3B,2023,7/19/23,5.0,7/20/23,20230720_I3B_10809.jpg,1,/mnt/research-projects/j/jlgage/RawUAVData01/uavforslb/final_image/final_sliced/20230720_I3B_10809.jpg
3109,G3,2023,7/26/23,7.0,7/27/23,20230727_G3_03109.jpg,1,/mnt/research-projects/j/jlgage/RawUAVData01/uavforslb/final_image/final_sliced/20230727_G3_03109.jpg
2802,C7B,2025,7/8/25,8.0,7/7/25,20250707_C7B_02802.jpg,-1,/mnt/research-projects/j/jlgage/RawUAVData01/uavforslb/final_image/final_sliced/20250707_C7B_02802.jpg
2713,C7B,2025,7/13/25,4.5,7/12/25,20250712_C7B_02713.jpg,-1,/mnt/research-projects/j/jlgage/RawUAVData01/uavforslb/final_image/final_sliced/20250712_C7B_02713.jpg
6723,C10,2025,7/3/25,8.0,7/4/25,20250704_C10_06723.jpg,1,/mnt/research-projects/j/jlgage/RawUAVData01/uavforslb/final_image/final_sliced/20250704_C10_06723.jpg
9718,I3B,2023,7/12/23,4.5,7/13/23,20230713_I3B_09718.jpg,1,/mnt/research-projects/j/jlgage/RawUAVData01/uavforslb/final_image/final_sliced/20230713_I3B_09718.jpg
7320,G3,2023,7/20/23,7.5,7/20/23,20230720_G3_07320.jpg,0,/mnt/research-projects/j/jlgage/RawUAVData01/uavforslb/final_image/final_sliced/20230720_G3_07320.jpg
4790,C10,2025,7/11/25,4.0,7/11/25,20250711_C10_04790.jpg,0,/mnt/research-projects/j/jlgage/RawUAVData01/uavforslb/final_image/final_sliced/20250711_C10_04790.jpg
1636,C7B,2025,7/10/25,4.0,7/10/25,20250710_C7B_01636.jpg,0,/mnt/research-projects/j/jlgage/RawUAVData01/uavforslb/final_image/final_sliced/20250710_C7B_01636.jpg
10893,I3B,2023,7/19/23,5.5,7/20/23,20230720_I3B_10893.jpg,1,/mnt/research-projects/j/jlgage/RawUAVData01/uavforslb/final_image/final_sliced/20230720_I3B_10893.jpg
7371,G3,2023,7/26/23,8.0,7/27/23,20230727_G3_07371.jpg,1,/mnt/research-projects/j/jlgage/RawUAVData01/uavforslb/final_image/final_sliced/20230727_G3_07371.jpg
5572,C10,2025,7/2/25,7.0,7/4/25,20250704_C10_05572.jpg,2,/mnt/research-projects/j/jlgage/RawUAVData01/uavforslb/final_image/final_sliced/20250704_C10_05572.jpg
10835,I3B,2023,7/19/23,6.5,7/20/23,20230720_I3B_10835.jpg,1,/mnt/research-projects/j/jlgage/RawUAVData01/uavforslb/final_image/final_sliced/20230720_I3B_10835.jpg
10991,I3B,2023,7/19/23,5.5,7/20/23,20230720_I3B_10991.jpg,1,/mnt/research-projects/j/jlgage/RawUAVData01/uavforslb/final_image/final_sliced/20230720_I3B_10991.jpg
11308,I3B,2023,7/19/23,7.5,7/20/23,20230720_I3B_11308.jpg,1,/mnt/research-projects/j/jlgage/RawUAVData01/uavforslb/final_image/final_sliced/20230720_I3B_11308.jpg
8067,G3,2023,7/19/23,6.0,7/20/23,20230720_G3_08067.jpg,1,/mnt/research-projects/j/jlgage/RawUAVData01/uavforslb/final_image/final_sliced/20230720_G3_08067.jpg
1944,C7B,2025,7/7/25,3.5,7/7/25,20250707_C7B_01944.jpg,0,/mnt/research-projects/j/jlgage/RawUAVData01/uavforslb/final_image/final_sliced/20250707_C7B_01944.jpg
1052,C7B,2025,7/10/25,4.0,7/10/25,20250710_C7B_01052.jpg,0,/mnt/research-projects/j/jlgage/RawUAVData01/uavforslb/final_image/final_sliced/20250710_C7B_01052.jpg
5564,C10,2025,7/2/25,5.0,7/4/25,20250704_C10_05564.jpg,2,/mnt/research-projects/j/jlgage/RawUAVData01/uavforslb/final_image/final_sliced/20250704_C10_05564.jpg
5758,C10,2025,7/11/25,8.0,7/11/25,20250711_C10_05758.jpg,0,/mnt/research-projects/j/jlgage/RawUAVData01/uavforslb/final_image/final_sliced/20250711_C10_05758.jpg
8094,G3,2023,7/26/23,7.0,7/27/23,20230727_G3_08094.jpg,1,/mnt/research-projects/j/jlgage/RawUAVData01/uavforslb/final_image/final_sliced/20230727_G3_08094.jpg
8074,G3,2023,7/20/23,8.0,7/20/23,20230720_G3_08074.jpg,0,/mnt/research-projects/j/jlgage/RawUAVData01/uavforslb/final_image/final_sliced/20230720_G3_08074.jpg
8010,G3,2023,7/26/23,6.0,7/27/23,20230727_G3_08010.jpg,1,/mnt/research-projects/j/jlgage/RawUAVData01/uavforslb/final_image/final_sliced/20230727_G3_08010.jpg
4337,C10,2025,7/11/25,7.5,7/11/25,20250711_C10_04337.jpg,0,/mnt/research-projects/j/jlgage/RawUAVData01/uavforslb/final_image/final_sliced/20250711_C10_04337.jpg
6032,C10,2025,7/8/25,5.0,7/7/25,20250707_C10_06032.jpg,-1,/mnt/research-projects/j/jlgage/RawUAVData01/uavforslb/final_image/final_sliced/20250707_C10_06032.jpg
1736,C7B,2025,7/7/25,5.0,7/7/25,20250707_C7B_01736.jpg,0,/mnt/research-projects/j/jlgage/RawUAVData01/uavforslb/final_image/final_sliced/20250707_C7B_01736.jpg
7238,G3,2023,7/19/23,5.5,7/20/23,20230720_G3_07238.jpg,1,/mnt/research-projects/j/jlgage/RawUAVData01/uavforslb/final_image/final_sliced/20230720_G3_07238.jpg
1811,C7B,2025,7/10/25,7.0,7/10/25,20250710_C7B_01811.jpg,0,/mnt/research-projects/j/jlgage/RawUAVData01/uavforslb/final_image/final_sliced/20250710_C7B_01811.jpg
11147,I3B,2023,7/12/23,7.0,7/13/23,20230713_I3B_11147.jpg,1,/mnt/research-projects/j/jlgage/RawUAVData01/uavforslb/final_image/final_sliced/20230713_I3B_11147.jpg
4652,C10,2025,7/20/25,2.5,7/21/25,20250721_C10_04652.jpg,1,/mnt/research-projects/j/jlgage/RawUAVData01/uavforslb/final_image/final_sliced/20250721_C10_04652.jpg
9750,I3B,2023,7/12/23,5.5,7/13/23,20230713_I3B_09750.jpg,1,/mnt/research-projects/j/jlgage/RawUAVData01/uavforslb/final_image/final_sliced/20230713_I3B_09750.jpg
10002,I3B,2023,7/12/23,4.5,7/13/23,20230713_I3B_10002.jpg,1,/mnt/research-projects/j/jlgage/RawUAVData01/uavforslb/final_image/final_sliced/20230713_I3B_10002.jpg
4129,C10,2025,7/7/25,5.0,7/7/25,20250707_C10_04129.jpg,0,/mnt/research-projects/j/jlgage/RawUAVData01/uavforslb/final_image/final_sliced/20250707_C10_04129.jpg
1440,C7B,2025,7/18/25,4.0,7/18/25,20250718_C7B_01440.jpg,0,/mnt/research-projects/j/jlgage/RawUAVData01/uavforslb/final_image/final_sliced/20250718_C7B_01440.jpg
10973,I3B,2023,7/19/23,7.0,7/20/23,20230720_I3B_10973.jpg,1,/mnt/research-projects/j/jlgage/RawUAVData01/uavforslb/final_image/final_sliced/20230720_I3B_10973.jpg
6823,C10,2025,7/18/25,6.5,7/18/25,20250718_C10_06823.jpg,0,/mnt/research-projects/j/jlgage/RawUAVData01/uavforslb/final_image/final_sliced/20250718_C10_06823.jpg
5250,C10,2025,7/2/25,6.0,7/4/25,20250704_C10_05250.jpg,2,/mnt/research-projects/j/jlgage/RawUAVData01/uavforslb/final_image/final_sliced/20250704_C10_05250.jpg
4625,C10,2025,7/11/25,3.0,7/11/25,20250711_C10_04625.jpg,0,/mnt/research-projects/j/jlgage/RawUAVData01/uavforslb/final_image/final_sliced/20250711_C10_04625.jpg
11210,I3B,2023,7/19/23,7.0,7/20/23,20230720_I3B_11210.jpg,1,/mnt/research-projects/j/jlgage/RawUAVData01/uavforslb/final_image/final_sliced/20230720_I3B_11210.jpg
454,C7B,2025,7/10/25,6.0,7/10/25,20250710_C7B_00454.jpg,0,/mnt/research-projects/j/jlgage/RawUAVData01/uavforslb/final_image/final_sliced/20250710_C7B_00454.jpg
9608,I3B,2023,7/12/23,6.0,7/13/23,20230713_I3B_09608.jpg,1,/mnt/research-projects/j/jlgage/RawUAVData01/uavforslb/final_image/final_sliced/20230713_I3B_09608.jpg
4946,C10,2025,7/20/25,3.0,7/21/25,20250721_C10_04946.jpg,1,/mnt/research-projects/j/jlgage/RawUAVData01/uavforslb/final_image/final_sliced/20250721_C10_04946.jpg
9832,I3B,2023,7/12/23,5.0,7/13/23,20230713_I3B_09832.jpg,1,/mnt/research-projects/j/jlgage/RawUAVData01/uavforslb/final_image/final_sliced/20230713_I3B_09832.jpg
4652,C10,2025,7/11/25,5.0,7/11/25,20250711_C10_04652.jpg,0,/mnt/research-projects/j/jlgage/RawUAVData01/uavforslb/final_image/final_sliced/20250711_C10_04652.jpg
6837,C10,2025,7/3/25,5.5,7/4/25,20250704_C10_06837.jpg,1,/mnt/research-projects/j/jlgage/RawUAVData01/uavforslb/final_image/final_sliced/20250704_C10_06837.jpg
11254,I3B,2023,7/19/23,6.0,7/20/23,20230720_I3B_11254.jpg,1,/mnt/research-projects/j/jlgage/RawUAVData01/uavforslb/final_image/final_sliced/20230720_I3B_11254.jpg
2806,C7B,2025,7/18/25,7.0,7/18/25,20250718_C7B_02806.jpg,0,/mnt/research-projects/j/jlgage/RawUAVData01/uavforslb/final_image/final_sliced/20250718_C7B_02806.jpg
7405,G3,2023,7/20/23,7.5,7/20/23,20230720_G3_07405.jpg,0,/mnt/research-projects/j/jlgage/RawUAVData01/uavforslb/final_image/final_sliced/20230720_G3_07405.jpg
10786,I3B,2023,7/19/23,5.5,7/20/23,20230720_I3B_10786.jpg,1,/mnt/research-projects/j/jlgage/RawUAVData01/uavforslb/final_image/final_sliced/20230720_I3B_10786.jpg
7221,G3,2023,7/19/23,7.0,7/20/23,20230720_G3_07221.jpg,1,/mnt/research-projects/j/jlgage/RawUAVData01/uavforslb/final_image/final_sliced/20230720_G3_07221.jpg
2650,C7B,2025,7/13/25,7.5,7/12/25,20250712_C7B_02650.jpg,-1,/mnt/research-projects/j/jlgage/RawUAVData01/uavforslb/final_image/final_sliced/20250712_C7B_02650.jpg
10967,I3B,2023,7/19/23,6.0,7/20/23,20230720_I3B_10967.jpg,1,/mnt/research-projects/j/jlgage/RawUAVData01/uavforslb/final_image/final_sliced/20230720_I3B_10967.jpg
7396,G3,2023,7/26/23,5.5,7/27/23,20230727_G3_07396.jpg,1,/mnt/research-projects/j/jlgage/RawUAVData01/uavforslb/final_image/final_sliced/20230727_G3_07396.jpg
272,C7B,2025,6/30/25,7.0,7/1/25,20250701_C7B_00272.jpg,1,/mnt/research-projects/j/jlgage/RawUAVData01/uavforslb/final_image/final_sliced/20250701_C7B_00272.jpg
494,C7B,2025,7/10/25,5.0,7/10/25,20250710_C7B_00494.jpg,0,/mnt/research-projects/j/jlgage/RawUAVData01/uavforslb/final_image/final_sliced/20250710_C7B_00494.jpg
3145,G3,2023,7/19/23,7.5,7/20/23,20230720_G3_03145.jpg,1,/mnt/research-projects/j/jlgage/RawUAVData01/uavforslb/final_image/final_sliced/20230720_G3_03145.jpg
7479,G3,2023,7/26/23,8.0,7/27/23,20230727_G3_07479.jpg,1,/mnt/research-projects/j/jlgage/RawUAVData01/uavforslb/final_image/final_sliced/20230727_G3_07479.jpg
2645,C7B,2025,7/18/25,7.5,7/18/25,20250718_C7B_02645.jpg,0,/mnt/research-projects/j/jlgage/RawUAVData01/uavforslb/final_image/final_sliced/20250718_C7B_02645.jpg
9603,I3B,2023,7/12/23,5.0,7/13/23,20230713_I3B_09603.jpg,1,/mnt/research-projects/j/jlgage/RawUAVData01/uavforslb/final_image/final_sliced/20230713_I3B_09603.jpg
11172,I3B,2023,7/12/23,7.5,7/13/23,20230713_I3B_11172.jpg,1,/mnt/research-projects/j/jlgage/RawUAVData01/uavforslb/final_image/final_sliced/20230713_I3B_11172.jpg
9777,I3B,2023,7/12/23,5.0,7/13/23,20230713_I3B_09777.jpg,1,/mnt/research-projects/j/jlgage/RawUAVData01/uavforslb/final_image/final_sliced/20230713_I3B_09777.jpg
1294,C7B,2025,7/18/25,2.0,7/18/25,20250718_C7B_01294.jpg,0,/mnt/research-projects/j/jlgage/RawUAVData01/uavforslb/final_image/final_sliced/20250718_C7B_01294.jpg
9841,I3B,2023,7/12/23,6.0,7/13/23,20230713_I3B_09841.jpg,1,/mnt/research-projects/j/jlgage/RawUAVData01/uavforslb/final_image/final_sliced/20230713_I3B_09841.jpg
11347,I3B,2023,7/19/23,7.5,7/20/23,20230720_I3B_11347.jpg,1,/mnt/research-projects/j/jlgage/RawUAVData01/uavforslb/final_image/final_sliced/20230720_I3B_11347.jpg
10291,I3B,2023,7/25/23,3.0,7/27/23,20230727_I3B_10291.jpg,2,/mnt/research-projects/j/jlgage/RawUAVData01/uavforslb/final_image/final_sliced/20230727_I3B_10291.jpg
3021,G3,2023,7/26/23,7.5,7/27/23,20230727_G3_03021.jpg,1,/mnt/research-projects/j/jlgage/RawUAVData01/uavforslb/final_image/final_sliced/20230727_G3_03021.jpg
9680,I3B,2023,7/12/23,5.0,7/13/23,20230713_I3B_09680.jpg,1,/mnt/research-projects/j/jlgage/RawUAVData01/uavforslb/final_image/final_sliced/20230713_I3B_09680.jpg
5936,C10,2025,7/8/25,4.5,7/7/25,20250707_C10_05936.jpg,-1,/mnt/research-projects/j/jlgage/RawUAVData01/uavforslb/final_image/final_sliced/20250707_C10_05936.jpg
9897,I3B,2023,7/12/23,5.0,7/13/23,20230713_I3B_09897.jpg,1,/mnt/research-projects/j/jlgage/RawUAVData01/uavforslb/final_image/final_sliced/20230713_I3B_09897.jpg
5953,C10,2025,7/2/25,4.5,7/4/25,20250704_C10_05953.jpg,2,/mnt/research-projects/j/jlgage/RawUAVData01/uavforslb/final_image/final_sliced/20250704_C10_05953.jpg
378,C7B,2025,6/30/25,7.0,7/1/25,20250701_C7B_00378.jpg,1,/mnt/research-projects/j/jlgage/RawUAVData01/uavforslb/final_image/final_sliced/20250701_C7B_00378.jpg
3142,G3,2023,7/26/23,7.5,7/27/23,20230727_G3_03142.jpg,1,/mnt/research-projects/j/jlgage/RawUAVData01/uavforslb/final_image/final_sliced/20230727_G3_03142.jpg
7446,G3,2023,7/26/23,8.0,7/27/23,20230727_G3_07446.jpg,1,/mnt/research-projects/j/jlgage/RawUAVData01/uavforslb/final_image/final_sliced/20230727_G3_07446.jpg
6685,C10,2025,7/14/25,8.0,7/14/25,20250714_C10_06685.jpg,0,/mnt/research-projects/j/jlgage/RawUAVData01/uavforslb/final_image/final_sliced/20250714_C10_06685.jpg
6840,C10,2025,7/14/25,7.5,7/14/25,20250714_C10_06840.jpg,0,/mnt/research-projects/j/jlgage/RawUAVData01/uavforslb/final_image/final_sliced/20250714_C10_06840.jpg
3164,G3,2023,7/19/23,7.0,7/20/23,20230720_G3_03164.jpg,1,/mnt/research-projects/j/jlgage/RawUAVData01/uavforslb/final_image/final_sliced/20230720_G3_03164.jpg
10860,I3B,2023,7/19/23,7.5,7/20/23,20230720_I3B_10860.jpg,1,/mnt/research-projects/j/jlgage/RawUAVData01/uavforslb/final_image/final_sliced/20230720_I3B_10860.jpg
1605,C7B,2025,7/10/25,5.0,7/10/25,20250710_C7B_01605.jpg,0,/mnt/research-projects/j/jlgage/RawUAVData01/uavforslb/final_image/final_sliced/20250710_C7B_01605.jpg
5573,C10,2025,7/11/25,4.5,7/11/25,20250711_C10_05573.jpg,0,/mnt/research-projects/j/jlgage/RawUAVData01/uavforslb/final_image/final_sliced/20250711_C10_05573.jpg
757,C7B,2025,7/10/25,5.0,7/10/25,20250710_C7B_00757.jpg,0,/mnt/research-projects/j/jlgage/RawUAVData01/uavforslb/final_image/final_sliced/20250710_C7B_00757.jpg
547,C7B,2025,7/10/25,6.5,7/10/25,20250710_C7B_00547.jpg,0,/mnt/research-projects/j/jlgage/RawUAVData01/uavforslb/final_image/final_sliced/20250710_C7B_00547.jpg
10890,I3B,2023,7/19/23,5.0,7/20/23,20230720_I3B_10890.jpg,1,/mnt/research-projects/j/jlgage/RawUAVData01/uavforslb/final_image/final_sliced/20230720_I3B_10890.jpg
5179,C10,2025,7/2/25,5.0,7/4/25,20250704_C10_05179.jpg,2,/mnt/research-projects/j/jlgage/RawUAVData01/uavforslb/final_image/final_sliced/20250704_C10_05179.jpg
104,C7B,2025,7/10/25,5.5,7/10/25,20250710_C7B_00104.jpg,0,/mnt/research-projects/j/jlgage/RawUAVData01/uavforslb/final_image/final_sliced/20250710_C7B_00104.jpg
6828,C10,2025,7/18/25,6.0,7/18/25,20250718_C10_06828.jpg,0,/mnt/research-projects/j/jlgage/RawUAVData01/uavforslb/final_image/final_sliced/20250718_C10_06828.jpg
7399,G3,2023,7/26/23,8.0,7/27/23,20230727_G3_07399.jpg,1,/mnt/research-projects/j/jlgage/RawUAVData01/uavforslb/final_image/final_sliced/20230727_G3_07399.jpg
9969,I3B,2023,7/12/23,5.0,7/13/23,20230713_I3B_09969.jpg,1,/mnt/research-projects/j/jlgage/RawUAVData01/uavforslb/final_image/final_sliced/20230713_I3B_09969.jpg
4030,C10,2025,6/30/25,7.0,6/28/25,20250628_C10_04030.jpg,-2,/mnt/research-projects/j/jlgage/RawUAVData01/uavforslb/final_image/final_sliced/20250628_C10_04030.jpg
4679,C10,2025,7/20/25,2.5,7/21/25,20250721_C10_04679.jpg,1,/mnt/research-projects/j/jlgage/RawUAVData01/uavforslb/final_image/final_sliced/20250721_C10_04679.jpg
1646,C7B,2025,7/10/25,5.5,7/10/25,20250710_C7B_01646.jpg,0,/mnt/research-projects/j/jlgage/RawUAVData01/uavforslb/final_image/final_sliced/20250710_C7B_01646.jpg
679,C7B,2025,7/10/25,4.0,7/10/25,20250710_C7B_00679.jpg,0,/mnt/research-projects/j/jlgage/RawUAVData01/uavforslb/final_image/final_sliced/20250710_C7B_00679.jpg
4722,C10,2025,7/2/25,5.5,7/4/25,20250704_C10_04722.jpg,2,/mnt/research-projects/j/jlgage/RawUAVData01/uavforslb/final_image/final_sliced/20250704_C10_04722.jpg
9858,I3B,2023,7/12/23,6.0,7/13/23,20230713_I3B_09858.jpg,1,/mnt/research-projects/j/jlgage/RawUAVData01/uavforslb/final_image/final_sliced/20230713_I3B_09858.jpg
7493,G3,2023,7/20/23,8.0,7/20/23,20230720_G3_07493.jpg,0,/mnt/research-projects/j/jlgage/RawUAVData01/uavforslb/final_image/final_sliced/20230720_G3_07493.jpg
1782,C7B,2025,7/7/25,7.5,7/7/25,20250707_C7B_01782.jpg,0,/mnt/research-projects/j/jlgage/RawUAVData01/uavforslb/final_image/final_sliced/20250707_C7B_01782.jpg
11009,I3B,2023,7/19/23,7.0,7/20/23,20230720_I3B_11009.jpg,1,/mnt/research-projects/j/jlgage/RawUAVData01/uavforslb/final_image/final_sliced/20230720_I3B_11009.jpg
511,C7B,2025,7/10/25,4.5,7/10/25,20250710_C7B_00511.jpg,0,/mnt/research-projects/j/jlgage/RawUAVData01/uavforslb/final_image/final_sliced/20250710_C7B_00511.jpg
9605,I3B,2023,7/12/23,7.0,7/13/23,20230713_I3B_09605.jpg,1,/mnt/research-projects/j/jlgage/RawUAVData01/uavforslb/final_image/final_sliced/20230713_I3B_09605.jpg
4954,C10,2025,7/2/25,7.0,7/4/25,20250704_C10_04954.jpg,2,/mnt/research-projects/j/jlgage/RawUAVData01/uavforslb/final_image/final_sliced/20250704_C10_04954.jpg
7460,G3,2023,7/20/23,8.0,7/20/23,20230720_G3_07460.jpg,0,/mnt/research-projects/j/jlgage/RawUAVData01/uavforslb/final_image/final_sliced/20230720_G3_07460.jpg
11334,I3B,2023,7/19/23,7.5,7/20/23,20230720_I3B_11334.jpg,1,/mnt/research-projects/j/jlgage/RawUAVData01/uavforslb/final_image/final_sliced/20230720_I3B_11334.jpg
5228,C10,2025,7/2/25,5.5,7/4/25,20250704_C10_05228.jpg,2,/mnt/research-projects/j/jlgage/RawUAVData01/uavforslb/final_image/final_sliced/20250704_C10_05228.jpg
10254,I3B,2023,7/25/23,4.0,7/27/23,20230727_I3B_10254.jpg,2,/mnt/research-projects/j/jlgage/RawUAVData01/uavforslb/final_image/final_sliced/20230727_I3B_10254.jpg
5173,C10,2025,7/20/25,1.5,7/21/25,20250721_C10_05173.jpg,1,/mnt/research-projects/j/jlgage/RawUAVData01/uavforslb/final_image/final_sliced/20250721_C10_05173.jpg
1592,C7B,2025,7/10/25,4.0,7/10/25,20250710_C7B_01592.jpg,0,/mnt/research-projects/j/jlgage/RawUAVData01/uavforslb/final_image/final_sliced/20250710_C7B_01592.jpg
10997,I3B,2023,7/19/23,5.0,7/20/23,20230720_I3B_10997.jpg,1,/mnt/research-projects/j/jlgage/RawUAVData01/uavforslb/final_image/final_sliced/20230720_I3B_10997.jpg
8090,G3,2023,7/26/23,5.0,7/27/23,20230727_G3_08090.jpg,1,/mnt/research-projects/j/jlgage/RawUAVData01/uavforslb/final_image/final_sliced/20230727_G3_08090.jpg
5163,C10,2025,7/20/25,1.0,7/21/25,20250721_C10_05163.jpg,1,/mnt/research-projects/j/jlgage/RawUAVData01/uavforslb/final_image/final_sliced/20250721_C10_05163.jpg
7315,G3,2023,7/26/23,4.0,7/27/23,20230727_G3_07315.jpg,1,/mnt/research-projects/j/jlgage/RawUAVData01/uavforslb/final_image/final_sliced/20230727_G3_07315.jpg
10257,I3B,2023,7/25/23,6.0,7/27/23,20230727_I3B_10257.jpg,2,/mnt/research-projects/j/jlgage/RawUAVData01/uavforslb/final_image/final_sliced/20230727_I3B_10257.jpg
4959,C10,2025,7/2/25,6.0,7/4/25,20250704_C10_04959.jpg,2,/mnt/research-projects/j/jlgage/RawUAVData01/uavforslb/final_image/final_sliced/20250704_C10_04959.jpg
6684,C10,2025,6/30/25,3.0,6/28/25,20250628_C10_06684.jpg,-2,/mnt/research-projects/j/jlgage/RawUAVData01/uavforslb/final_image/final_sliced/20250628_C10_06684.jpg
8135,G3,2023,7/26/23,7.5,7/27/23,20230727_G3_08135.jpg,1,/mnt/research-projects/j/jlgage/RawUAVData01/uavforslb/final_image/final_sliced/20230727_G3_08135.jpg
3198,G3,2023,7/19/23,7.0,7/20/23,20230720_G3_03198.jpg,1,/mnt/research-projects/j/jlgage/RawUAVData01/uavforslb/final_image/final_sliced/20230720_G3_03198.jpg
2865,C7B,2025,6/30/25,7.5,7/1/25,20250701_C7B_02865.jpg,1,/mnt/research-projects/j/jlgage/RawUAVData01/uavforslb/final_image/final_sliced/20250701_C7B_02865.jpg
5129,C10,2025,7/20/25,2.0,7/21/25,20250721_C10_05129.jpg,1,/mnt/research-projects/j/jlgage/RawUAVData01/uavforslb/final_image/final_sliced/20250721_C10_05129.jpg
11344,I3B,2023,7/19/23,7.5,7/20/23,20230720_I3B_11344.jpg,1,/mnt/research-projects/j/jlgage/RawUAVData01/uavforslb/final_image/final_sliced/20230720_I3B_11344.jpg
425,C7B,2025,7/4/25,6.5,7/4/25,20250704_C7B_00425.jpg,0,/mnt/research-projects/j/jlgage/RawUAVData01/uavforslb/final_image/final_sliced/20250704_C7B_00425.jpg
9884,I3B,2023,7/12/23,5.0,7/13/23,20230713_I3B_09884.jpg,1,/mnt/research-projects/j/jlgage/RawUAVData01/uavforslb/final_image/final_sliced/20230713_I3B_09884.jpg
3130,G3,2023,7/19/23,7.5,7/20/23,20230720_G3_03130.jpg,1,/mnt/research-projects/j/jlgage/RawUAVData01/uavforslb/final_image/final_sliced/20230720_G3_03130.jpg
530,C7B,2025,7/10/25,3.0,7/10/25,20250710_C7B_00530.jpg,0,/mnt/research-projects/j/jlgage/RawUAVData01/uavforslb/final_image/final_sliced/20250710_C7B_00530.jpg
3106,G3,2023,7/26/23,7.5,7/27/23,20230727_G3_03106.jpg,1,/mnt/research-projects/j/jlgage/RawUAVData01/uavforslb/final_image/final_sliced/20230727_G3_03106.jpg
4182,C10,2025,7/19/25,3.0,7/18/25,20250718_C10_04182.jpg,-1,/mnt/research-projects/j/jlgage/RawUAVData01/uavforslb/final_image/final_sliced/20250718_C10_04182.jpg
10381,I3B,2023,7/25/23,6.5,7/27/23,20230727_I3B_10381.jpg,2,/mnt/research-projects/j/jlgage/RawUAVData01/uavforslb/final_image/final_sliced/20230727_I3B_10381.jpg
9698,I3B,2023,7/12/23,4.0,7/13/23,20230713_I3B_09698.jpg,1,/mnt/research-projects/j/jlgage/RawUAVData01/uavforslb/final_image/final_sliced/20230713_I3B_09698.jpg
5787,C10,2025,7/8/25,4.5,7/7/25,20250707_C10_05787.jpg,-1,/mnt/research-projects/j/jlgage/RawUAVData01/uavforslb/final_image/final_sliced/20250707_C10_05787.jpg
1099,C7B,2025,7/10/25,5.0,7/10/25,20250710_C7B_01099.jpg,0,/mnt/research-projects/j/jlgage/RawUAVData01/uavforslb/final_image/final_sliced/20250710_C7B_01099.jpg
2750,C7B,2025,7/8/25,8.0,7/7/25,20250707_C7B_02750.jpg,-1,/mnt/research-projects/j/jlgage/RawUAVData01/uavforslb/final_image/final_sliced/20250707_C7B_02750.jpg
8015,G3,2023,7/26/23,6.0,7/27/23,20230727_G3_08015.jpg,1,/mnt/research-projects/j/jlgage/RawUAVData01/uavforslb/final_image/final_sliced/20230727_G3_08015.jpg
4005,C10,2025,7/11/25,4.0,7/11/25,20250711_C10_04005.jpg,0,/mnt/research-projects/j/jlgage/RawUAVData01/uavforslb/final_image/final_sliced/20250711_C10_04005.jpg
5364,C10,2025,7/11/25,4.0,7/11/25,20250711_C10_05364.jpg,0,/mnt/research-projects/j/jlgage/RawUAVData01/uavforslb/final_image/final_sliced/20250711_C10_05364.jpg
7455,G3,2023,7/20/23,7.0,7/20/23,20230720_G3_07455.jpg,0,/mnt/research-projects/j/jlgage/RawUAVData01/uavforslb/final_image/final_sliced/20230720_G3_07455.jpg
9671,I3B,2023,7/12/23,5.0,7/13/23,20230713_I3B_09671.jpg,1,/mnt/research-projects/j/jlgage/RawUAVData01/uavforslb/final_image/final_sliced/20230713_I3B_09671.jpg
7482,G3,2023,7/20/23,7.0,7/20/23,20230720_G3_07482.jpg,0,/mnt/research-projects/j/jlgage/RawUAVData01/uavforslb/final_image/final_sliced/20230720_G3_07482.jpg
2821,C7B,2025,7/8/25,8.0,7/7/25,20250707_C7B_02821.jpg,-1,/mnt/research-projects/j/jlgage/RawUAVData01/uavforslb/final_image/final_sliced/20250707_C7B_02821.jpg
5616,C10,2025,7/11/25,7.0,7/11/25,20250711_C10_05616.jpg,0,/mnt/research-projects/j/jlgage/RawUAVData01/uavforslb/final_image/final_sliced/20250711_C10_05616.jpg
8098,G3,2023,7/20/23,5.5,7/20/23,20230720_G3_08098.jpg,0,/mnt/research-projects/j/jlgage/RawUAVData01/uavforslb/final_image/final_sliced/20230720_G3_08098.jpg
1844,C7B,2025,7/7/25,6.5,7/7/25,20250707_C7B_01844.jpg,0,/mnt/research-projects/j/jlgage/RawUAVData01/uavforslb/final_image/final_sliced/20250707_C7B_01844.jpg
3179,G3,2023,7/26/23,6.0,7/27/23,20230727_G3_03179.jpg,1,/mnt/research-projects/j/jlgage/RawUAVData01/uavforslb/final_image/final_sliced/20230727_G3_03179.jpg
11054,I3B,2023,7/12/23,7.0,7/13/23,20230713_I3B_11054.jpg,1,/mnt/research-projects/j/jlgage/RawUAVData01/uavforslb/final_image/final_sliced/20230713_I3B_11054.jpg
2754,C7B,2025,7/8/25,8.5,7/7/25,20250707_C7B_02754.jpg,-1,/mnt/research-projects/j/jlgage/RawUAVData01/uavforslb/final_image/final_sliced/20250707_C7B_02754.jpg
1326,C7B,2025,7/18/25,3.0,7/18/25,20250718_C7B_01326.jpg,0,/mnt/research-projects/j/jlgage/RawUAVData01/uavforslb/final_image/final_sliced/20250718_C7B_01326.jpg
9816,I3B,2023,7/12/23,5.0,7/13/23,20230713_I3B_09816.jpg,1,/mnt/research-projects/j/jlgage/RawUAVData01/uavforslb/final_image/final_sliced/20230713_I3B_09816.jpg
4986,C10,2025,7/20/25,2.0,7/21/25,20250721_C10_04986.jpg,1,/mnt/research-projects/j/jlgage/RawUAVData01/uavforslb/final_image/final_sliced/20250721_C10_04986.jpg
5448,C10,2025,7/20/25,2.0,7/21/25,20250721_C10_05448.jpg,1,/mnt/research-projects/j/jlgage/RawUAVData01/uavforslb/final_image/final_sliced/20250721_C10_05448.jpg
10746,I3B,2023,7/19/23,5.0,7/20/23,20230720_I3B_10746.jpg,1,/mnt/research-projects/j/jlgage/RawUAVData01/uavforslb/final_image/final_sliced/20230720_I3B_10746.jpg
10332,I3B,2023,7/25/23,3.0,7/27/23,20230727_I3B_10332.jpg,2,/mnt/research-projects/j/jlgage/RawUAVData01/uavforslb/final_image/final_sliced/20230727_I3B_10332.jpg
1123,C7B,2025,7/18/25,1.5,7/18/25,20250718_C7B_01123.jpg,0,/mnt/research-projects/j/jlgage/RawUAVData01/uavforslb/final_image/final_sliced/20250718_C7B_01123.jpg
6668,C10,2025,7/14/25,3.5,7/14/25,20250714_C10_06668.jpg,0,/mnt/research-projects/j/jlgage/RawUAVData01/uavforslb/final_image/final_sliced/20250714_C10_06668.jpg
11002,I3B,2023,7/19/23,5.5,7/20/23,20230720_I3B_11002.jpg,1,/mnt/research-projects/j/jlgage/RawUAVData01/uavforslb/final_image/final_sliced/20230720_I3B_11002.jpg
6819,C10,2025,6/30/25,8.0,6/28/25,20250628_C10_06819.jpg,-2,/mnt/research-projects/j/jlgage/RawUAVData01/uavforslb/final_image/final_sliced/20250628_C10_06819.jpg
4685,C10,2025,7/11/25,5.0,7/11/25,20250711_C10_04685.jpg,0,/mnt/research-projects/j/jlgage/RawUAVData01/uavforslb/final_image/final_sliced/20250711_C10_04685.jpg
3058,G3,2023,7/19/23,8.5,7/20/23,20230720_G3_03058.jpg,1,/mnt/research-projects/j/jlgage/RawUAVData01/uavforslb/final_image/final_sliced/20230720_G3_03058.jpg
10914,I3B,2023,7/19/23,5.5,7/20/23,20230720_I3B_10914.jpg,1,/mnt/research-projects/j/jlgage/RawUAVData01/uavforslb/final_image/final_sliced/20230720_I3B_10914.jpg
7331,G3,2023,7/26/23,5.0,7/27/23,20230727_G3_07331.jpg,1,/mnt/research-projects/j/jlgage/RawUAVData01/uavforslb/final_image/final_sliced/20230727_G3_07331.jpg
4047,C10,2025,7/11/25,7.5,7/11/25,20250711_C10_04047.jpg,0,/mnt/research-projects/j/jlgage/RawUAVData01/uavforslb/final_image/final_sliced/20250711_C10_04047.jpg
7506,G3,2023,7/20/23,7.5,7/20/23,20230720_G3_07506.jpg,0,/mnt/research-projects/j/jlgage/RawUAVData01/uavforslb/final_image/final_sliced/20230720_G3_07506.jpg
565,C7B,2025,7/10/25,6.5,7/10/25,20250710_C7B_00565.jpg,0,/mnt/research-projects/j/jlgage/RawUAVData01/uavforslb/final_image/final_sliced/20250710_C7B_00565.jpg
7222,G3,2023,7/19/23,8.0,7/20/23,20230720_G3_07222.jpg,1,/mnt/research-projects/j/jlgage/RawUAVData01/uavforslb/final_image/final_sliced/20230720_G3_07222.jpg
6734,C10,2025,6/30/25,8.5,6/28/25,20250628_C10_06734.jpg,-2,/mnt/research-projects/j/jlgage/RawUAVData01/uavforslb/final_image/final_sliced/20250628_C10_06734.jpg
787,C7B,2025,7/10/25,6.0,7/10/25,20250710_C7B_00787.jpg,0,/mnt/research-projects/j/jlgage/RawUAVData01/uavforslb/final_image/final_sliced/20250710_C7B_00787.jpg
4902,C10,2025,7/20/25,2.0,7/21/25,20250721_C10_04902.jpg,1,/mnt/research-projects/j/jlgage/RawUAVData01/uavforslb/final_image/final_sliced/20250721_C10_04902.jpg
5458,C10,2025,7/2/25,7.0,7/4/25,20250704_C10_05458.jpg,2,/mnt/research-projects/j/jlgage/RawUAVData01/uavforslb/final_image/final_sliced/20250704_C10_05458.jpg
1986,C7B,2025,7/7/25,5.5,7/7/25,20250707_C7B_01986.jpg,0,/mnt/research-projects/j/jlgage/RawUAVData01/uavforslb/final_image/final_sliced/20250707_C7B_01986.jpg
9814,I3B,2023,7/12/23,5.0,7/13/23,20230713_I3B_09814.jpg,1,/mnt/research-projects/j/jlgage/RawUAVData01/uavforslb/final_image/final_sliced/20230713_I3B_09814.jpg
9726,I3B,2023,7/12/23,4.5,7/13/23,20230713_I3B_09726.jpg,1,/mnt/research-projects/j/jlgage/RawUAVData01/uavforslb/final_image/final_sliced/20230713_I3B_09726.jpg
1920,C7B,2025,7/7/25,6.0,7/7/25,20250707_C7B_01920.jpg,0,/mnt/research-projects/j/jlgage/RawUAVData01/uavforslb/final_image/final_sliced/20250707_C7B_01920.jpg
9871,I3B,2023,7/12/23,5.5,7/13/23,20230713_I3B_09871.jpg,1,/mnt/research-projects/j/jlgage/RawUAVData01/uavforslb/final_image/final_sliced/20230713_I3B_09871.jpg
3175,G3,2023,7/19/23,4.0,7/20/23,20230720_G3_03175.jpg,1,/mnt/research-projects/j/jlgage/RawUAVData01/uavforslb/final_image/final_sliced/20230720_G3_03175.jpg
6652,C10,2025,7/8/25,7.5,7/7/25,20250707_C10_06652.jpg,-1,/mnt/research-projects/j/jlgage/RawUAVData01/uavforslb/final_image/final_sliced/20250707_C10_06652.jpg
9914,I3B,2023,7/12/23,4.0,7/13/23,20230713_I3B_09914.jpg,1,/mnt/research-projects/j/jlgage/RawUAVData01/uavforslb/final_image/final_sliced/20230713_I3B_09914.jpg
3115,G3,2023,7/26/23,8.0,7/27/23,20230727_G3_03115.jpg,1,/mnt/research-projects/j/jlgage/RawUAVData01/uavforslb/final_image/final_sliced/20230727_G3_03115.jpg
1913,C7B,2025,7/10/25,4.0,7/10/25,20250710_C7B_01913.jpg,0,/mnt/research-projects/j/jlgage/RawUAVData01/uavforslb/final_image/final_sliced/20250710_C7B_01913.jpg
1938,C7B,2025,7/1/25,7.5,7/1/25,20250701_C7B_01938.jpg,0,/mnt/research-projects/j/jlgage/RawUAVData01/uavforslb/final_image/final_sliced/20250701_C7B_01938.jpg
5565,C10,2025,7/2/25,6.0,7/4/25,20250704_C10_05565.jpg,2,/mnt/research-projects/j/jlgage/RawUAVData01/uavforslb/final_image/final_sliced/20250704_C10_05565.jpg
3063,G3,2023,7/26/23,8.0,7/27/23,20230727_G3_03063.jpg,1,/mnt/research-projects/j/jlgage/RawUAVData01/uavforslb/final_image/final_sliced/20230727_G3_03063.jpg
8028,G3,2023,7/19/23,6.0,7/20/23,20230720_G3_08028.jpg,1,/mnt/research-projects/j/jlgage/RawUAVData01/uavforslb/final_image/final_sliced/20230720_G3_08028.jpg
9782,I3B,2023,7/12/23,5.0,7/13/23,20230713_I3B_09782.jpg,1,/mnt/research-projects/j/jlgage/RawUAVData01/uavforslb/final_image/final_sliced/20230713_I3B_09782.jpg
518,C7B,2025,6/30/25,7.5,7/1/25,20250701_C7B_00518.jpg,1,/mnt/research-projects/j/jlgage/RawUAVData01/uavforslb/final_image/final_sliced/20250701_C7B_00518.jpg
11256,I3B,2023,7/19/23,7.5,7/20/23,20230720_I3B_11256.jpg,1,/mnt/research-projects/j/jlgage/RawUAVData01/uavforslb/final_image/final_sliced/20230720_I3B_11256.jpg
2692,C7B,2025,7/18/25,7.5,7/18/25,20250718_C7B_02692.jpg,0,/mnt/research-projects/j/jlgage/RawUAVData01/uavforslb/final_image/final_sliced/20250718_C7B_02692.jpg
9760,I3B,2023,7/12/23,5.0,7/13/23,20230713_I3B_09760.jpg,1,/mnt/research-projects/j/jlgage/RawUAVData01/uavforslb/final_image/final_sliced/20230713_I3B_09760.jpg
8107,G3,2023,7/26/23,5.0,7/27/23,20230727_G3_08107.jpg,1,/mnt/research-projects/j/jlgage/RawUAVData01/uavforslb/final_image/final_sliced/20230727_G3_08107.jpg
5426,C10,2025,7/2/25,6.0,7/4/25,20250704_C10_05426.jpg,2,/mnt/research-projects/j/jlgage/RawUAVData01/uavforslb/final_image/final_sliced/20250704_C10_05426.jpg
242,C7B,2025,7/18/25,4.0,7/18/25,20250718_C7B_00242.jpg,0,/mnt/research-projects/j/jlgage/RawUAVData01/uavforslb/final_image/final_sliced/20250718_C7B_00242.jpg
227,C7B,2025,7/18/25,3.0,7/18/25,20250718_C7B_00227.jpg,0,/mnt/research-projects/j/jlgage/RawUAVData01/uavforslb/final_image/final_sliced/20250718_C7B_00227.jpg
7497,G3,2023,7/20/23,5.0,7/20/23,20230720_G3_07497.jpg,0,/mnt/research-projects/j/jlgage/RawUAVData01/uavforslb/final_image/final_sliced/20230720_G3_07497.jpg
7241,G3,2023,7/26/23,5.5,7/27/23,20230727_G3_07241.jpg,1,/mnt/research-projects/j/jlgage/RawUAVData01/uavforslb/final_image/final_sliced/20230727_G3_07241.jpg
4871,C10,2025,7/20/25,1.0,7/21/25,20250721_C10_04871.jpg,1,/mnt/research-projects/j/jlgage/RawUAVData01/uavforslb/final_image/final_sliced/20250721_C10_04871.jpg
6008,C10,2025,7/8/25,3.0,7/7/25,20250707_C10_06008.jpg,-1,/mnt/research-projects/j/jlgage/RawUAVData01/uavforslb/final_image/final_sliced/20250707_C10_06008.jpg
6777,C10,2025,7/14/25,7.5,7/14/25,20250714_C10_06777.jpg,0,/mnt/research-projects/j/jlgage/RawUAVData01/uavforslb/final_image/final_sliced/20250714_C10_06777.jpg
1506,C7B,2025,7/10/25,5.0,7/10/25,20250710_C7B_01506.jpg,0,/mnt/research-projects/j/jlgage/RawUAVData01/uavforslb/final_image/final_sliced/20250710_C7B_01506.jpg
6870,C10,2025,7/8/25,7.5,7/7/25,20250707_C10_06870.jpg,-1,/mnt/research-projects/j/jlgage/RawUAVData01/uavforslb/final_image/final_sliced/20250707_C10_06870.jpg
10036,I3B,2023,7/12/23,5.0,7/13/23,20230713_I3B_10036.jpg,1,/mnt/research-projects/j/jlgage/RawUAVData01/uavforslb/final_image/final_sliced/20230713_I3B_10036.jpg
5457,C10,2025,7/20/25,4.5,7/21/25,20250721_C10_05457.jpg,1,/mnt/research-projects/j/jlgage/RawUAVData01/uavforslb/final_image/final_sliced/20250721_C10_05457.jpg
1252,C7B,2025,7/10/25,5.0,7/10/25,20250710_C7B_01252.jpg,0,/mnt/research-projects/j/jlgage/RawUAVData01/uavforslb/final_image/final_sliced/20250710_C7B_01252.jpg
5260,C10,2025,7/20/25,1.0,7/21/25,20250721_C10_05260.jpg,1,/mnt/research-projects/j/jlgage/RawUAVData01/uavforslb/final_image/final_sliced/20250721_C10_05260.jpg
10784,I3B,2023,7/19/23,4.0,7/20/23,20230720_I3B_10784.jpg,1,/mnt/research-projects/j/jlgage/RawUAVData01/uavforslb/final_image/final_sliced/20230720_I3B_10784.jpg
3064,G3,2023,7/19/23,8.5,7/20/23,20230720_G3_03064.jpg,1,/mnt/research-projects/j/jlgage/RawUAVData01/uavforslb/final_image/final_sliced/20230720_G3_03064.jpg
6671,C10,2025,7/14/25,2.0,7/14/25,20250714_C10_06671.jpg,0,/mnt/research-projects/j/jlgage/RawUAVData01/uavforslb/final_image/final_sliced/20250714_C10_06671.jpg
10831,I3B,2023,7/19/23,7.0,7/20/23,20230720_I3B_10831.jpg,1,/mnt/research-projects/j/jlgage/RawUAVData01/uavforslb/final_image/final_sliced/20230720_I3B_10831.jpg
5510,C10,2025,7/11/25,3.5,7/11/25,20250711_C10_05510.jpg,0,/mnt/research-projects/j/jlgage/RawUAVData01/uavforslb/final_image/final_sliced/20250711_C10_05510.jpg
1014,C7B,2025,7/10/25,4.0,7/10/25,20250710_C7B_01014.jpg,0,/mnt/research-projects/j/jlgage/RawUAVData01/uavforslb/final_image/final_sliced/20250710_C7B_01014.jpg
11121,I3B,2023,7/12/23,8.0,7/13/23,20230713_I3B_11121.jpg,1,/mnt/research-projects/j/jlgage/RawUAVData01/uavforslb/final_image/final_sliced/20230713_I3B_11121.jpg
10776,I3B,2023,7/19/23,5.5,7/20/23,20230720_I3B_10776.jpg,1,/mnt/research-projects/j/jlgage/RawUAVData01/uavforslb/final_image/final_sliced/20230720_I3B_10776.jpg
3131,G3,2023,7/26/23,7.0,7/27/23,20230727_G3_03131.jpg,1,/mnt/research-projects/j/jlgage/RawUAVData01/uavforslb/final_image/final_sliced/20230727_G3_03131.jpg
6045,C10,2025,7/11/25,5.0,7/11/25,20250711_C10_06045.jpg,0,/mnt/research-projects/j/jlgage/RawUAVData01/uavforslb/final_image/final_sliced/20250711_C10_06045.jpg
10016,I3B,2023,7/12/23,5.0,7/13/23,20230713_I3B_10016.jpg,1,/mnt/research-projects/j/jlgage/RawUAVData01/uavforslb/final_image/final_sliced/20230713_I3B_10016.jpg
8103,G3,2023,7/20/23,5.5,7/20/23,20230720_G3_08103.jpg,0,/mnt/research-projects/j/jlgage/RawUAVData01/uavforslb/final_image/final_sliced/20230720_G3_08103.jpg
4839,C10,2025,7/2/25,5.0,7/4/25,20250704_C10_04839.jpg,2,/mnt/research-projects/j/jlgage/RawUAVData01/uavforslb/final_image/final_sliced/20250704_C10_04839.jpg
6772,C10,2025,7/8/25,8.0,7/7/25,20250707_C10_06772.jpg,-1,/mnt/research-projects/j/jlgage/RawUAVData01/uavforslb/final_image/final_sliced/20250707_C10_06772.jpg
7475,G3,2023,7/20/23,5.5,7/20/23,20230720_G3_07475.jpg,0,/mnt/research-projects/j/jlgage/RawUAVData01/uavforslb/final_image/final_sliced/20230720_G3_07475.jpg
5037,C10,2025,7/11/25,4.0,7/11/25,20250711_C10_05037.jpg,0,/mnt/research-projects/j/jlgage/RawUAVData01/uavforslb/final_image/final_sliced/20250711_C10_05037.jpg
7350,G3,2023,7/20/23,6.5,7/20/23,20230720_G3_07350.jpg,0,/mnt/research-projects/j/jlgage/RawUAVData01/uavforslb/final_image/final_sliced/20230720_G3_07350.jpg
1153,C7B,2025,7/10/25,5.0,7/10/25,20250710_C7B_01153.jpg,0,/mnt/research-projects/j/jlgage/RawUAVData01/uavforslb/final_image/final_sliced/20250710_C7B_01153.jpg
1780,C7B,2025,7/1/25,7.5,7/1/25,20250701_C7B_01780.jpg,0,/mnt/research-projects/j/jlgage/RawUAVData01/uavforslb/final_image/final_sliced/20250701_C7B_01780.jpg
1331,C7B,2025,7/18/25,2.0,7/18/25,20250718_C7B_01331.jpg,0,/mnt/research-projects/j/jlgage/RawUAVData01/uavforslb/final_image/final_sliced/20250718_C7B_01331.jpg
1888,C7B,2025,7/1/25,6.0,7/1/25,20250701_C7B_01888.jpg,0,/mnt/research-projects/j/jlgage/RawUAVData01/uavforslb/final_image/final_sliced/20250701_C7B_01888.jpg
9888,I3B,2023,7/12/23,5.5,7/13/23,20230713_I3B_09888.jpg,1,/mnt/research-projects/j/jlgage/RawUAVData01/uavforslb/final_image/final_sliced/20230713_I3B_09888.jpg
8088,G3,2023,7/20/23,6.5,7/20/23,20230720_G3_08088.jpg,0,/mnt/research-projects/j/jlgage/RawUAVData01/uavforslb/final_image/final_sliced/20230720_G3_08088.jpg
8087,G3,2023,7/20/23,8.0,7/20/23,20230720_G3_08087.jpg,0,/mnt/research-projects/j/jlgage/RawUAVData01/uavforslb/final_image/final_sliced/20230720_G3_08087.jpg
4807,C10,2025,7/20/25,2.0,7/21/25,20250721_C10_04807.jpg,1,/mnt/research-projects/j/jlgage/RawUAVData01/uavforslb/final_image/final_sliced/20250721_C10_04807.jpg
1836,C7B,2025,7/19/25,6.0,7/18/25,20250718_C7B_01836.jpg,-1,/mnt/research-projects/j/jlgage/RawUAVData01/uavforslb/final_image/final_sliced/20250718_C7B_01836.jpg
10393,I3B,2023,7/25/23,3.0,7/27/23,20230727_I3B_10393.jpg,2,/mnt/research-projects/j/jlgage/RawUAVData01/uavforslb/final_image/final_sliced/20230727_I3B_10393.jpg
10297,I3B,2023,7/25/23,6.0,7/27/23,20230727_I3B_10297.jpg,2,/mnt/research-projects/j/jlgage/RawUAVData01/uavforslb/final_image/final_sliced/20230727_I3B_10297.jpg
5025,C10,2025,7/11/25,5.0,7/11/25,20250711_C10_05025.jpg,0,/mnt/research-projects/j/jlgage/RawUAVData01/uavforslb/final_image/final_sliced/20250711_C10_05025.jpg
4358,C10,2025,7/11/25,4.0,7/11/25,20250711_C10_04358.jpg,0,/mnt/research-projects/j/jlgage/RawUAVData01/uavforslb/final_image/final_sliced/20250711_C10_04358.jpg
4417,C10,2025,7/19/25,2.5,7/18/25,20250718_C10_04417.jpg,-1,/mnt/research-projects/j/jlgage/RawUAVData01/uavforslb/final_image/final_sliced/20250718_C10_04417.jpg
7508,G3,2023,7/20/23,7.5,7/20/23,20230720_G3_07508.jpg,0,/mnt/research-projects/j/jlgage/RawUAVData01/uavforslb/final_image/final_sliced/20230720_G3_07508.jpg
7443,G3,2023,7/20/23,8.0,7/20/23,20230720_G3_07443.jpg,0,/mnt/research-projects/j/jlgage/RawUAVData01/uavforslb/final_image/final_sliced/20230720_G3_07443.jpg
11168,I3B,2023,7/12/23,8.0,7/13/23,20230713_I3B_11168.jpg,1,/mnt/research-projects/j/jlgage/RawUAVData01/uavforslb/final_image/final_sliced/20230713_I3B_11168.jpg
1931,C7B,2025,7/10/25,6.0,7/10/25,20250710_C7B_01931.jpg,0,/mnt/research-projects/j/jlgage/RawUAVData01/uavforslb/final_image/final_sliced/20250710_C7B_01931.jpg
10289,I3B,2023,7/25/23,6.0,7/27/23,20230727_I3B_10289.jpg,2,/mnt/research-projects/j/jlgage/RawUAVData01/uavforslb/final_image/final_sliced/20230727_I3B_10289.jpg
9980,I3B,2023,7/12/23,6.5,7/13/23,20230713_I3B_09980.jpg,1,/mnt/research-projects/j/jlgage/RawUAVData01/uavforslb/final_image/final_sliced/20230713_I3B_09980.jpg
5254,C10,2025,7/2/25,5.5,7/4/25,20250704_C10_05254.jpg,2,/mnt/research-projects/j/jlgage/RawUAVData01/uavforslb/final_image/final_sliced/20250704_C10_05254.jpg
842,C7B,2025,7/1/25,7.5,7/1/25,20250701_C7B_00842.jpg,0,/mnt/research-projects/j/jlgage/RawUAVData01/uavforslb/final_image/final_sliced/20250701_C7B_00842.jpg
5893,C10,2025,7/11/25,5.0,7/11/25,20250711_C10_05893.jpg,0,/mnt/research-projects/j/jlgage/RawUAVData01/uavforslb/final_image/final_sliced/20250711_C10_05893.jpg
7313,G3,2023,7/20/23,7.5,7/20/23,20230720_G3_07313.jpg,0,/mnt/research-projects/j/jlgage/RawUAVData01/uavforslb/final_image/final_sliced/20230720_G3_07313.jpg
10845,I3B,2023,7/19/23,6.0,7/20/23,20230720_I3B_10845.jpg,1,/mnt/research-projects/j/jlgage/RawUAVData01/uavforslb/final_image/final_sliced/20230720_I3B_10845.jpg
1886,C7B,2025,7/1/25,7.0,7/1/25,20250701_C7B_01886.jpg,0,/mnt/research-projects/j/jlgage/RawUAVData01/uavforslb/final_image/final_sliced/20250701_C7B_01886.jpg
6709,C10,2025,7/3/25,7.5,7/4/25,20250704_C10_06709.jpg,1,/mnt/research-projects/j/jlgage/RawUAVData01/uavforslb/final_image/final_sliced/20250704_C10_06709.jpg
7513,G3,2023,7/20/23,7.0,7/20/23,20230720_G3_07513.jpg,0,/mnt/research-projects/j/jlgage/RawUAVData01/uavforslb/final_image/final_sliced/20230720_G3_07513.jpg
4212,C10,2025,6/30/25,7.0,6/28/25,20250628_C10_04212.jpg,-2,/mnt/research-projects/j/jlgage/RawUAVData01/uavforslb/final_image/final_sliced/20250628_C10_04212.jpg
4235,C10,2025,7/19/25,3.0,7/18/25,20250718_C10_04235.jpg,-1,/mnt/research-projects/j/jlgage/RawUAVData01/uavforslb/final_image/final_sliced/20250718_C10_04235.jpg
7509,G3,2023,7/20/23,7.5,7/20/23,20230720_G3_07509.jpg,0,/mnt/research-projects/j/jlgage/RawUAVData01/uavforslb/final_image/final_sliced/20230720_G3_07509.jpg
38,C7B,2025,7/18/25,5.0,7/18/25,20250718_C7B_00038.jpg,0,/mnt/research-projects/j/jlgage/RawUAVData01/uavforslb/final_image/final_sliced/20250718_C7B_00038.jpg
1441,C7B,2025,7/10/25,4.0,7/10/25,20250710_C7B_01441.jpg,0,/mnt/research-projects/j/jlgage/RawUAVData01/uavforslb/final_image/final_sliced/20250710_C7B_01441.jpg
4925,C10,2025,7/11/25,6.5,7/11/25,20250711_C10_04925.jpg,0,/mnt/research-projects/j/jlgage/RawUAVData01/uavforslb/final_image/final_sliced/20250711_C10_04925.jpg
17,C7B,2025,7/4/25,7.5,7/4/25,20250704_C7B_00017.jpg,0,/mnt/research-projects/j/jlgage/RawUAVData01/uavforslb/final_image/final_sliced/20250704_C7B_00017.jpg
22,C7B,2025,7/4/25,7.5,7/4/25,20250704_C7B_00022.jpg,0,/mnt/research-projects/j/jlgage/RawUAVData01/uavforslb/final_image/final_sliced/20250704_C7B_00022.jpg
6658,C10,2025,7/18/25,2.0,7/18/25,20250718_C10_06658.jpg,0,/mnt/research-projects/j/jlgage/RawUAVData01/uavforslb/final_image/final_sliced/20250718_C10_06658.jpg
7284,G3,2023,7/20/23,8.0,7/20/23,20230720_G3_07284.jpg,0,/mnt/research-projects/j/jlgage/RawUAVData01/uavforslb/final_image/final_sliced/20230720_G3_07284.jpg
2732,C7B,2025,6/30/25,9.0,7/1/25,20250701_C7B_02732.jpg,1,/mnt/research-projects/j/jlgage/RawUAVData01/uavforslb/final_image/final_sliced/20250701_C7B_02732.jpg
6033,C10,2025,7/2/25,5.5,7/4/25,20250704_C10_06033.jpg,2,/mnt/research-projects/j/jlgage/RawUAVData01/uavforslb/final_image/final_sliced/20250704_C10_06033.jpg
6756,C10,2025,7/8/25,8.5,7/7/25,20250707_C10_06756.jpg,-1,/mnt/research-projects/j/jlgage/RawUAVData01/uavforslb/final_image/final_sliced/20250707_C10_06756.jpg
7462,G3,2023,7/20/23,5.5,7/20/23,20230720_G3_07462.jpg,0,/mnt/research-projects/j/jlgage/RawUAVData01/uavforslb/final_image/final_sliced/20230720_G3_07462.jpg
7351,G3,2023,7/20/23,7.5,7/20/23,20230720_G3_07351.jpg,0,/mnt/research-projects/j/jlgage/RawUAVData01/uavforslb/final_image/final_sliced/20230720_G3_07351.jpg
10304,I3B,2023,7/25/23,4.0,7/27/23,20230727_I3B_10304.jpg,2,/mnt/research-projects/j/jlgage/RawUAVData01/uavforslb/final_image/final_sliced/20230727_I3B_10304.jpg
175,C7B,2025,7/4/25,5.0,7/4/25,20250704_C7B_00175.jpg,0,/mnt/research-projects/j/jlgage/RawUAVData01/uavforslb/final_image/final_sliced/20250704_C7B_00175.jpg
9762,I3B,2023,7/12/23,5.5,7/13/23,20230713_I3B_09762.jpg,1,/mnt/research-projects/j/jlgage/RawUAVData01/uavforslb/final_image/final_sliced/20230713_I3B_09762.jpg
3157,G3,2023,7/26/23,5.0,7/27/23,20230727_G3_03157.jpg,1,/mnt/research-projects/j/jlgage/RawUAVData01/uavforslb/final_image/final_sliced/20230727_G3_03157.jpg
9646,I3B,2023,7/12/23,5.0,7/13/23,20230713_I3B_09646.jpg,1,/mnt/research-projects/j/jlgage/RawUAVData01/uavforslb/final_image/final_sliced/20230713_I3B_09646.jpg
7228,G3,2023,7/26/23,5.0,7/27/23,20230727_G3_07228.jpg,1,/mnt/research-projects/j/jlgage/RawUAVData01/uavforslb/final_image/final_sliced/20230727_G3_07228.jpg
301,C7B,2025,6/30/25,4.0,7/1/25,20250701_C7B_00301.jpg,1,/mnt/research-projects/j/jlgage/RawUAVData01/uavforslb/final_image/final_sliced/20250701_C7B_00301.jpg
5922,C10,2025,7/8/25,5.5,7/7/25,20250707_C10_05922.jpg,-1,/mnt/research-projects/j/jlgage/RawUAVData01/uavforslb/final_image/final_sliced/20250707_C10_05922.jpg
4414,C10,2025,6/30/25,6.0,6/28/25,20250628_C10_04414.jpg,-2,/mnt/research-projects/j/jlgage/RawUAVData01/uavforslb/final_image/final_sliced/20250628_C10_04414.jpg
5469,C10,2025,7/20/25,2.0,7/21/25,20250721_C10_05469.jpg,1,/mnt/research-projects/j/jlgage/RawUAVData01/uavforslb/final_image/final_sliced/20250721_C10_05469.jpg
7352,G3,2023,7/20/23,7.0,7/20/23,20230720_G3_07352.jpg,0,/mnt/research-projects/j/jlgage/RawUAVData01/uavforslb/final_image/final_sliced/20230720_G3_07352.jpg
243,C7B,2025,7/18/25,4.0,7/18/25,20250718_C7B_00243.jpg,0,/mnt/research-projects/j/jlgage/RawUAVData01/uavforslb/final_image/final_sliced/20250718_C7B_00243.jpg
4053,C10,2025,7/19/25,6.0,7/18/25,20250718_C10_04053.jpg,-1,/mnt/research-projects/j/jlgage/RawUAVData01/uavforslb/final_image/final_sliced/20250718_C10_04053.jpg
4450,C10,2025,7/19/25,4.0,7/18/25,20250718_C10_04450.jpg,-1,/mnt/research-projects/j/jlgage/RawUAVData01/uavforslb/final_image/final_sliced/20250718_C10_04450.jpg
3073,G3,2023,7/19/23,7.5,7/20/23,20230720_G3_03073.jpg,1,/mnt/research-projects/j/jlgage/RawUAVData01/uavforslb/final_image/final_sliced/20230720_G3_03073.jpg
3133,G3,2023,7/19/23,8.5,7/20/23,20230720_G3_03133.jpg,1,/mnt/research-projects/j/jlgage/RawUAVData01/uavforslb/final_image/final_sliced/20230720_G3_03133.jpg
10823,I3B,2023,7/19/23,6.0,7/20/23,20230720_I3B_10823.jpg,1,/mnt/research-projects/j/jlgage/RawUAVData01/uavforslb/final_image/final_sliced/20230720_I3B_10823.jpg
7409,G3,2023,7/20/23,7.5,7/20/23,20230720_G3_07409.jpg,0,/mnt/research-projects/j/jlgage/RawUAVData01/uavforslb/final_image/final_sliced/20230720_G3_07409.jpg
10772,I3B,2023,7/19/23,5.0,7/20/23,20230720_I3B_10772.jpg,1,/mnt/research-projects/j/jlgage/RawUAVData01/uavforslb/final_image/final_sliced/20230720_I3B_10772.jpg
1070,C7B,2025,7/18/25,3.0,7/18/25,20250718_C7B_01070.jpg,0,/mnt/research-projects/j/jlgage/RawUAVData01/uavforslb/final_image/final_sliced/20250718_C7B_01070.jpg
5013,C10,2025,7/2/25,4.0,7/4/25,20250704_C10_05013.jpg,2,/mnt/research-projects/j/jlgage/RawUAVData01/uavforslb/final_image/final_sliced/20250704_C10_05013.jpg
7425,G3,2023,7/20/23,7.0,7/20/23,20230720_G3_07425.jpg,0,/mnt/research-projects/j/jlgage/RawUAVData01/uavforslb/final_image/final_sliced/20230720_G3_07425.jpg
5101,C10,2025,7/11/25,4.0,7/11/25,20250711_C10_05101.jpg,0,/mnt/research-projects/j/jlgage/RawUAVData01/uavforslb/final_image/final_sliced/20250711_C10_05101.jpg
1497,C7B,2025,7/18/25,2.0,7/18/25,20250718_C7B_01497.jpg,0,/mnt/research-projects/j/jlgage/RawUAVData01/uavforslb/final_image/final_sliced/20250718_C7B_01497.jpg
8041,G3,2023,7/26/23,5.5,7/27/23,20230727_G3_08041.jpg,1,/mnt/research-projects/j/jlgage/RawUAVData01/uavforslb/final_image/final_sliced/20230727_G3_08041.jpg
4663,C10,2025,7/11/25,3.0,7/11/25,20250711_C10_04663.jpg,0,/mnt/research-projects/j/jlgage/RawUAVData01/uavforslb/final_image/final_sliced/20250711_C10_04663.jpg
9801,I3B,2023,7/12/23,5.0,7/13/23,20230713_I3B_09801.jpg,1,/mnt/research-projects/j/jlgage/RawUAVData01/uavforslb/final_image/final_sliced/20230713_I3B_09801.jpg
2641,C7B,2025,7/8/25,7.5,7/7/25,20250707_C7B_02641.jpg,-1,/mnt/research-projects/j/jlgage/RawUAVData01/uavforslb/final_image/final_sliced/20250707_C7B_02641.jpg
1287,C7B,2025,7/10/25,5.5,7/10/25,20250710_C7B_01287.jpg,0,/mnt/research-projects/j/jlgage/RawUAVData01/uavforslb/final_image/final_sliced/20250710_C7B_01287.jpg
10248,I3B,2023,7/25/23,6.5,7/27/23,20230727_I3B_10248.jpg,2,/mnt/research-projects/j/jlgage/RawUAVData01/uavforslb/final_image/final_sliced/20230727_I3B_10248.jpg
940,C7B,2025,7/18/25,2.0,7/18/25,20250718_C7B_00940.jpg,0,/mnt/research-projects/j/jlgage/RawUAVData01/uavforslb/final_image/final_sliced/20250718_C7B_00940.jpg
3181,G3,2023,7/19/23,4.0,7/20/23,20230720_G3_03181.jpg,1,/mnt/research-projects/j/jlgage/RawUAVData01/uavforslb/final_image/final_sliced/20230720_G3_03181.jpg
4574,C10,2025,7/11/25,5.0,7/11/25,20250711_C10_04574.jpg,0,/mnt/research-projects/j/jlgage/RawUAVData01/uavforslb/final_image/final_sliced/20250711_C10_04574.jpg
11162,I3B,2023,7/12/23,7.5,7/13/23,20230713_I3B_11162.jpg,1,/mnt/research-projects/j/jlgage/RawUAVData01/uavforslb/final_image/final_sliced/20230713_I3B_11162.jpg
3169,G3,2023,7/19/23,7.5,7/20/23,20230720_G3_03169.jpg,1,/mnt/research-projects/j/jlgage/RawUAVData01/uavforslb/final_image/final_sliced/20230720_G3_03169.jpg
3038,G3,2023,7/26/23,7.0,7/27/23,20230727_G3_03038.jpg,1,/mnt/research-projects/j/jlgage/RawUAVData01/uavforslb/final_image/final_sliced/20230727_G3_03038.jpg
487,C7B,2025,7/10/25,4.5,7/10/25,20250710_C7B_00487.jpg,0,/mnt/research-projects/j/jlgage/RawUAVData01/uavforslb/final_image/final_sliced/20250710_C7B_00487.jpg
4357,C10,2025,7/7/25,4.0,7/7/25,20250707_C10_04357.jpg,0,/mnt/research-projects/j/jlgage/RawUAVData01/uavforslb/final_image/final_sliced/20250707_C10_04357.jpg
10942,I3B,2023,7/19/23,5.5,7/20/23,20230720_I3B_10942.jpg,1,/mnt/research-projects/j/jlgage/RawUAVData01/uavforslb/final_image/final_sliced/20230720_I3B_10942.jpg
10335,I3B,2023,7/25/23,3.5,7/27/23,20230727_I3B_10335.jpg,2,/mnt/research-projects/j/jlgage/RawUAVData01/uavforslb/final_image/final_sliced/20230727_I3B_10335.jpg
474,C7B,2025,7/18/25,3.0,7/18/25,20250718_C7B_00474.jpg,0,/mnt/research-projects/j/jlgage/RawUAVData01/uavforslb/final_image/final_sliced/20250718_C7B_00474.jpg
1131,C7B,2025,7/10/25,5.0,7/10/25,20250710_C7B_01131.jpg,0,/mnt/research-projects/j/jlgage/RawUAVData01/uavforslb/final_image/final_sliced/20250710_C7B_01131.jpg
1066,C7B,2025,7/1/25,7.5,7/1/25,20250701_C7B_01066.jpg,0,/mnt/research-projects/j/jlgage/RawUAVData01/uavforslb/final_image/final_sliced/20250701_C7B_01066.jpg
1754,C7B,2025,7/1/25,7.5,7/1/25,20250701_C7B_01754.jpg,0,/mnt/research-projects/j/jlgage/RawUAVData01/uavforslb/final_image/final_sliced/20250701_C7B_01754.jpg
2773,C7B,2025,7/13/25,8.0,7/12/25,20250712_C7B_02773.jpg,-1,/mnt/research-projects/j/jlgage/RawUAVData01/uavforslb/final_image/final_sliced/20250712_C7B_02773.jpg
8030,G3,2023,7/19/23,7.5,7/20/23,20230720_G3_08030.jpg,1,/mnt/research-projects/j/jlgage/RawUAVData01/uavforslb/final_image/final_sliced/20230720_G3_08030.jpg
1861,C7B,2025,7/10/25,7.5,7/10/25,20250710_C7B_01861.jpg,0,/mnt/research-projects/j/jlgage/RawUAVData01/uavforslb/final_image/final_sliced/20250710_C7B_01861.jpg
8072,G3,2023,7/20/23,8.0,7/20/23,20230720_G3_08072.jpg,0,/mnt/research-projects/j/jlgage/RawUAVData01/uavforslb/final_image/final_sliced/20230720_G3_08072.jpg
4452,C10,2025,7/11/25,6.0,7/11/25,20250711_C10_04452.jpg,0,/mnt/research-projects/j/jlgage/RawUAVData01/uavforslb/final_image/final_sliced/20250711_C10_04452.jpg
5922,C10,2025,7/1/25,7.0,6/28/25,20250628_C10_05922.jpg,-3,/mnt/research-projects/j/jlgage/RawUAVData01/uavforslb/final_image/final_sliced/20250628_C10_05922.jpg
2783,C7B,2025,7/8/25,7.5,7/7/25,20250707_C7B_02783.jpg,-1,/mnt/research-projects/j/jlgage/RawUAVData01/uavforslb/final_image/final_sliced/20250707_C7B_02783.jpg
1611,C7B,2025,7/18/25,4.0,7/18/25,20250718_C7B_01611.jpg,0,/mnt/research-projects/j/jlgage/RawUAVData01/uavforslb/final_image/final_sliced/20250718_C7B_01611.jpg
1557,C7B,2025,7/10/25,4.0,7/10/25,20250710_C7B_01557.jpg,0,/mnt/research-projects/j/jlgage/RawUAVData01/uavforslb/final_image/final_sliced/20250710_C7B_01557.jpg
1220,C7B,2025,7/18/25,3.0,7/18/25,20250718_C7B_01220.jpg,0,/mnt/research-projects/j/jlgage/RawUAVData01/uavforslb/final_image/final_sliced/20250718_C7B_01220.jpg
4045,C10,2025,6/30/25,7.0,6/28/25,20250628_C10_04045.jpg,-2,/mnt/research-projects/j/jlgage/RawUAVData01/uavforslb/final_image/final_sliced/20250628_C10_04045.jpg
4472,C10,2025,7/2/25,6.5,7/4/25,20250704_C10_04472.jpg,2,/mnt/research-projects/j/jlgage/RawUAVData01/uavforslb/final_image/final_sliced/20250704_C10_04472.jpg
5594,C10,2025,7/2/25,7.0,7/4/25,20250704_C10_05594.jpg,2,/mnt/research-projects/j/jlgage/RawUAVData01/uavforslb/final_image/final_sliced/20250704_C10_05594.jpg
3048,G3,2023,7/19/23,5.5,7/20/23,20230720_G3_03048.jpg,1,/mnt/research-projects/j/jlgage/RawUAVData01/uavforslb/final_image/final_sliced/20230720_G3_03048.jpg
981,C7B,2025,7/18/25,2.0,7/18/25,20250718_C7B_00981.jpg,0,/mnt/research-projects/j/jlgage/RawUAVData01/uavforslb/final_image/final_sliced/20250718_C7B_00981.jpg
8115,G3,2023,7/26/23,6.0,7/27/23,20230727_G3_08115.jpg,1,/mnt/research-projects/j/jlgage/RawUAVData01/uavforslb/final_image/final_sliced/20230727_G3_08115.jpg
9804,I3B,2023,7/12/23,6.0,7/13/23,20230713_I3B_09804.jpg,1,/mnt/research-projects/j/jlgage/RawUAVData01/uavforslb/final_image/final_sliced/20230713_I3B_09804.jpg
4226,C10,2025,7/11/25,5.0,7/11/25,20250711_C10_04226.jpg,0,/mnt/research-projects/j/jlgage/RawUAVData01/uavforslb/final_image/final_sliced/20250711_C10_04226.jpg
7440,G3,2023,7/20/23,7.5,7/20/23,20230720_G3_07440.jpg,0,/mnt/research-projects/j/jlgage/RawUAVData01/uavforslb/final_image/final_sliced/20230720_G3_07440.jpg
10,C7B,2025,7/4/25,8.0,7/4/25,20250704_C7B_00010.jpg,0,/mnt/research-projects/j/jlgage/RawUAVData01/uavforslb/final_image/final_sliced/20250704_C7B_00010.jpg
664,C7B,2025,7/18/25,2.5,7/18/25,20250718_C7B_00664.jpg,0,/mnt/research-projects/j/jlgage/RawUAVData01/uavforslb/final_image/final_sliced/20250718_C7B_00664.jpg
11356,I3B,2023,7/19/23,6.5,7/20/23,20230720_I3B_11356.jpg,1,/mnt/research-projects/j/jlgage/RawUAVData01/uavforslb/final_image/final_sliced/20230720_I3B_11356.jpg
10355,I3B,2023,7/25/23,3.0,7/27/23,20230727_I3B_10355.jpg,2,/mnt/research-projects/j/jlgage/RawUAVData01/uavforslb/final_image/final_sliced/20230727_I3B_10355.jpg
3142,G3,2023,7/19/23,8.0,7/20/23,20230720_G3_03142.jpg,1,/mnt/research-projects/j/jlgage/RawUAVData01/uavforslb/final_image/final_sliced/20230720_G3_03142.jpg
789,C7B,2025,6/30/25,6.5,7/1/25,20250701_C7B_00789.jpg,1,/mnt/research-projects/j/jlgage/RawUAVData01/uavforslb/final_image/final_sliced/20250701_C7B_00789.jpg
32,C7B,2025,7/11/25,7.0,7/10/25,20250710_C7B_00032.jpg,-1,/mnt/research-projects/j/jlgage/RawUAVData01/uavforslb/final_image/final_sliced/20250710_C7B_00032.jpg
5128,C10,2025,7/11/25,5.0,7/11/25,20250711_C10_05128.jpg,0,/mnt/research-projects/j/jlgage/RawUAVData01/uavforslb/final_image/final_sliced/20250711_C10_05128.jpg
6015,C10,2025,7/19/25,7.0,7/18/25,20250718_C10_06015.jpg,-1,/mnt/research-projects/j/jlgage/RawUAVData01/uavforslb/final_image/final_sliced/20250718_C10_06015.jpg
5987,C10,2025,7/11/25,7.0,7/11/25,20250711_C10_05987.jpg,0,/mnt/research-projects/j/jlgage/RawUAVData01/uavforslb/final_image/final_sliced/20250711_C10_05987.jpg
5943,C10,2025,7/8/25,3.0,7/7/25,20250707_C10_05943.jpg,-1,/mnt/research-projects/j/jlgage/RawUAVData01/uavforslb/final_image/final_sliced/20250707_C10_05943.jpg
10369,I3B,2023,7/25/23,3.0,7/27/23,20230727_I3B_10369.jpg,2,/mnt/research-projects/j/jlgage/RawUAVData01/uavforslb/final_image/final_sliced/20230727_I3B_10369.jpg
9903,I3B,2023,7/12/23,4.0,7/13/23,20230713_I3B_09903.jpg,1,/mnt/research-projects/j/jlgage/RawUAVData01/uavforslb/final_image/final_sliced/20230713_I3B_09903.jpg
228,C7B,2025,6/30/25,7.0,7/1/25,20250701_C7B_00228.jpg,1,/mnt/research-projects/j/jlgage/RawUAVData01/uavforslb/final_image/final_sliced/20250701_C7B_00228.jpg
7394,G3,2023,7/20/23,6.5,7/20/23,20230720_G3_07394.jpg,0,/mnt/research-projects/j/jlgage/RawUAVData01/uavforslb/final_image/final_sliced/20230720_G3_07394.jpg
9986,I3B,2023,7/12/23,6.0,7/13/23,20230713_I3B_09986.jpg,1,/mnt/research-projects/j/jlgage/RawUAVData01/uavforslb/final_image/final_sliced/20230713_I3B_09986.jpg
5675,C10,2025,7/1/25,7.5,6/28/25,20250628_C10_05675.jpg,-3,/mnt/research-projects/j/jlgage/RawUAVData01/uavforslb/final_image/final_sliced/20250628_C10_05675.jpg
1460,C7B,2025,7/1/25,6.5,7/1/25,20250701_C7B_01460.jpg,0,/mnt/research-projects/j/jlgage/RawUAVData01/uavforslb/final_image/final_sliced/20250701_C7B_01460.jpg
9659,I3B,2023,7/12/23,5.0,7/13/23,20230713_I3B_09659.jpg,1,/mnt/research-projects/j/jlgage/RawUAVData01/uavforslb/final_image/final_sliced/20230713_I3B_09659.jpg
8079,G3,2023,7/20/23,7.5,7/20/23,20230720_G3_08079.jpg,0,/mnt/research-projects/j/jlgage/RawUAVData01/uavforslb/final_image/final_sliced/20230720_G3_08079.jpg
1657,C7B,2025,7/18/25,4.5,7/18/25,20250718_C7B_01657.jpg,0,/mnt/research-projects/j/jlgage/RawUAVData01/uavforslb/final_image/final_sliced/20250718_C7B_01657.jpg
354,C7B,2025,7/18/25,3.0,7/18/25,20250718_C7B_00354.jpg,0,/mnt/research-projects/j/jlgage/RawUAVData01/uavforslb/final_image/final_sliced/20250718_C7B_00354.jpg
1406,C7B,2025,7/18/25,1.5,7/18/25,20250718_C7B_01406.jpg,0,/mnt/research-projects/j/jlgage/RawUAVData01/uavforslb/final_image/final_sliced/20250718_C7B_01406.jpg
1665,C7B,2025,7/19/25,2.0,7/18/25,20250718_C7B_01665.jpg,-1,/mnt/research-projects/j/jlgage/RawUAVData01/uavforslb/final_image/final_sliced/20250718_C7B_01665.jpg
4731,C10,2025,7/2/25,6.5,7/4/25,20250704_C10_04731.jpg,2,/mnt/research-projects/j/jlgage/RawUAVData01/uavforslb/final_image/final_sliced/20250704_C10_04731.jpg
426,C7B,2025,7/18/25,3.5,7/18/25,20250718_C7B_00426.jpg,0,/mnt/research-projects/j/jlgage/RawUAVData01/uavforslb/final_image/final_sliced/20250718_C7B_00426.jpg
11274,I3B,2023,7/19/23,7.5,7/20/23,20230720_I3B_11274.jpg,1,/mnt/research-projects/j/jlgage/RawUAVData01/uavforslb/final_image/final_sliced/20230720_I3B_11274.jpg
10946,I3B,2023,7/19/23,7.0,7/20/23,20230720_I3B_10946.jpg,1,/mnt/research-projects/j/jlgage/RawUAVData01/uavforslb/final_image/final_sliced/20230720_I3B_10946.jpg
10417,I3B,2023,7/25/23,3.0,7/27/23,20230727_I3B_10417.jpg,2,/mnt/research-projects/j/jlgage/RawUAVData01/uavforslb/final_image/final_sliced/20230727_I3B_10417.jpg
1452,C7B,2025,7/10/25,6.0,7/10/25,20250710_C7B_01452.jpg,0,/mnt/research-projects/j/jlgage/RawUAVData01/uavforslb/final_image/final_sliced/20250710_C7B_01452.jpg
1954,C7B,2025,7/1/25,7.0,7/1/25,20250701_C7B_01954.jpg,0,/mnt/research-projects/j/jlgage/RawUAVData01/uavforslb/final_image/final_sliced/20250701_C7B_01954.jpg
9870,I3B,2023,7/12/23,5.5,7/13/23,20230713_I3B_09870.jpg,1,/mnt/research-projects/j/jlgage/RawUAVData01/uavforslb/final_image/final_sliced/20230713_I3B_09870.jpg
10270,I3B,2023,7/25/23,4.5,7/27/23,20230727_I3B_10270.jpg,2,/mnt/research-projects/j/jlgage/RawUAVData01/uavforslb/final_image/final_sliced/20230727_I3B_10270.jpg
1293,C7B,2025,7/10/25,7.0,7/10/25,20250710_C7B_01293.jpg,0,/mnt/research-projects/j/jlgage/RawUAVData01/uavforslb/final_image/final_sliced/20250710_C7B_01293.jpg
7425,G3,2023,7/26/23,6.0,7/27/23,20230727_G3_07425.jpg,1,/mnt/research-projects/j/jlgage/RawUAVData01/uavforslb/final_image/final_sliced/20230727_G3_07425.jpg
7370,G3,2023,7/20/23,8.0,7/20/23,20230720_G3_07370.jpg,0,/mnt/research-projects/j/jlgage/RawUAVData01/uavforslb/final_image/final_sliced/20230720_G3_07370.jpg
4735,C10,2025,7/20/25,3.0,7/21/25,20250721_C10_04735.jpg,1,/mnt/research-projects/j/jlgage/RawUAVData01/uavforslb/final_image/final_sliced/20250721_C10_04735.jpg
9831,I3B,2023,7/12/23,5.0,7/13/23,20230713_I3B_09831.jpg,1,/mnt/research-projects/j/jlgage/RawUAVData01/uavforslb/final_image/final_sliced/20230713_I3B_09831.jpg
10862,I3B,2023,7/19/23,6.5,7/20/23,20230720_I3B_10862.jpg,1,/mnt/research-projects/j/jlgage/RawUAVData01/uavforslb/final_image/final_sliced/20230720_I3B_10862.jpg
8065,G3,2023,7/19/23,5.0,7/20/23,20230720_G3_08065.jpg,1,/mnt/research-projects/j/jlgage/RawUAVData01/uavforslb/final_image/final_sliced/20230720_G3_08065.jpg
6856,C10,2025,7/14/25,5.0,7/14/25,20250714_C10_06856.jpg,0,/mnt/research-projects/j/jlgage/RawUAVData01/uavforslb/final_image/final_sliced/20250714_C10_06856.jpg
8066,G3,2023,7/26/23,3.0,7/27/23,20230727_G3_08066.jpg,1,/mnt/research-projects/j/jlgage/RawUAVData01/uavforslb/final_image/final_sliced/20230727_G3_08066.jpg
3127,G3,2023,7/26/23,7.5,7/27/23,20230727_G3_03127.jpg,1,/mnt/research-projects/j/jlgage/RawUAVData01/uavforslb/final_image/final_sliced/20230727_G3_03127.jpg
8166,G3,2023,7/20/23,6.5,7/20/23,20230720_G3_08166.jpg,0,/mnt/research-projects/j/jlgage/RawUAVData01/uavforslb/final_image/final_sliced/20230720_G3_08166.jpg
6853,C10,2025,7/8/25,7.5,7/7/25,20250707_C10_06853.jpg,-1,/mnt/research-projects/j/jlgage/RawUAVData01/uavforslb/final_image/final_sliced/20250707_C10_06853.jpg
473,C7B,2025,7/10/25,4.0,7/10/25,20250710_C7B_00473.jpg,0,/mnt/research-projects/j/jlgage/RawUAVData01/uavforslb/final_image/final_sliced/20250710_C7B_00473.jpg
7262,G3,2023,7/26/23,3.0,7/27/23,20230727_G3_07262.jpg,1,/mnt/research-projects/j/jlgage/RawUAVData01/uavforslb/final_image/final_sliced/20230727_G3_07262.jpg
10342,I3B,2023,7/25/23,3.0,7/27/23,20230727_I3B_10342.jpg,2,/mnt/research-projects/j/jlgage/RawUAVData01/uavforslb/final_image/final_sliced/20230727_I3B_10342.jpg
9678,I3B,2023,7/12/23,4.5,7/13/23,20230713_I3B_09678.jpg,1,/mnt/research-projects/j/jlgage/RawUAVData01/uavforslb/final_image/final_sliced/20230713_I3B_09678.jpg
4995,C10,2025,7/11/25,4.5,7/11/25,20250711_C10_04995.jpg,0,/mnt/research-projects/j/jlgage/RawUAVData01/uavforslb/final_image/final_sliced/20250711_C10_04995.jpg
114,C7B,2025,7/18/25,3.5,7/18/25,20250718_C7B_00114.jpg,0,/mnt/research-projects/j/jlgage/RawUAVData01/uavforslb/final_image/final_sliced/20250718_C7B_00114.jpg
1995,C7B,2025,7/19/25,2.0,7/18/25,20250718_C7B_01995.jpg,-1,/mnt/research-projects/j/jlgage/RawUAVData01/uavforslb/final_image/final_sliced/20250718_C7B_01995.jpg
4618,C10,2025,7/20/25,2.0,7/21/25,20250721_C10_04618.jpg,1,/mnt/research-projects/j/jlgage/RawUAVData01/uavforslb/final_image/final_sliced/20250721_C10_04618.jpg
5069,C10,2025,7/2/25,5.5,7/4/25,20250704_C10_05069.jpg,2,/mnt/research-projects/j/jlgage/RawUAVData01/uavforslb/final_image/final_sliced/20250704_C10_05069.jpg
9953,I3B,2023,7/12/23,5.5,7/13/23,20230713_I3B_09953.jpg,1,/mnt/research-projects/j/jlgage/RawUAVData01/uavforslb/final_image/final_sliced/20230713_I3B_09953.jpg
8052,G3,2023,7/26/23,7.5,7/27/23,20230727_G3_08052.jpg,1,/mnt/research-projects/j/jlgage/RawUAVData01/uavforslb/final_image/final_sliced/20230727_G3_08052.jpg
1958,C7B,2025,7/19/25,6.0,7/18/25,20250718_C7B_01958.jpg,-1,/mnt/research-projects/j/jlgage/RawUAVData01/uavforslb/final_image/final_sliced/20250718_C7B_01958.jpg
9699,I3B,2023,7/12/23,5.0,7/13/23,20230713_I3B_09699.jpg,1,/mnt/research-projects/j/jlgage/RawUAVData01/uavforslb/final_image/final_sliced/20230713_I3B_09699.jpg
10344,I3B,2023,7/25/23,5.5,7/27/23,20230727_I3B_10344.jpg,2,/mnt/research-projects/j/jlgage/RawUAVData01/uavforslb/final_image/final_sliced/20230727_I3B_10344.jpg
987,C7B,2025,7/1/25,7.5,7/1/25,20250701_C7B_00987.jpg,0,/mnt/research-projects/j/jlgage/RawUAVData01/uavforslb/final_image/final_sliced/20250701_C7B_00987.jpg
9676,I3B,2023,7/12/23,4.5,7/13/23,20230713_I3B_09676.jpg,1,/mnt/research-projects/j/jlgage/RawUAVData01/uavforslb/final_image/final_sliced/20230713_I3B_09676.jpg
6799,C10,2025,6/30/25,7.5,6/28/25,20250628_C10_06799.jpg,-2,/mnt/research-projects/j/jlgage/RawUAVData01/uavforslb/final_image/final_sliced/20250628_C10_06799.jpg
39,C7B,2025,7/18/25,7.5,7/18/25,20250718_C7B_00039.jpg,0,/mnt/research-projects/j/jlgage/RawUAVData01/uavforslb/final_image/final_sliced/20250718_C7B_00039.jpg
10844,I3B,2023,7/19/23,6.0,7/20/23,20230720_I3B_10844.jpg,1,/mnt/research-projects/j/jlgage/RawUAVData01/uavforslb/final_image/final_sliced/20230720_I3B_10844.jpg
4941,C10,2025,7/11/25,4.0,7/11/25,20250711_C10_04941.jpg,0,/mnt/research-projects/j/jlgage/RawUAVData01/uavforslb/final_image/final_sliced/20250711_C10_04941.jpg
1382,C7B,2025,7/18/25,2.0,7/18/25,20250718_C7B_01382.jpg,0,/mnt/research-projects/j/jlgage/RawUAVData01/uavforslb/final_image/final_sliced/20250718_C7B_01382.jpg
1622,C7B,2025,7/18/25,3.0,7/18/25,20250718_C7B_01622.jpg,0,/mnt/research-projects/j/jlgage/RawUAVData01/uavforslb/final_image/final_sliced/20250718_C7B_01622.jpg
4843,C10,2025,7/20/25,5.5,7/21/25,20250721_C10_04843.jpg,1,/mnt/research-projects/j/jlgage/RawUAVData01/uavforslb/final_image/final_sliced/20250721_C10_04843.jpg
8110,G3,2023,7/26/23,8.0,7/27/23,20230727_G3_08110.jpg,1,/mnt/research-projects/j/jlgage/RawUAVData01/uavforslb/final_image/final_sliced/20230727_G3_08110.jpg
10372,I3B,2023,7/25/23,5.5,7/27/23,20230727_I3B_10372.jpg,2,/mnt/research-projects/j/jlgage/RawUAVData01/uavforslb/final_image/final_sliced/20230727_I3B_10372.jpg
9966,I3B,2023,7/12/23,4.0,7/13/23,20230713_I3B_09966.jpg,1,/mnt/research-projects/j/jlgage/RawUAVData01/uavforslb/final_image/final_sliced/20230713_I3B_09966.jpg
10025,I3B,2023,7/12/23,5.0,7/13/23,20230713_I3B_10025.jpg,1,/mnt/research-projects/j/jlgage/RawUAVData01/uavforslb/final_image/final_sliced/20230713_I3B_10025.jpg
9824,I3B,2023,7/12/23,5.5,7/13/23,20230713_I3B_09824.jpg,1,/mnt/research-projects/j/jlgage/RawUAVData01/uavforslb/final_image/final_sliced/20230713_I3B_09824.jpg
10018,I3B,2023,7/12/23,5.0,7/13/23,20230713_I3B_10018.jpg,1,/mnt/research-projects/j/jlgage/RawUAVData01/uavforslb/final_image/final_sliced/20230713_I3B_10018.jpg
7453,G3,2023,7/26/23,5.0,7/27/23,20230727_G3_07453.jpg,1,/mnt/research-projects/j/jlgage/RawUAVData01/uavforslb/final_image/final_sliced/20230727_G3_07453.jpg
4693,C10,2025,7/20/25,2.0,7/21/25,20250721_C10_04693.jpg,1,/mnt/research-projects/j/jlgage/RawUAVData01/uavforslb/final_image/final_sliced/20250721_C10_04693.jpg
7297,G3,2023,7/20/23,8.0,7/20/23,20230720_G3_07297.jpg,0,/mnt/research-projects/j/jlgage/RawUAVData01/uavforslb/final_image/final_sliced/20230720_G3_07297.jpg
10904,I3B,2023,7/19/23,5.5,7/20/23,20230720_I3B_10904.jpg,1,/mnt/research-projects/j/jlgage/RawUAVData01/uavforslb/final_image/final_sliced/20230720_I3B_10904.jpg
11064,I3B,2023,7/12/23,7.0,7/13/23,20230713_I3B_11064.jpg,1,/mnt/research-projects/j/jlgage/RawUAVData01/uavforslb/final_image/final_sliced/20230713_I3B_11064.jpg
9916,I3B,2023,7/12/23,4.5,7/13/23,20230713_I3B_09916.jpg,1,/mnt/research-projects/j/jlgage/RawUAVData01/uavforslb/final_image/final_sliced/20230713_I3B_09916.jpg
1193,C7B,2025,7/10/25,7.5,7/10/25,20250710_C7B_01193.jpg,0,/mnt/research-projects/j/jlgage/RawUAVData01/uavforslb/final_image/final_sliced/20250710_C7B_01193.jpg
4092,C10,2025,7/19/25,2.0,7/18/25,20250718_C10_04092.jpg,-1,/mnt/research-projects/j/jlgage/RawUAVData01/uavforslb/final_image/final_sliced/20250718_C10_04092.jpg
5000,C10,2025,7/2/25,6.0,7/4/25,20250704_C10_05000.jpg,2,/mnt/research-projects/j/jlgage/RawUAVData01/uavforslb/final_image/final_sliced/20250704_C10_05000.jpg
4476,C10,2025,7/1/25,6.5,6/28/25,20250628_C10_04476.jpg,-3,/mnt/research-projects/j/jlgage/RawUAVData01/uavforslb/final_image/final_sliced/20250628_C10_04476.jpg
7437,G3,2023,7/26/23,7.0,7/27/23,20230727_G3_07437.jpg,1,/mnt/research-projects/j/jlgage/RawUAVData01/uavforslb/final_image/final_sliced/20230727_G3_07437.jpg
5182,C10,2025,7/20/25,3.0,7/21/25,20250721_C10_05182.jpg,1,/mnt/research-projects/j/jlgage/RawUAVData01/uavforslb/final_image/final_sliced/20250721_C10_05182.jpg
7291,G3,2023,7/26/23,5.0,7/27/23,20230727_G3_07291.jpg,1,/mnt/research-projects/j/jlgage/RawUAVData01/uavforslb/final_image/final_sliced/20230727_G3_07291.jpg
370,C7B,2025,7/10/25,6.0,7/10/25,20250710_C7B_00370.jpg,0,/mnt/research-projects/j/jlgage/RawUAVData01/uavforslb/final_image/final_sliced/20250710_C7B_00370.jpg
7236,G3,2023,7/26/23,5.0,7/27/23,20230727_G3_07236.jpg,1,/mnt/research-projects/j/jlgage/RawUAVData01/uavforslb/final_image/final_sliced/20230727_G3_07236.jpg
688,C7B,2025,7/10/25,6.0,7/10/25,20250710_C7B_00688.jpg,0,/mnt/research-projects/j/jlgage/RawUAVData01/uavforslb/final_image/final_sliced/20250710_C7B_00688.jpg
201,C7B,2025,7/18/25,5.0,7/18/25,20250718_C7B_00201.jpg,0,/mnt/research-projects/j/jlgage/RawUAVData01/uavforslb/final_image/final_sliced/20250718_C7B_00201.jpg
627,C7B,2025,7/18/25,4.0,7/18/25,20250718_C7B_00627.jpg,0,/mnt/research-projects/j/jlgage/RawUAVData01/uavforslb/final_image/final_sliced/20250718_C7B_00627.jpg
442,C7B,2025,7/10/25,6.5,7/10/25,20250710_C7B_00442.jpg,0,/mnt/research-projects/j/jlgage/RawUAVData01/uavforslb/final_image/final_sliced/20250710_C7B_00442.jpg
8101,G3,2023,7/20/23,5.5,7/20/23,20230720_G3_08101.jpg,0,/mnt/research-projects/j/jlgage/RawUAVData01/uavforslb/final_image/final_sliced/20230720_G3_08101.jpg
4411,C10,2025,7/11/25,6.0,7/11/25,20250711_C10_04411.jpg,0,/mnt/research-projects/j/jlgage/RawUAVData01/uavforslb/final_image/final_sliced/20250711_C10_04411.jpg
3155,G3,2023,7/26/23,4.0,7/27/23,20230727_G3_03155.jpg,1,/mnt/research-projects/j/jlgage/RawUAVData01/uavforslb/final_image/final_sliced/20230727_G3_03155.jpg
9611,I3B,2023,7/12/23,6.5,7/13/23,20230713_I3B_09611.jpg,1,/mnt/research-projects/j/jlgage/RawUAVData01/uavforslb/final_image/final_sliced/20230713_I3B_09611.jpg
9634,I3B,2023,7/12/23,5.5,7/13/23,20230713_I3B_09634.jpg,1,/mnt/research-projects/j/jlgage/RawUAVData01/uavforslb/final_image/final_sliced/20230713_I3B_09634.jpg
10242,I3B,2023,7/25/23,3.5,7/27/23,20230727_I3B_10242.jpg,2,/mnt/research-projects/j/jlgage/RawUAVData01/uavforslb/final_image/final_sliced/20230727_I3B_10242.jpg
10382,I3B,2023,7/25/23,4.0,7/27/23,20230727_I3B_10382.jpg,2,/mnt/research-projects/j/jlgage/RawUAVData01/uavforslb/final_image/final_sliced/20230727_I3B_10382.jpg
7210,G3,2023,7/19/23,7.5,7/20/23,20230720_G3_07210.jpg,1,/mnt/research-projects/j/jlgage/RawUAVData01/uavforslb/final_image/final_sliced/20230720_G3_07210.jpg
5562,C10,2025,7/20/25,2.0,7/21/25,20250721_C10_05562.jpg,1,/mnt/research-projects/j/jlgage/RawUAVData01/uavforslb/final_image/final_sliced/20250721_C10_05562.jpg
3112,G3,2023,7/19/23,5.5,7/20/23,20230720_G3_03112.jpg,1,/mnt/research-projects/j/jlgage/RawUAVData01/uavforslb/final_image/final_sliced/20230720_G3_03112.jpg
11008,I3B,2023,7/19/23,6.0,7/20/23,20230720_I3B_11008.jpg,1,/mnt/research-projects/j/jlgage/RawUAVData01/uavforslb/final_image/final_sliced/20230720_I3B_11008.jpg
10799,I3B,2023,7/19/23,7.0,7/20/23,20230720_I3B_10799.jpg,1,/mnt/research-projects/j/jlgage/RawUAVData01/uavforslb/final_image/final_sliced/20230720_I3B_10799.jpg
5013,C10,2025,7/20/25,2.0,7/21/25,20250721_C10_05013.jpg,1,/mnt/research-projects/j/jlgage/RawUAVData01/uavforslb/final_image/final_sliced/20250721_C10_05013.jpg
3038,G3,2023,7/19/23,7.5,7/20/23,20230720_G3_03038.jpg,1,/mnt/research-projects/j/jlgage/RawUAVData01/uavforslb/final_image/final_sliced/20230720_G3_03038.jpg
3051,G3,2023,7/19/23,7.5,7/20/23,20230720_G3_03051.jpg,1,/mnt/research-projects/j/jlgage/RawUAVData01/uavforslb/final_image/final_sliced/20230720_G3_03051.jpg
9938,I3B,2023,7/12/23,4.5,7/13/23,20230713_I3B_09938.jpg,1,/mnt/research-projects/j/jlgage/RawUAVData01/uavforslb/final_image/final_sliced/20230713_I3B_09938.jpg
1010,C7B,2025,7/10/25,6.0,7/10/25,20250710_C7B_01010.jpg,0,/mnt/research-projects/j/jlgage/RawUAVData01/uavforslb/final_image/final_sliced/20250710_C7B_01010.jpg
7480,G3,2023,7/26/23,5.0,7/27/23,20230727_G3_07480.jpg,1,/mnt/research-projects/j/jlgage/RawUAVData01/uavforslb/final_image/final_sliced/20230727_G3_07480.jpg
3141,G3,2023,7/19/23,7.0,7/20/23,20230720_G3_03141.jpg,1,/mnt/research-projects/j/jlgage/RawUAVData01/uavforslb/final_image/final_sliced/20230720_G3_03141.jpg
3098,G3,2023,7/26/23,7.5,7/27/23,20230727_G3_03098.jpg,1,/mnt/research-projects/j/jlgage/RawUAVData01/uavforslb/final_image/final_sliced/20230727_G3_03098.jpg
9869,I3B,2023,7/12/23,5.5,7/13/23,20230713_I3B_09869.jpg,1,/mnt/research-projects/j/jlgage/RawUAVData01/uavforslb/final_image/final_sliced/20230713_I3B_09869.jpg
1146,C7B,2025,7/1/25,8.0,7/1/25,20250701_C7B_01146.jpg,0,/mnt/research-projects/j/jlgage/RawUAVData01/uavforslb/final_image/final_sliced/20250701_C7B_01146.jpg
1726,C7B,2025,7/7/25,5.0,7/7/25,20250707_C7B_01726.jpg,0,/mnt/research-projects/j/jlgage/RawUAVData01/uavforslb/final_image/final_sliced/20250707_C7B_01726.jpg
876,C7B,2025,7/10/25,5.0,7/10/25,20250710_C7B_00876.jpg,0,/mnt/research-projects/j/jlgage/RawUAVData01/uavforslb/final_image/final_sliced/20250710_C7B_00876.jpg
1692,C7B,2025,7/1/25,5.5,7/1/25,20250701_C7B_01692.jpg,0,/mnt/research-projects/j/jlgage/RawUAVData01/uavforslb/final_image/final_sliced/20250701_C7B_01692.jpg
1604,C7B,2025,7/1/25,7.5,7/1/25,20250701_C7B_01604.jpg,0,/mnt/research-projects/j/jlgage/RawUAVData01/uavforslb/final_image/final_sliced/20250701_C7B_01604.jpg
2663,C7B,2025,6/30/25,8.0,7/1/25,20250701_C7B_02663.jpg,1,/mnt/research-projects/j/jlgage/RawUAVData01/uavforslb/final_image/final_sliced/20250701_C7B_02663.jpg
11354,I3B,2023,7/19/23,5.5,7/20/23,20230720_I3B_11354.jpg,1,/mnt/research-projects/j/jlgage/RawUAVData01/uavforslb/final_image/final_sliced/20230720_I3B_11354.jpg
9788,I3B,2023,7/12/23,4.0,7/13/23,20230713_I3B_09788.jpg,1,/mnt/research-projects/j/jlgage/RawUAVData01/uavforslb/final_image/final_sliced/20230713_I3B_09788.jpg
8040,G3,2023,7/19/23,3.0,7/20/23,20230720_G3_08040.jpg,1,/mnt/research-projects/j/jlgage/RawUAVData01/uavforslb/final_image/final_sliced/20230720_G3_08040.jpg
9573,I3B,2023,7/12/23,6.5,7/13/23,20230713_I3B_09573.jpg,1,/mnt/research-projects/j/jlgage/RawUAVData01/uavforslb/final_image/final_sliced/20230713_I3B_09573.jpg
215,C7B,2025,6/30/25,7.0,7/1/25,20250701_C7B_00215.jpg,1,/mnt/research-projects/j/jlgage/RawUAVData01/uavforslb/final_image/final_sliced/20250701_C7B_00215.jpg
742,C7B,2025,6/30/25,7.0,7/1/25,20250701_C7B_00742.jpg,1,/mnt/research-projects/j/jlgage/RawUAVData01/uavforslb/final_image/final_sliced/20250701_C7B_00742.jpg
11126,I3B,2023,7/12/23,7.5,7/13/23,20230713_I3B_11126.jpg,1,/mnt/research-projects/j/jlgage/RawUAVData01/uavforslb/final_image/final_sliced/20230713_I3B_11126.jpg
5865,C10,2025,7/11/25,3.0,7/11/25,20250711_C10_05865.jpg,0,/mnt/research-projects/j/jlgage/RawUAVData01/uavforslb/final_image/final_sliced/20250711_C10_05865.jpg
8068,G3,2023,7/19/23,4.5,7/20/23,20230720_G3_08068.jpg,1,/mnt/research-projects/j/jlgage/RawUAVData01/uavforslb/final_image/final_sliced/20230720_G3_08068.jpg
5884,C10,2025,7/11/25,5.0,7/11/25,20250711_C10_05884.jpg,0,/mnt/research-projects/j/jlgage/RawUAVData01/uavforslb/final_image/final_sliced/20250711_C10_05884.jpg
632,C7B,2025,7/10/25,7.0,7/10/25,20250710_C7B_00632.jpg,0,/mnt/research-projects/j/jlgage/RawUAVData01/uavforslb/final_image/final_sliced/20250710_C7B_00632.jpg
1557,C7B,2025,7/18/25,2.0,7/18/25,20250718_C7B_01557.jpg,0,/mnt/research-projects/j/jlgage/RawUAVData01/uavforslb/final_image/final_sliced/20250718_C7B_01557.jpg
1,C7B,2025,7/18/25,5.5,7/18/25,20250718_C7B_00001.jpg,0,/mnt/research-projects/j/jlgage/RawUAVData01/uavforslb/final_image/final_sliced/20250718_C7B_00001.jpg
4529,C10,2025,7/2/25,6.0,7/4/25,20250704_C10_04529.jpg,2,/mnt/research-projects/j/jlgage/RawUAVData01/uavforslb/final_image/final_sliced/20250704_C10_04529.jpg
8046,G3,2023,7/19/23,7.5,7/20/23,20230720_G3_08046.jpg,1,/mnt/research-projects/j/jlgage/RawUAVData01/uavforslb/final_image/final_sliced/20230720_G3_08046.jpg
2712,C7B,2025,7/8/25,7.5,7/7/25,20250707_C7B_02712.jpg,-1,/mnt/research-projects/j/jlgage/RawUAVData01/uavforslb/final_image/final_sliced/20250707_C7B_02712.jpg
9872,I3B,2023,7/12/23,5.5,7/13/23,20230713_I3B_09872.jpg,1,/mnt/research-projects/j/jlgage/RawUAVData01/uavforslb/final_image/final_sliced/20230713_I3B_09872.jpg
4504,C10,2025,7/2/25,6.0,7/4/25,20250704_C10_04504.jpg,2,/mnt/research-projects/j/jlgage/RawUAVData01/uavforslb/final_image/final_sliced/20250704_C10_04504.jpg
2725,C7B,2025,7/13/25,8.0,7/12/25,20250712_C7B_02725.jpg,-1,/mnt/research-projects/j/jlgage/RawUAVData01/uavforslb/final_image/final_sliced/20250712_C7B_02725.jpg
8073,G3,2023,7/26/23,6.0,7/27/23,20230727_G3_08073.jpg,1,/mnt/research-projects/j/jlgage/RawUAVData01/uavforslb/final_image/final_sliced/20230727_G3_08073.jpg
5782,C10,2025,7/1/25,6.5,6/28/25,20250628_C10_05782.jpg,-3,/mnt/research-projects/j/jlgage/RawUAVData01/uavforslb/final_image/final_sliced/20250628_C10_05782.jpg
11127,I3B,2023,7/12/23,7.5,7/13/23,20230713_I3B_11127.jpg,1,/mnt/research-projects/j/jlgage/RawUAVData01/uavforslb/final_image/final_sliced/20230713_I3B_11127.jpg
5297,C10,2025,7/2/25,7.0,7/4/25,20250704_C10_05297.jpg,2,/mnt/research-projects/j/jlgage/RawUAVData01/uavforslb/final_image/final_sliced/20250704_C10_05297.jpg
5857,C10,2025,7/19/25,5.0,7/18/25,20250718_C10_05857.jpg,-1,/mnt/research-projects/j/jlgage/RawUAVData01/uavforslb/final_image/final_sliced/20250718_C10_05857.jpg
7485,G3,2023,7/20/23,5.0,7/20/23,20230720_G3_07485.jpg,0,/mnt/research-projects/j/jlgage/RawUAVData01/uavforslb/final_image/final_sliced/20230720_G3_07485.jpg
10425,I3B,2023,7/25/23,3.0,7/27/23,20230727_I3B_10425.jpg,2,/mnt/research-projects/j/jlgage/RawUAVData01/uavforslb/final_image/final_sliced/20230727_I3B_10425.jpg
1807,C7B,2025,7/1/25,7.0,7/1/25,20250701_C7B_01807.jpg,0,/mnt/research-projects/j/jlgage/RawUAVData01/uavforslb/final_image/final_sliced/20250701_C7B_01807.jpg
3193,G3,2023,7/19/23,4.0,7/20/23,20230720_G3_03193.jpg,1,/mnt/research-projects/j/jlgage/RawUAVData01/uavforslb/final_image/final_sliced/20230720_G3_03193.jpg
1054,C7B,2025,7/18/25,2.0,7/18/25,20250718_C7B_01054.jpg,0,/mnt/research-projects/j/jlgage/RawUAVData01/uavforslb/final_image/final_sliced/20250718_C7B_01054.jpg
4629,C10,2025,7/2/25,5.5,7/4/25,20250704_C10_04629.jpg,2,/mnt/research-projects/j/jlgage/RawUAVData01/uavforslb/final_image/final_sliced/20250704_C10_04629.jpg
1006,C7B,2025,7/18/25,3.0,7/18/25,20250718_C7B_01006.jpg,0,/mnt/research-projects/j/jlgage/RawUAVData01/uavforslb/final_image/final_sliced/20250718_C7B_01006.jpg
7283,G3,2023,7/26/23,7.5,7/27/23,20230727_G3_07283.jpg,1,/mnt/research-projects/j/jlgage/RawUAVData01/uavforslb/final_image/final_sliced/20230727_G3_07283.jpg
10875,I3B,2023,7/19/23,7.0,7/20/23,20230720_I3B_10875.jpg,1,/mnt/research-projects/j/jlgage/RawUAVData01/uavforslb/final_image/final_sliced/20230720_I3B_10875.jpg
3027,G3,2023,7/26/23,5.5,7/27/23,20230727_G3_03027.jpg,1,/mnt/research-projects/j/jlgage/RawUAVData01/uavforslb/final_image/final_sliced/20230727_G3_03027.jpg
3176,G3,2023,7/19/23,8.5,7/20/23,20230720_G3_03176.jpg,1,/mnt/research-projects/j/jlgage/RawUAVData01/uavforslb/final_image/final_sliced/20230720_G3_03176.jpg
9859,I3B,2023,7/12/23,6.0,7/13/23,20230713_I3B_09859.jpg,1,/mnt/research-projects/j/jlgage/RawUAVData01/uavforslb/final_image/final_sliced/20230713_I3B_09859.jpg
11243,I3B,2023,7/19/23,5.5,7/20/23,20230720_I3B_11243.jpg,1,/mnt/research-projects/j/jlgage/RawUAVData01/uavforslb/final_image/final_sliced/20230720_I3B_11243.jpg
9766,I3B,2023,7/12/23,4.5,7/13/23,20230713_I3B_09766.jpg,1,/mnt/research-projects/j/jlgage/RawUAVData01/uavforslb/final_image/final_sliced/20230713_I3B_09766.jpg
11047,I3B,2023,7/12/23,8.0,7/13/23,20230713_I3B_11047.jpg,1,/mnt/research-projects/j/jlgage/RawUAVData01/uavforslb/final_image/final_sliced/20230713_I3B_11047.jpg
3017,G3,2023,7/19/23,8.0,7/20/23,20230720_G3_03017.jpg,1,/mnt/research-projects/j/jlgage/RawUAVData01/uavforslb/final_image/final_sliced/20230720_G3_03017.jpg
10318,I3B,2023,7/25/23,6.0,7/27/23,20230727_I3B_10318.jpg,2,/mnt/research-projects/j/jlgage/RawUAVData01/uavforslb/final_image/final_sliced/20230727_I3B_10318.jpg
10766,I3B,2023,7/19/23,4.5,7/20/23,20230720_I3B_10766.jpg,1,/mnt/research-projects/j/jlgage/RawUAVData01/uavforslb/final_image/final_sliced/20230720_I3B_10766.jpg
7321,G3,2023,7/26/23,5.5,7/27/23,20230727_G3_07321.jpg,1,/mnt/research-projects/j/jlgage/RawUAVData01/uavforslb/final_image/final_sliced/20230727_G3_07321.jpg
560,C7B,2025,7/10/25,5.5,7/10/25,20250710_C7B_00560.jpg,0,/mnt/research-projects/j/jlgage/RawUAVData01/uavforslb/final_image/final_sliced/20250710_C7B_00560.jpg
2018,C7B,2025,7/19/25,4.0,7/18/25,20250718_C7B_02018.jpg,-1,/mnt/research-projects/j/jlgage/RawUAVData01/uavforslb/final_image/final_sliced/20250718_C7B_02018.jpg
10950,I3B,2023,7/19/23,5.5,7/20/23,20230720_I3B_10950.jpg,1,/mnt/research-projects/j/jlgage/RawUAVData01/uavforslb/final_image/final_sliced/20230720_I3B_10950.jpg
4409,C10,2025,6/30/25,7.0,6/28/25,20250628_C10_04409.jpg,-2,/mnt/research-projects/j/jlgage/RawUAVData01/uavforslb/final_image/final_sliced/20250628_C10_04409.jpg
357,C7B,2025,6/30/25,8.0,7/1/25,20250701_C7B_00357.jpg,1,/mnt/research-projects/j/jlgage/RawUAVData01/uavforslb/final_image/final_sliced/20250701_C7B_00357.jpg
8093,G3,2023,7/26/23,8.0,7/27/23,20230727_G3_08093.jpg,1,/mnt/research-projects/j/jlgage/RawUAVData01/uavforslb/final_image/final_sliced/20230727_G3_08093.jpg
11353,I3B,2023,7/19/23,7.0,7/20/23,20230720_I3B_11353.jpg,1,/mnt/research-projects/j/jlgage/RawUAVData01/uavforslb/final_image/final_sliced/20230720_I3B_11353.jpg
7521,G3,2023,7/20/23,8.0,7/20/23,20230720_G3_07521.jpg,0,/mnt/research-projects/j/jlgage/RawUAVData01/uavforslb/final_image/final_sliced/20230720_G3_07521.jpg
8022,G3,2023,7/26/23,3.5,7/27/23,20230727_G3_08022.jpg,1,/mnt/research-projects/j/jlgage/RawUAVData01/uavforslb/final_image/final_sliced/20230727_G3_08022.jpg
5206,C10,2025,7/2/25,5.5,7/4/25,20250704_C10_05206.jpg,2,/mnt/research-projects/j/jlgage/RawUAVData01/uavforslb/final_image/final_sliced/20250704_C10_05206.jpg
10266,I3B,2023,7/25/23,6.0,7/27/23,20230727_I3B_10266.jpg,2,/mnt/research-projects/j/jlgage/RawUAVData01/uavforslb/final_image/final_sliced/20230727_I3B_10266.jpg
3084,G3,2023,7/26/23,8.0,7/27/23,20230727_G3_03084.jpg,1,/mnt/research-projects/j/jlgage/RawUAVData01/uavforslb/final_image/final_sliced/20230727_G3_03084.jpg
4225,C10,2025,7/7/25,6.0,7/7/25,20250707_C10_04225.jpg,0,/mnt/research-projects/j/jlgage/RawUAVData01/uavforslb/final_image/final_sliced/20250707_C10_04225.jpg
1503,C7B,2025,7/18/25,2.5,7/18/25,20250718_C7B_01503.jpg,0,/mnt/research-projects/j/jlgage/RawUAVData01/uavforslb/final_image/final_sliced/20250718_C7B_01503.jpg
383,C7B,2025,7/18/25,2.5,7/18/25,20250718_C7B_00383.jpg,0,/mnt/research-projects/j/jlgage/RawUAVData01/uavforslb/final_image/final_sliced/20250718_C7B_00383.jpg
2839,C7B,2025,7/13/25,5.0,7/12/25,20250712_C7B_02839.jpg,-1,/mnt/research-projects/j/jlgage/RawUAVData01/uavforslb/final_image/final_sliced/20250712_C7B_02839.jpg
11234,I3B,2023,7/19/23,5.0,7/20/23,20230720_I3B_11234.jpg,1,/mnt/research-projects/j/jlgage/RawUAVData01/uavforslb/final_image/final_sliced/20230720_I3B_11234.jpg
11050,I3B,2023,7/12/23,7.5,7/13/23,20230713_I3B_11050.jpg,1,/mnt/research-projects/j/jlgage/RawUAVData01/uavforslb/final_image/final_sliced/20230713_I3B_11050.jpg
7255,G3,2023,7/19/23,7.5,7/20/23,20230720_G3_07255.jpg,1,/mnt/research-projects/j/jlgage/RawUAVData01/uavforslb/final_image/final_sliced/20230720_G3_07255.jpg
1347,C7B,2025,7/1/25,7.5,7/1/25,20250701_C7B_01347.jpg,0,/mnt/research-projects/j/jlgage/RawUAVData01/uavforslb/final_image/final_sliced/20250701_C7B_01347.jpg
1913,C7B,2025,7/7/25,5.0,7/7/25,20250707_C7B_01913.jpg,0,/mnt/research-projects/j/jlgage/RawUAVData01/uavforslb/final_image/final_sliced/20250707_C7B_01913.jpg
5837,C10,2025,7/19/25,3.5,7/18/25,20250718_C10_05837.jpg,-1,/mnt/research-projects/j/jlgage/RawUAVData01/uavforslb/final_image/final_sliced/20250718_C10_05837.jpg
1758,C7B,2025,7/1/25,7.0,7/1/25,20250701_C7B_01758.jpg,0,/mnt/research-projects/j/jlgage/RawUAVData01/uavforslb/final_image/final_sliced/20250701_C7B_01758.jpg
3068,G3,2023,7/26/23,7.0,7/27/23,20230727_G3_03068.jpg,1,/mnt/research-projects/j/jlgage/RawUAVData01/uavforslb/final_image/final_sliced/20230727_G3_03068.jpg
7244,G3,2023,7/26/23,5.0,7/27/23,20230727_G3_07244.jpg,1,/mnt/research-projects/j/jlgage/RawUAVData01/uavforslb/final_image/final_sliced/20230727_G3_07244.jpg
3097,G3,2023,7/26/23,6.5,7/27/23,20230727_G3_03097.jpg,1,/mnt/research-projects/j/jlgage/RawUAVData01/uavforslb/final_image/final_sliced/20230727_G3_03097.jpg
7325,G3,2023,7/20/23,7.0,7/20/23,20230720_G3_07325.jpg,0,/mnt/research-projects/j/jlgage/RawUAVData01/uavforslb/final_image/final_sliced/20230720_G3_07325.jpg
5141,C10,2025,7/11/25,6.0,7/11/25,20250711_C10_05141.jpg,0,/mnt/research-projects/j/jlgage/RawUAVData01/uavforslb/final_image/final_sliced/20250711_C10_05141.jpg
4052,C10,2025,7/11/25,8.5,7/11/25,20250711_C10_04052.jpg,0,/mnt/research-projects/j/jlgage/RawUAVData01/uavforslb/final_image/final_sliced/20250711_C10_04052.jpg
2017,C7B,2025,7/10/25,5.0,7/10/25,20250710_C7B_02017.jpg,0,/mnt/research-projects/j/jlgage/RawUAVData01/uavforslb/final_image/final_sliced/20250710_C7B_02017.jpg
10365,I3B,2023,7/25/23,3.0,7/27/23,20230727_I3B_10365.jpg,2,/mnt/research-projects/j/jlgage/RawUAVData01/uavforslb/final_image/final_sliced/20230727_I3B_10365.jpg
11186,I3B,2023,7/12/23,6.5,7/13/23,20230713_I3B_11186.jpg,1,/mnt/research-projects/j/jlgage/RawUAVData01/uavforslb/final_image/final_sliced/20230713_I3B_11186.jpg
9805,I3B,2023,7/12/23,5.5,7/13/23,20230713_I3B_09805.jpg,1,/mnt/research-projects/j/jlgage/RawUAVData01/uavforslb/final_image/final_sliced/20230713_I3B_09805.jpg
505,C7B,2025,7/18/25,4.0,7/18/25,20250718_C7B_00505.jpg,0,/mnt/research-projects/j/jlgage/RawUAVData01/uavforslb/final_image/final_sliced/20250718_C7B_00505.jpg
5986,C10,2025,7/8/25,4.0,7/7/25,20250707_C10_05986.jpg,-1,/mnt/research-projects/j/jlgage/RawUAVData01/uavforslb/final_image/final_sliced/20250707_C10_05986.jpg
446,C7B,2025,7/18/25,4.0,7/18/25,20250718_C7B_00446.jpg,0,/mnt/research-projects/j/jlgage/RawUAVData01/uavforslb/final_image/final_sliced/20250718_C7B_00446.jpg
9876,I3B,2023,7/12/23,4.5,7/13/23,20230713_I3B_09876.jpg,1,/mnt/research-projects/j/jlgage/RawUAVData01/uavforslb/final_image/final_sliced/20230713_I3B_09876.jpg
844,C7B,2025,7/1/25,7.0,7/1/25,20250701_C7B_00844.jpg,0,/mnt/research-projects/j/jlgage/RawUAVData01/uavforslb/final_image/final_sliced/20250701_C7B_00844.jpg
2779,C7B,2025,6/30/25,9.0,7/1/25,20250701_C7B_02779.jpg,1,/mnt/research-projects/j/jlgage/RawUAVData01/uavforslb/final_image/final_sliced/20250701_C7B_02779.jpg
1382,C7B,2025,7/10/25,3.5,7/10/25,20250710_C7B_01382.jpg,0,/mnt/research-projects/j/jlgage/RawUAVData01/uavforslb/final_image/final_sliced/20250710_C7B_01382.jpg
9881,I3B,2023,7/12/23,4.0,7/13/23,20230713_I3B_09881.jpg,1,/mnt/research-projects/j/jlgage/RawUAVData01/uavforslb/final_image/final_sliced/20230713_I3B_09881.jpg
5271,C10,2025,7/11/25,4.0,7/11/25,20250711_C10_05271.jpg,0,/mnt/research-projects/j/jlgage/RawUAVData01/uavforslb/final_image/final_sliced/20250711_C10_05271.jpg
3071,G3,2023,7/26/23,8.0,7/27/23,20230727_G3_03071.jpg,1,/mnt/research-projects/j/jlgage/RawUAVData01/uavforslb/final_image/final_sliced/20230727_G3_03071.jpg
1898,C7B,2025,7/1/25,5.5,7/1/25,20250701_C7B_01898.jpg,0,/mnt/research-projects/j/jlgage/RawUAVData01/uavforslb/final_image/final_sliced/20250701_C7B_01898.jpg
11191,I3B,2023,7/19/23,6.0,7/20/23,20230720_I3B_11191.jpg,1,/mnt/research-projects/j/jlgage/RawUAVData01/uavforslb/final_image/final_sliced/20230720_I3B_11191.jpg
4272,C10,2025,7/19/25,2.0,7/18/25,20250718_C10_04272.jpg,-1,/mnt/research-projects/j/jlgage/RawUAVData01/uavforslb/final_image/final_sliced/20250718_C10_04272.jpg
9639,I3B,2023,7/12/23,6.0,7/13/23,20230713_I3B_09639.jpg,1,/mnt/research-projects/j/jlgage/RawUAVData01/uavforslb/final_image/final_sliced/20230713_I3B_09639.jpg
5702,C10,2025,7/19/25,2.0,7/18/25,20250718_C10_05702.jpg,-1,/mnt/research-projects/j/jlgage/RawUAVData01/uavforslb/final_image/final_sliced/20250718_C10_05702.jpg
8082,G3,2023,7/26/23,7.0,7/27/23,20230727_G3_08082.jpg,1,/mnt/research-projects/j/jlgage/RawUAVData01/uavforslb/final_image/final_sliced/20230727_G3_08082.jpg
7207,G3,2023,7/26/23,6.0,7/27/23,20230727_G3_07207.jpg,1,/mnt/research-projects/j/jlgage/RawUAVData01/uavforslb/final_image/final_sliced/20230727_G3_07207.jpg
10911,I3B,2023,7/19/23,7.0,7/20/23,20230720_I3B_10911.jpg,1,/mnt/research-projects/j/jlgage/RawUAVData01/uavforslb/final_image/final_sliced/20230720_I3B_10911.jpg
1742,C7B,2025,7/10/25,4.0,7/10/25,20250710_C7B_01742.jpg,0,/mnt/research-projects/j/jlgage/RawUAVData01/uavforslb/final_image/final_sliced/20250710_C7B_01742.jpg
4739,C10,2025,7/20/25,3.0,7/21/25,20250721_C10_04739.jpg,1,/mnt/research-projects/j/jlgage/RawUAVData01/uavforslb/final_image/final_sliced/20250721_C10_04739.jpg
373,C7B,2025,6/30/25,6.0,7/1/25,20250701_C7B_00373.jpg,1,/mnt/research-projects/j/jlgage/RawUAVData01/uavforslb/final_image/final_sliced/20250701_C7B_00373.jpg
8098,G3,2023,7/26/23,5.0,7/27/23,20230727_G3_08098.jpg,1,/mnt/research-projects/j/jlgage/RawUAVData01/uavforslb/final_image/final_sliced/20230727_G3_08098.jpg
223,C7B,2025,7/18/25,3.0,7/18/25,20250718_C7B_00223.jpg,0,/mnt/research-projects/j/jlgage/RawUAVData01/uavforslb/final_image/final_sliced/20250718_C7B_00223.jpg
11130,I3B,2023,7/12/23,7.5,7/13/23,20230713_I3B_11130.jpg,1,/mnt/research-projects/j/jlgage/RawUAVData01/uavforslb/final_image/final_sliced/20230713_I3B_11130.jpg
9894,I3B,2023,7/12/23,5.0,7/13/23,20230713_I3B_09894.jpg,1,/mnt/research-projects/j/jlgage/RawUAVData01/uavforslb/final_image/final_sliced/20230713_I3B_09894.jpg
5553,C10,2025,7/2/25,7.0,7/4/25,20250704_C10_05553.jpg,2,/mnt/research-projects/j/jlgage/RawUAVData01/uavforslb/final_image/final_sliced/20250704_C10_05553.jpg
8106,G3,2023,7/26/23,4.5,7/27/23,20230727_G3_08106.jpg,1,/mnt/research-projects/j/jlgage/RawUAVData01/uavforslb/final_image/final_sliced/20230727_G3_08106.jpg
2660,C7B,2025,7/8/25,7.5,7/7/25,20250707_C7B_02660.jpg,-1,/mnt/research-projects/j/jlgage/RawUAVData01/uavforslb/final_image/final_sliced/20250707_C7B_02660.jpg
4422,C10,2025,7/11/25,5.0,7/11/25,20250711_C10_04422.jpg,0,/mnt/research-projects/j/jlgage/RawUAVData01/uavforslb/final_image/final_sliced/20250711_C10_04422.jpg
7331,G3,2023,7/20/23,6.0,7/20/23,20230720_G3_07331.jpg,0,/mnt/research-projects/j/jlgage/RawUAVData01/uavforslb/final_image/final_sliced/20230720_G3_07331.jpg
1972,C7B,2025,7/7/25,7.0,7/7/25,20250707_C7B_01972.jpg,0,/mnt/research-projects/j/jlgage/RawUAVData01/uavforslb/final_image/final_sliced/20250707_C7B_01972.jpg
7220,G3,2023,7/19/23,7.5,7/20/23,20230720_G3_07220.jpg,1,/mnt/research-projects/j/jlgage/RawUAVData01/uavforslb/final_image/final_sliced/20230720_G3_07220.jpg
718,C7B,2025,6/30/25,7.5,7/1/25,20250701_C7B_00718.jpg,1,/mnt/research-projects/j/jlgage/RawUAVData01/uavforslb/final_image/final_sliced/20250701_C7B_00718.jpg
9937,I3B,2023,7/12/23,5.5,7/13/23,20230713_I3B_09937.jpg,1,/mnt/research-projects/j/jlgage/RawUAVData01/uavforslb/final_image/final_sliced/20230713_I3B_09937.jpg
5238,C10,2025,7/11/25,4.0,7/11/25,20250711_C10_05238.jpg,0,/mnt/research-projects/j/jlgage/RawUAVData01/uavforslb/final_image/final_sliced/20250711_C10_05238.jpg
4899,C10,2025,7/2/25,6.0,7/4/25,20250704_C10_04899.jpg,2,/mnt/research-projects/j/jlgage/RawUAVData01/uavforslb/final_image/final_sliced/20250704_C10_04899.jpg
11144,I3B,2023,7/12/23,8.0,7/13/23,20230713_I3B_11144.jpg,1,/mnt/research-projects/j/jlgage/RawUAVData01/uavforslb/final_image/final_sliced/20230713_I3B_11144.jpg
5060,C10,2025,7/2/25,7.0,7/4/25,20250704_C10_05060.jpg,2,/mnt/research-projects/j/jlgage/RawUAVData01/uavforslb/final_image/final_sliced/20250704_C10_05060.jpg
10998,I3B,2023,7/19/23,5.0,7/20/23,20230720_I3B_10998.jpg,1,/mnt/research-projects/j/jlgage/RawUAVData01/uavforslb/final_image/final_sliced/20230720_I3B_10998.jpg
3099,G3,2023,7/19/23,7.0,7/20/23,20230720_G3_03099.jpg,1,/mnt/research-projects/j/jlgage/RawUAVData01/uavforslb/final_image/final_sliced/20230720_G3_03099.jpg
6751,C10,2025,7/8/25,8.0,7/7/25,20250707_C10_06751.jpg,-1,/mnt/research-projects/j/jlgage/RawUAVData01/uavforslb/final_image/final_sliced/20250707_C10_06751.jpg
9944,I3B,2023,7/12/23,5.0,7/13/23,20230713_I3B_09944.jpg,1,/mnt/research-projects/j/jlgage/RawUAVData01/uavforslb/final_image/final_sliced/20230713_I3B_09944.jpg
7456,G3,2023,7/26/23,7.5,7/27/23,20230727_G3_07456.jpg,1,/mnt/research-projects/j/jlgage/RawUAVData01/uavforslb/final_image/final_sliced/20230727_G3_07456.jpg
7261,G3,2023,7/19/23,6.5,7/20/23,20230720_G3_07261.jpg,1,/mnt/research-projects/j/jlgage/RawUAVData01/uavforslb/final_image/final_sliced/20230720_G3_07261.jpg
937,C7B,2025,7/10/25,7.0,7/10/25,20250710_C7B_00937.jpg,0,/mnt/research-projects/j/jlgage/RawUAVData01/uavforslb/final_image/final_sliced/20250710_C7B_00937.jpg
9727,I3B,2023,7/12/23,5.5,7/13/23,20230713_I3B_09727.jpg,1,/mnt/research-projects/j/jlgage/RawUAVData01/uavforslb/final_image/final_sliced/20230713_I3B_09727.jpg
9748,I3B,2023,7/12/23,6.0,7/13/23,20230713_I3B_09748.jpg,1,/mnt/research-projects/j/jlgage/RawUAVData01/uavforslb/final_image/final_sliced/20230713_I3B_09748.jpg
9928,I3B,2023,7/12/23,5.0,7/13/23,20230713_I3B_09928.jpg,1,/mnt/research-projects/j/jlgage/RawUAVData01/uavforslb/final_image/final_sliced/20230713_I3B_09928.jpg
8019,G3,2023,7/26/23,4.0,7/27/23,20230727_G3_08019.jpg,1,/mnt/research-projects/j/jlgage/RawUAVData01/uavforslb/final_image/final_sliced/20230727_G3_08019.jpg
3096,G3,2023,7/26/23,8.0,7/27/23,20230727_G3_03096.jpg,1,/mnt/research-projects/j/jlgage/RawUAVData01/uavforslb/final_image/final_sliced/20230727_G3_03096.jpg
5978,C10,2025,7/19/25,4.0,7/18/25,20250718_C10_05978.jpg,-1,/mnt/research-projects/j/jlgage/RawUAVData01/uavforslb/final_image/final_sliced/20250718_C10_05978.jpg
8065,G3,2023,7/26/23,3.5,7/27/23,20230727_G3_08065.jpg,1,/mnt/research-projects/j/jlgage/RawUAVData01/uavforslb/final_image/final_sliced/20230727_G3_08065.jpg
7489,G3,2023,7/20/23,8.0,7/20/23,20230720_G3_07489.jpg,0,/mnt/research-projects/j/jlgage/RawUAVData01/uavforslb/final_image/final_sliced/20230720_G3_07489.jpg
8005,G3,2023,7/26/23,6.0,7/27/23,20230727_G3_08005.jpg,1,/mnt/research-projects/j/jlgage/RawUAVData01/uavforslb/final_image/final_sliced/20230727_G3_08005.jpg
7242,G3,2023,7/19/23,7.0,7/20/23,20230720_G3_07242.jpg,1,/mnt/research-projects/j/jlgage/RawUAVData01/uavforslb/final_image/final_sliced/20230720_G3_07242.jpg
7357,G3,2023,7/20/23,8.0,7/20/23,20230720_G3_07357.jpg,0,/mnt/research-projects/j/jlgage/RawUAVData01/uavforslb/final_image/final_sliced/20230720_G3_07357.jpg
10322,I3B,2023,7/25/23,4.0,7/27/23,20230727_I3B_10322.jpg,2,/mnt/research-projects/j/jlgage/RawUAVData01/uavforslb/final_image/final_sliced/20230727_I3B_10322.jpg
875,C7B,2025,7/1/25,7.0,7/1/25,20250701_C7B_00875.jpg,0,/mnt/research-projects/j/jlgage/RawUAVData01/uavforslb/final_image/final_sliced/20250701_C7B_00875.jpg
8018,G3,2023,7/19/23,8.5,7/20/23,20230720_G3_08018.jpg,1,/mnt/research-projects/j/jlgage/RawUAVData01/uavforslb/final_image/final_sliced/20230720_G3_08018.jpg
11323,I3B,2023,7/19/23,5.0,7/20/23,20230720_I3B_11323.jpg,1,/mnt/research-projects/j/jlgage/RawUAVData01/uavforslb/final_image/final_sliced/20230720_I3B_11323.jpg
10397,I3B,2023,7/25/23,6.0,7/27/23,20230727_I3B_10397.jpg,2,/mnt/research-projects/j/jlgage/RawUAVData01/uavforslb/final_image/final_sliced/20230727_I3B_10397.jpg
316,C7B,2025,7/10/25,4.0,7/10/25,20250710_C7B_00316.jpg,0,/mnt/research-projects/j/jlgage/RawUAVData01/uavforslb/final_image/final_sliced/20250710_C7B_00316.jpg
7249,G3,2023,7/26/23,4.5,7/27/23,20230727_G3_07249.jpg,1,/mnt/research-projects/j/jlgage/RawUAVData01/uavforslb/final_image/final_sliced/20230727_G3_07249.jpg
3014,G3,2023,7/19/23,8.0,7/20/23,20230720_G3_03014.jpg,1,/mnt/research-projects/j/jlgage/RawUAVData01/uavforslb/final_image/final_sliced/20230720_G3_03014.jpg
10886,I3B,2023,7/19/23,6.5,7/20/23,20230720_I3B_10886.jpg,1,/mnt/research-projects/j/jlgage/RawUAVData01/uavforslb/final_image/final_sliced/20230720_I3B_10886.jpg
803,C7B,2025,7/1/25,6.0,7/1/25,20250701_C7B_00803.jpg,0,/mnt/research-projects/j/jlgage/RawUAVData01/uavforslb/final_image/final_sliced/20250701_C7B_00803.jpg
4136,C10,2025,7/7/25,6.5,7/7/25,20250707_C10_04136.jpg,0,/mnt/research-projects/j/jlgage/RawUAVData01/uavforslb/final_image/final_sliced/20250707_C10_04136.jpg
7343,G3,2023,7/26/23,7.5,7/27/23,20230727_G3_07343.jpg,1,/mnt/research-projects/j/jlgage/RawUAVData01/uavforslb/final_image/final_sliced/20230727_G3_07343.jpg
9692,I3B,2023,7/12/23,5.5,7/13/23,20230713_I3B_09692.jpg,1,/mnt/research-projects/j/jlgage/RawUAVData01/uavforslb/final_image/final_sliced/20230713_I3B_09692.jpg
10029,I3B,2023,7/12/23,4.5,7/13/23,20230713_I3B_10029.jpg,1,/mnt/research-projects/j/jlgage/RawUAVData01/uavforslb/final_image/final_sliced/20230713_I3B_10029.jpg
1031,C7B,2025,7/10/25,4.0,7/10/25,20250710_C7B_01031.jpg,0,/mnt/research-projects/j/jlgage/RawUAVData01/uavforslb/final_image/final_sliced/20250710_C7B_01031.jpg
5482,C10,2025,7/2/25,5.5,7/4/25,20250704_C10_05482.jpg,2,/mnt/research-projects/j/jlgage/RawUAVData01/uavforslb/final_image/final_sliced/20250704_C10_05482.jpg
7402,G3,2023,7/26/23,5.0,7/27/23,20230727_G3_07402.jpg,1,/mnt/research-projects/j/jlgage/RawUAVData01/uavforslb/final_image/final_sliced/20230727_G3_07402.jpg
5160,C10,2025,7/2/25,5.0,7/4/25,20250704_C10_05160.jpg,2,/mnt/research-projects/j/jlgage/RawUAVData01/uavforslb/final_image/final_sliced/20250704_C10_05160.jpg
698,C7B,2025,7/18/25,2.5,7/18/25,20250718_C7B_00698.jpg,0,/mnt/research-projects/j/jlgage/RawUAVData01/uavforslb/final_image/final_sliced/20250718_C7B_00698.jpg
4121,C10,2025,7/11/25,6.0,7/11/25,20250711_C10_04121.jpg,0,/mnt/research-projects/j/jlgage/RawUAVData01/uavforslb/final_image/final_sliced/20250711_C10_04121.jpg
8124,G3,2023,7/26/23,8.0,7/27/23,20230727_G3_08124.jpg,1,/mnt/research-projects/j/jlgage/RawUAVData01/uavforslb/final_image/final_sliced/20230727_G3_08124.jpg
10000,I3B,2023,7/12/23,5.5,7/13/23,20230713_I3B_10000.jpg,1,/mnt/research-projects/j/jlgage/RawUAVData01/uavforslb/final_image/final_sliced/20230713_I3B_10000.jpg
7535,G3,2023,7/20/23,6.5,7/20/23,20230720_G3_07535.jpg,0,/mnt/research-projects/j/jlgage/RawUAVData01/uavforslb/final_image/final_sliced/20230720_G3_07535.jpg
8053,G3,2023,7/26/23,6.0,7/27/23,20230727_G3_08053.jpg,1,/mnt/research-projects/j/jlgage/RawUAVData01/uavforslb/final_image/final_sliced/20230727_G3_08053.jpg
6632,C10,2025,7/3/25,8.0,7/4/25,20250704_C10_06632.jpg,1,/mnt/research-projects/j/jlgage/RawUAVData01/uavforslb/final_image/final_sliced/20250704_C10_06632.jpg
8033,G3,2023,7/19/23,7.0,7/20/23,20230720_G3_08033.jpg,1,/mnt/research-projects/j/jlgage/RawUAVData01/uavforslb/final_image/final_sliced/20230720_G3_08033.jpg
1724,C7B,2025,7/10/25,4.0,7/10/25,20250710_C7B_01724.jpg,0,/mnt/research-projects/j/jlgage/RawUAVData01/uavforslb/final_image/final_sliced/20250710_C7B_01724.jpg
9623,I3B,2023,7/12/23,6.5,7/13/23,20230713_I3B_09623.jpg,1,/mnt/research-projects/j/jlgage/RawUAVData01/uavforslb/final_image/final_sliced/20230713_I3B_09623.jpg
10309,I3B,2023,7/25/23,6.0,7/27/23,20230727_I3B_10309.jpg,2,/mnt/research-projects/j/jlgage/RawUAVData01/uavforslb/final_image/final_sliced/20230727_I3B_10309.jpg
427,C7B,2025,7/10/25,3.5,7/10/25,20250710_C7B_00427.jpg,0,/mnt/research-projects/j/jlgage/RawUAVData01/uavforslb/final_image/final_sliced/20250710_C7B_00427.jpg
3083,G3,2023,7/26/23,5.0,7/27/23,20230727_G3_03083.jpg,1,/mnt/research-projects/j/jlgage/RawUAVData01/uavforslb/final_image/final_sliced/20230727_G3_03083.jpg
1566,C7B,2025,7/10/25,5.0,7/10/25,20250710_C7B_01566.jpg,0,/mnt/research-projects/j/jlgage/RawUAVData01/uavforslb/final_image/final_sliced/20250710_C7B_01566.jpg
3188,G3,2023,7/19/23,7.5,7/20/23,20230720_G3_03188.jpg,1,/mnt/research-projects/j/jlgage/RawUAVData01/uavforslb/final_image/final_sliced/20230720_G3_03188.jpg
7296,G3,2023,7/20/23,7.0,7/20/23,20230720_G3_07296.jpg,0,/mnt/research-projects/j/jlgage/RawUAVData01/uavforslb/final_image/final_sliced/20230720_G3_07296.jpg
10968,I3B,2023,7/19/23,6.5,7/20/23,20230720_I3B_10968.jpg,1,/mnt/research-projects/j/jlgage/RawUAVData01/uavforslb/final_image/final_sliced/20230720_I3B_10968.jpg
5621,C10,2025,7/2/25,5.0,7/4/25,20250704_C10_05621.jpg,2,/mnt/research-projects/j/jlgage/RawUAVData01/uavforslb/final_image/final_sliced/20250704_C10_05621.jpg
1117,C7B,2025,7/18/25,1.5,7/18/25,20250718_C7B_01117.jpg,0,/mnt/research-projects/j/jlgage/RawUAVData01/uavforslb/final_image/final_sliced/20250718_C7B_01117.jpg
7372,G3,2023,7/26/23,8.0,7/27/23,20230727_G3_07372.jpg,1,/mnt/research-projects/j/jlgage/RawUAVData01/uavforslb/final_image/final_sliced/20230727_G3_07372.jpg
11074,I3B,2023,7/12/23,7.0,7/13/23,20230713_I3B_11074.jpg,1,/mnt/research-projects/j/jlgage/RawUAVData01/uavforslb/final_image/final_sliced/20230713_I3B_11074.jpg
8115,G3,2023,7/20/23,6.5,7/20/23,20230720_G3_08115.jpg,0,/mnt/research-projects/j/jlgage/RawUAVData01/uavforslb/final_image/final_sliced/20230720_G3_08115.jpg
8117,G3,2023,7/20/23,6.5,7/20/23,20230720_G3_08117.jpg,0,/mnt/research-projects/j/jlgage/RawUAVData01/uavforslb/final_image/final_sliced/20230720_G3_08117.jpg
9739,I3B,2023,7/12/23,4.0,7/13/23,20230713_I3B_09739.jpg,1,/mnt/research-projects/j/jlgage/RawUAVData01/uavforslb/final_image/final_sliced/20230713_I3B_09739.jpg
9723,I3B,2023,7/12/23,5.0,7/13/23,20230713_I3B_09723.jpg,1,/mnt/research-projects/j/jlgage/RawUAVData01/uavforslb/final_image/final_sliced/20230713_I3B_09723.jpg
7219,G3,2023,7/26/23,5.0,7/27/23,20230727_G3_07219.jpg,1,/mnt/research-projects/j/jlgage/RawUAVData01/uavforslb/final_image/final_sliced/20230727_G3_07219.jpg
898,C7B,2025,7/1/25,6.0,7/1/25,20250701_C7B_00898.jpg,0,/mnt/research-projects/j/jlgage/RawUAVData01/uavforslb/final_image/final_sliced/20250701_C7B_00898.jpg
8050,G3,2023,7/26/23,4.0,7/27/23,20230727_G3_08050.jpg,1,/mnt/research-projects/j/jlgage/RawUAVData01/uavforslb/final_image/final_sliced/20230727_G3_08050.jpg
4868,C10,2025,7/2/25,5.0,7/4/25,20250704_C10_04868.jpg,2,/mnt/research-projects/j/jlgage/RawUAVData01/uavforslb/final_image/final_sliced/20250704_C10_04868.jpg
4750,C10,2025,7/11/25,5.0,7/11/25,20250711_C10_04750.jpg,0,/mnt/research-projects/j/jlgage/RawUAVData01/uavforslb/final_image/final_sliced/20250711_C10_04750.jpg
7381,G3,2023,7/26/23,8.0,7/27/23,20230727_G3_07381.jpg,1,/mnt/research-projects/j/jlgage/RawUAVData01/uavforslb/final_image/final_sliced/20230727_G3_07381.jpg
10367,I3B,2023,7/25/23,4.0,7/27/23,20230727_I3B_10367.jpg,2,/mnt/research-projects/j/jlgage/RawUAVData01/uavforslb/final_image/final_sliced/20230727_I3B_10367.jpg
4994,C10,2025,7/11/25,4.0,7/11/25,20250711_C10_04994.jpg,0,/mnt/research-projects/j/jlgage/RawUAVData01/uavforslb/final_image/final_sliced/20250711_C10_04994.jpg
10251,I3B,2023,7/25/23,4.0,7/27/23,20230727_I3B_10251.jpg,2,/mnt/research-projects/j/jlgage/RawUAVData01/uavforslb/final_image/final_sliced/20230727_I3B_10251.jpg
3123,G3,2023,7/26/23,7.5,7/27/23,20230727_G3_03123.jpg,1,/mnt/research-projects/j/jlgage/RawUAVData01/uavforslb/final_image/final_sliced/20230727_G3_03123.jpg
9674,I3B,2023,7/12/23,4.5,7/13/23,20230713_I3B_09674.jpg,1,/mnt/research-projects/j/jlgage/RawUAVData01/uavforslb/final_image/final_sliced/20230713_I3B_09674.jpg
7290,G3,2023,7/20/23,7.0,7/20/23,20230720_G3_07290.jpg,0,/mnt/research-projects/j/jlgage/RawUAVData01/uavforslb/final_image/final_sliced/20230720_G3_07290.jpg
4649,C10,2025,7/2/25,6.0,7/4/25,20250704_C10_04649.jpg,2,/mnt/research-projects/j/jlgage/RawUAVData01/uavforslb/final_image/final_sliced/20250704_C10_04649.jpg
4067,C10,2025,7/19/25,6.0,7/18/25,20250718_C10_04067.jpg,-1,/mnt/research-projects/j/jlgage/RawUAVData01/uavforslb/final_image/final_sliced/20250718_C10_04067.jpg
1324,C7B,2025,7/1/25,6.0,7/1/25,20250701_C7B_01324.jpg,0,/mnt/research-projects/j/jlgage/RawUAVData01/uavforslb/final_image/final_sliced/20250701_C7B_01324.jpg
4316,C10,2025,7/19/25,1.5,7/18/25,20250718_C10_04316.jpg,-1,/mnt/research-projects/j/jlgage/RawUAVData01/uavforslb/final_image/final_sliced/20250718_C10_04316.jpg
10245,I3B,2023,7/25/23,4.0,7/27/23,20230727_I3B_10245.jpg,2,/mnt/research-projects/j/jlgage/RawUAVData01/uavforslb/final_image/final_sliced/20230727_I3B_10245.jpg
1563,C7B,2025,7/18/25,2.0,7/18/25,20250718_C7B_01563.jpg,0,/mnt/research-projects/j/jlgage/RawUAVData01/uavforslb/final_image/final_sliced/20250718_C7B_01563.jpg
9610,I3B,2023,7/12/23,7.0,7/13/23,20230713_I3B_09610.jpg,1,/mnt/research-projects/j/jlgage/RawUAVData01/uavforslb/final_image/final_sliced/20230713_I3B_09610.jpg
7525,G3,2023,7/26/23,8.0,7/27/23,20230727_G3_07525.jpg,1,/mnt/research-projects/j/jlgage/RawUAVData01/uavforslb/final_image/final_sliced/20230727_G3_07525.jpg
3162,G3,2023,7/26/23,6.5,7/27/23,20230727_G3_03162.jpg,1,/mnt/research-projects/j/jlgage/RawUAVData01/uavforslb/final_image/final_sliced/20230727_G3_03162.jpg
849,C7B,2025,7/10/25,5.0,7/10/25,20250710_C7B_00849.jpg,0,/mnt/research-projects/j/jlgage/RawUAVData01/uavforslb/final_image/final_sliced/20250710_C7B_00849.jpg
7477,G3,2023,7/20/23,8.0,7/20/23,20230720_G3_07477.jpg,0,/mnt/research-projects/j/jlgage/RawUAVData01/uavforslb/final_image/final_sliced/20230720_G3_07477.jpg
952,C7B,2025,7/18/25,2.0,7/18/25,20250718_C7B_00952.jpg,0,/mnt/research-projects/j/jlgage/RawUAVData01/uavforslb/final_image/final_sliced/20250718_C7B_00952.jpg
7466,G3,2023,7/26/23,5.5,7/27/23,20230727_G3_07466.jpg,1,/mnt/research-projects/j/jlgage/RawUAVData01/uavforslb/final_image/final_sliced/20230727_G3_07466.jpg
7459,G3,2023,7/20/23,8.0,7/20/23,20230720_G3_07459.jpg,0,/mnt/research-projects/j/jlgage/RawUAVData01/uavforslb/final_image/final_sliced/20230720_G3_07459.jpg
4052,C10,2025,6/30/25,8.0,6/28/25,20250628_C10_04052.jpg,-2,/mnt/research-projects/j/jlgage/RawUAVData01/uavforslb/final_image/final_sliced/20250628_C10_04052.jpg
11035,I3B,2023,7/12/23,6.5,7/13/23,20230713_I3B_11035.jpg,1,/mnt/research-projects/j/jlgage/RawUAVData01/uavforslb/final_image/final_sliced/20230713_I3B_11035.jpg
779,C7B,2025,7/18/25,2.0,7/18/25,20250718_C7B_00779.jpg,0,/mnt/research-projects/j/jlgage/RawUAVData01/uavforslb/final_image/final_sliced/20250718_C7B_00779.jpg
5739,C10,2025,7/11/25,4.0,7/11/25,20250711_C10_05739.jpg,0,/mnt/research-projects/j/jlgage/RawUAVData01/uavforslb/final_image/final_sliced/20250711_C10_05739.jpg
496,C7B,2025,7/10/25,8.0,7/10/25,20250710_C7B_00496.jpg,0,/mnt/research-projects/j/jlgage/RawUAVData01/uavforslb/final_image/final_sliced/20250710_C7B_00496.jpg
7312,G3,2023,7/26/23,8.0,7/27/23,20230727_G3_07312.jpg,1,/mnt/research-projects/j/jlgage/RawUAVData01/uavforslb/final_image/final_sliced/20230727_G3_07312.jpg
5605,C10,2025,7/2/25,5.0,7/4/25,20250704_C10_05605.jpg,2,/mnt/research-projects/j/jlgage/RawUAVData01/uavforslb/final_image/final_sliced/20250704_C10_05605.jpg
10284,I3B,2023,7/25/23,3.0,7/27/23,20230727_I3B_10284.jpg,2,/mnt/research-projects/j/jlgage/RawUAVData01/uavforslb/final_image/final_sliced/20230727_I3B_10284.jpg
1780,C7B,2025,7/19/25,4.0,7/18/25,20250718_C7B_01780.jpg,-1,/mnt/research-projects/j/jlgage/RawUAVData01/uavforslb/final_image/final_sliced/20250718_C7B_01780.jpg
11164,I3B,2023,7/12/23,6.5,7/13/23,20230713_I3B_11164.jpg,1,/mnt/research-projects/j/jlgage/RawUAVData01/uavforslb/final_image/final_sliced/20230713_I3B_11164.jpg
7219,G3,2023,7/19/23,7.0,7/20/23,20230720_G3_07219.jpg,1,/mnt/research-projects/j/jlgage/RawUAVData01/uavforslb/final_image/final_sliced/20230720_G3_07219.jpg
1432,C7B,2025,7/18/25,2.0,7/18/25,20250718_C7B_01432.jpg,0,/mnt/research-projects/j/jlgage/RawUAVData01/uavforslb/final_image/final_sliced/20250718_C7B_01432.jpg
1596,C7B,2025,7/18/25,3.0,7/18/25,20250718_C7B_01596.jpg,0,/mnt/research-projects/j/jlgage/RawUAVData01/uavforslb/final_image/final_sliced/20250718_C7B_01596.jpg
2040,C7B,2025,7/10/25,4.0,7/10/25,20250710_C7B_02040.jpg,0,/mnt/research-projects/j/jlgage/RawUAVData01/uavforslb/final_image/final_sliced/20250710_C7B_02040.jpg
1082,C7B,2025,7/18/25,2.0,7/18/25,20250718_C7B_01082.jpg,0,/mnt/research-projects/j/jlgage/RawUAVData01/uavforslb/final_image/final_sliced/20250718_C7B_01082.jpg
420,C7B,2025,6/30/25,6.0,7/1/25,20250701_C7B_00420.jpg,1,/mnt/research-projects/j/jlgage/RawUAVData01/uavforslb/final_image/final_sliced/20250701_C7B_00420.jpg
151,C7B,2025,7/18/25,4.0,7/18/25,20250718_C7B_00151.jpg,0,/mnt/research-projects/j/jlgage/RawUAVData01/uavforslb/final_image/final_sliced/20250718_C7B_00151.jpg
4074,C10,2025,7/7/25,5.0,7/7/25,20250707_C10_04074.jpg,0,/mnt/research-projects/j/jlgage/RawUAVData01/uavforslb/final_image/final_sliced/20250707_C10_04074.jpg
8036,G3,2023,7/26/23,4.5,7/27/23,20230727_G3_08036.jpg,1,/mnt/research-projects/j/jlgage/RawUAVData01/uavforslb/final_image/final_sliced/20230727_G3_08036.jpg
8045,G3,2023,7/19/23,8.5,7/20/23,20230720_G3_08045.jpg,1,/mnt/research-projects/j/jlgage/RawUAVData01/uavforslb/final_image/final_sliced/20230720_G3_08045.jpg
2036,C7B,2025,7/7/25,4.5,7/7/25,20250707_C7B_02036.jpg,0,/mnt/research-projects/j/jlgage/RawUAVData01/uavforslb/final_image/final_sliced/20250707_C7B_02036.jpg
1942,C7B,2025,7/10/25,8.0,7/10/25,20250710_C7B_01942.jpg,0,/mnt/research-projects/j/jlgage/RawUAVData01/uavforslb/final_image/final_sliced/20250710_C7B_01942.jpg
4155,C10,2025,7/7/25,5.0,7/7/25,20250707_C10_04155.jpg,0,/mnt/research-projects/j/jlgage/RawUAVData01/uavforslb/final_image/final_sliced/20250707_C10_04155.jpg
7310,G3,2023,7/26/23,6.0,7/27/23,20230727_G3_07310.jpg,1,/mnt/research-projects/j/jlgage/RawUAVData01/uavforslb/final_image/final_sliced/20230727_G3_07310.jpg
940,C7B,2025,7/1/25,5.5,7/1/25,20250701_C7B_00940.jpg,0,/mnt/research-projects/j/jlgage/RawUAVData01/uavforslb/final_image/final_sliced/20250701_C7B_00940.jpg
4614,C10,2025,7/2/25,6.0,7/4/25,20250704_C10_04614.jpg,2,/mnt/research-projects/j/jlgage/RawUAVData01/uavforslb/final_image/final_sliced/20250704_C10_04614.jpg
956,C7B,2025,7/18/25,2.0,7/18/25,20250718_C7B_00956.jpg,0,/mnt/research-projects/j/jlgage/RawUAVData01/uavforslb/final_image/final_sliced/20250718_C7B_00956.jpg
9715,I3B,2023,7/12/23,5.5,7/13/23,20230713_I3B_09715.jpg,1,/mnt/research-projects/j/jlgage/RawUAVData01/uavforslb/final_image/final_sliced/20230713_I3B_09715.jpg
11031,I3B,2023,7/12/23,6.5,7/13/23,20230713_I3B_11031.jpg,1,/mnt/research-projects/j/jlgage/RawUAVData01/uavforslb/final_image/final_sliced/20230713_I3B_11031.jpg
3105,G3,2023,7/26/23,7.5,7/27/23,20230727_G3_03105.jpg,1,/mnt/research-projects/j/jlgage/RawUAVData01/uavforslb/final_image/final_sliced/20230727_G3_03105.jpg
7441,G3,2023,7/20/23,7.5,7/20/23,20230720_G3_07441.jpg,0,/mnt/research-projects/j/jlgage/RawUAVData01/uavforslb/final_image/final_sliced/20230720_G3_07441.jpg
1331,C7B,2025,7/10/25,5.5,7/10/25,20250710_C7B_01331.jpg,0,/mnt/research-projects/j/jlgage/RawUAVData01/uavforslb/final_image/final_sliced/20250710_C7B_01331.jpg
9652,I3B,2023,7/12/23,5.5,7/13/23,20230713_I3B_09652.jpg,1,/mnt/research-projects/j/jlgage/RawUAVData01/uavforslb/final_image/final_sliced/20230713_I3B_09652.jpg
2638,C7B,2025,6/30/25,8.0,7/1/25,20250701_C7B_02638.jpg,1,/mnt/research-projects/j/jlgage/RawUAVData01/uavforslb/final_image/final_sliced/20250701_C7B_02638.jpg
11071,I3B,2023,7/12/23,7.5,7/13/23,20230713_I3B_11071.jpg,1,/mnt/research-projects/j/jlgage/RawUAVData01/uavforslb/final_image/final_sliced/20230713_I3B_11071.jpg
11229,I3B,2023,7/19/23,5.5,7/20/23,20230720_I3B_11229.jpg,1,/mnt/research-projects/j/jlgage/RawUAVData01/uavforslb/final_image/final_sliced/20230720_I3B_11229.jpg
4616,C10,2025,7/20/25,1.5,7/21/25,20250721_C10_04616.jpg,1,/mnt/research-projects/j/jlgage/RawUAVData01/uavforslb/final_image/final_sliced/20250721_C10_04616.jpg
8126,G3,2023,7/20/23,7.5,7/20/23,20230720_G3_08126.jpg,0,/mnt/research-projects/j/jlgage/RawUAVData01/uavforslb/final_image/final_sliced/20230720_G3_08126.jpg
8107,G3,2023,7/20/23,5.0,7/20/23,20230720_G3_08107.jpg,0,/mnt/research-projects/j/jlgage/RawUAVData01/uavforslb/final_image/final_sliced/20230720_G3_08107.jpg
4144,C10,2025,6/30/25,7.0,6/28/25,20250628_C10_04144.jpg,-2,/mnt/research-projects/j/jlgage/RawUAVData01/uavforslb/final_image/final_sliced/20250628_C10_04144.jpg
9887,I3B,2023,7/12/23,4.0,7/13/23,20230713_I3B_09887.jpg,1,/mnt/research-projects/j/jlgage/RawUAVData01/uavforslb/final_image/final_sliced/20230713_I3B_09887.jpg
1036,C7B,2025,7/10/25,5.0,7/10/25,20250710_C7B_01036.jpg,0,/mnt/research-projects/j/jlgage/RawUAVData01/uavforslb/final_image/final_sliced/20250710_C7B_01036.jpg
5762,C10,2025,7/1/25,5.0,6/28/25,20250628_C10_05762.jpg,-3,/mnt/research-projects/j/jlgage/RawUAVData01/uavforslb/final_image/final_sliced/20250628_C10_05762.jpg
5092,C10,2025,7/20/25,2.0,7/21/25,20250721_C10_05092.jpg,1,/mnt/research-projects/j/jlgage/RawUAVData01/uavforslb/final_image/final_sliced/20250721_C10_05092.jpg
8146,G3,2023,7/26/23,7.5,7/27/23,20230727_G3_08146.jpg,1,/mnt/research-projects/j/jlgage/RawUAVData01/uavforslb/final_image/final_sliced/20230727_G3_08146.jpg
5719,C10,2025,7/11/25,4.0,7/11/25,20250711_C10_05719.jpg,0,/mnt/research-projects/j/jlgage/RawUAVData01/uavforslb/final_image/final_sliced/20250711_C10_05719.jpg
11133,I3B,2023,7/12/23,8.0,7/13/23,20230713_I3B_11133.jpg,1,/mnt/research-projects/j/jlgage/RawUAVData01/uavforslb/final_image/final_sliced/20230713_I3B_11133.jpg
5065,C10,2025,7/20/25,2.0,7/21/25,20250721_C10_05065.jpg,1,/mnt/research-projects/j/jlgage/RawUAVData01/uavforslb/final_image/final_sliced/20250721_C10_05065.jpg
4752,C10,2025,7/2/25,6.5,7/4/25,20250704_C10_04752.jpg,2,/mnt/research-projects/j/jlgage/RawUAVData01/uavforslb/final_image/final_sliced/20250704_C10_04752.jpg
4010,C10,2025,7/19/25,5.0,7/18/25,20250718_C10_04010.jpg,-1,/mnt/research-projects/j/jlgage/RawUAVData01/uavforslb/final_image/final_sliced/20250718_C10_04010.jpg
207,C7B,2025,7/18/25,2.5,7/18/25,20250718_C7B_00207.jpg,0,/mnt/research-projects/j/jlgage/RawUAVData01/uavforslb/final_image/final_sliced/20250718_C7B_00207.jpg
7511,G3,2023,7/20/23,7.5,7/20/23,20230720_G3_07511.jpg,0,/mnt/research-projects/j/jlgage/RawUAVData01/uavforslb/final_image/final_sliced/20230720_G3_07511.jpg
4703,C10,2025,7/11/25,5.0,7/11/25,20250711_C10_04703.jpg,0,/mnt/research-projects/j/jlgage/RawUAVData01/uavforslb/final_image/final_sliced/20250711_C10_04703.jpg
9842,I3B,2023,7/12/23,5.0,7/13/23,20230713_I3B_09842.jpg,1,/mnt/research-projects/j/jlgage/RawUAVData01/uavforslb/final_image/final_sliced/20230713_I3B_09842.jpg
1286,C7B,2025,7/10/25,4.0,7/10/25,20250710_C7B_01286.jpg,0,/mnt/research-projects/j/jlgage/RawUAVData01/uavforslb/final_image/final_sliced/20250710_C7B_01286.jpg
7280,G3,2023,7/20/23,8.0,7/20/23,20230720_G3_07280.jpg,0,/mnt/research-projects/j/jlgage/RawUAVData01/uavforslb/final_image/final_sliced/20230720_G3_07280.jpg
1757,C7B,2025,7/1/25,5.0,7/1/25,20250701_C7B_01757.jpg,0,/mnt/research-projects/j/jlgage/RawUAVData01/uavforslb/final_image/final_sliced/20250701_C7B_01757.jpg
7491,G3,2023,7/26/23,8.0,7/27/23,20230727_G3_07491.jpg,1,/mnt/research-projects/j/jlgage/RawUAVData01/uavforslb/final_image/final_sliced/20230727_G3_07491.jpg
11137,I3B,2023,7/12/23,7.5,7/13/23,20230713_I3B_11137.jpg,1,/mnt/research-projects/j/jlgage/RawUAVData01/uavforslb/final_image/final_sliced/20230713_I3B_11137.jpg
2640,C7B,2025,7/8/25,8.0,7/7/25,20250707_C7B_02640.jpg,-1,/mnt/research-projects/j/jlgage/RawUAVData01/uavforslb/final_image/final_sliced/20250707_C7B_02640.jpg
10281,I3B,2023,7/25/23,5.0,7/27/23,20230727_I3B_10281.jpg,2,/mnt/research-projects/j/jlgage/RawUAVData01/uavforslb/final_image/final_sliced/20230727_I3B_10281.jpg
3199,G3,2023,7/26/23,3.0,7/27/23,20230727_G3_03199.jpg,1,/mnt/research-projects/j/jlgage/RawUAVData01/uavforslb/final_image/final_sliced/20230727_G3_03199.jpg
1798,C7B,2025,7/7/25,5.0,7/7/25,20250707_C7B_01798.jpg,0,/mnt/research-projects/j/jlgage/RawUAVData01/uavforslb/final_image/final_sliced/20250707_C7B_01798.jpg
7532,G3,2023,7/20/23,8.0,7/20/23,20230720_G3_07532.jpg,0,/mnt/research-projects/j/jlgage/RawUAVData01/uavforslb/final_image/final_sliced/20230720_G3_07532.jpg
7451,G3,2023,7/20/23,7.0,7/20/23,20230720_G3_07451.jpg,0,/mnt/research-projects/j/jlgage/RawUAVData01/uavforslb/final_image/final_sliced/20230720_G3_07451.jpg
7326,G3,2023,7/20/23,8.0,7/20/23,20230720_G3_07326.jpg,0,/mnt/research-projects/j/jlgage/RawUAVData01/uavforslb/final_image/final_sliced/20230720_G3_07326.jpg
7333,G3,2023,7/26/23,8.0,7/27/23,20230727_G3_07333.jpg,1,/mnt/research-projects/j/jlgage/RawUAVData01/uavforslb/final_image/final_sliced/20230727_G3_07333.jpg
1584,C7B,2025,7/1/25,7.0,7/1/25,20250701_C7B_01584.jpg,0,/mnt/research-projects/j/jlgage/RawUAVData01/uavforslb/final_image/final_sliced/20250701_C7B_01584.jpg
2857,C7B,2025,7/18/25,5.0,7/18/25,20250718_C7B_02857.jpg,0,/mnt/research-projects/j/jlgage/RawUAVData01/uavforslb/final_image/final_sliced/20250718_C7B_02857.jpg
3052,G3,2023,7/26/23,7.5,7/27/23,20230727_G3_03052.jpg,1,/mnt/research-projects/j/jlgage/RawUAVData01/uavforslb/final_image/final_sliced/20230727_G3_03052.jpg
3128,G3,2023,7/19/23,5.5,7/20/23,20230720_G3_03128.jpg,1,/mnt/research-projects/j/jlgage/RawUAVData01/uavforslb/final_image/final_sliced/20230720_G3_03128.jpg
10767,I3B,2023,7/19/23,5.0,7/20/23,20230720_I3B_10767.jpg,1,/mnt/research-projects/j/jlgage/RawUAVData01/uavforslb/final_image/final_sliced/20230720_I3B_10767.jpg
3133,G3,2023,7/26/23,7.5,7/27/23,20230727_G3_03133.jpg,1,/mnt/research-projects/j/jlgage/RawUAVData01/uavforslb/final_image/final_sliced/20230727_G3_03133.jpg
488,C7B,2025,7/18/25,3.0,7/18/25,20250718_C7B_00488.jpg,0,/mnt/research-projects/j/jlgage/RawUAVData01/uavforslb/final_image/final_sliced/20250718_C7B_00488.jpg
6736,C10,2025,7/8/25,8.0,7/7/25,20250707_C10_06736.jpg,-1,/mnt/research-projects/j/jlgage/RawUAVData01/uavforslb/final_image/final_sliced/20250707_C10_06736.jpg
1570,C7B,2025,7/1/25,5.5,7/1/25,20250701_C7B_01570.jpg,0,/mnt/research-projects/j/jlgage/RawUAVData01/uavforslb/final_image/final_sliced/20250701_C7B_01570.jpg
7518,G3,2023,7/20/23,6.5,7/20/23,20230720_G3_07518.jpg,0,/mnt/research-projects/j/jlgage/RawUAVData01/uavforslb/final_image/final_sliced/20230720_G3_07518.jpg
4026,C10,2025,7/11/25,6.5,7/11/25,20250711_C10_04026.jpg,0,/mnt/research-projects/j/jlgage/RawUAVData01/uavforslb/final_image/final_sliced/20250711_C10_04026.jpg
4919,C10,2025,7/20/25,2.0,7/21/25,20250721_C10_04919.jpg,1,/mnt/research-projects/j/jlgage/RawUAVData01/uavforslb/final_image/final_sliced/20250721_C10_04919.jpg
4609,C10,2025,7/20/25,2.0,7/21/25,20250721_C10_04609.jpg,1,/mnt/research-projects/j/jlgage/RawUAVData01/uavforslb/final_image/final_sliced/20250721_C10_04609.jpg
11156,I3B,2023,7/12/23,7.0,7/13/23,20230713_I3B_11156.jpg,1,/mnt/research-projects/j/jlgage/RawUAVData01/uavforslb/final_image/final_sliced/20230713_I3B_11156.jpg
5374,C10,2025,7/11/25,5.0,7/11/25,20250711_C10_05374.jpg,0,/mnt/research-projects/j/jlgage/RawUAVData01/uavforslb/final_image/final_sliced/20250711_C10_05374.jpg
5956,C10,2025,7/8/25,4.0,7/7/25,20250707_C10_05956.jpg,-1,/mnt/research-projects/j/jlgage/RawUAVData01/uavforslb/final_image/final_sliced/20250707_C10_05956.jpg
1946,C7B,2025,7/19/25,2.0,7/18/25,20250718_C7B_01946.jpg,-1,/mnt/research-projects/j/jlgage/RawUAVData01/uavforslb/final_image/final_sliced/20250718_C7B_01946.jpg
3153,G3,2023,7/19/23,7.0,7/20/23,20230720_G3_03153.jpg,1,/mnt/research-projects/j/jlgage/RawUAVData01/uavforslb/final_image/final_sliced/20230720_G3_03153.jpg
17,C7B,2025,7/18/25,5.5,7/18/25,20250718_C7B_00017.jpg,0,/mnt/research-projects/j/jlgage/RawUAVData01/uavforslb/final_image/final_sliced/20250718_C7B_00017.jpg
10295,I3B,2023,7/25/23,3.0,7/27/23,20230727_I3B_10295.jpg,2,/mnt/research-projects/j/jlgage/RawUAVData01/uavforslb/final_image/final_sliced/20230727_I3B_10295.jpg
11192,I3B,2023,7/19/23,5.5,7/20/23,20230720_I3B_11192.jpg,1,/mnt/research-projects/j/jlgage/RawUAVData01/uavforslb/final_image/final_sliced/20230720_I3B_11192.jpg
8137,G3,2023,7/20/23,8.0,7/20/23,20230720_G3_08137.jpg,0,/mnt/research-projects/j/jlgage/RawUAVData01/uavforslb/final_image/final_sliced/20230720_G3_08137.jpg
10928,I3B,2023,7/19/23,5.5,7/20/23,20230720_I3B_10928.jpg,1,/mnt/research-projects/j/jlgage/RawUAVData01/uavforslb/final_image/final_sliced/20230720_I3B_10928.jpg
215,C7B,2025,7/10/25,6.5,7/10/25,20250710_C7B_00215.jpg,0,/mnt/research-projects/j/jlgage/RawUAVData01/uavforslb/final_image/final_sliced/20250710_C7B_00215.jpg
7501,G3,2023,7/26/23,5.0,7/27/23,20230727_G3_07501.jpg,1,/mnt/research-projects/j/jlgage/RawUAVData01/uavforslb/final_image/final_sliced/20230727_G3_07501.jpg
5591,C10,2025,7/11/25,4.0,7/11/25,20250711_C10_05591.jpg,0,/mnt/research-projects/j/jlgage/RawUAVData01/uavforslb/final_image/final_sliced/20250711_C10_05591.jpg
10947,I3B,2023,7/19/23,6.0,7/20/23,20230720_I3B_10947.jpg,1,/mnt/research-projects/j/jlgage/RawUAVData01/uavforslb/final_image/final_sliced/20230720_I3B_10947.jpg
4438,C10,2025,7/19/25,3.0,7/18/25,20250718_C10_04438.jpg,-1,/mnt/research-projects/j/jlgage/RawUAVData01/uavforslb/final_image/final_sliced/20250718_C10_04438.jpg
5894,C10,2025,7/19/25,2.5,7/18/25,20250718_C10_05894.jpg,-1,/mnt/research-projects/j/jlgage/RawUAVData01/uavforslb/final_image/final_sliced/20250718_C10_05894.jpg
2864,C7B,2025,7/13/25,5.5,7/12/25,20250712_C7B_02864.jpg,-1,/mnt/research-projects/j/jlgage/RawUAVData01/uavforslb/final_image/final_sliced/20250712_C7B_02864.jpg
8153,G3,2023,7/26/23,8.0,7/27/23,20230727_G3_08153.jpg,1,/mnt/research-projects/j/jlgage/RawUAVData01/uavforslb/final_image/final_sliced/20230727_G3_08153.jpg
6833,C10,2025,7/18/25,4.5,7/18/25,20250718_C10_06833.jpg,0,/mnt/research-projects/j/jlgage/RawUAVData01/uavforslb/final_image/final_sliced/20250718_C10_06833.jpg
11263,I3B,2023,7/19/23,5.5,7/20/23,20230720_I3B_11263.jpg,1,/mnt/research-projects/j/jlgage/RawUAVData01/uavforslb/final_image/final_sliced/20230720_I3B_11263.jpg
634,C7B,2025,7/18/25,3.5,7/18/25,20250718_C7B_00634.jpg,0,/mnt/research-projects/j/jlgage/RawUAVData01/uavforslb/final_image/final_sliced/20250718_C7B_00634.jpg
7226,G3,2023,7/19/23,4.0,7/20/23,20230720_G3_07226.jpg,1,/mnt/research-projects/j/jlgage/RawUAVData01/uavforslb/final_image/final_sliced/20230720_G3_07226.jpg
10751,I3B,2023,7/19/23,7.5,7/20/23,20230720_I3B_10751.jpg,1,/mnt/research-projects/j/jlgage/RawUAVData01/uavforslb/final_image/final_sliced/20230720_I3B_10751.jpg
9948,I3B,2023,7/12/23,4.5,7/13/23,20230713_I3B_09948.jpg,1,/mnt/research-projects/j/jlgage/RawUAVData01/uavforslb/final_image/final_sliced/20230713_I3B_09948.jpg
1799,C7B,2025,7/10/25,7.0,7/10/25,20250710_C7B_01799.jpg,0,/mnt/research-projects/j/jlgage/RawUAVData01/uavforslb/final_image/final_sliced/20250710_C7B_01799.jpg
4330,C10,2025,6/30/25,7.5,6/28/25,20250628_C10_04330.jpg,-2,/mnt/research-projects/j/jlgage/RawUAVData01/uavforslb/final_image/final_sliced/20250628_C10_04330.jpg
8152,G3,2023,7/20/23,8.0,7/20/23,20230720_G3_08152.jpg,0,/mnt/research-projects/j/jlgage/RawUAVData01/uavforslb/final_image/final_sliced/20230720_G3_08152.jpg
5836,C10,2025,7/1/25,5.0,6/28/25,20250628_C10_05836.jpg,-3,/mnt/research-projects/j/jlgage/RawUAVData01/uavforslb/final_image/final_sliced/20250628_C10_05836.jpg
4243,C10,2025,7/11/25,6.5,7/11/25,20250711_C10_04243.jpg,0,/mnt/research-projects/j/jlgage/RawUAVData01/uavforslb/final_image/final_sliced/20250711_C10_04243.jpg
11264,I3B,2023,7/19/23,5.0,7/20/23,20230720_I3B_11264.jpg,1,/mnt/research-projects/j/jlgage/RawUAVData01/uavforslb/final_image/final_sliced/20230720_I3B_11264.jpg
10721,I3B,2023,7/19/23,5.0,7/20/23,20230720_I3B_10721.jpg,1,/mnt/research-projects/j/jlgage/RawUAVData01/uavforslb/final_image/final_sliced/20230720_I3B_10721.jpg
115,C7B,2025,7/18/25,4.0,7/18/25,20250718_C7B_00115.jpg,0,/mnt/research-projects/j/jlgage/RawUAVData01/uavforslb/final_image/final_sliced/20250718_C7B_00115.jpg
3146,G3,2023,7/19/23,7.5,7/20/23,20230720_G3_03146.jpg,1,/mnt/research-projects/j/jlgage/RawUAVData01/uavforslb/final_image/final_sliced/20230720_G3_03146.jpg
1982,C7B,2025,7/1/25,5.0,7/1/25,20250701_C7B_01982.jpg,0,/mnt/research-projects/j/jlgage/RawUAVData01/uavforslb/final_image/final_sliced/20250701_C7B_01982.jpg
185,C7B,2025,6/30/25,5.5,7/1/25,20250701_C7B_00185.jpg,1,/mnt/research-projects/j/jlgage/RawUAVData01/uavforslb/final_image/final_sliced/20250701_C7B_00185.jpg
5250,C10,2025,7/11/25,5.0,7/11/25,20250711_C10_05250.jpg,0,/mnt/research-projects/j/jlgage/RawUAVData01/uavforslb/final_image/final_sliced/20250711_C10_05250.jpg
3205,G3,2023,7/19/23,7.5,7/20/23,20230720_G3_03205.jpg,1,/mnt/research-projects/j/jlgage/RawUAVData01/uavforslb/final_image/final_sliced/20230720_G3_03205.jpg
6005,C10,2025,7/11/25,5.0,7/11/25,20250711_C10_06005.jpg,0,/mnt/research-projects/j/jlgage/RawUAVData01/uavforslb/final_image/final_sliced/20250711_C10_06005.jpg
2856,C7B,2025,7/18/25,7.0,7/18/25,20250718_C7B_02856.jpg,0,/mnt/research-projects/j/jlgage/RawUAVData01/uavforslb/final_image/final_sliced/20250718_C7B_02856.jpg
4410,C10,2025,7/19/25,2.5,7/18/25,20250718_C10_04410.jpg,-1,/mnt/research-projects/j/jlgage/RawUAVData01/uavforslb/final_image/final_sliced/20250718_C10_04410.jpg
10825,I3B,2023,7/19/23,5.5,7/20/23,20230720_I3B_10825.jpg,1,/mnt/research-projects/j/jlgage/RawUAVData01/uavforslb/final_image/final_sliced/20230720_I3B_10825.jpg
1572,C7B,2025,7/1/25,7.5,7/1/25,20250701_C7B_01572.jpg,0,/mnt/research-projects/j/jlgage/RawUAVData01/uavforslb/final_image/final_sliced/20250701_C7B_01572.jpg
1458,C7B,2025,7/1/25,6.0,7/1/25,20250701_C7B_01458.jpg,0,/mnt/research-projects/j/jlgage/RawUAVData01/uavforslb/final_image/final_sliced/20250701_C7B_01458.jpg
9704,I3B,2023,7/12/23,5.5,7/13/23,20230713_I3B_09704.jpg,1,/mnt/research-projects/j/jlgage/RawUAVData01/uavforslb/final_image/final_sliced/20230713_I3B_09704.jpg
1179,C7B,2025,7/1/25,7.5,7/1/25,20250701_C7B_01179.jpg,0,/mnt/research-projects/j/jlgage/RawUAVData01/uavforslb/final_image/final_sliced/20250701_C7B_01179.jpg
2735,C7B,2025,6/30/25,8.0,7/1/25,20250701_C7B_02735.jpg,1,/mnt/research-projects/j/jlgage/RawUAVData01/uavforslb/final_image/final_sliced/20250701_C7B_02735.jpg
6869,C10,2025,7/14/25,7.0,7/14/25,20250714_C10_06869.jpg,0,/mnt/research-projects/j/jlgage/RawUAVData01/uavforslb/final_image/final_sliced/20250714_C10_06869.jpg
11113,I3B,2023,7/12/23,7.5,7/13/23,20230713_I3B_11113.jpg,1,/mnt/research-projects/j/jlgage/RawUAVData01/uavforslb/final_image/final_sliced/20230713_I3B_11113.jpg
1340,C7B,2025,7/10/25,4.0,7/10/25,20250710_C7B_01340.jpg,0,/mnt/research-projects/j/jlgage/RawUAVData01/uavforslb/final_image/final_sliced/20250710_C7B_01340.jpg
7431,G3,2023,7/20/23,5.0,7/20/23,20230720_G3_07431.jpg,0,/mnt/research-projects/j/jlgage/RawUAVData01/uavforslb/final_image/final_sliced/20230720_G3_07431.jpg
10785,I3B,2023,7/19/23,5.5,7/20/23,20230720_I3B_10785.jpg,1,/mnt/research-projects/j/jlgage/RawUAVData01/uavforslb/final_image/final_sliced/20230720_I3B_10785.jpg
5475,C10,2025,7/20/25,4.0,7/21/25,20250721_C10_05475.jpg,1,/mnt/research-projects/j/jlgage/RawUAVData01/uavforslb/final_image/final_sliced/20250721_C10_05475.jpg
4454,C10,2025,7/11/25,3.0,7/11/25,20250711_C10_04454.jpg,0,/mnt/research-projects/j/jlgage/RawUAVData01/uavforslb/final_image/final_sliced/20250711_C10_04454.jpg
2742,C7B,2025,7/18/25,7.5,7/18/25,20250718_C7B_02742.jpg,0,/mnt/research-projects/j/jlgage/RawUAVData01/uavforslb/final_image/final_sliced/20250718_C7B_02742.jpg
863,C7B,2025,7/18/25,2.0,7/18/25,20250718_C7B_00863.jpg,0,/mnt/research-projects/j/jlgage/RawUAVData01/uavforslb/final_image/final_sliced/20250718_C7B_00863.jpg
10273,I3B,2023,7/25/23,6.0,7/27/23,20230727_I3B_10273.jpg,2,/mnt/research-projects/j/jlgage/RawUAVData01/uavforslb/final_image/final_sliced/20230727_I3B_10273.jpg
7537,G3,2023,7/20/23,6.0,7/20/23,20230720_G3_07537.jpg,0,/mnt/research-projects/j/jlgage/RawUAVData01/uavforslb/final_image/final_sliced/20230720_G3_07537.jpg
1325,C7B,2025,7/1/25,5.0,7/1/25,20250701_C7B_01325.jpg,0,/mnt/research-projects/j/jlgage/RawUAVData01/uavforslb/final_image/final_sliced/20250701_C7B_01325.jpg
4963,C10,2025,7/11/25,4.0,7/11/25,20250711_C10_04963.jpg,0,/mnt/research-projects/j/jlgage/RawUAVData01/uavforslb/final_image/final_sliced/20250711_C10_04963.jpg
827,C7B,2025,7/10/25,6.0,7/10/25,20250710_C7B_00827.jpg,0,/mnt/research-projects/j/jlgage/RawUAVData01/uavforslb/final_image/final_sliced/20250710_C7B_00827.jpg
544,C7B,2025,6/30/25,6.0,7/1/25,20250701_C7B_00544.jpg,1,/mnt/research-projects/j/jlgage/RawUAVData01/uavforslb/final_image/final_sliced/20250701_C7B_00544.jpg
6767,C10,2025,6/30/25,8.0,6/28/25,20250628_C10_06767.jpg,-2,/mnt/research-projects/j/jlgage/RawUAVData01/uavforslb/final_image/final_sliced/20250628_C10_06767.jpg
7467,G3,2023,7/26/23,5.5,7/27/23,20230727_G3_07467.jpg,1,/mnt/research-projects/j/jlgage/RawUAVData01/uavforslb/final_image/final_sliced/20230727_G3_07467.jpg
9602,I3B,2023,7/12/23,7.0,7/13/23,20230713_I3B_09602.jpg,1,/mnt/research-projects/j/jlgage/RawUAVData01/uavforslb/final_image/final_sliced/20230713_I3B_09602.jpg
11237,I3B,2023,7/19/23,6.0,7/20/23,20230720_I3B_11237.jpg,1,/mnt/research-projects/j/jlgage/RawUAVData01/uavforslb/final_image/final_sliced/20230720_I3B_11237.jpg
5169,C10,2025,7/2/25,4.0,7/4/25,20250704_C10_05169.jpg,2,/mnt/research-projects/j/jlgage/RawUAVData01/uavforslb/final_image/final_sliced/20250704_C10_05169.jpg
10292,I3B,2023,7/25/23,6.0,7/27/23,20230727_I3B_10292.jpg,2,/mnt/research-projects/j/jlgage/RawUAVData01/uavforslb/final_image/final_sliced/20230727_I3B_10292.jpg
1685,C7B,2025,7/10/25,5.0,7/10/25,20250710_C7B_01685.jpg,0,/mnt/research-projects/j/jlgage/RawUAVData01/uavforslb/final_image/final_sliced/20250710_C7B_01685.jpg
7285,G3,2023,7/26/23,4.0,7/27/23,20230727_G3_07285.jpg,1,/mnt/research-projects/j/jlgage/RawUAVData01/uavforslb/final_image/final_sliced/20230727_G3_07285.jpg
8136,G3,2023,7/26/23,6.5,7/27/23,20230727_G3_08136.jpg,1,/mnt/research-projects/j/jlgage/RawUAVData01/uavforslb/final_image/final_sliced/20230727_G3_08136.jpg
5707,C10,2025,7/8/25,4.5,7/7/25,20250707_C10_05707.jpg,-1,/mnt/research-projects/j/jlgage/RawUAVData01/uavforslb/final_image/final_sliced/20250707_C10_05707.jpg
1730,C7B,2025,7/1/25,7.5,7/1/25,20250701_C7B_01730.jpg,0,/mnt/research-projects/j/jlgage/RawUAVData01/uavforslb/final_image/final_sliced/20250701_C7B_01730.jpg
11014,I3B,2023,7/19/23,7.5,7/20/23,20230720_I3B_11014.jpg,1,/mnt/research-projects/j/jlgage/RawUAVData01/uavforslb/final_image/final_sliced/20230720_I3B_11014.jpg
7517,G3,2023,7/20/23,8.0,7/20/23,20230720_G3_07517.jpg,0,/mnt/research-projects/j/jlgage/RawUAVData01/uavforslb/final_image/final_sliced/20230720_G3_07517.jpg
1477,C7B,2025,7/1/25,6.0,7/1/25,20250701_C7B_01477.jpg,0,/mnt/research-projects/j/jlgage/RawUAVData01/uavforslb/final_image/final_sliced/20250701_C7B_01477.jpg
4206,C10,2025,6/30/25,5.0,6/28/25,20250628_C10_04206.jpg,-2,/mnt/research-projects/j/jlgage/RawUAVData01/uavforslb/final_image/final_sliced/20250628_C10_04206.jpg
392,C7B,2025,7/4/25,5.0,7/4/25,20250704_C7B_00392.jpg,0,/mnt/research-projects/j/jlgage/RawUAVData01/uavforslb/final_image/final_sliced/20250704_C7B_00392.jpg
73,C7B,2025,7/10/25,5.0,7/10/25,20250710_C7B_00073.jpg,0,/mnt/research-projects/j/jlgage/RawUAVData01/uavforslb/final_image/final_sliced/20250710_C7B_00073.jpg
7235,G3,2023,7/19/23,4.5,7/20/23,20230720_G3_07235.jpg,1,/mnt/research-projects/j/jlgage/RawUAVData01/uavforslb/final_image/final_sliced/20230720_G3_07235.jpg
7374,G3,2023,7/26/23,4.0,7/27/23,20230727_G3_07374.jpg,1,/mnt/research-projects/j/jlgage/RawUAVData01/uavforslb/final_image/final_sliced/20230727_G3_07374.jpg
5254,C10,2025,7/11/25,5.0,7/11/25,20250711_C10_05254.jpg,0,/mnt/research-projects/j/jlgage/RawUAVData01/uavforslb/final_image/final_sliced/20250711_C10_05254.jpg
3014,G3,2023,7/26/23,8.0,7/27/23,20230727_G3_03014.jpg,1,/mnt/research-projects/j/jlgage/RawUAVData01/uavforslb/final_image/final_sliced/20230727_G3_03014.jpg
7265,G3,2023,7/26/23,7.0,7/27/23,20230727_G3_07265.jpg,1,/mnt/research-projects/j/jlgage/RawUAVData01/uavforslb/final_image/final_sliced/20230727_G3_07265.jpg
10286,I3B,2023,7/25/23,3.0,7/27/23,20230727_I3B_10286.jpg,2,/mnt/research-projects/j/jlgage/RawUAVData01/uavforslb/final_image/final_sliced/20230727_I3B_10286.jpg
5359,C10,2025,7/2/25,5.5,7/4/25,20250704_C10_05359.jpg,2,/mnt/research-projects/j/jlgage/RawUAVData01/uavforslb/final_image/final_sliced/20250704_C10_05359.jpg
7466,G3,2023,7/20/23,7.0,7/20/23,20230720_G3_07466.jpg,0,/mnt/research-projects/j/jlgage/RawUAVData01/uavforslb/final_image/final_sliced/20230720_G3_07466.jpg
4788,C10,2025,7/2/25,7.0,7/4/25,20250704_C10_04788.jpg,2,/mnt/research-projects/j/jlgage/RawUAVData01/uavforslb/final_image/final_sliced/20250704_C10_04788.jpg
7402,G3,2023,7/20/23,7.0,7/20/23,20230720_G3_07402.jpg,0,/mnt/research-projects/j/jlgage/RawUAVData01/uavforslb/final_image/final_sliced/20230720_G3_07402.jpg
11129,I3B,2023,7/12/23,6.0,7/13/23,20230713_I3B_11129.jpg,1,/mnt/research-projects/j/jlgage/RawUAVData01/uavforslb/final_image/final_sliced/20230713_I3B_11129.jpg
4013,C10,2025,7/19/25,5.0,7/18/25,20250718_C10_04013.jpg,-1,/mnt/research-projects/j/jlgage/RawUAVData01/uavforslb/final_image/final_sliced/20250718_C10_04013.jpg
9861,I3B,2023,7/12/23,5.5,7/13/23,20230713_I3B_09861.jpg,1,/mnt/research-projects/j/jlgage/RawUAVData01/uavforslb/final_image/final_sliced/20230713_I3B_09861.jpg
4732,C10,2025,7/2/25,6.0,7/4/25,20250704_C10_04732.jpg,2,/mnt/research-projects/j/jlgage/RawUAVData01/uavforslb/final_image/final_sliced/20250704_C10_04732.jpg
1206,C7B,2025,7/18/25,3.5,7/18/25,20250718_C7B_01206.jpg,0,/mnt/research-projects/j/jlgage/RawUAVData01/uavforslb/final_image/final_sliced/20250718_C7B_01206.jpg
11311,I3B,2023,7/19/23,6.0,7/20/23,20230720_I3B_11311.jpg,1,/mnt/research-projects/j/jlgage/RawUAVData01/uavforslb/final_image/final_sliced/20230720_I3B_11311.jpg
3119,G3,2023,7/19/23,8.0,7/20/23,20230720_G3_03119.jpg,1,/mnt/research-projects/j/jlgage/RawUAVData01/uavforslb/final_image/final_sliced/20230720_G3_03119.jpg
4220,C10,2025,7/11/25,7.0,7/11/25,20250711_C10_04220.jpg,0,/mnt/research-projects/j/jlgage/RawUAVData01/uavforslb/final_image/final_sliced/20250711_C10_04220.jpg
5488,C10,2025,7/20/25,2.5,7/21/25,20250721_C10_05488.jpg,1,/mnt/research-projects/j/jlgage/RawUAVData01/uavforslb/final_image/final_sliced/20250721_C10_05488.jpg
789,C7B,2025,7/10/25,6.0,7/10/25,20250710_C7B_00789.jpg,0,/mnt/research-projects/j/jlgage/RawUAVData01/uavforslb/final_image/final_sliced/20250710_C7B_00789.jpg
360,C7B,2025,7/18/25,3.5,7/18/25,20250718_C7B_00360.jpg,0,/mnt/research-projects/j/jlgage/RawUAVData01/uavforslb/final_image/final_sliced/20250718_C7B_00360.jpg
8140,G3,2023,7/26/23,7.0,7/27/23,20230727_G3_08140.jpg,1,/mnt/research-projects/j/jlgage/RawUAVData01/uavforslb/final_image/final_sliced/20230727_G3_08140.jpg
10768,I3B,2023,7/19/23,5.5,7/20/23,20230720_I3B_10768.jpg,1,/mnt/research-projects/j/jlgage/RawUAVData01/uavforslb/final_image/final_sliced/20230720_I3B_10768.jpg
99,C7B,2025,7/10/25,6.5,7/10/25,20250710_C7B_00099.jpg,0,/mnt/research-projects/j/jlgage/RawUAVData01/uavforslb/final_image/final_sliced/20250710_C7B_00099.jpg
6747,C10,2025,7/8/25,8.0,7/7/25,20250707_C10_06747.jpg,-1,/mnt/research-projects/j/jlgage/RawUAVData01/uavforslb/final_image/final_sliced/20250707_C10_06747.jpg
4035,C10,2025,6/30/25,7.5,6/28/25,20250628_C10_04035.jpg,-2,/mnt/research-projects/j/jlgage/RawUAVData01/uavforslb/final_image/final_sliced/20250628_C10_04035.jpg
9939,I3B,2023,7/12/23,4.5,7/13/23,20230713_I3B_09939.jpg,1,/mnt/research-projects/j/jlgage/RawUAVData01/uavforslb/final_image/final_sliced/20230713_I3B_09939.jpg
3062,G3,2023,7/26/23,8.0,7/27/23,20230727_G3_03062.jpg,1,/mnt/research-projects/j/jlgage/RawUAVData01/uavforslb/final_image/final_sliced/20230727_G3_03062.jpg
10958,I3B,2023,7/19/23,6.0,7/20/23,20230720_I3B_10958.jpg,1,/mnt/research-projects/j/jlgage/RawUAVData01/uavforslb/final_image/final_sliced/20230720_I3B_10958.jpg
1062,C7B,2025,7/18/25,4.0,7/18/25,20250718_C7B_01062.jpg,0,/mnt/research-projects/j/jlgage/RawUAVData01/uavforslb/final_image/final_sliced/20250718_C7B_01062.jpg
7507,G3,2023,7/20/23,7.0,7/20/23,20230720_G3_07507.jpg,0,/mnt/research-projects/j/jlgage/RawUAVData01/uavforslb/final_image/final_sliced/20230720_G3_07507.jpg
11049,I3B,2023,7/12/23,7.5,7/13/23,20230713_I3B_11049.jpg,1,/mnt/research-projects/j/jlgage/RawUAVData01/uavforslb/final_image/final_sliced/20230713_I3B_11049.jpg
7421,G3,2023,7/26/23,5.0,7/27/23,20230727_G3_07421.jpg,1,/mnt/research-projects/j/jlgage/RawUAVData01/uavforslb/final_image/final_sliced/20230727_G3_07421.jpg
599,C7B,2025,7/18/25,5.0,7/18/25,20250718_C7B_00599.jpg,0,/mnt/research-projects/j/jlgage/RawUAVData01/uavforslb/final_image/final_sliced/20250718_C7B_00599.jpg
9593,I3B,2023,7/12/23,7.0,7/13/23,20230713_I3B_09593.jpg,1,/mnt/research-projects/j/jlgage/RawUAVData01/uavforslb/final_image/final_sliced/20230713_I3B_09593.jpg
788,C7B,2025,6/30/25,6.5,7/1/25,20250701_C7B_00788.jpg,1,/mnt/research-projects/j/jlgage/RawUAVData01/uavforslb/final_image/final_sliced/20250701_C7B_00788.jpg
8089,G3,2023,7/20/23,8.0,7/20/23,20230720_G3_08089.jpg,0,/mnt/research-projects/j/jlgage/RawUAVData01/uavforslb/final_image/final_sliced/20230720_G3_08089.jpg
7366,G3,2023,7/20/23,7.0,7/20/23,20230720_G3_07366.jpg,0,/mnt/research-projects/j/jlgage/RawUAVData01/uavforslb/final_image/final_sliced/20230720_G3_07366.jpg
4424,C10,2025,7/11/25,8.0,7/11/25,20250711_C10_04424.jpg,0,/mnt/research-projects/j/jlgage/RawUAVData01/uavforslb/final_image/final_sliced/20250711_C10_04424.jpg
616,C7B,2025,7/18/25,3.0,7/18/25,20250718_C7B_00616.jpg,0,/mnt/research-projects/j/jlgage/RawUAVData01/uavforslb/final_image/final_sliced/20250718_C7B_00616.jpg
10941,I3B,2023,7/19/23,6.0,7/20/23,20230720_I3B_10941.jpg,1,/mnt/research-projects/j/jlgage/RawUAVData01/uavforslb/final_image/final_sliced/20230720_I3B_10941.jpg
11010,I3B,2023,7/19/23,5.5,7/20/23,20230720_I3B_11010.jpg,1,/mnt/research-projects/j/jlgage/RawUAVData01/uavforslb/final_image/final_sliced/20230720_I3B_11010.jpg
5237,C10,2025,7/11/25,4.0,7/11/25,20250711_C10_05237.jpg,0,/mnt/research-projects/j/jlgage/RawUAVData01/uavforslb/final_image/final_sliced/20250711_C10_05237.jpg
6024,C10,2025,7/19/25,3.0,7/18/25,20250718_C10_06024.jpg,-1,/mnt/research-projects/j/jlgage/RawUAVData01/uavforslb/final_image/final_sliced/20250718_C10_06024.jpg
631,C7B,2025,6/30/25,7.0,7/1/25,20250701_C7B_00631.jpg,1,/mnt/research-projects/j/jlgage/RawUAVData01/uavforslb/final_image/final_sliced/20250701_C7B_00631.jpg
10934,I3B,2023,7/19/23,5.0,7/20/23,20230720_I3B_10934.jpg,1,/mnt/research-projects/j/jlgage/RawUAVData01/uavforslb/final_image/final_sliced/20230720_I3B_10934.jpg
9595,I3B,2023,7/12/23,6.5,7/13/23,20230713_I3B_09595.jpg,1,/mnt/research-projects/j/jlgage/RawUAVData01/uavforslb/final_image/final_sliced/20230713_I3B_09595.jpg
9647,I3B,2023,7/12/23,5.0,7/13/23,20230713_I3B_09647.jpg,1,/mnt/research-projects/j/jlgage/RawUAVData01/uavforslb/final_image/final_sliced/20230713_I3B_09647.jpg
7504,G3,2023,7/26/23,8.0,7/27/23,20230727_G3_07504.jpg,1,/mnt/research-projects/j/jlgage/RawUAVData01/uavforslb/final_image/final_sliced/20230727_G3_07504.jpg
2658,C7B,2025,6/30/25,7.0,7/1/25,20250701_C7B_02658.jpg,1,/mnt/research-projects/j/jlgage/RawUAVData01/uavforslb/final_image/final_sliced/20250701_C7B_02658.jpg
4713,C10,2025,7/2/25,6.0,7/4/25,20250704_C10_04713.jpg,2,/mnt/research-projects/j/jlgage/RawUAVData01/uavforslb/final_image/final_sliced/20250704_C10_04713.jpg
4293,C10,2025,7/19/25,5.0,7/18/25,20250718_C10_04293.jpg,-1,/mnt/research-projects/j/jlgage/RawUAVData01/uavforslb/final_image/final_sliced/20250718_C10_04293.jpg
11036,I3B,2023,7/12/23,7.5,7/13/23,20230713_I3B_11036.jpg,1,/mnt/research-projects/j/jlgage/RawUAVData01/uavforslb/final_image/final_sliced/20230713_I3B_11036.jpg
3079,G3,2023,7/19/23,8.5,7/20/23,20230720_G3_03079.jpg,1,/mnt/research-projects/j/jlgage/RawUAVData01/uavforslb/final_image/final_sliced/20230720_G3_03079.jpg
7418,G3,2023,7/26/23,5.0,7/27/23,20230727_G3_07418.jpg,1,/mnt/research-projects/j/jlgage/RawUAVData01/uavforslb/final_image/final_sliced/20230727_G3_07418.jpg
11018,I3B,2023,7/19/23,5.0,7/20/23,20230720_I3B_11018.jpg,1,/mnt/research-projects/j/jlgage/RawUAVData01/uavforslb/final_image/final_sliced/20230720_I3B_11018.jpg
8044,G3,2023,7/26/23,5.0,7/27/23,20230727_G3_08044.jpg,1,/mnt/research-projects/j/jlgage/RawUAVData01/uavforslb/final_image/final_sliced/20230727_G3_08044.jpg
7263,G3,2023,7/26/23,5.0,7/27/23,20230727_G3_07263.jpg,1,/mnt/research-projects/j/jlgage/RawUAVData01/uavforslb/final_image/final_sliced/20230727_G3_07263.jpg
9713,I3B,2023,7/12/23,5.0,7/13/23,20230713_I3B_09713.jpg,1,/mnt/research-projects/j/jlgage/RawUAVData01/uavforslb/final_image/final_sliced/20230713_I3B_09713.jpg
10258,I3B,2023,7/25/23,5.0,7/27/23,20230727_I3B_10258.jpg,2,/mnt/research-projects/j/jlgage/RawUAVData01/uavforslb/final_image/final_sliced/20230727_I3B_10258.jpg
7517,G3,2023,7/26/23,8.0,7/27/23,20230727_G3_07517.jpg,1,/mnt/research-projects/j/jlgage/RawUAVData01/uavforslb/final_image/final_sliced/20230727_G3_07517.jpg
5548,C10,2025,7/2/25,6.5,7/4/25,20250704_C10_05548.jpg,2,/mnt/research-projects/j/jlgage/RawUAVData01/uavforslb/final_image/final_sliced/20250704_C10_05548.jpg
4526,C10,2025,7/11/25,5.0,7/11/25,20250711_C10_04526.jpg,0,/mnt/research-projects/j/jlgage/RawUAVData01/uavforslb/final_image/final_sliced/20250711_C10_04526.jpg
1709,C7B,2025,7/1/25,8.0,7/1/25,20250701_C7B_01709.jpg,0,/mnt/research-projects/j/jlgage/RawUAVData01/uavforslb/final_image/final_sliced/20250701_C7B_01709.jpg
4167,C10,2025,7/7/25,7.0,7/7/25,20250707_C10_04167.jpg,0,/mnt/research-projects/j/jlgage/RawUAVData01/uavforslb/final_image/final_sliced/20250707_C10_04167.jpg
7444,G3,2023,7/20/23,7.5,7/20/23,20230720_G3_07444.jpg,0,/mnt/research-projects/j/jlgage/RawUAVData01/uavforslb/final_image/final_sliced/20230720_G3_07444.jpg
9764,I3B,2023,7/12/23,5.0,7/13/23,20230713_I3B_09764.jpg,1,/mnt/research-projects/j/jlgage/RawUAVData01/uavforslb/final_image/final_sliced/20230713_I3B_09764.jpg
11248,I3B,2023,7/19/23,5.0,7/20/23,20230720_I3B_11248.jpg,1,/mnt/research-projects/j/jlgage/RawUAVData01/uavforslb/final_image/final_sliced/20230720_I3B_11248.jpg
5820,C10,2025,7/8/25,6.0,7/7/25,20250707_C10_05820.jpg,-1,/mnt/research-projects/j/jlgage/RawUAVData01/uavforslb/final_image/final_sliced/20250707_C10_05820.jpg
6681,C10,2025,7/14/25,4.0,7/14/25,20250714_C10_06681.jpg,0,/mnt/research-projects/j/jlgage/RawUAVData01/uavforslb/final_image/final_sliced/20250714_C10_06681.jpg
9577,I3B,2023,7/12/23,7.0,7/13/23,20230713_I3B_09577.jpg,1,/mnt/research-projects/j/jlgage/RawUAVData01/uavforslb/final_image/final_sliced/20230713_I3B_09577.jpg
346,C7B,2025,7/10/25,5.0,7/10/25,20250710_C7B_00346.jpg,0,/mnt/research-projects/j/jlgage/RawUAVData01/uavforslb/final_image/final_sliced/20250710_C7B_00346.jpg
964,C7B,2025,7/10/25,7.5,7/10/25,20250710_C7B_00964.jpg,0,/mnt/research-projects/j/jlgage/RawUAVData01/uavforslb/final_image/final_sliced/20250710_C7B_00964.jpg
5272,C10,2025,7/20/25,2.5,7/21/25,20250721_C10_05272.jpg,1,/mnt/research-projects/j/jlgage/RawUAVData01/uavforslb/final_image/final_sliced/20250721_C10_05272.jpg
7313,G3,2023,7/26/23,8.0,7/27/23,20230727_G3_07313.jpg,1,/mnt/research-projects/j/jlgage/RawUAVData01/uavforslb/final_image/final_sliced/20230727_G3_07313.jpg
4224,C10,2025,7/19/25,4.5,7/18/25,20250718_C10_04224.jpg,-1,/mnt/research-projects/j/jlgage/RawUAVData01/uavforslb/final_image/final_sliced/20250718_C10_04224.jpg
3050,G3,2023,7/26/23,6.5,7/27/23,20230727_G3_03050.jpg,1,/mnt/research-projects/j/jlgage/RawUAVData01/uavforslb/final_image/final_sliced/20230727_G3_03050.jpg
9581,I3B,2023,7/12/23,5.0,7/13/23,20230713_I3B_09581.jpg,1,/mnt/research-projects/j/jlgage/RawUAVData01/uavforslb/final_image/final_sliced/20230713_I3B_09581.jpg
5921,C10,2025,7/8/25,5.5,7/7/25,20250707_C10_05921.jpg,-1,/mnt/research-projects/j/jlgage/RawUAVData01/uavforslb/final_image/final_sliced/20250707_C10_05921.jpg
4322,C10,2025,7/11/25,6.0,7/11/25,20250711_C10_04322.jpg,0,/mnt/research-projects/j/jlgage/RawUAVData01/uavforslb/final_image/final_sliced/20250711_C10_04322.jpg
5691,C10,2025,7/19/25,4.5,7/18/25,20250718_C10_05691.jpg,-1,/mnt/research-projects/j/jlgage/RawUAVData01/uavforslb/final_image/final_sliced/20250718_C10_05691.jpg
1743,C7B,2025,7/19/25,4.0,7/18/25,20250718_C7B_01743.jpg,-1,/mnt/research-projects/j/jlgage/RawUAVData01/uavforslb/final_image/final_sliced/20250718_C7B_01743.jpg
7457,G3,2023,7/20/23,7.0,7/20/23,20230720_G3_07457.jpg,0,/mnt/research-projects/j/jlgage/RawUAVData01/uavforslb/final_image/final_sliced/20230720_G3_07457.jpg
4224,C10,2025,7/11/25,7.0,7/11/25,20250711_C10_04224.jpg,0,/mnt/research-projects/j/jlgage/RawUAVData01/uavforslb/final_image/final_sliced/20250711_C10_04224.jpg
6030,C10,2025,7/8/25,4.0,7/7/25,20250707_C10_06030.jpg,-1,/mnt/research-projects/j/jlgage/RawUAVData01/uavforslb/final_image/final_sliced/20250707_C10_06030.jpg
7501,G3,2023,7/20/23,5.5,7/20/23,20230720_G3_07501.jpg,0,/mnt/research-projects/j/jlgage/RawUAVData01/uavforslb/final_image/final_sliced/20230720_G3_07501.jpg
7541,G3,2023,7/26/23,8.0,7/27/23,20230727_G3_07541.jpg,1,/mnt/research-projects/j/jlgage/RawUAVData01/uavforslb/final_image/final_sliced/20230727_G3_07541.jpg
406,C7B,2025,7/4/25,6.0,7/4/25,20250704_C7B_00406.jpg,0,/mnt/research-projects/j/jlgage/RawUAVData01/uavforslb/final_image/final_sliced/20250704_C7B_00406.jpg
8060,G3,2023,7/26/23,4.0,7/27/23,20230727_G3_08060.jpg,1,/mnt/research-projects/j/jlgage/RawUAVData01/uavforslb/final_image/final_sliced/20230727_G3_08060.jpg
984,C7B,2025,7/1/25,4.0,7/1/25,20250701_C7B_00984.jpg,0,/mnt/research-projects/j/jlgage/RawUAVData01/uavforslb/final_image/final_sliced/20250701_C7B_00984.jpg
1086,C7B,2025,7/18/25,4.0,7/18/25,20250718_C7B_01086.jpg,0,/mnt/research-projects/j/jlgage/RawUAVData01/uavforslb/final_image/final_sliced/20250718_C7B_01086.jpg
10328,I3B,2023,7/25/23,6.0,7/27/23,20230727_I3B_10328.jpg,2,/mnt/research-projects/j/jlgage/RawUAVData01/uavforslb/final_image/final_sliced/20230727_I3B_10328.jpg
698,C7B,2025,7/10/25,5.0,7/10/25,20250710_C7B_00698.jpg,0,/mnt/research-projects/j/jlgage/RawUAVData01/uavforslb/final_image/final_sliced/20250710_C7B_00698.jpg
3139,G3,2023,7/19/23,7.5,7/20/23,20230720_G3_03139.jpg,1,/mnt/research-projects/j/jlgage/RawUAVData01/uavforslb/final_image/final_sliced/20230720_G3_03139.jpg
9776,I3B,2023,7/12/23,5.0,7/13/23,20230713_I3B_09776.jpg,1,/mnt/research-projects/j/jlgage/RawUAVData01/uavforslb/final_image/final_sliced/20230713_I3B_09776.jpg
165,C7B,2025,7/4/25,6.5,7/4/25,20250704_C7B_00165.jpg,0,/mnt/research-projects/j/jlgage/RawUAVData01/uavforslb/final_image/final_sliced/20250704_C7B_00165.jpg
10392,I3B,2023,7/25/23,4.0,7/27/23,20230727_I3B_10392.jpg,2,/mnt/research-projects/j/jlgage/RawUAVData01/uavforslb/final_image/final_sliced/20230727_I3B_10392.jpg
3075,G3,2023,7/26/23,8.5,7/27/23,20230727_G3_03075.jpg,1,/mnt/research-projects/j/jlgage/RawUAVData01/uavforslb/final_image/final_sliced/20230727_G3_03075.jpg
10771,I3B,2023,7/19/23,4.5,7/20/23,20230720_I3B_10771.jpg,1,/mnt/research-projects/j/jlgage/RawUAVData01/uavforslb/final_image/final_sliced/20230720_I3B_10771.jpg
4374,C10,2025,7/11/25,4.5,7/11/25,20250711_C10_04374.jpg,0,/mnt/research-projects/j/jlgage/RawUAVData01/uavforslb/final_image/final_sliced/20250711_C10_04374.jpg
11097,I3B,2023,7/12/23,7.0,7/13/23,20230713_I3B_11097.jpg,1,/mnt/research-projects/j/jlgage/RawUAVData01/uavforslb/final_image/final_sliced/20230713_I3B_11097.jpg
19,C7B,2025,7/18/25,7.5,7/18/25,20250718_C7B_00019.jpg,0,/mnt/research-projects/j/jlgage/RawUAVData01/uavforslb/final_image/final_sliced/20250718_C7B_00019.jpg
4945,C10,2025,7/11/25,6.0,7/11/25,20250711_C10_04945.jpg,0,/mnt/research-projects/j/jlgage/RawUAVData01/uavforslb/final_image/final_sliced/20250711_C10_04945.jpg
11038,I3B,2023,7/12/23,6.5,7/13/23,20230713_I3B_11038.jpg,1,/mnt/research-projects/j/jlgage/RawUAVData01/uavforslb/final_image/final_sliced/20230713_I3B_11038.jpg
9807,I3B,2023,7/12/23,4.5,7/13/23,20230713_I3B_09807.jpg,1,/mnt/research-projects/j/jlgage/RawUAVData01/uavforslb/final_image/final_sliced/20230713_I3B_09807.jpg
6036,C10,2025,7/19/25,2.0,7/18/25,20250718_C10_06036.jpg,-1,/mnt/research-projects/j/jlgage/RawUAVData01/uavforslb/final_image/final_sliced/20250718_C10_06036.jpg
8068,G3,2023,7/26/23,4.0,7/27/23,20230727_G3_08068.jpg,1,/mnt/research-projects/j/jlgage/RawUAVData01/uavforslb/final_image/final_sliced/20230727_G3_08068.jpg
4949,C10,2025,7/2/25,5.0,7/4/25,20250704_C10_04949.jpg,2,/mnt/research-projects/j/jlgage/RawUAVData01/uavforslb/final_image/final_sliced/20250704_C10_04949.jpg
5213,C10,2025,7/11/25,5.0,7/11/25,20250711_C10_05213.jpg,0,/mnt/research-projects/j/jlgage/RawUAVData01/uavforslb/final_image/final_sliced/20250711_C10_05213.jpg
495,C7B,2025,6/30/25,5.5,7/1/25,20250701_C7B_00495.jpg,1,/mnt/research-projects/j/jlgage/RawUAVData01/uavforslb/final_image/final_sliced/20250701_C7B_00495.jpg
11170,I3B,2023,7/12/23,7.0,7/13/23,20230713_I3B_11170.jpg,1,/mnt/research-projects/j/jlgage/RawUAVData01/uavforslb/final_image/final_sliced/20230713_I3B_11170.jpg
4605,C10,2025,7/20/25,1.5,7/21/25,20250721_C10_04605.jpg,1,/mnt/research-projects/j/jlgage/RawUAVData01/uavforslb/final_image/final_sliced/20250721_C10_04605.jpg
11182,I3B,2023,7/12/23,6.5,7/13/23,20230713_I3B_11182.jpg,1,/mnt/research-projects/j/jlgage/RawUAVData01/uavforslb/final_image/final_sliced/20230713_I3B_11182.jpg
6722,C10,2025,7/8/25,8.5,7/7/25,20250707_C10_06722.jpg,-1,/mnt/research-projects/j/jlgage/RawUAVData01/uavforslb/final_image/final_sliced/20250707_C10_06722.jpg
4804,C10,2025,7/2/25,4.0,7/4/25,20250704_C10_04804.jpg,2,/mnt/research-projects/j/jlgage/RawUAVData01/uavforslb/final_image/final_sliced/20250704_C10_04804.jpg
5253,C10,2025,7/20/25,2.0,7/21/25,20250721_C10_05253.jpg,1,/mnt/research-projects/j/jlgage/RawUAVData01/uavforslb/final_image/final_sliced/20250721_C10_05253.jpg
634,C7B,2025,6/30/25,6.0,7/1/25,20250701_C7B_00634.jpg,1,/mnt/research-projects/j/jlgage/RawUAVData01/uavforslb/final_image/final_sliced/20250701_C7B_00634.jpg
