datetime,radiation(W/m2),par(micromol/m2s)
2023-07-13 06:21:00,27.01,27.08
2023-07-13 06:22:00,27.01,27.08
2023-07-13 06:23:00,27.01,30.47
2023-07-13 06:24:00,27.01,30.47
2023-07-13 06:25:00,27.01,33.85
2023-07-13 06:26:00,27.01,33.85
2023-07-13 06:27:00,27.01,37.24
2023-07-13 06:28:00,27.01,37.24
2023-07-13 06:29:00,27.01,37.24
2023-07-13 06:30:00,27.01,40.62
2023-07-13 06:31:00,27.01,40.62
2023-07-13 06:32:00,27.01,44.01
2023-07-13 06:33:00,27.01,44.01
2023-07-13 06:34:00,27.01,47.39
2023-07-13 06:35:00,27.01,47.39
2023-07-13 06:36:00,27.01,50.78
2023-07-13 06:37:00,27.01,50.78
2023-07-13 06:38:00,27.01,54.16
2023-07-13 06:39:00,27.01,54.16
2023-07-13 06:40:00,40.52,60.93
2023-07-13 06:41:00,40.52,64.32
2023-07-13 06:42:00,40.52,71.09
2023-07-13 06:43:00,40.52,71.09
2023-07-13 06:44:00,40.52,71.09
2023-07-13 06:45:00,40.52,67.7
2023-07-13 06:46:00,40.52,67.7
2023-07-13 06:47:00,40.52,67.7
2023-07-13 06:48:00,40.52,71.09
2023-07-13 06:49:00,40.52,77.86
2023-07-13 06:50:00,40.52,74.47
2023-07-13 06:51:00,40.52,77.86
2023-07-13 06:52:00,40.52,77.86
2023-07-13 06:53:00,40.52,77.86
2023-07-13 06:54:00,40.52,74.47
2023-07-13 06:55:00,40.52,74.47
2023-07-13 06:56:00,40.52,74.47
2023-07-13 06:57:00,40.52,74.47
2023-07-13 06:58:00,40.52,77.86
2023-07-13 06:59:00,40.52,81.2
2023-07-13 07:00:00,40.52,84.6
2023-07-13 07:01:00,40.52,88
2023-07-13 07:02:00,40.52,91.4
2023-07-13 07:03:00,40.52,98.2
2023-07-13 07:04:00,54.03,108.3
2023-07-13 07:05:00,54.03,113.4
2023-07-13 07:06:00,54.03,118.5
2023-07-13 07:07:00,54.03,125.2
2023-07-13 07:08:00,54.03,128.6
2023-07-13 07:09:00,60.78,132
2023-07-13 07:10:00,67.53,135.4
2023-07-13 07:11:00,67.53,138.8
2023-07-13 07:12:00,67.53,142.2
2023-07-13 07:13:00,67.53,145.6
2023-07-13 07:14:00,67.53,148.9
2023-07-13 07:15:00,67.53,154
2023-07-13 07:16:00,81,172.6
2023-07-13 07:17:00,148.6,270.8
2023-07-13 07:18:00,155.3,287.7
2023-07-13 07:19:00,135.1,270.8
2023-07-13 07:20:00,162.1,304.7
2023-07-13 07:21:00,QCF,294.5
2023-07-13 07:22:00,162.1,301.3
2023-07-13 07:23:00,81,196.3
2023-07-13 07:24:00,81,192.9
2023-07-13 07:25:00,81,209.9
2023-07-13 07:26:00,175.6,321.6
2023-07-13 07:27:00,175.6,335.1
2023-07-13 07:28:00,175.6,331.7
2023-07-13 07:29:00,175.6,321.6
2023-07-13 07:30:00,94.5,226.8
2023-07-13 07:31:00,148.6,297.9
2023-07-13 07:32:00,175.6,328.4
2023-07-13 07:33:00,94.5,233.6
2023-07-13 07:34:00,162.1,328.4
2023-07-13 07:35:00,175.6,345.3
2023-07-13 07:36:00,135.1,291.1
2023-07-13 07:37:00,81,209.9
2023-07-13 07:38:00,189.1,365.6
2023-07-13 07:39:00,189.1,379.1
2023-07-13 07:40:00,189.1,394.4
2023-07-13 07:41:00,189.1,396.1
2023-07-13 07:42:00,202.6,409.6
2023-07-13 07:43:00,202.6,416.4
2023-07-13 07:44:00,202.6,426.5
2023-07-13 07:45:00,216.1,433.3
2023-07-13 07:46:00,216.1,440.1
2023-07-13 07:47:00,216.1,450.2
2023-07-13 07:48:00,216.1,446.8
2023-07-13 07:49:00,222.9,460.4
2023-07-13 07:50:00,229.6,480.7
2023-07-13 07:51:00,229.6,484.1
2023-07-13 07:52:00,229.6,484.1
2023-07-13 07:53:00,243.1,494.2
2023-07-13 07:54:00,243.1,501
2023-07-13 07:55:00,243.1,501
2023-07-13 07:56:00,256.6,524.7
2023-07-13 07:57:00,249.9,514.5
2023-07-13 07:58:00,243.1,516.2
2023-07-13 07:59:00,256.6,534.8
2023-07-13 08:00:00,256.6,531.5
2023-07-13 08:01:00,256.6,539.9
2023-07-13 08:02:00,256.6,538.2
2023-07-13 08:03:00,270.1,558.5
2023-07-13 08:04:00,283.6,572.1
2023-07-13 08:05:00,270.1,561.9
2023-07-13 08:06:00,283.6,572.1
2023-07-13 08:07:00,270.1,558.5
2023-07-13 08:08:00,283.6,578.8
2023-07-13 08:09:00,283.6,592.4
2023-07-13 08:10:00,283.6,595.8
2023-07-13 08:11:00,283.6,592.4
2023-07-13 08:12:00,297.1,622.8
2023-07-13 08:13:00,297.1,626.2
2023-07-13 08:14:00,297.1,622.8
2023-07-13 08:15:00,310.6,624.5
2023-07-13 08:16:00,324.1,663.5
2023-07-13 08:17:00,351.2,707.5
2023-07-13 08:18:00,351.2,697.3
2023-07-13 08:19:00,94.5,286
2023-07-13 08:20:00,337.6,680.4
2023-07-13 08:21:00,337.6,683.7
2023-07-13 08:22:00,351.1,704.1
2023-07-13 08:23:00,364.7,734.5
2023-07-13 08:24:00,405.2,802
2023-07-13 08:25:00,371.4,721
2023-07-13 08:26:00,121.6,331.7
2023-07-13 08:27:00,108,284.3
2023-07-13 08:28:00,418.7,816
2023-07-13 08:29:00,432.2,836
2023-07-13 08:30:00,391.7,765
2023-07-13 08:31:00,121.5,318.2
2023-07-13 08:32:00,135.1,345.3
2023-07-13 08:33:00,425.4,836
2023-07-13 08:34:00,432.2,843
2023-07-13 08:35:00,432.2,833
2023-07-13 08:36:00,108,297.9
2023-07-13 08:37:00,418.7,829
2023-07-13 08:38:00,432.2,850
2023-07-13 08:39:00,445.7,878
2023-07-13 08:40:00,351.2,721
2023-07-13 08:41:00,94.5,280.9
2023-07-13 08:42:00,445.7,883
2023-07-13 08:43:00,432.2,860
2023-07-13 08:44:00,310.6,660
2023-07-13 08:45:00,459.2,907
2023-07-13 08:46:00,364.7,748.1
2023-07-13 08:47:00,445.7,882
2023-07-13 08:48:00,459.2,907
2023-07-13 08:49:00,472.7,927
2023-07-13 08:50:00,432.2,853
2023-07-13 08:51:00,445.7,894
2023-07-13 08:52:00,459.2,921
2023-07-13 08:53:00,459.2,931
2023-07-13 08:54:00,459.2,907
2023-07-13 08:55:00,459.2,924
2023-07-13 08:56:00,472.7,939
2023-07-13 08:57:00,472.7,951
2023-07-13 08:58:00,486.2,975
2023-07-13 08:59:00,499.7,988
2023-07-13 09:00:00,162.1,419.7
2023-07-13 09:01:00,499.7,1000
2023-07-13 09:02:00,499.7,1002
2023-07-13 09:03:00,499.7,995
2023-07-13 09:04:00,499.7,995
2023-07-13 09:05:00,513.2,1012
2023-07-13 09:06:00,486.2,971
2023-07-13 09:07:00,513.2,1016
2023-07-13 09:08:00,513.2,1027
2023-07-13 09:09:00,513.2,1022
2023-07-13 09:10:00,526.7,1029
2023-07-13 09:11:00,526.7,1043
2023-07-13 09:12:00,459.2,914
2023-07-13 09:13:00,513.2,1005
2023-07-13 09:14:00,486.2,975
2023-07-13 09:15:00,526.7,1036
2023-07-13 09:16:00,540.2,1076
2023-07-13 09:17:00,526.7,1046
2023-07-13 09:18:00,513.2,1029
2023-07-13 09:19:00,465.9,938
2023-07-13 09:20:00,445.7,907
2023-07-13 09:21:00,432.2,873
2023-07-13 09:22:00,486.2,971
2023-07-13 09:23:00,459.2,914
2023-07-13 09:24:00,472.7,944
2023-07-13 09:25:00,513.2,1014
2023-07-13 09:26:00,445.7,900
2023-07-13 09:27:00,432.2,867
2023-07-13 09:28:00,472.7,948
2023-07-13 09:29:00,499.7,999
2023-07-13 09:30:00,513.2,1022
2023-07-13 09:31:00,513.2,1019
2023-07-13 09:32:00,513.2,1029
2023-07-13 09:33:00,526.7,1046
2023-07-13 09:34:00,513.2,1029
2023-07-13 09:35:00,621.3,1210
2023-07-13 09:36:00,594.3,1154
2023-07-13 09:37:00,553.7,1097
2023-07-13 09:38:00,513.2,1019
2023-07-13 09:39:00,580.8,1141
2023-07-13 09:40:00,594.3,1168
2023-07-13 09:41:00,648.3,1252
2023-07-13 09:42:00,621.3,1212
2023-07-13 09:43:00,621.3,1208
2023-07-13 09:44:00,553.8,1097
2023-07-13 09:45:00,648.3,1251
2023-07-13 09:46:00,580.8,1148
2023-07-13 09:47:00,607.8,1178
2023-07-13 09:48:00,513.2,1016
2023-07-13 09:49:00,540.3,1063
2023-07-13 09:50:00,567.3,1124
2023-07-13 09:51:00,621.3,1208
2023-07-13 09:52:00,540.3,1053
2023-07-13 09:53:00,526.7,1029
2023-07-13 09:54:00,580.8,1134
2023-07-13 09:55:00,634.8,1219
2023-07-13 09:56:00,648.3,1263
2023-07-13 09:57:00,594.3,1151
2023-07-13 09:58:00,553.8,1090
2023-07-13 09:59:00,486.2,968
2023-07-13 10:00:00,594.3,1151
2023-07-13 10:01:00,580.8,1144
2023-07-13 10:02:00,675.3,1307
2023-07-13 10:03:00,594.3,1171
2023-07-13 10:04:00,648.3,1256
2023-07-13 10:05:00,594.3,1161
2023-07-13 10:06:00,499.7,999
2023-07-13 10:07:00,675.3,1297
2023-07-13 10:08:00,621.3,1205
2023-07-13 10:09:00,661.8,1286
2023-07-13 10:10:00,729.4,1400
2023-07-13 10:11:00,715.9,1386
2023-07-13 10:12:00,688.8,1322
2023-07-13 10:13:00,661.8,1281
2023-07-13 10:14:00,688.8,1330
2023-07-13 10:15:00,661.8,1290
2023-07-13 10:16:00,742.9,1415
2023-07-13 10:17:00,628.1,1229
2023-07-13 10:18:00,729.4,1405
2023-07-13 10:19:00,702.4,1359
2023-07-13 10:20:00,729.4,1401
2023-07-13 10:21:00,729.4,1408
2023-07-13 10:22:00,648.3,1259
2023-07-13 10:23:00,729.4,1398
2023-07-13 10:24:00,688.9,1329
2023-07-13 10:25:00,675.4,1298
2023-07-13 10:26:00,607.8,1192
2023-07-13 10:27:00,553.8,1100
2023-07-13 10:28:00,702.4,1357
2023-07-13 10:29:00,790.2,1515
2023-07-13 10:30:00,729.4,1408
2023-07-13 10:31:00,688.9,1341
2023-07-13 10:32:00,715.9,1381
2023-07-13 10:33:00,796.9,1520
2023-07-13 10:34:00,796.9,1522
2023-07-13 10:35:00,729.4,1395
2023-07-13 10:36:00,688.9,1347
2023-07-13 10:37:00,742.9,1445
2023-07-13 10:38:00,715.9,1378
2023-07-13 10:39:00,756.4,1454
2023-07-13 10:40:00,769.9,1493
2023-07-13 10:41:00,810,1557
2023-07-13 10:42:00,756.4,1452
2023-07-13 10:43:00,769.9,1486
2023-07-13 10:44:00,769.9,1489
2023-07-13 10:45:00,742.9,1442
2023-07-13 10:46:00,729.4,1401
2023-07-13 10:47:00,729.4,1412
2023-07-13 10:48:00,729.4,1401
2023-07-13 10:49:00,729.4,1420
2023-07-13 10:50:00,729.4,1407
2023-07-13 10:51:00,783.4,1520
2023-07-13 10:52:00,824,1581
2023-07-13 10:53:00,796.9,1540
2023-07-13 10:54:00,824,1584
2023-07-13 10:55:00,831,1594
2023-07-13 10:56:00,878,1672
2023-07-13 10:57:00,851,1628
2023-07-13 10:58:00,702.4,1371
2023-07-13 10:59:00,715.9,1381
2023-07-13 11:00:00,715.9,1381
2023-07-13 11:01:00,769.9,1486
2023-07-13 11:02:00,729.4,1415
2023-07-13 11:03:00,702.4,1366
2023-07-13 11:04:00,729.4,1410
2023-07-13 11:05:00,756.4,1452
2023-07-13 11:06:00,729.4,1422
2023-07-13 11:07:00,810,1544
2023-07-13 11:08:00,837,1598
2023-07-13 11:09:00,864,1659
2023-07-13 11:10:00,851,1628
2023-07-13 11:11:00,824,1576
2023-07-13 11:12:00,810,1547
2023-07-13 11:13:00,837,1601
2023-07-13 11:14:00,837,1611
2023-07-13 11:15:00,837,1615
2023-07-13 11:16:00,864,1645
2023-07-13 11:17:00,837,1608
2023-07-13 11:18:00,864,1644
2023-07-13 11:19:00,878,1666
2023-07-13 11:20:00,851,1627
2023-07-13 11:21:00,769.9,1503
2023-07-13 11:22:00,783.4,1523
2023-07-13 11:23:00,824,1567
2023-07-13 11:24:00,851,1632
2023-07-13 11:25:00,891,1701
2023-07-13 11:26:00,918,1742
2023-07-13 11:27:00,891,1693
2023-07-13 11:28:00,891,1686
2023-07-13 11:29:00,905,1706
2023-07-13 11:30:00,905,1716
2023-07-13 11:31:00,932,1771
2023-07-13 11:32:00,946,1779
2023-07-13 11:33:00,932,1759
2023-07-13 11:34:00,919,1740
2023-07-13 11:35:00,946,1786
2023-07-13 11:36:00,946,1794
2023-07-13 11:37:00,946,1784
2023-07-13 11:38:00,946,1801
2023-07-13 11:39:00,959,1804
2023-07-13 11:40:00,973,1840
2023-07-13 11:41:00,973,1847
2023-07-13 11:42:00,959,1818
2023-07-13 11:43:00,865,1656
2023-07-13 11:44:00,851,1639
2023-07-13 11:45:00,878,1659
2023-07-13 11:46:00,892,1686
2023-07-13 11:47:00,810,1547
2023-07-13 11:48:00,837,1608
2023-07-13 11:49:00,851,1622
2023-07-13 11:50:00,878,1676
2023-07-13 11:51:00,892,1688
2023-07-13 11:52:00,824,1567
2023-07-13 11:53:00,837,1581
2023-07-13 11:54:00,865,1640
2023-07-13 11:55:00,946,1794
2023-07-13 11:56:00,959,1804
2023-07-13 11:57:00,959,1806
2023-07-13 11:58:00,932,1767
2023-07-13 11:59:00,905,1730
2023-07-13 12:00:00,973,1843
2023-07-13 12:01:00,932,1777
2023-07-13 12:02:00,1000,1892
2023-07-13 12:03:00,1013,1898
2023-07-13 12:04:00,1000,1886
2023-07-13 12:05:00,1013,1906
2023-07-13 12:06:00,1040,1947
2023-07-13 12:07:00,1027,1933
2023-07-13 12:08:00,1027,1923
2023-07-13 12:09:00,743,1424
2023-07-13 12:10:00,743,1419
2023-07-13 12:11:00,749.7,1436
2023-07-13 12:12:00,959,1801
2023-07-13 12:13:00,729.5,1381
2023-07-13 12:14:00,770,1480
2023-07-13 12:15:00,783.5,1496
2023-07-13 12:16:00,526.8,1043
2023-07-13 12:17:00,756.5,1452
2023-07-13 12:18:00,729.5,1392
2023-07-13 12:19:00,432.3,909
2023-07-13 12:20:00,391.8,816
2023-07-13 12:21:00,283.7,623
2023-07-13 12:22:00,878,1676
2023-07-13 12:23:00,865,1632
2023-07-13 12:24:00,1040,1943
2023-07-13 12:25:00,946,1786
2023-07-13 12:26:00,878,1676
2023-07-13 12:27:00,770,1469
2023-07-13 12:28:00,770,1490
2023-07-13 12:29:00,1027,1942
2023-07-13 12:30:00,1040,1965
2023-07-13 12:31:00,1040,1967
2023-07-13 12:32:00,1040,1972
2023-07-13 12:33:00,973,1842
2023-07-13 12:34:00,743,1429
2023-07-13 12:35:00,729.5,1398
2023-07-13 12:36:00,1027,1937
2023-07-13 12:37:00,986,1877
2023-07-13 12:38:00,1013,1923
2023-07-13 12:39:00,1013,1916
2023-07-13 12:40:00,1027,1943
2023-07-13 12:41:00,1054,1984
2023-07-13 12:42:00,1027,1945
2023-07-13 12:43:00,1027,1943
2023-07-13 12:44:00,1040,1959
2023-07-13 12:45:00,1027,1940
2023-07-13 12:46:00,1000,1906
2023-07-13 12:47:00,1027,1943
2023-07-13 12:48:00,1027,1950
2023-07-13 12:49:00,1054,1984
2023-07-13 12:50:00,1067,1998
2023-07-13 12:51:00,1054,1998
2023-07-13 12:52:00,905,1737
2023-07-13 12:53:00,959,1835
2023-07-13 12:54:00,1013,1923
2023-07-13 12:55:00,1013,1920
2023-07-13 12:56:00,1040,1967
2023-07-13 12:57:00,1040,1967
2023-07-13 12:58:00,1040,1971
2023-07-13 12:59:00,1040,1967
2023-07-13 13:00:00,1054,1971
2023-07-13 13:01:00,1054,1971
2023-07-13 13:02:00,1040,1960
2023-07-13 13:03:00,1054,1981
2023-07-13 13:04:00,1054,1986
2023-07-13 13:05:00,1054,1987
2023-07-13 13:06:00,1067,2009
2023-07-13 13:07:00,1067,2001
2023-07-13 13:08:00,1054,1986
2023-07-13 13:09:00,1067,2015
2023-07-13 13:10:00,1067,2008
2023-07-13 13:11:00,1067,1994
2023-07-13 13:12:00,1040,1971
2023-07-13 13:13:00,1040,1964
2023-07-13 13:14:00,1054,1998
2023-07-13 13:15:00,1067,2004
2023-07-13 13:16:00,1067,2011
2023-07-13 13:17:00,1067,1999
2023-07-13 13:18:00,1054,1994
2023-07-13 13:19:00,1054,1981
2023-07-13 13:20:00,1054,1984
2023-07-13 13:21:00,1054,1987
2023-07-13 13:22:00,1040,1967
2023-07-13 13:23:00,1054,1993
2023-07-13 13:24:00,1047,1984
2023-07-13 13:25:00,1054,1999
2023-07-13 13:26:00,1054,1984
2023-07-13 13:27:00,1040,1969
2023-07-13 13:28:00,1040,1974
2023-07-13 13:29:00,1040,1971
2023-07-13 13:30:00,1054,1998
2023-07-13 13:31:00,1054,1994
2023-07-13 13:32:00,1054,1998
2023-07-13 13:33:00,1067,2001
2023-07-13 13:34:00,472.8,958
2023-07-13 13:35:00,1067,2011
2023-07-13 13:36:00,1067,2008
2023-07-13 13:37:00,1094,2059
2023-07-13 13:38:00,216.2,514.6
2023-07-13 13:39:00,175.6,419.8
2023-07-13 13:40:00,229.7,551.9
2023-07-13 13:41:00,892,1703
2023-07-13 13:42:00,216.2,511.3
2023-07-13 13:43:00,1108,2062
2023-07-13 13:44:00,1081,2038
2023-07-13 13:45:00,1067,2020
2023-07-13 13:46:00,1067,2013
2023-07-13 13:47:00,1067,2011
2023-07-13 13:48:00,1067,2006
2023-07-13 13:49:00,1067,2003
2023-07-13 13:50:00,1081,2031
2023-07-13 13:51:00,1094,2064
2023-07-13 13:52:00,1121,2074
2023-07-13 13:53:00,256.7,562
2023-07-13 13:54:00,1027,1913
2023-07-13 13:55:00,1040,1964
2023-07-13 13:56:00,1054,1991
2023-07-13 13:57:00,973,1845
2023-07-13 13:58:00,1040,1974
2023-07-13 13:59:00,1040,1981
2023-07-13 14:00:00,1040,1967
2023-07-13 14:01:00,1040,1972
2023-07-13 14:02:00,1040,1977
2023-07-13 14:03:00,1054,1987
2023-07-13 14:04:00,1054,1998
2023-07-13 14:05:00,1027,1960
2023-07-13 14:06:00,878,1679
2023-07-13 14:07:00,986,1869
2023-07-13 14:08:00,1013,1920
2023-07-13 14:09:00,986,1886
2023-07-13 14:10:00,1040,1967
2023-07-13 14:11:00,986,1894
2023-07-13 14:12:00,946,1801
2023-07-13 14:13:00,1067,2001
2023-07-13 14:14:00,1040,1964
2023-07-13 14:15:00,973,1842
2023-07-13 14:16:00,932,1781
2023-07-13 14:17:00,946,1808
2023-07-13 14:18:00,973,1838
2023-07-13 14:19:00,1027,1950
2023-07-13 14:20:00,1040,1984
2023-07-13 14:21:00,1054,1993
2023-07-13 14:22:00,1081,2048
2023-07-13 14:23:00,919,1764
2023-07-13 14:24:00,432.3,907
2023-07-13 14:25:00,851,1639
2023-07-13 14:26:00,865,1652
2023-07-13 14:27:00,351.2,758.4
2023-07-13 14:28:00,1094,2048
2023-07-13 14:29:00,973,1833
2023-07-13 14:30:00,1121,2089
2023-07-13 14:31:00,351.2,770.3
2023-07-13 14:32:00,986,1859
2023-07-13 14:33:00,729.5,1402
2023-07-13 14:34:00,851,1618
2023-07-13 14:35:00,973,1828
2023-07-13 14:36:00,1013,1915
2023-07-13 14:37:00,919,1739
2023-07-13 14:38:00,959,1808
2023-07-13 14:39:00,1027,1943
2023-07-13 14:40:00,1081,2040
2023-07-13 14:41:00,1040,1974
2023-07-13 14:42:00,973,1844
2023-07-13 14:43:00,1000,1908
2023-07-13 14:44:00,1040,1979
2023-07-13 14:45:00,986,1889
2023-07-13 14:46:00,905,1764
2023-07-13 14:47:00,283.7,629.8
2023-07-13 14:48:00,1047,1957
2023-07-13 14:49:00,283.7,633.1
2023-07-13 14:50:00,270.2,599.3
2023-07-13 14:51:00,283.7,626.4
2023-07-13 14:52:00,1013,1899
2023-07-13 14:53:00,1040,1927
2023-07-13 14:54:00,1054,1957
2023-07-13 14:55:00,1027,1927
2023-07-13 14:56:00,1000,1883
2023-07-13 14:57:00,892,1686
2023-07-13 14:58:00,824,1581
2023-07-13 14:59:00,716,1375
2023-07-13 15:00:00,729.5,1398
2023-07-13 15:01:00,702.5,1354
2023-07-13 15:02:00,824,1564
2023-07-13 15:03:00,811,1541
2023-07-13 15:04:00,811,1549
2023-07-13 15:05:00,892,1701
2023-07-13 15:06:00,973,1845
2023-07-13 15:07:00,865,1669
2023-07-13 15:08:00,986,1867
2023-07-13 15:09:00,959,1818
2023-07-13 15:10:00,1000,1893
2023-07-13 15:11:00,973,1852
2023-07-13 15:12:00,946,1796
2023-07-13 15:13:00,783.5,1517
2023-07-13 15:14:00,865,1671
2023-07-13 15:15:00,919,1754
2023-07-13 15:16:00,851,1637
2023-07-13 15:17:00,824,1571
2023-07-13 15:18:00,770,1473
2023-07-13 15:19:00,297.2,646.7
2023-07-13 15:20:00,324.2,704.2
2023-07-13 15:21:00,973,1849
2023-07-13 15:22:00,513.4,1048
2023-07-13 15:23:00,838,1588
2023-07-13 15:24:00,878,1656
2023-07-13 15:25:00,932,1754
2023-07-13 15:26:00,919,1730
2023-07-13 15:27:00,310.7,683.9
2023-07-13 15:28:00,824,1598
2023-07-13 15:29:00,932,1764
2023-07-13 15:30:00,932,1742
2023-07-13 15:31:00,919,1740
2023-07-13 15:32:00,932,1752
2023-07-13 15:33:00,905,1723
2023-07-13 15:34:00,797.1,1544
2023-07-13 15:35:00,756.5,1456
2023-07-13 15:36:00,811,1552
2023-07-13 15:37:00,838,1591
2023-07-13 15:38:00,811,1547
2023-07-13 15:39:00,797.1,1524
2023-07-13 15:40:00,729.5,1419
2023-07-13 15:41:00,770,1490
2023-07-13 15:42:00,851,1601
2023-07-13 15:43:00,770,1480
2023-07-13 15:44:00,743,1412
2023-07-13 15:45:00,729.5,1385
2023-07-13 15:46:00,702.5,1344
2023-07-13 15:47:00,689,1307
2023-07-13 15:48:00,513.4,995
2023-07-13 15:49:00,486.3,962
2023-07-13 15:50:00,472.8,928
2023-07-13 15:51:00,486.3,958
2023-07-13 15:52:00,472.8,921
2023-07-13 15:53:00,405.3,802
2023-07-13 15:54:00,499.8,960
2023-07-13 15:55:00,594.4,1141
2023-07-13 15:56:00,716,1341
2023-07-13 15:57:00,689,1317
2023-07-13 15:58:00,648.5,1232
2023-07-13 15:59:00,580.9,1127
2023-07-13 16:00:00,513.4,985
2023-07-13 16:01:00,459.3,914
2023-07-13 16:02:00,499.8,979
2023-07-13 16:03:00,499.8,982
2023-07-13 16:04:00,432.3,863
2023-07-13 16:05:00,580.9,1117
2023-07-13 16:06:00,580.9,1127
2023-07-13 16:07:00,662,1263
2023-07-13 16:08:00,607.9,1171
2023-07-13 16:09:00,526.9,1026
2023-07-13 16:10:00,513.4,999
2023-07-13 16:11:00,486.3,948
2023-07-13 16:12:00,432.3,860
2023-07-13 16:13:00,418.8,830
2023-07-13 16:14:00,405.3,806
2023-07-13 16:15:00,418.8,813
2023-07-13 16:16:00,432.3,843
2023-07-13 16:17:00,486.3,948
2023-07-13 16:18:00,499.8,975
2023-07-13 16:19:00,445.8,931
2023-07-13 16:20:00,472.8,924
2023-07-13 16:21:00,472.8,921
2023-07-13 16:22:00,540.4,1036
2023-07-13 16:23:00,580.9,1111
2023-07-13 16:24:00,580.9,1127
2023-07-13 16:25:00,621.4,1195
2023-07-13 16:26:00,634.9,1222
2023-07-13 16:27:00,607.9,1178
2023-07-13 16:28:00,459.3,890
2023-07-13 16:29:00,391.8,772
2023-07-13 16:30:00,351.2,694.1
2023-07-13 16:31:00,364.8,731.3
2023-07-13 16:32:00,445.8,877
2023-07-13 16:33:00,472.8,928
2023-07-13 16:34:00,459.3,880
2023-07-13 16:35:00,405.3,809
2023-07-13 16:36:00,445.8,887
2023-07-13 16:37:00,479.6,928
2023-07-13 16:38:00,513.4,979
2023-07-13 16:39:00,553.9,1073
2023-07-13 16:40:00,567.4,1090
2023-07-13 16:41:00,486.3,958
2023-07-13 16:42:00,391.8,772
2023-07-13 16:43:00,418.8,826
2023-07-13 16:44:00,391.8,765.2
2023-07-13 16:45:00,351.2,700.9
2023-07-13 16:46:00,297.2,592.5
2023-07-13 16:47:00,297.2,589.1
2023-07-13 16:48:00,351.2,700.9
2023-07-13 16:49:00,391.8,765.2
2023-07-13 16:50:00,391.8,758.4
2023-07-13 16:51:00,418.8,802
2023-07-13 16:52:00,418.8,802
2023-07-13 16:53:00,418.8,813
2023-07-13 16:54:00,337.7,667
2023-07-13 16:55:00,310.7,616.2
2023-07-13 16:56:00,297.2,592.5
2023-07-13 16:57:00,270.2,551.9
2023-07-13 16:58:00,270.2,535
2023-07-13 16:59:00,256.7,524.8
2023-07-13 17:00:00,256.7,518
2023-07-13 17:01:00,256.7,494.3
2023-07-13 17:02:00,243.2,487.6
2023-07-13 17:03:00,243.2,497.7
2023-07-13 17:04:00,243.2,490.9
2023-07-13 17:05:00,243.2,487.6
2023-07-13 17:06:00,243.2,497.7
2023-07-13 17:07:00,256.7,518
2023-07-13 17:08:00,256.7,507.9
2023-07-13 17:09:00,243.2,484.2
2023-07-13 17:10:00,243.2,477.4
2023-07-13 17:11:00,243.2,477.4
2023-07-13 17:12:00,243.2,477.4
2023-07-13 17:13:00,243.2,477.4
2023-07-13 17:14:00,243.2,480.8
2023-07-13 17:15:00,243.2,487.6
2023-07-13 17:16:00,243.2,494.3
2023-07-13 17:17:00,256.7,504.5
2023-07-13 17:18:00,256.7,511.3
2023-07-13 17:19:00,256.7,518
2023-07-13 17:20:00,290.5,579
2023-07-13 17:21:00,283.7,558.7
2023-07-13 17:22:00,270.2,548.5
2023-07-13 17:23:00,270.2,551.9
2023-07-13 17:24:00,283.7,562
2023-07-13 17:25:00,297.2,568.8
2023-07-13 17:26:00,310.7,582.4
2023-07-13 17:27:00,310.7,572.2
2023-07-13 17:28:00,297.2,560.4
2023-07-13 17:29:00,297.2,555.3
2023-07-13 17:30:00,324.2,562
2023-07-13 17:31:00,283.7,551.9
2023-07-13 17:32:00,283.7,548.5
2023-07-13 17:33:00,297.2,548.5
2023-07-13 17:34:00,324.2,558.7
2023-07-13 17:35:00,310.7,562
2023-07-13 17:36:00,283.7,562
2023-07-13 17:37:00,297.2,562
2023-07-13 17:38:00,310.7,575.6
2023-07-13 17:39:00,283.7,579
2023-07-13 17:40:00,283.7,579
2023-07-13 17:41:00,297.2,599.3
2023-07-13 17:42:00,297.2,606.1
2023-07-13 17:43:00,290.5,589.1
2023-07-13 17:44:00,283.7,585.7
2023-07-13 17:45:00,283.7,575.6
2023-07-13 17:46:00,270.2,565.4
2023-07-13 17:47:00,270.2,558.7
2023-07-13 17:48:00,270.2,562
2023-07-13 17:49:00,256.7,550.2
2023-07-13 17:50:00,256.7,538.3
2023-07-13 17:51:00,243.2,528.2
2023-07-13 17:52:00,236.4,514.6
2023-07-13 17:53:00,229.7,511.3
2023-07-13 17:54:00,222.9,535
2023-07-13 17:55:00,216.2,507.9
2023-07-13 17:56:00,216.2,519.7
2023-07-13 17:57:00,209.4,550.2
2023-07-13 17:58:00,QCF,623
2023-07-13 17:59:00,236.4,589.1
2023-07-13 18:00:00,256.7,612.8
2023-07-13 18:01:00,263.4,926
2023-07-13 18:02:00,QCF,941
2023-07-13 18:03:00,297.2,931
2023-07-13 18:04:00,290.5,914
2023-07-13 18:05:00,418.8,894
2023-07-13 18:06:00,418.8,850
2023-07-13 18:07:00,364.8,765.2
2023-07-13 18:08:00,391.8,562
2023-07-13 18:09:00,418.8,399.5
2023-07-13 18:10:00,391.8,338.6
2023-07-13 18:11:00,391.8,321.7
2023-07-13 18:12:00,304,314.9
2023-07-13 18:13:00,364.8,369.1
2023-07-13 18:14:00,364.8,514.6
2023-07-13 18:15:00,351.2,643.3
2023-07-13 18:16:00,337.7,663.6
2023-07-13 18:17:00,310.7,623
2023-07-13 18:18:00,216.2,470.6
2023-07-13 18:19:00,135.1,331.8
2023-07-13 18:20:00,229.7,463.9
2023-07-13 18:21:00,243.2,497.7
2023-07-13 18:22:00,162.1,365.7
2023-07-13 18:23:00,310.7,585.7
2023-07-13 18:24:00,337.7,633.1
2023-07-13 18:25:00,324.2,626.4
2023-07-13 18:26:00,324.2,619.6
2023-07-13 18:27:00,175.6,392.8
2023-07-13 18:28:00,94.6,260.7
2023-07-13 18:29:00,121.6,490.9
2023-07-13 18:30:00,94.6,531.6
2023-07-13 18:31:00,94.6,443.5
2023-07-13 18:32:00,108.1,379.2
2023-07-13 18:33:00,108.1,308.1
2023-07-13 18:34:00,121.6,294.6
2023-07-13 18:35:00,189.1,382.6
2023-07-13 18:36:00,189.1,389.4
2023-07-13 18:37:00,148.6,314.9
2023-07-13 18:38:00,195.9,396.1
2023-07-13 18:39:00,243.2,474
2023-07-13 18:40:00,202.6,413.1
2023-07-13 18:41:00,175.6,362.3
2023-07-13 18:42:00,162.1,321.7
2023-07-13 18:43:00,222.9,365.7
2023-07-13 18:44:00,243.2,313.2
2023-07-13 18:45:00,189.1,247.2
2023-07-13 18:46:00,108.1,213.3
2023-07-13 18:47:00,189.1,213.3
2023-07-13 18:48:00,202.6,216.7
2023-07-13 18:49:00,108.1,213.3
2023-07-13 18:50:00,216.2,220.1
2023-07-13 18:51:00,243.2,260.7
2023-07-13 18:52:00,243.2,348.7
2023-07-13 18:53:00,270.2,450.3
2023-07-13 18:54:00,270.2,494.3
2023-07-13 18:55:00,270.2,494.3
2023-07-13 18:56:00,243.2,463.9
2023-07-13 18:57:00,175.6,369.1
2023-07-13 18:58:00,162.1,348.7
2023-07-13 18:59:00,148.6,308.1
2023-07-13 19:00:00,148.6,308.1
2023-07-13 19:01:00,94.6,230.2
2023-07-13 19:02:00,81.1,196.4
2023-07-13 19:03:00,81.1,182.8
2023-07-13 19:04:00,81.1,179.4
2023-07-13 19:05:00,81.1,189.6
2023-07-13 19:06:00,114.8,237
2023-07-13 19:07:00,148.6,287.8
2023-07-13 19:08:00,175.6,331.8
2023-07-13 19:09:00,162.1,311.5
2023-07-13 19:10:00,135.1,311.5
2023-07-13 19:11:00,108.1,328.4
2023-07-13 19:12:00,81.1,331.8
2023-07-13 19:13:00,81.1,328.4
2023-07-13 19:14:00,81.1,311.5
2023-07-13 19:15:00,81.1,328.4
2023-07-13 19:16:00,94.6,331.8
2023-07-13 19:17:00,135.1,323.3
2023-07-13 19:18:00,162.1,318.3
2023-07-13 19:19:00,148.6,287.8
2023-07-13 19:20:00,135.1,267.5
2023-07-13 19:21:00,121.6,257.3
2023-07-13 19:22:00,162.1,287.8
2023-07-13 19:23:00,108.1,223.5
2023-07-13 19:24:00,81.1,196.4
2023-07-13 19:25:00,81.1,179.4
2023-07-13 19:26:00,81.1,159.1
2023-07-13 19:27:00,81.1,155.7
2023-07-13 19:28:00,67.55,150.7
2023-07-13 19:29:00,67.55,142.2
2023-07-13 19:30:00,67.55,135.4
2023-07-13 19:31:00,67.55,132
2023-07-13 19:32:00,67.55,125.3
2023-07-13 19:33:00,54.04,118.5
2023-07-13 19:34:00,54.04,111.7
2023-07-13 19:35:00,54.04,105
2023-07-13 19:36:00,54.04,96.5
2023-07-13 19:37:00,40.53,91.4
2023-07-13 19:38:00,40.53,84.6
2023-07-13 19:39:00,40.53,77.87
2023-07-13 19:40:00,40.53,74.49
2023-07-13 19:41:00,40.53,71.1
2023-07-13 19:42:00,27.02,67.72
2023-07-13 19:43:00,27.02,64.33
2023-07-13 19:44:00,27.02,60.94
2023-07-13 19:45:00,27.02,60.94
2023-07-13 19:46:00,27.02,57.56
2023-07-13 19:47:00,27.02,57.56
2023-07-13 19:48:00,27.02,54.17
2023-07-13 19:49:00,27.02,54.17
2023-07-13 19:50:00,27.02,50.79
2023-07-13 19:51:00,27.02,50.79
2023-07-13 19:52:00,27.02,50.79
2023-07-13 19:53:00,27.02,50.79
2023-07-13 19:54:00,27.02,47.4
2023-07-13 19:55:00,27.02,47.4
2023-07-13 19:56:00,27.02,47.4
2023-07-13 19:57:00,27.02,47.4
2023-07-13 19:58:00,27.02,44.02
2023-07-13 19:59:00,27.02,44.02
2023-07-13 20:00:00,27.02,44.02
2023-07-13 20:01:00,27.02,40.63
2023-07-13 20:02:00,27.02,40.63
2023-07-13 20:03:00,27.02,37.24
2023-07-13 20:04:00,27.02,37.24
2023-07-13 20:05:00,27.02,33.86
2023-07-20 06:33:00,20.26,40.62
2023-07-20 06:34:00,27.01,40.62
2023-07-20 06:35:00,27.01,44.01
2023-07-20 06:36:00,27.01,47.39
2023-07-20 06:37:00,27.01,47.39
2023-07-20 06:38:00,27.01,50.78
2023-07-20 06:39:00,27.01,54.16
2023-07-20 06:40:00,27.01,55.85
2023-07-20 06:41:00,27.01,57.55
2023-07-20 06:42:00,27.01,60.93
2023-07-20 06:43:00,27.01,64.32
2023-07-20 06:44:00,27.01,64.32
2023-07-20 06:45:00,40.52,74.47
2023-07-20 06:46:00,54.03,84.6
2023-07-20 06:47:00,54.02,94.8
2023-07-20 06:48:00,67.53,101.5
2023-07-20 06:49:00,67.53,108.3
2023-07-20 06:50:00,67.53,115.1
2023-07-20 06:51:00,67.53,118.5
2023-07-20 06:52:00,67.53,125.2
2023-07-20 06:53:00,74.28,128.6
2023-07-20 06:54:00,81,135.4
2023-07-20 06:55:00,81,142.2
2023-07-20 06:56:00,81,147.2
2023-07-20 06:57:00,81,152.3
2023-07-20 06:58:00,81,159.1
2023-07-20 06:59:00,81,162.5
2023-07-20 07:00:00,81,165.9
2023-07-20 07:01:00,81,172.6
2023-07-20 07:02:00,81,176
2023-07-20 07:03:00,81,182.8
2023-07-20 07:04:00,81,186.2
2023-07-20 07:05:00,81,192.9
2023-07-20 07:06:00,94.5,196.3
2023-07-20 07:07:00,94.5,201.4
2023-07-20 07:08:00,94.5,206.5
2023-07-20 07:09:00,94.5,209.9
2023-07-20 07:10:00,94.5,216.6
2023-07-20 07:11:00,108,226.8
2023-07-20 07:12:00,108,230.2
2023-07-20 07:13:00,108,236.9
2023-07-20 07:14:00,108,240.3
2023-07-20 07:15:00,108,247.1
2023-07-20 07:16:00,108.1,250.5
2023-07-20 07:17:00,121.6,253.9
2023-07-20 07:18:00,121.6,257.3
2023-07-20 07:19:00,121.6,267.4
2023-07-20 07:20:00,121.6,277.6
2023-07-20 07:21:00,128.3,284.3
2023-07-20 07:22:00,135.1,291.1
2023-07-20 07:23:00,135.1,297.9
2023-07-20 07:24:00,135.1,304.6
2023-07-20 07:25:00,135.1,311.4
2023-07-20 07:26:00,148.6,318.2
2023-07-20 07:27:00,148.6,321.6
2023-07-20 07:28:00,148.6,328.3
2023-07-20 07:29:00,148.6,335.1
2023-07-20 07:30:00,148.6,338.5
2023-07-20 07:31:00,148.6,345.3
2023-07-20 07:32:00,162.1,348.7
2023-07-20 07:33:00,162.1,355.4
2023-07-20 07:34:00,162.1,362.2
2023-07-20 07:35:00,162.1,369
2023-07-20 07:36:00,189.1,365.6
2023-07-20 07:37:00,175.6,382.5
2023-07-20 07:38:00,175.6,392.7
2023-07-20 07:39:00,175.6,399.4
2023-07-20 07:40:00,182.3,406.2
2023-07-20 07:41:00,189.1,413
2023-07-20 07:42:00,189.1,419.7
2023-07-20 07:43:00,189.1,423.1
2023-07-20 07:44:00,189.1,429.9
2023-07-20 07:45:00,189.1,433.3
2023-07-20 07:46:00,202.6,440
2023-07-20 07:47:00,202.6,446.8
2023-07-20 07:48:00,202.6,453.6
2023-07-20 07:49:00,202.6,460.4
2023-07-20 07:50:00,202.6,460.4
2023-07-20 07:51:00,216.1,470.5
2023-07-20 07:52:00,216.1,473.9
2023-07-20 07:53:00,216.1,480.7
2023-07-20 07:54:00,216.1,487.4
2023-07-20 07:55:00,229.6,497.6
2023-07-20 07:56:00,229.6,504.4
2023-07-20 07:57:00,229.6,507.8
2023-07-20 07:58:00,229.6,516.2
2023-07-20 07:59:00,229.6,524.7
2023-07-20 08:00:00,243.1,534.8
2023-07-20 08:01:00,243.1,541.6
2023-07-20 08:02:00,243.1,548.4
2023-07-20 08:03:00,243.1,555.1
2023-07-20 08:04:00,256.6,561.9
2023-07-20 08:05:00,256.6,568.7
2023-07-20 08:06:00,256.6,575.5
2023-07-20 08:07:00,256.6,582.2
2023-07-20 08:08:00,270.1,589
2023-07-20 08:09:00,270.1,595.8
2023-07-20 08:10:00,270.1,602.5
2023-07-20 08:11:00,283.6,609.3
2023-07-20 08:12:00,283.6,616.1
2023-07-20 08:13:00,283.6,622.8
2023-07-20 08:14:00,283.6,629.6
2023-07-20 08:15:00,283.6,633
2023-07-20 08:16:00,283.6,639.8
2023-07-20 08:17:00,297.1,646.5
2023-07-20 08:18:00,297.1,656.7
2023-07-20 08:19:00,297.1,663.5
2023-07-20 08:20:00,310.6,670.2
2023-07-20 08:21:00,310.6,680.4
2023-07-20 08:22:00,310.6,687.1
2023-07-20 08:23:00,310.6,697.3
2023-07-20 08:24:00,324.1,704.1
2023-07-20 08:25:00,324.1,714.2
2023-07-20 08:26:00,337.7,721
2023-07-20 08:27:00,337.7,727.8
2023-07-20 08:28:00,337.7,734.6
2023-07-20 08:29:00,337.6,741.3
2023-07-20 08:30:00,337.6,744.7
2023-07-20 08:31:00,351.2,751.5
2023-07-20 08:32:00,351.2,758.2
2023-07-20 08:33:00,351.1,765
2023-07-20 08:34:00,351.2,771.8
2023-07-20 08:35:00,357.9,778.5
2023-07-20 08:36:00,364.7,785.3
2023-07-20 08:37:00,364.7,788.7
2023-07-20 08:38:00,364.7,795.4
2023-07-20 08:39:00,364.7,798.8
2023-07-20 08:40:00,378.2,806
2023-07-20 08:41:00,378.2,809
2023-07-20 08:42:00,378.2,816
2023-07-20 08:43:00,378.2,826
2023-07-20 08:44:00,391.7,833
2023-07-20 08:45:00,391.7,839
2023-07-20 08:46:00,391.7,846
2023-07-20 08:47:00,391.7,853
2023-07-20 08:48:00,405.2,856
2023-07-20 08:49:00,405.2,867
2023-07-20 08:50:00,405.2,870
2023-07-20 08:51:00,405.2,875
2023-07-20 08:52:00,418.7,882
2023-07-20 08:53:00,418.7,889
2023-07-20 08:54:00,418.7,897
2023-07-20 08:55:00,418.7,904
2023-07-20 08:56:00,425.5,907
2023-07-20 08:57:00,432.2,914
2023-07-20 08:58:00,432.2,914
2023-07-20 08:59:00,432.2,921
2023-07-20 09:00:00,445.7,927
2023-07-20 09:01:00,445.7,934
2023-07-20 09:02:00,445.7,941
2023-07-20 09:03:00,445.7,946
2023-07-20 09:04:00,445.7,951
2023-07-20 09:05:00,459.2,961
2023-07-20 09:06:00,459.2,968
2023-07-20 09:07:00,459.2,975
2023-07-20 09:08:00,459.2,982
2023-07-20 09:09:00,459.2,985
2023-07-20 09:10:00,472.7,995
2023-07-20 09:11:00,472.7,997
2023-07-20 09:12:00,472.7,1005
2023-07-20 09:13:00,472.7,1012
2023-07-20 09:14:00,486.2,1019
2023-07-20 09:15:00,486.3,1029
2023-07-20 09:16:00,486.2,1036
2023-07-20 09:17:00,499.8,1041
2023-07-20 09:18:00,499.8,1046
2023-07-20 09:19:00,499.7,1049
2023-07-20 09:20:00,499.7,1056
2023-07-20 09:21:00,513.3,1060
2023-07-20 09:22:00,513.3,1070
2023-07-20 09:23:00,513.3,1076
2023-07-20 09:24:00,526.8,1083
2023-07-20 09:25:00,526.8,1087
2023-07-20 09:26:00,526.8,1093
2023-07-20 09:27:00,526.8,1097
2023-07-20 09:28:00,526.8,1104
2023-07-20 09:29:00,540.3,1110
2023-07-20 09:30:00,540.3,1121
2023-07-20 09:31:00,540.3,1127
2023-07-20 09:32:00,540.3,1131
2023-07-20 09:33:00,553.8,1141
2023-07-20 09:34:00,553.8,1144
2023-07-20 09:35:00,553.8,1144
2023-07-20 09:36:00,553.8,1158
2023-07-20 09:37:00,553.8,1165
2023-07-20 09:38:00,553.8,1161
2023-07-20 09:39:00,553.8,1171
2023-07-20 09:40:00,567.3,1178
2023-07-20 09:41:00,567.3,1181
2023-07-20 09:42:00,567.3,1185
2023-07-20 09:43:00,567.3,1195
2023-07-20 09:44:00,580.8,1202
2023-07-20 09:45:00,580.8,1205
2023-07-20 09:46:00,580.8,1212
2023-07-20 09:47:00,580.8,1222
2023-07-20 09:48:00,594.3,1222
2023-07-20 09:49:00,594.3,1234
2023-07-20 09:50:00,594.3,1232
2023-07-20 09:51:00,594.3,1239
2023-07-20 09:52:00,607.8,1247
2023-07-20 09:53:00,594.3,1249
2023-07-20 09:54:00,607.8,1253
2023-07-20 09:55:00,607.8,1259
2023-07-20 09:56:00,621.4,1266
2023-07-20 09:57:00,621.4,1273
2023-07-20 09:58:00,621.4,1280
2023-07-20 09:59:00,621.4,1286
2023-07-20 10:00:00,634.9,1286
2023-07-20 10:01:00,634.9,1295
2023-07-20 10:02:00,634.9,1297
2023-07-20 10:03:00,634.9,1307
2023-07-20 10:04:00,634.9,1310
2023-07-20 10:05:00,641.6,1310
2023-07-20 10:06:00,648.4,1320
2023-07-20 10:07:00,648.4,1329
2023-07-20 10:08:00,648.4,1334
2023-07-20 10:09:00,661.9,1341
2023-07-20 10:10:00,661.9,1344
2023-07-20 10:11:00,661.9,1349
2023-07-20 10:12:00,661.9,1363
2023-07-20 10:13:00,661.9,1364
2023-07-20 10:14:00,661.9,1375
2023-07-20 10:15:00,675.4,1378
2023-07-20 10:16:00,675.4,1388
2023-07-20 10:17:00,688.9,1397
2023-07-20 10:18:00,675.4,1398
2023-07-20 10:19:00,688.9,1403
2023-07-20 10:20:00,688.9,1407
2023-07-20 10:21:00,688.9,1413
2023-07-20 10:22:00,688.9,1415
2023-07-20 10:23:00,688.9,1417
2023-07-20 10:24:00,688.9,1422
2023-07-20 10:25:00,702.5,1429
2023-07-20 10:26:00,702.4,1432
2023-07-20 10:27:00,702.5,1439
2023-07-20 10:28:00,716,1442
2023-07-20 10:29:00,716,1452
2023-07-20 10:30:00,729.5,1458
2023-07-20 10:31:00,729.5,1461
2023-07-20 10:32:00,729.5,1469
2023-07-20 10:33:00,729.5,1480
2023-07-20 10:34:00,729.5,1476
2023-07-20 10:35:00,743,1493
2023-07-20 10:36:00,743,1500
2023-07-20 10:37:00,743,1507
2023-07-20 10:38:00,743,1503
2023-07-20 10:39:00,743,1510
2023-07-20 10:40:00,736.2,1493
2023-07-20 10:41:00,729.5,1500
2023-07-20 10:42:00,743,1518
2023-07-20 10:43:00,756.5,1530
2023-07-20 10:44:00,756.5,1527
2023-07-20 10:45:00,756.5,1524
2023-07-20 10:46:00,756.5,1527
2023-07-20 10:47:00,770,1541
2023-07-20 10:48:00,770,1564
2023-07-20 10:49:00,770,1564
2023-07-20 10:50:00,770,1568
2023-07-20 10:51:00,756.5,1537
2023-07-20 10:52:00,776.8,1571
2023-07-20 10:53:00,776.8,1574
2023-07-20 10:54:00,790.3,1595
2023-07-20 10:55:00,811,1632
2023-07-20 10:56:00,811,1639
2023-07-20 10:57:00,811,1639
2023-07-20 10:58:00,824,1649
2023-07-20 10:59:00,811,1656
2023-07-20 11:00:00,824,1652
2023-07-20 11:01:00,838,1659
2023-07-20 11:02:00,838,1666
2023-07-20 11:03:00,824,1649
2023-07-20 11:04:00,838,1661
2023-07-20 11:05:00,824,1652
2023-07-20 11:06:00,838,1666
2023-07-20 11:07:00,838,1686
2023-07-20 11:08:00,851,1696
2023-07-20 11:09:00,851,1706
2023-07-20 11:10:00,865,1723
2023-07-20 11:11:00,865,1730
2023-07-20 11:12:00,865,1730
2023-07-20 11:13:00,865,1735
2023-07-20 11:14:00,865,1749
2023-07-20 11:15:00,878,1754
2023-07-20 11:16:00,892,1767
2023-07-20 11:17:00,878,1750
2023-07-20 11:18:00,865,1737
2023-07-20 11:19:00,892,1767
2023-07-20 11:20:00,919,1818
2023-07-20 11:21:00,939,1857
2023-07-20 11:22:00,946,1869
2023-07-20 11:23:00,973,1920
2023-07-20 11:24:00,959,1896
2023-07-20 11:25:00,973,1906
2023-07-20 11:26:00,898,1771
2023-07-20 11:27:00,878,1730
2023-07-20 11:28:00,513.4,1028
2023-07-20 11:29:00,310.7,673.8
2023-07-20 11:30:00,310.7,670.4
2023-07-20 11:31:00,594.4,1195
2023-07-20 11:32:00,675.5,1363
2023-07-20 11:33:00,283.7,612.8
2023-07-20 11:34:00,297.2,633.1
2023-07-20 11:35:00,378.3,816
2023-07-20 11:36:00,297.2,636.5
2023-07-20 11:37:00,892,1700
2023-07-20 11:38:00,499.8,1017
2023-07-20 11:39:00,256.7,565.4
2023-07-20 11:40:00,756.5,1483
2023-07-20 11:41:00,229.7,514.6
2023-07-20 11:42:00,243.2,531.6
2023-07-20 11:43:00,243.2,541.7
2023-07-20 11:44:00,256.7,555.3
2023-07-20 11:45:00,256.7,548.5
2023-07-20 11:46:00,256.7,565.4
2023-07-20 11:47:00,283.7,606.1
2023-07-20 11:48:00,919,1774
2023-07-20 11:49:00,946,1822
2023-07-20 11:50:00,973,1883
2023-07-20 11:51:00,973,1889
2023-07-20 11:52:00,959,1855
2023-07-20 11:53:00,919,1788
2023-07-20 11:54:00,946,1825
2023-07-20 11:55:00,925,1801
2023-07-20 11:56:00,959,1859
2023-07-20 11:57:00,892,1703
2023-07-20 11:58:00,1000,1927
2023-07-20 11:59:00,662,1364
2023-07-20 12:00:00,324.2,697.5
2023-07-20 12:01:00,304,667
2023-07-20 12:02:00,310.7,677.2
2023-07-20 12:03:00,351.2,758.4
2023-07-20 12:04:00,1000,1906
2023-07-20 12:05:00,1000,1910
2023-07-20 12:06:00,1027,1965
2023-07-20 12:07:00,1054,2018
2023-07-20 12:08:00,1040,1998
2023-07-20 12:09:00,1027,2004
2023-07-20 12:10:00,1040,2011
2023-07-20 12:11:00,1108,2130
2023-07-20 12:12:00,1094,2113
2023-07-20 12:13:00,1067,2082
2023-07-20 12:14:00,1013,1954
2023-07-20 12:15:00,1013,1971
2023-07-20 12:16:00,459.3,979
2023-07-20 12:17:00,1040,2011
2023-07-20 12:18:00,1027,1998
2023-07-20 12:19:00,959,1893
2023-07-20 12:20:00,432.3,929
2023-07-20 12:21:00,986,1927
2023-07-20 12:22:00,1054,2040
2023-07-20 12:23:00,1054,2059
2023-07-20 12:24:00,1040,2018
2023-07-20 12:25:00,838,1629
2023-07-20 12:26:00,371.5,778.7
2023-07-20 12:27:00,351.2,738.1
2023-07-20 12:28:00,337.7,694.1
2023-07-20 12:29:00,324.2,677.2
2023-07-20 12:30:00,324.2,670.4
2023-07-20 12:31:00,324.2,663.6
2023-07-20 12:32:00,324.2,670.4
2023-07-20 12:33:00,337.7,697.5
2023-07-20 12:34:00,378.3,782.1
2023-07-20 12:35:00,743,1466
2023-07-20 12:36:00,770,1519
2023-07-20 12:37:00,770,1517
2023-07-20 12:38:00,743,1459
2023-07-20 12:39:00,770,1510
2023-07-20 12:40:00,689,1370
2023-07-20 12:41:00,702.5,1388
2023-07-20 12:42:00,662,1327
2023-07-20 12:43:00,675.5,1331
2023-07-20 12:44:00,405.3,826
2023-07-20 12:45:00,418.8,853
2023-07-20 12:46:00,378.3,782.1
2023-07-20 12:47:00,351.2,727.9
2023-07-20 12:48:00,337.7,707.6
2023-07-20 12:49:00,351.2,707.6
2023-07-20 12:50:00,364.8,751.7
2023-07-20 12:51:00,391.8,808
2023-07-20 12:52:00,405.3,818
2023-07-20 12:53:00,378.3,782.1
2023-07-20 12:54:00,405.3,816
2023-07-20 12:55:00,445.8,904
2023-07-20 12:56:00,662,1290
2023-07-20 12:57:00,621.4,1256
2023-07-20 12:58:00,580.9,1168
2023-07-20 12:59:00,513.4,1050
2023-07-20 13:00:00,621.4,1232
2023-07-20 13:01:00,675.5,1337
2023-07-20 13:02:00,607.9,1222
2023-07-20 13:03:00,648.5,1320
2023-07-20 13:04:00,743,1456
2023-07-20 13:05:00,689,1378
2023-07-20 13:06:00,783.5,1557
2023-07-20 13:07:00,607.9,1239
2023-07-20 13:08:00,499.8,1002
2023-07-20 13:09:00,486.3,995
2023-07-20 13:10:00,459.3,941
2023-07-20 13:11:00,459.3,938
2023-07-20 13:12:00,445.8,931
2023-07-20 13:13:00,567.4,1155
2023-07-20 13:14:00,580.9,1165
2023-07-20 13:15:00,472.8,963
2023-07-20 13:16:00,405.3,846
2023-07-20 13:17:00,378.3,792.3
2023-07-20 13:18:00,364.8,765.2
2023-07-20 13:19:00,364.8,744.9
2023-07-20 13:20:00,351.2,727.9
2023-07-20 13:21:00,351.2,717.8
2023-07-20 13:22:00,337.7,697.5
2023-07-20 13:23:00,337.7,690.7
2023-07-20 13:24:00,337.7,687.3
2023-07-20 13:25:00,324.2,687.3
2023-07-20 13:26:00,337.7,697.5
2023-07-20 13:27:00,337.7,704.2
2023-07-20 13:28:00,391.8,806
2023-07-20 13:29:00,351.2,731.3
2023-07-20 13:30:00,337.7,707.6
2023-07-20 13:31:00,324.2,682.2
2023-07-20 13:32:00,351.2,724.6
2023-07-20 13:33:00,337.7,687.3
2023-07-20 13:34:00,337.7,694.1
2023-07-20 13:35:00,337.7,697.5
2023-07-20 13:36:00,337.7,694.1
2023-07-20 13:37:00,324.2,683.9
2023-07-20 13:38:00,331,690.7
2023-07-20 13:39:00,337.7,711
2023-07-20 13:40:00,358,748.3
2023-07-20 13:41:00,391.8,806
2023-07-20 13:42:00,553.9,1107
2023-07-20 13:43:00,621.4,1239
2023-07-20 13:44:00,513.4,1029
2023-07-20 13:45:00,526.9,1070
2023-07-20 13:46:00,553.9,1117
2023-07-20 13:47:00,594.4,1195
2023-07-20 13:48:00,662,1314
2023-07-20 13:49:00,648.5,1290
2023-07-20 13:50:00,898,1750
2023-07-20 13:51:00,851,1669
2023-07-20 13:52:00,1027,2001
2023-07-20 13:53:00,946,1876
2023-07-20 13:54:00,783.5,1581
2023-07-20 13:55:00,729.5,1463
2023-07-20 13:56:00,594.4,1204
2023-07-20 13:57:00,634.9,1290
2023-07-20 13:58:00,513.4,1036
2023-07-20 13:59:00,432.3,887
2023-07-20 14:00:00,425.5,877
2023-07-20 14:01:00,418.8,868
2023-07-20 14:02:00,432.3,890
2023-07-20 14:03:00,486.3,989
2023-07-20 14:04:00,432.3,901
2023-07-20 14:05:00,445.8,907
2023-07-20 14:06:00,432.3,896
2023-07-20 14:07:00,418.8,874
2023-07-20 14:08:00,418.8,874
2023-07-20 14:09:00,445.8,931
2023-07-20 14:10:00,459.3,948
2023-07-20 14:11:00,391.8,816
2023-07-20 14:12:00,378.3,785.5
2023-07-20 14:13:00,378.3,778.7
2023-07-20 14:14:00,378.3,782.1
2023-07-20 14:15:00,364.8,772
2023-07-20 14:16:00,364.8,775.4
2023-07-20 14:17:00,364.8,772
2023-07-20 14:18:00,364.8,751.7
2023-07-20 14:19:00,351.2,738.1
2023-07-20 14:20:00,351.2,721.2
2023-07-20 14:21:00,337.7,700.9
2023-07-20 14:22:00,337.7,694.1
2023-07-20 14:23:00,324.2,690.7
2023-07-20 14:24:00,337.7,700.9
2023-07-20 14:25:00,337.7,717.8
2023-07-20 14:26:00,351.2,744.9
2023-07-20 14:27:00,371.5,775.4
2023-07-20 14:28:00,378.3,799.1
2023-07-20 14:29:00,391.8,816
2023-07-20 14:30:00,391.8,826
2023-07-20 14:31:00,391.8,830
2023-07-20 14:32:00,405.3,840
2023-07-20 14:33:00,405.3,853
2023-07-20 14:34:00,418.8,863
2023-07-20 14:35:00,405.3,857
2023-07-20 14:36:00,405.3,857
2023-07-20 14:37:00,391.8,826
2023-07-20 14:38:00,405.3,833
2023-07-20 14:39:00,418.8,880
2023-07-20 14:40:00,432.3,904
2023-07-20 14:41:00,445.8,921
2023-07-20 14:42:00,445.8,938
2023-07-20 14:43:00,486.3,1006
2023-07-20 14:44:00,486.3,1006
2023-07-20 14:45:00,513.4,1070
2023-07-20 14:46:00,486.3,1016
2023-07-20 14:47:00,459.3,948
2023-07-20 14:48:00,418.8,874
2023-07-20 14:49:00,405.3,843
2023-07-20 14:50:00,371.5,788.9
2023-07-20 14:51:00,364.8,772
2023-07-20 14:52:00,378.3,788.9
2023-07-20 14:53:00,351.2,743.2
2023-07-20 14:54:00,337.7,707.6
2023-07-20 14:55:00,324.2,700.9
2023-07-20 14:56:00,337.7,711
2023-07-20 14:57:00,337.7,717.8
2023-07-20 14:58:00,351.2,734.7
2023-07-20 14:59:00,351.2,734.7
2023-07-20 15:00:00,351.2,750
2023-07-20 15:01:00,364.8,755
2023-07-20 15:02:00,364.8,755
2023-07-20 15:03:00,351.2,751.7
2023-07-20 15:04:00,351.2,738.1
2023-07-20 15:05:00,351.2,727.9
2023-07-20 15:06:00,364.8,761.8
2023-07-20 15:07:00,324.2,680.5
2023-07-20 15:08:00,310.7,663.6
2023-07-20 15:09:00,310.7,660.2
2023-07-20 15:10:00,324.2,670.4
2023-07-20 15:11:00,324.2,680.5
2023-07-20 15:12:00,337.7,700.9
2023-07-20 15:13:00,351.2,734.7
2023-07-20 15:14:00,364.8,758.4
2023-07-20 15:15:00,391.8,806
2023-07-20 15:16:00,418.8,853
2023-07-20 15:17:00,445.8,907
2023-07-20 15:18:00,459.3,953
2023-07-20 15:19:00,459.3,948
2023-07-20 15:20:00,499.8,1029
2023-07-20 15:21:00,594.4,1212
2023-07-20 15:22:00,770,1549
2023-07-20 15:23:00,621.4,1270
2023-07-20 15:24:00,1000,1967
2023-07-20 15:25:00,946,1879
2023-07-20 15:26:00,675.5,1392
2023-07-20 15:27:00,959,1872
2023-07-20 15:28:00,851,1720
2023-07-20 15:29:00,838,1681
2023-07-20 15:30:00,851,1683
2023-07-20 15:31:00,811,1622
2023-07-20 15:32:00,580.9,1199
2023-07-20 15:33:00,756.5,1527
2023-07-20 15:34:00,892,1757
2023-07-20 15:35:00,621.4,1263
2023-07-20 15:36:00,621.4,1256
2023-07-20 15:37:00,770,1544
2023-07-20 15:38:00,905,1805
2023-07-20 15:39:00,1013,1967
2023-07-20 15:40:00,811,1617
2023-07-20 15:41:00,621.4,1266
2023-07-20 15:42:00,729.5,1466
2023-07-20 15:43:00,486.3,1009
2023-07-20 15:44:00,445.8,907
2023-07-20 15:45:00,391.8,823
2023-07-20 15:46:00,364.8,765.2
2023-07-20 15:47:00,364.8,753.3
2023-07-20 15:48:00,378.3,775.4
2023-07-20 15:49:00,364.8,751.7
2023-07-20 15:50:00,378.3,785.5
2023-07-20 15:51:00,418.8,870
2023-07-20 15:52:00,391.8,816
2023-07-20 15:53:00,621.4,1256
2023-07-20 15:54:00,756.5,1510
2023-07-20 15:55:00,567.4,1138
2023-07-20 15:56:00,499.8,1026
2023-07-20 15:57:00,445.8,928
2023-07-20 15:58:00,567.4,1165
2023-07-20 15:59:00,594.4,1199
2023-07-20 16:00:00,648.5,1307
2023-07-20 16:01:00,655.2,1327
2023-07-20 16:02:00,689,1395
2023-07-20 16:03:00,675.5,1368
2023-07-20 16:04:00,824,1656
2023-07-20 16:05:00,770,1554
2023-07-20 16:06:00,797.1,1601
2023-07-20 16:07:00,702.5,1415
2023-07-20 16:08:00,756.5,1520
2023-07-20 16:09:00,405.3,874
2023-07-20 16:10:00,378.3,788.9
2023-07-20 16:11:00,351.2,734.7
2023-07-20 16:12:00,351.2,727.9
2023-07-20 16:13:00,364.8,758.4
2023-07-20 16:14:00,364.8,772
2023-07-20 16:15:00,391.8,806
2023-07-20 16:16:00,499.8,1012
2023-07-20 16:17:00,580.9,1161
2023-07-20 16:18:00,594.4,1188
2023-07-20 16:19:00,567.4,1155
2023-07-20 16:20:00,445.8,901
2023-07-20 16:21:00,499.8,1012
2023-07-20 16:22:00,445.8,914
2023-07-20 16:23:00,418.8,863
2023-07-20 16:24:00,405.3,826
2023-07-20 16:25:00,378.3,772
2023-07-20 16:26:00,351.2,731.3
2023-07-20 16:27:00,337.7,700.9
2023-07-20 16:28:00,337.7,714.4
2023-07-20 16:29:00,337.7,714.4
2023-07-20 16:30:00,351.2,734.7
2023-07-20 16:31:00,364.8,761.8
2023-07-20 16:32:00,364.8,758.4
2023-07-20 16:33:00,364.8,751.7
2023-07-20 16:34:00,418.8,853
2023-07-20 16:35:00,418.8,846
2023-07-20 16:36:00,418.8,867
2023-07-20 16:37:00,459.3,941
2023-07-20 16:38:00,499.8,1012
2023-07-20 16:39:00,513.4,1029
2023-07-20 16:40:00,405.3,841
2023-07-20 16:41:00,405.3,840
2023-07-20 16:42:00,391.8,813
2023-07-20 16:43:00,391.8,799.1
2023-07-20 16:44:00,418.8,853
2023-07-20 16:45:00,391.8,799.1
2023-07-20 16:46:00,391.8,809
2023-07-20 16:47:00,324.2,680.5
2023-07-20 16:48:00,324.2,683.9
2023-07-20 16:49:00,324.2,680.5
2023-07-20 16:50:00,351.2,731.3
2023-07-20 16:51:00,344.5,717.8
2023-07-20 16:52:00,364.8,758.4
2023-07-20 16:53:00,351.2,738.1
2023-07-20 16:54:00,391.8,816
2023-07-20 16:55:00,378.3,795.7
2023-07-20 16:56:00,351.2,731.3
2023-07-20 16:57:00,351.2,738.1
2023-07-20 16:58:00,324.2,687.3
2023-07-20 16:59:00,324.2,673.8
2023-07-20 17:00:00,310.7,660.2
2023-07-20 17:01:00,297.2,623
2023-07-20 17:02:00,283.7,606.1
2023-07-20 17:03:00,283.7,595.9
2023-07-20 17:04:00,283.7,585.7
2023-07-20 17:05:00,270.2,579
2023-07-20 17:06:00,283.7,589.1
2023-07-20 17:07:00,270.2,579
2023-07-20 17:08:00,270.2,582.4
2023-07-20 17:09:00,270.2,579
2023-07-20 17:10:00,276.9,582.4
2023-07-20 17:11:00,270.2,575.6
2023-07-20 17:12:00,270.2,568.8
2023-07-20 17:13:00,270.2,558.7
2023-07-20 17:14:00,256.7,548.5
2023-07-20 17:15:00,256.7,538.3
2023-07-20 17:16:00,256.7,531.6
2023-07-20 17:17:00,256.7,524.8
2023-07-20 17:18:00,249.9,521.4
2023-07-20 17:19:00,256.7,524.8
2023-07-20 17:20:00,256.7,531.6
2023-07-20 17:21:00,256.7,524.8
2023-07-20 17:22:00,256.7,524.8
2023-07-20 17:23:00,249.9,521.4
2023-07-20 17:24:00,256.7,541.7
2023-07-20 17:25:00,270.2,572.2
2023-07-20 17:26:00,283.7,589.1
2023-07-20 17:27:00,304,623
2023-07-20 17:28:00,310.7,633.1
2023-07-20 17:29:00,297.2,616.2
2023-07-20 17:30:00,297.2,623
2023-07-20 17:31:00,297.2,609.4
2023-07-20 17:32:00,283.7,595.9
2023-07-20 17:33:00,283.7,579
2023-07-20 17:34:00,270.2,555.3
2023-07-20 17:35:00,256.7,535
2023-07-20 17:36:00,243.2,514.6
2023-07-20 17:37:00,243.2,501.1
2023-07-20 17:38:00,229.7,487.6
2023-07-20 17:39:00,229.7,474
2023-07-20 17:40:00,216.2,457.1
2023-07-20 17:41:00,216.2,443.5
2023-07-20 17:42:00,202.6,426.6
2023-07-20 17:43:00,202.6,416.5
2023-07-20 17:44:00,189.1,402.9
2023-07-20 17:45:00,189.1,389.4
2023-07-20 17:46:00,175.6,375.8
2023-07-20 17:47:00,175.6,358.9
2023-07-20 17:48:00,162.1,348.7
2023-07-20 17:49:00,162.1,338.6
2023-07-20 17:50:00,148.6,328.4
2023-07-20 17:51:00,148.6,325
2023-07-20 17:52:00,148.6,318.3
2023-07-20 17:53:00,148.6,311.5
2023-07-20 17:54:00,135.1,308.1
2023-07-20 17:55:00,135.1,308.1
2023-07-20 17:56:00,135.1,304.7
2023-07-20 17:57:00,135.1,308.1
2023-07-20 17:58:00,141.8,306.4
2023-07-20 17:59:00,135.1,304.7
2023-07-20 18:00:00,135.1,298
2023-07-20 18:01:00,135.1,287.8
2023-07-20 18:02:00,121.6,277.6
2023-07-20 18:03:00,121.6,267.5
2023-07-20 18:04:00,121.6,260.7
2023-07-20 18:05:00,108.1,253.9
2023-07-20 18:06:00,108.1,247.2
2023-07-20 18:07:00,108.1,243.8
2023-07-20 18:08:00,108.1,240.4
2023-07-20 18:09:00,108.1,237
2023-07-20 18:10:00,108.1,238.7
2023-07-20 18:11:00,108.1,240.4
2023-07-20 18:12:00,108.1,245.5
2023-07-20 18:13:00,108.1,247.2
2023-07-20 18:14:00,108.1,250.6
2023-07-20 18:15:00,108.1,250.5
2023-07-20 18:16:00,108.1,247.2
2023-07-20 18:17:00,108.1,247.2
2023-07-20 18:18:00,108.1,247.2
2023-07-20 18:19:00,114.8,250.5
2023-07-20 18:20:00,121.6,253.9
2023-07-20 18:21:00,121.6,260.7
2023-07-20 18:22:00,121.6,270.9
2023-07-20 18:23:00,135.1,281
2023-07-20 18:24:00,135.1,281
2023-07-20 18:25:00,135.1,284.4
2023-07-20 18:26:00,135.1,281
2023-07-20 18:27:00,135.1,284.4
2023-07-20 18:28:00,121.6,274.3
2023-07-20 18:29:00,121.6,269.2
2023-07-20 18:30:00,121.6,267.5
2023-07-20 18:31:00,121.6,267.5
2023-07-20 18:32:00,121.6,274.2
2023-07-20 18:33:00,121.6,274.2
2023-07-20 18:34:00,121.6,284.4
2023-07-20 18:35:00,128.3,281
2023-07-20 18:36:00,121.6,270.9
2023-07-20 18:37:00,121.6,264.1
2023-07-20 18:38:00,121.6,264.1
2023-07-20 18:39:00,135.1,270.9
2023-07-20 18:40:00,121.6,267.5
2023-07-20 18:41:00,135.1,267.5
2023-07-20 18:42:00,135.1,277.6
2023-07-20 18:43:00,162.1,291.2
2023-07-20 18:44:00,310.7,321.6
2023-07-20 18:45:00,324.2,341.9
2023-07-20 18:46:00,297.2,362.3
2023-07-20 18:47:00,310.7,419.8
2023-07-20 18:48:00,270.2,450.3
2023-07-20 18:49:00,310.7,529.9
2023-07-20 18:50:00,297.2,538.3
2023-07-20 18:51:00,297.2,568.8
2023-07-20 18:52:00,310.7,589.1
2023-07-20 18:53:00,270.2,541.7
2023-07-20 18:54:00,297.2,580.7
2023-07-20 18:55:00,297.2,579
2023-07-20 18:56:00,229.6,474
2023-07-20 18:57:00,162.1,358.9
2023-07-20 18:58:00,148.6,314.9
2023-07-20 18:59:00,135.1,287.8
2023-07-20 19:00:00,135.1,287.8
2023-07-20 19:01:00,141.8,308.1
2023-07-20 19:02:00,135.1,301.3
2023-07-20 19:03:00,148.6,314.9
2023-07-20 19:04:00,121.6,277.6
2023-07-20 19:05:00,121.6,284.4
2023-07-20 19:06:00,108.1,264.1
2023-07-20 19:07:00,94.6,237
2023-07-20 19:08:00,81.1,203.1
2023-07-20 19:09:00,81.1,189.6
2023-07-20 19:10:00,81.1,172.7
2023-07-20 19:11:00,81.1,159.1
2023-07-20 19:12:00,81.1,152.4
2023-07-20 19:13:00,81.1,152.4
2023-07-20 19:14:00,81.1,159.1
2023-07-20 19:15:00,81.1,162.5
2023-07-20 19:16:00,81.1,165.9
2023-07-20 19:17:00,81.1,159.1
2023-07-20 19:18:00,81.1,152.4
2023-07-20 19:19:00,81.1,155.7
2023-07-20 19:20:00,81.1,155.7
2023-07-20 19:21:00,81.1,159.1
2023-07-20 19:22:00,81.1,162.5
2023-07-20 19:23:00,81.1,162.5
2023-07-20 19:24:00,81.1,162.5
2023-07-20 19:25:00,81.1,159.1
2023-07-20 19:26:00,81.1,155.7
2023-07-20 19:27:00,81.1,152.4
2023-07-20 19:28:00,81.1,145.6
2023-07-20 19:29:00,81.1,142.2
2023-07-20 19:30:00,81.1,135.4
2023-07-20 19:31:00,67.54,132
2023-07-20 19:32:00,67.54,125.3
2023-07-20 19:33:00,67.54,121.9
2023-07-20 19:34:00,67.54,118.5
2023-07-20 19:35:00,67.54,118.5
2023-07-20 19:36:00,67.54,115.1
2023-07-20 19:37:00,54.04,111.7
2023-07-20 19:38:00,54.04,111.7
2023-07-20 19:39:00,54.04,108.3
2023-07-20 19:40:00,54.04,105
2023-07-20 19:41:00,54.04,105
2023-07-20 19:42:00,54.04,101.6
2023-07-20 19:43:00,54.04,101.6
2023-07-20 19:44:00,54.04,98.2
2023-07-20 19:45:00,54.04,94.8
2023-07-20 19:46:00,54.03,91.4
2023-07-20 19:47:00,54.03,86.3
2023-07-20 19:48:00,40.52,81.3
2023-07-20 19:49:00,40.52,77.87
2023-07-20 19:50:00,40.52,74.48
2023-07-20 19:51:00,40.52,71.09
2023-07-20 19:52:00,40.52,67.71
2023-07-20 19:53:00,40.52,67.71
2023-07-20 19:54:00,40.52,64.32
2023-07-20 19:55:00,40.52,60.94
2023-07-20 19:56:00,40.52,60.94
2023-07-20 19:57:00,40.52,57.55
2023-07-20 19:58:00,27.01,54.16
2023-07-20 19:59:00,27.01,54.16
2023-07-20 20:00:00,27.01,50.78
2023-07-20 20:01:00,27.01,47.39
2023-07-20 20:02:00,27.01,44.01
2023-07-20 20:03:00,27.01,44.01
2023-07-20 20:04:00,27.01,40.62
2023-07-20 20:05:00,27.01,37.24
2023-07-20 20:06:00,27.01,37.24
2023-07-20 20:07:00,27.01,33.85
2023-07-20 20:08:00,27.01,32.16
2023-07-27 06:35:00,20.26,37.24
2023-07-27 06:36:00,27.01,37.24
2023-07-27 06:37:00,27.01,40.62
2023-07-27 06:38:00,27.01,44.01
2023-07-27 06:39:00,27.01,47.39
2023-07-27 06:40:00,27.01,47.39
2023-07-27 06:41:00,27.01,50.78
2023-07-27 06:42:00,40.52,54.16
2023-07-27 06:43:00,40.52,60.93
2023-07-27 06:44:00,40.52,60.93
2023-07-27 06:45:00,40.52,66.01
2023-07-27 06:46:00,40.52,67.7
2023-07-27 06:47:00,40.52,71.09
2023-07-27 06:48:00,54.03,74.47
2023-07-27 06:49:00,54.03,79.55
2023-07-27 06:50:00,54.03,84.6
2023-07-27 06:51:00,54.03,88
2023-07-27 06:52:00,54.03,91.4
2023-07-27 06:53:00,54.03,94.8
2023-07-27 06:54:00,54.03,98.2
2023-07-27 06:55:00,67.53,101.6
2023-07-27 06:56:00,67.53,104.9
2023-07-27 06:57:00,67.53,111.7
2023-07-27 06:58:00,67.53,115.1
2023-07-27 06:59:00,67.53,118.5
2023-07-27 07:00:00,67.53,125.3
2023-07-27 07:01:00,67.53,128.6
2023-07-27 07:02:00,81,132
2023-07-27 07:03:00,81,138.8
2023-07-27 07:04:00,81,142.2
2023-07-27 07:05:00,81,145.6
2023-07-27 07:06:00,81,152.3
2023-07-27 07:07:00,81,155.7
2023-07-27 07:08:00,81,159.1
2023-07-27 07:09:00,81,165.9
2023-07-27 07:10:00,81,169.3
2023-07-27 07:11:00,81,172.6
2023-07-27 07:12:00,81,176
2023-07-27 07:13:00,81,182.8
2023-07-27 07:14:00,81,186.2
2023-07-27 07:15:00,94.5,193
2023-07-27 07:16:00,94.5,196.3
2023-07-27 07:17:00,94.5,203.1
2023-07-27 07:18:00,94.5,206.5
2023-07-27 07:19:00,94.5,209.9
2023-07-27 07:20:00,94.5,213.3
2023-07-27 07:21:00,108.1,220
2023-07-27 07:22:00,108.1,223.4
2023-07-27 07:23:00,108.1,230.2
2023-07-27 07:24:00,108.1,233.6
2023-07-27 07:25:00,121.6,240.3
2023-07-27 07:26:00,121.6,243.7
2023-07-27 07:27:00,121.6,250.5
2023-07-27 07:28:00,121.6,253.9
2023-07-27 07:29:00,121.6,260.7
2023-07-27 07:30:00,121.6,264
2023-07-27 07:31:00,135.1,270.8
2023-07-27 07:32:00,135.1,277.6
2023-07-27 07:33:00,135.1,284.4
2023-07-27 07:34:00,135.1,291.1
2023-07-27 07:35:00,148.6,297.9
2023-07-27 07:36:00,148.6,304.7
2023-07-27 07:37:00,148.6,311.4
2023-07-27 07:38:00,148.6,318.2
2023-07-27 07:39:00,148.6,325
2023-07-27 07:40:00,162.1,328.4
2023-07-27 07:41:00,162.1,335.1
2023-07-27 07:42:00,162.1,341.9
2023-07-27 07:43:00,162.1,345.3
2023-07-27 07:44:00,168.8,355.4
2023-07-27 07:45:00,175.6,358.8
2023-07-27 07:46:00,175.6,362.2
2023-07-27 07:47:00,175.6,365.6
2023-07-27 07:48:00,175.6,372.4
2023-07-27 07:49:00,175.6,379.1
2023-07-27 07:50:00,182.3,384.2
2023-07-27 07:51:00,189.1,389.3
2023-07-27 07:52:00,189.1,396.1
2023-07-27 07:53:00,189.1,402.8
2023-07-27 07:54:00,189.1,413
2023-07-27 07:55:00,202.6,416.4
2023-07-27 07:56:00,202.6,426.5
2023-07-27 07:57:00,202.6,433.3
2023-07-27 07:58:00,202.6,436.7
2023-07-27 07:59:00,216.1,446.8
2023-07-27 08:00:00,216.1,453.6
2023-07-27 08:01:00,216.1,457
2023-07-27 08:02:00,216.1,463.8
2023-07-27 08:03:00,216.1,470.5
2023-07-27 08:04:00,229.6,477.3
2023-07-27 08:05:00,229.6,484.1
2023-07-27 08:06:00,229.6,494.2
2023-07-27 08:07:00,236.4,497.6
2023-07-27 08:08:00,243.1,504.4
2023-07-27 08:09:00,243.1,514.5
2023-07-27 08:10:00,243.1,517.9
2023-07-27 08:11:00,256.6,531.5
2023-07-27 08:12:00,256.6,534.8
2023-07-27 08:13:00,256.6,541.6
2023-07-27 08:14:00,256.6,545
2023-07-27 08:15:00,256.6,558.5
2023-07-27 08:16:00,270.1,565.3
2023-07-27 08:17:00,270.1,572.1
2023-07-27 08:18:00,276.9,585.6
2023-07-27 08:19:00,283.6,589
2023-07-27 08:20:00,283.6,602.5
2023-07-27 08:21:00,283.6,605.9
2023-07-27 08:22:00,283.6,612.7
2023-07-27 08:23:00,297.1,616.1
2023-07-27 08:24:00,297.1,622.9
2023-07-27 08:25:00,297.1,633
2023-07-27 08:26:00,297.1,629.6
2023-07-27 08:27:00,310.7,643.2
2023-07-27 08:28:00,310.7,653.3
2023-07-27 08:29:00,310.7,660.1
2023-07-27 08:30:00,310.7,666.9
2023-07-27 08:31:00,324.2,673.6
2023-07-27 08:32:00,324.2,683.8
2023-07-27 08:33:00,324.2,673.6
2023-07-27 08:34:00,324.2,690.6
2023-07-27 08:35:00,324.2,694
2023-07-27 08:36:00,QCF,694
2023-07-27 08:37:00,337.7,710.9
2023-07-27 08:38:00,337.7,717.6
2023-07-27 08:39:00,337.7,724.4
2023-07-27 08:40:00,351.2,734.6
2023-07-27 08:41:00,351.2,738
2023-07-27 08:42:00,351.2,741.4
2023-07-27 08:43:00,351.2,741.3
2023-07-27 08:44:00,364.7,758.3
2023-07-27 08:45:00,364.7,754.9
2023-07-27 08:46:00,364.7,771.8
2023-07-27 08:47:00,378.2,782
2023-07-27 08:48:00,378.2,785.4
2023-07-27 08:49:00,378.2,785.4
2023-07-27 08:50:00,378.2,798.9
2023-07-27 08:51:00,384.9,804
2023-07-27 08:52:00,391.7,809
2023-07-27 08:53:00,391.7,812
2023-07-27 08:54:00,391.7,826
2023-07-27 08:55:00,405.2,833
2023-07-27 08:56:00,405.2,840
2023-07-27 08:57:00,405.2,845
2023-07-27 08:58:00,405.2,853
2023-07-27 08:59:00,418.7,860
2023-07-27 09:00:00,418.7,863
2023-07-27 09:01:00,418.7,870
2023-07-27 09:02:00,418.7,877
2023-07-27 09:03:00,432.2,884
2023-07-27 09:04:00,432.2,890
2023-07-27 09:05:00,432.2,897
2023-07-27 09:06:00,432.2,900
2023-07-27 09:07:00,445.7,907
2023-07-27 09:08:00,445.7,916
2023-07-27 09:09:00,445.7,921
2023-07-27 09:10:00,445.7,924
2023-07-27 09:11:00,459.2,931
2023-07-27 09:12:00,459.2,938
2023-07-27 09:13:00,459.2,944
2023-07-27 09:14:00,459.2,948
2023-07-27 09:15:00,472.7,961
2023-07-27 09:16:00,466,965
2023-07-27 09:17:00,472.7,972
2023-07-27 09:18:00,472.7,978
2023-07-27 09:19:00,472.7,985
2023-07-27 09:20:00,486.3,992
2023-07-27 09:21:00,486.3,997
2023-07-27 09:22:00,486.3,1005
2023-07-27 09:23:00,486.3,1009
2023-07-27 09:24:00,499.8,1017
2023-07-27 09:25:00,499.8,1026
2023-07-27 09:26:00,499.8,1032
2023-07-27 09:27:00,513.3,1036
2023-07-27 09:28:00,513.3,1039
2023-07-27 09:29:00,513.3,1051
2023-07-27 09:30:00,513.3,1053
2023-07-27 09:31:00,526.8,1063
2023-07-27 09:32:00,526.8,1070
2023-07-27 09:33:00,526.8,1073
2023-07-27 09:34:00,526.8,1080
2023-07-27 09:35:00,526.8,1088
2023-07-27 09:36:00,540.3,1095
2023-07-27 09:37:00,540.3,1104
2023-07-27 09:38:00,540.3,1104
2023-07-27 09:39:00,540.3,1110
2023-07-27 09:40:00,553.8,1121
2023-07-27 09:41:00,540.3,1119
2023-07-27 09:42:00,553.8,1134
2023-07-27 09:43:00,553.8,1124
2023-07-27 09:44:00,553.8,1141
2023-07-27 09:45:00,567.3,1151
2023-07-27 09:46:00,567.3,1153
2023-07-27 09:47:00,567.3,1158
2023-07-27 09:48:00,567.3,1165
2023-07-27 09:49:00,580.8,1171
2023-07-27 09:50:00,580.8,1180
2023-07-27 09:51:00,580.8,1185
2023-07-27 09:52:00,580.8,1192
2023-07-27 09:53:00,594.3,1198
2023-07-27 09:54:00,594.3,1202
2023-07-27 09:55:00,594.3,1209
2023-07-27 09:56:00,594.3,1212
2023-07-27 09:57:00,607.8,1219
2023-07-27 09:58:00,607.8,1219
2023-07-27 09:59:00,607.8,1229
2023-07-27 10:00:00,607.8,1239
2023-07-27 10:01:00,621.3,1242
2023-07-27 10:02:00,621.3,1249
2023-07-27 10:03:00,621.3,1253
2023-07-27 10:04:00,621.3,1259
2023-07-27 10:05:00,621.3,1263
2023-07-27 10:06:00,634.9,1266
2023-07-27 10:07:00,634.9,1270
2023-07-27 10:08:00,634.8,1276
2023-07-27 10:09:00,634.8,1280
2023-07-27 10:10:00,634.8,1286
2023-07-27 10:11:00,648.4,1295
2023-07-27 10:12:00,648.3,1295
2023-07-27 10:13:00,648.4,1307
2023-07-27 10:14:00,648.4,1312
2023-07-27 10:15:00,661.9,1320
2023-07-27 10:16:00,661.9,1324
2023-07-27 10:17:00,661.9,1329
2023-07-27 10:18:00,661.9,1334
2023-07-27 10:19:00,675.4,1341
2023-07-27 10:20:00,661.9,1347
2023-07-27 10:21:00,675.4,1352
2023-07-27 10:22:00,675.4,1354
2023-07-27 10:23:00,675.4,1358
2023-07-27 10:24:00,675.4,1364
2023-07-27 10:25:00,675.4,1371
2023-07-27 10:26:00,688.9,1376
2023-07-27 10:27:00,688.9,1380
2023-07-27 10:28:00,688.9,1385
2023-07-27 10:29:00,702.4,1393
2023-07-27 10:30:00,702.4,1398
2023-07-27 10:31:00,702.4,1402
2023-07-27 10:32:00,702.4,1405
2023-07-27 10:33:00,702.4,1412
2023-07-27 10:34:00,702.4,1419
2023-07-27 10:35:00,702.4,1415
2023-07-27 10:36:00,709.2,1425
2023-07-27 10:37:00,715.9,1425
2023-07-27 10:38:00,715.9,1439
2023-07-27 10:39:00,715.9,1446
2023-07-27 10:40:00,715.9,1451
2023-07-27 10:41:00,729.4,1452
2023-07-27 10:42:00,729.4,1459
2023-07-27 10:43:00,729.4,1463
2023-07-27 10:44:00,743,1469
2023-07-27 10:45:00,729.4,1473
2023-07-27 10:46:00,743,1473
2023-07-27 10:47:00,743,1479
2023-07-27 10:48:00,743,1486
2023-07-27 10:49:00,743,1493
2023-07-27 10:50:00,743,1496
2023-07-27 10:51:00,743,1490
2023-07-27 10:52:00,749.7,1496
2023-07-27 10:53:00,756.5,1503
2023-07-27 10:54:00,756.5,1503
2023-07-27 10:55:00,756.5,1508
2023-07-27 10:56:00,756.5,1503
2023-07-27 10:57:00,756.5,1513
2023-07-27 10:58:00,770,1527
2023-07-27 10:59:00,770,1532
2023-07-27 11:00:00,770,1534
2023-07-27 11:01:00,770,1541
2023-07-27 11:02:00,783.5,1554
2023-07-27 11:03:00,783.5,1537
2023-07-27 11:04:00,783.5,1564
2023-07-27 11:05:00,783.5,1564
2023-07-27 11:06:00,797,1571
2023-07-27 11:07:00,797.1,1578
2023-07-27 11:08:00,797.1,1578
2023-07-27 11:09:00,797.1,1574
2023-07-27 11:10:00,797.1,1571
2023-07-27 11:11:00,797.1,1581
2023-07-27 11:12:00,797.1,1591
2023-07-27 11:13:00,797.1,1593
2023-07-27 11:14:00,811,1595
2023-07-27 11:15:00,811,1605
2023-07-27 11:16:00,811,1590
2023-07-27 11:17:00,811,1598
2023-07-27 11:18:00,811,1620
2023-07-27 11:19:00,811,1617
2023-07-27 11:20:00,811,1601
2023-07-27 11:21:00,824,1629
2023-07-27 11:22:00,838,1656
2023-07-27 11:23:00,851,1676
2023-07-27 11:24:00,838,1657
2023-07-27 11:25:00,838,1662
2023-07-27 11:26:00,851,1674
2023-07-27 11:27:00,851,1669
2023-07-27 11:28:00,851,1683
2023-07-27 11:29:00,838,1644
2023-07-27 11:30:00,851,1659
2023-07-27 11:31:00,865,1718
2023-07-27 11:32:00,865,1700
2023-07-27 11:33:00,865,1705
2023-07-27 11:34:00,865,1693
2023-07-27 11:35:00,865,1698
2023-07-27 11:36:00,878,1717
2023-07-27 11:37:00,878,1710
2023-07-27 11:38:00,892,1739
2023-07-27 11:39:00,878,1717
2023-07-27 11:40:00,865,1706
2023-07-27 11:41:00,865,1701
2023-07-27 11:42:00,865,1700
2023-07-27 11:43:00,878,1712
2023-07-27 11:44:00,878,1710
2023-07-27 11:45:00,878,1712
2023-07-27 11:46:00,878,1713
2023-07-27 11:47:00,865,1703
2023-07-27 11:48:00,878,1712
2023-07-27 11:49:00,878,1725
2023-07-27 11:50:00,878,1730
2023-07-27 11:51:00,878,1747
2023-07-27 11:52:00,892,1761
2023-07-27 11:53:00,919,1798
2023-07-27 11:54:00,905,1774
2023-07-27 11:55:00,892,1740
2023-07-27 11:56:00,905,1774
2023-07-27 11:57:00,919,1791
2023-07-27 11:58:00,919,1788
2023-07-27 11:59:00,905,1774
2023-07-27 12:00:00,919,1800
2023-07-27 12:01:00,919,1788
2023-07-27 12:02:00,932,1815
2023-07-27 12:03:00,932,1818
2023-07-27 12:04:00,878,1717
2023-07-27 12:05:00,905,1752
2023-07-27 12:06:00,905,1764
2023-07-27 12:07:00,919,1788
2023-07-27 12:08:00,919,1789
2023-07-27 12:09:00,892,1730
2023-07-27 12:10:00,919,1789
2023-07-27 12:11:00,946,1832
2023-07-27 12:12:00,959,1859
2023-07-27 12:13:00,959,1866
2023-07-27 12:14:00,946,1845
2023-07-27 12:15:00,946,1852
2023-07-27 12:16:00,959,1855
2023-07-27 12:17:00,946,1849
2023-07-27 12:18:00,973,1896
2023-07-27 12:19:00,959,1844
2023-07-27 12:20:00,297.2,727.9
2023-07-27 12:21:00,243.2,626.4
2023-07-27 12:22:00,986,1888
2023-07-27 12:23:00,973,1871
2023-07-27 12:24:00,973,1883
2023-07-27 12:25:00,946,1847
2023-07-27 12:26:00,973,1883
2023-07-27 12:27:00,959,1888
2023-07-27 12:28:00,959,1884
2023-07-27 12:29:00,959,1877
2023-07-27 12:30:00,932,1811
2023-07-27 12:31:00,959,1872
2023-07-27 12:32:00,946,1847
2023-07-27 12:33:00,959,1869
2023-07-27 12:34:00,959,1876
2023-07-27 12:35:00,959,1879
2023-07-27 12:36:00,973,1884
2023-07-27 12:37:00,973,1889
2023-07-27 12:38:00,973,1896
2023-07-27 12:39:00,973,1893
2023-07-27 12:40:00,986,1916
2023-07-27 12:41:00,1000,1940
2023-07-27 12:42:00,378.3,860
2023-07-27 12:43:00,959,1855
2023-07-27 12:44:00,243.2,616.2
2023-07-27 12:45:00,1013,1942
2023-07-27 12:46:00,1000,1928
2023-07-27 12:47:00,1000,1918
2023-07-27 12:48:00,1000,1928
2023-07-27 12:49:00,1000,1940
2023-07-27 12:50:00,1027,QCF
2023-07-27 12:51:00,932,QCF
2023-07-27 12:52:00,932,1794
2023-07-27 12:53:00,351.2,799.1
2023-07-27 12:54:00,1067,2028
2023-07-27 12:55:00,1054,2018
2023-07-27 12:56:00,1067,2031
2023-07-27 12:57:00,1081,2081
2023-07-27 12:58:00,1047,2021
2023-07-27 12:59:00,1027,2001
2023-07-27 13:00:00,1013,1977
2023-07-27 13:01:00,1013,1964
2023-07-27 13:02:00,1013,1969
2023-07-27 13:03:00,1027,1998
2023-07-27 13:04:00,743,1517
2023-07-27 13:05:00,1027,1954
2023-07-27 13:06:00,243.2,585.7
2023-07-27 13:07:00,216.2,535
2023-07-27 13:08:00,1040,1981
2023-07-27 13:09:00,1027,1987
2023-07-27 13:10:00,1027,1994
2023-07-27 13:11:00,1027,1986
2023-07-27 13:12:00,1027,1998
2023-07-27 13:13:00,1040,2015
2023-07-27 13:14:00,1040,2001
2023-07-27 13:15:00,1054,2028
2023-07-27 13:16:00,1054,2020
2023-07-27 13:17:00,1054,2042
2023-07-27 13:18:00,1054,2038
2023-07-27 13:19:00,1067,2045
2023-07-27 13:20:00,1067,2042
2023-07-27 13:21:00,283.7,670.4
2023-07-27 13:22:00,1081,2047
2023-07-27 13:23:00,580.9,1177
2023-07-27 13:24:00,1000,1920
2023-07-27 13:25:00,1067,2065
2023-07-27 13:26:00,1054,2028
2023-07-27 13:27:00,1054,2042
2023-07-27 13:28:00,310.7,748.3
2023-07-27 13:29:00,270.2,660.2
2023-07-27 13:30:00,243.2,599.3
2023-07-27 13:31:00,1027,1977
2023-07-27 13:32:00,270.2,650.1
2023-07-27 13:33:00,297.2,690.7
2023-07-27 13:34:00,1013,1950
2023-07-27 13:35:00,1027,1976
2023-07-27 13:36:00,1000,1957
2023-07-27 13:37:00,1020,1984
2023-07-27 13:38:00,1027,1996
2023-07-27 13:39:00,1027,1987
2023-07-27 13:40:00,1027,1999
2023-07-27 13:41:00,1013,1962
2023-07-27 13:42:00,1000,1927
2023-07-27 13:43:00,919,1808
2023-07-27 13:44:00,1054,2042
2023-07-27 13:45:00,1054,2053
2023-07-27 13:46:00,1054,2042
2023-07-27 13:47:00,1040,2018
2023-07-27 13:48:00,1027,2003
2023-07-27 13:49:00,1027,1999
2023-07-27 13:50:00,993,1940
2023-07-27 13:51:00,1000,1965
2023-07-27 13:52:00,1000,1950
2023-07-27 13:53:00,973,1903
2023-07-27 13:54:00,1013,1986
2023-07-27 13:55:00,1040,2011
2023-07-27 13:56:00,1054,2025
2023-07-27 13:57:00,256.7,612.8
2023-07-27 13:58:00,364.8,816
2023-07-27 13:59:00,1013,1930
2023-07-27 14:00:00,634.9,1290
2023-07-27 14:01:00,270.2,650.1
2023-07-27 14:02:00,1013,1932
2023-07-27 14:03:00,1033,1987
2023-07-27 14:04:00,1054,2025
2023-07-27 14:05:00,1040,2033
2023-07-27 14:06:00,1033,2009
2023-07-27 14:07:00,1027,2003
2023-07-27 14:08:00,1040,2018
2023-07-27 14:09:00,1013,1974
2023-07-27 14:10:00,1054,2030
2023-07-27 14:11:00,337.7,795.7
2023-07-27 14:12:00,1054,2033
2023-07-27 14:13:00,1054,2033
2023-07-27 14:14:00,1040,2011
2023-07-27 14:15:00,1054,2020
2023-07-27 14:16:00,892,1747
2023-07-27 14:17:00,1000,1943
2023-07-27 14:18:00,1054,2045
2023-07-27 14:19:00,1027,1981
2023-07-27 14:20:00,405.3,858
2023-07-27 14:21:00,216.2,535
2023-07-27 14:22:00,243.2,609.4
2023-07-27 14:23:00,973,1894
2023-07-27 14:24:00,986,1928
2023-07-27 14:25:00,959,1883
2023-07-27 14:26:00,878,1703
2023-07-27 14:27:00,256.7,602.7
2023-07-27 14:28:00,189.1,497.7
2023-07-27 14:29:00,973,1879
2023-07-27 14:30:00,1013,1952
2023-07-27 14:31:00,946,1849
2023-07-27 14:32:00,946,1838
2023-07-27 14:33:00,743,1490
2023-07-27 14:34:00,959,1859
2023-07-27 14:35:00,973,1918
2023-07-27 14:36:00,973,1894
2023-07-27 14:37:00,959,1869
2023-07-27 14:38:00,966,1894
2023-07-27 14:39:00,959,1881
2023-07-27 14:40:00,959,1871
2023-07-27 14:41:00,946,1845
2023-07-27 14:42:00,946,1837
2023-07-27 14:43:00,946,1862
2023-07-27 14:44:00,946,1866
2023-07-27 14:45:00,946,1842
2023-07-27 14:46:00,946,1859
2023-07-27 14:47:00,932,1822
2023-07-27 14:48:00,946,1852
2023-07-27 14:49:00,946,1852
2023-07-27 14:50:00,959,1871
2023-07-27 14:51:00,952,1869
2023-07-27 14:52:00,946,1866
2023-07-27 14:53:00,939,1847
2023-07-27 14:54:00,946,1849
2023-07-27 14:55:00,919,1818
2023-07-27 14:56:00,919,1811
2023-07-27 14:57:00,905,1793
2023-07-27 14:58:00,905,1791
2023-07-27 14:59:00,621.4,1287
2023-07-27 15:00:00,932,1822
2023-07-27 15:01:00,946,1835
2023-07-27 15:02:00,946,1835
2023-07-27 15:03:00,905,1772
2023-07-27 15:04:00,905,1771
2023-07-27 15:05:00,905,1778
2023-07-27 15:06:00,925,1813
2023-07-27 15:07:00,919,1805
2023-07-27 15:08:00,892,1754
2023-07-27 15:09:00,878,1720
2023-07-27 15:10:00,865,1717
2023-07-27 15:11:00,783.5,1541
2023-07-27 15:12:00,797.1,1563
2023-07-27 15:13:00,865,1718
2023-07-27 15:14:00,878,1727
2023-07-27 15:15:00,865,1706
2023-07-27 15:16:00,878,1718
2023-07-27 15:17:00,865,1686
2023-07-27 15:18:00,189.1,494.3
2023-07-27 15:19:00,189.1,497.7
2023-07-27 15:20:00,216.2,545.1
2023-07-27 15:21:00,905,1750
2023-07-27 15:22:00,919,1771
2023-07-27 15:23:00,702.5,1402
2023-07-27 15:24:00,526.9,1073
2023-07-27 15:25:00,432.3,894
2023-07-27 15:26:00,526.9,1077
2023-07-27 15:27:00,689,1375
2023-07-27 15:28:00,797.1,1574
2023-07-27 15:29:00,729.5,1429
2023-07-27 15:30:00,479.6,992
2023-07-27 15:31:00,553.9,1121
2023-07-27 15:32:00,378.3,788.9
2023-07-27 15:33:00,486.3,1002
2023-07-27 15:34:00,486.3,989
2023-07-27 15:35:00,513.4,1036
2023-07-27 15:36:00,580.9,1144
2023-07-27 15:37:00,540.4,1080
2023-07-27 15:38:00,648.5,1276
2023-07-27 15:39:00,662,1307
2023-07-27 15:40:00,621.4,1226
2023-07-27 15:41:00,486.3,982
2023-07-27 15:42:00,513.4,1026
2023-07-27 15:43:00,553.9,1112
2023-07-27 15:44:00,567.4,1148
2023-07-27 15:45:00,486.3,989
2023-07-27 15:46:00,526.9,1067
2023-07-27 15:47:00,540.4,1094
2023-07-27 15:48:00,567.4,1141
2023-07-27 15:49:00,526.9,1067
2023-07-27 15:50:00,486.3,995
2023-07-27 15:51:00,432.3,884
2023-07-27 15:52:00,391.8,819
2023-07-27 15:53:00,378.3,795.7
2023-07-27 15:54:00,499.8,1033
2023-07-27 15:55:00,587.7,1185
2023-07-27 15:56:00,689,1368
2023-07-27 15:57:00,783.5,1527
2023-07-27 15:58:00,838,1630
2023-07-27 15:59:00,851,1662
2023-07-27 16:00:00,838,1632
2023-07-27 16:01:00,797.1,1561
2023-07-27 16:02:00,729.5,1453
2023-07-27 16:03:00,675.5,1331
2023-07-27 16:04:00,716,1408
2023-07-27 16:05:00,689,1366
2023-07-27 16:06:00,702.5,1400
2023-07-27 16:07:00,716,1402
2023-07-27 16:08:00,743,1471
2023-07-27 16:09:00,783.5,1542
2023-07-27 16:10:00,783.5,1544
2023-07-27 16:11:00,770,1524
2023-07-27 16:12:00,756.5,1503
2023-07-27 16:13:00,756.5,1490
2023-07-27 16:14:00,756.5,1486
2023-07-27 16:15:00,756.5,1491
2023-07-27 16:16:00,729.5,1449
2023-07-27 16:17:00,729.5,1439
2023-07-27 16:18:00,662,1334
2023-07-27 16:19:00,716,1419
2023-07-27 16:20:00,729.5,1442
2023-07-27 16:21:00,729.5,1439
2023-07-27 16:22:00,648.5,1315
2023-07-27 16:23:00,716,1415
2023-07-27 16:24:00,634.9,1246
2023-07-27 16:25:00,472.8,968
2023-07-27 16:26:00,364.8,761.8
2023-07-27 16:27:00,378.3,778.7
2023-07-27 16:28:00,445.8,911
2023-07-27 16:29:00,459.3,931
2023-07-27 16:30:00,513.4,1012
2023-07-27 16:31:00,445.8,907
2023-07-27 16:32:00,445.8,897
2023-07-27 16:33:00,418.8,857
2023-07-27 16:34:00,459.3,914
2023-07-27 16:35:00,513.4,1017
2023-07-27 16:36:00,594.4,1161
2023-07-27 16:37:00,553.9,1094
2023-07-27 16:38:00,540.4,1067
2023-07-27 16:39:00,553.9,1100
2023-07-27 16:40:00,526.9,1043
2023-07-27 16:41:00,513.4,1019
2023-07-27 16:42:00,486.3,985
2023-07-27 16:43:00,526.9,1056
2023-07-27 16:44:00,567.4,1127
2023-07-27 16:45:00,621.4,1217
2023-07-27 16:46:00,621.4,1229
2023-07-27 16:47:00,594.4,1170
2023-07-27 16:48:00,540.4,1067
2023-07-27 16:49:00,540.4,1067
2023-07-27 16:50:00,432.3,880
2023-07-27 16:51:00,364.8,768.6
2023-07-27 16:52:00,553.9,1111
2023-07-27 16:53:00,445.8,914
2023-07-27 16:54:00,499.8,1009
2023-07-27 16:55:00,567.4,1138
2023-07-27 16:56:00,553.9,1111
2023-07-27 16:57:00,526.9,1070
2023-07-27 16:58:00,634.9,1251
2023-07-27 16:59:00,648.5,1287
2023-07-27 17:00:00,634.9,1246
2023-07-27 17:01:00,607.9,1212
2023-07-27 17:02:00,567.4,1138
2023-07-27 17:03:00,607.9,1205
2023-07-27 17:04:00,634.9,1261
2023-07-27 17:05:00,634.9,1244
2023-07-27 17:06:00,607.9,1199
2023-07-27 17:07:00,540.4,1090
2023-07-27 17:08:00,418.8,870
2023-07-27 17:09:00,432.3,887
2023-07-27 17:10:00,432.3,877
2023-07-27 17:11:00,425.5,870
2023-07-27 17:12:00,405.3,843
2023-07-27 17:13:00,432.3,890
2023-07-27 17:14:00,445.8,911
2023-07-27 17:15:00,472.8,958
2023-07-27 17:16:00,526.9,1039
2023-07-27 17:17:00,540.4,1070
2023-07-27 17:18:00,540.4,1083
2023-07-27 17:19:00,540.4,1080
2023-07-27 17:20:00,526.9,1050
2023-07-27 17:21:00,513.4,1039
2023-07-27 17:22:00,526.9,1060
2023-07-27 17:23:00,540.4,1068
2023-07-27 17:24:00,526.9,1067
2023-07-27 17:25:00,526.9,1053
2023-07-27 17:26:00,526.9,1046
2023-07-27 17:27:00,513.4,1029
2023-07-27 17:28:00,513.4,1019
2023-07-27 17:29:00,499.8,999
2023-07-27 17:30:00,499.8,1002
2023-07-27 17:31:00,486.3,979
2023-07-27 17:32:00,486.3,975
2023-07-27 17:33:00,486.3,975
2023-07-27 17:34:00,445.8,890
2023-07-27 17:35:00,459.3,911
2023-07-27 17:36:00,459.3,914
2023-07-27 17:37:00,459.3,911
2023-07-27 17:38:00,432.3,874
2023-07-27 17:39:00,432.3,870
2023-07-27 17:40:00,364.8,748.3
2023-07-27 17:41:00,351.2,711
2023-07-27 17:42:00,351.2,675.5
2023-07-27 17:43:00,297.2,555.3
2023-07-27 17:44:00,270.2,467.2
2023-07-27 17:45:00,317.5,450.3
2023-07-27 17:46:00,364.8,416.5
2023-07-27 17:47:00,378.3,369.1
2023-07-27 17:48:00,432.3,352.1
2023-07-27 17:49:00,445.8,338.6
2023-07-27 17:50:00,445.8,335.2
2023-07-27 17:51:00,418.8,331.8
2023-07-27 17:52:00,432.3,331.8
2023-07-27 17:53:00,418.8,331.8
2023-07-27 17:54:00,391.8,328.4
2023-07-27 17:55:00,351.2,328.4
2023-07-27 17:56:00,297.2,328.4
2023-07-27 17:57:00,229.7,325
2023-07-27 17:58:00,175.6,325
2023-07-27 17:59:00,135.1,321.7
2023-07-27 18:00:00,121.6,318.3
2023-07-27 18:01:00,108.1,314.9
2023-07-27 18:02:00,108.1,308.1
2023-07-27 18:03:00,108.1,294.6
2023-07-27 18:04:00,108.1,284.4
2023-07-27 18:05:00,94.6,281
2023-07-27 18:06:00,101.3,284.4
2023-07-27 18:07:00,108.1,286.1
2023-07-27 18:08:00,101.3,284.4
2023-07-27 18:09:00,108.1,287.8
2023-07-27 18:10:00,108.1,291.2
2023-07-27 18:11:00,108.1,291.2
2023-07-27 18:12:00,108.1,291.2
2023-07-27 18:13:00,108.1,291.2
2023-07-27 18:14:00,108.1,291.2
2023-07-27 18:15:00,108.1,294.6
2023-07-27 18:16:00,108.1,301.3
2023-07-27 18:17:00,121.6,308.1
2023-07-27 18:18:00,114.8,321.7
2023-07-27 18:19:00,135.1,345.4
2023-07-27 18:20:00,128.3,375.8
2023-07-27 18:21:00,243.2,416.5
2023-07-27 18:22:00,216.2,460.5
2023-07-27 18:23:00,283.7,494.3
2023-07-27 18:24:00,310.7,494.3
2023-07-27 18:25:00,324.2,524.8
2023-07-27 18:26:00,310.7,518
2023-07-27 18:27:00,243.2,441.8
2023-07-27 18:28:00,304,482.5
2023-07-27 18:29:00,310.7,453.7
2023-07-27 18:30:00,270.2,406.3
2023-07-27 18:31:00,202.6,358.9
2023-07-27 18:32:00,121.6,311.5
2023-07-27 18:33:00,94.6,277.6
2023-07-27 18:34:00,94.6,264.1
2023-07-27 18:35:00,121.6,257.3
2023-07-27 18:36:00,202.6,250.6
2023-07-27 18:37:00,256.7,247.2
2023-07-27 18:38:00,256.7,240.4
2023-07-27 18:39:00,256.7,247.2
2023-07-27 18:40:00,256.7,277.6
2023-07-27 18:41:00,243.2,348.7
2023-07-27 18:42:00,243.2,426.6
2023-07-27 18:43:00,229.7,463.9
2023-07-27 18:44:00,229.7,463.9
2023-07-27 18:45:00,229.7,457.1
2023-07-27 18:46:00,216.2,433.4
2023-07-27 18:47:00,189.1,389.4
2023-07-27 18:48:00,216.2,430
2023-07-27 18:49:00,216.2,423.2
2023-07-27 18:50:00,216.2,416.5
2023-07-27 18:51:00,202.6,409.7
2023-07-27 18:52:00,202.6,402.9
2023-07-27 18:53:00,202.6,397.8
2023-07-27 18:54:00,195.9,389.4
2023-07-27 18:55:00,189.1,379.2
2023-07-27 18:56:00,189.1,372.4
2023-07-27 18:57:00,189.1,365.7
2023-07-27 18:58:00,182.4,358.9
2023-07-27 18:59:00,175.6,352.1
2023-07-27 19:00:00,135.1,345.4
2023-07-27 19:01:00,81.1,338.6
2023-07-27 19:02:00,67.55,335.2
2023-07-27 19:03:00,67.55,328.4
2023-07-27 19:04:00,67.55,321.7
2023-07-27 19:05:00,67.55,314.9
2023-07-27 19:06:00,81.1,311.5
2023-07-27 19:07:00,114.8,304.7
2023-07-27 19:08:00,148.6,298
2023-07-27 19:09:00,148.6,291.2
2023-07-27 19:10:00,148.6,284.4
2023-07-27 19:11:00,141.8,277.6
2023-07-27 19:12:00,135.1,270.9
2023-07-27 19:13:00,135.1,267.5
2023-07-27 19:14:00,135.1,260.7
2023-07-27 19:15:00,135.1,253.9
2023-07-27 19:16:00,121.6,247.2
2023-07-27 19:17:00,121.6,243.8
2023-07-27 19:18:00,121.6,237
2023-07-27 19:19:00,121.6,230.2
2023-07-27 19:20:00,121.6,223.5
2023-07-27 19:21:00,108.1,216.7
2023-07-27 19:22:00,108.1,213.3
2023-07-27 19:23:00,108.1,203.1
2023-07-27 19:24:00,108.1,165.9
2023-07-27 19:25:00,94.6,135.4
2023-07-27 19:26:00,94.6,128.7
2023-07-27 19:27:00,94.6,132
2023-07-27 19:28:00,94.6,152.4
2023-07-27 19:29:00,94.6,172.7
2023-07-27 19:30:00,81.1,169.3
2023-07-27 19:31:00,81.1,165.9
2023-07-27 19:32:00,54.04,159.1
2023-07-27 19:33:00,40.53,155.7
2023-07-27 19:34:00,54.04,150.7
2023-07-27 19:35:00,81.1,145.6
2023-07-27 19:36:00,81.1,142.2
2023-07-27 19:37:00,81.1,135.4
2023-07-27 19:38:00,81.1,132
2023-07-27 19:39:00,81.1,128.7
2023-07-27 19:40:00,81.1,125.3
2023-07-27 19:41:00,81.1,118.5
2023-07-27 19:42:00,81.1,115.1
2023-07-27 19:43:00,67.55,111.7
2023-07-27 19:44:00,67.55,105
2023-07-27 19:45:00,67.55,101.6
2023-07-27 19:46:00,67.55,98.2
2023-07-27 19:47:00,67.55,94.8
2023-07-27 19:48:00,60.79,91.4
2023-07-27 19:49:00,54.04,88
2023-07-27 19:50:00,54.04,84.6
2023-07-27 19:51:00,54.04,81.3
2023-07-27 19:52:00,54.04,77.87
2023-07-27 19:53:00,47.28,71.1
2023-07-27 19:54:00,40.53,67.72
2023-07-27 19:55:00,40.53,64.33
2023-07-27 19:56:00,40.53,60.94
2023-07-27 19:57:00,40.53,57.56
2023-07-27 19:58:00,40.53,54.17
2023-07-27 19:59:00,40.53,54.17
2023-07-27 20:00:00,40.53,50.79
2023-07-27 20:01:00,40.53,47.4
2023-07-27 20:02:00,40.53,44.02
2023-07-27 20:03:00,33.77,44.02
2023-07-27 20:04:00,27.02,40.63
2023-07-27 20:05:00,27.02,37.24
2023-07-27 20:06:00,27.02,33.86
2024-07-03 01:00:00,MV,MV
2024-07-03 06:06:00,QCF,16.93
2024-07-03 06:07:00,QCF,16.93
2024-07-03 06:08:00,QCF,16.93
2024-07-03 06:09:00,QCF,20.31
2024-07-03 06:10:00,QCF,20.31
2024-07-03 06:11:00,QCF,20.31
2024-07-03 06:12:00,QCF,20.31
2024-07-03 06:13:00,QCF,20.31
2024-07-03 06:14:00,QCF,23.7
2024-07-03 06:15:00,QCF,27.08
2024-07-03 06:16:00,QCF,27.08
2024-07-03 06:17:00,QCF,30.47
2024-07-03 06:18:00,20.26,33.85
2024-07-03 06:19:00,20.26,33.85
2024-07-03 06:20:00,27.01,37.24
2024-07-03 06:21:00,27.01,38.93
2024-07-03 06:22:00,27.01,40.62
2024-07-03 06:23:00,27.01,44.01
2024-07-03 06:24:00,27.01,47.39
2024-07-03 06:25:00,27.01,49.09
2024-07-03 06:26:00,27.01,50.78
2024-07-03 06:27:00,27.01,57.55
2024-07-03 06:28:00,40.52,60.93
2024-07-03 06:29:00,40.52,64.32
2024-07-03 06:30:00,40.52,67.7
2024-07-03 06:31:00,40.52,71.09
2024-07-03 06:32:00,40.52,74.48
2024-07-03 06:33:00,40.52,77.86
2024-07-03 06:34:00,67.54,94.8
2024-07-03 06:35:00,81,108.3
2024-07-03 06:36:00,81,111.7
2024-07-03 06:37:00,81,115.1
2024-07-03 06:38:00,81,118.5
2024-07-03 06:39:00,81,121.9
2024-07-03 06:40:00,81,128.6
2024-07-03 06:41:00,81,135.4
2024-07-03 06:42:00,81,138.8
2024-07-03 06:43:00,81,142.2
2024-07-03 06:44:00,81,145.6
2024-07-03 06:45:00,81,142.2
2024-07-03 06:46:00,81,155.7
2024-07-03 06:47:00,81,159.1
2024-07-03 06:48:00,81,169.3
2024-07-03 06:49:00,94.5,176
2024-07-03 06:50:00,94.5,176
2024-07-03 06:51:00,94.5,182.8
2024-07-03 06:52:00,94.5,186.2
2024-07-03 06:53:00,94.5,186.2
2024-07-03 06:54:00,94.5,196.3
2024-07-03 06:55:00,101.3,201.4
2024-07-03 06:56:00,108.1,209.9
2024-07-03 06:57:00,108.1,220
2024-07-03 06:58:00,121.6,226.8
2024-07-03 06:59:00,121.6,233.6
2024-07-03 07:00:00,128.3,253.9
2024-07-03 07:01:00,135.1,260.7
2024-07-03 07:02:00,135.1,270.8
2024-07-03 07:03:00,135.1,277.6
2024-07-03 07:04:00,148.6,284.4
2024-07-03 07:05:00,148.6,291.1
2024-07-03 07:06:00,148.6,291.1
2024-07-03 07:07:00,148.6,291.1
2024-07-03 07:08:00,148.6,294.5
2024-07-03 07:09:00,148.6,291.1
2024-07-03 07:10:00,148.6,301.3
2024-07-03 07:11:00,135.1,284.4
2024-07-03 07:12:00,67.54,165.9
2024-07-03 07:13:00,94.5,240.4
2024-07-03 07:14:00,67.54,165.9
2024-07-03 07:15:00,54.03,162.5
2024-07-03 07:16:00,67.54,172.6
2024-07-03 07:17:00,148.6,308.1
2024-07-03 07:18:00,135.1,296.2
2024-07-03 07:19:00,121.6,274.2
2024-07-03 07:20:00,135.1,301.3
2024-07-03 07:21:00,121.6,291.1
2024-07-03 07:22:00,54.03,176
2024-07-03 07:23:00,67.54,182.8
2024-07-03 07:24:00,162.1,365.6
2024-07-03 07:25:00,67.54,206.5
2024-07-03 07:26:00,81,220
2024-07-03 07:27:00,121.6,297.9
2024-07-03 07:28:00,182.3,402.8
2024-07-03 07:29:00,175.6,385.9
2024-07-03 07:30:00,175.6,385.9
2024-07-03 07:31:00,189.1,413
2024-07-03 07:32:00,189.1,423.2
2024-07-03 07:33:00,202.6,436.7
2024-07-03 07:34:00,162.1,382.5
2024-07-03 07:35:00,209.4,460.4
2024-07-03 07:36:00,216.1,470.5
2024-07-03 07:37:00,216.1,473.9
2024-07-03 07:38:00,216.1,473.9
2024-07-03 07:39:00,229.6,494.2
2024-07-03 07:40:00,229.6,501
2024-07-03 07:41:00,229.6,501
2024-07-03 07:42:00,243.1,521.3
2024-07-03 07:43:00,243.1,507.8
2024-07-03 07:44:00,243.1,511.2
2024-07-03 07:45:00,243.1,511.2
2024-07-03 07:46:00,243.1,514.6
2024-07-03 07:47:00,243.1,524.7
2024-07-03 07:48:00,229.6,497.6
2024-07-03 07:49:00,243.1,511.2
2024-07-03 07:50:00,175.6,404.5
2024-07-03 07:51:00,243.1,517.9
2024-07-03 07:52:00,243.1,521.3
2024-07-03 07:53:00,256.6,538.3
2024-07-03 07:54:00,256.6,551.8
2024-07-03 07:55:00,256.6,561.9
2024-07-03 07:56:00,256.6,565.3
2024-07-03 07:57:00,270.1,572.1
2024-07-03 07:58:00,270.1,578.9
2024-07-03 07:59:00,270.1,585.6
2024-07-03 08:00:00,270.1,585.6
2024-07-03 08:01:00,270.1,585.6
2024-07-03 08:02:00,283.6,599.2
2024-07-03 08:03:00,270.1,585.6
2024-07-03 08:04:00,283.6,595.8
2024-07-03 08:05:00,283.6,619.5
2024-07-03 08:06:00,283.6,622.9
2024-07-03 08:07:00,283.6,619.5
2024-07-03 08:08:00,290.4,619.5
2024-07-03 08:09:00,297.2,639.8
2024-07-03 08:10:00,297.2,646.6
2024-07-03 08:11:00,297.2,646.6
2024-07-03 08:12:00,310.7,666.9
2024-07-03 08:13:00,310.7,677
2024-07-03 08:14:00,324.2,683.8
2024-07-03 08:15:00,324.2,687.2
2024-07-03 08:16:00,324.2,694
2024-07-03 08:17:00,324.2,707.5
2024-07-03 08:18:00,337.7,717.7
2024-07-03 08:19:00,337.7,717.7
2024-07-03 08:20:00,337.7,724.4
2024-07-03 08:21:00,337.7,738
2024-07-03 08:22:00,337.7,734.6
2024-07-03 08:23:00,351.2,744.8
2024-07-03 08:24:00,351.2,751.5
2024-07-03 08:25:00,351.2,756.6
2024-07-03 08:26:00,351.2,761.7
2024-07-03 08:27:00,351.2,765.1
2024-07-03 08:28:00,364.7,771.8
2024-07-03 08:29:00,364.7,768.4
2024-07-03 08:30:00,364.7,778.6
2024-07-03 08:31:00,364.7,761.7
2024-07-03 08:32:00,364.7,775.2
2024-07-03 08:33:00,378.2,802
2024-07-03 08:34:00,378.2,795.5
2024-07-03 08:35:00,378.2,795.5
2024-07-03 08:36:00,378.2,809
2024-07-03 08:37:00,398.5,836
2024-07-03 08:38:00,364.7,792.1
2024-07-03 08:39:00,310.7,690.6
2024-07-03 08:40:00,405.2,867
2024-07-03 08:41:00,405.2,870
2024-07-03 08:42:00,405.2,867
2024-07-03 08:43:00,418.7,873
2024-07-03 08:44:00,405.2,880
2024-07-03 08:45:00,418.7,873
2024-07-03 08:46:00,418.7,877
2024-07-03 08:47:00,418.7,890
2024-07-03 08:48:00,418.7,900
2024-07-03 08:49:00,432.2,904
2024-07-03 08:50:00,432.2,900
2024-07-03 08:51:00,432.2,911
2024-07-03 08:52:00,439,924
2024-07-03 08:53:00,445.7,934
2024-07-03 08:54:00,445.7,929
2024-07-03 08:55:00,445.7,934
2024-07-03 08:56:00,459.2,951
2024-07-03 08:57:00,459.2,955
2024-07-03 08:58:00,459.2,975
2024-07-03 08:59:00,472.8,973
2024-07-03 09:00:00,472.8,988
2024-07-03 09:01:00,472.8,997
2024-07-03 09:02:00,472.8,1002
2024-07-03 09:03:00,486.3,1005
2024-07-03 09:04:00,486.3,1009
2024-07-03 09:05:00,486.3,1009
2024-07-03 09:06:00,486.3,1019
2024-07-03 09:07:00,499.8,1026
2024-07-03 09:08:00,499.8,1036
2024-07-03 09:09:00,499.8,1043
2024-07-03 09:10:00,499.8,1046
2024-07-03 09:11:00,499.8,1044
2024-07-03 09:12:00,513.3,1053
2024-07-03 09:13:00,513.3,1053
2024-07-03 09:14:00,513.3,1061
2024-07-03 09:15:00,513.3,1070
2024-07-03 09:16:00,513.3,1063
2024-07-03 09:17:00,526.8,1071
2024-07-03 09:18:00,526.8,1078
2024-07-03 09:19:00,526.8,1080
2024-07-03 09:20:00,526.8,1083
2024-07-03 09:21:00,526.8,1080
2024-07-03 09:22:00,526.8,1087
2024-07-03 09:23:00,540.3,1100
2024-07-03 09:24:00,540.3,1104
2024-07-03 09:25:00,540.3,1104
2024-07-03 09:26:00,547.1,1117
2024-07-03 09:27:00,553.8,1136
2024-07-03 09:28:00,553.8,1141
2024-07-03 09:29:00,553.8,1139
2024-07-03 09:30:00,567.3,1144
2024-07-03 09:31:00,560.6,1139
2024-07-03 09:32:00,567.3,1158
2024-07-03 09:33:00,567.3,1158
2024-07-03 09:34:00,567.3,1171
2024-07-03 09:35:00,580.8,1192
2024-07-03 09:36:00,580.8,1192
2024-07-03 09:37:00,580.8,1181
2024-07-03 09:38:00,580.8,1188
2024-07-03 09:39:00,594.3,1200
2024-07-03 09:40:00,594.3,1209
2024-07-03 09:41:00,607.9,1226
2024-07-03 09:42:00,607.9,1220
2024-07-03 09:43:00,594.4,1215
2024-07-03 09:44:00,607.9,1226
2024-07-03 09:45:00,621.4,1249
2024-07-03 09:46:00,621.4,1249
2024-07-03 09:47:00,621.4,1249
2024-07-03 09:48:00,607.9,1226
2024-07-03 09:49:00,621.4,1253
2024-07-03 09:50:00,587.6,1202
2024-07-03 09:51:00,634.9,1280
2024-07-03 09:52:00,634.9,1276
2024-07-03 09:53:00,634.9,1280
2024-07-03 09:54:00,634.9,1293
2024-07-03 09:55:00,648.4,1303
2024-07-03 09:56:00,648.4,1312
2024-07-03 09:57:00,648.4,1320
2024-07-03 09:58:00,648.4,1320
2024-07-03 09:59:00,661.9,1327
2024-07-03 10:00:00,661.9,1337
2024-07-03 10:01:00,675.5,1344
2024-07-03 10:02:00,675.5,1349
2024-07-03 10:03:00,675.5,1351
2024-07-03 10:04:00,675.5,1358
2024-07-03 10:05:00,675.5,1358
2024-07-03 10:06:00,675.5,1356
2024-07-03 10:07:00,675.5,1342
2024-07-03 10:08:00,689,1361
2024-07-03 10:09:00,689,1368
2024-07-03 10:10:00,675.5,1332
2024-07-03 10:11:00,695.7,1385
2024-07-03 10:12:00,702.5,1397
2024-07-03 10:13:00,689,1383
2024-07-03 10:14:00,702.5,1415
2024-07-03 10:15:00,648.4,1324
2024-07-03 10:16:00,702.5,1420
2024-07-03 10:17:00,702.5,1419
2024-07-03 10:18:00,702.5,1419
2024-07-03 10:19:00,716,1432
2024-07-03 10:20:00,716,1431
2024-07-03 10:21:00,716,1425
2024-07-03 10:22:00,716,1439
2024-07-03 10:23:00,716,1439
2024-07-03 10:24:00,729.5,1453
2024-07-03 10:25:00,729.5,1469
2024-07-03 10:26:00,743,1483
2024-07-03 10:27:00,729.5,1475
2024-07-03 10:28:00,743,1473
2024-07-03 10:29:00,743,1478
2024-07-03 10:30:00,743,1483
2024-07-03 10:31:00,743,1483
2024-07-03 10:32:00,743,1486
2024-07-03 10:33:00,743,1497
2024-07-03 10:34:00,743,1491
2024-07-03 10:35:00,756.5,1500
2024-07-03 10:36:00,743,1497
2024-07-03 10:37:00,756.5,1517
2024-07-03 10:38:00,756.5,1513
2024-07-03 10:39:00,756.5,1524
2024-07-03 10:40:00,770,1539
2024-07-03 10:41:00,783.5,1551
2024-07-03 10:42:00,783.5,1556
2024-07-03 10:43:00,783.5,1557
2024-07-03 10:44:00,783.5,1563
2024-07-03 10:45:00,790.3,1571
2024-07-03 10:46:00,783.5,1564
2024-07-03 10:47:00,797.1,1574
2024-07-03 10:48:00,797.1,1579
2024-07-03 10:49:00,797.1,1585
2024-07-03 10:50:00,797.1,1583
2024-07-03 10:51:00,797.1,1585
2024-07-03 10:52:00,797.1,1588
2024-07-03 10:53:00,797.1,1588
2024-07-03 10:54:00,797.1,1588
2024-07-03 10:55:00,797.1,1586
2024-07-03 10:56:00,811,1605
2024-07-03 10:57:00,811,1608
2024-07-03 10:58:00,811,1605
2024-07-03 10:59:00,824,1627
2024-07-03 11:00:00,824,1630
2024-07-03 11:01:00,824,1625
2024-07-03 11:02:00,824,1632
2024-07-03 11:03:00,824,1642
2024-07-03 11:04:00,824,1642
2024-07-03 11:05:00,838,1656
2024-07-03 11:06:00,838,1656
2024-07-03 11:07:00,838,1656
2024-07-03 11:08:00,838,1661
2024-07-03 11:09:00,838,1666
2024-07-03 11:10:00,838,1668
2024-07-03 11:11:00,838,1673
2024-07-03 11:12:00,851,1679
2024-07-03 11:13:00,851,1700
2024-07-03 11:14:00,865,1710
2024-07-03 11:15:00,865,1710
2024-07-03 11:16:00,865,1712
2024-07-03 11:17:00,878,1732
2024-07-03 11:18:00,892,1749
2024-07-03 11:19:00,892,1750
2024-07-03 11:20:00,892,1761
2024-07-03 11:21:00,905,1764
2024-07-03 11:22:00,905,1761
2024-07-03 11:23:00,892,1749
2024-07-03 11:24:00,878,1730
2024-07-03 11:25:00,878,1717
2024-07-03 11:26:00,865,1695
2024-07-03 11:27:00,865,1693
2024-07-03 11:28:00,885,1737
2024-07-03 11:29:00,892,1747
2024-07-03 11:30:00,892,1754
2024-07-03 11:31:00,892,1750
2024-07-03 11:32:00,878,1744
2024-07-03 11:33:00,892,1740
2024-07-03 11:34:00,892,1747
2024-07-03 11:35:00,892,1750
2024-07-03 11:36:00,878,1754
2024-07-03 11:37:00,892,1750
2024-07-03 11:38:00,892,1757
2024-07-03 11:39:00,892,1761
2024-07-03 11:40:00,905,1771
2024-07-03 11:41:00,905,1774
2024-07-03 11:42:00,905,1779
2024-07-03 11:43:00,905,1786
2024-07-03 11:44:00,905,1788
2024-07-03 11:45:00,905,1786
2024-07-03 11:46:00,919,1791
2024-07-03 11:47:00,919,1791
2024-07-03 11:48:00,919,1794
2024-07-03 11:49:00,919,1805
2024-07-03 11:50:00,925,1811
2024-07-03 11:51:00,919,1805
2024-07-03 11:52:00,919,1798
2024-07-03 11:53:00,919,1801
2024-07-03 11:54:00,919,1796
2024-07-03 11:55:00,919,1803
2024-07-03 11:56:00,925,1803
2024-07-03 11:57:00,932,1820
2024-07-03 11:58:00,932,1820
2024-07-03 11:59:00,932,1825
2024-07-03 12:00:00,946,1832
2024-07-03 12:01:00,946,1838
2024-07-03 12:02:00,946,1844
2024-07-03 12:03:00,946,1838
2024-07-03 12:04:00,946,1847
2024-07-03 12:05:00,946,1849
2024-07-03 12:06:00,946,1849
2024-07-03 12:07:00,946,1845
2024-07-03 12:08:00,946,1845
2024-07-03 12:09:00,946,1845
2024-07-03 12:10:00,946,1849
2024-07-03 12:11:00,946,1852
2024-07-03 12:12:00,946,1852
2024-07-03 12:13:00,946,1855
2024-07-03 12:14:00,946,1861
2024-07-03 12:15:00,952,1862
2024-07-03 12:16:00,946,1862
2024-07-03 12:17:00,959,1869
2024-07-03 12:18:00,959,1872
2024-07-03 12:19:00,959,1869
2024-07-03 12:20:00,959,1872
2024-07-03 12:21:00,959,1879
2024-07-03 12:22:00,959,1886
2024-07-03 12:23:00,973,1889
2024-07-03 12:24:00,959,1896
2024-07-03 12:25:00,973,1899
2024-07-03 12:26:00,973,1905
2024-07-03 12:27:00,973,1910
2024-07-03 12:28:00,973,1913
2024-07-03 12:29:00,973,1916
2024-07-03 12:30:00,973,1916
2024-07-03 12:31:00,973,1920
2024-07-03 12:32:00,986,1938
2024-07-03 12:33:00,1000,1955
2024-07-03 12:34:00,1000,1950
2024-07-03 12:35:00,986,1947
2024-07-03 12:36:00,1000,1947
2024-07-03 12:37:00,1000,1945
2024-07-03 12:38:00,993,1942
2024-07-03 12:39:00,986,1935
2024-07-03 12:40:00,986,1930
2024-07-03 12:41:00,986,1930
2024-07-03 12:42:00,986,1932
2024-07-03 12:43:00,986,1930
2024-07-03 12:44:00,986,1937
2024-07-03 12:45:00,986,1943
2024-07-03 12:46:00,1000,1959
2024-07-03 12:47:00,1000,1957
2024-07-03 12:48:00,1000,1971
2024-07-03 12:49:00,1013,1971
2024-07-03 12:50:00,1013,1971
2024-07-03 12:51:00,1000,1964
2024-07-03 12:52:00,1000,1954
2024-07-03 12:53:00,1000,1960
2024-07-03 12:54:00,1013,1969
2024-07-03 12:55:00,1000,1974
2024-07-03 12:56:00,1006,1971
2024-07-03 12:57:00,1000,1971
2024-07-03 12:58:00,1000,1972
2024-07-03 12:59:00,1013,1987
2024-07-03 13:00:00,1027,1987
2024-07-03 13:01:00,1013,1991
2024-07-03 13:02:00,986,1950
2024-07-03 13:03:00,811,1671
2024-07-03 13:04:00,811,1618
2024-07-03 13:05:00,1013,1984
2024-07-03 13:06:00,1027,2006
2024-07-03 13:07:00,1027,2008
2024-07-03 13:08:00,1027,2008
2024-07-03 13:09:00,1027,2028
2024-07-03 13:10:00,1027,2011
2024-07-03 13:11:00,1027,2004
2024-07-03 13:12:00,1027,2015
2024-07-03 13:13:00,1040,2025
2024-07-03 13:14:00,1040,2021
2024-07-03 13:15:00,662,1344
2024-07-03 13:16:00,445.8,994
2024-07-03 13:17:00,1013,1987
2024-07-03 13:18:00,1027,1979
2024-07-03 13:19:00,1040,2023
2024-07-03 13:20:00,1040,2023
2024-07-03 13:21:00,892,1747
2024-07-03 13:22:00,1020,1987
2024-07-03 13:23:00,1013,1981
2024-07-03 13:24:00,1013,1976
2024-07-03 13:25:00,1013,1971
2024-07-03 13:26:00,1000,1962
2024-07-03 13:27:00,1000,1964
2024-07-03 13:28:00,1000,1967
2024-07-03 13:29:00,1013,1974
2024-07-03 13:30:00,1000,1971
2024-07-03 13:31:00,1000,1971
2024-07-03 13:32:00,1013,1971
2024-07-03 13:33:00,1000,1964
2024-07-03 13:34:00,1000,1957
2024-07-03 13:35:00,1000,1960
2024-07-03 13:36:00,1000,1971
2024-07-03 13:37:00,1000,1964
2024-07-03 13:38:00,1000,1967
2024-07-03 13:39:00,1000,1977
2024-07-03 13:40:00,1000,1984
2024-07-03 13:41:00,1013,1999
2024-07-03 13:42:00,1027,2011
2024-07-03 13:43:00,1040,2026
2024-07-03 13:44:00,1040,2042
2024-07-03 13:45:00,1054,2052
2024-07-03 13:46:00,1040,2031
2024-07-03 13:47:00,1054,2038
2024-07-03 13:48:00,1054,2037
2024-07-03 13:49:00,1067,2076
2024-07-03 13:50:00,1067,2079
2024-07-03 13:51:00,932,1838
2024-07-03 13:52:00,1081,2123
2024-07-03 13:53:00,1054,2069
2024-07-03 13:54:00,986,1957
2024-07-03 13:55:00,1067,2106
2024-07-03 13:56:00,1081,2111
2024-07-03 13:57:00,1081,2123
2024-07-03 13:58:00,1094,2125
2024-07-03 13:59:00,1081,2099
2024-07-03 14:00:00,1067,2072
2024-07-03 14:01:00,1067,2057
2024-07-03 14:02:00,580.9,1227
2024-07-03 14:03:00,229.7,572.2
2024-07-03 14:04:00,459.3,1019
2024-07-03 14:05:00,270.2,639.9
2024-07-03 14:06:00,243.2,589.1
2024-07-03 14:07:00,256.7,629.8
2024-07-03 14:08:00,1054,2023
2024-07-03 14:09:00,1067,2050
2024-07-03 14:10:00,770,1525
2024-07-03 14:11:00,973,1916
2024-07-03 14:12:00,1040,2018
2024-07-03 14:13:00,1013,1991
2024-07-03 14:14:00,1013,1987
2024-07-03 14:15:00,1013,1984
2024-07-03 14:16:00,1013,1987
2024-07-03 14:17:00,1013,1984
2024-07-03 14:18:00,1000,1972
2024-07-03 14:19:00,1000,1964
2024-07-03 14:20:00,1000,1971
2024-07-03 14:21:00,1000,1971
2024-07-03 14:22:00,1000,1962
2024-07-03 14:23:00,986,1950
2024-07-03 14:24:00,986,1952
2024-07-03 14:25:00,986,1947
2024-07-03 14:26:00,986,1938
2024-07-03 14:27:00,986,1935
2024-07-03 14:28:00,973,1930
2024-07-03 14:29:00,973,1920
2024-07-03 14:30:00,973,1908
2024-07-03 14:31:00,973,1916
2024-07-03 14:32:00,973,1916
2024-07-03 14:33:00,973,1896
2024-07-03 14:34:00,966,1893
2024-07-03 14:35:00,959,1872
2024-07-03 14:36:00,946,1820
2024-07-03 14:37:00,932,1805
2024-07-03 14:38:00,946,1855
2024-07-03 14:39:00,946,1835
2024-07-03 14:40:00,973,1889
2024-07-03 14:41:00,973,1910
2024-07-03 14:42:00,979,1923
2024-07-03 14:43:00,986,1938
2024-07-03 14:44:00,973,1933
2024-07-03 14:45:00,973,1932
2024-07-03 14:46:00,973,1923
2024-07-03 14:47:00,973,1911
2024-07-03 14:48:00,959,1903
2024-07-03 14:49:00,959,1894
2024-07-03 14:50:00,946,1883
2024-07-03 14:51:00,946,1862
2024-07-03 14:52:00,919,1818
2024-07-03 14:53:00,932,1847
2024-07-03 14:54:00,932,1844
2024-07-03 14:55:00,932,1835
2024-07-03 14:56:00,932,1849
2024-07-03 14:57:00,919,1842
2024-07-03 14:58:00,919,1838
2024-07-03 14:59:00,932,1842
2024-07-03 15:00:00,932,1852
2024-07-03 15:01:00,946,1862
2024-07-03 15:02:00,946,1866
2024-07-03 15:03:00,932,1854
2024-07-03 15:04:00,932,1842
2024-07-03 15:05:00,919,1835
2024-07-03 15:06:00,919,1822
2024-07-03 15:07:00,919,1801
2024-07-03 15:08:00,919,1810
2024-07-03 15:09:00,919,1810
2024-07-03 15:10:00,878,1728
2024-07-03 15:11:00,892,1740
2024-07-03 15:12:00,838,1652
2024-07-03 15:13:00,689,1403
2024-07-03 15:14:00,351.2,802
2024-07-03 15:15:00,892,1747
2024-07-03 15:16:00,959,1859
2024-07-03 15:17:00,216.2,545.1
2024-07-03 15:18:00,162.1,433.4
2024-07-03 15:19:00,162.1,450.3
2024-07-03 15:20:00,878,1700
2024-07-03 15:21:00,851,1659
2024-07-03 15:22:00,865,1703
2024-07-03 15:23:00,865,1706
2024-07-03 15:24:00,878,1717
2024-07-03 15:25:00,865,1713
2024-07-03 15:26:00,865,1706
2024-07-03 15:27:00,858,1700
2024-07-03 15:28:00,858,1703
2024-07-03 15:29:00,851,1698
2024-07-03 15:30:00,851,1693
2024-07-03 15:31:00,851,1700
2024-07-03 15:32:00,851,1703
2024-07-03 15:33:00,851,1710
2024-07-03 15:34:00,851,1706
2024-07-03 15:35:00,851,1706
2024-07-03 15:36:00,851,1706
2024-07-03 15:37:00,851,1698
2024-07-03 15:38:00,844,1700
2024-07-03 15:39:00,838,1698
2024-07-03 15:40:00,838,1686
2024-07-03 15:41:00,838,1678
2024-07-03 15:42:00,838,1671
2024-07-03 15:43:00,838,1671
2024-07-03 15:44:00,838,1662
2024-07-03 15:45:00,824,1654
2024-07-03 15:46:00,824,1642
2024-07-03 15:47:00,824,1635
2024-07-03 15:48:00,811,1625
2024-07-03 15:49:00,811,1612
2024-07-03 15:50:00,811,1610
2024-07-03 15:51:00,811,1605
2024-07-03 15:52:00,797.1,1596
2024-07-03 15:53:00,797.1,1591
2024-07-03 15:54:00,797.1,1588
2024-07-03 15:55:00,797.1,1591
2024-07-03 15:56:00,797.1,1588
2024-07-03 15:57:00,783.5,1581
2024-07-03 15:58:00,783.5,1581
2024-07-03 15:59:00,783.5,1571
2024-07-03 16:00:00,783.6,1561
2024-07-03 16:01:00,783.6,1554
2024-07-03 16:02:00,770,1551
2024-07-03 16:03:00,770,1551
2024-07-03 16:04:00,770,1546
2024-07-03 16:05:00,770.1,1539
2024-07-03 16:06:00,756.6,1532
2024-07-03 16:07:00,756.6,1539
2024-07-03 16:08:00,756.6,1524
2024-07-03 16:09:00,756.6,1514
2024-07-03 16:10:00,756.6,1524
2024-07-03 16:11:00,743.1,1490
2024-07-03 16:12:00,743.1,1486
2024-07-03 16:13:00,743.1,1473
2024-07-03 16:14:00,743.1,1483
2024-07-03 16:15:00,716.1,1412
2024-07-03 16:16:00,459.4,965
2024-07-03 16:17:00,702.5,1400
2024-07-03 16:18:00,716.1,1407
2024-07-03 16:19:00,722.8,1414
2024-07-03 16:20:00,695.8,1354
2024-07-03 16:21:00,716.1,1395
2024-07-03 16:22:00,675.6,1297
2024-07-03 16:23:00,702.6,1371
2024-07-03 16:24:00,702.6,1380
2024-07-03 16:25:00,702.6,1382
2024-07-03 16:26:00,702.6,1392
2024-07-03 16:27:00,702.6,1395
2024-07-03 16:28:00,702.6,1392
2024-07-03 16:29:00,689.1,1388
2024-07-03 16:30:00,702.6,1387
2024-07-03 16:31:00,689.1,1385
2024-07-03 16:32:00,689.1,1383
2024-07-03 16:33:00,689.1,1378
2024-07-03 16:34:00,689.1,1373
2024-07-03 16:35:00,689.1,1382
2024-07-03 16:36:00,689.1,1375
2024-07-03 16:37:00,689.1,1385
2024-07-03 16:38:00,689.1,1388
2024-07-03 16:39:00,689.1,1375
2024-07-03 16:40:00,675.6,1361
2024-07-03 16:41:00,675.6,1348
2024-07-03 16:42:00,662.1,1324
2024-07-03 16:43:00,675.6,1338
2024-07-03 16:44:00,662.1,1324
2024-07-03 16:45:00,635,1260
2024-07-03 16:46:00,648.6,1294
2024-07-03 16:47:00,662.1,1324
2024-07-03 16:48:00,662.1,1331
2024-07-03 16:49:00,675.6,1327
2024-07-03 16:50:00,675.6,1334
2024-07-03 16:51:00,689.1,1341
2024-07-03 16:52:00,689.1,1341
2024-07-03 16:53:00,689.1,1336
2024-07-03 16:54:00,702.6,1365
2024-07-03 16:55:00,702.6,1361
2024-07-03 16:56:00,689.1,1349
2024-07-03 16:57:00,689.1,1344
2024-07-03 16:58:00,662.1,1304
2024-07-03 16:59:00,648.6,1294
2024-07-03 17:00:00,648.6,1280
2024-07-03 17:01:00,648.6,1280
2024-07-03 17:02:00,648.6,1277
2024-07-03 17:03:00,635,1266
2024-07-03 17:04:00,628.3,1239
2024-07-03 17:05:00,635,1246
2024-07-03 17:06:00,621.5,1239
2024-07-03 17:07:00,621.5,1219
2024-07-03 17:08:00,608,1221
2024-07-03 17:09:00,608,1199
2024-07-03 17:10:00,594.5,1168
2024-07-03 17:11:00,581,1151
2024-07-03 17:12:00,581,1119
2024-07-03 17:13:00,567.5,1057
2024-07-03 17:14:00,554,936
2024-07-03 17:15:00,540.5,816
2024-07-03 17:16:00,540.5,670.5
2024-07-03 17:17:00,540.5,543.5
2024-07-03 17:18:00,540.5,445.3
2024-07-03 17:19:00,540.5,389.4
2024-07-03 17:20:00,527,362.3
2024-07-03 17:21:00,527,348.8
2024-07-03 17:22:00,513.4,352.2
2024-07-03 17:23:00,472.9,355.6
2024-07-03 17:24:00,405.3,359
2024-07-03 17:25:00,324.3,359
2024-07-03 17:26:00,243.2,355.6
2024-07-03 17:27:00,175.6,348.8
2024-07-03 17:28:00,148.6,348.8
2024-07-03 17:29:00,121.6,345.4
2024-07-03 17:30:00,108.1,342
2024-07-03 17:31:00,108.1,338.6
2024-07-03 17:32:00,108.1,331.9
2024-07-03 17:33:00,108.1,326.8
2024-07-03 17:34:00,108.1,321.7
2024-07-03 17:35:00,108.1,318.3
2024-07-03 17:36:00,101.3,314.9
2024-07-03 17:37:00,94.6,314.9
2024-07-03 17:38:00,94.6,311.5
2024-07-03 17:39:00,94.6,308.2
2024-07-03 17:40:00,94.6,304.8
2024-07-03 17:41:00,94.6,304.8
2024-07-03 17:42:00,94.6,308.2
2024-07-03 17:43:00,94.6,323.4
2024-07-03 17:44:00,94.6,362.3
2024-07-03 17:45:00,94.6,430.1
2024-07-03 17:46:00,94.6,524.9
2024-07-03 17:47:00,94.6,629.9
2024-07-03 17:48:00,108.1,728.1
2024-07-03 17:49:00,94.6,778.8
2024-07-03 17:50:00,135.1,809
2024-07-03 17:51:00,189.2,819
2024-07-03 17:52:00,243.2,826
2024-07-03 17:53:00,297.3,816
2024-07-03 17:54:00,337.8,803
2024-07-03 17:55:00,337.8,782.2
2024-07-03 17:56:00,297.2,782.2
2024-07-03 17:57:00,222.9,768.7
2024-07-03 17:58:00,148.6,767
2024-07-03 17:59:00,108.1,765.3
2024-07-03 18:00:00,108.1,772.1
2024-07-03 18:01:00,148.6,768.7
2024-07-03 18:02:00,202.7,761.9
2024-07-03 18:03:00,270.2,755.1
2024-07-03 18:04:00,324.3,731.4
2024-07-03 18:05:00,364.8,660.3
2024-07-03 18:06:00,371.6,480.9
2024-07-03 18:07:00,364.8,328.5
2024-07-03 18:08:00,351.3,284.4
2024-07-03 18:09:00,351.3,277.7
2024-07-03 18:10:00,351.3,287.8
2024-07-03 18:11:00,337.8,355.5
2024-07-03 18:12:00,337.8,511.3
2024-07-03 18:13:00,337.8,636.6
2024-07-03 18:14:00,337.8,677.2
2024-07-03 18:15:00,337.8,675.6
2024-07-03 18:16:00,324.3,670.5
2024-07-03 18:17:00,324.3,662
2024-07-03 18:18:00,324.3,656.9
2024-07-03 18:19:00,324.3,646.8
2024-07-03 18:20:00,310.8,633.2
2024-07-03 18:21:00,297.2,612.9
2024-07-03 18:22:00,297.2,596
2024-07-03 18:23:00,283.7,585.8
2024-07-03 18:24:00,283.7,582.4
2024-07-03 18:25:00,270.2,589.2
2024-07-03 18:26:00,202.7,602.7
2024-07-03 18:27:00,121.6,611.2
2024-07-03 18:28:00,81.1,612.9
2024-07-03 18:29:00,81.1,606.1
2024-07-03 18:30:00,121.6,602.7
2024-07-03 18:31:00,202.7,602.7
2024-07-03 18:32:00,270.2,599.3
2024-07-03 18:33:00,297.2,592.6
2024-07-03 18:34:00,283.7,585.8
2024-07-03 18:35:00,283.7,579
2024-07-03 18:36:00,283.7,575.6
2024-07-03 18:37:00,283.7,223.5
2024-07-03 18:38:00,270.2,558.7
2024-07-03 18:39:00,270.2,548.5
2024-07-03 18:40:00,256.7,518.1
2024-07-03 18:41:00,243.2,497.7
2024-07-03 18:42:00,243.2,501.1
2024-07-03 18:43:00,243.2,484.2
2024-07-03 18:44:00,243.2,484.2
2024-07-03 18:45:00,243.2,477.4
2024-07-03 18:46:00,229.7,423.2
2024-07-03 18:47:00,229.7,335.2
2024-07-03 18:48:00,168.9,240.4
2024-07-03 18:49:00,162.1,206.5
2024-07-03 18:50:00,135.1,193
2024-07-03 18:51:00,94.6,182.8
2024-07-03 18:52:00,81.1,172.7
2024-07-03 18:53:00,81.1,165.9
2024-07-03 18:54:00,67.55,155.7
2024-07-03 18:55:00,67.55,145.6
2024-07-03 18:56:00,67.55,152.4
2024-07-03 18:57:00,67.55,142.2
2024-07-03 18:58:00,54.04,133.7
2024-07-03 18:59:00,54.04,135.4
2024-07-03 19:00:00,67.55,138.8
2024-07-03 19:01:00,67.55,142.2
2024-07-03 19:02:00,54.04,118.5
2024-07-03 19:03:00,40.53,108.3
2024-07-03 19:04:00,40.53,101.6
2024-07-03 19:05:00,40.53,101.6
2024-07-03 19:06:00,40.53,101.6
2024-07-03 19:07:00,54.04,105
2024-07-03 19:08:00,54.04,105
2024-07-03 19:09:00,40.53,101.6
2024-07-03 19:10:00,54.04,105
2024-07-03 19:11:00,67.55,135.4
2024-07-03 19:12:00,67.55,128.7
2024-07-03 19:13:00,54.04,118.5
2024-07-03 19:14:00,54.04,121.9
2024-07-03 19:15:00,54.04,142.2
2024-07-03 19:16:00,54.04,172.7
2024-07-03 19:17:00,54.04,165.9
2024-07-03 19:18:00,60.79,135.4
2024-07-03 19:19:00,67.55,132
2024-07-03 19:20:00,67.55,135.4
2024-07-03 19:21:00,81.1,149
2024-07-03 19:22:00,81.1,172.7
2024-07-03 19:23:00,81.1,186.2
2024-07-03 19:24:00,81.1,169.3
2024-07-03 19:25:00,81.1,162.5
2024-07-03 19:26:00,67.55,149
2024-07-03 19:27:00,67.55,142.2
2024-07-03 19:28:00,67.55,142.2
2024-07-03 19:29:00,67.55,137.1
2024-07-03 19:30:00,67.55,133.7
2024-07-03 19:31:00,67.55,132
2024-07-03 19:32:00,67.55,132
2024-07-03 19:33:00,81.1,132
2024-07-03 19:34:00,81.1,132
2024-07-03 19:35:00,81.1,142.2
2024-07-03 19:36:00,94.6,149
2024-07-03 19:37:00,108.1,152.4
2024-07-03 19:38:00,108.1,165.9
2024-07-03 19:39:00,81.1,155.7
2024-07-03 19:40:00,81.1,186.2
2024-07-03 19:41:00,67.55,162.5
2024-07-03 19:42:00,67.55,145.6
2024-07-03 19:43:00,67.55,135.4
2024-07-03 19:44:00,67.55,128.7
2024-07-03 19:45:00,67.55,118.5
2024-07-03 19:46:00,54.04,115.1
2024-07-03 19:47:00,54.04,108.3
2024-07-03 19:48:00,54.04,105
2024-07-03 19:49:00,54.04,101.6
2024-07-03 19:50:00,54.04,98.2
2024-07-03 19:51:00,54.04,94.8
2024-07-03 19:52:00,40.53,91.4
2024-07-03 19:53:00,54.04,88
2024-07-03 19:54:00,54.04,88
2024-07-03 19:55:00,40.53,84.6
2024-07-03 19:56:00,40.53,81.3
2024-07-03 19:57:00,40.53,77.87
2024-07-03 19:58:00,40.53,77.87
2024-07-03 19:59:00,40.53,74.49
2024-07-03 20:00:00,40.53,74.49
2024-07-03 20:01:00,40.53,71.1
2024-07-03 20:02:00,40.53,69.41
2024-07-03 20:03:00,40.53,67.72
2024-07-03 20:04:00,40.53,64.33
2024-07-03 20:05:00,40.53,60.94
2024-07-03 20:06:00,40.53,57.56
2024-07-03 20:07:00,40.53,54.17
2024-07-03 20:08:00,27.02,50.79
2024-07-03 20:09:00,27.02,47.4
2024-07-03 20:10:00,27.02,44.02
2024-07-03 20:11:00,27.02,40.63
2024-07-03 20:12:00,27.02,37.24
2024-07-03 20:13:00,27.02,37.24
2024-07-03 20:14:00,27.02,33.86
2024-07-03 20:15:00,QCF,30.47
2024-07-03 20:16:00,QCF,27.09
2024-07-03 20:17:00,QCF,27.09
2024-07-03 20:18:00,QCF,23.7
2024-07-03 20:19:00,QCF,23.7
2024-07-03 20:20:00,QCF,20.31
2024-07-03 20:21:00,QCF,20.31
2024-07-03 20:22:00,QCF,20.31
2024-07-03 20:23:00,QCF,20.31
2024-07-03 20:24:00,QCF,16.93
2024-07-03 20:25:00,QCF,16.93
2024-07-03 20:26:00,QCF,16.93
2024-07-03 20:27:00,QCF,13.54
2024-07-03 20:28:00,QCF,13.54
2024-07-03 20:29:00,QCF,10.16
2024-07-03 20:30:00,QCF,10.16
2024-07-03 20:31:00,QCF,10.16
2024-07-10 06:10:00,QCF,6.77
2024-07-10 06:11:00,QCF,6.77
2024-07-10 06:12:00,QCF,10.16
2024-07-10 06:13:00,QCF,10.16
2024-07-10 06:14:00,QCF,10.16
2024-07-10 06:15:00,QCF,10.16
2024-07-10 06:16:00,QCF,10.16
2024-07-10 06:17:00,QCF,10.16
2024-07-10 06:18:00,QCF,13.54
2024-07-10 06:19:00,QCF,13.54
2024-07-10 06:20:00,QCF,13.54
2024-07-10 06:21:00,QCF,13.54
2024-07-10 06:22:00,QCF,16.93
2024-07-10 06:23:00,QCF,16.93
2024-07-10 06:24:00,QCF,20.31
2024-07-10 06:25:00,QCF,20.31
2024-07-10 06:26:00,QCF,20.31
2024-07-10 06:27:00,QCF,20.31
2024-07-10 06:28:00,QCF,20.31
2024-07-10 06:29:00,QCF,20.31
2024-07-10 06:30:00,27.01,20.31
2024-07-10 06:31:00,20.26,23.7
2024-07-10 06:32:00,20.26,23.7
2024-07-10 06:33:00,27.01,27.08
2024-07-10 06:34:00,27.01,27.08
2024-07-10 06:35:00,27.01,25.39
2024-07-10 06:36:00,27.01,23.7
2024-07-10 06:37:00,27.01,23.7
2024-07-10 06:38:00,QCF,20.31
2024-07-10 06:39:00,QCF,23.7
2024-07-10 06:40:00,QCF,23.7
2024-07-10 06:41:00,27.01,27.08
2024-07-10 06:42:00,27.01,33.85
2024-07-10 06:43:00,27.01,33.85
2024-07-10 06:44:00,27.01,33.85
2024-07-10 06:45:00,27.01,35.55
2024-07-10 06:46:00,27.01,33.85
2024-07-10 06:47:00,27.01,37.24
2024-07-10 06:48:00,27.01,37.24
2024-07-10 06:49:00,27.01,44.01
2024-07-10 06:50:00,27.01,47.39
2024-07-10 06:51:00,27.01,44.01
2024-07-10 06:52:00,27.01,44.01
2024-07-10 06:53:00,27.01,50.78
2024-07-10 06:54:00,27.01,50.78
2024-07-10 06:55:00,27.01,50.78
2024-07-10 06:56:00,27.01,54.16
2024-07-10 06:57:00,27.01,64.32
2024-07-10 06:58:00,40.52,74.48
2024-07-10 06:59:00,40.52,71.09
2024-07-10 07:00:00,40.52,71.09
2024-07-10 07:01:00,40.52,77.86
2024-07-10 07:02:00,40.52,81.2
2024-07-10 07:03:00,54.03,82.9
2024-07-10 07:04:00,54.03,91.4
2024-07-10 07:05:00,40.52,74.48
2024-07-10 07:06:00,67.54,98.2
2024-07-10 07:07:00,40.52,67.7
2024-07-10 07:08:00,27.01,60.93
2024-07-10 07:09:00,27.01,60.93
2024-07-10 07:10:00,40.52,77.86
2024-07-10 07:11:00,54.03,98.2
2024-07-10 07:12:00,67.54,115.1
2024-07-10 07:13:00,54.03,101.6
2024-07-10 07:14:00,54.03,98.2
2024-07-10 07:15:00,54.03,94.8
2024-07-10 07:16:00,40.52,88
2024-07-10 07:17:00,54.03,98.2
2024-07-10 07:18:00,54.03,108.3
2024-07-10 07:19:00,54.03,101.6
2024-07-10 07:20:00,67.54,116.8
2024-07-10 07:21:00,54.03,104.9
2024-07-10 07:22:00,67.54,111.7
2024-07-10 07:23:00,67.54,118.5
2024-07-10 07:24:00,74.29,132
2024-07-10 07:25:00,67.54,115.1
2024-07-10 07:26:00,54.03,98.2
2024-07-10 07:27:00,54.03,98.2
2024-07-10 07:28:00,54.03,104.9
2024-07-10 07:29:00,67.54,118.5
2024-07-10 07:30:00,81,149
2024-07-10 07:31:00,67.54,115.1
2024-07-10 07:32:00,40.52,88
2024-07-10 07:33:00,40.52,94.8
2024-07-10 07:34:00,54.03,108.3
2024-07-10 07:35:00,54.03,108.3
2024-07-10 07:36:00,40.52,88
2024-07-10 07:37:00,47.27,91.4
2024-07-10 07:38:00,40.52,84.6
2024-07-10 07:39:00,54.03,111.7
2024-07-10 07:40:00,67.54,132
2024-07-10 07:41:00,81,155.7
2024-07-10 07:42:00,81,155.7
2024-07-10 07:43:00,81,186.2
2024-07-10 07:44:00,81,176
2024-07-10 07:45:00,81,176
2024-07-10 07:46:00,94.5,196.3
2024-07-10 07:47:00,94.5,196.3
2024-07-10 07:48:00,94.5,209.9
2024-07-10 07:49:00,94.5,209.9
2024-07-10 07:50:00,94.6,209.9
2024-07-10 07:51:00,108.1,233.6
2024-07-10 07:52:00,94.6,199.7
2024-07-10 07:53:00,81,164.2
2024-07-10 07:54:00,81,177.7
2024-07-10 07:55:00,81,182.8
2024-07-10 07:56:00,81,179.4
2024-07-10 07:57:00,81,169.3
2024-07-10 07:58:00,81,182.8
2024-07-10 07:59:00,94.6,198
2024-07-10 08:00:00,94.6,203.1
2024-07-10 08:01:00,94.5,206.5
2024-07-10 08:02:00,94.5,199.7
2024-07-10 08:03:00,81,182.8
2024-07-10 08:04:00,81,179.4
2024-07-10 08:05:00,81,187.9
2024-07-10 08:06:00,94.5,209.9
2024-07-10 08:07:00,108.1,240.4
2024-07-10 08:08:00,94.5,218.3
2024-07-10 08:09:00,121.6,260.7
2024-07-10 08:10:00,135.1,287.7
2024-07-10 08:11:00,121.6,260.7
2024-07-10 08:12:00,121.6,270.8
2024-07-10 08:13:00,148.6,304.7
2024-07-10 08:14:00,162.1,338.5
2024-07-10 08:15:00,148.6,328.4
2024-07-10 08:16:00,128.3,291.1
2024-07-10 08:17:00,121.6,277.6
2024-07-10 08:18:00,121.6,284.4
2024-07-10 08:19:00,148.6,318.2
2024-07-10 08:20:00,155.3,331.8
2024-07-10 08:21:00,202.6,409.6
2024-07-10 08:22:00,216.1,450.2
2024-07-10 08:23:00,202.6,426.5
2024-07-10 08:24:00,189.1,402.8
2024-07-10 08:25:00,175.6,372.4
2024-07-10 08:26:00,202.6,429.9
2024-07-10 08:27:00,202.6,419.8
2024-07-10 08:28:00,229.6,463.8
2024-07-10 08:29:00,229.6,487.5
2024-07-10 08:30:00,243.1,521.3
2024-07-10 08:31:00,445.7,873
2024-07-10 08:32:00,249.9,561.9
2024-07-10 08:33:00,222.9,504.4
2024-07-10 08:34:00,432.2,873
2024-07-10 08:35:00,445.7,906
2024-07-10 08:36:00,270.1,619.5
2024-07-10 08:37:00,189.1,473.9
2024-07-10 08:38:00,418.7,867
2024-07-10 08:39:00,256.6,606
2024-07-10 08:40:00,162.1,419.8
2024-07-10 08:41:00,418.7,887
2024-07-10 08:42:00,229.6,561.9
2024-07-10 08:43:00,324.2,724.4
2024-07-10 08:44:00,162.1,443.5
2024-07-10 08:45:00,405.2,865
2024-07-10 08:46:00,432.2,900
2024-07-10 08:47:00,391.7,850
2024-07-10 08:48:00,445.7,934
2024-07-10 08:49:00,459.3,948
2024-07-10 08:50:00,175.6,453.6
2024-07-10 08:51:00,175.6,467.2
2024-07-10 08:52:00,135.1,392.7
2024-07-10 08:53:00,445.7,924
2024-07-10 08:54:00,148.6,404.6
2024-07-10 08:55:00,135.1,379.2
2024-07-10 08:56:00,216.1,521.4
2024-07-10 08:57:00,175.6,433.3
2024-07-10 08:58:00,337.7,749.9
2024-07-10 08:59:00,148.6,392.7
2024-07-10 09:00:00,202.6,484.1
2024-07-10 09:01:00,297.2,656.8
2024-07-10 09:02:00,324.2,714.3
2024-07-10 09:03:00,229.6,550.2
2024-07-10 09:04:00,432.3,901
2024-07-10 09:05:00,540.3,1094
2024-07-10 09:06:00,162.1,419.8
2024-07-10 09:07:00,162.1,406.3
2024-07-10 09:08:00,216.1,518
2024-07-10 09:09:00,148.6,394.4
2024-07-10 09:10:00,175.6,426.6
2024-07-10 09:11:00,175.6,436.7
2024-07-10 09:12:00,189.1,501.1
2024-07-10 09:13:00,520.1,1077
2024-07-10 09:14:00,513.3,1077
2024-07-10 09:15:00,513.3,1072
2024-07-10 09:16:00,135.1,406.3
2024-07-10 09:17:00,513.3,1087
2024-07-10 09:18:00,540.3,1121
2024-07-10 09:19:00,567.4,1178
2024-07-10 09:20:00,580.9,1168
2024-07-10 09:21:00,553.8,1144
2024-07-10 09:22:00,567.4,1170
2024-07-10 09:23:00,499.8,1058
2024-07-10 09:24:00,634.9,1283
2024-07-10 09:25:00,607.9,1237
2024-07-10 09:26:00,310.7,714.4
2024-07-10 09:27:00,580.9,1199
2024-07-10 09:28:00,594.4,1222
2024-07-10 09:29:00,594.4,1226
2024-07-10 09:30:00,580.9,1205
2024-07-10 09:31:00,567.4,1178
2024-07-10 09:32:00,567.4,1182
2024-07-10 09:33:00,567.4,1190
2024-07-10 09:34:00,553.9,1155
2024-07-10 09:35:00,459.3,975
2024-07-10 09:36:00,607.9,1248
2024-07-10 09:37:00,634.9,1309
2024-07-10 09:38:00,621.4,1287
2024-07-10 09:39:00,621.4,1273
2024-07-10 09:40:00,607.9,1263
2024-07-10 09:41:00,634.9,1298
2024-07-10 09:42:00,634.9,1320
2024-07-10 09:43:00,634.9,1314
2024-07-10 09:44:00,634.9,1322
2024-07-10 09:45:00,621.4,1287
2024-07-10 09:46:00,634.9,1304
2024-07-10 09:47:00,634.9,1293
2024-07-10 09:48:00,621.4,1276
2024-07-10 09:49:00,662,1349
2024-07-10 09:50:00,634.9,1300
2024-07-10 09:51:00,662,1353
2024-07-10 09:52:00,310.7,727.9
2024-07-10 09:53:00,607.9,1258
2024-07-10 09:54:00,607.9,1260
2024-07-10 09:55:00,634.9,1314
2024-07-10 09:56:00,607.9,1273
2024-07-10 09:57:00,634.9,1327
2024-07-10 09:58:00,648.5,1344
2024-07-10 09:59:00,662,1359
2024-07-10 10:00:00,648.5,1310
2024-07-10 10:01:00,216.2,538.3
2024-07-10 10:02:00,689,1407
2024-07-10 10:03:00,702.5,1402
2024-07-10 10:04:00,695.7,1395
2024-07-10 10:05:00,256.7,639.9
2024-07-10 10:06:00,675.5,1371
2024-07-10 10:07:00,662,1381
2024-07-10 10:08:00,648.5,1320
2024-07-10 10:09:00,662,1358
2024-07-10 10:10:00,662,1371
2024-07-10 10:11:00,689,1408
2024-07-10 10:12:00,675.5,1395
2024-07-10 10:13:00,702.5,1439
2024-07-10 10:14:00,716,1463
2024-07-10 10:15:00,729.5,1476
2024-07-10 10:16:00,716,1431
2024-07-10 10:17:00,824,1646
2024-07-10 10:18:00,783.5,1581
2024-07-10 10:19:00,756.5,1564
2024-07-10 10:20:00,770,1544
2024-07-10 10:21:00,499.8,1097
2024-07-10 10:22:00,634.9,1297
2024-07-10 10:23:00,797.1,1622
2024-07-10 10:24:00,790.3,1595
2024-07-10 10:25:00,811,1627
2024-07-10 10:26:00,324.2,772
2024-07-10 10:27:00,783.5,1600
2024-07-10 10:28:00,675.5,1398
2024-07-10 10:29:00,621.4,1302
2024-07-10 10:30:00,770,1557
2024-07-10 10:31:00,770,1585
2024-07-10 10:32:00,797.1,1608
2024-07-10 10:33:00,811,1651
2024-07-10 10:34:00,256.7,619.6
2024-07-10 10:35:00,783.5,1600
2024-07-10 10:36:00,824,1659
2024-07-10 10:37:00,878,1754
2024-07-10 10:38:00,878,1735
2024-07-10 10:39:00,905,1784
2024-07-10 10:40:00,946,1852
2024-07-10 10:41:00,959,1883
2024-07-10 10:42:00,756.5,1485
2024-07-10 10:43:00,418.8,931
2024-07-10 10:44:00,486.3,1080
2024-07-10 10:45:00,946,1859
2024-07-10 10:46:00,973,1899
2024-07-10 10:47:00,973,1886
2024-07-10 10:48:00,1027,1977
2024-07-10 10:49:00,702.5,1383
2024-07-10 10:50:00,892,1762
2024-07-10 10:51:00,1027,1987
2024-07-10 10:52:00,1027,1987
2024-07-10 10:53:00,1027,1991
2024-07-10 10:54:00,513.4,1080
2024-07-10 10:55:00,838,1652
2024-07-10 10:56:00,358,761.8
2024-07-10 10:57:00,351.2,751.7
2024-07-10 10:58:00,364.8,768.6
2024-07-10 10:59:00,567.4,1161
2024-07-10 11:00:00,1000,1893
2024-07-10 11:01:00,445.8,955
2024-07-10 11:02:00,526.9,1067
2024-07-10 11:03:00,729.5,1442
2024-07-10 11:04:00,459.3,945
2024-07-10 11:05:00,378.3,795.7
2024-07-10 11:06:00,310.7,650.1
2024-07-10 11:07:00,283.7,592.5
2024-07-10 11:08:00,270.2,558.7
2024-07-10 11:09:00,256.7,535
2024-07-10 11:10:00,243.2,501.1
2024-07-10 11:11:00,229.7,480.8
2024-07-10 11:12:00,229.7,490.9
2024-07-10 11:13:00,256.7,535
2024-07-10 11:14:00,283.7,585.7
2024-07-10 11:15:00,297.2,616.2
2024-07-10 11:16:00,297.2,623
2024-07-10 11:17:00,297.2,623
2024-07-10 11:18:00,297.2,609.4
2024-07-10 11:19:00,297.2,623
2024-07-10 11:20:00,324.2,663.6
2024-07-10 11:21:00,337.7,697.5
2024-07-10 11:22:00,337.7,694.1
2024-07-10 11:23:00,324.2,683.9
2024-07-10 11:24:00,310.7,636.5
2024-07-10 11:25:00,297.2,629.8
2024-07-10 11:26:00,310.7,670.4
2024-07-10 11:27:00,391.8,826
2024-07-10 11:28:00,445.8,938
2024-07-10 11:29:00,553.9,1134
2024-07-10 11:30:00,405.3,860
2024-07-10 11:31:00,405.3,843
2024-07-10 11:32:00,324.2,677.2
2024-07-10 11:33:00,270.2,582.4
2024-07-10 11:34:00,256.7,538.3
2024-07-10 11:35:00,256.7,538.3
2024-07-10 11:36:00,243.2,531.6
2024-07-10 11:37:00,256.7,551.9
2024-07-10 11:38:00,283.7,602.7
2024-07-10 11:39:00,310.7,670.4
2024-07-10 11:40:00,378.3,806
2024-07-10 11:41:00,797.1,1557
2024-07-10 11:42:00,1054,2018
2024-07-10 11:43:00,513.4,1107
2024-07-10 11:44:00,1027,1971
2024-07-10 11:45:00,567.4,1180
2024-07-10 11:46:00,270.2,606.1
2024-07-10 11:47:00,270.2,592.5
2024-07-10 11:48:00,283.7,626.4
2024-07-10 11:49:00,993,1982
2024-07-10 11:50:00,310.7,697.5
2024-07-10 11:51:00,337.7,751.7
2024-07-10 11:52:00,1067,2052
2024-07-10 11:53:00,1054,2055
2024-07-10 11:54:00,607.9,1310
2024-07-10 11:55:00,811,1635
2024-07-10 11:56:00,1027,2008
2024-07-10 11:57:00,770,1549
2024-07-10 11:58:00,310.7,716.1
2024-07-10 11:59:00,1000,1933
2024-07-10 12:00:00,1027,2021
2024-07-10 12:01:00,1027,2020
2024-07-10 12:02:00,1027,2004
2024-07-10 12:03:00,1054,2057
2024-07-10 12:04:00,986,1928
2024-07-10 12:05:00,932,1855
2024-07-10 12:06:00,1094,2143
2024-07-10 12:07:00,1108,2142
2024-07-10 12:08:00,405.3,911
2024-07-10 12:09:00,1081,2114
2024-07-10 12:10:00,1013,2008
2024-07-10 12:11:00,973,1957
2024-07-10 12:12:00,973,1950
2024-07-10 12:13:00,959,1933
2024-07-10 12:14:00,959,1933
2024-07-10 12:15:00,973,1949
2024-07-10 12:16:00,986,1972
2024-07-10 12:17:00,526.9,1151
2024-07-10 12:18:00,1054,2103
2024-07-10 12:19:00,1067,2116
2024-07-10 12:20:00,337.7,785.5
2024-07-10 12:21:00,412,924
2024-07-10 12:22:00,1027,2021
2024-07-10 12:23:00,229.7,545.1
2024-07-10 12:24:00,256.7,597.6
2024-07-10 12:25:00,702.5,1439
2024-07-10 12:26:00,1121,2165
2024-07-10 12:27:00,310.7,700.9
2024-07-10 12:28:00,243.2,565.4
2024-07-10 12:29:00,229.7,565.4
2024-07-10 12:30:00,1013,2003
2024-07-10 12:31:00,1000,1979
2024-07-10 12:32:00,959,1925
2024-07-10 12:33:00,959,1932
2024-07-10 12:34:00,959,1938
2024-07-10 12:35:00,973,1943
2024-07-10 12:36:00,959,1930
2024-07-10 12:37:00,959,1930
2024-07-10 12:38:00,973,1949
2024-07-10 12:39:00,797.1,1625
2024-07-10 12:40:00,1027,2018
2024-07-10 12:41:00,310.7,734.7
2024-07-10 12:42:00,1013,1996
2024-07-10 12:43:00,973,1933
2024-07-10 12:44:00,216.2,518
2024-07-10 12:45:00,229.7,524.8
2024-07-10 12:46:00,634.9,1322
2024-07-10 12:47:00,1081,2128
2024-07-10 12:48:00,1081,2120
2024-07-10 12:49:00,1054,2089
2024-07-10 12:50:00,1094,2160
2024-07-10 12:51:00,1108,2150
2024-07-10 12:52:00,946,1898
2024-07-10 12:53:00,1081,2092
2024-07-10 12:54:00,1162,2268
2024-07-10 12:55:00,1162,2260
2024-07-10 12:56:00,1162,2279
2024-07-10 12:57:00,1121,2221
2024-07-10 12:58:00,486.3,1068
2024-07-10 12:59:00,1054,2091
2024-07-10 13:00:00,702.5,1459
2024-07-10 13:01:00,1013,2028
2024-07-10 13:02:00,1000,1998
2024-07-10 13:03:00,1040,2067
2024-07-10 13:04:00,337.7,795.7
2024-07-10 13:05:00,1067,2092
2024-07-10 13:06:00,932,1888
2024-07-10 13:07:00,1013,2011
2024-07-10 13:08:00,1020,2018
2024-07-10 13:09:00,905,1796
2024-07-10 13:10:00,1094,2153
2024-07-10 13:11:00,297.2,680.5
2024-07-10 13:12:00,499.8,1073
2024-07-10 13:13:00,337.7,744.9
2024-07-10 13:14:00,729.5,1503
2024-07-10 13:15:00,358,792.3
2024-07-10 13:16:00,1202,2316
2024-07-10 13:17:00,540.4,1141
2024-07-10 13:18:00,1054,2070
2024-07-10 13:19:00,1108,2165
2024-07-10 13:20:00,1094,2158
2024-07-10 13:21:00,1135,2238
2024-07-10 13:22:00,1013,2031
2024-07-10 13:23:00,297.2,683.9
2024-07-10 13:24:00,1108,2180
2024-07-10 13:25:00,1108,2177
2024-07-10 13:26:00,1081,2153
2024-07-10 13:27:00,1094,2174
2024-07-10 13:28:00,1094,2177
2024-07-10 13:29:00,1128,2219
2024-07-10 13:30:00,1135,2201
2024-07-10 13:31:00,297.2,667
2024-07-10 13:32:00,351.2,765.2
2024-07-10 13:33:00,351.2,755
2024-07-10 13:34:00,567.4,1183
2024-07-10 13:35:00,499.8,1073
2024-07-10 13:36:00,1135,2224
2024-07-10 13:37:00,1108,2191
2024-07-10 13:38:00,959,1921
2024-07-10 13:39:00,378.3,846
2024-07-10 13:40:00,1135,2241
2024-07-10 13:41:00,378.3,863
2024-07-10 13:42:00,1067,2116
2024-07-10 13:43:00,1108,2179
2024-07-10 13:44:00,986,1959
2024-07-10 13:45:00,1067,2143
2024-07-10 13:46:00,1067,2120
2024-07-10 13:47:00,1067,2135
2024-07-10 13:48:00,1040,2082
2024-07-10 13:49:00,1040,2082
2024-07-10 13:50:00,1040,2065
2024-07-10 13:51:00,1047,2099
2024-07-10 13:52:00,1040,2074
2024-07-10 13:53:00,351.2,788.9
2024-07-10 13:54:00,304,673.8
2024-07-10 13:55:00,310.7,683.9
2024-07-10 13:56:00,324.2,711
2024-07-10 13:57:00,1135,2208
2024-07-10 13:58:00,1094,2116
2024-07-10 13:59:00,1202,2324
2024-07-10 14:00:00,1148,2206
2024-07-10 14:01:00,337.7,717.8
2024-07-10 14:02:00,324.2,697.5
2024-07-10 14:03:00,324.2,704.3
2024-07-10 14:04:00,811,1669
2024-07-10 14:05:00,1081,2126
2024-07-10 14:06:00,1054,2072
2024-07-10 14:07:00,432.3,879
2024-07-10 14:08:00,243.2,545.1
2024-07-10 14:09:00,297.2,646.7
2024-07-10 14:10:00,391.8,836
2024-07-10 14:11:00,1175,2272
2024-07-10 14:12:00,1040,2045
2024-07-10 14:13:00,1148,2255
2024-07-10 14:14:00,1162,2282
2024-07-10 14:15:00,1121,2216
2024-07-10 14:16:00,1108,2206
2024-07-10 14:17:00,337.7,758.4
2024-07-10 14:18:00,1067,2108
2024-07-10 14:19:00,1067,2113
2024-07-10 14:20:00,1000,1988
2024-07-10 14:21:00,1013,2026
2024-07-10 14:22:00,1027,2064
2024-07-10 14:23:00,1027,2045
2024-07-10 14:24:00,1027,2055
2024-07-10 14:25:00,648.5,1368
2024-07-10 14:26:00,986,1981
2024-07-10 14:27:00,973,1974
2024-07-10 14:28:00,973,1954
2024-07-10 14:29:00,959,1937
2024-07-10 14:30:00,946,1916
2024-07-10 14:31:00,946,1913
2024-07-10 14:32:00,973,1974
2024-07-10 14:33:00,966,1954
2024-07-10 14:34:00,959,1952
2024-07-10 14:35:00,959,1922
2024-07-10 14:36:00,202.7,501.1
2024-07-10 14:37:00,1000,1994
2024-07-10 14:38:00,1000,2011
2024-07-10 14:39:00,1000,2008
2024-07-10 14:40:00,1000,1999
2024-07-10 14:41:00,986,1976
2024-07-10 14:42:00,1013,2026
2024-07-10 14:43:00,1040,2065
2024-07-10 14:44:00,520.1,1114
2024-07-10 14:45:00,324.2,707.7
2024-07-10 14:46:00,270.2,606.1
2024-07-10 14:47:00,216.2,474.1
2024-07-10 14:48:00,229.7,524.8
2024-07-10 14:49:00,324.2,684
2024-07-10 14:50:00,405.3,877
2024-07-10 14:51:00,648.5,1360
2024-07-10 14:52:00,445.9,982
2024-07-10 14:53:00,364.8,823
2024-07-10 14:54:00,1020,2037
2024-07-10 14:55:00,1027,2039
2024-07-10 14:56:00,1013,2011
2024-07-10 14:57:00,986,1954
2024-07-10 14:58:00,926,1857
2024-07-10 14:59:00,959,1910
2024-07-10 15:00:00,932,1871
2024-07-10 15:01:00,946,1883
2024-07-10 15:02:00,939,1879
2024-07-10 15:03:00,973,1937
2024-07-10 15:04:00,959,1928
2024-07-10 15:05:00,946,1900
2024-07-10 15:06:00,946,1890
2024-07-10 15:07:00,946,1884
2024-07-10 15:08:00,959,1913
2024-07-10 15:09:00,946,1879
2024-07-10 15:10:00,986,1974
2024-07-10 15:11:00,540.4,1168
2024-07-10 15:12:00,1027,2032
2024-07-10 15:13:00,297.2,646.8
2024-07-10 15:14:00,310.7,724.6
2024-07-10 15:15:00,351.3,789
2024-07-10 15:16:00,973,1933
2024-07-10 15:17:00,973,1950
2024-07-10 15:18:00,959,1923
2024-07-10 15:19:00,959,1937
2024-07-10 15:20:00,702.6,1461
2024-07-10 15:21:00,932,1889
2024-07-10 15:22:00,905,1835
2024-07-10 15:23:00,892,1807
2024-07-10 15:24:00,905,1844
2024-07-10 15:25:00,912,1847
2024-07-10 15:26:00,905,1835
2024-07-10 15:27:00,932,1869
2024-07-10 15:28:00,838,1720
2024-07-10 15:29:00,959,1930
2024-07-10 15:30:00,986,1974
2024-07-10 15:31:00,1000,1989
2024-07-10 15:32:00,973,1952
2024-07-10 15:33:00,946,1898
2024-07-10 15:34:00,919,1862
2024-07-10 15:35:00,905,1849
2024-07-10 15:36:00,892,1798
2024-07-10 15:37:00,337.8,745
2024-07-10 15:38:00,202.7,494.4
2024-07-10 15:39:00,892,1790
2024-07-10 15:40:00,905,1815
2024-07-10 15:41:00,229.7,582.5
2024-07-10 15:42:00,865,1732
2024-07-10 15:43:00,729.6,1487
2024-07-10 15:44:00,838,1700
2024-07-10 15:45:00,824,1673
2024-07-10 15:46:00,824,1668
2024-07-10 15:47:00,824,1671
2024-07-10 15:48:00,824,1683
2024-07-10 15:49:00,824,1683
2024-07-10 15:50:00,824,1663
2024-07-10 15:51:00,838,1700
2024-07-10 15:52:00,838,1693
2024-07-10 15:53:00,797.2,1636
2024-07-10 15:54:00,797.2,1636
2024-07-10 15:55:00,811,1658
2024-07-10 15:56:00,838,1700
2024-07-10 15:57:00,486.4,1070
2024-07-10 15:58:00,797.2,1646
2024-07-10 15:59:00,797.2,1637
2024-07-10 16:00:00,811,1642
2024-07-10 16:01:00,811,1646
2024-07-10 16:02:00,716.1,1480
2024-07-10 16:03:00,689.1,1429
2024-07-10 16:04:00,729.7,1502
2024-07-10 16:05:00,729.7,1490
2024-07-10 16:06:00,716.2,1483
2024-07-10 16:07:00,108.1,314.9
2024-07-10 16:08:00,121.6,342
2024-07-10 16:09:00,783.7,1598
2024-07-10 16:10:00,310.8,731.5
2024-07-10 16:11:00,135.1,359
2024-07-10 16:12:00,148.6,382.7
2024-07-10 16:13:00,783.7,1585
2024-07-10 16:14:00,824,1619
2024-07-10 16:15:00,270.2,614.7
2024-07-10 16:16:00,621.6,1294
2024-07-10 16:17:00,337.8,755.2
2024-07-10 16:18:00,418.9,941
2024-07-10 16:19:00,743.2,1517
2024-07-10 16:20:00,743.2,1536
2024-07-10 16:21:00,743.2,1534
2024-07-10 16:22:00,743.2,1519
2024-07-10 16:23:00,743.2,1527
2024-07-10 16:24:00,743.2,1527
2024-07-10 16:25:00,729.7,1517
2024-07-10 16:26:00,729.6,1504
2024-07-10 16:27:00,743.2,1517
2024-07-10 16:28:00,729.6,1500
2024-07-10 16:29:00,743.2,1531
2024-07-10 16:30:00,743.2,1500
2024-07-10 16:31:00,662.1,1350
2024-07-10 16:32:00,743.2,1480
2024-07-10 16:33:00,459.4,945
2024-07-10 16:34:00,148.6,389.4
2024-07-10 16:35:00,729.6,1482
2024-07-10 16:36:00,716.1,1446
2024-07-10 16:37:00,716.1,1456
2024-07-10 16:38:00,729.7,1490
2024-07-10 16:39:00,621.6,1292
2024-07-10 16:40:00,743.2,1507
2024-07-10 16:41:00,729.7,1483
2024-07-10 16:42:00,689.1,1402
2024-07-10 16:43:00,716.2,1416
2024-07-10 16:44:00,202.7,480.9
2024-07-10 16:45:00,216.2,497.8
2024-07-10 16:46:00,756.7,1500
2024-07-10 16:47:00,202.7,480.9
2024-07-10 16:48:00,189.2,457.2
2024-07-10 16:49:00,202.7,484.3
2024-07-10 16:50:00,743.2,1460
2024-07-10 16:51:00,729.7,1453
2024-07-10 16:52:00,702.6,1422
2024-07-10 16:53:00,689.1,1399
2024-07-10 16:54:00,675.6,1385
2024-07-10 16:55:00,675.6,1383
2024-07-10 16:56:00,675.6,1392
2024-07-10 16:57:00,662.1,1331
2024-07-10 16:58:00,662.1,1338
2024-07-10 16:59:00,648.6,1307
2024-07-10 17:00:00,675.6,1372
2024-07-10 17:01:00,675.6,1348
2024-07-10 17:02:00,675.6,1348
2024-07-10 17:03:00,702.6,1395
2024-07-10 17:04:00,689.1,1399
2024-07-10 17:05:00,513.5,1053
2024-07-10 17:06:00,635.1,1270
2024-07-10 17:07:00,621.6,1265
2024-07-10 17:08:00,621.6,1265
2024-07-10 17:09:00,608.1,1239
2024-07-10 17:10:00,594.5,1219
2024-07-10 17:11:00,499.9,1040
2024-07-10 17:12:00,310.8,690.9
2024-07-10 17:13:00,121.6,318.3
2024-07-10 17:14:00,121.6,311.6
2024-07-10 17:15:00,121.6,314.9
2024-07-10 17:16:00,554,1118
2024-07-10 17:17:00,567.5,1131
2024-07-10 17:18:00,567.5,1146
2024-07-10 17:19:00,567.5,1128
2024-07-10 17:20:00,567.5,1072
2024-07-10 17:21:00,554,972
2024-07-10 17:22:00,540.5,825
2024-07-10 17:23:00,527,655.3
2024-07-10 17:24:00,527,521.5
2024-07-10 17:25:00,527,433.5
2024-07-10 17:26:00,527,375.9
2024-07-10 17:27:00,520.2,345.4
2024-07-10 17:28:00,513.5,335.3
2024-07-10 17:29:00,486.4,335.3
2024-07-10 17:30:00,459.4,340.3
2024-07-10 17:31:00,418.9,338.7
2024-07-10 17:32:00,337.8,335.3
2024-07-10 17:33:00,270.2,335.3
2024-07-10 17:34:00,189.2,331.9
2024-07-10 17:35:00,148.6,330.2
2024-07-10 17:36:00,121.6,325.1
2024-07-10 17:37:00,108.1,318.3
2024-07-10 17:38:00,108.1,314.9
2024-07-10 17:39:00,108.1,314.9
2024-07-10 17:40:00,108.1,318.3
2024-07-10 17:41:00,121.6,338.6
2024-07-10 17:42:00,135.1,372.5
2024-07-10 17:43:00,148.6,399.6
2024-07-10 17:44:00,162.1,416.5
2024-07-10 17:45:00,175.7,430.1
2024-07-10 17:46:00,175.7,440.2
2024-07-10 17:47:00,189.2,450.4
2024-07-10 17:48:00,202.7,472.4
2024-07-10 17:49:00,202.7,480.9
2024-07-10 17:50:00,189.2,477.5
2024-07-10 17:51:00,175.7,489.3
2024-07-10 17:52:00,162.1,530
2024-07-10 17:53:00,148.6,589.2
2024-07-10 17:54:00,135.1,348.8
2024-07-10 17:55:00,135.1,751.8
2024-07-10 17:56:00,121.6,572.3
2024-07-10 17:57:00,108.1,325.1
2024-07-10 17:58:00,162.1,792.4
2024-07-10 17:59:00,243.2,794.1
2024-07-10 18:00:00,310.8,528.3
2024-07-10 18:01:00,351.3,533.4
2024-07-10 18:02:00,378.3,491
2024-07-10 18:03:00,378.3,528.3
2024-07-10 18:04:00,351.3,729.8
2024-07-10 18:05:00,243.2,775.5
2024-07-10 18:06:00,243.2,765.3
2024-07-10 18:07:00,243.2,648.5
2024-07-10 18:08:00,310.8,477.5
2024-07-10 18:09:00,351.3,382.7
2024-07-10 18:10:00,385.1,375.9
2024-07-10 18:11:00,418.8,386
2024-07-10 18:12:00,418.8,423.3
2024-07-10 18:13:00,418.8,538.4
2024-07-10 18:14:00,405.3,707.7
2024-07-10 18:15:00,391.8,778.8
2024-07-10 18:16:00,364.8,761.9
2024-07-10 18:17:00,351.3,717.9
2024-07-10 18:18:00,324.3,656.9
2024-07-10 18:19:00,283.7,582.4
2024-07-10 18:20:00,135.1,338.6
2024-07-10 18:21:00,297.2,589.2
2024-07-10 18:22:00,310.8,629.8
2024-07-10 18:23:00,283.7,575.6
2024-07-10 18:24:00,283.7,582.4
2024-07-10 18:25:00,290.5,589.2
2024-07-10 18:26:00,297.2,612.9
2024-07-10 18:27:00,256.7,592.6
2024-07-10 18:28:00,162.1,575.6
2024-07-10 18:29:00,94.6,548.6
2024-07-10 18:30:00,81.1,535
2024-07-10 18:31:00,81.1,543.5
2024-07-10 18:32:00,135.1,541.8
2024-07-10 18:33:00,216.2,541.8
2024-07-10 18:34:00,256.7,545.1
2024-07-10 18:35:00,256.7,535
2024-07-10 18:36:00,243.2,521.4
2024-07-10 18:37:00,229.7,487.6
2024-07-10 18:38:00,229.7,479.1
2024-07-10 18:39:00,229.7,480.8
2024-07-10 18:40:00,216.2,457.1
2024-07-10 18:41:00,216.2,463.9
2024-07-10 18:42:00,216.2,453.7
2024-07-10 18:43:00,202.6,423.2
2024-07-10 18:44:00,195.9,362.3
2024-07-10 18:45:00,189.1,287.8
2024-07-10 18:46:00,189.1,226.9
2024-07-10 18:47:00,189.1,203.2
2024-07-10 18:48:00,162.1,196.4
2024-07-10 18:49:00,162.1,196.4
2024-07-10 18:50:00,148.6,196.4
2024-07-10 18:51:00,135.1,193
2024-07-10 18:52:00,148.6,206.5
2024-07-10 18:53:00,148.6,243.8
2024-07-10 18:54:00,135.1,281
2024-07-10 18:55:00,135.1,298
2024-07-10 18:56:00,135.1,304.7
2024-07-10 18:57:00,135.1,308.1
2024-07-10 18:58:00,135.1,308.1
2024-07-10 18:59:00,135.1,301.3
2024-07-10 19:00:00,121.6,284.4
2024-07-10 19:01:00,121.6,281
2024-07-10 19:02:00,121.6,274.3
2024-07-10 19:03:00,121.6,281
2024-07-10 19:04:00,121.6,281
2024-07-10 19:05:00,121.6,274.3
2024-07-10 19:06:00,128.3,274.3
2024-07-10 19:07:00,135.1,274.3
2024-07-10 19:08:00,121.6,264.1
2024-07-10 19:09:00,108.1,243.8
2024-07-10 19:10:00,128.3,277.6
2024-07-10 19:11:00,121.6,287.8
2024-07-10 19:12:00,81.1,284.4
2024-07-10 19:13:00,67.55,277.6
2024-07-10 19:14:00,67.55,264.1
2024-07-10 19:15:00,67.55,174.4
2024-07-10 19:16:00,67.55,253.9
2024-07-10 19:17:00,81.1,257.3
2024-07-10 19:18:00,94.6,260.7
2024-07-10 19:19:00,67.55,159.1
2024-07-10 19:20:00,54.04,127
2024-07-10 19:21:00,40.53,111.7
2024-07-10 19:22:00,40.53,101.6
2024-07-10 19:23:00,40.53,94.8
2024-07-10 19:24:00,40.53,91.4
2024-07-10 19:25:00,27.02,84.6
2024-07-10 19:26:00,27.02,81.3
2024-07-10 19:27:00,27.02,77.87
2024-07-10 19:28:00,27.02,74.49
2024-07-10 19:29:00,27.02,74.49
2024-07-10 19:30:00,27.02,71.1
2024-07-10 19:31:00,27.02,71.1
2024-07-10 19:32:00,27.02,67.72
2024-07-10 19:33:00,27.02,67.72
2024-07-10 19:34:00,27.02,67.72
2024-07-10 19:35:00,27.02,64.33
2024-07-10 19:36:00,27.02,64.33
2024-07-10 19:37:00,27.02,64.33
2024-07-10 19:38:00,27.02,64.33
2024-07-10 19:39:00,27.02,64.33
2024-07-10 19:40:00,27.02,64.33
2024-07-10 19:41:00,27.02,64.33
2024-07-10 19:42:00,27.02,64.33
2024-07-10 19:43:00,27.02,64.33
2024-07-10 19:44:00,27.02,64.33
2024-07-10 19:45:00,27.02,64.33
2024-07-10 19:46:00,27.02,67.72
2024-07-10 19:47:00,27.02,67.72
2024-07-10 19:48:00,27.02,67.72
2024-07-10 19:49:00,27.02,64.33
2024-07-10 19:50:00,27.02,62.64
2024-07-10 19:51:00,27.02,60.94
2024-07-10 19:52:00,27.02,57.56
2024-07-10 19:53:00,27.02,57.56
2024-07-10 19:54:00,27.02,54.17
2024-07-10 19:55:00,27.02,52.48
2024-07-10 19:56:00,27.02,50.79
2024-07-10 19:57:00,QCF,47.4
2024-07-10 19:58:00,QCF,44.02
2024-07-10 19:59:00,QCF,40.63
2024-07-10 20:00:00,QCF,37.24
2024-07-10 20:01:00,QCF,37.24
2024-07-10 20:02:00,QCF,33.86
2024-07-10 20:03:00,QCF,33.86
2024-07-10 20:04:00,QCF,30.47
2024-07-10 20:05:00,QCF,30.47
2024-07-10 20:06:00,QCF,30.47
2024-07-10 20:07:00,QCF,27.09
2024-07-10 20:08:00,QCF,27.09
2024-07-10 20:09:00,QCF,27.09
2024-07-10 20:10:00,QCF,23.7
2024-07-10 20:11:00,QCF,23.7
2024-07-10 20:12:00,QCF,23.7
2024-07-10 20:13:00,QCF,23.7
2024-07-10 20:14:00,QCF,20.31
2024-07-10 20:15:00,QCF,20.31
2024-07-10 20:16:00,QCF,20.31
2024-07-10 20:17:00,QCF,20.31
2024-07-10 20:18:00,QCF,20.31
2024-07-10 20:19:00,QCF,20.31
2024-07-10 20:20:00,QCF,20.31
2024-07-10 20:21:00,QCF,16.93
2024-07-10 20:22:00,QCF,16.93
2024-07-10 20:23:00,QCF,16.93
2024-07-10 20:24:00,QCF,16.93
2024-07-10 20:25:00,QCF,13.54
2024-07-10 20:26:00,QCF,13.54
2024-07-10 20:27:00,QCF,13.54
2024-07-10 20:28:00,QCF,10.16
2024-07-10 20:29:00,QCF,10.16
2024-07-16 01:00:00,MV,MV
2024-07-16 06:13:00,QCF,QCF
2024-07-16 06:14:00,QCF,10.16
2024-07-16 06:15:00,QCF,10.16
2024-07-16 06:16:00,QCF,10.16
2024-07-16 06:17:00,QCF,13.54
2024-07-16 06:18:00,QCF,13.54
2024-07-16 06:19:00,QCF,15.23
2024-07-16 06:20:00,QCF,16.93
2024-07-16 06:21:00,QCF,16.93
2024-07-16 06:22:00,QCF,16.93
2024-07-16 06:23:00,QCF,20.31
2024-07-16 06:24:00,QCF,20.31
2024-07-16 06:25:00,QCF,20.31
2024-07-16 06:26:00,QCF,20.31
2024-07-16 06:27:00,QCF,20.31
2024-07-16 06:28:00,QCF,23.7
2024-07-16 06:29:00,QCF,23.7
2024-07-16 06:30:00,20.26,27.08
2024-07-16 06:31:00,27.01,30.47
2024-07-16 06:32:00,27.01,30.47
2024-07-16 06:33:00,27.01,33.85
2024-07-16 06:34:00,27.01,37.24
2024-07-16 06:35:00,27.01,40.62
2024-07-16 06:36:00,27.01,44.01
2024-07-16 06:37:00,27.01,47.39
2024-07-16 06:38:00,40.52,50.78
2024-07-16 06:39:00,40.52,54.16
2024-07-16 06:40:00,40.52,57.55
2024-07-16 06:41:00,40.52,60.93
2024-07-16 06:42:00,40.52,64.32
2024-07-16 06:43:00,40.52,67.7
2024-07-16 06:44:00,40.52,71.09
2024-07-16 06:45:00,40.52,74.48
2024-07-16 06:46:00,40.52,77.86
2024-07-16 06:47:00,54.03,81.2
2024-07-16 06:48:00,54.03,88
2024-07-16 06:49:00,54.03,91.4
2024-07-16 06:50:00,54.03,94.8
2024-07-16 06:51:00,54.03,98.2
2024-07-16 06:52:00,67.54,101.6
2024-07-16 06:53:00,81,111.7
2024-07-16 06:54:00,81,118.5
2024-07-16 06:55:00,81,125.3
2024-07-16 06:56:00,81,132
2024-07-16 06:57:00,81,135.4
2024-07-16 06:58:00,81,138.8
2024-07-16 06:59:00,81,142.2
2024-07-16 07:00:00,81,149
2024-07-16 07:01:00,81,155.7
2024-07-16 07:02:00,94.5,162.5
2024-07-16 07:03:00,94.5,169.3
2024-07-16 07:04:00,94.5,176
2024-07-16 07:05:00,94.5,179.4
2024-07-16 07:06:00,94.5,186.2
2024-07-16 07:07:00,81,182.8
2024-07-16 07:08:00,94.5,186.2
2024-07-16 07:09:00,81,179.4
2024-07-16 07:10:00,108.1,203.1
2024-07-16 07:11:00,94.5,189.6
2024-07-16 07:12:00,94.5,196.3
2024-07-16 07:13:00,108.1,206.5
2024-07-16 07:14:00,108.1,206.5
2024-07-16 07:15:00,108.1,206.5
2024-07-16 07:16:00,121.6,220
2024-07-16 07:17:00,121.6,223.4
2024-07-16 07:18:00,121.6,226.8
2024-07-16 07:19:00,121.6,226.8
2024-07-16 07:20:00,121.6,226.8
2024-07-16 07:21:00,121.6,226.8
2024-07-16 07:22:00,108.1,209.9
2024-07-16 07:23:00,81,193
2024-07-16 07:24:00,81,196.3
2024-07-16 07:25:00,94.5,213.3
2024-07-16 07:26:00,94.5,226.8
2024-07-16 07:27:00,94.5,223.4
2024-07-16 07:28:00,94.5,226.8
2024-07-16 07:29:00,94.5,235.3
2024-07-16 07:30:00,94.5,240.4
2024-07-16 07:31:00,108.1,257.3
2024-07-16 07:32:00,121.6,274.2
2024-07-16 07:33:00,135.1,297.9
2024-07-16 07:34:00,135.1,314.8
2024-07-16 07:35:00,175.6,362.2
2024-07-16 07:36:00,148.6,341.9
2024-07-16 07:37:00,202.6,413
2024-07-16 07:38:00,256.6,477.3
2024-07-16 07:39:00,256.6,484.1
2024-07-16 07:40:00,256.6,490.9
2024-07-16 07:41:00,189.1,409.6
2024-07-16 07:42:00,162.1,375.8
2024-07-16 07:43:00,175.6,385.9
2024-07-16 07:44:00,256.6,507.8
2024-07-16 07:45:00,283.6,534.9
2024-07-16 07:46:00,276.9,528.1
2024-07-16 07:47:00,283.6,545
2024-07-16 07:48:00,283.6,548.4
2024-07-16 07:49:00,297.2,548.4
2024-07-16 07:50:00,297.2,551.8
2024-07-16 07:51:00,297.2,548.4
2024-07-16 07:52:00,270.1,507.8
2024-07-16 07:53:00,283.6,524.7
2024-07-16 07:54:00,256.6,480.7
2024-07-16 07:55:00,175.6,385.9
2024-07-16 07:56:00,175.6,372.4
2024-07-16 07:57:00,175.6,372.4
2024-07-16 07:58:00,175.6,379.1
2024-07-16 07:59:00,162.1,369
2024-07-16 08:00:00,175.6,372.4
2024-07-16 08:01:00,175.6,372.4
2024-07-16 08:02:00,162.1,365.6
2024-07-16 08:03:00,162.1,352.1
2024-07-16 08:04:00,148.6,345.3
2024-07-16 08:05:00,148.6,335.1
2024-07-16 08:06:00,148.6,331.8
2024-07-16 08:07:00,148.6,331.8
2024-07-16 08:08:00,148.6,328.4
2024-07-16 08:09:00,148.6,325
2024-07-16 08:10:00,148.6,345.3
2024-07-16 08:11:00,162.1,358.8
2024-07-16 08:12:00,148.6,335.1
2024-07-16 08:13:00,148.6,345.3
2024-07-16 08:14:00,148.6,345.3
2024-07-16 08:15:00,162.1,365.6
2024-07-16 08:16:00,148.6,330.1
2024-07-16 08:17:00,135.1,318.2
2024-07-16 08:18:00,135.1,318.2
2024-07-16 08:19:00,148.6,328.4
2024-07-16 08:20:00,148.6,348.7
2024-07-16 08:21:00,162.1,372.4
2024-07-16 08:22:00,202.6,426.5
2024-07-16 08:23:00,189.1,428.2
2024-07-16 08:24:00,243.1,490.9
2024-07-16 08:25:00,216.1,463.8
2024-07-16 08:26:00,216.1,463.8
2024-07-16 08:27:00,189.1,429.9
2024-07-16 08:28:00,189.1,436.7
2024-07-16 08:29:00,364.7,694
2024-07-16 08:30:00,310.7,633
2024-07-16 08:31:00,351.2,704.1
2024-07-16 08:32:00,290.4,616.1
2024-07-16 08:33:00,256.6,582.3
2024-07-16 08:34:00,378.2,743.1
2024-07-16 08:35:00,378.2,753.2
2024-07-16 08:36:00,378.2,761.7
2024-07-16 08:37:00,391.7,778.6
2024-07-16 08:38:00,405.2,809
2024-07-16 08:39:00,432.2,850
2024-07-16 08:40:00,459.2,887
2024-07-16 08:41:00,486.3,934
2024-07-16 08:42:00,432.2,867
2024-07-16 08:43:00,432.2,870
2024-07-16 08:44:00,445.8,880
2024-07-16 08:45:00,486.3,948
2024-07-16 08:46:00,526.8,1002
2024-07-16 08:47:00,513.3,968
2024-07-16 08:48:00,459.3,875
2024-07-16 08:49:00,297.2,626.3
2024-07-16 08:50:00,243.1,521.3
2024-07-16 08:51:00,229.6,494.3
2024-07-16 08:52:00,229.6,490.9
2024-07-16 08:53:00,229.6,490.9
2024-07-16 08:54:00,216.1,480.7
2024-07-16 08:55:00,216.1,484.1
2024-07-16 08:56:00,229.6,497.7
2024-07-16 08:57:00,243.1,518
2024-07-16 08:58:00,243.1,528.1
2024-07-16 08:59:00,256.7,551.8
2024-07-16 09:00:00,297.2,636.5
2024-07-16 09:01:00,283.7,599.2
2024-07-16 09:02:00,270.2,562
2024-07-16 09:03:00,256.7,551.8
2024-07-16 09:04:00,256.7,551.9
2024-07-16 09:05:00,283.7,602.6
2024-07-16 09:06:00,283.7,612.8
2024-07-16 09:07:00,256.7,562
2024-07-16 09:08:00,256.7,568.8
2024-07-16 09:09:00,256.7,568.8
2024-07-16 09:10:00,270.2,577.3
2024-07-16 09:11:00,270.2,592.5
2024-07-16 09:12:00,378.3,771.9
2024-07-16 09:13:00,607.9,1151
2024-07-16 09:14:00,391.8,816
2024-07-16 09:15:00,324.2,694.1
2024-07-16 09:16:00,324.2,707.6
2024-07-16 09:17:00,324.2,714.4
2024-07-16 09:18:00,304,656.8
2024-07-16 09:19:00,310.7,683.9
2024-07-16 09:20:00,310.7,690.7
2024-07-16 09:21:00,337.7,734.7
2024-07-16 09:22:00,445.8,929
2024-07-16 09:23:00,337.7,751.6
2024-07-16 09:24:00,689,1310
2024-07-16 09:25:00,418.8,887
2024-07-16 09:26:00,378.3,830
2024-07-16 09:27:00,418.8,874
2024-07-16 09:28:00,337.7,727.9
2024-07-16 09:29:00,283.7,650.1
2024-07-16 09:30:00,486.3,989
2024-07-16 09:31:00,324.2,731.3
2024-07-16 09:32:00,337.7,765.2
2024-07-16 09:33:00,675.5,1314
2024-07-16 09:34:00,689,1334
2024-07-16 09:35:00,689,1331
2024-07-16 09:36:00,364.8,826
2024-07-16 09:37:00,702.5,1351
2024-07-16 09:38:00,662,1266
2024-07-16 09:39:00,506.6,1036
2024-07-16 09:40:00,513.4,1055
2024-07-16 09:41:00,689,1344
2024-07-16 09:42:00,621.4,1239
2024-07-16 09:43:00,675.5,1322
2024-07-16 09:44:00,445.8,956
2024-07-16 09:45:00,310.7,714.4
2024-07-16 09:46:00,283.7,653.5
2024-07-16 09:47:00,283.7,648.4
2024-07-16 09:48:00,297.2,670.4
2024-07-16 09:49:00,405.3,887
2024-07-16 09:50:00,756.5,1463
2024-07-16 09:51:00,743,1446
2024-07-16 09:52:00,743,1441
2024-07-16 09:53:00,513.4,1060
2024-07-16 09:54:00,364.8,788.9
2024-07-16 09:55:00,553.9,1117
2024-07-16 09:56:00,297.2,667
2024-07-16 09:57:00,283.7,616.2
2024-07-16 09:58:00,283.7,616.2
2024-07-16 09:59:00,283.7,626.4
2024-07-16 10:00:00,310.7,670.4
2024-07-16 10:01:00,337.7,741.5
2024-07-16 10:02:00,337.7,746.6
2024-07-16 10:03:00,337.7,721.2
2024-07-16 10:04:00,337.7,731.3
2024-07-16 10:05:00,364.8,778.7
2024-07-16 10:06:00,405.3,850
2024-07-16 10:07:00,378.3,809
2024-07-16 10:08:00,364.8,785.5
2024-07-16 10:09:00,351.2,758.4
2024-07-16 10:10:00,337.7,731.3
2024-07-16 10:11:00,324.2,697.5
2024-07-16 10:12:00,310.7,687.3
2024-07-16 10:13:00,324.2,697.5
2024-07-16 10:14:00,324.2,690.7
2024-07-16 10:15:00,364.8,782.1
2024-07-16 10:16:00,391.8,840
2024-07-16 10:17:00,486.3,1009
2024-07-16 10:18:00,459.3,985
2024-07-16 10:19:00,749.8,1464
2024-07-16 10:20:00,405.3,875
2024-07-16 10:21:00,587.7,1188
2024-07-16 10:22:00,648.5,1293
2024-07-16 10:23:00,621.4,1231
2024-07-16 10:24:00,756.5,1488
2024-07-16 10:25:00,838,1595
2024-07-16 10:26:00,385,877
2024-07-16 10:27:00,540.4,1155
2024-07-16 10:28:00,580.9,1229
2024-07-16 10:29:00,797.1,1585
2024-07-16 10:30:00,783.5,1557
2024-07-16 10:31:00,783.5,1547
2024-07-16 10:32:00,770,1541
2024-07-16 10:33:00,756.5,1510
2024-07-16 10:34:00,743,1490
2024-07-16 10:35:00,743,1500
2024-07-16 10:36:00,729.5,1476
2024-07-16 10:37:00,729.5,1466
2024-07-16 10:38:00,716,1442
2024-07-16 10:39:00,716,1454
2024-07-16 10:40:00,702.5,1436
2024-07-16 10:41:00,702.5,1419
2024-07-16 10:42:00,716,1444
2024-07-16 10:43:00,702.5,1439
2024-07-16 10:44:00,722.8,1461
2024-07-16 10:45:00,743,1500
2024-07-16 10:46:00,743,1510
2024-07-16 10:47:00,756.5,1537
2024-07-16 10:48:00,770,1537
2024-07-16 10:49:00,756.5,1530
2024-07-16 10:50:00,729.5,1480
2024-07-16 10:51:00,702.5,1446
2024-07-16 10:52:00,729.5,1483
2024-07-16 10:53:00,743,1497
2024-07-16 10:54:00,756.5,1520
2024-07-16 10:55:00,743,1507
2024-07-16 10:56:00,756.5,1510
2024-07-16 10:57:00,743,1486
2024-07-16 10:58:00,716,1449
2024-07-16 10:59:00,662,1351
2024-07-16 11:00:00,662,1341
2024-07-16 11:01:00,662,1341
2024-07-16 11:02:00,641.7,1310
2024-07-16 11:03:00,648.5,1319
2024-07-16 11:04:00,634.9,1304
2024-07-16 11:05:00,662,1344
2024-07-16 11:06:00,662,1334
2024-07-16 11:07:00,662,1327
2024-07-16 11:08:00,607.9,1239
2024-07-16 11:09:00,634.9,1283
2024-07-16 11:10:00,607.9,1222
2024-07-16 11:11:00,459.3,979
2024-07-16 11:12:00,459.3,965
2024-07-16 11:13:00,526.9,1090
2024-07-16 11:14:00,520.1,1083
2024-07-16 11:15:00,594.4,1205
2024-07-16 11:16:00,621.4,1271
2024-07-16 11:17:00,648.5,1310
2024-07-16 11:18:00,675.5,1361
2024-07-16 11:19:00,702.5,1420
2024-07-16 11:20:00,756.5,1497
2024-07-16 11:21:00,756.5,1503
2024-07-16 11:22:00,783.5,1568
2024-07-16 11:23:00,797.1,1581
2024-07-16 11:24:00,811,1625
2024-07-16 11:25:00,811,1618
2024-07-16 11:26:00,824,1639
2024-07-16 11:27:00,844,1674
2024-07-16 11:28:00,851,1679
2024-07-16 11:29:00,797.1,1588
2024-07-16 11:30:00,770,1541
2024-07-16 11:31:00,783.5,1564
2024-07-16 11:32:00,797.1,1585
2024-07-16 11:33:00,811,1612
2024-07-16 11:34:00,811,1601
2024-07-16 11:35:00,783.5,1578
2024-07-16 11:36:00,783.5,1581
2024-07-16 11:37:00,797.1,1591
2024-07-16 11:38:00,770,1551
2024-07-16 11:39:00,783.5,1557
2024-07-16 11:40:00,756.5,1517
2024-07-16 11:41:00,743,1486
2024-07-16 11:42:00,648.5,1331
2024-07-16 11:43:00,729.5,1466
2024-07-16 11:44:00,689,1415
2024-07-16 11:45:00,743,1512
2024-07-16 11:46:00,770,1551
2024-07-16 11:47:00,770,1547
2024-07-16 11:48:00,783.5,1574
2024-07-16 11:49:00,797.1,1598
2024-07-16 11:50:00,811,1632
2024-07-16 11:51:00,838,1656
2024-07-16 11:52:00,838,1673
2024-07-16 11:53:00,851,1693
2024-07-16 11:54:00,851,1700
2024-07-16 11:55:00,851,1700
2024-07-16 11:56:00,851,1698
2024-07-16 11:57:00,851,1710
2024-07-16 11:58:00,865,1713
2024-07-16 11:59:00,851,1701
2024-07-16 12:00:00,858,1727
2024-07-16 12:01:00,851,1720
2024-07-16 12:02:00,865,1730
2024-07-16 12:03:00,851,1713
2024-07-16 12:04:00,865,1728
2024-07-16 12:05:00,865,1737
2024-07-16 12:06:00,878,1747
2024-07-16 12:07:00,878,1744
2024-07-16 12:08:00,892,1771
2024-07-16 12:09:00,892,1776
2024-07-16 12:10:00,892,1769
2024-07-16 12:11:00,892,1779
2024-07-16 12:12:00,892,1774
2024-07-16 12:13:00,885,1767
2024-07-16 12:14:00,878,1747
2024-07-16 12:15:00,865,1734
2024-07-16 12:16:00,892,1781
2024-07-16 12:17:00,905,1801
2024-07-16 12:18:00,905,1805
2024-07-16 12:19:00,892,1784
2024-07-16 12:20:00,885,1771
2024-07-16 12:21:00,892,1791
2024-07-16 12:22:00,905,1815
2024-07-16 12:23:00,905,1793
2024-07-16 12:24:00,905,1806
2024-07-16 12:25:00,919,1818
2024-07-16 12:26:00,919,1828
2024-07-16 12:27:00,919,1835
2024-07-16 12:28:00,919,1849
2024-07-16 12:29:00,932,1862
2024-07-16 12:30:00,932,1862
2024-07-16 12:31:00,946,1876
2024-07-16 12:32:00,946,1877
2024-07-16 12:33:00,946,1886
2024-07-16 12:34:00,946,1898
2024-07-16 12:35:00,959,1906
2024-07-16 12:36:00,959,1910
2024-07-16 12:37:00,959,1910
2024-07-16 12:38:00,959,1901
2024-07-16 12:39:00,946,1874
2024-07-16 12:40:00,952,1901
2024-07-16 12:41:00,946,1879
2024-07-16 12:42:00,946,1893
2024-07-16 12:43:00,946,1876
2024-07-16 12:44:00,959,1899
2024-07-16 12:45:00,959,1923
2024-07-16 12:46:00,946,1893
2024-07-16 12:47:00,959,1921
2024-07-16 12:48:00,973,1923
2024-07-16 12:49:00,973,1923
2024-07-16 12:50:00,959,1920
2024-07-16 12:51:00,973,1942
2024-07-16 12:52:00,986,1954
2024-07-16 12:53:00,986,1950
2024-07-16 12:54:00,986,1952
2024-07-16 12:55:00,973,1943
2024-07-16 12:56:00,986,1955
2024-07-16 12:57:00,986,1967
2024-07-16 12:58:00,986,1960
2024-07-16 12:59:00,986,1964
2024-07-16 13:00:00,986,1971
2024-07-16 13:01:00,986,1964
2024-07-16 13:02:00,986,1954
2024-07-16 13:03:00,973,1935
2024-07-16 13:04:00,959,1918
2024-07-16 13:05:00,973,1930
2024-07-16 13:06:00,959,1894
2024-07-16 13:07:00,905,1811
2024-07-16 13:08:00,865,1754
2024-07-16 13:09:00,946,1872
2024-07-16 13:10:00,946,1859
2024-07-16 13:11:00,878,1754
2024-07-16 13:12:00,851,1718
2024-07-16 13:13:00,824,1656
2024-07-16 13:14:00,919,1816
2024-07-16 13:15:00,811,1632
2024-07-16 13:16:00,892,1774
2024-07-16 13:17:00,865,1734
2024-07-16 13:18:00,838,1686
2024-07-16 13:19:00,851,1703
2024-07-16 13:20:00,838,1683
2024-07-16 13:21:00,743,1507
2024-07-16 13:22:00,797.1,1612
2024-07-16 13:23:00,743,1500
2024-07-16 13:24:00,743,1500
2024-07-16 13:25:00,797.1,1588
2024-07-16 13:26:00,743,1497
2024-07-16 13:27:00,797.1,1595
2024-07-16 13:28:00,783.5,1574
2024-07-16 13:29:00,811,1618
2024-07-16 13:30:00,824,1649
2024-07-16 13:31:00,838,1669
2024-07-16 13:32:00,838,1669
2024-07-16 13:33:00,824,1652
2024-07-16 13:34:00,811,1629
2024-07-16 13:35:00,783.5,1574
2024-07-16 13:36:00,756.5,1544
2024-07-16 13:37:00,838,1659
2024-07-16 13:38:00,878,1727
2024-07-16 13:39:00,878,1725
2024-07-16 13:40:00,865,1723
2024-07-16 13:41:00,851,1686
2024-07-16 13:42:00,865,1700
2024-07-16 13:43:00,838,1656
2024-07-16 13:44:00,770,1544
2024-07-16 13:45:00,756.5,1520
2024-07-16 13:46:00,729.5,1453
2024-07-16 13:47:00,743,1493
2024-07-16 13:48:00,770,1544
2024-07-16 13:49:00,797.1,1593
2024-07-16 13:50:00,783.5,1574
2024-07-16 13:51:00,763.3,1534
2024-07-16 13:52:00,797.1,1601
2024-07-16 13:53:00,865,1713
2024-07-16 13:54:00,892,1750
2024-07-16 13:55:00,892,1754
2024-07-16 13:56:00,878,1737
2024-07-16 13:57:00,648.5,1314
2024-07-16 13:58:00,513.4,1050
2024-07-16 13:59:00,526.9,1087
2024-07-16 14:00:00,526.9,1090
2024-07-16 14:01:00,459.3,962
2024-07-16 14:02:00,432.3,911
2024-07-16 14:03:00,445.8,918
2024-07-16 14:04:00,472.8,975
2024-07-16 14:05:00,513.4,1050
2024-07-16 14:06:00,580.9,1177
2024-07-16 14:07:00,567.4,1146
2024-07-16 14:08:00,567.4,1161
2024-07-16 14:09:00,580.9,1185
2024-07-16 14:10:00,634.9,1280
2024-07-16 14:11:00,594.4,1222
2024-07-16 14:12:00,675.5,1378
2024-07-16 14:13:00,722.8,1449
2024-07-16 14:14:00,702.5,1415
2024-07-16 14:15:00,756.5,1510
2024-07-16 14:16:00,811,1612
2024-07-16 14:17:00,756.5,1534
2024-07-16 14:18:00,783.5,1568
2024-07-16 14:19:00,770,1551
2024-07-16 14:20:00,797.1,1588
2024-07-16 14:21:00,743,1508
2024-07-16 14:22:00,743,1500
2024-07-16 14:23:00,770,1537
2024-07-16 14:24:00,783.5,1581
2024-07-16 14:25:00,743,1497
2024-07-16 14:26:00,756.5,1530
2024-07-16 14:27:00,770,1557
2024-07-16 14:28:00,702.5,1429
2024-07-16 14:29:00,716,1449
2024-07-16 14:30:00,756.5,1527
2024-07-16 14:31:00,783.5,1571
2024-07-16 14:32:00,783.5,1581
2024-07-16 14:33:00,783.5,1569
2024-07-16 14:34:00,811,1615
2024-07-16 14:35:00,824,1646
2024-07-16 14:36:00,811,1618
2024-07-16 14:37:00,797.1,1605
2024-07-16 14:38:00,811,1632
2024-07-16 14:39:00,811,1615
2024-07-16 14:40:00,811,1632
2024-07-16 14:41:00,811,1632
2024-07-16 14:42:00,851,1693
2024-07-16 14:43:00,878,1757
2024-07-16 14:44:00,865,1737
2024-07-16 14:45:00,838,1686
2024-07-16 14:46:00,851,1706
2024-07-16 14:47:00,824,1639
2024-07-16 14:48:00,946,1869
2024-07-16 14:49:00,445.8,989
2024-07-16 14:50:00,878,1734
2024-07-16 14:51:00,851,1703
2024-07-16 14:52:00,783.5,1571
2024-07-16 14:53:00,797.1,1591
2024-07-16 14:54:00,811,1615
2024-07-16 14:55:00,783.5,1578
2024-07-16 14:56:00,770,1537
2024-07-16 14:57:00,743,1483
2024-07-16 14:58:00,729.5,1449
2024-07-16 14:59:00,743,1480
2024-07-16 15:00:00,716,1442
2024-07-16 15:01:00,689,1402
2024-07-16 15:02:00,729.5,1453
2024-07-16 15:03:00,709.2,1422
2024-07-16 15:04:00,594.4,1239
2024-07-16 15:05:00,716,1429
2024-07-16 15:06:00,716,1429
2024-07-16 15:07:00,716,1429
2024-07-16 15:08:00,709.2,1422
2024-07-16 15:09:00,675.5,1373
2024-07-16 15:10:00,689,1385
2024-07-16 15:11:00,689,1375
2024-07-16 15:12:00,648.5,1320
2024-07-16 15:13:00,675.5,1368
2024-07-16 15:14:00,648.5,1310
2024-07-16 15:15:00,662,1331
2024-07-16 15:16:00,675.5,1361
2024-07-16 15:17:00,702.5,1395
2024-07-16 15:18:00,607.9,1236
2024-07-16 15:19:00,594.4,1222
2024-07-16 15:20:00,580.9,1195
2024-07-16 15:21:00,594.4,1209
2024-07-16 15:22:00,621.4,1266
2024-07-16 15:23:00,621.4,1273
2024-07-16 15:24:00,607.9,1243
2024-07-16 15:25:00,634.9,1280
2024-07-16 15:26:00,634.9,1280
2024-07-16 15:27:00,607.9,1239
2024-07-16 15:28:00,621.4,1253
2024-07-16 15:29:00,621.4,1249
2024-07-16 15:30:00,594.4,1212
2024-07-16 15:31:00,580.9,1192
2024-07-16 15:32:00,607.9,1222
2024-07-16 15:33:00,594.4,1216
2024-07-16 15:34:00,580.9,1182
2024-07-16 15:35:00,553.9,1127
2024-07-16 15:36:00,567.4,1161
2024-07-16 15:37:00,540.4,1097
2024-07-16 15:38:00,499.8,1021
2024-07-16 15:39:00,445.8,911
2024-07-16 15:40:00,472.8,965
2024-07-16 15:41:00,486.3,1006
2024-07-16 15:42:00,486.3,989
2024-07-16 15:43:00,472.8,965
2024-07-16 15:44:00,466.1,958
2024-07-16 15:45:00,459.3,938
2024-07-16 15:46:00,459.3,938
2024-07-16 15:47:00,486.3,989
2024-07-16 15:48:00,472.8,962
2024-07-16 15:49:00,459.3,938
2024-07-16 15:50:00,445.8,911
2024-07-16 15:51:00,445.8,924
2024-07-16 15:52:00,472.8,975
2024-07-16 15:53:00,472.8,975
2024-07-16 15:54:00,513.4,1039
2024-07-16 15:55:00,526.9,1087
2024-07-16 15:56:00,553.9,1134
2024-07-16 15:57:00,553.9,1141
2024-07-16 15:58:00,594.4,1199
2024-07-16 15:59:00,580.9,1188
2024-07-16 16:00:00,553.9,1127
2024-07-16 16:01:00,540.4,1104
2024-07-16 16:02:00,513.4,1046
2024-07-16 16:03:00,513.4,1039
2024-07-16 16:04:00,432.3,902
2024-07-16 16:05:00,418.8,877
2024-07-16 16:06:00,418.8,882
2024-07-16 16:07:00,432.3,907
2024-07-16 16:08:00,459.3,958
2024-07-16 16:09:00,499.8,1019
2024-07-16 16:10:00,513.4,1029
2024-07-16 16:11:00,486.3,992
2024-07-16 16:12:00,472.8,982
2024-07-16 16:13:00,459.3,934
2024-07-16 16:14:00,445.8,924
2024-07-16 16:15:00,418.8,867
2024-07-16 16:16:00,472.8,972
2024-07-16 16:17:00,459.3,958
2024-07-16 16:18:00,432.3,897
2024-07-16 16:19:00,418.8,884
2024-07-16 16:20:00,418.8,867
2024-07-16 16:21:00,405.3,846
2024-07-16 16:22:00,364.8,761.8
2024-07-16 16:23:00,432.3,884
2024-07-16 16:24:00,472.8,962
2024-07-16 16:25:00,472.8,985
2024-07-16 16:26:00,493.1,1009
2024-07-16 16:27:00,513.4,1036
2024-07-16 16:28:00,472.8,975
2024-07-16 16:29:00,513.4,1039
2024-07-16 16:30:00,513.4,1063
2024-07-16 16:31:00,553.9,1124
2024-07-16 16:32:00,567.4,1144
2024-07-16 16:33:00,553.9,1124
2024-07-16 16:34:00,594.4,1212
2024-07-16 16:35:00,594.4,1195
2024-07-16 16:36:00,607.9,1219
2024-07-16 16:37:00,580.9,1182
2024-07-16 16:38:00,553.9,1141
2024-07-16 16:39:00,567.4,1168
2024-07-16 16:40:00,594.4,1199
2024-07-16 16:41:00,607.9,1219
2024-07-16 16:42:00,567.4,1155
2024-07-16 16:43:00,567.4,1138
2024-07-16 16:44:00,486.3,1002
2024-07-16 16:45:00,283.7,643.3
2024-07-16 16:46:00,243.2,555.3
2024-07-16 16:47:00,256.7,575.6
2024-07-16 16:48:00,270.2,609.4
2024-07-16 16:49:00,432.3,887
2024-07-16 16:50:00,391.8,830
2024-07-16 16:51:00,459.3,938
2024-07-16 16:52:00,337.7,728
2024-07-16 16:53:00,459.3,938
2024-07-16 16:54:00,472.8,962
2024-07-16 16:55:00,472.8,951
2024-07-16 16:56:00,445.8,911
2024-07-16 16:57:00,405.3,846
2024-07-16 16:58:00,256.7,575.6
2024-07-16 16:59:00,418.8,863
2024-07-16 17:00:00,364.8,758.4
2024-07-16 17:01:00,229.7,528.2
2024-07-16 17:02:00,189.1,453.7
2024-07-16 17:03:00,297.2,639.9
2024-07-16 17:04:00,283.7,602.7
2024-07-16 17:05:00,270.2,606.1
2024-07-16 17:06:00,283.7,623
2024-07-16 17:07:00,364.8,761.8
2024-07-16 17:08:00,418.8,850
2024-07-16 17:09:00,378.3,782.1
2024-07-16 17:10:00,283.7,612.8
2024-07-16 17:11:00,364.8,744.9
2024-07-16 17:12:00,391.8,782.1
2024-07-16 17:13:00,364.8,751.7
2024-07-16 17:14:00,310.7,646.7
2024-07-16 17:15:00,270.2,582.4
2024-07-16 17:16:00,243.2,524.8
2024-07-16 17:17:00,243.2,533.3
2024-07-16 17:18:00,243.2,521.4
2024-07-16 17:19:00,216.2,484.2
2024-07-16 17:20:00,216.2,470.6
2024-07-16 17:21:00,229.7,494.3
2024-07-16 17:22:00,229.7,494.3
2024-07-16 17:23:00,243.2,518
2024-07-16 17:24:00,229.7,487.6
2024-07-16 17:25:00,243.2,507.9
2024-07-16 17:26:00,243.2,518
2024-07-16 17:27:00,256.7,531.6
2024-07-16 17:28:00,243.2,501.1
2024-07-16 17:29:00,249.9,487.6
2024-07-16 17:30:00,256.7,474
2024-07-16 17:31:00,256.7,450.3
2024-07-16 17:32:00,270.2,433.4
2024-07-16 17:33:00,QCF,423.2
2024-07-16 17:34:00,QCF,419.8
2024-07-16 17:35:00,297.2,416.5
2024-07-16 17:36:00,297.2,413.1
2024-07-16 17:37:00,324.2,413.1
2024-07-16 17:38:00,310.7,409.7
2024-07-16 17:39:00,297.2,409.7
2024-07-16 17:40:00,270.2,409.7
2024-07-16 17:41:00,243.2,406.3
2024-07-16 17:42:00,202.6,402.9
2024-07-16 17:43:00,175.6,396.1
2024-07-16 17:44:00,162.1,391.1
2024-07-16 17:45:00,162.1,386
2024-07-16 17:46:00,148.6,379.2
2024-07-16 17:47:00,148.6,375.8
2024-07-16 17:48:00,148.6,375.8
2024-07-16 17:49:00,148.6,379.2
2024-07-16 17:50:00,148.6,386
2024-07-16 17:51:00,148.6,392.8
2024-07-16 17:52:00,148.6,399.5
2024-07-16 17:53:00,155.4,406.3
2024-07-16 17:54:00,162.1,413.1
2024-07-16 17:55:00,162.1,416.5
2024-07-16 17:56:00,162.1,419.8
2024-07-16 17:57:00,162.1,426.6
2024-07-16 17:58:00,162.1,453.7
2024-07-16 17:59:00,162.1,490.9
2024-07-16 18:00:00,162.1,545.1
2024-07-16 18:01:00,162.1,546.8
2024-07-16 18:02:00,162.1,658.5
2024-07-16 18:03:00,162.1,551.9
2024-07-16 18:04:00,175.6,507.9
2024-07-16 18:05:00,202.6,490.9
2024-07-16 18:06:00,162.1,683.9
2024-07-16 18:07:00,222.9,656.9
2024-07-16 18:08:00,256.7,535
2024-07-16 18:09:00,189.1,448.6
2024-07-16 18:10:00,249.9,369.1
2024-07-16 18:11:00,283.7,353.8
2024-07-16 18:12:00,297.2,348.7
2024-07-16 18:13:00,297.2,357.2
2024-07-16 18:14:00,337.7,402.9
2024-07-16 18:15:00,337.7,504.5
2024-07-16 18:16:00,337.7,609.4
2024-07-16 18:17:00,310.7,612.8
2024-07-16 18:18:00,297.2,599.3
2024-07-16 18:19:00,270.2,565.4
2024-07-16 18:20:00,270.2,558.7
2024-07-16 18:21:00,297.2,599.3
2024-07-16 18:22:00,310.7,626.4
2024-07-16 18:23:00,310.7,626.4
2024-07-16 18:24:00,310.7,609.4
2024-07-16 18:25:00,243.2,521.4
2024-07-16 18:26:00,243.2,518
2024-07-16 18:27:00,270.2,548.5
2024-07-16 18:28:00,270.2,551.9
2024-07-16 18:29:00,202.6,548.5
2024-07-16 18:30:00,135.1,524.8
2024-07-16 18:31:00,108.1,504.5
2024-07-16 18:32:00,108.1,494.3
2024-07-16 18:33:00,135.1,484.2
2024-07-16 18:34:00,175.6,477.4
2024-07-16 18:35:00,216.2,467.3
2024-07-16 18:36:00,229.7,475.7
2024-07-16 18:37:00,229.7,457.1
2024-07-16 18:38:00,202.6,419.8
2024-07-16 18:39:00,202.6,416.5
2024-07-16 18:40:00,229.7,426.6
2024-07-16 18:41:00,216.2,369.1
2024-07-16 18:42:00,229.7,314.9
2024-07-16 18:43:00,216.2,270.9
2024-07-16 18:44:00,202.6,257.3
2024-07-16 18:45:00,202.6,250.6
2024-07-16 18:46:00,189.1,247.2
2024-07-16 18:47:00,189.1,243.8
2024-07-16 18:48:00,175.6,243.8
2024-07-16 18:49:00,162.1,247.2
2024-07-16 18:50:00,162.1,274.3
2024-07-16 18:51:00,135.1,277.6
2024-07-16 18:52:00,121.6,274.3
2024-07-16 18:53:00,135.1,284.4
2024-07-16 18:54:00,108.1,237
2024-07-16 18:55:00,94.6,230.2
2024-07-16 18:56:00,148.6,270.9
2024-07-16 18:57:00,81.1,213.3
2024-07-16 18:58:00,108.1,237
2024-07-16 18:59:00,81.1,193
2024-07-16 19:00:00,108.1,233.6
2024-07-16 19:01:00,67.55,162.5
2024-07-16 19:02:00,54.04,145.6
2024-07-16 19:03:00,54.04,128.7
2024-07-16 19:04:00,40.53,111.7
2024-07-16 19:05:00,40.53,101.6
2024-07-16 19:06:00,40.53,91.4
2024-07-16 19:07:00,33.77,84.6
2024-07-16 19:08:00,27.02,77.87
2024-07-16 19:09:00,27.02,74.49
2024-07-16 19:10:00,27.02,67.72
2024-07-16 19:11:00,27.02,64.33
2024-07-16 19:12:00,27.02,60.94
2024-07-16 19:13:00,27.02,57.56
2024-07-16 19:14:00,27.02,54.17
2024-07-16 19:15:00,27.02,50.79
2024-07-16 19:16:00,20.26,47.4
2024-07-16 19:17:00,QCF,47.4
2024-07-16 19:18:00,QCF,44.02
2024-07-16 19:19:00,QCF,40.63
2024-07-16 19:20:00,QCF,40.63
2024-07-16 19:21:00,QCF,37.24
2024-07-16 19:22:00,QCF,33.86
2024-07-16 19:23:00,QCF,33.86
2024-07-16 19:24:00,QCF,33.86
2024-07-16 19:25:00,QCF,33.86
2024-07-16 19:26:00,20.26,37.24
2024-07-16 19:27:00,QCF,QCF
2024-07-16 19:28:00,27.02,40.63
2024-07-16 19:29:00,27.02,44.02
2024-07-16 19:30:00,27.02,47.4
2024-07-16 19:31:00,27.02,50.79
2024-07-16 19:32:00,27.02,54.17
2024-07-16 19:33:00,27.02,57.56
2024-07-16 19:34:00,27.02,57.56
2024-07-16 19:35:00,27.02,57.56
2024-07-16 19:36:00,QCF,60.94
2024-07-16 19:37:00,27.02,64.33
2024-07-16 19:38:00,27.02,67.72
2024-07-16 19:39:00,27.02,74.49
2024-07-16 19:40:00,33.77,76.18
2024-07-16 19:41:00,40.53,77.87
2024-07-16 19:42:00,40.53,77.87
2024-07-16 19:43:00,40.53,77.87
2024-07-16 19:44:00,40.53,77.87
2024-07-16 19:45:00,40.53,81.3
2024-07-16 19:46:00,40.53,81.3
2024-07-16 19:47:00,40.53,84.6
2024-07-16 19:48:00,40.53,84.6
2024-07-16 19:49:00,54.04,84.6
2024-07-16 19:50:00,54.04,88
2024-07-16 19:51:00,54.04,88
2024-07-16 19:52:00,54.04,88
2024-07-16 19:53:00,54.04,88
2024-07-16 19:54:00,54.04,88
2024-07-16 19:55:00,54.04,88
2024-07-16 19:56:00,54.04,84.6
2024-07-16 19:57:00,54.04,84.6
2024-07-16 19:58:00,54.04,81.3
2024-07-16 19:59:00,54.04,81.3
2024-07-16 20:00:00,54.04,77.87
2024-07-16 20:01:00,40.53,77.87
2024-07-16 20:02:00,47.28,74.49
2024-07-16 20:03:00,40.53,71.1
2024-07-16 20:04:00,40.53,67.72
2024-07-16 20:05:00,40.53,64.33
2024-07-16 20:06:00,27.02,60.94
2024-07-16 20:07:00,QCF,57.56
2024-07-16 20:08:00,QCF,52.48
2024-07-16 20:09:00,QCF,47.4
2024-07-16 20:10:00,QCF,44.02
2024-07-16 20:11:00,QCF,37.24
2024-07-16 20:12:00,QCF,33.86
2024-07-16 20:13:00,QCF,30.47
2024-07-16 20:14:00,QCF,27.09
2024-07-16 20:15:00,QCF,23.7
2024-07-16 20:16:00,QCF,22.01
2024-07-16 20:17:00,QCF,20.31
2024-07-16 20:18:00,QCF,20.31
2024-07-16 20:19:00,QCF,16.93
2024-07-16 20:20:00,QCF,16.93
2024-07-16 20:21:00,QCF,13.54
2024-07-16 20:22:00,QCF,11.85
2024-07-16 20:23:00,QCF,10.16
2024-07-16 20:24:00,QCF,10.16
2024-07-16 20:25:00,QCF,6.77
2024-07-16 20:26:00,QCF,6.77
2024-07-18 06:15:00,QCF,QCF
2024-07-18 06:16:00,QCF,10.16
2024-07-18 06:17:00,QCF,13.54
2024-07-18 06:18:00,QCF,13.54
2024-07-18 06:19:00,QCF,13.54
2024-07-18 06:20:00,QCF,15.23
2024-07-18 06:21:00,QCF,16.93
2024-07-18 06:22:00,QCF,16.93
2024-07-18 06:23:00,QCF,16.93
2024-07-18 06:24:00,QCF,18.62
2024-07-18 06:25:00,QCF,20.31
2024-07-18 06:26:00,QCF,20.31
2024-07-18 06:27:00,QCF,20.31
2024-07-18 06:28:00,QCF,20.31
2024-07-18 06:29:00,QCF,20.31
2024-07-18 06:30:00,QCF,20.31
2024-07-18 06:31:00,QCF,23.7
2024-07-18 06:32:00,QCF,23.7
2024-07-18 06:33:00,QCF,27.08
2024-07-18 06:34:00,QCF,30.47
2024-07-18 06:35:00,QCF,30.47
2024-07-18 06:36:00,QCF,33.85
2024-07-18 06:37:00,27.01,37.24
2024-07-18 06:38:00,27.01,40.62
2024-07-18 06:39:00,27.01,44.01
2024-07-18 06:40:00,27.01,44.01
2024-07-18 06:41:00,27.01,47.39
2024-07-18 06:42:00,27.01,47.39
2024-07-18 06:43:00,27.01,50.78
2024-07-18 06:44:00,27.01,52.47
2024-07-18 06:45:00,27.01,54.16
2024-07-18 06:46:00,27.01,57.55
2024-07-18 06:47:00,33.77,60.93
2024-07-18 06:48:00,40.52,64.32
2024-07-18 06:49:00,40.52,64.32
2024-07-18 06:50:00,40.52,64.32
2024-07-18 06:51:00,40.52,74.48
2024-07-18 06:52:00,47.27,77.86
2024-07-18 06:53:00,54.03,81.2
2024-07-18 06:54:00,54.03,84.6
2024-07-18 06:55:00,54.03,88
2024-07-18 06:56:00,54.03,91.4
2024-07-18 06:57:00,54.03,91.4
2024-07-18 06:58:00,54.03,84.6
2024-07-18 06:59:00,54.03,81.2
2024-07-18 07:00:00,40.52,77.86
2024-07-18 07:01:00,54.03,77.86
2024-07-18 07:02:00,40.52,77.86
2024-07-18 07:03:00,40.52,67.7
2024-07-18 07:04:00,40.52,71.09
2024-07-18 07:05:00,40.52,81.2
2024-07-18 07:06:00,54.03,88
2024-07-18 07:07:00,54.03,94.8
2024-07-18 07:08:00,60.78,101.6
2024-07-18 07:09:00,54.03,101.6
2024-07-18 07:10:00,60.78,101.6
2024-07-18 07:11:00,54.03,101.6
2024-07-18 07:12:00,60.78,104.9
2024-07-18 07:13:00,54.03,104.9
2024-07-18 07:14:00,67.54,108.3
2024-07-18 07:15:00,67.54,108.3
2024-07-18 07:16:00,60.78,101.6
2024-07-18 07:17:00,54.03,84.6
2024-07-18 07:18:00,40.52,74.48
2024-07-18 07:19:00,40.52,74.48
2024-07-18 07:20:00,54.03,88
2024-07-18 07:21:00,54.03,94.8
2024-07-18 07:22:00,54.03,86.3
2024-07-18 07:23:00,40.52,84.6
2024-07-18 07:24:00,54.03,88
2024-07-18 07:25:00,47.27,84.6
2024-07-18 07:26:00,54.03,94.8
2024-07-18 07:27:00,67.54,104.9
2024-07-18 07:28:00,60.78,104.9
2024-07-18 07:29:00,67.54,108.3
2024-07-18 07:30:00,54.03,101.6
2024-07-18 07:31:00,54.03,94.8
2024-07-18 07:32:00,54.03,94.8
2024-07-18 07:33:00,54.03,91.4
2024-07-18 07:34:00,54.03,101.6
2024-07-18 07:35:00,67.54,115.1
2024-07-18 07:36:00,67.54,128.6
2024-07-18 07:37:00,67.54,118.5
2024-07-18 07:38:00,67.54,111.7
2024-07-18 07:39:00,67.54,118.5
2024-07-18 07:40:00,54.03,104.9
2024-07-18 07:41:00,40.52,84.6
2024-07-18 07:42:00,40.52,67.7
2024-07-18 07:43:00,40.52,77.86
2024-07-18 07:44:00,54.03,104.9
2024-07-18 07:45:00,67.54,111.7
2024-07-18 07:46:00,81,138.8
2024-07-18 07:47:00,81,169.3
2024-07-18 07:48:00,81,159.1
2024-07-18 07:49:00,81,176
2024-07-18 07:50:00,94.5,213.3
2024-07-18 07:51:00,121.6,260.7
2024-07-18 07:52:00,148.6,291.1
2024-07-18 07:53:00,148.6,287.7
2024-07-18 07:54:00,162.1,314.8
2024-07-18 07:55:00,175.6,345.3
2024-07-18 07:56:00,202.6,389.3
2024-07-18 07:57:00,202.6,406.2
2024-07-18 07:58:00,202.6,406.2
2024-07-18 07:59:00,229.6,440.1
2024-07-18 08:00:00,202.6,392.7
2024-07-18 08:01:00,202.6,416.4
2024-07-18 08:02:00,216.1,443.5
2024-07-18 08:03:00,229.6,473.9
2024-07-18 08:04:00,189.1,399.5
2024-07-18 08:05:00,162.1,372.4
2024-07-18 08:06:00,175.6,392.7
2024-07-18 08:07:00,162.1,362.2
2024-07-18 08:08:00,162.1,355.5
2024-07-18 08:09:00,162.1,345.3
2024-07-18 08:10:00,148.6,321.6
2024-07-18 08:11:00,135.1,291.1
2024-07-18 08:12:00,121.6,274.2
2024-07-18 08:13:00,108.1,247.1
2024-07-18 08:14:00,108.1,237
2024-07-18 08:15:00,94.5,203.1
2024-07-18 08:16:00,81,176
2024-07-18 08:17:00,81,186.2
2024-07-18 08:18:00,94.5,221.7
2024-07-18 08:19:00,81,186.2
2024-07-18 08:20:00,81,169.3
2024-07-18 08:21:00,81,172.6
2024-07-18 08:22:00,81,182.8
2024-07-18 08:23:00,81,176
2024-07-18 08:24:00,81,159.1
2024-07-18 08:25:00,81,169.3
2024-07-18 08:26:00,81,169.3
2024-07-18 08:27:00,81,169.3
2024-07-18 08:28:00,81,162.5
2024-07-18 08:29:00,81,169.3
2024-07-18 08:30:00,81,169.3
2024-07-18 08:31:00,87.8,196.3
2024-07-18 08:32:00,94.5,209.9
2024-07-18 08:33:00,81,196.3
2024-07-18 08:34:00,81,182.8
2024-07-18 08:35:00,81,155.7
2024-07-18 08:36:00,81,152.3
2024-07-18 08:37:00,81,189.6
2024-07-18 08:38:00,81,189.6
2024-07-18 08:39:00,81,193
2024-07-18 08:40:00,94.6,203.1
2024-07-18 08:41:00,108.1,233.6
2024-07-18 08:42:00,108.1,240.4
2024-07-18 08:43:00,108.1,237
2024-07-18 08:44:00,108.1,247.1
2024-07-18 08:45:00,114.8,253.9
2024-07-18 08:46:00,121.6,260.7
2024-07-18 08:47:00,121.6,253.9
2024-07-18 08:48:00,108.1,233.6
2024-07-18 08:49:00,108.1,230.2
2024-07-18 08:50:00,94.6,215
2024-07-18 08:51:00,94.5,216.7
2024-07-18 08:52:00,108.1,237
2024-07-18 08:53:00,108.1,240.4
2024-07-18 08:54:00,108.1,228.5
2024-07-18 08:55:00,94.5,213.3
2024-07-18 08:56:00,101.3,223.4
2024-07-18 08:57:00,108.1,237
2024-07-18 08:58:00,94.5,220
2024-07-18 08:59:00,94.5,209.9
2024-07-18 09:00:00,94.5,209.9
2024-07-18 09:01:00,94.5,216.7
2024-07-18 09:02:00,94.5,220
2024-07-18 09:03:00,101.3,226.8
2024-07-18 09:04:00,108.1,243.7
2024-07-18 09:05:00,121.6,264
2024-07-18 09:06:00,121.6,253.9
2024-07-18 09:07:00,121.6,274.2
2024-07-18 09:08:00,135.1,297.9
2024-07-18 09:09:00,148.6,318.2
2024-07-18 09:10:00,148.6,328.4
2024-07-18 09:11:00,148.6,335.1
2024-07-18 09:12:00,148.6,321.6
2024-07-18 09:13:00,148.6,308.1
2024-07-18 09:14:00,135.1,301.3
2024-07-18 09:15:00,121.6,281
2024-07-18 09:16:00,135.1,308.1
2024-07-18 09:17:00,135.1,311.4
2024-07-18 09:18:00,121.6,274.2
2024-07-18 09:19:00,121.6,260.7
2024-07-18 09:20:00,121.6,260.7
2024-07-18 09:21:00,135.1,287.7
2024-07-18 09:22:00,135.1,304.7
2024-07-18 09:23:00,135.1,297.9
2024-07-18 09:24:00,128.3,284.4
2024-07-18 09:25:00,121.6,270.8
2024-07-18 09:26:00,108.1,237
2024-07-18 09:27:00,94.5,223.4
2024-07-18 09:28:00,108.1,247.1
2024-07-18 09:29:00,94.5,226.8
2024-07-18 09:30:00,94.5,209.9
2024-07-18 09:31:00,81,186.2
2024-07-18 09:32:00,81,186.2
2024-07-18 09:33:00,81,196.3
2024-07-18 09:34:00,94.5,206.5
2024-07-18 09:35:00,108.1,247.1
2024-07-18 09:36:00,141.8,314.8
2024-07-18 09:37:00,135.1,297.9
2024-07-18 09:38:00,155.3,338.5
2024-07-18 09:39:00,148.6,335.1
2024-07-18 09:40:00,135.1,291.1
2024-07-18 09:41:00,121.6,281
2024-07-18 09:42:00,121.6,281
2024-07-18 09:43:00,162.1,345.3
2024-07-18 09:44:00,189.1,423.2
2024-07-18 09:45:00,189.1,423.2
2024-07-18 09:46:00,189.1,416.4
2024-07-18 09:47:00,189.1,426.5
2024-07-18 09:48:00,175.6,387.6
2024-07-18 09:49:00,189.1,413
2024-07-18 09:50:00,189.1,409.6
2024-07-18 09:51:00,189.1,418.1
2024-07-18 09:52:00,195.9,426.5
2024-07-18 09:53:00,202.6,433.3
2024-07-18 09:54:00,175.6,399.5
2024-07-18 09:55:00,175.6,389.3
2024-07-18 09:56:00,175.6,382.5
2024-07-18 09:57:00,162.1,369
2024-07-18 09:58:00,189.1,426.5
2024-07-18 09:59:00,202.6,436.7
2024-07-18 10:00:00,202.6,433.3
2024-07-18 10:01:00,189.1,419.8
2024-07-18 10:02:00,175.6,396.1
2024-07-18 10:03:00,175.6,392.7
2024-07-18 10:04:00,175.6,392.7
2024-07-18 10:05:00,182.3,396.1
2024-07-18 10:06:00,189.1,409.6
2024-07-18 10:07:00,202.6,446.9
2024-07-18 10:08:00,189.1,419.8
2024-07-18 10:09:00,162.1,352.1
2024-07-18 10:10:00,141.8,311.4
2024-07-18 10:11:00,135.1,284.4
2024-07-18 10:12:00,135.1,308.1
2024-07-18 10:13:00,135.1,294.5
2024-07-18 10:14:00,135.1,291.1
2024-07-18 10:15:00,141.8,311.5
2024-07-18 10:16:00,162.1,352.1
2024-07-18 10:17:00,175.6,375.8
2024-07-18 10:18:00,148.6,338.5
2024-07-18 10:19:00,148.6,331.8
2024-07-18 10:20:00,162.1,365.6
2024-07-18 10:21:00,162.1,355.5
2024-07-18 10:22:00,162.1,355.5
2024-07-18 10:23:00,162.1,362.2
2024-07-18 10:24:00,148.6,328.4
2024-07-18 10:25:00,135.1,308.1
2024-07-18 10:26:00,135.1,308.1
2024-07-18 10:27:00,148.6,318.2
2024-07-18 10:28:00,162.1,345.3
2024-07-18 10:29:00,175.6,375.8
2024-07-18 10:30:00,202.6,426.5
2024-07-18 10:31:00,229.6,487.5
2024-07-18 10:32:00,243.1,517.9
2024-07-18 10:33:00,337.7,700.7
2024-07-18 10:34:00,378.2,788.8
2024-07-18 10:35:00,459.2,934
2024-07-18 10:36:00,493,1005
2024-07-18 10:37:00,378.2,798.9
2024-07-18 10:38:00,270.1,582.3
2024-07-18 10:39:00,283.6,606
2024-07-18 10:40:00,310.7,656.7
2024-07-18 10:41:00,283.6,609.3
2024-07-18 10:42:00,310.7,646.6
2024-07-18 10:43:00,324.2,699.1
2024-07-18 10:44:00,310.7,660.1
2024-07-18 10:45:00,310.7,653.4
2024-07-18 10:46:00,310.7,656.7
2024-07-18 10:47:00,297.2,629.7
2024-07-18 10:48:00,310.7,653.4
2024-07-18 10:49:00,310.7,668.6
2024-07-18 10:50:00,297.2,629.7
2024-07-18 10:51:00,297.2,643.2
2024-07-18 10:52:00,337.7,700.7
2024-07-18 10:53:00,324.2,704.1
2024-07-18 10:54:00,310.7,663.5
2024-07-18 10:55:00,324.2,700.7
2024-07-18 10:56:00,405.2,863
2024-07-18 10:57:00,351.2,751.5
2024-07-18 10:58:00,378.2,792.2
2024-07-18 10:59:00,391.7,812
2024-07-18 11:00:00,391.7,816
2024-07-18 11:01:00,567.3,1165
2024-07-18 11:02:00,QCF,QCF
2024-07-18 11:03:00,796.9,1618
2024-07-18 11:04:00,459.2,961
2024-07-18 11:05:00,486.3,1026
2024-07-18 11:06:00,445.7,951
2024-07-18 11:07:00,472.8,985
2024-07-18 11:08:00,445.7,945
2024-07-18 11:09:00,459.2,961
2024-07-18 11:10:00,418.7,878
2024-07-18 11:11:00,418.7,877
2024-07-18 11:12:00,418.7,873
2024-07-18 11:13:00,391.7,846
2024-07-18 11:14:00,324.2,710.9
2024-07-18 11:15:00,405.2,863
2024-07-18 11:16:00,472.8,995
2024-07-18 11:17:00,729.4,1500
2024-07-18 11:18:00,648.4,1347
2024-07-18 11:19:00,878,1787
2024-07-18 11:20:00,851,1733
2024-07-18 11:21:00,634.9,1320
2024-07-18 11:22:00,824,1664
2024-07-18 11:23:00,864,1764
2024-07-18 11:24:00,715.9,1500
2024-07-18 11:25:00,405.2,897
2024-07-18 11:26:00,567.3,1205
2024-07-18 11:27:00,499.8,1060
2024-07-18 11:28:00,418.8,921
2024-07-18 11:29:00,364.7,802
2024-07-18 11:30:00,743,1520
2024-07-18 11:31:00,756.5,1540
2024-07-18 11:32:00,513.3,1080
2024-07-18 11:33:00,729.4,1495
2024-07-18 11:34:00,824,1686
2024-07-18 11:35:00,351.2,799
2024-07-18 11:36:00,378.2,828
2024-07-18 11:37:00,743,1561
2024-07-18 11:38:00,337.7,765.2
2024-07-18 11:39:00,716,1476
2024-07-18 11:40:00,QCF,QCF
2024-07-18 11:41:00,919,1837
2024-07-18 11:42:00,331,755
2024-07-18 11:43:00,932,1852
2024-07-18 11:44:00,1000,1981
2024-07-18 11:45:00,QCF,2028
2024-07-18 11:46:00,QCF,2028
2024-07-18 11:47:00,865,1740
2024-07-18 11:48:00,892,1774
2024-07-18 11:49:00,459.3,1012
2024-07-18 11:50:00,540.4,1158
2024-07-18 11:51:00,851,1727
2024-07-18 11:52:00,851,1705
2024-07-18 11:53:00,662,1388
2024-07-18 11:54:00,973,1937
2024-07-18 11:55:00,959,1910
2024-07-18 11:56:00,952,1899
2024-07-18 11:57:00,946,1861
2024-07-18 11:58:00,959,1899
2024-07-18 11:59:00,973,1935
2024-07-18 12:00:00,986,1949
2024-07-18 12:01:00,1000,1967
2024-07-18 12:02:00,1000,1943
2024-07-18 12:03:00,310.7,683.9
2024-07-18 12:04:00,351.2,785.5
2024-07-18 12:05:00,472.8,1016
2024-07-18 12:06:00,QCF,2048
2024-07-18 12:07:00,1013,1989
2024-07-18 12:08:00,1000,1972
2024-07-18 12:09:00,1006,1991
2024-07-18 12:10:00,1054,2072
2024-07-18 12:11:00,QCF,2069
2024-07-18 12:12:00,621.4,1337
2024-07-18 12:13:00,472.8,1039
2024-07-18 12:14:00,472.8,1028
2024-07-18 12:15:00,689,1429
2024-07-18 12:16:00,QCF,QCF
2024-07-18 12:17:00,838,1686
2024-07-18 12:18:00,472.8,1009
2024-07-18 12:19:00,1000,1954
2024-07-18 12:20:00,QCF,2126
2024-07-18 12:21:00,1067,2086
2024-07-18 12:22:00,1040,2038
2024-07-18 12:23:00,1040,2050
2024-07-18 12:24:00,580.9,1246
2024-07-18 12:25:00,797.1,1615
2024-07-18 12:26:00,1054,2084
2024-07-18 12:27:00,1067,2092
2024-07-18 12:28:00,QCF,QCF
2024-07-18 12:29:00,553.9,1188
2024-07-18 12:30:00,607.9,1297
2024-07-18 12:31:00,946,1866
2024-07-18 12:32:00,337.7,772
2024-07-18 12:33:00,364.8,841
2024-07-18 12:34:00,1027,1991
2024-07-18 12:35:00,905,1871
2024-07-18 12:36:00,1067,2092
2024-07-18 12:37:00,QCF,QCF
2024-07-18 12:38:00,QCF,2158
2024-07-18 12:39:00,1013,1967
2024-07-18 12:40:00,QCF,2126
2024-07-18 12:41:00,310.7,697.5
2024-07-18 12:42:00,358,778.7
2024-07-18 12:43:00,QCF,QCF
2024-07-18 12:44:00,QCF,QCF
2024-07-18 12:45:00,405.3,867
2024-07-18 12:46:00,QCF,QCF
2024-07-18 12:47:00,QCF,2126
2024-07-18 12:48:00,QCF,2155
2024-07-18 12:49:00,486.3,1083
2024-07-18 12:50:00,QCF,2153
2024-07-18 12:51:00,432.3,938
2024-07-18 12:52:00,1081,2104
2024-07-18 12:53:00,QCF,2147
2024-07-18 12:54:00,QCF,2174
2024-07-18 12:55:00,378.3,830
2024-07-18 12:56:00,378.3,843
2024-07-18 12:57:00,QCF,QCF
2024-07-18 12:58:00,QCF,QCF
2024-07-18 12:59:00,432.3,962
2024-07-18 13:00:00,QCF,2180
2024-07-18 13:01:00,1094,2143
2024-07-18 13:02:00,QCF,2160
2024-07-18 13:03:00,QCF,2179
2024-07-18 13:04:00,946,1883
2024-07-18 13:05:00,553.9,1202
2024-07-18 13:06:00,QCF,QCF
2024-07-18 13:07:00,1054,2079
2024-07-18 13:08:00,418.8,928
2024-07-18 13:09:00,391.8,857
2024-07-18 13:10:00,1013,1981
2024-07-18 13:11:00,QCF,2131
2024-07-18 13:12:00,QCF,2143
2024-07-18 13:13:00,QCF,2174
2024-07-18 13:14:00,351.2,755
2024-07-18 13:15:00,351.2,751.7
2024-07-18 13:16:00,364.8,785.5
2024-07-18 13:17:00,351.2,750
2024-07-18 13:18:00,418.8,907
2024-07-18 13:19:00,QCF,QCF
2024-07-18 13:20:00,QCF,2187
2024-07-18 13:21:00,QCF,QCF
2024-07-18 13:22:00,QCF,QCF
2024-07-18 13:23:00,770,1585
2024-07-18 13:24:00,540.4,1161
2024-07-18 13:25:00,831,1693
2024-07-18 13:26:00,432.3,945
2024-07-18 13:27:00,432.3,948
2024-07-18 13:28:00,553.9,1188
2024-07-18 13:29:00,1081,2104
2024-07-18 13:30:00,QCF,QCF
2024-07-18 13:31:00,351.2,758.4
2024-07-18 13:32:00,567.4,1205
2024-07-18 13:33:00,QCF,2131
2024-07-18 13:34:00,499.8,1033
2024-07-18 13:35:00,391.8,846
2024-07-18 13:36:00,432.3,911
2024-07-18 13:37:00,418.8,890
2024-07-18 13:38:00,580.9,1209
2024-07-18 13:39:00,459.3,965
2024-07-18 13:40:00,QCF,QCF
2024-07-18 13:41:00,QCF,QCF
2024-07-18 13:42:00,QCF,2172
2024-07-18 13:43:00,QCF,2174
2024-07-18 13:44:00,QCF,2116
2024-07-18 13:45:00,1081,2101
2024-07-18 13:46:00,QCF,2126
2024-07-18 13:47:00,QCF,QCF
2024-07-18 13:48:00,QCF,QCF
2024-07-18 13:49:00,QCF,QCF
2024-07-18 13:50:00,378.3,792.3
2024-07-18 13:51:00,310.7,677.2
2024-07-18 13:52:00,283.7,606.1
2024-07-18 13:53:00,283.7,595.9
2024-07-18 13:54:00,283.7,602.7
2024-07-18 13:55:00,297.2,616.2
2024-07-18 13:56:00,297.2,616.2
2024-07-18 13:57:00,304,629.8
2024-07-18 13:58:00,297.2,616.2
2024-07-18 13:59:00,297.2,606.1
2024-07-18 14:00:00,297.2,629.8
2024-07-18 14:01:00,310.7,646.7
2024-07-18 14:02:00,337.7,704.2
2024-07-18 14:03:00,405.3,846
2024-07-18 14:04:00,QCF,2136
2024-07-18 14:05:00,QCF,QCF
2024-07-18 14:06:00,QCF,QCF
2024-07-18 14:07:00,QCF,2133
2024-07-18 14:08:00,QCF,2106
2024-07-18 14:09:00,1067,2092
2024-07-18 14:10:00,1054,2062
2024-07-18 14:11:00,1040,2033
2024-07-18 14:12:00,310.7,727.9
2024-07-18 14:13:00,283.7,646.7
2024-07-18 14:14:00,256.7,595.9
2024-07-18 14:15:00,270.2,633.1
2024-07-18 14:16:00,310.7,711
2024-07-18 14:17:00,1067,2099
2024-07-18 14:18:00,1000,1954
2024-07-18 14:19:00,973,1927
2024-07-18 14:20:00,959,1896
2024-07-18 14:21:00,270.2,646.7
2024-07-18 14:22:00,1013,1965
2024-07-18 14:23:00,243.2,572.2
2024-07-18 14:24:00,919,1791
2024-07-18 14:25:00,1040,2015
2024-07-18 14:26:00,1013,1981
2024-07-18 14:27:00,351.2,836
2024-07-18 14:28:00,1000,1943
2024-07-18 14:29:00,986,1930
2024-07-18 14:30:00,310.7,721.2
2024-07-18 14:31:00,283.7,650.1
2024-07-18 14:32:00,351.2,775.4
2024-07-18 14:33:00,405.3,874
2024-07-18 14:34:00,1000,1940
2024-07-18 14:35:00,892,1771
2024-07-18 14:36:00,QCF,2087
2024-07-18 14:37:00,QCF,2099
2024-07-18 14:38:00,1040,2015
2024-07-18 14:39:00,959,1886
2024-07-18 14:40:00,756.5,1578
2024-07-18 14:41:00,1000,1967
2024-07-18 14:42:00,1000,1947
2024-07-18 14:43:00,743,1503
2024-07-18 14:44:00,1013,1987
2024-07-18 14:45:00,QCF,2023
2024-07-18 14:46:00,1033,2025
2024-07-18 14:47:00,695.7,1458
2024-07-18 14:48:00,324.2,724.6
2024-07-18 14:49:00,QCF,QCF
2024-07-18 14:50:00,932,1801
2024-07-18 14:51:00,892,1754
2024-07-18 14:52:00,QCF,QCF
2024-07-18 14:53:00,959,1872
2024-07-18 14:54:00,351.2,778.7
2024-07-18 14:55:00,364.8,795.7
2024-07-18 14:56:00,QCF,2018
2024-07-18 14:57:00,1013,1954
2024-07-18 14:58:00,QCF,2031
2024-07-18 14:59:00,831,1647
2024-07-18 15:00:00,QCF,QCF
2024-07-18 15:01:00,986,1964
2024-07-18 15:02:00,344.5,795.7
2024-07-18 15:03:00,297.2,680.5
2024-07-18 15:04:00,310.7,690.7
2024-07-18 15:05:00,256.7,579
2024-07-18 15:06:00,270.2,592.5
2024-07-18 15:07:00,310.7,697.5
2024-07-18 15:08:00,391.8,833
2024-07-18 15:09:00,QCF,QCF
2024-07-18 15:10:00,QCF,1991
2024-07-18 15:11:00,QCF,1994
2024-07-18 15:12:00,973,1940
2024-07-18 15:13:00,973,1952
2024-07-18 15:14:00,986,1959
2024-07-18 15:15:00,QCF,1981
2024-07-18 15:16:00,905,1778
2024-07-18 15:17:00,324.2,738.1
2024-07-18 15:18:00,243.2,572.2
2024-07-18 15:19:00,189.1,460.5
2024-07-18 15:20:00,202.6,497.7
2024-07-18 15:21:00,229.7,548.5
2024-07-18 15:22:00,973,1888
2024-07-18 15:23:00,973,1913
2024-07-18 15:24:00,973,1933
2024-07-18 15:25:00,QCF,QCF
2024-07-18 15:26:00,QCF,QCF
2024-07-18 15:27:00,QCF,QCF
2024-07-18 15:28:00,919,1833
2024-07-18 15:29:00,838,1696
2024-07-18 15:30:00,932,1859
2024-07-18 15:31:00,838,1690
2024-07-18 15:32:00,331,768.6
2024-07-18 15:33:00,378.3,833
2024-07-18 15:34:00,337.7,775.4
2024-07-18 15:35:00,607.9,1307
2024-07-18 15:36:00,932,1874
2024-07-18 15:37:00,919,1855
2024-07-18 15:38:00,919,1840
2024-07-18 15:39:00,905,1805
2024-07-18 15:40:00,297.2,697.5
2024-07-18 15:41:00,243.2,572.2
2024-07-18 15:42:00,256.7,602.7
2024-07-18 15:43:00,513.4,1097
2024-07-18 15:44:00,838,1686
2024-07-18 15:45:00,256.7,595.9
2024-07-18 15:46:00,229.7,541.7
2024-07-18 15:47:00,216.2,518
2024-07-18 15:48:00,216.2,501.1
2024-07-18 15:49:00,202.6,487.6
2024-07-18 15:50:00,202.6,484.2
2024-07-18 15:51:00,209.4,494.3
2024-07-18 15:52:00,216.2,507.9
2024-07-18 15:53:00,229.7,523.1
2024-07-18 15:54:00,236.4,541.7
2024-07-18 15:55:00,243.2,565.4
2024-07-18 15:56:00,270.2,611.1
2024-07-18 15:57:00,324.2,731.3
2024-07-18 15:58:00,QCF,QCF
2024-07-18 15:59:00,QCF,QCF
2024-07-18 16:00:00,QCF,QCF
2024-07-18 16:01:00,QCF,QCF
2024-07-18 16:02:00,QCF,QCF
2024-07-18 16:03:00,QCF,QCF
2024-07-18 16:04:00,878,QCF
2024-07-18 16:05:00,865,QCF
2024-07-18 16:06:00,851,1750
2024-07-18 16:07:00,838,1734
2024-07-18 16:08:00,851,1727
2024-07-18 16:09:00,QCF,QCF
2024-07-18 16:10:00,QCF,QCF
2024-07-18 16:11:00,QCF,1713
2024-07-18 16:12:00,216.2,501.1
2024-07-18 16:13:00,135.1,321.7
2024-07-18 16:14:00,94.6,231.9
2024-07-18 16:15:00,67.55,138.8
2024-07-18 16:16:00,54.04,105
2024-07-18 16:17:00,40.53,94.8
2024-07-18 16:18:00,40.53,88
2024-07-18 16:19:00,40.53,84.6
2024-07-18 16:20:00,40.53,84.6
2024-07-18 16:21:00,40.53,91.4
2024-07-18 16:22:00,54.04,101.6
2024-07-18 16:23:00,54.04,115.1
2024-07-18 16:24:00,67.55,132
2024-07-18 16:25:00,67.55,152.4
2024-07-18 16:26:00,81.1,176.1
2024-07-18 16:27:00,94.6,213.3
2024-07-18 16:28:00,94.6,233.6
2024-07-18 16:29:00,94.6,230.2
2024-07-18 16:30:00,108.1,237
2024-07-18 16:31:00,108.1,253.9
2024-07-18 16:32:00,108.1,265.8
2024-07-18 16:33:00,121.6,284.4
2024-07-18 16:34:00,121.6,291.2
2024-07-18 16:35:00,121.6,301.3
2024-07-18 16:36:00,121.6,294.6
2024-07-18 16:37:00,121.6,284.4
2024-07-18 16:38:00,108.1,264.1
2024-07-18 16:39:00,108.1,240.4
2024-07-18 16:40:00,94.6,216.7
2024-07-18 16:41:00,87.8,209.9
2024-07-18 16:42:00,94.6,221.8
2024-07-18 16:43:00,94.6,240.4
2024-07-18 16:44:00,121.6,267.5
2024-07-18 16:45:00,135.1,321.7
2024-07-18 16:46:00,175.6,382.6
2024-07-18 16:47:00,175.6,382.6
2024-07-18 16:48:00,162.1,352.1
2024-07-18 16:49:00,121.6,287.8
2024-07-18 16:50:00,94.6,226.8
2024-07-18 16:51:00,81.1,189.6
2024-07-18 16:52:00,81.1,172.7
2024-07-18 16:53:00,81.1,182.8
2024-07-18 16:54:00,81.1,196.4
2024-07-18 16:55:00,81.1,199.8
2024-07-18 16:56:00,81.1,193
2024-07-18 16:57:00,81.1,186.2
2024-07-18 16:58:00,81.1,186.2
2024-07-18 16:59:00,81.1,182.8
2024-07-18 17:00:00,81.1,186.2
2024-07-18 17:01:00,81.1,172.7
2024-07-18 17:02:00,67.55,145.6
2024-07-18 17:03:00,54.04,118.5
2024-07-18 17:04:00,47.28,94.8
2024-07-18 17:05:00,40.53,74.49
2024-07-18 17:06:00,27.02,50.79
2024-07-18 17:07:00,QCF,QCF
2024-07-18 17:08:00,QCF,QCF
2024-07-18 17:09:00,QCF,QCF
2024-07-18 17:10:00,QCF,QCF
2024-07-18 17:11:00,QCF,QCF
2024-07-18 17:12:00,QCF,QCF
2024-07-18 17:13:00,QCF,QCF
2024-07-18 17:14:00,QCF,QCF
2024-07-18 17:15:00,QCF,QCF
2024-07-18 17:16:00,QCF,33.86
2024-07-18 17:17:00,27.02,40.63
2024-07-18 17:18:00,27.02,40.63
2024-07-18 17:19:00,27.02,40.63
2024-07-18 17:20:00,27.02,40.63
2024-07-18 17:21:00,27.02,47.4
2024-07-18 17:22:00,27.02,54.17
2024-07-18 17:23:00,33.77,60.94
2024-07-18 17:24:00,40.53,74.49
2024-07-18 17:25:00,40.53,77.87
2024-07-18 17:26:00,40.53,88
2024-07-18 17:27:00,40.53,91.4
2024-07-18 17:28:00,40.53,98.2
2024-07-18 17:29:00,54.04,105
2024-07-18 17:30:00,54.04,108.3
2024-07-18 17:31:00,54.04,111.7
2024-07-18 17:32:00,54.04,118.5
2024-07-18 17:33:00,67.55,128.7
2024-07-18 17:34:00,67.55,138.8
2024-07-18 17:35:00,81.1,155.7
2024-07-18 17:36:00,81.1,169.3
2024-07-18 17:37:00,81.1,182.8
2024-07-18 17:38:00,81.1,203.1
2024-07-18 17:39:00,94.6,226.8
2024-07-18 17:40:00,108.1,264.1
2024-07-18 17:41:00,135.1,304.7
2024-07-18 17:42:00,148.6,328.4
2024-07-18 17:43:00,162.1,355.5
2024-07-18 17:44:00,162.1,369
2024-07-18 17:45:00,175.6,392.7
2024-07-18 17:46:00,202.6,446.9
2024-07-18 17:47:00,229.6,494.3
2024-07-18 17:48:00,256.6,555.2
2024-07-18 17:49:00,270.2,595.8
2024-07-18 17:50:00,270.2,606
2024-07-18 17:51:00,270.2,595.8
2024-07-18 17:52:00,256.7,582.3
2024-07-18 17:53:00,256.6,578.9
2024-07-18 17:54:00,249.9,565.4
2024-07-18 17:55:00,243.1,551.8
2024-07-18 17:56:00,229.6,534.9
2024-07-18 17:57:00,216.1,518
2024-07-18 17:58:00,202.6,497.6
2024-07-18 17:59:00,202.6,477.3
2024-07-18 18:00:00,175.6,470.6
2024-07-18 18:01:00,168.8,487.5
2024-07-18 18:02:00,QCF,QCF
2024-07-18 18:03:00,QCF,QCF
2024-07-18 18:04:00,QCF,QCF
2024-07-18 18:05:00,QCF,QCF
2024-07-18 18:06:00,QCF,QCF
2024-07-18 18:07:00,QCF,QCF
2024-07-18 18:08:00,216.1,700.8
2024-07-18 18:09:00,270.1,473.9
2024-07-18 18:10:00,QCF,QCF
2024-07-18 18:11:00,QCF,QCF
2024-07-18 18:12:00,QCF,QCF
2024-07-18 18:13:00,QCF,QCF
2024-07-18 18:14:00,QCF,QCF
2024-07-18 18:15:00,QCF,QCF
2024-07-18 18:16:00,364.7,626.3
2024-07-18 18:17:00,364.7,731.2
2024-07-18 18:18:00,364.7,761.7
2024-07-18 18:19:00,364.7,765.1
2024-07-18 18:20:00,357.9,758.3
2024-07-18 18:21:00,351.2,748.1
2024-07-18 18:22:00,351.2,744.8
2024-07-18 18:23:00,351.2,738
2024-07-18 18:24:00,351.2,731.2
2024-07-18 18:25:00,351.2,727.9
2024-07-18 18:26:00,351.2,727.9
2024-07-18 18:27:00,351.2,731.3
2024-07-18 18:28:00,337.7,724.5
2024-07-18 18:29:00,283.7,705.9
2024-07-18 18:30:00,QCF,QCF
2024-07-18 18:31:00,QCF,QCF
2024-07-18 18:32:00,QCF,QCF
2024-07-18 18:33:00,QCF,QCF
2024-07-18 18:34:00,202.6,656.8
2024-07-18 18:35:00,283.7,650
2024-07-18 18:36:00,310.7,639.9
2024-07-18 18:37:00,310.7,629.7
2024-07-18 18:38:00,310.7,612.8
2024-07-18 18:39:00,310.7,558.6
2024-07-18 18:40:00,QCF,QCF
2024-07-18 18:41:00,QCF,QCF
2024-07-18 18:42:00,QCF,QCF
2024-07-18 18:43:00,QCF,QCF
2024-07-18 18:44:00,148.6,301.3
2024-07-18 18:45:00,QCF,QCF
2024-07-18 18:46:00,QCF,QCF
2024-07-18 18:47:00,QCF,QCF
2024-07-18 18:48:00,121.6,291.2
2024-07-18 18:49:00,162.1,331.8
2024-07-18 18:50:00,121.6,287.8
2024-07-18 18:51:00,108.1,277.6
2024-07-18 18:52:00,121.6,281
2024-07-18 18:53:00,121.6,274.2
2024-07-18 18:54:00,108.1,257.3
2024-07-18 18:55:00,108.1,247.2
2024-07-18 18:56:00,94.6,237
2024-07-18 18:57:00,94.6,230.2
2024-07-18 18:58:00,101.3,230.2
2024-07-18 18:59:00,81.1,203.1
2024-07-18 19:00:00,81.1,193
2024-07-18 19:01:00,81.1,186.2
2024-07-18 19:02:00,81.1,176.1
2024-07-18 19:03:00,81.1,165.9
2024-07-18 19:04:00,81.1,149
2024-07-18 19:05:00,67.55,121.9
2024-07-18 19:06:00,54.04,101.6
2024-07-18 19:07:00,54.04,108.3
2024-07-18 19:08:00,54.04,101.6
2024-07-18 19:09:00,54.04,98.2
2024-07-18 19:10:00,54.04,94.8
2024-07-18 19:11:00,54.04,94.8
2024-07-18 19:12:00,54.04,91.4
2024-07-18 19:13:00,54.04,91.4
2024-07-18 19:14:00,54.04,88
2024-07-18 19:15:00,54.04,84.6
2024-07-18 19:16:00,40.53,84.6
2024-07-18 19:17:00,40.53,81.3
2024-07-18 19:18:00,40.53,81.3
2024-07-18 19:19:00,40.53,77.87
2024-07-18 19:20:00,40.53,74.49
2024-07-18 19:21:00,40.53,71.1
2024-07-18 19:22:00,40.53,67.72
2024-07-18 19:23:00,40.53,60.94
2024-07-18 19:24:00,QCF,QCF
2024-07-18 19:25:00,33.77,54.17
2024-07-18 19:26:00,27.02,50.78
2024-07-18 19:27:00,27.02,47.4
2024-07-18 19:28:00,27.02,44.01
2024-07-18 19:29:00,27.02,37.24
2024-07-18 19:30:00,27.02,37.24
2024-07-18 19:31:00,27.02,33.85
2024-07-18 19:32:00,27.02,30.47
2024-07-18 19:33:00,QCF,27.08
2024-07-18 19:34:00,QCF,27.08
2024-07-18 19:35:00,QCF,23.7
2024-07-18 19:36:00,QCF,23.7
2024-07-18 19:37:00,QCF,20.31
2024-07-18 19:38:00,QCF,20.31
2024-07-18 19:39:00,QCF,20.31
2024-07-18 19:40:00,QCF,20.31
2024-07-18 19:41:00,QCF,20.31
2024-07-18 19:42:00,QCF,16.93
2024-07-18 19:43:00,QCF,16.93
2024-07-18 19:44:00,QCF,16.93
2024-07-18 19:45:00,QCF,15.23
2024-07-18 19:46:00,QCF,13.54
2024-07-18 19:47:00,QCF,13.54
2024-07-18 19:48:00,QCF,13.54
2024-07-18 19:49:00,QCF,13.54
2024-07-18 19:50:00,QCF,13.54
2024-07-18 19:51:00,QCF,13.54
2024-07-18 19:52:00,QCF,13.54
2024-07-18 19:53:00,QCF,13.54
2024-07-18 19:54:00,QCF,13.54
2024-07-18 19:55:00,QCF,13.54
2024-07-18 19:56:00,QCF,13.54
2024-07-18 19:57:00,QCF,13.54
2024-07-18 19:58:00,QCF,13.54
2024-07-18 19:59:00,QCF,13.54
2024-07-18 20:00:00,QCF,13.54
2024-07-18 20:01:00,QCF,10.16
2024-07-18 20:02:00,QCF,10.16
2024-07-18 20:03:00,QCF,10.16
2024-07-18 20:04:00,QCF,10.16
2024-07-18 20:05:00,QCF,10.16
2024-07-18 20:06:00,QCF,10.16
2024-07-18 20:07:00,QCF,6.77
2024-07-18 20:08:00,QCF,6.77
2024-07-18 20:09:00,QCF,6.77
2024-07-18 20:10:00,QCF,6.77
2024-07-18 20:11:00,QCF,6.77
2024-07-18 20:12:00,QCF,6.77
2024-07-18 20:13:00,QCF,6.77
2024-07-18 20:14:00,QCF,6.77
2024-07-18 20:15:00,QCF,5.08
2024-07-18 20:16:00,QCF,QCF
2024-07-18 20:17:00,QCF,QCF
2024-07-18 20:18:00,QCF,QCF
2024-07-18 20:19:00,QCF,QCF
2024-07-18 20:20:00,QCF,QCF
2024-07-18 20:21:00,QCF,QCF
2024-07-18 20:22:00,QCF,QCF
2024-07-18 20:23:00,QCF,QCF
2024-07-18 20:24:00,QCF,QCF
2024-07-18 20:25:00,QCF,QCF
2024-07-26 06:21:00,QCF,QCF
2024-07-26 06:22:00,QCF,QCF
2024-07-26 06:23:00,QCF,5.08
2024-07-26 06:24:00,QCF,6.77
2024-07-26 06:25:00,QCF,6.77
2024-07-26 06:26:00,QCF,6.77
2024-07-26 06:27:00,QCF,6.77
2024-07-26 06:28:00,QCF,6.77
2024-07-26 06:29:00,QCF,10.16
2024-07-26 06:30:00,QCF,10.16
2024-07-26 06:31:00,QCF,10.16
2024-07-26 06:32:00,QCF,13.54
2024-07-26 06:33:00,QCF,13.54
2024-07-26 06:34:00,QCF,13.54
2024-07-26 06:35:00,QCF,13.54
2024-07-26 06:36:00,QCF,13.54
2024-07-26 06:37:00,QCF,16.93
2024-07-26 06:38:00,QCF,16.93
2024-07-26 06:39:00,QCF,20.31
2024-07-26 06:40:00,QCF,20.31
2024-07-26 06:41:00,QCF,16.93
2024-07-26 06:42:00,QCF,16.93
2024-07-26 06:43:00,QCF,16.93
2024-07-26 06:44:00,QCF,16.93
2024-07-26 06:45:00,QCF,13.54
2024-07-26 06:46:00,QCF,13.54
2024-07-26 06:47:00,QCF,13.54
2024-07-26 06:48:00,QCF,13.54
2024-07-26 06:49:00,QCF,13.54
2024-07-26 06:50:00,QCF,13.54
2024-07-26 06:51:00,QCF,13.54
2024-07-26 06:52:00,QCF,13.54
2024-07-26 06:53:00,QCF,16.93
2024-07-26 06:54:00,QCF,16.93
2024-07-26 06:55:00,QCF,16.93
2024-07-26 06:56:00,QCF,16.93
2024-07-26 06:57:00,QCF,20.31
2024-07-26 06:58:00,QCF,20.31
2024-07-26 06:59:00,QCF,20.31
2024-07-26 07:00:00,QCF,20.31
2024-07-26 07:01:00,QCF,20.31
2024-07-26 07:02:00,QCF,20.31
2024-07-26 07:03:00,QCF,20.31
2024-07-26 07:04:00,QCF,23.7
2024-07-26 07:05:00,QCF,27.08
2024-07-26 07:06:00,27.01,33.85
2024-07-26 07:07:00,27.01,33.85
2024-07-26 07:08:00,27.01,33.85
2024-07-26 07:09:00,27.01,37.24
2024-07-26 07:10:00,27.01,40.62
2024-07-26 07:11:00,27.01,40.62
2024-07-26 07:12:00,27.01,44.01
2024-07-26 07:13:00,27.01,40.62
2024-07-26 07:14:00,27.01,40.62
2024-07-26 07:15:00,27.01,37.24
2024-07-26 07:16:00,27.01,37.24
2024-07-26 07:17:00,27.01,37.24
2024-07-26 07:18:00,QCF,37.24
2024-07-26 07:19:00,QCF,37.24
2024-07-26 07:20:00,27.01,40.62
2024-07-26 07:21:00,27.01,50.78
2024-07-26 07:22:00,27.01,54.16
2024-07-26 07:23:00,QCF,57.55
2024-07-26 07:24:00,27.01,57.55
2024-07-26 07:25:00,27.01,57.55
2024-07-26 07:26:00,27.01,54.16
2024-07-26 07:27:00,27.01,54.16
2024-07-26 07:28:00,27.01,50.78
2024-07-26 07:29:00,27.01,50.78
2024-07-26 07:30:00,27.01,47.39
2024-07-26 07:31:00,27.01,44.01
2024-07-26 07:32:00,27.01,44.01
2024-07-26 07:33:00,27.01,42.32
2024-07-26 07:34:00,27.01,47.39
2024-07-26 07:35:00,33.77,54.16
2024-07-26 07:36:00,40.52,64.32
2024-07-26 07:37:00,40.52,71.09
2024-07-26 07:38:00,40.52,84.6
2024-07-26 07:39:00,54.03,101.6
2024-07-26 07:40:00,54.03,98.2
2024-07-26 07:41:00,54.03,101.6
2024-07-26 07:42:00,54.03,94.8
2024-07-26 07:43:00,54.03,88
2024-07-26 07:44:00,54.03,84.6
2024-07-26 07:45:00,54.03,84.6
2024-07-26 07:46:00,40.52,81.2
2024-07-26 07:47:00,54.03,88
2024-07-26 07:48:00,54.03,91.4
2024-07-26 07:49:00,54.03,98.2
2024-07-26 07:50:00,54.03,108.3
2024-07-26 07:51:00,60.78,111.7
2024-07-26 07:52:00,67.54,121.9
2024-07-26 07:53:00,67.54,132
2024-07-26 07:54:00,81,155.7
2024-07-26 07:55:00,81,152.3
2024-07-26 07:56:00,81,142.2
2024-07-26 07:57:00,67.54,135.4
2024-07-26 07:58:00,67.54,132
2024-07-26 07:59:00,67.54,111.7
2024-07-26 08:00:00,54.03,101.6
2024-07-26 08:01:00,54.03,91.4
2024-07-26 08:02:00,54.03,108.3
2024-07-26 08:03:00,54.03,104.9
2024-07-26 08:04:00,54.03,88
2024-07-26 08:05:00,40.52,81.2
2024-07-26 08:06:00,40.52,77.86
2024-07-26 08:07:00,40.52,74.48
2024-07-26 08:08:00,40.52,67.7
2024-07-26 08:09:00,40.52,60.93
2024-07-26 08:10:00,40.52,64.32
2024-07-26 08:11:00,40.52,64.32
2024-07-26 08:12:00,40.52,71.09
2024-07-26 08:13:00,40.52,77.86
2024-07-26 08:14:00,40.52,77.86
2024-07-26 08:15:00,40.52,74.48
2024-07-26 08:16:00,40.52,77.86
2024-07-26 08:17:00,54.03,88
2024-07-26 08:18:00,54.03,88
2024-07-26 08:19:00,54.03,88
2024-07-26 08:20:00,54.03,101.6
2024-07-26 08:21:00,67.54,145.6
2024-07-26 08:22:00,81,169.3
2024-07-26 08:23:00,81,179.4
2024-07-26 08:24:00,81,179.4
2024-07-26 08:25:00,81,179.4
2024-07-26 08:26:00,81,179.4
2024-07-26 08:27:00,81,189.6
2024-07-26 08:28:00,81,203.1
2024-07-26 08:29:00,94.5,209.9
2024-07-26 08:30:00,94.5,213.3
2024-07-26 08:31:00,94.5,213.3
2024-07-26 08:32:00,81,206.5
2024-07-26 08:33:00,81,199.7
2024-07-26 08:34:00,81,203.1
2024-07-26 08:35:00,81,206.5
2024-07-26 08:36:00,94.5,213.3
2024-07-26 08:37:00,81,209.9
2024-07-26 08:38:00,81,196.3
2024-07-26 08:39:00,81,182.8
2024-07-26 08:40:00,81,169.3
2024-07-26 08:41:00,81,159.1
2024-07-26 08:42:00,67.54,145.6
2024-07-26 08:43:00,67.54,142.2
2024-07-26 08:44:00,67.54,138.8
2024-07-26 08:45:00,67.54,135.4
2024-07-26 08:46:00,67.54,142.2
2024-07-26 08:47:00,67.54,142.2
2024-07-26 08:48:00,67.54,135.4
2024-07-26 08:49:00,67.54,132
2024-07-26 08:50:00,67.54,138.8
2024-07-26 08:51:00,67.54,145.6
2024-07-26 08:52:00,67.54,145.6
2024-07-26 08:53:00,67.54,138.8
2024-07-26 08:54:00,67.54,135.4
2024-07-26 08:55:00,67.54,128.6
2024-07-26 08:56:00,67.54,128.6
2024-07-26 08:57:00,67.54,142.2
2024-07-26 08:58:00,67.54,149
2024-07-26 08:59:00,67.54,138.8
2024-07-26 09:00:00,67.54,142.2
2024-07-26 09:01:00,81,179.4
2024-07-26 09:02:00,81,203.1
2024-07-26 09:03:00,81,213.3
2024-07-26 09:04:00,94.5,216.7
2024-07-26 09:05:00,94.5,230.2
2024-07-26 09:06:00,94.5,237
2024-07-26 09:07:00,108.1,250.5
2024-07-26 09:08:00,108.1,257.3
2024-07-26 09:09:00,108.1,270.8
2024-07-26 09:10:00,121.6,284.4
2024-07-26 09:11:00,135.1,308.1
2024-07-26 09:12:00,135.1,311.4
2024-07-26 09:13:00,135.1,331.8
2024-07-26 09:14:00,148.6,345.3
2024-07-26 09:15:00,135.1,335.1
2024-07-26 09:16:00,135.1,321.6
2024-07-26 09:17:00,135.1,311.4
2024-07-26 09:18:00,135.1,321.6
2024-07-26 09:19:00,148.6,355.5
2024-07-26 09:20:00,162.1,375.8
2024-07-26 09:21:00,162.1,384.2
2024-07-26 09:22:00,168.8,392.7
2024-07-26 09:23:00,162.1,382.5
2024-07-26 09:24:00,148.6,345.3
2024-07-26 09:25:00,121.6,294.5
2024-07-26 09:26:00,121.6,270.8
2024-07-26 09:27:00,121.6,294.5
2024-07-26 09:28:00,141.8,331.8
2024-07-26 09:29:00,148.6,355.5
2024-07-26 09:30:00,162.1,369
2024-07-26 09:31:00,162.1,369
2024-07-26 09:32:00,148.6,358.8
2024-07-26 09:33:00,148.6,355.5
2024-07-26 09:34:00,155.3,362.2
2024-07-26 09:35:00,148.6,348.7
2024-07-26 09:36:00,135.1,321.6
2024-07-26 09:37:00,135.1,311.4
2024-07-26 09:38:00,135.1,308.1
2024-07-26 09:39:00,121.6,297.9
2024-07-26 09:40:00,121.6,284.4
2024-07-26 09:41:00,108.1,264
2024-07-26 09:42:00,108.1,253.9
2024-07-26 09:43:00,108.1,253.9
2024-07-26 09:44:00,108.1,253.9
2024-07-26 09:45:00,108.1,253.9
2024-07-26 09:46:00,108.1,253.9
2024-07-26 09:47:00,108.1,237
2024-07-26 09:48:00,94.5,226.8
2024-07-26 09:49:00,94.5,216.7
2024-07-26 09:50:00,81,193
2024-07-26 09:51:00,81,172.6
2024-07-26 09:52:00,81,186.2
2024-07-26 09:53:00,94.5,216.7
2024-07-26 09:54:00,135.1,291.1
2024-07-26 09:55:00,162.1,365.6
2024-07-26 09:56:00,162.1,372.4
2024-07-26 09:57:00,162.1,369
2024-07-26 09:58:00,162.1,365.6
2024-07-26 09:59:00,162.1,362.2
2024-07-26 10:00:00,148.6,352.1
2024-07-26 10:01:00,148.6,338.5
2024-07-26 10:02:00,148.6,345.3
2024-07-26 10:03:00,162.1,358.8
2024-07-26 10:04:00,175.6,392.7
2024-07-26 10:05:00,182.3,409.6
2024-07-26 10:06:00,175.6,406.2
2024-07-26 10:07:00,162.1,372.4
2024-07-26 10:08:00,162.1,358.8
2024-07-26 10:09:00,148.6,335.1
2024-07-26 10:10:00,148.6,331.8
2024-07-26 10:11:00,162.1,358.8
2024-07-26 10:12:00,162.1,362.2
2024-07-26 10:13:00,175.6,385.9
2024-07-26 10:14:00,202.6,440.1
2024-07-26 10:15:00,202.6,443.5
2024-07-26 10:16:00,189.1,429.9
2024-07-26 10:17:00,202.6,443.5
2024-07-26 10:18:00,202.6,457
2024-07-26 10:19:00,216.1,473.9
2024-07-26 10:20:00,216.1,490.9
2024-07-26 10:21:00,229.6,504.4
2024-07-26 10:22:00,229.6,514.6
2024-07-26 10:23:00,229.6,499.3
2024-07-26 10:24:00,216.1,487.5
2024-07-26 10:25:00,256.6,561.9
2024-07-26 10:26:00,283.6,616.1
2024-07-26 10:27:00,283.6,622.9
2024-07-26 10:28:00,283.6,622.9
2024-07-26 10:29:00,283.6,619.5
2024-07-26 10:30:00,297.2,639.8
2024-07-26 10:31:00,297.2,636.4
2024-07-26 10:32:00,270.1,592.4
2024-07-26 10:33:00,256.6,551.8
2024-07-26 10:34:00,256.6,545
2024-07-26 10:35:00,243.1,538.3
2024-07-26 10:36:00,256.6,558.6
2024-07-26 10:37:00,270.1,585.6
2024-07-26 10:38:00,297.2,643.2
2024-07-26 10:39:00,324.2,707.5
2024-07-26 10:40:00,337.7,741.4
2024-07-26 10:41:00,330.9,714.3
2024-07-26 10:42:00,310.7,673.7
2024-07-26 10:43:00,337.7,727.8
2024-07-26 10:44:00,351.2,751.5
2024-07-26 10:45:00,337.7,738
2024-07-26 10:46:00,310.7,690.6
2024-07-26 10:47:00,297.2,656.7
2024-07-26 10:48:00,297.2,636.4
2024-07-26 10:49:00,270.1,606
2024-07-26 10:50:00,270.1,595.8
2024-07-26 10:51:00,270.1,585.6
2024-07-26 10:52:00,256.6,568.7
2024-07-26 10:53:00,243.1,538.3
2024-07-26 10:54:00,229.6,514.6
2024-07-26 10:55:00,229.6,497.6
2024-07-26 10:56:00,229.6,497.6
2024-07-26 10:57:00,216.1,484.1
2024-07-26 10:58:00,216.1,460.4
2024-07-26 10:59:00,202.6,450.2
2024-07-26 11:00:00,209.4,457
2024-07-26 11:01:00,216.1,463.8
2024-07-26 11:02:00,243.1,529.8
2024-07-26 11:03:00,283.6,612.7
2024-07-26 11:04:00,310.7,680.4
2024-07-26 11:05:00,337.7,738
2024-07-26 11:06:00,351.2,758.3
2024-07-26 11:07:00,351.2,754.9
2024-07-26 11:08:00,364.7,778.6
2024-07-26 11:09:00,364.7,785.4
2024-07-26 11:10:00,364.7,788.8
2024-07-26 11:11:00,351.2,765.1
2024-07-26 11:12:00,337.7,731.2
2024-07-26 11:13:00,310.7,680.4
2024-07-26 11:14:00,297.2,653.4
2024-07-26 11:15:00,270.1,585.6
2024-07-26 11:16:00,229.6,517.9
2024-07-26 11:17:00,229.6,507.8
2024-07-26 11:18:00,243.1,548.4
2024-07-26 11:19:00,256.6,578.9
2024-07-26 11:20:00,270.1,606
2024-07-26 11:21:00,283.6,616.1
2024-07-26 11:22:00,270.1,589
2024-07-26 11:23:00,270.1,582.3
2024-07-26 11:24:00,270.1,602.6
2024-07-26 11:25:00,297.2,653.4
2024-07-26 11:26:00,310.7,683.8
2024-07-26 11:27:00,310.7,683.8
2024-07-26 11:28:00,310.7,673.7
2024-07-26 11:29:00,297.2,665.2
2024-07-26 11:30:00,297.2,663.5
2024-07-26 11:31:00,297.2,653.4
2024-07-26 11:32:00,283.6,624.6
2024-07-26 11:33:00,256.6,568.7
2024-07-26 11:34:00,216.1,484.1
2024-07-26 11:35:00,202.6,450.2
2024-07-26 11:36:00,229.6,504.4
2024-07-26 11:37:00,229.6,511.2
2024-07-26 11:38:00,243.1,534.9
2024-07-26 11:39:00,270.1,595.8
2024-07-26 11:40:00,270.1,612.7
2024-07-26 11:41:00,270.1,609.3
2024-07-26 11:42:00,270.1,589
2024-07-26 11:43:00,256.6,561.9
2024-07-26 11:44:00,243.1,531.5
2024-07-26 11:45:00,229.6,514.6
2024-07-26 11:46:00,243.1,531.5
2024-07-26 11:47:00,256.6,561.9
2024-07-26 11:48:00,270.1,606
2024-07-26 11:49:00,283.6,633
2024-07-26 11:50:00,297.2,656.7
2024-07-26 11:51:00,297.2,673.7
2024-07-26 11:52:00,310.7,677
2024-07-26 11:53:00,303.9,670.3
2024-07-26 11:54:00,297.2,643.2
2024-07-26 11:55:00,270.1,585.6
2024-07-26 11:56:00,229.6,494.2
2024-07-26 11:57:00,195.9,429.9
2024-07-26 11:58:00,175.6,382.5
2024-07-26 11:59:00,148.6,326.7
2024-07-26 12:00:00,135.1,287.7
2024-07-26 12:01:00,135.1,277.6
2024-07-26 12:02:00,121.6,274.2
2024-07-26 12:03:00,135.1,294.5
2024-07-26 12:04:00,182.3,385.9
2024-07-26 12:05:00,243.1,528.1
2024-07-26 12:06:00,324.2,683.8
2024-07-26 12:07:00,364.7,785.4
2024-07-26 12:08:00,391.7,833
2024-07-26 12:09:00,405.2,860
2024-07-26 12:10:00,405.2,860
2024-07-26 12:11:00,405.2,863
2024-07-26 12:12:00,405.2,877
2024-07-26 12:13:00,412,887
2024-07-26 12:14:00,418.7,897
2024-07-26 12:15:00,418.7,907
2024-07-26 12:16:00,432.2,924
2024-07-26 12:17:00,432.2,931
2024-07-26 12:18:00,432.2,938
2024-07-26 12:19:00,432.2,928
2024-07-26 12:20:00,405.2,877
2024-07-26 12:21:00,351.2,765.1
2024-07-26 12:22:00,310.7,663.5
2024-07-26 12:23:00,270.1,578.9
2024-07-26 12:24:00,243.1,504.4
2024-07-26 12:25:00,222.9,470.5
2024-07-26 12:26:00,216.1,457
2024-07-26 12:27:00,202.6,436.7
2024-07-26 12:28:00,189.1,402.8
2024-07-26 12:29:00,175.6,369
2024-07-26 12:30:00,175.6,365.6
2024-07-26 12:31:00,175.6,379.1
2024-07-26 12:32:00,189.1,406.2
2024-07-26 12:33:00,216.1,453.6
2024-07-26 12:34:00,243.1,521.3
2024-07-26 12:35:00,256.6,551.8
2024-07-26 12:36:00,283.6,599.2
2024-07-26 12:37:00,351.2,741.4
2024-07-26 12:38:00,432.2,911
2024-07-26 12:39:00,459.2,982
2024-07-26 12:40:00,445.7,958
2024-07-26 12:41:00,445.7,948
2024-07-26 12:42:00,459.2,982
2024-07-26 12:43:00,445.7,958
2024-07-26 12:44:00,405.2,856
2024-07-26 12:45:00,337.7,724.4
2024-07-26 12:46:00,283.6,609.3
2024-07-26 12:47:00,243.1,528.1
2024-07-26 12:48:00,216.1,463.8
2024-07-26 12:49:00,189.1,396.1
2024-07-26 12:50:00,162.1,345.3
2024-07-26 12:51:00,162.1,335.1
2024-07-26 12:52:00,162.1,348.7
2024-07-26 12:53:00,175.6,369
2024-07-26 12:54:00,175.6,379.2
2024-07-26 12:55:00,175.6,375.8
2024-07-26 12:56:00,175.6,379.2
2024-07-26 12:57:00,175.6,382.5
2024-07-26 12:58:00,175.6,379.2
2024-07-26 12:59:00,175.6,375.8
2024-07-26 13:00:00,162.1,362.2
2024-07-26 13:01:00,162.1,345.3
2024-07-26 13:02:00,148.6,328.4
2024-07-26 13:03:00,148.6,328.4
2024-07-26 13:04:00,162.1,352.1
2024-07-26 13:05:00,175.6,396.1
2024-07-26 13:06:00,202.6,450.2
2024-07-26 13:07:00,229.6,497.6
2024-07-26 13:08:00,229.6,514.6
2024-07-26 13:09:00,229.6,511.2
2024-07-26 13:10:00,229.6,507.8
2024-07-26 13:11:00,229.6,504.4
2024-07-26 13:12:00,229.6,494.3
2024-07-26 13:13:00,216.1,477.3
2024-07-26 13:14:00,202.6,446.9
2024-07-26 13:15:00,189.1,419.8
2024-07-26 13:16:00,189.1,409.6
2024-07-26 13:17:00,189.1,399.5
2024-07-26 13:18:00,189.1,402.8
2024-07-26 13:19:00,189.1,406.2
2024-07-26 13:20:00,202.6,443.5
2024-07-26 13:21:00,229.6,511.2
2024-07-26 13:22:00,256.6,568.7
2024-07-26 13:23:00,270.1,599.2
2024-07-26 13:24:00,283.7,616.1
2024-07-26 13:25:00,283.7,622.9
2024-07-26 13:26:00,283.7,626.3
2024-07-26 13:27:00,283.7,629.7
2024-07-26 13:28:00,297.2,643.2
2024-07-26 13:29:00,297.2,660.1
2024-07-26 13:30:00,310.7,673.7
2024-07-26 13:31:00,310.7,683.8
2024-07-26 13:32:00,310.7,680.4
2024-07-26 13:33:00,310.7,673.7
2024-07-26 13:34:00,310.7,663.5
2024-07-26 13:35:00,297.2,650
2024-07-26 13:36:00,290.4,636.4
2024-07-26 13:37:00,283.7,622.9
2024-07-26 13:38:00,283.7,616.1
2024-07-26 13:39:00,270.1,609.4
2024-07-26 13:40:00,270.1,599.2
2024-07-26 13:41:00,270.1,582.3
2024-07-26 13:42:00,256.6,562
2024-07-26 13:43:00,243.1,534.9
2024-07-26 13:44:00,229.6,514.6
2024-07-26 13:45:00,229.6,511.2
2024-07-26 13:46:00,229.6,511.2
2024-07-26 13:47:00,243.1,521.3
2024-07-26 13:48:00,243.1,534.9
2024-07-26 13:49:00,243.1,541.7
2024-07-26 13:50:00,243.1,545
2024-07-26 13:51:00,243.1,548.4
2024-07-26 13:52:00,256.6,555.2
2024-07-26 13:53:00,256.6,558.6
2024-07-26 13:54:00,256.6,562
2024-07-26 13:55:00,256.6,565.3
2024-07-26 13:56:00,256.6,568.7
2024-07-26 13:57:00,256.6,565.3
2024-07-26 13:58:00,256.6,558.6
2024-07-26 13:59:00,243.1,545
2024-07-26 14:00:00,243.1,528.1
2024-07-26 14:01:00,229.6,511.2
2024-07-26 14:02:00,222.9,494.3
2024-07-26 14:03:00,216.1,477.3
2024-07-26 14:04:00,202.6,463.8
2024-07-26 14:05:00,202.6,457
2024-07-26 14:06:00,202.6,457
2024-07-26 14:07:00,202.6,463.8
2024-07-26 14:08:00,216.1,470.6
2024-07-26 14:09:00,216.1,473.9
2024-07-26 14:10:00,216.1,473.9
2024-07-26 14:11:00,209.4,470.6
2024-07-26 14:12:00,202.6,463.8
2024-07-26 14:13:00,202.6,460.4
2024-07-26 14:14:00,202.6,460.4
2024-07-26 14:15:00,202.6,460.4
2024-07-26 14:16:00,202.6,460.4
2024-07-26 14:17:00,202.6,457
2024-07-26 14:18:00,202.6,453.6
2024-07-26 14:19:00,202.6,446.9
2024-07-26 14:20:00,195.9,443.5
2024-07-26 14:21:00,189.1,436.7
2024-07-26 14:22:00,189.1,436.7
2024-07-26 14:23:00,189.1,440.1
2024-07-26 14:24:00,202.6,445.2
2024-07-26 14:25:00,202.6,453.6
2024-07-26 14:26:00,202.6,457
2024-07-26 14:27:00,202.6,460.4
2024-07-26 14:28:00,202.6,460.4
2024-07-26 14:29:00,202.6,453.6
2024-07-26 14:30:00,195.9,446.9
2024-07-26 14:31:00,189.1,440.1
2024-07-26 14:32:00,189.1,436.7
2024-07-26 14:33:00,189.1,435
2024-07-26 14:34:00,189.1,436.7
2024-07-26 14:35:00,189.1,440.1
2024-07-26 14:36:00,189.1,443.5
2024-07-26 14:37:00,189.1,446.9
2024-07-26 14:38:00,202.6,450.2
2024-07-26 14:39:00,202.6,453.6
2024-07-26 14:40:00,202.6,460.4
2024-07-26 14:41:00,202.6,470.6
2024-07-26 14:42:00,216.1,480.7
2024-07-26 14:43:00,216.1,487.5
2024-07-26 14:44:00,216.1,494.3
2024-07-26 14:45:00,216.1,501
2024-07-26 14:46:00,216.1,507.8
2024-07-26 14:47:00,229.6,518
2024-07-26 14:48:00,229.6,524.7
2024-07-26 14:49:00,243.1,531.5
2024-07-26 14:50:00,243.1,531.5
2024-07-26 14:51:00,229.6,531.5
2024-07-26 14:52:00,229.6,524.7
2024-07-26 14:53:00,229.6,521.3
2024-07-26 14:54:00,229.6,518
2024-07-26 14:55:00,229.6,514.6
2024-07-26 14:56:00,229.6,514.6
2024-07-26 14:57:00,229.6,524.7
2024-07-26 14:58:00,229.6,528.1
2024-07-26 14:59:00,229.6,528.1
2024-07-26 15:00:00,229.6,528.1
2024-07-26 15:01:00,236.4,528.1
2024-07-26 15:02:00,243.1,526.4
2024-07-26 15:03:00,229.6,524.7
2024-07-26 15:04:00,229.6,521.3
2024-07-26 15:05:00,229.6,517.9
2024-07-26 15:06:00,229.6,511.2
2024-07-26 15:07:00,216.1,501
2024-07-26 15:08:00,216.1,487.5
2024-07-26 15:09:00,202.6,473.9
2024-07-26 15:10:00,189.1,460.4
2024-07-26 15:11:00,189.1,446.9
2024-07-26 15:12:00,189.1,436.7
2024-07-26 15:13:00,175.6,433.3
2024-07-26 15:14:00,175.6,429.9
2024-07-26 15:15:00,189.1,433.3
2024-07-26 15:16:00,189.1,440.1
2024-07-26 15:17:00,189.1,446.9
2024-07-26 15:18:00,189.1,457
2024-07-26 15:19:00,202.6,470.5
2024-07-26 15:20:00,202.6,480.7
2024-07-26 15:21:00,216.1,490.9
2024-07-26 15:22:00,216.1,501
2024-07-26 15:23:00,216.1,511.2
2024-07-26 15:24:00,229.6,521.3
2024-07-26 15:25:00,229.6,534.9
2024-07-26 15:26:00,243.1,545
2024-07-26 15:27:00,243.1,562
2024-07-26 15:28:00,256.6,582.3
2024-07-26 15:29:00,270.1,595.8
2024-07-26 15:30:00,270.1,606
2024-07-26 15:31:00,270.2,609.4
2024-07-26 15:32:00,270.2,616.1
2024-07-26 15:33:00,QCF,QCF
2024-07-26 15:34:00,297.2,633.1
2024-07-26 15:35:00,297.2,650
2024-07-26 15:36:00,310.7,673.7
2024-07-26 15:37:00,324.2,704.1
2024-07-26 15:38:00,351.2,734.6
2024-07-26 15:39:00,378.2,788.8
2024-07-26 15:40:00,391.7,816
2024-07-26 15:41:00,418.7,877
2024-07-26 15:42:00,459.3,934
2024-07-26 15:43:00,486.3,1016
2024-07-26 15:44:00,533.5,1104
2024-07-26 15:45:00,580.8,1205
2024-07-26 15:46:00,594.3,1236
2024-07-26 15:47:00,607.8,1256
2024-07-26 15:48:00,607.8,1256
2024-07-26 15:49:00,648.4,1341
2024-07-26 15:50:00,648.4,1354
2024-07-26 15:51:00,621.3,1300
2024-07-26 15:52:00,540.3,1124
2024-07-26 15:53:00,486.3,1026
2024-07-26 15:54:00,472.8,985
2024-07-26 15:55:00,445.7,934
2024-07-26 15:56:00,445.7,938
2024-07-26 15:57:00,486.3,1009
2024-07-26 15:58:00,567.3,1168
2024-07-26 15:59:00,567.3,1168
2024-07-26 16:00:00,439,917
2024-07-26 16:01:00,432.2,900
2024-07-26 16:02:00,445.7,951
2024-07-26 16:03:00,526.8,1097
2024-07-26 16:04:00,513.3,1063
2024-07-26 16:05:00,567.3,1151
2024-07-26 16:06:00,526.8,1095
2024-07-26 16:07:00,459.3,955
2024-07-26 16:08:00,418.7,884
2024-07-26 16:09:00,432.2,904
2024-07-26 16:10:00,466,965
2024-07-26 16:11:00,472.8,975
2024-07-26 16:12:00,499.8,1024
2024-07-26 16:13:00,452.5,934
2024-07-26 16:14:00,412,855
2024-07-26 16:15:00,405.2,836
2024-07-26 16:16:00,405.2,826
2024-07-26 16:17:00,405.2,836
2024-07-26 16:18:00,445.8,911
2024-07-26 16:19:00,506.5,1039
2024-07-26 16:20:00,432.3,877
2024-07-26 16:21:00,418.7,853
2024-07-26 16:22:00,405.2,826
2024-07-26 16:23:00,391.7,806
2024-07-26 16:24:00,378.2,782
2024-07-26 16:25:00,364.7,758.3
2024-07-26 16:26:00,351.2,738
2024-07-26 16:27:00,351.2,717.7
2024-07-26 16:28:00,337.7,700.8
2024-07-26 16:29:00,331,690.7
2024-07-26 16:30:00,324.2,683.9
2024-07-26 16:31:00,324.2,677.1
2024-07-26 16:32:00,324.2,673.7
2024-07-26 16:33:00,324.2,670.4
2024-07-26 16:34:00,310.7,663.6
2024-07-26 16:35:00,310.7,660.2
2024-07-26 16:36:00,310.7,663.6
2024-07-26 16:37:00,317.5,663.6
2024-07-26 16:38:00,324.2,667
2024-07-26 16:39:00,317.5,667
2024-07-26 16:40:00,324.2,663.6
2024-07-26 16:41:00,324.2,670.4
2024-07-26 16:42:00,324.2,677.1
2024-07-26 16:43:00,324.2,677.1
2024-07-26 16:44:00,324.2,670.4
2024-07-26 16:45:00,310.7,650.1
2024-07-26 16:46:00,297.2,629.7
2024-07-26 16:47:00,283.7,606
2024-07-26 16:48:00,270.2,582.3
2024-07-26 16:49:00,270.2,562
2024-07-26 16:50:00,256.7,541.7
2024-07-26 16:51:00,243.2,524.8
2024-07-26 16:52:00,243.2,514.6
2024-07-26 16:53:00,243.2,511.2
2024-07-26 16:54:00,QCF,QCF
2024-07-26 16:55:00,QCF,506.2
2024-07-26 16:56:00,QCF,QCF
2024-07-26 16:57:00,243.2,504.5
2024-07-26 16:58:00,229.7,494.3
2024-07-26 16:59:00,229.7,480.8
2024-07-26 17:00:00,216.1,467.2
2024-07-26 17:01:00,216.1,457.1
2024-07-26 17:02:00,209.4,453.7
2024-07-26 17:03:00,202.6,446.9
2024-07-26 17:04:00,202.6,446.9
2024-07-26 17:05:00,202.6,443.5
2024-07-26 17:06:00,202.6,440.1
2024-07-26 17:07:00,202.6,430
2024-07-26 17:08:00,189.1,419.8
2024-07-26 17:09:00,189.1,409.7
2024-07-26 17:10:00,189.1,399.5
2024-07-26 17:11:00,175.6,386
2024-07-26 17:12:00,175.6,392.7
2024-07-26 17:13:00,175.6,392.7
2024-07-26 17:14:00,175.6,392.7
2024-07-26 17:15:00,175.6,389.4
2024-07-26 17:16:00,175.6,382.6
2024-07-26 17:17:00,175.6,372.4
2024-07-26 17:18:00,162.1,365.6
2024-07-26 17:19:00,162.1,358.9
2024-07-26 17:20:00,162.1,352.1
2024-07-26 17:21:00,162.1,348.7
2024-07-26 17:22:00,162.1,345.3
2024-07-26 17:23:00,162.1,341.9
2024-07-26 17:24:00,148.6,338.6
2024-07-26 17:25:00,148.6,331.8
2024-07-26 17:26:00,148.6,331.8
2024-07-26 17:27:00,148.6,335.2
2024-07-26 17:28:00,148.6,338.6
2024-07-26 17:29:00,162.1,345.3
2024-07-26 17:30:00,162.1,348.7
2024-07-26 17:31:00,162.1,355.5
2024-07-26 17:32:00,162.1,352.1
2024-07-26 17:33:00,162.1,348.7
2024-07-26 17:34:00,162.1,345.3
2024-07-26 17:35:00,162.1,345.3
2024-07-26 17:36:00,162.1,345.3
2024-07-26 17:37:00,162.1,358.9
2024-07-26 17:38:00,175.6,374.1
2024-07-26 17:39:00,175.6,389.3
2024-07-26 17:40:00,189.1,406.3
2024-07-26 17:41:00,202.6,423.2
2024-07-26 17:42:00,202.6,443.5
2024-07-26 17:43:00,216.1,460.4
2024-07-26 17:44:00,229.6,474
2024-07-26 17:45:00,229.6,484.1
2024-07-26 17:46:00,229.6,487.5
2024-07-26 17:47:00,229.6,484.1
2024-07-26 17:48:00,229.6,474
2024-07-26 17:49:00,216.1,457
2024-07-26 17:50:00,202.6,431.7
2024-07-26 17:51:00,189.1,402.9
2024-07-26 17:52:00,175.6,372.4
2024-07-26 17:53:00,162.1,350.4
2024-07-26 17:54:00,148.6,335.2
2024-07-26 17:55:00,148.6,325
2024-07-26 17:56:00,148.6,325
2024-07-26 17:57:00,148.6,325
2024-07-26 17:58:00,148.6,330.1
2024-07-26 17:59:00,148.6,335.2
2024-07-26 18:00:00,162.1,338.6
2024-07-26 18:01:00,162.1,341.9
2024-07-26 18:02:00,162.1,345.3
2024-07-26 18:03:00,162.1,348.7
2024-07-26 18:04:00,162.1,352.1
2024-07-26 18:05:00,162.1,352.1
2024-07-26 18:06:00,162.1,352.1
2024-07-26 18:07:00,162.1,352.1
2024-07-26 18:08:00,162.1,352.1
2024-07-26 18:09:00,162.1,348.7
2024-07-26 18:10:00,162.1,345.3
2024-07-26 18:11:00,162.1,338.5
2024-07-26 18:12:00,155.3,331.8
2024-07-26 18:13:00,148.6,323.3
2024-07-26 18:14:00,148.6,314.8
2024-07-26 18:15:00,148.6,308.1
2024-07-26 18:16:00,148.6,304.7
2024-07-26 18:17:00,148.6,308.1
2024-07-26 18:18:00,135.1,301.3
2024-07-26 18:19:00,135.1,294.5
2024-07-26 18:20:00,135.1,294.5
2024-07-26 18:21:00,135.1,291.2
2024-07-26 18:22:00,135.1,291.2
2024-07-26 18:23:00,135.1,287.8
2024-07-26 18:24:00,135.1,284.4
2024-07-26 18:25:00,135.1,284.4
2024-07-26 18:26:00,135.1,284.4
2024-07-26 18:27:00,135.1,287.8
2024-07-26 18:28:00,135.1,284.4
2024-07-26 18:29:00,135.1,277.6
2024-07-26 18:30:00,121.6,274.2
2024-07-26 18:31:00,121.6,274.2
2024-07-26 18:32:00,121.6,274.2
2024-07-26 18:33:00,135.1,277.6
2024-07-26 18:34:00,135.1,277.6
2024-07-26 18:35:00,128.3,274.2
2024-07-26 18:36:00,121.6,267.5
2024-07-26 18:37:00,121.6,257.3
2024-07-26 18:38:00,108.1,247.1
2024-07-26 18:39:00,108.1,237
2024-07-26 18:40:00,108.1,226.8
2024-07-26 18:41:00,94.6,220
2024-07-26 18:42:00,94.6,213.3
2024-07-26 18:43:00,94.6,209.9
2024-07-26 18:44:00,94.6,206.5
2024-07-26 18:45:00,94.6,203.1
2024-07-26 18:46:00,94.6,203.1
2024-07-26 18:47:00,94.6,203.1
2024-07-26 18:48:00,94.6,203.1
2024-07-26 18:49:00,94.6,203.1
2024-07-26 18:50:00,94.6,203.1
2024-07-26 18:51:00,94.6,206.5
2024-07-26 18:52:00,94.6,209.9
2024-07-26 18:53:00,94.6,213.3
2024-07-26 18:54:00,94.6,213.3
2024-07-26 18:55:00,94.6,211.6
2024-07-26 18:56:00,94.6,208.2
2024-07-26 18:57:00,94.6,203.1
2024-07-26 18:58:00,87.8,193
2024-07-26 18:59:00,81,186.2
2024-07-26 19:00:00,81,182.8
2024-07-26 19:01:00,81,176
2024-07-26 19:02:00,81,172.6
2024-07-26 19:03:00,81,169.3
2024-07-26 19:04:00,81,165.9
2024-07-26 19:05:00,81,162.5
2024-07-26 19:06:00,81,159.1
2024-07-26 19:07:00,81,155.7
2024-07-26 19:08:00,81,149
2024-07-26 19:09:00,81,138.8
2024-07-26 19:10:00,67.54,128.6
2024-07-26 19:11:00,67.54,118.5
2024-07-26 19:12:00,54.03,110
2024-07-26 19:13:00,54.03,104.9
2024-07-26 19:14:00,54.03,98.2
2024-07-26 19:15:00,54.03,94.8
2024-07-26 19:16:00,54.03,94.8
2024-07-26 19:17:00,54.03,91.4
2024-07-26 19:18:00,54.03,91.4
2024-07-26 19:19:00,54.03,88
2024-07-26 19:20:00,40.52,84.6
2024-07-26 19:21:00,40.52,84.6
2024-07-26 19:22:00,40.52,81.2
2024-07-26 19:23:00,40.52,81.2
2024-07-26 19:24:00,40.52,77.86
2024-07-26 19:25:00,40.52,74.48
2024-07-26 19:26:00,40.52,71.09
2024-07-26 19:27:00,40.52,67.71
2024-07-26 19:28:00,40.52,67.71
2024-07-26 19:29:00,40.52,66.01
2024-07-26 19:30:00,40.52,67.71
2024-07-26 19:31:00,40.52,67.71
2024-07-26 19:32:00,40.52,67.71
2024-07-26 19:33:00,40.52,71.09
2024-07-26 19:34:00,40.52,72.78
2024-07-26 19:35:00,40.52,74.48
2024-07-26 19:36:00,40.52,76.17
2024-07-26 19:37:00,40.52,77.86
2024-07-26 19:38:00,40.52,77.86
2024-07-26 19:39:00,40.52,74.48
2024-07-26 19:40:00,40.52,71.09
2024-07-26 19:41:00,40.52,69.4
2024-07-26 19:42:00,40.52,67.7
2024-07-26 19:43:00,40.52,64.32
2024-07-26 19:44:00,40.52,60.93
2024-07-26 19:45:00,40.52,60.93
2024-07-26 19:46:00,40.52,60.93
2024-07-26 19:47:00,40.52,57.55
2024-07-26 19:48:00,40.52,57.55
2024-07-26 19:49:00,40.52,57.55
2024-07-26 19:50:00,33.77,54.16
2024-07-26 19:51:00,27.01,50.78
2024-07-26 19:52:00,27.01,44.01
2024-07-26 19:53:00,27.01,40.62
2024-07-26 19:54:00,27.01,37.24
2024-07-26 19:55:00,27.01,37.24
2024-07-26 19:56:00,27.01,33.85
2024-07-26 19:57:00,27.01,33.85
2024-07-26 19:58:00,27.01,33.85
2024-07-26 19:59:00,27.01,30.47
2024-07-26 20:00:00,QCF,30.47
2024-07-26 20:01:00,QCF,27.08
2024-07-26 20:02:00,QCF,27.08
2024-07-26 20:03:00,QCF,23.7
2024-07-26 20:04:00,QCF,23.7
2024-07-26 20:05:00,QCF,20.31
2024-07-26 20:06:00,QCF,20.31
2024-07-26 20:07:00,QCF,20.31
2024-07-26 20:08:00,QCF,16.93
2024-07-26 20:09:00,QCF,16.93
2024-07-26 20:10:00,QCF,16.93
2024-07-26 20:11:00,QCF,16.93
2024-07-26 20:12:00,QCF,15.23
2024-07-26 20:13:00,QCF,13.54
2024-07-26 20:14:00,QCF,13.54
2024-07-26 20:15:00,QCF,13.54
2024-07-26 20:16:00,QCF,10.16
2024-07-26 20:17:00,QCF,10.16
2024-07-26 20:18:00,QCF,10.16
2024-07-26 20:19:00,QCF,10.16
2024-07-26 20:20:00,QCF,6.77
2024-07-27 06:21:00,QCF,QCF
2024-07-27 06:22:00,QCF,6.77
2024-07-27 06:23:00,QCF,6.77
2024-07-27 06:24:00,QCF,6.77
2024-07-27 06:25:00,QCF,10.16
2024-07-27 06:26:00,QCF,10.16
2024-07-27 06:27:00,QCF,10.16
2024-07-27 06:28:00,QCF,10.16
2024-07-27 06:29:00,QCF,13.54
2024-07-27 06:30:00,QCF,13.54
2024-07-27 06:31:00,QCF,13.54
2024-07-27 06:32:00,QCF,13.54
2024-07-27 06:33:00,QCF,16.93
2024-07-27 06:34:00,QCF,16.93
2024-07-27 06:35:00,QCF,16.93
2024-07-27 06:36:00,QCF,20.31
2024-07-27 06:37:00,QCF,20.31
2024-07-27 06:38:00,QCF,20.31
2024-07-27 06:39:00,QCF,20.31
2024-07-27 06:40:00,QCF,20.31
2024-07-27 06:41:00,QCF,22
2024-07-27 06:42:00,QCF,23.7
2024-07-27 06:43:00,QCF,23.7
2024-07-27 06:44:00,QCF,25.39
2024-07-27 06:45:00,QCF,27.08
2024-07-27 06:46:00,20.26,27.08
2024-07-27 06:47:00,20.26,27.08
2024-07-27 06:48:00,27.01,27.08
2024-07-27 06:49:00,27.01,30.47
2024-07-27 06:50:00,27.01,30.47
2024-07-27 06:51:00,27.01,33.85
2024-07-27 06:52:00,27.01,33.85
2024-07-27 06:53:00,27.01,33.85
2024-07-27 06:54:00,27.01,37.24
2024-07-27 06:55:00,27.01,37.24
2024-07-27 06:56:00,27.01,37.24
2024-07-27 06:57:00,27.01,40.62
2024-07-27 06:58:00,27.01,40.62
2024-07-27 06:59:00,27.01,40.62
2024-07-27 07:00:00,27.01,40.62
2024-07-27 07:01:00,27.01,44.01
2024-07-27 07:02:00,27.01,44.01
2024-07-27 07:03:00,27.01,47.39
2024-07-27 07:04:00,27.01,47.39
2024-07-27 07:05:00,27.01,50.78
2024-07-27 07:06:00,27.01,57.55
2024-07-27 07:07:00,40.52,60.93
2024-07-27 07:08:00,40.52,64.32
2024-07-27 07:09:00,40.52,67.7
2024-07-27 07:10:00,40.52,67.7
2024-07-27 07:11:00,40.52,71.09
2024-07-27 07:12:00,40.52,71.09
2024-07-27 07:13:00,40.52,74.48
2024-07-27 07:14:00,40.52,77.86
2024-07-27 07:15:00,40.52,81.2
2024-07-27 07:16:00,40.52,84.6
2024-07-27 07:17:00,54.03,91.4
2024-07-27 07:18:00,54.03,94.8
2024-07-27 07:19:00,54.03,98.2
2024-07-27 07:20:00,54.03,98.2
2024-07-27 07:21:00,54.03,101.6
2024-07-27 07:22:00,54.03,104.9
2024-07-27 07:23:00,54.03,104.9
2024-07-27 07:24:00,54.03,104.9
2024-07-27 07:25:00,54.03,104.9
2024-07-27 07:26:00,54.03,104.9
2024-07-27 07:27:00,54.03,104.9
2024-07-27 07:28:00,54.03,104.9
2024-07-27 07:29:00,54.03,108.3
2024-07-27 07:30:00,54.03,108.3
2024-07-27 07:31:00,54.03,111.7
2024-07-27 07:32:00,54.03,115.1
2024-07-27 07:33:00,54.03,121.9
2024-07-27 07:34:00,54.03,125.3
2024-07-27 07:35:00,67.54,132
2024-07-27 07:36:00,67.54,142.2
2024-07-27 07:37:00,74.29,155.7
2024-07-27 07:38:00,81,169.3
2024-07-27 07:39:00,81,189.6
2024-07-27 07:40:00,121.6,240.4
2024-07-27 07:41:00,121.6,253.9
2024-07-27 07:42:00,108.1,243.7
2024-07-27 07:43:00,135.1,281
2024-07-27 07:44:00,108.1,253.9
2024-07-27 07:45:00,94.5,243.7
2024-07-27 07:46:00,101.3,257.3
2024-07-27 07:47:00,175.6,345.3
2024-07-27 07:48:00,189.1,360.5
2024-07-27 07:49:00,135.1,304.7
2024-07-27 07:50:00,189.1,372.4
2024-07-27 07:51:00,175.6,352.1
2024-07-27 07:52:00,162.1,348.7
2024-07-27 07:53:00,202.6,396.1
2024-07-27 07:54:00,202.6,391
2024-07-27 07:55:00,189.1,389.3
2024-07-27 07:56:00,189.1,379.1
2024-07-27 07:57:00,202.6,409.6
2024-07-27 07:58:00,216.1,423.2
2024-07-27 07:59:00,216.1,416.4
2024-07-27 08:00:00,148.6,338.5
2024-07-27 08:01:00,216.1,426.5
2024-07-27 08:02:00,216.1,426.5
2024-07-27 08:03:00,229.6,460.4
2024-07-27 08:04:00,236.4,473.9
2024-07-27 08:05:00,243.1,487.5
2024-07-27 08:06:00,243.1,494.2
2024-07-27 08:07:00,249.9,504.4
2024-07-27 08:08:00,222.9,473.9
2024-07-27 08:09:00,243.1,504.4
2024-07-27 08:10:00,243.1,507.8
2024-07-27 08:11:00,256.6,517.9
2024-07-27 08:12:00,256.6,517.9
2024-07-27 08:13:00,256.6,531.5
2024-07-27 08:14:00,243.1,517.9
2024-07-27 08:15:00,270.1,558.6
2024-07-27 08:16:00,283.6,565.3
2024-07-27 08:17:00,283.6,572.1
2024-07-27 08:18:00,283.6,575.5
2024-07-27 08:19:00,283.6,585.6
2024-07-27 08:20:00,283.6,590.7
2024-07-27 08:21:00,297.2,602.6
2024-07-27 08:22:00,297.2,606
2024-07-27 08:23:00,297.2,602.6
2024-07-27 08:24:00,297.2,619.5
2024-07-27 08:25:00,310.7,622.9
2024-07-27 08:26:00,310.7,633
2024-07-27 08:27:00,310.7,641.5
2024-07-27 08:28:00,324.2,650
2024-07-27 08:29:00,324.2,656.7
2024-07-27 08:30:00,324.2,660.1
2024-07-27 08:31:00,324.2,660.1
2024-07-27 08:32:00,283.6,582.3
2024-07-27 08:33:00,202.6,467.2
2024-07-27 08:34:00,216.1,480.7
2024-07-27 08:35:00,229.6,497.6
2024-07-27 08:36:00,276.9,575.5
2024-07-27 08:37:00,283.6,578.9
2024-07-27 08:38:00,256.6,545
2024-07-27 08:39:00,229.6,504.4
2024-07-27 08:40:00,256.6,548.4
2024-07-27 08:41:00,243.1,531.5
2024-07-27 08:42:00,256.6,558.6
2024-07-27 08:43:00,283.6,599.2
2024-07-27 08:44:00,256.6,551.8
2024-07-27 08:45:00,270.1,585.6
2024-07-27 08:46:00,256.6,568.7
2024-07-27 08:47:00,337.7,690.6
2024-07-27 08:48:00,324.2,656.7
2024-07-27 08:49:00,283.6,609.3
2024-07-27 08:50:00,303.9,633
2024-07-27 08:51:00,243.1,541.6
2024-07-27 08:52:00,256.6,565.3
2024-07-27 08:53:00,256.6,558.6
2024-07-27 08:54:00,337.7,707.5
2024-07-27 08:55:00,378.2,758.3
2024-07-27 08:56:00,391.7,782
2024-07-27 08:57:00,391.7,788.8
2024-07-27 08:58:00,405.2,809
2024-07-27 08:59:00,418.7,840
2024-07-27 09:00:00,418.7,841
2024-07-27 09:01:00,418.7,836
2024-07-27 09:02:00,418.7,843
2024-07-27 09:03:00,418.7,850
2024-07-27 09:04:00,432.2,862
2024-07-27 09:05:00,432.2,870
2024-07-27 09:06:00,432.2,870
2024-07-27 09:07:00,432.2,870
2024-07-27 09:08:00,432.2,880
2024-07-27 09:09:00,439,890
2024-07-27 09:10:00,445.7,900
2024-07-27 09:11:00,445.7,904
2024-07-27 09:12:00,445.7,911
2024-07-27 09:13:00,459.2,917
2024-07-27 09:14:00,459.2,914
2024-07-27 09:15:00,459.2,928
2024-07-27 09:16:00,459.2,931
2024-07-27 09:17:00,459.2,934
2024-07-27 09:18:00,472.7,944
2024-07-27 09:19:00,459.2,934
2024-07-27 09:20:00,297.2,690.6
2024-07-27 09:21:00,472.7,944
2024-07-27 09:22:00,486.3,982
2024-07-27 09:23:00,486.3,985
2024-07-27 09:24:00,486.3,978
2024-07-27 09:25:00,486.3,982
2024-07-27 09:26:00,499.8,1002
2024-07-27 09:27:00,499.8,1002
2024-07-27 09:28:00,466,951
2024-07-27 09:29:00,513.3,1022
2024-07-27 09:30:00,513.3,1032
2024-07-27 09:31:00,526.8,1049
2024-07-27 09:32:00,513.3,1029
2024-07-27 09:33:00,526.8,1049
2024-07-27 09:34:00,526.8,1056
2024-07-27 09:35:00,513.3,1032
2024-07-27 09:36:00,486.3,988
2024-07-27 09:37:00,513.3,1036
2024-07-27 09:38:00,540.3,1070
2024-07-27 09:39:00,540.3,1077
2024-07-27 09:40:00,540.3,1083
2024-07-27 09:41:00,526.8,1053
2024-07-27 09:42:00,553.8,1097
2024-07-27 09:43:00,553.8,1104
2024-07-27 09:44:00,553.8,1107
2024-07-27 09:45:00,553.8,1100
2024-07-27 09:46:00,567.3,1121
2024-07-27 09:47:00,567.3,1124
2024-07-27 09:48:00,567.3,1127
2024-07-27 09:49:00,567.3,1127
2024-07-27 09:50:00,567.3,1115
2024-07-27 09:51:00,567.3,1114
2024-07-27 09:52:00,540.3,1083
2024-07-27 09:53:00,567.3,1107
2024-07-27 09:54:00,553.8,1105
2024-07-27 09:55:00,553.8,1097
2024-07-27 09:56:00,580.8,1148
2024-07-27 09:57:00,580.8,1141
2024-07-27 09:58:00,594.3,1163
2024-07-27 09:59:00,607.8,1198
2024-07-27 10:00:00,621.3,1222
2024-07-27 10:01:00,621.3,1215
2024-07-27 10:02:00,607.8,1202
2024-07-27 10:03:00,621.3,1205
2024-07-27 10:04:00,675.4,1286
2024-07-27 10:05:00,540.3,1070
2024-07-27 10:06:00,675.4,1278
2024-07-27 10:07:00,432.2,900
2024-07-27 10:08:00,445.7,921
2024-07-27 10:09:00,769.9,1408
2024-07-27 10:10:00,378.2,806
2024-07-27 10:11:00,567.3,1127
2024-07-27 10:12:00,270.1,639.8
2024-07-27 10:13:00,756.4,1395
2024-07-27 10:14:00,621.3,1212
2024-07-27 10:15:00,769.9,1429
2024-07-27 10:16:00,729.4,1378
2024-07-27 10:17:00,405.2,887
2024-07-27 10:18:00,621.3,1215
2024-07-27 10:19:00,769.9,1459
2024-07-27 10:20:00,783.4,1469
2024-07-27 10:21:00,702.4,1334
2024-07-27 10:22:00,324.2,758.3
2024-07-27 10:23:00,445.7,951
2024-07-27 10:24:00,351.2,806
2024-07-27 10:25:00,486.3,1029
2024-07-27 10:26:00,715.9,1368
2024-07-27 10:27:00,702.4,1351
2024-07-27 10:28:00,715.9,1381
2024-07-27 10:29:00,742.9,1437
2024-07-27 10:30:00,729.4,1402
2024-07-27 10:31:00,310.7,748.1
2024-07-27 10:32:00,472.8,1033
2024-07-27 10:33:00,756.4,1442
2024-07-27 10:34:00,756.4,1437
2024-07-27 10:35:00,742.9,1429
2024-07-27 10:36:00,756.4,1446
2024-07-27 10:37:00,621.3,1239
2024-07-27 10:38:00,418.7,924
2024-07-27 10:39:00,675.4,1329
2024-07-27 10:40:00,756.4,1449
2024-07-27 10:41:00,351.2,836
2024-07-27 10:42:00,742.9,1446
2024-07-27 10:43:00,729.4,1418
2024-07-27 10:44:00,729.4,1415
2024-07-27 10:45:00,729.4,1422
2024-07-27 10:46:00,729.4,1422
2024-07-27 10:47:00,729.4,1402
2024-07-27 10:48:00,729.4,1405
2024-07-27 10:49:00,756.4,1466
2024-07-27 10:50:00,729.4,1425
2024-07-27 10:51:00,756.4,1469
2024-07-27 10:52:00,756.4,1469
2024-07-27 10:53:00,736.1,1432
2024-07-27 10:54:00,742.9,1459
2024-07-27 10:55:00,742.9,1461
2024-07-27 10:56:00,756.4,1473
2024-07-27 10:57:00,756.4,1496
2024-07-27 10:58:00,742.9,1462
2024-07-27 10:59:00,749.7,1466
2024-07-27 11:00:00,742.9,1446
2024-07-27 11:01:00,756.4,1476
2024-07-27 11:02:00,756.4,1493
2024-07-27 11:03:00,756.4,1490
2024-07-27 11:04:00,756.4,1493
2024-07-27 11:05:00,756.4,1469
2024-07-27 11:06:00,756.4,1490
2024-07-27 11:07:00,769.9,1517
2024-07-27 11:08:00,769.9,1510
2024-07-27 11:09:00,769.9,1513
2024-07-27 11:10:00,769.9,1517
2024-07-27 11:11:00,783.4,1520
2024-07-27 11:12:00,783.4,1520
2024-07-27 11:13:00,769.9,1503
2024-07-27 11:14:00,783.4,1537
2024-07-27 11:15:00,797,1542
2024-07-27 11:16:00,783.5,1523
2024-07-27 11:17:00,756.4,1476
2024-07-27 11:18:00,797,1551
2024-07-27 11:19:00,797,1540
2024-07-27 11:20:00,797,1547
2024-07-27 11:21:00,797,1557
2024-07-27 11:22:00,797,1551
2024-07-27 11:23:00,810,1571
2024-07-27 11:24:00,810,1564
2024-07-27 11:25:00,810,1566
2024-07-27 11:26:00,810,1561
2024-07-27 11:27:00,810,1564
2024-07-27 11:28:00,810,1578
2024-07-27 11:29:00,824,1594
2024-07-27 11:30:00,810,1576
2024-07-27 11:31:00,831,1605
2024-07-27 11:32:00,824,1601
2024-07-27 11:33:00,838,1618
2024-07-27 11:34:00,838,1628
2024-07-27 11:35:00,838,1635
2024-07-27 11:36:00,851,1652
2024-07-27 11:37:00,851,1645
2024-07-27 11:38:00,858,1669
2024-07-27 11:39:00,865,1672
2024-07-27 11:40:00,865,1676
2024-07-27 11:41:00,865,1678
2024-07-27 11:42:00,865,1678
2024-07-27 11:43:00,865,1671
2024-07-27 11:44:00,865,1686
2024-07-27 11:45:00,865,1693
2024-07-27 11:46:00,865,1689
2024-07-27 11:47:00,878,1700
2024-07-27 11:48:00,878,1708
2024-07-27 11:49:00,878,1703
2024-07-27 11:50:00,878,1710
2024-07-27 11:51:00,878,1711
2024-07-27 11:52:00,878,1706
2024-07-27 11:53:00,878,1706
2024-07-27 11:54:00,878,1713
2024-07-27 11:55:00,878,1717
2024-07-27 11:56:00,878,1713
2024-07-27 11:57:00,892,1723
2024-07-27 11:58:00,892,1727
2024-07-27 11:59:00,892,1727
2024-07-27 12:00:00,892,1717
2024-07-27 12:01:00,892,1713
2024-07-27 12:02:00,892,1720
2024-07-27 12:03:00,892,1730
2024-07-27 12:04:00,892,1730
2024-07-27 12:05:00,892,1733
2024-07-27 12:06:00,905,1737
2024-07-27 12:07:00,905,1740
2024-07-27 12:08:00,905,1747
2024-07-27 12:09:00,905,1761
2024-07-27 12:10:00,905,1754
2024-07-27 12:11:00,905,1754
2024-07-27 12:12:00,905,1750
2024-07-27 12:13:00,905,1754
2024-07-27 12:14:00,905,1754
2024-07-27 12:15:00,905,1754
2024-07-27 12:16:00,905,1754
2024-07-27 12:17:00,905,1761
2024-07-27 12:18:00,919,1771
2024-07-27 12:19:00,919,1761
2024-07-27 12:20:00,919,1767
2024-07-27 12:21:00,919,1771
2024-07-27 12:22:00,919,1772
2024-07-27 12:23:00,919,1774
2024-07-27 12:24:00,919,1774
2024-07-27 12:25:00,919,1777
2024-07-27 12:26:00,919,1784
2024-07-27 12:27:00,919,1788
2024-07-27 12:28:00,925,1784
2024-07-27 12:29:00,919,1781
2024-07-27 12:30:00,919,1783
2024-07-27 12:31:00,919,1788
2024-07-27 12:32:00,919,1781
2024-07-27 12:33:00,919,1779
2024-07-27 12:34:00,919,1788
2024-07-27 12:35:00,932,1791
2024-07-27 12:36:00,932,1801
2024-07-27 12:37:00,932,1801
2024-07-27 12:38:00,932,1798
2024-07-27 12:39:00,932,1805
2024-07-27 12:40:00,932,1801
2024-07-27 12:41:00,932,1805
2024-07-27 12:42:00,932,1801
2024-07-27 12:43:00,932,1805
2024-07-27 12:44:00,932,1808
2024-07-27 12:45:00,932,1805
2024-07-27 12:46:00,932,1808
2024-07-27 12:47:00,932,1811
2024-07-27 12:48:00,946,1811
2024-07-27 12:49:00,946,1816
2024-07-27 12:50:00,946,1818
2024-07-27 12:51:00,946,1815
2024-07-27 12:52:00,946,1825
2024-07-27 12:53:00,946,1822
2024-07-27 12:54:00,946,1822
2024-07-27 12:55:00,946,1813
2024-07-27 12:56:00,946,1816
2024-07-27 12:57:00,946,1815
2024-07-27 12:58:00,946,1818
2024-07-27 12:59:00,946,1822
2024-07-27 13:00:00,946,1818
2024-07-27 13:01:00,946,1815
2024-07-27 13:02:00,946,1818
2024-07-27 13:03:00,946,1825
2024-07-27 13:04:00,946,1832
2024-07-27 13:05:00,946,1838
2024-07-27 13:06:00,946,1833
2024-07-27 13:07:00,946,1827
2024-07-27 13:08:00,946,1828
2024-07-27 13:09:00,946,1835
2024-07-27 13:10:00,946,1825
2024-07-27 13:11:00,946,1832
2024-07-27 13:12:00,946,1842
2024-07-27 13:13:00,946,1825
2024-07-27 13:14:00,946,1835
2024-07-27 13:15:00,946,1842
2024-07-27 13:16:00,946,1840
2024-07-27 13:17:00,946,1842
2024-07-27 13:18:00,946,1842
2024-07-27 13:19:00,952,1849
2024-07-27 13:20:00,946,1835
2024-07-27 13:21:00,946,1840
2024-07-27 13:22:00,946,1844
2024-07-27 13:23:00,946,1838
2024-07-27 13:24:00,946,1838
2024-07-27 13:25:00,946,1837
2024-07-27 13:26:00,946,1820
2024-07-27 13:27:00,946,1832
2024-07-27 13:28:00,946,1825
2024-07-27 13:29:00,946,1835
2024-07-27 13:30:00,946,1840
2024-07-27 13:31:00,946,1835
2024-07-27 13:32:00,946,1835
2024-07-27 13:33:00,946,1822
2024-07-27 13:34:00,946,1820
2024-07-27 13:35:00,946,1828
2024-07-27 13:36:00,932,1820
2024-07-27 13:37:00,932,1808
2024-07-27 13:38:00,932,1818
2024-07-27 13:39:00,946,1825
2024-07-27 13:40:00,946,1832
2024-07-27 13:41:00,946,1822
2024-07-27 13:42:00,932,1822
2024-07-27 13:43:00,946,1825
2024-07-27 13:44:00,946,1822
2024-07-27 13:45:00,946,1822
2024-07-27 13:46:00,932,1815
2024-07-27 13:47:00,932,1815
2024-07-27 13:48:00,932,1820
2024-07-27 13:49:00,932,1815
2024-07-27 13:50:00,932,1818
2024-07-27 13:51:00,932,1818
2024-07-27 13:52:00,932,1815
2024-07-27 13:53:00,932,1808
2024-07-27 13:54:00,919,1798
2024-07-27 13:55:00,919,1798
2024-07-27 13:56:00,932,1796
2024-07-27 13:57:00,932,1805
2024-07-27 13:58:00,932,1808
2024-07-27 13:59:00,932,1808
2024-07-27 14:00:00,932,1805
2024-07-27 14:01:00,919,1803
2024-07-27 14:02:00,919,1798
2024-07-27 14:03:00,919,1788
2024-07-27 14:04:00,919,1781
2024-07-27 14:05:00,919,1784
2024-07-27 14:06:00,919,1778
2024-07-27 14:07:00,919,1781
2024-07-27 14:08:00,919,1781
2024-07-27 14:09:00,919,1791
2024-07-27 14:10:00,919,1784
2024-07-27 14:11:00,919,1783
2024-07-27 14:12:00,919,1781
2024-07-27 14:13:00,919,1767
2024-07-27 14:14:00,905,1761
2024-07-27 14:15:00,905,1761
2024-07-27 14:16:00,905,1757
2024-07-27 14:17:00,905,1750
2024-07-27 14:18:00,905,1754
2024-07-27 14:19:00,905,1756
2024-07-27 14:20:00,905,1754
2024-07-27 14:21:00,905,1749
2024-07-27 14:22:00,898,1744
2024-07-27 14:23:00,892,1740
2024-07-27 14:24:00,851,1666
2024-07-27 14:25:00,892,1727
2024-07-27 14:26:00,892,1712
2024-07-27 14:27:00,919,1761
2024-07-27 14:28:00,885,1725
2024-07-27 14:29:00,243.2,677.2
2024-07-27 14:30:00,594.4,1266
2024-07-27 14:31:00,919,1752
2024-07-27 14:32:00,905,1747
2024-07-27 14:33:00,905,1757
2024-07-27 14:34:00,905,1761
2024-07-27 14:35:00,919,1767
2024-07-27 14:36:00,905,1754
2024-07-27 14:37:00,905,1757
2024-07-27 14:38:00,905,1742
2024-07-27 14:39:00,892,1730
2024-07-27 14:40:00,892,1730
2024-07-27 14:41:00,905,1740
2024-07-27 14:42:00,905,1742
2024-07-27 14:43:00,905,1747
2024-07-27 14:44:00,905,1761
2024-07-27 14:45:00,905,1764
2024-07-27 14:46:00,919,1771
2024-07-27 14:47:00,580.9,1249
2024-07-27 14:48:00,932,1776
2024-07-27 14:49:00,946,1811
2024-07-27 14:50:00,689,1403
2024-07-27 14:51:00,263.4,694.1
2024-07-27 14:52:00,905,1728
2024-07-27 14:53:00,898,1730
2024-07-27 14:54:00,905,1740
2024-07-27 14:55:00,919,1764
2024-07-27 14:56:00,919,1774
2024-07-27 14:57:00,946,1781
2024-07-27 14:58:00,432.3,962
2024-07-27 14:59:00,283.7,700.9
2024-07-27 15:00:00,256.7,633.1
2024-07-27 15:01:00,607.9,1212
2024-07-27 15:02:00,932,1706
2024-07-27 15:03:00,351.2,787.2
2024-07-27 15:04:00,243.2,582.4
2024-07-27 15:05:00,243.2,595.9
2024-07-27 15:06:00,243.2,592.5
2024-07-27 15:07:00,243.2,602.7
2024-07-27 15:08:00,892,1696
2024-07-27 15:09:00,878,1673
2024-07-27 15:10:00,878,1659
2024-07-27 15:11:00,878,1676
2024-07-27 15:12:00,878,1686
2024-07-27 15:13:00,878,1693
2024-07-27 15:14:00,885,1693
2024-07-27 15:15:00,878,1693
2024-07-27 15:16:00,878,1676
2024-07-27 15:17:00,878,1673
2024-07-27 15:18:00,878,1671
2024-07-27 15:19:00,878,1669
2024-07-27 15:20:00,878,1673
2024-07-27 15:21:00,865,1673
2024-07-27 15:22:00,865,1646
2024-07-27 15:23:00,865,1666
2024-07-27 15:24:00,851,1646
2024-07-27 15:25:00,838,1635
2024-07-27 15:26:00,838,1632
2024-07-27 15:27:00,838,1617
2024-07-27 15:28:00,824,1608
2024-07-27 15:29:00,824,1598
2024-07-27 15:30:00,817,1598
2024-07-27 15:31:00,824,1601
2024-07-27 15:32:00,824,1595
2024-07-27 15:33:00,594.4,1236
2024-07-27 15:34:00,838,1618
2024-07-27 15:35:00,824,1601
2024-07-27 15:36:00,824,1598
2024-07-27 15:37:00,824,1598
2024-07-27 15:38:00,270.2,704.2
2024-07-27 15:39:00,811,1561
2024-07-27 15:40:00,270.2,714.4
2024-07-27 15:41:00,797.1,1544
2024-07-27 15:42:00,797.1,1534
2024-07-27 15:43:00,783.5,1520
2024-07-27 15:44:00,783.5,1503
2024-07-27 15:45:00,770,1497
2024-07-27 15:46:00,770,1490
2024-07-27 15:47:00,770,1480
2024-07-27 15:48:00,763.3,1473
2024-07-27 15:49:00,756.5,1473
2024-07-27 15:50:00,756.5,1469
2024-07-27 15:51:00,756.5,1466
2024-07-27 15:52:00,756.5,1468
2024-07-27 15:53:00,756.5,1463
2024-07-27 15:54:00,756.5,1473
2024-07-27 15:55:00,756.5,1456
2024-07-27 15:56:00,756.5,1453
2024-07-27 15:57:00,756.5,1446
2024-07-27 15:58:00,749.8,1442
2024-07-27 15:59:00,729.5,1422
2024-07-27 16:00:00,729.5,1415
2024-07-27 16:01:00,729.5,1415
2024-07-27 16:02:00,729.5,1395
2024-07-27 16:03:00,729.5,1398
2024-07-27 16:04:00,716,1397
2024-07-27 16:05:00,729.5,1398
2024-07-27 16:06:00,716,1395
2024-07-27 16:07:00,716,1395
2024-07-27 16:08:00,716,1395
2024-07-27 16:09:00,702.5,1386
2024-07-27 16:10:00,702.5,1385
2024-07-27 16:11:00,702.5,1378
2024-07-27 16:12:00,702.5,1371
2024-07-27 16:13:00,702.5,1364
2024-07-27 16:14:00,695.7,1354
2024-07-27 16:15:00,689,1344
2024-07-27 16:16:00,689,1344
2024-07-27 16:17:00,689,1341
2024-07-27 16:18:00,682.2,1334
2024-07-27 16:19:00,675.5,1331
2024-07-27 16:20:00,675.5,1331
2024-07-27 16:21:00,675.5,1324
2024-07-27 16:22:00,675.5,1314
2024-07-27 16:23:00,662,1307
2024-07-27 16:24:00,662,1297
2024-07-27 16:25:00,662,1283
2024-07-27 16:26:00,648.5,1273
2024-07-27 16:27:00,648.5,1256
2024-07-27 16:28:00,648.5,1260
2024-07-27 16:29:00,648.5,1251
2024-07-27 16:30:00,634.9,1239
2024-07-27 16:31:00,634.9,1239
2024-07-27 16:32:00,634.9,1239
2024-07-27 16:33:00,634.9,1232
2024-07-27 16:34:00,621.4,1226
2024-07-27 16:35:00,621.4,1219
2024-07-27 16:36:00,621.4,1212
2024-07-27 16:37:00,621.4,1216
2024-07-27 16:38:00,621.4,1222
2024-07-27 16:39:00,634.9,1226
2024-07-27 16:40:00,634.9,1224
2024-07-27 16:41:00,621.4,1209
2024-07-27 16:42:00,621.4,1202
2024-07-27 16:43:00,607.9,1187
2024-07-27 16:44:00,607.9,1182
2024-07-27 16:45:00,607.9,1178
2024-07-27 16:46:00,607.9,1178
2024-07-27 16:47:00,607.9,1175
2024-07-27 16:48:00,607.9,1171
2024-07-27 16:49:00,594.4,1155
2024-07-27 16:50:00,594.4,1155
2024-07-27 16:51:00,607.9,1156
2024-07-27 16:52:00,607.9,1151
2024-07-27 16:53:00,607.9,1146
2024-07-27 16:54:00,607.9,1146
2024-07-27 16:55:00,594.4,1134
2024-07-27 16:56:00,594.4,1117
2024-07-27 16:57:00,202.6,535
2024-07-27 16:58:00,216.2,555.3
2024-07-27 16:59:00,567.4,1077
2024-07-27 17:00:00,553.9,1046
2024-07-27 17:01:00,540.4,1019
2024-07-27 17:02:00,540.4,1039
2024-07-27 17:03:00,540.4,1029
2024-07-27 17:04:00,526.9,1007
2024-07-27 17:05:00,526.9,999
2024-07-27 17:06:00,526.9,1012
2024-07-27 17:07:00,533.6,1019
2024-07-27 17:08:00,513.4,1002
2024-07-27 17:09:00,513.4,995
2024-07-27 17:10:00,513.4,999
2024-07-27 17:11:00,513.4,995
2024-07-27 17:12:00,526.9,1002
2024-07-27 17:13:00,526.9,1009
2024-07-27 17:14:00,540.4,1019
2024-07-27 17:15:00,540.4,1016
2024-07-27 17:16:00,553.9,1009
2024-07-27 17:17:00,553.9,999
2024-07-27 17:18:00,547.1,979
2024-07-27 17:19:00,540.4,951
2024-07-27 17:20:00,499.8,874
2024-07-27 17:21:00,405.3,755
2024-07-27 17:22:00,270.2,562
2024-07-27 17:23:00,202.6,457.1
2024-07-27 17:24:00,513.4,897
2024-07-27 17:25:00,513.4,904
2024-07-27 17:26:00,243.2,514.6
2024-07-27 17:27:00,229.7,504.5
2024-07-27 17:28:00,202.6,463.9
2024-07-27 17:29:00,175.6,413.1
2024-07-27 17:30:00,162.1,399.5
2024-07-27 17:31:00,162.1,396.1
2024-07-27 17:32:00,189.1,433.4
2024-07-27 17:33:00,155.4,389.4
2024-07-27 17:34:00,175.6,419.8
2024-07-27 17:35:00,162.1,389.4
2024-07-27 17:36:00,162.1,397.8
2024-07-27 17:37:00,162.1,402.9
2024-07-27 17:38:00,148.6,375.8
2024-07-27 17:39:00,135.1,369.1
2024-07-27 17:40:00,135.1,362.3
2024-07-27 17:41:00,135.1,369.1
2024-07-27 17:42:00,162.1,396.1
2024-07-27 17:43:00,135.1,365.7
2024-07-27 17:44:00,229.7,453.7
2024-07-27 17:45:00,135.1,372.4
2024-07-27 17:46:00,202.6,416.5
2024-07-27 17:47:00,378.3,457.1
2024-07-27 17:48:00,175.6,369.1
2024-07-27 17:49:00,202.6,362.3
2024-07-27 17:50:00,121.6,355.5
2024-07-27 17:51:00,121.6,352.1
2024-07-27 17:52:00,121.6,355.5
2024-07-27 17:53:00,351.2,365.7
2024-07-27 17:54:00,351.2,365.7
2024-07-27 17:55:00,324.2,362.3
2024-07-27 17:56:00,270.2,352.1
2024-07-27 17:57:00,256.7,355.5
2024-07-27 17:58:00,216.2,355.5
2024-07-27 17:59:00,175.6,355.5
2024-07-27 18:00:00,121.6,352.1
2024-07-27 18:01:00,121.6,348.7
2024-07-27 18:02:00,121.6,342
2024-07-27 18:03:00,121.6,343.7
2024-07-27 18:04:00,121.6,348.7
2024-07-27 18:05:00,121.6,348.7
2024-07-27 18:06:00,121.6,348.7
2024-07-27 18:07:00,121.6,345.4
2024-07-27 18:08:00,121.6,350.4
2024-07-27 18:09:00,121.6,348.7
2024-07-27 18:10:00,121.6,348.7
2024-07-27 18:11:00,121.6,348.7
2024-07-27 18:12:00,121.6,345.4
2024-07-27 18:13:00,121.6,342
2024-07-27 18:14:00,121.6,342
2024-07-27 18:15:00,121.6,335.2
2024-07-27 18:16:00,121.6,338.6
2024-07-27 18:17:00,121.6,335.2
2024-07-27 18:18:00,121.6,335.2
2024-07-27 18:19:00,121.6,321.7
2024-07-27 18:20:00,148.6,328.4
2024-07-27 18:21:00,175.6,331.8
2024-07-27 18:22:00,108.1,291.2
2024-07-27 18:23:00,94.6,284.4
2024-07-27 18:24:00,94.6,270.9
2024-07-27 18:25:00,94.6,267.5
2024-07-27 18:26:00,94.6,274.3
2024-07-27 18:27:00,94.6,281
2024-07-27 18:28:00,94.6,287.8
2024-07-27 18:29:00,108.1,294.6
2024-07-27 18:30:00,229.7,321.7
2024-07-27 18:31:00,175.6,306.4
2024-07-27 18:32:00,121.6,298
2024-07-27 18:33:00,108.1,294.6
2024-07-27 18:34:00,108.1,291.2
2024-07-27 18:35:00,121.6,291.2
2024-07-27 18:36:00,175.6,287.8
2024-07-27 18:37:00,202.6,284.4
2024-07-27 18:38:00,216.2,284.4
2024-07-27 18:39:00,216.2,294.6
2024-07-27 18:40:00,202.6,318.3
2024-07-27 18:41:00,202.6,348.7
2024-07-27 18:42:00,202.6,369.1
2024-07-27 18:43:00,202.6,374.1
2024-07-27 18:44:00,202.6,369.1
2024-07-27 18:45:00,202.6,369.1
2024-07-27 18:46:00,202.6,362.3
2024-07-27 18:47:00,189.1,355.5
2024-07-27 18:48:00,189.1,352.1
2024-07-27 18:49:00,189.1,352.1
2024-07-27 18:50:00,189.1,348.7
2024-07-27 18:51:00,189.1,345.4
2024-07-27 18:52:00,189.1,342
2024-07-27 18:53:00,175.6,335.2
2024-07-27 18:54:00,175.6,331.8
2024-07-27 18:55:00,175.6,328.4
2024-07-27 18:56:00,175.6,323.3
2024-07-27 18:57:00,175.6,321.7
2024-07-27 18:58:00,162.1,314.9
2024-07-27 18:59:00,148.6,308.1
2024-07-27 19:00:00,108.1,304.7
2024-07-27 19:01:00,81.1,294.6
2024-07-27 19:02:00,81.1,291.2
2024-07-27 19:03:00,81.1,284.4
2024-07-27 19:04:00,81.1,253.9
2024-07-27 19:05:00,81.1,274.3
2024-07-27 19:06:00,108.1,267.5
2024-07-27 19:07:00,135.1,264.1
2024-07-27 19:08:00,135.1,257.3
2024-07-27 19:09:00,121.6,250.6
2024-07-27 19:10:00,135.1,250.6
2024-07-27 19:11:00,121.6,240.4
2024-07-27 19:12:00,81.1,189.6
2024-07-27 19:13:00,81.1,203.1
2024-07-27 19:14:00,94.6,213.3
2024-07-27 19:15:00,81.1,203.1
2024-07-27 19:16:00,121.6,223.5
2024-07-27 19:17:00,108.1,216.7
2024-07-27 19:18:00,108.1,213.3
2024-07-27 19:19:00,108.1,209.9
2024-07-27 19:20:00,108.1,206.5
2024-07-27 19:21:00,108.1,203.1
2024-07-27 19:22:00,108.1,196.4
2024-07-27 19:23:00,108.1,182.8
2024-07-27 19:24:00,94.6,162.5
2024-07-27 19:25:00,94.6,152.4
2024-07-27 19:26:00,94.6,149
2024-07-27 19:27:00,94.6,152.4
2024-07-27 19:28:00,81.1,159.1
2024-07-27 19:29:00,81.1,162.5
2024-07-27 19:30:00,81.1,155.7
2024-07-27 19:31:00,67.55,152.4
2024-07-27 19:32:00,54.04,145.6
2024-07-27 19:33:00,54.04,142.2
2024-07-27 19:34:00,67.55,135.4
2024-07-27 19:35:00,81.1,132
2024-07-27 19:36:00,81.1,128.7
2024-07-27 19:37:00,81.1,121.9
2024-07-27 19:38:00,67.55,118.5
2024-07-27 19:39:00,54.04,115.1
2024-07-27 19:40:00,54.04,108.3
2024-07-27 19:41:00,54.04,105
2024-07-27 19:42:00,67.55,101.6
2024-07-27 19:43:00,67.55,98.2
2024-07-27 19:44:00,67.55,91.4
2024-07-27 19:45:00,60.79,84.6
2024-07-27 19:46:00,54.04,81.3
2024-07-27 19:47:00,54.04,81.3
2024-07-27 19:48:00,54.04,81.3
2024-07-27 19:49:00,54.04,77.87
2024-07-27 19:50:00,54.04,74.49
2024-07-27 19:51:00,54.04,71.1
2024-07-27 19:52:00,40.53,67.72
2024-07-27 19:53:00,40.53,64.33
2024-07-27 19:54:00,40.53,60.94
2024-07-27 19:55:00,40.53,57.56
2024-07-27 19:56:00,40.53,57.56
2024-07-27 19:57:00,40.53,54.17
2024-07-27 19:58:00,40.53,50.79
2024-07-27 19:59:00,27.02,47.4
2024-07-27 20:00:00,27.02,44.02
2024-07-27 20:01:00,27.02,44.02
2024-07-27 20:02:00,27.02,40.63
2024-07-27 20:03:00,27.02,37.24
2024-07-27 20:04:00,27.02,33.86
2024-07-27 20:05:00,27.02,30.47
2024-07-27 20:06:00,27.02,30.47
2024-07-27 20:07:00,QCF,27.09
2024-07-27 20:08:00,QCF,25.39
2024-07-27 20:09:00,QCF,23.7
2024-07-27 20:10:00,QCF,20.31
2024-07-27 20:11:00,QCF,20.31
2024-07-27 20:12:00,QCF,20.31
2024-07-27 20:13:00,QCF,20.31
2024-07-27 20:14:00,QCF,16.93
2024-07-27 20:15:00,QCF,16.93
2024-07-27 20:16:00,QCF,13.54
2024-07-27 20:17:00,QCF,13.54
2024-07-27 20:18:00,QCF,13.54
2024-07-27 20:19:00,QCF,QCF
2024-08-02 06:26:00,QCF,QCF
2024-08-02 06:27:00,QCF,10.16
2024-08-02 06:28:00,QCF,11.85
2024-08-02 06:29:00,QCF,13.54
2024-08-02 06:30:00,QCF,13.54
2024-08-02 06:31:00,QCF,16.93
2024-08-02 06:32:00,QCF,16.93
2024-08-02 06:33:00,QCF,16.93
2024-08-02 06:34:00,QCF,16.93
2024-08-02 06:35:00,QCF,20.31
2024-08-02 06:36:00,QCF,20.31
2024-08-02 06:37:00,QCF,20.31
2024-08-02 06:38:00,QCF,20.31
2024-08-02 06:39:00,QCF,22
2024-08-02 06:40:00,QCF,23.7
2024-08-02 06:41:00,QCF,27.08
2024-08-02 06:42:00,27.01,30.47
2024-08-02 06:43:00,27.01,30.47
2024-08-02 06:44:00,27.01,33.85
2024-08-02 06:45:00,27.01,37.24
2024-08-02 06:46:00,27.01,40.62
2024-08-02 06:47:00,27.01,40.62
2024-08-02 06:48:00,27.01,44.01
2024-08-02 06:49:00,33.77,47.39
2024-08-02 06:50:00,40.52,50.78
2024-08-02 06:51:00,40.52,54.16
2024-08-02 06:52:00,40.52,57.55
2024-08-02 06:53:00,40.52,60.93
2024-08-02 06:54:00,40.52,64.32
2024-08-02 06:55:00,40.52,64.32
2024-08-02 06:56:00,40.52,67.7
2024-08-02 06:57:00,40.52,71.09
2024-08-02 06:58:00,40.52,74.48
2024-08-02 06:59:00,40.52,77.86
2024-08-02 07:00:00,40.52,81.2
2024-08-02 07:01:00,54.03,81.2
2024-08-02 07:02:00,54.03,84.6
2024-08-02 07:03:00,54.03,88
2024-08-02 07:04:00,54.03,91.4
2024-08-02 07:05:00,54.03,94.8
2024-08-02 07:06:00,54.03,98.2
2024-08-02 07:07:00,54.03,101.6
2024-08-02 07:08:00,54.03,104.9
2024-08-02 07:09:00,54.03,108.3
2024-08-02 07:10:00,67.54,113.4
2024-08-02 07:11:00,67.54,118.5
2024-08-02 07:12:00,67.54,121.9
2024-08-02 07:13:00,67.54,121.9
2024-08-02 07:14:00,67.54,128.6
2024-08-02 07:15:00,74.29,135.4
2024-08-02 07:16:00,81,138.8
2024-08-02 07:17:00,81,145.6
2024-08-02 07:18:00,81,149
2024-08-02 07:19:00,81,152.3
2024-08-02 07:20:00,81,159.1
2024-08-02 07:21:00,81,162.5
2024-08-02 07:22:00,81,165.9
2024-08-02 07:23:00,81,169.3
2024-08-02 07:24:00,81,176
2024-08-02 07:25:00,81,182.8
2024-08-02 07:26:00,81,186.2
2024-08-02 07:27:00,94.6,193
2024-08-02 07:28:00,94.5,199.7
2024-08-02 07:29:00,94.5,203.1
2024-08-02 07:30:00,94.5,203.1
2024-08-02 07:31:00,94.5,203.1
2024-08-02 07:32:00,94.5,203.1
2024-08-02 07:33:00,94.5,204.8
2024-08-02 07:34:00,QCF,QCF
2024-08-02 07:35:00,94.6,209.9
2024-08-02 07:36:00,94.6,216.7
2024-08-02 07:37:00,94.6,220
2024-08-02 07:38:00,94.6,226.8
2024-08-02 07:39:00,108.1,237
2024-08-02 07:40:00,108.1,243.7
2024-08-02 07:41:00,108.1,250.5
2024-08-02 07:42:00,121.6,257.3
2024-08-02 07:43:00,121.6,267.4
2024-08-02 07:44:00,121.6,274.2
2024-08-02 07:45:00,128.3,281
2024-08-02 07:46:00,135.1,287.8
2024-08-02 07:47:00,135.1,297.9
2024-08-02 07:48:00,135.1,304.7
2024-08-02 07:49:00,148.6,314.8
2024-08-02 07:50:00,148.6,321.6
2024-08-02 07:51:00,148.6,325
2024-08-02 07:52:00,148.6,328.4
2024-08-02 07:53:00,148.6,338.5
2024-08-02 07:54:00,162.1,341.9
2024-08-02 07:55:00,162.1,345.3
2024-08-02 07:56:00,162.1,352.1
2024-08-02 07:57:00,162.1,358.8
2024-08-02 07:58:00,162.1,365.6
2024-08-02 07:59:00,175.6,372.4
2024-08-02 08:00:00,175.6,375.8
2024-08-02 08:01:00,175.6,382.5
2024-08-02 08:02:00,175.6,389.3
2024-08-02 08:03:00,175.6,396.1
2024-08-02 08:04:00,189.1,402.8
2024-08-02 08:05:00,189.1,413
2024-08-02 08:06:00,189.1,419.8
2024-08-02 08:07:00,189.1,419.8
2024-08-02 08:08:00,195.9,426.5
2024-08-02 08:09:00,202.6,429.9
2024-08-02 08:10:00,202.6,436.7
2024-08-02 08:11:00,202.6,440.1
2024-08-02 08:12:00,202.6,440.1
2024-08-02 08:13:00,202.6,446.9
2024-08-02 08:14:00,202.6,446.9
2024-08-02 08:15:00,202.6,453.6
2024-08-02 08:16:00,216.1,463.8
2024-08-02 08:17:00,216.1,470.6
2024-08-02 08:18:00,216.1,470.6
2024-08-02 08:19:00,216.1,473.9
2024-08-02 08:20:00,216.1,480.7
2024-08-02 08:21:00,216.1,487.5
2024-08-02 08:22:00,229.6,494.3
2024-08-02 08:23:00,229.6,504.4
2024-08-02 08:24:00,229.6,511.2
2024-08-02 08:25:00,236.4,518
2024-08-02 08:26:00,243.1,524.8
2024-08-02 08:27:00,243.1,534.9
2024-08-02 08:28:00,243.1,541.7
2024-08-02 08:29:00,256.7,551.8
2024-08-02 08:30:00,256.7,562
2024-08-02 08:31:00,256.7,572.2
2024-08-02 08:32:00,256.7,575.6
2024-08-02 08:33:00,256.7,575.6
2024-08-02 08:34:00,270.2,592.5
2024-08-02 08:35:00,270.2,602.6
2024-08-02 08:36:00,276.9,606
2024-08-02 08:37:00,283.7,609.4
2024-08-02 08:38:00,283.7,612.8
2024-08-02 08:39:00,283.7,609.4
2024-08-02 08:40:00,283.7,612.8
2024-08-02 08:41:00,283.7,616.2
2024-08-02 08:42:00,283.7,609.4
2024-08-02 08:43:00,283.7,616.2
2024-08-02 08:44:00,283.7,633.1
2024-08-02 08:45:00,297.2,636.5
2024-08-02 08:46:00,297.2,646.7
2024-08-02 08:47:00,297.2,646.7
2024-08-02 08:48:00,297.2,643.3
2024-08-02 08:49:00,297.2,650
2024-08-02 08:50:00,297.2,660.2
2024-08-02 08:51:00,310.7,673.7
2024-08-02 08:52:00,310.7,680.5
2024-08-02 08:53:00,310.7,680.5
2024-08-02 08:54:00,324.2,694.1
2024-08-02 08:55:00,324.2,700.8
2024-08-02 08:56:00,324.2,707.6
2024-08-02 08:57:00,324.2,714.4
2024-08-02 08:58:00,324.2,711
2024-08-02 08:59:00,324.2,704.2
2024-08-02 09:00:00,324.2,704.2
2024-08-02 09:01:00,324.2,711
2024-08-02 09:02:00,324.2,714.4
2024-08-02 09:03:00,324.2,717.8
2024-08-02 09:04:00,324.2,724.6
2024-08-02 09:05:00,337.7,738.1
2024-08-02 09:06:00,337.7,751.6
2024-08-02 09:07:00,351.2,758.4
2024-08-02 09:08:00,351.2,765.2
2024-08-02 09:09:00,351.2,778.7
2024-08-02 09:10:00,364.8,799
2024-08-02 09:11:00,364.8,806
2024-08-02 09:12:00,378.3,823
2024-08-02 09:13:00,391.8,836
2024-08-02 09:14:00,391.8,850
2024-08-02 09:15:00,405.3,860
2024-08-02 09:16:00,405.3,870
2024-08-02 09:17:00,418.8,887
2024-08-02 09:18:00,425.5,907
2024-08-02 09:19:00,432.3,928
2024-08-02 09:20:00,432.3,934
2024-08-02 09:21:00,445.8,941
2024-08-02 09:22:00,445.8,951
2024-08-02 09:23:00,445.8,955
2024-08-02 09:24:00,445.8,955
2024-08-02 09:25:00,445.8,955
2024-08-02 09:26:00,459.3,965
2024-08-02 09:27:00,459.3,982
2024-08-02 09:28:00,459.3,992
2024-08-02 09:29:00,459.3,978
2024-08-02 09:30:00,459.3,972
2024-08-02 09:31:00,459.3,995
2024-08-02 09:32:00,466.1,999
2024-08-02 09:33:00,310.7,1001
2024-08-02 09:34:00,486.3,1002
2024-08-02 09:35:00,486.3,1019
2024-08-02 09:36:00,479.6,1016
2024-08-02 09:37:00,472.8,1009
2024-08-02 09:38:00,472.8,1009
2024-08-02 09:39:00,472.8,1006
2024-08-02 09:40:00,459.3,985
2024-08-02 09:41:00,472.8,1019
2024-08-02 09:42:00,472.8,1012
2024-08-02 09:43:00,486.3,1026
2024-08-02 09:44:00,486.3,1036
2024-08-02 09:45:00,486.3,1039
2024-08-02 09:46:00,499.8,1053
2024-08-02 09:47:00,506.6,1070
2024-08-02 09:48:00,513.4,1094
2024-08-02 09:49:00,526.9,1107
2024-08-02 09:50:00,540.4,1121
2024-08-02 09:51:00,533.6,1114
2024-08-02 09:52:00,513.4,1087
2024-08-02 09:53:00,513.4,1087
2024-08-02 09:54:00,513.4,1080
2024-08-02 09:55:00,499.8,1056
2024-08-02 09:56:00,486.3,1029
2024-08-02 09:57:00,472.8,1009
2024-08-02 09:58:00,459.3,975
2024-08-02 09:59:00,445.8,968
2024-08-02 10:00:00,472.8,1014
2024-08-02 10:01:00,486.3,1039
2024-08-02 10:02:00,513.4,1100
2024-08-02 10:03:00,540.4,1144
2024-08-02 10:04:00,553.9,1158
2024-08-02 10:05:00,553.9,1165
2024-08-02 10:06:00,567.4,1192
2024-08-02 10:07:00,567.4,1188
2024-08-02 10:08:00,594.4,1246
2024-08-02 10:09:00,607.9,1273
2024-08-02 10:10:00,621.4,1285
2024-08-02 10:11:00,607.9,1273
2024-08-02 10:12:00,607.9,1263
2024-08-02 10:13:00,621.4,1297
2024-08-02 10:14:00,607.9,1273
2024-08-02 10:15:00,594.4,1236
2024-08-02 10:16:00,580.9,1212
2024-08-02 10:17:00,553.9,1158
2024-08-02 10:18:00,553.9,1156
2024-08-02 10:19:00,540.4,1141
2024-08-02 10:20:00,513.4,1077
2024-08-02 10:21:00,459.3,982
2024-08-02 10:22:00,499.8,1050
2024-08-02 10:23:00,513.4,1080
2024-08-02 10:24:00,526.9,1117
2024-08-02 10:25:00,540.4,1141
2024-08-02 10:26:00,567.4,1185
2024-08-02 10:27:00,594.4,1236
2024-08-02 10:28:00,648.5,1341
2024-08-02 10:29:00,662,1364
2024-08-02 10:30:00,553.9,1175
2024-08-02 10:31:00,634.9,1312
2024-08-02 10:32:00,621.4,1297
2024-08-02 10:33:00,648.5,1351
2024-08-02 10:34:00,634.9,1327
2024-08-02 10:35:00,634.9,1320
2024-08-02 10:36:00,607.9,1266
2024-08-02 10:37:00,607.9,1268
2024-08-02 10:38:00,607.9,1263
2024-08-02 10:39:00,607.9,1280
2024-08-02 10:40:00,607.9,1276
2024-08-02 10:41:00,648.5,1348
2024-08-02 10:42:00,675.5,1385
2024-08-02 10:43:00,702.5,1456
2024-08-02 10:44:00,702.5,1446
2024-08-02 10:45:00,736.3,1513
2024-08-02 10:46:00,756.5,1564
2024-08-02 10:47:00,770,1571
2024-08-02 10:48:00,770,1579
2024-08-02 10:49:00,770,1581
2024-08-02 10:50:00,756.5,1432
2024-08-02 10:51:00,770,1591
2024-08-02 10:52:00,783.5,1601
2024-08-02 10:53:00,756.5,1578
2024-08-02 10:54:00,770,1578
2024-08-02 10:55:00,743,1534
2024-08-02 10:56:00,743,1537
2024-08-02 10:57:00,770,1571
2024-08-02 10:58:00,770,1579
2024-08-02 10:59:00,756.5,1554
2024-08-02 11:00:00,743,1537
2024-08-02 11:01:00,729.5,1510
2024-08-02 11:02:00,743,1537
2024-08-02 11:03:00,689,1439
2024-08-02 11:04:00,729.5,1510
2024-08-02 11:05:00,716,1488
2024-08-02 11:06:00,729.5,1507
2024-08-02 11:07:00,729.5,1495
2024-08-02 11:08:00,716,1486
2024-08-02 11:09:00,729.5,1517
2024-08-02 11:10:00,749.8,1541
2024-08-02 11:11:00,783.5,1593
2024-08-02 11:12:00,783.5,1598
2024-08-02 11:13:00,783.5,1596
2024-08-02 11:14:00,783.5,1612
2024-08-02 11:15:00,783.5,1607
2024-08-02 11:16:00,716,1480
2024-08-02 11:17:00,756.5,1544
2024-08-02 11:18:00,729.5,1490
2024-08-02 11:19:00,756.5,1563
2024-08-02 11:20:00,729.5,1507
2024-08-02 11:21:00,729.5,1491
2024-08-02 11:22:00,729.5,1500
2024-08-02 11:23:00,770,1568
2024-08-02 11:24:00,797.1,1625
2024-08-02 11:25:00,797.1,1632
2024-08-02 11:26:00,838,1708
2024-08-02 11:27:00,851,1740
2024-08-02 11:28:00,851,1720
2024-08-02 11:29:00,838,1686
2024-08-02 11:30:00,838,1695
2024-08-02 11:31:00,865,1750
2024-08-02 11:32:00,865,1756
2024-08-02 11:33:00,770,1591
2024-08-02 11:34:00,743,1547
2024-08-02 11:35:00,675.5,1412
2024-08-02 11:36:00,668.7,1398
2024-08-02 11:37:00,702.5,1473
2024-08-02 11:38:00,811,1656
2024-08-02 11:39:00,851,1723
2024-08-02 11:40:00,838,1700
2024-08-02 11:41:00,865,1750
2024-08-02 11:42:00,878,1764
2024-08-02 11:43:00,919,1842
2024-08-02 11:44:00,892,1789
2024-08-02 11:45:00,905,1816
2024-08-02 11:46:00,919,1842
2024-08-02 11:47:00,932,1866
2024-08-02 11:48:00,919,1845
2024-08-02 11:49:00,892,1796
2024-08-02 11:50:00,783.5,1598
2024-08-02 11:51:00,797.1,1629
2024-08-02 11:52:00,797.1,1620
2024-08-02 11:53:00,756.5,1559
2024-08-02 11:54:00,770,1568
2024-08-02 11:55:00,783.5,1585
2024-08-02 11:56:00,838,1676
2024-08-02 11:57:00,783.5,1588
2024-08-02 11:58:00,729.5,1490
2024-08-02 11:59:00,783.5,1595
2024-08-02 12:00:00,770,1578
2024-08-02 12:01:00,838,1690
2024-08-02 12:02:00,797.1,1612
2024-08-02 12:03:00,729.5,1503
2024-08-02 12:04:00,811,1646
2024-08-02 12:05:00,892,1794
2024-08-02 12:06:00,783.5,1605
2024-08-02 12:07:00,919,1838
2024-08-02 12:08:00,939,1879
2024-08-02 12:09:00,932,1872
2024-08-02 12:10:00,932,1859
2024-08-02 12:11:00,648.5,1331
2024-08-02 12:12:00,689,1419
2024-08-02 12:13:00,756.5,1541
2024-08-02 12:14:00,689,1422
2024-08-02 12:15:00,770,1578
2024-08-02 12:16:00,580.9,1209
2024-08-02 12:17:00,811,1646
2024-08-02 12:18:00,844,1703
2024-08-02 12:19:00,865,1747
2024-08-02 12:20:00,824,1666
2024-08-02 12:21:00,797.1,1622
2024-08-02 12:22:00,838,1690
2024-08-02 12:23:00,824,1671
2024-08-02 12:24:00,770,1573
2024-08-02 12:25:00,770,1561
2024-08-02 12:26:00,797.1,1608
2024-08-02 12:27:00,783.5,1596
2024-08-02 12:28:00,838,1683
2024-08-02 12:29:00,851,1717
2024-08-02 12:30:00,716,1463
2024-08-02 12:31:00,675.5,1385
2024-08-02 12:32:00,797.1,1608
2024-08-02 12:33:00,851,1706
2024-08-02 12:34:00,851,1710
2024-08-02 12:35:00,851,1720
2024-08-02 12:36:00,838,1683
2024-08-02 12:37:00,824,1673
2024-08-02 12:38:00,838,1683
2024-08-02 12:39:00,824,1679
2024-08-02 12:40:00,811,1652
2024-08-02 12:41:00,743,1525
2024-08-02 12:42:00,729.5,1490
2024-08-02 12:43:00,702.5,1436
2024-08-02 12:44:00,702.5,1436
2024-08-02 12:45:00,689,1405
2024-08-02 12:46:00,689,1412
2024-08-02 12:47:00,702.5,1442
2024-08-02 12:48:00,675.5,1381
2024-08-02 12:49:00,662,1364
2024-08-02 12:50:00,648.5,1320
2024-08-02 12:51:00,607.9,1253
2024-08-02 12:52:00,574.1,1185
2024-08-02 12:53:00,553.9,1151
2024-08-02 12:54:00,553.9,1131
2024-08-02 12:55:00,587.7,1212
2024-08-02 12:56:00,607.9,1253
2024-08-02 12:57:00,621.4,1290
2024-08-02 12:58:00,662,1351
2024-08-02 12:59:00,716,1442
2024-08-02 13:00:00,702.5,1415
2024-08-02 13:01:00,702.5,1432
2024-08-02 13:02:00,729.5,1486
2024-08-02 13:03:00,716,1453
2024-08-02 13:04:00,716,1463
2024-08-02 13:05:00,729.5,1493
2024-08-02 13:06:00,729.5,1469
2024-08-02 13:07:00,729.5,1486
2024-08-02 13:08:00,743,1513
2024-08-02 13:09:00,770,1568
2024-08-02 13:10:00,770,1571
2024-08-02 13:11:00,770,1564
2024-08-02 13:12:00,811,1642
2024-08-02 13:13:00,878,1771
2024-08-02 13:14:00,919,1857
2024-08-02 13:15:00,973,1950
2024-08-02 13:16:00,959,1927
2024-08-02 13:17:00,973,1947
2024-08-02 13:18:00,946,1886
2024-08-02 13:19:00,770,1571
2024-08-02 13:20:00,865,1757
2024-08-02 13:21:00,851,1727
2024-08-02 13:22:00,838,1695
2024-08-02 13:23:00,838,1713
2024-08-02 13:24:00,811,1659
2024-08-02 13:25:00,824,1666
2024-08-02 13:26:00,513.4,1116
2024-08-02 13:27:00,770,1610
2024-08-02 13:28:00,838,1713
2024-08-02 13:29:00,865,1761
2024-08-02 13:30:00,905,1825
2024-08-02 13:31:00,919,1869
2024-08-02 13:32:00,905,1838
2024-08-02 13:33:00,892,1811
2024-08-02 13:34:00,892,1791
2024-08-02 13:35:00,878,1791
2024-08-02 13:36:00,919,1872
2024-08-02 13:37:00,919,1849
2024-08-02 13:38:00,932,1883
2024-08-02 13:39:00,986,1971
2024-08-02 13:40:00,607.9,1283
2024-08-02 13:41:00,946,1910
2024-08-02 13:42:00,932,1869
2024-08-02 13:43:00,878,1774
2024-08-02 13:44:00,851,1728
2024-08-02 13:45:00,811,1646
2024-08-02 13:46:00,351.2,758.4
2024-08-02 13:47:00,445.8,958
2024-08-02 13:48:00,513.4,1107
2024-08-02 13:49:00,783.6,1581
2024-08-02 13:50:00,797.1,1615
2024-08-02 13:51:00,743,1503
2024-08-02 13:52:00,351.3,751.7
2024-08-02 13:53:00,364.8,813
2024-08-02 13:54:00,310.7,687.3
2024-08-02 13:55:00,324.2,711.1
2024-08-02 13:56:00,811,1656
2024-08-02 13:57:00,892,1774
2024-08-02 13:58:00,621.5,1287
2024-08-02 13:59:00,580.9,1232
2024-08-02 14:00:00,919,1842
2024-08-02 14:01:00,892,1805
2024-08-02 14:02:00,865,1751
2024-08-02 14:03:00,838,1703
2024-08-02 14:04:00,871,1757
2024-08-02 14:05:00,892,1778
2024-08-02 14:06:00,743,1517
2024-08-02 14:07:00,824,1666
2024-08-02 14:08:00,851,1710
2024-08-02 14:09:00,878,1762
2024-08-02 14:10:00,919,1845
2024-08-02 14:11:00,932,1869
2024-08-02 14:12:00,946,1903
2024-08-02 14:13:00,946,1903
2024-08-02 14:14:00,946,1889
2024-08-02 14:15:00,946,1896
2024-08-02 14:16:00,973,1954
2024-08-02 14:17:00,946,1894
2024-08-02 14:18:00,932,1883
2024-08-02 14:19:00,892,1795
2024-08-02 14:20:00,405.3,902
2024-08-02 14:21:00,378.3,843
2024-08-02 14:22:00,662,1354
2024-08-02 14:23:00,310.7,670.5
2024-08-02 14:24:00,418.8,877
2024-08-02 14:25:00,459.4,972
2024-08-02 14:26:00,635,1310
2024-08-02 14:27:00,743.1,1507
2024-08-02 14:28:00,892,1791
2024-08-02 14:29:00,946,1889
2024-08-02 14:30:00,324.3,700.9
2024-08-02 14:31:00,283.7,646.7
2024-08-02 14:32:00,364.8,809
2024-08-02 14:33:00,1027,2045
2024-08-02 14:34:00,1027,2052
2024-08-02 14:35:00,1000,2022
2024-08-02 14:36:00,986,1994
2024-08-02 14:37:00,973,1964
2024-08-02 14:38:00,959,1947
2024-08-02 14:39:00,959,1950
2024-08-02 14:40:00,959,1949
2024-08-02 14:41:00,959,1945
2024-08-02 14:42:00,966,1955
2024-08-02 14:43:00,973,1954
2024-08-02 14:44:00,973,1957
2024-08-02 14:45:00,986,1977
2024-08-02 14:46:00,1007,2013
2024-08-02 14:47:00,1081,2152
2024-08-02 14:48:00,351.3,806
2024-08-02 14:49:00,526.9,1128
2024-08-02 14:50:00,1067,2123
2024-08-02 14:51:00,580.9,1204
2024-08-02 14:52:00,986,1976
2024-08-02 14:53:00,635,1304
2024-08-02 14:54:00,1000,2005
2024-08-02 14:55:00,986,1974
2024-08-02 14:56:00,959,1937
2024-08-02 14:57:00,973,1944
2024-08-02 14:58:00,1000,2001
2024-08-02 14:59:00,986,1981
2024-08-02 15:00:00,986,2000
2024-08-02 15:01:00,1000,2018
2024-08-02 15:02:00,472.9,1033
2024-08-02 15:03:00,1007,2000
2024-08-02 15:04:00,1000,1988
2024-08-02 15:05:00,1000,1967
2024-08-02 15:06:00,594.5,1250
2024-08-02 15:07:00,986,1969
2024-08-02 15:08:00,1013,1998
2024-08-02 15:09:00,337.8,738.2
2024-08-02 15:10:00,310.8,680.7
2024-08-02 15:11:00,310.8,677.3
2024-08-02 15:12:00,297.3,643.4
2024-08-02 15:13:00,351.3,751.8
2024-08-02 15:14:00,445.9,945
2024-08-02 15:15:00,337.8,701
2024-08-02 15:16:00,256.7,562.1
2024-08-02 15:17:00,243.2,531.7
2024-08-02 15:18:00,270.2,562.1
2024-08-02 15:19:00,216.2,463.9
2024-08-02 15:20:00,189.2,406.4
2024-08-02 15:21:00,175.7,369.1
2024-08-02 15:22:00,175.7,362.3
2024-08-02 15:23:00,182.4,386.1
2024-08-02 15:24:00,202.7,423.3
2024-08-02 15:25:00,216.2,460.6
2024-08-02 15:26:00,256.7,531.7
2024-08-02 15:27:00,297.3,619.7
2024-08-02 15:28:00,351.3,741.6
2024-08-02 15:29:00,364.8,778.9
2024-08-02 15:30:00,527,1067
2024-08-02 15:31:00,QCF,QCF
2024-08-02 15:32:00,499.9,1011
2024-08-02 15:33:00,554,1134
2024-08-02 15:34:00,526.9,1094
2024-08-02 15:35:00,310.8,826
2024-08-02 15:36:00,405.3,850
2024-08-02 15:37:00,445.9,941
2024-08-02 15:38:00,459.4,968
2024-08-02 15:39:00,418.8,894
2024-08-02 15:40:00,445.8,1104
2024-08-02 15:41:00,418.8,894
2024-08-02 15:42:00,594.5,1243
2024-08-02 15:43:00,621.5,1283
2024-08-02 15:44:00,607.9,1270
2024-08-02 15:45:00,635,1307
2024-08-02 15:46:00,648.5,1334
2024-08-02 15:47:00,635,1300
2024-08-02 15:48:00,405.3,880
2024-08-02 15:49:00,432.3,921
2024-08-02 15:50:00,297.2,653.5
2024-08-02 15:51:00,270.2,582.4
2024-08-02 15:52:00,270.2,585.8
2024-08-02 15:53:00,283.7,609.5
2024-08-02 15:54:00,229.7,507.9
2024-08-02 15:55:00,216.2,467.2
2024-08-02 15:56:00,195.9,433.4
2024-08-02 15:57:00,175.6,399.5
2024-08-02 15:58:00,162.1,362.3
2024-08-02 15:59:00,148.6,325
2024-08-02 16:00:00,135.1,298
2024-08-02 16:01:00,121.6,274.3
2024-08-02 16:02:00,108.1,243.8
2024-08-02 16:03:00,94.6,216.7
2024-08-02 16:04:00,81.1,193
2024-08-02 16:05:00,81.1,176.1
2024-08-02 16:06:00,81.1,165.9
2024-08-02 16:07:00,67.55,159.1
2024-08-02 16:08:00,67.55,145.6
2024-08-02 16:09:00,67.55,138.8
2024-08-02 16:10:00,67.55,135.4
2024-08-02 16:11:00,67.55,138.8
2024-08-02 16:12:00,67.55,138.8
2024-08-02 16:13:00,67.55,135.4
2024-08-02 16:14:00,60.79,125.3
2024-08-02 16:15:00,54.04,101.6
2024-08-02 16:16:00,27.02,84.6
2024-08-02 16:17:00,40.53,67.72
2024-08-02 16:18:00,27.02,50.79
2024-08-02 16:19:00,27.02,50.79
2024-08-02 16:20:00,27.02,54.17
2024-08-02 16:21:00,27.02,54.17
2024-08-02 16:22:00,27.02,57.56
2024-08-02 16:23:00,27.02,60.94
2024-08-02 16:24:00,27.02,57.56
2024-08-02 16:25:00,27.02,50.79
2024-08-02 16:26:00,QCF,37.24
2024-08-02 16:27:00,QCF,20.31
2024-08-02 16:28:00,QCF,20.31
2024-08-02 16:29:00,QCF,20.31
2024-08-02 16:30:00,QCF,20.31
2024-08-02 16:31:00,QCF,20.31
2024-08-02 16:32:00,QCF,20.31
2024-08-02 16:33:00,QCF,16.93
2024-08-02 16:34:00,QCF,13.54
2024-08-02 16:35:00,QCF,10.16
2024-08-02 16:36:00,QCF,10.16
2024-08-02 16:37:00,QCF,10.16
2024-08-02 16:38:00,QCF,10.16
2024-08-02 16:39:00,QCF,10.16
2024-08-02 16:40:00,QCF,6.77
2024-08-02 16:41:00,QCF,6.77
2024-08-02 16:42:00,QCF,6.77
2024-08-02 16:43:00,QCF,10.16
2024-08-02 16:44:00,QCF,16.93
2024-08-02 16:45:00,QCF,27.09
2024-08-02 16:46:00,QCF,23.7
2024-08-02 16:47:00,QCF,27.09
2024-08-02 16:48:00,QCF,30.47
2024-08-02 16:49:00,20.26,33.86
2024-08-02 16:50:00,QCF,33.86
2024-08-02 16:51:00,QCF,37.24
2024-08-02 16:52:00,20.26,37.24
2024-08-02 16:53:00,QCF,37.24
2024-08-02 16:54:00,20.26,37.24
2024-08-02 16:55:00,QCF,37.24
2024-08-02 16:56:00,20.26,37.24
2024-08-02 16:57:00,20.26,37.24
2024-08-02 16:58:00,QCF,37.24
2024-08-02 16:59:00,QCF,37.24
2024-08-02 17:00:00,27.02,40.63
2024-08-02 17:01:00,27.02,40.63
2024-08-02 17:02:00,27.02,40.63
2024-08-02 17:03:00,27.02,44.02
2024-08-02 17:04:00,27.02,44.02
2024-08-02 17:05:00,27.02,47.4
2024-08-02 17:06:00,27.02,49.09
2024-08-02 17:07:00,27.02,50.79
2024-08-02 17:08:00,27.02,50.79
2024-08-02 17:09:00,27.02,54.17
2024-08-02 17:10:00,27.02,54.17
2024-08-02 17:11:00,27.02,54.17
2024-08-02 17:12:00,27.02,57.56
2024-08-02 17:13:00,27.02,57.56
2024-08-02 17:14:00,27.02,60.94
2024-08-02 17:15:00,27.02,60.94
2024-08-02 17:16:00,40.53,64.33
2024-08-02 17:17:00,40.53,67.72
2024-08-02 17:18:00,40.53,71.1
2024-08-02 17:19:00,40.53,74.49
2024-08-02 17:20:00,40.53,77.87
2024-08-02 17:21:00,40.53,81.3
2024-08-02 17:22:00,40.53,84.6
2024-08-02 17:23:00,40.53,91.4
2024-08-02 17:24:00,54.04,98.2
2024-08-02 17:25:00,54.04,101.6
2024-08-02 17:26:00,54.04,108.3
2024-08-02 17:27:00,54.03,115.1
2024-08-02 17:28:00,67.54,121.9
2024-08-02 17:29:00,67.54,128.6
2024-08-02 17:30:00,67.54,133.7
2024-08-02 17:31:00,67.54,138.8
2024-08-02 17:32:00,81,145.6
2024-08-02 17:33:00,81,154
2024-08-02 17:34:00,81,160.8
2024-08-02 17:35:00,81,169.3
2024-08-02 17:36:00,81,176
2024-08-02 17:37:00,81,182.8
2024-08-02 17:38:00,81,189.6
2024-08-02 17:39:00,81,193
2024-08-02 17:40:00,87.8,199.7
2024-08-02 17:41:00,94.6,206.5
2024-08-02 17:42:00,94.6,213.3
2024-08-02 17:43:00,94.6,216.7
2024-08-02 17:44:00,94.6,223.4
2024-08-02 17:45:00,94.6,226.8
2024-08-02 17:46:00,94.6,230.2
2024-08-02 17:47:00,108.1,233.6
2024-08-02 17:48:00,108.1,237
2024-08-02 17:49:00,108.1,237
2024-08-02 17:50:00,108.1,240.4
2024-08-02 17:51:00,108.1,240.4
2024-08-02 17:52:00,108.1,240.4
2024-08-02 17:53:00,108.1,240.4
2024-08-02 17:54:00,108.1,240.4
2024-08-02 17:55:00,108.1,240.4
2024-08-02 17:56:00,108.1,240.4
2024-08-02 17:57:00,108.1,240.4
2024-08-02 17:58:00,108.1,237
2024-08-02 17:59:00,108.1,237
2024-08-02 18:00:00,108.1,233.6
2024-08-02 18:01:00,108.1,233.6
2024-08-02 18:02:00,108.1,230.2
2024-08-02 18:03:00,108.1,230.2
2024-08-02 18:04:00,101.3,226.8
2024-08-02 18:05:00,94.5,226.8
2024-08-02 18:06:00,94.5,223.4
2024-08-02 18:07:00,94.5,223.4
2024-08-02 18:08:00,94.5,220
2024-08-02 18:09:00,94.5,220
2024-08-02 18:10:00,94.5,216.7
2024-08-02 18:11:00,94.5,216.7
2024-08-02 18:12:00,94.5,213.3
2024-08-02 18:13:00,94.5,213.3
2024-08-02 18:14:00,94.6,209.9
2024-08-02 18:15:00,94.6,209.9
2024-08-02 18:16:00,94.6,206.5
2024-08-02 18:17:00,94.6,203.1
2024-08-02 18:18:00,94.6,203.1
2024-08-02 18:19:00,94.6,199.7
2024-08-02 18:20:00,94.6,199.7
2024-08-02 18:21:00,94.6,196.3
2024-08-02 18:22:00,87.8,193
2024-08-02 18:23:00,81,193
2024-08-02 18:24:00,81,189.6
2024-08-02 18:25:00,81,186.2
2024-08-02 18:26:00,81,182.8
2024-08-02 18:27:00,81,182.8
2024-08-02 18:28:00,81,179.4
2024-08-02 18:29:00,81,179.4
2024-08-02 18:30:00,81,179.4
2024-08-02 18:31:00,81,176
2024-08-02 18:32:00,81,176
2024-08-02 18:33:00,81,172.7
2024-08-02 18:34:00,81,172.7
2024-08-02 18:35:00,81,172.7
2024-08-02 18:36:00,81,172.7
2024-08-02 18:37:00,81,169.3
2024-08-02 18:38:00,81,169.3
2024-08-02 18:39:00,81,165.9
2024-08-02 18:40:00,81,162.5
2024-08-02 18:41:00,81,162.5
2024-08-02 18:42:00,81,159.1
2024-08-02 18:43:00,81,155.7
2024-08-02 18:44:00,81,149
2024-08-02 18:45:00,81,145.6
2024-08-02 18:46:00,81,142.2
2024-08-02 18:47:00,81,142.2
2024-08-02 18:48:00,81,138.8
2024-08-02 18:49:00,81,138.8
2024-08-02 18:50:00,67.54,135.4
2024-08-02 18:51:00,67.54,132
2024-08-02 18:52:00,67.54,128.6
2024-08-02 18:53:00,67.54,125.3
2024-08-02 18:54:00,67.54,121.9
2024-08-02 18:55:00,67.54,118.5
2024-08-02 18:56:00,67.54,115.1
2024-08-02 18:57:00,67.54,111.7
2024-08-02 18:58:00,54.03,104.9
2024-08-02 18:59:00,54.03,101.6
2024-08-02 19:00:00,54.03,94.8
2024-08-02 19:01:00,54.03,88
2024-08-02 19:02:00,54.03,84.6
2024-08-02 19:03:00,47.27,81.2
2024-08-02 19:04:00,40.52,77.86
2024-08-02 19:05:00,40.52,77.86
2024-08-02 19:06:00,40.52,76.17
2024-08-02 19:07:00,40.52,74.48
2024-08-02 19:08:00,40.52,74.48
2024-08-02 19:09:00,40.52,74.48
2024-08-02 19:10:00,40.52,74.48
2024-08-02 19:11:00,40.52,74.48
2024-08-02 19:12:00,40.52,74.48
2024-08-02 19:13:00,40.52,74.48
2024-08-02 19:14:00,40.52,74.48
2024-08-02 19:15:00,40.52,77.86
2024-08-02 19:16:00,40.52,77.86
2024-08-02 19:17:00,40.52,77.86
2024-08-02 19:18:00,40.52,77.86
2024-08-02 19:19:00,40.52,77.86
2024-08-02 19:20:00,40.52,74.48
2024-08-02 19:21:00,40.52,74.48
2024-08-02 19:22:00,40.52,71.09
2024-08-02 19:23:00,40.52,71.09
2024-08-02 19:24:00,40.52,67.7
2024-08-02 19:25:00,40.52,67.7
2024-08-02 19:26:00,40.52,64.32
2024-08-02 19:27:00,40.52,64.32
2024-08-02 19:28:00,40.52,60.93
2024-08-02 19:29:00,40.52,57.55
2024-08-02 19:30:00,40.52,54.16
2024-08-02 19:31:00,40.52,54.16
2024-08-02 19:32:00,40.52,50.78
2024-08-02 19:33:00,27.01,50.78
2024-08-02 19:34:00,27.01,47.39
2024-08-02 19:35:00,27.01,18.62
2024-08-02 19:36:00,27.01,44.01
2024-08-02 19:37:00,27.01,44.01
2024-08-02 19:38:00,27.01,44.01
2024-08-02 19:39:00,27.01,40.62
2024-08-02 19:40:00,27.01,40.62
2024-08-02 19:41:00,27.01,40.62
2024-08-02 19:42:00,27.01,37.24
2024-08-02 19:43:00,27.01,37.24
2024-08-02 19:44:00,27.01,33.85
2024-08-02 19:45:00,27.01,33.85
2024-08-02 19:46:00,27.01,30.47
2024-08-02 19:47:00,27.01,30.47
2024-08-02 19:48:00,27.01,27.08
2024-08-02 19:49:00,27.01,27.08
2024-08-02 19:50:00,27.01,23.7
2024-08-02 19:51:00,QCF,23.7
2024-08-02 19:52:00,QCF,23.7
2024-08-02 19:53:00,QCF,20.31
2024-08-02 19:54:00,QCF,20.31
2024-08-02 19:55:00,QCF,20.31
2024-08-02 19:56:00,QCF,20.31
2024-08-02 19:57:00,QCF,20.31
2024-08-02 19:58:00,QCF,20.31
2024-08-02 19:59:00,QCF,18.62
2024-08-02 20:00:00,QCF,16.93
2024-08-02 20:01:00,QCF,16.93
2024-08-02 20:02:00,QCF,16.93
2024-08-02 20:03:00,QCF,13.54
2024-08-02 20:04:00,QCF,13.54
2024-08-02 20:05:00,QCF,13.54
2024-08-02 20:06:00,QCF,10.16
2024-08-02 20:07:00,QCF,10.16
2024-08-02 20:08:00,QCF,10.16
2024-08-02 20:09:00,QCF,10.16
2024-08-02 20:10:00,QCF,10.16
2024-08-02 20:11:00,QCF,6.77
2024-08-02 20:12:00,QCF,6.77
2024-08-02 20:13:00,QCF,6.77
2024-08-02 20:14:00,QCF,6.77
2024-08-03 06:27:00,QCF,QCF
2024-08-03 06:28:00,QCF,13.54
2024-08-03 06:29:00,QCF,13.54
2024-08-03 06:30:00,QCF,16.93
2024-08-03 06:31:00,QCF,16.93
2024-08-03 06:32:00,QCF,20.31
2024-08-03 06:33:00,QCF,20.31
2024-08-03 06:34:00,QCF,20.31
2024-08-03 06:35:00,QCF,20.31
2024-08-03 06:36:00,QCF,20.31
2024-08-03 06:37:00,QCF,23.7
2024-08-03 06:38:00,QCF,23.7
2024-08-03 06:39:00,QCF,27.08
2024-08-03 06:40:00,QCF,27.08
2024-08-03 06:41:00,27.01,30.47
2024-08-03 06:42:00,27.01,30.47
2024-08-03 06:43:00,27.01,33.85
2024-08-03 06:44:00,27.01,33.85
2024-08-03 06:45:00,27.01,33.85
2024-08-03 06:46:00,27.01,35.55
2024-08-03 06:47:00,27.01,37.24
2024-08-03 06:48:00,27.01,37.24
2024-08-03 06:49:00,27.01,37.24
2024-08-03 06:50:00,27.01,37.24
2024-08-03 06:51:00,27.01,40.62
2024-08-03 06:52:00,27.01,38.93
2024-08-03 06:53:00,27.01,37.24
2024-08-03 06:54:00,27.01,37.24
2024-08-03 06:55:00,27.01,37.24
2024-08-03 06:56:00,20.26,37.24
2024-08-03 06:57:00,QCF,37.24
2024-08-03 06:58:00,QCF,37.24
2024-08-03 06:59:00,QCF,40.62
2024-08-03 07:00:00,QCF,40.62
2024-08-03 07:01:00,QCF,40.62
2024-08-03 07:02:00,QCF,40.62
2024-08-03 07:03:00,QCF,44.01
2024-08-03 07:04:00,27.01,44.01
2024-08-03 07:05:00,27.01,47.39
2024-08-03 07:06:00,27.01,47.39
2024-08-03 07:07:00,27.01,50.78
2024-08-03 07:08:00,27.01,50.78
2024-08-03 07:09:00,27.01,54.16
2024-08-03 07:10:00,27.01,57.55
2024-08-03 07:11:00,27.01,57.55
2024-08-03 07:12:00,27.01,60.93
2024-08-03 07:13:00,27.01,64.32
2024-08-03 07:14:00,27.01,67.7
2024-08-03 07:15:00,33.77,74.48
2024-08-03 07:16:00,40.52,79.55
2024-08-03 07:17:00,40.52,88
2024-08-03 07:18:00,40.52,94.8
2024-08-03 07:19:00,54.03,101.6
2024-08-03 07:20:00,54.03,104.9
2024-08-03 07:21:00,54.03,108.3
2024-08-03 07:22:00,54.03,111.7
2024-08-03 07:23:00,54.03,111.7
2024-08-03 07:24:00,54.03,104.9
2024-08-03 07:25:00,40.52,101.6
2024-08-03 07:26:00,54.03,111.7
2024-08-03 07:27:00,54.03,121.9
2024-08-03 07:28:00,54.03,128.6
2024-08-03 07:29:00,67.54,132
2024-08-03 07:30:00,60.78,132
2024-08-03 07:31:00,54.03,132
2024-08-03 07:32:00,67.54,138.8
2024-08-03 07:33:00,67.54,145.6
2024-08-03 07:34:00,67.54,155.7
2024-08-03 07:35:00,81,172.6
2024-08-03 07:36:00,81,182.8
2024-08-03 07:37:00,81,203.1
2024-08-03 07:38:00,94.5,225.1
2024-08-03 07:39:00,108.1,247.1
2024-08-03 07:40:00,108.1,250.5
2024-08-03 07:41:00,121.6,260.7
2024-08-03 07:42:00,121.6,264
2024-08-03 07:43:00,121.6,267.4
2024-08-03 07:44:00,121.6,274.2
2024-08-03 07:45:00,121.6,281
2024-08-03 07:46:00,135.1,284.4
2024-08-03 07:47:00,135.1,301.3
2024-08-03 07:48:00,135.1,297.9
2024-08-03 07:49:00,94.5,243.7
2024-08-03 07:50:00,94.5,240.4
2024-08-03 07:51:00,148.6,314.8
2024-08-03 07:52:00,148.6,321.6
2024-08-03 07:53:00,108.1,253.9
2024-08-03 07:54:00,108.1,260.7
2024-08-03 07:55:00,81,213.3
2024-08-03 07:56:00,94.5,230.2
2024-08-03 07:57:00,108.1,264
2024-08-03 07:58:00,175.6,369
2024-08-03 07:59:00,175.6,379.1
2024-08-03 08:00:00,175.6,385.9
2024-08-03 08:01:00,175.6,385.9
2024-08-03 08:02:00,175.6,385.9
2024-08-03 08:03:00,175.6,387.6
2024-08-03 08:04:00,189.1,416.4
2024-08-03 08:05:00,189.1,419.8
2024-08-03 08:06:00,189.1,416.4
2024-08-03 08:07:00,189.1,413
2024-08-03 08:08:00,202.6,433.3
2024-08-03 08:09:00,216.1,457
2024-08-03 08:10:00,216.1,467.2
2024-08-03 08:11:00,216.1,477.3
2024-08-03 08:12:00,229.6,490.9
2024-08-03 08:13:00,229.6,494.2
2024-08-03 08:14:00,229.6,504.4
2024-08-03 08:15:00,229.6,490.9
2024-08-03 08:16:00,189.1,436.7
2024-08-03 08:17:00,243.1,521.3
2024-08-03 08:18:00,243.1,534.9
2024-08-03 08:19:00,243.1,528.1
2024-08-03 08:20:00,256.6,548.4
2024-08-03 08:21:00,243.1,524.7
2024-08-03 08:22:00,243.1,534.9
2024-08-03 08:23:00,256.6,548.4
2024-08-03 08:24:00,148.6,369
2024-08-03 08:25:00,270.1,568.7
2024-08-03 08:26:00,283.6,595.8
2024-08-03 08:27:00,283.6,609.3
2024-08-03 08:28:00,283.6,599.2
2024-08-03 08:29:00,297.2,639.8
2024-08-03 08:30:00,297.2,622.9
2024-08-03 08:31:00,283.6,602.6
2024-08-03 08:32:00,283.6,616.1
2024-08-03 08:33:00,297.2,636.4
2024-08-03 08:34:00,297.2,633
2024-08-03 08:35:00,297.2,636.4
2024-08-03 08:36:00,297.2,629.7
2024-08-03 08:37:00,283.6,616.1
2024-08-03 08:38:00,310.7,663.5
2024-08-03 08:39:00,310.7,677
2024-08-03 08:40:00,324.2,680.4
2024-08-03 08:41:00,310.7,677
2024-08-03 08:42:00,310.7,660.1
2024-08-03 08:43:00,256.6,575.5
2024-08-03 08:44:00,256.6,578.9
2024-08-03 08:45:00,337.7,710.9
2024-08-03 08:46:00,337.7,731.2
2024-08-03 08:47:00,337.7,731.2
2024-08-03 08:48:00,351.2,741.4
2024-08-03 08:49:00,364.7,765.1
2024-08-03 08:50:00,357.9,758.3
2024-08-03 08:51:00,364.7,776.9
2024-08-03 08:52:00,378.2,788.8
2024-08-03 08:53:00,236.4,555.2
2024-08-03 08:54:00,364.7,785.4
2024-08-03 08:55:00,378.2,802
2024-08-03 08:56:00,378.2,795.5
2024-08-03 08:57:00,378.2,806
2024-08-03 08:58:00,378.2,812
2024-08-03 08:59:00,378.2,812
2024-08-03 09:00:00,385,812
2024-08-03 09:01:00,385,816
2024-08-03 09:02:00,405.2,843
2024-08-03 09:03:00,405.2,843
2024-08-03 09:04:00,405.2,858
2024-08-03 09:05:00,405.2,860
2024-08-03 09:06:00,364.7,795.6
2024-08-03 09:07:00,412,870
2024-08-03 09:08:00,418.7,894
2024-08-03 09:09:00,418.7,884
2024-08-03 09:10:00,418.7,894
2024-08-03 09:11:00,418.7,897
2024-08-03 09:12:00,432.2,907
2024-08-03 09:13:00,432.2,914
2024-08-03 09:14:00,439,924
2024-08-03 09:15:00,432.2,921
2024-08-03 09:16:00,445.8,934
2024-08-03 09:17:00,445.8,938
2024-08-03 09:18:00,445.7,941
2024-08-03 09:19:00,452.5,948
2024-08-03 09:20:00,459.3,951
2024-08-03 09:21:00,459.3,958
2024-08-03 09:22:00,459.3,965
2024-08-03 09:23:00,459.3,972
2024-08-03 09:24:00,466,978
2024-08-03 09:25:00,472.8,992
2024-08-03 09:26:00,472.8,995
2024-08-03 09:27:00,472.8,999
2024-08-03 09:28:00,486.3,1002
2024-08-03 09:29:00,472.8,1006
2024-08-03 09:30:00,486.3,1016
2024-08-03 09:31:00,486.3,1012
2024-08-03 09:32:00,499.8,1029
2024-08-03 09:33:00,499.8,1039
2024-08-03 09:34:00,216.1,519.7
2024-08-03 09:35:00,499.8,1046
2024-08-03 09:36:00,499.8,1043
2024-08-03 09:37:00,499.8,1045
2024-08-03 09:38:00,513.4,1056
2024-08-03 09:39:00,513.4,1060
2024-08-03 09:40:00,513.4,1060
2024-08-03 09:41:00,513.4,1075
2024-08-03 09:42:00,513.4,1077
2024-08-03 09:43:00,526.9,1087
2024-08-03 09:44:00,526.9,1090
2024-08-03 09:45:00,526.9,1083
2024-08-03 09:46:00,526.9,1097
2024-08-03 09:47:00,540.4,1114
2024-08-03 09:48:00,540.4,1114
2024-08-03 09:49:00,540.4,1122
2024-08-03 09:50:00,540.4,1127
2024-08-03 09:51:00,553.9,1131
2024-08-03 09:52:00,553.9,1141
2024-08-03 09:53:00,553.9,1141
2024-08-03 09:54:00,553.9,1158
2024-08-03 09:55:00,459.3,972
2024-08-03 09:56:00,567.4,1161
2024-08-03 09:57:00,567.4,1165
2024-08-03 09:58:00,567.4,1178
2024-08-03 09:59:00,574.1,1188
2024-08-03 10:00:00,580.9,1192
2024-08-03 10:01:00,580.9,1202
2024-08-03 10:02:00,580.9,1210
2024-08-03 10:03:00,594.4,1216
2024-08-03 10:04:00,594.4,1227
2024-08-03 10:05:00,594.4,1229
2024-08-03 10:06:00,594.4,1226
2024-08-03 10:07:00,607.9,1249
2024-08-03 10:08:00,607.9,1243
2024-08-03 10:09:00,607.9,1248
2024-08-03 10:10:00,486.3,1050
2024-08-03 10:11:00,283.7,667
2024-08-03 10:12:00,621.4,1287
2024-08-03 10:13:00,634.9,1300
2024-08-03 10:14:00,648.5,1310
2024-08-03 10:15:00,634.9,1307
2024-08-03 10:16:00,634.9,1293
2024-08-03 10:17:00,655.2,1337
2024-08-03 10:18:00,662,1331
2024-08-03 10:19:00,648.5,1317
2024-08-03 10:20:00,648.5,1327
2024-08-03 10:21:00,648.5,1334
2024-08-03 10:22:00,648.5,1331
2024-08-03 10:23:00,648.5,1322
2024-08-03 10:24:00,648.5,1320
2024-08-03 10:25:00,648.5,1327
2024-08-03 10:26:00,648.5,1322
2024-08-03 10:27:00,634.9,1293
2024-08-03 10:28:00,634.9,1304
2024-08-03 10:29:00,634.9,1314
2024-08-03 10:30:00,648.5,1317
2024-08-03 10:31:00,648.5,1324
2024-08-03 10:32:00,662,1346
2024-08-03 10:33:00,662,1348
2024-08-03 10:34:00,662,1353
2024-08-03 10:35:00,668.7,1364
2024-08-03 10:36:00,702.5,1371
2024-08-03 10:37:00,675.5,1376
2024-08-03 10:38:00,675.5,1358
2024-08-03 10:39:00,689,1392
2024-08-03 10:40:00,689,1398
2024-08-03 10:41:00,689,1398
2024-08-03 10:42:00,689,1402
2024-08-03 10:43:00,689,1408
2024-08-03 10:44:00,689,1408
2024-08-03 10:45:00,702.5,1425
2024-08-03 10:46:00,702.5,1432
2024-08-03 10:47:00,702.5,1439
2024-08-03 10:48:00,702.5,1436
2024-08-03 10:49:00,702.5,1439
2024-08-03 10:50:00,716,1449
2024-08-03 10:51:00,716,1454
2024-08-03 10:52:00,716,1458
2024-08-03 10:53:00,729.5,1466
2024-08-03 10:54:00,729.5,1483
2024-08-03 10:55:00,729.5,1480
2024-08-03 10:56:00,729.5,1490
2024-08-03 10:57:00,743,1503
2024-08-03 10:58:00,743,1510
2024-08-03 10:59:00,743,1510
2024-08-03 11:00:00,743,1520
2024-08-03 11:01:00,756.5,1524
2024-08-03 11:02:00,756.5,1527
2024-08-03 11:03:00,749.8,1520
2024-08-03 11:04:00,743,1524
2024-08-03 11:05:00,749.8,1517
2024-08-03 11:06:00,756.5,1524
2024-08-03 11:07:00,756.5,1527
2024-08-03 11:08:00,756.5,1537
2024-08-03 11:09:00,756.5,1537
2024-08-03 11:10:00,756.5,1537
2024-08-03 11:11:00,770,1547
2024-08-03 11:12:00,756.5,1541
2024-08-03 11:13:00,770,1551
2024-08-03 11:14:00,770,1551
2024-08-03 11:15:00,770,1561
2024-08-03 11:16:00,770,1559
2024-08-03 11:17:00,770,1564
2024-08-03 11:18:00,783.5,1574
2024-08-03 11:19:00,783.5,1585
2024-08-03 11:20:00,783.5,1591
2024-08-03 11:21:00,783.5,1595
2024-08-03 11:22:00,797.1,1608
2024-08-03 11:23:00,811,1625
2024-08-03 11:24:00,811,1625
2024-08-03 11:25:00,817,1649
2024-08-03 11:26:00,824,1657
2024-08-03 11:27:00,811,1635
2024-08-03 11:28:00,811,1634
2024-08-03 11:29:00,831,1664
2024-08-03 11:30:00,865,1723
2024-08-03 11:31:00,932,1825
2024-08-03 11:32:00,405.3,863
2024-08-03 11:33:00,885,1732
2024-08-03 11:34:00,865,1693
2024-08-03 11:35:00,304,653.5
2024-08-03 11:36:00,256.7,551.9
2024-08-03 11:37:00,351.2,734.7
2024-08-03 11:38:00,351.2,734.7
2024-08-03 11:39:00,297.2,629.8
2024-08-03 11:40:00,946,1832
2024-08-03 11:41:00,946,1835
2024-08-03 11:42:00,946,1840
2024-08-03 11:43:00,405.3,867
2024-08-03 11:44:00,973,1910
2024-08-03 11:45:00,865,1696
2024-08-03 11:46:00,391.8,823
2024-08-03 11:47:00,351.2,727.9
2024-08-03 11:48:00,432.3,973
2024-08-03 11:49:00,905,1788
2024-08-03 11:50:00,892,1757
2024-08-03 11:51:00,283.7,636.5
2024-08-03 11:52:00,324.2,727.9
2024-08-03 11:53:00,986,1932
2024-08-03 11:54:00,432.3,904
2024-08-03 11:55:00,324.2,700.9
2024-08-03 11:56:00,486.3,1033
2024-08-03 11:57:00,932,1835
2024-08-03 11:58:00,959,1903
2024-08-03 11:59:00,499.8,1067
2024-08-03 12:00:00,1013,2009
2024-08-03 12:01:00,634.9,1327
2024-08-03 12:02:00,648.5,1348
2024-08-03 12:03:00,905,1811
2024-08-03 12:04:00,878,1762
2024-08-03 12:05:00,662,1358
2024-08-03 12:06:00,479.6,999
2024-08-03 12:07:00,459.3,955
2024-08-03 12:08:00,445.8,931
2024-08-03 12:09:00,445.8,934
2024-08-03 12:10:00,405.3,857
2024-08-03 12:11:00,378.3,788.9
2024-08-03 12:12:00,378.3,799.1
2024-08-03 12:13:00,418.8,896
2024-08-03 12:14:00,445.8,948
2024-08-03 12:15:00,405.3,838
2024-08-03 12:16:00,1027,2023
2024-08-03 12:17:00,391.8,857
2024-08-03 12:18:00,986,1954
2024-08-03 12:19:00,973,1937
2024-08-03 12:20:00,973,128.7
2024-08-03 12:21:00,270.2,595.9
2024-08-03 12:22:00,580.9,1241
2024-08-03 12:23:00,337.7,761.8
2024-08-03 12:24:00,959,1905
2024-08-03 12:25:00,919,1818
2024-08-03 12:26:00,905,1801
2024-08-03 12:27:00,932,1850
2024-08-03 12:28:00,946,1862
2024-08-03 12:29:00,973,1920
2024-08-03 12:30:00,959,1903
2024-08-03 12:31:00,662,1348
2024-08-03 12:32:00,243.2,545.1
2024-08-03 12:33:00,256.7,585.7
2024-08-03 12:34:00,973,1932
2024-08-03 12:35:00,790.3,1559
2024-08-03 12:36:00,986,1957
2024-08-03 12:37:00,932,1850
2024-08-03 12:38:00,689,1434
2024-08-03 12:39:00,1000,1977
2024-08-03 12:40:00,986,1950
2024-08-03 12:41:00,986,1930
2024-08-03 12:42:00,216.2,470.6
2024-08-03 12:43:00,256.7,541.7
2024-08-03 12:44:00,499.8,1043
2024-08-03 12:45:00,1121,2194
2024-08-03 12:46:00,486.3,1023
2024-08-03 12:47:00,1108,2147
2024-08-03 12:48:00,811,1593
2024-08-03 12:49:00,1033,2045
2024-08-03 12:50:00,1000,1977
2024-08-03 12:51:00,1013,2011
2024-08-03 12:52:00,1027,2031
2024-08-03 12:53:00,1013,2018
2024-08-03 12:54:00,1027,2025
2024-08-03 12:55:00,1054,2069
2024-08-03 12:56:00,1027,2042
2024-08-03 12:57:00,1013,2009
2024-08-03 12:58:00,946,1883
2024-08-03 12:59:00,1027,2028
2024-08-03 13:00:00,351.2,748.3
2024-08-03 13:01:00,973,1933
2024-08-03 13:02:00,580.9,1193
2024-08-03 13:03:00,324.2,699.2
2024-08-03 13:04:00,1081,2120
2024-08-03 13:05:00,607.9,1271
2024-08-03 13:06:00,1027,2011
2024-08-03 13:07:00,1013,2001
2024-08-03 13:08:00,1000,1971
2024-08-03 13:09:00,337.7,778.7
2024-08-03 13:10:00,973,1920
2024-08-03 13:11:00,1000,1981
2024-08-03 13:12:00,1013,2011
2024-08-03 13:13:00,324.2,707.6
2024-08-03 13:14:00,1040,2072
2024-08-03 13:15:00,1000,1994
2024-08-03 13:16:00,986,1954
2024-08-03 13:17:00,1000,1977
2024-08-03 13:18:00,1013,2003
2024-08-03 13:19:00,1027,2038
2024-08-03 13:20:00,1081,2120
2024-08-03 13:21:00,1121,2187
2024-08-03 13:22:00,351.2,738.1
2024-08-03 13:23:00,432.3,897
2024-08-03 13:24:00,919,1842
2024-08-03 13:25:00,351.2,741.5
2024-08-03 13:26:00,297.2,639.9
2024-08-03 13:27:00,243.2,521.4
2024-08-03 13:28:00,216.2,453.7
2024-08-03 13:29:00,297.2,623
2024-08-03 13:30:00,391.8,802
2024-08-03 13:31:00,391.8,819
2024-08-03 13:32:00,331,711
2024-08-03 13:33:00,919,1849
2024-08-03 13:34:00,1040,2069
2024-08-03 13:35:00,986,1957
2024-08-03 13:36:00,973,1930
2024-08-03 13:37:00,986,1960
2024-08-03 13:38:00,1027,2037
2024-08-03 13:39:00,364.8,816
2024-08-03 13:40:00,1027,2038
2024-08-03 13:41:00,283.7,629.8
2024-08-03 13:42:00,270.2,602.7
2024-08-03 13:43:00,378.3,838
2024-08-03 13:44:00,283.7,609.4
2024-08-03 13:45:00,1040,2048
2024-08-03 13:46:00,351.2,772
2024-08-03 13:47:00,283.7,629.8
2024-08-03 13:48:00,1067,2099
2024-08-03 13:49:00,324.2,694.1
2024-08-03 13:50:00,256.7,565.4
2024-08-03 13:51:00,892,1816
2024-08-03 13:52:00,946,1915
2024-08-03 13:53:00,986,1971
2024-08-03 13:54:00,378.3,868
2024-08-03 13:55:00,986,1957
2024-08-03 13:56:00,973,1937
2024-08-03 13:57:00,973,1935
2024-08-03 13:58:00,986,1971
2024-08-03 13:59:00,973,1928
2024-08-03 14:00:00,946,1869
2024-08-03 14:01:00,256.7,589.1
2024-08-03 14:02:00,1013,2015
2024-08-03 14:03:00,1013,2006
2024-08-03 14:04:00,1006,2004
2024-08-03 14:05:00,986,1967
2024-08-03 14:06:00,310.7,724.6
2024-08-03 14:07:00,1000,1989
2024-08-03 14:08:00,952,1899
2024-08-03 14:09:00,932,1859
2024-08-03 14:10:00,378.3,862
2024-08-03 14:11:00,979,1950
2024-08-03 14:12:00,641.7,1326
2024-08-03 14:13:00,946,1906
2024-08-03 14:14:00,973,1940
2024-08-03 14:15:00,270.2,604.4
2024-08-03 14:16:00,986,1977
2024-08-03 14:17:00,540.4,1111
2024-08-03 14:18:00,919,1825
2024-08-03 14:19:00,1027,2042
2024-08-03 14:20:00,1013,2004
2024-08-03 14:21:00,1000,1982
2024-08-03 14:22:00,973,1943
2024-08-03 14:23:00,946,1901
2024-08-03 14:24:00,959,1918
2024-08-03 14:25:00,973,1955
2024-08-03 14:26:00,912,1838
2024-08-03 14:27:00,364.8,816
2024-08-03 14:28:00,1067,2106
2024-08-03 14:29:00,445.8,950
2024-08-03 14:30:00,310.7,672.1
2024-08-03 14:31:00,297.2,643.3
2024-08-03 14:32:00,702.5,1439
2024-08-03 14:33:00,1013,2011
2024-08-03 14:34:00,1040,2052
2024-08-03 14:35:00,1027,2015
2024-08-03 14:36:00,648.5,1336
2024-08-03 14:37:00,324.2,707.6
2024-08-03 14:38:00,905,1788
2024-08-03 14:39:00,310.7,670.4
2024-08-03 14:40:00,337.7,711
2024-08-03 14:41:00,797.1,1598
2024-08-03 14:42:00,1013,2011
2024-08-03 14:43:00,1000,1998
2024-08-03 14:44:00,973,1947
2024-08-03 14:45:00,1000,1974
2024-08-03 14:46:00,533.6,1149
2024-08-03 14:47:00,986,1960
2024-08-03 14:48:00,973,1937
2024-08-03 14:49:00,946,1883
2024-08-03 14:50:00,905,1815
2024-08-03 14:51:00,324.2,721.2
2024-08-03 14:52:00,283.7,629.8
2024-08-03 14:53:00,675.5,1371
2024-08-03 14:54:00,270.2,579
2024-08-03 14:55:00,283.7,602.7
2024-08-03 14:56:00,297.2,636.5
2024-08-03 14:57:00,364.8,755
2024-08-03 14:58:00,364.8,758.4
2024-08-03 14:59:00,959,1911
2024-08-03 15:00:00,973,1933
2024-08-03 15:01:00,932,1852
2024-08-03 15:02:00,919,1815
2024-08-03 15:03:00,919,1842
2024-08-03 15:04:00,243.2,551.9
2024-08-03 15:05:00,824,1644
2024-08-03 15:06:00,743,1554
2024-08-03 15:07:00,905,1798
2024-08-03 15:08:00,973,1937
2024-08-03 15:09:00,337.7,721.2
2024-08-03 15:10:00,256.7,562
2024-08-03 15:11:00,297.2,636.5
2024-08-03 15:12:00,337.7,717.8
2024-08-03 15:13:00,418.8,906
2024-08-03 15:14:00,405.3,860
2024-08-03 15:15:00,391.8,863
2024-08-03 15:16:00,324.2,690.7
2024-08-03 15:17:00,283.7,629.8
2024-08-03 15:18:00,270.2,582.4
2024-08-03 15:19:00,243.2,528.2
2024-08-03 15:20:00,283.7,616.2
2024-08-03 15:21:00,966,1910
2024-08-03 15:22:00,702.5,1432
2024-08-03 15:23:00,324.2,711
2024-08-03 15:24:00,783.5,1598
2024-08-03 15:25:00,946,1872
2024-08-03 15:26:00,932,1849
2024-08-03 15:27:00,418.8,894
2024-08-03 15:28:00,959,1903
2024-08-03 15:29:00,946,1867
2024-08-03 15:30:00,310.7,660.2
2024-08-03 15:31:00,270.2,582.4
2024-08-03 15:32:00,297.2,643.3
2024-08-03 15:33:00,351.2,751.7
2024-08-03 15:34:00,364.8,761.8
2024-08-03 15:35:00,405.3,897
2024-08-03 15:36:00,905,1791
2024-08-03 15:37:00,567.4,1161
2024-08-03 15:38:00,351.2,778.7
2024-08-03 15:39:00,905,1784
2024-08-03 15:40:00,838,1647
2024-08-03 15:41:00,946,1876
2024-08-03 15:42:00,337.7,748.3
2024-08-03 15:43:00,580.9,1226
2024-08-03 15:44:00,378.3,830
2024-08-03 15:45:00,310.7,683.9
2024-08-03 15:46:00,607.9,1239
2024-08-03 15:47:00,486.3,1026
2024-08-03 15:48:00,QCF,857
2024-08-03 15:49:00,405.3,840
2024-08-03 15:50:00,364.8,788.9
2024-08-03 15:51:00,418.8,890
2024-08-03 15:52:00,432.3,897
2024-08-03 15:53:00,560.6,1151
2024-08-03 15:54:00,418.8,894
2024-08-03 15:55:00,324.2,697.5
2024-08-03 15:56:00,472.8,975
2024-08-03 15:57:00,607.9,1243
2024-08-03 15:58:00,553.9,1141
2024-08-03 15:59:00,540.4,1111
2024-08-03 16:00:00,351.2,755
2024-08-03 16:01:00,337.7,734.7
2024-08-03 16:02:00,310.7,677.2
2024-08-03 16:03:00,270.2,575.6
2024-08-03 16:04:00,229.7,501.1
2024-08-03 16:05:00,202.6,446.9
2024-08-03 16:06:00,189.1,413.1
2024-08-03 16:07:00,175.6,399.5
2024-08-03 16:08:00,175.6,399.5
2024-08-03 16:09:00,189.1,416.5
2024-08-03 16:10:00,209.4,457.1
2024-08-03 16:11:00,175.6,524.8
2024-08-03 16:12:00,229.7,507.9
2024-08-03 16:13:00,229.7,490.9
2024-08-03 16:14:00,216.2,480.8
2024-08-03 16:15:00,216.2,480.8
2024-08-03 16:16:00,216.2,477.4
2024-08-03 16:17:00,216.2,463.9
2024-08-03 16:18:00,202.6,443.5
2024-08-03 16:19:00,189.1,426.6
2024-08-03 16:20:00,189.1,413.1
2024-08-03 16:21:00,175.6,389.4
2024-08-03 16:22:00,162.1,372.4
2024-08-03 16:23:00,162.1,355.5
2024-08-03 16:24:00,148.6,331.8
2024-08-03 16:25:00,135.1,308.1
2024-08-03 16:26:00,121.6,286.1
2024-08-03 16:27:00,108.1,260.7
2024-08-03 16:28:00,108.1,240.4
2024-08-03 16:29:00,94.6,226.8
2024-08-03 16:30:00,94.6,216.7
2024-08-03 16:31:00,94.6,209.9
2024-08-03 16:32:00,81.1,206.5
2024-08-03 16:33:00,81.1,206.5
2024-08-03 16:34:00,87.8,209.9
2024-08-03 16:35:00,94.6,209.9
2024-08-03 16:36:00,94.6,213.3
2024-08-03 16:37:00,94.6,213.3
2024-08-03 16:38:00,81.1,209.9
2024-08-03 16:39:00,81.1,206.5
2024-08-03 16:40:00,81.1,199.8
2024-08-03 16:41:00,81.1,189.6
2024-08-03 16:42:00,81.1,176.1
2024-08-03 16:43:00,81.1,159.1
2024-08-03 16:44:00,67.55,142.2
2024-08-03 16:45:00,67.55,132
2024-08-03 16:46:00,54.04,121.9
2024-08-03 16:47:00,54.04,111.7
2024-08-03 16:48:00,54.04,105
2024-08-03 16:49:00,47.28,98.2
2024-08-03 16:50:00,40.53,91.4
2024-08-03 16:51:00,40.53,84.6
2024-08-03 16:52:00,40.53,81.3
2024-08-03 16:53:00,40.53,77.87
2024-08-03 16:54:00,40.53,77.87
2024-08-03 16:55:00,40.53,77.87
2024-08-03 16:56:00,40.53,77.87
2024-08-03 16:57:00,40.53,81.3
2024-08-03 16:58:00,40.53,81.3
2024-08-03 16:59:00,40.53,81.3
2024-08-03 17:00:00,40.53,84.6
2024-08-03 17:01:00,40.53,84.6
2024-08-03 17:02:00,40.53,84.6
2024-08-03 17:03:00,40.53,88
2024-08-03 17:04:00,40.53,88
2024-08-03 17:05:00,40.53,88
2024-08-03 17:06:00,40.53,91.4
2024-08-03 17:07:00,40.53,94.8
2024-08-03 17:08:00,40.53,98.2
2024-08-03 17:09:00,40.53,101.6
2024-08-03 17:10:00,40.53,106.7
2024-08-03 17:11:00,40.53,108.3
2024-08-03 17:12:00,40.53,108.3
2024-08-03 17:13:00,40.53,108.3
2024-08-03 17:14:00,54.04,108.3
2024-08-03 17:15:00,54.04,105
2024-08-03 17:16:00,54.04,101.6
2024-08-03 17:17:00,54.04,98.2
2024-08-03 17:18:00,47.28,93.1
2024-08-03 17:19:00,40.53,88
2024-08-03 17:20:00,40.53,81.3
2024-08-03 17:21:00,40.53,77.87
2024-08-03 17:22:00,40.53,74.49
2024-08-03 17:23:00,40.53,74.49
2024-08-03 17:24:00,40.53,74.49
2024-08-03 17:25:00,40.53,74.49
2024-08-03 17:26:00,40.53,74.49
2024-08-03 17:27:00,40.53,74.49
2024-08-03 17:28:00,40.53,76.18
2024-08-03 17:29:00,40.53,77.87
2024-08-03 17:30:00,40.53,81.3
2024-08-03 17:31:00,40.53,81.3
2024-08-03 17:32:00,40.53,81.3
2024-08-03 17:33:00,40.53,77.87
2024-08-03 17:34:00,27.02,74.49
2024-08-03 17:35:00,40.53,74.49
2024-08-03 17:36:00,40.53,71.1
2024-08-03 17:37:00,40.53,67.72
2024-08-03 17:38:00,40.53,67.72
2024-08-03 17:39:00,40.53,64.33
2024-08-03 17:40:00,40.53,64.33
2024-08-03 17:41:00,33.77,64.33
2024-08-03 17:42:00,27.02,64.33
2024-08-03 17:43:00,27.02,64.33
2024-08-03 17:44:00,27.02,64.33
2024-08-03 17:45:00,27.02,60.94
2024-08-03 17:46:00,27.02,60.94
2024-08-03 17:47:00,27.02,60.94
2024-08-03 17:48:00,27.02,60.94
2024-08-03 17:49:00,27.02,60.94
2024-08-03 17:50:00,27.02,60.94
2024-08-03 17:51:00,27.02,57.56
2024-08-03 17:52:00,27.02,54.17
2024-08-03 17:53:00,27.02,40.63
2024-08-03 17:54:00,QCF,QCF
2024-08-03 17:55:00,QCF,QCF
2024-08-03 17:56:00,QCF,QCF
2024-08-03 17:57:00,QCF,QCF
2024-08-03 17:58:00,QCF,QCF
2024-08-03 17:59:00,QCF,QCF
2024-08-03 18:00:00,QCF,QCF
2024-08-03 18:01:00,QCF,QCF
2024-08-03 18:02:00,QCF,QCF
2024-08-03 18:03:00,QCF,QCF
2024-08-03 18:04:00,QCF,QCF
2024-08-03 18:05:00,QCF,QCF
2024-08-03 18:06:00,QCF,QCF
2024-08-03 18:07:00,QCF,QCF
2024-08-03 18:08:00,QCF,QCF
2024-08-03 18:09:00,QCF,QCF
2024-08-03 18:10:00,QCF,QCF
2024-08-03 18:11:00,QCF,QCF
2024-08-03 18:12:00,QCF,QCF
2024-08-03 18:13:00,QCF,22.01
2024-08-03 18:14:00,QCF,QCF
2024-08-03 18:15:00,QCF,QCF
2024-08-03 18:16:00,QCF,QCF
2024-08-03 18:17:00,QCF,QCF
2024-08-03 18:18:00,QCF,QCF
2024-08-03 18:19:00,QCF,QCF
2024-08-03 18:20:00,QCF,QCF
2024-08-03 18:21:00,QCF,QCF
2024-08-03 18:22:00,QCF,20.31
2024-08-03 18:23:00,QCF,20.31
2024-08-03 18:24:00,QCF,20.31
2024-08-03 18:25:00,QCF,20.31
2024-08-03 18:26:00,QCF,20.31
2024-08-03 18:27:00,QCF,20.31
2024-08-03 18:28:00,QCF,20.31
2024-08-03 18:29:00,QCF,20.31
2024-08-03 18:30:00,QCF,20.31
2024-08-03 18:31:00,QCF,20.31
2024-08-03 18:32:00,QCF,23.7
2024-08-03 18:33:00,QCF,23.7
2024-08-03 18:34:00,QCF,23.7
2024-08-03 18:35:00,QCF,23.7
2024-08-03 18:36:00,QCF,23.7
2024-08-03 18:37:00,QCF,23.7
2024-08-03 18:38:00,QCF,23.7
2024-08-03 18:39:00,QCF,23.7
2024-08-03 18:40:00,QCF,23.7
2024-08-03 18:41:00,QCF,23.7
2024-08-03 18:42:00,QCF,23.7
2024-08-03 18:43:00,QCF,20.31
2024-08-03 18:44:00,QCF,20.31
2024-08-03 18:45:00,QCF,20.31
2024-08-03 18:46:00,QCF,20.31
2024-08-03 18:47:00,QCF,20.31
2024-08-03 18:48:00,QCF,20.31
2024-08-03 18:49:00,QCF,20.31
2024-08-03 18:50:00,QCF,20.31
2024-08-03 18:51:00,QCF,20.31
2024-08-03 18:52:00,QCF,20.31
2024-08-03 18:53:00,QCF,20.31
2024-08-03 18:54:00,QCF,20.31
2024-08-03 18:55:00,QCF,16.93
2024-08-03 18:56:00,QCF,16.93
2024-08-03 18:57:00,QCF,16.93
2024-08-03 18:58:00,QCF,15.23
2024-08-03 18:59:00,QCF,13.54
2024-08-03 19:00:00,QCF,13.54
2024-08-03 19:01:00,QCF,QCF
2024-08-03 19:02:00,QCF,QCF
2024-08-03 19:03:00,QCF,QCF
2024-08-03 19:04:00,QCF,QCF
2024-08-03 19:05:00,QCF,QCF
2024-08-03 19:06:00,QCF,QCF
2024-08-03 19:07:00,QCF,QCF
2024-08-03 19:08:00,QCF,QCF
2024-08-03 19:09:00,QCF,QCF
2024-08-03 19:10:00,QCF,QCF
2024-08-03 19:11:00,QCF,QCF
2024-08-03 19:12:00,QCF,QCF
2024-08-03 19:13:00,QCF,QCF
2024-08-03 19:14:00,QCF,QCF
2024-08-03 19:15:00,QCF,QCF
2024-08-03 19:16:00,QCF,QCF
2024-08-03 19:17:00,QCF,10.16
2024-08-03 19:18:00,QCF,10.16
2024-08-03 19:19:00,QCF,10.16
2024-08-03 19:20:00,QCF,10.16
2024-08-03 19:21:00,QCF,QCF
2024-08-03 19:22:00,QCF,QCF
2024-08-03 19:23:00,QCF,QCF
2024-08-03 19:24:00,QCF,QCF
2024-08-03 19:25:00,QCF,QCF
2024-08-03 19:26:00,QCF,QCF
2024-08-03 19:27:00,QCF,QCF
2024-08-03 19:28:00,QCF,QCF
2024-08-03 19:29:00,QCF,QCF
2024-08-03 19:30:00,QCF,QCF
2024-08-03 19:31:00,QCF,QCF
2024-08-03 19:32:00,QCF,QCF
2024-08-03 19:33:00,QCF,QCF
2024-08-03 19:34:00,QCF,QCF
2024-08-03 19:35:00,QCF,QCF
2024-08-03 19:36:00,QCF,6.77
2024-08-03 19:37:00,QCF,6.77
2024-08-03 19:38:00,QCF,6.77
2024-08-03 19:39:00,QCF,6.77
2024-08-03 19:40:00,QCF,8.46
2024-08-03 19:41:00,QCF,10.16
2024-08-03 19:42:00,QCF,10.16
2024-08-03 19:43:00,QCF,10.16
2024-08-03 19:44:00,QCF,10.16
2024-08-03 19:45:00,QCF,13.54
2024-08-03 19:46:00,QCF,13.54
2024-08-03 19:47:00,QCF,13.54
2024-08-03 19:48:00,QCF,13.54
2024-08-03 19:49:00,QCF,16.93
2024-08-03 19:50:00,QCF,16.93
2024-08-03 19:51:00,QCF,16.93
2024-08-03 19:52:00,QCF,16.93
2024-08-03 19:53:00,QCF,16.93
2024-08-03 19:54:00,QCF,16.93
2024-08-03 19:55:00,QCF,16.93
2024-08-03 19:56:00,QCF,16.93
2024-08-03 19:57:00,QCF,16.93
2024-08-03 19:58:00,QCF,13.54
2024-08-03 19:59:00,QCF,13.54
2024-08-03 20:00:00,QCF,13.54
2024-08-03 20:01:00,QCF,13.54
2024-08-03 20:02:00,QCF,10.16
2024-08-03 20:03:00,QCF,10.16
2024-08-03 20:04:00,QCF,10.16
2024-08-03 20:05:00,QCF,10.16
2024-08-03 20:06:00,QCF,10.16
2024-08-03 20:07:00,QCF,6.77
2024-08-03 20:08:00,QCF,6.77
2024-08-03 20:09:00,QCF,6.77
2024-08-03 20:10:00,QCF,6.77
2024-08-03 20:11:00,QCF,6.77
2024-08-03 20:12:00,QCF,QCF
2024-08-03 20:13:00,QCF,QCF
2025-06-28 06:16:00,20.71,40.62
2025-06-28 06:17:00,27.61,40.62
2025-06-28 06:18:00,27.61,40.62
2025-06-28 06:19:00,27.61,40.62
2025-06-28 06:20:00,27.61,40.62
2025-06-28 06:21:00,27.61,44.01
2025-06-28 06:22:00,27.61,47.39
2025-06-28 06:23:00,27.61,47.39
2025-06-28 06:24:00,27.61,54.16
2025-06-28 06:25:00,27.61,54.16
2025-06-28 06:26:00,27.61,60.93
2025-06-28 06:27:00,27.61,60.93
2025-06-28 06:28:00,27.61,60.93
2025-06-28 06:29:00,27.61,67.7
2025-06-28 06:30:00,41.42,67.7
2025-06-28 06:31:00,41.42,74.48
2025-06-28 06:32:00,41.42,81.2
2025-06-28 06:33:00,55.22,88
2025-06-28 06:34:00,69.03,94.8
2025-06-28 06:35:00,69.03,94.8
2025-06-28 06:36:00,69.03,101.6
2025-06-28 06:37:00,69.03,101.6
2025-06-28 06:38:00,69.03,108.3
2025-06-28 06:39:00,69.03,115.1
2025-06-28 06:40:00,82.8,115.1
2025-06-28 06:41:00,82.8,121.9
2025-06-28 06:42:00,82.8,128.6
2025-06-28 06:43:00,82.8,135.4
2025-06-28 06:44:00,82.8,142.2
2025-06-28 06:45:00,82.8,142.2
2025-06-28 06:46:00,82.8,149
2025-06-28 06:47:00,82.8,155.7
2025-06-28 06:48:00,82.8,162.5
2025-06-28 06:49:00,82.8,162.5
2025-06-28 06:50:00,82.8,169.3
2025-06-28 06:51:00,82.8,176
2025-06-28 06:52:00,82.8,176
2025-06-28 06:53:00,89.7,182.8
2025-06-28 06:54:00,96.6,189.6
2025-06-28 06:55:00,96.6,189.6
2025-06-28 06:56:00,96.6,196.3
2025-06-28 06:57:00,96.6,203.1
2025-06-28 06:58:00,96.6,209.9
2025-06-28 06:59:00,103.5,213.3
2025-06-28 07:00:00,110.4,216.7
2025-06-28 07:01:00,110.4,223.4
2025-06-28 07:02:00,110.4,230.2
2025-06-28 07:03:00,110.4,230.2
2025-06-28 07:04:00,124.2,237
2025-06-28 07:05:00,124.2,243.7
2025-06-28 07:06:00,124.2,250.5
2025-06-28 07:07:00,124.2,257.3
2025-06-28 07:08:00,124.2,264
2025-06-28 07:09:00,138.1,270.8
2025-06-28 07:10:00,138.1,277.6
2025-06-28 07:11:00,138.1,284.4
2025-06-28 07:12:00,138.1,284.4
2025-06-28 07:13:00,151.9,291.1
2025-06-28 07:14:00,151.9,297.9
2025-06-28 07:15:00,151.9,304.7
2025-06-28 07:16:00,151.9,311.4
2025-06-28 07:17:00,165.7,318.2
2025-06-28 07:18:00,165.7,325
2025-06-28 07:19:00,165.7,331.8
2025-06-28 07:20:00,165.7,338.5
2025-06-28 07:21:00,165.7,345.3
2025-06-28 07:22:00,172.6,352.1
2025-06-28 07:23:00,179.5,358.8
2025-06-28 07:24:00,179.5,365.6
2025-06-28 07:25:00,179.5,365.6
2025-06-28 07:26:00,179.5,372.4
2025-06-28 07:27:00,186.4,379.2
2025-06-28 07:28:00,193.3,385.9
2025-06-28 07:29:00,193.3,QCF
2025-06-28 07:30:00,193.3,399.5
2025-06-28 07:31:00,193.3,406.2
2025-06-28 07:32:00,193.3,409.6
2025-06-28 07:33:00,207.1,413
2025-06-28 07:34:00,207.1,419.8
2025-06-28 07:35:00,207.1,426.5
2025-06-28 07:36:00,207.1,433.3
2025-06-28 07:37:00,207.1,440.1
2025-06-28 07:38:00,220.9,453.6
2025-06-28 07:39:00,220.9,460.4
2025-06-28 07:40:00,220.9,467.2
2025-06-28 07:41:00,234.7,474
2025-06-28 07:42:00,234.7,480.7
2025-06-28 07:43:00,234.7,487.5
2025-06-28 07:44:00,234.7,487.5
2025-06-28 07:45:00,234.7,494.3
2025-06-28 07:46:00,234.7,501
2025-06-28 07:47:00,248.5,507.8
2025-06-28 07:48:00,248.5,514.6
2025-06-28 07:49:00,248.5,521.3
2025-06-28 07:50:00,248.5,528.1
2025-06-28 07:51:00,255.4,534.9
2025-06-28 07:52:00,262.3,548.4
2025-06-28 07:53:00,262.3,555.2
2025-06-28 07:54:00,262.3,562
2025-06-28 07:55:00,276.1,568.8
2025-06-28 07:56:00,276.1,575.5
2025-06-28 07:57:00,276.1,589.1
2025-06-28 07:58:00,276.1,589.1
2025-06-28 07:59:00,289.9,602.6
2025-06-28 08:00:00,289.9,609.4
2025-06-28 08:01:00,289.9,616.2
2025-06-28 08:02:00,289.9,622.9
2025-06-28 08:03:00,303.7,629.7
2025-06-28 08:04:00,303.7,636.5
2025-06-28 08:05:00,303.7,643.3
2025-06-28 08:06:00,303.7,650
2025-06-28 08:07:00,303.7,650
2025-06-28 08:08:00,303.7,656.8
2025-06-28 08:09:00,317.6,663.6
2025-06-28 08:10:00,317.6,670.4
2025-06-28 08:11:00,317.6,683.9
2025-06-28 08:12:00,317.6,690.7
2025-06-28 08:13:00,317.6,690.7
2025-06-28 08:14:00,331.4,700.8
2025-06-28 08:15:00,331.4,711
2025-06-28 08:16:00,331.4,717.8
2025-06-28 08:17:00,331.4,717.8
2025-06-28 08:18:00,345.2,731.3
2025-06-28 08:19:00,345.2,738.1
2025-06-28 08:20:00,345.2,758.4
2025-06-28 08:21:00,359,765.2
2025-06-28 08:22:00,359,772
2025-06-28 08:23:00,359,772
2025-06-28 08:24:00,359,778.7
2025-06-28 08:25:00,359,778.7
2025-06-28 08:26:00,372.8,792.3
2025-06-28 08:27:00,372.8,799
2025-06-28 08:28:00,372.8,799.1
2025-06-28 08:29:00,372.8,799.1
2025-06-28 08:30:00,372.8,806
2025-06-28 08:31:00,372.8,799.1
2025-06-28 08:32:00,372.8,799.1
2025-06-28 08:33:00,386.6,819
2025-06-28 08:34:00,386.6,819
2025-06-28 08:35:00,386.6,833
2025-06-28 08:36:00,400.4,840
2025-06-28 08:37:00,400.4,860
2025-06-28 08:38:00,414.2,880
2025-06-28 08:39:00,414.2,901
2025-06-28 08:40:00,414.2,897
2025-06-28 08:41:00,428,907
2025-06-28 08:42:00,428,907
2025-06-28 08:43:00,428,928
2025-06-28 08:44:00,428,907
2025-06-28 08:45:00,414.2,874
2025-06-28 08:46:00,359,799.1
2025-06-28 08:47:00,372.8,836
2025-06-28 08:48:00,400.4,874
2025-06-28 08:49:00,455.6,975
2025-06-28 08:50:00,462.5,975
2025-06-28 08:51:00,469.4,982
2025-06-28 08:52:00,469.4,995
2025-06-28 08:53:00,483.3,1016
2025-06-28 08:54:00,483.3,1016
2025-06-28 08:55:00,497.1,1023
2025-06-28 08:56:00,510.9,1056
2025-06-28 08:57:00,524.7,1083
2025-06-28 08:58:00,524.7,1097
2025-06-28 08:59:00,428,928
2025-06-28 09:00:00,234.7,602.7
2025-06-28 09:01:00,566.1,1158
2025-06-28 09:02:00,593.7,1205
2025-06-28 09:03:00,607.5,1232
2025-06-28 09:04:00,607.5,1253
2025-06-28 09:05:00,607.5,1243
2025-06-28 09:06:00,593.7,1239
2025-06-28 09:07:00,593.7,1226
2025-06-28 09:08:00,428,948
2025-06-28 09:09:00,469.4,1002
2025-06-28 09:10:00,552.3,1151
2025-06-28 09:11:00,566.1,1171
2025-06-28 09:12:00,179.5,535
2025-06-28 09:13:00,414.2,928
2025-06-28 09:14:00,566.1,1178
2025-06-28 09:15:00,552.3,1178
2025-06-28 09:16:00,552.3,1165
2025-06-28 09:17:00,524.7,1097
2025-06-28 09:18:00,538.5,1124
2025-06-28 09:19:00,538.5,1124
2025-06-28 09:20:00,552.3,1158
2025-06-28 09:21:00,552.3,1165
2025-06-28 09:22:00,552.3,1171
2025-06-28 09:23:00,566.1,1205
2025-06-28 09:24:00,566.1,1199
2025-06-28 09:25:00,566.1,1219
2025-06-28 09:26:00,566.1,1212
2025-06-28 09:27:00,566.1,1219
2025-06-28 09:28:00,579.9,1232
2025-06-28 09:29:00,579.9,1232
2025-06-28 09:30:00,579.9,1239
2025-06-28 09:31:00,579.9,1246
2025-06-28 09:32:00,593.7,1260
2025-06-28 09:33:00,593.7,1273
2025-06-28 09:34:00,593.7,1273
2025-06-28 09:35:00,593.7,1280
2025-06-28 09:36:00,600.6,1287
2025-06-28 09:37:00,607.5,1293
2025-06-28 09:38:00,607.5,1300
2025-06-28 09:39:00,607.5,1307
2025-06-28 09:40:00,614.4,1314
2025-06-28 09:41:00,621.3,1320
2025-06-28 09:42:00,621.3,1327
2025-06-28 09:43:00,621.3,1334
2025-06-28 09:44:00,621.3,1334
2025-06-28 09:45:00,635.1,1354
2025-06-28 09:46:00,635.1,1354
2025-06-28 09:47:00,635.1,1354
2025-06-28 09:48:00,635.1,1354
2025-06-28 09:49:00,635.1,1368
2025-06-28 09:50:00,635.1,1375
2025-06-28 09:51:00,648.9,1388
2025-06-28 09:52:00,648.9,1395
2025-06-28 09:53:00,648.9,1402
2025-06-28 09:54:00,648.9,1402
2025-06-28 09:55:00,662.8,1415
2025-06-28 09:56:00,662.8,1429
2025-06-28 09:57:00,662.8,1425
2025-06-28 09:58:00,662.8,1436
2025-06-28 09:59:00,669.7,1436
2025-06-28 10:00:00,676.6,1442
2025-06-28 10:01:00,676.6,1449
2025-06-28 10:02:00,676.6,1456
2025-06-28 10:03:00,676.6,1456
2025-06-28 10:04:00,676.6,1449
2025-06-28 10:05:00,690.4,1466
2025-06-28 10:06:00,690.4,1476
2025-06-28 10:07:00,690.4,1476
2025-06-28 10:08:00,690.4,1490
2025-06-28 10:09:00,704.2,1500
2025-06-28 10:10:00,704.2,1503
2025-06-28 10:11:00,704.2,1510
2025-06-28 10:12:00,704.2,1517
2025-06-28 10:13:00,711.1,1524
2025-06-28 10:14:00,718,1524
2025-06-28 10:15:00,718,1530
2025-06-28 10:16:00,718,1530
2025-06-28 10:17:00,718,1537
2025-06-28 10:18:00,731.8,1554
2025-06-28 10:19:00,731.8,1557
2025-06-28 10:20:00,731.8,1557
2025-06-28 10:21:00,731.8,1564
2025-06-28 10:22:00,731.8,1571
2025-06-28 10:23:00,731.8,1571
2025-06-28 10:24:00,745.6,1578
2025-06-28 10:25:00,745.6,1585
2025-06-28 10:26:00,745.6,1591
2025-06-28 10:27:00,745.6,1601
2025-06-28 10:28:00,745.6,1612
2025-06-28 10:29:00,759.4,1618
2025-06-28 10:30:00,759.4,1618
2025-06-28 10:31:00,759.4,1625
2025-06-28 10:32:00,759.4,1632
2025-06-28 10:33:00,759.4,1632
2025-06-28 10:34:00,766.3,1632
2025-06-28 10:35:00,766.3,1639
2025-06-28 10:36:00,773.2,1652
2025-06-28 10:37:00,773.2,1652
2025-06-28 10:38:00,773.2,1659
2025-06-28 10:39:00,773.2,1666
2025-06-28 10:40:00,787,1669
2025-06-28 10:41:00,787,1673
2025-06-28 10:42:00,787,1676
2025-06-28 10:43:00,787,1679
2025-06-28 10:44:00,787,1686
2025-06-28 10:45:00,801,1700
2025-06-28 10:46:00,801,1710
2025-06-28 10:47:00,801,1720
2025-06-28 10:48:00,801,1720
2025-06-28 10:49:00,815,1727
2025-06-28 10:50:00,815,1734
2025-06-28 10:51:00,815,1734
2025-06-28 10:52:00,815,1734
2025-06-28 10:53:00,815,1740
2025-06-28 10:54:00,815,1740
2025-06-28 10:55:00,815,1747
2025-06-28 10:56:00,828,1757
2025-06-28 10:57:00,828,1761
2025-06-28 10:58:00,828,1764
2025-06-28 10:59:00,828,1767
2025-06-28 11:00:00,835,1774
2025-06-28 11:01:00,835,1774
2025-06-28 11:02:00,842,1774
2025-06-28 11:03:00,842,1781
2025-06-28 11:04:00,842,1788
2025-06-28 11:05:00,842,1791
2025-06-28 11:06:00,842,1794
2025-06-28 11:07:00,842,1798
2025-06-28 11:08:00,842,1801
2025-06-28 11:09:00,856,1801
2025-06-28 11:10:00,856,1808
2025-06-28 11:11:00,856,1815
2025-06-28 11:12:00,856,1822
2025-06-28 11:13:00,856,1815
2025-06-28 11:14:00,856,1822
2025-06-28 11:15:00,856,1828
2025-06-28 11:16:00,870,1828
2025-06-28 11:17:00,870,1835
2025-06-28 11:18:00,870,QCF
2025-06-28 11:19:00,870,1842
2025-06-28 11:20:00,870,1855
2025-06-28 11:21:00,884,1862
2025-06-28 11:22:00,884,1869
2025-06-28 11:23:00,884,1869
2025-06-28 11:24:00,884,1869
2025-06-28 11:25:00,884,1862
2025-06-28 11:26:00,884,1869
2025-06-28 11:27:00,884,1876
2025-06-28 11:28:00,QCF,1889
2025-06-28 11:29:00,QCF,1883
2025-06-28 11:30:00,891,1889
2025-06-28 11:31:00,897,1896
2025-06-28 11:32:00,897,1910
2025-06-28 11:33:00,904,1916
2025-06-28 11:34:00,911,1920
2025-06-28 11:35:00,897,1920
2025-06-28 11:36:00,911,1920
2025-06-28 11:37:00,898,1923
2025-06-28 11:38:00,897,1910
2025-06-28 11:39:00,911,1930
2025-06-28 11:40:00,911,1937
2025-06-28 11:41:00,911,1940
2025-06-28 11:42:00,911,1943
2025-06-28 11:43:00,925,1954
2025-06-28 11:44:00,925,1954
2025-06-28 11:45:00,925,1950
2025-06-28 11:46:00,925,1957
2025-06-28 11:47:00,925,1957
2025-06-28 11:48:00,925,1971
2025-06-28 11:49:00,925,1971
2025-06-28 11:50:00,932,1977
2025-06-28 11:51:00,939,1977
2025-06-28 11:52:00,925,1964
2025-06-28 11:53:00,932,1971
2025-06-28 11:54:00,939,1977
2025-06-28 11:55:00,939,1977
2025-06-28 11:56:00,939,1998
2025-06-28 11:57:00,953,1998
2025-06-28 11:58:00,939,1998
2025-06-28 11:59:00,939,1998
2025-06-28 12:00:00,953,2004
2025-06-28 12:01:00,953,2018
2025-06-28 12:02:00,953,2018
2025-06-28 12:03:00,967,2025
2025-06-28 12:04:00,967,2028
2025-06-28 12:05:00,953,2025
2025-06-28 12:06:00,953,2025
2025-06-28 12:07:00,967,2035
2025-06-28 12:08:00,953,2032
2025-06-28 12:09:00,967,2032
2025-06-28 12:10:00,967,2038
2025-06-28 12:11:00,967,2052
2025-06-28 12:12:00,967,2059
2025-06-28 12:13:00,980,2065
2025-06-28 12:14:00,980,2072
2025-06-28 12:15:00,980,2082
2025-06-28 12:16:00,980,2072
2025-06-28 12:17:00,980,2072
2025-06-28 12:18:00,980,2079
2025-06-28 12:19:00,980,2072
2025-06-28 12:20:00,980,2065
2025-06-28 12:21:00,980,2072
2025-06-28 12:22:00,980,2072
2025-06-28 12:23:00,980,2069
2025-06-28 12:24:00,980,2072
2025-06-28 12:25:00,980,2076
2025-06-28 12:26:00,980,2079
2025-06-28 12:27:00,980,2086
2025-06-28 12:28:00,994,2093
2025-06-28 12:29:00,994,2106
2025-06-28 12:30:00,1008,2113
2025-06-28 12:31:00,1008,2133
2025-06-28 12:32:00,1022,2150
2025-06-28 12:33:00,1008,2133
2025-06-28 12:34:00,1008,2127
2025-06-28 12:35:00,1008,2120
2025-06-28 12:36:00,1008,2133
2025-06-28 12:37:00,1022,2147
2025-06-28 12:38:00,1022,2164
2025-06-28 12:39:00,1036,2188
2025-06-28 12:40:00,1043,2184
2025-06-28 12:41:00,1036,2181
2025-06-28 12:42:00,1049,2194
2025-06-28 12:43:00,1063,2208
2025-06-28 12:44:00,1063,2215
2025-06-28 12:45:00,1077,2221
2025-06-28 12:46:00,1077,2225
2025-06-28 12:47:00,1091,2242
2025-06-28 12:48:00,1091,2245
2025-06-28 12:49:00,1091,2245
2025-06-28 12:50:00,1063,2191
2025-06-28 12:51:00,1063,2188
2025-06-28 12:52:00,1091,2255
2025-06-28 12:53:00,1105,2262
2025-06-28 12:54:00,1119,2269
2025-06-28 12:55:00,1105,2255
2025-06-28 12:56:00,1119,2286
2025-06-28 12:57:00,234.8,636.7
2025-06-28 12:58:00,248.6,657
2025-06-28 12:59:00,234.8,636.7
2025-06-28 13:00:00,234.8,629.9
2025-06-28 13:01:00,276.2,731.5
2025-06-28 13:02:00,386.7,982
2025-06-28 13:03:00,1132,2330
2025-06-28 13:04:00,1119,2316
2025-06-28 13:05:00,1119,2316
2025-06-28 13:06:00,1105,2283
2025-06-28 13:07:00,1119,2296
2025-06-28 13:08:00,1119,2310
2025-06-28 13:09:00,1132,2316
2025-06-28 13:10:00,1132,2337
2025-06-28 13:11:00,1146,2344
2025-06-28 13:12:00,1146,2344
2025-06-28 13:13:00,1160,2333
2025-06-28 13:14:00,1174,2357
2025-06-28 13:15:00,441.9,955
2025-06-28 13:16:00,290,697.6
2025-06-28 13:17:00,290,697.6
2025-06-28 13:18:00,290,697.6
2025-06-28 13:19:00,290,684.1
2025-06-28 13:20:00,276.2,677.3
2025-06-28 13:21:00,303.8,731.5
2025-06-28 13:22:00,511,1179
2025-06-28 13:23:00,1167,2350
2025-06-28 13:24:00,1008,2079
2025-06-28 13:25:00,1202,2421
2025-06-28 13:26:00,400.5,975
2025-06-28 13:27:00,898,1910
2025-06-28 13:28:00,1188,2438
2025-06-28 13:29:00,1188,2421
2025-06-28 13:30:00,1174,2391
2025-06-28 13:31:00,1050,2113
2025-06-28 13:32:00,1119,2252
2025-06-28 13:33:00,1119,2256
2025-06-28 13:34:00,1105,2262
2025-06-28 13:35:00,1133,2310
2025-06-28 13:36:00,1132,2327
2025-06-28 13:37:00,1146,2360
2025-06-28 13:38:00,1174,2384
2025-06-28 13:39:00,635.3,1436
2025-06-28 13:40:00,1119,2283
2025-06-28 13:41:00,1119,2283
2025-06-28 13:42:00,1091,2235
2025-06-28 13:43:00,207.2,548.6
2025-06-28 13:44:00,207.2,555.4
2025-06-28 13:45:00,221,575.7
2025-06-28 13:46:00,234.8,636.7
2025-06-28 13:47:00,1091,2269
2025-06-28 13:48:00,1105,2262
2025-06-28 13:49:00,1091,2269
2025-06-28 13:50:00,1077,2252
2025-06-28 13:51:00,1077,2242
2025-06-28 13:52:00,1077,2228
2025-06-28 13:53:00,1063,2215
2025-06-28 13:54:00,1050,2195
2025-06-28 13:55:00,1050,2201
2025-06-28 13:56:00,1063,2208
2025-06-28 13:57:00,1063,2208
2025-06-28 13:58:00,1063,2215
2025-06-28 13:59:00,1050,2208
2025-06-28 14:00:00,1050,2188
2025-06-28 14:01:00,1036,2181
2025-06-28 14:02:00,1036,2181
2025-06-28 14:03:00,1036,2174
2025-06-28 14:04:00,1022,2161
2025-06-28 14:05:00,1022,2154
2025-06-28 14:06:00,1022,2154
2025-06-28 14:07:00,1022,2157
2025-06-28 14:08:00,1022,2154
2025-06-28 14:09:00,1022,2140
2025-06-28 14:10:00,1022,2134
2025-06-28 14:11:00,1022,2140
2025-06-28 14:12:00,1022,2154
2025-06-28 14:13:00,1022,2140
2025-06-28 14:14:00,1008,2140
2025-06-28 14:15:00,1008,2147
2025-06-28 14:16:00,1022,2140
2025-06-28 14:17:00,1022,2144
2025-06-28 14:18:00,1022,2140
2025-06-28 14:19:00,1022,2134
2025-06-28 14:20:00,1022,2147
2025-06-28 14:21:00,1022,2137
2025-06-28 14:22:00,1008,2093
2025-06-28 14:23:00,1008,2113
2025-06-28 14:24:00,1022,2127
2025-06-28 14:25:00,1022,2134
2025-06-28 14:26:00,1022,2141
2025-06-28 14:27:00,1022,2134
2025-06-28 14:28:00,1008,2120
2025-06-28 14:29:00,1008,2113
2025-06-28 14:30:00,1008,2120
2025-06-28 14:31:00,1008,2124
2025-06-28 14:32:00,1008,2100
2025-06-28 14:33:00,1008,2107
2025-06-28 14:34:00,1008,2127
2025-06-28 14:35:00,1008,2107
2025-06-28 14:36:00,1008,2107
2025-06-28 14:37:00,1008,2113
2025-06-28 14:38:00,1008,2113
2025-06-28 14:39:00,1008,2113
2025-06-28 14:40:00,1008,2107
2025-06-28 14:41:00,1008,2100
2025-06-28 14:42:00,994,2080
2025-06-28 14:43:00,994,2073
2025-06-28 14:44:00,981,2066
2025-06-28 14:45:00,981,2066
2025-06-28 14:46:00,981,2056
2025-06-28 14:47:00,981,2059
2025-06-28 14:48:00,981,2046
2025-06-28 14:49:00,967,2029
2025-06-28 14:50:00,967,2039
2025-06-28 14:51:00,974,2042
2025-06-28 14:52:00,967,2039
2025-06-28 14:53:00,967,2039
2025-06-28 14:54:00,967,2039
2025-06-28 14:55:00,967,2039
2025-06-28 14:56:00,967,2025
2025-06-28 14:57:00,967,2015
2025-06-28 14:58:00,960,2005
2025-06-28 14:59:00,953,2015
2025-06-28 15:00:00,967,2012
2025-06-28 15:01:00,953,2012
2025-06-28 15:02:00,953,2005
2025-06-28 15:03:00,960,2012
2025-06-28 15:04:00,967,2032
2025-06-28 15:05:00,981,2052
2025-06-28 15:06:00,981,2052
2025-06-28 15:07:00,981,2042
2025-06-28 15:08:00,981,2039
2025-06-28 15:09:00,988,2052
2025-06-28 15:10:00,994,2052
2025-06-28 15:11:00,994,2059
2025-06-28 15:12:00,994,2046
2025-06-28 15:13:00,939,1941
2025-06-28 15:14:00,994,2046
2025-06-28 15:15:00,994,2059
2025-06-28 15:16:00,981,2022
2025-06-28 15:17:00,974,2025
2025-06-28 15:18:00,981,2032
2025-06-28 15:19:00,967,1992
2025-06-28 15:20:00,967,1995
2025-06-28 15:21:00,939,1937
2025-06-28 15:22:00,276.2,711.3
2025-06-28 15:23:00,829,1697
2025-06-28 15:24:00,290.1,724.8
2025-06-28 15:25:00,967,1998
2025-06-28 15:26:00,994,2059
2025-06-28 15:27:00,994,2039
2025-06-28 15:28:00,988,2025
2025-06-28 15:29:00,994,2019
2025-06-28 15:30:00,1022,2066
2025-06-28 15:31:00,276.2,690.9
2025-06-28 15:32:00,276.2,677.4
2025-06-28 15:33:00,276.2,663.8
2025-06-28 15:34:00,303.9,711.3
2025-06-28 15:35:00,787.3,1633
2025-06-28 15:36:00,1008,2032
2025-06-28 15:37:00,269.3,646.9
2025-06-28 15:38:00,234.8,596.1
2025-06-28 15:39:00,248.6,596.1
2025-06-28 15:40:00,269.3,636.7
2025-06-28 15:41:00,290.1,690.9
2025-06-28 15:42:00,331.5,751.9
2025-06-28 15:43:00,359.1,813
2025-06-28 15:44:00,1091,2147
2025-06-28 15:45:00,538.7,1165
2025-06-28 15:46:00,511,1111
2025-06-28 15:47:00,400.5,874
2025-06-28 15:48:00,483.4,1057
2025-06-28 15:49:00,538.7,1152
2025-06-28 15:50:00,428.2,928
2025-06-28 15:51:00,400.5,860
2025-06-28 15:52:00,400.5,894
2025-06-28 15:53:00,593.9,1246
2025-06-28 15:54:00,621.5,1314
2025-06-28 15:55:00,649.2,1375
2025-06-28 15:56:00,1008,2039
2025-06-28 15:57:00,718.2,1511
2025-06-28 15:58:00,745.8,1565
2025-06-28 15:59:00,593.9,1280
2025-06-28 16:00:00,587,1267
2025-06-28 16:01:00,863,1748
2025-06-28 16:02:00,593.9,1287
2025-06-28 16:03:00,497.2,1104
2025-06-28 16:04:00,497.2,1094
2025-06-28 16:05:00,580.1,1267
2025-06-28 16:06:00,953,1924
2025-06-28 16:07:00,912,1849
2025-06-28 16:08:00,898,1815
2025-06-28 16:09:00,884,1802
2025-06-28 16:10:00,884,1795
2025-06-28 16:11:00,870,1775
2025-06-28 16:12:00,856,1754
2025-06-28 16:13:00,843,1734
2025-06-28 16:14:00,829,1707
2025-06-28 16:15:00,815,1673
2025-06-28 16:16:00,801,1626
2025-06-28 16:17:00,787.3,1622
2025-06-28 16:18:00,773.5,1558
2025-06-28 16:19:00,593.9,1206
2025-06-28 16:20:00,207.2,548.7
2025-06-28 16:21:00,207.2,541.9
2025-06-28 16:22:00,248.6,602.9
2025-06-28 16:23:00,207.2,501.3
2025-06-28 16:24:00,193.4,480.9
2025-06-28 16:25:00,193.4,453.8
2025-06-28 16:26:00,179.6,406.4
2025-06-28 16:27:00,165.7,386.1
2025-06-28 16:28:00,151.9,352.2
2025-06-28 16:29:00,151.9,345.5
2025-06-28 16:30:00,151.9,345.5
2025-06-28 16:31:00,158.8,359
2025-06-28 16:32:00,165.7,379.3
2025-06-28 16:33:00,179.6,392.9
2025-06-28 16:34:00,193.4,420
2025-06-28 16:35:00,193.4,440.3
2025-06-28 16:36:00,193.4,453.8
2025-06-28 16:37:00,193.4,453.8
2025-06-28 16:38:00,207.2,480.9
2025-06-28 16:39:00,227.9,528.3
2025-06-28 16:40:00,690.6,1334
2025-06-28 16:41:00,759.6,1456
2025-06-28 16:42:00,759.6,1456
2025-06-28 16:43:00,745.8,1436
2025-06-28 16:44:00,566.3,1165
2025-06-28 16:45:00,621.5,1253
2025-06-28 16:46:00,662.9,1321
2025-06-28 16:47:00,400.5,853
2025-06-28 16:48:00,151.9,359
2025-06-28 16:49:00,110.5,284.5
2025-06-28 16:50:00,96.7,250.6
2025-06-28 16:51:00,82.9,230.3
2025-06-28 16:52:00,82.9,216.7
2025-06-28 16:53:00,82.9,216.7
2025-06-28 16:54:00,82.9,216.7
2025-06-28 16:55:00,82.9,216.7
2025-06-28 16:56:00,82.9,209.9
2025-06-28 16:57:00,82.8,209.9
2025-06-28 16:58:00,82.8,209.9
2025-06-28 16:59:00,82.8,209.9
2025-06-28 17:00:00,82.8,209.9
2025-06-28 17:01:00,82.8,209.9
2025-06-28 17:02:00,82.8,209.9
2025-06-28 17:03:00,82.8,203.2
2025-06-28 17:04:00,82.8,203.2
2025-06-28 17:05:00,82.8,196.4
2025-06-28 17:06:00,82.8,186.2
2025-06-28 17:07:00,82.8,176.1
2025-06-28 17:08:00,82.8,169.3
2025-06-28 17:09:00,69.04,162.5
2025-06-28 17:10:00,69.04,149
2025-06-28 17:11:00,69.04,135.4
2025-06-28 17:12:00,55.23,128.7
2025-06-28 17:13:00,55.23,115.1
2025-06-28 17:14:00,55.23,115.1
2025-06-28 17:15:00,55.23,108.3
2025-06-28 17:16:00,55.23,101.6
2025-06-28 17:17:00,41.42,94.8
2025-06-28 17:18:00,41.42,81.3
2025-06-28 17:19:00,41.42,74.49
2025-06-28 17:20:00,41.42,67.72
2025-06-28 17:21:00,QCF,60.94
2025-06-28 17:22:00,27.61,60.94
2025-06-28 17:23:00,27.61,67.72
2025-06-28 17:24:00,41.42,67.72
2025-06-28 17:25:00,41.42,74.49
2025-06-28 17:26:00,41.42,88
2025-06-28 17:27:00,41.42,94.8
2025-06-28 17:28:00,41.42,108.3
2025-06-28 17:29:00,55.23,115.1
2025-06-28 17:30:00,55.23,121.9
2025-06-28 17:31:00,55.23,128.7
2025-06-28 17:32:00,55.23,128.7
2025-06-28 17:33:00,55.23,128.7
2025-06-28 17:34:00,55.23,128.7
2025-06-28 17:35:00,55.23,128.7
2025-06-28 17:36:00,55.23,128.7
2025-06-28 17:37:00,55.23,128.7
2025-06-28 17:38:00,55.23,128.7
2025-06-28 17:39:00,55.23,132
2025-06-28 17:40:00,55.23,135.4
2025-06-28 17:41:00,55.23,142.2
2025-06-28 17:42:00,69.04,149
2025-06-28 17:43:00,69.04,155.7
2025-06-28 17:44:00,69.04,155.7
2025-06-28 17:45:00,69.04,162.5
2025-06-28 17:46:00,69.04,162.5
2025-06-28 17:47:00,69.04,169.3
2025-06-28 17:48:00,75.94,169.3
2025-06-28 17:49:00,82.8,176.1
2025-06-28 17:50:00,82.8,176.1
2025-06-28 17:51:00,82.8,176.1
2025-06-28 17:52:00,82.8,176.1
2025-06-28 17:53:00,82.8,176.1
2025-06-28 17:54:00,82.8,176.1
2025-06-28 17:55:00,82.8,182.8
2025-06-28 17:56:00,82.8,189.6
2025-06-28 17:57:00,82.8,196.4
2025-06-28 17:58:00,82.8,209.9
2025-06-28 17:59:00,82.8,216.7
2025-06-28 18:00:00,82.8,216.7
2025-06-28 18:01:00,82.8,209.9
2025-06-28 18:02:00,82.8,196.4
2025-06-28 18:03:00,82.8,182.8
2025-06-28 18:04:00,82.8,176.1
2025-06-28 18:05:00,82.8,169.3
2025-06-28 18:06:00,82.8,162.5
2025-06-28 18:07:00,82.8,155.7
2025-06-28 18:08:00,69.04,155.7
2025-06-28 18:09:00,69.04,149
2025-06-28 18:10:00,69.04,149
2025-06-28 18:11:00,69.04,142.2
2025-06-28 18:12:00,69.04,142.2
2025-06-28 18:13:00,69.04,135.4
2025-06-28 18:14:00,69.04,135.4
2025-06-28 18:15:00,69.04,128.7
2025-06-28 18:16:00,69.04,128.7
2025-06-28 18:17:00,69.04,128.7
2025-06-28 18:18:00,55.23,121.9
2025-06-28 18:19:00,55.23,121.9
2025-06-28 18:20:00,55.23,121.9
2025-06-28 18:21:00,62.13,121.9
2025-06-28 18:22:00,69.04,121.9
2025-06-28 18:23:00,69.04,128.7
2025-06-28 18:24:00,69.04,135.4
2025-06-28 18:25:00,69.04,162.5
2025-06-28 18:26:00,82.8,155.7
2025-06-28 18:27:00,82.8,216.7
2025-06-28 18:28:00,82.8,243.8
2025-06-28 18:29:00,96.7,230.2
2025-06-28 18:30:00,96.7,209.9
2025-06-28 18:31:00,124.3,243.8
2025-06-28 18:32:00,96.7,203.1
2025-06-28 18:33:00,82.8,149
2025-06-28 18:34:00,82.8,182.8
2025-06-28 18:35:00,110.5,230.2
2025-06-28 18:36:00,96.7,196.4
2025-06-28 18:37:00,138.1,270.9
2025-06-28 18:38:00,220.9,392.8
2025-06-28 18:39:00,151.9,284.4
2025-06-28 18:40:00,165.7,325
2025-06-28 18:41:00,138.1,270.9
2025-06-28 18:42:00,179.5,345.4
2025-06-28 18:43:00,193.3,345.4
2025-06-28 18:44:00,193.3,338.6
2025-06-28 18:45:00,179.5,325
2025-06-28 18:46:00,96.7,203.1
2025-06-28 18:47:00,110.5,203.1
2025-06-28 18:48:00,82.8,176.1
2025-06-28 18:49:00,82.8,162.5
2025-06-28 18:50:00,82.8,162.5
2025-06-28 18:51:00,82.8,162.5
2025-06-28 18:52:00,82.8,155.7
2025-06-28 18:53:00,82.8,149
2025-06-28 18:54:00,82.8,142.2
2025-06-28 18:55:00,82.8,142.2
2025-06-28 18:56:00,82.8,149
2025-06-28 18:57:00,82.8,155.7
2025-06-28 18:58:00,82.8,169.3
2025-06-28 18:59:00,110.5,209.9
2025-06-28 19:00:00,193.3,318.3
2025-06-28 19:01:00,110.5,209.9
2025-06-28 19:02:00,82.8,176.1
2025-06-28 19:03:00,82.8,176.1
2025-06-28 19:04:00,110.5,209.9
2025-06-28 19:05:00,179.5,304.7
2025-06-28 19:06:00,207.1,331.8
2025-06-28 19:07:00,110.5,223.5
2025-06-28 19:08:00,96.7,203.1
2025-06-28 19:09:00,96.7,203.1
2025-06-28 19:10:00,96.7,196.4
2025-06-28 19:11:00,82.8,189.6
2025-06-28 19:12:00,82.8,189.6
2025-06-28 19:13:00,82.8,182.8
2025-06-28 19:14:00,82.8,182.8
2025-06-28 19:15:00,82.8,182.8
2025-06-28 19:16:00,82.8,189.6
2025-06-28 19:17:00,82.8,182.8
2025-06-28 19:18:00,82.8,182.8
2025-06-28 19:19:00,82.8,182.8
2025-06-28 19:20:00,82.8,182.8
2025-06-28 19:21:00,82.8,182.8
2025-06-28 19:22:00,82.8,176.1
2025-06-28 19:23:00,82.8,176.1
2025-06-28 19:24:00,82.8,176.1
2025-06-28 19:25:00,82.8,176.1
2025-06-28 19:26:00,82.8,176.1
2025-06-28 19:27:00,82.8,182.8
2025-06-28 19:28:00,96.7,189.6
2025-06-28 19:29:00,151.9,250.6
2025-06-28 19:30:00,193.3,QCF
2025-06-28 19:31:00,193.3,QCF
2025-06-28 19:32:00,193.3,216.7
2025-06-28 19:33:00,165.7,216.7
2025-06-28 19:34:00,151.9,223.5
2025-06-28 19:35:00,124.3,230.2
2025-06-28 19:36:00,124.3,277.6
2025-06-28 19:37:00,124.3,311.5
2025-06-28 19:38:00,124.3,298
2025-06-28 19:39:00,124.3,270.9
2025-06-28 19:40:00,124.3,284.4
2025-06-28 19:41:00,124.3,311.5
2025-06-28 19:42:00,151.9,318.3
2025-06-28 19:43:00,193.3,318.3
2025-06-28 19:44:00,193.3,311.5
2025-06-28 19:45:00,193.3,304.7
2025-06-28 19:46:00,193.3,291.2
2025-06-28 19:47:00,179.5,277.6
2025-06-28 19:48:00,179.5,257.3
2025-06-28 19:49:00,165.7,240.4
2025-06-28 19:50:00,165.7,230.2
2025-06-28 19:51:00,165.7,223.5
2025-06-28 19:52:00,151.9,223.5
2025-06-28 19:53:00,151.9,223.5
2025-06-28 19:54:00,138.1,209.9
2025-06-28 19:55:00,138.1,203.1
2025-06-28 19:56:00,124.3,189.6
2025-06-28 19:57:00,110.5,176.1
2025-06-28 19:58:00,82.8,169.3
2025-06-28 19:59:00,82.8,155.7
2025-06-28 20:00:00,82.8,149
2025-06-28 20:01:00,82.8,135.4
2025-06-28 20:02:00,82.8,128.7
2025-06-28 20:03:00,82.8,121.9
2025-06-28 20:04:00,82.8,108.3
2025-06-28 20:05:00,82.8,101.6
2025-06-28 20:06:00,82.8,94.8
2025-06-28 20:07:00,69.04,88
2025-06-28 20:08:00,69.04,81.3
2025-06-28 20:09:00,69.04,74.49
2025-06-28 20:10:00,55.23,67.72
2025-06-28 20:11:00,55.23,60.94
2025-06-28 20:12:00,QCF,QCF
2025-06-28 20:13:00,41.42,54.17
2025-06-28 20:14:00,41.42,47.4
2025-06-28 20:15:00,27.61,40.63
2025-06-28 20:16:00,27.61,40.63
2025-06-28 20:17:00,27.61,40.63
2025-07-01 06:18:00,27.61,40.62
2025-07-01 06:19:00,27.61,40.62
2025-07-01 06:20:00,27.61,40.62
2025-07-01 06:21:00,27.61,40.62
2025-07-01 06:22:00,27.61,47.4
2025-07-01 06:23:00,27.61,47.39
2025-07-01 06:24:00,27.61,54.17
2025-07-01 06:25:00,27.61,54.17
2025-07-01 06:26:00,27.61,54.17
2025-07-01 06:27:00,27.61,60.94
2025-07-01 06:28:00,27.61,60.94
2025-07-01 06:29:00,27.61,60.94
2025-07-01 06:30:00,27.61,67.71
2025-07-01 06:31:00,27.61,67.71
2025-07-01 06:32:00,41.42,67.71
2025-07-01 06:33:00,41.42,74.48
2025-07-01 06:34:00,41.42,81.2
2025-07-01 06:35:00,34.51,67.71
2025-07-01 06:36:00,41.42,71.09
2025-07-01 06:37:00,41.42,74.48
2025-07-01 06:38:00,41.42,67.71
2025-07-01 06:39:00,41.42,67.71
2025-07-01 06:40:00,41.42,67.71
2025-07-01 06:41:00,41.42,67.71
2025-07-01 06:42:00,41.42,67.71
2025-07-01 06:43:00,41.42,74.48
2025-07-01 06:44:00,41.42,74.48
2025-07-01 06:45:00,41.42,74.48
2025-07-01 06:46:00,41.42,81.3
2025-07-01 06:47:00,41.42,81.3
2025-07-01 06:48:00,41.42,81.3
2025-07-01 06:49:00,41.42,88
2025-07-01 06:50:00,55.22,101.6
2025-07-01 06:51:00,55.22,101.6
2025-07-01 06:52:00,55.22,108.3
2025-07-01 06:53:00,55.22,108.3
2025-07-01 06:54:00,55.22,101.6
2025-07-01 06:55:00,41.42,101.6
2025-07-01 06:56:00,55.22,111.7
2025-07-01 06:57:00,69.03,142.2
2025-07-01 06:58:00,69.03,128.6
2025-07-01 06:59:00,69.03,135.4
2025-07-01 07:00:00,69.03,135.4
2025-07-01 07:01:00,69.03,155.7
2025-07-01 07:02:00,69.03,149
2025-07-01 07:03:00,110.4,216.7
2025-07-01 07:04:00,82.8,189.6
2025-07-01 07:05:00,82.8,176
2025-07-01 07:06:00,82.8,176
2025-07-01 07:07:00,82.8,203.1
2025-07-01 07:08:00,82.8,196.3
2025-07-01 07:09:00,82.8,196.3
2025-07-01 07:10:00,82.8,203.1
2025-07-01 07:11:00,82.8,203.1
2025-07-01 07:12:00,82.8,182.8
2025-07-01 07:13:00,82.8,182.8
2025-07-01 07:14:00,82.8,196.4
2025-07-01 07:15:00,96.6,230.2
2025-07-01 07:16:00,96.6,216.7
2025-07-01 07:17:00,82.8,196.4
2025-07-01 07:18:00,82.8,189.6
2025-07-01 07:19:00,96.6,230.2
2025-07-01 07:20:00,96.6,237
2025-07-01 07:21:00,82.8,209.9
2025-07-01 07:22:00,96.6,223.4
2025-07-01 07:23:00,96.6,243.7
2025-07-01 07:24:00,124.2,284.4
2025-07-01 07:25:00,193.3,372.4
2025-07-01 07:26:00,82.8,216.7
2025-07-01 07:27:00,110.4,250.5
2025-07-01 07:28:00,110.4,270.8
2025-07-01 07:29:00,138.1,304.7
2025-07-01 07:30:00,124.3,257.3
2025-07-01 07:31:00,82.8,209.9
2025-07-01 07:32:00,124.3,277.6
2025-07-01 07:33:00,96.6,223.4
2025-07-01 07:34:00,110.4,237
2025-07-01 07:35:00,96.6,230.2
2025-07-01 07:36:00,96.6,216.7
2025-07-01 07:37:00,96.6,223.4
2025-07-01 07:38:00,96.6,230.2
2025-07-01 07:39:00,124.3,284.4
2025-07-01 07:40:00,138.1,291.1
2025-07-01 07:41:00,110.4,257.3
2025-07-01 07:42:00,124.3,284.4
2025-07-01 07:43:00,110.4,277.6
2025-07-01 07:44:00,110.4,274.2
2025-07-01 07:45:00,138.1,325
2025-07-01 07:46:00,165.7,385.9
2025-07-01 07:47:00,138.1,331.8
2025-07-01 07:48:00,234.7,487.5
2025-07-01 07:49:00,248.5,534.9
2025-07-01 07:50:00,124.3,325
2025-07-01 07:51:00,317.5,636.5
2025-07-01 07:52:00,234.7,507.8
2025-07-01 07:53:00,179.5,409.6
2025-07-01 07:54:00,151.9,352.1
2025-07-01 07:55:00,207.1,440.1
2025-07-01 07:56:00,248.5,514.6
2025-07-01 07:57:00,151.9,365.6
2025-07-01 07:58:00,110.4,270.8
2025-07-01 07:59:00,165.7,392.7
2025-07-01 08:00:00,193.3,419.8
2025-07-01 08:01:00,234.7,480.7
2025-07-01 08:02:00,193.3,406.3
2025-07-01 08:03:00,179.5,399.5
2025-07-01 08:04:00,179.5,399.5
2025-07-01 08:05:00,138.1,325
2025-07-01 08:06:00,165.7,379.2
2025-07-01 08:07:00,207.1,433.4
2025-07-01 08:08:00,165.7,372.4
2025-07-01 08:09:00,138.1,311.5
2025-07-01 08:10:00,138.1,297.9
2025-07-01 08:11:00,138.1,301.3
2025-07-01 08:12:00,124.3,270.8
2025-07-01 08:13:00,131.2,291.2
2025-07-01 08:14:00,124.3,264.1
2025-07-01 08:15:00,110.5,237
2025-07-01 08:16:00,124.3,284.4
2025-07-01 08:17:00,138.1,297.9
2025-07-01 08:18:00,151.9,331.8
2025-07-01 08:19:00,151.9,338.6
2025-07-01 08:20:00,151.9,345.3
2025-07-01 08:21:00,165.7,372.4
2025-07-01 08:22:00,138.1,318.3
2025-07-01 08:23:00,151.9,338.6
2025-07-01 08:24:00,165.7,365.7
2025-07-01 08:25:00,151.9,325
2025-07-01 08:26:00,179.5,386
2025-07-01 08:27:00,165.7,362.3
2025-07-01 08:28:00,207.1,460.5
2025-07-01 08:29:00,207.1,450.3
2025-07-01 08:30:00,248.5,541.7
2025-07-01 08:31:00,428,880
2025-07-01 08:32:00,262.3,562
2025-07-01 08:33:00,317.6,677.1
2025-07-01 08:34:00,220.9,480.8
2025-07-01 08:35:00,248.5,534.9
2025-07-01 08:36:00,359,758.4
2025-07-01 08:37:00,359,751.6
2025-07-01 08:38:00,428,860
2025-07-01 08:39:00,234.7,501.1
2025-07-01 08:40:00,179.5,426.6
2025-07-01 08:41:00,207.1,474
2025-07-01 08:42:00,248.5,548.5
2025-07-01 08:43:00,303.7,670.4
2025-07-01 08:44:00,414.2,884
2025-07-01 08:45:00,386.6,813
2025-07-01 08:46:00,538.5,1097
2025-07-01 08:47:00,276.1,595.9
2025-07-01 08:48:00,262.3,575.6
2025-07-01 08:49:00,220.9,487.5
2025-07-01 08:50:00,207.1,467.2
2025-07-01 08:51:00,386.6,799
2025-07-01 08:52:00,207.1,453.7
2025-07-01 08:53:00,566.1,1171
2025-07-01 08:54:00,317.6,670.4
2025-07-01 08:55:00,248.5,521.4
2025-07-01 08:56:00,220.9,480.8
2025-07-01 08:57:00,303.8,650.1
2025-07-01 08:58:00,290,629.8
2025-07-01 08:59:00,262.3,568.8
2025-07-01 09:00:00,220.9,494.3
2025-07-01 09:01:00,234.7,514.6
2025-07-01 09:02:00,345.2,738.1
2025-07-01 09:03:00,317.6,677.2
2025-07-01 09:04:00,207.1,467.2
2025-07-01 09:05:00,234.7,521.4
2025-07-01 09:06:00,290,623
2025-07-01 09:07:00,262.3,568.8
2025-07-01 09:08:00,262.3,562
2025-07-01 09:09:00,248.5,541.7
2025-07-01 09:10:00,290,623
2025-07-01 09:11:00,331.4,690.7
2025-07-01 09:12:00,359,751.7
2025-07-01 09:13:00,290,609.4
2025-07-01 09:14:00,317.6,683.9
2025-07-01 09:15:00,331.4,711
2025-07-01 09:16:00,345.2,738.1
2025-07-01 09:17:00,262.3,562
2025-07-01 09:18:00,303.8,656.8
2025-07-01 09:19:00,614.4,1246
2025-07-01 09:20:00,731.8,1449
2025-07-01 09:21:00,483.3,1002
2025-07-01 09:22:00,234.7,535
2025-07-01 09:23:00,345.2,758.4
2025-07-01 09:24:00,276.1,595.9
2025-07-01 09:25:00,248.5,541.7
2025-07-01 09:26:00,290,629.8
2025-07-01 09:27:00,345.2,751.7
2025-07-01 09:28:00,276.1,629.8
2025-07-01 09:29:00,262.3,602.7
2025-07-01 09:30:00,248.5,575.6
2025-07-01 09:31:00,303.8,663.6
2025-07-01 09:32:00,234.7,521.4
2025-07-01 09:33:00,290,663.6
2025-07-01 09:34:00,207.1,487.6
2025-07-01 09:35:00,QCF,623
2025-07-01 09:36:00,220.9,535
2025-07-01 09:37:00,290,670.4
2025-07-01 09:38:00,200.2,480.8
2025-07-01 09:39:00,283.1,656.8
2025-07-01 09:40:00,579.9,1212
2025-07-01 09:41:00,220.9,521.4
2025-07-01 09:42:00,220.9,548.5
2025-07-01 09:43:00,607.5,1280
2025-07-01 09:44:00,234.7,548.5
2025-07-01 09:45:00,234.7,548.5
2025-07-01 09:46:00,220.9,521.4
2025-07-01 09:47:00,262.3,609.4
2025-07-01 09:48:00,207.1,507.9
2025-07-01 09:49:00,386.6,907
2025-07-01 09:50:00,815,1666
2025-07-01 09:51:00,724.9,1500
2025-07-01 09:52:00,276.1,643.3
2025-07-01 09:53:00,283.1,670.4
2025-07-01 09:54:00,718,1469
2025-07-01 09:55:00,331.4,758.4
2025-07-01 09:56:00,648.9,1341
2025-07-01 09:57:00,276.1,629.8
2025-07-01 09:58:00,386.6,867
2025-07-01 09:59:00,994,1984
2025-07-01 10:00:00,600.6,1287
2025-07-01 10:01:00,828,1686
2025-07-01 10:02:00,925,1869
2025-07-01 10:03:00,621.3,1331
2025-07-01 10:04:00,939,1876
2025-07-01 10:05:00,759.4,1574
2025-07-01 10:06:00,386.6,833
2025-07-01 10:07:00,980,1991
2025-07-01 10:08:00,372.8,816
2025-07-01 10:09:00,967,1943
2025-07-01 10:10:00,428,941
2025-07-01 10:11:00,524.7,1144
2025-07-01 10:12:00,953,1933
2025-07-01 10:13:00,939,1906
2025-07-01 10:14:00,953,1916
2025-07-01 10:15:00,911,1838
2025-07-01 10:16:00,980,1971
2025-07-01 10:17:00,953,1937
2025-07-01 10:18:00,441.8,955
2025-07-01 10:19:00,331.4,738.1
2025-07-01 10:20:00,690.4,1490
2025-07-01 10:21:00,400.4,887
2025-07-01 10:22:00,317.6,731.3
2025-07-01 10:23:00,939,1916
2025-07-01 10:24:00,884,1828
2025-07-01 10:25:00,801,1659
2025-07-01 10:26:00,870,1808
2025-07-01 10:27:00,856,1774
2025-07-01 10:28:00,441.8,1036
2025-07-01 10:29:00,483.3,1090
2025-07-01 10:30:00,469.4,1070
2025-07-01 10:31:00,967,1957
2025-07-01 10:32:00,897,1862
2025-07-01 10:33:00,290,697.5
2025-07-01 10:34:00,953,1957
2025-07-01 10:35:00,815,1713
2025-07-01 10:36:00,724.9,1537
2025-07-01 10:37:00,1008,2072
2025-07-01 10:38:00,441.8,1009
2025-07-01 10:39:00,1049,2147
2025-07-01 10:40:00,1049,2126
2025-07-01 10:41:00,345.2,765.2
2025-07-01 10:42:00,1049,2160
2025-07-01 10:43:00,1036,2099
2025-07-01 10:44:00,290,677.2
2025-07-01 10:45:00,1022,2113
2025-07-01 10:46:00,925,1916
2025-07-01 10:47:00,414.2,907
2025-07-01 10:48:00,359,799.1
2025-07-01 10:49:00,428,968
2025-07-01 10:50:00,386.6,840
2025-07-01 10:51:00,414.2,887
2025-07-01 10:52:00,780.1,1639
2025-07-01 10:53:00,414.2,901
2025-07-01 10:54:00,469.4,1002
2025-07-01 10:55:00,483.3,1033
2025-07-01 10:56:00,483.3,1029
2025-07-01 10:57:00,469.4,1002
2025-07-01 10:58:00,469.4,995
2025-07-01 10:59:00,552.3,1165
2025-07-01 11:00:00,538.5,1124
2025-07-01 11:01:00,455.6,968
2025-07-01 11:02:00,1187,2390
2025-07-01 11:03:00,400.4,833
2025-07-01 11:04:00,421.1,901
2025-07-01 11:05:00,662.8,1422
2025-07-01 11:06:00,925,1876
2025-07-01 11:07:00,483.3,1050
2025-07-01 11:08:00,566.1,1212
2025-07-01 11:09:00,414.2,934
2025-07-01 11:10:00,690.4,1493
2025-07-01 11:11:00,1063,2187
2025-07-01 11:12:00,1091,2248
2025-07-01 11:13:00,1118,2292
2025-07-01 11:14:00,801,1673
2025-07-01 11:15:00,428,928
2025-07-01 11:16:00,331.4,724.6
2025-07-01 11:17:00,400.4,874
2025-07-01 11:18:00,372.8,826
2025-07-01 11:19:00,441.8,962
2025-07-01 11:20:00,552.3,1239
2025-07-01 11:21:00,428,941
2025-07-01 11:22:00,1091,2194
2025-07-01 11:23:00,1256,2502
2025-07-01 11:24:00,441.8,968
2025-07-01 11:25:00,428,955
2025-07-01 11:26:00,510.9,1138
2025-07-01 11:27:00,386.6,840
2025-07-01 11:28:00,359,799.1
2025-07-01 11:29:00,538.5,1229
2025-07-01 11:30:00,1118,2265
2025-07-01 11:31:00,1160,2357
2025-07-01 11:32:00,1160,2370
2025-07-01 11:33:00,1201,2424
2025-07-01 11:34:00,1229,2475
2025-07-01 11:35:00,497.1,1070
2025-07-01 11:36:00,441.8,975
2025-07-01 11:37:00,1215,2424
2025-07-01 11:38:00,911,1889
2025-07-01 11:39:00,1132,2350
2025-07-01 11:40:00,1118,2275
2025-07-01 11:41:00,648.9,1446
2025-07-01 11:42:00,745.6,1578
2025-07-01 11:43:00,1146,2370
2025-07-01 11:44:00,793.9,1652
2025-07-01 11:45:00,1077,2167
2025-07-01 11:46:00,414.2,928
2025-07-01 11:47:00,1229,2499
2025-07-01 11:48:00,1215,2465
2025-07-01 11:49:00,359,813
2025-07-01 11:50:00,303.8,717.8
2025-07-01 11:51:00,1063,2187
2025-07-01 11:52:00,1174,2397
2025-07-01 11:53:00,1298,2607
2025-07-01 11:54:00,980,1971
2025-07-01 11:55:00,372.8,826
2025-07-01 11:56:00,317.6,704.2
2025-07-01 11:57:00,310.7,683.9
2025-07-01 11:58:00,303.8,663.6
2025-07-01 11:59:00,290,643.3
2025-07-01 12:00:00,1146,2316
2025-07-01 12:01:00,1146,2353
2025-07-01 12:02:00,1187,2417
2025-07-01 12:03:00,1174,2384
2025-07-01 12:04:00,414.2,941
2025-07-01 12:05:00,372.8,836
2025-07-01 12:06:00,1118,2228
2025-07-01 12:07:00,538.5,1192
2025-07-01 12:08:00,607.5,1344
2025-07-01 12:09:00,1243,2526
2025-07-01 12:10:00,1256,2539
2025-07-01 12:11:00,407.3,887
2025-07-01 12:12:00,428,948
2025-07-01 12:13:00,1270,2583
2025-07-01 12:14:00,428,928
2025-07-01 12:15:00,1312,2658
2025-07-01 12:16:00,1305,2617
2025-07-01 12:17:00,455.6,1016
2025-07-01 12:18:00,621.3,1354
2025-07-01 12:19:00,1256,2533
2025-07-01 12:20:00,359,792.3
2025-07-01 12:21:00,372.8,836
2025-07-01 12:22:00,897,1842
2025-07-01 12:23:00,1256,2553
2025-07-01 12:24:00,621.3,1402
2025-07-01 12:25:00,1270,2566
2025-07-01 12:26:00,414.2,921
2025-07-01 12:27:00,469.4,1050
2025-07-01 12:28:00,359,819
2025-07-01 12:29:00,400.4,914
2025-07-01 12:30:00,372.8,840
2025-07-01 12:31:00,773.2,1659
2025-07-01 12:32:00,345.2,772
2025-07-01 12:33:00,296.9,677.2
2025-07-01 12:34:00,303.8,690.7
2025-07-01 12:35:00,276.1,616.2
2025-07-01 12:36:00,276.1,602.7
2025-07-01 12:37:00,290,629.8
2025-07-01 12:38:00,303.8,656.8
2025-07-01 12:39:00,331.4,731.3
2025-07-01 12:40:00,1146,2343
2025-07-01 12:41:00,1243,2533
2025-07-01 12:42:00,1132,2309
2025-07-01 12:43:00,1201,2445
2025-07-01 12:44:00,262.3,616.2
2025-07-01 12:45:00,262.3,582.4
2025-07-01 12:46:00,276.1,595.9
2025-07-01 12:47:00,262.3,575.6
2025-07-01 12:48:00,241.6,521.4
2025-07-01 12:49:00,234.7,528.2
2025-07-01 12:50:00,262.3,589.1
2025-07-01 12:51:00,303.8,717.8
2025-07-01 12:52:00,1215,2492
2025-07-01 12:53:00,1174,2424
2025-07-01 12:54:00,1008,2103
2025-07-01 12:55:00,262.3,670.4
2025-07-01 12:56:00,1174,2458
2025-07-01 12:57:00,1146,2397
2025-07-01 12:58:00,1160,2424
2025-07-01 12:59:00,1201,2458
2025-07-01 13:00:00,303.8,731.3
2025-07-01 13:01:00,290,690.7
2025-07-01 13:02:00,386.6,914
2025-07-01 13:03:00,1187,2445
2025-07-01 13:04:00,1201,2458
2025-07-01 13:05:00,1215,2478
2025-07-01 13:06:00,359,826
2025-07-01 13:07:00,801,1686
2025-07-01 13:08:00,428,982
2025-07-01 13:09:00,379.7,874
2025-07-01 13:10:00,248.5,575.6
2025-07-01 13:11:00,234.7,541.7
2025-07-01 13:12:00,248.5,541.7
2025-07-01 13:13:00,276.1,595.9
2025-07-01 13:14:00,303.8,677.2
2025-07-01 13:15:00,372.8,813
2025-07-01 13:16:00,359,778.7
2025-07-01 13:17:00,276.1,616.2
2025-07-01 13:18:00,248.5,562
2025-07-01 13:19:00,241.6,555.3
2025-07-01 13:20:00,276.1,636.5
2025-07-01 13:21:00,428,975
2025-07-01 13:22:00,538.5,1239
2025-07-01 13:23:00,1174,2438
2025-07-01 13:24:00,1174,2407
2025-07-01 13:25:00,1187,2428
2025-07-01 13:26:00,1036,2164
2025-07-01 13:27:00,400.4,941
2025-07-01 13:28:00,372.8,867
2025-07-01 13:29:00,566.1,1260
2025-07-01 13:30:00,1201,2485
2025-07-01 13:31:00,1118,2323
2025-07-01 13:32:00,1146,2373
2025-07-01 13:33:00,1201,2492
2025-07-01 13:34:00,1187,2451
2025-07-01 13:35:00,372.8,860
2025-07-01 13:36:00,234.7,568.8
2025-07-01 13:37:00,1036,2180
2025-07-01 13:38:00,1160,2401
2025-07-01 13:39:00,1105,2296
2025-07-01 13:40:00,1084,2268
2025-07-01 13:41:00,1049,2272
2025-07-01 13:42:00,1036,2255
2025-07-01 13:43:00,1077,2262
2025-07-01 13:44:00,1091,2282
2025-07-01 13:45:00,1091,2292
2025-07-01 13:46:00,1091,2285
2025-07-01 13:47:00,1118,2340
2025-07-01 13:48:00,1036,2113
2025-07-01 13:49:00,276.1,650.1
2025-07-01 13:50:00,372.8,860
2025-07-01 13:51:00,359,833
2025-07-01 13:52:00,579.9,1300
2025-07-01 13:53:00,372.8,846
2025-07-01 13:54:00,815,1720
2025-07-01 13:55:00,1105,2262
2025-07-01 13:56:00,1201,2455
2025-07-01 13:57:00,1187,2445
2025-07-01 13:58:00,1160,2404
2025-07-01 13:59:00,1187,2421
2025-07-01 14:00:00,276.1,643.3
2025-07-01 14:01:00,276.1,650.1
2025-07-01 14:02:00,331.4,758.4
2025-07-01 14:03:00,1229,2499
2025-07-01 14:04:00,1187,2438
2025-07-01 14:05:00,1174,2411
2025-07-01 14:06:00,1229,2533
2025-07-01 14:07:00,455.6,1063
2025-07-01 14:08:00,1008,2099
2025-07-01 14:09:00,345.2,819
2025-07-01 14:10:00,1201,2461
2025-07-01 14:11:00,1146,2316
2025-07-01 14:12:00,359,813
2025-07-01 14:13:00,1160,2350
2025-07-01 14:14:00,331.4,772
2025-07-01 14:15:00,331.4,751.7
2025-07-01 14:16:00,303.8,711
2025-07-01 14:17:00,1174,2384
2025-07-01 14:18:00,1174,2404
2025-07-01 14:19:00,1187,2451
2025-07-01 14:20:00,414.2,1009
2025-07-01 14:21:00,1146,2390
2025-07-01 14:22:00,1091,2289
2025-07-01 14:23:00,1091,2289
2025-07-01 14:24:00,1077,2245
2025-07-01 14:25:00,1091,2235
2025-07-01 14:26:00,220.9,589.1
2025-07-01 14:27:00,331.4,806
2025-07-01 14:28:00,1049,2174
2025-07-01 14:29:00,248.5,629.8
2025-07-01 14:30:00,1118,2309
2025-07-01 14:31:00,276.1,677.2
2025-07-01 14:32:00,1132,2316
2025-07-01 14:33:00,234.7,575.6
2025-07-01 14:34:00,234.7,555.3
2025-07-01 14:35:00,262.3,636.5
2025-07-01 14:36:00,1132,2316
2025-07-01 14:37:00,1118,2309
2025-07-01 14:38:00,1105,2289
2025-07-01 14:39:00,1146,2350
2025-07-01 14:40:00,1105,2275
2025-07-01 14:41:00,1091,2262
2025-07-01 14:42:00,1105,2272
2025-07-01 14:43:00,1091,2269
2025-07-01 14:44:00,1077,2238
2025-07-01 14:45:00,1091,2241
2025-07-01 14:46:00,248.5,602.7
2025-07-01 14:47:00,1146,2397
2025-07-01 14:48:00,1118,2316
2025-07-01 14:49:00,1063,2211
2025-07-01 14:50:00,1029,2153
2025-07-01 14:51:00,1008,2106
2025-07-01 14:52:00,1008,2126
2025-07-01 14:53:00,1008,2133
2025-07-01 14:54:00,1022,2120
2025-07-01 14:55:00,1063,2208
2025-07-01 14:56:00,1077,2214
2025-07-01 14:57:00,1077,2235
2025-07-01 14:58:00,1063,2221
2025-07-01 14:59:00,1049,2187
2025-07-01 15:00:00,1036,2150
2025-07-01 15:01:00,1008,2113
2025-07-01 15:02:00,994,2079
2025-07-01 15:03:00,994,2079
2025-07-01 15:04:00,994,2086
2025-07-01 15:05:00,994,2092
2025-07-01 15:06:00,1008,2106
2025-07-01 15:07:00,1008,2120
2025-07-01 15:08:00,1036,2140
2025-07-01 15:09:00,1091,2255
2025-07-01 15:10:00,1036,2120
2025-07-01 15:11:00,262.4,623
2025-07-01 15:12:00,303.8,741.5
2025-07-01 15:13:00,303.8,731.4
2025-07-01 15:14:00,1008,2038
2025-07-01 15:15:00,1036,2133
2025-07-01 15:16:00,994,2065
2025-07-01 15:17:00,980,2025
2025-07-01 15:18:00,953,2005
2025-07-01 15:19:00,939,1950
2025-07-01 15:20:00,939,1947
2025-07-01 15:21:00,939,1961
2025-07-01 15:22:00,953,1988
2025-07-01 15:23:00,801,1686
2025-07-01 15:24:00,193.3,507.9
2025-07-01 15:25:00,939,1971
2025-07-01 15:26:00,953,1998
2025-07-01 15:27:00,953,2005
2025-07-01 15:28:00,953,2001
2025-07-01 15:29:00,953,1971
2025-07-01 15:30:00,953,1991
2025-07-01 15:31:00,932,1950
2025-07-01 15:32:00,925,1944
2025-07-01 15:33:00,911,1910
2025-07-01 15:34:00,787.1,1686
2025-07-01 15:35:00,884,1869
2025-07-01 15:36:00,884,1856
2025-07-01 15:37:00,884,1876
2025-07-01 15:38:00,898,1886
2025-07-01 15:39:00,911,1910
2025-07-01 15:40:00,925,1937
2025-07-01 15:41:00,994,2066
2025-07-01 15:42:00,967,2018
2025-07-01 15:43:00,925,1944
2025-07-01 15:44:00,911,1903
2025-07-01 15:45:00,898,1876
2025-07-01 15:46:00,884,1856
2025-07-01 15:47:00,891,1862
2025-07-01 15:48:00,898,1862
2025-07-01 15:49:00,898,1869
2025-07-01 15:50:00,870,1822
2025-07-01 15:51:00,870,1815
2025-07-01 15:52:00,856,1788
2025-07-01 15:53:00,856,1795
2025-07-01 15:54:00,856,1798
2025-07-01 15:55:00,856,1795
2025-07-01 15:56:00,856,1781
2025-07-01 15:57:00,759.6,1612
2025-07-01 15:58:00,856,1802
2025-07-01 15:59:00,856,1795
2025-07-01 16:00:00,849,1781
2025-07-01 16:01:00,842,1781
2025-07-01 16:02:00,842,1785
2025-07-01 16:03:00,856,1781
2025-07-01 16:04:00,842,1761
2025-07-01 16:05:00,815,1680
2025-07-01 16:06:00,801,1649
2025-07-01 16:07:00,787.2,1609
2025-07-01 16:08:00,815,1666
2025-07-01 16:09:00,801,1632
2025-07-01 16:10:00,773.4,1538
2025-07-01 16:11:00,732,1436
2025-07-01 16:12:00,441.9,1006
2025-07-01 16:13:00,801,1619
2025-07-01 16:14:00,262.4,657
2025-07-01 16:15:00,352.2,840
2025-07-01 16:16:00,801,1673
2025-07-01 16:17:00,815,1707
2025-07-01 16:18:00,815,1707
2025-07-01 16:19:00,801,1700
2025-07-01 16:20:00,193.3,521.5
2025-07-01 16:21:00,414.3,948
2025-07-01 16:22:00,787.2,1663
2025-07-01 16:23:00,801,1659
2025-07-01 16:24:00,787.2,1646
2025-07-01 16:25:00,773.4,1626
2025-07-01 16:26:00,773.4,1612
2025-07-01 16:27:00,773.4,1619
2025-07-01 16:28:00,773.4,1612
2025-07-01 16:29:00,787.2,1639
2025-07-01 16:30:00,773.4,1609
2025-07-01 16:31:00,759.6,1585
2025-07-01 16:32:00,745.8,1578
2025-07-01 16:33:00,732,1534
2025-07-01 16:34:00,732,1524
2025-07-01 16:35:00,732,1531
2025-07-01 16:36:00,745.8,1544
2025-07-01 16:37:00,759.6,1571
2025-07-01 16:38:00,773.4,1592
2025-07-01 16:39:00,801,1646
2025-07-01 16:40:00,815,1673
2025-07-01 16:41:00,815,1676
2025-07-01 16:42:00,801,1666
2025-07-01 16:43:00,787.2,1632
2025-07-01 16:44:00,787.2,1632
2025-07-01 16:45:00,801,1639
2025-07-01 16:46:00,801,1626
2025-07-01 16:47:00,815,1666
2025-07-01 16:48:00,801,1639
2025-07-01 16:49:00,745.8,1544
2025-07-01 16:50:00,718.2,1477
2025-07-01 16:51:00,165.7,447
2025-07-01 16:52:00,386.7,891
2025-07-01 16:53:00,124.3,338.7
2025-07-01 16:54:00,138.1,359
2025-07-01 16:55:00,151.9,399.6
2025-07-01 16:56:00,704.4,1433
2025-07-01 16:57:00,138.1,365.8
2025-07-01 16:58:00,138.1,369.2
2025-07-01 16:59:00,621.5,1253
2025-07-01 17:00:00,690.6,1389
2025-07-01 17:01:00,690.6,1409
2025-07-01 17:02:00,676.8,1389
2025-07-01 17:03:00,663,1382
2025-07-01 17:04:00,207.2,514.8
2025-07-01 17:05:00,649.1,1355
2025-07-01 17:06:00,635.3,1328
2025-07-01 17:07:00,635.3,1328
2025-07-01 17:08:00,635.3,1314
2025-07-01 17:09:00,635.3,1294
2025-07-01 17:10:00,635.3,1253
2025-07-01 17:11:00,635.3,1179
2025-07-01 17:12:00,621.5,1043
2025-07-01 17:13:00,635.3,921
2025-07-01 17:14:00,635.3,772.2
2025-07-01 17:15:00,635.3,629.9
2025-07-01 17:16:00,621.5,504.6
2025-07-01 17:17:00,621.5,433.5
2025-07-01 17:18:00,124.3,359
2025-07-01 17:19:00,207.2,392.8
2025-07-01 17:20:00,497.2,406.4
2025-07-01 17:21:00,400.5,396.2
2025-07-01 17:22:00,221,386.1
2025-07-01 17:23:00,193.3,352.2
2025-07-01 17:24:00,151.9,345.4
2025-07-01 17:25:00,124.3,338.7
2025-07-01 17:26:00,110.5,338.7
2025-07-01 17:27:00,110.5,338.7
2025-07-01 17:28:00,110.5,338.7
2025-07-01 17:29:00,124.3,338.7
2025-07-01 17:30:00,124.3,352.2
2025-07-01 17:31:00,124.3,342
2025-07-01 17:32:00,138.1,379.3
2025-07-01 17:33:00,151.9,396.2
2025-07-01 17:34:00,151.9,413.1
2025-07-01 17:35:00,165.7,419.9
2025-07-01 17:36:00,165.7,426.7
2025-07-01 17:37:00,179.5,440.2
2025-07-01 17:38:00,179.5,460.6
2025-07-01 17:39:00,193.3,467.3
2025-07-01 17:40:00,179.5,453.8
2025-07-01 17:41:00,165.7,453.8
2025-07-01 17:42:00,165.7,467.3
2025-07-01 17:43:00,151.9,501.2
2025-07-01 17:44:00,151.9,670.5
2025-07-01 17:45:00,151.9,813
2025-07-01 17:46:00,165.7,904
2025-07-01 17:47:00,207.1,948
2025-07-01 17:48:00,221,778.9
2025-07-01 17:49:00,331.4,975
2025-07-01 17:50:00,386.7,968
2025-07-01 17:51:00,428.1,609.5
2025-07-01 17:52:00,303.8,453.8
2025-07-01 17:53:00,455.7,558.8
2025-07-01 17:54:00,359.1,697.6
2025-07-01 17:55:00,421.2,562.2
2025-07-01 17:56:00,248.6,908
2025-07-01 17:57:00,207.1,880
2025-07-01 17:58:00,138.1,480.9
2025-07-01 17:59:00,221,887
2025-07-01 18:00:00,96.7,304.8
2025-07-01 18:01:00,131.2,894
2025-07-01 18:02:00,117.4,331.9
2025-07-01 18:03:00,207.1,948
2025-07-01 18:04:00,290,901
2025-07-01 18:05:00,359,724.7
2025-07-01 18:06:00,428.1,535
2025-07-01 18:07:00,469.5,413.1
2025-07-01 18:08:00,469.5,379.3
2025-07-01 18:09:00,469.5,379.3
2025-07-01 18:10:00,469.5,440.2
2025-07-01 18:11:00,165.7,399.6
2025-07-01 18:12:00,276.2,541.8
2025-07-01 18:13:00,428.1,833
2025-07-01 18:14:00,414.3,826
2025-07-01 18:15:00,124.3,338.6
2025-07-01 18:16:00,414.3,819
2025-07-01 18:17:00,414.3,819
2025-07-01 18:18:00,414.3,833
2025-07-01 18:19:00,400.5,806
2025-07-01 18:20:00,386.6,778.8
2025-07-01 18:21:00,372.8,758.5
2025-07-01 18:22:00,372.8,745
2025-07-01 18:23:00,359,717.9
2025-07-01 18:24:00,317.6,704.3
2025-07-01 18:25:00,207.1,697.5
2025-07-01 18:26:00,110.5,690.7
2025-07-01 18:27:00,82.9,690.8
2025-07-01 18:28:00,96.7,697.5
2025-07-01 18:29:00,165.7,711.1
2025-07-01 18:30:00,290,717.8
2025-07-01 18:31:00,96.7,284.4
2025-07-01 18:32:00,345.2,670.5
2025-07-01 18:33:00,331.4,663.7
2025-07-01 18:34:00,165.7,386
2025-07-01 18:35:00,331.4,650.1
2025-07-01 18:36:00,338.3,656.9
2025-07-01 18:37:00,331.4,636.6
2025-07-01 18:38:00,303.8,602.7
2025-07-01 18:39:00,82.9,243.8
2025-07-01 18:40:00,82.9,264.1
2025-07-01 18:41:00,82.9,257.3
2025-07-01 18:42:00,276.2,541.8
2025-07-01 18:43:00,276.2,541.8
2025-07-01 18:44:00,276.2,535
2025-07-01 18:45:00,262.4,521.4
2025-07-01 18:46:00,262.4,494.4
2025-07-01 18:47:00,262.3,419.9
2025-07-01 18:48:00,248.5,311.5
2025-07-01 18:49:00,248.5,250.6
2025-07-01 18:50:00,110.5,223.5
2025-07-01 18:51:00,234.7,230.2
2025-07-01 18:52:00,82.8,216.7
2025-07-01 18:53:00,82.8,216.7
2025-07-01 18:54:00,82.8,223.5
2025-07-01 18:55:00,165.7,247.2
2025-07-01 18:56:00,207.1,304.7
2025-07-01 18:57:00,96.7,237
2025-07-01 18:58:00,82.8,209.9
2025-07-01 18:59:00,82.8,189.6
2025-07-01 19:00:00,82.8,182.8
2025-07-01 19:01:00,82.8,189.6
2025-07-01 19:02:00,82.8,196.4
2025-07-01 19:03:00,82.8,209.9
2025-07-01 19:04:00,124.3,250.6
2025-07-01 19:05:00,82.8,203.1
2025-07-01 19:06:00,82.8,189.6
2025-07-01 19:07:00,82.8,182.8
2025-07-01 19:08:00,82.8,169.3
2025-07-01 19:09:00,69.04,162.5
2025-07-01 19:10:00,69.04,149
2025-07-01 19:11:00,55.23,128.7
2025-07-01 19:12:00,55.23,108.3
2025-07-01 19:13:00,41.42,94.8
2025-07-01 19:14:00,41.42,94.8
2025-07-01 19:15:00,41.42,101.6
2025-07-01 19:16:00,55.23,101.6
2025-07-01 19:17:00,55.23,101.6
2025-07-01 19:18:00,55.23,101.6
2025-07-01 19:19:00,55.23,101.6
2025-07-01 19:20:00,55.23,105
2025-07-01 19:21:00,82.8,182.8
2025-07-01 19:22:00,82.8,155.7
2025-07-01 19:23:00,131.2,230.2
2025-07-01 19:24:00,179.5,291.2
2025-07-01 19:25:00,207.1,331.8
2025-07-01 19:26:00,193.3,325
2025-07-01 19:27:00,179.5,291.2
2025-07-01 19:28:00,151.9,257.3
2025-07-01 19:29:00,124.3,237
2025-07-01 19:30:00,82.8,182.8
2025-07-01 19:31:00,55.23,149
2025-07-01 19:32:00,55.23,135.4
2025-07-01 19:33:00,55.23,128.7
2025-07-01 19:34:00,41.42,121.9
2025-07-01 19:35:00,69.04,121.9
2025-07-01 19:36:00,41.42,121.9
2025-07-01 19:37:00,55.23,121.9
2025-07-01 19:38:00,82.8,149
2025-07-01 19:39:00,69.04,149
2025-07-01 19:40:00,41.42,149
2025-07-01 19:41:00,41.42,128.7
2025-07-01 19:42:00,41.42,115.1
2025-07-01 19:43:00,41.42,108.3
2025-07-01 19:44:00,41.42,108.3
2025-07-01 19:45:00,41.42,108.3
2025-07-01 19:46:00,41.42,101.6
2025-07-01 19:47:00,55.23,101.6
2025-07-01 19:48:00,69.04,108.3
2025-07-01 19:49:00,69.04,115.1
2025-07-01 19:50:00,69.04,108.3
2025-07-01 19:51:00,69.04,101.6
2025-07-01 19:52:00,55.23,94.8
2025-07-01 19:53:00,41.42,88
2025-07-01 19:54:00,41.42,74.49
2025-07-01 19:55:00,27.61,67.72
2025-07-01 19:56:00,27.61,60.94
2025-07-01 19:57:00,27.61,60.94
2025-07-01 19:58:00,27.61,54.17
2025-07-04 06:15:00,20.71,33.85
2025-07-04 06:16:00,27.61,33.85
2025-07-04 06:17:00,27.61,40.62
2025-07-04 06:18:00,27.61,40.62
2025-07-04 06:19:00,27.61,40.62
2025-07-04 06:20:00,27.61,40.62
2025-07-04 06:21:00,27.61,40.62
2025-07-04 06:22:00,27.61,47.39
2025-07-04 06:23:00,27.61,47.39
2025-07-04 06:24:00,27.61,47.39
2025-07-04 06:25:00,27.61,54.16
2025-07-04 06:26:00,27.61,54.16
2025-07-04 06:27:00,27.61,60.93
2025-07-04 06:28:00,41.42,60.93
2025-07-04 06:29:00,41.42,67.7
2025-07-04 06:30:00,41.42,67.7
2025-07-04 06:31:00,41.42,74.48
2025-07-04 06:32:00,41.42,74.48
2025-07-04 06:33:00,41.42,81.2
2025-07-04 06:34:00,55.22,88
2025-07-04 06:35:00,82.8,108.3
2025-07-04 06:36:00,82.8,115.1
2025-07-04 06:37:00,82.8,121.9
2025-07-04 06:38:00,82.8,121.9
2025-07-04 06:39:00,82.8,128.6
2025-07-04 06:40:00,82.8,135.4
2025-07-04 06:41:00,82.8,142.2
2025-07-04 06:42:00,96.6,149
2025-07-04 06:43:00,96.6,149
2025-07-04 06:44:00,96.6,155.7
2025-07-04 06:45:00,96.6,162.5
2025-07-04 06:46:00,96.6,162.5
2025-07-04 06:47:00,103.5,169.3
2025-07-04 06:48:00,110.4,176
2025-07-04 06:49:00,110.4,182.8
2025-07-04 06:50:00,110.4,182.8
2025-07-04 06:51:00,96.6,182.8
2025-07-04 06:52:00,96.6,182.8
2025-07-04 06:53:00,110.4,203.1
2025-07-04 06:54:00,124.2,209.9
2025-07-04 06:55:00,124.2,216.7
2025-07-04 06:56:00,124.2,223.4
2025-07-04 06:57:00,124.2,230.2
2025-07-04 06:58:00,124.2,230.2
2025-07-04 06:59:00,110.4,209.9
2025-07-04 07:00:00,138.1,237
2025-07-04 07:01:00,124.2,230.2
2025-07-04 07:02:00,138.1,250.5
2025-07-04 07:03:00,124.2,237
2025-07-04 07:04:00,110.4,223.4
2025-07-04 07:05:00,138.1,257.3
2025-07-04 07:06:00,124.2,233.6
2025-07-04 07:07:00,96.6,203.1
2025-07-04 07:08:00,96.6,216.7
2025-07-04 07:09:00,82.8,196.3
2025-07-04 07:10:00,69.03,162.5
2025-07-04 07:11:00,69.03,162.5
2025-07-04 07:12:00,69.03,169.3
2025-07-04 07:13:00,69.03,169.3
2025-07-04 07:14:00,69.03,162.5
2025-07-04 07:15:00,69.03,176
2025-07-04 07:16:00,82.8,189.6
2025-07-04 07:17:00,82.8,223.4
2025-07-04 07:18:00,110.4,250.5
2025-07-04 07:19:00,165.7,325
2025-07-04 07:20:00,110.4,264
2025-07-04 07:21:00,124.2,284.4
2025-07-04 07:22:00,165.7,338.5
2025-07-04 07:23:00,165.7,345.3
2025-07-04 07:24:00,193.3,372.4
2025-07-04 07:25:00,193.3,379.1
2025-07-04 07:26:00,138.1,304.7
2025-07-04 07:27:00,124.2,304.7
2025-07-04 07:28:00,124.2,284.4
2025-07-04 07:29:00,96.6,264.1
2025-07-04 07:30:00,110.4,284.4
2025-07-04 07:31:00,110.4,277.6
2025-07-04 07:32:00,124.2,304.7
2025-07-04 07:33:00,179.5,392.7
2025-07-04 07:34:00,234.7,467.2
2025-07-04 07:35:00,179.5,406.2
2025-07-04 07:36:00,248.5,507.8
2025-07-04 07:37:00,262.3,534.9
2025-07-04 07:38:00,276.1,548.4
2025-07-04 07:39:00,220.9,480.7
2025-07-04 07:40:00,276.1,555.2
2025-07-04 07:41:00,276.1,562
2025-07-04 07:42:00,289.9,568.7
2025-07-04 07:43:00,276.1,555.2
2025-07-04 07:44:00,262.3,534.9
2025-07-04 07:45:00,220.9,467.2
2025-07-04 07:46:00,207.1,433.3
2025-07-04 07:47:00,165.7,365.6
2025-07-04 07:48:00,138.1,318.2
2025-07-04 07:49:00,138.1,325
2025-07-04 07:50:00,124.2,311.4
2025-07-04 07:51:00,165.7,365.6
2025-07-04 07:52:00,179.5,392.7
2025-07-04 07:53:00,193.3,426.5
2025-07-04 07:54:00,179.5,399.5
2025-07-04 07:55:00,179.5,385.9
2025-07-04 07:56:00,165.7,379.2
2025-07-04 07:57:00,193.3,406.2
2025-07-04 07:58:00,179.5,392.7
2025-07-04 07:59:00,193.3,426.5
2025-07-04 08:00:00,179.5,392.7
2025-07-04 08:01:00,179.5,385.9
2025-07-04 08:02:00,151.9,365.6
2025-07-04 08:03:00,151.9,365.6
2025-07-04 08:04:00,165.7,372.4
2025-07-04 08:05:00,151.9,352.1
2025-07-04 08:06:00,151.9,358.9
2025-07-04 08:07:00,193.3,433.3
2025-07-04 08:08:00,179.5,416.4
2025-07-04 08:09:00,234.7,507.8
2025-07-04 08:10:00,179.5,419.8
2025-07-04 08:11:00,207.1,467.2
2025-07-04 08:12:00,234.7,507.8
2025-07-04 08:13:00,179.5,419.8
2025-07-04 08:14:00,193.3,433.3
2025-07-04 08:15:00,193.3,436.7
2025-07-04 08:16:00,207.1,453.6
2025-07-04 08:17:00,220.9,487.5
2025-07-04 08:18:00,262.3,555.2
2025-07-04 08:19:00,303.7,QCF
2025-07-04 08:20:00,303.7,636.5
2025-07-04 08:21:00,372.8,765.1
2025-07-04 08:22:00,400.4,819
2025-07-04 08:23:00,317.5,677.1
2025-07-04 08:24:00,276.1,602.6
2025-07-04 08:25:00,358.9,738
2025-07-04 08:26:00,317.5,677.1
2025-07-04 08:27:00,207.1,460.4
2025-07-04 08:28:00,220.9,487.5
2025-07-04 08:29:00,179.5,426.6
2025-07-04 08:30:00,179.5,413
2025-07-04 08:31:00,179.5,433.3
2025-07-04 08:32:00,193.3,453.7
2025-07-04 08:33:00,220.9,487.5
2025-07-04 08:34:00,179.5,433.3
2025-07-04 08:35:00,193.3,440.1
2025-07-04 08:36:00,248.5,555.2
2025-07-04 08:37:00,303.7,663.6
2025-07-04 08:38:00,331.4,704.2
2025-07-04 08:39:00,345.2,744.8
2025-07-04 08:40:00,386.6,819
2025-07-04 08:41:00,414.2,860
2025-07-04 08:42:00,448.7,934
2025-07-04 08:43:00,483.2,1009
2025-07-04 08:44:00,469.4,989
2025-07-04 08:45:00,386.6,833
2025-07-04 08:46:00,345.2,751.6
2025-07-04 08:47:00,441.8,934
2025-07-04 08:48:00,441.8,921
2025-07-04 08:49:00,386.6,826
2025-07-04 08:50:00,345.2,765.2
2025-07-04 08:51:00,303.8,677.1
2025-07-04 08:52:00,359,778.7
2025-07-04 08:53:00,428,914
2025-07-04 08:54:00,414.2,887
2025-07-04 08:55:00,303.8,690.7
2025-07-04 08:56:00,310.7,690.7
2025-07-04 08:57:00,331.4,738.1
2025-07-04 08:58:00,290,656.8
2025-07-04 08:59:00,200.2,494.3
2025-07-04 09:00:00,414.2,880
2025-07-04 09:01:00,497.1,1036
2025-07-04 09:02:00,510.9,1070
2025-07-04 09:03:00,524.7,1097
2025-07-04 09:04:00,538.5,1114
2025-07-04 09:05:00,524.7,1090
2025-07-04 09:06:00,538.5,1131
2025-07-04 09:07:00,552.3,1144
2025-07-04 09:08:00,566.1,1178
2025-07-04 09:09:00,579.9,1192
2025-07-04 09:10:00,552.3,1161
2025-07-04 09:11:00,538.5,1131
2025-07-04 09:12:00,497.1,1043
2025-07-04 09:13:00,497.1,1056
2025-07-04 09:14:00,524.7,1111
2025-07-04 09:15:00,510.9,1077
2025-07-04 09:16:00,524.7,1111
2025-07-04 09:17:00,566.1,1185
2025-07-04 09:18:00,566.1,1171
2025-07-04 09:19:00,566.1,1171
2025-07-04 09:20:00,455.6,962
2025-07-04 09:21:00,428,928
2025-07-04 09:22:00,414.2,894
2025-07-04 09:23:00,483.3,1043
2025-07-04 09:24:00,428,928
2025-07-04 09:25:00,510.9,1077
2025-07-04 09:26:00,607.5,1253
2025-07-04 09:27:00,614.4,1287
2025-07-04 09:28:00,621.3,1307
2025-07-04 09:29:00,635.1,1337
2025-07-04 09:30:00,648.9,1348
2025-07-04 09:31:00,648.9,1354
2025-07-04 09:32:00,648.9,1361
2025-07-04 09:33:00,648.9,1361
2025-07-04 09:34:00,662.8,1368
2025-07-04 09:35:00,662.8,1371
2025-07-04 09:36:00,662.8,1378
2025-07-04 09:37:00,662.8,1375
2025-07-04 09:38:00,662.8,1378
2025-07-04 09:39:00,662.8,1381
2025-07-04 09:40:00,676.6,1402
2025-07-04 09:41:00,676.6,1408
2025-07-04 09:42:00,676.6,1408
2025-07-04 09:43:00,676.6,1415
2025-07-04 09:44:00,676.6,1415
2025-07-04 09:45:00,676.6,1422
2025-07-04 09:46:00,676.6,1408
2025-07-04 09:47:00,635.1,1341
2025-07-04 09:48:00,676.6,1402
2025-07-04 09:49:00,690.4,1442
2025-07-04 09:50:00,690.4,1436
2025-07-04 09:51:00,690.4,1449
2025-07-04 09:52:00,676.6,1405
2025-07-04 09:53:00,704.2,1463
2025-07-04 09:54:00,704.2,1466
2025-07-04 09:55:00,704.2,1469
2025-07-04 09:56:00,704.2,1476
2025-07-04 09:57:00,704.2,1483
2025-07-04 09:58:00,718,1490
2025-07-04 09:59:00,718,1493
2025-07-04 10:00:00,718,1490
2025-07-04 10:01:00,718,1497
2025-07-04 10:02:00,718,1497
2025-07-04 10:03:00,718,1503
2025-07-04 10:04:00,690.4,1449
2025-07-04 10:05:00,676.6,1422
2025-07-04 10:06:00,676.6,1422
2025-07-04 10:07:00,731.8,1517
2025-07-04 10:08:00,745.6,1530
2025-07-04 10:09:00,745.6,1544
2025-07-04 10:10:00,745.6,1547
2025-07-04 10:11:00,745.6,1551
2025-07-04 10:12:00,745.6,1557
2025-07-04 10:13:00,745.6,1557
2025-07-04 10:14:00,752.5,1564
2025-07-04 10:15:00,759.4,QCF
2025-07-04 10:16:00,759.4,1568
2025-07-04 10:17:00,759.4,1574
2025-07-04 10:18:00,759.4,1585
2025-07-04 10:19:00,759.4,1591
2025-07-04 10:20:00,759.4,1591
2025-07-04 10:21:00,759.4,1598
2025-07-04 10:22:00,773.2,1608
2025-07-04 10:23:00,773.2,1612
2025-07-04 10:24:00,773.2,1618
2025-07-04 10:25:00,773.2,1625
2025-07-04 10:26:00,773.2,1629
2025-07-04 10:27:00,787,1635
2025-07-04 10:28:00,787,1639
2025-07-04 10:29:00,787,1646
2025-07-04 10:30:00,787,1659
2025-07-04 10:31:00,801,1666
2025-07-04 10:32:00,801,1666
2025-07-04 10:33:00,801,1673
2025-07-04 10:34:00,801,1673
2025-07-04 10:35:00,787,1646
2025-07-04 10:36:00,801,1673
2025-07-04 10:37:00,801,1666
2025-07-04 10:38:00,815,1686
2025-07-04 10:39:00,815,1693
2025-07-04 10:40:00,815,1700
2025-07-04 10:41:00,815,1706
2025-07-04 10:42:00,828,1713
2025-07-04 10:43:00,828,1720
2025-07-04 10:44:00,828,1720
2025-07-04 10:45:00,704.2,1510
2025-07-04 10:46:00,815,1693
2025-07-04 10:47:00,842,1740
2025-07-04 10:48:00,842,1747
2025-07-04 10:49:00,842,1754
2025-07-04 10:50:00,842,1754
2025-07-04 10:51:00,842,1761
2025-07-04 10:52:00,856,1774
2025-07-04 10:53:00,856,1774
2025-07-04 10:54:00,856,1781
2025-07-04 10:55:00,856,1781
2025-07-04 10:56:00,856,1767
2025-07-04 10:57:00,676.6,1456
2025-07-04 10:58:00,856,1774
2025-07-04 10:59:00,856,1774
2025-07-04 11:00:00,856,1767
2025-07-04 11:01:00,884,1835
2025-07-04 11:02:00,828,1727
2025-07-04 11:03:00,897,1838
2025-07-04 11:04:00,897,1855
2025-07-04 11:05:00,897,1862
2025-07-04 11:06:00,911,1876
2025-07-04 11:07:00,911,1869
2025-07-04 11:08:00,884,1842
2025-07-04 11:09:00,856,1767
2025-07-04 11:10:00,856,1788
2025-07-04 11:11:00,828,1734
2025-07-04 11:12:00,828,1720
2025-07-04 11:13:00,828,1727
2025-07-04 11:14:00,884,1825
2025-07-04 11:15:00,911,1896
2025-07-04 11:16:00,925,1896
2025-07-04 11:17:00,897,1862
2025-07-04 11:18:00,911,1896
2025-07-04 11:19:00,925,1903
2025-07-04 11:20:00,918,1903
2025-07-04 11:21:00,925,1910
2025-07-04 11:22:00,925,1906
2025-07-04 11:23:00,925,1913
2025-07-04 11:24:00,925,1916
2025-07-04 11:25:00,925,1916
2025-07-04 11:26:00,925,1923
2025-07-04 11:27:00,939,1930
2025-07-04 11:28:00,939,1930
2025-07-04 11:29:00,939,QCF
2025-07-04 11:30:00,939,1937
2025-07-04 11:31:00,939,1937
2025-07-04 11:32:00,939,1947
2025-07-04 11:33:00,939,1950
2025-07-04 11:34:00,953,1950
2025-07-04 11:35:00,939,1950
2025-07-04 11:36:00,953,1950
2025-07-04 11:37:00,953,1964
2025-07-04 11:38:00,953,1967
2025-07-04 11:39:00,953,1964
2025-07-04 11:40:00,953,1971
2025-07-04 11:41:00,953,1971
2025-07-04 11:42:00,953,1977
2025-07-04 11:43:00,967,1991
2025-07-04 11:44:00,967,1981
2025-07-04 11:45:00,960,1984
2025-07-04 11:46:00,967,1987
2025-07-04 11:47:00,967,1991
2025-07-04 11:48:00,967,1984
2025-07-04 11:49:00,967,1998
2025-07-04 11:50:00,967,2001
2025-07-04 11:51:00,967,1994
2025-07-04 11:52:00,980,2011
2025-07-04 11:53:00,980,2011
2025-07-04 11:54:00,967,2004
2025-07-04 11:55:00,980,2015
2025-07-04 11:56:00,980,2011
2025-07-04 11:57:00,980,2018
2025-07-04 11:58:00,980,2018
2025-07-04 11:59:00,980,2025
2025-07-04 12:00:00,980,2028
2025-07-04 12:01:00,980,2025
2025-07-04 12:02:00,987,2038
2025-07-04 12:03:00,994,2045
2025-07-04 12:04:00,856,2045
2025-07-04 12:05:00,994,2059
2025-07-04 12:06:00,994,2059
2025-07-04 12:07:00,994,2065
2025-07-04 12:08:00,1008,2079
2025-07-04 12:09:00,1022,2103
2025-07-04 12:10:00,1036,2120
2025-07-04 12:11:00,1036,2120
2025-07-04 12:12:00,1063,2174
2025-07-04 12:13:00,1063,2160
2025-07-04 12:14:00,1049,2157
2025-07-04 12:15:00,1036,2133
2025-07-04 12:16:00,980,2045
2025-07-04 12:17:00,967,2011
2025-07-04 12:18:00,897,1889
2025-07-04 12:19:00,815,1720
2025-07-04 12:20:00,1063,2187
2025-07-04 12:21:00,1049,2160
2025-07-04 12:22:00,1049,2147
2025-07-04 12:23:00,1036,2140
2025-07-04 12:24:00,1036,2133
2025-07-04 12:25:00,1036,2126
2025-07-04 12:26:00,980,2045
2025-07-04 12:27:00,994,2072
2025-07-04 12:28:00,994,2072
2025-07-04 12:29:00,QCF,2092
2025-07-04 12:30:00,1008,2092
2025-07-04 12:31:00,1008,2099
2025-07-04 12:32:00,1008,2099
2025-07-04 12:33:00,994,2052
2025-07-04 12:34:00,1008,2082
2025-07-04 12:35:00,1008,2086
2025-07-04 12:36:00,1008,2092
2025-07-04 12:37:00,1022,2120
2025-07-04 12:38:00,1022,2126
2025-07-04 12:39:00,1036,2133
2025-07-04 12:40:00,1036,2133
2025-07-04 12:41:00,1022,2126
2025-07-04 12:42:00,1036,2130
2025-07-04 12:43:00,1022,2130
2025-07-04 12:44:00,1036,2133
2025-07-04 12:45:00,1036,2133
2025-07-04 12:46:00,1036,2136
2025-07-04 12:47:00,1036,2140
2025-07-04 12:48:00,1036,2130
2025-07-04 12:49:00,1022,2113
2025-07-04 12:50:00,1015,2099
2025-07-04 12:51:00,1008,2079
2025-07-04 12:52:00,1022,2106
2025-07-04 12:53:00,911,1903
2025-07-04 12:54:00,1008,2092
2025-07-04 12:55:00,1036,2140
2025-07-04 12:56:00,1036,2140
2025-07-04 12:57:00,1036,2140
2025-07-04 12:58:00,1036,2140
2025-07-04 12:59:00,1036,2140
2025-07-04 13:00:00,1036,2136
2025-07-04 13:01:00,1036,2147
2025-07-04 13:02:00,1036,2147
2025-07-04 13:03:00,1042,2153
2025-07-04 13:04:00,1036,2153
2025-07-04 13:05:00,1049,2157
2025-07-04 13:06:00,1036,2153
2025-07-04 13:07:00,1036,2153
2025-07-04 13:08:00,1049,2160
2025-07-04 13:09:00,1036,2147
2025-07-04 13:10:00,1036,2140
2025-07-04 13:11:00,1042,2153
2025-07-04 13:12:00,1042,2153
2025-07-04 13:13:00,1036,2150
2025-07-04 13:14:00,1036,2147
2025-07-04 13:15:00,1049,2153
2025-07-04 13:16:00,1036,2157
2025-07-04 13:17:00,1042,2153
2025-07-04 13:18:00,1036,2147
2025-07-04 13:19:00,1036,QCF
2025-07-04 13:20:00,1036,2153
2025-07-04 13:21:00,1036,2153
2025-07-04 13:22:00,1049,2157
2025-07-04 13:23:00,1049,2157
2025-07-04 13:24:00,1036,2150
2025-07-04 13:25:00,1036,2153
2025-07-04 13:26:00,1042,2153
2025-07-04 13:27:00,1036,2160
2025-07-04 13:28:00,1049,2153
2025-07-04 13:29:00,1036,2153
2025-07-04 13:30:00,1036,2150
2025-07-04 13:31:00,1036,2147
2025-07-04 13:32:00,1036,2140
2025-07-04 13:33:00,1036,2150
2025-07-04 13:34:00,1042,2153
2025-07-04 13:35:00,1036,2147
2025-07-04 13:36:00,1036,2140
2025-07-04 13:37:00,1036,2140
2025-07-04 13:38:00,1036,2133
2025-07-04 13:39:00,1049,2153
2025-07-04 13:40:00,1036,2140
2025-07-04 13:41:00,1036,2140
2025-07-04 13:42:00,1036,2140
2025-07-04 13:43:00,1036,2147
2025-07-04 13:44:00,1036,2130
2025-07-04 13:45:00,1036,2120
2025-07-04 13:46:00,1036,2140
2025-07-04 13:47:00,1036,2140
2025-07-04 13:48:00,1036,2133
2025-07-04 13:49:00,1036,2126
2025-07-04 13:50:00,1036,2140
2025-07-04 13:51:00,1036,2140
2025-07-04 13:52:00,1036,2136
2025-07-04 13:53:00,1036,2147
2025-07-04 13:54:00,1036,2136
2025-07-04 13:55:00,1036,2133
2025-07-04 13:56:00,1036,2153
2025-07-04 13:57:00,1049,2147
2025-07-04 13:58:00,1042,2133
2025-07-04 13:59:00,1049,2164
2025-07-04 14:00:00,1049,2147
2025-07-04 14:01:00,1042,2150
2025-07-04 14:02:00,1036,2140
2025-07-04 14:03:00,1036,2133
2025-07-04 14:04:00,1036,2133
2025-07-04 14:05:00,1022,2123
2025-07-04 14:06:00,1036,2120
2025-07-04 14:07:00,1036,2133
2025-07-04 14:08:00,1036,2140
2025-07-04 14:09:00,1036,2130
2025-07-04 14:10:00,1036,2140
2025-07-04 14:11:00,1036,2140
2025-07-04 14:12:00,1049,2153
2025-07-04 14:13:00,1036,2133
2025-07-04 14:14:00,1049,2164
2025-07-04 14:15:00,1049,2157
2025-07-04 14:16:00,1049,2153
2025-07-04 14:17:00,1036,2140
2025-07-04 14:18:00,1049,2147
2025-07-04 14:19:00,1036,2140
2025-07-04 14:20:00,1022,2113
2025-07-04 14:21:00,1036,2120
2025-07-04 14:22:00,1036,2140
2025-07-04 14:23:00,1036,2120
2025-07-04 14:24:00,1036,2126
2025-07-04 14:25:00,953,1964
2025-07-04 14:26:00,718,1524
2025-07-04 14:27:00,538.5,1178
2025-07-04 14:28:00,1036,2120
2025-07-04 14:29:00,1022,2109
2025-07-04 14:30:00,1049,2140
2025-07-04 14:31:00,787,1642
2025-07-04 14:32:00,815,1700
2025-07-04 14:33:00,1049,2140
2025-07-04 14:34:00,815,1700
2025-07-04 14:35:00,676.6,1446
2025-07-04 14:36:00,967,1984
2025-07-04 14:37:00,980,2011
2025-07-04 14:38:00,1022,2109
2025-07-04 14:39:00,1029,2120
2025-07-04 14:40:00,1008,2065
2025-07-04 14:41:00,1036,2126
2025-07-04 14:42:00,1036,2126
2025-07-04 14:43:00,1022,2093
2025-07-04 14:44:00,1036,2113
2025-07-04 14:45:00,953,1964
2025-07-04 14:46:00,1036,2126
2025-07-04 14:47:00,1036,2113
2025-07-04 14:48:00,1036,2120
2025-07-04 14:49:00,1029,2113
2025-07-04 14:50:00,1022,2106
2025-07-04 14:51:00,1022,2106
2025-07-04 14:52:00,1022,2099
2025-07-04 14:53:00,1022,2106
2025-07-04 14:54:00,1022,2086
2025-07-04 14:55:00,1008,2076
2025-07-04 14:56:00,980,2025
2025-07-04 14:57:00,967,1984
2025-07-04 14:58:00,925,1900
2025-07-04 14:59:00,745.7,1551
2025-07-04 15:00:00,593.8,1280
2025-07-04 15:01:00,649.1,1375
2025-07-04 15:02:00,635.3,1351
2025-07-04 15:03:00,662.9,1409
2025-07-04 15:04:00,911,1856
2025-07-04 15:05:00,967,1978
2025-07-04 15:06:00,1029,2086
2025-07-04 15:07:00,987,2012
2025-07-04 15:08:00,939,1930
2025-07-04 15:09:00,925,1896
2025-07-04 15:10:00,1008,2052
2025-07-04 15:11:00,994,2012
2025-07-04 15:12:00,994,2018
2025-07-04 15:13:00,939,1910
2025-07-04 15:14:00,925,1890
2025-07-04 15:15:00,1008,2039
2025-07-04 15:16:00,994,2005
2025-07-04 15:17:00,967,1964
2025-07-04 15:18:00,815,1680
2025-07-04 15:19:00,829,1707
2025-07-04 15:20:00,953,1930
2025-07-04 15:21:00,911,1856
2025-07-04 15:22:00,884,1808
2025-07-04 15:23:00,842,1741
2025-07-04 15:24:00,759.6,1571
2025-07-04 15:25:00,759.6,1558
2025-07-04 15:26:00,676.7,1409
2025-07-04 15:27:00,649.1,1341
2025-07-04 15:28:00,524.8,1118
2025-07-04 15:29:00,497.2,1057
2025-07-04 15:30:00,511,1063
2025-07-04 15:31:00,414.3,901
2025-07-04 15:32:00,400.5,874
2025-07-04 15:33:00,455.8,969
2025-07-04 15:34:00,428.1,921
2025-07-04 15:35:00,345.3,755.2
2025-07-04 15:36:00,414.3,894
2025-07-04 15:37:00,662.9,1365
2025-07-04 15:38:00,911,1822
2025-07-04 15:39:00,925,1849
2025-07-04 15:40:00,946,1897
2025-07-04 15:41:00,718.2,1477
2025-07-04 15:42:00,614.6,1280
2025-07-04 15:43:00,442,935
2025-07-04 15:44:00,524.8,1104
2025-07-04 15:45:00,635.3,1300
2025-07-04 15:46:00,552.4,1151
2025-07-04 15:47:00,483.4,1033
2025-07-04 15:48:00,359.1,765.4
2025-07-04 15:49:00,359.1,758.6
2025-07-04 15:50:00,345.3,738.3
2025-07-04 15:51:00,331.5,718
2025-07-04 15:52:00,331.5,724.8
2025-07-04 15:53:00,317.7,697.7
2025-07-04 15:54:00,317.7,690.9
2025-07-04 15:55:00,317.7,677.4
2025-07-04 15:56:00,317.7,677.4
2025-07-04 15:57:00,317.7,677.4
2025-07-04 15:58:00,317.7,677.3
2025-07-04 15:59:00,303.8,670.6
2025-07-04 16:00:00,303.8,670.6
2025-07-04 16:01:00,303.8,670.6
2025-07-04 16:02:00,303.8,663.8
2025-07-04 16:03:00,303.8,663.8
2025-07-04 16:04:00,303.8,663.8
2025-07-04 16:05:00,317.6,670.5
2025-07-04 16:06:00,303.8,663.8
2025-07-04 16:07:00,303.8,657
2025-07-04 16:08:00,303.8,657
2025-07-04 16:09:00,303.8,650.2
2025-07-04 16:10:00,303.8,650.2
2025-07-04 16:11:00,303.8,657
2025-07-04 16:12:00,317.6,690.8
2025-07-04 16:13:00,317.6,697.6
2025-07-04 16:14:00,400.5,840
2025-07-04 16:15:00,428.1,901
2025-07-04 16:16:00,400.5,847
2025-07-04 16:17:00,441.9,921
2025-07-04 16:18:00,497.1,1043
2025-07-04 16:19:00,566.2,1158
2025-07-04 16:20:00,593.8,1212
2025-07-04 16:21:00,649,1334
2025-07-04 16:22:00,704.2,1429
2025-07-04 16:23:00,773.3,1564
2025-07-04 16:24:00,QCF,1680
2025-07-04 16:25:00,787.1,1585
2025-07-04 16:26:00,QCF,1774
2025-07-04 16:27:00,QCF,1781
2025-07-04 16:28:00,QCF,1774
2025-07-04 16:29:00,856,1727
2025-07-04 16:30:00,870,1754
2025-07-04 16:31:00,856,1727
2025-07-04 16:32:00,856,1720
2025-07-04 16:33:00,842,1700
2025-07-04 16:34:00,828,1686
2025-07-04 16:35:00,828,1669
2025-07-04 16:36:00,815,1659
2025-07-04 16:37:00,801,1639
2025-07-04 16:38:00,801,1625
2025-07-04 16:39:00,787,1605
2025-07-04 16:40:00,787,1598
2025-07-04 16:41:00,773.2,1571
2025-07-04 16:42:00,759.4,1558
2025-07-04 16:43:00,759.4,1554
2025-07-04 16:44:00,759.4,1544
2025-07-04 16:45:00,745.6,1524
2025-07-04 16:46:00,745.6,1514
2025-07-04 16:47:00,731.8,1503
2025-07-04 16:48:00,731.8,1490
2025-07-04 16:49:00,731.8,1480
2025-07-04 16:50:00,718,1466
2025-07-04 16:51:00,718,1456
2025-07-04 16:52:00,704.2,1449
2025-07-04 16:53:00,704.2,1439
2025-07-04 16:54:00,704.3,1429
2025-07-04 16:55:00,690.5,1415
2025-07-04 16:56:00,690.4,1415
2025-07-04 16:57:00,690.5,1402
2025-07-04 16:58:00,676.6,1388
2025-07-04 16:59:00,676.7,1375
2025-07-04 17:00:00,593.8,1233
2025-07-04 17:01:00,497.1,1057
2025-07-04 17:02:00,580,1199
2025-07-04 17:03:00,538.6,1124
2025-07-04 17:04:00,566.2,1165
2025-07-04 17:05:00,649.1,1307
2025-07-04 17:06:00,593.8,1212
2025-07-04 17:07:00,649.1,1307
2025-07-04 17:08:00,635.3,1287
2025-07-04 17:09:00,635.3,1294
2025-07-04 17:10:00,621.5,1246
2025-07-04 17:11:00,607.6,1212
2025-07-04 17:12:00,607.6,1192
2025-07-04 17:13:00,614.6,1145
2025-07-04 17:14:00,621.5,1070
2025-07-04 17:15:00,621.5,928
2025-07-04 17:16:00,621.5,775.5
2025-07-04 17:17:00,621.5,623.1
2025-07-04 17:18:00,607.6,501.2
2025-07-04 17:19:00,607.6,413.2
2025-07-04 17:20:00,593.8,365.7
2025-07-04 17:21:00,566.2,338.7
2025-07-04 17:22:00,511,331.9
2025-07-04 17:23:00,428.1,331.9
2025-07-04 17:24:00,331.5,331.9
2025-07-04 17:25:00,248.6,331.9
2025-07-04 17:26:00,179.5,331.9
2025-07-04 17:27:00,138.1,331.9
2025-07-04 17:28:00,110.5,331.9
2025-07-04 17:29:00,110.5,331.9
2025-07-04 17:30:00,110.5,331.9
2025-07-04 17:31:00,110.5,331.9
2025-07-04 17:32:00,110.5,325.1
2025-07-04 17:33:00,110.5,325.1
2025-07-04 17:34:00,110.5,331.9
2025-07-04 17:35:00,110.5,325.1
2025-07-04 17:36:00,110.5,318.3
2025-07-04 17:37:00,110.5,304.8
2025-07-04 17:38:00,110.5,298
2025-07-04 17:39:00,110.5,291.2
2025-07-04 17:40:00,110.5,298
2025-07-04 17:41:00,110.5,298
2025-07-04 17:42:00,110.5,298
2025-07-04 17:43:00,110.5,311.6
2025-07-04 17:44:00,117.4,328.5
2025-07-04 17:45:00,124.3,345.4
2025-07-04 17:46:00,124.3,365.8
2025-07-04 17:47:00,124.3,359
2025-07-04 17:48:00,124.3,392.9
2025-07-04 17:49:00,138.1,413.2
2025-07-04 17:50:00,151.9,426.7
2025-07-04 17:51:00,151.9,413.2
2025-07-04 17:52:00,165.7,433.5
2025-07-04 17:53:00,193.4,474.2
2025-07-04 17:54:00,234.8,548.7
2025-07-04 17:55:00,248.6,569
2025-07-04 17:56:00,262.4,630
2025-07-04 17:57:00,248.6,677.4
2025-07-04 17:58:00,193.4,636.7
2025-07-04 17:59:00,172.6,589.3
2025-07-04 18:00:00,165.7,636.7
2025-07-04 18:01:00,179.5,663.8
2025-07-04 18:02:00,221,714.6
2025-07-04 18:03:00,234.8,636.7
2025-07-04 18:04:00,276.2,636.7
2025-07-04 18:05:00,359.1,677.3
2025-07-04 18:06:00,400.5,555.4
2025-07-04 18:07:00,386.7,413.1
2025-07-04 18:08:00,400.5,359
2025-07-04 18:09:00,428.1,352.2
2025-07-04 18:10:00,441.9,372.5
2025-07-04 18:11:00,441.9,457.1
2025-07-04 18:12:00,441.9,629.9
2025-07-04 18:13:00,455.7,806
2025-07-04 18:14:00,455.7,867
2025-07-04 18:15:00,455.7,880
2025-07-04 18:16:00,455.7,874
2025-07-04 18:17:00,441.9,867
2025-07-04 18:18:00,448.8,867
2025-07-04 18:19:00,441.9,860
2025-07-04 18:20:00,441.9,853
2025-07-04 18:21:00,441.8,846
2025-07-04 18:22:00,428,833
2025-07-04 18:23:00,428,833
2025-07-04 18:24:00,414.2,819
2025-07-04 18:25:00,345.2,813
2025-07-04 18:26:00,234.7,799.1
2025-07-04 18:27:00,138.1,799.1
2025-07-04 18:28:00,124.3,785.5
2025-07-04 18:29:00,151.9,772
2025-07-04 18:30:00,234.7,765.2
2025-07-04 18:31:00,345.2,765.2
2025-07-04 18:32:00,386.6,751.7
2025-07-04 18:33:00,386.6,744.9
2025-07-04 18:34:00,386.6,731.4
2025-07-04 18:35:00,386.6,731.4
2025-07-04 18:36:00,386.6,724.6
2025-07-04 18:37:00,372.8,717.8
2025-07-04 18:38:00,359,697.5
2025-07-04 18:39:00,345.2,670.4
2025-07-04 18:40:00,359,670.4
2025-07-04 18:41:00,345.2,663.7
2025-07-04 18:42:00,345.2,656.9
2025-07-04 18:43:00,345.2,650.1
2025-07-04 18:44:00,345.2,643.4
2025-07-04 18:45:00,338.3,623
2025-07-04 18:46:00,331.4,568.9
2025-07-04 18:47:00,331.4,453.7
2025-07-04 18:48:00,317.6,345.4
2025-07-04 18:49:00,303.8,298
2025-07-04 18:50:00,303.8,284.4
2025-07-04 18:51:00,303.8,284.4
2025-07-04 18:52:00,290,284.4
2025-07-04 18:53:00,262.4,284.4
2025-07-04 18:54:00,248.6,301.4
2025-07-04 18:55:00,248.6,352.2
2025-07-04 18:56:00,269.3,447
2025-07-04 18:57:00,290,514.7
2025-07-04 18:58:00,290,535
2025-07-04 18:59:00,290,528.2
2025-07-04 19:00:00,283.1,518.1
2025-07-04 19:01:00,276.2,501.1
2025-07-04 19:02:00,262.4,487.6
2025-07-04 19:03:00,248.6,474.1
2025-07-04 19:04:00,234.7,447
2025-07-04 19:05:00,248.5,467.3
2025-07-04 19:06:00,262.4,480.8
2025-07-04 19:07:00,262.4,480.8
2025-07-04 19:08:00,262.4,467.3
2025-07-04 19:09:00,262.4,460.5
2025-07-04 19:10:00,248.5,446.9
2025-07-04 19:11:00,234.7,426.6
2025-07-04 19:12:00,220.9,406.3
2025-07-04 19:13:00,207.1,406.3
2025-07-04 19:14:00,151.9,406.3
2025-07-04 19:15:00,110.5,399.5
2025-07-04 19:16:00,82.8,392.8
2025-07-04 19:17:00,82.8,386
2025-07-04 19:18:00,82.8,379.2
2025-07-04 19:19:00,96.7,372.4
2025-07-04 19:20:00,138.1,365.7
2025-07-04 19:21:00,179.5,358.9
2025-07-04 19:22:00,207.1,352.1
2025-07-04 19:23:00,207.1,345.4
2025-07-04 19:24:00,200.2,338.6
2025-07-04 19:25:00,193.3,331.8
2025-07-04 19:26:00,179.5,325
2025-07-04 19:27:00,165.7,318.3
2025-07-04 19:28:00,124.3,311.5
2025-07-04 19:29:00,110.5,291.2
2025-07-04 19:30:00,138.1,270.9
2025-07-04 19:31:00,138.1,230.2
2025-07-04 19:32:00,151.9,196.4
2025-07-04 19:33:00,151.9,182.8
2025-07-04 19:34:00,124.3,176.1
2025-07-04 19:35:00,96.7,176.1
2025-07-04 19:36:00,82.8,176.1
2025-07-04 19:37:00,82.8,176.1
2025-07-04 19:38:00,82.8,189.6
2025-07-04 19:39:00,82.8,209.9
2025-07-04 19:40:00,82.8,223.5
2025-07-04 19:41:00,82.8,216.7
2025-07-04 19:42:00,96.7,209.9
2025-07-04 19:43:00,96.7,203.1
2025-07-04 19:44:00,82.8,189.6
2025-07-04 19:45:00,82.8,176.1
2025-07-04 19:46:00,82.8,169.3
2025-07-04 19:47:00,82.8,162.5
2025-07-04 19:48:00,82.8,169.3
2025-07-04 19:49:00,89.7,162.5
2025-07-04 19:50:00,82.8,155.7
2025-07-04 19:51:00,82.8,149
2025-07-04 19:52:00,82.8,142.2
2025-07-04 19:53:00,82.8,142.2
2025-07-04 19:54:00,96.7,142.2
2025-07-04 19:55:00,96.7,135.4
2025-07-04 19:56:00,96.7,125.3
2025-07-04 19:57:00,82.8,121.9
2025-07-04 19:58:00,82.8,121.9
2025-07-04 19:59:00,82.8,128.7
2025-07-04 20:00:00,82.8,128.7
2025-07-04 20:01:00,82.8,121.9
2025-07-04 20:02:00,82.8,121.9
2025-07-04 20:03:00,82.8,115.1
2025-07-04 20:04:00,82.8,108.3
2025-07-04 20:05:00,82.8,101.6
2025-07-04 20:06:00,82.8,101.6
2025-07-04 20:07:00,82.8,94.8
2025-07-04 20:08:00,69.04,88
2025-07-04 20:09:00,69.04,81.3
2025-07-04 20:10:00,69.04,74.49
2025-07-04 20:11:00,69.04,74.49
2025-07-04 20:12:00,55.23,67.72
2025-07-04 20:13:00,55.23,60.94
2025-07-04 20:14:00,41.42,54.17
2025-07-04 20:15:00,41.42,47.4
2025-07-04 20:16:00,41.42,47.4
2025-07-04 20:17:00,27.61,40.63
2025-07-04 20:18:00,27.61,40.63
2025-07-04 20:19:00,27.61,40.63
2025-07-04 20:20:00,27.61,40.63
2025-07-04 20:21:00,27.61,33.86
2025-07-07 06:24:00,27.61,33.85
2025-07-07 06:25:00,27.61,40.62
2025-07-07 06:26:00,27.61,40.62
2025-07-07 06:27:00,27.61,40.62
2025-07-07 06:28:00,27.61,40.62
2025-07-07 06:29:00,27.61,40.62
2025-07-07 06:30:00,27.61,47.39
2025-07-07 06:31:00,27.61,47.39
2025-07-07 06:32:00,27.61,54.16
2025-07-07 06:33:00,27.61,54.16
2025-07-07 06:34:00,27.61,54.16
2025-07-07 06:35:00,27.61,60.93
2025-07-07 06:36:00,41.42,60.93
2025-07-07 06:37:00,41.42,60.93
2025-07-07 06:38:00,41.42,67.7
2025-07-07 06:39:00,41.42,67.7
2025-07-07 06:40:00,41.42,71.09
2025-07-07 06:41:00,41.42,74.48
2025-07-07 06:42:00,41.42,74.48
2025-07-07 06:43:00,41.42,81.2
2025-07-07 06:44:00,41.42,81.2
2025-07-07 06:45:00,41.42,88
2025-07-07 06:46:00,41.42,88
2025-07-07 06:47:00,41.42,88
2025-07-07 06:48:00,41.42,88
2025-07-07 06:49:00,41.42,94.8
2025-07-07 06:50:00,41.42,94.8
2025-07-07 06:51:00,48.32,94.8
2025-07-07 06:52:00,41.42,94.8
2025-07-07 06:53:00,55.22,94.8
2025-07-07 06:54:00,55.22,94.8
2025-07-07 06:55:00,55.22,101.6
2025-07-07 06:56:00,55.22,101.6
2025-07-07 06:57:00,55.22,108.3
2025-07-07 06:58:00,55.22,108.3
2025-07-07 06:59:00,55.22,108.3
2025-07-07 07:00:00,55.22,108.3
2025-07-07 07:01:00,55.22,115.1
2025-07-07 07:02:00,55.22,115.1
2025-07-07 07:03:00,55.22,115.1
2025-07-07 07:04:00,55.22,118.5
2025-07-07 07:05:00,55.22,121.9
2025-07-07 07:06:00,55.22,121.9
2025-07-07 07:07:00,69.03,128.6
2025-07-07 07:08:00,69.03,135.4
2025-07-07 07:09:00,69.03,142.2
2025-07-07 07:10:00,69.03,149
2025-07-07 07:11:00,82.8,155.7
2025-07-07 07:12:00,82.8,162.5
2025-07-07 07:13:00,82.8,169.3
2025-07-07 07:14:00,82.8,176
2025-07-07 07:15:00,82.8,182.8
2025-07-07 07:16:00,82.8,182.8
2025-07-07 07:17:00,82.8,182.8
2025-07-07 07:18:00,82.8,189.6
2025-07-07 07:19:00,82.8,196.3
2025-07-07 07:20:00,82.8,203.1
2025-07-07 07:21:00,96.6,209.9
2025-07-07 07:22:00,89.7,209.9
2025-07-07 07:23:00,82.8,203.1
2025-07-07 07:24:00,82.8,203.1
2025-07-07 07:25:00,89.7,209.9
2025-07-07 07:26:00,96.6,223.4
2025-07-07 07:27:00,103.5,237
2025-07-07 07:28:00,124.2,270.8
2025-07-07 07:29:00,124.2,264.1
2025-07-07 07:30:00,124.2,264.1
2025-07-07 07:31:00,124.2,274.2
2025-07-07 07:32:00,110.4,257.3
2025-07-07 07:33:00,124.2,270.8
2025-07-07 07:34:00,138.1,284.4
2025-07-07 07:35:00,124.3,277.6
2025-07-07 07:36:00,124.2,274.2
2025-07-07 07:37:00,96.6,226.8
2025-07-07 07:38:00,124.2,270.8
2025-07-07 07:39:00,110.4,250.5
2025-07-07 07:40:00,110.4,243.7
2025-07-07 07:41:00,110.4,264.1
2025-07-07 07:42:00,124.2,270.8
2025-07-07 07:43:00,96.6,203.1
2025-07-07 07:44:00,82.8,182.8
2025-07-07 07:45:00,82.8,155.7
2025-07-07 07:46:00,69.03,128.6
2025-07-07 07:47:00,69.03,121.9
2025-07-07 07:48:00,69.03,121.9
2025-07-07 07:49:00,62.12,115.1
2025-07-07 07:50:00,55.22,108.3
2025-07-07 07:51:00,55.22,101.6
2025-07-07 07:52:00,55.22,108.3
2025-07-07 07:53:00,55.22,121.9
2025-07-07 07:54:00,69.03,128.6
2025-07-07 07:55:00,69.03,135.4
2025-07-07 07:56:00,69.03,142.2
2025-07-07 07:57:00,69.03,155.7
2025-07-07 07:58:00,75.93,162.5
2025-07-07 07:59:00,82.8,182.8
2025-07-07 08:00:00,82.8,209.9
2025-07-07 08:01:00,89.7,230.2
2025-07-07 08:02:00,96.6,230.2
2025-07-07 08:03:00,96.6,257.3
2025-07-07 08:04:00,110.4,270.8
2025-07-07 08:05:00,110.4,270.8
2025-07-07 08:06:00,110.4,257.3
2025-07-07 08:07:00,96.6,247.1
2025-07-07 08:08:00,96.6,243.7
2025-07-07 08:09:00,110.4,250.5
2025-07-07 08:10:00,110.4,264
2025-07-07 08:11:00,110.4,277.6
2025-07-07 08:12:00,124.2,284.4
2025-07-07 08:13:00,124.2,291.1
2025-07-07 08:14:00,124.2,291.1
2025-07-07 08:15:00,124.2,304.7
2025-07-07 08:16:00,138.1,325
2025-07-07 08:17:00,151.9,345.3
2025-07-07 08:18:00,165.7,372.4
2025-07-07 08:19:00,193.3,419.8
2025-07-07 08:20:00,193.3,419.8
2025-07-07 08:21:00,207.1,446.9
2025-07-07 08:22:00,234.7,521.3
2025-07-07 08:23:00,207.1,446.9
2025-07-07 08:24:00,207.1,453.6
2025-07-07 08:25:00,193.3,446.9
2025-07-07 08:26:00,193.3,446.9
2025-07-07 08:27:00,207.1,460.4
2025-07-07 08:28:00,207.1,QCF
2025-07-07 08:29:00,220.9,487.5
2025-07-07 08:30:00,220.9,494.3
2025-07-07 08:31:00,207.1,480.7
2025-07-07 08:32:00,220.9,501
2025-07-07 08:33:00,220.9,480.7
2025-07-07 08:34:00,207.1,480.7
2025-07-07 08:35:00,220.9,487.5
2025-07-07 08:36:00,220.9,507.8
2025-07-07 08:37:00,234.7,534.9
2025-07-07 08:38:00,276.1,622.9
2025-07-07 08:39:00,303.7,663.5
2025-07-07 08:40:00,303.7,663.5
2025-07-07 08:41:00,386.5,840
2025-07-07 08:42:00,317.5,697.4
2025-07-07 08:43:00,303.7,663.5
2025-07-07 08:44:00,358.9,792.2
2025-07-07 08:45:00,386.5,853
2025-07-07 08:46:00,545.3,1158
2025-07-07 08:47:00,455.6,978
2025-07-07 08:48:00,524.6,1131
2025-07-07 08:49:00,510.8,1090
2025-07-07 08:50:00,497,1077
2025-07-07 08:51:00,497,1090
2025-07-07 08:52:00,510.8,1090
2025-07-07 08:53:00,510.8,1090
2025-07-07 08:54:00,510.8,1110
2025-07-07 08:55:00,510.8,1117
2025-07-07 08:56:00,524.6,1124
2025-07-07 08:57:00,524.6,1124
2025-07-07 08:58:00,524.6,1138
2025-07-07 08:59:00,538.4,1151
2025-07-07 09:00:00,524.6,1144
2025-07-07 09:01:00,538.4,1151
2025-07-07 09:02:00,524.6,1144
2025-07-07 09:03:00,497,1090
2025-07-07 09:04:00,510.8,1121
2025-07-07 09:05:00,510.8,1121
2025-07-07 09:06:00,483.2,1063
2025-07-07 09:07:00,497,1090
2025-07-07 09:08:00,497,1097
2025-07-07 09:09:00,531.5,1158
2025-07-07 09:10:00,538.4,1165
2025-07-07 09:11:00,524.6,1165
2025-07-07 09:12:00,538.4,1165
2025-07-07 09:13:00,538.5,1182
2025-07-07 09:14:00,538.5,1171
2025-07-07 09:15:00,538.5,1178
2025-07-07 09:16:00,552.3,1192
2025-07-07 09:17:00,552.3,1205
2025-07-07 09:18:00,566.1,1219
2025-07-07 09:19:00,538.5,1171
2025-07-07 09:20:00,579.9,1259
2025-07-07 09:21:00,579.9,1260
2025-07-07 09:22:00,593.7,1280
2025-07-07 09:23:00,607.5,1307
2025-07-07 09:24:00,607.5,1327
2025-07-07 09:25:00,579.9,1260
2025-07-07 09:26:00,607.5,1320
2025-07-07 09:27:00,607.5,1327
2025-07-07 09:28:00,607.5,1320
2025-07-07 09:29:00,607.5,1320
2025-07-07 09:30:00,607.5,1320
2025-07-07 09:31:00,607.5,1331
2025-07-07 09:32:00,621.3,1341
2025-07-07 09:33:00,621.3,1341
2025-07-07 09:34:00,621.3,1348
2025-07-07 09:35:00,621.3,1351
2025-07-07 09:36:00,635.1,1354
2025-07-07 09:37:00,635.1,1361
2025-07-07 09:38:00,635.1,1361
2025-07-07 09:39:00,635.1,1361
2025-07-07 09:40:00,635.1,1368
2025-07-07 09:41:00,635.1,1361
2025-07-07 09:42:00,635.1,1368
2025-07-07 09:43:00,635.1,1381
2025-07-07 09:44:00,648.9,1395
2025-07-07 09:45:00,648.9,1408
2025-07-07 09:46:00,648.9,1412
2025-07-07 09:47:00,662.8,1415
2025-07-07 09:48:00,662.8,1429
2025-07-07 09:49:00,676.6,1442
2025-07-07 09:50:00,676.6,1463
2025-07-07 09:51:00,676.6,1469
2025-07-07 09:52:00,690.4,1490
2025-07-07 09:53:00,690.4,1497
2025-07-07 09:54:00,704.2,1517
2025-07-07 09:55:00,718,1544
2025-07-07 09:56:00,718,1557
2025-07-07 09:57:00,745.6,1591
2025-07-07 09:58:00,552.3,1239
2025-07-07 09:59:00,635.1,1388
2025-07-07 10:00:00,745.6,1578
2025-07-07 10:01:00,745.6,1578
2025-07-07 10:02:00,745.6,1578
2025-07-07 10:03:00,745.6,1591
2025-07-07 10:04:00,745.6,1598
2025-07-07 10:05:00,752.5,1612
2025-07-07 10:06:00,759.4,1625
2025-07-07 10:07:00,773.2,1652
2025-07-07 10:08:00,787,1679
2025-07-07 10:09:00,801,1700
2025-07-07 10:10:00,822,1744
2025-07-07 10:11:00,842,1781
2025-07-07 10:12:00,828,1744
2025-07-07 10:13:00,745.6,1598
2025-07-07 10:14:00,787,1673
2025-07-07 10:15:00,731.8,1571
2025-07-07 10:16:00,579.9,1283
2025-07-07 10:17:00,690.4,1497
2025-07-07 10:18:00,787,1666
2025-07-07 10:19:00,593.7,1307
2025-07-07 10:20:00,579.9,1270
2025-07-07 10:21:00,718,1557
2025-07-07 10:22:00,566.1,1260
2025-07-07 10:23:00,870,1828
2025-07-07 10:24:00,731.8,1578
2025-07-07 10:25:00,828,1740
2025-07-07 10:26:00,759.4,1632
2025-07-07 10:27:00,773.2,1646
2025-07-07 10:28:00,815,1727
2025-07-07 10:29:00,801,1723
2025-07-07 10:30:00,801,1713
2025-07-07 10:31:00,787,1693
2025-07-07 10:32:00,801,1717
2025-07-07 10:33:00,801,1720
2025-07-07 10:34:00,773.2,1666
2025-07-07 10:35:00,773.2,1679
2025-07-07 10:36:00,815,1740
2025-07-07 10:37:00,815,1734
2025-07-07 10:38:00,815,1734
2025-07-07 10:39:00,801,1727
2025-07-07 10:40:00,793.9,1700
2025-07-07 10:41:00,787,1693
2025-07-07 10:42:00,787,1693
2025-07-07 10:43:00,787,1683
2025-07-07 10:44:00,787,1679
2025-07-07 10:45:00,773.2,1666
2025-07-07 10:46:00,773.2,1669
2025-07-07 10:47:00,773.2,1666
2025-07-07 10:48:00,773.2,1673
2025-07-07 10:49:00,773.2,1673
2025-07-07 10:50:00,787,1676
2025-07-07 10:51:00,773.2,1666
2025-07-07 10:52:00,773.2,1649
2025-07-07 10:53:00,759.4,1635
2025-07-07 10:54:00,759.4,1646
2025-07-07 10:55:00,759.4,1639
2025-07-07 10:56:00,773.2,1659
2025-07-07 10:57:00,745.6,1612
2025-07-07 10:58:00,773.2,1659
2025-07-07 10:59:00,773.2,1656
2025-07-07 11:00:00,773.2,1669
2025-07-07 11:01:00,801,1706
2025-07-07 11:02:00,801,1727
2025-07-07 11:03:00,815,1754
2025-07-07 11:04:00,828,1774
2025-07-07 11:05:00,842,1794
2025-07-07 11:06:00,842,1794
2025-07-07 11:07:00,856,1822
2025-07-07 11:08:00,870,1849
2025-07-07 11:09:00,870,1869
2025-07-07 11:10:00,884,1883
2025-07-07 11:11:00,884,1869
2025-07-07 11:12:00,884,1876
2025-07-07 11:13:00,884,1883
2025-07-07 11:14:00,884,1883
2025-07-07 11:15:00,884,1883
2025-07-07 11:16:00,884,1876
2025-07-07 11:17:00,884,1889
2025-07-07 11:18:00,897,1903
2025-07-07 11:19:00,884,1889
2025-07-07 11:20:00,884,1889
2025-07-07 11:21:00,884,1889
2025-07-07 11:22:00,897,1916
2025-07-07 11:23:00,897,1930
2025-07-07 11:24:00,911,1937
2025-07-07 11:25:00,911,1937
2025-07-07 11:26:00,911,1943
2025-07-07 11:27:00,911,1937
2025-07-07 11:28:00,911,1943
2025-07-07 11:29:00,911,1937
2025-07-07 11:30:00,911,1943
2025-07-07 11:31:00,911,1943
2025-07-07 11:32:00,897,1916
2025-07-07 11:33:00,897,1916
2025-07-07 11:34:00,911,1937
2025-07-07 11:35:00,897,1903
2025-07-07 11:36:00,897,1903
2025-07-07 11:37:00,870,1862
2025-07-07 11:38:00,842,1808
2025-07-07 11:39:00,884,1889
2025-07-07 11:40:00,884,1889
2025-07-07 11:41:00,870,1876
2025-07-07 11:42:00,856,1835
2025-07-07 11:43:00,870,1842
2025-07-07 11:44:00,897,1910
2025-07-07 11:45:00,911,1930
2025-07-07 11:46:00,904,1930
2025-07-07 11:47:00,953,2008
2025-07-07 11:48:00,967,2038
2025-07-07 11:49:00,953,2004
2025-07-07 11:50:00,939,2011
2025-07-07 11:51:00,925,1977
2025-07-07 11:52:00,918,1957
2025-07-07 11:53:00,925,1971
2025-07-07 11:54:00,925,2004
2025-07-07 11:55:00,953,2025
2025-07-07 11:56:00,953,2011
2025-07-07 11:57:00,967,2045
2025-07-07 11:58:00,967,2052
2025-07-07 11:59:00,980,2079
2025-07-07 12:00:00,939,1991
2025-07-07 12:01:00,718,1612
2025-07-07 12:02:00,967,2045
2025-07-07 12:03:00,980,2062
2025-07-07 12:04:00,359,880
2025-07-07 12:05:00,994,2106
2025-07-07 12:06:00,994,2099
2025-07-07 12:07:00,994,2099
2025-07-07 12:08:00,870,1876
2025-07-07 12:09:00,1008,2126
2025-07-07 12:10:00,994,2099
2025-07-07 12:11:00,1001,2126
2025-07-07 12:12:00,1008,2130
2025-07-07 12:13:00,994,2109
2025-07-07 12:14:00,994,2113
2025-07-07 12:15:00,980,2092
2025-07-07 12:16:00,1008,2147
2025-07-07 12:17:00,1022,2153
2025-07-07 12:18:00,1036,2180
2025-07-07 12:19:00,428,1043
2025-07-07 12:20:00,200.2,582.4
2025-07-07 12:21:00,1049,2221
2025-07-07 12:22:00,1022,2167
2025-07-07 12:23:00,234.7,629.8
2025-07-07 12:24:00,1036,2180
2025-07-07 12:25:00,1008,2123
2025-07-07 12:26:00,1022,2160
2025-07-07 12:27:00,1049,2201
2025-07-07 12:28:00,1063,2228
2025-07-07 12:29:00,276.1,738.1
2025-07-07 12:30:00,234.7,650.1
2025-07-07 12:31:00,1049,2214
2025-07-07 12:32:00,1036,2180
2025-07-07 12:33:00,1049,2208
2025-07-07 12:34:00,1036,2174
2025-07-07 12:35:00,1022,2153
2025-07-07 12:36:00,1008,2143
2025-07-07 12:37:00,1022,2147
2025-07-07 12:38:00,1008,2140
2025-07-07 12:39:00,1015,2147
2025-07-07 12:40:00,1022,2147
2025-07-07 12:41:00,1022,2147
2025-07-07 12:42:00,1008,2140
2025-07-07 12:43:00,1008,2133
2025-07-07 12:44:00,1008,2140
2025-07-07 12:45:00,1008,2140
2025-07-07 12:46:00,1008,2140
2025-07-07 12:47:00,1008,2140
2025-07-07 12:48:00,1008,2140
2025-07-07 12:49:00,1008,2140
2025-07-07 12:50:00,1008,2140
2025-07-07 12:51:00,1008,2123
2025-07-07 12:52:00,1008,2120
2025-07-07 12:53:00,1008,2126
2025-07-07 12:54:00,1008,2126
2025-07-07 12:55:00,1008,2133
2025-07-07 12:56:00,1008,2126
2025-07-07 12:57:00,1008,2126
2025-07-07 12:58:00,1008,2116
2025-07-07 12:59:00,994,2092
2025-07-07 13:00:00,994,2086
2025-07-07 13:01:00,980,2072
2025-07-07 13:02:00,980,2059
2025-07-07 13:03:00,980,2065
2025-07-07 13:04:00,980,2059
2025-07-07 13:05:00,967,2059
2025-07-07 13:06:00,967,2048
2025-07-07 13:07:00,967,2038
2025-07-07 13:08:00,953,2025
2025-07-07 13:09:00,960,2035
2025-07-07 13:10:00,967,2045
2025-07-07 13:11:00,967,2038
2025-07-07 13:12:00,967,2038
2025-07-07 13:13:00,967,2045
2025-07-07 13:14:00,994,2082
2025-07-07 13:15:00,994,2092
2025-07-07 13:16:00,994,2106
2025-07-07 13:17:00,1008,2120
2025-07-07 13:18:00,1008,2133
2025-07-07 13:19:00,1022,2143
2025-07-07 13:20:00,1022,2147
2025-07-07 13:21:00,1022,2140
2025-07-07 13:22:00,1022,2150
2025-07-07 13:23:00,1022,2153
2025-07-07 13:24:00,1036,2160
2025-07-07 13:25:00,1022,2157
2025-07-07 13:26:00,1036,2160
2025-07-07 13:27:00,1036,2160
2025-07-07 13:28:00,1022,2153
2025-07-07 13:29:00,1022,2153
2025-07-07 13:30:00,1022,2153
2025-07-07 13:31:00,1022,2153
2025-07-07 13:32:00,1029,2157
2025-07-07 13:33:00,1036,2160
2025-07-07 13:34:00,1022,2153
2025-07-07 13:35:00,1029,2153
2025-07-07 13:36:00,1036,2157
2025-07-07 13:37:00,1036,2160
2025-07-07 13:38:00,1036,2157
2025-07-07 13:39:00,1036,2160
2025-07-07 13:40:00,1036,2160
2025-07-07 13:41:00,1036,2153
2025-07-07 13:42:00,1022,2153
2025-07-07 13:43:00,1022,2153
2025-07-07 13:44:00,1022,2153
2025-07-07 13:45:00,1022,2147
2025-07-07 13:46:00,1022,2153
2025-07-07 13:47:00,1029,2153
2025-07-07 13:48:00,1022,2153
2025-07-07 13:49:00,1036,2153
2025-07-07 13:50:00,1029,2153
2025-07-07 13:51:00,1022,2157
2025-07-07 13:52:00,1022,2150
2025-07-07 13:53:00,1022,2153
2025-07-07 13:54:00,1036,2153
2025-07-07 13:55:00,1036,2160
2025-07-07 13:56:00,1036,2160
2025-07-07 13:57:00,1022,2153
2025-07-07 13:58:00,1022,2140
2025-07-07 13:59:00,1022,2126
2025-07-07 14:00:00,1022,2140
2025-07-07 14:01:00,1022,2147
2025-07-07 14:02:00,1022,2140
2025-07-07 14:03:00,1036,2153
2025-07-07 14:04:00,1036,2153
2025-07-07 14:05:00,1036,2164
2025-07-07 14:06:00,1036,2160
2025-07-07 14:07:00,1036,2160
2025-07-07 14:08:00,1036,2153
2025-07-07 14:09:00,1029,2153
2025-07-07 14:10:00,1036,2160
2025-07-07 14:11:00,1022,2153
2025-07-07 14:12:00,1008,2120
2025-07-07 14:13:00,1008,2126
2025-07-07 14:14:00,1022,2133
2025-07-07 14:15:00,1022,2136
2025-07-07 14:16:00,1022,2136
2025-07-07 14:17:00,1022,2140
2025-07-07 14:18:00,1022,2147
2025-07-07 14:19:00,1022,2147
2025-07-07 14:20:00,1022,2153
2025-07-07 14:21:00,1049,2181
2025-07-07 14:22:00,1063,2221
2025-07-07 14:23:00,179.5,548.5
2025-07-07 14:24:00,262.4,704.3
2025-07-07 14:25:00,290,772
2025-07-07 14:26:00,1063,2191
2025-07-07 14:27:00,1049,2160
2025-07-07 14:28:00,1049,2174
2025-07-07 14:29:00,1063,2194
2025-07-07 14:30:00,1049,2187
2025-07-07 14:31:00,1049,2181
2025-07-07 14:32:00,1049,2167
2025-07-07 14:33:00,1070,2204
2025-07-07 14:34:00,248.6,643.4
2025-07-07 14:35:00,1001,2103
2025-07-07 14:36:00,317.6,792.4
2025-07-07 14:37:00,1091,2248
2025-07-07 14:38:00,1049,2140
2025-07-07 14:39:00,586.9,1287
2025-07-07 14:40:00,1049,2181
2025-07-07 14:41:00,1049,2181
2025-07-07 14:42:00,1049,2174
2025-07-07 14:43:00,953,2011
2025-07-07 14:44:00,1022,2113
2025-07-07 14:45:00,1050,2174
2025-07-07 14:46:00,1049,2177
2025-07-07 14:47:00,1063,2187
2025-07-07 14:48:00,1063,2194
2025-07-07 14:49:00,1077,2201
2025-07-07 14:50:00,317.6,813
2025-07-07 14:51:00,787.2,1710
2025-07-07 14:52:00,953,1998
2025-07-07 14:53:00,1050,2161
2025-07-07 14:54:00,1077,2215
2025-07-07 14:55:00,1077,2208
2025-07-07 14:56:00,1050,2177
2025-07-07 14:57:00,1036,2133
2025-07-07 14:58:00,1036,2133
2025-07-07 14:59:00,1022,2100
2025-07-07 15:00:00,1022,2096
2025-07-07 15:01:00,276.2,697.6
2025-07-07 15:02:00,953,1985
2025-07-07 15:03:00,939,1930
2025-07-07 15:04:00,1050,2120
2025-07-07 15:05:00,580,1253
2025-07-07 15:06:00,221,575.7
2025-07-07 15:07:00,207.2,548.6
2025-07-07 15:08:00,207.2,535.1
2025-07-07 15:09:00,221,555.4
2025-07-07 15:10:00,621.5,1361
2025-07-07 15:11:00,967,1978
2025-07-07 15:12:00,1008,2052
2025-07-07 15:13:00,994,2032
2025-07-07 15:14:00,1008,2066
2025-07-07 15:15:00,1008,2052
2025-07-07 15:16:00,981,2018
2025-07-07 15:17:00,981,2018
2025-07-07 15:18:00,981,2018
2025-07-07 15:19:00,967,2012
2025-07-07 15:20:00,925,1937
2025-07-07 15:21:00,898,1890
2025-07-07 15:22:00,912,1903
2025-07-07 15:23:00,912,1883
2025-07-07 15:24:00,925,1910
2025-07-07 15:25:00,912,1883
2025-07-07 15:26:00,856,1808
2025-07-07 15:27:00,898,1869
2025-07-07 15:28:00,912,1883
2025-07-07 15:29:00,898,1863
2025-07-07 15:30:00,856,1795
2025-07-07 15:31:00,870,1809
2025-07-07 15:32:00,870,1809
2025-07-07 15:33:00,870,1809
2025-07-07 15:34:00,884,1836
2025-07-07 15:35:00,898,1856
2025-07-07 15:36:00,898,1856
2025-07-07 15:37:00,884,1842
2025-07-07 15:38:00,884,1836
2025-07-07 15:39:00,884,1836
2025-07-07 15:40:00,870,1802
2025-07-07 15:41:00,511,1172
2025-07-07 15:42:00,200.3,562.2
2025-07-07 15:43:00,884,1809
2025-07-07 15:44:00,856,1734
2025-07-07 15:45:00,884,1822
2025-07-07 15:46:00,856,1666
2025-07-07 15:47:00,815,1558
2025-07-07 15:48:00,815,1409
2025-07-07 15:49:00,856,1490
2025-07-07 15:50:00,248.6,514.8
2025-07-07 15:51:00,179.6,365.8
2025-07-07 15:52:00,179.6,487.7
2025-07-07 15:53:00,193.4,501.3
2025-07-07 15:54:00,193.4,508
2025-07-07 15:55:00,207.2,521.6
2025-07-07 15:56:00,248.6,623.2
2025-07-07 15:57:00,856,1707
2025-07-07 15:58:00,898,1815
2025-07-07 15:59:00,870,1761
2025-07-07 16:00:00,414.4,918
2025-07-07 16:01:00,193.4,508
2025-07-07 16:02:00,179.6,474.2
2025-07-07 16:03:00,193.4,501.3
2025-07-07 16:04:00,234.8,596.1
2025-07-07 16:05:00,497.2,1118
2025-07-07 16:06:00,843,1707
2025-07-07 16:07:00,815,1660
2025-07-07 16:08:00,815,1660
2025-07-07 16:09:00,752.7,1558
2025-07-07 16:10:00,745.8,1534
2025-07-07 16:11:00,732,1517
2025-07-07 16:12:00,745.8,1531
2025-07-07 16:13:00,759.6,1571
2025-07-07 16:14:00,773.5,1592
2025-07-07 16:15:00,759.6,1585
2025-07-07 16:16:00,773.4,1585
2025-07-07 16:17:00,787.3,1612
2025-07-07 16:18:00,345.3,837
2025-07-07 16:19:00,801,1626
2025-07-07 16:20:00,331.5,792.5
2025-07-07 16:21:00,801,1619
2025-07-07 16:22:00,787.2,1619
2025-07-07 16:23:00,801,1328
2025-07-07 16:24:00,801,1656
2025-07-07 16:25:00,815,1666
2025-07-07 16:26:00,815,1660
2025-07-07 16:27:00,829,1673
2025-07-07 16:28:00,234.8,609.6
2025-07-07 16:29:00,303.9,731.5
2025-07-07 16:30:00,248.6,609.6
2025-07-07 16:31:00,815,1646
2025-07-07 16:32:00,331.5,799.3
2025-07-07 16:33:00,815,1639
2025-07-07 16:34:00,221,562.2
2025-07-07 16:35:00,221,575.8
2025-07-07 16:36:00,787.3,1565
2025-07-07 16:37:00,732,1470
2025-07-07 16:38:00,663,1375
2025-07-07 16:39:00,745.8,1490
2025-07-07 16:40:00,386.7,901
2025-07-07 16:41:00,538.7,1172
2025-07-07 16:42:00,745.8,1527
2025-07-07 16:43:00,745.8,1517
2025-07-07 16:44:00,732,1504
2025-07-07 16:45:00,732,1497
2025-07-07 16:46:00,725.1,1490
2025-07-07 16:47:00,718.2,1477
2025-07-07 16:48:00,704.4,1450
2025-07-07 16:49:00,676.8,1395
2025-07-07 16:50:00,635.3,1321
2025-07-07 16:51:00,649.2,1348
2025-07-07 16:52:00,690.6,1416
2025-07-07 16:53:00,690.6,1416
2025-07-07 16:54:00,690.6,1409
2025-07-07 16:55:00,690.6,1402
2025-07-07 16:56:00,676.8,1395
2025-07-07 16:57:00,676.8,1382
2025-07-07 16:58:00,676.8,1389
2025-07-07 16:59:00,676.8,1389
2025-07-07 17:00:00,676.8,1392
2025-07-07 17:01:00,676.8,1395
2025-07-07 17:02:00,676.8,1389
2025-07-07 17:03:00,676.8,1382
2025-07-07 17:04:00,669.9,1375
2025-07-07 17:05:00,663,1358
2025-07-07 17:06:00,649.2,1341
2025-07-07 17:07:00,635.4,1321
2025-07-07 17:08:00,635.4,1307
2025-07-07 17:09:00,635.4,1307
2025-07-07 17:10:00,635.4,1301
2025-07-07 17:11:00,621.5,1287
2025-07-07 17:12:00,621.5,1280
2025-07-07 17:13:00,621.5,1267
2025-07-07 17:14:00,607.7,1246
2025-07-07 17:15:00,607.7,1213
2025-07-07 17:16:00,607.7,1145
2025-07-07 17:17:00,607.7,1043
2025-07-07 17:18:00,593.9,908
2025-07-07 17:19:00,580.1,758.7
2025-07-07 17:20:00,580.1,623.2
2025-07-07 17:21:00,580.1,514.8
2025-07-07 17:22:00,580.1,440.3
2025-07-07 17:23:00,566.3,399.7
2025-07-07 17:24:00,552.5,379.3
2025-07-07 17:25:00,497.2,372.6
2025-07-07 17:26:00,428.2,372.6
2025-07-07 17:27:00,345.3,365.8
2025-07-07 17:28:00,248.6,365.8
2025-07-07 17:29:00,179.6,365.8
2025-07-07 17:30:00,138.1,365.8
2025-07-07 17:31:00,110.5,359
2025-07-07 17:32:00,110.5,359
2025-07-07 17:33:00,110.5,355.6
2025-07-07 17:34:00,110.5,352.2
2025-07-07 17:35:00,110.5,243.9
2025-07-07 17:36:00,110.5,237.1
2025-07-07 17:37:00,110.5,352.2
2025-07-07 17:38:00,110.5,359
2025-07-07 17:39:00,110.5,359
2025-07-07 17:40:00,110.5,359
2025-07-07 17:41:00,110.5,352.2
2025-07-07 17:42:00,110.5,352.2
2025-07-07 17:43:00,110.5,345.5
2025-07-07 17:44:00,110.5,338.7
2025-07-07 17:45:00,96.7,331.9
2025-07-07 17:46:00,96.7,331.9
2025-07-07 17:47:00,96.7,331.9
2025-07-07 17:48:00,96.7,345.5
2025-07-07 17:49:00,96.7,406.4
2025-07-07 17:50:00,110.5,525
2025-07-07 17:51:00,96.7,745.1
2025-07-07 17:52:00,138.1,826
2025-07-07 17:53:00,234.8,881
2025-07-07 17:54:00,234.8,908
2025-07-07 17:55:00,151.9,908
2025-07-07 17:56:00,165.7,914
2025-07-07 17:57:00,110.5,908
2025-07-07 17:58:00,96.7,908
2025-07-07 17:59:00,138.1,901
2025-07-07 18:00:00,234.8,887
2025-07-07 18:01:00,303.9,881
2025-07-07 18:02:00,372.9,874
2025-07-07 18:03:00,414.4,867
2025-07-07 18:04:00,428.2,860
2025-07-07 18:05:00,414.4,813
2025-07-07 18:06:00,414.4,677.4
2025-07-07 18:07:00,414.4,474.2
2025-07-07 18:08:00,400.5,331.9
2025-07-07 18:09:00,400.5,291.3
2025-07-07 18:10:00,386.7,291.3
2025-07-07 18:11:00,386.7,318.4
2025-07-07 18:12:00,386.7,433.5
2025-07-07 18:13:00,372.9,609.6
2025-07-07 18:14:00,372.9,724.8
2025-07-07 18:15:00,372.9,751.9
2025-07-07 18:16:00,372.9,758.7
2025-07-07 18:17:00,372.9,751.9
2025-07-07 18:18:00,366,738.4
2025-07-07 18:19:00,345.3,704.5
2025-07-07 18:20:00,345.3,704.5
2025-07-07 18:21:00,359.1,711.3
2025-07-07 18:22:00,359.1,711.3
2025-07-07 18:23:00,345.3,704.5
2025-07-07 18:24:00,345.3,697.7
2025-07-07 18:25:00,331.5,690.9
2025-07-07 18:26:00,248.6,690.9
2025-07-07 18:27:00,138.1,684.2
2025-07-07 18:28:00,82.9,677.4
2025-07-07 18:29:00,82.9,670.6
2025-07-07 18:30:00,110.5,657.1
2025-07-07 18:31:00,207.2,650.3
2025-07-07 18:32:00,303.9,643.5
2025-07-07 18:33:00,303.9,623.2
2025-07-07 18:34:00,303.9,596.1
2025-07-07 18:35:00,290.1,575.8
2025-07-07 18:36:00,276.2,558.8
2025-07-07 18:37:00,276.2,562.2
2025-07-07 18:38:00,290,582.5
2025-07-07 18:39:00,290,582.5
2025-07-07 18:40:00,290,575.8
2025-07-07 18:41:00,290,569
2025-07-07 18:42:00,290,562.2
2025-07-07 18:43:00,276.2,548.7
2025-07-07 18:44:00,276.2,535.1
2025-07-07 18:45:00,276.2,487.7
2025-07-07 18:46:00,276.2,392.9
2025-07-07 18:47:00,276.2,291.3
2025-07-07 18:48:00,262.4,243.9
2025-07-07 18:49:00,262.4,230.3
2025-07-07 18:50:00,248.6,230.3
2025-07-07 18:51:00,248.6,223.5
2025-07-07 18:52:00,234.8,223.5
2025-07-07 18:53:00,221,237.1
2025-07-07 18:54:00,207.2,284.5
2025-07-07 18:55:00,221,372.6
2025-07-07 18:56:00,248.6,440.3
2025-07-07 18:57:00,248.6,453.8
2025-07-07 18:58:00,234.8,450.4
2025-07-07 18:59:00,234.8,447.1
2025-07-07 19:00:00,234.8,433.5
2025-07-07 19:01:00,234.8,426.7
2025-07-07 19:02:00,221,420
2025-07-07 19:03:00,221,413.2
2025-07-07 19:04:00,221,406.4
2025-07-07 19:05:00,207.2,399.6
2025-07-07 19:06:00,207.2,392.9
2025-07-07 19:07:00,207.2,386.1
2025-07-07 19:08:00,207.2,379.3
2025-07-07 19:09:00,207.2,372.5
2025-07-07 19:10:00,193.4,365.8
2025-07-07 19:11:00,179.5,338.7
2025-07-07 19:12:00,124.3,291.2
2025-07-07 19:13:00,82.9,270.9
2025-07-07 19:14:00,82.9,284.5
2025-07-07 19:15:00,69.05,264.1
2025-07-07 19:16:00,55.24,257.4
2025-07-07 19:17:00,55.24,257.4
2025-07-07 19:18:00,69.05,162.6
2025-07-07 19:19:00,96.7,274.3
2025-07-07 19:20:00,124.3,277.7
2025-07-07 19:21:00,138.1,264.1
2025-07-07 19:22:00,138.1,264.1
2025-07-07 19:23:00,151.9,270.9
2025-07-07 19:24:00,151.9,264.1
2025-07-07 19:25:00,138.1,250.6
2025-07-07 19:26:00,124.3,237
2025-07-07 19:27:00,110.5,223.5
2025-07-07 19:28:00,110.5,216.7
2025-07-07 19:29:00,124.3,223.5
2025-07-07 19:30:00,110.5,220.1
2025-07-07 19:31:00,82.8,182.8
2025-07-07 19:32:00,82.8,142.2
2025-07-07 19:33:00,82.8,142.2
2025-07-07 19:34:00,110.5,142.2
2025-07-07 19:35:00,124.3,169.3
2025-07-07 19:36:00,117.4,182.8
2025-07-07 19:37:00,110.5,169.3
2025-07-07 19:38:00,82.8,149
2025-07-07 19:39:00,55.23,135.4
2025-07-07 19:40:00,41.42,149
2025-07-07 19:41:00,55.23,155.7
2025-07-07 19:42:00,82.8,162.5
2025-07-07 19:43:00,96.7,162.5
2025-07-07 19:44:00,96.7,155.7
2025-07-07 19:45:00,82.8,149
2025-07-07 19:46:00,82.8,149
2025-07-07 19:47:00,82.8,142.2
2025-07-07 19:48:00,82.8,135.4
2025-07-07 19:49:00,82.8,128.7
2025-07-07 19:50:00,82.8,128.7
2025-07-07 19:51:00,82.8,121.9
2025-07-07 19:52:00,82.8,115.1
2025-07-07 19:53:00,69.04,115.1
2025-07-07 19:54:00,55.23,108.3
2025-07-07 19:55:00,41.42,101.6
2025-07-07 19:56:00,55.23,101.6
2025-07-07 19:57:00,69.04,94.8
2025-07-07 19:58:00,69.04,91.4
2025-07-07 19:59:00,69.04,88
2025-07-07 20:00:00,69.04,81.3
2025-07-07 20:01:00,55.23,81.3
2025-07-07 20:02:00,55.23,74.49
2025-07-07 20:03:00,55.23,74.49
2025-07-07 20:04:00,55.23,67.72
2025-07-07 20:05:00,55.23,67.72
2025-07-07 20:06:00,48.33,60.94
2025-07-07 20:07:00,41.42,60.94
2025-07-07 20:08:00,41.42,54.17
2025-07-07 20:09:00,41.42,54.17
2025-07-07 20:10:00,41.42,47.4
2025-07-07 20:11:00,41.42,47.4
2025-07-07 20:12:00,41.42,47.4
2025-07-07 20:13:00,27.61,40.63
2025-07-07 20:14:00,27.61,40.63
2025-07-07 20:15:00,27.61,40.63
2025-07-07 20:16:00,27.61,40.63
2025-07-10 06:35:00,27.61,33.85
2025-07-10 06:36:00,27.61,33.85
2025-07-10 06:37:00,27.61,37.24
2025-07-10 06:38:00,27.61,40.62
2025-07-10 06:39:00,27.61,40.62
2025-07-10 06:40:00,27.61,40.62
2025-07-10 06:41:00,20.71,40.62
2025-07-10 06:42:00,20.71,40.62
2025-07-10 06:43:00,20.71,40.62
2025-07-10 06:44:00,27.61,40.62
2025-07-10 06:45:00,27.61,40.62
2025-07-10 06:46:00,27.61,40.62
2025-07-10 06:47:00,27.61,40.62
2025-07-10 06:48:00,27.61,40.62
2025-07-10 06:49:00,27.61,40.62
2025-07-10 06:50:00,27.61,47.39
2025-07-10 06:51:00,27.61,47.39
2025-07-10 06:52:00,27.61,54.16
2025-07-10 06:53:00,41.42,60.94
2025-07-10 06:54:00,41.42,60.94
2025-07-10 06:55:00,41.42,67.71
2025-07-10 06:56:00,41.42,67.71
2025-07-10 06:57:00,48.32,88
2025-07-10 06:58:00,55.22,88
2025-07-10 06:59:00,55.22,81.2
2025-07-10 07:00:00,41.42,74.48
2025-07-10 07:01:00,41.42,60.94
2025-07-10 07:02:00,27.61,54.16
2025-07-10 07:03:00,27.61,47.39
2025-07-10 07:04:00,27.61,54.16
2025-07-10 07:05:00,27.61,54.16
2025-07-10 07:06:00,27.61,47.39
2025-07-10 07:07:00,27.61,47.39
2025-07-10 07:08:00,27.61,47.39
2025-07-10 07:09:00,27.61,54.16
2025-07-10 07:10:00,27.61,60.93
2025-07-10 07:11:00,27.61,60.93
2025-07-10 07:12:00,27.61,60.93
2025-07-10 07:13:00,27.61,67.7
2025-07-10 07:14:00,41.42,74.48
2025-07-10 07:15:00,48.32,94.8
2025-07-10 07:16:00,55.22,108.3
2025-07-10 07:17:00,69.03,115.1
2025-07-10 07:18:00,75.93,135.4
2025-07-10 07:19:00,82.8,155.7
2025-07-10 07:20:00,82.8,135.4
2025-07-10 07:21:00,55.22,94.8
2025-07-10 07:22:00,41.42,81.2
2025-07-10 07:23:00,55.22,94.8
2025-07-10 07:24:00,55.22,115.1
2025-07-10 07:25:00,82.8,142.2
2025-07-10 07:26:00,69.03,128.6
2025-07-10 07:27:00,69.03,135.4
2025-07-10 07:28:00,82.8,149
2025-07-10 07:29:00,82.8,162.5
2025-07-10 07:30:00,82.8,182.8
2025-07-10 07:31:00,82.8,189.6
2025-07-10 07:32:00,82.8,196.3
2025-07-10 07:33:00,82.8,203.1
2025-07-10 07:34:00,110.4,243.7
2025-07-10 07:35:00,96.6,230.2
2025-07-10 07:36:00,82.8,189.6
2025-07-10 07:37:00,96.6,230.2
2025-07-10 07:38:00,96.6,223.4
2025-07-10 07:39:00,82.8,199.7
2025-07-10 07:40:00,82.8,196.3
2025-07-10 07:41:00,82.8,209.9
2025-07-10 07:42:00,82.8,209.9
2025-07-10 07:43:00,89.7,237
2025-07-10 07:44:00,110.4,277.6
2025-07-10 07:45:00,138.1,304.7
2025-07-10 07:46:00,138.1,304.7
2025-07-10 07:47:00,124.2,291.1
2025-07-10 07:48:00,138.1,291.1
2025-07-10 07:49:00,110.4,257.3
2025-07-10 07:50:00,124.2,257.3
2025-07-10 07:51:00,110.4,243.7
2025-07-10 07:52:00,96.6,243.7
2025-07-10 07:53:00,124.2,304.7
2025-07-10 07:54:00,151.9,352.1
2025-07-10 07:55:00,165.7,399.5
2025-07-10 07:56:00,151.9,385.9
2025-07-10 07:57:00,151.9,385.9
2025-07-10 07:58:00,179.5,443.5
2025-07-10 07:59:00,193.3,467.2
2025-07-10 08:00:00,207.1,480.7
2025-07-10 08:01:00,220.9,487.5
2025-07-10 08:02:00,234.7,528.1
2025-07-10 08:03:00,193.3,440.1
2025-07-10 08:04:00,193.3,446.9
2025-07-10 08:05:00,179.5,406.2
2025-07-10 08:06:00,151.9,365.6
2025-07-10 08:07:00,220.9,480.7
2025-07-10 08:08:00,193.3,419.8
2025-07-10 08:09:00,165.7,365.6
2025-07-10 08:10:00,179.5,399.5
2025-07-10 08:11:00,165.7,379.2
2025-07-10 08:12:00,138.1,325
2025-07-10 08:13:00,124.2,291.1
2025-07-10 08:14:00,96.6,257.3
2025-07-10 08:15:00,96.6,243.8
2025-07-10 08:16:00,82.8,196.4
2025-07-10 08:17:00,82.8,216.7
2025-07-10 08:18:00,82.8,216.7
2025-07-10 08:19:00,82.8,203.1
2025-07-10 08:20:00,96.6,257.3
2025-07-10 08:21:00,96.6,264.1
2025-07-10 08:22:00,117.3,291.1
2025-07-10 08:23:00,124.2,304.7
2025-07-10 08:24:00,96.6,243.7
2025-07-10 08:25:00,82.8,237
2025-07-10 08:26:00,96.6,257.3
2025-07-10 08:27:00,96.6,277.6
2025-07-10 08:28:00,110.4,304.7
2025-07-10 08:29:00,124.2,358.8
2025-07-10 08:30:00,179.5,453.6
2025-07-10 08:31:00,289.9,663.5
2025-07-10 08:32:00,248.5,575.5
2025-07-10 08:33:00,220.9,555.2
2025-07-10 08:34:00,289.9,690.6
2025-07-10 08:35:00,483.2,982
2025-07-10 08:36:00,372.7,833
2025-07-10 08:37:00,469.4,982
2025-07-10 08:38:00,441.8,934
2025-07-10 08:39:00,248.5,606
2025-07-10 08:40:00,579.8,1171
2025-07-10 08:41:00,428,914
2025-07-10 08:42:00,234.7,558.6
2025-07-10 08:43:00,234.7,555.2
2025-07-10 08:44:00,276.1,629.7
2025-07-10 08:45:00,234.7,541.7
2025-07-10 08:46:00,276.1,636.4
2025-07-10 08:47:00,469.4,968
2025-07-10 08:48:00,414.2,853
2025-07-10 08:49:00,276.1,582.3
2025-07-10 08:50:00,248.5,555.2
2025-07-10 08:51:00,207.1,470.6
2025-07-10 08:52:00,165.7,413
2025-07-10 08:53:00,220.9,528.1
2025-07-10 08:54:00,220.9,521.4
2025-07-10 08:55:00,234.7,534.9
2025-07-10 08:56:00,269.2,582.3
2025-07-10 08:57:00,289.9,609.4
2025-07-10 08:58:00,303.7,656.8
2025-07-10 08:59:00,303.7,643.2
2025-07-10 09:00:00,276.1,602.6
2025-07-10 09:01:00,303.7,643.2
2025-07-10 09:02:00,276.1,595.8
2025-07-10 09:03:00,248.5,531.5
2025-07-10 09:04:00,220.9,494.3
2025-07-10 09:05:00,207.1,494.3
2025-07-10 09:06:00,220.9,541.7
2025-07-10 09:07:00,538.5,1138
2025-07-10 09:08:00,648.9,1320
2025-07-10 09:09:00,704.1,1402
2025-07-10 09:10:00,704.1,1395
2025-07-10 09:11:00,428,921
2025-07-10 09:12:00,414.2,873
2025-07-10 09:13:00,372.8,819
2025-07-10 09:14:00,345.2,765.2
2025-07-10 09:15:00,372.8,799
2025-07-10 09:16:00,552.3,1131
2025-07-10 09:17:00,359,778.7
2025-07-10 09:18:00,400.4,860
2025-07-10 09:19:00,428,928
2025-07-10 09:20:00,414.2,887
2025-07-10 09:21:00,441.8,948
2025-07-10 09:22:00,428,914
2025-07-10 09:23:00,414.2,860
2025-07-10 09:24:00,372.8,792.3
2025-07-10 09:25:00,317.6,677.1
2025-07-10 09:26:00,262.3,575.6
2025-07-10 09:27:00,220.9,480.8
2025-07-10 09:28:00,186.4,419.8
2025-07-10 09:29:00,165.7,392.7
2025-07-10 09:30:00,165.7,365.7
2025-07-10 09:31:00,151.9,338.6
2025-07-10 09:32:00,138.1,325
2025-07-10 09:33:00,138.1,311.5
2025-07-10 09:34:00,138.1,338.6
2025-07-10 09:35:00,151.9,365.7
2025-07-10 09:36:00,158.8,365.7
2025-07-10 09:37:00,165.7,372.4
2025-07-10 09:38:00,193.3,426.6
2025-07-10 09:39:00,207.1,474
2025-07-10 09:40:00,220.9,507.9
2025-07-10 09:41:00,220.9,487.6
2025-07-10 09:42:00,220.9,494.3
2025-07-10 09:43:00,234.7,548.5
2025-07-10 09:44:00,276.1,616.2
2025-07-10 09:45:00,303.8,677.2
2025-07-10 09:46:00,317.6,724.6
2025-07-10 09:47:00,331.4,772
2025-07-10 09:48:00,359,819
2025-07-10 09:49:00,372.8,853
2025-07-10 09:50:00,372.8,853
2025-07-10 09:51:00,359,819
2025-07-10 09:52:00,359,799.1
2025-07-10 09:53:00,331.4,751.7
2025-07-10 09:54:00,303.8,677.2
2025-07-10 09:55:00,290,650.1
2025-07-10 09:56:00,290,636.5
2025-07-10 09:57:00,276.1,616.2
2025-07-10 09:58:00,248.5,555.3
2025-07-10 09:59:00,220.9,494.3
2025-07-10 10:00:00,193.3,433.4
2025-07-10 10:01:00,179.5,399.5
2025-07-10 10:02:00,179.5,392.8
2025-07-10 10:03:00,179.5,413.1
2025-07-10 10:04:00,207.1,474
2025-07-10 10:05:00,220.9,501.1
2025-07-10 10:06:00,220.9,487.6
2025-07-10 10:07:00,207.1,453.7
2025-07-10 10:08:00,193.3,426.6
2025-07-10 10:09:00,193.3,419.8
2025-07-10 10:10:00,207.1,446.9
2025-07-10 10:11:00,220.9,480.8
2025-07-10 10:12:00,220.9,507.9
2025-07-10 10:13:00,248.5,548.5
2025-07-10 10:14:00,262.3,589.1
2025-07-10 10:15:00,290,650.1
2025-07-10 10:16:00,317.6,724.6
2025-07-10 10:17:00,331.4,744.9
2025-07-10 10:18:00,303.8,690.7
2025-07-10 10:19:00,290,643.3
2025-07-10 10:20:00,276.1,602.7
2025-07-10 10:21:00,262.3,589.1
2025-07-10 10:22:00,290,650.1
2025-07-10 10:23:00,345.2,772
2025-07-10 10:24:00,414.2,901
2025-07-10 10:25:00,455.6,962
2025-07-10 10:26:00,483.3,1036
2025-07-10 10:27:00,510.9,1083
2025-07-10 10:28:00,483.3,1039
2025-07-10 10:29:00,510.9,1090
2025-07-10 10:30:00,538.5,1138
2025-07-10 10:31:00,538.5,1131
2025-07-10 10:32:00,510.9,1090
2025-07-10 10:33:00,497.1,1043
2025-07-10 10:34:00,497.1,1050
2025-07-10 10:35:00,483.3,1043
2025-07-10 10:36:00,455.6,989
2025-07-10 10:37:00,455.6,989
2025-07-10 10:38:00,469.4,1016
2025-07-10 10:39:00,455.6,989
2025-07-10 10:40:00,428,941
2025-07-10 10:41:00,414.2,907
2025-07-10 10:42:00,372.8,826
2025-07-10 10:43:00,345.2,758.4
2025-07-10 10:44:00,331.4,731.3
2025-07-10 10:45:00,303.8,670.4
2025-07-10 10:46:00,317.6,690.7
2025-07-10 10:47:00,359,799.1
2025-07-10 10:48:00,414.2,924
2025-07-10 10:49:00,455.6,1009
2025-07-10 10:50:00,483.3,1083
2025-07-10 10:51:00,469.4,1050
2025-07-10 10:52:00,455.6,1009
2025-07-10 10:53:00,428,955
2025-07-10 10:54:00,400.4,914
2025-07-10 10:55:00,386.6,880
2025-07-10 10:56:00,359,819
2025-07-10 10:57:00,331.4,758.4
2025-07-10 10:58:00,303.8,697.5
2025-07-10 10:59:00,283.1,643.3
2025-07-10 11:00:00,262.3,609.4
2025-07-10 11:01:00,262.3,589.1
2025-07-10 11:02:00,255.4,582.4
2025-07-10 11:03:00,276.1,623
2025-07-10 11:04:00,303.8,704.2
2025-07-10 11:05:00,331.4,765.2
2025-07-10 11:06:00,345.2,792.3
2025-07-10 11:07:00,345.2,792.3
2025-07-10 11:08:00,345.2,785.5
2025-07-10 11:09:00,345.2,772
2025-07-10 11:10:00,331.4,751.7
2025-07-10 11:11:00,303.8,711
2025-07-10 11:12:00,290,663.6
2025-07-10 11:13:00,276.1,643.3
2025-07-10 11:14:00,276.1,636.5
2025-07-10 11:15:00,276.1,639.9
2025-07-10 11:16:00,276.1,636.5
2025-07-10 11:17:00,276.1,636.5
2025-07-10 11:18:00,276.1,636.5
2025-07-10 11:19:00,262.3,616.2
2025-07-10 11:20:00,248.5,568.8
2025-07-10 11:21:00,220.9,514.6
2025-07-10 11:22:00,193.3,460.5
2025-07-10 11:23:00,179.5,419.8
2025-07-10 11:24:00,165.7,399.5
2025-07-10 11:25:00,179.5,426.6
2025-07-10 11:26:00,207.1,467.2
2025-07-10 11:27:00,220.9,507.9
2025-07-10 11:28:00,234.7,555.3
2025-07-10 11:29:00,276.1,629.8
2025-07-10 11:30:00,303.8,690.7
2025-07-10 11:31:00,317.6,744.9
2025-07-10 11:32:00,338.3,785.5
2025-07-10 11:33:00,345.2,806
2025-07-10 11:34:00,345.2,799.1
2025-07-10 11:35:00,331.4,772
2025-07-10 11:36:00,324.5,758.4
2025-07-10 11:37:00,331.4,765.2
2025-07-10 11:38:00,345.2,806
2025-07-10 11:39:00,372.8,874
2025-07-10 11:40:00,400.4,924
2025-07-10 11:41:00,414.2,941
2025-07-10 11:42:00,414.2,948
2025-07-10 11:43:00,414.2,934
2025-07-10 11:44:00,400.4,921
2025-07-10 11:45:00,400.4,928
2025-07-10 11:46:00,414.2,941
2025-07-10 11:47:00,428,962
2025-07-10 11:48:00,428,975
2025-07-10 11:49:00,428,968
2025-07-10 11:50:00,414.2,962
2025-07-10 11:51:00,414.2,934
2025-07-10 11:52:00,407.3,928
2025-07-10 11:53:00,414.2,941
2025-07-10 11:54:00,428,975
2025-07-10 11:55:00,441.8,1009
2025-07-10 11:56:00,455.6,1043
2025-07-10 11:57:00,469.4,1063
2025-07-10 11:58:00,490.2,1104
2025-07-10 11:59:00,510.9,1144
2025-07-10 12:00:00,510.9,1165
2025-07-10 12:01:00,524.7,1192
2025-07-10 12:02:00,538.5,1205
2025-07-10 12:03:00,552.3,1232
2025-07-10 12:04:00,552.3,1239
2025-07-10 12:05:00,552.3,1239
2025-07-10 12:06:00,607.5,1341
2025-07-10 12:07:00,593.7,1307
2025-07-10 12:08:00,552.3,1232
2025-07-10 12:09:00,579.9,1287
2025-07-10 12:10:00,635.1,1388
2025-07-10 12:11:00,676.6,1469
2025-07-10 12:12:00,621.3,1378
2025-07-10 12:13:00,607.5,1341
2025-07-10 12:14:00,662.8,1456
2025-07-10 12:15:00,607.5,1354
2025-07-10 12:16:00,469.4,1063
2025-07-10 12:17:00,483.3,1090
2025-07-10 12:18:00,579.9,1280
2025-07-10 12:19:00,524.7,1165
2025-07-10 12:20:00,483.3,1097
2025-07-10 12:21:00,372.8,860
2025-07-10 12:22:00,317.6,731.3
2025-07-10 12:23:00,276.1,650.1
2025-07-10 12:24:00,248.5,595.9
2025-07-10 12:25:00,234.7,558.7
2025-07-10 12:26:00,220.9,521.4
2025-07-10 12:27:00,193.3,474
2025-07-10 12:28:00,165.7,413.1
2025-07-10 12:29:00,151.9,365.7
2025-07-10 12:30:00,124.3,318.3
2025-07-10 12:31:00,117.4,291.2
2025-07-10 12:32:00,110.5,264.1
2025-07-10 12:33:00,96.7,237
2025-07-10 12:34:00,89.7,223.5
2025-07-10 12:35:00,96.7,230.2
2025-07-10 12:36:00,96.7,237
2025-07-10 12:37:00,96.7,250.6
2025-07-10 12:38:00,110.5,270.9
2025-07-10 12:39:00,117.4,291.2
2025-07-10 12:40:00,124.3,311.5
2025-07-10 12:41:00,124.3,304.7
2025-07-10 12:42:00,110.5,291.2
2025-07-10 12:43:00,124.3,311.5
2025-07-10 12:44:00,151.9,365.7
2025-07-10 12:45:00,179.5,426.6
2025-07-10 12:46:00,179.5,433.4
2025-07-10 12:47:00,165.7,392.8
2025-07-10 12:48:00,124.3,311.5
2025-07-10 12:49:00,96.7,230.2
2025-07-10 12:50:00,82.8,182.8
2025-07-10 12:51:00,82.8,169.3
2025-07-10 12:52:00,82.8,169.3
2025-07-10 12:53:00,82.8,193
2025-07-10 12:54:00,96.7,230.2
2025-07-10 12:55:00,110.5,264.1
2025-07-10 12:56:00,110.5,264.1
2025-07-10 12:57:00,110.5,264.1
2025-07-10 12:58:00,110.5,270.9
2025-07-10 12:59:00,138.1,311.5
2025-07-10 13:00:00,179.5,389.4
2025-07-10 13:01:00,234.7,511.3
2025-07-10 13:02:00,303.8,677.2
2025-07-10 13:03:00,372.8,819
2025-07-10 13:04:00,345.2,778.7
2025-07-10 13:05:00,317.6,704.2
2025-07-10 13:06:00,262.3,602.7
2025-07-10 13:07:00,248.5,562
2025-07-10 13:08:00,248.5,548.5
2025-07-10 13:09:00,262.3,568.8
2025-07-10 13:10:00,276.1,616.2
2025-07-10 13:11:00,317.6,697.5
2025-07-10 13:12:00,359,772
2025-07-10 13:13:00,372.8,799.1
2025-07-10 13:14:00,359,785.5
2025-07-10 13:15:00,386.6,833
2025-07-10 13:16:00,414.2,914
2025-07-10 13:17:00,414.2,907
2025-07-10 13:18:00,400.4,880
2025-07-10 13:19:00,400.4,894
2025-07-10 13:20:00,469.4,1050
2025-07-10 13:21:00,1022,2086
2025-07-10 13:22:00,745.6,1639
2025-07-10 13:23:00,704.2,1578
2025-07-10 13:24:00,1215,2482
2025-07-10 13:25:00,801,1734
2025-07-10 13:26:00,856,1862
2025-07-10 13:27:00,524.7,1192
2025-07-10 13:28:00,510.9,1178
2025-07-10 13:29:00,497.1,1171
2025-07-10 13:30:00,676.6,1537
2025-07-10 13:31:00,662.8,1476
2025-07-10 13:32:00,538.5,1232
2025-07-10 13:33:00,953,2018
2025-07-10 13:34:00,1063,2214
2025-07-10 13:35:00,1243,2533
2025-07-10 13:36:00,1049,2174
2025-07-10 13:37:00,897,1889
2025-07-10 13:38:00,801,1730
2025-07-10 13:39:00,718,1547
2025-07-10 13:40:00,690.4,1490
2025-07-10 13:41:00,648.9,1381
2025-07-10 13:42:00,552.3,1199
2025-07-10 13:43:00,635.1,1375
2025-07-10 13:44:00,690.4,1490
2025-07-10 13:45:00,704.2,1520
2025-07-10 13:46:00,573,1273
2025-07-10 13:47:00,524.7,1144
2025-07-10 13:48:00,455.6,989
2025-07-10 13:49:00,414.2,894
2025-07-10 13:50:00,414.2,907
2025-07-10 13:51:00,386.6,840
2025-07-10 13:52:00,400.4,880
2025-07-10 13:53:00,414.2,894
2025-07-10 13:54:00,662.8,1395
2025-07-10 13:55:00,497.1,1070
2025-07-10 13:56:00,386.6,853
2025-07-10 13:57:00,386.6,840
2025-07-10 13:58:00,400.4,894
2025-07-10 13:59:00,400.4,887
2025-07-10 14:00:00,483.3,1063
2025-07-10 14:01:00,828,1781
2025-07-10 14:02:00,1270,2614
2025-07-10 14:03:00,1146,2424
2025-07-10 14:04:00,1022,2174
2025-07-10 14:05:00,1008,2153
2025-07-10 14:06:00,1091,2336
2025-07-10 14:07:00,1250,2600
2025-07-10 14:08:00,1229,2560
2025-07-10 14:09:00,980,2072
2025-07-10 14:10:00,1215,2512
2025-07-10 14:11:00,1160,2424
2025-07-10 14:12:00,1174,2428
2025-07-10 14:13:00,863,1859
2025-07-10 14:14:00,1174,2373
2025-07-10 14:15:00,1229,2492
2025-07-10 14:16:00,428,995
2025-07-10 14:17:00,359,813
2025-07-10 14:18:00,345.2,778.7
2025-07-10 14:19:00,317.6,711
2025-07-10 14:20:00,290,646.7
2025-07-10 14:21:00,269.2,582.4
2025-07-10 14:22:00,248.5,535
2025-07-10 14:23:00,234.7,501.1
2025-07-10 14:24:00,220.9,474
2025-07-10 14:25:00,220.9,467.2
2025-07-10 14:26:00,234.7,474
2025-07-10 14:27:00,234.7,501.1
2025-07-10 14:28:00,262.3,562
2025-07-10 14:29:00,290,629.8
2025-07-10 14:30:00,331.4,704.2
2025-07-10 14:31:00,359,778.7
2025-07-10 14:32:00,372.8,806
2025-07-10 14:33:00,345.2,751.7
2025-07-10 14:34:00,359,758.4
2025-07-10 14:35:00,372.8,809
2025-07-10 14:36:00,372.8,806
2025-07-10 14:37:00,359,765.2
2025-07-10 14:38:00,379.7,833
2025-07-10 14:39:00,345.2,751.7
2025-07-10 14:40:00,345.2,758.4
2025-07-10 14:41:00,359,778.7
2025-07-10 14:42:00,372.8,792.3
2025-07-10 14:43:00,372.8,806
2025-07-10 14:44:00,372.8,813
2025-07-10 14:45:00,386.6,833
2025-07-10 14:46:00,1229,2445
2025-07-10 14:47:00,428,914
2025-07-10 14:48:00,434.9,928
2025-07-10 14:49:00,386.6,840
2025-07-10 14:50:00,359,778.7
2025-07-10 14:51:00,317.6,697.5
2025-07-10 14:52:00,290,629.8
2025-07-10 14:53:00,262.3,582.4
2025-07-10 14:54:00,248.5,541.7
2025-07-10 14:55:00,234.7,524.8
2025-07-10 14:56:00,234.7,501.1
2025-07-10 14:57:00,227.8,494.3
2025-07-10 14:58:00,234.7,487.6
2025-07-10 14:59:00,234.7,494.3
2025-07-10 15:00:00,234.7,494.3
2025-07-10 15:01:00,234.7,494.3
2025-07-10 15:02:00,262.3,555.3
2025-07-10 15:03:00,331.4,724.6
2025-07-10 15:04:00,566.1,1205
2025-07-10 15:05:00,455.6,995
2025-07-10 15:06:00,1229,2455
2025-07-10 15:07:00,510.9,1138
2025-07-10 15:08:00,1160,2370
2025-07-10 15:09:00,566.1,1293
2025-07-10 15:10:00,372.8,874
2025-07-10 15:11:00,925,1950
2025-07-10 15:12:00,276.1,656.8
2025-07-10 15:13:00,262.3,616.2
2025-07-10 15:14:00,262.3,629.8
2025-07-10 15:15:00,310.7,751.7
2025-07-10 15:16:00,1063,2187
2025-07-10 15:17:00,1077,2228
2025-07-10 15:18:00,1036,2157
2025-07-10 15:19:00,994,2092
2025-07-10 15:20:00,967,2038
2025-07-10 15:21:00,967,2018
2025-07-10 15:22:00,773.2,1625
2025-07-10 15:23:00,980,2055
2025-07-10 15:24:00,939,1974
2025-07-10 15:25:00,925,1964
2025-07-10 15:26:00,925,1943
2025-07-10 15:27:00,925,1933
2025-07-10 15:28:00,628.2,1402
2025-07-10 15:29:00,939,1950
2025-07-10 15:30:00,939,1964
2025-07-10 15:31:00,939,1964
2025-07-10 15:32:00,939,1977
2025-07-10 15:33:00,925,1950
2025-07-10 15:34:00,911,1943
2025-07-10 15:35:00,925,1954
2025-07-10 15:36:00,925,1957
2025-07-10 15:37:00,953,2011
2025-07-10 15:38:00,738.7,1605
2025-07-10 15:39:00,676.6,1513
2025-07-10 15:40:00,939,1971
2025-07-10 15:41:00,607.5,1537
2025-07-10 15:42:00,953,1971
2025-07-10 15:43:00,469.4,1036
2025-07-10 15:44:00,220.9,575.6
2025-07-10 15:45:00,220.9,568.8
2025-07-10 15:46:00,234.7,602.7
2025-07-10 15:47:00,759.4,1605
2025-07-10 15:48:00,939,QCF
2025-07-10 15:49:00,815,1693
2025-07-10 15:50:00,234.7,589.1
2025-07-10 15:51:00,234.7,589.1
2025-07-10 15:52:00,248.5,609.4
2025-07-10 15:53:00,248.5,616.2
2025-07-10 15:54:00,234.7,582.4
2025-07-10 15:55:00,262.3,643.3
2025-07-10 15:56:00,994,2025
2025-07-10 15:57:00,884,1828
2025-07-10 15:58:00,953,1943
2025-07-10 15:59:00,897,1849
2025-07-10 16:00:00,276.1,711
2025-07-10 16:01:00,884,1822
2025-07-10 16:02:00,884,1825
2025-07-10 16:03:00,897,1849
2025-07-10 16:04:00,925,1903
2025-07-10 16:05:00,897,1869
2025-07-10 16:06:00,870,1811
2025-07-10 16:07:00,842,1761
2025-07-10 16:08:00,842,1747
2025-07-10 16:09:00,234.7,595.9
2025-07-10 16:10:00,635.1,1341
2025-07-10 16:11:00,345.2,833
2025-07-10 16:12:00,262.3,643.3
2025-07-10 16:13:00,276.1,656.8
2025-07-10 16:14:00,276.1,663.6
2025-07-10 16:15:00,317.6,738.1
2025-07-10 16:16:00,428,941
2025-07-10 16:17:00,262.3,623
2025-07-10 16:18:00,262.3,636.5
2025-07-10 16:19:00,262.3,643.3
2025-07-10 16:20:00,483.3,1063
2025-07-10 16:21:00,704.2,1446
2025-07-10 16:22:00,317.6,744.9
2025-07-10 16:23:00,283.1,663.6
2025-07-10 16:24:00,248.5,595.9
2025-07-10 16:25:00,234.7,555.3
2025-07-10 16:26:00,234.7,541.7
2025-07-10 16:27:00,262.3,602.7
2025-07-10 16:28:00,262.3,609.4
2025-07-10 16:29:00,290,670.4
2025-07-10 16:30:00,290,650.1
2025-07-10 16:31:00,290,656.8
2025-07-10 16:32:00,455.6,1002
2025-07-10 16:33:00,953,1896
2025-07-10 16:34:00,953,1903
2025-07-10 16:35:00,925,1855
2025-07-10 16:36:00,911,1828
2025-07-10 16:37:00,884,1788
2025-07-10 16:38:00,331.4,772
2025-07-10 16:39:00,317.6,765.2
2025-07-10 16:40:00,290,670.4
2025-07-10 16:41:00,262.3,616.2
2025-07-10 16:42:00,262.3,609.4
2025-07-10 16:43:00,510.9,1083
2025-07-10 16:44:00,372.8,853
2025-07-10 16:45:00,345.2,785.5
2025-07-10 16:46:00,510.9,1077
2025-07-10 16:47:00,510.9,1083
2025-07-10 16:48:00,276.1,636.5
2025-07-10 16:49:00,566.1,1192
2025-07-10 16:50:00,787,1564
2025-07-10 16:51:00,428,894
2025-07-10 16:52:00,497.1,1050
2025-07-10 16:53:00,815,1612
2025-07-10 16:54:00,773.2,1557
2025-07-10 16:55:00,787,1561
2025-07-10 16:56:00,759.4,1503
2025-07-10 16:57:00,745.6,1480
2025-07-10 16:58:00,759.4,1510
2025-07-10 16:59:00,759.4,1530
2025-07-10 17:00:00,483.3,1046
2025-07-10 17:01:00,303.8,690.7
2025-07-10 17:02:00,752.5,1503
2025-07-10 17:03:00,414.2,907
2025-07-10 17:04:00,510.9,1070
2025-07-10 17:05:00,704.2,1422
2025-07-10 17:06:00,731.8,1483
2025-07-10 17:07:00,718,1456
2025-07-10 17:08:00,718,1463
2025-07-10 17:09:00,731.8,1497
2025-07-10 17:10:00,731.8,1497
2025-07-10 17:11:00,718,1463
2025-07-10 17:12:00,704.2,1449
2025-07-10 17:13:00,704.2,1442
2025-07-10 17:14:00,676.6,1395
2025-07-10 17:15:00,676.6,1388
2025-07-10 17:16:00,676.6,1388
2025-07-10 17:17:00,635.1,1300
2025-07-10 17:18:00,648.9,1273
2025-07-10 17:19:00,524.7,1029
2025-07-10 17:20:00,234.7,555.3
2025-07-10 17:21:00,165.7,440.2
2025-07-10 17:22:00,138.1,379.2
2025-07-10 17:23:00,124.3,352.1
2025-07-10 17:24:00,124.3,331.8
2025-07-10 17:25:00,124.3,318.3
2025-07-10 17:26:00,110.5,291.2
2025-07-10 17:27:00,110.5,277.6
2025-07-10 17:28:00,110.5,277.6
2025-07-10 17:29:00,96.7,277.6
2025-07-10 17:30:00,110.5,277.6
2025-07-10 17:31:00,96.7,284.4
2025-07-10 17:32:00,110.5,284.4
2025-07-10 17:33:00,110.5,284.4
2025-07-10 17:34:00,110.5,291.2
2025-07-10 17:35:00,124.3,304.7
2025-07-10 17:36:00,138.1,325
2025-07-10 17:37:00,138.1,345.4
2025-07-10 17:38:00,151.9,365.7
2025-07-10 17:39:00,165.7,392.8
2025-07-10 17:40:00,179.5,419.9
2025-07-10 17:41:00,193.3,453.7
2025-07-10 17:42:00,207.1,480.8
2025-07-10 17:43:00,207.1,487.6
2025-07-10 17:44:00,200.2,480.8
2025-07-10 17:45:00,179.5,446.9
2025-07-10 17:46:00,165.7,419.8
2025-07-10 17:47:00,165.7,399.5
2025-07-10 17:48:00,151.9,379.2
2025-07-10 17:49:00,138.1,365.7
2025-07-10 17:50:00,138.1,352.1
2025-07-10 17:51:00,138.1,338.6
2025-07-10 17:52:00,124.3,318.3
2025-07-10 17:53:00,110.5,298
2025-07-10 17:54:00,96.7,270.9
2025-07-10 17:55:00,96.7,250.6
2025-07-10 17:56:00,82.8,237
2025-07-10 17:57:00,82.8,230.2
2025-07-10 17:58:00,82.8,230.2
2025-07-10 17:59:00,82.8,216.7
2025-07-10 18:00:00,82.8,209.9
2025-07-10 18:01:00,82.8,203.1
2025-07-10 18:02:00,82.8,196.4
2025-07-10 18:03:00,82.8,196.4
2025-07-10 18:04:00,82.8,196.4
2025-07-10 18:05:00,82.8,196.4
2025-07-10 18:06:00,82.8,203.1
2025-07-10 18:07:00,82.8,216.7
2025-07-10 18:08:00,82.8,230.2
2025-07-10 18:09:00,96.7,243.8
2025-07-10 18:10:00,110.5,270.9
2025-07-10 18:11:00,124.3,298
2025-07-10 18:12:00,193.3,338.6
2025-07-10 18:13:00,234.7,426.6
2025-07-10 18:14:00,276.1,548.5
2025-07-10 18:15:00,317.6,663.6
2025-07-10 18:16:00,359,744.9
2025-07-10 18:17:00,393.5,806
2025-07-10 18:18:00,414.2,826
2025-07-10 18:19:00,414.2,819
2025-07-10 18:20:00,400.4,799.1
2025-07-10 18:21:00,400.4,785.5
2025-07-10 18:22:00,400.4,799.1
2025-07-10 18:23:00,138.1,365.7
2025-07-10 18:24:00,124.3,331.8
2025-07-10 18:25:00,124.3,311.5
2025-07-10 18:26:00,110.5,294.6
2025-07-10 18:27:00,214,616.2
2025-07-10 18:28:00,138.1,711
2025-07-10 18:29:00,110.5,704.2
2025-07-10 18:30:00,124.3,697.5
2025-07-10 18:31:00,179.5,697.5
2025-07-10 18:32:00,283.1,704.2
2025-07-10 18:33:00,345.2,677.2
2025-07-10 18:34:00,290,568.8
2025-07-10 18:35:00,317.6,602.7
2025-07-10 18:36:00,345.2,650.1
2025-07-10 18:37:00,359,650.1
2025-07-10 18:38:00,179.5,413.1
2025-07-10 18:39:00,359,656.8
2025-07-10 18:40:00,359,656.8
2025-07-10 18:41:00,303.8,589.1
2025-07-10 18:42:00,124.3,298
2025-07-10 18:43:00,96.7,237
2025-07-10 18:44:00,82.8,196.4
2025-07-10 18:45:00,69.04,176.1
2025-07-10 18:46:00,69.04,155.7
2025-07-10 18:47:00,55.23,142.2
2025-07-10 18:48:00,55.23,128.7
2025-07-10 18:49:00,48.33,121.9
2025-07-10 18:50:00,41.42,108.3
2025-07-10 18:51:00,41.42,101.6
2025-07-10 18:52:00,41.42,94.8
2025-07-10 18:53:00,41.42,94.8
2025-07-10 18:54:00,41.42,88
2025-07-10 18:55:00,41.42,88
2025-07-10 18:56:00,41.42,81.3
2025-07-10 18:57:00,41.42,81.3
2025-07-10 18:58:00,34.52,77.87
2025-07-10 18:59:00,34.52,74.49
2025-07-10 19:00:00,34.52,74.49
2025-07-10 19:01:00,27.61,67.72
2025-07-10 19:02:00,27.61,60.94
2025-07-10 19:03:00,27.61,54.17
2025-07-10 19:04:00,27.61,40.63
2025-07-11 06:50:00,27.61,40.62
2025-07-11 06:51:00,27.61,40.62
2025-07-11 06:52:00,27.61,47.39
2025-07-11 06:53:00,27.61,47.39
2025-07-11 06:54:00,27.61,54.16
2025-07-11 06:55:00,27.61,54.16
2025-07-11 06:56:00,27.61,60.93
2025-07-11 06:57:00,27.61,60.93
2025-07-11 06:58:00,41.42,67.7
2025-07-11 06:59:00,41.42,74.48
2025-07-11 07:00:00,41.42,74.48
2025-07-11 07:01:00,41.42,81.2
2025-07-11 07:02:00,41.42,81.2
2025-07-11 07:03:00,41.42,88
2025-07-11 07:04:00,41.42,88
2025-07-11 07:05:00,41.42,88
2025-07-11 07:06:00,41.42,81.2
2025-07-11 07:07:00,41.42,81.2
2025-07-11 07:08:00,41.42,81.2
2025-07-11 07:09:00,41.42,81.2
2025-07-11 07:10:00,41.42,81.2
2025-07-11 07:11:00,41.42,81.2
2025-07-11 07:12:00,41.42,81.2
2025-07-11 07:13:00,41.42,81.2
2025-07-11 07:14:00,41.42,81.2
2025-07-11 07:15:00,41.42,81.2
2025-07-11 07:16:00,41.42,81.2
2025-07-11 07:17:00,41.42,81.2
2025-07-11 07:18:00,41.42,88
2025-07-11 07:19:00,41.42,88
2025-07-11 07:20:00,41.42,88
2025-07-11 07:21:00,55.22,94.8
2025-07-11 07:22:00,41.42,94.8
2025-07-11 07:23:00,55.22,94.8
2025-07-11 07:24:00,55.22,101.6
2025-07-11 07:25:00,55.22,115.1
2025-07-11 07:26:00,69.03,125.3
2025-07-11 07:27:00,55.22,108.3
2025-07-11 07:28:00,41.42,94.8
2025-07-11 07:29:00,41.42,94.8
2025-07-11 07:30:00,69.03,128.6
2025-07-11 07:31:00,69.03,142.2
2025-07-11 07:32:00,82.8,155.7
2025-07-11 07:33:00,82.8,179.4
2025-07-11 07:34:00,41.42,196.3
2025-07-11 07:35:00,82.8,203.1
2025-07-11 07:36:00,82.8,199.7
2025-07-11 07:37:00,82.8,189.6
2025-07-11 07:38:00,82.8,182.8
2025-07-11 07:39:00,82.8,186.2
2025-07-11 07:40:00,82.8,176
2025-07-11 07:41:00,82.8,169.3
2025-07-11 07:42:00,82.8,182.8
2025-07-11 07:43:00,96.6,230.2
2025-07-11 07:44:00,96.6,230.2
2025-07-11 07:45:00,82.8,213.3
2025-07-11 07:46:00,96.6,216.7
2025-07-11 07:47:00,96.6,230.2
2025-07-11 07:48:00,96.6,233.6
2025-07-11 07:49:00,96.6,243.7
2025-07-11 07:50:00,110.4,253.9
2025-07-11 07:51:00,124.2,284.4
2025-07-11 07:52:00,124.2,270.8
2025-07-11 07:53:00,110.4,257.3
2025-07-11 07:54:00,96.6,230.2
2025-07-11 07:55:00,96.6,237
2025-07-11 07:56:00,110.4,264
2025-07-11 07:57:00,138.1,304.7
2025-07-11 07:58:00,151.9,325
2025-07-11 07:59:00,124.2,284.4
2025-07-11 08:00:00,110.4,243.7
2025-07-11 08:01:00,110.4,257.3
2025-07-11 08:02:00,124.3,277.6
2025-07-11 08:03:00,124.3,291.1
2025-07-11 08:04:00,138.1,304.7
2025-07-11 08:05:00,151.9,338.5
2025-07-11 08:06:00,138.1,311.4
2025-07-11 08:07:00,138.1,314.8
2025-07-11 08:08:00,124.2,297.9
2025-07-11 08:09:00,138.1,304.7
2025-07-11 08:10:00,138.1,325
2025-07-11 08:11:00,151.9,338.5
2025-07-11 08:12:00,151.9,331.8
2025-07-11 08:13:00,138.1,318.2
2025-07-11 08:14:00,124.2,291.1
2025-07-11 08:15:00,124.2,270.8
2025-07-11 08:16:00,110.4,243.7
2025-07-11 08:17:00,110.4,237
2025-07-11 08:18:00,110.4,237
2025-07-11 08:19:00,96.6,237
2025-07-11 08:20:00,96.6,237
2025-07-11 08:21:00,110.4,257.3
2025-07-11 08:22:00,124.2,284.4
2025-07-11 08:23:00,138.1,297.9
2025-07-11 08:24:00,138.1,304.7
2025-07-11 08:25:00,138.1,304.7
2025-07-11 08:26:00,138.1,311.4
2025-07-11 08:27:00,138.1,325
2025-07-11 08:28:00,151.9,338.5
2025-07-11 08:29:00,151.9,338.5
2025-07-11 08:30:00,151.9,352.1
2025-07-11 08:31:00,165.7,358.8
2025-07-11 08:32:00,158.8,352.1
2025-07-11 08:33:00,165.7,358.8
2025-07-11 08:34:00,165.7,365.6
2025-07-11 08:35:00,165.7,372.4
2025-07-11 08:36:00,165.7,392.7
2025-07-11 08:37:00,193.3,440.1
2025-07-11 08:38:00,193.3,419.8
2025-07-11 08:39:00,151.9,338.5
2025-07-11 08:40:00,138.1,318.2
2025-07-11 08:41:00,151.9,345.3
2025-07-11 08:42:00,179.5,392.7
2025-07-11 08:43:00,179.5,385.9
2025-07-11 08:44:00,151.9,345.3
2025-07-11 08:45:00,138.1,318.2
2025-07-11 08:46:00,138.1,318.2
2025-07-11 08:47:00,151.9,325
2025-07-11 08:48:00,145,325
2025-07-11 08:49:00,151.9,331.8
2025-07-11 08:50:00,165.7,358.8
2025-07-11 08:51:00,165.7,372.4
2025-07-11 08:52:00,165.7,365.6
2025-07-11 08:53:00,158.8,358.8
2025-07-11 08:54:00,179.5,385.9
2025-07-11 08:55:00,179.5,392.7
2025-07-11 08:56:00,151.9,345.3
2025-07-11 08:57:00,151.9,338.5
2025-07-11 08:58:00,165.7,358.8
2025-07-11 08:59:00,QCF,QCF
2025-07-11 09:00:00,165.7,352.1
2025-07-11 09:01:00,179.5,392.7
2025-07-11 09:02:00,193.3,433.3
2025-07-11 09:03:00,207.1,473.9
2025-07-11 09:04:00,220.9,487.5
2025-07-11 09:05:00,220.9,480.7
2025-07-11 09:06:00,207.1,453.6
2025-07-11 09:07:00,207.1,453.6
2025-07-11 09:08:00,234.7,507.8
2025-07-11 09:09:00,248.5,531.5
2025-07-11 09:10:00,234.7,528.1
2025-07-11 09:11:00,248.5,541.6
2025-07-11 09:12:00,262.3,575.5
2025-07-11 09:13:00,262.3,555.2
2025-07-11 09:14:00,234.7,507.8
2025-07-11 09:15:00,220.9,501
2025-07-11 09:16:00,234.7,521.3
2025-07-11 09:17:00,262.3,582.3
2025-07-11 09:18:00,303.7,670.3
2025-07-11 09:19:00,303.7,650
2025-07-11 09:20:00,283,609.4
2025-07-11 09:21:00,262.3,562
2025-07-11 09:22:00,214,480.7
2025-07-11 09:23:00,220.9,487.5
2025-07-11 09:24:00,248.5,555.2
2025-07-11 09:25:00,303.7,660.1
2025-07-11 09:26:00,317.5,690.6
2025-07-11 09:27:00,303.7,663.5
2025-07-11 09:28:00,303.7,650
2025-07-11 09:29:00,303.7,663.5
2025-07-11 09:30:00,289.9,643.2
2025-07-11 09:31:00,276.1,616.1
2025-07-11 09:32:00,317.5,677.1
2025-07-11 09:33:00,331.3,731.2
2025-07-11 09:34:00,331.3,731.2
2025-07-11 09:35:00,317.5,697.4
2025-07-11 09:36:00,310.6,677.1
2025-07-11 09:37:00,331.3,717.7
2025-07-11 09:38:00,372.7,798.9
2025-07-11 09:39:00,386.6,840
2025-07-11 09:40:00,345.1,758.3
2025-07-11 09:41:00,331.3,717.7
2025-07-11 09:42:00,317.5,670.3
2025-07-11 09:43:00,289.9,636.4
2025-07-11 09:44:00,289.9,629.7
2025-07-11 09:45:00,276.1,595.8
2025-07-11 09:46:00,234.7,534.9
2025-07-11 09:47:00,276.1,589
2025-07-11 09:48:00,317.5,677.1
2025-07-11 09:49:00,345.1,738
2025-07-11 09:50:00,331.3,724.5
2025-07-11 09:51:00,303.7,670.3
2025-07-11 09:52:00,303.7,656.8
2025-07-11 09:53:00,289.9,656.8
2025-07-11 09:54:00,289.9,656.8
2025-07-11 09:55:00,289.9,663.6
2025-07-11 09:56:00,317.5,704.2
2025-07-11 09:57:00,345.1,771.9
2025-07-11 09:58:00,372.8,819
2025-07-11 09:59:00,400.4,867
2025-07-11 10:00:00,428,921
2025-07-11 10:01:00,441.8,961
2025-07-11 10:02:00,455.6,975
2025-07-11 10:03:00,455.6,961
2025-07-11 10:04:00,441.8,934
2025-07-11 10:05:00,414.2,887
2025-07-11 10:06:00,386.6,833
2025-07-11 10:07:00,365.9,785.4
2025-07-11 10:08:00,359,765.1
2025-07-11 10:09:00,359,775.3
2025-07-11 10:10:00,372.8,799
2025-07-11 10:11:00,386.6,833
2025-07-11 10:12:00,441.8,955
2025-07-11 10:13:00,476.3,1022
2025-07-11 10:14:00,469.4,1022
2025-07-11 10:15:00,400.4,853
2025-07-11 10:16:00,414.2,873
2025-07-11 10:17:00,414.2,887
2025-07-11 10:18:00,414.2,894
2025-07-11 10:19:00,414.2,867
2025-07-11 10:20:00,393.5,840
2025-07-11 10:21:00,393.5,840
2025-07-11 10:22:00,400.4,867
2025-07-11 10:23:00,428,901
2025-07-11 10:24:00,400.4,867
2025-07-11 10:25:00,400.4,853
2025-07-11 10:26:00,386.6,826
2025-07-11 10:27:00,386.6,813
2025-07-11 10:28:00,386.6,813
2025-07-11 10:29:00,386.6,819
2025-07-11 10:30:00,386.6,833
2025-07-11 10:31:00,400.4,853
2025-07-11 10:32:00,428,914
2025-07-11 10:33:00,414.2,874
2025-07-11 10:34:00,386.6,840
2025-07-11 10:35:00,400.4,860
2025-07-11 10:36:00,428,934
2025-07-11 10:37:00,455.6,989
2025-07-11 10:38:00,428,921
2025-07-11 10:39:00,441.8,955
2025-07-11 10:40:00,524.7,1131
2025-07-11 10:41:00,490.2,1043
2025-07-11 10:42:00,455.6,968
2025-07-11 10:43:00,441.8,941
2025-07-11 10:44:00,414.2,907
2025-07-11 10:45:00,414.2,901
2025-07-11 10:46:00,421.1,907
2025-07-11 10:47:00,414.2,907
2025-07-11 10:48:00,414.2,907
2025-07-11 10:49:00,414.2,894
2025-07-11 10:50:00,414.2,901
2025-07-11 10:51:00,428,941
2025-07-11 10:52:00,469.4,1029
2025-07-11 10:53:00,469.4,1036
2025-07-11 10:54:00,428,934
2025-07-11 10:55:00,414.2,914
2025-07-11 10:56:00,414.2,921
2025-07-11 10:57:00,414.2,928
2025-07-11 10:58:00,434.9,968
2025-07-11 10:59:00,524.7,1178
2025-07-11 11:00:00,925,1957
2025-07-11 11:01:00,490.2,1097
2025-07-11 11:02:00,545.4,1212
2025-07-11 11:03:00,980,2059
2025-07-11 11:04:00,566.1,1266
2025-07-11 11:05:00,635.1,1395
2025-07-11 11:06:00,856,1822
2025-07-11 11:07:00,994,2086
2025-07-11 11:08:00,1118,2309
2025-07-11 11:09:00,953,2004
2025-07-11 11:10:00,884,1869
2025-07-11 11:11:00,690.4,1530
2025-07-11 11:12:00,483.3,1083
2025-07-11 11:13:00,497.1,1097
2025-07-11 11:14:00,524.7,1131
2025-07-11 11:15:00,635.1,1381
2025-07-11 11:16:00,690.4,1483
2025-07-11 11:17:00,1070,2221
2025-07-11 11:18:00,711.1,1517
2025-07-11 11:19:00,801,1693
2025-07-11 11:20:00,711.1,1557
2025-07-11 11:21:00,842,1771
2025-07-11 11:22:00,552.3,1205
2025-07-11 11:23:00,607.5,1304
2025-07-11 11:24:00,538.5,1158
2025-07-11 11:25:00,538.5,1178
2025-07-11 11:26:00,1036,2153
2025-07-11 11:27:00,676.6,1463
2025-07-11 11:28:00,607.5,1348
2025-07-11 11:29:00,579.9,1280
2025-07-11 11:30:00,628.2,1375
2025-07-11 11:31:00,773.2,1693
2025-07-11 11:32:00,1270,2580
2025-07-11 11:33:00,1118,2329
2025-07-11 11:34:00,579.9,1293
2025-07-11 11:35:00,676.6,1503
2025-07-11 11:36:00,497.1,1127
2025-07-11 11:37:00,483.3,1111
2025-07-11 11:38:00,579.9,1307
2025-07-11 11:39:00,635.1,1408
2025-07-11 11:40:00,579.9,1317
2025-07-11 11:41:00,579.9,1293
2025-07-11 11:42:00,524.7,1212
2025-07-11 11:43:00,469.4,1070
2025-07-11 11:44:00,552.3,1243
2025-07-11 11:45:00,925,1981
2025-07-11 11:46:00,1063,2235
2025-07-11 11:47:00,1229,2533
2025-07-11 11:48:00,1174,2445
2025-07-11 11:49:00,1187,2465
2025-07-11 11:50:00,1118,2329
2025-07-11 11:51:00,566.1,1260
2025-07-11 11:52:00,552.3,1253
2025-07-11 11:53:00,524.7,1165
2025-07-11 11:54:00,531.6,1199
2025-07-11 11:55:00,884,1866
2025-07-11 11:56:00,552.3,1232
2025-07-11 11:57:00,718,1605
2025-07-11 11:58:00,1008,2140
2025-07-11 11:59:00,994,2113
2025-07-11 12:00:00,856,1855
2025-07-11 12:01:00,1105,2346
2025-07-11 12:02:00,884,1896
2025-07-11 12:03:00,1015,2153
2025-07-11 12:04:00,980,2099
2025-07-11 12:05:00,897,1954
2025-07-11 12:06:00,1036,2167
2025-07-11 12:07:00,1063,2214
2025-07-11 12:08:00,655.8,1456
2025-07-11 12:09:00,953,2045
2025-07-11 12:10:00,918,1943
2025-07-11 12:11:00,801,1740
2025-07-11 12:12:00,1042,2187
2025-07-11 12:13:00,1339,2736
2025-07-11 12:14:00,1353,2736
2025-07-11 12:15:00,607.5,1314
2025-07-11 12:16:00,787,1706
2025-07-11 12:17:00,538.5,1185
2025-07-11 12:18:00,455.6,995
2025-07-11 12:19:00,469.4,1043
2025-07-11 12:20:00,428,962
2025-07-11 12:21:00,455.6,1023
2025-07-11 12:22:00,1256,2566
2025-07-11 12:23:00,1256,2560
2025-07-11 12:24:00,1270,2614
2025-07-11 12:25:00,1298,2627
2025-07-11 12:26:00,635.1,1422
2025-07-11 12:27:00,815,1761
2025-07-11 12:28:00,787,1717
2025-07-11 12:29:00,731.8,1625
2025-07-11 12:30:00,1036,2194
2025-07-11 12:31:00,1298,2661
2025-07-11 12:32:00,1243,2539
2025-07-11 12:33:00,842,1849
2025-07-11 12:34:00,1201,2506
2025-07-11 12:35:00,1118,2343
2025-07-11 12:36:00,980,2099
2025-07-11 12:37:00,1105,2302
2025-07-11 12:38:00,842,2323
2025-07-11 12:39:00,1077,2282
2025-07-11 12:40:00,1091,2289
2025-07-11 12:41:00,1098,2316
2025-07-11 12:42:00,1105,2323
2025-07-11 12:43:00,1008,2133
2025-07-11 12:44:00,1146,2390
2025-07-11 12:45:00,483.3,1124
2025-07-11 12:46:00,345.2,853
2025-07-11 12:47:00,1146,2384
2025-07-11 12:48:00,400.4,1151
2025-07-11 12:49:00,538.5,1239
2025-07-11 12:50:00,1077,2289
2025-07-11 12:51:00,1063,2255
2025-07-11 12:52:00,1036,2208
2025-07-11 12:53:00,676.6,1537
2025-07-11 12:54:00,1077,2268
2025-07-11 12:55:00,1049,2228
2025-07-11 12:56:00,1063,2228
2025-07-11 12:57:00,1036,2241
2025-07-11 12:58:00,1049,2228
2025-07-11 12:59:00,1049,2241
2025-07-11 13:00:00,1063,2262
2025-07-11 13:01:00,510.9,1182
2025-07-11 13:02:00,690.4,1605
2025-07-11 13:03:00,1146,2394
2025-07-11 13:04:00,1118,2353
2025-07-11 13:05:00,773.2,1727
2025-07-11 13:06:00,1008,2140
2025-07-11 13:07:00,1111,2323
2025-07-11 13:08:00,1091,2296
2025-07-11 13:09:00,1077,2268
2025-07-11 13:10:00,1077,2268
2025-07-11 13:11:00,1077,2275
2025-07-11 13:12:00,1077,2282
2025-07-11 13:13:00,1091,2275
2025-07-11 13:14:00,1077,2275
2025-07-11 13:15:00,1091,2289
2025-07-11 13:16:00,1049,2241
2025-07-11 13:17:00,1098,1283
2025-07-11 13:18:00,1105,2329
2025-07-11 13:19:00,1118,2319
2025-07-11 13:20:00,1063,2245
2025-07-11 13:21:00,497.1,1178
2025-07-11 13:22:00,1049,2221
2025-07-11 13:23:00,1063,2241
2025-07-11 13:24:00,676.6,1530
2025-07-11 13:25:00,414.2,1006
2025-07-11 13:26:00,290,724.6
2025-07-11 13:27:00,317.6,785.5
2025-07-11 13:28:00,483.3,1138
2025-07-11 13:29:00,1243,2560
2025-07-11 13:30:00,1105,2336
2025-07-11 13:31:00,1174,2445
2025-07-11 13:32:00,1146,2404
2025-07-11 13:33:00,1146,2401
2025-07-11 13:34:00,842,1822
2025-07-11 13:35:00,386.6,995
2025-07-11 13:36:00,1098,2309
2025-07-11 13:37:00,1070,2255
2025-07-11 13:38:00,1063,2255
2025-07-11 13:39:00,1077,2275
2025-07-11 13:40:00,1105,2323
2025-07-11 13:41:00,414.2,989
2025-07-11 13:42:00,1132,2357
2025-07-11 13:43:00,1118,2336
2025-07-11 13:44:00,1105,2316
2025-07-11 13:45:00,1091,1981
2025-07-11 13:46:00,QCF,2235
2025-07-11 13:47:00,1077,2262
2025-07-11 13:48:00,1063,2241
2025-07-11 13:49:00,1049,2221
2025-07-11 13:50:00,1036,2208
2025-07-11 13:51:00,1049,2221
2025-07-11 13:52:00,1049,2228
2025-07-11 13:53:00,1118,2336
2025-07-11 13:54:00,504,1199
2025-07-11 13:55:00,1174,2431
2025-07-11 13:56:00,1118,2370
2025-07-11 13:57:00,524.7,1199
2025-07-11 13:58:00,510.9,1185
2025-07-11 13:59:00,801,1761
2025-07-11 14:00:00,372.8,894
2025-07-11 14:01:00,1132,2329
2025-07-11 14:02:00,1208,2478
2025-07-11 14:03:00,801,1747
2025-07-11 14:04:00,925,1998
2025-07-11 14:05:00,1146,2367
2025-07-11 14:06:00,1146,2384
2025-07-11 14:07:00,1160,2390
2025-07-11 14:08:00,1132,2323
2025-07-11 14:09:00,331.4,799.1
2025-07-11 14:10:00,372.8,901
2025-07-11 14:11:00,497.1,1158
2025-07-11 14:12:00,842,1835
2025-07-11 14:13:00,1187,2445
2025-07-11 14:14:00,1063,2180
2025-07-11 14:15:00,400.4,928
2025-07-11 14:16:00,386.6,901
2025-07-11 14:17:00,379.7,921
2025-07-11 14:18:00,1174,2417
2025-07-11 14:19:00,497.1,1151
2025-07-11 14:20:00,1036,2147
2025-07-11 14:21:00,1105,2296
2025-07-11 14:22:00,1091,2262
2025-07-11 14:23:00,1091,2285
2025-07-11 14:24:00,1105,2309
2025-07-11 14:25:00,1118,2326
2025-07-11 14:26:00,1105,2302
2025-07-11 14:27:00,1118,2323
2025-07-11 14:28:00,1118,2319
2025-07-11 14:29:00,1105,2272
2025-07-11 14:30:00,359,853
2025-07-11 14:31:00,276.1,683.9
2025-07-11 14:32:00,290,711
2025-07-11 14:33:00,372.8,904
2025-07-11 14:34:00,1118,2323
2025-07-11 14:35:00,1132,2343
2025-07-11 14:36:00,1132,2336
2025-07-11 14:37:00,1160,2370
2025-07-11 14:38:00,593.7,1348
2025-07-11 14:39:00,414.2,941
2025-07-11 14:40:00,524.7,1178
2025-07-11 14:41:00,538.5,1205
2025-07-11 14:42:00,359,833
2025-07-11 14:43:00,372.8,853
2025-07-11 14:44:00,400.4,914
2025-07-11 14:45:00,428,989
2025-07-11 14:46:00,1132,2309
2025-07-11 14:47:00,1105,2282
2025-07-11 14:48:00,1077,2241
2025-07-11 14:49:00,1022,2133
2025-07-11 14:50:00,967,2018
2025-07-11 14:51:00,1022,2153
2025-07-11 14:52:00,994,2126
2025-07-11 14:53:00,994,2103
2025-07-11 14:54:00,980,2086
2025-07-11 14:55:00,980,2089
2025-07-11 14:56:00,980,2086
2025-07-11 14:57:00,980,2079
2025-07-11 14:58:00,980,2072
2025-07-11 14:59:00,994,2086
2025-07-11 15:00:00,967,2038
2025-07-11 15:01:00,980,2072
2025-07-11 15:02:00,1008,2099
2025-07-11 15:03:00,704.2,1513
2025-07-11 15:04:00,787,1703
2025-07-11 15:05:00,248.5,636.5
2025-07-11 15:06:00,1008,2103
2025-07-11 15:07:00,994,2069
2025-07-11 15:08:00,980,2045
2025-07-11 15:09:00,953,2004
2025-07-11 15:10:00,980,2052
2025-07-11 15:11:00,1008,2113
2025-07-11 15:12:00,1022,2133
2025-07-11 15:13:00,994,2086
2025-07-11 15:14:00,980,2069
2025-07-11 15:15:00,303.8,755
2025-07-11 15:16:00,897,1910
2025-07-11 15:17:00,939,1991
2025-07-11 15:18:00,953,2018
2025-07-11 15:19:00,967,2038
2025-07-11 15:20:00,980,2052
2025-07-11 15:21:00,967,2032
2025-07-11 15:22:00,967,2025
2025-07-11 15:23:00,967,2025
2025-07-11 15:24:00,980,2038
2025-07-11 15:25:00,207.1,524.8
2025-07-11 15:26:00,220.9,562
2025-07-11 15:27:00,428,982
2025-07-11 15:28:00,345.2,826
2025-07-11 15:29:00,372.8,894
2025-07-11 15:30:00,234.7,575.6
2025-07-11 15:31:00,220.9,562.1
2025-07-11 15:32:00,290,690.7
2025-07-11 15:33:00,649,1463
2025-07-11 15:34:00,953,1977
2025-07-11 15:35:00,939,1943
2025-07-11 15:36:00,939,1964
2025-07-11 15:37:00,925,1937
2025-07-11 15:38:00,911,1314
2025-07-11 15:39:00,911,1910
2025-07-11 15:40:00,911,1307
2025-07-11 15:41:00,911,1910
2025-07-11 15:42:00,897,1889
2025-07-11 15:43:00,884,1869
2025-07-11 15:44:00,884,1855
2025-07-11 15:45:00,884,1869
2025-07-11 15:46:00,897,1869
2025-07-11 15:47:00,897,1869
2025-07-11 15:48:00,897,1872
2025-07-11 15:49:00,911,1910
2025-07-11 15:50:00,911,1889
2025-07-11 15:51:00,759.4,1608
2025-07-11 15:52:00,248.5,636.5
2025-07-11 15:53:00,317.6,778.7
2025-07-11 15:54:00,911,1876
2025-07-11 15:55:00,925,1910
2025-07-11 15:56:00,897,1097
2025-07-11 15:57:00,884,1835
2025-07-11 15:58:00,884,1849
2025-07-11 15:59:00,870,1822
2025-07-11 16:00:00,759.4,1608
2025-07-11 16:01:00,884,1855
2025-07-11 16:02:00,787,1686
2025-07-11 16:03:00,856,1794
2025-07-11 16:04:00,856,1795
2025-07-11 16:05:00,856,1791
2025-07-11 16:06:00,856,1795
2025-07-11 16:07:00,856,1795
2025-07-11 16:08:00,828,1740
2025-07-11 16:09:00,815,1727
2025-07-11 16:10:00,815,1713
2025-07-11 16:11:00,815,1713
2025-07-11 16:12:00,801,1707
2025-07-11 16:13:00,801,1693
2025-07-11 16:14:00,801,1696
2025-07-11 16:15:00,801,1693
2025-07-11 16:16:00,801,1700
2025-07-11 16:17:00,801,1707
2025-07-11 16:18:00,815,1723
2025-07-11 16:19:00,828,1747
2025-07-11 16:20:00,822,1740
2025-07-11 16:21:00,815,1703
2025-07-11 16:22:00,801,1693
2025-07-11 16:23:00,787.1,1680
2025-07-11 16:24:00,801,1683
2025-07-11 16:25:00,787.1,1669
2025-07-11 16:26:00,773.3,1646
2025-07-11 16:27:00,773.3,1625
2025-07-11 16:28:00,759.5,1608
2025-07-11 16:29:00,759.5,1602
2025-07-11 16:30:00,745.7,1588
2025-07-11 16:31:00,745.7,1571
2025-07-11 16:32:00,745.7,1558
2025-07-11 16:33:00,731.9,1544
2025-07-11 16:34:00,718.1,1531
2025-07-11 16:35:00,718.1,1517
2025-07-11 16:36:00,704.3,1510
2025-07-11 16:37:00,704.3,1497
2025-07-11 16:38:00,704.3,1490
2025-07-11 16:39:00,690.5,1483
2025-07-11 16:40:00,690.5,1476
2025-07-11 16:41:00,690.5,1476
2025-07-11 16:42:00,690.5,1470
2025-07-11 16:43:00,690.5,1463
2025-07-11 16:44:00,690.5,1463
2025-07-11 16:45:00,676.7,1443
2025-07-11 16:46:00,676.7,1443
2025-07-11 16:47:00,662.9,1429
2025-07-11 16:48:00,662.9,1422
2025-07-11 16:49:00,662.9,1419
2025-07-11 16:50:00,662.9,1422
2025-07-11 16:51:00,662.9,1416
2025-07-11 16:52:00,662.9,1416
2025-07-11 16:53:00,662.9,1416
2025-07-11 16:54:00,662.9,1409
2025-07-11 16:55:00,662.9,1395
2025-07-11 16:56:00,662.9,1388
2025-07-11 16:57:00,662.9,1388
2025-07-11 16:58:00,649.1,1382
2025-07-11 16:59:00,649.1,1368
2025-07-11 17:00:00,649.1,1368
2025-07-11 17:01:00,635.3,1348
2025-07-11 17:02:00,621.5,1321
2025-07-11 17:03:00,628.4,1328
2025-07-11 17:04:00,635.3,1334
2025-07-11 17:05:00,628.4,1328
2025-07-11 17:06:00,635.3,1328
2025-07-11 17:07:00,621.5,1321
2025-07-11 17:08:00,621.5,1321
2025-07-11 17:09:00,621.5,1314
2025-07-11 17:10:00,621.5,1311
2025-07-11 17:11:00,621.5,1307
2025-07-11 17:12:00,621.5,1307
2025-07-11 17:13:00,614.6,1301
2025-07-11 17:14:00,607.7,1273
2025-07-11 17:15:00,607.7,1260
2025-07-11 17:16:00,593.9,1240
2025-07-11 17:17:00,593.9,1240
2025-07-11 17:18:00,580.1,1219
2025-07-11 17:19:00,580.1,1199
2025-07-11 17:20:00,593.9,1158
2025-07-11 17:21:00,593.9,1077
2025-07-11 17:22:00,587,948
2025-07-11 17:23:00,580.1,799.3
2025-07-11 17:24:00,580.1,650.3
2025-07-11 17:25:00,566.2,528.3
2025-07-11 17:26:00,566.3,433.5
2025-07-11 17:27:00,566.3,386.1
2025-07-11 17:28:00,552.5,365.8
2025-07-11 17:29:00,524.8,365.8
2025-07-11 17:30:00,483.4,365.8
2025-07-11 17:31:00,400.5,365.8
2025-07-11 17:32:00,317.7,359
2025-07-11 17:33:00,234.8,355.6
2025-07-11 17:34:00,179.5,359
2025-07-11 17:35:00,138.1,359
2025-07-11 17:36:00,124.3,352.2
2025-07-11 17:37:00,124.3,352.2
2025-07-11 17:38:00,124.3,345.5
2025-07-11 17:39:00,117.4,345.5
2025-07-11 17:40:00,124.3,345.4
2025-07-11 17:41:00,124.3,352.2
2025-07-11 17:42:00,138.1,365.8
2025-07-11 17:43:00,138.1,372.5
2025-07-11 17:44:00,138.1,365.8
2025-07-11 17:45:00,124.3,352.2
2025-07-11 17:46:00,124.3,352.2
2025-07-11 17:47:00,124.3,338.7
2025-07-11 17:48:00,110.5,331.9
2025-07-11 17:49:00,110.5,331.9
2025-07-11 17:50:00,110.5,331.9
2025-07-11 17:51:00,110.5,352.2
2025-07-11 17:52:00,103.6,419.9
2025-07-11 17:53:00,96.7,514.8
2025-07-11 17:54:00,103.6,623.1
2025-07-11 17:55:00,110.5,731.5
2025-07-11 17:56:00,110.5,826
2025-07-11 17:57:00,151.9,894
2025-07-11 17:58:00,234.8,928
2025-07-11 17:59:00,338.4,948
2025-07-11 18:00:00,400.5,955
2025-07-11 18:01:00,441.9,955
2025-07-11 18:02:00,455.8,948
2025-07-11 18:03:00,455.7,941
2025-07-11 18:04:00,455.7,935
2025-07-11 18:05:00,455.7,921
2025-07-11 18:06:00,441.9,860
2025-07-11 18:07:00,441.9,697.6
2025-07-11 18:08:00,428.1,487.7
2025-07-11 18:09:00,428.1,352.2
2025-07-11 18:10:00,414.3,311.6
2025-07-11 18:11:00,414.3,311.6
2025-07-11 18:12:00,400.5,345.4
2025-07-11 18:13:00,QCF,464
2025-07-11 18:14:00,400.5,650.2
2025-07-11 18:15:00,400.5,772.2
2025-07-11 18:16:00,386.7,792.5
2025-07-11 18:17:00,386.7,792.5
2025-07-11 18:18:00,386.7,778.9
2025-07-11 18:19:00,372.9,765.4
2025-07-11 18:20:00,359.1,745
2025-07-11 18:21:00,359.1,738.3
2025-07-11 18:22:00,345.3,724.7
2025-07-11 18:23:00,345.3,711.2
2025-07-11 18:24:00,345.3,697.7
2025-07-11 18:25:00,331.5,690.9
2025-07-11 18:26:00,317.7,684.1
2025-07-11 18:27:00,234.8,677.3
2025-07-11 18:28:00,124.3,674
2025-07-11 18:29:00,82.9,670.6
2025-07-11 18:30:00,82.9,663.8
2025-07-11 18:31:00,124.3,650.3
2025-07-11 18:32:00,207.2,643.5
2025-07-11 18:33:00,290,636.7
2025-07-11 18:34:00,303.8,629.9
2025-07-11 18:35:00,303.8,623.1
2025-07-11 18:36:00,303.8,616.4
2025-07-11 18:37:00,303.8,609.6
2025-07-11 18:38:00,303.8,602.8
2025-07-11 18:39:00,303.8,602.8
2025-07-11 18:40:00,290,596
2025-07-11 18:41:00,290,589.3
2025-07-11 18:42:00,290,575.7
2025-07-11 18:43:00,290,535.1
2025-07-11 18:44:00,290,440.3
2025-07-11 18:45:00,283.1,318.3
2025-07-11 18:46:00,276.2,237.1
2025-07-11 18:47:00,276.2,216.7
2025-07-11 18:48:00,276.2,216.7
2025-07-11 18:49:00,262.4,210
2025-07-11 18:50:00,262.4,210
2025-07-11 18:51:00,248.6,220.1
2025-07-11 18:52:00,248.6,270.9
2025-07-11 18:53:00,248.6,365.7
2025-07-11 18:54:00,248.6,447
2025-07-11 18:55:00,234.8,474.1
2025-07-11 18:56:00,234.8,467.4
2025-07-11 18:57:00,234.8,460.6
2025-07-11 18:58:00,234.8,447
2025-07-11 18:59:00,221,440.2
2025-07-11 19:00:00,221,433.5
2025-07-11 19:01:00,221,426.7
2025-07-11 19:02:00,221,419.9
2025-07-11 19:03:00,207.1,413.1
2025-07-11 19:04:00,207.1,406.4
2025-07-11 19:05:00,207.1,399.6
2025-07-11 19:06:00,207.1,392.8
2025-07-11 19:07:00,207.1,389.4
2025-07-11 19:08:00,207.1,386
2025-07-11 19:09:00,193.3,379.3
2025-07-11 19:10:00,193.3,372.5
2025-07-11 19:11:00,151.9,365.7
2025-07-11 19:12:00,96.7,358.9
2025-07-11 19:13:00,69.04,352.2
2025-07-11 19:14:00,69.04,352.2
2025-07-11 19:15:00,69.04,345.4
2025-07-11 19:16:00,69.04,338.6
2025-07-11 19:17:00,82.8,331.8
2025-07-11 19:18:00,124.3,318.3
2025-07-11 19:19:00,165.7,311.5
2025-07-11 19:20:00,165.7,304.7
2025-07-11 19:21:00,165.7,298
2025-07-11 19:22:00,165.7,298
2025-07-11 19:23:00,151.9,291.2
2025-07-11 19:24:00,151.9,284.4
2025-07-11 19:25:00,138.1,270.9
2025-07-11 19:26:00,110.5,264.1
2025-07-11 19:27:00,82.8,257.3
2025-07-11 19:28:00,82.8,257.3
2025-07-11 19:29:00,96.7,237
2025-07-11 19:30:00,124.3,189.6
2025-07-11 19:31:00,124.3,149
2025-07-11 19:32:00,124.3,142.2
2025-07-11 19:33:00,124.3,142.2
2025-07-11 19:34:00,124.3,155.8
2025-07-11 19:35:00,124.3,196.4
2025-07-11 19:36:00,110.5,203.2
2025-07-11 19:37:00,82.8,203.2
2025-07-11 19:38:00,69.04,196.4
2025-07-11 19:39:00,55.23,196.4
2025-07-11 19:40:00,55.23,189.6
2025-07-11 19:41:00,82.8,182.8
2025-07-11 19:42:00,96.7,182.8
2025-07-11 19:43:00,96.7,176.1
2025-07-11 19:44:00,96.7,169.3
2025-07-11 19:45:00,96.7,162.5
2025-07-11 19:46:00,82.8,162.5
2025-07-11 19:47:00,69.04,155.7
2025-07-11 19:48:00,55.23,149
2025-07-11 19:49:00,69.04,142.2
2025-07-11 19:50:00,82.8,138.8
2025-07-11 19:51:00,82.8,135.4
2025-07-11 19:52:00,82.8,128.7
2025-07-11 19:53:00,82.8,121.9
2025-07-11 19:54:00,82.8,121.9
2025-07-11 19:55:00,82.8,115.1
2025-07-11 19:56:00,82.8,115.1
2025-07-11 19:57:00,82.8,108.3
2025-07-11 19:58:00,82.8,101.6
2025-07-11 19:59:00,69.04,88
2025-07-11 20:00:00,69.04,81.3
2025-07-11 20:01:00,69.04,81.3
2025-07-11 20:02:00,69.04,81.3
2025-07-11 20:03:00,55.23,77.87
2025-07-11 20:04:00,41.42,67.72
2025-07-11 20:05:00,27.61,60.94
2025-07-11 20:06:00,27.61,54.17
2025-07-11 20:07:00,27.61,54.17
2025-07-11 20:08:00,27.61,47.4
2025-07-11 20:09:00,27.61,47.4
2025-07-11 20:10:00,27.61,44.02
2025-07-11 20:11:00,27.61,40.63
2025-07-11 20:12:00,27.61,40.63
2025-07-11 20:13:00,27.61,40.63
2025-07-11 20:14:00,27.61,40.63
2025-07-11 20:15:00,27.61,40.63
2025-07-12 01:00:00,MV,MV
2025-07-12 06:23:00,20.71,40.62
2025-07-12 06:24:00,27.61,40.62
2025-07-12 06:25:00,27.61,40.62
2025-07-12 06:26:00,27.61,40.62
2025-07-12 06:27:00,27.61,47.39
2025-07-12 06:28:00,27.61,47.39
2025-07-12 06:29:00,27.61,47.39
2025-07-12 06:30:00,27.61,54.16
2025-07-12 06:31:00,27.61,54.16
2025-07-12 06:32:00,27.61,60.93
2025-07-12 06:33:00,27.61,60.93
2025-07-12 06:34:00,27.61,60.93
2025-07-12 06:35:00,34.51,67.71
2025-07-12 06:36:00,41.42,67.71
2025-07-12 06:37:00,41.42,77.86
2025-07-12 06:38:00,55.22,88
2025-07-12 06:39:00,69.03,91.4
2025-07-12 06:40:00,69.03,94.8
2025-07-12 06:41:00,69.03,101.6
2025-07-12 06:42:00,69.03,101.6
2025-07-12 06:43:00,69.03,108.3
2025-07-12 06:44:00,69.03,108.3
2025-07-12 06:45:00,82.8,115.1
2025-07-12 06:46:00,82.8,121.9
2025-07-12 06:47:00,82.8,128.6
2025-07-12 06:48:00,82.8,132
2025-07-12 06:49:00,82.8,135.4
2025-07-12 06:50:00,82.8,142.2
2025-07-12 06:51:00,82.8,149
2025-07-12 06:52:00,82.8,155.7
2025-07-12 06:53:00,82.8,155.7
2025-07-12 06:54:00,82.8,162.5
2025-07-12 06:55:00,82.8,169.3
2025-07-12 06:56:00,96.6,176
2025-07-12 06:57:00,96.6,182.8
2025-07-12 06:58:00,96.6,182.8
2025-07-12 06:59:00,96.6,189.6
2025-07-12 07:00:00,110.4,199.7
2025-07-12 07:01:00,110.4,203.1
2025-07-12 07:02:00,110.4,209.9
2025-07-12 07:03:00,110.4,216.7
2025-07-12 07:04:00,110.4,223.4
2025-07-12 07:05:00,124.2,230.2
2025-07-12 07:06:00,124.2,237
2025-07-12 07:07:00,124.2,243.7
2025-07-12 07:08:00,QCF,QCF
2025-07-12 07:09:00,QCF,QCF
2025-07-12 07:10:00,QCF,QCF
2025-07-12 07:11:00,QCF,QCF
2025-07-12 07:12:00,QCF,QCF
2025-07-12 07:13:00,QCF,QCF
2025-07-12 07:14:00,QCF,QCF
2025-07-12 07:15:00,QCF,QCF
2025-07-12 07:16:00,QCF,QCF
2025-07-12 07:17:00,QCF,QCF
2025-07-12 07:18:00,QCF,QCF
2025-07-12 07:19:00,QCF,QCF
2025-07-12 07:20:00,QCF,QCF
2025-07-12 07:21:00,QCF,QCF
2025-07-12 07:22:00,QCF,QCF
2025-07-12 07:23:00,QCF,QCF
2025-07-12 07:24:00,QCF,QCF
2025-07-12 07:25:00,QCF,QCF
2025-07-12 07:26:00,QCF,QCF
2025-07-12 07:27:00,QCF,QCF
2025-07-12 07:28:00,QCF,QCF
2025-07-12 07:29:00,QCF,QCF
2025-07-12 07:30:00,193.3,399.5
2025-07-12 07:31:00,193.3,406.3
2025-07-12 07:32:00,193.3,413
2025-07-12 07:33:00,193.3,419.8
2025-07-12 07:34:00,193.3,426.6
2025-07-12 07:35:00,193.3,426.6
2025-07-12 07:36:00,207.1,440.1
2025-07-12 07:37:00,207.1,446.9
2025-07-12 07:38:00,207.1,446.9
2025-07-12 07:39:00,207.1,460.4
2025-07-12 07:40:00,207.1,467.2
2025-07-12 07:41:00,207.1,470.6
2025-07-12 07:42:00,220.9,474
2025-07-12 07:43:00,220.9,480.7
2025-07-12 07:44:00,220.9,487.5
2025-07-12 07:45:00,220.9,494.3
2025-07-12 07:46:00,220.9,501.1
2025-07-12 07:47:00,220.9,507.8
2025-07-12 07:48:00,234.7,514.6
2025-07-12 07:49:00,234.7,521.4
2025-07-12 07:50:00,234.7,528.2
2025-07-12 07:51:00,234.7,528.2
2025-07-12 07:52:00,234.7,541.7
2025-07-12 07:53:00,248.5,541.7
2025-07-12 07:54:00,248.5,555.3
2025-07-12 07:55:00,248.5,562
2025-07-12 07:56:00,248.5,562
2025-07-12 07:57:00,248.5,575.6
2025-07-12 07:58:00,248.5,582.3
2025-07-12 07:59:00,255.4,589.1
2025-07-12 08:00:00,262.3,595.9
2025-07-12 08:01:00,262.3,602.7
2025-07-12 08:02:00,262.3,602.7
2025-07-12 08:03:00,262.3,609.4
2025-07-12 08:04:00,276.1,616.2
2025-07-12 08:05:00,276.1,623
2025-07-12 08:06:00,276.1,636.5
2025-07-12 08:07:00,283,643.3
2025-07-12 08:08:00,290,650.1
2025-07-12 08:09:00,290,656.8
2025-07-12 08:10:00,290,663.6
2025-07-12 08:11:00,303.8,670.4
2025-07-12 08:12:00,303.8,QCF
2025-07-12 08:13:00,317.6,QCF
2025-07-12 08:14:00,QCF,QCF
2025-07-12 08:15:00,QCF,QCF
2025-07-12 08:16:00,QCF,QCF
2025-07-12 08:17:00,QCF,QCF
2025-07-12 08:18:00,QCF,QCF
2025-07-12 08:19:00,QCF,QCF
2025-07-12 08:20:00,QCF,QCF
2025-07-12 08:21:00,QCF,QCF
2025-07-12 08:22:00,QCF,QCF
2025-07-12 08:23:00,QCF,QCF
2025-07-12 08:24:00,QCF,QCF
2025-07-12 08:25:00,QCF,QCF
2025-07-12 08:26:00,QCF,QCF
2025-07-12 08:27:00,QCF,QCF
2025-07-12 08:28:00,QCF,QCF
2025-07-12 08:29:00,QCF,QCF
2025-07-12 08:30:00,372.8,806
2025-07-12 08:31:00,372.8,819
2025-07-12 08:32:00,372.8,826
2025-07-12 08:33:00,386.6,833
2025-07-12 08:34:00,386.6,840
2025-07-12 08:35:00,386.6,846
2025-07-12 08:36:00,386.6,853
2025-07-12 08:37:00,400.4,860
2025-07-12 08:38:00,400.4,874
2025-07-12 08:39:00,400.4,880
2025-07-12 08:40:00,400.4,880
2025-07-12 08:41:00,400.4,887
2025-07-12 08:42:00,414.2,894
2025-07-12 08:43:00,414.2,901
2025-07-12 08:44:00,414.2,907
2025-07-12 08:45:00,414.2,914
2025-07-12 08:46:00,414.2,924
2025-07-12 08:47:00,428,934
2025-07-12 08:48:00,428,941
2025-07-12 08:49:00,428,948
2025-07-12 08:50:00,441.8,955
2025-07-12 08:51:00,441.8,962
2025-07-12 08:52:00,441.8,968
2025-07-12 08:53:00,441.8,982
2025-07-12 08:54:00,455.6,982
2025-07-12 08:55:00,455.6,995
2025-07-12 08:56:00,455.6,1002
2025-07-12 08:57:00,455.6,1002
2025-07-12 08:58:00,462.5,1009
2025-07-12 08:59:00,469.4,1019
2025-07-12 09:00:00,469.4,1029
2025-07-12 09:01:00,469.4,1036
2025-07-12 09:02:00,483.3,1043
2025-07-12 09:03:00,483.3,1056
2025-07-12 09:04:00,483.3,1070
2025-07-12 09:05:00,483.3,1070
2025-07-12 09:06:00,497.1,1077
2025-07-12 09:07:00,497.1,1083
2025-07-12 09:08:00,497.1,1090
2025-07-12 09:09:00,497.1,1097
2025-07-12 09:10:00,510.9,1104
2025-07-12 09:11:00,510.9,1111
2025-07-12 09:12:00,510.9,1117
2025-07-12 09:13:00,524.7,1127
2025-07-12 09:14:00,524.7,QCF
2025-07-12 09:15:00,524.7,QCF
2025-07-12 09:16:00,QCF,QCF
2025-07-12 09:17:00,QCF,QCF
2025-07-12 09:18:00,QCF,QCF
2025-07-12 09:19:00,QCF,QCF
2025-07-12 09:20:00,QCF,QCF
2025-07-12 09:21:00,QCF,QCF
2025-07-12 09:22:00,QCF,QCF
2025-07-12 09:23:00,QCF,QCF
2025-07-12 09:24:00,QCF,QCF
2025-07-12 09:25:00,QCF,QCF
2025-07-12 09:26:00,QCF,QCF
2025-07-12 09:27:00,QCF,QCF
2025-07-12 09:28:00,QCF,QCF
2025-07-12 09:29:00,QCF,QCF
2025-07-12 09:30:00,566.1,1239
2025-07-12 09:31:00,579.9,1246
2025-07-12 09:32:00,579.9,1260
2025-07-12 09:33:00,579.9,1266
2025-07-12 09:34:00,579.9,1266
2025-07-12 09:35:00,579.9,1273
2025-07-12 09:36:00,593.7,1287
2025-07-12 09:37:00,593.7,1287
2025-07-12 09:38:00,593.7,1293
2025-07-12 09:39:00,593.7,1293
2025-07-12 09:40:00,607.5,1300
2025-07-12 09:41:00,QCF,QCF
2025-07-12 09:42:00,607.5,1327
2025-07-12 09:43:00,621.3,1334
2025-07-12 09:44:00,621.3,1341
2025-07-12 09:45:00,628.2,1354
2025-07-12 09:46:00,635.1,1361
2025-07-12 09:47:00,635.1,1364
2025-07-12 09:48:00,635.1,1375
2025-07-12 09:49:00,635.1,1388
2025-07-12 09:50:00,648.9,1398
2025-07-12 09:51:00,648.9,1408
2025-07-12 09:52:00,662.8,1429
2025-07-12 09:53:00,676.6,1442
2025-07-12 09:54:00,676.6,1456
2025-07-12 09:55:00,690.4,1469
2025-07-12 09:56:00,690.4,1483
2025-07-12 09:57:00,704.2,1497
2025-07-12 09:58:00,607.5,1517
2025-07-12 09:59:00,455.6,1530
2025-07-12 10:00:00,QCF,QCF
2025-07-12 10:01:00,745.6,1564
2025-07-12 10:02:00,738.7,1585
2025-07-12 10:03:00,759.4,1598
2025-07-12 10:04:00,745.6,1598
2025-07-12 10:05:00,745.6,1598
2025-07-12 10:06:00,759.4,1605
2025-07-12 10:07:00,745.6,1598
2025-07-12 10:08:00,759.4,1598
2025-07-12 10:09:00,759.4,1605
2025-07-12 10:10:00,773.2,1632
2025-07-12 10:11:00,787,1666
2025-07-12 10:12:00,787,QCF
2025-07-12 10:13:00,787,QCF
2025-07-12 10:14:00,QCF,QCF
2025-07-12 10:15:00,QCF,QCF
2025-07-12 10:16:00,QCF,QCF
2025-07-12 10:17:00,QCF,QCF
2025-07-12 10:18:00,QCF,QCF
2025-07-12 10:19:00,QCF,QCF
2025-07-12 10:20:00,QCF,QCF
2025-07-12 10:21:00,QCF,QCF
2025-07-12 10:22:00,QCF,QCF
2025-07-12 10:23:00,QCF,QCF
2025-07-12 10:24:00,QCF,QCF
2025-07-12 10:25:00,QCF,QCF
2025-07-12 10:26:00,QCF,QCF
2025-07-12 10:27:00,QCF,QCF
2025-07-12 10:28:00,QCF,QCF
2025-07-12 10:29:00,QCF,QCF
2025-07-12 10:30:00,856,1822
2025-07-12 10:31:00,870,1835
2025-07-12 10:32:00,856,1832
2025-07-12 10:33:00,870,1842
2025-07-12 10:34:00,884,1863
2025-07-12 10:35:00,884,1866
2025-07-12 10:36:00,870,1863
2025-07-12 10:37:00,870,1863
2025-07-12 10:38:00,870,1849
2025-07-12 10:39:00,870,1856
2025-07-12 10:40:00,884,1883
2025-07-12 10:41:00,884,1893
2025-07-12 10:42:00,898,1903
2025-07-12 10:43:00,898,1903
2025-07-12 10:44:00,898,1890
2025-07-12 10:45:00,898,1890
2025-07-12 10:46:00,898,1897
2025-07-12 10:47:00,912,1910
2025-07-12 10:48:00,912,1937
2025-07-12 10:49:00,925,1958
2025-07-12 10:50:00,939,1961
2025-07-12 10:51:00,939,1964
2025-07-12 10:52:00,946,1985
2025-07-12 10:53:00,939,1991
2025-07-12 10:54:00,QCF,QCF
2025-07-12 10:55:00,953,2005
2025-07-12 10:56:00,953,2012
2025-07-12 10:57:00,967,2019
2025-07-12 10:58:00,974,2029
2025-07-12 10:59:00,981,2052
2025-07-12 11:00:00,967,2019
2025-07-12 11:01:00,925,1917
2025-07-12 11:02:00,303.9,738.4
2025-07-12 11:03:00,649.2,1416
2025-07-12 11:04:00,981,2032
2025-07-12 11:05:00,967,1992
2025-07-12 11:06:00,939,1951
2025-07-12 11:07:00,939,1971
2025-07-12 11:08:00,912,1917
2025-07-12 11:09:00,932,1954
2025-07-12 11:10:00,939,1944
2025-07-12 11:11:00,939,1931
2025-07-12 11:12:00,870,1802
2025-07-12 11:13:00,248.6,630
2025-07-12 11:14:00,221,575.8
2025-07-12 11:15:00,221,555.5
2025-07-12 11:16:00,221,555.5
2025-07-12 11:17:00,221,555.5
2025-07-12 11:18:00,207.2,535.1
2025-07-12 11:19:00,207.2,521.6
2025-07-12 11:20:00,207.2,535.1
2025-07-12 11:21:00,234.8,569
2025-07-12 11:22:00,276.2,657.1
2025-07-12 11:23:00,QCF,QCF
2025-07-12 11:24:00,QCF,QCF
2025-07-12 11:25:00,QCF,QCF
2025-07-12 11:26:00,QCF,QCF
2025-07-12 11:27:00,QCF,QCF
2025-07-12 11:28:00,248.6,643.5
2025-07-12 11:29:00,317.7,772.2
2025-07-12 11:30:00,345.3,833
2025-07-12 11:31:00,1050,2134
2025-07-12 11:32:00,607.7,1348
2025-07-12 11:33:00,1022,2120
2025-07-12 11:34:00,1008,2086
2025-07-12 11:35:00,1050,2154
2025-07-12 11:36:00,870,1829
2025-07-12 11:37:00,303.9,745.1
2025-07-12 11:38:00,290.1,731.6
2025-07-12 11:39:00,967,1978
2025-07-12 11:40:00,925,1897
2025-07-12 11:41:00,248.6,602.9
2025-07-12 11:42:00,276.2,663.8
2025-07-12 11:43:00,248.6,616.4
2025-07-12 11:44:00,248.6,596.1
2025-07-12 11:45:00,248.6,589.3
2025-07-12 11:46:00,262.4,636.7
2025-07-12 11:47:00,442,1009
2025-07-12 11:48:00,303.9,718
2025-07-12 11:49:00,331.5,785.8
2025-07-12 11:50:00,303.9,704.5
2025-07-12 11:51:00,359.1,820
2025-07-12 11:52:00,455.8,989
2025-07-12 11:53:00,1119,2256
2025-07-12 11:54:00,1119,2262
2025-07-12 11:55:00,1133,2290
2025-07-12 11:56:00,1119,2296
2025-07-12 11:57:00,1119,2303
2025-07-12 11:58:00,1105,2286
2025-07-12 11:59:00,1105,2276
2025-07-12 12:00:00,1105,2276
2025-07-12 12:01:00,1077,2242
2025-07-12 12:02:00,1077,2215
2025-07-12 12:03:00,1091,2242
2025-07-12 12:04:00,1098,2266
2025-07-12 12:05:00,1105,2289
2025-07-12 12:06:00,1132,2337
2025-07-12 12:07:00,455.7,1077
2025-07-12 12:08:00,1091,2279
2025-07-12 12:09:00,1146,2316
2025-07-12 12:10:00,1022,2113
2025-07-12 12:11:00,1105,2276
2025-07-12 12:12:00,1160,QCF
2025-07-12 12:13:00,QCF,QCF
2025-07-12 12:14:00,QCF,QCF
2025-07-12 12:15:00,QCF,QCF
2025-07-12 12:16:00,QCF,QCF
2025-07-12 12:17:00,QCF,QCF
2025-07-12 12:18:00,QCF,QCF
2025-07-12 12:19:00,QCF,QCF
2025-07-12 12:20:00,QCF,QCF
2025-07-12 12:21:00,QCF,QCF
2025-07-12 12:22:00,QCF,QCF
2025-07-12 12:23:00,QCF,QCF
2025-07-12 12:24:00,QCF,QCF
2025-07-12 12:25:00,QCF,QCF
2025-07-12 12:26:00,QCF,QCF
2025-07-12 12:27:00,QCF,QCF
2025-07-12 12:28:00,QCF,QCF
2025-07-12 12:29:00,QCF,QCF
2025-07-12 12:30:00,1119,2337
2025-07-12 12:31:00,1119,2337
2025-07-12 12:32:00,1119,2330
2025-07-12 12:33:00,1133,2350
2025-07-12 12:34:00,1146,2391
2025-07-12 12:35:00,1153,2391
2025-07-12 12:36:00,1160,2405
2025-07-12 12:37:00,1160,2401
2025-07-12 12:38:00,1160,2384
2025-07-12 12:39:00,1160,2405
2025-07-12 12:40:00,1174,2418
2025-07-12 12:41:00,1160,2411
2025-07-12 12:42:00,1174,2432
2025-07-12 12:43:00,1174,2439
2025-07-12 12:44:00,1188,2445
2025-07-12 12:45:00,1188,2445
2025-07-12 12:46:00,1119,2337
2025-07-12 12:47:00,1202,2472
2025-07-12 12:48:00,856,1822
2025-07-12 12:49:00,359.1,908
2025-07-12 12:50:00,372.9,921
2025-07-12 12:51:00,400.5,969
2025-07-12 12:52:00,815,1761
2025-07-12 12:53:00,1188,2445
2025-07-12 12:54:00,1188,2439
2025-07-12 12:55:00,994,2439
2025-07-12 12:56:00,1174,2439
2025-07-12 12:57:00,1188,2452
2025-07-12 12:58:00,1174,2439
2025-07-12 12:59:00,1160,2425
2025-07-12 13:00:00,1146,2398
2025-07-12 13:01:00,1146,2398
2025-07-12 13:02:00,1146,2391
2025-07-12 13:03:00,1146,2378
2025-07-12 13:04:00,483.4,1145
2025-07-12 13:05:00,276.2,718
2025-07-12 13:06:00,276.2,697.7
2025-07-12 13:07:00,276.2,690.9
2025-07-12 13:08:00,303.9,738.4
2025-07-12 13:09:00,331.5,826
2025-07-12 13:10:00,732,1612
2025-07-12 13:11:00,663,1483
2025-07-12 13:12:00,1160,2405
2025-07-12 13:13:00,1133,2337
2025-07-12 13:14:00,1146,2384
2025-07-12 13:15:00,QCF,QCF
2025-07-12 13:16:00,QCF,QCF
2025-07-12 13:17:00,QCF,QCF
2025-07-12 13:18:00,QCF,QCF
2025-07-12 13:19:00,331.5,833
2025-07-12 13:20:00,317.7,792.5
2025-07-12 13:21:00,469.6,1118
2025-07-12 13:22:00,303.9,758.7
2025-07-12 13:23:00,290.1,704.5
2025-07-12 13:24:00,269.3,677.4
2025-07-12 13:25:00,276.2,690.9
2025-07-12 13:26:00,303.9,731.6
2025-07-12 13:27:00,331.5,799.3
2025-07-12 13:28:00,QCF,QCF
2025-07-12 13:29:00,QCF,QCF
2025-07-12 13:30:00,1202,2462
2025-07-12 13:31:00,1174,2405
2025-07-12 13:32:00,1174,2432
2025-07-12 13:33:00,1188,2452
2025-07-12 13:34:00,1174,2445
2025-07-12 13:35:00,1167,2432
2025-07-12 13:36:00,1133,2378
2025-07-12 13:37:00,1105,2317
2025-07-12 13:38:00,1077,2259
2025-07-12 13:39:00,1091,2283
2025-07-12 13:40:00,1091,2296
2025-07-12 13:41:00,1091,2303
2025-07-12 13:42:00,1091,2303
2025-07-12 13:43:00,1105,2310
2025-07-12 13:44:00,1105,2310
2025-07-12 13:45:00,1091,2296
2025-07-12 13:46:00,1098,2296
2025-07-12 13:47:00,1105,2306
2025-07-12 13:48:00,1119,2323
2025-07-12 13:49:00,1133,2357
2025-07-12 13:50:00,1133,2357
2025-07-12 13:51:00,1133,2361
2025-07-12 13:52:00,1133,2371
2025-07-12 13:53:00,1160,2418
2025-07-12 13:54:00,815,1721
2025-07-12 13:55:00,386.7,962
2025-07-12 13:56:00,649.1,1463
2025-07-12 13:57:00,1133,2364
2025-07-12 13:58:00,1133,2384
2025-07-12 13:59:00,1091,2303
2025-07-12 14:00:00,1077,2283
2025-07-12 14:01:00,1077,2269
2025-07-12 14:02:00,1077,2262
2025-07-12 14:03:00,1077,2262
2025-07-12 14:04:00,1077,2266
2025-07-12 14:05:00,1077,2269
2025-07-12 14:06:00,1077,2262
2025-07-12 14:07:00,1077,2266
2025-07-12 14:08:00,1077,2266
2025-07-12 14:09:00,1077,2269
2025-07-12 14:10:00,1077,2256
2025-07-12 14:11:00,1064,2242
2025-07-12 14:12:00,1064,2242
2025-07-12 14:13:00,1064,2229
2025-07-12 14:14:00,1050,2215
2025-07-12 14:15:00,1050,2202
2025-07-12 14:16:00,1036,2195
2025-07-12 14:17:00,1036,2195
2025-07-12 14:18:00,1036,2195
2025-07-12 14:19:00,1036,QCF
2025-07-12 14:20:00,1036,QCF
2025-07-12 14:21:00,QCF,QCF
2025-07-12 14:22:00,QCF,QCF
2025-07-12 14:23:00,QCF,QCF
2025-07-12 14:24:00,QCF,QCF
2025-07-12 14:25:00,QCF,QCF
2025-07-12 14:26:00,QCF,QCF
2025-07-12 14:27:00,QCF,QCF
2025-07-12 14:28:00,QCF,QCF
2025-07-12 14:29:00,QCF,QCF
2025-07-12 14:30:00,1008,2154
2025-07-12 14:31:00,1008,2141
2025-07-12 14:32:00,1022,2174
2025-07-12 14:33:00,1036,2181
2025-07-12 14:34:00,829,1795
2025-07-12 14:35:00,221,616.4
2025-07-12 14:36:00,234.8,630
2025-07-12 14:37:00,276.2,697.7
2025-07-12 14:38:00,331.5,833
2025-07-12 14:39:00,1077,2252
2025-07-12 14:40:00,1064,2208
2025-07-12 14:41:00,1050,2181
2025-07-12 14:42:00,1050,2188
2025-07-12 14:43:00,1064,2229
2025-07-12 14:44:00,331.5,816
2025-07-12 14:45:00,442,1043
2025-07-12 14:46:00,435.1,1009
2025-07-12 14:47:00,234.8,589.3
2025-07-12 14:48:00,207.2,541.9
2025-07-12 14:49:00,221,535.1
2025-07-12 14:50:00,221,541.9
2025-07-12 14:51:00,234.8,569
2025-07-12 14:52:00,248.6,602.9
2025-07-12 14:53:00,276.2,650.3
2025-07-12 14:54:00,1133,2290
2025-07-12 14:55:00,1119,2256
2025-07-12 14:56:00,1091,2215
2025-07-12 14:57:00,1091,2222
2025-07-12 14:58:00,1091,2229
2025-07-12 14:59:00,994,2032
2025-07-12 15:00:00,912,1890
2025-07-12 15:01:00,1105,2256
2025-07-12 15:02:00,1077,2195
2025-07-12 15:03:00,1077,2208
2025-07-12 15:04:00,1077,2188
2025-07-12 15:05:00,1050,2141
2025-07-12 15:06:00,1077,2195
2025-07-12 15:07:00,1036,2127
2025-07-12 15:08:00,1050,2174
2025-07-12 15:09:00,1064,2195
2025-07-12 15:10:00,1077,2229
2025-07-12 15:11:00,1077,2208
2025-07-12 15:12:00,1064,2195
2025-07-12 15:13:00,1050,2168
2025-07-12 15:14:00,1022,2113
2025-07-12 15:15:00,1036,2113
2025-07-12 15:16:00,856,1815
2025-07-12 15:17:00,815,1734
2025-07-12 15:18:00,967,1998
2025-07-12 15:19:00,994,2039
2025-07-12 15:20:00,1008,QCF
2025-07-12 15:21:00,QCF,QCF
2025-07-12 15:22:00,QCF,QCF
2025-07-12 15:23:00,QCF,QCF
2025-07-12 15:24:00,QCF,QCF
2025-07-12 15:25:00,QCF,QCF
2025-07-12 15:26:00,QCF,QCF
2025-07-12 15:27:00,QCF,QCF
2025-07-12 15:28:00,QCF,QCF
2025-07-12 15:29:00,QCF,QCF
2025-07-12 15:30:00,967,2015
2025-07-12 15:31:00,967,1992
2025-07-12 15:32:00,967,1992
2025-07-12 15:33:00,967,1998
2025-07-12 15:34:00,967,1992
2025-07-12 15:35:00,953,1985
2025-07-12 15:36:00,953,1971
2025-07-12 15:37:00,939,1964
2025-07-12 15:38:00,946,1964
2025-07-12 15:39:00,939,1951
2025-07-12 15:40:00,939,1944
2025-07-12 15:41:00,925,1924
2025-07-12 15:42:00,912,1900
2025-07-12 15:43:00,912,1903
2025-07-12 15:44:00,912,1910
2025-07-12 15:45:00,925,1931
2025-07-12 15:46:00,953,1958
2025-07-12 15:47:00,262.4,670.6
2025-07-12 15:48:00,939,1951
2025-07-12 15:49:00,925,1937
2025-07-12 15:50:00,925,1924
2025-07-12 15:51:00,925,1937
2025-07-12 15:52:00,925,1937
2025-07-12 15:53:00,912,1917
2025-07-12 15:54:00,898,1883
2025-07-12 15:55:00,884,1849
2025-07-12 15:56:00,884,1846
2025-07-12 15:57:00,303.9,751.9
2025-07-12 15:58:00,331.5,833
2025-07-12 15:59:00,262.4,697.7
2025-07-12 16:00:00,759.7,1612
2025-07-12 16:01:00,870,1802
2025-07-12 16:02:00,912,1870
2025-07-12 16:03:00,912,1870
2025-07-12 16:04:00,912,1876
2025-07-12 16:05:00,912,1870
2025-07-12 16:06:00,912,1883
2025-07-12 16:07:00,898,1870
2025-07-12 16:08:00,898,1856
2025-07-12 16:09:00,891,1836
2025-07-12 16:10:00,898,1836
2025-07-12 16:11:00,898,1836
2025-07-12 16:12:00,870,1754
2025-07-12 16:13:00,524.9,1165
2025-07-12 16:14:00,359.1,820
2025-07-12 16:15:00,262.4,657.1
2025-07-12 16:16:00,829,1741
2025-07-12 16:17:00,829,1724
2025-07-12 16:18:00,829,1721
2025-07-12 16:19:00,815,1707
2025-07-12 16:20:00,801,1693
2025-07-12 16:21:00,801,1687
2025-07-12 16:22:00,801,1680
2025-07-12 16:23:00,787.3,1660
2025-07-12 16:24:00,773.5,1639
2025-07-12 16:25:00,773.5,QCF
2025-07-12 16:26:00,759.7,QCF
2025-07-12 16:27:00,759.7,QCF
2025-07-12 16:28:00,QCF,QCF
2025-07-12 16:29:00,745.8,1592
2025-07-12 16:30:00,759.7,1592
2025-07-12 16:31:00,745.8,1578
2025-07-12 16:32:00,745.8,1572
2025-07-12 16:33:00,759.7,1578
2025-07-12 16:34:00,759.7,1599
2025-07-12 16:35:00,766.6,1616
2025-07-12 16:36:00,773.5,1622
2025-07-12 16:37:00,773.5,1619
2025-07-12 16:38:00,745.8,1558
2025-07-12 16:39:00,621.5,1328
2025-07-12 16:40:00,207.2,548.7
2025-07-12 16:41:00,207.2,535.1
2025-07-12 16:42:00,193.4,514.8
2025-07-12 16:43:00,193.4,508
2025-07-12 16:44:00,193.4,504.7
2025-07-12 16:45:00,428.2,935
2025-07-12 16:46:00,372.9,833
2025-07-12 16:47:00,193.4,487.7
2025-07-12 16:48:00,165.7,474.2
2025-07-12 16:49:00,580.1,1240
2025-07-12 16:50:00,718.2,1483
2025-07-12 16:51:00,732,1511
2025-07-12 16:52:00,732,1497
2025-07-12 16:53:00,718.2,1483
2025-07-12 16:54:00,718.2,1483
2025-07-12 16:55:00,718.2,1494
2025-07-12 16:56:00,718.2,1477
2025-07-12 16:57:00,690.6,1443
2025-07-12 16:58:00,676.8,1395
2025-07-12 16:59:00,663,1368
2025-07-12 17:00:00,649.2,1334
2025-07-12 17:01:00,124.3,386.1
2025-07-12 17:02:00,124.3,379.3
2025-07-12 17:03:00,124.3,386.1
2025-07-12 17:04:00,138.1,406.4
2025-07-12 17:05:00,138.1,406.4
2025-07-12 17:06:00,138.1,392.9
2025-07-12 17:07:00,138.1,392.9
2025-07-12 17:08:00,138.1,406.4
2025-07-12 17:09:00,262.4,623.2
2025-07-12 17:10:00,455.8,982
2025-07-12 17:11:00,635.4,1307
2025-07-12 17:12:00,663,1348
2025-07-12 17:13:00,649.2,1341
2025-07-12 17:14:00,635.4,1321
2025-07-12 17:15:00,621.5,1294
2025-07-12 17:16:00,621.5,1280
2025-07-12 17:17:00,593.9,1233
2025-07-12 17:18:00,621.5,1273
2025-07-12 17:19:00,621.5,1273
2025-07-12 17:20:00,621.5,1260
2025-07-12 17:21:00,621.5,1219
2025-07-12 17:22:00,621.5,1145
2025-07-12 17:23:00,621.5,1036
2025-07-12 17:24:00,621.5,QCF
2025-07-12 17:25:00,621.5,QCF
2025-07-12 17:26:00,621.5,QCF
2025-07-12 17:27:00,QCF,QCF
2025-07-12 17:28:00,QCF,QCF
2025-07-12 17:29:00,QCF,QCF
2025-07-12 17:30:00,QCF,QCF
2025-07-12 17:31:00,QCF,QCF
2025-07-12 17:32:00,QCF,QCF
2025-07-12 17:33:00,QCF,QCF
2025-07-12 17:34:00,QCF,QCF
2025-07-12 17:35:00,227.9,426.8
2025-07-12 17:36:00,179.6,433.5
2025-07-12 17:37:00,172.7,440.3
2025-07-12 17:38:00,165.7,447.1
2025-07-12 17:39:00,165.7,453.9
2025-07-12 17:40:00,179.6,460.6
2025-07-12 17:41:00,179.6,453.9
2025-07-12 17:42:00,179.6,447.1
2025-07-12 17:43:00,165.7,443.7
2025-07-12 17:44:00,172.7,447.1
2025-07-12 17:45:00,179.6,453.9
2025-07-12 17:46:00,179.6,447.1
2025-07-12 17:47:00,165.7,440.3
2025-07-12 17:48:00,165.7,426.8
2025-07-12 17:49:00,151.9,420
2025-07-12 17:50:00,151.9,420
2025-07-12 17:51:00,151.9,413.2
2025-07-12 17:52:00,151.9,420
2025-07-12 17:53:00,138.1,460.6
2025-07-12 17:54:00,QCF,QCF
2025-07-12 17:55:00,QCF,QCF
2025-07-12 17:56:00,QCF,QCF
2025-07-12 17:57:00,QCF,QCF
2025-07-12 17:58:00,QCF,QCF
2025-07-12 17:59:00,QCF,QCF
2025-07-12 18:00:00,303.9,881
2025-07-12 18:01:00,359.1,887
2025-07-12 18:02:00,400.5,881
2025-07-12 18:03:00,414.4,874
2025-07-12 18:04:00,428.2,874
2025-07-12 18:05:00,428.2,867
2025-07-12 18:06:00,428.2,847
2025-07-12 18:07:00,428.2,731.6
2025-07-12 18:08:00,QCF,QCF
2025-07-12 18:09:00,QCF,QCF
2025-07-12 18:10:00,QCF,QCF
2025-07-12 18:11:00,QCF,QCF
2025-07-12 18:12:00,QCF,QCF
2025-07-12 18:13:00,QCF,QCF
2025-07-12 18:14:00,442,663.8
2025-07-12 18:15:00,428.2,803
2025-07-12 18:16:00,428.2,840
2025-07-12 18:17:00,414.4,833
2025-07-12 18:18:00,428.2,833
2025-07-12 18:19:00,414.4,833
2025-07-12 18:20:00,414.4,820
2025-07-12 18:21:00,414.4,813
2025-07-12 18:22:00,414.4,813
2025-07-12 18:23:00,414.4,806
2025-07-12 18:24:00,414.4,799.3
2025-07-12 18:25:00,400.5,792.5
2025-07-12 18:26:00,386.7,779
2025-07-12 18:27:00,317.7,758.7
2025-07-12 18:28:00,QCF,QCF
2025-07-12 18:29:00,QCF,QCF
2025-07-12 18:30:00,QCF,QCF
2025-07-12 18:31:00,QCF,QCF
2025-07-12 18:32:00,221,704.5
2025-07-12 18:33:00,303.9,690.9
2025-07-12 18:34:00,345.3,670.6
2025-07-12 18:35:00,345.3,663.8
2025-07-12 18:36:00,331.5,650.3
2025-07-12 18:37:00,317.7,630
2025-07-12 18:38:00,317.7,616.4
2025-07-12 18:39:00,248.6,514.8
2025-07-12 18:40:00,290.1,562.2
2025-07-12 18:41:00,317.7,602.9
2025-07-12 18:42:00,317.7,589.3
2025-07-12 18:43:00,317.7,535.1
2025-07-12 18:44:00,221,386.1
2025-07-12 18:45:00,96.7,264.2
2025-07-12 18:46:00,82.9,230.3
2025-07-12 18:47:00,82.9,216.8
2025-07-12 18:48:00,82.9,196.4
2025-07-12 18:49:00,82.9,182.9
2025-07-12 18:50:00,69.06,176.1
2025-07-12 18:51:00,69.06,169.3
2025-07-12 18:52:00,69.06,155.8
2025-07-12 18:53:00,69.06,149
2025-07-12 18:54:00,55.25,142.3
2025-07-12 18:55:00,55.25,142.3
2025-07-12 18:56:00,55.25,135.5
2025-07-12 18:57:00,55.25,135.5
2025-07-12 18:58:00,55.25,135.5
2025-07-12 18:59:00,55.25,128.7
2025-07-12 19:00:00,55.25,128.7
2025-07-12 19:01:00,55.25,128.7
2025-07-12 19:02:00,55.25,128.7
2025-07-12 19:03:00,55.25,128.7
2025-07-12 19:04:00,55.25,128.7
2025-07-12 19:05:00,55.25,128.7
2025-07-12 19:06:00,55.25,128.7
2025-07-12 19:07:00,55.25,121.9
2025-07-12 19:08:00,55.25,121.9
2025-07-12 19:09:00,55.25,121.9
2025-07-12 19:10:00,55.25,121.9
2025-07-12 19:11:00,55.25,121.9
2025-07-12 19:12:00,55.25,121.9
2025-07-12 19:13:00,55.25,115.2
2025-07-12 19:14:00,55.25,115.2
2025-07-12 19:15:00,55.25,115.2
2025-07-12 19:16:00,55.25,115.2
2025-07-12 19:17:00,55.25,115.2
2025-07-12 19:18:00,55.25,115.2
2025-07-12 19:19:00,55.25,115.2
2025-07-12 19:20:00,55.25,111.8
2025-07-12 19:21:00,55.25,108.4
2025-07-12 19:22:00,55.25,108.4
2025-07-12 19:23:00,55.25,108.4
2025-07-12 19:24:00,55.24,108.4
2025-07-12 19:25:00,55.24,108.4
2025-07-12 19:26:00,55.25,108.4
2025-07-12 19:27:00,55.25,108.4
2025-07-12 19:28:00,55.25,108.4
2025-07-12 19:29:00,55.24,101.6
2025-07-12 19:30:00,55.24,101.6
2025-07-12 19:31:00,55.24,101.6
2025-07-12 19:32:00,55.24,101.6
2025-07-12 19:33:00,55.24,101.6
2025-07-12 19:34:00,69.05,108.4
2025-07-12 19:35:00,69.05,108.4
2025-07-12 19:36:00,69.05,108.4
2025-07-12 19:37:00,55.23,108.4
2025-07-12 19:38:00,55.23,108.4
2025-07-12 19:39:00,55.23,101.6
2025-07-12 19:40:00,55.23,98.2
2025-07-12 19:41:00,55.23,94.8
2025-07-12 19:42:00,55.23,94.8
2025-07-12 19:43:00,41.42,94.8
2025-07-12 19:44:00,41.42,88
2025-07-12 19:45:00,41.42,88
2025-07-12 19:46:00,41.42,88
2025-07-12 19:47:00,41.42,81.3
2025-07-12 19:48:00,41.42,81.3
2025-07-12 19:49:00,41.42,81.3
2025-07-12 19:50:00,41.42,74.49
2025-07-12 19:51:00,41.42,74.49
2025-07-12 19:52:00,41.42,74.49
2025-07-12 19:53:00,41.42,74.49
2025-07-12 19:54:00,41.42,67.72
2025-07-12 19:55:00,41.42,67.72
2025-07-12 19:56:00,41.42,67.72
2025-07-12 19:57:00,41.42,67.72
2025-07-12 19:58:00,41.42,60.94
2025-07-12 19:59:00,41.42,60.94
2025-07-12 20:00:00,34.52,60.94
2025-07-12 20:01:00,27.61,54.17
2025-07-12 20:02:00,27.61,54.17
2025-07-12 20:03:00,27.61,54.17
2025-07-12 20:04:00,27.61,47.4
2025-07-12 20:05:00,27.61,47.4
2025-07-12 20:06:00,27.61,47.4
2025-07-12 20:07:00,27.61,40.63
2025-07-12 20:08:00,27.61,40.63
2025-07-12 20:09:00,27.61,40.63
2025-07-12 20:10:00,27.61,40.63
2025-07-12 20:11:00,27.61,40.63
2025-07-14 06:19:00,27.61,33.85
2025-07-14 06:20:00,27.61,33.85
2025-07-14 06:21:00,27.61,40.62
2025-07-14 06:22:00,27.61,40.62
2025-07-14 06:23:00,27.61,40.62
2025-07-14 06:24:00,27.61,40.62
2025-07-14 06:25:00,27.61,44.01
2025-07-14 06:26:00,27.61,47.39
2025-07-14 06:27:00,27.61,47.39
2025-07-14 06:28:00,27.61,54.16
2025-07-14 06:29:00,41.42,54.16
2025-07-14 06:30:00,41.42,60.93
2025-07-14 06:31:00,41.42,60.93
2025-07-14 06:32:00,41.42,67.71
2025-07-14 06:33:00,41.42,71.09
2025-07-14 06:34:00,41.42,74.48
2025-07-14 06:35:00,41.42,81.2
2025-07-14 06:36:00,41.42,81.2
2025-07-14 06:37:00,55.22,88
2025-07-14 06:38:00,69.03,101.6
2025-07-14 06:39:00,82.8,108.3
2025-07-14 06:40:00,82.8,115.1
2025-07-14 06:41:00,82.8,121.9
2025-07-14 06:42:00,82.8,121.9
2025-07-14 06:43:00,82.8,128.6
2025-07-14 06:44:00,82.8,135.4
2025-07-14 06:45:00,82.8,142.2
2025-07-14 06:46:00,82.8,149
2025-07-14 06:47:00,82.8,155.7
2025-07-14 06:48:00,82.8,149
2025-07-14 06:49:00,82.8,142.2
2025-07-14 06:50:00,82.8,149
2025-07-14 06:51:00,96.6,169.3
2025-07-14 06:52:00,96.6,176
2025-07-14 06:53:00,96.6,176
2025-07-14 06:54:00,96.6,176
2025-07-14 06:55:00,96.6,182.8
2025-07-14 06:56:00,96.6,182.8
2025-07-14 06:57:00,96.6,189.6
2025-07-14 06:58:00,96.6,196.3
2025-07-14 06:59:00,110.4,203.1
2025-07-14 07:00:00,96.6,196.3
2025-07-14 07:01:00,82.8,182.8
2025-07-14 07:02:00,96.6,203.1
2025-07-14 07:03:00,96.6,209.9
2025-07-14 07:04:00,103.5,216.7
2025-07-14 07:05:00,110.4,223.4
2025-07-14 07:06:00,124.3,243.7
2025-07-14 07:07:00,124.3,250.5
2025-07-14 07:08:00,124.3,243.7
2025-07-14 07:09:00,124.2,243.7
2025-07-14 07:10:00,124.3,250.5
2025-07-14 07:11:00,124.2,257.3
2025-07-14 07:12:00,124.2,257.3
2025-07-14 07:13:00,124.2,257.3
2025-07-14 07:14:00,110.4,257.3
2025-07-14 07:15:00,124.2,270.8
2025-07-14 07:16:00,151.9,297.9
2025-07-14 07:17:00,151.9,311.5
2025-07-14 07:18:00,151.9,318.2
2025-07-14 07:19:00,165.7,331.8
2025-07-14 07:20:00,165.7,331.8
2025-07-14 07:21:00,165.7,338.5
2025-07-14 07:22:00,151.9,338.5
2025-07-14 07:23:00,138.1,311.5
2025-07-14 07:24:00,138.1,318.2
2025-07-14 07:25:00,165.7,352.1
2025-07-14 07:26:00,179.5,379.2
2025-07-14 07:27:00,193.3,399.5
2025-07-14 07:28:00,193.3,409.6
2025-07-14 07:29:00,207.1,419.8
2025-07-14 07:30:00,207.1,426.6
2025-07-14 07:31:00,207.1,433.3
2025-07-14 07:32:00,207.1,433.3
2025-07-14 07:33:00,207.1,440.1
2025-07-14 07:34:00,220.9,446.9
2025-07-14 07:35:00,220.9,QCF
2025-07-14 07:36:00,220.9,426.6
2025-07-14 07:37:00,207.1,419.8
2025-07-14 07:38:00,193.3,399.5
2025-07-14 07:39:00,179.5,392.7
2025-07-14 07:40:00,207.1,413
2025-07-14 07:41:00,207.1,433.3
2025-07-14 07:42:00,207.1,433.3
2025-07-14 07:43:00,207.1,433.3
2025-07-14 07:44:00,214,446.9
2025-07-14 07:45:00,207.1,440.1
2025-07-14 07:46:00,207.1,433.4
2025-07-14 07:47:00,214,453.7
2025-07-14 07:48:00,220.9,467.2
2025-07-14 07:49:00,220.9,460.4
2025-07-14 07:50:00,220.9,480.7
2025-07-14 07:51:00,234.7,480.7
2025-07-14 07:52:00,234.7,480.8
2025-07-14 07:53:00,220.9,474
2025-07-14 07:54:00,207.1,467.2
2025-07-14 07:55:00,193.3,446.9
2025-07-14 07:56:00,193.3,446.9
2025-07-14 07:57:00,207.1,467.2
2025-07-14 07:58:00,220.9,487.5
2025-07-14 07:59:00,234.7,507.9
2025-07-14 08:00:00,220.9,501.1
2025-07-14 08:01:00,220.9,501.1
2025-07-14 08:02:00,207.1,487.6
2025-07-14 08:03:00,207.1,487.6
2025-07-14 08:04:00,220.9,514.6
2025-07-14 08:05:00,234.7,535
2025-07-14 08:06:00,234.7,528.2
2025-07-14 08:07:00,214,501.1
2025-07-14 08:08:00,207.1,501.1
2025-07-14 08:09:00,220.9,514.6
2025-07-14 08:10:00,248.5,568.8
2025-07-14 08:11:00,262.3,589.1
2025-07-14 08:12:00,276.1,616.2
2025-07-14 08:13:00,290,QCF
2025-07-14 08:14:00,290,QCF
2025-07-14 08:15:00,303.8,QCF
2025-07-14 08:16:00,QCF,QCF
2025-07-14 08:17:00,QCF,QCF
2025-07-14 08:18:00,QCF,QCF
2025-07-14 08:19:00,QCF,QCF
2025-07-14 08:20:00,QCF,QCF
2025-07-14 08:21:00,QCF,QCF
2025-07-14 08:22:00,QCF,QCF
2025-07-14 08:23:00,QCF,QCF
2025-07-14 08:24:00,QCF,QCF
2025-07-14 08:25:00,QCF,QCF
2025-07-14 08:26:00,QCF,QCF
2025-07-14 08:27:00,QCF,QCF
2025-07-14 08:28:00,QCF,QCF
2025-07-14 08:29:00,QCF,QCF
2025-07-14 08:30:00,345.2,792.3
2025-07-14 08:31:00,359,809
2025-07-14 08:32:00,372.8,813
2025-07-14 08:33:00,372.8,826
2025-07-14 08:34:00,372.8,826
2025-07-14 08:35:00,372.8,833
2025-07-14 08:36:00,386.6,826
2025-07-14 08:37:00,386.6,853
2025-07-14 08:38:00,386.6,860
2025-07-14 08:39:00,386.6,867
2025-07-14 08:40:00,400.4,880
2025-07-14 08:41:00,400.4,887
2025-07-14 08:42:00,400.4,894
2025-07-14 08:43:00,414.2,901
2025-07-14 08:44:00,414.2,907
2025-07-14 08:45:00,414.2,914
2025-07-14 08:46:00,414.2,921
2025-07-14 08:47:00,428,928
2025-07-14 08:48:00,428,934
2025-07-14 08:49:00,428,941
2025-07-14 08:50:00,428,948
2025-07-14 08:51:00,428,955
2025-07-14 08:52:00,441.8,968
2025-07-14 08:53:00,441.8,975
2025-07-14 08:54:00,441.8,982
2025-07-14 08:55:00,441.8,989
2025-07-14 08:56:00,455.6,995
2025-07-14 08:57:00,455.6,1002
2025-07-14 08:58:00,455.6,1009
2025-07-14 08:59:00,469.4,1016
2025-07-14 09:00:00,469.4,1023
2025-07-14 09:01:00,469.4,1029
2025-07-14 09:02:00,469.4,1036
2025-07-14 09:03:00,476.4,1043
2025-07-14 09:04:00,483.3,1050
2025-07-14 09:05:00,483.3,1056
2025-07-14 09:06:00,483.3,1063
2025-07-14 09:07:00,497.1,1070
2025-07-14 09:08:00,497.1,1077
2025-07-14 09:09:00,497.1,1083
2025-07-14 09:10:00,497.1,1087
2025-07-14 09:11:00,510.9,1097
2025-07-14 09:12:00,510.9,1104
2025-07-14 09:13:00,510.9,1104
2025-07-14 09:14:00,510.9,QCF
2025-07-14 09:15:00,510.9,QCF
2025-07-14 09:16:00,524.7,QCF
2025-07-14 09:17:00,QCF,QCF
2025-07-14 09:18:00,QCF,QCF
2025-07-14 09:19:00,QCF,QCF
2025-07-14 09:20:00,QCF,QCF
2025-07-14 09:21:00,QCF,QCF
2025-07-14 09:22:00,QCF,QCF
2025-07-14 09:23:00,QCF,QCF
2025-07-14 09:24:00,QCF,QCF
2025-07-14 09:25:00,QCF,QCF
2025-07-14 09:26:00,QCF,QCF
2025-07-14 09:27:00,QCF,QCF
2025-07-14 09:28:00,QCF,QCF
2025-07-14 09:29:00,QCF,QCF
2025-07-14 09:30:00,566.1,1226
2025-07-14 09:31:00,566.1,1232
2025-07-14 09:32:00,566.1,1239
2025-07-14 09:33:00,573,1243
2025-07-14 09:34:00,579.9,1253
2025-07-14 09:35:00,579.9,1260
2025-07-14 09:36:00,579.9,1266
2025-07-14 09:37:00,579.9,1273
2025-07-14 09:38:00,593.7,1287
2025-07-14 09:39:00,593.7,1293
2025-07-14 09:40:00,593.7,1300
2025-07-14 09:41:00,607.5,1300
2025-07-14 09:42:00,607.5,1307
2025-07-14 09:43:00,607.5,1314
2025-07-14 09:44:00,607.5,1320
2025-07-14 09:45:00,621.3,1327
2025-07-14 09:46:00,621.3,1334
2025-07-14 09:47:00,621.3,1341
2025-07-14 09:48:00,621.3,1348
2025-07-14 09:49:00,621.3,1354
2025-07-14 09:50:00,635.1,1361
2025-07-14 09:51:00,635.1,1368
2025-07-14 09:52:00,635.1,1368
2025-07-14 09:53:00,635.1,1375
2025-07-14 09:54:00,635.1,1381
2025-07-14 09:55:00,648.9,1392
2025-07-14 09:56:00,648.9,1395
2025-07-14 09:57:00,648.9,1402
2025-07-14 09:58:00,648.9,1408
2025-07-14 09:59:00,662.8,1419
2025-07-14 10:00:00,662.8,1422
2025-07-14 10:01:00,662.8,1429
2025-07-14 10:02:00,662.8,1436
2025-07-14 10:03:00,676.6,1439
2025-07-14 10:04:00,676.6,1449
2025-07-14 10:05:00,676.6,1456
2025-07-14 10:06:00,676.6,1459
2025-07-14 10:07:00,676.6,1463
2025-07-14 10:08:00,683.5,1469
2025-07-14 10:09:00,690.4,1476
2025-07-14 10:10:00,690.4,1483
2025-07-14 10:11:00,690.4,1483
2025-07-14 10:12:00,690.4,1493
2025-07-14 10:13:00,704.2,1503
2025-07-14 10:14:00,704.2,1510
2025-07-14 10:15:00,704.2,1517
2025-07-14 10:16:00,704.2,QCF
2025-07-14 10:17:00,704.2,QCF
2025-07-14 10:18:00,QCF,QCF
2025-07-14 10:19:00,QCF,QCF
2025-07-14 10:20:00,QCF,QCF
2025-07-14 10:21:00,QCF,QCF
2025-07-14 10:22:00,QCF,QCF
2025-07-14 10:23:00,QCF,QCF
2025-07-14 10:24:00,QCF,QCF
2025-07-14 10:25:00,QCF,QCF
2025-07-14 10:26:00,QCF,QCF
2025-07-14 10:27:00,QCF,QCF
2025-07-14 10:28:00,QCF,QCF
2025-07-14 10:29:00,QCF,QCF
2025-07-14 10:30:00,QCF,QCF
2025-07-14 10:31:00,QCF,QCF
2025-07-14 10:32:00,745.6,1463
2025-07-14 10:33:00,759.4,1622
2025-07-14 10:34:00,752.5,1622
2025-07-14 10:35:00,759.4,1625
2025-07-14 10:36:00,759.4,1625
2025-07-14 10:37:00,759.4,1639
2025-07-14 10:38:00,766.3,1646
2025-07-14 10:39:00,773.2,1652
2025-07-14 10:40:00,773.2,1659
2025-07-14 10:41:00,773.2,1662
2025-07-14 10:42:00,773.2,1666
2025-07-14 10:43:00,773.2,1669
2025-07-14 10:44:00,787,1676
2025-07-14 10:45:00,787,1679
2025-07-14 10:46:00,787,1693
2025-07-14 10:47:00,801,1706
2025-07-14 10:48:00,801,1720
2025-07-14 10:49:00,815,1734
2025-07-14 10:50:00,815,1754
2025-07-14 10:51:00,828,1767
2025-07-14 10:52:00,842,1781
2025-07-14 10:53:00,842,1781
2025-07-14 10:54:00,828,1774
2025-07-14 10:55:00,828,1761
2025-07-14 10:56:00,828,1761
2025-07-14 10:57:00,828,1754
2025-07-14 10:58:00,815,1754
2025-07-14 10:59:00,815,1761
2025-07-14 11:00:00,828,1767
2025-07-14 11:01:00,828,1774
2025-07-14 11:02:00,828,1781
2025-07-14 11:03:00,828,1788
2025-07-14 11:04:00,828,1788
2025-07-14 11:05:00,828,1781
2025-07-14 11:06:00,842,1791
2025-07-14 11:07:00,842,1795
2025-07-14 11:08:00,842,1801
2025-07-14 11:09:00,842,1778
2025-07-14 11:10:00,856,1825
2025-07-14 11:11:00,856,1828
2025-07-14 11:12:00,856,1842
2025-07-14 11:13:00,856,1842
2025-07-14 11:14:00,856,1855
2025-07-14 11:15:00,870,1869
2025-07-14 11:16:00,870,QCF
2025-07-14 11:17:00,870,QCF
2025-07-14 11:18:00,870,QCF
2025-07-14 11:19:00,QCF,QCF
2025-07-14 11:20:00,QCF,QCF
2025-07-14 11:21:00,QCF,QCF
2025-07-14 11:22:00,QCF,QCF
2025-07-14 11:23:00,QCF,QCF
2025-07-14 11:24:00,QCF,QCF
2025-07-14 11:25:00,QCF,QCF
2025-07-14 11:26:00,QCF,QCF
2025-07-14 11:27:00,QCF,QCF
2025-07-14 11:28:00,QCF,QCF
2025-07-14 11:29:00,QCF,QCF
2025-07-14 11:30:00,925,1957
2025-07-14 11:31:00,925,1971
2025-07-14 11:32:00,925,1971
2025-07-14 11:33:00,953,2015
2025-07-14 11:34:00,980,2059
2025-07-14 11:35:00,980,2065
2025-07-14 11:36:00,980,2065
2025-07-14 11:37:00,987,2086
2025-07-14 11:38:00,994,2093
2025-07-14 11:39:00,994,2099
2025-07-14 11:40:00,994,2113
2025-07-14 11:41:00,1022,2140
2025-07-14 11:42:00,1008,2143
2025-07-14 11:43:00,1036,2160
2025-07-14 11:44:00,1049,2187
2025-07-14 11:45:00,1077,2231
2025-07-14 11:46:00,1077,2235
2025-07-14 11:47:00,1077,2228
2025-07-14 11:48:00,1077,2228
2025-07-14 11:49:00,1063,2208
2025-07-14 11:50:00,1049,2194
2025-07-14 11:51:00,1036,2072
2025-07-14 11:52:00,718,2154
2025-07-14 11:53:00,1022,2120
2025-07-14 11:54:00,1008,2120
2025-07-14 11:55:00,1008,2126
2025-07-14 11:56:00,1022,2133
2025-07-14 11:57:00,1015,2133
2025-07-14 11:58:00,1022,2147
2025-07-14 11:59:00,1049,2188
2025-07-14 12:00:00,1063,2215
2025-07-14 12:01:00,1063,2215
2025-07-14 12:02:00,1077,2228
2025-07-14 12:03:00,1084,2242
2025-07-14 12:04:00,1091,2269
2025-07-14 12:05:00,1077,2228
2025-07-14 12:06:00,1077,2235
2025-07-14 12:07:00,1105,2276
2025-07-14 12:08:00,593.8,1355
2025-07-14 12:09:00,359.1,867
2025-07-14 12:10:00,1050,2221
2025-07-14 12:11:00,1091,2276
2025-07-14 12:12:00,1091,2272
2025-07-14 12:13:00,725,2232
2025-07-14 12:14:00,221,596
2025-07-14 12:15:00,221,589.2
2025-07-14 12:16:00,248.6,643.4
2025-07-14 12:17:00,262.4,684.1
2025-07-14 12:18:00,248.6,643.4
2025-07-14 12:19:00,290,738.3
2025-07-14 12:20:00,649.1,1483
2025-07-14 12:21:00,1091,2276
2025-07-14 12:22:00,1063,2221
2025-07-14 12:23:00,1063,2228
2025-07-14 12:24:00,1077,2249
2025-07-14 12:25:00,1084,2262
2025-07-14 12:26:00,925,1978
2025-07-14 12:27:00,1105,2296
2025-07-14 12:28:00,1063,2232
2025-07-14 12:29:00,QCF,2181
2025-07-14 12:30:00,1036,2218
2025-07-14 12:31:00,1036,2194
2025-07-14 12:32:00,1050,2208
2025-07-14 12:33:00,1050,2208
2025-07-14 12:34:00,1036,2198
2025-07-14 12:35:00,1043,2208
2025-07-14 12:36:00,1050,2228
2025-07-14 12:37:00,1050,2221
2025-07-14 12:38:00,1036,2198
2025-07-14 12:39:00,1050,2215
2025-07-14 12:40:00,953,2039
2025-07-14 12:41:00,1063,2269
2025-07-14 12:42:00,207.1,582.5
2025-07-14 12:43:00,207.1,568.9
2025-07-14 12:44:00,248.6,636.6
2025-07-14 12:45:00,248.6,629.9
2025-07-14 12:46:00,234.8,619.7
2025-07-14 12:47:00,345.2,853
2025-07-14 12:48:00,815,1781
2025-07-14 12:49:00,1119,2337
2025-07-14 12:50:00,1091,2296
2025-07-14 12:51:00,1077,2282
2025-07-14 12:52:00,1091,2289
2025-07-14 12:53:00,1091,2296
2025-07-14 12:54:00,1077,2289
2025-07-14 12:55:00,1063,2269
2025-07-14 12:56:00,1063,2242
2025-07-14 12:57:00,1063,2248
2025-07-14 12:58:00,1049,2232
2025-07-14 12:59:00,1049,2228
2025-07-14 13:00:00,1050,2232
2025-07-14 13:01:00,1036,2194
2025-07-14 13:02:00,1049,2235
2025-07-14 13:03:00,1077,2282
2025-07-14 13:04:00,1008,2147
2025-07-14 13:05:00,1049,2208
2025-07-14 13:06:00,1098,2303
2025-07-14 13:07:00,1105,2336
2025-07-14 13:08:00,1132,2364
2025-07-14 13:09:00,1119,2347
2025-07-14 13:10:00,1119,2343
2025-07-14 13:11:00,1112,2336
2025-07-14 13:12:00,1119,2357
2025-07-14 13:13:00,1132,2394
2025-07-14 13:14:00,1160,2431
2025-07-14 13:15:00,801,1754
2025-07-14 13:16:00,649,1463
2025-07-14 13:17:00,441.9,1084
2025-07-14 13:18:00,1022,2188
2025-07-14 13:19:00,967,2072
2025-07-14 13:20:00,1091,2289
2025-07-14 13:21:00,1077,2282
2025-07-14 13:22:00,1091,2296
2025-07-14 13:23:00,1091,2303
2025-07-14 13:24:00,1091,2310
2025-07-14 13:25:00,1091,2306
2025-07-14 13:26:00,1091,2310
2025-07-14 13:27:00,1091,2313
2025-07-14 13:28:00,1105,2310
2025-07-14 13:29:00,1119,2343
2025-07-14 13:30:00,1132,2371
2025-07-14 13:31:00,1146,2391
2025-07-14 13:32:00,1174,2432
2025-07-14 13:33:00,994,2113
2025-07-14 13:34:00,1160,2438
2025-07-14 13:35:00,1160,2432
2025-07-14 13:36:00,1160,2432
2025-07-14 13:37:00,1188,2452
2025-07-14 13:38:00,345.3,847
2025-07-14 13:39:00,359.1,881
2025-07-14 13:40:00,1174,2428
2025-07-14 13:41:00,1160,2411
2025-07-14 13:42:00,1160,2411
2025-07-14 13:43:00,1160,2418
2025-07-14 13:44:00,1188,2452
2025-07-14 13:45:00,1202,2452
2025-07-14 13:46:00,1188,2425
2025-07-14 13:47:00,1202,2459
2025-07-14 13:48:00,1160,2388
2025-07-14 13:49:00,1160,2398
2025-07-14 13:50:00,1091,2249
2025-07-14 13:51:00,1174,2422
2025-07-14 13:52:00,290,731.5
2025-07-14 13:53:00,248.6,636.7
2025-07-14 13:54:00,234.8,616.4
2025-07-14 13:55:00,248.6,663.8
2025-07-14 13:56:00,1119,2337
2025-07-14 13:57:00,1133,2344
2025-07-14 13:58:00,1091,2276
2025-07-14 13:59:00,1091,2276
2025-07-14 14:00:00,1091,2289
2025-07-14 14:01:00,1091,2296
2025-07-14 14:02:00,1077,2283
2025-07-14 14:03:00,1077,2276
2025-07-14 14:04:00,1063,2245
2025-07-14 14:05:00,1063,2235
2025-07-14 14:06:00,1077,2266
2025-07-14 14:07:00,1070,2262
2025-07-14 14:08:00,1063,2262
2025-07-14 14:09:00,1063,2256
2025-07-14 14:10:00,1063,2249
2025-07-14 14:11:00,1063,2262
2025-07-14 14:12:00,1063,2256
2025-07-14 14:13:00,1063,2262
2025-07-14 14:14:00,1091,2296
2025-07-14 14:15:00,331.5,853
2025-07-14 14:16:00,1160,2439
2025-07-14 14:17:00,1022,2120
2025-07-14 14:18:00,317.7,785.8
2025-07-14 14:19:00,483.4,1152
2025-07-14 14:20:00,1077,2229
2025-07-14 14:21:00,1105,2300
2025-07-14 14:22:00,1105,2290
2025-07-14 14:23:00,1119,2323
2025-07-14 14:24:00,1091,2276
2025-07-14 14:25:00,276.2,704.5
2025-07-14 14:26:00,759.7,1673
2025-07-14 14:27:00,1091,2296
2025-07-14 14:28:00,1077,2266
2025-07-14 14:29:00,1070,2256
2025-07-14 14:30:00,1077,2256
2025-07-14 14:31:00,1063,2235
2025-07-14 14:32:00,1064,2229
2025-07-14 14:33:00,1057,2229
2025-07-14 14:34:00,1050,2215
2025-07-14 14:35:00,1043,2201
2025-07-14 14:36:00,1036,2171
2025-07-14 14:37:00,1022,2141
2025-07-14 14:38:00,179.6,508
2025-07-14 14:39:00,179.6,491.1
2025-07-14 14:40:00,186.5,508
2025-07-14 14:41:00,234.8,589.3
2025-07-14 14:42:00,1105,2242
2025-07-14 14:43:00,1091,2215
2025-07-14 14:44:00,1091,2235
2025-07-14 14:45:00,1098,2262
2025-07-14 14:46:00,1077,2229
2025-07-14 14:47:00,1008,2120
2025-07-14 14:48:00,1091,2283
2025-07-14 14:49:00,1091,2262
2025-07-14 14:50:00,1064,2229
2025-07-14 14:51:00,1036,2191
2025-07-14 14:52:00,1008,2144
2025-07-14 14:53:00,1008,2127
2025-07-14 14:54:00,1008,2134
2025-07-14 14:55:00,1008,2127
2025-07-14 14:56:00,994,2120
2025-07-14 14:57:00,981,2100
2025-07-14 14:58:00,967,2073
2025-07-14 14:59:00,967,2052
2025-07-14 15:00:00,967,2056
2025-07-14 15:01:00,953,2015
2025-07-14 15:02:00,939,1998
2025-07-14 15:03:00,953,2019
2025-07-14 15:04:00,953,2015
2025-07-14 15:05:00,939,2008
2025-07-14 15:06:00,939,1998
2025-07-14 15:07:00,939,1992
2025-07-14 15:08:00,939,1998
2025-07-14 15:09:00,939,1985
2025-07-14 15:10:00,939,1978
2025-07-14 15:11:00,939,1988
2025-07-14 15:12:00,912,1924
2025-07-14 15:13:00,939,1985
2025-07-14 15:14:00,953,2012
2025-07-14 15:15:00,200.3,589.3
2025-07-14 15:16:00,207.2,589.3
2025-07-14 15:17:00,981,2086
2025-07-14 15:18:00,870,1863
2025-07-14 15:19:00,925,1937
2025-07-14 15:20:00,690.6,1497
2025-07-14 15:21:00,248.6,677.4
2025-07-14 15:22:00,221,623.2
2025-07-14 15:23:00,912,1917
2025-07-14 15:24:00,939,1964
2025-07-14 15:25:00,925,1958
2025-07-14 15:26:00,925,1958
2025-07-14 15:27:00,912,1944
2025-07-14 15:28:00,912,1931
2025-07-14 15:29:00,912,1917
2025-07-14 15:30:00,912,1917
2025-07-14 15:31:00,912,1931
2025-07-14 15:32:00,912,1931
2025-07-14 15:33:00,912,1937
2025-07-14 15:34:00,912,1937
2025-07-14 15:35:00,925,1944
2025-07-14 15:36:00,925,1944
2025-07-14 15:37:00,925,1944
2025-07-14 15:38:00,925,1931
2025-07-14 15:39:00,953,1988
2025-07-14 15:40:00,663,1490
2025-07-14 15:41:00,953,1971
2025-07-14 15:42:00,276.2,718
2025-07-14 15:43:00,912,1910
2025-07-14 15:44:00,580.1,1294
2025-07-14 15:45:00,815,1741
2025-07-14 15:46:00,898,1903
2025-07-14 15:47:00,884,1856
2025-07-14 15:48:00,884,1866
2025-07-14 15:49:00,884,1863
2025-07-14 15:50:00,884,1859
2025-07-14 15:51:00,870,1863
2025-07-14 15:52:00,870,1856
2025-07-14 15:53:00,884,1856
2025-07-14 15:54:00,870,1863
2025-07-14 15:55:00,884,1863
2025-07-14 15:56:00,884,1856
2025-07-14 15:57:00,884,1856
2025-07-14 15:58:00,884,1870
2025-07-14 15:59:00,898,1883
2025-07-14 16:00:00,912,1903
2025-07-14 16:01:00,912,1917
2025-07-14 16:02:00,925,1914
2025-07-14 16:03:00,939,1944
2025-07-14 16:04:00,939,1968
2025-07-14 16:05:00,953,1985
2025-07-14 16:06:00,953,1992
2025-07-14 16:07:00,953,1985
2025-07-14 16:08:00,939,1964
2025-07-14 16:09:00,939,1951
2025-07-14 16:10:00,939,1961
2025-07-14 16:11:00,932,1944
2025-07-14 16:12:00,912,1883
2025-07-14 16:13:00,442,1036
2025-07-14 16:14:00,912,1897
2025-07-14 16:15:00,912,1887
2025-07-14 16:16:00,898,1883
2025-07-14 16:17:00,925,1910
2025-07-14 16:18:00,939,1924
2025-07-14 16:19:00,843,1734
2025-07-14 16:20:00,925,1856
2025-07-14 16:21:00,345.3,799.3
2025-07-14 16:22:00,870,1748
2025-07-14 16:23:00,248.6,602.9
2025-07-14 16:24:00,221,535.1
2025-07-14 16:25:00,193.4,494.5
2025-07-14 16:26:00,179.6,464
2025-07-14 16:27:00,179.6,440.3
2025-07-14 16:28:00,165.7,420
2025-07-14 16:29:00,165.7,413.2
2025-07-14 16:30:00,165.7,420
2025-07-14 16:31:00,165.7,420
2025-07-14 16:32:00,165.7,420
2025-07-14 16:33:00,165.7,406.4
2025-07-14 16:34:00,165.7,406.4
2025-07-14 16:35:00,165.7,406.4
2025-07-14 16:36:00,179.6,426.8
2025-07-14 16:37:00,207.2,494.5
2025-07-14 16:38:00,649.2,1341
2025-07-14 16:39:00,801,1619
2025-07-14 16:40:00,787.3,1592
2025-07-14 16:41:00,725.1,1453
2025-07-14 16:42:00,290.1,657.1
2025-07-14 16:43:00,165.7,392.9
2025-07-14 16:44:00,138.1,331.9
2025-07-14 16:45:00,124.3,298.1
2025-07-14 16:46:00,124.3,291.3
2025-07-14 16:47:00,110.5,284.5
2025-07-14 16:48:00,110.5,271
2025-07-14 16:49:00,110.5,264.2
2025-07-14 16:50:00,96.7,257.4
2025-07-14 16:51:00,96.7,243.9
2025-07-14 16:52:00,96.7,243.9
2025-07-14 16:53:00,96.7,243.9
2025-07-14 16:54:00,96.7,250.6
2025-07-14 16:55:00,96.7,243.9
2025-07-14 16:56:00,96.7,250.6
2025-07-14 16:57:00,110.5,260.8
2025-07-14 16:58:00,110.5,260.8
2025-07-14 16:59:00,96.7,250.6
2025-07-14 17:00:00,96.7,237.1
2025-07-14 17:01:00,96.7,230.3
2025-07-14 17:02:00,96.7,237.1
2025-07-14 17:03:00,96.7,243.9
2025-07-14 17:04:00,96.7,243.9
2025-07-14 17:05:00,110.5,257.4
2025-07-14 17:06:00,110.5,257.4
2025-07-14 17:07:00,110.5,264.2
2025-07-14 17:08:00,110.5,264.2
2025-07-14 17:09:00,110.5,264.2
2025-07-14 17:10:00,110.5,264.2
2025-07-14 17:11:00,110.5,264.2
2025-07-14 17:12:00,110.5,264.2
2025-07-14 17:13:00,110.5,264.2
2025-07-14 17:14:00,110.5,264.2
2025-07-14 17:15:00,110.5,264.2
2025-07-14 17:16:00,110.5,264.1
2025-07-14 17:17:00,110.5,264.1
2025-07-14 17:18:00,110.5,264.1
2025-07-14 17:19:00,110.5,257.4
2025-07-14 17:20:00,110.5,257.4
2025-07-14 17:21:00,110.5,257.4
2025-07-14 17:22:00,110.5,257.4
2025-07-14 17:23:00,110.5,257.3
2025-07-14 17:24:00,110.5,257.3
2025-07-14 17:25:00,110.5,257.3
2025-07-14 17:26:00,110.5,257.3
2025-07-14 17:27:00,110.5,257.3
2025-07-14 17:28:00,110.5,257.3
2025-07-14 17:29:00,110.5,257.3
2025-07-14 17:30:00,110.5,257.3
2025-07-14 17:31:00,110.5,220.1
2025-07-14 17:32:00,110.5,264.1
2025-07-14 17:33:00,110.5,264.1
2025-07-14 17:34:00,110.5,270.9
2025-07-14 17:35:00,117.4,277.6
2025-07-14 17:36:00,124.3,277.6
2025-07-14 17:37:00,124.3,284.4
2025-07-14 17:38:00,124.3,291.2
2025-07-14 17:39:00,124.3,291.2
2025-07-14 17:40:00,124.3,298
2025-07-14 17:41:00,124.3,298
2025-07-14 17:42:00,138.1,304.7
2025-07-14 17:43:00,138.1,311.5
2025-07-14 17:44:00,138.1,318.3
2025-07-14 17:45:00,138.1,325
2025-07-14 17:46:00,151.9,331.8
2025-07-14 17:47:00,151.9,331.8
2025-07-14 17:48:00,151.9,338.6
2025-07-14 17:49:00,151.9,345.4
2025-07-14 17:50:00,151.9,352.1
2025-07-14 17:51:00,151.9,352.1
2025-07-14 17:52:00,151.9,352.1
2025-07-14 17:53:00,151.9,345.4
2025-07-14 17:54:00,151.9,345.4
2025-07-14 17:55:00,138.1,338.6
2025-07-14 17:56:00,138.1,325
2025-07-14 17:57:00,138.1,311.5
2025-07-14 17:58:00,124.3,304.7
2025-07-14 17:59:00,124.3,298
2025-07-14 18:00:00,124.3,298
2025-07-14 18:01:00,124.3,291.2
2025-07-14 18:02:00,124.3,291.2
2025-07-14 18:03:00,124.3,284.4
2025-07-14 18:04:00,124.3,284.4
2025-07-14 18:05:00,124.3,281
2025-07-14 18:06:00,124.3,277.6
2025-07-14 18:07:00,117.4,277.6
2025-07-14 18:08:00,110.5,270.9
2025-07-14 18:09:00,110.5,270.9
2025-07-14 18:10:00,110.5,264.1
2025-07-14 18:11:00,110.5,264.1
2025-07-14 18:12:00,110.5,257.3
2025-07-14 18:13:00,110.5,257.3
2025-07-14 18:14:00,110.5,250.6
2025-07-14 18:15:00,110.5,247.2
2025-07-14 18:16:00,103.6,243.8
2025-07-14 18:17:00,96.7,237
2025-07-14 18:18:00,96.7,237
2025-07-14 18:19:00,96.7,230.2
2025-07-14 18:20:00,96.7,230.2
2025-07-14 18:21:00,96.7,223.5
2025-07-14 18:22:00,96.7,223.5
2025-07-14 18:23:00,96.7,216.7
2025-07-14 18:24:00,96.7,216.7
2025-07-14 18:25:00,89.7,216.7
2025-07-14 18:26:00,82.8,209.9
2025-07-14 18:27:00,82.8,209.9
2025-07-14 18:28:00,82.8,209.9
2025-07-14 18:29:00,82.8,203.1
2025-07-14 18:30:00,82.8,203.1
2025-07-14 18:31:00,82.8,203.1
2025-07-14 18:32:00,82.8,196.4
2025-07-14 18:33:00,82.8,196.4
2025-07-14 18:34:00,82.8,189.6
2025-07-14 18:35:00,82.8,189.6
2025-07-14 18:36:00,82.8,189.6
2025-07-14 18:37:00,82.8,182.8
2025-07-14 18:38:00,82.8,182.8
2025-07-14 18:39:00,82.8,176.1
2025-07-14 18:40:00,82.8,176.1
2025-07-14 18:41:00,82.8,169.3
2025-07-14 18:42:00,82.8,162.5
2025-07-14 18:43:00,82.8,162.5
2025-07-14 18:44:00,82.8,155.7
2025-07-14 18:45:00,69.04,155.7
2025-07-14 18:46:00,69.04,149
2025-07-14 18:47:00,69.04,149
2025-07-14 18:48:00,69.04,142.2
2025-07-14 18:49:00,69.04,142.2
2025-07-14 18:50:00,69.04,135.4
2025-07-14 18:51:00,69.04,135.4
2025-07-14 18:52:00,69.04,128.7
2025-07-14 18:53:00,62.13,128.7
2025-07-14 18:54:00,55.23,121.9
2025-07-14 18:55:00,55.23,121.9
2025-07-14 18:56:00,55.23,115.1
2025-07-14 18:57:00,55.23,115.1
2025-07-14 18:58:00,55.23,108.3
2025-07-14 18:59:00,41.42,108.3
2025-07-14 19:00:00,41.42,105
2025-07-14 19:01:00,55.23,101.6
2025-07-14 19:02:00,55.23,101.6
2025-07-14 19:03:00,41.42,94.8
2025-07-14 19:04:00,41.42,94.8
2025-07-14 19:05:00,41.42,94.8
2025-07-14 19:06:00,41.42,91.4
2025-07-14 19:07:00,41.42,88
2025-07-14 19:08:00,41.42,88
2025-07-14 19:09:00,41.42,88
2025-07-14 19:10:00,41.42,81.3
2025-07-14 19:11:00,41.42,81.3
2025-07-14 19:12:00,41.42,81.3
2025-07-14 19:13:00,41.42,74.49
2025-07-14 19:14:00,41.42,74.49
2025-07-14 19:15:00,41.42,74.49
2025-07-14 19:16:00,41.42,67.72
2025-07-14 19:17:00,41.42,67.72
2025-07-14 19:18:00,41.42,67.72
2025-07-14 19:19:00,41.42,67.72
2025-07-14 19:20:00,34.52,60.94
2025-07-14 19:21:00,27.61,60.94
2025-07-14 19:22:00,27.61,60.94
2025-07-14 19:23:00,27.61,60.94
2025-07-14 19:24:00,27.61,54.17
2025-07-14 19:25:00,27.61,54.17
2025-07-14 19:26:00,27.61,54.17
2025-07-14 19:27:00,27.61,54.17
2025-07-14 19:28:00,27.61,50.79
2025-07-14 19:29:00,27.61,47.4
2025-07-14 19:30:00,27.61,47.4
2025-07-14 19:31:00,27.61,47.4
2025-07-14 19:32:00,27.61,47.4
2025-07-14 19:33:00,27.61,47.4
2025-07-14 19:34:00,27.61,47.4
2025-07-14 19:35:00,27.61,40.63
2025-07-14 19:36:00,27.61,40.63
2025-07-14 19:37:00,27.61,40.63
2025-07-14 19:38:00,27.61,40.63
2025-07-14 19:39:00,27.61,40.63
2025-07-14 19:40:00,27.61,40.63
2025-07-14 19:41:00,27.61,40.63
2025-07-14 19:42:00,27.61,40.63
2025-07-14 19:43:00,20.71,40.63
2025-07-16 06:26:00,20.71,27.08
2025-07-16 06:27:00,27.61,33.85
2025-07-16 06:28:00,27.61,33.86
2025-07-16 06:29:00,27.61,33.86
2025-07-16 06:30:00,27.61,40.63
2025-07-16 06:31:00,27.61,40.63
2025-07-16 06:32:00,27.61,40.63
2025-07-16 06:33:00,27.61,40.63
2025-07-16 06:34:00,27.61,40.63
2025-07-16 06:35:00,27.61,40.63
2025-07-16 06:36:00,34.52,47.4
2025-07-16 06:37:00,27.61,47.4
2025-07-16 06:38:00,41.42,47.4
2025-07-16 06:39:00,41.42,54.17
2025-07-16 06:40:00,41.42,60.94
2025-07-16 06:41:00,41.42,60.94
2025-07-16 06:42:00,41.42,60.94
2025-07-16 06:43:00,41.42,60.94
2025-07-16 06:44:00,41.42,60.94
2025-07-16 06:45:00,41.42,67.71
2025-07-16 06:46:00,41.42,74.48
2025-07-16 06:47:00,41.42,74.48
2025-07-16 06:48:00,41.42,67.71
2025-07-16 06:49:00,41.42,67.71
2025-07-16 06:50:00,41.42,67.71
2025-07-16 06:51:00,41.42,74.48
2025-07-16 06:52:00,41.42,71.1
2025-07-16 06:53:00,41.42,54.17
2025-07-16 06:54:00,41.42,60.94
2025-07-16 06:55:00,41.42,67.71
2025-07-16 06:56:00,55.22,88
2025-07-16 06:57:00,55.22,88
2025-07-16 06:58:00,41.42,67.71
2025-07-16 06:59:00,27.61,54.17
2025-07-16 07:00:00,41.42,74.48
2025-07-16 07:01:00,41.42,81.3
2025-07-16 07:02:00,41.42,81.3
2025-07-16 07:03:00,55.23,94.8
2025-07-16 07:04:00,55.23,101.6
2025-07-16 07:05:00,55.22,101.6
2025-07-16 07:06:00,55.22,88
2025-07-16 07:07:00,55.22,115.1
2025-07-16 07:08:00,55.22,101.6
2025-07-16 07:09:00,41.42,88
2025-07-16 07:10:00,41.42,88
2025-07-16 07:11:00,55.23,108.3
2025-07-16 07:12:00,69.03,135.4
2025-07-16 07:13:00,69.03,135.4
2025-07-16 07:14:00,62.13,121.9
2025-07-16 07:15:00,55.23,108.3
2025-07-16 07:16:00,55.23,115.1
2025-07-16 07:17:00,55.23,121.9
2025-07-16 07:18:00,55.23,115.1
2025-07-16 07:19:00,69.03,121.9
2025-07-16 07:20:00,69.03,128.7
2025-07-16 07:21:00,69.03,142.2
2025-07-16 07:22:00,69.03,149
2025-07-16 07:23:00,69.03,149
2025-07-16 07:24:00,82.8,155.7
2025-07-16 07:25:00,69.03,135.4
2025-07-16 07:26:00,69.03,149
2025-07-16 07:27:00,82.8,162.5
2025-07-16 07:28:00,82.8,155.7
2025-07-16 07:29:00,69.03,128.7
2025-07-16 07:30:00,69.03,142.2
2025-07-16 07:31:00,69.03,128.7
2025-07-16 07:32:00,69.03,121.9
2025-07-16 07:33:00,69.03,121.9
2025-07-16 07:34:00,69.03,135.4
2025-07-16 07:35:00,69.03,128.7
2025-07-16 07:36:00,69.03,135.4
2025-07-16 07:37:00,82.8,149
2025-07-16 07:38:00,82.8,162.5
2025-07-16 07:39:00,82.8,149
2025-07-16 07:40:00,69.03,135.4
2025-07-16 07:41:00,69.03,135.4
2025-07-16 07:42:00,69.03,135.4
2025-07-16 07:43:00,82.8,149
2025-07-16 07:44:00,69.03,135.4
2025-07-16 07:45:00,82.8,155.7
2025-07-16 07:46:00,82.8,169.3
2025-07-16 07:47:00,82.8,162.5
2025-07-16 07:48:00,82.8,169.3
2025-07-16 07:49:00,82.8,182.8
2025-07-16 07:50:00,110.5,237
2025-07-16 07:51:00,82.8,203.1
2025-07-16 07:52:00,82.8,182.8
2025-07-16 07:53:00,82.8,182.8
2025-07-16 07:54:00,82.8,182.8
2025-07-16 07:55:00,82.8,182.8
2025-07-16 07:56:00,82.8,189.6
2025-07-16 07:57:00,82.8,162.5
2025-07-16 07:58:00,82.8,182.8
2025-07-16 07:59:00,82.8,165.9
2025-07-16 08:00:00,82.8,196.4
2025-07-16 08:01:00,82.8,196.4
2025-07-16 08:02:00,82.8,203.1
2025-07-16 08:03:00,82.8,206.5
2025-07-16 08:04:00,110.5,250.5
2025-07-16 08:05:00,96.6,230.2
2025-07-16 08:06:00,96.6,209.9
2025-07-16 08:07:00,82.8,203.1
2025-07-16 08:08:00,96.6,216.7
2025-07-16 08:09:00,96.6,223.5
2025-07-16 08:10:00,110.5,250.5
2025-07-16 08:11:00,110.5,237
2025-07-16 08:12:00,124.3,291.2
2025-07-16 08:13:00,96.6,230.2
2025-07-16 08:14:00,138.1,311.5
2025-07-16 08:15:00,151.9,338.6
2025-07-16 08:16:00,179.5,392.7
2025-07-16 08:17:00,179.5,392.7
2025-07-16 08:18:00,138.1,311.5
2025-07-16 08:19:00,124.3,284.4
2025-07-16 08:20:00,124.3,284.4
2025-07-16 08:21:00,151.9,345.3
2025-07-16 08:22:00,165.7,365.7
2025-07-16 08:23:00,124.3,270.9
2025-07-16 08:24:00,151.9,345.3
2025-07-16 08:25:00,138.1,311.5
2025-07-16 08:26:00,165.7,358.9
2025-07-16 08:27:00,151.9,345.3
2025-07-16 08:28:00,179.5,392.7
2025-07-16 08:29:00,179.5,379.2
2025-07-16 08:30:00,193.3,413.1
2025-07-16 08:31:00,248.5,528.2
2025-07-16 08:32:00,193.3,426.6
2025-07-16 08:33:00,220.9,460.4
2025-07-16 08:34:00,220.9,467.2
2025-07-16 08:35:00,179.5,379.2
2025-07-16 08:36:00,193.3,426.6
2025-07-16 08:37:00,158.8,352.1
2025-07-16 08:38:00,165.7,372.4
2025-07-16 08:39:00,165.7,365.7
2025-07-16 08:40:00,165.7,365.7
2025-07-16 08:41:00,179.5,419.8
2025-07-16 08:42:00,165.7,392.7
2025-07-16 08:43:00,165.7,392.7
2025-07-16 08:44:00,179.5,413.1
2025-07-16 08:45:00,165.7,372.4
2025-07-16 08:46:00,193.3,440.1
2025-07-16 08:47:00,165.7,379.2
2025-07-16 08:48:00,138.1,331.8
2025-07-16 08:49:00,179.5,419.8
2025-07-16 08:50:00,234.7,528.2
2025-07-16 08:51:00,207.1,474
2025-07-16 08:52:00,179.5,399.5
2025-07-16 08:53:00,151.9,352.1
2025-07-16 08:54:00,165.7,372.4
2025-07-16 08:55:00,179.5,419.8
2025-07-16 08:56:00,207.1,460.5
2025-07-16 08:57:00,193.3,433.4
2025-07-16 08:58:00,179.5,413.1
2025-07-16 08:59:00,193.3,446.9
2025-07-16 09:00:00,179.5,416.4
2025-07-16 09:01:00,193.3,433.4
2025-07-16 09:02:00,179.5,419.8
2025-07-16 09:03:00,193.3,446.9
2025-07-16 09:04:00,207.1,480.8
2025-07-16 09:05:00,193.3,446.9
2025-07-16 09:06:00,193.3,440.2
2025-07-16 09:07:00,151.9,365.7
2025-07-16 09:08:00,151.9,352.1
2025-07-16 09:09:00,151.9,358.9
2025-07-16 09:10:00,165.7,392.8
2025-07-16 09:11:00,248.5,568.8
2025-07-16 09:12:00,248.5,562
2025-07-16 09:13:00,290,643.3
2025-07-16 09:14:00,469.4,1016
2025-07-16 09:15:00,345.2,758.4
2025-07-16 09:16:00,303.8,670.4
2025-07-16 09:17:00,262.3,595.9
2025-07-16 09:18:00,365.9,813
2025-07-16 09:19:00,276.1,623
2025-07-16 09:20:00,428,962
2025-07-16 09:21:00,497.1,1097
2025-07-16 09:22:00,441.8,968
2025-07-16 09:23:00,414.2,914
2025-07-16 09:24:00,317.6,724.6
2025-07-16 09:25:00,331.4,744.9
2025-07-16 09:26:00,386.6,867
2025-07-16 09:27:00,331.4,731.3
2025-07-16 09:28:00,359,806
2025-07-16 09:29:00,331.4,744.9
2025-07-16 09:30:00,303.8,677.2
2025-07-16 09:31:00,262.3,602.7
2025-07-16 09:32:00,290,656.8
2025-07-16 09:33:00,234.7,528.2
2025-07-16 09:34:00,345.2,772
2025-07-16 09:35:00,290,656.8
2025-07-16 09:36:00,262.3,595.9
2025-07-16 09:37:00,276.1,629.8
2025-07-16 09:38:00,303.8,690.7
2025-07-16 09:39:00,276.1,636.5
2025-07-16 09:40:00,303.8,677.2
2025-07-16 09:41:00,290,650.1
2025-07-16 09:42:00,262.3,602.7
2025-07-16 09:43:00,220.9,501.1
2025-07-16 09:44:00,303.8,677.2
2025-07-16 09:45:00,262.3,602.7
2025-07-16 09:46:00,262.3,595.9
2025-07-16 09:47:00,248.5,582.4
2025-07-16 09:48:00,234.7,528.2
2025-07-16 09:49:00,248.5,562
2025-07-16 09:50:00,303.8,663.6
2025-07-16 09:51:00,248.5,548.5
2025-07-16 09:52:00,207.1,460.5
2025-07-16 09:53:00,165.7,372.4
2025-07-16 09:54:00,207.1,474
2025-07-16 09:55:00,303.8,670.4
2025-07-16 09:56:00,262.3,595.9
2025-07-16 09:57:00,248.5,555.3
2025-07-16 09:58:00,234.7,528.2
2025-07-16 09:59:00,234.7,528.2
2025-07-16 10:00:00,248.5,565.4
2025-07-16 10:01:00,276.1,623
2025-07-16 10:02:00,179.5,413.1
2025-07-16 10:03:00,138.1,338.6
2025-07-16 10:04:00,138.1,352.1
2025-07-16 10:05:00,193.3,467.2
2025-07-16 10:06:00,193.3,460.5
2025-07-16 10:07:00,138.1,331.8
2025-07-16 10:08:00,138.1,338.6
2025-07-16 10:09:00,165.7,386
2025-07-16 10:10:00,151.9,386
2025-07-16 10:11:00,207.1,487.6
2025-07-16 10:12:00,234.7,562
2025-07-16 10:13:00,262.3,609.4
2025-07-16 10:14:00,400.4,901
2025-07-16 10:15:00,455.6,1029
2025-07-16 10:16:00,414.2,928
2025-07-16 10:17:00,414.2,934
2025-07-16 10:18:00,359,819
2025-07-16 10:19:00,524.7,1158
2025-07-16 10:20:00,510.9,1131
2025-07-16 10:21:00,842,1774
2025-07-16 10:22:00,897,1903
2025-07-16 10:23:00,635.1,1375
2025-07-16 10:24:00,552.3,1226
2025-07-16 10:25:00,828,1781
2025-07-16 10:26:00,662.8,1449
2025-07-16 10:27:00,842,1801
2025-07-16 10:28:00,911,1950
2025-07-16 10:29:00,676.6,1483
2025-07-16 10:30:00,621.3,1361
2025-07-16 10:31:00,648.9,1429
2025-07-16 10:32:00,828,1788
2025-07-16 10:33:00,967,2052
2025-07-16 10:34:00,1022,2147
2025-07-16 10:35:00,870,1862
2025-07-16 10:36:00,704.2,1557
2025-07-16 10:37:00,635.1,1415
2025-07-16 10:38:00,538.5,1212
2025-07-16 10:39:00,455.6,1050
2025-07-16 10:40:00,524.7,1178
2025-07-16 10:41:00,690.4,1537
2025-07-16 10:42:00,967,2038
2025-07-16 10:43:00,1070,2231
2025-07-16 10:44:00,1036,2170
2025-07-16 10:45:00,911,1930
2025-07-16 10:46:00,1022,2140
2025-07-16 10:47:00,1063,2221
2025-07-16 10:48:00,1077,2238
2025-07-16 10:49:00,690.4,1510
2025-07-16 10:50:00,621.3,1368
2025-07-16 10:51:00,676.6,1469
2025-07-16 10:52:00,704.2,1544
2025-07-16 10:53:00,856,1808
2025-07-16 10:54:00,414.2,907
2025-07-16 10:55:00,414.2,901
2025-07-16 10:56:00,980,2052
2025-07-16 10:57:00,593.7,1266
2025-07-16 10:58:00,290,656.8
2025-07-16 10:59:00,718,1571
2025-07-16 11:00:00,386.6,880
2025-07-16 11:01:00,662.8,1469
2025-07-16 11:02:00,1105,2296
2025-07-16 11:03:00,897,1903
2025-07-16 11:04:00,1146,2350
2025-07-16 11:05:00,345.2,758.4
2025-07-16 11:06:00,262.3,602.7
2025-07-16 11:07:00,234.7,555.3
2025-07-16 11:08:00,248.5,568.8
2025-07-16 11:09:00,193.3,467.2
2025-07-16 11:10:00,179.5,433.4
2025-07-16 11:11:00,151.9,399.5
2025-07-16 11:12:00,151.9,399.5
2025-07-16 11:13:00,165.7,419.8
2025-07-16 11:14:00,662.8,1449
2025-07-16 11:15:00,193.3,501.1
2025-07-16 11:16:00,262.3,656.8
2025-07-16 11:17:00,510.9,1182
2025-07-16 11:18:00,891,1910
2025-07-16 11:19:00,953,2025
2025-07-16 11:20:00,953,2038
2025-07-16 11:21:00,967,2065
2025-07-16 11:22:00,980,2079
2025-07-16 11:23:00,994,2120
2025-07-16 11:24:00,1008,2133
2025-07-16 11:25:00,1022,2160
2025-07-16 11:26:00,248.5,626.4
2025-07-16 11:27:00,1036,2201
2025-07-16 11:28:00,787,1747
2025-07-16 11:29:00,994,2120
2025-07-16 11:30:00,1008,2143
2025-07-16 11:31:00,994,2113
2025-07-16 11:32:00,1008,2153
2025-07-16 11:33:00,1008,2136
2025-07-16 11:34:00,1022,2160
2025-07-16 11:35:00,1029,2180
2025-07-16 11:36:00,1022,2160
2025-07-16 11:37:00,1036,2194
2025-07-16 11:38:00,1036,2194
2025-07-16 11:39:00,1049,2221
2025-07-16 11:40:00,1091,2296
2025-07-16 11:41:00,1118,2353
2025-07-16 11:42:00,1132,2377
2025-07-16 11:43:00,1146,2404
2025-07-16 11:44:00,801,1781
2025-07-16 11:45:00,1160,2411
2025-07-16 11:46:00,994,2140
2025-07-16 11:47:00,1049,2221
2025-07-16 11:48:00,1042,2187
2025-07-16 11:49:00,1036,2133
2025-07-16 11:50:00,1008,2113
2025-07-16 11:51:00,1063,2228
2025-07-16 11:52:00,1049,2214
2025-07-16 11:53:00,1063,2258
2025-07-16 11:54:00,1105,2326
2025-07-16 11:55:00,980,2099
2025-07-16 11:56:00,1174,2451
2025-07-16 11:57:00,911,1971
2025-07-16 11:58:00,386.6,914
2025-07-16 11:59:00,1118,2377
2025-07-16 12:00:00,1111,2377
2025-07-16 12:01:00,1105,2350
2025-07-16 12:02:00,1118,2363
2025-07-16 12:03:00,1118,2370
2025-07-16 12:04:00,1105,2340
2025-07-16 12:05:00,1077,2296
2025-07-16 12:06:00,1063,2262
2025-07-16 12:07:00,1091,2309
2025-07-16 12:08:00,1132,2387
2025-07-16 12:09:00,759.4,1700
2025-07-16 12:10:00,967,2065
2025-07-16 12:11:00,1105,2329
2025-07-16 12:12:00,1077,2282
2025-07-16 12:13:00,1036,2187
2025-07-16 12:14:00,1036,2208
2025-07-16 12:15:00,1036,2208
2025-07-16 12:16:00,1063,2255
2025-07-16 12:17:00,635.1,1490
2025-07-16 12:18:00,1049,2245
2025-07-16 12:19:00,1036,2201
2025-07-16 12:20:00,1022,2180
2025-07-16 12:21:00,1008,2167
2025-07-16 12:22:00,980,2126
2025-07-16 12:23:00,1008,2180
2025-07-16 12:24:00,1022,2187
2025-07-16 12:25:00,1036,2201
2025-07-16 12:26:00,1036,2228
2025-07-16 12:27:00,1063,2268
2025-07-16 12:28:00,1077,2275
2025-07-16 12:29:00,1105,2343
2025-07-16 12:30:00,1146,2411
2025-07-16 12:31:00,967,2086
2025-07-16 12:32:00,1187,2492
2025-07-16 12:33:00,1215,2550
2025-07-16 12:34:00,1215,2546
2025-07-16 12:35:00,1256,2621
2025-07-16 12:36:00,1256,2624
2025-07-16 12:37:00,1243,2614
2025-07-16 12:38:00,1243,2594
2025-07-16 12:39:00,1201,2546
2025-07-16 12:40:00,1215,2553
2025-07-16 12:41:00,1022,2150
2025-07-16 12:42:00,290,704.2
2025-07-16 12:43:00,1118,2377
2025-07-16 12:44:00,1091,2309
2025-07-16 12:45:00,1063,2265
2025-07-16 12:46:00,1063,2265
2025-07-16 12:47:00,1063,2275
2025-07-16 12:48:00,1063,2265
2025-07-16 12:49:00,1063,2268
2025-07-16 12:50:00,1063,2262
2025-07-16 12:51:00,1049,2255
2025-07-16 12:52:00,1049,2255
2025-07-16 12:53:00,1049,2248
2025-07-16 12:54:00,1049,2235
2025-07-16 12:55:00,1036,2214
2025-07-16 12:56:00,1036,2228
2025-07-16 12:57:00,1049,2241
2025-07-16 12:58:00,1049,2238
2025-07-16 12:59:00,1049,2241
2025-07-16 13:00:00,1049,2248
2025-07-16 13:01:00,1049,2241
2025-07-16 13:02:00,1049,2235
2025-07-16 13:03:00,1036,2228
2025-07-16 13:04:00,1008,2164
2025-07-16 13:05:00,1008,2167
2025-07-16 13:06:00,1008,2153
2025-07-16 13:07:00,994,2126
2025-07-16 13:08:00,994,2143
2025-07-16 13:09:00,1022,2184
2025-07-16 13:10:00,1022,2187
2025-07-16 13:11:00,1049,2228
2025-07-16 13:12:00,1049,2228
2025-07-16 13:13:00,1036,2221
2025-07-16 13:14:00,1049,2228
2025-07-16 13:15:00,1036,2221
2025-07-16 13:16:00,1022,2194
2025-07-16 13:17:00,994,2147
2025-07-16 13:18:00,1022,2201
2025-07-16 13:19:00,1063,2255
2025-07-16 13:20:00,1077,2289
2025-07-16 13:21:00,1077,2289
2025-07-16 13:22:00,1077,2282
2025-07-16 13:23:00,1077,2289
2025-07-16 13:24:00,1105,2350
2025-07-16 13:25:00,1091,2306
2025-07-16 13:26:00,1118,2367
2025-07-16 13:27:00,1146,2411
2025-07-16 13:28:00,1174,2462
2025-07-16 13:29:00,1105,2340
2025-07-16 13:30:00,897,1943
2025-07-16 13:31:00,1098,2357
2025-07-16 13:32:00,372.8,860
2025-07-16 13:33:00,939,2042
2025-07-16 13:34:00,303.8,670.4
2025-07-16 13:35:00,220.9,501.1
2025-07-16 13:36:00,165.7,379.2
2025-07-16 13:37:00,138.1,338.6
2025-07-16 13:38:00,124.3,291.2
2025-07-16 13:39:00,110.5,257.3
2025-07-16 13:40:00,96.7,243.8
2025-07-16 13:41:00,110.5,250.6
2025-07-16 13:42:00,124.3,298
2025-07-16 13:43:00,165.7,379.2
2025-07-16 13:44:00,220.9,521.4
2025-07-16 13:45:00,455.6,1050
2025-07-16 13:46:00,455.6,1036
2025-07-16 13:47:00,953,2038
2025-07-16 13:48:00,1174,2468
2025-07-16 13:49:00,345.2,826
2025-07-16 13:50:00,400.4,928
2025-07-16 13:51:00,296.9,683.9
2025-07-16 13:52:00,207.1,501.1
2025-07-16 13:53:00,207.1,487.6
2025-07-16 13:54:00,234.7,562
2025-07-16 13:55:00,276.1,643.3
2025-07-16 13:56:00,290,656.8
2025-07-16 13:57:00,276.1,623
2025-07-16 13:58:00,276.1,636.5
2025-07-16 13:59:00,1187,2499
2025-07-16 14:00:00,1146,2424
2025-07-16 14:01:00,1132,2397
2025-07-16 14:02:00,1146,2431
2025-07-16 14:03:00,1146,2401
2025-07-16 14:04:00,1132,2404
2025-07-16 14:05:00,1132,2397
2025-07-16 14:06:00,1105,2329
2025-07-16 14:07:00,1105,2343
2025-07-16 14:08:00,1146,2417
2025-07-16 14:09:00,1174,2472
2025-07-16 14:10:00,1132,2411
2025-07-16 14:11:00,303.8,731.3
2025-07-16 14:12:00,635.1,1432
2025-07-16 14:13:00,1146,2424
2025-07-16 14:14:00,303.8,724.6
2025-07-16 14:15:00,303.8,758.4
2025-07-16 14:16:00,1174,2512
2025-07-16 14:17:00,1105,2336
2025-07-16 14:18:00,1063,2275
2025-07-16 14:19:00,1063,2255
2025-07-16 14:20:00,1077,2268
2025-07-16 14:21:00,801,1774
2025-07-16 14:22:00,1118,2357
2025-07-16 14:23:00,1118,2350
2025-07-16 14:24:00,925,1971
2025-07-16 14:25:00,234.7,616.2
2025-07-16 14:26:00,1063,2228
2025-07-16 14:27:00,1049,2235
2025-07-16 14:28:00,1036,2208
2025-07-16 14:29:00,1036,2201
2025-07-16 14:30:00,1036,2201
2025-07-16 14:31:00,1036,2214
2025-07-16 14:32:00,1049,2241
2025-07-16 14:33:00,1036,2194
2025-07-16 14:34:00,1063,2238
2025-07-16 14:35:00,331.4,846
2025-07-16 14:36:00,1036,2194
2025-07-16 14:37:00,1036,2214
2025-07-16 14:38:00,1049,2221
2025-07-16 14:39:00,1091,2296
2025-07-16 14:40:00,731.8,1629
2025-07-16 14:41:00,331.4,833
2025-07-16 14:42:00,1077,2235
2025-07-16 14:43:00,1077,2268
2025-07-16 14:44:00,1077,2248
2025-07-16 14:45:00,1077,2245
2025-07-16 14:46:00,1036,2167
2025-07-16 14:47:00,690.4,1551
2025-07-16 14:48:00,276.2,694.1
2025-07-16 14:49:00,303.8,758.5
2025-07-16 14:50:00,262.4,690.7
2025-07-16 14:51:00,1022,2147
2025-07-16 14:52:00,994,2093
2025-07-16 14:53:00,980,2079
2025-07-16 14:54:00,980,2086
2025-07-16 14:55:00,994,2106
2025-07-16 14:56:00,994,2113
2025-07-16 14:57:00,987,2099
2025-07-16 14:58:00,1008,2140
2025-07-16 14:59:00,1008,2113
2025-07-16 15:00:00,1008,2153
2025-07-16 15:01:00,1022,2147
2025-07-16 15:02:00,1049,2208
2025-07-16 15:03:00,1022,2154
2025-07-16 15:04:00,1132,2343
2025-07-16 15:05:00,331.4,765.3
2025-07-16 15:06:00,428.1,968
2025-07-16 15:07:00,372.8,847
2025-07-16 15:08:00,352.1,799.1
2025-07-16 15:09:00,345.2,785.6
2025-07-16 15:10:00,345.2,772
2025-07-16 15:11:00,359,833
2025-07-16 15:12:00,303.8,697.5
2025-07-16 15:13:00,262.4,616.3
2025-07-16 15:14:00,248.6,562.1
2025-07-16 15:15:00,234.8,548.6
2025-07-16 15:16:00,234.8,548.6
2025-07-16 15:17:00,234.8,558.7
2025-07-16 15:18:00,455.7,1023
2025-07-16 15:19:00,352.1,799.2
2025-07-16 15:20:00,331.4,738.2
2025-07-16 15:21:00,359,813
2025-07-16 15:22:00,359,799.2
2025-07-16 15:23:00,345.2,772.1
2025-07-16 15:24:00,379.7,853
2025-07-16 15:25:00,483.3,1084
2025-07-16 15:26:00,1119,2316
2025-07-16 15:27:00,1119,2323
2025-07-16 15:28:00,1119,2343
2025-07-16 15:29:00,1119,2336
2025-07-16 15:30:00,441.9,1009
2025-07-16 15:31:00,345.2,799.1
2025-07-16 15:32:00,372.8,867
2025-07-16 15:33:00,815,1761
2025-07-16 15:34:00,1022,2160
2025-07-16 15:35:00,980,2099
2025-07-16 15:36:00,967,2045
2025-07-16 15:37:00,953,2018
2025-07-16 15:38:00,939,2015
2025-07-16 15:39:00,939,2004
2025-07-16 15:40:00,939,1991
2025-07-16 15:41:00,925,1977
2025-07-16 15:42:00,925,1964
2025-07-16 15:43:00,911,1957
2025-07-16 15:44:00,911,1950
2025-07-16 15:45:00,579.9,1273
2025-07-16 15:46:00,138.1,386
2025-07-16 15:47:00,124.3,352.1
2025-07-16 15:48:00,138.1,352.1
2025-07-16 15:49:00,138.1,365.7
2025-07-16 15:50:00,151.9,379.2
2025-07-16 15:51:00,165.7,399.5
2025-07-16 15:52:00,179.5,440.2
2025-07-16 15:53:00,193.3,460.5
2025-07-16 15:54:00,220.9,541.7
2025-07-16 15:55:00,303.8,724.6
2025-07-16 15:56:00,953,1991
2025-07-16 15:57:00,987,2059
2025-07-16 15:58:00,980,2045
2025-07-16 15:59:00,967,2025
2025-07-16 16:00:00,939,1984
2025-07-16 16:01:00,911,1930
2025-07-16 16:02:00,897,1903
2025-07-16 16:03:00,884,1869
2025-07-16 16:04:00,870,1855
2025-07-16 16:05:00,870,1838
2025-07-16 16:06:00,870,1835
2025-07-16 16:07:00,856,1815
2025-07-16 16:08:00,856,1808
2025-07-16 16:09:00,842,1794
2025-07-16 16:10:00,842,1781
2025-07-16 16:11:00,842,1778
2025-07-16 16:12:00,828,1774
2025-07-16 16:13:00,828,1767
2025-07-16 16:14:00,828,1761
2025-07-16 16:15:00,828,1754
2025-07-16 16:16:00,828,1750
2025-07-16 16:17:00,815,1740
2025-07-16 16:18:00,815,1740
2025-07-16 16:19:00,815,1727
2025-07-16 16:20:00,808,1723
2025-07-16 16:21:00,801,1720
2025-07-16 16:22:00,801,1700
2025-07-16 16:23:00,787,1693
2025-07-16 16:24:00,787,1686
2025-07-16 16:25:00,780.1,1673
2025-07-16 16:26:00,773.2,1652
2025-07-16 16:27:00,759.4,1639
2025-07-16 16:28:00,759.4,1625
2025-07-16 16:29:00,745.6,1612
2025-07-16 16:30:00,745.6,1605
2025-07-16 16:31:00,745.6,1591
2025-07-16 16:32:00,731.8,1581
2025-07-16 16:33:00,731.8,1571
2025-07-16 16:34:00,731.8,1557
2025-07-16 16:35:00,718,1537
2025-07-16 16:36:00,718,1537
2025-07-16 16:37:00,711.1,1524
2025-07-16 16:38:00,704.2,1517
2025-07-16 16:39:00,704.2,1510
2025-07-16 16:40:00,704.2,1517
2025-07-16 16:41:00,704.2,1497
2025-07-16 16:42:00,690.4,1483
2025-07-16 16:43:00,690.4,1483
2025-07-16 16:44:00,690.4,1469
2025-07-16 16:45:00,676.6,1456
2025-07-16 16:46:00,676.6,1449
2025-07-16 16:47:00,676.6,1449
2025-07-16 16:48:00,662.8,1436
2025-07-16 16:49:00,662.8,1422
2025-07-16 16:50:00,662.8,1422
2025-07-16 16:51:00,662.8,1408
2025-07-16 16:52:00,648.9,1402
2025-07-16 16:53:00,648.9,1402
2025-07-16 16:54:00,648.9,1388
2025-07-16 16:55:00,648.9,1381
2025-07-16 16:56:00,648.9,1381
2025-07-16 16:57:00,635.1,1361
2025-07-16 16:58:00,635.1,1368
2025-07-16 16:59:00,635.1,1361
2025-07-16 17:00:00,635.1,1354
2025-07-16 17:01:00,635.1,1341
2025-07-16 17:02:00,621.3,1341
2025-07-16 17:03:00,621.3,1334
2025-07-16 17:04:00,345.2,819
2025-07-16 17:05:00,524.7,1144
2025-07-16 17:06:00,455.6,1023
2025-07-16 17:07:00,662.8,1388
2025-07-16 17:08:00,165.7,426.6
2025-07-16 17:09:00,648.9,1368
2025-07-16 17:10:00,662.8,1395
2025-07-16 17:11:00,648.9,1368
2025-07-16 17:12:00,621.3,1314
2025-07-16 17:13:00,607.5,1293
2025-07-16 17:14:00,593.7,1253
2025-07-16 17:15:00,579.9,1246
2025-07-16 17:16:00,579.9,1232
2025-07-16 17:17:00,579.9,1232
2025-07-16 17:18:00,593.7,1266
2025-07-16 17:19:00,579.9,1232
2025-07-16 17:20:00,579.9,1226
2025-07-16 17:21:00,579.9,1219
2025-07-16 17:22:00,566.1,1205
2025-07-16 17:23:00,566.1,1205
2025-07-16 17:24:00,566.1,1178
2025-07-16 17:25:00,552.3,1144
2025-07-16 17:26:00,552.3,1097
2025-07-16 17:27:00,538.5,1009
2025-07-16 17:28:00,538.5,880
2025-07-16 17:29:00,538.5,738.1
2025-07-16 17:30:00,538.5,595.9
2025-07-16 17:31:00,524.7,467.2
2025-07-16 17:32:00,524.7,379.2
2025-07-16 17:33:00,524.7,325
2025-07-16 17:34:00,524.7,291.2
2025-07-16 17:35:00,497.1,277.6
2025-07-16 17:36:00,469.4,270.9
2025-07-16 17:37:00,414.2,264.1
2025-07-16 17:38:00,345.2,284.4
2025-07-16 17:39:00,262.3,291.2
2025-07-16 17:40:00,193.3,298
2025-07-16 17:41:00,138.1,298
2025-07-16 17:42:00,124.3,311.5
2025-07-16 17:43:00,124.3,331.8
2025-07-16 17:44:00,138.1,372.4
2025-07-16 17:45:00,151.9,379.2
2025-07-16 17:46:00,124.3,352.1
2025-07-16 17:47:00,124.3,352.1
2025-07-16 17:48:00,138.1,358.9
2025-07-16 17:49:00,138.1,358.9
2025-07-16 17:50:00,138.1,365.7
2025-07-16 17:51:00,124.3,331.8
2025-07-16 17:52:00,110.5,291.2
2025-07-16 17:53:00,96.7,257.3
2025-07-16 17:54:00,82.8,243.8
2025-07-16 17:55:00,96.7,257.3
2025-07-16 17:56:00,96.7,257.3
2025-07-16 17:57:00,110.5,270.9
2025-07-16 17:58:00,124.3,298
2025-07-16 17:59:00,138.1,325
2025-07-16 18:00:00,138.1,331.8
2025-07-16 18:01:00,151.9,348.7
2025-07-16 18:02:00,124.3,304.7
2025-07-16 18:03:00,96.7,250.6
2025-07-16 18:04:00,89.7,243.8
2025-07-16 18:05:00,96.7,243.8
2025-07-16 18:06:00,110.5,284.4
2025-07-16 18:07:00,96.7,257.3
2025-07-16 18:08:00,290,535
2025-07-16 18:09:00,110.5,291.2
2025-07-16 18:10:00,262.3,325
2025-07-16 18:11:00,124.3,277.6
2025-07-16 18:12:00,96.7,243.8
2025-07-16 18:13:00,82.8,230.2
2025-07-16 18:14:00,82.8,209.9
2025-07-16 18:15:00,82.8,196.4
2025-07-16 18:16:00,69.04,176.1
2025-07-16 18:17:00,69.04,162.5
2025-07-16 18:18:00,55.23,149
2025-07-16 18:19:00,55.23,142.2
2025-07-16 18:20:00,55.23,135.4
2025-07-16 18:21:00,41.42,121.9
2025-07-16 18:22:00,55.23,121.9
2025-07-16 18:23:00,41.42,121.9
2025-07-16 18:24:00,41.42,115.1
2025-07-16 18:25:00,41.42,115.1
2025-07-16 18:26:00,41.42,108.3
2025-07-16 18:27:00,41.42,108.3
2025-07-16 18:28:00,41.42,108.3
2025-07-16 18:29:00,41.42,108.3
2025-07-16 18:30:00,41.42,101.6
2025-07-16 18:31:00,41.42,101.6
2025-07-16 18:32:00,41.42,101.6
2025-07-16 18:33:00,41.42,101.6
2025-07-16 18:34:00,41.42,108.3
2025-07-16 18:35:00,41.42,108.3
2025-07-16 18:36:00,55.23,142.2
2025-07-16 18:37:00,82.8,182.8
2025-07-16 18:38:00,82.8,209.9
2025-07-16 18:39:00,110.5,257.3
2025-07-16 18:40:00,82.8,176.1
2025-07-16 18:41:00,55.23,135.4
2025-07-16 18:42:00,55.23,135.4
2025-07-16 18:43:00,82.8,149
2025-07-16 18:44:00,96.7,152.4
2025-07-16 18:45:00,110.5,162.5
2025-07-16 18:46:00,82.8,162.5
2025-07-16 18:47:00,69.04,162.5
2025-07-16 18:48:00,69.04,169.3
2025-07-16 18:49:00,69.04,169.3
2025-07-16 18:50:00,82.8,176.1
2025-07-16 18:51:00,82.8,182.8
2025-07-16 18:52:00,82.8,182.8
2025-07-16 18:53:00,82.8,189.6
2025-07-16 18:54:00,82.8,203.1
2025-07-16 18:55:00,96.7,250.6
2025-07-16 18:56:00,165.7,365.7
2025-07-16 18:57:00,165.7,352.1
2025-07-16 18:58:00,96.7,230.2
2025-07-16 18:59:00,110.5,264.1
2025-07-16 19:00:00,96.7,243.8
2025-07-16 19:01:00,96.7,237
2025-07-16 19:02:00,96.7,247.2
2025-07-16 19:03:00,110.5,270.9
2025-07-16 19:04:00,117.4,277.6
2025-07-16 19:05:00,96.7,243.8
2025-07-16 19:06:00,82.8,209.9
2025-07-16 19:07:00,82.8,199.8
2025-07-16 19:08:00,82.8,189.6
2025-07-16 19:09:00,82.8,182.8
2025-07-16 19:10:00,82.8,176.1
2025-07-16 19:11:00,82.8,176.1
2025-07-16 19:12:00,82.8,169.3
2025-07-16 19:13:00,75.94,169.3
2025-07-16 19:14:00,69.04,162.5
2025-07-16 19:15:00,69.04,162.5
2025-07-16 19:16:00,69.04,155.7
2025-07-16 19:17:00,69.04,155.7
2025-07-16 19:18:00,69.04,149
2025-07-16 19:19:00,69.04,142.2
2025-07-16 19:20:00,69.04,142.2
2025-07-16 19:21:00,69.04,135.4
2025-07-16 19:22:00,69.04,135.4
2025-07-16 19:23:00,69.04,135.4
2025-07-16 19:24:00,69.04,142.2
2025-07-16 19:25:00,69.04,142.2
2025-07-16 19:26:00,69.04,135.4
2025-07-16 19:27:00,55.23,128.7
2025-07-16 19:28:00,55.23,115.1
2025-07-16 19:29:00,55.23,115.1
2025-07-16 19:30:00,48.33,108.3
2025-07-16 19:31:00,41.42,108.3
2025-07-16 19:32:00,41.42,101.6
2025-07-16 19:33:00,41.42,101.6
2025-07-16 19:34:00,41.42,101.6
2025-07-16 19:35:00,41.42,101.6
2025-07-16 19:36:00,41.42,108.3
2025-07-16 19:37:00,41.42,121.9
2025-07-16 19:38:00,41.42,142.2
2025-07-16 19:39:00,55.23,128.7
2025-07-16 19:40:00,82.8,115.1
2025-07-16 19:41:00,110.5,142.2
2025-07-16 19:42:00,110.5,155.7
2025-07-16 19:43:00,110.5,176.1
2025-07-16 19:44:00,103.6,169.3
2025-07-16 19:45:00,96.7,169.3
2025-07-16 19:46:00,96.7,162.5
2025-07-16 19:47:00,96.7,162.5
2025-07-16 19:48:00,96.7,155.7
2025-07-16 19:49:00,96.7,155.7
2025-07-16 19:50:00,96.7,149
2025-07-16 19:51:00,82.8,142.2
2025-07-16 19:52:00,82.8,142.2
2025-07-16 19:53:00,82.8,135.4
2025-07-16 19:54:00,82.8,128.7
2025-07-16 19:55:00,82.8,121.9
2025-07-16 19:56:00,82.8,121.9
2025-07-16 19:57:00,82.8,115.1
2025-07-16 19:58:00,69.04,108.3
2025-07-16 19:59:00,55.23,101.6
2025-07-16 20:00:00,55.23,101.6
2025-07-16 20:01:00,55.23,94.8
2025-07-16 20:02:00,55.23,88
2025-07-16 20:03:00,55.23,81.3
2025-07-16 20:04:00,48.33,74.49
2025-07-16 20:05:00,41.42,67.72
2025-07-16 20:06:00,55.23,67.72
2025-07-16 20:07:00,55.23,67.72
2025-07-16 20:08:00,55.23,60.94
2025-07-16 20:09:00,41.42,54.17
2025-07-16 20:10:00,27.61,47.4
2025-07-16 20:11:00,27.61,40.63
2025-07-16 20:12:00,27.61,40.63
2025-07-16 20:13:00,27.61,40.63
2025-07-16 20:14:00,27.61,40.63
2025-07-18 06:28:00,27.61,40.63
2025-07-18 06:29:00,27.61,40.63
2025-07-18 06:30:00,27.61,40.63
2025-07-18 06:31:00,27.61,40.63
2025-07-18 06:32:00,27.61,47.4
2025-07-18 06:33:00,27.61,47.4
2025-07-18 06:34:00,27.61,47.4
2025-07-18 06:35:00,27.61,54.17
2025-07-18 06:36:00,27.61,54.17
2025-07-18 06:37:00,27.61,54.17
2025-07-18 06:38:00,41.42,60.94
2025-07-18 06:39:00,41.42,67.71
2025-07-18 06:40:00,48.32,74.49
2025-07-18 06:41:00,55.23,81.3
2025-07-18 06:42:00,55.23,88
2025-07-18 06:43:00,55.23,88
2025-07-18 06:44:00,69.04,94.8
2025-07-18 06:45:00,69.04,101.6
2025-07-18 06:46:00,69.03,101.6
2025-07-18 06:47:00,69.03,105
2025-07-18 06:48:00,69.03,108.3
2025-07-18 06:49:00,69.03,115.1
2025-07-18 06:50:00,69.04,115.1
2025-07-18 06:51:00,69.03,121.9
2025-07-18 06:52:00,82.8,121.9
2025-07-18 06:53:00,82.8,135.4
2025-07-18 06:54:00,82.8,135.4
2025-07-18 06:55:00,82.8,128.7
2025-07-18 06:56:00,69.04,121.9
2025-07-18 06:57:00,69.04,121.9
2025-07-18 06:58:00,62.13,121.9
2025-07-18 06:59:00,69.04,121.9
2025-07-18 07:00:00,82.8,142.2
2025-07-18 07:01:00,82.8,152.4
2025-07-18 07:02:00,69.04,142.2
2025-07-18 07:03:00,69.04,142.2
2025-07-18 07:04:00,69.04,135.4
2025-07-18 07:05:00,69.04,142.2
2025-07-18 07:06:00,82.8,149
2025-07-18 07:07:00,82.8,155.7
2025-07-18 07:08:00,75.94,149
2025-07-18 07:09:00,69.04,142.2
2025-07-18 07:10:00,69.04,149
2025-07-18 07:11:00,69.04,155.7
2025-07-18 07:12:00,82.8,196.4
2025-07-18 07:13:00,96.7,203.1
2025-07-18 07:14:00,96.7,209.9
2025-07-18 07:15:00,110.5,230.2
2025-07-18 07:16:00,110.5,237
2025-07-18 07:17:00,124.3,257.3
2025-07-18 07:18:00,124.3,257.3
2025-07-18 07:19:00,110.5,243.8
2025-07-18 07:20:00,110.5,250.6
2025-07-18 07:21:00,138.1,284.4
2025-07-18 07:22:00,151.9,311.5
2025-07-18 07:23:00,151.9,325
2025-07-18 07:24:00,165.7,331.8
2025-07-18 07:25:00,165.7,338.6
2025-07-18 07:26:00,165.7,345.4
2025-07-18 07:27:00,165.7,352.1
2025-07-18 07:28:00,172.6,358.9
2025-07-18 07:29:00,179.5,365.7
2025-07-18 07:30:00,179.5,372.4
2025-07-18 07:31:00,179.5,379.2
2025-07-18 07:32:00,179.5,386
2025-07-18 07:33:00,193.3,392.8
2025-07-18 07:34:00,193.3,399.5
2025-07-18 07:35:00,193.3,406.3
2025-07-18 07:36:00,193.3,413.1
2025-07-18 07:37:00,200.2,419.8
2025-07-18 07:38:00,207.1,426.6
2025-07-18 07:39:00,207.1,433.4
2025-07-18 07:40:00,207.1,440.2
2025-07-18 07:41:00,207.1,446.9
2025-07-18 07:42:00,220.9,453.7
2025-07-18 07:43:00,220.9,460.5
2025-07-18 07:44:00,220.9,467.2
2025-07-18 07:45:00,220.9,474
2025-07-18 07:46:00,220.9,480.8
2025-07-18 07:47:00,234.7,494.3
2025-07-18 07:48:00,234.7,501.1
2025-07-18 07:49:00,234.7,507.9
2025-07-18 07:50:00,234.7,514.6
2025-07-18 07:51:00,248.5,521.4
2025-07-18 07:52:00,248.5,521.4
2025-07-18 07:53:00,248.5,528.2
2025-07-18 07:54:00,248.5,541.7
2025-07-18 07:55:00,248.5,548.5
2025-07-18 07:56:00,262.3,555.3
2025-07-18 07:57:00,262.3,562
2025-07-18 07:58:00,262.3,568.8
2025-07-18 07:59:00,262.3,582.4
2025-07-18 08:00:00,262.3,582.4
2025-07-18 08:01:00,276.1,589.1
2025-07-18 08:02:00,276.1,602.7
2025-07-18 08:03:00,276.1,609.4
2025-07-18 08:04:00,283.1,616.2
2025-07-18 08:05:00,290,623
2025-07-18 08:06:00,290,629.8
2025-07-18 08:07:00,290,636.5
2025-07-18 08:08:00,290,643.3
2025-07-18 08:09:00,303.8,650.1
2025-07-18 08:10:00,303.8,663.6
2025-07-18 08:11:00,303.8,670.4
2025-07-18 08:12:00,303.8,670.4
2025-07-18 08:13:00,303.8,677.2
2025-07-18 08:14:00,317.6,690.7
2025-07-18 08:15:00,317.6,697.5
2025-07-18 08:16:00,317.6,704.2
2025-07-18 08:17:00,324.5,711
2025-07-18 08:18:00,331.4,717.8
2025-07-18 08:19:00,331.4,724.6
2025-07-18 08:20:00,331.4,731.3
2025-07-18 08:21:00,331.4,738.1
2025-07-18 08:22:00,345.2,748.3
2025-07-18 08:23:00,345.2,758.4
2025-07-18 08:24:00,345.2,765.2
2025-07-18 08:25:00,345.2,772
2025-07-18 08:26:00,359,778.7
2025-07-18 08:27:00,359,785.5
2025-07-18 08:28:00,359,792.3
2025-07-18 08:29:00,359,799.1
2025-07-18 08:30:00,372.8,806
2025-07-18 08:31:00,372.8,813
2025-07-18 08:32:00,372.8,819
2025-07-18 08:33:00,372.8,826
2025-07-18 08:34:00,386.6,840
2025-07-18 08:35:00,386.6,846
2025-07-18 08:36:00,386.6,853
2025-07-18 08:37:00,386.6,860
2025-07-18 08:38:00,386.6,863
2025-07-18 08:39:00,400.4,874
2025-07-18 08:40:00,400.4,880
2025-07-18 08:41:00,400.4,887
2025-07-18 08:42:00,414.2,894
2025-07-18 08:43:00,414.2,907
2025-07-18 08:44:00,414.2,914
2025-07-18 08:45:00,414.2,921
2025-07-18 08:46:00,421.1,928
2025-07-18 08:47:00,428,934
2025-07-18 08:48:00,428,941
2025-07-18 08:49:00,441.8,955
2025-07-18 08:50:00,441.8,962
2025-07-18 08:51:00,441.8,975
2025-07-18 08:52:00,455.6,982
2025-07-18 08:53:00,455.6,995
2025-07-18 08:54:00,455.6,1009
2025-07-18 08:55:00,469.4,1016
2025-07-18 08:56:00,469.4,1023
2025-07-18 08:57:00,469.4,1036
2025-07-18 08:58:00,483.3,1043
2025-07-18 08:59:00,483.3,1050
2025-07-18 09:00:00,483.3,1063
2025-07-18 09:01:00,497.1,1070
2025-07-18 09:02:00,497.1,1077
2025-07-18 09:03:00,497.1,1083
2025-07-18 09:04:00,497.1,1087
2025-07-18 09:05:00,497.1,1083
2025-07-18 09:06:00,497.1,1094
2025-07-18 09:07:00,497.1,1097
2025-07-18 09:08:00,497.1,1097
2025-07-18 09:09:00,497.1,1104
2025-07-18 09:10:00,510.9,1107
2025-07-18 09:11:00,510.9,1111
2025-07-18 09:12:00,510.9,1117
2025-07-18 09:13:00,510.9,1124
2025-07-18 09:14:00,524.7,1131
2025-07-18 09:15:00,524.7,1138
2025-07-18 09:16:00,524.7,1144
2025-07-18 09:17:00,524.7,1151
2025-07-18 09:18:00,531.6,1158
2025-07-18 09:19:00,538.5,1165
2025-07-18 09:20:00,538.5,1171
2025-07-18 09:21:00,538.5,1178
2025-07-18 09:22:00,538.5,1185
2025-07-18 09:23:00,538.5,1192
2025-07-18 09:24:00,552.3,1199
2025-07-18 09:25:00,552.3,1205
2025-07-18 09:26:00,552.3,1212
2025-07-18 09:27:00,552.3,1212
2025-07-18 09:28:00,566.1,1226
2025-07-18 09:29:00,566.1,1232
2025-07-18 09:30:00,566.1,1239
2025-07-18 09:31:00,566.1,1246
2025-07-18 09:32:00,566.1,1253
2025-07-18 09:33:00,579.9,1260
2025-07-18 09:34:00,579.9,1266
2025-07-18 09:35:00,579.9,1273
2025-07-18 09:36:00,593.7,1280
2025-07-18 09:37:00,593.7,1287
2025-07-18 09:38:00,593.7,1293
2025-07-18 09:39:00,593.7,1300
2025-07-18 09:40:00,600.6,1310
2025-07-18 09:41:00,593.7,1307
2025-07-18 09:42:00,607.5,1320
2025-07-18 09:43:00,607.5,1327
2025-07-18 09:44:00,607.5,1341
2025-07-18 09:45:00,614.4,1341
2025-07-18 09:46:00,621.3,1348
2025-07-18 09:47:00,621.3,1354
2025-07-18 09:48:00,621.3,1361
2025-07-18 09:49:00,635.1,1364
2025-07-18 09:50:00,635.1,1375
2025-07-18 09:51:00,635.1,1381
2025-07-18 09:52:00,635.1,1392
2025-07-18 09:53:00,635.1,1395
2025-07-18 09:54:00,648.9,1402
2025-07-18 09:55:00,648.9,1408
2025-07-18 09:56:00,648.9,1415
2025-07-18 09:57:00,662.8,1422
2025-07-18 09:58:00,662.8,1425
2025-07-18 09:59:00,662.8,1436
2025-07-18 10:00:00,662.8,1442
2025-07-18 10:01:00,669.7,1449
2025-07-18 10:02:00,676.6,1449
2025-07-18 10:03:00,676.6,1456
2025-07-18 10:04:00,676.6,1463
2025-07-18 10:05:00,676.6,1469
2025-07-18 10:06:00,690.4,1483
2025-07-18 10:07:00,683.5,1483
2025-07-18 10:08:00,690.4,1490
2025-07-18 10:09:00,690.4,1490
2025-07-18 10:10:00,690.4,1497
2025-07-18 10:11:00,690.4,1503
2025-07-18 10:12:00,704.2,1517
2025-07-18 10:13:00,704.2,1517
2025-07-18 10:14:00,704.2,1524
2025-07-18 10:15:00,711.1,1534
2025-07-18 10:16:00,704.2,1537
2025-07-18 10:17:00,718,1547
2025-07-18 10:18:00,718,1551
2025-07-18 10:19:00,718,1557
2025-07-18 10:20:00,718,1564
2025-07-18 10:21:00,724.9,1571
2025-07-18 10:22:00,718,1571
2025-07-18 10:23:00,731.8,1585
2025-07-18 10:24:00,731.8,1585
2025-07-18 10:25:00,731.8,1585
2025-07-18 10:26:00,731.8,1588
2025-07-18 10:27:00,718,1571
2025-07-18 10:28:00,731.8,1578
2025-07-18 10:29:00,731.8,1591
2025-07-18 10:30:00,745.6,1612
2025-07-18 10:31:00,745.6,1618
2025-07-18 10:32:00,745.6,1625
2025-07-18 10:33:00,759.4,1639
2025-07-18 10:34:00,759.4,1639
2025-07-18 10:35:00,759.4,1639
2025-07-18 10:36:00,759.4,1652
2025-07-18 10:37:00,773.2,1659
2025-07-18 10:38:00,759.4,1652
2025-07-18 10:39:00,773.2,1669
2025-07-18 10:40:00,773.2,1673
2025-07-18 10:41:00,773.2,1673
2025-07-18 10:42:00,787,1693
2025-07-18 10:43:00,787,1690
2025-07-18 10:44:00,787,1700
2025-07-18 10:45:00,801,1720
2025-07-18 10:46:00,815,1754
2025-07-18 10:47:00,828,1767
2025-07-18 10:48:00,801,1734
2025-07-18 10:49:00,801,1727
2025-07-18 10:50:00,801,1734
2025-07-18 10:51:00,801,1734
2025-07-18 10:52:00,801,1740
2025-07-18 10:53:00,801,1740
2025-07-18 10:54:00,815,1754
2025-07-18 10:55:00,815,1774
2025-07-18 10:56:00,828,1798
2025-07-18 10:57:00,842,1801
2025-07-18 10:58:00,842,1808
2025-07-18 10:59:00,856,656.9
2025-07-18 11:00:00,842,1818
2025-07-18 11:01:00,842,1835
2025-07-18 11:02:00,856,1855
2025-07-18 11:03:00,856,1818
2025-07-18 11:04:00,884,1896
2025-07-18 11:05:00,870,1883
2025-07-18 11:06:00,856,1842
2025-07-18 11:07:00,179.5,501.1
2025-07-18 11:08:00,870,1869
2025-07-18 11:09:00,897,1937
2025-07-18 11:10:00,897,1930
2025-07-18 11:11:00,400.4,968
2025-07-18 11:12:00,870,1876
2025-07-18 11:13:00,856,1828
2025-07-18 11:14:00,870,1856
2025-07-18 11:15:00,884,1903
2025-07-18 11:16:00,870,1883
2025-07-18 11:17:00,870,1883
2025-07-18 11:18:00,884,1896
2025-07-18 11:19:00,884,1893
2025-07-18 11:20:00,911,1944
2025-07-18 11:21:00,911,1957
2025-07-18 11:22:00,925,1977
2025-07-18 11:23:00,925,1981
2025-07-18 11:24:00,911,1944
2025-07-18 11:25:00,898,1923
2025-07-18 11:26:00,939,2005
2025-07-18 11:27:00,290,731.4
2025-07-18 11:28:00,967,2052
2025-07-18 11:29:00,980,2069
2025-07-18 11:30:00,1022,2153
2025-07-18 11:31:00,1063,2221
2025-07-18 11:32:00,276.2,697.5
2025-07-18 11:33:00,276.2,677.2
2025-07-18 11:34:00,1036,2194
2025-07-18 11:35:00,290,724.6
2025-07-18 11:36:00,441.9,1036
2025-07-18 11:37:00,331.4,833
2025-07-18 11:38:00,303.8,765.3
2025-07-18 11:39:00,980,2066
2025-07-18 11:40:00,248.6,663.7
2025-07-18 11:41:00,925,1984
2025-07-18 11:42:00,939,2005
2025-07-18 11:43:00,939,1977
2025-07-18 11:44:00,428.1,1043
2025-07-18 11:45:00,967,2066
2025-07-18 11:46:00,953,2025
2025-07-18 11:47:00,953,2018
2025-07-18 11:48:00,980,2079
2025-07-18 11:49:00,953,2011
2025-07-18 11:50:00,980,2076
2025-07-18 11:51:00,967,2072
2025-07-18 11:52:00,980,2093
2025-07-18 11:53:00,1008,2133
2025-07-18 11:54:00,1008,2140
2025-07-18 11:55:00,994,2106
2025-07-18 11:56:00,994,2120
2025-07-18 11:57:00,1008,2133
2025-07-18 11:58:00,1008,2154
2025-07-18 11:59:00,967,2059
2025-07-18 12:00:00,676.6,1510
2025-07-18 12:01:00,773.3,1707
2025-07-18 12:02:00,1008,2123
2025-07-18 12:03:00,1036,2181
2025-07-18 12:04:00,1049,2204
2025-07-18 12:05:00,1091,2286
2025-07-18 12:06:00,276.2,690.8
2025-07-18 12:07:00,276.2,690.8
2025-07-18 12:08:00,1146,2397
2025-07-18 12:09:00,469.5,1084
2025-07-18 12:10:00,234.8,562.1
2025-07-18 12:11:00,1119,2350
2025-07-18 12:12:00,1119,2337
2025-07-18 12:13:00,1139,2370
2025-07-18 12:14:00,1201,2492
2025-07-18 12:15:00,386.7,853
2025-07-18 12:16:00,1119,2343
2025-07-18 12:17:00,1119,2357
2025-07-18 12:18:00,1132,2374
2025-07-18 12:19:00,1049,2177
2025-07-18 12:20:00,953,2001
2025-07-18 12:21:00,1105,2316
2025-07-18 12:22:00,1063,2255
2025-07-18 12:23:00,1050,2235
2025-07-18 12:24:00,1050,2228
2025-07-18 12:25:00,1063,2249
2025-07-18 12:26:00,1050,2228
2025-07-18 12:27:00,1050,2228
2025-07-18 12:28:00,1063,2252
2025-07-18 12:29:00,1091,2310
2025-07-18 12:30:00,1146,2394
2025-07-18 12:31:00,262.4,629.9
2025-07-18 12:32:00,745.7,1612
2025-07-18 12:33:00,1091,2289
2025-07-18 12:34:00,1077,2282
2025-07-18 12:35:00,1050,2235
2025-07-18 12:36:00,1050,2228
2025-07-18 12:37:00,1050,2235
2025-07-18 12:38:00,1050,2249
2025-07-18 12:39:00,1050,2242
2025-07-18 12:40:00,1036,2218
2025-07-18 12:41:00,1036,2215
2025-07-18 12:42:00,1050,2235
2025-07-18 12:43:00,1063,2269
2025-07-18 12:44:00,1091,2327
2025-07-18 12:45:00,1132,2384
2025-07-18 12:46:00,718.1,1676
2025-07-18 12:47:00,248.6,650.2
2025-07-18 12:48:00,511,1185
2025-07-18 12:49:00,718.1,1598
2025-07-18 12:50:00,815,1761
2025-07-18 12:51:00,1077,2283
2025-07-18 12:52:00,1077,2283
2025-07-18 12:53:00,1077,2296
2025-07-18 12:54:00,1091,2323
2025-07-18 12:55:00,1105,2333
2025-07-18 12:56:00,524.8,1202
2025-07-18 12:57:00,234.8,616.4
2025-07-18 12:58:00,248.6,650.2
2025-07-18 12:59:00,1160,2432
2025-07-18 13:00:00,483.4,1151
2025-07-18 13:01:00,345.2,840
2025-07-18 13:02:00,1132,2391
2025-07-18 13:03:00,1139,2381
2025-07-18 13:04:00,207.2,535.1
2025-07-18 13:05:00,214.1,535.1
2025-07-18 13:06:00,214.1,535.1
2025-07-18 13:07:00,1146,2428
2025-07-18 13:08:00,1160,2428
2025-07-18 13:09:00,1174,2452
2025-07-18 13:10:00,1146,2411
2025-07-18 13:11:00,1077,2279
2025-07-18 13:12:00,1050,2235
2025-07-18 13:13:00,1043,2222
2025-07-18 13:14:00,1036,2201
2025-07-18 13:15:00,1022,2201
2025-07-18 13:16:00,1022,2195
2025-07-18 13:17:00,1022,2181
2025-07-18 13:18:00,1022,QCF
2025-07-18 13:19:00,1036,2198
2025-07-18 13:20:00,1063,2262
2025-07-18 13:21:00,801,1731
2025-07-18 13:22:00,1091,2330
2025-07-18 13:23:00,1063,2276
2025-07-18 13:24:00,1063,2269
2025-07-18 13:25:00,1077,2296
2025-07-18 13:26:00,207.2,562.2
2025-07-18 13:27:00,303.8,778.9
2025-07-18 13:28:00,1105,2337
2025-07-18 13:29:00,1077,2289
2025-07-18 13:30:00,1091,2323
2025-07-18 13:31:00,1077,2306
2025-07-18 13:32:00,1077,2283
2025-07-18 13:33:00,1050,2242
2025-07-18 13:34:00,1050,2232
2025-07-18 13:35:00,1050,2235
2025-07-18 13:36:00,1036,2222
2025-07-18 13:37:00,1050,2229
2025-07-18 13:38:00,1036,2215
2025-07-18 13:39:00,1022,2174
2025-07-18 13:40:00,1050,2245
2025-07-18 13:41:00,1050,2222
2025-07-18 13:42:00,1077,2283
2025-07-18 13:43:00,1077,2283
2025-07-18 13:44:00,1077,2296
2025-07-18 13:45:00,1091,2296
2025-07-18 13:46:00,1091,2310
2025-07-18 13:47:00,1077,2296
2025-07-18 13:48:00,1063,2269
2025-07-18 13:49:00,1050,2242
2025-07-18 13:50:00,1036,2215
2025-07-18 13:51:00,1036,2208
2025-07-18 13:52:00,1022,2188
2025-07-18 13:53:00,1008,2161
2025-07-18 13:54:00,1022,2181
2025-07-18 13:55:00,1022,2174
2025-07-18 13:56:00,1015,2174
2025-07-18 13:57:00,1008,2174
2025-07-18 13:58:00,1022,2178
2025-07-18 13:59:00,1022,2188
2025-07-18 14:00:00,1036,2195
2025-07-18 14:01:00,1022,2185
2025-07-18 14:02:00,1022,2171
2025-07-18 14:03:00,1008,2168
2025-07-18 14:04:00,1015,2174
2025-07-18 14:05:00,1008,2168
2025-07-18 14:06:00,1022,2178
2025-07-18 14:07:00,1022,2195
2025-07-18 14:08:00,1036,2215
2025-07-18 14:09:00,193.4,508
2025-07-18 14:10:00,179.6,480.9
2025-07-18 14:11:00,303.9,775.6
2025-07-18 14:12:00,179.6,487.7
2025-07-18 14:13:00,1105,2357
2025-07-18 14:14:00,1077,2283
2025-07-18 14:15:00,1036,2208
2025-07-18 14:16:00,1008,2147
2025-07-18 14:17:00,994,2141
2025-07-18 14:18:00,1008,2144
2025-07-18 14:19:00,1001,2141
2025-07-18 14:20:00,994,2141
2025-07-18 14:21:00,994,QCF
2025-07-18 14:22:00,994,2141
2025-07-18 14:23:00,1008,2141
2025-07-18 14:24:00,1008,2154
2025-07-18 14:25:00,1008,2147
2025-07-18 14:26:00,1008,2154
2025-07-18 14:27:00,1008,2141
2025-07-18 14:28:00,994,2134
2025-07-18 14:29:00,1008,2154
2025-07-18 14:30:00,1008,2174
2025-07-18 14:31:00,773.5,1714
2025-07-18 14:32:00,1050,2262
2025-07-18 14:33:00,1050,2239
2025-07-18 14:34:00,1036,2181
2025-07-18 14:35:00,1050,2222
2025-07-18 14:36:00,179.6,480.9
2025-07-18 14:37:00,497.2,1185
2025-07-18 14:38:00,1091,2296
2025-07-18 14:39:00,566.3,1331
2025-07-18 14:40:00,1043,2208
2025-07-18 14:41:00,1036,2208
2025-07-18 14:42:00,1022,2195
2025-07-18 14:43:00,1022,2181
2025-07-18 14:44:00,1022,2174
2025-07-18 14:45:00,1008,2171
2025-07-18 14:46:00,1008,2147
2025-07-18 14:47:00,994,2120
2025-07-18 14:48:00,981,2100
2025-07-18 14:49:00,981,2103
2025-07-18 14:50:00,981,2086
2025-07-18 14:51:00,967,2066
2025-07-18 14:52:00,967,2066
2025-07-18 14:53:00,981,2093
2025-07-18 14:54:00,994,2113
2025-07-18 14:55:00,994,2113
2025-07-18 14:56:00,1008,2141
2025-07-18 14:57:00,1050,2208
2025-07-18 14:58:00,221,582.6
2025-07-18 14:59:00,1050,2235
2025-07-18 15:00:00,1077,2246
2025-07-18 15:01:00,1064,2222
2025-07-18 15:02:00,1036,2188
2025-07-18 15:03:00,1036,2181
2025-07-18 15:04:00,1036,2181
2025-07-18 15:05:00,1036,2188
2025-07-18 15:06:00,1050,2215
2025-07-18 15:07:00,1064,2229
2025-07-18 15:08:00,276.2,663.8
2025-07-18 15:09:00,704.4,1541
2025-07-18 15:10:00,1050,2202
2025-07-18 15:11:00,1050,2188
2025-07-18 15:12:00,221,548.7
2025-07-18 15:13:00,234.8,596.1
2025-07-18 15:14:00,234.8,575.8
2025-07-18 15:15:00,483.4,1138
2025-07-18 15:16:00,1036,2157
2025-07-18 15:17:00,1022,2147
2025-07-18 15:18:00,1022,2147
2025-07-18 15:19:00,1008,2141
2025-07-18 15:20:00,1008,2120
2025-07-18 15:21:00,981,2073
2025-07-18 15:22:00,953,2025
2025-07-18 15:23:00,939,1995
2025-07-18 15:24:00,925,1978
2025-07-18 15:25:00,925,1964
2025-07-18 15:26:00,925,1964
2025-07-18 15:27:00,918,1958
2025-07-18 15:28:00,912,1944
2025-07-18 15:29:00,925,1958
2025-07-18 15:30:00,151.9,413.2
2025-07-18 15:31:00,248.6,643.5
2025-07-18 15:32:00,504.1,1172
2025-07-18 15:33:00,981,2046
2025-07-18 15:34:00,967,2019
2025-07-18 15:35:00,953,2005
2025-07-18 15:36:00,953,2005
2025-07-18 15:37:00,953,2019
2025-07-18 15:38:00,939,1998
2025-07-18 15:39:00,925,1958
2025-07-18 15:40:00,912,1937
2025-07-18 15:41:00,912,1944
2025-07-18 15:42:00,925,1951
2025-07-18 15:43:00,925,1964
2025-07-18 15:44:00,939,1971
2025-07-18 15:45:00,967,2022
2025-07-18 15:46:00,221,575.8
2025-07-18 15:47:00,649.2,1423
2025-07-18 15:48:00,981,2039
2025-07-18 15:49:00,994,2080
2025-07-18 15:50:00,511,1158
2025-07-18 15:51:00,407.5,959
2025-07-18 15:52:00,262.4,609.7
2025-07-18 15:53:00,635.4,1446
2025-07-18 15:54:00,290.1,707.9
2025-07-18 15:55:00,912,1903
2025-07-18 15:56:00,925,1944
2025-07-18 15:57:00,898,1903
2025-07-18 15:58:00,884,1876
2025-07-18 15:59:00,870,1863
2025-07-18 16:00:00,870,1856
2025-07-18 16:01:00,870,1856
2025-07-18 16:02:00,870,1849
2025-07-18 16:03:00,870,1849
2025-07-18 16:04:00,870,1853
2025-07-18 16:05:00,884,1856
2025-07-18 16:06:00,884,1863
2025-07-18 16:07:00,870,1856
2025-07-18 16:08:00,884,1863
2025-07-18 16:09:00,870,1849
2025-07-18 16:10:00,856,1836
2025-07-18 16:11:00,843,1798
2025-07-18 16:12:00,856,1829
2025-07-18 16:13:00,856,1829
2025-07-18 16:14:00,843,1795
2025-07-18 16:15:00,843,1802
2025-07-18 16:16:00,843,1782
2025-07-18 16:17:00,843,1795
2025-07-18 16:18:00,856,1815
2025-07-18 16:19:00,856,1805
2025-07-18 16:20:00,787.3,1700
2025-07-18 16:21:00,829,1775
2025-07-18 16:22:00,856,1815
2025-07-18 16:23:00,227.9,575.8
2025-07-18 16:24:00,234.8,582.6
2025-07-18 16:25:00,303.9,738.4
2025-07-18 16:26:00,372.9,847
2025-07-18 16:27:00,593.9,1270
2025-07-18 16:28:00,428.2,1009
2025-07-18 16:29:00,QCF,1870
2025-07-18 16:30:00,870,1836
2025-07-18 16:31:00,829,1754
2025-07-18 16:32:00,815,1707
2025-07-18 16:33:00,766.6,1633
2025-07-18 16:34:00,870,1815
2025-07-18 16:35:00,856,1795
2025-07-18 16:36:00,773.5,1639
2025-07-18 16:37:00,787.3,1660
2025-07-18 16:38:00,773.5,1626
2025-07-18 16:39:00,732,1544
2025-07-18 16:40:00,552.5,1206
2025-07-18 16:41:00,455.8,1009
2025-07-18 16:42:00,386.7,867
2025-07-18 16:43:00,386.7,850
2025-07-18 16:44:00,400.5,887
2025-07-18 16:45:00,442,969
2025-07-18 16:46:00,497.2,1064
2025-07-18 16:47:00,469.6,1009
2025-07-18 16:48:00,442,948
2025-07-18 16:49:00,345.3,765.5
2025-07-18 16:50:00,524.9,1124
2025-07-18 16:51:00,538.7,1145
2025-07-18 16:52:00,593.9,1260
2025-07-18 16:53:00,193.4,460.6
2025-07-18 16:54:00,193.4,440.3
2025-07-18 16:55:00,179.6,420
2025-07-18 16:56:00,179.6,409.8
2025-07-18 16:57:00,179.6,420
2025-07-18 16:58:00,179.6,426.8
2025-07-18 16:59:00,179.6,426.8
2025-07-18 17:00:00,193.4,440.3
2025-07-18 17:01:00,193.4,447.1
2025-07-18 17:02:00,207.2,480.9
2025-07-18 17:03:00,248.6,555.5
2025-07-18 17:04:00,303.9,684.2
2025-07-18 17:05:00,290.1,663.8
2025-07-18 17:06:00,690.6,1409
2025-07-18 17:07:00,704.4,1456
2025-07-18 17:08:00,621.5,1301
2025-07-18 17:09:00,718.2,1477
2025-07-18 17:10:00,718.2,1490
2025-07-18 17:11:00,718.2,1490
2025-07-18 17:12:00,718.2,1497
2025-07-18 17:13:00,718.2,1490
2025-07-18 17:14:00,718.2,1483
2025-07-18 17:15:00,711.3,1483
2025-07-18 17:16:00,704.4,1463
2025-07-18 17:17:00,690.6,1450
2025-07-18 17:18:00,663,1395
2025-07-18 17:19:00,635.4,1341
2025-07-18 17:20:00,593.9,1280
2025-07-18 17:21:00,593.9,1260
2025-07-18 17:22:00,593.9,1260
2025-07-18 17:23:00,566.3,1206
2025-07-18 17:24:00,524.9,1145
2025-07-18 17:25:00,580.1,1229
2025-07-18 17:26:00,593.9,1267
2025-07-18 17:27:00,614.6,1294
2025-07-18 17:28:00,621.5,QCF
2025-07-18 17:29:00,621.5,1233
2025-07-18 17:30:00,621.5,1148
2025-07-18 17:31:00,290.1,596.1
2025-07-18 17:32:00,587,854
2025-07-18 17:33:00,566.3,711.3
2025-07-18 17:34:00,580.1,602.9
2025-07-18 17:35:00,580.1,514.8
2025-07-18 17:36:00,566.3,460.6
2025-07-18 17:37:00,580.1,433.5
2025-07-18 17:38:00,524.9,420
2025-07-18 17:39:00,490.3,406.4
2025-07-18 17:40:00,428.2,406.4
2025-07-18 17:41:00,372.9,403
2025-07-18 17:42:00,303.9,399.7
2025-07-18 17:43:00,234.8,406.4
2025-07-18 17:44:00,193.4,406.4
2025-07-18 17:45:00,165.7,399.7
2025-07-18 17:46:00,151.9,392.9
2025-07-18 17:47:00,145,392.9
2025-07-18 17:48:00,138.1,386.1
2025-07-18 17:49:00,138.1,379.3
2025-07-18 17:50:00,138.1,372.6
2025-07-18 17:51:00,138.1,372.6
2025-07-18 17:52:00,138.1,372.6
2025-07-18 17:53:00,138.1,369.2
2025-07-18 17:54:00,138.1,372.6
2025-07-18 17:55:00,138.1,372.6
2025-07-18 17:56:00,138.1,365.8
2025-07-18 17:57:00,138.1,365.8
2025-07-18 17:58:00,138.1,359
2025-07-18 17:59:00,138.1,372.6
2025-07-18 18:00:00,138.1,406.4
2025-07-18 18:01:00,138.1,460.6
2025-07-18 18:02:00,138.1,480.9
2025-07-18 18:03:00,138.1,602.9
2025-07-18 18:04:00,165.7,697.7
2025-07-18 18:05:00,207.2,772.2
2025-07-18 18:06:00,241.7,806
2025-07-18 18:07:00,234.8,758.7
2025-07-18 18:08:00,290.1,623.2
2025-07-18 18:09:00,QCF,460.6
2025-07-18 18:10:00,QCF,338.7
2025-07-18 18:11:00,110.5,304.8
2025-07-18 18:12:00,110.5,291.3
2025-07-18 18:13:00,110.5,291.3
2025-07-18 18:14:00,110.5,284.5
2025-07-18 18:15:00,110.5,284.5
2025-07-18 18:16:00,303.9,528.4
2025-07-18 18:17:00,262.4,541.9
2025-07-18 18:18:00,290.1,596.1
2025-07-18 18:19:00,248.6,535.1
2025-07-18 18:20:00,221,480.9
2025-07-18 18:21:00,151.9,365.8
2025-07-18 18:22:00,138.1,325.1
2025-07-18 18:23:00,124.3,304.8
2025-07-18 18:24:00,124.3,304.8
2025-07-18 18:25:00,124.3,291.3
2025-07-18 18:26:00,110.5,284.5
2025-07-18 18:27:00,110.5,284.5
2025-07-18 18:28:00,117.4,304.8
2025-07-18 18:29:00,110.5,321.8
2025-07-18 18:30:00,110.5,352.2
2025-07-18 18:31:00,110.5,359
2025-07-18 18:32:00,96.7,291.3
2025-07-18 18:33:00,124.3,372.6
2025-07-18 18:34:00,151.9,386.1
2025-07-18 18:35:00,165.7,372.6
2025-07-18 18:36:00,110.5,250.6
2025-07-18 18:37:00,151.9,338.7
2025-07-18 18:38:00,151.9,318.4
2025-07-18 18:39:00,96.7,230.3
2025-07-18 18:40:00,124.3,257.4
2025-07-18 18:41:00,96.7,230.3
2025-07-18 18:42:00,138.1,243.9
2025-07-18 18:43:00,151.9,243.9
2025-07-18 18:44:00,151.9,237.1
2025-07-18 18:45:00,151.9,237.1
2025-07-18 18:46:00,138.1,237.1
2025-07-18 18:47:00,151.9,243.9
2025-07-18 18:48:00,151.9,257.4
2025-07-18 18:49:00,151.9,277.7
2025-07-18 18:50:00,138.1,291.3
2025-07-18 18:51:00,138.1,298.1
2025-07-18 18:52:00,138.1,298.1
2025-07-18 18:53:00,124.3,264.2
2025-07-18 18:54:00,110.5,257.4
2025-07-18 18:55:00,110.5,243.9
2025-07-18 18:56:00,96.7,237.1
2025-07-18 18:57:00,96.7,216.8
2025-07-18 18:58:00,82.9,196.4
2025-07-18 18:59:00,82.9,189.7
2025-07-18 19:00:00,82.9,182.9
2025-07-18 19:01:00,82.9,176.1
2025-07-18 19:02:00,82.9,176.1
2025-07-18 19:03:00,82.9,169.3
2025-07-18 19:04:00,82.9,169.3
2025-07-18 19:05:00,82.9,166
2025-07-18 19:06:00,82.9,162.6
2025-07-18 19:07:00,82.9,155.8
2025-07-18 19:08:00,69.06,155.8
2025-07-18 19:09:00,69.06,149
2025-07-18 19:10:00,69.06,149
2025-07-18 19:11:00,69.06,149
2025-07-18 19:12:00,69.06,142.2
2025-07-18 19:13:00,69.06,142.2
2025-07-18 19:14:00,69.06,138.9
2025-07-18 19:15:00,69.06,135.5
2025-07-18 19:16:00,69.06,135.5
2025-07-18 19:17:00,69.06,135.5
2025-07-18 19:18:00,69.06,128.7
2025-07-18 19:19:00,69.06,128.7
2025-07-18 19:20:00,69.06,128.7
2025-07-18 19:21:00,69.05,128.7
2025-07-18 19:22:00,62.15,121.9
2025-07-18 19:23:00,55.24,121.9
2025-07-18 19:24:00,55.24,121.9
2025-07-18 19:25:00,55.24,115.1
2025-07-18 19:26:00,55.24,115.1
2025-07-18 19:27:00,55.24,115.1
2025-07-18 19:28:00,55.24,108.4
2025-07-18 19:29:00,55.24,108.4
2025-07-18 19:30:00,55.24,101.6
2025-07-18 19:31:00,55.24,101.6
2025-07-18 19:32:00,55.24,94.8
2025-07-18 19:33:00,48.33,94.8
2025-07-18 19:34:00,41.43,88
2025-07-18 19:35:00,41.43,88
2025-07-18 19:36:00,41.43,81.3
2025-07-18 19:37:00,41.43,74.49
2025-07-18 19:38:00,41.43,67.72
2025-07-18 19:39:00,27.62,54.18
2025-07-18 19:40:00,27.62,47.4
2025-07-18 19:41:00,27.62,40.63
2025-07-18 19:42:00,27.62,40.63
2025-07-18 19:43:00,27.62,40.63
2025-07-18 19:44:00,27.62,47.4
2025-07-18 19:45:00,27.62,47.4
2025-07-18 19:46:00,27.62,54.18
2025-07-18 19:47:00,27.62,54.18
2025-07-18 19:48:00,27.62,54.18
2025-07-18 19:49:00,27.62,54.17
2025-07-18 19:50:00,27.62,54.18
2025-07-18 19:51:00,27.62,54.18
2025-07-18 19:52:00,27.62,47.4
2025-07-18 19:53:00,27.62,47.4
2025-07-18 19:54:00,27.62,47.4
2025-07-18 19:55:00,27.62,47.4
2025-07-18 19:56:00,27.62,47.4
2025-07-18 19:57:00,27.62,47.4
2025-07-18 19:58:00,27.62,40.63
2025-07-18 19:59:00,27.62,40.63
2025-07-18 20:00:00,27.62,40.63
2025-07-18 20:01:00,27.62,40.63
2025-07-18 20:02:00,27.62,40.63
2025-07-18 20:03:00,27.61,40.63
2025-07-18 20:04:00,27.61,40.63
2025-07-18 20:05:00,20.71,33.86
2025-07-21 06:31:00,20.71,40.63
2025-07-21 06:32:00,27.61,40.63
2025-07-21 06:33:00,27.61,40.63
2025-07-21 06:34:00,27.61,47.4
2025-07-21 06:35:00,27.61,47.4
2025-07-21 06:36:00,27.61,47.4
2025-07-21 06:37:00,27.61,54.17
2025-07-21 06:38:00,27.61,54.17
2025-07-21 06:39:00,27.61,60.94
2025-07-21 06:40:00,41.42,67.72
2025-07-21 06:41:00,41.42,74.49
2025-07-21 06:42:00,55.23,74.49
2025-07-21 06:43:00,55.23,81.3
2025-07-21 06:44:00,55.23,88
2025-07-21 06:45:00,55.23,88
2025-07-21 06:46:00,55.23,94.8
2025-07-21 06:47:00,55.23,94.8
2025-07-21 06:48:00,69.04,101.6
2025-07-21 06:49:00,69.04,108.3
2025-07-21 06:50:00,69.03,108.3
2025-07-21 06:51:00,69.04,115.1
2025-07-21 06:52:00,69.04,121.9
2025-07-21 06:53:00,82.8,121.9
2025-07-21 06:54:00,82.8,128.7
2025-07-21 06:55:00,82.8,135.4
2025-07-21 06:56:00,82.8,135.4
2025-07-21 06:57:00,82.8,142.2
2025-07-21 06:58:00,82.8,149
2025-07-21 06:59:00,82.8,155.7
2025-07-21 07:00:00,82.8,155.7
2025-07-21 07:01:00,82.8,162.5
2025-07-21 07:02:00,82.8,162.5
2025-07-21 07:03:00,82.8,169.3
2025-07-21 07:04:00,82.8,176.1
2025-07-21 07:05:00,82.8,182.8
2025-07-21 07:06:00,96.7,189.6
2025-07-21 07:07:00,96.7,196.4
2025-07-21 07:08:00,96.7,203.1
2025-07-21 07:09:00,96.7,209.9
2025-07-21 07:10:00,110.5,216.7
2025-07-21 07:11:00,110.5,223.5
2025-07-21 07:12:00,110.5,223.5
2025-07-21 07:13:00,QCF,QCF
2025-07-21 07:14:00,QCF,QCF
2025-07-21 07:15:00,QCF,QCF
2025-07-21 07:16:00,QCF,QCF
2025-07-21 07:17:00,QCF,QCF
2025-07-21 07:18:00,QCF,QCF
2025-07-21 07:19:00,QCF,QCF
2025-07-21 07:20:00,QCF,QCF
2025-07-21 07:21:00,QCF,QCF
2025-07-21 07:22:00,QCF,QCF
2025-07-21 07:23:00,QCF,QCF
2025-07-21 07:24:00,QCF,QCF
2025-07-21 07:25:00,QCF,QCF
2025-07-21 07:26:00,QCF,QCF
2025-07-21 07:27:00,QCF,QCF
2025-07-21 07:28:00,QCF,QCF
2025-07-21 07:29:00,QCF,QCF
2025-07-21 07:30:00,165.7,338.6
2025-07-21 07:31:00,165.7,345.4
2025-07-21 07:32:00,165.7,352.1
2025-07-21 07:33:00,165.7,358.9
2025-07-21 07:34:00,179.5,365.7
2025-07-21 07:35:00,179.5,379.2
2025-07-21 07:36:00,179.5,386
2025-07-21 07:37:00,179.5,392.8
2025-07-21 07:38:00,193.3,399.5
2025-07-21 07:39:00,193.3,406.3
2025-07-21 07:40:00,193.3,413.1
2025-07-21 07:41:00,193.3,419.8
2025-07-21 07:42:00,193.3,426.6
2025-07-21 07:43:00,207.1,433.4
2025-07-21 07:44:00,124.3,426.6
2025-07-21 07:45:00,207.1,446.9
2025-07-21 07:46:00,207.1,453.7
2025-07-21 07:47:00,214,460.5
2025-07-21 07:48:00,220.9,467.2
2025-07-21 07:49:00,220.9,474
2025-07-21 07:50:00,220.9,480.8
2025-07-21 07:51:00,220.9,487.6
2025-07-21 07:52:00,234.7,494.3
2025-07-21 07:53:00,234.7,501.1
2025-07-21 07:54:00,234.7,501.1
2025-07-21 07:55:00,234.7,507.9
2025-07-21 07:56:00,248.5,521.4
2025-07-21 07:57:00,248.5,528.2
2025-07-21 07:58:00,248.5,541.7
2025-07-21 07:59:00,248.5,548.5
2025-07-21 08:00:00,262.3,555.3
2025-07-21 08:01:00,262.3,562
2025-07-21 08:02:00,262.3,568.8
2025-07-21 08:03:00,262.3,575.6
2025-07-21 08:04:00,262.3,582.4
2025-07-21 08:05:00,276.1,589.1
2025-07-21 08:06:00,276.1,595.9
2025-07-21 08:07:00,276.1,602.7
2025-07-21 08:08:00,276.1,616.2
2025-07-21 08:09:00,290,623
2025-07-21 08:10:00,290,636.5
2025-07-21 08:11:00,290,QCF
2025-07-21 08:12:00,296.9,QCF
2025-07-21 08:13:00,QCF,QCF
2025-07-21 08:14:00,QCF,QCF
2025-07-21 08:15:00,QCF,QCF
2025-07-21 08:16:00,QCF,QCF
2025-07-21 08:17:00,QCF,QCF
2025-07-21 08:18:00,QCF,QCF
2025-07-21 08:19:00,QCF,QCF
2025-07-21 08:20:00,QCF,QCF
2025-07-21 08:21:00,QCF,QCF
2025-07-21 08:22:00,QCF,QCF
2025-07-21 08:23:00,QCF,QCF
2025-07-21 08:24:00,QCF,QCF
2025-07-21 08:25:00,QCF,QCF
2025-07-21 08:26:00,QCF,QCF
2025-07-21 08:27:00,QCF,QCF
2025-07-21 08:28:00,QCF,QCF
2025-07-21 08:29:00,QCF,QCF
2025-07-21 08:30:00,359,785.5
2025-07-21 08:31:00,359,792.3
2025-07-21 08:32:00,359,799.1
2025-07-21 08:33:00,359,806
2025-07-21 08:34:00,372.8,813
2025-07-21 08:35:00,372.8,819
2025-07-21 08:36:00,372.8,826
2025-07-21 08:37:00,372.8,833
2025-07-21 08:38:00,379.7,840
2025-07-21 08:39:00,386.6,846
2025-07-21 08:40:00,386.6,853
2025-07-21 08:41:00,386.6,860
2025-07-21 08:42:00,400.4,874
2025-07-21 08:43:00,400.4,880
2025-07-21 08:44:00,400.4,887
2025-07-21 08:45:00,414.2,894
2025-07-21 08:46:00,414.2,901
2025-07-21 08:47:00,414.2,907
2025-07-21 08:48:00,414.2,914
2025-07-21 08:49:00,428,924
2025-07-21 08:50:00,428,934
2025-07-21 08:51:00,428,941
2025-07-21 08:52:00,428,948
2025-07-21 08:53:00,428,962
2025-07-21 08:54:00,441.8,968
2025-07-21 08:55:00,441.8,975
2025-07-21 08:56:00,441.8,982
2025-07-21 08:57:00,441.8,982
2025-07-21 08:58:00,455.6,1002
2025-07-21 08:59:00,276.1,677.2
2025-07-21 09:00:00,428,948
2025-07-21 09:01:00,483.3,1043
2025-07-21 09:02:00,483.3,1053
2025-07-21 09:03:00,510.9,1090
2025-07-21 09:04:00,524.7,1124
2025-07-21 09:05:00,524.7,1124
2025-07-21 09:06:00,276.1,677.2
2025-07-21 09:07:00,566.1,1199
2025-07-21 09:08:00,359,806
2025-07-21 09:09:00,359,813
2025-07-21 09:10:00,317.6,744.9
2025-07-21 09:11:00,455.6,995
2025-07-21 09:12:00,455.6,1016
2025-07-21 09:13:00,538.5,QCF
2025-07-21 09:14:00,524.7,QCF
2025-07-21 09:15:00,524.7,QCF
2025-07-21 09:16:00,QCF,QCF
2025-07-21 09:17:00,QCF,QCF
2025-07-21 09:18:00,QCF,QCF
2025-07-21 09:19:00,QCF,QCF
2025-07-21 09:20:00,QCF,QCF
2025-07-21 09:21:00,QCF,QCF
2025-07-21 09:22:00,QCF,QCF
2025-07-21 09:23:00,QCF,QCF
2025-07-21 09:24:00,QCF,QCF
2025-07-21 09:25:00,QCF,QCF
2025-07-21 09:26:00,QCF,QCF
2025-07-21 09:27:00,QCF,QCF
2025-07-21 09:28:00,QCF,QCF
2025-07-21 09:29:00,QCF,QCF
2025-07-21 09:30:00,566.1,1219
2025-07-21 09:31:00,566.1,1226
2025-07-21 09:32:00,566.1,1232
2025-07-21 09:33:00,566.1,1239
2025-07-21 09:34:00,579.9,1253
2025-07-21 09:35:00,579.9,1253
2025-07-21 09:36:00,579.9,1260
2025-07-21 09:37:00,579.9,1266
2025-07-21 09:38:00,579.9,1280
2025-07-21 09:39:00,579.9,1280
2025-07-21 09:40:00,593.7,1280
2025-07-21 09:41:00,593.7,1293
2025-07-21 09:42:00,593.7,1300
2025-07-21 09:43:00,607.5,1300
2025-07-21 09:44:00,607.5,1307
2025-07-21 09:45:00,607.5,1314
2025-07-21 09:46:00,607.5,1321
2025-07-21 09:47:00,607.5,1327
2025-07-21 09:48:00,614.4,1341
2025-07-21 09:49:00,621.3,1341
2025-07-21 09:50:00,621.3,1354
2025-07-21 09:51:00,621.3,1361
2025-07-21 09:52:00,621.4,1361
2025-07-21 09:53:00,635.2,1375
2025-07-21 09:54:00,635.2,1375
2025-07-21 09:55:00,635.2,1381
2025-07-21 09:56:00,635.1,1388
2025-07-21 09:57:00,642.1,1395
2025-07-21 09:58:00,649,1402
2025-07-21 09:59:00,649,1409
2025-07-21 10:00:00,649,1415
2025-07-21 10:01:00,649,1422
2025-07-21 10:02:00,649,1425
2025-07-21 10:03:00,662.8,1432
2025-07-21 10:04:00,662.8,1442
2025-07-21 10:05:00,662.8,1449
2025-07-21 10:06:00,662.8,1453
2025-07-21 10:07:00,676.6,1463
2025-07-21 10:08:00,676.6,1470
2025-07-21 10:09:00,676.6,1476
2025-07-21 10:10:00,676.6,1476
2025-07-21 10:11:00,690.4,1483
2025-07-21 10:12:00,690.4,1490
2025-07-21 10:13:00,690.4,1497
2025-07-21 10:14:00,690.4,1503
2025-07-21 10:15:00,690.5,QCF
2025-07-21 10:16:00,690.5,QCF
2025-07-21 10:17:00,704.3,QCF
2025-07-21 10:18:00,QCF,QCF
2025-07-21 10:19:00,QCF,QCF
2025-07-21 10:20:00,QCF,QCF
2025-07-21 10:21:00,QCF,QCF
2025-07-21 10:22:00,QCF,QCF
2025-07-21 10:23:00,QCF,QCF
2025-07-21 10:24:00,QCF,QCF
2025-07-21 10:25:00,QCF,QCF
2025-07-21 10:26:00,QCF,QCF
2025-07-21 10:27:00,QCF,QCF
2025-07-21 10:28:00,QCF,QCF
2025-07-21 10:29:00,QCF,QCF
2025-07-21 10:30:00,732,1592
2025-07-21 10:31:00,745.8,1612
2025-07-21 10:32:00,745.8,1612
2025-07-21 10:33:00,745.8,1619
2025-07-21 10:34:00,745.8,1619
2025-07-21 10:35:00,745.8,1619
2025-07-21 10:36:00,752.6,1632
2025-07-21 10:37:00,759.5,1639
2025-07-21 10:38:00,745.8,1639
2025-07-21 10:39:00,759.6,1646
2025-07-21 10:40:00,759.6,1653
2025-07-21 10:41:00,759.6,1653
2025-07-21 10:42:00,773.4,1666
2025-07-21 10:43:00,773.4,1666
2025-07-21 10:44:00,773.4,1673
2025-07-21 10:45:00,773.4,1680
2025-07-21 10:46:00,773.4,1680
2025-07-21 10:47:00,773.4,1680
2025-07-21 10:48:00,773.4,1680
2025-07-21 10:49:00,787.3,1693
2025-07-21 10:50:00,787.3,1700
2025-07-21 10:51:00,787.3,1697
2025-07-21 10:52:00,787.3,1710
2025-07-21 10:53:00,801,1721
2025-07-21 10:54:00,801,1721
2025-07-21 10:55:00,801,1731
2025-07-21 10:56:00,801,1734
2025-07-21 10:57:00,808,1741
2025-07-21 10:58:00,808,1748
2025-07-21 10:59:00,815,1754
2025-07-21 11:00:00,815,1754
2025-07-21 11:01:00,815,1754
2025-07-21 11:02:00,815,1761
2025-07-21 11:03:00,815,1768
2025-07-21 11:04:00,815,1775
2025-07-21 11:05:00,QCF,QCF
2025-07-21 11:06:00,829,1778
2025-07-21 11:07:00,829,1782
2025-07-21 11:08:00,829,1788
2025-07-21 11:09:00,829,1795
2025-07-21 11:10:00,829,1802
2025-07-21 11:11:00,843,1802
2025-07-21 11:12:00,843,1809
2025-07-21 11:13:00,843,1812
2025-07-21 11:14:00,843,1819
2025-07-21 11:15:00,843,1826
2025-07-21 11:16:00,843,1829
2025-07-21 11:17:00,870,QCF
2025-07-21 11:18:00,870,QCF
2025-07-21 11:19:00,QCF,QCF
2025-07-21 11:20:00,QCF,QCF
2025-07-21 11:21:00,QCF,QCF
2025-07-21 11:22:00,QCF,QCF
2025-07-21 11:23:00,QCF,QCF
2025-07-21 11:24:00,QCF,QCF
2025-07-21 11:25:00,QCF,QCF
2025-07-21 11:26:00,QCF,QCF
2025-07-21 11:27:00,QCF,QCF
2025-07-21 11:28:00,QCF,QCF
2025-07-21 11:29:00,QCF,QCF
2025-07-21 11:30:00,884,1890
2025-07-21 11:31:00,884,1890
2025-07-21 11:32:00,884,1897
2025-07-21 11:33:00,884,1897
2025-07-21 11:34:00,898,1910
2025-07-21 11:35:00,898,1917
2025-07-21 11:36:00,898,1910
2025-07-21 11:37:00,248.6,677.4
2025-07-21 11:38:00,635.3,1443
2025-07-21 11:39:00,276.2,751.9
2025-07-21 11:40:00,925,1985
2025-07-21 11:41:00,939,2012
2025-07-21 11:42:00,925,1964
2025-07-21 11:43:00,925,1964
2025-07-21 11:44:00,912,1961
2025-07-21 11:45:00,925,1964
2025-07-21 11:46:00,925,1964
2025-07-21 11:47:00,925,1975
2025-07-21 11:48:00,918,1958
2025-07-21 11:49:00,918,1951
2025-07-21 11:50:00,925,1978
2025-07-21 11:51:00,939,2012
2025-07-21 11:52:00,939,2019
2025-07-21 11:53:00,939,1998
2025-07-21 11:54:00,939,2008
2025-07-21 11:55:00,939,2012
2025-07-21 11:56:00,939,2019
2025-07-21 11:57:00,953,2025
2025-07-21 11:58:00,953,2019
2025-07-21 11:59:00,953,2019
2025-07-21 12:00:00,953,2032
2025-07-21 12:01:00,953,2032
2025-07-21 12:02:00,953,2032
2025-07-21 12:03:00,967,2046
2025-07-21 12:04:00,967,2059
2025-07-21 12:05:00,967,2059
2025-07-21 12:06:00,967,2066
2025-07-21 12:07:00,967,2063
2025-07-21 12:08:00,981,2073
2025-07-21 12:09:00,981,2086
2025-07-21 12:10:00,981,2097
2025-07-21 12:11:00,994,2110
2025-07-21 12:12:00,1008,2141
2025-07-21 12:13:00,829,1775
2025-07-21 12:14:00,580.1,1341
2025-07-21 12:15:00,1022,2147
2025-07-21 12:16:00,1008,QCF
2025-07-21 12:17:00,1008,QCF
2025-07-21 12:18:00,953,QCF
2025-07-21 12:19:00,QCF,QCF
2025-07-21 12:20:00,QCF,QCF
2025-07-21 12:21:00,QCF,QCF
2025-07-21 12:22:00,QCF,QCF
2025-07-21 12:23:00,QCF,QCF
2025-07-21 12:24:00,QCF,QCF
2025-07-21 12:25:00,QCF,QCF
2025-07-21 12:26:00,345.3,792.5
2025-07-21 12:27:00,276.2,690.9
2025-07-21 12:28:00,QCF,QCF
2025-07-21 12:29:00,QCF,QCF
2025-07-21 12:30:00,400.5,948
2025-07-21 12:31:00,262.4,636.7
2025-07-21 12:32:00,290.1,711.3
2025-07-21 12:33:00,234.8,582.6
2025-07-21 12:34:00,234.8,616.4
2025-07-21 12:35:00,704.4,1558
2025-07-21 12:36:00,1050,2212
2025-07-21 12:37:00,1036,2195
2025-07-21 12:38:00,1036,2181
2025-07-21 12:39:00,1036,2174
2025-07-21 12:40:00,1036,2174
2025-07-21 12:41:00,221,589.3
2025-07-21 12:42:00,262.4,718
2025-07-21 12:43:00,1057,2235
2025-07-21 12:44:00,1036,2202
2025-07-21 12:45:00,1036,2202
2025-07-21 12:46:00,297,785.8
2025-07-21 12:47:00,290.1,779
2025-07-21 12:48:00,1064,2242
2025-07-21 12:49:00,1050,2239
2025-07-21 12:50:00,1050,2235
2025-07-21 12:51:00,1077,2283
2025-07-21 12:52:00,815,1761
2025-07-21 12:53:00,725.1,1612
2025-07-21 12:54:00,359.1,860
2025-07-21 12:55:00,276.2,697.7
2025-07-21 12:56:00,276.2,690.9
2025-07-21 12:57:00,303.9,724.8
2025-07-21 12:58:00,490.3,1131
2025-07-21 12:59:00,414.4,962
2025-07-21 13:00:00,345.3,826
2025-07-21 13:01:00,414.4,948
2025-07-21 13:02:00,372.9,894
2025-07-21 13:03:00,290.1,704.5
2025-07-21 13:04:00,303.9,724.8
2025-07-21 13:05:00,331.5,795.9
2025-07-21 13:06:00,1091,2276
2025-07-21 13:07:00,939,2029
2025-07-21 13:08:00,1119,2340
2025-07-21 13:09:00,1119,2347
2025-07-21 13:10:00,1133,2364
2025-07-21 13:11:00,1160,2412
2025-07-21 13:12:00,1160,2432
2025-07-21 13:13:00,1160,2412
2025-07-21 13:14:00,290.1,690.9
2025-07-21 13:15:00,317.7,758.7
2025-07-21 13:16:00,QCF,QCF
2025-07-21 13:17:00,414.4,928
2025-07-21 13:18:00,372.9,874
2025-07-21 13:19:00,317.7,758.7
2025-07-21 13:20:00,303.9,724.8
2025-07-21 13:21:00,303.9,711.3
2025-07-21 13:22:00,317.7,745.1
2025-07-21 13:23:00,538.7,1219
2025-07-21 13:24:00,QCF,QCF
2025-07-21 13:25:00,QCF,QCF
2025-07-21 13:26:00,QCF,QCF
2025-07-21 13:27:00,QCF,QCF
2025-07-21 13:28:00,QCF,QCF
2025-07-21 13:29:00,QCF,2520
2025-07-21 13:30:00,1243,2601
2025-07-21 13:31:00,1271,2642
2025-07-21 13:32:00,815,1761
2025-07-21 13:33:00,455.8,1023
2025-07-21 13:34:00,580.1,1307
2025-07-21 13:35:00,400.5,921
2025-07-21 13:36:00,442,1023
2025-07-21 13:37:00,372.9,854
2025-07-21 13:38:00,345.3,799.3
2025-07-21 13:39:00,317.7,758.7
2025-07-21 13:40:00,359.1,840
2025-07-21 13:41:00,469.6,1084
2025-07-21 13:42:00,1174,2384
2025-07-21 13:43:00,331.5,779
2025-07-21 13:44:00,359.1,840
2025-07-21 13:45:00,1174,2405
2025-07-21 13:46:00,1188,2445
2025-07-21 13:47:00,1160,2398
2025-07-21 13:48:00,428.2,975
2025-07-21 13:49:00,276.2,650.3
2025-07-21 13:50:00,269.3,643.5
2025-07-21 13:51:00,276.2,657.1
2025-07-21 13:52:00,552.5,1226
2025-07-21 13:53:00,1133,2323
2025-07-21 13:54:00,1133,2354
2025-07-21 13:55:00,1105,2283
2025-07-21 13:56:00,1091,2283
2025-07-21 13:57:00,1077,2262
2025-07-21 13:58:00,1077,2273
2025-07-21 13:59:00,1077,2269
2025-07-21 14:00:00,1077,2269
2025-07-21 14:01:00,1064,2249
2025-07-21 14:02:00,1050,2242
2025-07-21 14:03:00,1050,2235
2025-07-21 14:04:00,1050,2235
2025-07-21 14:05:00,1050,2242
2025-07-21 14:06:00,1057,2246
2025-07-21 14:07:00,1077,2262
2025-07-21 14:08:00,939,1998
2025-07-21 14:09:00,1077,2262
2025-07-21 14:10:00,1105,2317
2025-07-21 14:11:00,1105,2307
2025-07-21 14:12:00,1146,2364
2025-07-21 14:13:00,1160,2401
2025-07-21 14:14:00,1174,QCF
2025-07-21 14:15:00,QCF,QCF
2025-07-21 14:16:00,QCF,QCF
2025-07-21 14:17:00,QCF,QCF
2025-07-21 14:18:00,317.7,711.3
2025-07-21 14:19:00,290.1,657.1
2025-07-21 14:20:00,276.2,636.7
2025-07-21 14:21:00,276.2,623.2
2025-07-21 14:22:00,290.1,650.3
2025-07-21 14:23:00,829,1721
2025-07-21 14:24:00,303.9,677.4
2025-07-21 14:25:00,248.6,572.4
2025-07-21 14:26:00,221,501.3
2025-07-21 14:27:00,193.4,453.9
2025-07-21 14:28:00,179.6,420
2025-07-21 14:29:00,165.7,392.9
2025-07-21 14:30:00,165.7,372.6
2025-07-21 14:31:00,151.9,345.5
2025-07-21 14:32:00,138.1,331.9
2025-07-21 14:33:00,138.1,318.4
2025-07-21 14:34:00,138.1,311.6
2025-07-21 14:35:00,138.1,311.6
2025-07-21 14:36:00,138.1,318.4
2025-07-21 14:37:00,138.1,318.4
2025-07-21 14:38:00,138.1,325.1
2025-07-21 14:39:00,138.1,331.9
2025-07-21 14:40:00,138.1,331.9
2025-07-21 14:41:00,151.9,338.7
2025-07-21 14:42:00,165.7,372.6
2025-07-21 14:43:00,193.4,426.8
2025-07-21 14:44:00,207.2,480.9
2025-07-21 14:45:00,221,508
2025-07-21 14:46:00,234.8,528.4
2025-07-21 14:47:00,248.6,548.7
2025-07-21 14:48:00,262.4,575.8
2025-07-21 14:49:00,276.2,623.2
2025-07-21 14:50:00,317.7,704.5
2025-07-21 14:51:00,345.3,785.8
2025-07-21 14:52:00,400.5,908
2025-07-21 14:53:00,843,1768
2025-07-21 14:54:00,290.1,657.1
2025-07-21 14:55:00,248.6,589.3
2025-07-21 14:56:00,248.6,582.6
2025-07-21 14:57:00,276.2,643.5
2025-07-21 14:58:00,303.9,704.5
2025-07-21 14:59:00,359.1,826
2025-07-21 15:00:00,372.9,854
2025-07-21 15:01:00,1091,2276
2025-07-21 15:02:00,1077,2256
2025-07-21 15:03:00,1077,2262
2025-07-21 15:04:00,1077,2249
2025-07-21 15:05:00,1050,2208
2025-07-21 15:06:00,1036,2181
2025-07-21 15:07:00,1050,2202
2025-07-21 15:08:00,1036,2188
2025-07-21 15:09:00,1036,2161
2025-07-21 15:10:00,1008,2141
2025-07-21 15:11:00,1008,2113
2025-07-21 15:12:00,981,2073
2025-07-21 15:13:00,994,2093
2025-07-21 15:14:00,552.5,1219
2025-07-21 15:15:00,1008,2080
2025-07-21 15:16:00,511,1158
2025-07-21 15:17:00,262.4,623.2
2025-07-21 15:18:00,234.8,569
2025-07-21 15:19:00,221,535.1
2025-07-21 15:20:00,248.6,596.1
2025-07-21 15:21:00,372.9,840
2025-07-21 15:22:00,303.9,697.7
2025-07-21 15:23:00,898,1815
2025-07-21 15:24:00,898,1826
2025-07-21 15:25:00,QCF,QCF
2025-07-21 15:26:00,QCF,QCF
2025-07-21 15:27:00,QCF,QCF
2025-07-21 15:28:00,QCF,QCF
2025-07-21 15:29:00,939,QCF
2025-07-21 15:30:00,497.2,1165
2025-07-21 15:31:00,898,1890
2025-07-21 15:32:00,891,1883
2025-07-21 15:33:00,953,1978
2025-07-21 15:34:00,994,2046
2025-07-21 15:35:00,593.9,1294
2025-07-21 15:36:00,317.7,731.6
2025-07-21 15:37:00,345.3,806
2025-07-21 15:38:00,303.9,684.2
2025-07-21 15:39:00,290.1,670.6
2025-07-21 15:40:00,276.2,630
2025-07-21 15:41:00,262.4,589.3
2025-07-21 15:42:00,234.8,535.1
2025-07-21 15:43:00,221,504.7
2025-07-21 15:44:00,221,501.3
2025-07-21 15:45:00,234.8,548.7
2025-07-21 15:46:00,317.7,690.9
2025-07-21 15:47:00,276.2,609.7
2025-07-21 15:48:00,276.2,623.2
2025-07-21 15:49:00,290.1,630
2025-07-21 15:50:00,290.1,663.8
2025-07-21 15:51:00,663,1389
2025-07-21 15:52:00,442,969
2025-07-21 15:53:00,732,1524
2025-07-21 15:54:00,912,1843
2025-07-21 15:55:00,442,992
2025-07-21 15:56:00,497.2,1124
2025-07-21 15:57:00,912,1890
2025-07-21 15:58:00,932,1944
2025-07-21 15:59:00,912,1910
2025-07-21 16:00:00,884,1863
2025-07-21 16:01:00,870,1829
2025-07-21 16:02:00,829,1765
2025-07-21 16:03:00,815,1714
2025-07-21 16:04:00,787.3,1666
2025-07-21 16:05:00,773.5,1626
2025-07-21 16:06:00,759.7,1605
2025-07-21 16:07:00,773.5,1633
2025-07-21 16:08:00,773.5,1646
2025-07-21 16:09:00,773.5,1646
2025-07-21 16:10:00,773.5,1639
2025-07-21 16:11:00,759.7,1633
2025-07-21 16:12:00,759.7,1629
2025-07-21 16:13:00,759.7,1619
2025-07-21 16:14:00,745.8,1605
2025-07-21 16:15:00,745.8,1585
2025-07-21 16:16:00,745.8,1599
2025-07-21 16:17:00,745.8,1599
2025-07-21 16:18:00,745.8,1599
2025-07-21 16:19:00,745.8,1599
2025-07-21 16:20:00,745.8,1578
2025-07-21 16:21:00,732,1565
2025-07-21 16:22:00,732,1565
2025-07-21 16:23:00,732,1572
2025-07-21 16:24:00,745.8,1578
2025-07-21 16:25:00,732,1565
2025-07-21 16:26:00,732,1558
2025-07-21 16:27:00,732,QCF
2025-07-21 16:28:00,732,QCF
2025-07-21 16:29:00,718.2,1524
2025-07-21 16:30:00,718.2,1504
2025-07-21 16:31:00,732,1548
2025-07-21 16:32:00,732,1544
2025-07-21 16:33:00,718.2,1544
2025-07-21 16:34:00,718.2,1531
2025-07-21 16:35:00,704.4,1511
2025-07-21 16:36:00,718.2,1524
2025-07-21 16:37:00,690.6,1480
2025-07-21 16:38:00,690.6,1477
2025-07-21 16:39:00,690.6,1477
2025-07-21 16:40:00,676.8,1456
2025-07-21 16:41:00,690.6,1463
2025-07-21 16:42:00,676.8,1456
2025-07-21 16:43:00,690.6,1470
2025-07-21 16:44:00,690.6,1480
2025-07-21 16:45:00,690.6,1483
2025-07-21 16:46:00,704.4,1483
2025-07-21 16:47:00,690.6,1470
2025-07-21 16:48:00,690.6,1450
2025-07-21 16:49:00,676.8,1436
2025-07-21 16:50:00,676.8,1443
2025-07-21 16:51:00,676.8,1436
2025-07-21 16:52:00,676.8,1429
2025-07-21 16:53:00,676.8,1423
2025-07-21 16:54:00,676.8,1429
2025-07-21 16:55:00,676.8,1436
2025-07-21 16:56:00,690.6,1450
2025-07-21 16:57:00,690.6,1450
2025-07-21 16:58:00,690.6,1436
2025-07-21 16:59:00,635.4,1355
2025-07-21 17:00:00,704.4,1483
2025-07-21 17:01:00,718.2,1490
2025-07-21 17:02:00,732,1511
2025-07-21 17:03:00,732,1511
2025-07-21 17:04:00,732,1517
2025-07-21 17:05:00,745.8,1524
2025-07-21 17:06:00,732,1524
2025-07-21 17:07:00,725.1,1497
2025-07-21 17:08:00,718.2,1463
2025-07-21 17:09:00,704.4,1443
2025-07-21 17:10:00,704.4,1456
2025-07-21 17:11:00,704.4,1450
2025-07-21 17:12:00,718.2,1456
2025-07-21 17:13:00,704.4,1446
2025-07-21 17:14:00,704.4,1436
2025-07-21 17:15:00,690.6,1409
2025-07-21 17:16:00,676.8,1382
2025-07-21 17:17:00,663,1355
2025-07-21 17:18:00,676.8,1351
2025-07-21 17:19:00,290.1,623.2
2025-07-21 17:20:00,234.8,541.9
2025-07-21 17:21:00,359.1,779
2025-07-21 17:22:00,635.4,1273
2025-07-21 17:23:00,621.5,1273
2025-07-21 17:24:00,635.4,1267
2025-07-21 17:25:00,593.9,1213
2025-07-21 17:26:00,538.7,1111
2025-07-21 17:27:00,621.5,1253
2025-07-21 17:28:00,607.7,1240
2025-07-21 17:29:00,442,921
2025-07-21 17:30:00,179.6,453.9
2025-07-21 17:31:00,165.7,426.8
2025-07-21 17:32:00,276.2,623.2
2025-07-21 17:33:00,331.5,697.7
2025-07-21 17:34:00,538.7,959
2025-07-21 17:35:00,359.1,643.5
2025-07-21 17:36:00,497.2,731.6
2025-07-21 17:37:00,497.2,643.5
2025-07-21 17:38:00,524.9,575.8
2025-07-21 17:39:00,524.9,528.4
2025-07-21 17:40:00,538.7,487.7
2025-07-21 17:41:00,538.7,453.9
2025-07-21 17:42:00,524.9,430.1
2025-07-21 17:43:00,165.7,420
2025-07-21 17:44:00,151.9,392.9
2025-07-21 17:45:00,138.1,386.1
2025-07-21 17:46:00,221,392.9
2025-07-21 17:47:00,262.4,399.7
2025-07-21 17:48:00,207.2,392.9
2025-07-21 17:49:00,165.7,379.3
2025-07-21 17:50:00,138.1,365.8
2025-07-21 17:51:00,138.1,359
2025-07-21 17:52:00,138.1,365.8
2025-07-21 17:53:00,138.1,365.8
2025-07-21 17:54:00,138.1,359
2025-07-21 17:55:00,138.1,352.2
2025-07-21 17:56:00,124.3,345.5
2025-07-21 17:57:00,124.3,338.7
2025-07-21 17:58:00,124.3,331.9
2025-07-21 17:59:00,124.3,304.8
2025-07-21 18:00:00,110.5,291.3
2025-07-21 18:01:00,110.5,304.8
2025-07-21 18:02:00,124.3,304.8
2025-07-21 18:03:00,124.3,325.1
2025-07-21 18:04:00,138.1,331.9
2025-07-21 18:05:00,138.1,325.1
2025-07-21 18:06:00,124.3,311.6
2025-07-21 18:07:00,124.3,298.1
2025-07-21 18:08:00,110.5,284.5
2025-07-21 18:09:00,110.5,271
2025-07-21 18:10:00,110.5,264.2
2025-07-21 18:11:00,110.5,264.2
2025-07-21 18:12:00,110.5,264.2
2025-07-21 18:13:00,110.5,264.2
2025-07-21 18:14:00,110.5,250.6
2025-07-21 18:15:00,96.7,243.9
2025-07-21 18:16:00,96.7,230.3
2025-07-21 18:17:00,82.9,216.8
2025-07-21 18:18:00,82.9,196.4
2025-07-21 18:19:00,82.9,182.9
2025-07-21 18:20:00,82.9,169.3
2025-07-21 18:21:00,69.06,155.8
2025-07-21 18:22:00,69.06,142.3
2025-07-21 18:23:00,55.25,128.7
2025-07-21 18:24:00,55.25,115.2
2025-07-21 18:25:00,55.25,108.4
2025-07-21 18:26:00,41.44,94.8
2025-07-21 18:27:00,41.44,88.1
2025-07-21 18:28:00,41.44,84.7
2025-07-21 18:29:00,41.44,81.3
2025-07-21 18:30:00,41.44,74.51
2025-07-21 18:31:00,41.44,67.74
2025-07-21 18:32:00,41.44,67.74
2025-07-21 18:33:00,27.62,64.35
2025-07-21 18:34:00,27.62,67.74
2025-07-21 18:35:00,27.62,67.74
2025-07-21 18:36:00,27.62,60.97
2025-07-21 18:37:00,27.62,60.97
2025-07-21 18:38:00,27.62,60.97
2025-07-21 18:39:00,27.62,60.97
2025-07-21 18:40:00,27.62,54.19
2025-07-21 18:41:00,27.62,54.19
2025-07-21 18:42:00,27.62,54.19
2025-07-21 18:43:00,27.62,47.42
2025-07-21 18:44:00,27.62,47.42
2025-07-21 18:45:00,27.62,47.42
2025-07-21 18:46:00,27.62,47.42
2025-07-21 18:47:00,27.62,40.64
2025-07-21 18:48:00,QCF,40.64
2025-07-21 18:49:00,27.62,40.64
2025-07-21 18:50:00,QCF,40.64
2025-07-21 18:51:00,27.62,40.64
2025-07-21 18:52:00,QCF,40.64
2025-07-21 18:53:00,QCF,40.64
2025-07-21 18:54:00,QCF,40.64
2025-07-21 18:55:00,QCF,40.64
2025-07-21 18:56:00,QCF,33.87
2025-07-21 18:57:00,QCF,33.87
2025-07-21 18:58:00,QCF,33.87
2025-07-21 18:59:00,QCF,33.87
2025-07-21 19:00:00,QCF,33.87
2025-07-21 19:01:00,QCF,33.87
2025-07-21 19:02:00,QCF,33.86
2025-07-21 19:03:00,QCF,33.86
2025-07-21 19:04:00,QCF,33.86
2025-07-21 19:05:00,QCF,33.86
2025-07-21 19:06:00,QCF,27.09
2025-07-21 19:07:00,QCF,27.09
2025-07-21 19:08:00,QCF,33.86
2025-07-21 19:09:00,QCF,30.48
2025-07-21 19:10:00,QCF,30.48
2025-07-21 19:11:00,QCF,30.47
2025-07-21 19:12:00,QCF,33.86
2025-07-21 19:13:00,QCF,33.86
2025-07-21 19:14:00,QCF,33.86
2025-07-21 19:15:00,QCF,33.86
2025-07-21 19:16:00,QCF,33.86
2025-07-21 19:17:00,QCF,33.86
2025-07-21 19:18:00,QCF,33.86
2025-07-21 19:19:00,QCF,33.86
2025-07-21 19:20:00,QCF,33.86
2025-07-21 19:21:00,QCF,33.86
2025-07-21 19:22:00,QCF,33.86
2025-07-21 19:23:00,QCF,33.86
2025-07-21 19:24:00,QCF,37.24
2025-07-21 19:25:00,20.71,40.63
2025-07-21 19:26:00,QCF,40.63
2025-07-21 19:27:00,27.61,40.63
2025-07-21 19:28:00,27.61,40.63
2025-07-21 19:29:00,27.61,40.63
2025-07-21 19:30:00,27.61,40.63
2025-07-21 19:31:00,27.61,40.63
2025-07-21 19:32:00,27.61,40.63
2025-07-21 19:58:00,20.71,33.86
2025-07-21 19:59:00,27.61,33.86
2025-07-21 20:00:00,27.61,33.86
2025-07-24 06:02:00,0,6.77
2025-07-24 06:03:00,0,6.77
2025-07-24 06:04:00,0,6.77
2025-07-24 06:05:00,0,6.77
2025-07-24 06:06:00,0,6.77
2025-07-24 06:07:00,0,6.77
2025-07-24 06:08:00,0,6.77
2025-07-24 06:09:00,0,6.77
2025-07-24 06:10:00,0,6.77
2025-07-24 06:11:00,0,6.77
2025-07-24 06:12:00,0,6.77
2025-07-24 06:13:00,0,10.16
2025-07-24 06:14:00,0,13.54
2025-07-24 06:15:00,0,13.54
2025-07-24 06:16:00,0,13.54
2025-07-24 06:17:00,0,13.54
2025-07-24 06:18:00,0,13.54
2025-07-24 06:19:00,0,20.31
2025-07-24 06:20:00,0,20.31
2025-07-24 06:21:00,0,20.31
2025-07-24 06:22:00,0,20.31
2025-07-24 06:23:00,0,27.08
2025-07-24 06:24:00,0,27.08
2025-07-24 06:25:00,0,27.08
2025-07-24 06:26:00,0,33.85
2025-07-24 06:27:00,0,33.85
2025-07-24 06:28:00,0,33.85
2025-07-24 06:29:00,0,40.62
2025-07-24 06:30:00,0,40.62
2025-07-24 06:31:00,27.61,40.62
2025-07-24 06:32:00,27.61,40.62
2025-07-24 06:33:00,27.61,40.62
2025-07-24 06:34:00,27.61,40.62
2025-07-24 06:35:00,27.61,47.39
2025-07-24 06:36:00,27.61,47.39
2025-07-24 06:37:00,27.61,47.4
2025-07-24 06:38:00,27.61,54.17
2025-07-24 06:39:00,27.61,54.17
2025-07-24 06:40:00,27.61,60.94
2025-07-24 06:41:00,27.61,60.94
2025-07-24 06:42:00,41.42,67.71
2025-07-24 06:43:00,55.22,81.2
2025-07-24 06:44:00,55.22,88
2025-07-24 06:45:00,69.03,94.8
2025-07-24 06:46:00,69.03,94.8
2025-07-24 06:47:00,69.03,101.6
2025-07-24 06:48:00,69.03,108.3
2025-07-24 06:49:00,69.03,115.1
2025-07-24 06:50:00,82.8,121.9
2025-07-24 06:51:00,82.8,121.9
2025-07-24 06:52:00,82.8,128.6
2025-07-24 06:53:00,82.8,135.4
2025-07-24 06:54:00,82.8,142.2
2025-07-24 06:55:00,82.8,149
2025-07-24 06:56:00,82.8,152.3
2025-07-24 06:57:00,82.8,155.7
2025-07-24 06:58:00,82.8,162.5
2025-07-24 06:59:00,89.7,169.3
2025-07-24 07:00:00,96.6,176
2025-07-24 07:01:00,96.6,182.8
2025-07-24 07:02:00,96.6,189.6
2025-07-24 07:03:00,96.6,196.3
2025-07-24 07:04:00,110.4,203.1
2025-07-24 07:05:00,110.4,209.9
2025-07-24 07:06:00,110.4,209.9
2025-07-24 07:07:00,110.4,216.7
2025-07-24 07:08:00,117.3,223.4
2025-07-24 07:09:00,124.2,230.2
2025-07-24 07:10:00,124.2,230.2
2025-07-24 07:11:00,124.2,243.7
2025-07-24 07:12:00,124.2,250.5
2025-07-24 07:13:00,131.2,257.3
2025-07-24 07:14:00,124.2,257.3
2025-07-24 07:15:00,QCF,QCF
2025-07-24 07:16:00,QCF,QCF
2025-07-24 07:17:00,138.1,QCF
2025-07-24 07:18:00,138.1,284.4
2025-07-24 07:19:00,QCF,291.1
2025-07-24 07:20:00,151.9,304.7
2025-07-24 07:21:00,151.9,304.7
2025-07-24 07:22:00,151.9,311.4
2025-07-24 07:23:00,151.9,325
2025-07-24 07:24:00,165.7,331.8
2025-07-24 07:25:00,165.7,331.8
2025-07-24 07:26:00,165.7,338.5
2025-07-24 07:27:00,165.7,345.3
2025-07-24 07:28:00,165.7,352.1
2025-07-24 07:29:00,165.7,358.8
2025-07-24 07:30:00,165.7,358.8
2025-07-24 07:31:00,179.5,365.6
2025-07-24 07:32:00,179.5,379.2
2025-07-24 07:33:00,179.5,382.5
2025-07-24 07:34:00,179.5,385.9
2025-07-24 07:35:00,179.5,392.7
2025-07-24 07:36:00,193.3,406.2
2025-07-24 07:37:00,193.3,406.2
2025-07-24 07:38:00,193.3,413
2025-07-24 07:39:00,193.3,419.8
2025-07-24 07:40:00,193.3,426.5
2025-07-24 07:41:00,207.1,433.3
2025-07-24 07:42:00,207.1,440.1
2025-07-24 07:43:00,207.1,440.1
2025-07-24 07:44:00,207.1,446.9
2025-07-24 07:45:00,207.1,453.6
2025-07-24 07:46:00,207.1,460.4
2025-07-24 07:47:00,207.1,467.2
2025-07-24 07:48:00,220.9,473.9
2025-07-24 07:49:00,220.9,480.7
2025-07-24 07:50:00,220.9,487.5
2025-07-24 07:51:00,220.9,487.5
2025-07-24 07:52:00,220.9,494.3
2025-07-24 07:53:00,220.9,494.3
2025-07-24 07:54:00,220.9,501
2025-07-24 07:55:00,234.7,507.8
2025-07-24 07:56:00,234.7,514.6
2025-07-24 07:57:00,234.7,521.3
2025-07-24 07:58:00,241.6,531.5
2025-07-24 07:59:00,248.5,541.7
2025-07-24 08:00:00,248.5,548.4
2025-07-24 08:01:00,248.5,548.4
2025-07-24 08:02:00,248.5,555.2
2025-07-24 08:03:00,248.5,562
2025-07-24 08:04:00,262.3,568.8
2025-07-24 08:05:00,262.3,582.3
2025-07-24 08:06:00,262.3,589.1
2025-07-24 08:07:00,276.1,595.9
2025-07-24 08:08:00,276.1,595.9
2025-07-24 08:09:00,276.1,602.6
2025-07-24 08:10:00,283,609.4
2025-07-24 08:11:00,289.9,623
2025-07-24 08:12:00,289.9,629.7
2025-07-24 08:13:00,289.9,636.5
2025-07-24 08:14:00,303.7,643.3
2025-07-24 08:15:00,303.8,656.8
2025-07-24 08:16:00,303.8,663.6
2025-07-24 08:17:00,310.7,670.4
2025-07-24 08:18:00,317.6,677.1
2025-07-24 08:19:00,317.6,683.9
2025-07-24 08:20:00,317.6,690.7
2025-07-24 08:21:00,317.6,697.5
2025-07-24 08:22:00,331.4,704.2
2025-07-24 08:23:00,331.4,717.8
2025-07-24 08:24:00,331.4,724.6
2025-07-24 08:25:00,338.3,731.3
2025-07-24 08:26:00,345.2,738.1
2025-07-24 08:27:00,345.2,744.9
2025-07-24 08:28:00,345.2,751.6
2025-07-24 08:29:00,345.2,758.4
2025-07-24 08:30:00,359,772
2025-07-24 08:31:00,359,775.3
2025-07-24 08:32:00,359,785.5
2025-07-24 08:33:00,359,792.3
2025-07-24 08:34:00,372.8,799.1
2025-07-24 08:35:00,372.8,806
2025-07-24 08:36:00,372.8,819
2025-07-24 08:37:00,372.8,826
2025-07-24 08:38:00,379.7,833
2025-07-24 08:39:00,386.6,840
2025-07-24 08:40:00,386.6,846
2025-07-24 08:41:00,393.5,853
2025-07-24 08:42:00,400.4,860
2025-07-24 08:43:00,400.4,874
2025-07-24 08:44:00,400.4,880
2025-07-24 08:45:00,414.2,887
2025-07-24 08:46:00,414.2,894
2025-07-24 08:47:00,414.2,901
2025-07-24 08:48:00,414.2,907
2025-07-24 08:49:00,414.2,914
2025-07-24 08:50:00,428,921
2025-07-24 08:51:00,428,928
2025-07-24 08:52:00,428,934
2025-07-24 08:53:00,428,941
2025-07-24 08:54:00,441.8,948
2025-07-24 08:55:00,441.8,962
2025-07-24 08:56:00,441.8,968
2025-07-24 08:57:00,441.8,975
2025-07-24 08:58:00,455.6,982
2025-07-24 08:59:00,455.6,989
2025-07-24 09:00:00,455.6,995
2025-07-24 09:01:00,455.6,1002
2025-07-24 09:02:00,462.5,1009
2025-07-24 09:03:00,469.4,1016
2025-07-24 09:04:00,469.4,1023
2025-07-24 09:05:00,469.4,1029
2025-07-24 09:06:00,469.4,1036
2025-07-24 09:07:00,483.3,1050
2025-07-24 09:08:00,483.3,1053
2025-07-24 09:09:00,483.3,1056
2025-07-24 09:10:00,497.1,1070
2025-07-24 09:11:00,497.1,1077
2025-07-24 09:12:00,497.1,1083
2025-07-24 09:13:00,497.1,1090
2025-07-24 09:14:00,497.1,1097
2025-07-24 09:15:00,510.9,1104
2025-07-24 09:16:00,510.9,1111
2025-07-24 09:17:00,510.9,1117
2025-07-24 09:18:00,524.7,1124
2025-07-24 09:19:00,524.7,1131
2025-07-24 09:20:00,524.7,1138
2025-07-24 09:21:00,524.7,1138
2025-07-24 09:22:00,538.5,1151
2025-07-24 09:23:00,538.5,1165
2025-07-24 09:24:00,538.5,1165
2025-07-24 09:25:00,538.5,1171
2025-07-24 09:26:00,552.3,1185
2025-07-24 09:27:00,552.3,1185
2025-07-24 09:28:00,552.3,1195
2025-07-24 09:29:00,552.3,1199
2025-07-24 09:30:00,552.3,1205
2025-07-24 09:31:00,566.1,1212
2025-07-24 09:32:00,566.1,1226
2025-07-24 09:33:00,566.1,1232
2025-07-24 09:34:00,566.1,1232
2025-07-24 09:35:00,579.9,1239
2025-07-24 09:36:00,579.9,1253
2025-07-24 09:37:00,579.9,1260
2025-07-24 09:38:00,586.8,1266
2025-07-24 09:39:00,586.8,1260
2025-07-24 09:40:00,593.7,1280
2025-07-24 09:41:00,600.6,1293
2025-07-24 09:42:00,600.6,1293
2025-07-24 09:43:00,607.5,1307
2025-07-24 09:44:00,621.3,1320
2025-07-24 09:45:00,607.5,1300
2025-07-24 09:46:00,607.5,1314
2025-07-24 09:47:00,621.3,1334
2025-07-24 09:48:00,635.1,1348
2025-07-24 09:49:00,635.1,1348
2025-07-24 09:50:00,635.1,1354
2025-07-24 09:51:00,621.3,1341
2025-07-24 09:52:00,635.1,1354
2025-07-24 09:53:00,635.1,1368
2025-07-24 09:54:00,648.9,1375
2025-07-24 09:55:00,648.9,1388
2025-07-24 09:56:00,648.9,1388
2025-07-24 09:57:00,648.9,1395
2025-07-24 09:58:00,655.8,1402
2025-07-24 09:59:00,662.8,1408
2025-07-24 10:00:00,662.8,1408
2025-07-24 10:01:00,662.8,1422
2025-07-24 10:02:00,662.8,1429
2025-07-24 10:03:00,662.8,1429
2025-07-24 10:04:00,662.8,1429
2025-07-24 10:05:00,676.6,1436
2025-07-24 10:06:00,676.6,1456
2025-07-24 10:07:00,690.4,1469
2025-07-24 10:08:00,690.4,1483
2025-07-24 10:09:00,690.4,1483
2025-07-24 10:10:00,704.2,1497
2025-07-24 10:11:00,704.2,1503
2025-07-24 10:12:00,718,1517
2025-07-24 10:13:00,718,1524
2025-07-24 10:14:00,724.9,1544
2025-07-24 10:15:00,731.8,1544
2025-07-24 10:16:00,718,1537
2025-07-24 10:17:00,718,1544
2025-07-24 10:18:00,731.8,1544
2025-07-24 10:19:00,724.9,1544
2025-07-24 10:20:00,718,1537
2025-07-24 10:21:00,731.8,1544
2025-07-24 10:22:00,731.8,1557
2025-07-24 10:23:00,731.8,1557
2025-07-24 10:24:00,731.8,1564
2025-07-24 10:25:00,745.6,1571
2025-07-24 10:26:00,745.6,1578
2025-07-24 10:27:00,745.6,1585
2025-07-24 10:28:00,745.6,1591
2025-07-24 10:29:00,745.6,1598
2025-07-24 10:30:00,745.6,1595
2025-07-24 10:31:00,759.4,1612
2025-07-24 10:32:00,745.6,1571
2025-07-24 10:33:00,745.6,1595
2025-07-24 10:34:00,759.4,1612
2025-07-24 10:35:00,759.4,1618
2025-07-24 10:36:00,759.4,1629
2025-07-24 10:37:00,773.2,1646
2025-07-24 10:38:00,773.2,1642
2025-07-24 10:39:00,773.2,1652
2025-07-24 10:40:00,773.2,1652
2025-07-24 10:41:00,787,1662
2025-07-24 10:42:00,773.2,1666
2025-07-24 10:43:00,787,1673
2025-07-24 10:44:00,787,1673
2025-07-24 10:45:00,787,1676
2025-07-24 10:46:00,787,1679
2025-07-24 10:47:00,787,1690
2025-07-24 10:48:00,801,1696
2025-07-24 10:49:00,801,1700
2025-07-24 10:50:00,801,1706
2025-07-24 10:51:00,801,1713
2025-07-24 10:52:00,801,1720
2025-07-24 10:53:00,815,1734
2025-07-24 10:54:00,815,1734
2025-07-24 10:55:00,815,1734
2025-07-24 10:56:00,815,1740
2025-07-24 10:57:00,815,1740
2025-07-24 10:58:00,815,1720
2025-07-24 10:59:00,815,1740
2025-07-24 11:00:00,828,1761
2025-07-24 11:01:00,828,1774
2025-07-24 11:02:00,842,1774
2025-07-24 11:03:00,842,1781
2025-07-24 11:04:00,842,1781
2025-07-24 11:05:00,842,1788
2025-07-24 11:06:00,842,1794
2025-07-24 11:07:00,842,1794
2025-07-24 11:08:00,842,1801
2025-07-24 11:09:00,856,1811
2025-07-24 11:10:00,856,1815
2025-07-24 11:11:00,856,1825
2025-07-24 11:12:00,863,1828
2025-07-24 11:13:00,870,1838
2025-07-24 11:14:00,870,1835
2025-07-24 11:15:00,870,1855
2025-07-24 11:16:00,870,1849
2025-07-24 11:17:00,884,1862
2025-07-24 11:18:00,897,1883
2025-07-24 11:19:00,897,1896
2025-07-24 11:20:00,925,1937
2025-07-24 11:21:00,925,1950
2025-07-24 11:22:00,925,1943
2025-07-24 11:23:00,925,1950
2025-07-24 11:24:00,939,1957
2025-07-24 11:25:00,925,1957
2025-07-24 11:26:00,939,1974
2025-07-24 11:27:00,939,1977
2025-07-24 11:28:00,953,2004
2025-07-24 11:29:00,690.4,1524
2025-07-24 11:30:00,967,2025
2025-07-24 11:31:00,980,2052
2025-07-24 11:32:00,994,2092
2025-07-24 11:33:00,428,1023
2025-07-24 11:34:00,1022,2126
2025-07-24 11:35:00,1036,2160
2025-07-24 11:36:00,276.1,697.5
2025-07-24 11:37:00,787,1720
2025-07-24 11:38:00,1022,2120
2025-07-24 11:39:00,1008,2099
2025-07-24 11:40:00,994,2092
2025-07-24 11:41:00,994,2072
2025-07-24 11:42:00,1008,2086
2025-07-24 11:43:00,1022,2116
2025-07-24 11:44:00,1022,2136
2025-07-24 11:45:00,1008,2106
2025-07-24 11:46:00,870,1876
2025-07-24 11:47:00,1008,2092
2025-07-24 11:48:00,994,2079
2025-07-24 11:49:00,980,2072
2025-07-24 11:50:00,980,2055
2025-07-24 11:51:00,980,2059
2025-07-24 11:52:00,980,2065
2025-07-24 11:53:00,980,2065
2025-07-24 11:54:00,994,2072
2025-07-24 11:55:00,1001,2120
2025-07-24 11:56:00,1022,2150
2025-07-24 11:57:00,434.9,1002
2025-07-24 11:58:00,801,1747
2025-07-24 11:59:00,400.4,968
2025-07-24 12:00:00,207.1,555.3
2025-07-24 12:01:00,220.9,582.4
2025-07-24 12:02:00,248.5,656.9
2025-07-24 12:03:00,718,1571
2025-07-24 12:04:00,1036,2153
2025-07-24 12:05:00,1036,2153
2025-07-24 12:06:00,1036,2153
2025-07-24 12:07:00,1036,2167
2025-07-24 12:08:00,1063,2208
2025-07-24 12:09:00,469.5,1117
2025-07-24 12:10:00,1077,2238
2025-07-24 12:11:00,1063,2201
2025-07-24 12:12:00,1063,2214
2025-07-24 12:13:00,815,1747
2025-07-24 12:14:00,711.1,1581
2025-07-24 12:15:00,1146,2370
2025-07-24 12:16:00,524.7,1185
2025-07-24 12:17:00,303.8,744.9
2025-07-24 12:18:00,1049,2211
2025-07-24 12:19:00,1118,2302
2025-07-24 12:20:00,1105,2275
2025-07-24 12:21:00,1091,2262
2025-07-24 12:22:00,1091,2262
2025-07-24 12:23:00,1105,2282
2025-07-24 12:24:00,1091,2282
2025-07-24 12:25:00,1105,2309
2025-07-24 12:26:00,1118,2330
2025-07-24 12:27:00,1118,2330
2025-07-24 12:28:00,1105,2296
2025-07-24 12:29:00,1091,2269
2025-07-24 12:30:00,1091,2275
2025-07-24 12:31:00,1105,2289
2025-07-24 12:32:00,1077,2255
2025-07-24 12:33:00,345.2,840
2025-07-24 12:34:00,331.4,799.1
2025-07-24 12:35:00,303.8,744.9
2025-07-24 12:36:00,303.8,758.4
2025-07-24 12:37:00,1022,2174
2025-07-24 12:38:00,1063,2225
2025-07-24 12:39:00,414.2,968
2025-07-24 12:40:00,1022,2147
2025-07-24 12:41:00,994,2123
2025-07-24 12:42:00,538.5,1246
2025-07-24 12:43:00,759.4,1693
2025-07-24 12:44:00,372.8,907
2025-07-24 12:45:00,331.4,806
2025-07-24 12:46:00,1105,2316
2025-07-24 12:47:00,345.2,833
2025-07-24 12:48:00,1022,2154
2025-07-24 12:49:00,1008,2120
2025-07-24 12:50:00,1036,2160
2025-07-24 12:51:00,1077,2255
2025-07-24 12:52:00,1077,2272
2025-07-24 12:53:00,1091,2275
2025-07-24 12:54:00,1091,2282
2025-07-24 12:55:00,1091,2296
2025-07-24 12:56:00,1098,2292
2025-07-24 12:57:00,1105,2299
2025-07-24 12:58:00,1105,2309
2025-07-24 12:59:00,1105,2306
2025-07-24 13:00:00,1105,2309
2025-07-24 13:01:00,1119,2323
2025-07-24 13:02:00,1119,2337
2025-07-24 13:03:00,1132,2340
2025-07-24 13:04:00,1132,2343
2025-07-24 13:05:00,1132,2357
2025-07-24 13:06:00,1146,2377
2025-07-24 13:07:00,1174,2425
2025-07-24 13:08:00,1195,2458
2025-07-24 13:09:00,1188,2452
2025-07-24 13:10:00,1188,2459
2025-07-24 13:11:00,1201,2459
2025-07-24 13:12:00,1132,2350
2025-07-24 13:13:00,815,1754
2025-07-24 13:14:00,1201,2475
2025-07-24 13:15:00,1188,2465
2025-07-24 13:16:00,290,684.1
2025-07-24 13:17:00,248.6,596
2025-07-24 13:18:00,248.6,616.4
2025-07-24 13:19:00,593.9,1341
2025-07-24 13:20:00,1146,2384
2025-07-24 13:21:00,1132,2337
2025-07-24 13:22:00,1132,2350
2025-07-24 13:23:00,1133,2337
2025-07-24 13:24:00,1105,2296
2025-07-24 13:25:00,1133,2357
2025-07-24 13:26:00,1146,2384
2025-07-24 13:27:00,1146,2391
2025-07-24 13:28:00,248.6,602.8
2025-07-24 13:29:00,234.8,582.5
2025-07-24 13:30:00,221,555.4
2025-07-24 13:31:00,221,548.7
2025-07-24 13:32:00,221,555.4
2025-07-24 13:33:00,953,2025
2025-07-24 13:34:00,1133,2350
2025-07-24 13:35:00,1119,2323
2025-07-24 13:36:00,1105,2296
2025-07-24 13:37:00,1091,2289
2025-07-24 13:38:00,1091,2279
2025-07-24 13:39:00,1091,2276
2025-07-24 13:40:00,1091,2283
2025-07-24 13:41:00,1105,2303
2025-07-24 13:42:00,1119,2320
2025-07-24 13:43:00,1119,2337
2025-07-24 13:44:00,1133,2357
2025-07-24 13:45:00,1146,2388
2025-07-24 13:46:00,1160,2411
2025-07-24 13:47:00,884,1910
2025-07-24 13:48:00,517.9,1185
2025-07-24 13:49:00,276.2,690.9
2025-07-24 13:50:00,276.2,663.8
2025-07-24 13:51:00,345.3,806
2025-07-24 13:52:00,276.2,663.8
2025-07-24 13:53:00,262.4,609.6
2025-07-24 13:54:00,234.8,562.2
2025-07-24 13:55:00,234.8,541.9
2025-07-24 13:56:00,221,521.6
2025-07-24 13:57:00,221,521.6
2025-07-24 13:58:00,207.2,508
2025-07-24 13:59:00,193.4,487.7
2025-07-24 14:00:00,193.4,474.1
2025-07-24 14:01:00,193.4,474.1
2025-07-24 14:02:00,207.2,508
2025-07-24 14:03:00,234.8,541.9
2025-07-24 14:04:00,248.6,582.5
2025-07-24 14:05:00,276.2,636.7
2025-07-24 14:06:00,317.7,718
2025-07-24 14:07:00,303.9,677.4
2025-07-24 14:08:00,276.2,636.7
2025-07-24 14:09:00,276.2,643.5
2025-07-24 14:10:00,255.5,602.9
2025-07-24 14:11:00,248.6,602.9
2025-07-24 14:12:00,262.4,630
2025-07-24 14:13:00,262.4,630
2025-07-24 14:14:00,276.2,670.6
2025-07-24 14:15:00,262.4,657
2025-07-24 14:16:00,386.7,935
2025-07-24 14:17:00,331.5,820
2025-07-24 14:18:00,469.6,1063
2025-07-24 14:19:00,1105,2283
2025-07-24 14:20:00,1077,2249
2025-07-24 14:21:00,1077,2235
2025-07-24 14:22:00,1077,2242
2025-07-24 14:23:00,1077,2242
2025-07-24 14:24:00,1077,2235
2025-07-24 14:25:00,1077,2222
2025-07-24 14:26:00,1077,2242
2025-07-24 14:27:00,1077,2235
2025-07-24 14:28:00,1063,2228
2025-07-24 14:29:00,1077,2235
2025-07-24 14:30:00,1077,2228
2025-07-24 14:31:00,1077,2235
2025-07-24 14:32:00,1063,2208
2025-07-24 14:33:00,1077,2235
2025-07-24 14:34:00,1091,2262
2025-07-24 14:35:00,1091,2262
2025-07-24 14:36:00,1105,2286
2025-07-24 14:37:00,1105,2286
2025-07-24 14:38:00,1105,2269
2025-07-24 14:39:00,1105,2279
2025-07-24 14:40:00,1091,2255
2025-07-24 14:41:00,1119,2296
2025-07-24 14:42:00,856,1815
2025-07-24 14:43:00,276.2,677.3
2025-07-24 14:44:00,1063,2245
2025-07-24 14:45:00,359.1,833
2025-07-24 14:46:00,912,1944
2025-07-24 14:47:00,1188,2425
2025-07-24 14:48:00,1174,2398
2025-07-24 14:49:00,787.2,1680
2025-07-24 14:50:00,870,1856
2025-07-24 14:51:00,414.3,958
2025-07-24 14:52:00,1174,2405
2025-07-24 14:53:00,469.6,1084
2025-07-24 14:54:00,442,1009
2025-07-24 14:55:00,898,1883
2025-07-24 14:56:00,759.6,1612
2025-07-24 14:57:00,829,1768
2025-07-24 14:58:00,829,1734
2025-07-24 14:59:00,745.8,1585
2025-07-24 15:00:00,1091,2266
2025-07-24 15:01:00,1077,2215
2025-07-24 15:02:00,290,690.9
2025-07-24 15:03:00,234.8,582.5
2025-07-24 15:04:00,248.6,609.6
2025-07-24 15:05:00,248.6,582.5
2025-07-24 15:06:00,248.6,582.5
2025-07-24 15:07:00,248.6,596.1
2025-07-24 15:08:00,262.4,609.6
2025-07-24 15:09:00,276.2,650.3
2025-07-24 15:10:00,290,663.8
2025-07-24 15:11:00,290,684.2
2025-07-24 15:12:00,276.2,657.1
2025-07-24 15:13:00,414.4,935
2025-07-24 15:14:00,994,2025
2025-07-24 15:15:00,856,1809
2025-07-24 15:16:00,870,1822
2025-07-24 15:17:00,981,2008
2025-07-24 15:18:00,1022,2097
2025-07-24 15:19:00,1105,2256
2025-07-24 15:20:00,1077,2202
2025-07-24 15:21:00,1091,2215
2025-07-24 15:22:00,1077,2202
2025-07-24 15:23:00,1077,2208
2025-07-24 15:24:00,1091,2222
2025-07-24 15:25:00,1064,2171
2025-07-24 15:26:00,511,1131
2025-07-24 15:27:00,317.7,738.3
2025-07-24 15:28:00,787.3,1653
2025-07-24 15:29:00,276.2,670.6
2025-07-24 15:30:00,303.9,704.5
2025-07-24 15:31:00,345.3,806
2025-07-24 15:32:00,593.9,1301
2025-07-24 15:33:00,1022,2073
2025-07-24 15:34:00,1015,2066
2025-07-24 15:35:00,994,2032
2025-07-24 15:36:00,967,1992
2025-07-24 15:37:00,234.8,582.6
2025-07-24 15:38:00,234.8,589.3
2025-07-24 15:39:00,234.8,575.8
2025-07-24 15:40:00,400.5,955
2025-07-24 15:41:00,953,1944
2025-07-24 15:42:00,925,1917
2025-07-24 15:43:00,925,1924
2025-07-24 15:44:00,939,1937
2025-07-24 15:45:00,925,1931
2025-07-24 15:46:00,912,1907
2025-07-24 15:47:00,925,1917
2025-07-24 15:48:00,912,1903
2025-07-24 15:49:00,912,1883
2025-07-24 15:50:00,898,1876
2025-07-24 15:51:00,898,1876
2025-07-24 15:52:00,898,1876
2025-07-24 15:53:00,912,1876
2025-07-24 15:54:00,912,1876
2025-07-24 15:55:00,912,1883
2025-07-24 15:56:00,925,1910
2025-07-24 15:57:00,939,1944
2025-07-24 15:58:00,967,1981
2025-07-24 15:59:00,967,1978
2025-07-24 16:00:00,967,1978
2025-07-24 16:01:00,967,1958
2025-07-24 16:02:00,953,1931
2025-07-24 16:03:00,953,1917
2025-07-24 16:04:00,884,1802
2025-07-24 16:05:00,303.9,677.4
2025-07-24 16:06:00,221,514.8
2025-07-24 16:07:00,221,501.3
2025-07-24 16:08:00,221,494.5
2025-07-24 16:09:00,207.2,480.9
2025-07-24 16:10:00,207.2,487.7
2025-07-24 16:11:00,221,494.5
2025-07-24 16:12:00,221,494.5
2025-07-24 16:13:00,234.8,541.9
2025-07-24 16:14:00,248.6,569
2025-07-24 16:15:00,386.7,847
2025-07-24 16:16:00,428.2,942
2025-07-24 16:17:00,290.1,660.5
2025-07-24 16:18:00,290.1,636.7
2025-07-24 16:19:00,303.9,670.6
2025-07-24 16:20:00,524.9,1097
2025-07-24 16:21:00,939,1883
2025-07-24 16:22:00,953,1910
2025-07-24 16:23:00,939,1873
2025-07-24 16:24:00,925,1856
2025-07-24 16:25:00,925,1849
2025-07-24 16:26:00,912,1836
2025-07-24 16:27:00,884,1802
2025-07-24 16:28:00,856,1748
2025-07-24 16:29:00,843,1727
2025-07-24 16:30:00,829,1700
2025-07-24 16:31:00,815,1680
2025-07-24 16:32:00,801,1660
2025-07-24 16:33:00,787.3,1639
2025-07-24 16:34:00,787.3,1619
2025-07-24 16:35:00,759.7,1585
2025-07-24 16:36:00,759.7,1578
2025-07-24 16:37:00,759.7,1565
2025-07-24 16:38:00,759.7,1565
2025-07-24 16:39:00,759.7,1572
2025-07-24 16:40:00,773.5,1592
2025-07-24 16:41:00,483.4,1050
2025-07-24 16:42:00,221,555.5
2025-07-24 16:43:00,386.7,901
2025-07-24 16:44:00,745.8,1531
2025-07-24 16:45:00,745.8,1531
2025-07-24 16:46:00,745.8,1524
2025-07-24 16:47:00,745.8,1517
2025-07-24 16:48:00,372.9,833
2025-07-24 16:49:00,165.7,433.5
2025-07-24 16:50:00,151.9,413.2
2025-07-24 16:51:00,165.7,426.8
2025-07-24 16:52:00,179.6,440.3
2025-07-24 16:53:00,193.4,460.6
2025-07-24 16:54:00,207.2,487.7
2025-07-24 16:55:00,497.2,1050
2025-07-24 16:56:00,317.7,701.1
2025-07-24 16:57:00,690.6,1382
2025-07-24 16:58:00,759.7,1524
2025-07-24 16:59:00,773.5,1531
2025-07-24 17:00:00,759.7,1517
2025-07-24 17:01:00,745.8,1504
2025-07-24 17:02:00,732,1477
2025-07-24 17:03:00,718.2,1450
2025-07-24 17:04:00,711.3,1443
2025-07-24 17:05:00,690.6,1423
2025-07-24 17:06:00,303.9,663.8
2025-07-24 17:07:00,165.7,420
2025-07-24 17:08:00,151.9,406.4
2025-07-24 17:09:00,317.7,731.6
2025-07-24 17:10:00,331.5,745.1
2025-07-24 17:11:00,138.1,372.6
2025-07-24 17:12:00,124.3,345.5
2025-07-24 17:13:00,124.3,325.1
2025-07-24 17:14:00,110.5,318.4
2025-07-24 17:15:00,110.5,318.4
2025-07-24 17:16:00,110.5,318.4
2025-07-24 17:17:00,110.5,318.4
2025-07-24 17:18:00,124.3,338.7
2025-07-24 17:19:00,179.6,447.1
2025-07-24 17:20:00,593.9,1206
2025-07-24 17:21:00,593.9,1206
2025-07-24 17:22:00,165.7,423.4
2025-07-24 17:23:00,124.3,352.2
2025-07-24 17:24:00,124.3,338.7
2025-07-24 17:25:00,124.3,345.5
2025-07-24 17:26:00,110.5,338.7
2025-07-24 17:27:00,124.3,338.7
2025-07-24 17:28:00,124.3,338.7
2025-07-24 17:29:00,124.3,331.9
2025-07-24 17:30:00,124.3,331.9
2025-07-24 17:31:00,124.3,325.1
2025-07-24 17:32:00,151.9,406.4
2025-07-24 17:33:00,552.5,1118
2025-07-24 17:34:00,566.3,1131
2025-07-24 17:35:00,566.3,1138
2025-07-24 17:36:00,566.3,1124
2025-07-24 17:37:00,566.3,1097
2025-07-24 17:38:00,566.3,1050
2025-07-24 17:39:00,552.5,969
2025-07-24 17:40:00,552.5,847
2025-07-24 17:41:00,538.7,704.5
2025-07-24 17:42:00,511,562.2
2025-07-24 17:43:00,504.1,460.6
2025-07-24 17:44:00,497.2,386.1
2025-07-24 17:45:00,497.2,352.2
2025-07-24 17:46:00,497.2,331.9
2025-07-24 17:47:00,483.4,325.1
2025-07-24 17:48:00,469.6,318.4
2025-07-24 17:49:00,442,311.6
2025-07-24 17:50:00,372.9,304.8
2025-07-24 17:51:00,303.9,304.8
2025-07-24 17:52:00,221,304.8
2025-07-24 17:53:00,165.7,304.8
2025-07-24 17:54:00,124.3,311.6
2025-07-24 17:55:00,110.5,318.4
2025-07-24 17:56:00,110.5,325.1
2025-07-24 17:57:00,110.5,325.1
2025-07-24 17:58:00,110.5,325.1
2025-07-24 17:59:00,124.3,325.1
2025-07-24 18:00:00,124.3,331.9
2025-07-24 18:01:00,124.3,331.9
2025-07-24 18:02:00,117.4,325.1
2025-07-24 18:03:00,110.5,318.4
2025-07-24 18:04:00,110.5,325.1
2025-07-24 18:05:00,124.3,325.1
2025-07-24 18:06:00,124.3,325.1
2025-07-24 18:07:00,110.5,318.4
2025-07-24 18:08:00,124.3,318.4
2025-07-24 18:09:00,117.4,318.4
2025-07-24 18:10:00,124.3,318.4
2025-07-24 18:11:00,124.3,325.1
2025-07-24 18:12:00,138.1,331.9
2025-07-24 18:13:00,165.7,338.7
2025-07-24 18:14:00,207.2,345.5
2025-07-24 18:15:00,248.6,345.5
2025-07-24 18:16:00,303.9,365.8
2025-07-24 18:17:00,359.1,406.4
2025-07-24 18:18:00,372.9,487.7
2025-07-24 18:19:00,400.5,582.6
2025-07-24 18:20:00,400.5,663.8
2025-07-24 18:21:00,414.4,724.8
2025-07-24 18:22:00,400.5,751.9
2025-07-24 18:23:00,400.5,765.4
2025-07-24 18:24:00,400.5,765.4
2025-07-24 18:25:00,386.7,745.1
2025-07-24 18:26:00,234.8,494.5
2025-07-24 18:27:00,276.2,569
2025-07-24 18:28:00,262.4,555.5
2025-07-24 18:29:00,276.2,596.1
2025-07-24 18:30:00,290.1,724.8
2025-07-24 18:31:00,221,751.9
2025-07-24 18:32:00,193.4,731.6
2025-07-24 18:33:00,193.4,684.2
2025-07-24 18:34:00,221,623.2
2025-07-24 18:35:00,303.9,541.9
2025-07-24 18:36:00,372.9,460.6
2025-07-24 18:37:00,386.7,420
2025-07-24 18:38:00,372.9,399.7
2025-07-24 18:39:00,372.9,392.9
2025-07-24 18:40:00,345.3,386.1
2025-07-24 18:41:00,331.5,386.1
2025-07-24 18:42:00,165.7,379.3
2025-07-24 18:43:00,165.7,379.3
2025-07-24 18:44:00,179.6,386.1
2025-07-24 18:45:00,165.7,372.6
2025-07-24 18:46:00,165.7,365.8
2025-07-24 18:47:00,96.7,359
2025-07-24 18:48:00,82.9,352.2
2025-07-24 18:49:00,151.9,345.5
2025-07-24 18:50:00,151.9,338.7
2025-07-24 18:51:00,138.1,331.9
2025-07-24 18:52:00,138.1,325.1
2025-07-24 18:53:00,138.1,318.4
2025-07-24 18:54:00,221,426.8
2025-07-24 18:55:00,234.8,440.3
2025-07-24 18:56:00,124.3,298.1
2025-07-24 18:57:00,124.3,284.5
2025-07-24 18:58:00,124.3,277.7
2025-07-24 18:59:00,138.1,291.3
2025-07-24 19:00:00,110.5,257.4
2025-07-24 19:01:00,110.5,250.6
2025-07-24 19:02:00,138.1,284.5
2025-07-24 19:03:00,110.5,250.6
2025-07-24 19:04:00,96.7,237.1
2025-07-24 19:05:00,110.5,271
2025-07-24 19:06:00,110.5,271
2025-07-24 19:07:00,110.5,271
2025-07-24 19:08:00,110.5,345.5
2025-07-24 19:09:00,151.9,345.5
2025-07-24 19:10:00,193.4,372.6
2025-07-24 19:11:00,221,372.6
2025-07-24 19:12:00,165.7,304.8
2025-07-24 19:13:00,138.1,277.7
2025-07-24 19:14:00,207.2,359
2025-07-24 19:15:00,207.2,352.2
2025-07-24 19:16:00,193.4,338.7
2025-07-24 19:17:00,193.4,331.9
2025-07-24 19:18:00,179.6,318.4
2025-07-24 19:19:00,179.5,311.6
2025-07-24 19:20:00,89.8,210
2025-07-24 19:21:00,96.7,216.8
2025-07-24 19:22:00,151.9,270.9
2025-07-24 19:23:00,165.7,277.7
2025-07-24 19:24:00,151.9,270.9
2025-07-24 19:25:00,151.9,243.9
2025-07-24 19:26:00,151.9,196.4
2025-07-24 19:27:00,138.1,169.3
2025-07-24 19:28:00,124.3,162.6
2025-07-24 19:29:00,124.3,169.3
2025-07-24 19:30:00,124.3,196.4
2025-07-24 19:31:00,124.3,216.7
2025-07-24 19:32:00,110.5,206.6
2025-07-24 19:33:00,82.9,196.4
2025-07-24 19:34:00,69.05,182.9
2025-07-24 19:35:00,69.05,176.1
2025-07-24 19:36:00,69.05,162.5
2025-07-24 19:37:00,82.9,149
2025-07-24 19:38:00,82.9,135.5
2025-07-24 19:39:00,82.9,121.9
2025-07-24 19:40:00,82.9,121.9
2025-07-24 19:41:00,82.9,128.7
2025-07-24 19:42:00,82.9,135.4
2025-07-24 19:43:00,82.9,135.4
2025-07-24 19:44:00,82.9,135.4
2025-07-24 19:45:00,82.9,135.4
2025-07-24 19:46:00,82.9,128.7
2025-07-24 19:47:00,82.9,128.7
2025-07-24 19:48:00,82.9,128.7
2025-07-24 19:49:00,82.9,121.9
2025-07-24 19:50:00,82.9,121.9
2025-07-24 19:51:00,82.9,115.1
2025-07-24 19:52:00,82.9,108.4
2025-07-24 19:53:00,69.04,108.4
2025-07-24 19:54:00,69.04,101.6
2025-07-24 19:55:00,69.04,94.8
2025-07-24 19:56:00,55.23,88
2025-07-24 19:57:00,55.23,88
2025-07-24 19:58:00,48.33,81.3
2025-07-24 19:59:00,41.42,81.3
2025-07-24 20:00:00,55.23,74.49
2025-07-24 20:01:00,55.23,74.49
2025-07-24 20:02:00,55.23,67.72
2025-07-24 20:03:00,55.23,67.72
2025-07-24 20:04:00,55.23,60.95
2025-07-24 20:05:00,41.42,60.95
2025-07-24 20:06:00,41.42,54.17
2025-07-24 20:07:00,41.42,47.4
2025-07-24 20:08:00,41.42,47.4
2025-07-24 20:09:00,41.42,40.63
2025-07-24 20:10:00,27.62,40.63
2025-07-24 20:11:00,27.62,40.63
2025-07-24 20:12:00,27.62,40.63
2025-07-24 20:13:00,20.71,40.63
2025-07-24 20:14:00,0,33.86
2025-07-24 20:15:00,0,33.86
2025-07-24 20:16:00,0,27.09
2025-07-24 20:17:00,0,27.09
2025-07-24 20:18:00,0,27.09
2025-07-24 20:19:00,0,20.31
2025-07-24 20:20:00,0,20.31
2025-07-24 20:21:00,0,20.31
2025-07-24 20:22:00,0,20.31
2025-07-24 20:23:00,0,20.31
2025-07-24 20:24:00,0,13.54
2025-07-24 20:25:00,0,13.54
2025-07-24 20:26:00,0,13.54
2025-07-24 20:27:00,0,13.54
2025-07-24 20:28:00,0,13.54
2025-07-24 20:29:00,0,10.16
2025-07-24 20:30:00,0,6.77
2025-07-24 20:31:00,0,6.77
2025-07-24 20:32:00,0,6.77
2025-07-24 20:33:00,0,6.77
2025-07-24 20:34:00,0,6.77
2025-07-24 20:35:00,0,6.77
2025-07-24 20:36:00,0,6.77
2025-07-24 20:37:00,0,6.77
2025-07-24 20:38:00,0,6.77
2025-07-24 20:39:00,0,6.77
2025-07-24 20:40:00,0,0
